t,n,A,B,C,D
0.00045,0,733.953552,734.224365,-0.270813,-0.03817272
0.00260,1,733.953552,734.224365,-0.270813,-0.03817272
0.00397,2,733.953552,734.2243,-0.270751953,-0.03817272
0.00402,3,733.953552,734.2243,-0.270751953,-0.0272662267
0.00521,4,733.953552,734.2243,-0.270751953,-0.0272662267
0.00707,5,733.953552,734.2243,-0.270751953,-0.0272662267
0.00715,6,733.953552,734.2243,-0.270751953,-0.0272662267
0.00828,7,733.953552,734.2243,-0.270751953,-0.0272662267
0.00830,8,733.953552,734.224243,-0.270690918,-0.0272662267
0.01012,9,733.953552,734.224243,-0.270690918,-0.0272662267
0.01196,10,733.953552,734.2242,-0.270629883,-0.0272662267
0.01200,11,733.953552,734.2242,-0.270629883,-0.0272662267
0.01319,12,733.953552,734.2242,-0.270629883,-0.03817272
0.01524,13,733.953552,734.2242,-0.270629883,-0.03817272
0.01528,14,733.953552,734.224,-0.270446777,-0.0599856973
0.01628,15,733.953552,734.224,-0.270446777,-0.07089219
0.01631,16,733.953552,734.2238,-0.270263672,-0.07089219
0.01813,17,733.953552,734.223755,-0.270202637,-0.09270517
0.02002,18,733.953552,734.223633,-0.270080566,-0.09270517
0.02003,19,733.953552,734.2235,-0.2699585,-0.103611663
0.02133,20,733.953552,734.2235,-0.2699585,-0.114518143
0.02310,21,733.953552,734.2233,-0.2697754,-0.130877882
0.02312,22,733.953552,734.2232,-0.26965332,-0.141784385
0.02429,23,733.953552,734.222961,-0.26940918,-0.152690873
0.02431,24,733.953552,734.2228,-0.269226074,-0.174503848
0.02615,25,733.953552,734.222534,-0.268981934,-0.185410336
0.02798,26,733.953552,734.222351,-0.268798828,-0.207223326
0.02802,27,733.953552,734.2221,-0.2685547,-0.229036286
0.02921,28,733.953552,734.2219,-0.268371582,-0.239942789
0.03107,29,733.953552,734.221558,-0.268005371,-0.239942789
0.03110,30,733.953552,734.221436,-0.2678833,-0.239942789
0.03232,31,733.953552,734.2211,-0.267578125,-0.239942789
0.03235,32,733.953552,734.220947,-0.26739502,-0.239942789
0.03414,33,733.953552,734.220642,-0.267089844,-0.256302536
0.03611,34,733.953552,734.2203,-0.266723633,-0.256302536
0.03615,35,733.953552,734.220154,-0.266601563,-0.256302536
0.03722,36,733.953552,734.219849,-0.2662964,-0.256302536
0.03910,37,733.953552,734.219666,-0.266113281,-0.239942789
0.03913,38,733.953552,734.21936,-0.2658081,-0.267209023
0.04030,39,733.953552,734.219055,-0.26550293,-0.289022
0.04033,40,733.953552,734.21875,-0.265197754,-0.310834974
0.04215,41,733.953552,734.218262,-0.264709473,-0.343554467
0.04399,42,733.953552,734.2179,-0.264343262,-0.354460955
0.04402,43,733.953552,734.2176,-0.2640381,-0.354460955
0.04520,44,733.953552,734.2173,-0.2637329,-0.354460955
0.04708,45,733.953552,734.2169,-0.2633667,-0.343554467
0.04711,46,733.953552,734.216736,-0.2631836,-0.3217415
0.04829,47,733.953552,734.2165,-0.262939453,-0.2781155
0.04830,48,733.953552,734.2165,-0.262939453,-0.229036286
0.05014,49,733.953552,734.2163,-0.262756348,-0.185410336
0.05196,50,733.953552,734.2162,-0.262634277,-0.16359736
0.05197,51,733.953552,734.216,-0.262451172,-0.130877882
0.05321,52,733.953552,734.215942,-0.262390137,-0.130877882
0.05506,53,733.953552,734.2158,-0.262268066,-0.103611663
0.05510,54,733.953552,734.2158,-0.262268066,-0.09270517
0.05633,55,733.953552,734.2157,-0.262146,-0.103611663
0.05636,56,733.953552,734.2155,-0.2619629,-0.103611663
0.05816,57,733.953552,734.215454,-0.261901855,-0.114518143
0.05995,58,733.953552,734.2154,-0.26184082,-0.130877882
0.05998,59,733.953552,734.2152,-0.2616577,-0.130877882
0.06121,60,733.953552,734.214966,-0.261413574,-0.152690873
0.06307,61,733.953552,734.2147,-0.261169434,-0.174503848
0.06310,62,733.953552,734.214539,-0.260986328,-0.196316838
0.06432,63,733.953552,734.214355,-0.260803223,-0.207223326
0.06434,64,733.953552,734.2141,-0.260559082,-0.229036286
0.06617,65,733.953552,734.213867,-0.260314941,-0.229036286
0.06795,66,733.953552,734.213562,-0.260009766,-0.239942789
0.06796,67,733.953552,734.21344,-0.2598877,-0.239942789
0.06922,68,733.953552,734.213257,-0.2597046,-0.229036286
0.07106,69,733.953552,734.212952,-0.2593994,-0.229036286
0.07110,70,733.953552,734.2128,-0.259277344,-0.218129814
0.07230,71,733.953552,734.2126,-0.2590332,-0.218129814
0.07231,72,733.953552,734.212341,-0.258789063,-0.229036286
0.07419,73,733.953552,734.212036,-0.2584839,-0.256302536
0.07594,74,733.953552,734.211731,-0.2581787,-0.267209023
0.07595,75,733.953552,734.211365,-0.2578125,-0.310834974
0.07722,76,733.953552,734.211,-0.2574463,-0.343554467
0.07922,77,733.953552,734.2106,-0.257019043,-0.365367442
0.07925,78,733.953552,734.2101,-0.256530762,-0.403540134
0.08032,79,733.953552,734.2098,-0.2562256,-0.403540134
0.08034,80,733.953552,734.209351,-0.25579834,-0.414446652
0.08218,81,733.953552,734.2088,-0.255249023,-0.436259627
0.08394,82,733.953552,734.2085,-0.254943848,-0.42535314
0.08395,83,733.953552,734.208,-0.254455566,-0.436259627
0.08520,84,733.953552,734.2077,-0.2541504,-0.42535314
0.08706,85,733.953552,734.2072,-0.2536621,-0.414446652
0.08709,86,733.953552,734.206848,-0.2532959,-0.42535314
0.08833,87,733.953552,734.2064,-0.252868652,-0.42535314
0.08837,88,733.953552,734.206,-0.2524414,-0.42535314
0.09015,89,733.953552,734.2056,-0.2520752,-0.403540134
0.09194,90,733.953552,734.205139,-0.2515869,-0.3217415
0.09196,91,733.953552,734.205,-0.251464844,-0.2781155
0.09319,92,733.953552,734.204834,-0.251281738,-0.207223326
0.09507,93,733.953552,734.204651,-0.251098633,-0.174503848
0.09509,94,733.953552,734.204651,-0.251098633,-0.141784385
0.09629,95,733.953552,734.204468,-0.250915527,-0.114518143
0.09632,96,733.953552,734.204468,-0.250915527,-0.103611663
0.09815,97,733.953552,734.204346,-0.250793457,-0.103611663
0.09995,98,733.953552,734.2043,-0.250732422,-0.103611663
0.09996,99,733.953552,734.204163,-0.250610352,-0.103611663
0.10121,100,733.953552,734.204041,-0.250488281,-0.114518143
0.10308,101,733.953552,734.203857,-0.250305176,-0.130877882
0.10312,102,733.953552,734.203735,-0.2501831,-0.141784385
0.10431,103,733.953552,734.203552,-0.25,-0.152690873
0.10435,104,733.953552,734.203369,-0.2498169,-0.16359736
0.10620,105,733.953552,734.2032,-0.249633789,-0.185410336
0.10795,106,733.953552,734.202942,-0.249389648,-0.196316838
0.10797,107,733.953552,734.202637,-0.249084473,-0.218129814
0.10921,108,733.953552,734.2024,-0.248840332,-0.239942789
0.11104,109,733.953552,734.2023,-0.248718262,-0.229036286
0.11107,110,733.953552,734.202,-0.248474121,-0.239942789
0.11230,111,733.953552,734.2018,-0.24822998,-0.218129814
0.11231,112,733.953552,734.2017,-0.248168945,-0.207223326
0.11416,113,733.953552,734.20166,-0.24810791,-0.185410336
0.11594,114,733.953552,734.201538,-0.24798584,-0.141784385
0.11595,115,733.953552,734.2015,-0.2479248,-0.103611663
0.11722,116,733.953552,734.2015,-0.2479248,-0.0599856973
0.11925,117,733.953552,734.2015,-0.2479248,-0.03817272
0.11936,118,733.953552,734.2015,-0.2479248,-0.0272662267
0.12031,119,733.953552,734.2015,-0.2479248,0
0.12036,120,733.953552,734.2015,-0.2479248,-0.0163597353
0.12219,121,733.953552,734.2015,-0.2479248,0
0.12396,122,733.953552,734.201538,-0.24798584,0.0109064905
0.12398,123,733.953552,734.2015,-0.2479248,0.0109064905
0.12522,124,733.953552,734.2015,-0.2479248,0.0109064905
0.12703,125,733.953552,734.2015,-0.2479248,0
0.12707,126,733.953552,734.2015,-0.2479248,-0.0163597353
0.12830,127,733.953552,734.2015,-0.2479248,-0.0272662267
0.12831,128,733.953552,734.2015,-0.2479248,-0.0272662267
0.13015,129,733.953552,734.2015,-0.2479248,-0.0272662267
0.13194,130,733.953552,734.2014,-0.24786377,-0.0272662267
0.13196,131,733.953552,734.201355,-0.247802734,-0.0272662267
0.13320,132,733.953552,734.201355,-0.247802734,-0.03817272
0.13504,133,733.953552,734.201233,-0.247680664,-0.04907921
0.13506,134,733.953552,734.2011,-0.2475586,-0.0599856973
0.13631,135,733.953552,734.2011,-0.2475586,-0.07089219
0.13634,136,733.953552,734.201,-0.247436523,-0.08179868
0.13816,137,733.953552,734.201,-0.247436523,-0.08179868
0.13996,138,733.953552,734.2008,-0.247253418,-0.09270517
0.13998,139,733.953552,734.2008,-0.247253418,-0.09270517
0.14122,140,733.953552,734.2007,-0.247131348,-0.09270517
0.14305,141,733.953552,734.200562,-0.247009277,-0.103611663
0.14307,142,733.953552,734.200439,-0.2468872,-0.103611663
0.14429,143,733.953552,734.2004,-0.246826172,-0.114518143
0.14430,144,733.953552,734.2002,-0.246643066,-0.141784385
0.14613,145,733.953552,734.199951,-0.246398926,-0.152690873
0.14799,146,733.953552,734.1997,-0.246154785,-0.174503848
0.14801,147,733.953552,734.1996,-0.246032715,-0.196316838
0.14925,148,733.953552,734.1993,-0.245727539,-0.218129814
0.15103,149,733.953552,734.1991,-0.245544434,-0.229036286
0.15104,150,733.953552,734.198853,-0.2453003,-0.239942789
0.15252,151,733.953552,734.1986,-0.245056152,-0.229036286
0.15257,152,733.953552,734.1984,-0.244873047,-0.239942789
0.15414,153,733.953552,734.1982,-0.2446289,-0.229036286
0.15595,154,733.953552,734.198,-0.2444458,-0.218129814
0.15599,155,733.953552,734.197754,-0.24420166,-0.218129814
0.15721,156,733.953552,734.197754,-0.24420166,-0.185410336
0.15908,157,733.953552,734.197632,-0.24407959,-0.152690873
0.15910,158,733.953552,734.197632,-0.24407959,-0.114518143
0.16029,159,733.953552,734.197449,-0.243896484,-0.09270517
0.16031,160,733.953552,734.197449,-0.243896484,-0.07089219
0.16212,161,733.953552,734.197449,-0.243896484,-0.03817272
0.16394,162,733.953552,734.197449,-0.243896484,-0.0272662267
0.16395,163,733.953552,734.197449,-0.243896484,-0.0163597353
0.16522,164,733.953552,734.197449,-0.243896484,0
0.16704,165,733.953552,734.197449,-0.243896484,0
0.16706,166,733.953552,734.197449,-0.243896484,0
0.16830,167,733.953552,734.197449,-0.243896484,0
0.16831,168,733.953552,734.197449,-0.243896484,-0.0163597353
0.17013,169,733.953552,734.197449,-0.243896484,-0.0163597353
0.17194,170,733.953552,734.197449,-0.243896484,-0.0163597353
0.17197,171,733.953552,734.197449,-0.243896484,-0.0163597353
0.17322,172,733.953552,734.197449,-0.243896484,-0.0163597353
0.17503,173,733.953552,734.197449,-0.243896484,-0.0163597353
0.17504,174,733.953552,734.197449,-0.243896484,-0.0272662267
0.17630,175,733.953552,734.1973,-0.243774414,-0.04907921
0.17632,176,733.953552,734.1973,-0.243774414,-0.0599856973
0.17812,177,733.953552,734.1972,-0.243652344,-0.07089219
0.17994,178,733.953552,734.197144,-0.243591309,-0.07089219
0.17996,179,733.953552,734.1971,-0.243530273,-0.07089219
0.18121,180,733.953552,734.197,-0.243469238,-0.08179868
0.18302,181,733.953552,734.196838,-0.243286133,-0.09270517
0.18303,182,733.953552,734.1968,-0.2432251,-0.103611663
0.18430,183,733.953552,734.1966,-0.243041992,-0.114518143
0.18431,184,733.953552,734.196533,-0.242980957,-0.130877882
0.18613,185,733.953552,734.19635,-0.242797852,-0.152690873
0.18796,186,733.953552,734.1961,-0.242553711,-0.16359736
0.18798,187,733.953552,734.1959,-0.2423706,-0.185410336
0.18923,188,733.953552,734.1956,-0.24206543,-0.207223326
0.19103,189,733.953552,734.1953,-0.241760254,-0.239942789
0.19105,190,733.953552,734.195068,-0.241516113,-0.267209023
0.19231,191,733.953552,734.194763,-0.241210938,-0.289022
0.19233,192,733.953552,734.1944,-0.240844727,-0.310834974
0.19413,193,733.953552,734.1938,-0.240234375,-0.3217415
0.19599,194,733.953552,734.1935,-0.2399292,-0.3217415
0.19602,195,733.953552,734.193237,-0.239685059,-0.310834974
0.19720,196,733.953552,734.193,-0.239440918,-0.2999285
0.19903,197,733.953552,734.1927,-0.239135742,-0.2781155
0.19905,198,733.953552,734.192566,-0.239013672,-0.267209023
0.20032,199,733.953552,734.192261,-0.2387085,-0.256302536
0.20034,200,733.953552,734.192,-0.238464355,-0.239942789
0.20247,201,733.953552,734.1917,-0.23815918,-0.239942789
0.20396,202,733.953552,734.1916,-0.238037109,-0.239942789
0.20398,203,733.953552,734.1913,-0.237731934,-0.256302536
0.20521,204,733.953552,734.19104,-0.2374878,-0.256302536
0.20703,205,733.953552,734.190735,-0.237182617,-0.267209023
0.20704,206,733.953552,734.1904,-0.236877441,-0.267209023
0.20833,207,733.953552,734.1902,-0.2366333,-0.2781155
0.20836,208,733.953552,734.189941,-0.23638916,-0.2781155
0.21013,209,733.953552,734.189758,-0.236206055,-0.267209023
0.21193,210,733.953552,734.189636,-0.236083984,-0.239942789
0.21195,211,733.953552,734.1895,-0.235961914,-0.207223326
0.21321,212,733.953552,734.189331,-0.235778809,-0.174503848
0.21503,213,733.953552,734.1892,-0.235656738,-0.141784385
0.21505,214,733.953552,734.1892,-0.235656738,-0.130877882
0.21632,215,733.953552,734.189,-0.235473633,-0.103611663
0.21634,216,733.953552,734.189,-0.235473633,-0.09270517
0.21811,217,733.953552,734.188843,-0.235290527,-0.09270517
0.21999,218,733.953552,734.188843,-0.235290527,-0.09270517
0.22001,219,733.953552,734.18866,-0.235107422,-0.09270517
0.22121,220,733.953552,734.1886,-0.235046387,-0.103611663
0.22305,221,733.953552,734.188538,-0.234985352,-0.103611663
0.22307,222,733.953552,734.188354,-0.234802246,-0.103611663
0.22433,223,733.953552,734.188232,-0.234680176,-0.141784385
0.22436,224,733.953552,734.1879,-0.234375,-0.174503848
0.22612,225,733.953552,734.1877,-0.234130859,-0.196316838
0.22794,226,733.953552,734.1874,-0.233825684,-0.239942789
0.22796,227,733.953552,734.1871,-0.233520508,-0.267209023
0.22922,228,733.953552,734.1868,-0.233276367,-0.2781155
0.23107,229,733.953552,734.1865,-0.232971191,-0.289022
0.23110,230,733.953552,734.1863,-0.232727051,-0.2999285
0.23230,231,733.953552,734.185852,-0.2322998,-0.310834974
0.23233,232,733.953552,734.1855,-0.2319336,-0.332647949
0.23412,233,733.953552,734.1852,-0.231628418,-0.343554467
0.23601,234,733.953552,734.184753,-0.231201172,-0.354460955
0.23603,235,733.953552,734.1843,-0.230773926,-0.392633677
0.23722,236,733.953552,734.1839,-0.23034668,-0.403540134
0.23903,237,733.953552,734.1834,-0.2298584,-0.436259627
0.23904,238,733.953552,734.1829,-0.229370117,-0.458072573
0.24028,239,733.953552,734.1825,-0.228942871,-0.46897912
0.24031,240,733.953552,734.1822,-0.2286377,-0.458072573
0.24212,241,733.953552,734.181641,-0.228088379,-0.447166115
0.24399,242,733.953552,734.1815,-0.227966309,-0.403540134
0.24401,243,733.953552,734.1813,-0.227722168,-0.343554467
0.24520,244,733.953552,734.181,-0.227478027,-0.289022
0.24703,245,733.953552,734.180847,-0.227294922,-0.229036286
0.24704,246,733.953552,734.1808,-0.227233887,-0.185410336
0.24830,247,733.953552,734.180664,-0.227111816,-0.16359736
0.24833,248,733.953552,734.180542,-0.226989746,-0.141784385
0.25013,249,733.953552,734.180359,-0.226806641,-0.130877882
0.25196,250,733.953552,734.180359,-0.226806641,-0.114518143
0.25199,251,733.953552,734.180237,-0.22668457,-0.114518143
0.25322,252,733.953552,734.180054,-0.226501465,-0.130877882
0.25507,253,733.953552,734.18,-0.22644043,-0.114518143
0.25509,254,733.953552,734.179932,-0.2263794,-0.130877882
0.25629,255,733.953552,734.179749,-0.226196289,-0.130877882
0.25631,256,733.953552,734.179565,-0.226013184,-0.141784385
0.25813,257,733.953552,734.179443,-0.225891113,-0.141784385
0.25996,258,733.953552,734.179443,-0.225891113,-0.130877882
0.26000,259,733.953552,734.17926,-0.225708008,-0.130877882
0.26120,260,733.953552,734.179138,-0.225585938,-0.103611663
0.26304,261,733.953552,734.179138,-0.225585938,-0.103611663
0.26306,262,733.953552,734.179,-0.225463867,-0.09270517
0.26429,263,733.953552,734.178955,-0.225402832,-0.07089219
0.26430,264,733.953552,734.178955,-0.225402832,-0.07089219
0.26613,265,733.953552,734.178955,-0.225402832,-0.03817272
0.26799,266,733.953552,734.178955,-0.225402832,-0.03817272
0.26801,267,733.953552,734.178955,-0.225402832,-0.0272662267
0.26925,268,733.953552,734.178955,-0.225402832,-0.0272662267
0.27105,269,733.953552,734.178955,-0.225402832,-0.0163597353
0.27107,270,733.953552,734.178955,-0.225402832,0
0.29716,271,733.953552,734.178955,-0.225402832,-0.0163597353
0.29719,272,733.953552,734.178955,-0.225402832,0
0.29721,273,733.953552,734.178955,-0.225402832,-0.0163597353
0.29723,274,733.953552,734.178955,-0.225402832,-0.0272662267
0.29725,275,733.953552,734.178833,-0.225280762,-0.0272662267
0.29727,276,733.953552,734.178833,-0.225280762,-0.0272662267
0.29729,277,733.953552,734.178833,-0.225280762,-0.0272662267
0.29730,278,733.953552,734.178833,-0.225280762,-0.0272662267
0.29732,279,733.953552,734.178833,-0.225280762,-0.04907921
0.29734,280,733.953552,734.1786,-0.225036621,-0.04907921
0.29736,281,733.953552,734.1786,-0.225036621,-0.0599856973
0.29738,282,733.953552,734.1785,-0.224975586,-0.07089219
0.29739,283,733.953552,734.178467,-0.224914551,-0.0599856973
0.29741,284,733.953552,734.178467,-0.224914551,-0.07089219
0.29744,285,733.953552,734.1784,-0.224853516,-0.0599856973
0.29746,286,733.953552,734.1783,-0.224731445,-0.0599856973
0.29748,287,733.953552,734.1783,-0.224731445,-0.0599856973
0.29749,288,733.953552,734.1783,-0.224731445,-0.0599856973
0.29750,289,733.953552,734.1782,-0.22467041,-0.04907921
0.29751,290,733.953552,734.178162,-0.224609375,-0.04907921
0.29753,291,733.953552,734.178162,-0.224609375,-0.04907921
0.29754,292,733.953552,734.178162,-0.224609375,-0.03817272
0.29756,293,733.953552,734.17804,-0.2244873,-0.04907921
0.29757,294,733.953552,734.178,-0.22442627,-0.03817272
0.29757,295,733.953552,734.178,-0.22442627,-0.03817272
0.29758,296,733.953552,734.178,-0.22442627,-0.03817272
0.29812,297,733.953552,734.1779,-0.224365234,-0.03817272
0.29998,298,733.953552,734.177856,-0.2243042,-0.03817272
0.30001,299,733.953552,734.177856,-0.2243042,-0.0599856973
0.30120,300,733.953552,734.1777,-0.2241211,-0.07089219
0.30309,301,763.953552,734.1776,5,-0.09270517
0.30311,302,763.953552,734.1775,5,-0.103611663
0.30430,303,763.953552,734.1777,5,-0.09270517
0.30432,304,763.953552,734.1786,5,0.109064907
0.30615,305,763.953552,734.180542,5,0.5235115
0.30797,306,763.953552,734.183167,5,1.13972831
0.30799,307,763.953552,734.186462,5,1.93590212
0.30921,308,763.953552,734.1899,5,2.601198
0.31103,309,763.953552,734.1938,5,3.10289645
0.31104,310,763.953552,734.1986,5,3.65912771
0.31232,311,763.953552,734.203552,5,4.11720037
0.31233,312,763.953552,734.209,5,4.56436634
0.31412,313,763.953552,734.2141,5,5.038799
0.31598,314,763.953552,734.2189,5,5.02789259
0.31601,315,763.953552,734.223938,5,5.07697153
0.31721,316,763.953552,734.2288,5,4.98426628
0.31921,317,763.953552,734.2346,5,5.016986
0.31926,318,763.953552,734.2392,5,5.14241028
0.32030,319,763.953552,734.243652,5,4.92973375
0.32033,320,763.953552,734.2481,5,4.90246725
0.32213,321,763.953552,734.2529,5,4.60799265
0.32397,322,763.953552,734.2587,5,4.76613665
0.32401,323,763.953552,734.263245,5,4.95154667
0.32520,324,763.953552,734.267761,5,4.869748
0.32708,325,763.953552,734.2721,5,4.891561
0.32712,326,763.953552,734.2771,5,4.58617926
0.32831,327,763.953552,734.2827,5,4.777043
0.32832,328,763.953552,734.2871,5,4.869748
0.33018,329,763.953552,734.292236,5,4.88065434
0.33198,330,763.953552,734.296448,5,4.92973375
0.33204,331,763.953552,734.3019,5,4.711604
0.33320,332,763.953552,734.3073,5,4.97335958
0.33505,333,763.953552,734.3121,5,5.006079
0.33508,334,763.953552,734.316833,5,5.066065
0.33632,335,763.953552,734.3216,5,5.006079
0.33638,336,763.953552,734.327332,5,4.913374
0.33815,337,763.953552,734.3325,5,5.09878445
0.33999,338,763.953552,734.337341,5,5.066065
0.34001,339,763.953552,734.3428,5,5.224209
0.34123,340,763.953552,734.348,5,5.087878
0.34304,341,763.953552,734.3535,5,5.180583
0.34305,342,763.953552,734.3582,5,5.180583
0.34444,343,763.953552,734.3633,5,5.087878
0.34445,344,763.953552,734.3681,5,5.09878445
0.34623,345,763.953552,734.373657,5,4.95154667
0.34797,346,763.953552,734.378662,5,5.14241028
0.34799,347,763.953552,734.3834,5,5.05515862
0.34923,348,763.953552,734.388367,5,5.087878
0.35106,349,763.953552,734.3929,5,4.95154667
0.35110,350,763.953552,734.398438,5,4.95154667
0.35249,351,763.953552,734.4031,5,5.02789259
0.35253,352,763.953552,734.4081,5,4.94064
0.35415,353,763.953552,734.412964,5,5.05515862
0.35595,354,763.953552,734.417969,5,4.858842
0.35599,355,763.953552,734.423035,5,4.97335958
0.35726,356,763.953552,734.427368,5,4.869748
0.35910,357,763.953552,734.432739,5,4.847935
0.35914,358,763.953552,734.4376,5,4.96245337
0.36029,359,763.953552,734.4426,5,4.82612228
0.36031,360,763.953552,734.447266,5,5.006079
0.36216,361,763.953552,734.4517,5,4.81521559
0.36397,362,763.953552,734.457458,5,4.858842
0.36399,363,763.953552,734.462769,5,4.98426628
0.36520,364,763.953552,734.467651,5,4.95154667
0.36711,365,763.953552,734.4716,5,4.995173
0.36714,366,763.953552,734.476746,5,4.72251034
0.36831,367,763.953552,734.4825,5,4.869748
0.36833,368,763.953552,734.4873,5,4.891561
0.37014,369,763.953552,734.4922,5,5.02789259
0.37200,370,763.953552,734.4962,5,5.02789259
0.37202,371,763.953552,734.5015,5,4.72251034
0.37326,372,763.953552,734.5067,5,4.847935
0.37503,373,763.953552,734.511536,5,4.81521559
0.37507,374,763.953552,734.516541,5,5.016986
0.37630,375,763.953552,734.520752,5,4.94064
0.37631,376,763.953552,734.526062,5,4.777043
0.37811,377,763.953552,734.530945,5,4.88065434
0.37999,378,763.953552,734.536133,5,4.777043
0.38001,379,763.953552,734.541,5,5.038799
0.38119,380,763.953552,734.5454,5,4.913374
0.38307,381,763.953552,734.5504,5,4.81521559
0.38309,382,763.953552,734.555054,5,4.798856
0.38429,383,763.953552,734.5606,5,4.74432325
0.38430,384,763.953552,734.5654,5,5.016986
0.38619,385,763.953552,734.5699,5,4.891561
0.38797,386,763.953552,734.5745,5,4.90246725
0.38799,387,763.953552,734.579346,5,4.74432325
0.38920,388,763.953552,734.5852,5,4.76613665
0.39109,389,763.953552,734.59,5,5.07697153
0.39112,390,763.953552,734.5947,5,4.995173
0.39228,391,763.953552,734.599243,5,5.038799
0.39230,392,763.953552,734.604248,5,4.78794956
0.39415,393,763.953552,734.6145,5,4.995173
0.39597,394,763.953552,734.6194,5,4.97335958
0.39600,395,763.953552,734.6239,5,4.995173
0.39721,396,763.953552,734.6292,5,4.75523
0.39908,397,763.953552,734.634644,5,4.95154667
0.39910,398,763.953552,734.6392,5,4.96245337
0.40029,399,763.953552,734.644043,5,5.016986
0.40030,400,763.953552,734.64856,5,4.94064
0.40252,401,763.953552,734.6541,5,4.78794956
0.40395,402,763.953552,734.659,5,4.98426628
0.40397,403,763.953552,734.6638,5,4.891561
0.40523,404,763.953552,734.668945,5,5.066065
0.40708,405,763.953552,734.6737,5,4.95154667
0.40711,406,763.953552,734.6793,5,4.96245337
0.40832,407,763.953552,734.6838,5,5.05515862
0.40834,408,763.953552,734.6886,5,4.90246725
0.41016,409,763.953552,734.6934,5,4.98426628
0.41199,410,763.953552,734.6985,5,4.76613665
0.41202,411,763.953552,734.7038,5,4.95154667
0.41319,412,763.953552,734.7084,5,4.97335958
0.41508,413,763.953552,734.7133,5,4.92973375
0.41510,414,763.953552,734.717957,5,4.95154667
0.41630,415,763.953552,734.7234,5,4.798856
0.41631,416,763.953552,734.7284,5,4.995173
0.41815,417,763.953552,734.733032,5,4.90246725
0.41995,418,763.953552,734.7381,5,4.98426628
0.42000,419,763.953552,734.7429,5,4.95154667
0.42123,420,763.953552,734.748169,5,4.869748
0.42308,421,763.953552,734.7526,5,4.98426628
0.42310,422,763.953552,734.7578,5,4.81521559
0.42429,423,763.953552,734.7628,5,4.97335958
0.42432,424,763.953552,734.767639,5,4.891561
0.42615,425,763.953552,734.7727,5,4.92973375
0.42799,426,763.953552,734.777161,5,4.95154667
0.42802,427,763.953552,734.7827,5,4.777043
0.42925,428,763.953552,734.788269,5,4.98426628
0.43105,429,763.953552,734.7929,5,4.95154667
0.43108,430,763.953552,734.797241,5,5.02789259
0.43229,431,763.953552,734.801636,5,4.858842
0.43231,432,763.953552,734.8075,5,4.75523
0.43415,433,763.953552,734.812561,5,4.92973375
0.43603,434,763.953552,734.817444,5,4.92973375
0.43608,435,763.953552,734.8218,5,5.12059736
0.43722,436,763.953552,734.8265,5,4.837029
0.43906,437,763.953552,734.8321,5,4.798856
0.43907,438,763.953552,734.837158,5,4.858842
0.44029,439,763.953552,734.8419,5,4.913374
0.44030,440,763.953552,734.846558,5,5.07697153
0.44215,441,763.953552,734.8517,5,4.81521559
0.44397,442,763.953552,734.8568,5,4.88065434
0.44399,443,763.953552,734.86145,5,4.847935
0.44521,444,763.953552,734.8671,5,4.98426628
0.44706,445,763.953552,734.87146,5,5.087878
0.44709,446,763.953552,734.8764,5,4.88065434
0.44830,447,763.953552,734.8811,5,4.90246725
0.44832,448,763.953552,734.886536,5,4.75523
0.45013,449,763.953552,734.8918,5,4.995173
0.45197,450,763.953552,734.8965,5,4.995173
0.45201,451,763.953552,734.901245,5,4.92973375
0.45321,452,763.953552,734.9052,5,4.88065434
0.45508,453,763.953552,734.91095,5,4.711604
0.45512,454,763.953552,734.91626,5,5.05515862
0.45629,455,763.953552,734.9207,5,5.02789259
0.45632,456,763.953552,734.925354,5,5.066065
0.45814,457,763.953552,734.93,5,4.88065434
0.45997,458,763.953552,734.9359,5,4.76613665
0.46000,459,763.953552,734.940552,5,4.995173
0.46121,460,763.953552,734.9452,5,4.913374
0.46309,461,763.953552,734.9498,5,5.016986
0.46312,462,763.953552,734.9547,5,4.777043
0.46429,463,763.953552,734.960449,5,4.82612228
0.46430,464,763.953552,734.964966,5,4.97335958
0.46615,465,763.953552,734.9698,5,4.94064
0.46798,466,763.953552,734.9743,5,4.98426628
0.46804,467,763.953552,734.9797,5,4.76613665
0.46926,468,763.953552,734.984863,5,4.913374
0.47108,469,763.953552,734.989441,5,4.913374
0.47110,470,763.953552,734.9946,5,4.995173
0.47230,471,763.953552,734.9993,5,5.038799
0.47231,472,763.953552,735.004944,5,4.913374
0.47415,473,763.953552,735.0097,5,5.109691
0.47598,474,763.953552,735.014465,5,4.96245337
0.47600,475,763.953552,735.019348,5,4.98426628
0.47721,476,763.953552,735.024231,5,4.869748
0.47907,477,763.953552,735.029846,5,4.891561
0.47911,478,763.953552,735.034363,5,5.038799
0.48029,479,763.953552,735.039368,5,4.96245337
0.48030,480,763.953552,735.044067,5,5.02789259
0.48212,481,763.953552,735.0493,5,4.837029
0.48399,482,763.953552,735.0546,5,4.98426628
0.48403,483,763.953552,735.059143,5,4.98426628
0.48520,484,763.953552,735.064331,5,4.96245337
0.48707,485,763.953552,735.069153,5,5.05515862
0.48710,486,763.953552,735.0744,5,4.869748
0.48837,487,763.953552,735.079041,5,5.038799
0.48839,488,763.953552,735.084167,5,4.88065434
0.49017,489,763.953552,735.0895,5,4.96245337
0.49198,490,763.953552,735.09436,5,4.995173
0.49202,491,763.953552,735.1035,5,5.02789259
0.49320,492,763.953552,735.1088,5,4.837029
0.49504,493,763.953552,735.1147,5,5.016986
0.49507,494,763.953552,735.1196,5,5.006079
0.49629,495,763.953552,735.1241,5,5.066065
0.49632,496,763.953552,735.1284,5,4.95154667
0.49815,497,763.953552,735.1343,5,4.78794956
0.49999,498,763.953552,735.139465,5,4.98426628
0.50001,499,763.953552,735.1445,5,4.97335958
0.50120,500,763.953552,735.148865,5,5.164223
0.50304,501,763.953552,735.153564,5,4.94064
0.50309,502,763.953552,735.1592,5,4.837029
0.50430,503,763.953552,735.164063,5,4.913374
0.50431,504,763.953552,735.16925,5,4.92973375
0.50616,505,763.953552,735.173645,5,5.12059736
0.50797,506,763.953552,735.1788,5,4.88065434
0.50799,507,763.953552,735.183838,5,4.92973375
0.50921,508,763.953552,735.188843,5,4.913374
0.51106,509,763.953552,735.1943,5,5.016986
0.51109,510,763.953552,735.198669,5,5.13150358
0.51228,511,763.953552,735.2037,5,4.913374
0.51230,512,763.953552,735.2083,5,4.94064
0.51413,513,763.953552,735.213867,5,4.798856
0.51601,514,763.953552,735.219055,5,5.02789259
0.51603,515,763.953552,735.22345,5,5.016986
0.51721,516,763.953552,735.2283,5,4.95154667
0.51926,517,763.953552,735.2329,5,4.90246725
0.51930,518,763.953552,735.2389,5,4.75523
0.52031,519,763.953552,735.243958,5,5.09878445
0.52033,520,763.953552,735.2486,5,5.05515862
0.52217,521,763.953552,735.2531,5,5.09878445
0.52399,522,763.953552,735.258057,5,4.913374
0.52401,523,763.953552,735.263855,5,4.837029
0.52525,524,763.953552,735.2685,5,5.05515862
0.52707,525,763.953552,735.2733,5,4.96245337
0.52709,526,763.953552,735.277832,5,5.05515862
0.52833,527,763.953552,735.2832,5,4.798856
0.52836,528,763.953552,735.288635,5,4.913374
0.53018,529,763.953552,735.2933,5,5.006079
0.53197,530,763.953552,735.2981,5,5.006079
0.53199,531,763.953552,735.3026,5,5.006079
0.53320,532,763.953552,735.3082,5,4.78794956
0.53508,533,763.953552,735.3131,5,4.97335958
0.53510,534,763.953552,735.3179,5,4.913374
0.53635,535,763.953552,735.323,5,5.038799
0.53637,536,763.953552,735.3279,5,5.016986
0.53816,537,763.953552,735.3334,5,4.95154667
0.53999,538,763.953552,735.338,5,5.109691
0.54002,539,763.953552,735.3429,5,4.95154667
0.54120,540,763.953552,735.347961,5,5.016986
0.54308,541,763.953552,735.3532,5,4.847935
0.54311,542,763.953552,735.3586,5,4.95154667
0.54429,543,763.953552,735.3631,5,5.02789259
0.54432,544,763.953552,735.3682,5,4.96245337
0.54617,545,763.953552,735.373169,5,5.016986
0.54795,546,763.953552,735.3788,5,4.837029
0.54797,547,763.953552,735.383545,5,5.02789259
0.54930,548,763.953552,735.388367,5,4.97335958
0.55105,549,763.953552,735.3928,5,5.006079
0.55107,550,763.953552,735.397644,5,5.016986
0.55245,551,763.953552,735.4031,5,4.913374
0.55248,552,763.953552,735.407349,5,5.02789259
0.55414,553,763.953552,735.412964,5,4.869748
0.55601,554,763.953552,735.4178,5,5.006079
0.55605,555,763.953552,735.4227,5,4.95154667
0.55720,556,763.953552,735.428,5,4.97335958
0.55908,557,763.953552,735.432251,5,4.995173
0.55911,558,763.953552,735.437866,5,4.81521559
0.56029,559,763.953552,735.4431,5,5.016986
0.56032,560,763.953552,735.448,5,4.97335958
0.56217,561,763.953552,735.4523,5,5.066065
0.56398,562,763.953552,735.457,5,4.869748
0.56400,563,763.953552,735.462952,5,4.798856
0.56520,564,763.953552,735.4678,5,4.97335958
0.56705,565,763.953552,735.4728,5,4.97335958
0.56708,566,763.953552,735.477,5,5.14241028
0.56829,567,763.953552,735.482056,5,4.858842
0.56830,568,763.953552,735.487549,5,4.847935
0.57016,569,763.953552,735.4924,5,4.891561
0.57199,570,763.953552,735.497437,5,4.995173
0.57202,571,763.953552,735.5018,5,5.09878445
0.57322,572,763.953552,735.507141,5,4.858842
0.57508,573,763.953552,735.5121,5,4.94064
0.57510,574,763.953552,735.5173,5,4.869748
0.57630,575,763.953552,735.522461,5,5.07697153
0.57632,576,763.953552,735.526855,5,5.087878
0.57814,577,763.953552,735.53186,5,4.913374
0.57994,578,763.953552,735.5366,5,4.92973375
0.57996,579,763.953552,735.542358,5,4.798856
0.58125,580,763.953552,735.547241,5,5.07697153
0.58308,581,763.953552,735.551758,5,4.995173
0.58312,582,763.953552,735.5565,5,4.97335958
0.58429,583,763.953552,735.5614,5,4.858842
0.58430,584,763.953552,735.567444,5,4.81521559
0.58615,585,763.953552,735.5721,5,5.13150358
0.58795,586,763.953552,735.576965,5,5.05515862
0.58797,587,763.953552,735.58136,5,5.12059736
0.58926,588,763.953552,735.586731,5,4.869748
0.59110,589,763.953552,735.592346,5,4.90246725
0.59113,590,763.953552,735.5968,5,5.038799
0.59230,591,763.953552,735.6017,5,4.995173
0.59232,592,763.953552,735.606262,5,5.038799
0.59415,593,763.953552,735.611938,5,4.798856
0.59595,594,763.953552,735.621765,5,5.006079
0.59596,595,763.953552,735.6266,5,5.05515862
0.59720,596,763.953552,735.6266,5,5.05515862
0.59907,597,763.953552,735.636963,5,4.837029
0.59911,598,763.953552,735.6416,5,5.016986
0.60029,599,763.953552,735.646667,5,4.94064
0.60031,600,763.953552,735.65155,5,5.087878
0.60253,601,763.953552,735.656738,5,4.97335958
0.60404,602,763.953552,735.6621,5,5.016986
0.60406,603,763.953552,735.6666,5,5.07697153
0.60531,604,763.953552,735.671631,5,4.96245337
0.60704,605,763.953552,735.676331,5,5.006079
0.60708,606,763.953552,735.6818,5,4.81521559
0.60830,607,763.953552,735.6869,5,5.016986
0.60832,608,763.953552,735.6916,5,5.006079
0.61014,609,763.953552,735.696533,5,4.995173
0.61196,610,763.953552,735.701233,5,4.98426628
0.61198,611,763.953552,735.7069,5,4.869748
0.61323,612,763.953552,735.711548,5,5.066065
0.61504,613,763.953552,735.7165,5,4.96245337
0.61506,614,763.953552,735.7215,5,5.066065
0.61630,615,763.953552,735.726563,5,4.97335958
0.61631,616,763.953552,735.732,5,4.96245337
0.61814,617,763.953552,735.736145,5,5.006079
0.61996,618,763.953552,735.7416,5,4.891561
0.61998,619,763.953552,735.7468,5,5.038799
0.62120,620,763.953552,735.751953,5,4.92973375
0.62304,621,763.953552,735.756531,5,5.038799
0.62307,622,763.953552,735.761353,5,4.92973375
0.62434,623,763.953552,735.7671,5,4.90246725
0.62437,624,763.953552,735.7721,5,5.066065
0.62617,625,763.953552,735.7769,5,5.016986
0.62794,626,763.953552,735.78125,5,5.087878
0.62796,627,763.953552,735.786438,5,4.82612228
0.62924,628,763.953552,735.792053,5,4.913374
0.63104,629,763.953552,735.796936,5,4.97335958
0.63108,630,763.953552,735.801636,5,5.07697153
0.63229,631,763.953552,735.805969,5,5.12059736
0.63231,632,763.953552,735.8116,5,4.81521559
0.63415,633,763.953552,735.8166,5,4.913374
0.63596,634,763.953552,735.8218,5,4.891561
0.63599,635,763.953552,735.8264,5,5.087878
0.63721,636,763.953552,735.831055,5,5.02789259
0.63904,637,763.953552,735.8365,5,4.869748
0.63906,638,763.953552,735.8413,5,4.96245337
0.64036,639,763.953552,735.846863,5,4.891561
0.64038,640,763.953552,735.8517,5,5.153317
0.64216,641,763.953552,735.856445,5,4.995173
0.64395,642,763.953552,735.8611,5,4.913374
0.64397,643,763.953552,735.8661,5,4.869748
0.64521,644,763.953552,735.8721,5,4.88065434
0.64706,645,763.953552,735.8764,5,5.12059736
0.64708,646,763.953552,735.8816,5,4.97335958
0.64829,647,763.953552,735.886169,5,4.995173
0.64830,648,763.953552,735.891541,5,4.76613665
0.65019,649,763.953552,735.897034,5,4.94064
0.65195,650,763.953552,735.9019,5,5.12059736
0.65197,651,763.953552,735.9066,5,5.066065
0.65321,652,763.953552,735.9106,5,5.066065
0.65504,653,763.953552,735.916565,5,4.798856
0.65505,654,763.953552,735.921448,5,5.006079
0.65629,655,763.953552,735.9261,5,4.98426628
0.65630,656,763.953552,735.9315,5,5.05515862
0.65812,657,763.953552,735.9356,5,4.95154667
0.65994,658,763.953552,735.9413,5,4.78794956
0.65995,659,763.953552,735.946,5,5.016986
0.66121,660,763.953552,735.950867,5,4.95154667
0.66302,661,763.953552,735.9553,5,5.038799
0.66304,662,763.953552,735.9605,5,4.847935
0.66430,663,763.953552,735.9659,5,4.858842
0.66432,664,763.953552,735.9706,5,4.96245337
0.66611,665,763.953552,735.975647,5,4.92973375
0.66793,666,763.953552,735.9808,5,5.07697153
0.66795,667,763.953552,735.98584,5,4.891561
0.66921,668,763.953552,735.9908,5,5.05515862
0.67109,669,763.953552,735.9955,5,5.006079
0.67111,670,763.953552,736.0004,5,4.95154667
0.67230,671,763.953552,736.0052,5,4.95154667
0.67232,672,763.953552,736.0108,5,4.82612228
0.67412,673,763.953552,736.0154,5,5.05515862
0.67596,674,763.953552,736.0204,5,4.97335958
0.67599,675,763.953552,736.025146,5,5.016986
0.67721,676,763.953552,736.031,5,4.913374
0.67902,677,763.953552,736.0357,5,4.913374
0.67903,678,763.953552,736.040161,5,5.038799
0.68029,679,763.953552,736.045349,5,4.95154667
0.68031,680,763.953552,736.050537,5,5.07697153
0.68211,681,763.953552,736.0559,5,4.913374
0.68394,682,763.953552,736.060547,5,5.016986
0.68395,683,763.953552,736.065247,5,4.94064
0.68522,684,763.953552,736.0707,5,4.94064
0.68704,685,763.953552,736.0757,5,5.038799
0.68708,686,763.953552,736.08075,5,4.913374
0.68830,687,763.953552,736.0851,5,5.07697153
0.68833,688,763.953552,736.0904,5,4.88065434
0.69013,689,763.953552,736.095947,5,4.97335958
0.69195,690,763.953552,736.1009,5,5.05515862
0.69198,691,763.953552,736.105469,5,5.038799
0.69321,692,763.953552,736.109741,5,5.038799
0.69504,693,763.953552,736.1156,5,4.78794956
0.69506,694,763.953552,736.12085,5,4.97335958
0.69630,695,763.953552,736.1303,5,5.14241028
0.69631,696,763.953552,736.1349,5,5.02789259
0.69812,697,763.953552,736.1405,5,4.798856
0.70000,698,763.953552,736.1455,5,4.94064
0.70002,699,763.953552,736.1507,5,4.90246725
0.70120,700,763.953552,736.155,5,5.13150358
0.70306,701,763.953552,736.1601,5,4.95154667
0.70309,702,763.953552,736.1653,5,4.913374
0.70439,703,763.953552,736.1702,5,4.94064
0.70442,704,763.953552,736.175659,5,4.95154667
0.70613,705,763.953552,736.1801,5,5.164223
0.70796,706,763.953552,736.1851,5,4.95154667
0.70797,707,763.953552,736.189758,5,4.94064
0.70923,708,763.953552,736.1953,5,4.82612228
0.71103,709,763.953552,736.200562,5,4.97335958
0.71104,710,763.953552,736.2049,5,5.07697153
0.71230,711,763.953552,736.2098,5,4.96245337
0.71231,712,763.953552,736.2144,5,4.96245337
0.71411,713,763.953552,736.2204,5,4.74432325
0.71596,714,763.953552,736.2254,5,5.038799
0.71598,715,763.953552,736.230164,5,5.087878
0.71721,716,763.953552,736.2346,5,5.09878445
0.71914,717,763.953552,736.239563,5,4.98426628
0.71917,718,763.953552,736.2455,5,4.81521559
0.72035,719,763.953552,736.2501,5,5.05515862
0.72037,720,763.953552,736.254944,5,4.97335958
0.72212,721,763.953552,736.2594,5,5.07697153
0.72393,722,763.953552,736.2648,5,4.88065434
0.72395,723,763.953552,736.270264,5,4.869748
0.72521,724,763.953552,736.274841,5,5.038799
0.72707,725,763.953552,736.279663,5,4.995173
0.72708,726,763.953552,736.2843,5,5.038799
0.72833,727,763.953552,736.2899,5,4.81521559
0.72836,728,763.953552,736.294861,5,4.95154667
0.73014,729,763.953552,736.2996,5,4.94064
0.73195,730,763.953552,736.304749,5,5.016986
0.73196,731,763.953552,736.3096,5,5.07697153
0.73320,732,763.953552,736.3151,5,4.92973375
0.73502,733,763.953552,736.319641,5,5.12059736
0.73504,734,763.953552,736.3245,5,4.98426628
0.73634,735,763.953552,736.3294,5,5.006079
0.73636,736,763.953552,736.3346,5,4.891561
0.73813,737,763.953552,736.339966,5,4.913374
0.73995,738,763.953552,736.344849,5,5.05515862
0.73997,739,763.953552,736.349854,5,4.96245337
0.74120,740,763.953552,736.3546,5,5.038799
0.74305,741,763.953552,736.3601,5,4.847935
0.74308,742,763.953552,736.365,5,4.995173
0.74431,743,763.953552,736.369751,5,4.995173
0.74434,744,763.953552,736.3752,5,4.98426628
0.74614,745,763.953552,736.380066,5,5.05515862
0.74797,746,763.953552,736.385437,5,4.90246725
0.74799,747,763.953552,736.3898,5,5.05515862
0.74920,748,763.953552,736.395,5,4.891561
0.75104,749,763.953552,736.4002,5,4.995173
0.75108,750,763.953552,736.4053,5,4.995173
0.75252,751,763.953552,736.410034,5,4.96245337
0.75259,752,763.953552,736.4145,5,5.038799
0.75413,753,763.953552,736.4199,5,4.837029
0.75597,754,763.953552,736.425049,5,5.038799
0.75598,755,763.953552,736.43,5,5.006079
0.75720,756,763.953552,736.434143,5,5.087878
0.75905,757,763.953552,736.439148,5,4.95154667
0.75907,758,763.953552,736.445,5,4.81521559
0.76031,759,763.953552,736.449951,5,5.006079
0.76034,760,763.953552,736.454956,5,4.995173
0.76215,761,763.953552,736.459045,5,5.180583
0.76399,762,763.953552,736.4645,5,4.92973375
0.76401,763,763.953552,736.4698,5,4.869748
0.76525,764,763.953552,736.474731,5,4.92973375
0.76703,765,763.953552,736.4797,5,5.006079
0.76704,766,763.953552,736.4842,5,5.13150358
0.76830,767,763.953552,736.4896,5,4.891561
0.76831,768,763.953552,736.494446,5,4.96245337
0.77013,769,763.953552,736.4998,5,4.891561
0.77198,770,763.953552,736.504761,5,5.07697153
0.77201,771,763.953552,736.5093,5,5.109691
0.77324,772,763.953552,736.5143,5,4.913374
0.77506,773,763.953552,736.519165,5,4.92973375
0.77510,774,763.953552,736.5249,5,4.81521559
0.77629,775,763.953552,736.529541,5,5.066065
0.77631,776,763.953552,736.5342,5,5.006079
0.77814,777,763.953552,736.5388,5,4.98426628
0.78001,778,763.953552,736.543945,5,4.858842
0.78005,779,763.953552,736.549866,5,4.798856
0.78120,780,763.953552,736.554443,5,5.13150358
0.78304,781,763.953552,736.559265,5,5.038799
0.78305,782,763.953552,736.5637,5,5.109691
0.78428,783,763.953552,736.5693,5,4.869748
0.78430,784,763.953552,736.574646,5,4.88065434
0.78613,785,763.953552,736.5795,5,5.038799
0.78799,786,763.953552,736.584,5,4.98426628
0.78802,787,763.953552,736.588562,5,5.02789259
0.78920,788,763.953552,736.5943,5,4.78794956
0.79107,789,763.953552,736.599243,5,4.95154667
0.79109,790,763.953552,736.604,5,4.98426628
0.79232,791,763.953552,736.608643,5,5.02789259
0.79234,792,763.953552,736.6135,5,4.96245337
0.79411,793,763.953552,736.6237,5,4.995173
0.79596,794,763.953552,736.6288,5,4.913374
0.79599,795,763.953552,736.633667,5,5.066065
0.79720,796,763.953552,736.639,5,4.97335958
0.79905,797,763.953552,736.644043,5,4.97335958
0.79907,798,763.953552,736.6486,5,5.07697153
0.80030,799,763.953552,736.6537,5,4.94064
0.80032,800,763.953552,736.6583,5,5.006079
0.80228,801,763.953552,736.6639,5,4.798856
0.80396,802,763.953552,736.6687,5,4.97335958
0.80397,803,763.953552,736.6735,5,4.995173
0.80520,804,763.953552,736.6787,5,4.96245337
0.80708,805,763.953552,736.683533,5,4.995173
0.80712,806,763.953552,736.689148,5,4.82612228
0.80830,807,763.953552,736.6936,5,5.02789259
0.80831,808,763.953552,736.6984,5,4.95154667
0.81013,809,763.953552,736.7037,5,5.02789259
0.81198,810,763.953552,736.7088,5,4.98426628
0.81202,811,763.953552,736.7138,5,4.94064
0.81320,812,763.953552,736.7182,5,5.006079
0.81508,813,763.953552,736.723633,5,4.858842
0.81511,814,763.953552,736.7286,5,5.016986
0.81630,815,763.953552,736.7337,5,4.92973375
0.81632,816,763.953552,736.7382,5,4.995173
0.81811,817,763.953552,736.7431,5,4.97335958
0.81998,818,763.953552,736.74884,5,4.858842
0.82000,819,763.953552,736.7538,5,5.038799
0.82121,820,763.953552,736.758667,5,4.995173
0.82307,821,763.953552,736.762634,5,5.07697153
0.82310,822,763.953552,736.768066,5,4.858842
0.82431,823,763.953552,736.7736,5,4.847935
0.82432,824,763.953552,736.7786,5,4.97335958
0.82615,825,763.953552,736.7833,5,5.006079
0.82800,826,763.953552,736.7876,5,5.14241028
0.82804,827,763.953552,736.793152,5,4.82612228
0.82921,828,763.953552,736.7981,5,4.88065434
0.83107,829,763.953552,736.8033,5,4.88065434
0.83109,830,763.953552,736.808044,5,5.016986
0.83230,831,763.953552,736.812561,5,5.07697153
0.83231,832,763.953552,736.817932,5,4.837029
0.83413,833,763.953552,736.822754,5,4.95154667
0.83606,834,763.953552,736.8283,5,4.858842
0.83611,835,763.953552,736.832947,5,5.087878
0.83722,836,763.953552,736.8376,5,5.038799
0.83908,837,763.953552,736.842468,5,4.891561
0.83910,838,763.953552,736.8475,5,4.88065434
0.84032,839,763.953552,736.853149,5,4.81521559
0.84035,840,763.953552,736.857544,5,5.07697153
0.84215,841,763.953552,736.8626,5,4.96245337
0.84399,842,763.953552,736.8669,5,4.96245337
0.84401,843,763.953552,736.8727,5,4.798856
0.84520,844,763.953552,736.8783,5,4.81521559
0.84706,845,763.953552,736.882751,5,5.12059736
0.84708,846,763.953552,736.8878,5,5.07697153
0.84830,847,763.953552,736.892334,5,4.81521559
0.84833,848,763.953552,736.8982,5,4.90246725
0.85013,849,763.953552,736.9031,5,5.006079
0.85195,850,763.953552,736.9078,5,4.98426628
0.85197,851,763.953552,736.911865,5,4.98426628
0.85326,852,763.953552,736.9166,5,5.006079
0.85508,853,763.953552,736.922363,5,4.76613665
0.85511,854,763.953552,736.9271,5,4.97335958
0.85629,855,763.953552,736.9319,5,4.96245337
0.85631,856,763.953552,736.936462,5,5.02789259
0.85812,857,763.953552,736.9414,5,4.913374
0.85997,858,763.953552,736.9469,5,4.777043
0.86000,859,763.953552,736.9515,5,4.96245337
0.86120,860,763.953552,736.956543,5,4.869748
0.86309,861,763.953552,736.9613,5,5.02789259
0.86311,862,763.953552,736.9666,5,4.913374
0.86430,863,763.953552,736.9716,5,4.94064
0.86431,864,763.953552,736.9765,5,5.02789259
0.86615,865,763.953552,736.9815,5,4.90246725
0.86798,866,763.953552,736.9858,5,4.96245337
0.86802,867,763.953552,736.99176,5,4.777043
0.86922,868,763.953552,736.99646,5,4.96245337
0.87104,869,763.953552,737.0012,5,4.98426628
0.87107,870,763.953552,737.0061,5,4.94064
0.87231,871,763.953552,737.010559,5,4.96245337
0.87232,872,763.953552,737.016541,5,4.81521559
0.87416,873,763.953552,737.021057,5,5.016986
0.87598,874,763.953552,737.026062,5,4.92973375
0.87602,875,763.953552,737.031,5,5.016986
0.87721,876,763.953552,737.036133,5,4.98426628
0.87908,877,763.953552,737.0411,5,4.913374
0.87912,878,763.953552,737.045532,5,5.006079
0.88029,879,763.953552,737.051,5,4.858842
0.88031,880,763.953552,737.0559,5,5.006079
0.88214,881,763.953552,737.0611,5,4.92973375
0.88396,882,763.953552,737.065552,5,4.995173
0.88399,883,763.953552,737.070435,5,4.97335958
0.88520,884,763.953552,737.0767,5,5.038799
0.88706,885,763.953552,737.081055,5,5.038799
0.88710,886,763.953552,737.085938,5,4.98426628
0.88830,887,763.953552,737.09,5,5.07697153
0.88831,888,763.953552,737.0954,5,4.858842
0.89014,889,763.953552,737.101,5,4.837029
0.89195,890,763.953552,737.105835,5,4.97335958
0.89197,891,763.953552,737.1106,5,4.995173
0.89325,892,763.953552,737.1148,5,5.13150358
0.89506,893,763.953552,737.1204,5,4.81521559
0.89508,894,763.953552,737.1254,5,4.847935
0.89629,895,763.953552,737.1306,5,4.869748
0.89630,896,763.953552,737.1352,5,4.995173
0.89814,897,763.953552,737.139832,5,5.07697153
0.89997,898,763.953552,737.1501,5,4.94064
0.90000,899,763.953552,737.1555,5,4.858842
0.90121,900,763.953552,737.160156,5,5.07697153
0.90311,901,763.953552,737.1648,5,5.05515862
0.90315,902,763.953552,737.1697,5,4.90246725
0.90430,903,763.953552,737.174744,5,4.90246725
0.90432,904,763.953552,737.1804,5,4.81521559
0.90617,905,763.953552,737.1848,5,5.07697153
0.90797,906,763.953552,737.1896,5,4.97335958
0.90800,907,763.953552,737.194153,5,4.97335958
0.90920,908,763.953552,737.1996,5,4.837029
0.91109,909,763.953552,737.2053,5,4.81521559
0.91112,910,763.953552,737.209839,5,5.13150358
0.91229,911,763.953552,737.2146,5,5.038799
0.91230,912,763.953552,737.219055,5,5.087878
0.91415,913,763.953552,737.225647,5,4.90246725
0.91597,914,763.953552,737.23,5,4.90246725
0.91599,915,763.953552,737.234558,5,5.02789259
0.91721,916,763.953552,737.2392,5,5.006079
0.91911,917,763.953552,737.2441,5,5.016986
0.91914,918,763.953552,737.2499,5,4.777043
0.92032,919,763.953552,737.2545,5,4.98426628
0.92034,920,763.953552,737.2595,5,4.98426628
0.92217,921,763.953552,737.264,5,5.038799
0.92396,922,763.953552,737.2693,5,4.95154667
0.92398,923,763.953552,737.2746,5,4.82612228
0.92522,924,763.953552,737.2791,5,4.995173
0.92707,925,763.953552,737.2843,5,4.92973375
0.92709,926,763.953552,737.2891,5,5.087878
0.92830,927,763.953552,737.2946,5,4.96245337
0.92832,928,763.953552,737.2995,5,5.006079
0.93017,929,763.953552,737.30426,5,5.066065
0.93199,930,763.953552,737.3095,5,5.006079
0.93201,931,763.953552,737.3143,5,4.81521559
0.93322,932,763.953552,737.3199,5,5.016986
0.93506,933,763.953552,737.324463,5,4.995173
0.93507,934,763.953552,737.329468,5,4.98426628
0.93637,935,763.953552,737.3342,5,4.97335958
0.93642,936,763.953552,737.3394,5,4.869748
0.93816,937,763.953552,737.3448,5,5.05515862
0.94002,938,763.953552,737.349243,5,4.96245337
0.94006,939,763.953552,737.3545,5,5.066065
0.94121,940,763.953552,737.3593,5,4.97335958
0.94309,941,763.953552,737.364746,5,4.97335958
0.94312,942,763.953552,737.369568,5,5.006079
0.94429,943,763.953552,737.374451,5,4.891561
0.94431,944,763.953552,737.379761,5,5.038799
0.94615,945,763.953552,737.384766,5,4.92973375
0.94798,946,763.953552,737.389832,5,5.05515862
0.94801,947,763.953552,737.394531,5,4.95154667
0.94920,948,763.953552,737.3999,5,4.913374
0.95104,949,763.953552,737.405334,5,5.066065
0.95106,950,763.953552,737.410339,5,5.006079
0.95250,951,763.953552,737.414734,5,5.07697153
0.95252,952,763.953552,737.41925,5,4.837029
0.95414,953,763.953552,737.4252,5,4.913374
0.95599,954,763.953552,737.430237,5,4.98426628
0.95603,955,763.953552,737.435242,5,5.07697153
0.95720,956,763.953552,737.4395,5,5.109691
0.95906,957,763.953552,737.4444,5,4.81521559
0.95910,958,763.953552,737.4497,5,4.92973375
0.96030,959,763.953552,737.4546,5,4.913374
0.96031,960,763.953552,737.4598,5,5.09878445
0.96214,961,763.953552,737.4641,5,5.016986
0.96399,962,763.953552,737.4691,5,4.858842
0.96401,963,763.953552,737.4743,5,4.92973375
0.96530,964,763.953552,737.4792,5,4.847935
0.96707,965,763.953552,737.484558,5,5.09878445
0.96710,966,763.953552,737.488831,5,4.92973375
0.96830,967,763.953552,737.4937,5,4.847935
0.96832,968,763.953552,737.4984,5,4.798856
0.97018,969,763.953552,737.5038,5,4.777043
0.97199,970,763.953552,737.509033,5,5.038799
0.97202,971,763.953552,737.513367,5,4.891561
0.97320,972,763.953552,737.5181,5,4.94064
0.97506,973,763.953552,737.5227,5,4.733417
0.97508,974,763.953552,737.5285,5,4.837029
0.97629,975,763.953552,737.5338,5,5.109691
0.97631,976,763.953552,737.5384,5,5.02789259
0.97816,977,763.953552,737.543,5,5.07697153
0.97998,978,763.953552,737.5478,5,4.81521559
0.98000,979,763.953552,737.5537,5,4.96245337
0.98122,980,763.953552,737.5584,5,5.006079
0.98310,981,763.953552,737.563232,5,5.02789259
0.98314,982,763.953552,737.5678,5,4.995173
0.98429,983,763.953552,737.572937,5,4.798856
0.98430,984,763.953552,737.578552,5,5.02789259
0.98617,985,763.953552,737.5832,5,4.995173
0.98801,986,763.953552,737.588135,5,5.087878
0.98804,987,763.953552,737.5927,5,4.92973375
0.98921,988,763.953552,737.5982,5,4.88065434
0.99107,989,763.953552,737.603333,5,5.016986
0.99111,990,763.953552,737.608032,5,4.96245337
0.99229,991,763.953552,737.6132,5,5.12059736
0.99231,992,763.953552,737.618042,5,4.95154667
0.99417,993,763.953552,737.623657,5,5.07697153
0.99597,994,763.953552,737.628235,5,5.05515862
0.99599,995,763.953552,737.6332,5,4.98426628
0.99721,996,763.953552,737.6431,5,4.858842
0.99909,997,763.953552,737.6487,5,5.087878
0.99914,998,763.953552,737.653137,5,4.995173
1.00032,999,763.953552,737.658264,5,5.038799
1.00034,1000,763.953552,737.6629,5,4.94064
1.00251,1001,763.953552,737.668457,5,4.94064
1.00396,1002,763.953552,737.668457,5,4.94064
1.00399,1003,763.953552,737.6782,5,4.97335958
1.00526,1004,763.953552,737.68335,5,5.109691
1.00706,1005,763.953552,737.688232,5,4.94064
1.00709,1006,763.953552,737.693665,5,5.038799
1.00830,1007,763.953552,737.698059,5,4.96245337
1.00831,1008,763.953552,737.703247,5,4.95154667
1.01014,1009,763.953552,737.7085,5,5.066065
1.01196,1010,763.953552,737.7135,5,4.94064
1.01198,1011,763.953552,737.7184,5,5.09878445
1.01321,1012,763.953552,737.7228,5,4.90246725
1.01507,1013,763.953552,737.7286,5,4.995173
1.01509,1014,763.953552,737.733765,5,5.066065
1.01630,1015,763.953552,737.738831,5,5.066065
1.01632,1016,763.953552,737.7429,5,5.02789259
1.01817,1017,763.953552,737.7479,5,4.81521559
1.01997,1018,763.953552,737.7538,5,4.995173
1.01999,1019,763.953552,737.758667,5,4.97335958
1.02121,1020,763.953552,737.763733,5,5.164223
1.02306,1021,763.953552,737.7678,5,5.02789259
1.02308,1022,763.953552,737.773132,5,4.837029
1.02430,1023,763.953552,737.778442,5,4.95154667
1.02432,1024,763.953552,737.7835,5,4.92973375
1.02619,1025,763.953552,737.7885,5,5.153317
1.02798,1026,763.953552,737.792969,5,4.94064
1.02801,1027,763.953552,737.7983,5,4.94064
1.02927,1028,763.953552,737.803162,5,4.94064
1.03107,1029,763.953552,737.808655,5,4.98426628
1.03110,1030,763.953552,737.813538,5,5.153317
1.03229,1031,763.953552,737.818054,5,4.94064
1.03231,1032,763.953552,737.823364,5,4.95154667
1.03417,1033,763.953552,737.827942,5,4.81521559
1.03602,1034,763.953552,737.8337,5,5.016986
1.03606,1035,763.953552,737.8383,5,5.066065
1.03724,1036,763.953552,737.842957,5,4.96245337
1.03909,1037,763.953552,737.8476,5,4.95154667
1.03913,1038,763.953552,737.852844,5,4.75523
1.04030,1039,763.953552,737.8591,5,5.087878
1.04032,1040,763.953552,737.8635,5,5.07697153
1.04218,1041,763.953552,737.8684,5,5.109691
1.04399,1042,763.953552,737.8728,5,4.95154667
1.04402,1043,763.953552,737.8786,5,4.847935
1.04521,1044,763.953552,737.88385,5,5.07697153
1.04707,1045,763.953552,737.8888,5,4.98426628
1.04710,1046,763.953552,737.893433,5,5.087878
1.04829,1047,763.953552,737.898254,5,4.847935
1.04830,1048,763.953552,737.9038,5,4.92973375
1.05015,1049,763.953552,737.9086,5,5.038799
1.05196,1050,763.953552,737.9131,5,5.02789259
1.05199,1051,763.953552,737.9177,5,5.038799
1.05324,1052,763.953552,737.9227,5,4.82612228
1.05508,1053,763.953552,737.928467,5,4.995173
1.05511,1054,763.953552,737.9332,5,4.94064
1.05632,1055,763.953552,737.9381,5,5.066065
1.05634,1056,763.953552,737.9429,5,5.038799
1.05814,1057,763.953552,737.948242,5,4.96245337
1.06001,1058,763.953552,737.953369,5,5.109691
1.06005,1059,763.953552,737.9583,5,4.96245337
1.06120,1060,763.953552,737.963257,5,5.006079
1.06307,1061,763.953552,737.9679,5,4.837029
1.06310,1062,763.953552,737.9736,5,4.95154667
1.06429,1063,763.953552,737.9783,5,5.016986
1.06431,1064,763.953552,737.983154,5,4.96245337
1.06616,1065,763.953552,737.988037,5,5.02789259
1.06798,1066,763.953552,737.993,5,4.837029
1.06800,1067,763.953552,737.9985,5,5.016986
1.06924,1068,763.953552,738.003052,5,4.97335958
1.07105,1069,763.953552,738.00824,5,5.016986
1.07107,1070,763.953552,738.013,5,5.02789259
1.07229,1071,763.953552,738.0184,5,4.94064
1.07231,1072,763.953552,738.023254,5,5.05515862
1.07413,1073,763.953552,738.027832,5,4.88065434
1.07596,1074,763.953552,738.033264,5,5.038799
1.07598,1075,763.953552,738.038269,5,4.98426628
1.07723,1076,763.953552,738.043457,5,5.006079
1.07907,1077,763.953552,738.0477,5,5.038799
1.07910,1078,763.953552,738.05304,5,4.891561
1.08030,1079,763.953552,738.0586,5,5.087878
1.08032,1080,763.953552,738.0636,5,5.038799
1.08216,1081,763.953552,738.068237,5,5.109691
1.08395,1082,763.953552,738.0725,5,4.90246725
1.08397,1083,763.953552,738.078369,5,4.891561
1.08522,1084,763.953552,738.0837,5,5.016986
1.08705,1085,763.953552,738.0887,5,5.05515862
1.08707,1086,763.953552,738.09314,5,5.180583
1.08831,1087,763.953552,738.0978,5,4.869748
1.08832,1088,763.953552,738.103455,5,4.92973375
1.09022,1089,763.953552,738.108337,5,4.92973375
1.09203,1090,763.953552,738.1136,5,5.07697153
1.09205,1091,763.953552,738.118042,5,5.109691
1.09321,1092,763.953552,738.123169,5,4.891561
1.09506,1093,763.953552,738.1284,5,4.995173
1.09508,1094,763.953552,738.1333,5,4.90246725
1.09629,1095,763.953552,738.14325,5,5.05515862
1.09631,1096,763.953552,738.1482,5,4.94064
1.09816,1097,763.953552,738.152954,5,4.913374
1.09994,1098,763.953552,738.158569,5,4.891561
1.09996,1099,763.953552,738.1638,5,5.13150358
1.10120,1100,763.953552,738.1682,5,5.006079
1.10306,1101,763.953552,738.1732,5,5.038799
1.10309,1102,763.953552,738.177856,5,4.82612228
1.10431,1103,763.953552,738.1839,5,4.95154667
1.10434,1104,763.953552,738.188843,5,5.164223
1.10620,1105,763.953552,738.193665,5,5.09878445
1.10798,1106,763.953552,738.1981,5,5.109691
1.10802,1107,763.953552,738.2032,5,4.837029
1.10923,1108,763.953552,738.2091,5,5.02789259
1.11109,1109,763.953552,738.2137,5,5.02789259
1.11112,1110,763.953552,738.218567,5,5.087878
1.11229,1111,763.953552,738.223,5,4.995173
1.11230,1112,763.953552,738.228638,5,4.847935
1.11415,1113,763.953552,738.2341,5,5.066065
1.11594,1114,763.953552,738.2387,5,5.006079
1.11596,1115,763.953552,738.243469,5,5.109691
1.11719,1116,763.953552,738.2481,5,4.90246725
1.11920,1117,763.953552,738.25415,5,4.92973375
1.11926,1118,763.953552,738.2589,5,4.995173
1.12031,1119,763.953552,738.2639,5,4.98426628
1.12033,1120,763.953552,738.26886,5,5.12059736
1.12219,1121,763.953552,738.2744,5,4.94064
1.12395,1122,763.953552,738.2791,5,5.109691
1.12396,1123,763.953552,738.283936,5,5.016986
1.12521,1124,763.953552,738.289,5,4.98426628
1.12709,1125,763.953552,738.29364,5,4.95154667
1.12713,1126,763.953552,738.2992,5,4.869748
1.12830,1127,763.953552,738.30426,5,5.087878
1.12832,1128,763.953552,738.30896,5,4.995173
1.13017,1129,763.953552,738.3139,5,5.066065
1.13194,1130,763.953552,738.3187,5,4.90246725
1.13195,1131,763.953552,738.324341,5,4.97335958
1.13320,1132,763.953552,738.329041,5,5.038799
1.13505,1133,763.953552,738.334,5,4.97335958
1.13508,1134,763.953552,738.33905,5,5.09878445
1.13631,1135,763.953552,738.344055,5,4.913374
1.13635,1136,763.953552,738.3493,5,5.05515862
1.13817,1137,763.953552,738.35376,5,4.92973375
1.13995,1138,763.953552,738.359131,5,4.97335958
1.13996,1139,763.953552,738.3641,5,5.038799
1.14122,1140,763.953552,738.3692,5,4.95154667
1.14304,1141,763.953552,738.37384,5,5.07697153
1.14307,1142,763.953552,738.37854,5,4.858842
1.14431,1143,763.953552,738.3844,5,5.02789259
1.14433,1144,763.953552,738.389343,5,5.038799
1.14616,1145,763.953552,738.3946,5,5.087878
1.14795,1146,763.953552,738.3987,5,5.006079
1.14796,1147,763.953552,738.4042,5,4.82612228
1.14921,1148,763.953552,738.4098,5,5.016986
1.15106,1149,763.953552,738.415039,5,4.98426628
1.15108,1150,763.953552,738.4197,5,5.191489
1.15257,1151,763.953552,738.4238,5,4.97335958
1.15260,1152,763.953552,738.429443,5,4.858842
1.15417,1153,763.953552,738.4341,5,4.95154667
1.15595,1154,763.953552,738.4394,5,4.97335958
1.15597,1155,763.953552,738.444,5,5.153317
1.15720,1156,763.953552,738.4486,5,4.913374
1.15903,1157,763.953552,738.454041,5,4.94064
1.15905,1158,763.953552,738.4589,5,4.913374
1.16031,1159,763.953552,738.4644,5,5.02789259
1.16035,1160,763.953552,738.469055,5,5.13150358
1.16215,1161,763.953552,738.4739,5,4.94064
1.16395,1162,763.953552,738.478638,5,4.95154667
1.16397,1163,763.953552,738.483765,5,4.82612228
1.16522,1164,763.953552,738.4895,5,5.066065
1.16704,1165,763.953552,738.493835,5,5.038799
1.16706,1166,763.953552,738.4988,5,4.98426628
1.16829,1167,763.953552,738.503235,5,4.913374
1.16833,1168,763.953552,738.5089,5,4.78794956
1.17015,1169,763.953552,738.5145,5,5.12059736
1.17196,1170,763.953552,738.519043,5,5.066065
1.17199,1171,763.953552,738.523865,5,5.13150358
1.17322,1172,763.953552,738.528442,5,4.913374
1.17506,1173,763.953552,738.5343,5,4.90246725
1.17508,1174,763.953552,738.5393,5,5.07697153
1.17629,1175,763.953552,738.544,5,4.995173
1.17631,1176,763.953552,738.5486,5,5.07697153
1.17813,1177,763.953552,738.5536,5,4.82612228
1.17994,1178,763.953552,738.5593,5,4.97335958
1.17995,1179,763.953552,738.563965,5,5.02789259
1.18123,1180,763.953552,738.5689,5,5.05515862
1.18305,1181,763.953552,738.5735,5,5.006079
1.18306,1182,763.953552,738.5792,5,4.837029
1.18429,1183,763.953552,738.5844,5,5.016986
1.18430,1184,763.953552,738.58905,5,4.95154667
1.18615,1185,763.953552,738.5943,5,5.109691
1.18795,1186,763.953552,738.5988,5,5.016986
1.18798,1187,763.953552,738.6047,5,5.016986
1.18924,1188,763.953552,738.6093,5,5.109691
1.19105,1189,763.953552,738.6143,5,4.97335958
1.19107,1190,763.953552,738.6191,5,5.02789259
1.19229,1191,763.953552,738.624146,5,4.858842
1.19231,1192,763.953552,738.6297,5,5.02789259
1.19413,1193,763.953552,738.6342,5,5.016986
1.19595,1194,763.953552,738.6394,5,5.006079
1.19597,1195,763.953552,738.644,5,4.995173
1.19723,1196,763.953552,738.654541,5,5.07697153
1.19904,1197,763.953552,738.659241,5,4.97335958
1.19907,1198,763.953552,738.6644,5,5.087878
1.20032,1199,763.953552,738.66925,5,4.98426628
1.20033,1200,763.953552,738.66925,5,4.98426628
1.20260,1201,763.953552,738.679138,5,5.016986
1.20397,1202,763.953552,738.6842,5,4.891561
1.20399,1203,763.953552,738.6895,5,5.05515862
1.20529,1204,763.953552,738.6945,5,4.94064
1.20704,1205,763.953552,738.6995,5,5.05515862
1.20705,1206,763.953552,738.703735,5,4.96245337
1.20829,1207,763.953552,738.709534,5,4.913374
1.20830,1208,763.953552,738.7148,5,5.07697153
1.21012,1209,763.953552,738.7197,5,5.016986
1.21195,1210,763.953552,738.72406,5,5.087878
1.21196,1211,763.953552,738.7287,5,4.837029
1.21323,1212,763.953552,738.734741,5,4.92973375
1.21504,1213,763.953552,738.7397,5,4.98426628
1.21507,1214,763.953552,738.7446,5,5.09878445
1.21631,1215,763.953552,738.748962,5,5.13150358
1.21633,1216,763.953552,738.754,5,4.837029
1.21813,1217,763.953552,738.7595,5,4.95154667
1.21996,1218,763.953552,738.764465,5,4.913374
1.21997,1219,763.953552,738.7696,5,5.12059736
1.22125,1220,763.953552,738.773865,5,5.02789259
1.22302,1221,763.953552,738.779358,5,4.90246725
1.22304,1222,763.953552,738.784241,5,4.97335958
1.22432,1223,763.953552,738.789551,5,4.913374
1.22434,1224,763.953552,738.7946,5,5.191489
1.22614,1225,763.953552,738.799133,5,4.995173
1.22795,1226,763.953552,738.80426,5,4.95154667
1.22797,1227,763.953552,738.80896,5,4.891561
1.22921,1228,763.953552,738.814758,5,4.92973375
1.23105,1229,763.953552,738.8196,5,5.12059736
1.23108,1230,763.953552,738.8242,5,4.995173
1.23232,1231,763.953552,738.828857,5,5.006079
1.23234,1232,763.953552,738.8339,5,4.777043
1.23412,1233,763.953552,738.839966,5,5.016986
1.23603,1234,763.953552,738.8446,5,5.12059736
1.23608,1235,763.953552,738.8495,5,5.109691
1.23722,1236,763.953552,738.8538,5,5.066065
1.23904,1237,763.953552,738.8594,5,4.82612228
1.23905,1238,763.953552,738.865,5,5.05515862
1.24033,1239,763.953552,738.869446,5,4.995173
1.24035,1240,763.953552,738.8742,5,5.087878
1.24214,1241,763.953552,738.87915,5,4.92973375
1.24394,1242,763.953552,738.885132,5,4.869748
1.24395,1243,763.953552,738.8899,5,5.07697153
1.24522,1244,763.953552,738.8948,5,5.006079
1.24708,1245,763.953552,738.8994,5,5.07697153
1.24711,1246,763.953552,738.9044,5,4.858842
1.24831,1247,763.953552,738.910339,5,4.95154667
1.24832,1248,763.953552,738.914856,5,4.97335958
1.25013,1249,763.953552,738.9201,5,5.006079
1.25194,1250,763.953552,738.924866,5,5.09878445
1.25195,1251,763.953552,738.9303,5,4.94064
1.25322,1252,763.953552,738.935364,5,5.109691
1.25504,1253,763.953552,738.9397,5,5.006079
1.25508,1254,763.953552,738.944641,5,5.006079
1.25631,1255,763.953552,738.949463,5,4.92973375
1.25634,1256,763.953552,738.9551,5,4.913374
1.25812,1257,763.953552,738.9598,5,5.066065
1.25993,1258,763.953552,738.964661,5,4.96245337
1.25995,1259,763.953552,738.9694,5,5.038799
1.26123,1260,763.953552,738.9744,5,4.837029
1.26305,1261,763.953552,738.979858,5,4.96245337
1.26307,1262,763.953552,738.9844,5,4.97335958
1.26429,1263,763.953552,738.9894,5,4.94064
1.26432,1264,763.953552,738.994263,5,5.038799
1.26613,1265,763.953552,738.999451,5,4.858842
1.26797,1266,763.953552,739.0044,5,5.006079
1.26800,1267,763.953552,739.0089,5,4.858842
1.26921,1268,763.953552,739.014343,5,4.92973375
1.27106,1269,763.953552,739.0192,5,4.98426628
1.27109,1270,763.953552,739.0244,5,4.90246725
1.27233,1271,763.953552,739.028748,5,5.038799
1.27236,1272,763.953552,739.0336,5,4.82612228
1.27414,1273,763.953552,739.039368,5,5.006079
1.27595,1274,763.953552,739.0444,5,5.016986
1.27596,1275,763.953552,739.049133,5,5.066065
1.27721,1276,763.953552,739.053345,5,4.98426628
1.27903,1277,763.953552,739.0589,5,4.78794956
1.27905,1278,763.953552,739.0644,5,4.995173
1.28030,1279,763.953552,739.0693,5,4.97335958
1.28033,1280,763.953552,739.074036,5,5.180583
1.28213,1281,763.953552,739.0784,5,4.96245337
1.28396,1282,763.953552,739.084,5,4.837029
1.28398,1283,763.953552,739.0889,5,4.94064
1.28521,1284,763.953552,739.094238,5,4.96245337
1.28705,1285,763.953552,739.0988,5,5.153317
1.28709,1286,763.953552,739.1036,5,4.90246725
1.28831,1287,763.953552,739.1089,5,4.95154667
1.28833,1288,763.953552,739.113831,5,4.92973375
1.29012,1289,763.953552,739.119263,5,5.02789259
1.29195,1290,763.953552,739.12384,5,5.153317
1.29197,1291,763.953552,739.1287,5,4.92973375
1.29322,1292,763.953552,739.133545,5,4.95154667
1.29505,1293,763.953552,739.144348,5,5.05515862
1.29510,1294,763.953552,739.1487,5,5.038799
1.29630,1295,763.953552,739.153564,5,4.97335958
1.29631,1296,763.953552,739.158142,5,4.913374
1.29813,1297,763.953552,739.1639,5,4.76613665
1.29998,1298,763.953552,739.16925,5,5.09878445
1.30001,1299,763.953552,739.174133,5,5.05515862
1.30122,1300,763.953552,739.178467,5,5.109691
1.30307,1301,763.953552,739.1831,5,4.913374
1.30314,1302,763.953552,739.189,5,4.858842
1.30431,1303,763.953552,739.193848,5,5.05515862
1.30432,1304,763.953552,739.198547,5,4.97335958
1.30619,1305,763.953552,739.2031,5,5.05515862
1.30797,1306,763.953552,739.2083,5,4.81521559
1.30801,1307,763.953552,739.213867,5,4.94064
1.30921,1308,763.953552,739.2185,5,5.016986
1.31103,1309,763.953552,739.2238,5,5.02789259
1.31105,1310,763.953552,739.2283,5,5.016986
1.31229,1311,763.953552,739.2337,5,4.81521559
1.31230,1312,763.953552,739.2389,5,4.995173
1.31412,1313,763.953552,739.2436,5,4.92973375
1.31598,1314,763.953552,739.2487,5,5.066065
1.31600,1315,763.953552,739.2536,5,5.016986
1.31722,1316,763.953552,739.2592,5,4.98426628
1.31927,1317,763.953552,739.263855,5,5.109691
1.31931,1318,763.953552,739.2687,5,4.97335958
1.32032,1319,763.953552,739.27356,5,5.02789259
1.32035,1320,763.953552,739.278564,5,4.847935
1.32217,1321,763.953552,739.2842,5,4.995173
1.32397,1322,763.953552,739.288635,5,5.02789259
1.32399,1323,763.953552,739.293762,5,4.98426628
1.32521,1324,763.953552,739.2984,5,5.016986
1.32703,1325,763.953552,739.303833,5,4.858842
1.32705,1326,763.953552,739.3089,5,5.066065
1.32829,1327,763.953552,739.313538,5,4.97335958
1.32831,1328,763.953552,739.318848,5,5.05515862
1.33017,1329,763.953552,739.3236,5,5.016986
1.33199,1330,763.953552,739.329041,5,4.95154667
1.33203,1331,763.953552,739.333557,5,5.02789259
1.33326,1332,763.953552,739.3385,5,4.88065434
1.33508,1333,763.953552,739.3439,5,5.038799
1.33510,1334,763.953552,739.3487,5,4.95154667
1.33632,1335,763.953552,739.3538,5,5.016986
1.33635,1336,763.953552,739.358154,5,4.98426628
1.33815,1337,763.953552,739.3638,5,4.891561
1.34002,1338,763.953552,739.368958,5,5.066065
1.34004,1339,763.953552,739.374,5,5.016986
1.34120,1340,763.953552,739.378357,5,5.09878445
1.34307,1341,763.953552,739.383057,5,4.869748
1.34309,1342,763.953552,739.3893,5,4.90246725
1.34428,1343,763.953552,739.3943,5,5.006079
1.34430,1344,763.953552,739.3993,5,5.05515862
1.34614,1345,763.953552,739.4035,5,5.153317
1.34797,1346,763.953552,739.4091,5,4.847935
1.34799,1347,763.953552,739.414368,5,4.92973375
1.34921,1348,763.953552,739.419434,5,4.92973375
1.35103,1349,763.953552,739.424438,5,5.087878
1.35105,1350,763.953552,739.428955,5,5.07697153
1.35244,1351,763.953552,739.434265,5,4.88065434
1.35248,1352,763.953552,739.4386,5,4.98426628
1.35414,1353,763.953552,739.4438,5,4.90246725
1.35599,1354,763.953552,739.449,5,5.153317
1.35603,1355,763.953552,739.4534,5,5.02789259
1.35721,1356,763.953552,739.4585,5,4.94064
1.35907,1357,763.953552,739.463257,5,4.913374
1.35911,1358,763.953552,739.4692,5,4.913374
1.36030,1359,763.953552,739.4739,5,5.153317
1.36032,1360,763.953552,739.478638,5,5.02789259
1.36218,1361,763.953552,739.4834,5,5.066065
1.36398,1362,763.953552,739.488464,5,4.847935
1.36400,1363,763.953552,739.4945,5,5.006079
1.36520,1364,763.953552,739.499146,5,5.180583
1.36706,1365,763.953552,739.504,5,5.13150358
1.36709,1366,763.953552,739.5085,5,5.109691
1.36831,1367,763.953552,739.51416,5,4.858842
1.36834,1368,763.953552,739.519836,5,5.05515862
1.37013,1369,763.953552,739.5244,5,5.006079
1.37201,1370,763.953552,739.5292,5,5.087878
1.37204,1371,763.953552,739.533569,5,4.96245337
1.37320,1372,763.953552,739.5393,5,4.858842
1.37506,1373,763.953552,739.54425,5,5.066065
1.37508,1374,763.953552,739.5491,5,4.995173
1.37629,1375,763.953552,739.553833,5,5.05515862
1.37632,1376,763.953552,739.55896,5,4.837029
1.37816,1377,763.953552,739.564453,5,4.891561
1.37997,1378,763.953552,739.569031,5,4.95154667
1.38001,1379,763.953552,739.574158,5,4.96245337
1.38121,1380,763.953552,739.579,5,5.07697153
1.38307,1381,763.953552,739.5843,5,4.891561
1.38311,1382,763.953552,739.589355,5,5.066065
1.38429,1383,763.953552,739.593933,5,4.97335958
1.38430,1384,763.953552,739.5989,5,4.94064
1.38617,1385,763.953552,739.6035,5,4.90246725
1.38799,1386,763.953552,739.609131,5,4.82612228
1.38802,1387,763.953552,739.613953,5,5.038799
1.38921,1388,763.953552,739.6187,5,4.94064
1.39106,1389,763.953552,739.623535,5,5.016986
1.39108,1390,763.953552,739.6284,5,4.858842
1.39229,1391,763.953552,739.6339,5,4.90246725
1.39232,1392,763.953552,739.6385,5,5.006079
1.39412,1393,763.953552,739.6435,5,4.92973375
1.39598,1394,763.953552,739.648438,5,5.05515862
1.39600,1395,763.953552,739.6586,5,5.006079
1.39721,1396,763.953552,739.662964,5,4.913374
1.39905,1397,763.953552,739.668457,5,4.913374
1.39908,1398,763.953552,739.673462,5,5.016986
1.40030,1399,763.953552,739.6785,5,4.90246725
1.40034,1400,763.953552,739.6831,5,5.066065
1.40261,1401,763.953552,739.687866,5,4.869748
1.40398,1402,763.953552,739.693665,5,4.97335958
1.40401,1403,763.953552,739.6986,5,5.038799
1.40521,1404,763.953552,739.7034,5,5.038799
1.40709,1405,763.953552,739.7075,5,5.016986
1.40712,1406,763.953552,739.7131,5,4.78794956
1.40830,1407,763.953552,739.7186,5,4.97335958
1.40834,1408,763.953552,739.7238,5,4.97335958
1.41016,1409,763.953552,739.728333,5,5.153317
1.41198,1410,763.953552,739.732666,5,5.02789259
1.41200,1411,763.953552,739.7383,5,4.837029
1.41322,1412,763.953552,739.7433,5,4.95154667
1.41506,1413,763.953552,739.748535,5,4.92973375
1.41509,1414,763.953552,739.7531,5,5.164223
1.41630,1415,763.953552,739.7579,5,4.96245337
1.41632,1416,763.953552,739.7632,5,4.95154667
1.41812,1417,763.953552,739.768066,5,4.95154667
1.41995,1418,763.953552,739.7737,5,4.98426628
1.41998,1419,763.953552,739.778259,5,5.164223
1.42124,1420,763.953552,739.783,5,4.96245337
1.42306,1421,763.953552,739.7879,5,4.96245337
1.42310,1422,763.953552,739.793152,5,4.837029
1.42429,1423,763.953552,739.798767,5,5.016986
1.42431,1424,763.953552,739.8031,5,5.066065
1.42614,1425,763.953552,739.808044,5,4.98426628
1.42798,1426,763.953552,739.812561,5,4.96245337
1.42802,1427,763.953552,739.8183,5,4.76613665
1.42921,1428,763.953552,739.8238,5,5.087878
1.43104,1429,763.953552,739.828369,5,5.087878
1.43107,1430,763.953552,739.833252,5,5.12059736
1.43229,1431,763.953552,739.8381,5,4.97335958
1.43231,1432,763.953552,739.844055,5,4.869748
1.43416,1433,763.953552,739.8488,5,5.087878
1.43608,1434,763.953552,739.8536,5,5.006079
1.43613,1435,763.953552,739.8582,5,5.09878445
1.43720,1436,763.953552,739.8631,5,4.869748
1.43909,1437,763.953552,739.8687,5,4.95154667
1.43911,1438,763.953552,739.8737,5,5.05515862
1.44030,1439,763.953552,739.8786,5,5.038799
1.44032,1440,763.953552,739.8831,5,5.038799
1.44218,1441,763.953552,739.888733,5,4.837029
1.44397,1442,763.953552,739.893738,5,5.006079
1.44400,1443,763.953552,739.898865,5,4.95154667
1.44523,1444,763.953552,739.904,5,5.087878
1.44707,1445,763.953552,739.908569,5,5.038799
1.44711,1446,763.953552,739.9144,5,4.995173
1.44829,1447,763.953552,739.919067,5,5.13150358
1.44830,1448,763.953552,739.924,5,4.98426628
1.45020,1449,763.953552,739.928833,5,5.038799
1.45198,1450,763.953552,739.9341,5,4.847935
1.45200,1451,763.953552,739.9394,5,4.995173
1.45322,1452,763.953552,739.944,5,5.02789259
1.45506,1453,763.953552,739.9488,5,4.995173
1.45508,1454,763.953552,739.953369,5,5.038799
1.45630,1455,763.953552,739.959,5,4.869748
1.45632,1456,763.953552,739.964,5,5.066065
1.45816,1457,763.953552,739.9686,5,4.98426628
1.45997,1458,763.953552,739.9739,5,5.07697153
1.45998,1459,763.953552,739.9787,5,5.016986
1.46121,1460,763.953552,739.9842,5,4.97335958
1.46305,1461,763.953552,739.9886,5,5.05515862
1.46307,1462,763.953552,739.9938,5,4.891561
1.46432,1463,763.953552,739.998962,5,5.066065
1.46435,1464,763.953552,740.004,5,4.97335958
1.46619,1465,763.953552,740.0089,5,5.038799
1.46799,1466,763.953552,740.013367,5,4.995173
1.46801,1467,763.953552,740.0191,5,4.913374
1.46920,1468,763.953552,740.0243,5,5.07697153
1.47105,1469,763.953552,740.0293,5,5.02789259
1.47109,1470,763.953552,740.033447,5,5.109691
1.47235,1471,763.953552,740.038452,5,4.88065434
1.47239,1472,763.953552,740.0443,5,4.92973375
1.47418,1473,763.953552,740.049255,5,5.016986
1.47600,1474,763.953552,740.05426,5,5.087878
1.47603,1475,763.953552,740.0585,5,5.153317
1.47722,1476,763.953552,740.0638,5,4.847935
1.47906,1477,763.953552,740.0691,5,4.95154667
1.47909,1478,763.953552,740.0745,5,4.92973375
1.48030,1479,763.953552,740.079163,5,5.109691
1.48032,1480,763.953552,740.0836,5,5.07697153
1.48217,1481,763.953552,740.08905,5,4.90246725
1.48396,1482,763.953552,740.094,5,4.995173
1.48398,1483,763.953552,740.0994,5,4.92973375
1.48520,1484,763.953552,740.104248,5,5.180583
1.48712,1485,763.953552,740.1089,5,5.016986
1.48717,1486,763.953552,740.113831,5,4.95154667
1.48829,1487,763.953552,740.1188,5,4.90246725
1.48830,1488,763.953552,740.124634,5,4.92973375
1.49015,1489,763.953552,740.12915,5,5.14241028
1.49197,1490,763.953552,740.1339,5,4.995173
1.49201,1491,763.953552,740.1386,5,5.016986
1.49321,1492,763.953552,740.1497,5,4.98426628
1.49507,1493,763.953552,740.154236,5,5.13150358
1.49509,1494,763.953552,740.1591,5,5.09878445
1.49629,1495,763.953552,740.1636,5,5.066065
1.49631,1496,763.953552,740.1693,5,4.81521559
1.49819,1497,763.953552,740.1745,5,5.016986
1.49995,1498,763.953552,740.179138,5,4.98426628
1.49998,1499,763.953552,740.184143,5,5.066065
1.50120,1500,763.953552,740.1886,5,4.94064
1.50305,1501,763.953552,740.1948,5,4.837029
1.50307,1502,763.953552,740.1994,5,5.05515862
1.50431,1503,763.953552,740.2044,5,4.995173
1.50433,1504,763.953552,740.2089,5,5.07697153
1.50618,1505,763.953552,740.2141,5,4.869748
1.50800,1506,763.953552,740.219543,5,4.94064
1.50803,1507,763.953552,740.2242,5,4.98426628
1.50921,1508,763.953552,740.2295,5,5.006079
1.51108,1509,763.953552,740.234253,5,5.12059736
1.51111,1510,763.953552,740.2398,5,4.95154667
1.51230,1511,763.953552,740.2447,5,5.13150358
1.51232,1512,763.953552,740.249451,5,5.016986
1.51413,1513,763.953552,740.2544,5,5.006079
1.51600,1514,763.953552,740.259155,5,4.95154667
1.51603,1515,763.953552,740.264954,5,4.913374
1.51720,1516,763.953552,740.269531,5,5.09878445
1.51929,1517,763.953552,740.274536,5,5.006079
1.51934,1518,763.953552,740.2793,5,5.07697153
1.52030,1519,763.953552,740.2846,5,4.90246725
1.52031,1520,763.953552,740.2899,5,5.006079
1.52219,1521,763.953552,740.294556,5,5.02789259
1.52400,1522,763.953552,740.299744,5,5.006079
1.52403,1523,763.953552,740.3046,5,5.09878445
1.52525,1524,763.953552,740.31,5,4.94064
1.52708,1525,763.953552,740.3147,5,5.087878
1.52711,1526,763.953552,740.3195,5,4.92973375
1.52830,1527,763.953552,740.3252,5,5.016986
1.52831,1528,763.953552,740.329834,5,5.02789259
1.53018,1529,763.953552,740.335,5,4.995173
1.53199,1530,763.953552,740.339355,5,5.07697153
1.53201,1531,763.953552,740.344849,5,4.869748
1.53320,1532,763.953552,740.3503,5,5.087878
1.53506,1533,763.953552,740.3553,5,5.038799
1.53509,1534,763.953552,740.3597,5,5.109691
1.53637,1535,763.953552,740.364258,5,4.97335958
1.53639,1536,763.953552,740.370239,5,4.847935
1.53817,1537,763.953552,740.3756,5,5.02789259
1.54000,1538,763.953552,740.3803,5,5.016986
1.54003,1539,763.953552,740.384644,5,5.202396
1.54121,1540,763.953552,740.39,5,4.94064
1.54303,1541,763.953552,740.395142,5,4.891561
1.54306,1542,763.953552,740.400452,5,4.94064
1.54430,1543,763.953552,740.4055,5,5.016986
1.54432,1544,763.953552,740.41,5,5.13150358
1.54614,1545,763.953552,740.4156,5,4.90246725
1.54797,1546,763.953552,740.420532,5,4.995173
1.54799,1547,763.953552,740.4256,5,4.913374
1.54920,1548,763.953552,740.4307,5,5.109691
1.55106,1549,763.953552,740.4356,5,5.109691
1.55109,1550,763.953552,740.440552,5,4.94064
1.55244,1551,763.953552,740.4447,5,4.94064
1.55246,1552,763.953552,740.4505,5,4.858842
1.55414,1553,763.953552,740.4553,5,5.109691
1.55600,1554,763.953552,740.459839,5,5.006079
1.55602,1555,763.953552,740.4646,5,5.006079
1.55723,1556,763.953552,740.4695,5,4.847935
1.55909,1557,763.953552,740.4755,5,4.82612228
1.55913,1558,763.953552,740.480164,5,5.12059736
1.56034,1559,763.953552,740.485168,5,5.02789259
1.56036,1560,763.953552,740.4896,5,5.07697153
1.56215,1561,763.953552,740.495,5,4.81521559
1.56398,1562,763.953552,740.5006,5,4.88065434
1.56400,1563,763.953552,740.5049,5,4.995173
1.56520,1564,763.953552,740.5099,5,4.98426628
1.56706,1565,763.953552,740.514343,5,5.006079
1.56711,1566,763.953552,740.520142,5,4.76613665
1.56831,1567,763.953552,740.525146,5,4.97335958
1.56833,1568,763.953552,740.529846,5,4.98426628
1.57016,1569,763.953552,740.534668,5,5.038799
1.57199,1570,763.953552,740.539368,5,4.97335958
1.57204,1571,763.953552,740.545044,5,4.837029
1.57321,1572,763.953552,740.5497,5,5.02789259
1.57507,1573,763.953552,740.554749,5,4.95154667
1.57509,1574,763.953552,740.559753,5,5.109691
1.57630,1575,763.953552,740.564941,5,4.995173
1.57633,1576,763.953552,740.570251,5,5.05515862
1.57817,1577,763.953552,740.5749,5,5.09878445
1.57996,1578,763.953552,740.5799,5,4.995173
1.58000,1579,763.953552,740.584656,5,5.038799
1.58119,1580,763.953552,740.5903,5,4.869748
1.58305,1581,763.953552,740.595154,5,5.07697153
1.58308,1582,763.953552,740.6,5,5.038799
1.58429,1583,763.953552,740.6049,5,5.038799
1.58431,1584,763.953552,740.609863,5,4.995173
1.58616,1585,763.953552,740.6155,5,4.92973375
1.58797,1586,763.953552,740.6201,5,5.07697153
1.58801,1587,763.953552,740.625244,5,4.995173
1.58922,1588,763.953552,740.6302,5,5.12059736
1.59111,1589,763.953552,740.635437,5,4.98426628
1.59115,1590,763.953552,740.6404,5,5.038799
1.59230,1591,763.953552,740.644836,5,5.006079
1.59232,1592,763.953552,740.650452,5,4.95154667
1.59419,1593,763.953552,740.655457,5,5.07697153
1.59597,1594,763.953552,740.665,5,5.109691
1.59599,1595,763.953552,740.670166,5,4.92973375
1.59721,1596,763.953552,740.6758,5,4.98426628
1.59908,1597,763.953552,740.6808,5,5.07697153
1.59910,1598,763.953552,740.685547,5,5.038799
1.60030,1599,763.953552,740.689636,5,5.05515862
1.60031,1600,763.953552,740.6954,5,4.82612228
1.60253,1601,763.953552,740.7008,5,4.98426628
1.60397,1602,763.953552,740.70575,5,4.98426628
1.60401,1603,763.953552,740.7104,5,5.153317
1.60523,1604,763.953552,740.714844,5,5.05515862
1.60706,1605,763.953552,740.7205,5,4.82612228
1.60709,1606,763.953552,740.725464,5,4.95154667
1.60829,1607,763.953552,740.730652,5,4.913374
1.60831,1608,763.953552,740.7352,5,5.153317
1.61014,1609,763.953552,740.7401,5,4.97335958
1.61199,1610,763.953552,740.7454,5,4.92973375
1.61203,1611,763.953552,740.7503,5,4.95154667
1.61324,1612,763.953552,740.7558,5,4.96245337
1.61505,1613,763.953552,740.7603,5,5.180583
1.61509,1614,763.953552,740.7652,5,4.95154667
1.61629,1615,763.953552,740.769958,5,4.96245337
1.61630,1616,763.953552,740.7754,5,4.847935
1.61813,1617,763.953552,740.7808,5,4.995173
1.61998,1618,763.953552,740.785156,5,5.09878445
1.62000,1619,763.953552,740.7901,5,4.98426628
1.62122,1620,763.953552,740.794739,5,4.97335958
1.62307,1621,763.953552,740.800659,5,4.76613665
1.62311,1622,763.953552,740.8058,5,5.07697153
1.62429,1623,763.953552,740.8104,5,5.09878445
1.62430,1624,763.953552,740.8153,5,5.12059736
1.62617,1625,763.953552,740.8203,5,5.006079
1.62796,1626,763.953552,740.8263,5,4.847935
1.62797,1627,763.953552,740.8308,5,5.087878
1.62921,1628,763.953552,740.835754,5,5.006079
1.63105,1629,763.953552,740.8403,5,5.09878445
1.63108,1630,763.953552,740.8457,5,4.88065434
1.63230,1631,763.953552,740.851135,5,4.92973375
1.63232,1632,763.953552,740.8558,5,5.05515862
1.63416,1633,763.953552,740.860657,5,5.02789259
1.63597,1634,763.953552,740.8652,5,5.05515862
1.63601,1635,763.953552,740.871,5,4.837029
1.63721,1636,763.953552,740.875732,5,4.98426628
1.63909,1637,763.953552,740.8807,5,4.95154667
1.63912,1638,763.953552,740.8858,5,5.066065
1.64029,1639,763.953552,740.890747,5,5.066065
1.64030,1640,763.953552,740.896362,5,4.98426628
1.64217,1641,763.953552,740.9008,5,5.14241028
1.64394,1642,763.953552,740.9061,5,4.995173
1.64395,1643,763.953552,740.9109,5,5.038799
1.64520,1644,763.953552,740.9163,5,4.88065434
1.64703,1645,763.953552,740.9215,5,4.98426628
1.64705,1646,763.953552,740.926147,5,5.05515862
1.64830,1647,763.953552,740.931152,5,4.995173
1.64832,1648,763.953552,740.9358,5,5.038799
1.65016,1649,763.953552,740.9415,5,4.858842
1.65195,1650,763.953552,740.9463,5,5.038799
1.65199,1651,763.953552,740.9515,5,4.98426628
1.65322,1652,763.953552,740.956543,5,5.038799
1.65509,1653,763.953552,740.9609,5,5.02789259
1.65512,1654,763.953552,740.966248,5,4.95154667
1.65632,1655,763.953552,740.9705,5,5.05515862
1.65634,1656,763.953552,740.975952,5,4.891561
1.65817,1657,763.953552,740.981,5,5.038799
1.65997,1658,763.953552,740.986145,5,4.96245337
1.65998,1659,763.953552,740.990845,5,5.006079
1.66120,1660,763.953552,740.9954,5,4.995173
1.66306,1661,763.953552,741.00116,5,4.869748
1.66308,1662,763.953552,741.006165,5,5.066065
1.66429,1663,763.953552,741.0112,5,5.006079
1.66431,1664,763.953552,741.0152,5,5.087878
1.66612,1665,763.953552,741.0203,5,4.869748
1.66796,1666,763.953552,741.026245,5,4.858842
1.66798,1667,763.953552,741.031,5,4.995173
1.66925,1668,763.953552,741.036,5,5.016986
1.67104,1669,763.953552,741.0402,5,5.164223
1.67106,1670,763.953552,741.045654,5,4.847935
1.67230,1671,763.953552,741.050842,5,4.90246725
1.67233,1672,763.953552,741.055969,5,4.913374
1.67416,1673,763.953552,741.0608,5,5.05515862
1.67596,1674,763.953552,741.065247,5,5.09878445
1.67597,1675,763.953552,741.07074,5,4.88065434
1.67724,1676,763.953552,741.0756,5,4.97335958
1.67904,1677,763.953552,741.081055,5,4.891561
1.67906,1678,763.953552,741.085938,5,5.14241028
1.68030,1679,763.953552,741.0906,5,5.066065
1.68032,1680,763.953552,741.0956,5,4.95154667
1.68215,1681,763.953552,741.1004,5,4.92973375
1.68398,1682,763.953552,741.106262,5,4.88065434
1.68399,1683,763.953552,741.1107,5,5.13150358
1.68522,1684,763.953552,741.11554,5,4.995173
1.68710,1685,763.953552,741.1201,5,5.016986
1.68712,1686,763.953552,741.125549,5,4.82612228
1.68831,1687,763.953552,741.131348,5,4.90246725
1.68834,1688,763.953552,741.136169,5,5.153317
1.69016,1689,763.953552,741.1409,5,5.07697153
1.69196,1690,763.953552,741.145569,5,5.09878445
1.69199,1691,763.953552,741.1513,5,4.837029
1.69321,1692,763.953552,741.1611,5,5.02789259
1.69503,1693,763.953552,741.1611,5,5.02789259
1.69504,1694,763.953552,741.1658,5,5.066065
1.69630,1695,763.953552,741.170654,5,5.006079
1.69631,1696,763.953552,741.1812,5,5.066065
1.69816,1697,763.953552,741.186157,5,5.006079
1.69997,1698,763.953552,741.1906,5,5.09878445
1.69999,1699,763.953552,741.1959,5,4.90246725
1.70121,1700,763.953552,741.2013,5,4.891561
1.70307,1701,763.953552,741.2058,5,4.98426628
1.70311,1702,763.953552,741.21106,5,4.94064
1.70437,1703,763.953552,741.2159,5,5.109691
1.70442,1704,763.953552,741.2214,5,4.92973375
1.70613,1705,763.953552,741.226257,5,5.07697153
1.70795,1706,763.953552,741.2309,5,5.038799
1.70796,1707,763.953552,741.235962,5,4.96245337
1.70922,1708,763.953552,741.2408,5,4.97335958
1.71103,1709,763.953552,741.246338,5,4.858842
1.71104,1710,763.953552,741.251,5,5.07697153
1.71229,1711,763.953552,741.256,5,4.995173
1.71230,1712,763.953552,741.260742,5,5.038799
1.71416,1713,763.953552,741.266052,5,4.92973375
1.71595,1714,763.953552,741.2713,5,4.94064
1.71596,1715,763.953552,741.27594,5,5.05515862
1.71726,1716,763.953552,741.2811,5,4.97335958
1.71913,1717,763.953552,741.28595,5,5.109691
1.71914,1718,763.953552,741.2914,5,4.92973375
1.72031,1719,763.953552,741.296,5,5.038799
1.72032,1720,763.953552,741.3009,5,4.96245337
1.72212,1721,763.953552,741.3062,5,4.95154667
1.72394,1722,763.953552,741.311157,5,5.05515862
1.72396,1723,763.953552,741.316345,5,4.94064
1.72522,1724,763.953552,741.3207,5,5.09878445
1.72703,1725,763.953552,741.3261,5,4.891561
1.72706,1726,763.953552,741.331543,5,5.016986
1.72829,1727,763.953552,741.3365,5,5.07697153
1.72831,1728,763.953552,741.340942,5,5.07697153
1.73013,1729,763.953552,741.345459,5,5.02789259
1.73196,1730,763.953552,741.3515,5,4.82612228
1.73198,1731,763.953552,741.3565,5,5.006079
1.73323,1732,763.953552,741.3616,5,4.995173
1.73503,1733,763.953552,741.365845,5,5.191489
1.73505,1734,763.953552,741.37085,5,5.016986
1.73629,1735,763.953552,741.376465,5,4.858842
1.73631,1736,763.953552,741.3813,5,4.96245337
1.73812,1737,763.953552,741.3865,5,4.96245337
1.73994,1738,763.953552,741.390869,5,5.164223
1.73996,1739,763.953552,741.3962,5,4.94064
1.74120,1740,763.953552,741.401245,5,4.96245337
1.74304,1741,763.953552,741.406738,5,4.94064
1.74306,1742,763.953552,741.412,5,5.02789259
1.74441,1743,763.953552,741.416443,5,5.153317
1.74443,1744,763.953552,741.4215,5,4.95154667
1.74617,1745,763.953552,741.4265,5,4.97335958
1.74798,1746,763.953552,741.432,5,4.837029
1.74800,1747,763.953552,741.4368,5,5.066065
1.74924,1748,763.953552,741.4417,5,5.05515862
1.75105,1749,763.953552,741.4459,5,4.98426628
1.75107,1750,763.953552,741.4515,5,4.92973375
1.75243,1751,763.953552,741.4574,5,4.78794956
1.75245,1752,763.953552,741.462036,5,5.12059736
1.75414,1753,763.953552,741.4666,5,5.087878
1.75594,1754,763.953552,741.4712,5,5.13150358
1.75596,1755,763.953552,741.4774,5,4.94064
1.75723,1756,763.953552,741.4823,5,4.90246725
1.75905,1757,763.953552,741.4868,5,5.109691
1.75907,1758,763.953552,741.49176,5,5.066065
1.76031,1759,763.953552,741.4964,5,5.13150358
1.76033,1760,763.953552,741.502258,5,4.891561
1.76212,1761,763.953552,741.5073,5,5.02789259
1.76395,1762,763.953552,741.5121,5,5.07697153
1.76396,1763,763.953552,741.5168,5,5.09878445
1.76521,1764,763.953552,741.5218,5,5.038799
1.76703,1765,763.953552,741.5274,5,4.891561
1.76705,1766,763.953552,741.532043,5,5.05515862
1.76833,1767,763.953552,741.537231,5,4.98426628
1.76835,1768,763.953552,741.542053,5,5.13150358
1.77015,1769,763.953552,741.547546,5,5.016986
1.77195,1770,763.953552,741.5527,5,5.05515862
1.77197,1771,763.953552,741.5573,5,5.109691
1.77321,1772,763.953552,741.5623,5,4.98426628
1.77503,1773,763.953552,741.567,5,5.02789259
1.77505,1774,763.953552,741.5727,5,4.847935
1.77631,1775,763.953552,741.577454,5,5.038799
1.77633,1776,763.953552,741.582336,5,5.016986
1.77813,1777,763.953552,741.587158,5,5.016986
1.77995,1778,763.953552,741.592163,5,4.98426628
1.77996,1779,763.953552,741.5977,5,4.891561
1.78121,1780,763.953552,741.602234,5,5.07697153
1.78305,1781,763.953552,741.6074,5,4.97335958
1.78307,1782,763.953552,741.612244,5,5.07697153
1.78429,1783,763.953552,741.6175,5,4.97335958
1.78431,1784,763.953552,741.6225,5,4.995173
1.78614,1785,763.953552,741.626953,5,4.995173
1.78796,1786,763.953552,741.632568,5,4.913374
1.78800,1787,763.953552,741.6374,5,5.05515862
1.78921,1788,763.953552,741.6426,5,4.92973375
1.79103,1789,763.953552,741.6469,5,5.07697153
1.79105,1790,763.953552,741.6521,5,4.92973375
1.79229,1791,763.953552,741.6578,5,4.94064
1.79231,1792,763.953552,741.6627,5,5.07697153
1.79411,1793,763.953552,741.671631,5,5.07697153
1.79599,1794,763.953552,741.6774,5,4.82612228
1.79603,1795,763.953552,741.6827,5,4.95154667
1.79721,1796,763.953552,741.687744,5,4.98426628
1.79903,1797,763.953552,741.6923,5,5.12059736
1.79904,1798,763.953552,741.696838,5,5.109691
1.80030,1799,763.953552,741.7025,5,4.837029
1.80032,1800,763.953552,741.707458,5,4.95154667
1.80253,1801,763.953552,741.712769,5,4.92973375
1.80395,1802,763.953552,741.7172,5,5.14241028
1.80397,1803,763.953552,741.722168,5,5.006079
1.80521,1804,763.953552,741.7274,5,4.92973375
1.80704,1805,763.953552,741.732361,5,4.98426628
1.80706,1806,763.953552,741.737854,5,4.95154667
1.80829,1807,763.953552,741.7423,5,5.191489
1.80830,1808,763.953552,741.747253,5,4.995173
1.81011,1809,763.953552,741.752,5,4.96245337
1.81199,1810,763.953552,741.7576,5,4.869748
1.81202,1811,763.953552,741.7629,5,4.97335958
1.81323,1812,763.953552,741.7673,5,5.109691
1.81504,1813,763.953552,741.772156,5,4.98426628
1.81506,1814,763.953552,741.777161,5,4.995173
1.81630,1815,763.953552,741.7832,5,4.777043
1.81631,1816,763.953552,741.7881,5,5.05515862
1.81815,1817,763.953552,741.7926,5,5.12059736
1.81998,1818,763.953552,741.7974,5,5.109691
1.82000,1819,763.953552,741.8025,5,5.02789259
1.82122,1820,763.953552,741.8084,5,4.837029
1.82304,1821,763.953552,741.812866,5,5.07697153
1.82305,1822,763.953552,741.8179,5,4.995173
1.82431,1823,763.953552,741.8224,5,5.09878445
1.82433,1824,763.953552,741.827942,5,4.90246725
1.82611,1825,763.953552,741.833252,5,4.90246725
1.82799,1826,763.953552,741.838,5,5.07697153
1.82803,1827,763.953552,741.8428,5,5.02789259
1.82921,1828,763.953552,741.8474,5,5.07697153
1.83105,1829,763.953552,741.853149,5,4.847935
1.83107,1830,763.953552,741.8579,5,4.98426628
1.83229,1831,763.953552,741.8629,5,4.96245337
1.83231,1832,763.953552,741.868,5,5.066065
1.83412,1833,763.953552,741.873047,5,5.087878
1.83612,1834,763.953552,741.8786,5,4.97335958
1.83617,1835,763.953552,741.883057,5,5.153317
1.83720,1836,763.953552,741.8881,5,5.006079
1.83904,1837,763.953552,741.892761,5,5.038799
1.83907,1838,763.953552,741.8984,5,4.90246725
1.84030,1839,763.953552,741.9035,5,4.97335958
1.84031,1840,763.953552,741.908447,5,5.07697153
1.84213,1841,763.953552,741.9134,5,5.006079
1.84395,1842,763.953552,741.917847,5,5.05515862
1.84397,1843,763.953552,741.92395,5,4.88065434
1.84520,1844,763.953552,741.928467,5,5.066065
1.84707,1845,763.953552,741.933533,5,4.995173
1.84710,1846,763.953552,741.9389,5,5.066065
1.84829,1847,763.953552,741.9441,5,4.95154667
1.84831,1848,763.953552,741.9491,5,5.07697153
1.85012,1849,763.953552,741.9536,5,4.913374
1.85198,1850,763.953552,741.9588,5,5.038799
1.85202,1851,763.953552,741.964,5,4.995173
1.85322,1852,763.953552,741.968567,5,4.995173
1.85503,1853,763.953552,741.9732,5,5.02789259
1.85504,1854,763.953552,741.978,5,5.02789259
1.85629,1855,763.953552,741.9838,5,4.90246725
1.85630,1856,763.953552,741.9888,5,5.087878
1.85813,1857,763.953552,741.9938,5,5.038799
1.85998,1858,763.953552,741.997864,5,5.12059736
1.86001,1859,763.953552,742.003357,5,4.913374
1.86120,1860,763.953552,742.0089,5,4.90246725
1.86306,1861,763.953552,742.0139,5,5.016986
1.86308,1862,763.953552,742.0186,5,5.066065
1.86430,1863,763.953552,742.023,5,5.164223
1.86431,1864,763.953552,742.028931,5,4.869748
1.86611,1865,763.953552,742.0336,5,4.92973375
1.86798,1866,763.953552,742.0388,5,4.913374
1.86801,1867,763.953552,742.043457,5,5.07697153
1.86921,1868,763.953552,742.0482,5,5.087878
1.87104,1869,763.953552,742.0536,5,4.891561
1.87106,1870,763.953552,742.0585,5,4.995173
1.87234,1871,763.953552,742.064,5,4.90246725
1.87237,1872,763.953552,742.0686,5,5.153317
1.87414,1873,763.953552,742.0734,5,5.05515862
1.87599,1874,763.953552,742.0783,5,4.94064
1.87602,1875,763.953552,742.083557,5,4.92973375
1.87721,1876,763.953552,742.0895,5,4.90246725
1.87907,1877,763.953552,742.09375,5,5.14241028
1.87911,1878,763.953552,742.098755,5,5.006079
1.88030,1879,763.953552,742.103333,5,5.016986
1.88031,1880,763.953552,742.1088,5,4.81521559
1.88214,1881,763.953552,742.114441,5,4.95154667
1.88398,1882,763.953552,742.1191,5,5.153317
1.88400,1883,763.953552,742.1237,5,5.09878445
1.88521,1884,763.953552,742.1286,5,5.087878
1.88707,1885,763.953552,742.13446,5,4.82612228
1.88709,1886,763.953552,742.13916,5,5.016986
1.88830,1887,763.953552,742.144,5,5.006079
1.88832,1888,763.953552,742.14856,5,5.07697153
1.89016,1889,763.953552,742.1539,5,4.97335958
1.89199,1890,763.953552,742.1594,5,4.837029
1.89202,1891,763.953552,742.164063,5,5.05515862
1.89322,1892,763.953552,742.1689,5,4.995173
1.89506,1893,763.953552,742.173462,5,5.087878
1.89511,1894,763.953552,742.1791,5,4.88065434
1.89630,1895,763.953552,742.184,5,4.913374
1.89631,1896,763.953552,742.194031,5,4.97335958
1.89813,1897,763.953552,742.198853,5,5.12059736
1.89998,1898,763.953552,742.198853,5,5.12059736
1.90001,1899,763.953552,742.209045,5,5.109691
1.90121,1900,763.953552,742.2139,5,5.02789259
1.90313,1901,763.953552,742.2188,5,4.98426628
1.90317,1902,763.953552,742.224,5,4.96245337
1.90432,1903,763.953552,742.229431,5,4.88065434
1.90434,1904,763.953552,742.2341,5,5.087878
1.90617,1905,763.953552,742.239,5,4.995173
1.90799,1906,763.953552,742.2436,5,5.05515862
1.90802,1907,763.953552,742.2492,5,4.90246725
1.90921,1908,763.953552,742.25415,5,4.97335958
1.91108,1909,763.953552,742.259,5,5.02789259
1.91110,1910,763.953552,742.26416,5,4.97335958
1.91229,1911,763.953552,742.269043,5,5.109691
1.91230,1912,763.953552,742.2744,5,4.913374
1.91415,1913,763.953552,742.278748,5,5.05515862
1.91599,1914,763.953552,742.284058,5,4.94064
1.91602,1915,763.953552,742.289246,5,4.97335958
1.91721,1916,763.953552,742.29425,5,5.038799
1.91922,1917,763.953552,742.2992,5,4.96245337
1.91925,1918,763.953552,742.30365,5,5.087878
1.92030,1919,763.953552,742.309448,5,4.88065434
1.92032,1920,763.953552,742.3146,5,5.05515862
1.92217,1921,763.953552,742.3196,5,5.066065
1.92400,1922,763.953552,742.3238,5,5.09878445
1.92403,1923,763.953552,742.3288,5,5.006079
1.92521,1924,763.953552,742.3347,5,4.82612228
1.92708,1925,763.953552,742.3396,5,5.006079
1.92713,1926,763.953552,742.3446,5,4.995173
1.92830,1927,763.953552,742.348755,5,5.191489
1.92832,1928,763.953552,742.3541,5,4.97335958
1.93012,1929,763.953552,742.359436,5,4.869748
1.93196,1930,763.953552,742.3644,5,4.95154667
1.93198,1931,763.953552,742.369446,5,4.98426628
1.93327,1932,763.953552,742.3739,5,5.153317
1.93506,1933,763.953552,742.379944,5,4.97335958
1.93509,1934,763.953552,742.3842,5,4.97335958
1.93630,1935,763.953552,742.389648,5,4.92973375
1.93634,1936,763.953552,742.3946,5,5.066065
1.93814,1937,763.953552,742.3991,5,5.14241028
1.93996,1938,763.953552,742.4041,5,4.95154667
1.93999,1939,763.953552,742.409,5,4.837029
1.94124,1940,763.953552,742.415161,5,5.07697153
1.94307,1941,763.953552,742.4199,5,5.02789259
1.94309,1942,763.953552,742.4248,5,4.995173
1.94428,1943,763.953552,742.42926,5,4.891561
1.94430,1944,763.953552,742.4349,5,4.81521559
1.94615,1945,763.953552,742.440552,5,5.13150358
1.94795,1946,763.953552,742.4451,5,5.066065
1.94797,1947,763.953552,742.450134,5,5.13150358
1.94920,1948,763.953552,742.454651,5,4.90246725
1.95116,1949,763.953552,742.4606,5,4.90246725
1.95119,1950,763.953552,742.4655,5,5.066065
1.95231,1951,763.953552,742.470032,5,5.006079
1.95233,1952,763.953552,742.475,5,5.066065
1.95415,1953,763.953552,742.4799,5,4.82612228
1.95599,1954,763.953552,742.485657,5,4.995173
1.95601,1955,763.953552,742.490356,5,5.02789259
1.95721,1956,763.953552,742.4947,5,5.066065
1.95907,1957,763.953552,742.4996,5,4.995173
1.95909,1958,763.953552,742.5045,5,4.858842
1.96029,1959,763.953552,742.510254,5,5.02789259
1.96030,1960,763.953552,742.5149,5,4.96245337
1.96215,1961,763.953552,742.520142,5,5.13150358
1.96401,1962,763.953552,742.524963,5,5.006079
1.96404,1963,763.953552,742.5305,5,5.038799
1.96521,1964,763.953552,742.535339,5,5.109691
1.96706,1965,763.953552,742.540161,5,4.98426628
1.96709,1966,763.953552,742.5451,5,5.038799
1.96831,1967,763.953552,742.550049,5,4.858842
1.96832,1968,763.953552,742.555664,5,5.066065
1.97017,1969,763.953552,742.5603,5,5.02789259
1.97201,1970,763.953552,742.5653,5,5.038799
1.97204,1971,763.953552,742.57,5,5.006079
1.97321,1972,763.953552,742.575439,5,4.92973375
1.97506,1973,763.953552,742.5806,5,5.09878445
1.97508,1974,763.953552,742.585266,5,4.98426628
1.97630,1975,763.953552,742.5905,5,5.12059736
1.97632,1976,763.953552,742.595337,5,4.98426628
1.97818,1977,763.953552,742.6009,5,5.02789259
1.97998,1978,763.953552,742.605347,5,5.006079
1.98001,1979,763.953552,742.610352,5,4.94064
1.98120,1980,763.953552,742.6157,5,5.07697153
1.98305,1981,763.953552,742.620667,5,4.94064
1.98308,1982,763.953552,742.6258,5,5.087878
1.98431,1983,763.953552,742.6301,5,4.92973375
1.98434,1984,763.953552,742.6357,5,4.97335958
1.98619,1985,763.953552,742.6409,5,5.07697153
1.98799,1986,763.953552,742.645935,5,5.038799
1.98802,1987,763.953552,742.650269,5,5.066065
1.98921,1988,763.953552,742.6549,5,4.81521559
1.99109,1989,763.953552,742.66095,5,4.98426628
1.99112,1990,763.953552,742.665833,5,4.98426628
1.99230,1991,763.953552,742.671,5,5.14241028
1.99232,1992,763.953552,742.6752,5,5.07697153
1.99419,1993,763.953552,742.680237,5,4.82612228
1.99598,1994,763.953552,742.6857,5,4.95154667
1.99600,1995,763.953552,742.6906,5,4.913374
1.99721,1996,763.953552,742.700134,5,4.97335958
1.99904,1997,763.953552,742.705444,5,4.913374
1.99905,1998,763.953552,742.710449,5,4.96245337
2.00029,1999,763.953552,742.715759,5,4.96245337
2.00031,2000,763.953552,742.721,5,5.191489
2.00259,2001,763.953552,742.7254,5,4.97335958
2.00396,2002,763.953552,742.730469,5,4.97335958
2.00399,2003,763.953552,742.7352,5,4.858842
2.00522,2004,763.953552,742.740967,5,4.98426628
2.00707,2005,763.953552,742.7457,5,5.09878445
2.00710,2006,763.953552,742.750366,5,4.97335958
2.00829,2007,763.953552,742.7552,5,4.98426628
2.00830,2008,763.953552,742.760132,5,4.777043
2.01011,2009,763.953552,742.7662,5,5.07697153
2.01198,2010,763.953552,742.7708,5,5.109691
2.01200,2011,763.953552,742.7757,5,5.12059736
2.01321,2012,763.953552,742.780151,5,5.016986
2.01506,2013,763.953552,742.7857,5,4.847935
2.01509,2014,763.953552,742.791138,5,5.07697153
2.01629,2015,763.953552,742.7957,5,4.98426628
2.01630,2016,763.953552,742.8006,5,5.087878
2.01815,2017,763.953552,742.8051,5,4.869748
2.01995,2018,763.953552,742.811,5,4.913374
2.01998,2019,763.953552,742.815857,5,5.05515862
2.02124,2020,763.953552,742.8207,5,5.02789259
2.02307,2021,763.953552,742.8253,5,5.066065
2.02309,2022,763.953552,742.830261,5,4.837029
2.02429,2023,763.953552,742.8359,5,4.98426628
2.02430,2024,763.953552,742.8405,5,4.95154667
2.02615,2025,763.953552,742.845642,5,5.05515862
2.02797,2026,763.953552,742.8506,5,5.066065
2.02800,2027,763.953552,742.855835,5,4.96245337
2.02924,2028,763.953552,742.861,5,5.13150358
2.03108,2029,763.953552,742.86554,5,4.98426628
2.03111,2030,763.953552,742.8706,5,5.016986
2.03229,2031,763.953552,742.8753,5,4.88065434
2.03231,2032,763.953552,742.8809,5,4.96245337
2.03416,2033,763.953552,742.8858,5,5.05515862
2.03597,2034,763.953552,742.8907,5,4.995173
2.03599,2035,763.953552,742.8955,5,5.038799
2.03722,2036,763.953552,742.9004,5,4.858842
2.03907,2037,763.953552,742.906,5,5.038799
2.03911,2038,763.953552,742.910645,5,4.98426628
2.04029,2039,763.953552,742.9161,5,5.02789259
2.04030,2040,763.953552,742.920959,5,5.05515862
2.04219,2041,763.953552,742.9263,5,4.95154667
2.04397,2042,763.953552,742.9311,5,5.066065
2.04400,2043,763.953552,742.935669,5,4.891561
2.04520,2044,763.953552,742.9411,5,5.038799
2.04706,2045,763.953552,742.9464,5,4.98426628
2.04709,2046,763.953552,742.9516,5,5.016986
2.04829,2047,763.953552,742.956055,5,5.038799
2.04830,2048,763.953552,742.9608,5,4.88065434
2.05017,2049,763.953552,742.966431,5,5.07697153
2.05198,2050,763.953552,742.9712,5,5.02789259
2.05204,2051,763.953552,742.9759,5,5.109691
2.05322,2052,763.953552,742.9811,5,4.913374
2.05506,2053,763.953552,742.9859,5,4.891561
2.05507,2054,763.953552,742.991333,5,5.02789259
2.05632,2055,763.953552,742.9963,5,5.066065
2.05635,2056,763.953552,743.0009,5,5.202396
2.05818,2057,763.953552,743.0055,5,4.913374
2.06001,2058,763.953552,743.0112,5,4.97335958
2.06003,2059,763.953552,743.0161,5,4.97335958
2.06121,2060,763.953552,743.021545,5,5.12059736
2.06308,2061,763.953552,743.026,5,5.13150358
2.06310,2062,763.953552,743.031,5,4.92973375
2.06429,2063,763.953552,743.03656,5,5.02789259
2.06430,2064,763.953552,743.0413,5,4.94064
2.06615,2065,763.953552,743.0468,5,5.191489
2.06797,2066,763.953552,743.0512,5,5.066065
2.06800,2067,763.953552,743.056152,5,4.96245337
2.06929,2068,763.953552,743.0613,5,4.92973375
2.07110,2069,763.953552,743.066956,5,4.92973375
2.07114,2070,763.953552,743.072144,5,5.14241028
2.07230,2071,763.953552,743.076538,5,4.995173
2.07232,2072,763.953552,743.0814,5,5.02789259
2.07419,2073,763.953552,743.086243,5,4.798856
2.07598,2074,763.953552,743.0923,5,4.98426628
2.07601,2075,763.953552,743.0971,5,5.153317
2.07721,2076,763.953552,743.101868,5,5.09878445
2.07906,2077,763.953552,743.1064,5,5.087878
2.07910,2078,763.953552,743.1116,5,4.82612228
2.08030,2079,763.953552,743.1174,5,5.02789259
2.08032,2080,763.953552,743.1218,5,5.006079
2.08214,2081,763.953552,743.1268,5,5.07697153
2.08399,2082,763.953552,743.131348,5,4.96245337
2.08402,2083,763.953552,743.1369,5,4.858842
2.08523,2084,763.953552,743.1422,5,5.07697153
2.08708,2085,763.953552,743.1469,5,5.006079
2.08714,2086,763.953552,743.1516,5,5.087878
2.08830,2087,763.953552,743.1564,5,4.869748
2.08832,2088,763.953552,743.1621,5,4.92973375
2.09016,2089,763.953552,743.166748,5,4.97335958
2.09197,2090,763.953552,743.171753,5,4.995173
2.09199,2091,763.953552,743.1768,5,5.109691
2.09322,2092,763.953552,743.181946,5,4.92973375
2.09504,2093,763.953552,743.1874,5,5.12059736
2.09507,2094,763.953552,743.196838,5,5.006079
2.09629,2095,763.953552,743.201538,5,4.95154667
2.09630,2096,763.953552,743.207153,5,4.90246725
2.09815,2097,763.953552,743.212158,5,5.087878
2.09998,2098,763.953552,743.2169,5,5.006079
2.10000,2099,763.953552,743.221863,5,5.07697153
2.10119,2100,763.953552,743.2266,5,4.90246725
2.10311,2101,763.953552,743.2323,5,4.995173
2.10316,2102,763.953552,743.237061,5,5.02789259
2.10433,2103,763.953552,743.242,5,4.995173
2.10437,2104,763.953552,743.247,5,5.09878445
2.10615,2105,763.953552,743.2521,5,4.92973375
2.10798,2106,763.953552,743.2573,5,5.07697153
2.10802,2107,763.953552,743.2617,5,4.92973375
2.10920,2108,763.953552,743.2672,5,4.995173
2.11108,2109,763.953552,743.2722,5,5.038799
2.11112,2110,763.953552,743.2773,5,4.96245337
2.11229,2111,763.953552,743.2819,5,5.07697153
2.11231,2112,763.953552,743.286743,5,4.869748
2.11416,2113,763.953552,743.2925,5,5.05515862
2.11596,2114,763.953552,743.2974,5,5.038799
2.11598,2115,763.953552,743.302368,5,5.09878445
2.11723,2116,763.953552,743.3065,5,4.97335958
2.11928,2117,763.953552,743.311951,5,4.837029
2.11934,2118,763.953552,743.317566,5,5.016986
2.12030,2119,763.953552,743.3225,5,4.995173
2.12032,2120,763.953552,743.327332,5,5.202396
2.12218,2121,763.953552,743.3316,5,4.95154667
2.12395,2122,763.953552,743.337158,5,4.891561
2.12398,2123,763.953552,743.342346,5,4.94064
2.12521,2124,763.953552,743.3474,5,4.995173
2.12705,2125,763.953552,743.3521,5,5.14241028
2.12707,2126,763.953552,743.3569,5,4.90246725
2.12829,2127,763.953552,743.3623,5,4.97335958
2.12831,2128,763.953552,743.367065,5,4.913374
2.13016,2129,763.953552,743.3727,5,5.087878
2.13194,2130,763.953552,743.377441,5,5.12059736
2.13195,2131,763.953552,743.3823,5,4.94064
2.13320,2132,763.953552,743.3872,5,4.95154667
2.13509,2133,763.953552,743.392456,5,4.847935
2.13513,2134,763.953552,743.3981,5,5.09878445
2.13629,2135,763.953552,743.4024,5,5.02789259
2.13632,2136,763.953552,743.407349,5,5.006079
2.13817,2137,763.953552,743.411865,5,4.88065434
2.13995,2138,763.953552,743.4177,5,4.837029
2.13996,2139,763.953552,743.4231,5,5.153317
2.14121,2140,763.953552,743.4276,5,5.07697153
2.14307,2141,763.953552,743.432434,5,5.13150358
2.14310,2142,763.953552,743.4371,5,4.891561
2.14429,2143,763.953552,743.4435,5,4.94064
2.14430,2144,763.953552,743.4481,5,5.05515862
2.14617,2145,763.953552,743.4529,5,5.016986
2.14794,2146,763.953552,743.4574,5,5.05515862
2.14796,2147,763.953552,743.462769,5,4.81521559
2.14920,2148,763.953552,743.4684,5,5.016986
2.15107,2149,763.953552,743.473,5,5.016986
2.15109,2150,763.953552,743.4779,5,5.087878
2.15238,2151,763.953552,743.4824,5,4.97335958
2.15240,2152,763.953552,743.487732,5,4.869748
2.15416,2153,763.953552,743.492737,5,5.02789259
2.15596,2154,763.953552,743.497437,5,4.95154667
2.15597,2155,763.953552,743.5027,5,5.12059736
2.15721,2156,763.953552,743.5075,5,4.97335958
2.15908,2157,763.953552,743.513062,5,5.02789259
2.15910,2158,763.953552,743.5176,5,5.05515862
2.16030,2159,763.953552,743.522461,5,4.94064
2.16031,2160,763.953552,743.527344,5,4.97335958
2.16217,2161,763.953552,743.532349,5,4.78794956
2.16394,2162,763.953552,743.5378,5,5.006079
2.16395,2163,763.953552,743.542358,5,4.96245337
2.16521,2164,763.953552,743.5473,5,4.98426628
2.16706,2165,763.953552,743.551941,5,4.95154667
2.16710,2166,763.953552,743.557434,5,4.869748
2.16830,2167,763.953552,743.562439,5,5.05515862
2.16831,2168,763.953552,743.5671,5,4.95154667
2.17017,2169,763.953552,743.5724,5,5.066065
2.17198,2170,763.953552,743.577148,5,4.96245337
2.17202,2171,763.953552,743.5826,5,4.98426628
2.17322,2172,763.953552,743.5871,5,5.006079
2.17505,2173,763.953552,743.5921,5,4.90246725
2.17510,2174,763.953552,743.5975,5,5.05515862
2.17635,2175,763.953552,743.6024,5,4.92973375
2.17638,2176,763.953552,743.6074,5,5.07697153
2.17821,2177,763.953552,743.611755,5,4.95154667
2.17995,2178,763.953552,743.617432,5,4.95154667
2.17996,2179,763.953552,743.6227,5,5.09878445
2.18122,2180,763.953552,743.6277,5,5.02789259
2.18304,2181,763.953552,743.631958,5,5.087878
2.18305,2182,763.953552,743.6368,5,4.858842
2.18433,2183,763.953552,743.642761,5,4.97335958
2.18435,2184,763.953552,743.6478,5,5.006079
2.18614,2185,763.953552,743.6527,5,5.13150358
2.18796,2186,763.953552,743.657,5,5.109691
2.18798,2187,763.953552,743.6622,5,4.837029
2.18922,2188,763.953552,743.6676,5,4.96245337
2.19104,2189,763.953552,743.672546,5,4.94064
2.19105,2190,763.953552,743.677734,5,5.153317
2.19230,2191,763.953552,743.682434,5,5.016986
2.19231,2192,763.953552,743.692749,5,4.98426628
2.19415,2193,763.953552,743.6982,5,4.96245337
2.19595,2194,763.953552,743.7029,5,5.202396
2.19597,2195,763.953552,743.707336,5,4.995173
2.19721,2196,763.953552,743.712769,5,4.97335958
2.19903,2197,763.953552,743.7176,5,4.869748
2.19904,2198,763.953552,743.7234,5,4.98426628
2.20029,2199,763.953552,743.728,5,5.109691
2.20030,2200,763.953552,743.7328,5,4.98426628
2.20257,2201,763.953552,743.7374,5,4.98426628
2.20396,2202,763.953552,743.7426,5,4.76613665
2.20397,2203,763.953552,743.7486,5,5.066065
2.20531,2204,763.953552,743.753052,5,5.109691
2.20703,2205,763.953552,743.757935,5,5.12059736
2.20705,2206,763.953552,743.762451,5,5.016986
2.20829,2207,763.953552,743.7682,5,4.837029
2.20831,2208,763.953552,743.773438,5,5.07697153
2.21012,2209,763.953552,743.778,5,4.995173
2.21198,2210,763.953552,743.7828,5,5.09878445
2.21201,2211,763.953552,743.787537,5,4.891561
2.21324,2212,763.953552,743.7934,5,4.90246725
2.21503,2213,763.953552,743.798157,5,5.066065
2.21504,2214,763.953552,743.80304,5,5.02789259
2.21630,2215,763.953552,743.8077,5,5.07697153
2.21631,2216,763.953552,743.8128,5,4.858842
2.21812,2217,763.953552,743.8183,5,4.995173
2.21997,2218,763.953552,743.822937,5,4.97335958
2.21998,2219,763.953552,743.8281,5,5.066065
2.22121,2220,763.953552,743.832947,5,5.07697153
2.22302,2221,763.953552,743.83844,5,4.97335958
2.22305,2222,763.953552,743.8435,5,5.14241028
2.22430,2223,763.953552,743.848145,5,5.006079
2.22432,2224,763.953552,743.853149,5,5.038799
2.22611,2225,763.953552,743.8579,5,4.891561
2.22795,2226,763.953552,743.863647,5,4.97335958
2.22798,2227,763.953552,743.8682,5,5.066065
2.22922,2228,763.953552,743.873169,5,4.995173
2.23103,2229,763.953552,743.878,5,5.05515862
2.23105,2230,763.953552,743.88324,5,4.869748
2.23230,2231,763.953552,743.8887,5,5.05515862
2.23231,2232,763.953552,743.89325,5,4.995173
2.23413,2233,763.953552,743.898438,5,5.038799
2.23598,2234,763.953552,743.903259,5,5.05515862
2.23602,2235,763.953552,743.9087,5,4.96245337
2.23722,2236,763.953552,743.9133,5,5.066065
2.23907,2237,763.953552,743.9181,5,4.90246725
2.23910,2238,763.953552,743.9235,5,5.066065
2.24032,2239,763.953552,743.928467,5,4.98426628
2.24035,2240,763.953552,743.9339,5,5.016986
2.24214,2241,763.953552,743.938232,5,5.016986
2.24395,2242,763.953552,743.9437,5,4.891561
2.24397,2243,763.953552,743.949158,5,5.07697153
2.24525,2244,763.953552,743.954468,5,5.02789259
2.24705,2245,763.953552,743.9588,5,5.109691
2.24706,2246,763.953552,743.96344,5,4.90246725
2.24831,2247,763.953552,743.9694,5,4.891561
2.24833,2248,763.953552,743.9742,5,5.016986
2.25012,2249,763.953552,743.9788,5,5.038799
2.25194,2250,763.953552,743.9833,5,5.164223
2.25196,2251,763.953552,743.988037,5,4.869748
2.25323,2252,763.953552,743.993652,5,4.92973375
2.25503,2253,763.953552,743.998962,5,4.94064
2.25505,2254,763.953552,744.0039,5,5.087878
2.25631,2255,763.953552,744.0086,5,5.12059736
2.25632,2256,763.953552,744.0135,5,4.92973375
2.25813,2257,763.953552,744.019,5,5.02789259
2.25997,2258,763.953552,744.0243,5,4.95154667
2.26001,2259,763.953552,744.029541,5,5.191489
2.26121,2260,763.953552,744.0341,5,5.087878
2.26303,2261,763.953552,744.039,5,4.995173
2.26304,2262,763.953552,744.0438,5,4.95154667
2.26431,2263,763.953552,744.049744,5,4.95154667
2.26434,2264,763.953552,744.0545,5,5.164223
2.26611,2265,763.953552,744.059143,5,5.016986
2.26797,2266,763.953552,744.063965,5,5.05515862
2.26799,2267,763.953552,744.0689,5,4.82612228
2.26925,2268,763.953552,744.074951,5,4.995173
2.27105,2269,763.953552,744.0796,5,5.153317
2.27106,2270,763.953552,744.0845,5,5.109691
2.27236,2271,763.953552,744.08905,5,5.087878
2.27239,2272,763.953552,744.0945,5,4.837029
2.27414,2273,763.953552,744.100037,5,5.05515862
2.27598,2274,763.953552,744.1045,5,5.006079
2.27600,2275,763.953552,744.1094,5,5.087878
2.27721,2276,763.953552,744.114,5,4.96245337
2.27905,2277,763.953552,744.1199,5,4.869748
2.27906,2278,763.953552,744.1248,5,5.066065
2.28033,2279,763.953552,744.129639,5,5.006079
2.28037,2280,763.953552,744.1343,5,5.087878
2.28212,2281,763.953552,744.1392,5,4.869748
2.28395,2282,763.953552,744.1448,5,4.95154667
2.28397,2283,763.953552,744.1494,5,4.98426628
2.28520,2284,763.953552,744.154541,5,5.006079
2.28705,2285,763.953552,744.1594,5,5.09878445
2.28707,2286,763.953552,744.1648,5,4.94064
2.28836,2287,763.953552,744.17,5,5.12059736
2.28838,2288,763.953552,744.1745,5,5.016986
2.29013,2289,763.953552,744.1795,5,5.006079
2.29198,2290,763.953552,744.184265,5,4.94064
2.29200,2291,763.953552,744.189941,5,4.891561
2.29320,2292,763.953552,744.194763,5,5.07697153
2.29504,2293,763.953552,744.199646,5,4.995173
2.29505,2294,763.953552,744.2094,5,4.891561
2.29631,2295,763.953552,744.2149,5,4.995173
2.29633,2296,763.953552,744.219543,5,5.016986
2.29812,2297,763.953552,744.2247,5,4.995173
2.29996,2298,763.953552,744.2296,5,5.087878
2.29998,2299,763.953552,744.2349,5,4.92973375
2.30121,2300,763.953552,744.239868,5,5.07697153
2.30305,2301,763.953552,744.2443,5,4.92973375
2.30307,2302,763.953552,744.2499,5,5.016986
2.30432,2303,763.953552,744.2549,5,5.038799
2.30434,2304,763.953552,744.26,5,4.97335958
2.30614,2305,763.953552,744.264465,5,5.07697153
2.30796,2306,763.953552,744.2696,5,4.869748
2.30798,2307,763.953552,744.2752,5,5.066065
2.30921,2308,763.953552,744.2802,5,5.05515862
2.31104,2309,763.953552,744.2849,5,5.109691
2.31107,2310,763.953552,744.289063,5,4.97335958
2.31229,2311,763.953552,744.2949,5,4.847935
2.31232,2312,763.953552,744.300232,5,5.016986
2.31412,2313,763.953552,744.3052,5,5.006079
2.31597,2314,763.953552,744.3098,5,5.202396
2.31599,2315,763.953552,744.3143,5,4.92973375
2.31720,2316,763.953552,744.320068,5,4.891561
2.31915,2317,763.953552,744.325256,5,4.94064
2.31919,2318,763.953552,744.330444,5,5.006079
2.32032,2319,763.953552,744.334961,5,5.14241028
2.32033,2320,763.953552,744.34,5,4.90246725
2.32215,2321,763.953552,744.345337,5,4.98426628
2.32395,2322,763.953552,744.3502,5,4.913374
2.32397,2323,763.953552,744.3557,5,5.09878445
2.32520,2324,763.953552,744.360046,5,5.109691
2.32704,2325,763.953552,744.3651,5,4.94064
2.32706,2326,763.953552,744.3698,5,4.95154667
2.32829,2327,763.953552,744.3754,5,4.847935
2.32830,2328,763.953552,744.3806,5,5.09878445
2.33011,2329,763.953552,744.3854,5,5.006079
2.33195,2330,763.953552,744.3899,5,5.006079
2.33196,2331,763.953552,744.3945,5,4.869748
2.33320,2332,763.953552,744.4006,5,4.858842
2.33503,2333,763.953552,744.40564,5,5.164223
2.33504,2334,763.953552,744.4103,5,5.07697153
2.33630,2335,763.953552,744.414856,5,5.13150358
2.33631,2336,763.953552,744.42,5,4.88065434
2.33813,2337,763.953552,744.425842,5,4.95154667
2.33997,2338,763.953552,744.4303,5,5.05515862
2.33999,2339,763.953552,744.4353,5,5.02789259
2.34125,2340,763.953552,744.4397,5,5.038799
2.34308,2341,763.953552,744.4453,5,4.81521559
2.34311,2342,763.953552,744.450867,5,5.016986
2.34429,2343,763.953552,744.4556,5,5.006079
2.34431,2344,763.953552,744.4604,5,5.07697153
2.34612,2345,763.953552,744.465149,5,4.96245337
2.34798,2346,763.953552,744.4708,5,4.869748
2.34800,2347,763.953552,744.4758,5,5.02789259
2.34920,2348,763.953552,744.480835,5,4.95154667
2.35106,2349,763.953552,744.48584,5,5.12059736
2.35107,2350,763.953552,744.4906,5,4.97335958
2.35230,2351,763.953552,744.4961,5,5.05515862
2.35232,2352,763.953552,744.500244,5,5.07697153
2.35415,2353,763.953552,744.5053,5,4.97335958
2.35598,2354,763.953552,744.51,5,5.006079
2.35601,2355,763.953552,744.5155,5,4.847935
2.35721,2356,763.953552,744.5207,5,5.066065
2.35907,2357,763.953552,744.5253,5,5.006079
2.35910,2358,763.953552,744.530334,5,5.038799
2.36028,2359,763.953552,744.5351,5,4.97335958
2.36029,2360,763.953552,744.5407,5,4.92973375
2.36212,2361,763.953552,744.5455,5,5.07697153
2.36398,2362,763.953552,744.5505,5,4.97335958
2.36400,2363,763.953552,744.5554,5,5.09878445
2.36520,2364,763.953552,744.5603,5,4.95154667
2.36708,2365,763.953552,744.565735,5,5.006079
2.36712,2366,763.953552,744.570068,5,4.98426628
2.36848,2367,763.953552,744.575439,5,4.913374
2.36850,2368,763.953552,744.580444,5,5.05515862
2.37036,2369,763.953552,744.585632,5,4.913374
2.37201,2370,763.953552,744.5902,5,5.07697153
2.37203,2371,763.953552,744.594849,5,4.90246725
2.37322,2372,763.953552,744.600769,5,4.96245337
2.37507,2373,763.953552,744.6057,5,5.066065
2.37509,2374,763.953552,744.610657,5,5.02789259
2.37629,2375,763.953552,744.614746,5,5.05515862
2.37630,2376,763.953552,744.619934,5,4.798856
2.37815,2377,763.953552,744.6257,5,4.96245337
2.37998,2378,763.953552,744.6307,5,4.97335958
2.38001,2379,763.953552,744.635437,5,5.13150358
2.38120,2380,763.953552,744.6401,5,5.066065
2.38304,2381,763.953552,744.6455,5,4.798856
2.38305,2382,763.953552,744.6506,5,4.92973375
2.38430,2383,763.953552,744.6557,5,4.90246725
2.38431,2384,763.953552,744.6605,5,5.13150358
2.38619,2385,763.953552,744.6651,5,4.97335958
2.38801,2386,763.953552,744.670532,5,4.90246725
2.38803,2387,763.953552,744.675354,5,4.95154667
2.38920,2388,763.953552,744.6808,5,4.94064
2.39107,2389,763.953552,744.6856,5,5.164223
2.39109,2390,763.953552,744.6902,5,4.96245337
2.39232,2391,763.953552,744.6952,5,4.95154667
2.39236,2392,763.953552,744.700256,5,4.858842
2.39412,2393,763.953552,744.7059,5,4.97335958
2.39597,2394,763.953552,744.7103,5,5.087878
2.39600,2395,763.953552,744.7198,5,4.97335958
2.39722,2396,763.953552,744.7252,5,4.74432325
2.39904,2397,763.953552,744.731,5,5.038799
2.39905,2398,763.953552,744.7355,5,5.09878445
2.40031,2399,763.953552,744.740234,5,5.109691
2.40033,2400,763.953552,744.7449,5,5.016986
2.40262,2401,763.953552,744.750732,5,4.837029
2.40396,2402,763.953552,744.755737,5,5.066065
2.40400,2403,763.953552,744.7604,5,4.98426628
2.40521,2404,763.953552,744.765,5,5.09878445
2.40705,2405,763.953552,744.769958,5,4.891561
2.40707,2406,763.953552,744.7758,5,4.891561
2.40829,2407,763.953552,744.780457,5,5.066065
2.40830,2408,763.953552,744.785461,5,5.016986
2.41014,2409,763.953552,744.7899,5,5.07697153
2.41196,2410,763.953552,744.7953,5,4.847935
2.41198,2411,763.953552,744.8006,5,4.97335958
2.41320,2412,763.953552,744.805237,5,4.96245337
2.41504,2413,763.953552,744.810364,5,5.038799
2.41505,2414,763.953552,744.815247,5,5.07697153
2.41630,2415,763.953552,744.820862,5,4.96245337
2.41632,2416,763.953552,744.825562,5,5.14241028
2.41817,2417,763.953552,744.8304,5,5.006079
2.41996,2418,763.953552,744.835266,5,5.02789259
2.41997,2419,763.953552,744.8402,5,4.891561
2.42123,2420,763.953552,744.8458,5,4.95154667
2.42307,2421,763.953552,744.8505,5,5.05515862
2.42310,2422,763.953552,744.8554,5,4.995173
2.42430,2423,763.953552,744.8602,5,5.066065
2.42432,2424,763.953552,744.8655,5,4.869748
2.42616,2425,763.953552,744.8707,5,5.038799
2.42801,2426,763.953552,744.8754,5,5.006079
2.42805,2427,763.953552,744.8806,5,5.02789259
2.42920,2428,763.953552,744.8855,5,5.05515862
2.43105,2429,763.953552,744.890869,5,4.94064
2.43107,2430,763.953552,744.8953,5,5.066065
2.43229,2431,763.953552,744.9003,5,4.90246725
2.43230,2432,763.953552,744.905762,5,5.038799
2.43415,2433,763.953552,744.9107,5,4.995173
2.43609,2434,763.953552,744.9158,5,4.995173
2.43613,2435,763.953552,744.9201,5,5.02789259
2.43722,2436,763.953552,744.925537,5,4.869748
2.43909,2437,763.953552,744.931335,5,5.07697153
2.43912,2438,763.953552,744.9366,5,5.02789259
2.44029,2439,763.953552,744.940552,5,5.109691
2.44031,2440,763.953552,744.9453,5,4.913374
2.44218,2441,763.953552,744.9513,5,4.88065434
2.44397,2442,763.953552,744.956238,5,5.016986
2.44401,2443,763.953552,744.961365,5,5.02789259
2.44522,2444,763.953552,744.965454,5,5.191489
2.44708,2445,763.953552,744.971069,5,4.869748
2.44711,2446,763.953552,744.97644,5,4.913374
2.44829,2447,763.953552,744.9814,5,4.92973375
2.44830,2448,763.953552,744.986755,5,5.05515862
2.45013,2449,763.953552,744.9909,5,5.12059736
2.45197,2450,763.953552,744.9963,5,4.88065434
2.45200,2451,763.953552,745.0012,5,4.98426628
2.45321,2452,763.953552,745.0066,5,4.90246725
2.45507,2453,763.953552,745.011353,5,5.13150358
2.45509,2454,763.953552,745.0158,5,5.07697153
2.45630,2455,763.953552,745.020752,5,4.94064
2.45632,2456,763.953552,745.0256,5,4.92973375
2.45817,2457,763.953552,745.0314,5,4.869748
2.45997,2458,763.953552,745.0362,5,5.13150358
2.46000,2459,763.953552,745.040833,5,5.006079
2.46121,2460,763.953552,745.045532,5,5.02789259
2.46306,2461,763.953552,745.050537,5,4.837029
2.46309,2462,763.953552,745.0566,5,4.90246725
2.46429,2463,763.953552,745.0612,5,5.153317
2.46430,2464,763.953552,745.0661,5,5.087878
2.46614,2465,763.953552,745.070557,5,5.12059736
2.46797,2466,763.953552,745.07605,5,4.847935
2.46799,2467,763.953552,745.0816,5,5.006079
2.46924,2468,763.953552,745.0865,5,5.02789259
2.47110,2469,763.953552,745.090942,5,5.066065
2.47112,2470,763.953552,745.0956,5,5.006079
2.47232,2471,763.953552,745.1014,5,4.82612228
2.47235,2472,763.953552,745.1064,5,5.05515862
2.47418,2473,763.953552,745.111145,5,5.006079
2.47595,2474,763.953552,745.115845,5,5.09878445
2.47597,2475,763.953552,745.1208,5,4.92973375
2.47721,2476,763.953552,745.1264,5,4.90246725
2.47906,2477,763.953552,745.131042,5,5.006079
2.47908,2478,763.953552,745.136169,5,4.96245337
2.48031,2479,763.953552,745.1409,5,5.12059736
2.48033,2480,763.953552,745.146362,5,4.94064
2.48214,2481,763.953552,745.1514,5,5.087878
2.48398,2482,763.953552,745.156067,5,5.038799
2.48401,2483,763.953552,745.161133,5,4.97335958
2.48520,2484,763.953552,745.165833,5,4.98426628
2.48706,2485,763.953552,745.171448,5,4.858842
2.48708,2486,763.953552,745.1762,5,5.087878
2.48830,2487,763.953552,745.1812,5,4.995173
2.48832,2488,763.953552,745.186,5,5.05515862
2.49019,2489,763.953552,745.1909,5,4.92973375
2.49199,2490,763.953552,745.196533,5,4.94064
2.49202,2491,763.953552,745.2011,5,5.05515862
2.49321,2492,763.953552,745.21106,5,5.09878445
2.49505,2493,763.953552,745.2164,5,4.92973375
2.49507,2494,763.953552,745.221252,5,5.038799
2.49629,2495,763.953552,745.225769,5,4.95154667
2.49630,2496,763.953552,745.2313,5,4.95154667
2.49814,2497,763.953552,745.2362,5,5.05515862
2.49998,2498,763.953552,745.2414,5,4.94064
2.50000,2499,763.953552,745.2459,5,5.087878
2.50120,2500,763.953552,745.250854,5,4.869748
2.50307,2501,763.953552,745.2566,5,5.006079
2.50310,2502,763.953552,745.261536,5,5.038799
2.50435,2503,763.953552,745.2663,5,5.066065
2.50436,2504,763.953552,745.2705,5,5.02789259
2.50616,2505,763.953552,745.27655,5,4.798856
2.50796,2506,763.953552,745.281555,5,4.995173
2.50797,2507,763.953552,745.2865,5,4.98426628
2.50925,2508,763.953552,745.2914,5,5.164223
2.51105,2509,763.953552,745.2959,5,5.016986
2.51108,2510,763.953552,745.301636,5,4.837029
2.51229,2511,763.953552,745.3065,5,4.95154667
2.51231,2512,763.953552,745.3118,5,4.94064
2.51414,2513,763.953552,745.316162,5,5.153317
2.51600,2514,763.953552,745.3212,5,4.94064
2.51602,2515,763.953552,745.3265,5,4.96245337
2.51722,2516,763.953552,745.3314,5,4.94064
2.51928,2517,763.953552,745.337,5,5.016986
2.51934,2518,763.953552,745.3414,5,5.164223
2.52030,2519,763.953552,745.346252,5,4.95154667
2.52033,2520,763.953552,745.351135,5,4.97335958
2.52216,2521,763.953552,745.3566,5,4.837029
2.52399,2522,763.953552,745.361938,5,5.038799
2.52405,2523,763.953552,745.3664,5,5.066065
2.52522,2524,763.953552,745.3713,5,4.98426628
2.52708,2525,763.953552,745.375854,5,4.95154667
2.52711,2526,763.953552,745.381836,5,4.78794956
2.52830,2527,763.953552,745.386963,5,5.12059736
2.52831,2528,763.953552,745.3916,5,5.09878445
2.53016,2529,763.953552,745.39624,5,5.14241028
2.53198,2530,763.953552,745.401245,5,4.96245337
2.53200,2531,763.953552,745.4071,5,4.90246725
2.53320,2532,763.953552,745.411743,5,5.087878
2.53506,2533,763.953552,745.4167,5,5.016986
2.53508,2534,763.953552,745.421143,5,5.09878445
2.53637,2535,763.953552,745.4267,5,4.858842
2.53639,2536,763.953552,745.432068,5,4.98426628
2.53814,2537,763.953552,745.436951,5,5.038799
2.54000,2538,763.953552,745.4416,5,5.05515862
2.54002,2539,763.953552,745.446533,5,5.02789259
2.54124,2540,763.953552,745.452,5,4.847935
2.54313,2541,763.953552,745.4568,5,5.02789259
2.54320,2542,763.953552,745.461731,5,4.96245337
2.54430,2543,763.953552,745.467,5,5.09878445
2.54432,2544,763.953552,745.4721,5,5.02789259
2.54615,2545,763.953552,745.4779,5,5.016986
2.54797,2546,763.953552,745.4824,5,5.12059736
2.54799,2547,763.953552,745.4871,5,4.995173
2.54922,2548,763.953552,745.491943,5,5.038799
2.55103,2549,763.953552,745.4974,5,4.858842
2.55106,2550,763.953552,745.502136,5,5.038799
2.55233,2551,763.953552,745.5069,5,5.02789259
2.55235,2552,763.953552,745.5119,5,5.016986
2.55421,2553,763.953552,745.516663,5,5.016986
2.55600,2554,763.953552,745.522339,5,4.90246725
2.55604,2555,763.953552,745.527039,5,5.109691
2.55721,2556,763.953552,745.5322,5,5.016986
2.55908,2557,763.953552,745.5373,5,5.14241028
2.55912,2558,763.953552,745.5424,5,5.066065
2.56030,2559,763.953552,745.547668,5,5.07697153
2.56031,2560,763.953552,745.5521,5,5.087878
2.56216,2561,763.953552,745.557739,5,5.006079
2.56399,2562,763.953552,745.562744,5,5.14241028
2.56402,2563,763.953552,745.567932,5,5.006079
2.56521,2564,763.953552,745.572632,5,5.14241028
2.56706,2565,763.953552,745.5776,5,4.98426628
2.56708,2566,763.953552,745.5833,5,5.02789259
2.56829,2567,763.953552,745.5889,5,5.13150358
2.56832,2568,763.953552,745.593445,5,5.087878
2.57016,2569,763.953552,745.5976,5,5.09878445
2.57194,2570,763.953552,745.603333,5,4.847935
2.57195,2571,763.953552,745.608765,5,5.006079
2.57325,2572,763.953552,745.6134,5,5.006079
2.57510,2573,763.953552,745.618164,5,5.153317
2.57514,2574,763.953552,745.622864,5,5.07697153
2.57632,2575,763.953552,745.62854,5,4.837029
2.57635,2576,763.953552,745.6334,5,4.96245337
2.57815,2577,763.953552,745.638733,5,4.92973375
2.57997,2578,763.953552,745.6432,5,5.153317
2.58000,2579,763.953552,745.648132,5,4.97335958
2.58123,2580,763.953552,745.653442,5,4.92973375
2.58308,2581,763.953552,745.658447,5,4.96245337
2.58311,2582,763.953552,745.6638,5,4.97335958
2.58430,2583,763.953552,745.6683,5,5.164223
2.58431,2584,763.953552,745.673157,5,4.96245337
2.58613,2585,763.953552,745.67804,5,4.95154667
2.58802,2586,763.953552,745.6834,5,4.837029
2.58805,2587,763.953552,745.6891,5,4.995173
2.58921,2588,763.953552,745.6932,5,5.07697153
2.59108,2589,763.953552,745.698059,5,4.97335958
2.59111,2590,763.953552,745.7026,5,4.96245337
2.59231,2591,763.953552,745.708557,5,4.74432325
2.59233,2592,763.953552,745.7137,5,5.066065
2.59416,2593,763.953552,745.7183,5,5.087878
2.59597,2594,763.953552,745.722961,5,5.109691
2.59599,2595,763.953552,745.733765,5,4.837029
2.59721,2596,763.953552,745.7384,5,5.066065
2.59905,2597,763.953552,745.7432,5,4.995173
2.59906,2598,763.953552,745.747864,5,5.09878445
2.60030,2599,763.953552,745.7532,5,4.891561
2.60032,2600,763.953552,745.7587,5,4.913374
2.60260,2601,763.953552,745.7633,5,5.066065
2.60397,2602,763.953552,745.7682,5,5.016986
2.60400,2603,763.953552,745.772766,5,5.05515862
2.60527,2604,763.953552,745.7784,5,4.847935
2.60707,2605,763.953552,745.7833,5,4.98426628
2.60711,2606,763.953552,745.7885,5,4.96245337
2.60832,2607,763.953552,745.7934,5,5.066065
2.60834,2608,763.953552,745.798157,5,5.066065
2.61016,2609,763.953552,745.8038,5,4.98426628
2.61198,2610,763.953552,745.8084,5,5.14241028
2.61200,2611,763.953552,745.813354,5,4.995173
2.61321,2612,763.953552,745.8182,5,5.02789259
2.61507,2613,763.953552,745.8234,5,4.88065434
2.61510,2614,763.953552,745.8287,5,4.97335958
2.61628,2615,763.953552,745.8334,5,5.05515862
2.61630,2616,763.953552,745.83844,5,4.995173
2.61814,2617,763.953552,745.8431,5,5.038799
2.61996,2618,763.953552,745.8487,5,4.869748
2.61999,2619,763.953552,745.853638,5,5.038799
2.62122,2620,763.953552,745.858459,5,4.995173
2.62305,2621,763.953552,745.8635,5,5.05515862
2.62307,2622,763.953552,745.8684,5,5.038799
2.62430,2623,763.953552,745.873962,5,4.97335958
2.62431,2624,763.953552,745.878235,5,5.066065
2.62616,2625,763.953552,745.8835,5,4.891561
2.62800,2626,763.953552,745.8887,5,5.05515862
2.62804,2627,763.953552,745.893738,5,4.98426628
2.62921,2628,763.953552,745.8986,5,5.02789259
2.63106,2629,763.953552,745.9031,5,5.02789259
2.63109,2630,763.953552,745.908936,5,4.90246725
2.63229,2631,763.953552,745.914,5,5.087878
2.63230,2632,763.953552,745.918945,5,5.038799
2.63415,2633,763.953552,745.9231,5,5.109691
2.63598,2634,763.953552,745.9283,5,4.891561
2.63602,2635,763.953552,745.934448,5,4.90246725
2.63722,2636,763.953552,745.939331,5,5.016986
2.63909,2637,763.953552,745.9442,5,5.066065
2.63912,2638,763.953552,745.948547,5,5.180583
2.64029,2639,763.953552,745.9539,5,4.869748
2.64030,2640,763.953552,745.959167,5,4.94064
2.64215,2641,763.953552,745.964233,5,4.92973375
2.64394,2642,763.953552,745.9694,5,5.087878
2.64397,2643,763.953552,745.973938,5,5.087878
2.64521,2644,763.953552,745.9794,5,4.891561
2.64711,2645,763.953552,745.9843,5,4.995173
2.64713,2646,763.953552,745.989868,5,4.913374
2.64830,2647,763.953552,745.9945,5,5.164223
2.64832,2648,763.953552,745.9992,5,5.038799
2.65016,2649,763.953552,746.00415,5,4.94064
2.65194,2650,763.953552,746.0092,5,4.90246725
2.65196,2651,763.953552,746.015,5,4.90246725
2.65322,2652,763.953552,746.0191,5,5.13150358
2.65504,2653,763.953552,746.024,5,5.006079
2.65507,2654,763.953552,746.028564,5,5.02789259
2.65630,2655,763.953552,746.034058,5,4.81521559
2.65631,2656,763.953552,746.039856,5,4.96245337
2.65816,2657,763.953552,746.044434,5,5.164223
2.65995,2658,763.953552,746.0492,5,5.109691
2.65996,2659,763.953552,746.053833,5,5.12059736
2.66123,2660,763.953552,746.0598,5,4.88065434
2.66310,2661,763.953552,746.064758,5,5.07697153
2.66313,2662,763.953552,746.0695,5,5.05515862
2.66429,2663,763.953552,746.0743,5,5.13150358
2.66430,2664,763.953552,746.0794,5,5.006079
2.66618,2665,763.953552,746.085144,5,4.913374
2.66796,2666,763.953552,746.0898,5,5.12059736
2.66799,2667,763.953552,746.0947,5,5.038799
2.66924,2668,763.953552,746.0993,5,5.12059736
2.67105,2669,763.953552,746.1048,5,4.90246725
2.67107,2670,763.953552,746.11,5,4.97335958
2.67231,2671,763.953552,746.1147,5,5.006079
2.67234,2672,763.953552,746.1199,5,5.038799
2.67415,2673,763.953552,746.124756,5,5.12059736
2.67594,2674,763.953552,746.1304,5,4.96245337
2.67596,2675,763.953552,746.134949,5,5.13150358
2.67721,2676,763.953552,746.1399,5,5.02789259
2.67908,2677,763.953552,746.1448,5,5.02789259
2.67911,2678,763.953552,746.1499,5,4.92973375
2.68029,2679,763.953552,746.1554,5,4.92973375
2.68031,2680,763.953552,746.16,5,5.07697153
2.68217,2681,763.953552,746.165039,5,4.98426628
2.68395,2682,763.953552,746.169739,5,5.07697153
2.68396,2683,763.953552,746.175232,5,4.88065434
2.68521,2684,763.953552,746.1802,5,5.016986
2.68704,2685,763.953552,746.184937,5,5.016986
2.68706,2686,763.953552,746.1901,5,5.006079
2.68831,2687,763.953552,746.195,5,5.07697153
2.68832,2688,763.953552,746.2005,5,4.92973375
2.69015,2689,763.953552,746.2048,5,5.066065
2.69197,2690,763.953552,746.2099,5,4.90246725
2.69200,2691,763.953552,746.2202,5,5.006079
2.69322,2692,763.953552,746.225159,5,4.97335958
2.69507,2693,763.953552,746.229553,5,5.05515862
2.69510,2694,763.953552,746.2356,5,4.858842
2.69630,2695,763.953552,746.2356,5,4.858842
2.69632,2696,763.953552,746.2458,5,5.016986
2.69816,2697,763.953552,746.25,5,5.09878445
2.69996,2698,763.953552,746.254944,5,4.95154667
2.69997,2699,763.953552,746.260864,5,4.847935
2.70121,2700,763.953552,746.2658,5,5.038799
2.70307,2701,763.953552,746.270752,5,5.02789259
2.70310,2702,763.953552,746.2751,5,5.21330261
2.70431,2703,763.953552,746.2804,5,4.92973375
2.70433,2704,763.953552,746.2857,5,4.913374
2.70618,2705,763.953552,746.2908,5,4.95154667
2.70797,2706,763.953552,746.2958,5,5.05515862
2.70798,2707,763.953552,746.300232,5,5.153317
2.70921,2708,763.953552,746.3056,5,4.913374
2.71110,2709,763.953552,746.310547,5,5.006079
2.71116,2710,763.953552,746.316,5,4.90246725
2.71232,2711,763.953552,746.3209,5,5.13150358
2.71234,2712,763.953552,746.325562,5,5.09878445
2.71414,2713,763.953552,746.3305,5,4.94064
2.71595,2714,763.953552,746.3354,5,4.95154667
2.71598,2715,763.953552,746.341248,5,4.858842
2.71724,2716,763.953552,746.3457,5,5.12059736
2.71913,2717,763.953552,746.3505,5,5.006079
2.71919,2718,763.953552,746.3551,5,5.016986
2.72031,2719,763.953552,746.3604,5,4.858842
2.72033,2720,763.953552,746.366333,5,4.869748
2.72220,2721,763.953552,746.3708,5,5.153317
2.72397,2722,763.953552,746.375549,5,5.066065
2.72400,2723,763.953552,746.3801,5,5.109691
2.72523,2724,763.953552,746.3858,5,4.847935
2.72703,2725,763.953552,746.391357,5,4.95154667
2.72705,2726,763.953552,746.3957,5,5.038799
2.72830,2727,763.953552,746.400452,5,5.038799
2.72832,2728,763.953552,746.4051,5,5.016986
2.73013,2729,763.953552,746.4111,5,4.798856
2.73194,2730,763.953552,746.415833,5,5.016986
2.73196,2731,763.953552,746.4206,5,4.98426628
2.73320,2732,763.953552,746.425232,5,5.087878
2.73503,2733,763.953552,746.430359,5,4.94064
2.73504,2734,763.953552,746.435852,5,4.88065434
2.73629,2735,763.953552,746.4404,5,5.016986
2.73631,2736,763.953552,746.4457,5,4.95154667
2.73815,2737,763.953552,746.4505,5,5.12059736
2.73995,2738,763.953552,746.455933,5,4.96245337
2.73997,2739,763.953552,746.4612,5,5.07697153
2.74125,2740,763.953552,746.465942,5,5.066065
2.74302,2741,763.953552,746.470947,5,4.97335958
2.74304,2742,763.953552,746.475769,5,5.006079
2.74429,2743,763.953552,746.4813,5,4.858842
2.74430,2744,763.953552,746.486267,5,5.07697153
2.74612,2745,763.953552,746.491333,5,5.006079
2.74795,2746,763.953552,746.4957,5,5.038799
2.74799,2747,763.953552,746.501,5,4.95154667
2.74921,2748,763.953552,746.5064,5,4.94064
2.75102,2749,763.953552,746.5106,5,5.066065
2.75103,2750,763.953552,746.5158,5,4.97335958
2.75263,2751,763.953552,746.5206,5,5.109691
2.75265,2752,763.953552,746.5261,5,4.95154667
2.75415,2753,763.953552,746.530762,5,5.038799
2.75600,2754,763.953552,746.5356,5,4.98426628
2.75603,2755,763.953552,746.5411,5,4.96245337
2.75726,2756,763.953552,746.546,5,5.087878
2.75905,2757,763.953552,746.5512,5,4.96245337
2.75908,2758,763.953552,746.555542,5,5.12059736
2.76029,2759,763.953552,746.5614,5,4.92973375
2.76031,2760,763.953552,746.566833,5,5.05515862
2.76212,2761,763.953552,746.571838,5,5.109691
2.76395,2762,763.953552,746.576355,5,5.09878445
2.76396,2763,763.953552,746.5809,5,5.07697153
2.76525,2764,763.953552,746.5869,5,4.858842
2.76707,2765,763.953552,746.5919,5,5.02789259
2.76711,2766,763.953552,746.597,5,5.016986
2.76832,2767,763.953552,746.6013,5,5.202396
2.76833,2768,763.953552,746.6063,5,5.02789259
2.77014,2769,763.953552,746.6119,5,4.869748
2.77202,2770,763.953552,746.6168,5,4.96245337
2.77205,2771,763.953552,746.622,5,4.96245337
2.77321,2772,763.953552,746.6264,5,5.180583
2.77508,2773,763.953552,746.631653,5,4.95154667
2.77512,2774,763.953552,746.6367,5,4.97335958
2.77630,2775,763.953552,746.6419,5,4.94064
2.77631,2776,763.953552,746.647156,5,5.02789259
2.77816,2777,763.953552,746.6517,5,5.153317
2.77994,2778,763.953552,746.6566,5,4.95154667
2.77996,2779,763.953552,746.6614,5,4.96245337
2.78121,2780,763.953552,746.6672,5,4.837029
2.78303,2781,763.953552,746.671936,5,5.05515862
2.78304,2782,763.953552,746.6766,5,5.05515862
2.78432,2783,763.953552,746.6813,5,4.98426628
2.78435,2784,763.953552,746.6862,5,4.913374
2.78613,2785,763.953552,746.692261,5,4.78794956
2.78796,2786,763.953552,746.6969,5,5.12059736
2.78798,2787,763.953552,746.7018,5,5.087878
2.78921,2788,763.953552,746.706238,5,5.12059736
2.79103,2789,763.953552,746.7116,5,4.913374
2.79105,2790,763.953552,746.7172,5,4.869748
2.79235,2791,763.953552,746.7218,5,5.066065
2.79237,2792,763.953552,746.726563,5,4.995173
2.79413,2793,763.953552,746.7312,5,5.07697153
2.79600,2794,763.953552,746.741943,5,4.96245337
2.79603,2795,763.953552,746.7467,5,5.02789259
2.79721,2796,763.953552,746.7514,5,5.05515862
2.79903,2797,763.953552,746.7563,5,5.016986
2.79904,2798,763.953552,746.7619,5,4.82612228
2.80031,2799,763.953552,746.766541,5,5.006079
2.80033,2800,763.953552,746.7716,5,4.92973375
2.80254,2801,763.953552,746.7764,5,5.066065
2.80396,2802,763.953552,746.7818,5,5.006079
2.80398,2803,763.953552,746.787048,5,4.98426628
2.80521,2804,763.953552,746.7916,5,5.109691
2.80707,2805,763.953552,746.7965,5,4.98426628
2.80710,2806,763.953552,746.801331,5,5.02789259
2.80829,2807,763.953552,746.8069,5,4.847935
2.80831,2808,763.953552,746.811768,5,5.006079
2.81013,2809,763.953552,746.81665,5,5.016986
2.81195,2810,763.953552,746.8215,5,4.995173
2.81198,2811,763.953552,746.8264,5,5.016986
2.81320,2812,763.953552,746.832031,5,4.869748
2.81509,2813,763.953552,746.8367,5,5.07697153
2.81510,2814,763.953552,746.8417,5,4.97335958
2.81633,2815,763.953552,746.8466,5,5.07697153
2.81635,2816,763.953552,746.8518,5,5.006079
2.81814,2817,763.953552,746.856934,5,4.97335958
2.81996,2818,763.953552,746.8613,5,5.038799
2.81999,2819,763.953552,746.8669,5,4.90246725
2.82124,2820,763.953552,746.872131,5,5.05515862
2.82310,2821,763.953552,746.877,5,4.96245337
2.82313,2822,763.953552,746.8815,5,5.05515862
2.82430,2823,763.953552,746.886353,5,4.97335958
2.82433,2824,763.953552,746.8924,5,4.913374
2.82613,2825,763.953552,746.897461,5,5.07697153
2.82800,2826,763.953552,746.902161,5,5.02789259
2.82803,2827,763.953552,746.9063,5,5.09878445
2.82923,2828,763.953552,746.912048,5,4.858842
2.83103,2829,763.953552,746.9175,5,4.92973375
2.83105,2830,763.953552,746.9224,5,4.995173
2.83231,2831,763.953552,746.927063,5,5.087878
2.83232,2832,763.953552,746.9316,5,5.14241028
2.83415,2833,763.953552,746.9372,5,4.837029
2.83613,2834,763.953552,746.9421,5,4.94064
2.83616,2835,763.953552,746.9474,5,4.913374
2.83723,2836,763.953552,746.951843,5,5.09878445
2.83908,2837,763.953552,746.9568,5,5.038799
2.83910,2838,763.953552,746.9621,5,4.88065434
2.84030,2839,763.953552,746.967,5,4.97335958
2.84035,2840,763.953552,746.9724,5,4.90246725
2.84211,2841,763.953552,746.9769,5,5.153317
2.84394,2842,763.953552,746.9821,5,5.006079
2.84397,2843,763.953552,746.987,5,4.92973375
2.84520,2844,763.953552,746.992432,5,4.88065434
2.84704,2845,763.953552,746.997742,5,4.90246725
2.84706,2846,763.953552,747.0024,5,4.98426628
2.84830,2847,763.953552,747.007263,5,4.995173
2.84833,2848,763.953552,747.0119,5,4.76613665
2.85012,2849,763.953552,747.0175,5,4.76613665
2.85197,2850,763.953552,747.0227,5,4.96245337
2.85199,2851,763.953552,747.0271,5,5.13150358
2.85323,2852,763.953552,747.031738,5,5.087878
2.85504,2853,763.953552,747.03656,5,5.087878
2.85506,2854,763.953552,747.042542,5,4.847935
2.85631,2855,763.953552,747.0473,5,5.07697153
2.85633,2856,763.953552,747.0522,5,5.038799
2.85811,2857,763.953552,747.0568,5,5.13150358
2.85996,2858,763.953552,747.062256,5,5.006079
2.86000,2859,763.953552,747.0679,5,4.92973375
2.86120,2860,763.953552,747.072449,5,5.12059736
2.86308,2861,763.953552,747.0774,5,5.066065
2.86311,2862,763.953552,747.082031,5,5.12059736
2.86430,2863,763.953552,747.087769,5,4.90246725
2.86431,2864,763.953552,747.0926,5,4.995173
2.86611,2865,763.953552,747.097534,5,5.006079
2.86796,2866,763.953552,747.102661,5,5.05515862
2.86798,2867,763.953552,747.1076,5,5.12059736
2.86922,2868,763.953552,747.1132,5,4.97335958
2.87108,2869,763.953552,747.1177,5,5.14241028
2.87110,2870,763.953552,747.122742,5,5.016986
2.87230,2871,763.953552,747.1275,5,5.038799
2.87232,2872,763.953552,747.1328,5,4.92973375
2.87413,2873,763.953552,747.1381,5,4.95154667
2.87598,2874,763.953552,747.142761,5,5.07697153
2.87600,2875,763.953552,747.147766,5,4.995173
2.87720,2876,763.953552,747.1525,5,5.066065
2.87909,2877,763.953552,747.1581,5,4.88065434
2.87912,2878,763.953552,747.1629,5,5.02789259
2.88029,2879,763.953552,747.167847,5,4.995173
2.88030,2880,763.953552,747.172852,5,5.016986
2.88212,2881,763.953552,747.177856,5,5.066065
2.88398,2882,763.953552,747.183167,5,4.92973375
2.88400,2883,763.953552,747.1875,5,5.066065
2.88521,2884,763.953552,747.193237,5,4.90246725
2.88705,2885,763.953552,747.1982,5,5.016986
2.88707,2886,763.953552,747.202942,5,4.995173
2.88829,2887,763.953552,747.2078,5,4.97335958
2.88831,2888,763.953552,747.2126,5,5.02789259
2.89011,2889,763.953552,747.218445,5,4.847935
2.89197,2890,763.953552,747.22345,5,5.05515862
2.89201,2891,763.953552,747.2325,5,5.09878445
2.89320,2892,763.953552,747.2378,5,4.92973375
2.89504,2893,763.953552,747.2378,5,4.92973375
2.89506,2894,763.953552,747.243469,5,4.837029
2.89631,2895,763.953552,747.248352,5,5.006079
2.89633,2896,763.953552,747.2575,5,5.191489
2.89812,2897,763.953552,747.263062,5,4.90246725
2.89998,2898,763.953552,747.2682,5,4.90246725
2.90001,2899,763.953552,747.2733,5,4.92973375
2.90121,2900,763.953552,747.2781,5,5.016986
2.90313,2901,763.953552,747.2827,5,5.13150358
2.90322,2902,763.953552,747.288147,5,4.891561
2.90433,2903,763.953552,747.293,5,4.995173
2.90437,2904,763.953552,747.2985,5,4.913374
2.90613,2905,763.953552,747.3032,5,5.12059736
2.90800,2906,763.953552,747.3079,5,5.09878445
2.90802,2907,763.953552,747.3129,5,4.94064
2.90921,2908,763.953552,747.318,5,4.94064
2.91108,2909,763.953552,747.3236,5,4.858842
2.91110,2910,763.953552,747.328064,5,5.109691
2.91230,2911,763.953552,747.3329,5,5.016986
2.91231,2912,763.953552,747.3375,5,5.006079
2.91414,2913,763.953552,747.34314,5,4.858842
2.91597,2914,763.953552,747.3487,5,4.88065434
2.91599,2915,763.953552,747.3532,5,5.164223
2.91720,2916,763.953552,747.358032,5,5.087878
2.91922,2917,763.953552,747.3626,5,5.12059736
2.91923,2918,763.953552,747.3686,5,4.847935
2.92032,2919,763.953552,747.3735,5,4.96245337
2.92036,2920,763.953552,747.378235,5,5.038799
2.92213,2921,763.953552,747.3829,5,5.038799
2.92400,2922,763.953552,747.3878,5,5.02789259
2.92403,2923,763.953552,747.393555,5,4.81521559
2.92524,2924,763.953552,747.3983,5,5.038799
2.92705,2925,763.953552,747.4032,5,5.006079
2.92707,2926,763.953552,747.4077,5,5.087878
2.92834,2927,763.953552,747.413147,5,4.95154667
2.92836,2928,763.953552,747.418457,5,4.88065434
2.93014,2929,763.953552,747.423035,5,5.016986
2.93202,2930,763.953552,747.4282,5,4.96245337
2.93206,2931,763.953552,747.433044,5,5.12059736
2.93321,2932,763.953552,747.4387,5,4.96245337
2.93508,2933,763.953552,747.4435,5,5.07697153
2.93511,2934,763.953552,747.448242,5,5.066065
2.93632,2935,763.953552,747.4532,5,4.98426628
2.93634,2936,763.953552,747.4581,5,4.995173
2.93815,2937,763.953552,747.46405,5,5.07697153
2.94000,2938,763.953552,747.4687,5,5.016986
2.94003,2939,763.953552,747.473633,5,5.038799
2.94122,2940,763.953552,747.4782,5,4.94064
2.94307,2941,763.953552,747.483765,5,4.913374
2.94310,2942,763.953552,747.489136,5,5.05515862
2.94429,2943,763.953552,747.493835,5,4.96245337
2.94432,2944,763.953552,747.499,5,5.087878
2.94615,2945,763.953552,747.503845,5,4.92973375
2.94798,2946,763.953552,747.5093,5,5.016986
2.94801,2947,763.953552,747.5136,5,4.96245337
2.94923,2948,763.953552,747.5188,5,4.92973375
2.95109,2949,763.953552,747.5239,5,5.038799
2.95112,2950,763.953552,747.529,5,4.913374
2.95252,2951,763.953552,747.534,5,5.087878
2.95253,2952,763.953552,747.5383,5,4.90246725
2.95413,2953,763.953552,747.544067,5,4.98426628
2.95601,2954,763.953552,747.548645,5,5.066065
2.95605,2955,763.953552,747.554,5,5.038799
2.95724,2956,763.953552,747.5583,5,5.05515862
2.95911,2957,763.953552,747.5629,5,4.81521559
2.95916,2958,763.953552,747.569031,5,5.006079
2.96029,2959,763.953552,747.574,5,5.006079
2.96030,2960,763.953552,747.5791,5,5.191489
2.96214,2961,763.953552,747.5834,5,5.087878
2.96399,2962,763.953552,747.5886,5,4.891561
2.96401,2963,763.953552,747.59436,5,4.995173
2.96520,2964,763.953552,747.599365,5,4.98426628
2.96707,2965,763.953552,747.6041,5,5.202396
2.96709,2966,763.953552,747.6089,5,4.98426628
2.96829,2967,763.953552,747.6141,5,4.98426628
2.96830,2968,763.953552,747.6193,5,4.97335958
2.97016,2969,763.953552,747.624756,5,5.038799
2.97201,2970,763.953552,747.629761,5,5.202396
2.97206,2971,763.953552,747.6342,5,4.97335958
2.97321,2972,763.953552,747.6393,5,4.995173
2.97507,2973,763.953552,747.644165,5,4.858842
2.97509,2974,763.953552,747.65,5,5.05515862
2.97630,2975,763.953552,747.6545,5,5.07697153
2.97631,2976,763.953552,747.6593,5,4.995173
2.97813,2977,763.953552,747.6639,5,4.94064
2.97998,2978,763.953552,747.6694,5,4.798856
2.98002,2979,763.953552,747.6751,5,5.13150358
2.98122,2980,763.953552,747.679565,5,5.07697153
2.98306,2981,763.953552,747.6845,5,5.14241028
2.98310,2982,763.953552,747.688965,5,4.94064
2.98429,2983,763.953552,747.6951,5,4.88065434
2.98430,2984,763.953552,747.7,5,5.07697153
2.98616,2985,763.953552,747.7045,5,4.995173
2.98799,2986,763.953552,747.7093,5,5.07697153
2.98803,2987,763.953552,747.71405,5,4.837029
2.98922,2988,763.953552,747.72,5,4.96245337
2.99107,2989,763.953552,747.7247,5,5.02789259
2.99111,2990,763.953552,747.729553,5,5.05515862
2.99229,2991,763.953552,747.734131,5,5.016986
2.99230,2992,763.953552,747.7393,5,4.837029
2.99416,2993,763.953552,747.7448,5,5.016986
2.99596,2994,763.953552,747.7494,5,4.95154667
2.99598,2995,763.953552,747.75946,5,5.02789259
2.99720,2996,763.953552,747.764954,5,5.006079
2.99907,2997,763.953552,747.769836,5,5.12059736
2.99909,2998,763.953552,747.7746,5,4.98426628
3.00030,2999,763.953552,747.779541,5,5.05515862
3.00031,3000,763.953552,747.784363,5,4.869748
3.00259,3001,763.953552,747.7901,5,5.02789259
3.00396,3002,763.953552,747.794739,5,5.038799
3.00398,3003,763.953552,747.7997,5,5.016986
3.00522,3004,763.953552,747.8045,5,5.02789259
3.00706,3005,763.953552,747.809753,5,4.90246725
3.00708,3006,763.953552,747.8152,5,5.09878445
3.00834,3007,763.953552,747.819763,5,4.995173
3.00836,3008,763.953552,747.824951,5,5.109691
3.01015,3009,763.953552,747.829834,5,5.006079
3.01198,3010,763.953552,747.8352,5,4.995173
3.01200,3011,763.953552,747.839844,5,5.038799
3.01320,3012,763.953552,747.844666,5,4.90246725
3.01508,3013,763.953552,747.8501,5,5.066065
3.01510,3014,763.953552,747.855042,5,4.95154667
3.01629,3015,763.953552,747.8602,5,5.07697153
3.01631,3016,763.953552,747.864563,5,4.96245337
3.01816,3017,763.953552,747.87,5,4.95154667
3.01997,3018,763.953552,747.8754,5,5.09878445
3.02000,3019,763.953552,747.8804,5,5.038799
3.02122,3020,763.953552,747.8849,5,5.09878445
3.02306,3021,763.953552,747.8894,5,4.847935
3.02308,3022,763.953552,747.8954,5,4.96245337
3.02429,3023,763.953552,747.900452,5,4.995173
3.02430,3024,763.953552,747.905457,5,5.12059736
3.02616,3025,763.953552,747.909851,5,5.12059736
3.02798,3026,763.953552,747.914734,5,4.837029
3.02800,3027,763.953552,747.9203,5,4.96245337
3.02921,3028,763.953552,747.9253,5,4.92973375
3.03106,3029,763.953552,747.930542,5,5.14241028
3.03108,3030,763.953552,747.9349,5,5.02789259
3.03230,3031,763.953552,747.9401,5,4.92973375
3.03232,3032,763.953552,747.945251,5,4.98426628
3.03417,3033,763.953552,747.9504,5,4.95154667
3.03603,3034,763.953552,747.9556,5,5.191489
3.03607,3035,763.953552,747.9601,5,4.995173
3.03722,3036,763.953552,747.9651,5,4.96245337
3.03911,3037,763.953552,747.969849,5,4.869748
3.03913,3038,763.953552,747.976,5,4.96245337
3.04030,3039,763.953552,747.9808,5,5.109691
3.04031,3040,763.953552,747.985352,5,4.98426628
3.04216,3041,763.953552,747.9901,5,4.995173
3.04397,3042,763.953552,747.995056,5,4.777043
3.04398,3043,763.953552,748.00116,5,5.05515862
3.04521,3044,763.953552,748.0058,5,5.13150358
3.04706,3045,763.953552,748.011,5,5.109691
3.04709,3046,763.953552,748.0154,5,5.02789259
3.04829,3047,763.953552,748.020935,5,4.837029
3.04833,3048,763.953552,748.0265,5,5.066065
3.05014,3049,763.953552,748.031,5,4.995173
3.05197,3050,763.953552,748.0353,5,5.09878445
3.05199,3051,763.953552,748.0398,5,4.913374
3.05322,3052,763.953552,748.0456,5,4.891561
3.05511,3053,763.953552,748.0507,5,5.07697153
3.05514,3054,763.953552,748.055359,5,5.016986
3.05637,3055,763.953552,748.0601,5,5.07697153
3.05640,3056,763.953552,748.065,5,4.858842
3.05816,3057,763.953552,748.0706,5,4.98426628
3.06001,3058,763.953552,748.0753,5,4.96245337
3.06004,3059,763.953552,748.0804,5,5.038799
3.06120,3060,763.953552,748.085266,5,5.087878
3.06307,3061,763.953552,748.0906,5,4.95154667
3.06310,3062,763.953552,748.0959,5,5.14241028
3.06429,3063,763.953552,748.1004,5,5.006079
3.06430,3064,763.953552,748.105469,5,5.02789259
3.06622,3065,763.953552,748.1101,5,4.90246725
3.06800,3066,763.953552,748.1158,5,4.95154667
3.06803,3067,763.953552,748.120667,5,5.066065
3.06922,3068,763.953552,748.1255,5,4.995173
3.07110,3069,763.953552,748.1304,5,5.066065
3.07114,3070,763.953552,748.1354,5,4.88065434
3.07230,3071,763.953552,748.141,5,5.038799
3.07231,3072,763.953552,748.145569,5,5.006079
3.07416,3073,763.953552,748.150635,5,5.02789259
3.07598,3074,763.953552,748.1558,5,5.066065
3.07601,3075,763.953552,748.161133,5,4.94064
3.07720,3076,763.953552,748.166,5,5.066065
3.07907,3077,763.953552,748.1706,5,4.90246725
3.07910,3078,763.953552,748.1761,5,5.038799
3.08030,3079,763.953552,748.181,5,4.995173
3.08033,3080,763.953552,748.185852,5,4.995173
3.08213,3081,763.953552,748.1907,5,5.02789259
3.08401,3082,763.953552,748.19574,5,4.869748
3.08403,3083,763.953552,748.201355,5,5.066065
3.08521,3084,763.953552,748.2063,5,5.02789259
3.08708,3085,763.953552,748.2111,5,5.109691
3.08712,3086,763.953552,748.2153,5,4.913374
3.08830,3087,763.953552,748.221,5,4.869748
3.08832,3088,763.953552,748.22644,5,5.016986
3.09017,3089,763.953552,748.2314,5,5.02789259
3.09199,3090,763.953552,748.2359,5,5.180583
3.09202,3091,763.953552,748.2405,5,4.891561
3.09320,3092,763.953552,748.246155,5,4.913374
3.09507,3093,763.953552,748.2563,5,5.05515862
3.09509,3094,763.953552,748.2608,5,5.09878445
3.09628,3095,763.953552,748.2657,5,4.88065434
3.09631,3096,763.953552,748.271,5,4.97335958
3.09813,3097,763.953552,748.27594,5,4.891561
3.10000,3098,763.953552,748.2814,5,5.12059736
3.10003,3099,763.953552,748.2858,5,5.066065
3.10120,3100,763.953552,748.290833,5,4.92973375
3.10309,3101,763.953552,748.2956,5,4.92973375
3.10316,3102,763.953552,748.3011,5,4.858842
3.10434,3103,763.953552,748.306458,5,5.12059736
3.10437,3104,763.953552,748.3108,5,5.006079
3.10618,3105,763.953552,748.315735,5,5.006079
3.10799,3106,763.953552,748.320251,5,4.82612228
3.10802,3107,763.953552,748.3261,5,4.88065434
3.10922,3108,763.953552,748.3314,5,5.153317
3.11110,3109,763.953552,748.33606,5,5.07697153
3.11112,3110,763.953552,748.3407,5,5.12059736
3.11229,3111,763.953552,748.3456,5,4.847935
3.11231,3112,763.953552,748.35144,5,4.98426628
3.11417,3113,763.953552,748.3561,5,5.02789259
3.11598,3114,763.953552,748.360962,5,5.05515862
3.11602,3115,763.953552,748.3654,5,5.016986
3.11720,3116,763.953552,748.3709,5,4.81521559
3.11919,3117,763.953552,748.376343,5,5.038799
3.11923,3118,763.953552,748.3809,5,5.006079
3.12030,3119,763.953552,748.385864,5,5.087878
3.12032,3120,763.953552,748.3905,5,4.94064
3.12216,3121,763.953552,748.3961,5,4.891561
3.12397,3122,763.953552,748.401062,5,5.016986
3.12399,3123,763.953552,748.4059,5,4.96245337
3.12520,3124,763.953552,748.4111,5,5.13150358
3.12706,3125,763.953552,748.4159,5,4.96245337
3.12709,3126,763.953552,748.4215,5,5.087878
3.12829,3127,763.953552,748.425964,5,5.066065
3.12831,3128,763.953552,748.430969,5,4.98426628
3.13016,3129,763.953552,748.4358,5,4.995173
3.13201,3130,763.953552,748.441162,5,4.869748
3.13204,3131,763.953552,748.4464,5,5.087878
3.13323,3132,763.953552,748.45105,5,5.006079
3.13507,3133,763.953552,748.4562,5,5.066065
3.13509,3134,763.953552,748.4608,5,4.95154667
3.13632,3135,763.953552,748.4664,5,4.95154667
3.13634,3136,763.953552,748.4715,5,5.066065
3.13817,3137,763.953552,748.47644,5,4.98426628
3.13997,3138,763.953552,748.481567,5,5.09878445
3.13999,3139,763.953552,748.4865,5,4.94064
3.14126,3140,763.953552,748.4919,5,5.038799
3.14313,3141,763.953552,748.49646,5,4.96245337
3.14317,3142,763.953552,748.5019,5,4.96245337
3.14429,3143,763.953552,748.506958,5,5.05515862
3.14430,3144,763.953552,748.5117,5,4.95154667
3.14613,3145,763.953552,748.5167,5,5.087878
3.14803,3146,763.953552,748.5214,5,4.891561
3.14808,3147,763.953552,748.5273,5,5.016986
3.14920,3148,763.953552,748.5322,5,5.066065
3.15107,3149,763.953552,748.5372,5,5.07697153
3.15110,3150,763.953552,748.5413,5,5.016986
3.15250,3151,763.953552,748.5471,5,4.81521559
3.15254,3152,763.953552,748.552,5,5.006079
3.15418,3153,763.953552,748.5569,5,4.98426628
3.15599,3154,763.953552,748.561768,5,5.164223
3.15604,3155,763.953552,748.566,5,5.006079
3.15724,3156,763.953552,748.5715,5,4.81521559
3.15907,3157,763.953552,748.57666,5,4.94064
3.15909,3158,763.953552,748.5817,5,4.92973375
3.16030,3159,763.953552,748.586548,5,5.14241028
3.16032,3160,763.953552,748.591064,5,4.94064
3.16217,3161,763.953552,748.5965,5,4.94064
3.16398,3162,763.953552,748.6014,5,4.94064
3.16401,3163,763.953552,748.6069,5,5.006079
3.16521,3164,763.953552,748.611633,5,5.153317
3.16707,3165,763.953552,748.6163,5,4.94064
3.16710,3166,763.953552,748.621155,5,4.95154667
3.16829,3167,763.953552,748.62616,5,4.82612228
3.16831,3168,763.953552,748.631958,5,5.02789259
3.17018,3169,763.953552,748.6364,5,5.066065
3.17195,3170,763.953552,748.6412,5,4.97335958
3.17197,3171,763.953552,748.6458,5,4.95154667
3.17324,3172,763.953552,748.651245,5,4.777043
3.17509,3173,763.953552,748.657,5,5.109691
3.17511,3174,763.953552,748.66156,5,5.087878
3.17630,3175,763.953552,748.6664,5,5.13150358
3.17633,3176,763.953552,748.6709,5,4.96245337
3.17818,3177,763.953552,748.6768,5,4.88065434
3.17995,3178,763.953552,748.6818,5,5.07697153
3.17996,3179,763.953552,748.6865,5,5.006079
3.18121,3180,763.953552,748.691162,5,5.087878
3.18308,3181,763.953552,748.696167,5,4.847935
3.18312,3182,763.953552,748.7019,5,4.96245337
3.18429,3183,763.953552,748.7066,5,5.038799
3.18430,3184,763.953552,748.7114,5,5.038799
3.18613,3185,763.953552,748.716064,5,5.02789259
3.18796,3186,763.953552,748.7214,5,4.82612228
3.18797,3187,763.953552,748.7267,5,5.006079
3.18921,3188,763.953552,748.731262,5,4.95154667
3.19105,3189,763.953552,748.7366,5,5.087878
3.19107,3190,763.953552,748.741333,5,5.02789259
3.19236,3191,763.953552,748.7517,5,5.12059736
3.19239,3192,763.953552,748.7565,5,4.97335958
3.19413,3193,763.953552,748.7615,5,5.02789259
3.19594,3194,763.953552,748.7663,5,4.858842
3.19596,3195,763.953552,748.771851,5,5.006079
3.19720,3196,763.953552,748.7765,5,5.038799
3.19907,3197,763.953552,748.7816,5,4.995173
3.19911,3198,763.953552,748.78656,5,5.016986
3.20030,3199,763.953552,748.7915,5,4.869748
3.20033,3200,763.953552,748.7969,5,5.05515862
3.20255,3201,763.953552,748.8014,5,4.97335958
3.20395,3202,763.953552,748.807,5,5.066065
3.20396,3203,763.953552,748.811768,5,5.006079
3.20524,3204,763.953552,748.8172,5,4.96245337
3.20707,3205,763.953552,748.8217,5,5.038799
3.20711,3206,763.953552,748.82666,5,4.891561
3.20832,3207,763.953552,748.832031,5,5.038799
3.20836,3208,763.953552,748.837,5,4.95154667
3.21019,3209,763.953552,748.8421,5,5.02789259
3.21195,3210,763.953552,748.8466,5,4.97335958
3.21196,3211,763.953552,748.8519,5,4.90246725
3.21324,3212,763.953552,748.857239,5,5.07697153
3.21504,3213,763.953552,748.8623,5,5.016986
3.21505,3214,763.953552,748.8666,5,5.09878445
3.21630,3215,763.953552,748.8712,5,4.869748
3.21631,3216,763.953552,748.877136,5,4.913374
3.21815,3217,763.953552,748.882141,5,4.995173
3.21997,3218,763.953552,748.8872,5,5.066065
3.21998,3219,763.953552,748.891541,5,5.14241028
3.22124,3220,763.953552,748.8965,5,4.837029
3.22305,3221,763.953552,748.902,5,4.92973375
3.22307,3222,763.953552,748.90686,5,4.90246725
3.22430,3223,763.953552,748.9121,5,5.087878
3.22431,3224,763.953552,748.916443,5,5.066065
3.22616,3225,763.953552,748.921753,5,4.88065434
3.22796,3226,763.953552,748.926758,5,4.98426628
3.22798,3227,763.953552,748.931946,5,4.891561
3.22923,3228,763.953552,748.9372,5,5.153317
3.23104,3229,763.953552,748.9415,5,5.016986
3.23105,3230,763.953552,748.946655,5,4.92973375
3.23229,3231,763.953552,748.9513,5,4.891561
3.23231,3232,763.953552,748.957031,5,4.891561
3.23415,3233,763.953552,748.962,5,5.12059736
3.23598,3234,763.953552,748.9666,5,4.995173
3.23601,3235,763.953552,748.9713,5,5.016986
3.23722,3236,763.953552,748.9762,5,4.78794956
3.23903,3237,763.953552,748.982239,5,4.96245337
3.23905,3238,763.953552,748.9873,5,5.14241028
3.24030,3239,763.953552,748.9921,5,5.087878
3.24031,3240,763.953552,748.996765,5,5.087878
3.24215,3241,763.953552,749.001953,5,4.82612228
3.24395,3242,763.953552,749.0077,5,5.02789259
3.24397,3243,763.953552,749.012,5,5.006079
3.24522,3244,763.953552,749.0172,5,5.07697153
3.24703,3245,763.953552,749.021851,5,4.97335958
3.24705,3246,763.953552,749.0273,5,4.837029
3.24829,3247,763.953552,749.032349,5,5.066065
3.24832,3248,763.953552,749.037048,5,5.006079
3.25011,3249,763.953552,749.041565,5,5.09878445
3.25194,3250,763.953552,749.0463,5,4.891561
3.25195,3251,763.953552,749.052063,5,4.92973375
3.25322,3252,763.953552,749.0567,5,4.995173
3.25504,3253,763.953552,749.0617,5,4.98426628
3.25507,3254,763.953552,749.0666,5,5.12059736
3.25632,3255,763.953552,749.0719,5,4.92973375
3.25634,3256,763.953552,749.077148,5,5.087878
3.25812,3257,763.953552,749.0816,5,4.995173
3.25995,3258,763.953552,749.0866,5,4.95154667
3.25996,3259,763.953552,749.091248,5,4.90246725
3.26121,3260,763.953552,749.0968,5,4.837029
3.26303,3261,763.953552,749.101746,5,5.038799
3.26305,3262,763.953552,749.1064,5,4.94064
3.26429,3263,763.953552,749.1114,5,5.02789259
3.26430,3264,763.953552,749.116455,5,4.88065434
3.26613,3265,763.953552,749.121765,5,4.94064
3.26795,3266,763.953552,749.126465,5,5.02789259
3.26796,3267,763.953552,749.131531,5,4.95154667
3.26929,3268,763.953552,749.1367,5,5.087878
3.27109,3269,763.953552,749.1419,5,4.90246725
3.27112,3270,763.953552,749.147,5,5.038799
3.27230,3271,763.953552,749.151367,5,4.95154667
3.27233,3272,763.953552,749.15686,5,4.96245337
3.27412,3273,763.953552,749.161865,5,5.066065
3.27595,3274,763.953552,749.167053,5,4.95154667
3.27596,3275,763.953552,749.1716,5,5.09878445
3.27723,3276,763.953552,749.176331,5,4.891561
3.27903,3277,763.953552,749.1823,5,5.02789259
3.27905,3278,763.953552,749.187256,5,5.066065
3.28029,3279,763.953552,749.192,5,5.087878
3.28030,3280,763.953552,749.196167,5,5.016986
3.28212,3281,763.953552,749.2018,5,4.82612228
3.28395,3282,763.953552,749.2074,5,5.006079
3.28397,3283,763.953552,749.2123,5,4.98426628
3.28522,3284,763.953552,749.217041,5,5.202396
3.28704,3285,763.953552,749.221436,5,5.006079
3.28706,3286,763.953552,749.227,5,4.869748
3.28830,3287,763.953552,749.2321,5,4.97335958
3.28832,3288,763.953552,749.237244,5,4.98426628
3.29012,3289,763.953552,749.2419,5,5.164223
3.29196,3290,763.953552,749.246765,5,4.95154667
3.29198,3291,763.953552,749.252136,5,4.97335958
3.29322,3292,763.953552,749.2571,5,4.95154667
3.29503,3293,763.953552,749.267151,5,5.153317
3.29503,3294,763.953552,749.2719,5,4.96245337
3.29631,3295,763.953552,749.2768,5,4.96245337
3.29633,3296,763.953552,749.282166,5,4.847935
3.29812,3297,763.953552,749.2877,5,5.087878
3.29995,3298,763.953552,749.292053,5,5.038799
3.29997,3299,763.953552,749.297,5,5.006079
3.30121,3300,763.953552,749.3016,5,4.92973375
