t,n,A,B,C,D
0.00044,0,199.091553,199.3278,-0.236251831,-0.2781155
0.00231,1,199.091553,199.327576,-0.236022949,-0.2781155
0.00237,2,199.091553,199.327286,-0.235733032,-0.267209023
0.00352,3,199.091553,199.327042,-0.235488892,-0.256302536
0.00536,4,199.091553,199.326889,-0.2353363,-0.256302536
0.00541,5,199.091553,199.326736,-0.235183716,-0.229036286
0.00659,6,199.091553,199.326569,-0.235015869,-0.207223326
0.00661,7,199.091553,199.326416,-0.234863281,-0.196316838
0.00843,8,199.091553,199.3262,-0.234649658,-0.174503848
0.01029,9,199.091553,199.326,-0.2344513,-0.185410336
0.01032,10,199.091553,199.325821,-0.234268188,-0.185410336
0.01149,11,199.091553,199.3256,-0.234054565,-0.196316838
0.01334,12,199.091553,199.325409,-0.2338562,-0.196316838
0.01335,13,199.091553,199.325134,-0.233581543,-0.207223326
0.01458,14,199.091553,199.32489,-0.2333374,-0.218129814
0.01460,15,199.091553,199.324661,-0.233108521,-0.239942789
0.01642,16,199.091553,199.324417,-0.23286438,-0.256302536
0.01838,17,199.091553,199.324173,-0.232620239,-0.256302536
0.01841,18,199.091553,199.323975,-0.232421875,-0.256302536
0.01952,19,199.091553,199.323761,-0.232208252,-0.207223326
0.02136,20,199.091553,199.323654,-0.23210144,-0.207223326
0.02139,21,199.091553,199.323532,-0.23197937,-0.185410336
0.02260,22,199.091553,199.32341,-0.2318573,-0.16359736
0.02262,23,199.091553,199.323334,-0.231781,-0.141784385
0.02447,24,199.091553,199.323257,-0.231704712,-0.130877882
0.02626,25,199.091553,199.32309,-0.231536865,-0.114518143
0.02628,26,199.091553,199.322983,-0.231430054,-0.114518143
0.02754,27,199.091553,199.322845,-0.231292725,-0.114518143
0.02934,28,199.091553,199.322739,-0.231185913,-0.130877882
0.02935,29,199.091553,199.322617,-0.231063843,-0.130877882
0.03060,30,199.091553,199.322464,-0.230911255,-0.130877882
0.03062,31,199.091553,199.32225,-0.230697632,-0.141784385
0.03241,32,199.091553,199.322,-0.230453491,-0.16359736
0.03425,33,199.091553,199.321777,-0.230224609,-0.196316838
0.03428,34,199.091553,199.321457,-0.229904175,-0.229036286
0.03551,35,199.091553,199.321136,-0.22958374,-0.267209023
0.03736,36,199.091553,199.320816,-0.2292633,-0.289022
0.03739,37,199.091553,199.3205,-0.228942871,-0.310834974
0.03859,38,199.091553,199.320251,-0.22869873,-0.3217415
0.03861,39,199.091553,199.319946,-0.228393555,-0.310834974
0.04041,40,199.091553,199.3197,-0.228149414,-0.310834974
0.04228,41,199.091553,199.319412,-0.2278595,-0.289022
0.04230,42,199.091553,199.3191,-0.227554321,-0.289022
0.04349,43,199.091553,199.318817,-0.2272644,-0.2999285
0.04533,44,199.091553,199.3185,-0.22694397,-0.289022
0.04534,45,199.091553,199.31813,-0.226577759,-0.2999285
0.04661,46,199.091553,199.317749,-0.226196289,-0.332647949
0.04663,47,199.091553,199.317383,-0.225830078,-0.343554467
0.04843,48,199.091553,199.316986,-0.22543335,-0.365367442
0.05028,49,199.091553,199.316589,-0.225036621,-0.403540134
0.05030,50,199.091553,199.316223,-0.22467041,-0.392633677
0.05169,51,199.091553,199.315857,-0.2243042,-0.392633677
0.05335,52,199.091553,199.31546,-0.223907471,-0.392633677
0.05337,53,199.091553,199.315109,-0.223556519,-0.392633677
0.05460,54,199.091553,199.3147,-0.223144531,-0.3817272
0.05462,55,199.091553,199.314346,-0.222793579,-0.392633677
0.05647,56,199.091553,199.3139,-0.222351074,-0.3817272
0.05828,57,199.091553,199.313431,-0.221878052,-0.403540134
0.05831,58,199.091553,199.312988,-0.221435547,-0.42535314
0.05951,59,199.091553,199.312592,-0.221038818,-0.436259627
0.06137,60,199.091553,199.312149,-0.220596313,-0.447166115
0.06141,61,199.091553,199.3114,-0.219848633,-0.42535314
0.06260,62,199.091553,199.311066,-0.219512939,-0.403540134
0.06262,63,199.091553,199.310837,-0.219284058,-0.3817272
0.06444,64,199.091553,199.3106,-0.219039917,-0.332647949
0.06628,65,199.091553,199.310349,-0.218795776,-0.289022
0.06632,66,199.091553,199.31015,-0.218597412,-0.267209023
0.06750,67,199.091553,199.309952,-0.218399048,-0.239942789
0.06937,68,199.091553,199.309723,-0.218170166,-0.229036286
0.06939,69,199.091553,199.309509,-0.217956543,-0.229036286
0.07059,70,199.091553,199.30928,-0.217727661,-0.218129814
0.07060,71,199.091553,199.309113,-0.217559814,-0.229036286
0.07247,72,199.091553,199.308884,-0.217330933,-0.218129814
0.07428,73,199.091553,199.308716,-0.217163086,-0.218129814
0.07432,74,199.091553,199.3086,-0.217041016,-0.207223326
0.07550,75,199.091553,199.308472,-0.216918945,-0.185410336
0.07734,76,199.091553,199.3084,-0.216842651,-0.16359736
0.07737,77,199.091553,199.308319,-0.216766357,-0.130877882
0.07861,78,199.091553,199.308289,-0.21673584,-0.114518143
0.07862,79,199.091553,199.308289,-0.21673584,-0.08179868
0.08042,80,199.091553,199.308289,-0.21673584,-0.0599856973
0.08227,81,199.091553,199.308319,-0.216766357,-0.03817272
0.08232,82,199.091553,199.308319,-0.216766357,0
0.08352,83,199.091553,199.308365,-0.216812134,0.0109064905
0.08539,84,199.091553,199.308441,-0.216888428,0.021812981
0.08543,85,199.091553,199.3084,-0.216842651,0.03271947
0.08659,86,199.091553,199.3084,-0.216842651,0.021812981
0.08662,87,199.091553,199.308441,-0.216888428,0.0109064905
0.08847,88,199.091553,199.3084,-0.216842651,-0.0163597353
0.09030,89,199.091553,199.3084,-0.216842651,-0.0163597353
0.09034,90,199.091553,199.308365,-0.216812134,-0.0163597353
0.09152,91,199.091553,199.308365,-0.216812134,-0.0272662267
0.09338,92,199.091553,199.308319,-0.216766357,-0.03817272
0.09344,93,199.091553,199.308228,-0.2166748,-0.03817272
0.09460,94,199.091553,199.308151,-0.216598511,-0.04907921
0.09463,95,199.091553,199.308121,-0.216568,-0.0599856973
0.09644,96,199.091553,199.308044,-0.2164917,-0.0599856973
0.09828,97,199.091553,199.308,-0.216445923,-0.07089219
0.09832,98,199.091553,199.3079,-0.21635437,-0.07089219
0.09952,99,199.091553,199.307877,-0.216323853,-0.0599856973
0.10137,100,199.091553,199.307831,-0.216278076,-0.07089219
0.10140,101,199.091553,199.3078,-0.216247559,-0.0599856973
0.10259,102,199.091553,199.307724,-0.216171265,-0.0599856973
0.10261,103,199.091553,199.307632,-0.216079712,-0.0599856973
0.10444,104,199.091553,199.3076,-0.2160492,-0.07089219
0.10626,105,199.091553,199.307526,-0.2159729,-0.07089219
0.10630,106,199.091553,199.30748,-0.215927124,-0.07089219
0.10750,107,199.091553,199.307388,-0.215835571,-0.07089219
0.10934,108,199.091553,199.307358,-0.215805054,-0.0599856973
0.10935,109,199.091553,199.307281,-0.21572876,-0.0599856973
0.11061,110,199.091553,199.3072,-0.215652466,-0.0599856973
0.11065,111,199.091553,199.307114,-0.215560913,-0.08179868
0.11242,112,199.091553,199.306961,-0.215408325,-0.103611663
0.11427,113,199.091553,199.306839,-0.215286255,-0.114518143
0.11429,114,199.091553,199.306717,-0.215164185,-0.130877882
0.11552,115,199.091553,199.306519,-0.21496582,-0.152690873
0.11734,116,199.091553,199.3064,-0.21484375,-0.152690873
0.11737,117,199.091553,199.306152,-0.214599609,-0.174503848
0.11870,118,199.091553,199.305923,-0.214370728,-0.196316838
0.11872,119,199.091553,199.305771,-0.21421814,-0.196316838
0.12048,120,199.091553,199.305527,-0.213974,-0.207223326
0.12230,121,199.091553,199.305283,-0.213729858,-0.229036286
0.12234,122,199.091553,199.305008,-0.2134552,-0.239942789
0.12349,123,199.091553,199.304764,-0.21321106,-0.256302536
0.12536,124,199.091553,199.30452,-0.212966919,-0.256302536
0.12539,125,199.091553,199.304276,-0.212722778,-0.256302536
0.12661,126,199.091553,199.304,-0.21244812,-0.256302536
0.12664,127,199.091553,199.303711,-0.2121582,-0.267209023
0.12849,128,199.091553,199.303482,-0.211929321,-0.267209023
0.13030,129,199.091553,199.303162,-0.211608887,-0.289022
0.13035,130,199.091553,199.302841,-0.211288452,-0.289022
0.13151,131,199.091553,199.30249,-0.2109375,-0.310834974
0.13338,132,199.091553,199.302124,-0.210571289,-0.343554467
0.13340,133,199.091553,199.301682,-0.210128784,-0.3817272
0.13459,134,199.091553,199.301331,-0.209777832,-0.3817272
0.13461,135,199.091553,199.300919,-0.209365845,-0.403540134
0.13647,136,199.091553,199.300568,-0.2090149,-0.392633677
0.13834,137,199.091553,199.300247,-0.208694458,-0.365367442
0.13838,138,199.091553,199.299927,-0.208374023,-0.354460955
0.13951,139,199.091553,199.299683,-0.208129883,-0.3217415
0.14137,140,199.091553,199.299454,-0.207901,-0.289022
0.14141,141,199.091553,199.29921,-0.20765686,-0.267209023
0.14260,142,199.091553,199.299011,-0.2074585,-0.239942789
0.14261,143,199.091553,199.298767,-0.207214355,-0.229036286
0.14448,144,199.091553,199.298538,-0.206985474,-0.239942789
0.14629,145,199.091553,199.2983,-0.206741333,-0.229036286
0.14632,146,199.091553,199.29805,-0.206497192,-0.239942789
0.14752,147,199.091553,199.2978,-0.206253052,-0.239942789
0.14936,148,199.091553,199.297577,-0.20602417,-0.239942789
0.14941,149,199.091553,199.297379,-0.2058258,-0.229036286
0.15058,150,199.091553,199.297165,-0.205612183,-0.218129814
0.15060,151,199.091553,199.297012,-0.2054596,-0.218129814
0.15246,152,199.091553,199.29686,-0.205307,-0.185410336
0.15431,153,199.091553,199.296646,-0.205093384,-0.196316838
0.15434,154,199.091553,199.296539,-0.204986572,-0.174503848
0.15551,155,199.091553,199.296371,-0.204818726,-0.16359736
0.15739,156,199.091553,199.296219,-0.204666138,-0.174503848
0.15742,157,199.091553,199.296021,-0.204467773,-0.174503848
0.15860,158,199.091553,199.295853,-0.204299927,-0.185410336
0.15861,159,199.091553,199.295654,-0.204101563,-0.185410336
0.16046,160,199.091553,199.29541,-0.203857422,-0.196316838
0.16227,161,199.091553,199.2951,-0.203552246,-0.239942789
0.16230,162,199.091553,199.294739,-0.203186035,-0.289022
0.16351,163,199.091553,199.294342,-0.2027893,-0.332647949
0.16537,164,199.091553,199.293457,-0.2019043,-0.414446652
0.16540,165,199.091553,199.292969,-0.201416016,-0.447166115
0.16661,166,199.091553,199.292969,-0.201416016,-0.447166115
0.16664,167,199.091553,199.291946,-0.200393677,-0.490792066
0.16869,168,199.091553,199.2915,-0.199951172,-0.490792066
0.17028,169,199.091553,199.290939,-0.1993866,-0.5180583
0.17033,170,199.091553,199.290421,-0.1988678,-0.5289648
0.17155,171,199.091553,199.289856,-0.198303223,-0.5289648
0.17336,172,199.091553,199.289383,-0.1978302,-0.5289648
0.17342,173,199.091553,199.28894,-0.1973877,-0.5180583
0.17460,174,199.091553,199.2885,-0.19694519,-0.490792066
0.17462,175,199.091553,199.288223,-0.196670532,-0.414446652
0.17644,176,199.091553,199.288025,-0.196472168,-0.354460955
0.17826,177,199.091553,199.287857,-0.196304321,-0.2781155
0.17828,178,199.091553,199.287781,-0.196228027,-0.196316838
0.17950,179,199.091553,199.2877,-0.196151733,-0.141784385
0.18139,180,199.091553,199.287659,-0.196105957,-0.09270517
0.18141,181,199.091553,199.287628,-0.196075439,-0.07089219
0.18262,182,199.091553,199.287659,-0.196105957,-0.03817272
0.18265,183,199.091553,199.287659,-0.196105957,-0.0272662267
0.18444,184,199.091553,199.287659,-0.196105957,-0.0163597353
0.18627,185,199.091553,199.2877,-0.196151733,0
0.18629,186,199.091553,199.2877,-0.196151733,0
0.18754,187,199.091553,199.2877,-0.196151733,0
0.18937,188,199.091553,199.2877,-0.196151733,0
0.18939,189,199.091553,199.2877,-0.196151733,0
0.19059,190,199.091553,199.2877,-0.196151733,-0.0163597353
0.19062,191,199.091553,199.287659,-0.196105957,-0.0163597353
0.19247,192,199.091553,199.287628,-0.196075439,-0.0272662267
0.19429,193,199.091553,199.287582,-0.196029663,-0.03817272
0.19432,194,199.091553,199.287552,-0.195999146,-0.03817272
0.19551,195,199.091553,199.2875,-0.195953369,-0.03817272
0.19736,196,199.091553,199.287476,-0.195922852,-0.03817272
0.19738,197,199.091553,199.28743,-0.195877075,-0.04907921
0.19858,198,199.091553,199.287308,-0.195755,-0.07089219
0.19860,199,199.091553,199.287231,-0.195678711,-0.08179868
0.20049,200,199.091553,199.287109,-0.195556641,-0.103611663
0.20226,201,199.091553,199.286987,-0.19543457,-0.130877882
0.20227,202,199.091553,199.286789,-0.1952362,-0.141784385
0.20351,203,199.091553,199.286545,-0.194992065,-0.174503848
0.20540,204,199.091553,199.286346,-0.1947937,-0.196316838
0.20542,205,199.091553,199.286118,-0.194564819,-0.218129814
0.20659,206,199.091553,199.285873,-0.194320679,-0.229036286
0.20662,207,199.091553,199.28566,-0.194107056,-0.229036286
0.20845,208,199.091553,199.285385,-0.1938324,-0.256302536
0.21028,209,199.091553,199.28511,-0.193557739,-0.256302536
0.21033,210,199.091553,199.284912,-0.193359375,-0.256302536
0.21150,211,199.091553,199.284668,-0.193115234,-0.239942789
0.21335,212,199.091553,199.28447,-0.19291687,-0.229036286
0.21337,213,199.091553,199.284271,-0.1927185,-0.218129814
0.21459,214,199.091553,199.284119,-0.192565918,-0.207223326
0.21461,215,199.091553,199.283981,-0.192428589,-0.185410336
0.21645,216,199.091553,199.283875,-0.192321777,-0.152690873
0.21832,217,199.091553,199.283752,-0.1921997,-0.130877882
0.21835,218,199.091553,199.283676,-0.192123413,-0.130877882
0.21952,219,199.091553,199.283554,-0.192001343,-0.103611663
0.22135,220,199.091553,199.283478,-0.191925049,-0.114518143
0.22139,221,199.091553,199.28331,-0.1917572,-0.114518143
0.22259,222,199.091553,199.2832,-0.191650391,-0.114518143
0.22261,223,199.091553,199.283066,-0.191513062,-0.130877882
0.22446,224,199.091553,199.282959,-0.19140625,-0.141784385
0.22625,225,199.091553,199.282761,-0.191207886,-0.152690873
0.22627,226,199.091553,199.282547,-0.190994263,-0.174503848
0.22754,227,199.091553,199.282364,-0.190811157,-0.196316838
0.22939,228,199.091553,199.28212,-0.190567017,-0.207223326
0.22942,229,199.091553,199.281876,-0.190322876,-0.229036286
0.23060,230,199.091553,199.281677,-0.190124512,-0.229036286
0.23062,231,199.091553,199.281479,-0.189926147,-0.229036286
0.23245,232,199.091553,199.281281,-0.189727783,-0.218129814
0.23430,233,199.091553,199.281082,-0.189529419,-0.207223326
0.23436,234,199.091553,199.28096,-0.189407349,-0.185410336
0.23551,235,199.091553,199.280838,-0.189285278,-0.16359736
0.23737,236,199.091553,199.280762,-0.189208984,-0.141784385
0.23739,237,199.091553,199.280685,-0.18913269,-0.114518143
0.23860,238,199.091553,199.2806,-0.189041138,-0.09270517
0.23862,239,199.091553,199.28064,-0.189086914,-0.0599856973
0.24045,240,199.091553,199.2806,-0.189041138,-0.04907921
0.24227,241,199.091553,199.280548,-0.188995361,-0.0272662267
0.24230,242,199.091553,199.280548,-0.188995361,-0.0272662267
0.24350,243,199.091553,199.280548,-0.188995361,-0.0272662267
0.24538,244,199.091553,199.280548,-0.188995361,-0.0163597353
0.24540,245,199.091553,199.280548,-0.188995361,0
0.24662,246,199.091553,199.280548,-0.188995361,-0.0163597353
0.24665,247,199.091553,199.280548,-0.188995361,0
0.24845,248,199.091553,199.280548,-0.188995361,-0.0163597353
0.25029,249,199.091553,199.280518,-0.188964844,-0.0163597353
0.25031,250,199.091553,199.280518,-0.188964844,-0.0272662267
0.25173,251,199.091553,199.280472,-0.188919067,-0.0272662267
0.25335,252,199.091553,199.280472,-0.188919067,-0.0272662267
0.25337,253,199.091553,199.280441,-0.18888855,-0.0272662267
0.25460,254,199.091553,199.280365,-0.188812256,-0.04907921
0.25462,255,199.091553,199.280273,-0.1887207,-0.0599856973
0.25645,256,199.091553,199.280243,-0.188690186,-0.07089219
0.25828,257,199.091553,199.280121,-0.188568115,-0.08179868
0.25832,258,199.091553,199.28,-0.188446045,-0.09270517
0.25950,259,199.091553,199.279877,-0.188323975,-0.103611663
0.26138,260,199.091553,199.279755,-0.1882019,-0.130877882
0.26140,261,199.091553,199.279556,-0.18800354,-0.141784385
0.26258,262,199.091553,199.2794,-0.187850952,-0.16359736
0.26261,263,199.091553,199.27916,-0.187606812,-0.174503848
0.26443,264,199.091553,199.278687,-0.187133789,-0.229036286
0.26628,265,199.091553,199.278412,-0.186859131,-0.256302536
0.26630,266,199.091553,199.278122,-0.186569214,-0.2781155
0.26752,267,199.091553,199.277847,-0.186294556,-0.289022
0.26934,268,199.091553,199.277573,-0.1860199,-0.289022
0.26935,269,199.091553,199.277283,-0.18572998,-0.289022
0.27060,270,199.091553,199.277039,-0.18548584,-0.2781155
0.27062,271,199.091553,199.27681,-0.185256958,-0.267209023
0.27249,272,199.091553,199.276566,-0.185012817,-0.267209023
0.27428,273,199.091553,199.276321,-0.184768677,-0.239942789
0.27432,274,199.091553,199.276077,-0.184524536,-0.239942789
0.27549,275,199.091553,199.275848,-0.184295654,-0.239942789
0.27739,276,199.091553,199.2756,-0.184051514,-0.239942789
0.27744,277,199.091553,199.27536,-0.183807373,-0.239942789
0.27859,278,199.091553,199.275085,-0.183532715,-0.256302536
0.27861,279,199.091553,199.274811,-0.183258057,-0.267209023
0.28049,280,199.091553,199.27449,-0.182937622,-0.2781155
0.28229,281,199.091553,199.274216,-0.182662964,-0.2999285
0.28231,282,199.091553,199.273926,-0.182373047,-0.2999285
0.28351,283,199.091553,199.273682,-0.1821289,-0.289022
0.28535,284,199.091553,199.2734,-0.181854248,-0.2781155
0.28537,285,199.091553,199.273209,-0.181655884,-0.267209023
0.28660,286,199.091553,199.273,-0.181442261,-0.239942789
0.28661,287,199.091553,199.272842,-0.181289673,-0.218129814
0.28846,288,199.091553,199.27272,-0.1811676,-0.185410336
0.29029,289,199.091553,199.272568,-0.181015015,-0.16359736
0.29032,290,199.091553,199.2724,-0.180847168,-0.152690873
0.29151,291,199.091553,199.272247,-0.18069458,-0.152690873
0.29337,292,199.091553,199.2721,-0.180541992,-0.174503848
0.29339,293,199.091553,199.2719,-0.180343628,-0.174503848
0.29471,294,199.091553,199.271729,-0.180175781,-0.185410336
0.29472,295,199.091553,199.271484,-0.179931641,-0.196316838
0.29644,296,199.091553,199.271255,-0.179702759,-0.218129814
0.29829,297,199.091553,199.271011,-0.179458618,-0.229036286
0.29832,298,199.091553,199.270691,-0.179138184,-0.267209023
0.29951,299,199.091553,199.270416,-0.178863525,-0.2781155
0.30137,300,199.091553,199.270126,-0.178573608,-0.2781155
0.30150,301,199.091553,199.269882,-0.178329468,-0.289022
0.30260,302,199.091553,199.2696,-0.17805481,-0.2781155
0.30262,303,229.091553,199.269333,5,-0.2781155
0.30447,304,229.091553,199.269012,5,-0.289022
0.30627,305,229.091553,199.2691,5,-0.218129814
0.30630,306,229.091553,199.2698,5,0
0.30751,307,229.091553,199.271408,5,0.419899881
0.30937,308,229.091553,199.273651,5,1.01430368
0.30939,309,229.091553,199.276352,5,1.67414618
0.31060,310,229.091553,199.279755,5,2.33398914
0.31063,311,229.091553,199.283752,5,2.96656537
0.31250,312,229.091553,199.28862,5,3.59368873
0.31426,313,229.091553,199.295059,5,4.43894148
0.31428,314,229.091553,199.300049,5,4.94064
0.31551,315,229.091553,199.305161,5,5.21330261
0.31738,316,229.091553,199.310074,5,5.306008
0.31742,317,229.091553,199.316147,5,5.23511553
0.31865,318,229.091553,199.321579,5,5.382353
0.31867,319,229.091553,199.32637,5,5.289648
0.32048,320,229.091553,199.331131,5,5.289648
0.32225,321,229.091553,199.335724,5,5.02789259
0.32226,322,229.091553,199.3415,5,5.006079
0.32353,323,229.091553,199.346222,5,5.066065
0.32538,324,229.091553,199.350891,5,4.98426628
0.32542,325,229.091553,199.355484,5,4.97335958
0.32659,326,229.091553,199.360321,5,4.70069742
0.32661,327,229.091553,199.365753,5,4.847935
0.32847,328,229.091553,199.3701,5,4.81521559
0.33025,329,229.091553,199.375092,5,4.858842
0.33027,330,229.091553,199.3798,5,4.90246725
0.33152,331,229.091553,199.384964,5,4.76613665
0.33338,332,229.091553,199.390152,5,4.995173
0.33341,333,229.091553,199.394669,5,4.90246725
0.33459,334,229.091553,199.39975,5,4.95154667
0.33460,335,229.091553,199.4045,5,4.90246725
0.33648,336,229.091553,199.410126,5,4.92973375
0.35731,337,229.091553,199.415146,5,5.12059736
0.35734,338,229.091553,199.4201,5,5.066065
0.35740,339,229.091553,199.425064,5,5.153317
0.35743,340,229.091553,199.430145,5,4.995173
0.35744,341,229.091553,199.4358,5,5.12059736
0.35746,342,229.091553,199.440521,5,5.12059736
0.35748,343,229.091553,199.445831,5,5.14241028
0.35750,344,229.091553,199.450745,5,5.191489
0.35752,345,229.091553,199.456177,5,5.066065
0.35753,346,229.091553,199.461288,5,5.14241028
0.35755,347,229.091553,199.465683,5,4.97335958
0.35756,348,229.091553,199.471237,5,5.09878445
0.35758,349,229.091553,199.476151,5,5.016986
0.35759,350,229.091553,199.481262,5,5.016986
0.35760,351,229.091553,199.48558,5,5.016986
0.35760,352,229.091553,199.490753,5,4.847935
0.35761,353,229.091553,199.496353,5,5.038799
0.35762,354,229.091553,199.501266,5,4.995173
0.35763,355,229.091553,199.505829,5,5.066065
0.35764,356,229.091553,199.510056,5,4.858842
0.35765,357,229.091553,199.515808,5,4.81521559
0.35860,358,229.091553,199.521088,5,4.96245337
0.35865,359,229.091553,199.525986,5,4.98426628
0.36047,360,229.091553,199.530548,5,5.14241028
0.36228,361,229.091553,199.540741,5,4.869748
0.36230,362,229.091553,199.545639,5,4.913374
0.36357,363,229.091553,199.550919,5,5.038799
0.36541,364,229.091553,199.555435,5,5.14241028
0.36546,365,229.091553,199.560379,5,4.891561
0.36660,366,229.091553,199.565689,5,4.995173
0.36662,367,229.091553,199.570648,5,4.913374
0.36861,368,229.091553,199.576157,5,5.13150358
0.37025,369,229.091553,199.580627,5,5.09878445
0.37026,370,229.091553,199.585587,5,4.95154667
0.37151,371,229.091553,199.590378,5,4.96245337
0.37335,372,229.091553,199.595932,5,4.891561
0.37340,373,229.091553,199.601242,5,5.14241028
0.37460,374,229.091553,199.605637,5,5.016986
0.37462,375,229.091553,199.6108,5,5.02789259
0.37650,376,229.091553,199.615143,5,4.837029
0.37825,377,229.091553,199.62117,5,4.90246725
0.37827,378,229.091553,199.6262,5,5.153317
0.37952,379,229.091553,199.63092,5,5.066065
0.38133,380,229.091553,199.635742,5,5.109691
0.38135,381,229.091553,199.640869,5,4.847935
0.38262,382,229.091553,199.646652,5,4.98426628
0.38264,383,229.091553,199.6512,5,5.02789259
0.38445,384,229.091553,199.656082,5,5.05515862
0.38627,385,229.091553,199.6606,5,4.995173
0.38628,386,229.091553,199.6661,5,4.81521559
0.38752,387,229.091553,199.671463,5,5.02789259
0.38934,388,229.091553,199.676086,5,4.995173
0.38936,389,229.091553,199.680969,5,5.087878
0.39058,390,229.091553,199.6856,5,4.92973375
0.39060,391,229.091553,199.6913,5,4.891561
0.39242,392,229.091553,199.696091,5,5.02789259
0.39426,393,229.091553,199.70105,5,4.97335958
0.39428,394,229.091553,199.706085,5,5.13150358
0.39551,395,229.091553,199.711166,5,4.96245337
0.39734,396,229.091553,199.71666,5,5.087878
0.39738,397,229.091553,199.721146,5,5.066065
0.39860,398,229.091553,199.726181,5,4.995173
0.39862,399,229.091553,199.730927,5,5.006079
0.40047,400,229.091553,199.7364,5,4.88065434
0.40227,401,229.091553,199.741562,5,5.09878445
0.40231,402,229.091553,199.746262,5,5.006079
0.40351,403,229.091553,199.751266,5,5.066065
0.40534,404,229.091553,199.755981,5,4.94064
0.40536,405,229.091553,199.761612,5,4.95154667
0.40663,406,229.091553,199.766357,5,5.05515862
0.40666,407,229.091553,199.771271,5,4.97335958
0.40847,408,229.091553,199.776382,5,5.109691
0.41024,409,229.091553,199.781769,5,4.94064
0.41025,410,229.091553,199.786972,5,5.05515862
0.41155,411,229.091553,199.791351,5,4.96245337
0.41333,412,229.091553,199.796829,5,4.96245337
0.41334,413,229.091553,199.801788,5,5.066065
0.41459,414,229.091553,199.8073,5,4.95154667
0.41462,415,229.091553,199.811569,5,5.087878
0.41643,416,229.091553,199.81636,5,4.891561
0.41842,417,229.091553,199.822525,5,5.02789259
0.41845,418,229.091553,199.8275,5,5.07697153
0.41951,419,229.091553,199.8321,5,5.087878
0.42138,420,229.091553,199.835938,5,5.038799
0.42140,421,229.091553,199.8414,5,4.837029
0.42260,422,229.091553,199.847031,5,5.016986
0.42262,423,229.091553,199.851959,5,4.995173
0.42442,424,229.091553,199.85675,5,5.191489
0.42624,425,229.091553,199.861023,5,4.995173
0.42626,426,229.091553,199.866653,5,4.847935
0.42754,427,229.091553,199.871689,5,4.94064
0.42933,428,229.091553,199.8768,5,4.94064
0.42936,429,229.091553,199.881546,5,5.14241028
0.43060,430,229.091553,199.886139,5,4.913374
0.43062,431,229.091553,199.891525,5,4.94064
0.43243,432,229.091553,199.8964,5,4.913374
0.43428,433,229.091553,199.901947,5,5.006079
0.43429,434,229.091553,199.9066,5,5.14241028
0.43553,435,229.091553,199.9113,5,4.94064
0.43734,436,229.091553,199.91626,5,4.97335958
0.43738,437,229.091553,199.9214,5,4.837029
0.43865,438,229.091553,199.927032,5,5.05515862
0.43867,439,229.091553,199.931717,5,5.066065
0.44044,440,229.091553,199.926437,5,4.995173
0.44227,441,229.091553,199.941208,5,4.94064
0.44229,442,229.091553,199.946609,5,4.81521559
0.44350,443,229.091553,199.952164,5,5.14241028
0.44534,444,229.091553,199.957077,5,5.087878
0.44536,445,229.091553,199.961746,5,5.14241028
0.44658,446,229.091553,199.966537,5,4.95154667
0.44659,447,229.091553,199.972534,5,4.92973375
0.44842,448,229.091553,199.97728,5,5.09878445
0.45025,449,229.091553,199.982071,5,5.02789259
0.45026,450,229.091553,199.986664,5,5.09878445
0.45180,451,229.091553,199.9919,5,4.837029
0.45333,452,229.091553,199.997528,5,4.995173
0.45336,453,229.091553,200.002213,5,5.038799
0.45461,454,229.091553,200.007126,5,5.066065
0.45463,455,229.091553,200.0117,5,5.02789259
0.45644,456,229.091553,200.017273,5,4.869748
0.45825,457,229.091553,200.022339,5,5.05515862
0.45827,458,229.091553,200.02713,5,4.97335958
0.45952,459,229.091553,200.032288,5,5.12059736
0.46133,460,229.091553,200.037155,5,5.016986
0.46135,461,229.091553,200.042786,5,5.02789259
0.46261,462,229.091553,200.047348,5,5.109691
0.46263,463,229.091553,200.057129,5,5.02789259
0.46442,464,229.091553,200.062363,5,4.858842
0.46625,465,229.091553,200.0678,5,5.05515862
0.46626,466,229.091553,200.072372,5,5.02789259
0.46751,467,229.091553,200.077454,5,5.02789259
0.46937,468,229.091553,200.082092,5,4.995173
0.46940,469,229.091553,200.087631,5,4.90246725
0.47060,470,229.091553,200.09259,5,5.07697153
0.47062,471,229.091553,200.097382,5,4.97335958
0.47245,472,229.091553,200.102539,5,5.09878445
0.47426,473,229.091553,200.1074,5,4.98426628
0.47427,474,229.091553,200.112885,5,5.006079
0.47551,475,229.091553,200.117233,5,5.016986
0.47733,476,229.091553,200.122467,5,4.92973375
0.47736,477,229.091553,200.127655,5,5.066065
0.47860,478,229.091553,200.13269,5,4.94064
0.47861,479,229.091553,200.137619,5,5.07697153
0.48048,480,229.091553,200.142044,5,4.94064
0.48224,481,229.091553,200.1478,5,4.95154667
0.48226,482,229.091553,200.152985,5,5.087878
0.48352,483,229.091553,200.157974,5,5.038799
0.48541,484,229.091553,200.16217,5,5.09878445
0.48547,485,229.091553,200.16716,5,4.847935
0.48668,486,229.091553,200.173065,5,4.97335958
0.48671,487,229.091553,200.178,5,4.995173
0.48844,488,229.091553,200.182938,5,5.13150358
0.49027,489,229.091553,200.187134,5,5.09878445
0.49031,490,229.091553,200.192566,5,4.837029
0.49160,491,229.091553,200.197876,5,4.97335958
0.49336,492,229.091553,200.202942,5,4.94064
0.49339,493,229.091553,200.20787,5,5.153317
0.49460,494,229.091553,200.212326,5,5.016986
0.49461,495,229.091553,200.2178,5,4.94064
0.49645,496,229.091553,200.222748,5,4.98426628
0.49828,497,229.091553,200.2282,5,4.97335958
0.49831,498,229.091553,200.233063,5,5.202396
0.49952,499,229.091553,200.237686,5,4.995173
0.50138,500,229.091553,200.242691,5,4.96245337
0.50141,501,229.091553,200.24765,5,4.869748
0.50261,502,229.091553,200.253784,5,4.995173
0.50263,503,229.091553,200.2582,5,5.109691
0.50447,504,229.091553,200.263062,5,5.006079
0.50627,505,229.091553,200.267654,5,5.006079
0.50630,506,229.091553,200.272812,5,4.78794956
0.50750,507,229.091553,200.2786,5,5.087878
0.50933,508,229.091553,200.283478,5,5.12059736
0.50935,509,229.091553,200.288269,5,5.13150358
0.51058,510,229.091553,200.293213,5,5.016986
0.51060,511,229.091553,200.2992,5,4.869748
0.51245,512,229.091553,200.304123,5,5.109691
0.51426,513,229.091553,200.308563,5,5.016986
0.51430,514,229.091553,200.3135,5,5.12059736
0.51551,515,229.091553,200.318573,5,4.913374
0.51733,516,229.091553,200.324326,5,4.94064
0.51734,517,229.091553,200.329,5,5.07697153
0.51866,518,229.091553,200.333954,5,5.05515862
0.51870,519,229.091553,200.338516,5,5.07697153
0.52046,520,229.091553,200.343658,5,4.869748
0.52226,521,229.091553,200.348938,5,5.016986
0.52231,522,229.091553,200.3536,5,4.97335958
0.52351,523,229.091553,200.358841,5,5.09878445
0.52536,524,229.091553,200.364273,5,5.066065
0.52538,525,229.091553,200.369232,5,4.995173
0.52659,526,229.091553,200.373886,5,5.13150358
0.52661,527,229.091553,200.378723,5,4.97335958
0.52846,528,229.091553,200.383652,5,5.016986
0.53025,529,229.091553,200.388626,5,4.858842
0.53027,530,229.091553,200.39418,5,4.98426628
0.53150,531,229.091553,200.398743,5,5.038799
0.53335,532,229.091553,200.403763,5,4.995173
0.53337,533,229.091553,200.4085,5,5.02789259
0.53460,534,229.091553,200.413879,5,4.858842
0.53461,535,229.091553,200.419022,5,5.05515862
0.53644,536,229.091553,200.4237,5,4.98426628
0.53826,537,229.091553,200.4289,5,5.05515862
0.53828,538,229.091553,200.433716,5,5.038799
0.53950,539,229.091553,200.43924,5,4.97335958
0.54134,540,229.091553,200.44371,5,5.07697153
0.54136,541,229.091553,200.448792,5,4.913374
0.54260,542,229.091553,200.454147,5,5.07697153
0.54262,543,229.091553,200.459091,5,4.995173
0.54444,544,229.091553,200.464127,5,5.038799
0.54628,545,229.091553,200.468475,5,5.006079
0.54631,546,229.091553,200.474152,5,4.913374
0.54753,547,229.091553,200.4795,5,5.09878445
0.54935,548,229.091553,200.484482,5,5.038799
0.54938,549,229.091553,200.488815,5,5.12059736
0.55059,550,229.091553,200.493546,5,4.90246725
0.55061,551,229.091553,200.499634,5,4.95154667
0.55245,552,229.091553,200.504532,5,5.038799
0.55428,553,229.091553,200.509567,5,5.09878445
0.55431,554,229.091553,200.51384,5,5.164223
0.55551,555,229.091553,200.519089,5,4.869748
0.55736,556,229.091553,200.5245,5,4.96245337
0.55739,557,229.091553,200.52951,5,4.95154667
0.55859,558,229.091553,200.534622,5,5.13150358
0.55861,559,229.091553,200.539017,5,5.087878
0.56043,560,229.091553,200.549438,5,5.016986
0.56231,561,229.091553,200.554825,5,4.95154667
0.56235,562,229.091553,200.559814,5,5.202396
0.56350,563,229.091553,200.564423,5,5.02789259
0.56535,564,229.091553,200.5694,5,4.96245337
0.56537,565,229.091553,200.57428,5,4.913374
0.56659,566,229.091553,200.580109,5,4.95154667
0.56660,567,229.091553,200.584717,5,5.14241028
0.56864,568,229.091553,200.589447,5,5.006079
0.57026,569,229.091553,200.594086,5,5.016986
0.57028,570,229.091553,200.599762,5,4.78794956
0.57151,571,229.091553,200.605637,5,5.016986
0.57335,572,229.091553,200.610153,5,5.13150358
0.57337,573,229.091553,200.6153,5,5.109691
0.57458,574,229.091553,200.619537,5,5.066065
0.57460,575,229.091553,200.625366,5,4.847935
0.57645,576,229.091553,200.630554,5,5.07697153
0.57828,577,229.091553,200.6352,5,5.006079
0.57830,578,229.091553,200.6399,5,5.109691
0.57949,579,229.091553,200.64473,5,4.94064
0.58135,580,229.091553,200.6506,5,4.891561
0.58137,581,229.091553,200.655365,5,5.07697153
0.58258,582,229.091553,200.660263,5,5.02789259
0.58259,583,229.091553,200.664871,5,5.09878445
0.58446,584,229.091553,200.670135,5,4.88065434
0.58630,585,229.091553,200.675568,5,4.995173
0.58632,586,229.091553,200.680237,5,4.995173
0.58757,587,229.091553,200.68544,5,5.066065
0.58942,588,229.091553,200.690277,5,5.12059736
0.58945,589,229.091553,200.695862,5,4.98426628
0.59060,590,229.091553,200.7007,5,5.153317
0.59061,591,229.091553,200.70549,5,5.02789259
0.59247,592,229.091553,200.710464,5,5.05515862
0.59428,593,229.091553,200.7154,5,4.92973375
0.59431,594,229.091553,200.721069,5,4.97335958
0.59551,595,229.091553,200.725647,5,5.087878
0.59736,596,229.091553,200.730728,5,5.016986
0.59739,597,229.091553,200.735443,5,5.087878
0.59862,598,229.091553,200.740829,5,4.891561
0.59866,599,229.091553,200.746063,5,5.05515862
0.60044,600,229.091553,200.7507,5,5.006079
0.60231,601,229.091553,200.755966,5,5.05515862
0.60234,602,229.091553,200.7608,5,5.07697153
0.60351,603,229.091553,200.766312,5,4.96245337
0.60537,604,229.091553,200.770782,5,5.09878445
0.60540,605,229.091553,200.775787,5,4.913374
0.60661,606,229.091553,200.781448,5,5.066065
0.60662,607,229.091553,200.786453,5,5.006079
0.60848,608,229.091553,200.7912,5,5.02789259
0.61029,609,229.091553,200.795547,5,5.02789259
0.61033,610,229.091553,200.801544,5,4.891561
0.61150,611,229.091553,200.806808,5,5.087878
0.61337,612,229.091553,200.811813,5,5.038799
0.61340,613,229.091553,200.816086,5,5.12059736
0.61460,614,229.091553,200.8209,5,4.913374
0.61462,615,229.091553,200.827225,5,4.913374
0.61646,616,229.091553,200.831818,5,5.02789259
0.61856,617,229.091553,200.837128,5,5.05515862
0.61862,618,229.091553,200.8408,5,5.180583
0.61952,619,229.091553,200.845963,5,4.869748
0.62138,620,229.091553,200.851425,5,4.94064
0.62143,621,229.091553,200.856384,5,4.95154667
0.62260,622,229.091553,200.861572,5,5.09878445
0.62261,623,229.091553,200.865921,5,5.109691
0.62447,624,229.091553,200.871323,5,4.913374
0.62629,625,229.091553,200.876266,5,5.006079
0.62631,626,229.091553,200.881546,5,4.90246725
0.62750,627,229.091553,200.886658,5,5.153317
0.62936,628,229.091553,200.891174,5,5.02789259
0.62939,629,229.091553,200.896164,5,4.94064
0.63059,630,229.091553,200.900955,5,4.90246725
0.63061,631,229.091553,200.90715,5,4.891561
0.63245,632,229.091553,200.911743,5,5.14241028
0.63427,633,229.091553,200.916458,5,4.995173
0.63430,634,229.091553,200.921127,5,5.02789259
0.63557,635,229.091553,200.925949,5,4.81521559
0.63735,636,229.091553,200.931961,5,4.94064
0.63737,637,229.091553,200.936829,5,5.153317
0.63860,638,229.091553,200.941727,5,5.087878
0.63861,639,229.091553,200.946167,5,5.09878445
0.64048,640,229.091553,200.95192,5,4.837029
0.64226,641,229.091553,200.95723,5,5.038799
0.64228,642,229.091553,200.961823,5,5.02789259
0.64349,643,229.091553,200.96666,5,5.087878
0.64538,644,229.091553,200.971359,5,4.995173
0.64541,645,229.091553,200.977234,5,4.858842
0.64659,646,229.091553,200.982025,5,5.07697153
0.64660,647,229.091553,200.986908,5,5.016986
0.64847,648,229.091553,200.991547,5,5.09878445
0.65030,649,229.091553,200.996689,5,4.913374
0.65033,650,229.091553,201.002243,5,4.94064
0.65174,651,229.091553,201.006836,5,5.016986
0.65335,652,229.091553,201.01207,5,5.016986
0.65337,653,229.091553,201.0169,5,5.13150358
0.65461,654,229.091553,201.022369,5,4.96245337
0.65462,655,229.091553,201.027374,5,5.13150358
0.65648,656,229.091553,201.032028,5,5.038799
0.65828,657,229.091553,201.037109,5,5.006079
0.65831,658,229.091553,201.0419,5,4.97335958
0.65950,659,229.091553,201.047623,5,4.92973375
0.66139,660,229.091553,201.052246,5,5.109691
0.66141,661,229.091553,201.057281,5,5.02789259
0.66258,662,229.091553,201.067261,5,4.90246725
0.66259,663,229.091553,201.072662,5,5.006079
0.66446,664,229.091553,201.077225,5,5.02789259
0.66625,665,229.091553,201.082489,5,5.006079
0.66627,666,229.091553,201.087311,5,5.109691
0.66751,667,229.091553,201.092758,5,4.94064
0.66938,668,229.091553,201.097382,5,5.087878
0.66941,669,229.091553,201.102219,5,4.94064
0.67061,670,229.091553,201.107635,5,5.016986
0.67064,671,229.091553,201.1126,5,5.038799
0.67247,672,229.091553,201.117752,5,4.98426628
0.67428,673,229.091553,201.122025,5,5.07697153
0.67430,674,229.091553,201.1275,5,4.869748
0.67550,675,229.091553,201.133011,5,5.07697153
0.67736,676,229.091553,201.13797,5,5.038799
0.67739,677,229.091553,201.142471,5,5.109691
0.67860,678,229.091553,201.146957,5,4.98426628
0.67862,679,229.091553,201.152939,5,4.858842
0.68048,680,229.091553,201.15802,5,5.02789259
0.68227,681,229.091553,201.163055,5,5.016986
0.68229,682,229.091553,201.167389,5,5.202396
0.68351,683,229.091553,201.172318,5,4.92973375
0.68535,684,229.091553,201.177856,5,4.891561
0.68537,685,229.091553,201.182785,5,4.94064
0.68660,686,229.091553,201.188049,5,5.02789259
0.68662,687,229.091553,201.1924,5,5.13150358
0.68848,688,229.091553,201.197632,5,4.90246725
0.69027,689,229.091553,201.2027,5,4.98426628
0.69031,690,229.091553,201.20787,5,4.913374
0.69150,691,229.091553,201.21344,5,5.09878445
0.69335,692,229.091553,201.21756,5,5.109691
0.69338,693,229.091553,201.2226,5,4.94064
0.69458,694,229.091553,201.227386,5,4.95154667
0.69460,695,229.091553,201.233139,5,4.858842
0.69646,696,229.091553,201.238342,5,5.12059736
0.69828,697,229.091553,201.24292,5,5.016986
0.69831,698,229.091553,201.247681,5,5.016986
0.69952,699,229.091553,201.252625,5,4.869748
0.70137,700,229.091553,201.258667,5,4.869748
0.70142,701,229.091553,201.263367,5,5.164223
0.70264,702,229.091553,201.268219,5,5.07697153
0.70268,703,229.091553,201.272675,5,5.13150358
0.70449,704,229.091553,201.278152,5,4.869748
0.70628,705,229.091553,201.283752,5,4.97335958
0.70630,706,229.091553,201.288269,5,5.05515862
0.70751,707,229.091553,201.293137,5,5.05515862
0.70933,708,229.091553,201.297684,5,5.038799
0.70936,709,229.091553,201.303482,5,4.82612228
0.71059,710,229.091553,201.3085,5,5.02789259
0.71061,711,229.091553,201.313583,5,5.006079
0.71246,712,229.091553,201.3183,5,5.09878445
0.71426,713,229.091553,201.323288,5,4.96245337
0.71429,714,229.091553,201.328918,5,4.90246725
0.71551,715,229.091553,201.333511,5,5.038799
0.71734,716,229.091553,201.338715,5,4.98426628
0.71735,717,229.091553,201.343536,5,5.14241028
0.71862,718,229.091553,201.348938,5,4.97335958
0.71863,719,229.091553,201.35376,5,5.07697153
0.72046,720,229.091553,201.358353,5,5.066065
0.72229,721,229.091553,201.363419,5,4.995173
0.72232,722,229.091553,201.368179,5,5.006079
0.72350,723,229.091553,201.373856,5,4.869748
0.72535,724,229.091553,201.378647,5,5.09878445
0.72537,725,229.091553,201.38356,5,5.016986
0.72660,726,229.091553,201.388428,5,5.07697153
0.72662,727,229.091553,201.393463,5,4.97335958
0.72848,728,229.091553,201.399017,5,4.96245337
0.73031,729,229.091553,201.40361,5,5.07697153
0.73033,730,229.091553,201.4088,5,4.98426628
0.73151,731,229.091553,201.413666,5,5.12059736
0.73337,732,229.091553,201.419388,5,4.96245337
0.73340,733,229.091553,201.4239,5,5.07697153
0.73460,734,229.091553,201.4285,5,4.98426628
0.73462,735,229.091553,201.434052,5,4.98426628
0.73645,736,229.091553,201.438965,5,5.07697153
0.73830,737,229.091553,201.444138,5,4.96245337
0.73833,738,229.091553,201.448547,5,5.09878445
0.73953,739,229.091553,201.453766,5,4.891561
0.74134,740,229.091553,201.459366,5,5.02789259
0.74137,741,229.091553,201.464355,5,5.066065
0.74259,742,229.091553,201.46904,5,5.087878
0.74260,743,229.091553,201.473312,5,5.038799
0.74448,744,229.091553,201.479187,5,4.82612228
0.74625,745,229.091553,201.484451,5,5.006079
0.74627,746,229.091553,201.48941,5,4.98426628
0.74752,747,229.091553,201.493912,5,5.180583
0.74935,748,229.091553,201.49855,5,4.995173
0.74936,749,229.091553,201.504257,5,4.858842
0.75058,750,229.091553,201.50914,5,4.96245337
0.75060,751,229.091553,201.5144,5,4.96245337
0.75244,752,229.091553,201.519119,5,5.180583
0.75428,753,229.091553,201.523865,5,4.95154667
0.75432,754,229.091553,201.529465,5,4.96245337
0.75551,755,229.091553,201.534134,5,4.94064
0.75738,756,229.091553,201.539612,5,5.02789259
0.75741,757,229.091553,201.543991,5,5.153317
0.75859,758,229.091553,201.549316,5,4.95154667
0.75861,759,229.091553,201.5597,5,4.837029
0.76047,760,229.091553,201.5648,5,5.066065
0.76230,761,229.091553,201.56929,5,5.066065
0.76236,762,229.091553,201.574158,5,4.995173
0.76351,763,229.091553,201.578873,5,4.92973375
0.76533,764,229.091553,201.58493,5,4.798856
0.76535,765,229.091553,201.589813,5,5.13150358
0.76661,766,229.091553,201.594574,5,5.07697153
0.76663,767,229.091553,201.599091,5,5.13150358
0.76862,768,229.091553,201.604279,5,4.92973375
0.77029,769,229.091553,201.610062,5,4.891561
0.77034,770,229.091553,201.614578,5,5.07697153
0.77151,771,229.091553,201.619492,5,5.016986
0.77337,772,229.091553,201.624039,5,5.087878
0.77340,773,229.091553,201.6296,5,4.82612228
0.77459,774,229.091553,201.634857,5,4.96245337
0.77460,775,229.091553,201.639542,5,5.02789259
0.77648,776,229.091553,201.644363,5,5.05515862
0.77827,777,229.091553,201.6491,5,5.016986
0.77831,778,229.091553,201.654831,5,4.858842
0.77950,779,229.091553,201.659515,5,5.02789259
0.78135,780,229.091553,201.664551,5,4.96245337
0.78137,781,229.091553,201.6695,5,5.109691
0.78262,782,229.091553,201.674637,5,5.016986
0.78265,783,229.091553,201.680084,5,5.006079
0.78446,784,229.091553,201.6846,5,5.109691
0.78627,785,229.091553,201.689667,5,4.98426628
0.78629,786,229.091553,201.694427,5,5.038799
0.78754,787,229.091553,201.69989,5,4.858842
0.78938,788,229.091553,201.704956,5,5.038799
0.78941,789,229.091553,201.709717,5,5.02789259
0.79059,790,229.091553,201.7147,5,5.016986
0.79060,791,229.091553,201.719452,5,5.006079
0.79247,792,229.091553,201.725082,5,4.90246725
0.79429,793,229.091553,201.729767,5,5.07697153
0.79432,794,229.091553,201.7348,5,4.995173
0.79552,795,229.091553,201.739838,5,5.09878445
0.79735,796,229.091553,201.7449,5,5.006079
0.79737,797,229.091553,201.750137,5,4.995173
0.79863,798,229.091553,201.754532,5,5.016986
0.79865,799,229.091553,201.76,5,4.913374
0.80047,800,229.091553,201.765,5,5.066065
0.80226,801,229.091553,201.770111,5,4.95154667
0.80228,802,229.091553,201.7747,5,5.066065
0.80353,803,229.091553,201.7795,5,4.95154667
0.80538,804,229.091553,201.785324,5,4.94064
0.80542,805,229.091553,201.790634,5,5.087878
0.80659,806,229.091553,201.795471,5,5.038799
0.80661,807,229.091553,201.7993,5,5.09878445
0.80845,808,229.091553,201.80481,5,4.847935
0.81030,809,229.091553,201.81073,5,4.96245337
0.81035,810,229.091553,201.815628,5,4.995173
0.81152,811,229.091553,201.820358,5,5.12059736
0.81336,812,229.091553,201.824753,5,5.12059736
0.81338,813,229.091553,201.830414,5,4.82612228
0.81458,814,229.091553,201.835739,5,4.95154667
0.81460,815,229.091553,201.840958,5,4.92973375
0.81647,816,229.091553,201.844955,5,5.14241028
0.81835,817,229.091553,201.84967,5,5.02789259
0.81840,818,229.091553,201.8551,5,4.913374
0.81952,819,229.091553,201.860611,5,4.97335958
0.82139,820,229.091553,201.865479,5,4.92973375
0.82142,821,229.091553,201.870316,5,5.180583
0.82261,822,229.091553,201.874832,5,4.98426628
0.82263,823,229.091553,201.880035,5,4.95154667
0.82449,824,229.091553,201.88533,5,4.869748
0.82627,825,229.091553,201.890884,5,4.96245337
0.82630,826,229.091553,201.8952,5,5.12059736
0.82750,827,229.091553,201.900146,5,4.995173
0.82933,828,229.091553,201.904739,5,4.995173
0.82935,829,229.091553,201.910538,5,4.777043
0.83062,830,229.091553,201.9159,5,5.02789259
0.83066,831,229.091553,201.920441,5,5.109691
0.83248,832,229.091553,201.925156,5,5.09878445
0.83426,833,229.091553,201.929947,5,5.02789259
0.83428,834,229.091553,201.935944,5,4.837029
0.83552,835,229.091553,201.940643,5,5.07697153
0.83737,836,229.091553,201.9455,5,5.006079
0.83741,837,229.091553,201.950043,5,5.09878445
0.83864,838,229.091553,201.955261,5,4.913374
0.83867,839,229.091553,201.960892,5,4.891561
0.84049,840,229.091553,201.9655,5,5.066065
0.84225,841,229.091553,201.970734,5,5.016986
0.84226,842,229.091553,201.974991,5,5.066065
0.84351,843,229.091553,201.980591,5,4.858842
0.84536,844,229.091553,201.9856,5,4.98426628
0.84538,845,229.091553,201.990387,5,4.98426628
0.84659,846,229.091553,201.995575,5,5.038799
0.84661,847,229.091553,202.0004,5,5.087878
0.84848,848,229.091553,202.006,5,4.96245337
0.85024,849,229.091553,202.010544,5,5.13150358
0.85025,850,229.091553,202.015472,5,4.995173
0.85175,851,229.091553,202.02034,5,5.016986
0.85337,852,229.091553,202.025558,5,4.90246725
0.85339,853,229.091553,202.031,5,4.95154667
0.85460,854,229.091553,202.035553,5,5.07697153
0.85462,855,229.091553,202.040619,5,4.995173
0.85648,856,229.091553,202.045258,5,5.05515862
0.85823,857,229.091553,202.050812,5,4.869748
0.85825,858,229.091553,202.05571,5,5.016986
0.85951,859,229.091553,202.060471,5,4.995173
0.86137,860,229.091553,202.070541,5,5.066065
0.86141,861,229.091553,202.075974,5,4.94064
0.86259,862,229.091553,202.080338,5,5.066065
0.86260,863,229.091553,202.08551,5,4.90246725
0.86445,864,229.091553,202.090759,5,5.02789259
0.86625,865,229.091553,202.095734,5,4.98426628
0.86627,866,229.091553,202.100662,5,4.97335958
0.86752,867,229.091553,202.105042,5,5.02789259
0.86936,868,229.091553,202.110809,5,4.858842
0.86938,869,229.091553,202.116,5,5.066065
0.87061,870,229.091553,202.120987,5,5.02789259
0.87065,871,229.091553,202.125183,5,5.109691
0.87248,872,229.091553,202.130127,5,4.92973375
0.87425,873,229.091553,202.136047,5,4.869748
0.87428,874,229.091553,202.140961,5,5.016986
0.87550,875,229.091553,202.1459,5,5.006079
0.87733,876,229.091553,202.150146,5,5.191489
0.87734,877,229.091553,202.155457,5,4.891561
0.87859,878,229.091553,202.160767,5,4.90246725
0.87863,879,229.091553,202.1658,5,4.94064
0.88048,880,229.091553,202.170822,5,5.038799
0.88225,881,229.091553,202.175262,5,5.13150358
0.88226,882,229.091553,202.1807,5,4.891561
0.88350,883,229.091553,202.185608,5,4.995173
0.88535,884,229.091553,202.191,5,4.90246725
0.88538,885,229.091553,202.196182,5,5.12059736
0.88660,886,229.091553,202.20079,5,5.07697153
0.88662,887,229.091553,202.20549,5,4.92973375
0.88846,888,229.091553,202.210739,5,4.94064
0.89024,889,229.091553,202.216568,5,4.869748
0.89025,890,229.091553,202.221024,5,5.14241028
0.89150,891,229.091553,202.225876,5,5.016986
0.89333,892,229.091553,202.230423,5,5.02789259
0.89334,893,229.091553,202.235809,5,4.847935
0.89461,894,229.091553,202.241653,5,4.88065434
0.89463,895,229.091553,202.2462,5,5.153317
0.89647,896,229.091553,202.251038,5,5.07697153
0.89825,897,229.091553,202.255554,5,5.109691
0.89826,898,229.091553,202.261337,5,4.858842
0.89950,899,229.091553,202.2665,5,4.995173
0.90133,900,229.091553,202.271118,5,5.02789259
0.90134,901,229.091553,202.275879,5,5.05515862
0.90261,902,229.091553,202.2807,5,5.016986
0.90262,903,229.091553,202.2865,5,4.82612228
0.90447,904,229.091553,202.291245,5,5.038799
0.90625,905,229.091553,202.296173,5,5.006079
0.90626,906,229.091553,202.300751,5,5.087878
0.90753,907,229.091553,202.306,5,4.94064
0.90933,908,229.091553,202.311737,5,4.913374
0.90935,909,229.091553,202.31633,5,5.02789259
0.91060,910,229.091553,202.321564,5,4.97335958
0.91062,911,229.091553,202.326431,5,5.13150358
0.91245,912,229.091553,202.332031,5,4.96245337
0.91424,913,229.091553,202.337067,5,5.09878445
0.91426,914,229.091553,202.3419,5,5.066065
0.91552,915,229.091553,202.3468,5,4.995173
0.91758,916,229.091553,202.351837,5,4.995173
0.91763,917,229.091553,202.357468,5,4.88065434
0.91861,918,229.091553,202.36203,5,5.109691
0.91865,919,229.091553,202.366455,5,5.016986
0.92049,920,229.091553,202.372086,5,5.066065
0.92224,921,229.091553,202.376526,5,4.95154667
0.92225,922,229.091553,202.38179,5,4.96245337
0.92356,923,229.091553,202.386429,5,5.05515862
0.92534,924,229.091553,202.391663,5,4.98426628
0.92535,925,229.091553,202.396484,5,5.109691
0.92660,926,229.091553,202.401932,5,4.95154667
0.92662,927,229.091553,202.406479,5,5.066065
0.92845,928,229.091553,202.411423,5,4.96245337
0.93025,929,229.091553,202.416824,5,4.97335958
0.93027,930,229.091553,202.421738,5,5.05515862
0.93152,931,229.091553,202.426849,5,4.95154667
0.93334,932,229.091553,202.431168,5,5.087878
0.93335,933,229.091553,202.436676,5,4.88065434
0.93463,934,229.091553,202.442108,5,5.02789259
0.93467,935,229.091553,202.4471,5,5.05515862
0.93647,936,229.091553,202.451492,5,5.087878
0.93825,937,229.091553,202.456055,5,5.016986
0.93827,938,229.091553,202.462082,5,4.837029
0.93955,939,229.091553,202.467072,5,5.016986
0.94133,940,229.091553,202.472427,5,4.98426628
0.94135,941,229.091553,202.476425,5,5.191489
0.94261,942,229.091553,202.4814,5,4.98426628
0.94263,943,229.091553,202.486923,5,4.858842
0.94444,944,229.091553,202.491837,5,4.96245337
0.94624,945,229.091553,202.4971,5,4.97335958
0.94626,946,229.091553,202.501419,5,5.164223
0.94756,947,229.091553,202.5071,5,4.94064
0.94935,948,229.091553,202.5118,5,4.96245337
0.94937,949,229.091553,202.517365,5,4.94064
0.95061,950,229.091553,202.522476,5,5.038799
0.95062,951,229.091553,202.526978,5,5.14241028
0.95246,952,229.091553,202.5317,5,4.95154667
0.95431,953,229.091553,202.5368,5,4.96245337
0.95435,954,229.091553,202.542648,5,4.847935
0.95554,955,229.091553,202.5474,5,5.087878
0.95735,956,229.091553,202.552032,5,5.066065
0.95738,957,229.091553,202.556747,5,5.006079
0.95864,958,229.091553,202.561768,5,4.913374
0.95867,959,229.091553,202.567841,5,4.81521559
0.96044,960,229.091553,202.572433,5,5.14241028
0.96224,961,229.091553,202.5773,5,5.07697153
0.96226,962,229.091553,202.5873,5,4.92973375
0.96350,963,229.091553,202.59285,5,4.913374
0.96535,964,229.091553,202.597366,5,5.087878
0.96537,965,229.091553,202.602188,5,5.02789259
0.96666,966,229.091553,202.606857,5,5.087878
0.96671,967,229.091553,202.6127,5,4.847935
0.96845,968,229.091553,202.617645,5,5.006079
0.97028,969,229.091553,202.622482,5,5.038799
0.97030,970,229.091553,202.627151,5,5.07697153
0.97150,971,229.091553,202.632141,5,5.016986
0.97337,972,229.091553,202.637817,5,4.88065434
0.97340,973,229.091553,202.642365,5,5.05515862
0.97459,974,229.091553,202.647614,5,4.97335958
0.97462,975,229.091553,202.652435,5,5.12059736
0.97644,976,229.091553,202.657867,5,5.016986
0.97824,977,229.091553,202.662979,5,5.038799
0.97826,978,229.091553,202.667618,5,5.109691
0.97951,979,229.091553,202.6727,5,4.995173
0.98135,980,229.091553,202.677429,5,5.038799
0.98138,981,229.091553,202.683151,5,4.88065434
0.98261,982,229.091553,202.687866,5,5.066065
0.98263,983,229.091553,202.69278,5,5.02789259
0.98445,984,229.091553,202.697617,5,5.038799
0.98626,985,229.091553,202.702728,5,4.98426628
0.98628,986,229.091553,202.708237,5,4.92973375
0.98751,987,229.091553,202.712784,5,5.087878
0.98935,988,229.091553,202.717972,5,4.98426628
0.98936,989,229.091553,202.722839,5,5.109691
0.99063,990,229.091553,202.728256,5,4.98426628
0.99067,991,229.091553,202.732986,5,5.02789259
0.99247,992,229.091553,202.7377,5,5.006079
0.99424,993,229.091553,202.743179,5,4.94064
0.99426,994,229.091553,202.748138,5,5.087878
0.99560,995,229.091553,202.753326,5,4.95154667
0.99735,996,229.091553,202.757645,5,5.087878
0.99738,997,229.091553,202.762955,5,4.94064
0.99860,998,229.091553,202.768539,5,4.97335958
0.99864,999,229.091553,202.773849,5,5.087878
1.00044,1000,229.091553,202.778091,5,5.066065
1.00230,1001,229.091553,202.78244,5,5.07697153
1.00233,1002,229.091553,202.788391,5,4.837029
1.00351,1003,229.091553,202.793579,5,4.995173
1.00533,1004,229.091553,202.798859,5,4.98426628
1.00534,1005,229.091553,202.803253,5,5.153317
1.00659,1006,229.091553,202.808136,5,5.066065
1.00661,1007,229.091553,202.813721,5,4.837029
1.00844,1008,229.091553,202.818634,5,4.96245337
1.01030,1009,229.091553,202.823914,5,4.94064
1.01033,1010,229.091553,202.828537,5,5.180583
1.01151,1011,229.091553,202.833817,5,4.98426628
1.01334,1012,229.091553,202.838608,5,4.95154667
1.01336,1013,229.091553,202.8441,5,4.97335958
1.01459,1014,229.091553,202.84935,5,4.98426628
1.01461,1015,229.091553,202.853821,5,5.180583
1.01646,1016,229.091553,202.85881,5,4.97335958
1.01844,1017,229.091553,202.8636,5,4.97335958
1.01846,1018,229.091553,202.8694,5,4.858842
1.01952,1019,229.091553,202.873978,5,5.02789259
1.02135,1020,229.091553,202.8785,5,5.087878
1.02137,1021,229.091553,202.883286,5,4.995173
1.02264,1022,229.091553,202.888123,5,4.97335958
1.02266,1023,229.091553,202.894241,5,4.76613665
1.02444,1024,229.091553,202.898987,5,5.087878
1.02632,1025,229.091553,202.903824,5,5.087878
1.02636,1026,229.091553,202.9083,5,5.13150358
1.02751,1027,229.091553,202.9137,5,4.995173
1.02932,1028,229.091553,202.919357,5,4.869748
1.02934,1029,229.091553,202.9242,5,5.09878445
1.03058,1030,229.091553,202.928787,5,5.016986
1.03060,1031,229.091553,202.93338,5,5.109691
1.03244,1032,229.091553,202.939087,5,4.88065434
1.03425,1033,229.091553,202.9442,5,4.96245337
1.03427,1034,229.091553,202.948959,5,5.05515862
1.03552,1035,229.091553,202.953674,5,5.038799
1.03735,1036,229.091553,202.958511,5,5.038799
1.03738,1037,229.091553,202.964218,5,4.837029
1.03859,1038,229.091553,202.9688,5,5.006079
1.03860,1039,229.091553,202.973969,5,4.95154667
1.04048,1040,229.091553,202.978867,5,5.09878445
1.04224,1041,229.091553,202.984116,5,5.05515862
1.04226,1042,229.091553,202.98941,5,4.98426628
1.04351,1043,229.091553,202.993973,5,5.13150358
1.04534,1044,229.091553,202.999,5,4.98426628
1.04535,1045,229.091553,203.003754,5,5.038799
1.04660,1046,229.091553,203.009384,5,4.869748
1.04661,1047,229.091553,203.0143,5,5.016986
1.04844,1048,229.091553,203.0191,5,5.05515862
1.05029,1049,229.091553,203.024,5,5.016986
1.05033,1050,229.091553,203.028915,5,5.038799
1.05174,1051,229.091553,203.0345,5,4.88065434
1.05339,1052,229.091553,203.039063,5,5.066065
1.05341,1053,229.091553,203.04422,5,4.97335958
1.05460,1054,229.091553,203.049133,5,5.066065
1.05462,1055,229.091553,203.054367,5,5.016986
1.05644,1056,229.091553,203.059387,5,4.98426628
1.05826,1057,229.091553,203.063858,5,5.05515862
1.05829,1058,229.091553,203.069382,5,4.90246725
1.05953,1059,229.091553,203.079529,5,4.96245337
1.06133,1060,229.091553,203.084,5,5.038799
1.06135,1061,229.091553,203.088989,5,4.98426628
1.06259,1062,229.091553,203.094666,5,4.913374
1.06260,1063,229.091553,203.099686,5,5.07697153
1.06444,1064,229.091553,203.104477,5,5.038799
1.06628,1065,229.091553,203.108643,5,5.109691
1.06630,1066,229.091553,203.114349,5,4.88065434
1.06750,1067,229.091553,203.119827,5,4.94064
1.06937,1068,229.091553,203.124741,5,5.006079
1.06938,1069,229.091553,203.129379,5,5.087878
1.07059,1070,229.091553,203.133835,5,5.14241028
1.07061,1071,229.091553,203.139526,5,4.847935
1.07245,1072,229.091553,203.14447,5,4.94064
1.07432,1073,229.091553,203.1497,5,4.92973375
1.07435,1074,229.091553,203.154251,5,5.109691
1.07550,1075,229.091553,203.159119,5,5.066065
1.07734,1076,229.091553,203.1648,5,4.90246725
1.07736,1077,229.091553,203.169708,5,4.995173
1.07859,1078,229.091553,203.175186,5,4.913374
1.07861,1079,229.091553,203.179611,5,5.164223
1.08045,1080,229.091553,203.184525,5,5.006079
1.08228,1081,229.091553,203.189362,5,4.92973375
1.08232,1082,229.091553,203.194839,5,4.891561
1.08349,1083,229.091553,203.2002,5,4.913374
1.08540,1084,229.091553,203.204575,5,5.13150358
1.08546,1085,229.091553,203.209442,5,4.995173
1.08661,1086,229.091553,203.214081,5,5.016986
1.08663,1087,229.091553,203.220078,5,4.78794956
1.08847,1088,229.091553,203.225708,5,5.13150358
1.09033,1089,229.091553,203.229828,5,5.13150358
1.09036,1090,229.091553,203.234451,5,5.087878
1.09151,1091,229.091553,203.23941,5,5.07697153
1.09337,1092,229.091553,203.24527,5,4.82612228
1.09340,1093,229.091553,203.249908,5,5.038799
1.09458,1094,229.091553,203.254745,5,5.006079
1.09460,1095,229.091553,203.259262,5,5.07697153
1.09649,1096,229.091553,203.264648,5,4.94064
1.09827,1097,229.091553,203.270172,5,4.847935
1.09829,1098,229.091553,203.27475,5,5.05515862
1.09954,1099,229.091553,203.279617,5,4.995173
1.10137,1100,229.091553,203.284271,5,5.07697153
1.10140,1101,229.091553,203.2899,5,4.869748
1.10260,1102,229.091553,203.294769,5,4.94064
1.10270,1103,229.091553,203.299591,5,4.98426628
1.10451,1104,229.091553,203.304749,5,5.006079
1.10629,1105,229.091553,203.309662,5,5.109691
1.10631,1106,229.091553,203.315536,5,5.12059736
1.10751,1107,229.091553,203.320053,5,5.016986
1.10938,1108,229.091553,203.3254,5,5.006079
1.10941,1109,229.091553,203.329788,5,4.94064
1.11059,1110,229.091553,203.335541,5,4.90246725
1.11063,1111,229.091553,203.3407,5,5.087878
1.11248,1112,229.091553,203.345367,5,4.98426628
1.11427,1113,229.091553,203.3504,5,5.07697153
1.11430,1114,229.091553,203.355148,5,4.90246725
1.11549,1115,229.091553,203.360748,5,4.995173
1.11735,1116,229.091553,203.365463,5,5.016986
1.11737,1117,229.091553,203.369781,5,5.016986
1.11862,1118,229.091553,203.374924,5,4.98426628
1.11864,1119,229.091553,203.379837,5,5.087878
1.12046,1120,229.091553,203.385269,5,4.94064
1.12228,1121,229.091553,203.389587,5,5.087878
1.12230,1122,229.091553,203.394974,5,4.94064
1.12354,1123,229.091553,203.40004,5,5.016986
1.12536,1124,229.091553,203.405121,5,5.02789259
1.12539,1125,229.091553,203.409912,5,4.97335958
1.12661,1126,229.091553,203.414383,5,5.07697153
1.12663,1127,229.091553,203.420227,5,4.847935
1.12847,1128,229.091553,203.425858,5,5.006079
1.13023,1129,229.091553,203.4302,5,5.006079
1.13026,1130,229.091553,203.434326,5,5.07697153
1.13152,1131,229.091553,203.439346,5,4.95154667
1.13334,1132,229.091553,203.445145,5,4.78794956
1.13337,1133,229.091553,203.450012,5,4.97335958
1.13459,1134,229.091553,203.454926,5,5.153317
1.13461,1135,229.091553,203.459351,5,4.90246725
1.13646,1136,229.091553,203.4648,5,4.82612228
1.13829,1137,229.091553,203.46994,5,4.90246725
1.13832,1138,229.091553,203.475021,5,4.95154667
1.13952,1139,229.091553,203.479919,5,5.13150358
1.14135,1140,229.091553,203.48436,5,4.891561
1.14137,1141,229.091553,203.489792,5,4.95154667
1.14258,1142,229.091553,203.494675,5,4.90246725
1.14261,1143,229.091553,203.5001,5,5.02789259
1.14446,1144,229.091553,203.504929,5,5.13150358
1.14627,1145,229.091553,203.509521,5,4.913374
1.14631,1146,229.091553,203.514526,5,4.95154667
1.14750,1147,229.091553,203.519424,5,4.82612228
1.14934,1148,229.091553,203.525269,5,5.07697153
1.14937,1149,229.091553,203.530014,5,5.038799
1.15059,1150,229.091553,203.534851,5,4.995173
1.15060,1151,229.091553,203.539154,5,4.92973375
1.15250,1152,229.091553,203.544556,5,4.81521559
1.15429,1153,229.091553,203.550385,5,5.153317
1.15434,1154,229.091553,203.5549,5,5.087878
1.15552,1155,229.091553,203.560043,5,5.14241028
1.15736,1156,229.091553,203.56459,5,4.94064
1.15738,1157,229.091553,203.570511,5,4.92973375
1.15860,1158,229.091553,203.575546,5,5.087878
1.15861,1159,229.091553,203.580261,5,5.02789259
1.16049,1160,229.091553,203.584946,5,5.087878
1.16227,1161,229.091553,203.58989,5,4.837029
1.16231,1162,229.091553,203.595642,5,5.006079
1.16350,1163,229.091553,203.6053,5,5.07697153
1.16534,1164,229.091553,203.6053,5,5.07697153
1.16536,1165,229.091553,203.6152,5,4.869748
1.16660,1166,229.091553,203.6206,5,5.05515862
1.16661,1167,229.091553,203.625183,5,4.96245337
1.16863,1168,229.091553,203.630432,5,5.12059736
1.17029,1169,229.091553,203.635254,5,5.006079
1.17033,1170,229.091553,203.640808,5,5.02789259
1.17150,1171,229.091553,203.645554,5,5.087878
1.17340,1172,229.091553,203.650345,5,4.97335958
1.17342,1173,229.091553,203.6553,5,5.006079
1.17459,1174,229.091553,203.660217,5,4.847935
1.17461,1175,229.091553,203.665848,5,5.05515862
1.17650,1176,229.091553,203.670456,5,5.016986
1.17826,1177,229.091553,203.67543,5,5.02789259
1.17828,1178,229.091553,203.680145,5,4.98426628
1.17951,1179,229.091553,203.6855,5,4.891561
1.18137,1180,229.091553,203.690735,5,5.07697153
1.18140,1181,229.091553,203.695328,5,4.96245337
1.18260,1182,229.091553,203.700562,5,5.087878
1.18263,1183,229.091553,203.705353,5,4.97335958
1.18453,1184,229.091553,203.710831,5,5.006079
1.18627,1185,229.091553,203.715378,5,5.006079
1.18633,1186,229.091553,203.720291,5,4.90246725
1.18752,1187,229.091553,203.7257,5,5.066065
1.18935,1188,229.091553,203.73056,5,4.94064
1.18938,1189,229.091553,203.735672,5,5.066065
1.19061,1190,229.091553,203.739975,5,4.92973375
1.19063,1191,229.091553,203.7455,5,4.94064
1.19246,1192,229.091553,203.750885,5,5.07697153
1.19426,1193,229.091553,203.75589,5,5.02789259
1.19429,1194,229.091553,203.760269,5,5.087878
1.19552,1195,229.091553,203.764786,5,4.82612228
1.19734,1196,229.091553,203.770828,5,4.96245337
1.19737,1197,229.091553,203.7758,5,4.98426628
1.19862,1198,229.091553,203.780838,5,5.109691
1.19864,1199,229.091553,203.785156,5,5.09878445
1.20048,1200,229.091553,203.790146,5,4.82612228
1.20225,1201,229.091553,203.795609,5,4.94064
1.20227,1202,229.091553,203.800568,5,4.92973375
1.20353,1203,229.091553,203.805817,5,5.14241028
1.20540,1204,229.091553,203.81012,5,5.006079
1.20543,1205,229.091553,203.81543,5,4.92973375
1.20662,1206,229.091553,203.820755,5,4.97335958
1.20664,1207,229.091553,203.825974,5,4.94064
1.20848,1208,229.091553,203.831161,5,5.180583
1.21026,1209,229.091553,203.8356,5,4.97335958
1.21028,1210,229.091553,203.840591,5,4.94064
1.21150,1211,229.091553,203.845352,5,4.858842
1.21334,1212,229.091553,203.851135,5,4.95154667
1.21337,1213,229.091553,203.855927,5,5.09878445
1.21460,1214,229.091553,203.860535,5,4.97335958
1.21466,1215,229.091553,203.865234,5,4.97335958
1.21649,1216,229.091553,203.8702,5,4.75523
1.21848,1217,229.091553,203.876221,5,5.016986
1.21850,1218,229.091553,203.880615,5,5.09878445
1.21950,1219,229.091553,203.8854,5,5.09878445
1.22140,1220,229.091553,203.889923,5,5.038799
1.22142,1221,229.091553,203.895355,5,4.858842
1.22259,1222,229.091553,203.9011,5,5.109691
1.22261,1223,229.091553,203.905777,5,5.087878
1.22447,1224,229.091553,203.910782,5,5.202396
1.22627,1225,229.091553,203.915573,5,5.066065
1.22630,1226,229.091553,203.921555,5,5.087878
1.22750,1227,229.091553,203.926636,5,5.21330261
1.22936,1228,229.091553,203.931625,5,5.191489
1.22939,1229,229.091553,203.936371,5,5.202396
1.23060,1230,229.091553,203.94165,5,5.016986
1.23064,1231,229.091553,203.947235,5,5.13150358
1.23251,1232,229.091553,203.95195,5,5.07697153
1.23424,1233,229.091553,203.957214,5,5.202396
1.23427,1234,229.091553,203.962051,5,5.109691
1.23551,1235,229.091553,203.967682,5,5.087878
1.23736,1236,229.091553,203.972519,5,5.14241028
1.23740,1237,229.091553,203.977356,5,5.016986
1.23859,1238,229.091553,203.982346,5,5.066065
1.23861,1239,229.091553,203.987183,5,4.869748
1.24049,1240,229.091553,203.992859,5,5.066065
1.24229,1241,229.091553,203.997437,5,5.016986
1.24232,1242,229.091553,204.002472,5,5.016986
1.24350,1243,229.091553,204.007141,5,4.995173
1.24536,1244,229.091553,204.012451,5,4.88065434
1.24540,1245,229.091553,204.017731,5,5.066065
1.24659,1246,229.091553,204.022278,5,4.94064
1.24662,1247,229.091553,204.027466,5,5.066065
1.24849,1248,229.091553,204.032227,5,4.95154667
1.25028,1249,229.091553,204.037613,5,4.95154667
1.25031,1250,229.091553,204.042221,5,4.98426628
1.25176,1251,229.091553,204.046967,5,4.858842
1.25336,1252,229.091553,204.052368,5,5.016986
1.25339,1253,229.091553,204.057236,5,4.891561
1.25462,1254,229.091553,204.062347,5,5.006079
1.25465,1255,229.091553,204.066574,5,4.913374
1.25645,1256,229.091553,204.071854,5,4.858842
1.25828,1257,229.091553,204.077362,5,5.02789259
1.25832,1258,229.091553,204.086868,5,5.066065
1.25951,1259,229.091553,204.091141,5,4.837029
1.26137,1260,229.091553,204.097015,5,4.891561
1.26141,1261,229.091553,204.102524,5,4.98426628
1.26260,1262,229.091553,204.107162,5,5.05515862
1.26262,1263,229.091553,204.111679,5,5.13150358
1.26449,1264,229.091553,204.116669,5,4.82612228
1.26629,1265,229.091553,204.1223,5,4.913374
1.26631,1266,229.091553,204.127213,5,4.92973375
1.26750,1267,229.091553,204.132492,5,5.09878445
1.26939,1268,229.091553,204.136871,5,5.07697153
1.26943,1269,229.091553,204.142014,5,4.90246725
1.27061,1270,229.091553,204.147186,5,4.995173
1.27062,1271,229.091553,204.152252,5,4.913374
1.27247,1272,229.091553,204.157639,5,5.180583
1.27430,1273,229.091553,204.162079,5,5.02789259
1.27433,1274,229.091553,204.167068,5,4.95154667
1.27550,1275,229.091553,204.17186,5,4.913374
1.27738,1276,229.091553,204.177582,5,4.94064
1.27741,1277,229.091553,204.1826,5,5.14241028
1.27859,1278,229.091553,204.187073,5,4.995173
1.27861,1279,229.091553,204.19191,5,5.02789259
1.28049,1280,229.091553,204.196671,5,4.78794956
1.28229,1281,229.091553,204.202774,5,4.98426628
1.28232,1282,229.091553,204.207565,5,5.13150358
1.28351,1283,229.091553,204.212372,5,5.087878
1.28536,1284,229.091553,204.216873,5,5.066065
1.28542,1285,229.091553,204.222153,5,4.82612228
1.28659,1286,229.091553,204.227859,5,5.038799
1.28661,1287,229.091553,204.23233,5,4.995173
1.28848,1288,229.091553,204.237244,5,5.07697153
1.29033,1289,229.091553,204.241791,5,4.94064
1.29036,1290,229.091553,204.247391,5,4.847935
1.29151,1291,229.091553,204.252625,5,5.066065
1.29335,1292,229.091553,204.2573,5,4.995173
1.29338,1293,229.091553,204.262085,5,5.07697153
1.29460,1294,229.091553,204.2668,5,4.858842
1.29461,1295,229.091553,204.2725,5,4.94064
1.29649,1296,229.091553,204.277466,5,4.98426628
1.29826,1297,229.091553,204.282211,5,4.995173
1.29828,1298,229.091553,204.28717,5,5.109691
1.29953,1299,229.091553,204.292282,5,4.92973375
1.30161,1300,229.091553,204.297714,5,5.109691
1.30169,1301,229.091553,204.302231,5,5.006079
1.30262,1302,229.091553,204.307266,5,4.995173
1.30265,1303,229.091553,204.311981,5,4.94064
1.30451,1304,229.091553,204.31749,5,4.891561
1.30630,1305,229.091553,204.322556,5,5.087878
1.30633,1306,229.091553,204.327271,5,4.995173
1.30751,1307,229.091553,204.3325,5,5.066065
1.30937,1308,229.091553,204.3373,5,4.88065434
1.30939,1309,229.091553,204.342926,5,4.98426628
1.31061,1310,229.091553,204.347839,5,5.006079
1.31063,1311,229.091553,204.352951,5,4.98426628
1.31248,1312,229.091553,204.35759,5,5.087878
1.31426,1313,229.091553,204.3627,5,4.913374
1.31428,1314,229.091553,204.367859,5,5.066065
1.31550,1315,229.091553,204.372574,5,4.92973375
1.31737,1316,229.091553,204.378387,5,4.995173
1.31740,1317,229.091553,204.3824,5,5.016986
1.31860,1318,229.091553,204.387512,5,4.95154667
1.31864,1319,229.091553,204.392136,5,5.066065
1.32049,1320,229.091553,204.396851,5,4.858842
1.32228,1321,229.091553,204.402679,5,5.05515862
1.32231,1322,229.091553,204.407715,5,5.038799
1.32350,1323,229.091553,204.4126,5,5.09878445
1.32534,1324,229.091553,204.416977,5,4.98426628
1.32537,1325,229.091553,204.4225,5,4.837029
1.32659,1326,229.091553,204.4284,5,5.006079
1.32661,1327,229.091553,204.432953,5,4.98426628
1.32850,1328,229.091553,204.437744,5,5.191489
1.33027,1329,229.091553,204.442017,5,4.94064
1.33029,1330,229.091553,204.447342,5,4.858842
1.33151,1331,229.091553,204.452682,5,4.94064
1.33337,1332,229.091553,204.45787,5,4.97335958
1.33341,1333,229.091553,204.462509,5,5.14241028
1.33458,1334,229.091553,204.467224,5,4.891561
1.33460,1335,229.091553,204.47258,5,4.96245337
1.33647,1336,229.091553,204.477814,5,4.90246725
1.33826,1337,229.091553,204.482956,5,5.05515862
1.33831,1338,229.091553,204.487518,5,5.12059736
1.33950,1339,229.091553,204.49231,5,4.92973375
1.34134,1340,229.091553,204.4972,5,4.94064
1.34136,1341,229.091553,204.502411,5,4.82612228
1.34259,1342,229.091553,204.508041,5,5.087878
1.34261,1343,229.091553,204.51236,5,5.02789259
1.34449,1344,229.091553,204.517273,5,5.006079
1.34628,1345,229.091553,204.52182,5,4.90246725
1.34631,1346,229.091553,204.527573,5,4.81521559
1.34752,1347,229.091553,204.533051,5,5.14241028
1.34936,1348,229.091553,204.5376,5,5.066065
1.34938,1349,229.091553,204.542358,5,5.13150358
1.35060,1350,229.091553,204.547028,5,4.90246725
1.35061,1351,229.091553,204.553009,5,4.94064
1.35246,1352,229.091553,204.557861,5,5.087878
1.35425,1353,229.091553,204.562653,5,5.038799
1.35427,1354,229.091553,204.567245,5,5.07697153
1.35555,1355,229.091553,204.572388,5,4.837029
1.35739,1356,229.091553,204.578064,5,5.006079
1.35741,1357,229.091553,204.5827,5,5.016986
1.35862,1358,229.091553,204.587677,5,5.07697153
1.35866,1359,229.091553,204.5978,5,4.88065434
1.36048,1360,229.091553,204.6029,5,5.05515862
1.36225,1361,229.091553,204.607651,5,4.98426628
1.36227,1362,229.091553,204.6129,5,5.14241028
1.36351,1363,229.091553,204.617722,5,5.006079
1.36539,1364,229.091553,204.623352,5,5.05515862
1.36541,1365,229.091553,204.627991,5,5.09878445
1.36658,1366,229.091553,204.6329,5,4.98426628
1.36660,1367,229.091553,204.637741,5,5.02789259
1.36866,1368,229.091553,204.642929,5,4.869748
1.37032,1369,229.091553,204.6484,5,5.07697153
1.37039,1370,229.091553,204.652985,5,5.02789259
1.37153,1371,229.091553,204.658066,5,5.05515862
1.37339,1372,229.091553,204.662735,5,4.98426628
1.37342,1373,229.091553,204.66832,5,4.92973375
1.37460,1374,229.091553,204.673279,5,5.07697153
1.37462,1375,229.091553,204.67804,5,4.97335958
1.37649,1376,229.091553,204.683228,5,5.109691
1.37824,1377,229.091553,204.6881,5,4.97335958
1.37826,1378,229.091553,204.693573,5,5.038799
1.37950,1379,229.091553,204.697922,5,4.995173
1.38134,1380,229.091553,204.703156,5,4.95154667
1.38138,1381,229.091553,204.708389,5,5.07697153
1.38258,1382,229.091553,204.713379,5,4.94064
1.38260,1383,229.091553,204.718292,5,5.09878445
1.38448,1384,229.091553,204.722717,5,4.913374
1.38627,1385,229.091553,204.728516,5,4.97335958
1.38629,1386,229.091553,204.733627,5,5.07697153
1.38755,1387,229.091553,204.738708,5,5.05515862
1.38934,1388,229.091553,204.7429,5,5.07697153
1.38938,1389,229.091553,204.74826,5,4.837029
1.39061,1390,229.091553,204.754074,5,4.995173
1.39062,1391,229.091553,204.758682,5,4.98426628
1.39248,1392,229.091553,204.7639,5,5.153317
1.39428,1393,229.091553,204.768143,5,5.05515862
1.39431,1394,229.091553,204.77356,5,4.82612228
1.39555,1395,229.091553,204.778809,5,4.96245337
1.39732,1396,229.091553,204.78392,5,4.94064
1.39734,1397,229.091553,204.788818,5,5.180583
1.39859,1398,229.091553,204.793335,5,4.98426628
1.39862,1399,229.091553,204.798782,5,4.95154667
1.40045,1400,229.091553,204.80365,5,4.96245337
1.40230,1401,229.091553,204.809113,5,4.98426628
1.40233,1402,229.091553,204.8139,5,5.180583
1.40353,1403,229.091553,204.818588,5,4.96245337
1.40536,1404,229.091553,204.823532,5,4.97335958
1.40541,1405,229.091553,204.828568,5,4.858842
1.40659,1406,229.091553,204.83432,5,5.02789259
1.40662,1407,229.091553,204.839081,5,5.09878445
1.40848,1408,229.091553,204.8439,5,4.995173
1.41026,1409,229.091553,204.8485,5,4.98426628
1.41027,1410,229.091553,204.85405,5,4.777043
1.41154,1411,229.091553,204.859726,5,5.09878445
1.41333,1412,229.091553,204.8646,5,5.087878
1.41335,1413,229.091553,204.869064,5,5.12059736
1.41459,1414,229.091553,204.8737,5,4.98426628
1.41461,1415,229.091553,204.8803,5,4.869748
1.41648,1416,229.091553,204.884811,5,5.087878
1.41844,1417,229.091553,204.889557,5,5.006079
1.41864,1418,229.091553,204.893631,5,5.09878445
1.41951,1419,229.091553,204.898544,5,4.858842
1.42135,1420,229.091553,204.904373,5,4.95154667
1.42137,1421,229.091553,204.909058,5,5.038799
1.42259,1422,229.091553,204.914,5,5.038799
1.42261,1423,229.091553,204.918549,5,5.05515862
1.42450,1424,229.091553,204.923859,5,4.847935
1.42624,1425,229.091553,204.92926,5,5.016986
1.42626,1426,229.091553,204.933853,5,4.96245337
1.42753,1427,229.091553,204.939041,5,5.087878
1.42933,1428,229.091553,204.943832,5,5.038799
1.42935,1429,229.091553,204.949432,5,4.98426628
1.43060,1430,229.091553,204.9542,5,5.12059736
1.43061,1431,229.091553,204.958923,5,4.97335958
1.43247,1432,229.091553,204.963928,5,5.02789259
1.43428,1433,229.091553,204.968842,5,4.869748
1.43431,1434,229.091553,204.974472,5,5.006079
1.43554,1435,229.091553,204.979065,5,5.05515862
1.43734,1436,229.091553,204.9841,5,5.006079
1.43736,1437,229.091553,204.9888,5,5.038799
1.43861,1438,229.091553,204.994125,5,4.869748
1.43864,1439,229.091553,204.999435,5,5.066065
1.44048,1440,229.091553,205.004028,5,4.98426628
1.44226,1441,229.091553,205.009232,5,5.066065
1.44227,1442,229.091553,205.014023,5,5.02789259
1.44352,1443,229.091553,205.019516,5,4.97335958
1.44533,1444,229.091553,205.024078,5,5.05515862
1.44534,1445,229.091553,205.028992,5,4.90246725
1.44659,1446,229.091553,205.034378,5,5.066065
1.44660,1447,229.091553,205.039261,5,4.95154667
1.44849,1448,229.091553,205.0444,5,5.02789259
1.45026,1449,229.091553,205.048721,5,4.995173
1.45028,1450,229.091553,205.05423,5,4.90246725
1.45176,1451,229.091553,205.059677,5,5.09878445
1.45335,1452,229.091553,205.064651,5,5.038799
1.45336,1453,229.091553,205.069061,5,5.12059736
1.45460,1454,229.091553,205.073608,5,4.88065434
1.45462,1455,229.091553,205.079956,5,4.92973375
1.45645,1456,229.091553,205.084946,5,5.006079
1.45828,1457,229.091553,205.089981,5,5.07697153
1.45830,1458,229.091553,205.094254,5,5.153317
1.45955,1459,229.091553,205.1048,5,4.94064
1.46132,1460,229.091553,205.109756,5,4.92973375
1.46134,1461,229.091553,205.114944,5,5.109691
1.46259,1462,229.091553,205.1193,5,5.066065
1.46260,1463,229.091553,205.124619,5,4.90246725
1.46446,1464,229.091553,205.129608,5,4.98426628
1.46625,1465,229.091553,205.134827,5,4.90246725
1.46626,1466,229.091553,205.139984,5,5.153317
1.46754,1467,229.091553,205.144424,5,5.006079
1.46941,1468,229.091553,205.14946,5,4.92973375
1.46945,1469,229.091553,205.154251,5,4.891561
1.47067,1470,229.091553,205.160034,5,4.90246725
1.47069,1471,229.091553,205.164825,5,5.13150358
1.47246,1472,229.091553,205.169388,5,4.98426628
1.47426,1473,229.091553,205.174133,5,5.006079
1.47429,1474,229.091553,205.179169,5,4.78794956
1.47552,1475,229.091553,205.18515,5,4.97335958
1.47733,1476,229.091553,205.189835,5,5.14241028
1.47736,1477,229.091553,205.1947,5,5.087878
1.47860,1478,229.091553,205.199173,5,5.087878
1.47862,1479,229.091553,205.204651,5,4.837029
1.48048,1480,229.091553,205.2102,5,5.038799
1.48230,1481,229.091553,205.2147,5,5.016986
1.48233,1482,229.091553,205.219543,5,5.087878
1.48350,1483,229.091553,205.224228,5,4.97335958
1.48534,1484,229.091553,205.229965,5,4.858842
1.48536,1485,229.091553,205.23497,5,5.066065
1.48670,1486,229.091553,205.239716,5,5.006079
1.48672,1487,229.091553,205.244476,5,5.087878
1.48846,1488,229.091553,205.24939,5,4.891561
1.49024,1489,229.091553,205.255051,5,4.95154667
1.49026,1490,229.091553,205.259659,5,5.006079
1.49151,1491,229.091553,205.264847,5,5.006079
1.49334,1492,229.091553,205.269669,5,5.109691
1.49336,1493,229.091553,205.275024,5,4.95154667
1.49462,1494,229.091553,205.280182,5,5.12059736
1.49464,1495,229.091553,205.284821,5,5.02789259
1.49647,1496,229.091553,205.289886,5,5.016986
1.49827,1497,229.091553,205.294586,5,4.95154667
1.49829,1498,229.091553,205.300278,5,4.913374
1.49952,1499,229.091553,205.3051,5,5.09878445
1.50134,1500,229.091553,205.309982,5,5.006079
1.50136,1501,229.091553,205.3148,5,5.087878
1.50261,1502,229.091553,205.319839,5,4.90246725
1.50265,1503,229.091553,205.325348,5,4.995173
1.50448,1504,229.091553,205.330231,5,5.02789259
1.50626,1505,229.091553,205.335419,5,4.995173
1.50629,1506,229.091553,205.340286,5,5.09878445
1.50750,1507,229.091553,205.345642,5,4.95154667
1.50935,1508,229.091553,205.350708,5,5.087878
1.50937,1509,229.091553,205.355423,5,4.94064
1.51061,1510,229.091553,205.3609,5,5.016986
1.51065,1511,229.091553,205.365845,5,5.016986
1.51248,1512,229.091553,205.371,5,4.97335958
1.51424,1513,229.091553,205.37532,5,5.066065
1.51425,1514,229.091553,205.381027,5,4.858842
1.51550,1515,229.091553,205.38559,5,5.07697153
1.51733,1516,229.091553,205.391174,5,5.038799
1.51735,1517,229.091553,205.3955,5,5.09878445
1.51863,1518,229.091553,205.399719,5,4.96245337
1.51867,1519,229.091553,205.405243,5,4.82612228
1.52044,1520,229.091553,205.410812,5,5.006079
1.52223,1521,229.091553,205.415771,5,4.98426628
1.52224,1522,229.091553,205.420258,5,5.164223
1.52351,1523,229.091553,205.424881,5,4.90246725
1.52532,1524,229.091553,205.430557,5,4.858842
1.52533,1525,229.091553,205.435471,5,4.92973375
1.52661,1526,229.091553,205.440781,5,5.006079
1.52664,1527,229.091553,205.445175,5,5.153317
1.52850,1528,229.091553,205.450211,5,4.90246725
1.53025,1529,229.091553,205.455475,5,4.98426628
1.53027,1530,229.091553,205.460464,5,4.92973375
1.53150,1531,229.091553,205.465942,5,5.09878445
1.53335,1532,229.091553,205.470337,5,5.12059736
1.53337,1533,229.091553,205.475327,5,4.95154667
1.53460,1534,229.091553,205.480118,5,4.95154667
1.53463,1535,229.091553,205.485718,5,4.858842
1.53646,1536,229.091553,205.4909,5,5.109691
1.53826,1537,229.091553,205.495346,5,5.02789259
1.53828,1538,229.091553,205.500214,5,5.006079
1.53951,1539,229.091553,205.504883,5,4.88065434
1.54134,1540,229.091553,205.510956,5,4.847935
1.54136,1541,229.091553,205.515869,5,5.164223
1.54260,1542,229.091553,205.52063,5,5.07697153
1.54263,1543,229.091553,205.525177,5,5.13150358
1.54448,1544,229.091553,205.530685,5,4.88065434
1.54626,1545,229.091553,205.536118,5,4.96245337
1.54629,1546,229.091553,205.54068,5,5.05515862
1.54752,1547,229.091553,205.545578,5,5.038799
1.54933,1548,229.091553,205.5501,5,5.05515862
1.54935,1549,229.091553,205.555649,5,4.81521559
1.55058,1550,229.091553,205.561035,5,5.02789259
1.55060,1551,229.091553,205.565674,5,5.006079
1.55245,1552,229.091553,205.570511,5,5.087878
1.55430,1553,229.091553,205.57515,5,4.96245337
1.55432,1554,229.091553,205.580856,5,4.88065434
1.55551,1555,229.091553,205.585648,5,5.02789259
1.55736,1556,229.091553,205.5906,5,4.95154667
1.55739,1557,229.091553,205.595581,5,5.13150358
1.55862,1558,229.091553,205.60614,5,5.05515862
1.55865,1559,229.091553,205.610657,5,5.07697153
1.56048,1560,229.091553,205.615692,5,4.97335958
1.56229,1561,229.091553,205.620438,5,5.006079
1.56231,1562,229.091553,205.62587,5,4.858842
1.56351,1563,229.091553,205.631058,5,5.07697153
1.56532,1564,229.091553,205.635742,5,5.006079
1.56534,1565,229.091553,205.640717,5,5.038799
1.56661,1566,229.091553,205.645432,5,4.96245337
1.56664,1567,229.091553,205.651062,5,4.913374
1.56864,1568,229.091553,205.655777,5,5.066065
1.57031,1569,229.091553,205.660736,5,4.96245337
1.57033,1570,229.091553,205.665771,5,5.09878445
1.57151,1571,229.091553,205.670792,5,4.95154667
1.57334,1572,229.091553,205.676071,5,5.016986
1.57335,1573,229.091553,205.68074,5,4.995173
1.57461,1574,229.091553,205.6859,5,4.94064
1.57466,1575,229.091553,205.691254,5,5.07697153
1.57646,1576,229.091553,205.696,5,4.94064
1.57829,1577,229.091553,205.700714,5,5.087878
1.57834,1578,229.091553,205.705353,5,4.90246725
1.57951,1579,229.091553,205.711548,5,4.97335958
1.58137,1580,229.091553,205.716522,5,5.07697153
1.58141,1581,229.091553,205.721451,5,5.05515862
1.58259,1582,229.091553,205.725555,5,5.066065
1.58260,1583,229.091553,205.731033,5,4.82612228
1.58447,1584,229.091553,205.736664,5,4.995173
1.58629,1585,229.091553,205.741531,5,4.98426628
1.58631,1586,229.091553,205.746323,5,5.153317
1.58752,1587,229.091553,205.750641,5,5.05515862
1.58933,1588,229.091553,205.756271,5,4.837029
1.58936,1589,229.091553,205.761337,5,4.96245337
1.59061,1590,229.091553,205.7665,5,4.94064
1.59062,1591,229.091553,205.77121,5,5.164223
1.59248,1592,229.091553,205.7759,5,4.98426628
1.59425,1593,229.091553,205.781631,5,4.95154667
1.59427,1594,229.091553,205.7862,5,4.95154667
1.59550,1595,229.091553,205.7917,5,4.98426628
1.59737,1596,229.091553,205.7963,5,5.180583
1.59741,1597,229.091553,205.801086,5,4.96245337
1.59859,1598,229.091553,205.805954,5,4.96245337
1.59861,1599,229.091553,205.811234,5,4.847935
1.60045,1600,229.091553,205.816833,5,5.016986
1.60226,1601,229.091553,205.821167,5,5.087878
1.60227,1602,229.091553,205.8261,5,4.98426628
1.60351,1603,229.091553,205.830643,5,4.96245337
1.60537,1604,229.091553,205.836746,5,4.76613665
1.60542,1605,229.091553,205.8421,5,5.087878
1.60661,1606,229.091553,205.846741,5,5.09878445
1.60664,1607,229.091553,205.85112,5,5.13150358
1.60848,1608,229.091553,205.8562,5,4.98426628
1.61028,1609,229.091553,205.862152,5,4.869748
1.61031,1610,229.091553,205.867188,5,5.087878
1.61150,1611,229.091553,205.87207,5,5.006079
1.61337,1612,229.091553,205.876587,5,5.09878445
1.61339,1613,229.091553,205.881485,5,4.858842
1.61459,1614,229.091553,205.887115,5,4.94064
1.61462,1615,229.091553,205.891434,5,5.038799
1.61645,1616,229.091553,205.8964,5,5.038799
1.61843,1617,229.091553,205.9009,5,5.05515862
1.61847,1618,229.091553,205.906448,5,4.837029
1.61952,1619,229.091553,205.91156,5,5.016986
1.62133,1620,229.091553,205.9163,5,4.96245337
1.62135,1621,229.091553,205.921509,5,5.087878
1.62261,1622,229.091553,205.926346,5,5.066065
1.62263,1623,229.091553,205.932,5,4.995173
1.62448,1624,229.091553,205.936646,5,5.14241028
1.62629,1625,229.091553,205.941589,5,5.006079
1.62631,1626,229.091553,205.946426,5,5.066065
1.62751,1627,229.091553,205.95163,5,4.90246725
1.62936,1628,229.091553,205.957138,5,5.02789259
1.62938,1629,229.091553,205.961716,5,5.07697153
1.63059,1630,229.091553,205.9668,5,5.02789259
1.63061,1631,229.091553,205.971481,5,5.038799
1.63246,1632,229.091553,205.97699,5,4.88065434
1.63429,1633,229.091553,205.981979,5,5.07697153
1.63432,1634,229.091553,205.986725,5,4.98426628
1.63553,1635,229.091553,205.991974,5,5.07697153
1.63734,1636,229.091553,205.9968,5,5.02789259
1.63735,1637,229.091553,206.002274,5,4.98426628
1.63860,1638,229.091553,206.006622,5,5.05515862
1.63864,1639,229.091553,206.011856,5,4.90246725
1.64046,1640,229.091553,206.017059,5,5.05515862
1.64227,1641,229.091553,206.022034,5,4.95154667
1.64230,1642,229.091553,206.027237,5,5.02789259
1.64350,1643,229.091553,206.031708,5,4.97335958
1.64536,1644,229.091553,206.037491,5,4.891561
1.64538,1645,229.091553,206.042572,5,5.07697153
1.64658,1646,229.091553,206.047562,5,5.02789259
1.64660,1647,229.091553,206.051758,5,5.09878445
1.64849,1648,229.091553,206.056747,5,4.869748
1.65025,1649,229.091553,206.062622,5,4.913374
1.65027,1650,229.091553,206.067535,5,4.995173
1.65178,1651,229.091553,206.072449,5,5.066065
1.65334,1652,229.091553,206.076645,5,5.13150358
1.65336,1653,229.091553,206.081985,5,4.82612228
1.65460,1654,229.091553,206.08725,5,4.913374
1.65464,1655,229.091553,206.092285,5,4.891561
1.65647,1656,229.091553,206.09729,5,5.087878
1.65827,1657,229.091553,206.101685,5,5.05515862
1.65831,1658,229.091553,206.107117,5,4.88065434
1.65951,1659,229.091553,206.117416,5,4.90246725
1.66134,1660,229.091553,206.12233,5,5.164223
1.66136,1661,229.091553,206.126877,5,5.016986
1.66262,1662,229.091553,206.131912,5,4.94064
1.66268,1663,229.091553,206.1368,5,4.90246725
1.66449,1664,229.091553,206.142578,5,4.90246725
1.66626,1665,229.091553,206.147171,5,5.13150358
1.66629,1666,229.091553,206.151886,5,4.98426628
1.66751,1667,229.091553,206.156525,5,5.016986
1.66935,1668,229.091553,206.161789,5,4.777043
1.66936,1669,229.091553,206.167664,5,4.96245337
1.67060,1670,229.091553,206.172226,5,5.13150358
1.67063,1671,229.091553,206.177048,5,5.087878
1.67252,1672,229.091553,206.181564,5,5.07697153
1.67430,1673,229.091553,206.187271,5,4.82612228
1.67434,1674,229.091553,206.192551,5,5.02789259
1.67550,1675,229.091553,206.1971,5,4.995173
1.67736,1676,229.091553,206.201859,5,5.07697153
1.67739,1677,229.091553,206.206558,5,4.96245337
1.67858,1678,229.091553,206.2124,5,4.837029
1.67860,1679,229.091553,206.2172,5,5.05515862
1.68048,1680,229.091553,206.222015,5,4.98426628
1.68230,1681,229.091553,206.226608,5,5.066065
1.68233,1682,229.091553,206.231674,5,4.869748
1.68351,1683,229.091553,206.237244,5,4.913374
1.68536,1684,229.091553,206.241791,5,4.97335958
1.68537,1685,229.091553,206.2469,5,4.96245337
1.68659,1686,229.091553,206.2517,5,5.087878
1.68661,1687,229.091553,206.257141,5,4.90246725
1.68847,1688,229.091553,206.262161,5,5.07697153
1.69030,1689,229.091553,206.266754,5,4.995173
1.69033,1690,229.091553,206.27179,5,4.96245337
1.69151,1691,229.091553,206.2765,5,4.92973375
1.69336,1692,229.091553,206.282166,5,4.858842
1.69339,1693,229.091553,206.28685,5,5.07697153
1.69460,1694,229.091553,206.291718,5,4.97335958
1.69461,1695,229.091553,206.296539,5,5.05515862
1.69650,1696,229.091553,206.301575,5,4.891561
1.69829,1697,229.091553,206.3071,5,4.95154667
1.69831,1698,229.091553,206.311615,5,5.016986
1.69951,1699,229.091553,206.3168,5,4.95154667
1.70137,1700,229.091553,206.321945,5,5.087878
1.70140,1701,229.091553,206.327255,5,4.913374
1.70261,1702,229.091553,206.332062,5,5.038799
1.70263,1703,229.091553,206.3367,5,4.94064
1.70450,1704,229.091553,206.342117,5,4.95154667
1.70629,1705,229.091553,206.347076,5,5.02789259
1.70631,1706,229.091553,206.352188,5,4.94064
1.70754,1707,229.091553,206.356583,5,5.07697153
1.70937,1708,229.091553,206.361786,5,4.869748
1.70939,1709,229.091553,206.367737,5,5.016986
1.71061,1710,229.091553,206.372681,5,5.05515862
1.71064,1711,229.091553,206.377274,5,5.07697153
1.71250,1712,229.091553,206.381592,5,5.02789259
1.71425,1713,229.091553,206.3875,5,4.82612228
1.71427,1714,229.091553,206.392685,5,5.006079
1.71551,1715,229.091553,206.397644,5,4.97335958
1.71738,1716,229.091553,206.402084,5,5.180583
1.71743,1717,229.091553,206.406464,5,4.98426628
1.71860,1718,229.091553,206.4121,5,4.837029
1.71864,1719,229.091553,206.417,5,4.95154667
1.72047,1720,229.091553,206.422287,5,4.95154667
1.72230,1721,229.091553,206.426727,5,5.164223
1.72233,1722,229.091553,206.431747,5,4.94064
1.72351,1723,229.091553,206.436981,5,4.95154667
1.72538,1724,229.091553,206.441971,5,4.92973375
1.72541,1725,229.091553,206.4474,5,5.016986
1.72660,1726,229.091553,206.451843,5,5.153317
1.72661,1727,229.091553,206.456787,5,4.94064
1.72851,1728,229.091553,206.461624,5,4.97335958
1.73025,1729,229.091553,206.467209,5,4.837029
1.73026,1730,229.091553,206.472412,5,5.07697153
1.73151,1731,229.091553,206.476852,5,5.066065
1.73338,1732,229.091553,206.48172,5,4.995173
1.73341,1733,229.091553,206.486389,5,4.94064
1.73460,1734,229.091553,206.492416,5,4.798856
1.73461,1735,229.091553,206.497375,5,5.13150358
1.73651,1736,229.091553,206.502121,5,5.087878
1.73829,1737,229.091553,206.506668,5,5.13150358
1.73832,1738,229.091553,206.511749,5,4.94064
1.73950,1739,229.091553,206.517624,5,4.891561
1.74135,1740,229.091553,206.522171,5,5.07697153
1.74138,1741,229.091553,206.5271,5,5.016986
1.74263,1742,229.091553,206.53157,5,5.07697153
1.74267,1743,229.091553,206.537079,5,4.82612228
1.74448,1744,229.091553,206.542465,5,4.97335958
1.74627,1745,229.091553,206.5471,5,5.016986
1.74629,1746,229.091553,206.551941,5,5.038799
1.74753,1747,229.091553,206.556564,5,5.006079
1.74940,1748,229.091553,206.562241,5,4.837029
1.74943,1749,229.091553,206.567032,5,5.016986
1.75061,1750,229.091553,206.571991,5,4.94064
1.75064,1751,229.091553,206.577026,5,5.109691
1.75248,1752,229.091553,206.582,5,5.016986
1.75432,1753,229.091553,206.587555,5,5.006079
1.75435,1754,229.091553,206.592041,5,5.109691
1.75551,1755,229.091553,206.597076,5,4.96245337
1.75741,1756,229.091553,206.601776,5,5.02789259
1.75745,1757,229.091553,206.6124,5,5.02789259
1.75859,1758,229.091553,206.616989,5,5.02789259
1.75861,1759,229.091553,206.62207,5,5.006079
1.76047,1760,229.091553,206.62674,5,5.006079
1.76229,1761,229.091553,206.632339,5,4.858842
1.76233,1762,229.091553,206.637085,5,5.05515862
1.76352,1763,229.091553,206.642,5,4.95154667
1.76537,1764,229.091553,206.647064,5,5.066065
1.76539,1765,229.091553,206.651978,5,4.995173
1.76660,1766,229.091553,206.657379,5,4.96245337
1.76661,1767,229.091553,206.6617,5,5.016986
1.76868,1768,229.091553,206.667,5,4.88065434
1.77026,1769,229.091553,206.6724,5,5.038799
1.77028,1770,229.091553,206.6775,5,4.94064
1.77152,1771,229.091553,206.68222,5,5.038799
1.77334,1772,229.091553,206.686813,5,4.96245337
1.77336,1773,229.091553,206.692642,5,4.90246725
1.77460,1774,229.091553,206.697678,5,5.07697153
1.77463,1775,229.091553,206.702637,5,5.016986
1.77649,1776,229.091553,206.7067,5,5.09878445
1.77830,1777,229.091553,206.712051,5,4.858842
1.77834,1778,229.091553,206.717773,5,4.92973375
1.77953,1779,229.091553,206.722641,5,5.006079
1.78138,1780,229.091553,206.727509,5,5.07697153
1.78140,1781,229.091553,206.731781,5,5.14241028
1.78259,1782,229.091553,206.737335,5,4.837029
1.78261,1783,229.091553,206.742447,5,4.94064
1.78449,1784,229.091553,206.7476,5,4.92973375
1.78627,1785,229.091553,206.7524,5,5.12059736
1.78630,1786,229.091553,206.756989,5,5.066065
1.78750,1787,229.091553,206.762421,5,4.90246725
1.78933,1788,229.091553,206.767288,5,4.995173
1.78935,1789,229.091553,206.772812,5,4.913374
1.79061,1790,229.091553,206.777481,5,5.180583
1.79064,1791,229.091553,206.7822,5,5.006079
1.79251,1792,229.091553,206.787155,5,4.95154667
1.79430,1793,229.091553,206.792221,5,4.90246725
1.79434,1794,229.091553,206.797974,5,4.913374
1.79550,1795,229.091553,206.802322,5,5.13150358
1.79737,1796,229.091553,206.807236,5,4.995173
1.79741,1797,229.091553,206.811783,5,5.016986
1.79859,1798,229.091553,206.817383,5,4.78794956
1.79860,1799,229.091553,206.822983,5,4.995173
1.80046,1800,229.091553,206.82756,5,5.12059736
1.80227,1801,229.091553,206.832321,5,5.09878445
1.80230,1802,229.091553,206.836914,5,5.066065
1.80350,1803,229.091553,206.842865,5,4.837029
1.80535,1804,229.091553,206.847824,5,5.05515862
1.80537,1805,229.091553,206.852478,5,5.006079
1.80662,1806,229.091553,206.857162,5,5.087878
1.80665,1807,229.091553,206.862518,5,4.95154667
1.80851,1808,229.091553,206.868256,5,4.869748
1.81027,1809,229.091553,206.872849,5,5.07697153
1.81030,1810,229.091553,206.878128,5,5.006079
1.81150,1811,229.091553,206.882355,5,5.087878
1.81335,1812,229.091553,206.887833,5,4.869748
1.81338,1813,229.091553,206.893311,5,4.96245337
1.81459,1814,229.091553,206.898056,5,4.995173
1.81462,1815,229.091553,206.902649,5,5.02789259
1.81650,1816,229.091553,206.90741,5,5.109691
1.81839,1817,229.091553,206.913071,5,4.95154667
1.81844,1818,229.091553,206.917755,5,5.13150358
1.81951,1819,229.091553,206.922592,5,5.006079
1.82141,1820,229.091553,206.927536,5,5.02789259
1.82144,1821,229.091553,206.932526,5,4.94064
1.82261,1822,229.091553,206.938126,5,4.92973375
1.82264,1823,229.091553,206.942719,5,5.087878
1.82465,1824,229.091553,206.947708,5,4.995173
1.82627,1825,229.091553,206.952423,5,5.066065
1.82629,1826,229.091553,206.957855,5,4.88065434
1.82750,1827,229.091553,206.963287,5,5.006079
1.82936,1828,229.091553,206.968,5,5.016986
1.82939,1829,229.091553,206.9729,5,5.006079
1.83061,1830,229.091553,206.977737,5,5.087878
1.83062,1831,229.091553,206.983856,5,4.94064
1.83248,1832,229.091553,206.98764,5,5.087878
1.83427,1833,229.091553,206.992767,5,4.92973375
1.83429,1834,229.091553,206.998062,5,5.02789259
1.83551,1835,229.091553,207.003342,5,5.016986
1.83734,1836,229.091553,207.008377,5,4.98426628
1.83736,1837,229.091553,207.012726,5,5.066065
1.83862,1838,229.091553,207.018478,5,4.869748
1.83864,1839,229.091553,207.023712,5,5.087878
1.84050,1840,229.091553,207.028748,5,5.05515862
1.84230,1841,229.091553,207.032974,5,5.12059736
1.84234,1842,229.091553,207.037842,5,4.97335958
1.84351,1843,229.091553,207.043854,5,4.88065434
1.84536,1844,229.091553,207.048752,5,5.038799
1.84540,1845,229.091553,207.053757,5,5.02789259
1.84659,1846,229.091553,207.057983,5,5.202396
1.84660,1847,229.091553,207.0633,5,4.90246725
1.84850,1848,229.091553,207.068649,5,4.913374
1.85029,1849,229.091553,207.073669,5,4.94064
1.85031,1850,229.091553,207.0787,5,5.038799
1.85171,1851,229.091553,207.083145,5,5.14241028
1.85334,1852,229.091553,207.088577,5,4.891561
1.85335,1853,229.091553,207.093491,5,4.995173
1.85459,1854,229.091553,207.098892,5,4.913374
1.85461,1855,229.091553,207.103836,5,5.12059736
1.85650,1856,229.091553,207.108383,5,5.09878445
1.85827,1857,229.091553,207.113419,5,4.94064
1.85831,1858,229.091553,207.1183,5,4.95154667
1.85951,1859,229.091553,207.124115,5,4.88065434
1.86137,1860,229.091553,207.133423,5,5.016986
1.86139,1861,229.091553,207.1381,5,5.02789259
1.86260,1862,229.091553,207.143372,5,4.858842
1.86264,1863,229.091553,207.149277,5,4.90246725
1.86448,1864,229.091553,207.153839,5,5.164223
1.86628,1865,229.091553,207.158722,5,5.087878
1.86630,1866,229.091553,207.163223,5,5.12059736
1.86757,1867,229.091553,207.169,5,4.869748
1.86934,1868,229.091553,207.174255,5,5.006079
1.86937,1869,229.091553,207.178879,5,5.05515862
1.87068,1870,229.091553,207.18364,5,5.07697153
1.87072,1871,229.091553,207.188431,5,5.038799
1.87250,1872,229.091553,207.19426,5,4.847935
1.87425,1873,229.091553,207.199051,5,5.066065
1.87427,1874,229.091553,207.203964,5,5.016986
1.87551,1875,229.091553,207.208557,5,5.109691
1.87736,1876,229.091553,207.213791,5,4.95154667
1.87739,1877,229.091553,207.219315,5,4.92973375
1.87865,1878,229.091553,207.223892,5,5.02789259
1.87868,1879,229.091553,207.229126,5,4.995173
1.88048,1880,229.091553,207.233871,5,5.14241028
1.88224,1881,229.091553,207.239471,5,4.96245337
1.88226,1882,229.091553,207.244339,5,5.109691
1.88351,1883,229.091553,207.2491,5,5.038799
1.88535,1884,229.091553,207.254089,5,4.995173
1.88539,1885,229.091553,207.259,5,4.98426628
1.88660,1886,229.091553,207.264633,5,4.90246725
1.88662,1887,229.091553,207.269272,5,5.109691
1.88851,1888,229.091553,207.2743,5,5.016986
1.89025,1889,229.091553,207.279327,5,5.07697153
1.89027,1890,229.091553,207.284363,5,4.94064
1.89153,1891,229.091553,207.289673,5,4.97335958
1.89337,1892,229.091553,207.294266,5,5.038799
1.89340,1893,229.091553,207.29982,5,4.995173
1.89459,1894,229.091553,207.304657,5,5.109691
1.89461,1895,229.091553,207.310089,5,4.94064
1.89649,1896,229.091553,207.314651,5,5.07697153
1.89824,1897,229.091553,207.319626,5,4.96245337
1.89825,1898,229.091553,207.324982,5,4.995173
1.89954,1899,229.091553,207.329941,5,5.066065
1.90138,1900,229.091553,207.335052,5,4.96245337
1.90141,1901,229.091553,207.339355,5,5.087878
1.90262,1902,229.091553,207.344955,5,4.88065434
1.90264,1903,229.091553,207.350311,5,5.05515862
1.90451,1904,229.091553,207.355347,5,5.066065
1.90625,1905,229.091553,207.35965,5,5.109691
1.90627,1906,229.091553,207.364685,5,5.006079
1.90753,1907,229.091553,207.370316,5,4.837029
1.90936,1908,229.091553,207.375641,5,5.016986
1.90939,1909,229.091553,207.380661,5,4.98426628
1.91060,1910,229.091553,207.385147,5,5.202396
1.91062,1911,229.091553,207.390045,5,4.96245337
1.91249,1912,229.091553,207.395477,5,4.858842
1.91424,1913,229.091553,207.400436,5,4.94064
1.91426,1914,229.091553,207.4056,5,4.98426628
1.91552,1915,229.091553,207.409927,5,5.164223
1.91735,1916,229.091553,207.415344,5,4.92973375
1.91738,1917,229.091553,207.420563,5,4.98426628
1.91860,1918,229.091553,207.425247,5,4.92973375
1.91864,1919,229.091553,207.430389,5,5.066065
1.92048,1920,229.091553,207.43486,5,5.14241028
1.92225,1921,229.091553,207.4399,5,4.94064
1.92226,1922,229.091553,207.444733,5,4.96245337
1.92351,1923,229.091553,207.4506,5,4.858842
1.92536,1924,229.091553,207.455353,5,5.109691
1.92539,1925,229.091553,207.460022,5,5.066065
1.92660,1926,229.091553,207.464783,5,5.038799
1.92661,1927,229.091553,207.4699,5,4.92973375
1.92851,1928,229.091553,207.475967,5,4.869748
1.93027,1929,229.091553,207.48056,5,5.191489
1.93031,1930,229.091553,207.485428,5,5.109691
1.93153,1931,229.091553,207.489975,5,5.164223
1.93335,1932,229.091553,207.495651,5,4.94064
1.93337,1933,229.091553,207.501038,5,4.98426628
1.93462,1934,229.091553,207.505646,5,5.087878
1.93464,1935,229.091553,207.510468,5,5.066065
1.93650,1936,229.091553,207.515137,5,5.07697153
1.93827,1937,229.091553,207.521011,5,4.847935
1.93829,1938,229.091553,207.5259,5,5.038799
1.93952,1939,229.091553,207.530762,5,5.02789259
1.94136,1940,229.091553,207.535355,5,5.09878445
1.94138,1941,229.091553,207.5405,5,4.98426628
1.94262,1942,229.091553,207.546051,5,4.891561
1.94263,1943,229.091553,207.550613,5,5.038799
1.94450,1944,229.091553,207.555847,5,4.96245337
1.94626,1945,229.091553,207.560638,5,5.13150358
1.94628,1946,229.091553,207.566147,5,4.97335958
1.94753,1947,229.091553,207.571136,5,5.066065
1.94933,1948,229.091553,207.575775,5,5.07697153
1.94935,1949,229.091553,207.580841,5,4.98426628
1.95059,1950,229.091553,207.5856,5,5.016986
1.95060,1951,229.091553,207.591263,5,4.858842
1.95252,1952,229.091553,207.595947,5,5.07697153
1.95425,1953,229.091553,207.600937,5,5.006079
1.95426,1954,229.091553,207.605682,5,5.038799
1.95556,1955,229.091553,207.610886,5,4.96245337
1.95733,1956,229.091553,207.616272,5,4.92973375
1.95734,1957,229.091553,207.626419,5,4.97335958
1.95859,1958,229.091553,207.626419,5,4.97335958
1.95861,1959,229.091553,207.63121,5,5.109691
1.96048,1960,229.091553,207.641281,5,5.038799
1.96226,1961,229.091553,207.646072,5,4.98426628
1.96227,1962,229.091553,207.651535,5,4.94064
1.96354,1963,229.091553,207.656448,5,5.07697153
1.96533,1964,229.091553,207.661652,5,4.95154667
1.96535,1965,229.091553,207.665924,5,5.09878445
1.96660,1966,229.091553,207.671356,5,4.913374
1.96664,1967,229.091553,207.676865,5,4.995173
1.96859,1968,229.091553,207.681854,5,5.087878
1.97026,1969,229.091553,207.686371,5,5.07697153
1.97027,1970,229.091553,207.690765,5,5.066065
1.97153,1971,229.091553,207.6968,5,4.837029
1.97337,1972,229.091553,207.701859,5,5.006079
1.97339,1973,229.091553,207.7069,5,4.98426628
1.97462,1974,229.091553,207.711258,5,5.164223
1.97464,1975,229.091553,207.716171,5,5.038799
1.97650,1976,229.091553,207.721725,5,4.847935
1.97826,1977,229.091553,207.7266,5,4.95154667
1.97827,1978,229.091553,207.731873,5,4.94064
1.97955,1979,229.091553,207.736221,5,5.164223
1.98134,1980,229.091553,207.741455,5,4.96245337
1.98136,1981,229.091553,207.746567,5,4.95154667
1.98259,1982,229.091553,207.751709,5,4.95154667
1.98260,1983,229.091553,207.757034,5,5.006079
1.98446,1984,229.091553,207.761459,5,5.164223
1.98627,1985,229.091553,207.766449,5,4.96245337
1.98629,1986,229.091553,207.77124,5,4.96245337
1.98753,1987,229.091553,207.777,5,4.847935
1.98933,1988,229.091553,207.781952,5,5.05515862
1.98935,1989,229.091553,207.7865,5,5.087878
1.99061,1990,229.091553,207.791245,5,5.006079
1.99063,1991,229.091553,207.796127,5,4.96245337
1.99246,1992,229.091553,207.802231,5,4.78794956
1.99426,1993,229.091553,207.806992,5,5.109691
1.99427,1994,229.091553,207.811783,5,5.087878
1.99550,1995,229.091553,207.816254,5,5.13150358
1.99734,1996,229.091553,207.821655,5,4.96245337
1.99736,1997,229.091553,207.827362,5,4.891561
1.99860,1998,229.091553,207.831833,5,5.087878
1.99861,1999,229.091553,207.836746,5,5.016986
2.00047,2000,229.091553,207.841339,5,5.09878445
2.00227,2001,229.091553,207.847015,5,4.858842
2.00232,2002,229.091553,207.852158,5,4.96245337
2.00353,2003,229.091553,207.857239,5,5.038799
2.00535,2004,229.091553,207.861908,5,5.05515862
2.00537,2005,229.091553,207.866821,5,5.02789259
2.00661,2006,229.091553,207.8725,5,4.858842
2.00663,2007,229.091553,207.877136,5,5.02789259
2.00848,2008,229.091553,207.882553,5,4.96245337
2.01025,2009,229.091553,207.887436,5,5.109691
2.01028,2010,229.091553,207.892822,5,5.038799
2.01151,2011,229.091553,207.8977,5,5.006079
2.01333,2012,229.091553,207.9023,5,5.12059736
2.01335,2013,229.091553,207.907639,5,4.995173
2.01461,2014,229.091553,207.911713,5,5.05515862
2.01464,2015,229.091553,207.917343,5,4.858842
2.01646,2016,229.091553,207.922226,5,5.038799
2.01833,2017,229.091553,207.927063,5,5.02789259
2.01836,2018,229.091553,207.931961,5,4.995173
2.01950,2019,229.091553,207.93721,5,5.016986
2.02135,2020,229.091553,207.94278,5,4.869748
2.02137,2021,229.091553,207.947388,5,5.07697153
2.02260,2022,229.091553,207.952576,5,4.995173
2.02262,2023,229.091553,207.957489,5,5.109691
2.02448,2024,229.091553,207.962845,5,5.038799
2.02623,2025,229.091553,207.967789,5,5.02789259
2.02624,2026,229.091553,207.972382,5,5.066065
2.02751,2027,229.091553,207.9779,5,4.95154667
2.02937,2028,229.091553,207.982849,5,5.09878445
2.02940,2029,229.091553,207.988037,5,4.97335958
2.03061,2030,229.091553,207.992432,5,5.087878
2.03064,2031,229.091553,207.997665,5,4.97335958
2.03246,2032,229.091553,208.0033,5,4.96245337
2.03424,2033,229.091553,208.0083,5,5.09878445
2.03427,2034,229.091553,208.012924,5,5.05515862
2.03553,2035,229.091553,208.0172,5,5.09878445
2.03735,2036,229.091553,208.023071,5,4.847935
2.03737,2037,229.091553,208.028351,5,4.96245337
2.03860,2038,229.091553,208.0333,5,4.995173
2.03863,2039,229.091553,208.03804,5,5.12059736
2.04046,2040,229.091553,208.0424,5,5.109691
2.04225,2041,229.091553,208.048111,5,4.82612228
2.04227,2042,229.091553,208.052979,5,4.94064
2.04351,2043,229.091553,208.058228,5,4.913374
2.04533,2044,229.091553,208.0627,5,5.13150358
2.04535,2045,229.091553,208.067688,5,5.016986
2.04661,2046,229.091553,208.072922,5,4.90246725
2.04663,2047,229.091553,208.077911,5,4.97335958
2.04846,2048,229.091553,208.083389,5,4.92973375
2.05026,2049,229.091553,208.087769,5,5.180583
2.05027,2050,229.091553,208.0927,5,4.98426628
2.05175,2051,229.091553,208.097488,5,4.94064
2.05335,2052,229.091553,208.102982,5,4.869748
2.05337,2053,229.091553,208.1083,5,4.94064
2.05460,2054,229.091553,208.112656,5,5.109691
2.05462,2055,229.091553,208.117538,5,4.98426628
2.05648,2056,229.091553,208.122116,5,4.98426628
2.05824,2057,229.091553,208.133179,5,5.006079
2.05827,2058,229.091553,208.1379,5,5.09878445
2.05951,2059,229.091553,208.14241,5,5.09878445
2.06133,2060,229.091553,208.147415,5,5.02789259
2.06134,2061,229.091553,208.15329,5,4.798856
2.06258,2062,229.091553,208.157837,5,5.038799
2.06260,2063,229.091553,208.1627,5,4.97335958
2.06446,2064,229.091553,208.167221,5,5.07697153
2.06625,2065,229.091553,208.1726,5,4.913374
2.06628,2066,229.091553,208.178085,5,4.847935
2.06750,2067,229.091553,208.182678,5,5.05515862
2.06937,2068,229.091553,208.187546,5,4.995173
2.06939,2069,229.091553,208.192139,5,5.066065
2.07061,2070,229.091553,208.197815,5,4.858842
2.07063,2071,229.091553,208.202682,5,4.95154667
2.07249,2072,229.091553,208.20755,5,4.97335958
2.07427,2073,229.091553,208.212662,5,5.016986
2.07429,2074,229.091553,208.21759,5,5.09878445
2.07550,2075,229.091553,208.223175,5,4.94064
2.07734,2076,229.091553,208.227676,5,5.13150358
2.07737,2077,229.091553,208.232681,5,4.995173
2.07859,2078,229.091553,208.237747,5,5.016986
2.07861,2079,229.091553,208.242783,5,4.92973375
2.08047,2080,229.091553,208.2481,5,4.92973375
2.08227,2081,229.091553,208.252731,5,5.087878
2.08231,2082,229.091553,208.258087,5,5.006079
2.08350,2083,229.091553,208.262756,5,5.07697153
2.08537,2084,229.091553,208.268066,5,4.88065434
2.08546,2085,229.091553,208.272873,5,5.016986
2.08666,2086,229.091553,208.278091,5,5.006079
2.08668,2087,229.091553,208.2832,5,4.995173
2.08847,2088,229.091553,208.288162,5,5.09878445
2.09025,2089,229.091553,208.293518,5,4.92973375
2.09027,2090,229.091553,208.297821,5,5.087878
2.09150,2091,229.091553,208.303253,5,4.92973375
2.09338,2092,229.091553,208.308319,5,5.016986
2.09343,2093,229.091553,208.313431,5,5.016986
2.09459,2094,229.091553,208.318115,5,4.97335958
2.09461,2095,229.091553,208.322708,5,5.05515862
2.09646,2096,229.091553,208.328583,5,4.858842
2.09827,2097,229.091553,208.333618,5,5.066065
2.09831,2098,229.091553,208.338608,5,5.038799
2.09950,2099,229.091553,208.342682,5,5.109691
2.10138,2100,229.091553,208.347946,5,4.96245337
2.10140,2101,229.091553,208.3537,5,4.847935
2.10261,2102,229.091553,208.358612,5,5.016986
2.10264,2103,229.091553,208.363449,5,5.006079
2.10449,2104,229.091553,208.367722,5,5.191489
2.10629,2105,229.091553,208.3736,5,4.88065434
2.10632,2106,229.091553,208.378357,5,4.88065434
2.10750,2107,229.091553,208.38382,5,5.016986
2.10933,2108,229.091553,208.388565,5,5.12059736
2.10935,2109,229.091553,208.393158,5,4.891561
2.11060,2110,229.091553,208.398865,5,4.96245337
2.11063,2111,229.091553,208.403748,5,4.891561
2.11249,2112,229.091553,208.409256,5,5.087878
2.11427,2113,229.091553,208.413849,5,5.087878
2.11429,2114,229.091553,208.41864,5,4.92973375
2.11550,2115,229.091553,208.423523,5,4.94064
2.11734,2116,229.091553,208.428741,5,4.847935
2.11736,2117,229.091553,208.4337,5,4.847935
2.11861,2118,229.091553,208.438126,5,5.09878445
2.11863,2119,229.091553,208.442978,5,5.006079
2.12050,2120,229.091553,208.447525,5,5.006079
2.12231,2121,229.091553,208.453064,5,4.858842
2.12234,2122,229.091553,208.458786,5,4.858842
2.12351,2123,229.091553,208.4633,5,5.164223
2.12541,2124,229.091553,208.46814,5,5.07697153
2.12545,2125,229.091553,208.472687,5,5.13150358
2.12661,2126,229.091553,208.478714,5,4.88065434
2.12662,2127,229.091553,208.483749,5,4.98426628
2.12853,2128,229.091553,208.4885,5,5.087878
2.13030,2129,229.091553,208.493179,5,5.087878
2.13033,2130,229.091553,208.498291,5,5.09878445
2.13152,2131,229.091553,208.50412,5,4.891561
2.13335,2132,229.091553,208.508789,5,5.09878445
2.13337,2133,229.091553,208.5138,5,5.066065
2.13460,2134,229.091553,208.518372,5,5.14241028
2.13462,2135,229.091553,208.52388,5,4.995173
2.13649,2136,229.091553,208.529114,5,4.95154667
2.13827,2137,229.091553,208.533875,5,5.066065
2.13829,2138,229.091553,208.5391,5,5.016986
2.13950,2139,229.091553,208.5439,5,5.180583
2.14135,2140,229.091553,208.549576,5,4.98426628
2.14139,2141,229.091553,208.5542,5,5.109691
2.14260,2142,229.091553,208.559113,5,5.066065
2.14262,2143,229.091553,208.56427,5,4.995173
2.14451,2144,229.091553,208.5695,5,4.891561
2.14629,2145,229.091553,208.57489,5,5.09878445
2.14635,2146,229.091553,208.5795,5,5.006079
2.14752,2147,229.091553,208.584564,5,5.066065
2.14938,2148,229.091553,208.589188,5,4.913374
2.14940,2149,229.091553,208.594742,5,4.95154667
2.15059,2150,229.091553,208.599655,5,5.02789259
2.15061,2151,229.091553,208.604416,5,4.95154667
2.15250,2152,229.091553,208.609558,5,5.07697153
2.15431,2153,229.091553,208.6144,5,4.90246725
2.15434,2154,229.091553,208.619827,5,5.038799
2.15551,2155,229.091553,208.624146,5,4.92973375
2.15740,2156,229.091553,208.629333,5,4.94064
2.15743,2157,229.091553,208.634521,5,5.02789259
2.15859,2158,229.091553,208.639511,5,4.913374
2.15860,2159,229.091553,208.644424,5,5.066065
2.16048,2160,229.091553,208.648743,5,4.847935
2.16227,2161,229.091553,208.659683,5,5.038799
2.16229,2162,229.091553,208.664688,5,5.066065
2.16351,2163,229.091553,208.668915,5,5.02789259
2.16538,2164,229.091553,208.6737,5,4.798856
2.16541,2165,229.091553,208.679657,5,4.98426628
2.16658,2166,229.091553,208.684891,5,4.96245337
2.16661,2167,229.091553,208.68988,5,5.164223
2.16869,2168,229.091553,208.694077,5,5.006079
2.17029,2169,229.091553,208.699387,5,4.837029
2.17031,2170,229.091553,208.704742,5,4.95154667
2.17153,2171,229.091553,208.709732,5,4.95154667
2.17339,2172,229.091553,208.714767,5,5.164223
2.17341,2173,229.091553,208.719238,5,4.96245337
2.17460,2174,229.091553,208.724625,5,4.96245337
2.17462,2175,229.091553,208.729553,5,4.95154667
2.17650,2176,229.091553,208.73494,5,5.006079
2.17826,2177,229.091553,208.739853,5,5.153317
2.17828,2178,229.091553,208.744431,5,4.95154667
2.17953,2179,229.091553,208.749435,5,4.97335958
2.18136,2180,229.091553,208.7543,5,4.837029
2.18138,2181,229.091553,208.760132,5,5.038799
2.18259,2182,229.091553,208.7647,5,5.066065
2.18260,2183,229.091553,208.76944,5,4.98426628
2.18449,2184,229.091553,208.774033,5,4.95154667
2.18626,2185,229.091553,208.779343,5,4.78794956
2.18629,2186,229.091553,208.785217,5,5.109691
2.18751,2187,229.091553,208.790085,5,5.087878
2.18937,2188,229.091553,208.794647,5,5.13150358
2.18940,2189,229.091553,208.799118,5,4.95154667
2.19060,2190,229.091553,208.804871,5,4.891561
2.19063,2191,229.091553,208.810135,5,5.087878
2.19247,2192,229.091553,208.8147,5,5.006079
2.19428,2193,229.091553,208.819443,5,5.087878
2.19433,2194,229.091553,208.824234,5,4.847935
2.19551,2195,229.091553,208.830078,5,4.96245337
2.19741,2196,229.091553,208.834869,5,5.038799
2.19745,2197,229.091553,208.8397,5,5.05515862
2.19860,2198,229.091553,208.844284,5,5.016986
2.19861,2199,229.091553,208.849487,5,4.837029
2.20051,2200,229.091553,208.855,5,5.016986
2.20226,2201,229.091553,208.859543,5,4.95154667
2.20229,2202,229.091553,208.864777,5,5.09878445
2.20351,2203,229.091553,208.869583,5,5.02789259
2.20536,2204,229.091553,208.875046,5,4.995173
2.20538,2205,229.091553,208.88,5,5.109691
2.20661,2206,229.091553,208.884674,5,4.97335958
2.20663,2207,229.091553,208.889984,5,5.016986
2.20852,2208,229.091553,208.8948,5,4.847935
2.21026,2209,229.091553,208.900452,5,5.016986
2.21028,2210,229.091553,208.90509,5,5.02789259
2.21152,2211,229.091553,208.91008,5,5.006079
2.21337,2212,229.091553,208.91478,5,5.016986
2.21340,2213,229.091553,208.920059,5,4.869748
2.21459,2214,229.091553,208.925415,5,5.07697153
2.21460,2215,229.091553,208.929962,5,4.97335958
2.21649,2216,229.091553,208.9352,5,5.07697153
2.21845,2217,229.091553,208.939713,5,5.016986
2.21848,2218,229.091553,208.945145,5,4.98426628
2.21952,2219,229.091553,208.94986,5,5.05515862
2.22139,2220,229.091553,208.954529,5,4.90246725
2.22143,2221,229.091553,208.960052,5,5.066065
2.22260,2222,229.091553,208.964951,5,4.95154667
2.22262,2223,229.091553,208.970184,5,5.066065
2.22456,2224,229.091553,208.974457,5,4.995173
2.22627,2225,229.091553,208.979858,5,4.92973375
2.22629,2226,229.091553,208.985413,5,5.09878445
2.22751,2227,229.091553,208.990356,5,5.038799
2.22938,2228,229.091553,208.994949,5,5.12059736
2.22940,2229,229.091553,208.999344,5,4.88065434
2.23059,2230,229.091553,209.0053,5,4.96245337
2.23060,2231,229.091553,209.010437,5,5.016986
2.23250,2232,229.091553,209.015472,5,5.09878445
2.23427,2233,229.091553,209.019836,5,5.13150358
2.23430,2234,229.091553,209.0247,5,4.837029
2.23553,2235,229.091553,209.0303,5,4.95154667
2.23739,2236,229.091553,209.0352,5,4.92973375
2.23742,2237,229.091553,209.040482,5,5.13150358
2.23859,2238,229.091553,209.04483,5,5.038799
2.23860,2239,229.091553,209.050034,5,4.913374
2.24048,2240,229.091553,209.055145,5,4.98426628
2.24229,2241,229.091553,209.060257,5,4.92973375
2.24231,2242,229.091553,209.065613,5,5.180583
2.24352,2243,229.091553,209.069962,5,4.995173
2.24536,2244,229.091553,209.074982,5,4.95154667
2.24538,2245,229.091553,209.079788,5,4.88065434
2.24659,2246,229.091553,209.085449,5,4.92973375
2.24661,2247,229.091553,209.090454,5,5.12059736
2.24849,2248,229.091553,209.094925,5,4.98426628
2.25029,2249,229.091553,209.099762,5,4.995173
2.25033,2250,229.091553,209.1045,5,4.76613665
2.25174,2251,229.091553,209.11058,5,4.995173
2.25339,2252,229.091553,209.115372,5,5.109691
2.25342,2253,229.091553,209.120163,5,5.087878
2.25461,2254,229.091553,209.124634,5,5.038799
2.25463,2255,229.091553,209.129837,5,4.81521559
2.25664,2256,229.091553,209.135574,5,5.02789259
2.25832,2257,229.091553,209.145,5,5.07697153
2.25835,2258,229.091553,209.149521,5,4.92973375
2.25951,2259,229.091553,209.155075,5,4.847935
2.26137,2260,229.091553,209.160355,5,5.05515862
2.26139,2261,229.091553,209.165009,5,4.995173
2.26259,2262,229.091553,209.1698,5,5.07697153
2.26262,2263,229.091553,209.17453,5,4.869748
2.26450,2264,229.091553,209.180191,5,4.94064
2.26627,2265,229.091553,209.1849,5,4.97335958
2.26629,2266,229.091553,209.189911,5,5.006079
2.26753,2267,229.091553,209.194885,5,5.09878445
2.26936,2268,229.091553,209.199921,5,4.92973375
2.26938,2269,229.091553,209.2054,5,5.109691
2.27060,2270,229.091553,209.209869,5,4.995173
2.27062,2271,229.091553,209.215179,5,4.98426628
2.27248,2272,229.091553,209.21994,5,4.92973375
2.27427,2273,229.091553,209.2254,5,4.891561
2.27429,2274,229.091553,209.230469,5,5.07697153
2.27551,2275,229.091553,209.2352,5,4.98426628
2.27736,2276,229.091553,209.240189,5,5.05515862
2.27738,2277,229.091553,209.244949,5,4.88065434
2.27859,2278,229.091553,209.250519,5,4.98426628
2.27861,2279,229.091553,209.2552,5,5.016986
2.28049,2280,229.091553,209.260239,5,4.98426628
2.28229,2281,229.091553,209.265228,5,5.087878
2.28231,2282,229.091553,209.270309,5,4.913374
2.28351,2283,229.091553,209.275528,5,5.07697153
2.28535,2284,229.091553,209.279892,5,4.92973375
2.28538,2285,229.091553,209.285355,5,4.995173
2.28661,2286,229.091553,209.290314,5,5.016986
2.28664,2287,229.091553,209.295471,5,4.95154667
2.28851,2288,229.091553,209.3001,5,5.066065
2.29031,2289,229.091553,209.30481,5,4.847935
2.29034,2290,229.091553,209.310654,5,5.05515862
2.29152,2291,229.091553,209.315628,5,5.038799
2.29336,2292,229.091553,209.320511,5,5.09878445
2.29339,2293,229.091553,209.324615,5,4.98426628
2.29460,2294,229.091553,209.330048,5,4.82612228
2.29462,2295,229.091553,209.335724,5,5.016986
2.29649,2296,229.091553,209.3406,5,4.98426628
2.29828,2297,229.091553,209.3454,5,5.191489
2.29832,2298,229.091553,209.3497,5,4.94064
2.29950,2299,229.091553,209.3553,5,4.869748
2.30134,2300,229.091553,209.360367,5,4.94064
2.30136,2301,229.091553,209.365555,5,4.995173
2.30274,2302,229.091553,209.37027,5,5.14241028
2.30278,2303,229.091553,209.374908,5,4.90246725
2.30448,2304,229.091553,209.380341,5,4.97335958
2.30630,2305,229.091553,209.385529,5,4.913374
2.30634,2306,229.091553,209.391052,5,5.07697153
2.30751,2307,229.091553,209.39563,5,5.13150358
2.30940,2308,229.091553,209.400467,5,4.94064
2.30942,2309,229.091553,209.4053,5,4.95154667
2.31059,2310,229.091553,209.410614,5,4.847935
2.31060,2311,229.091553,209.416214,5,5.09878445
2.31252,2312,229.091553,209.420517,5,5.038799
2.31428,2313,229.091553,209.425751,5,5.016986
2.31430,2314,229.091553,209.430023,5,4.90246725
2.31551,2315,229.091553,209.435455,5,4.847935
2.31738,2316,229.091553,209.440918,5,5.153317
2.31743,2317,229.091553,209.445526,5,5.07697153
2.31863,2318,229.091553,209.4502,5,5.13150358
2.31865,2319,229.091553,209.454865,5,4.88065434
2.32060,2320,229.091553,209.460815,5,4.92973375
2.32227,2321,229.091553,209.465652,5,5.05515862
2.32230,2322,229.091553,209.4704,5,5.016986
2.32352,2323,229.091553,209.474991,5,5.05515862
2.32538,2324,229.091553,209.4801,5,4.81521559
2.32540,2325,229.091553,209.48587,5,5.016986
2.32662,2326,229.091553,209.4905,5,5.016986
2.32664,2327,229.091553,209.4954,5,5.087878
2.32852,2328,229.091553,209.499969,5,4.98426628
2.33026,2329,229.091553,209.505463,5,4.869748
2.33028,2330,229.091553,209.510666,5,5.038799
2.33153,2331,229.091553,209.515335,5,4.96245337
2.33338,2332,229.091553,209.520889,5,5.13150358
2.33341,2333,229.091553,209.5254,5,4.995173
2.33459,2334,229.091553,209.531036,5,5.05515862
2.33461,2335,229.091553,209.53566,5,5.09878445
2.33650,2336,229.091553,209.540863,5,4.98426628
2.33826,2337,229.091553,209.545731,5,5.02789259
2.33829,2338,229.091553,209.550919,5,4.858842
2.33951,2339,229.091553,209.556366,5,5.07697153
2.34137,2340,229.091553,209.560944,5,5.016986
2.34140,2341,229.091553,209.566025,5,5.038799
2.34259,2342,229.091553,209.570648,5,4.97335958
2.34260,2343,229.091553,209.5762,5,4.913374
2.34449,2344,229.091553,209.5812,5,5.07697153
2.34624,2345,229.091553,209.5859,5,4.97335958
2.34626,2346,229.091553,209.591141,5,5.109691
2.34753,2347,229.091553,209.596008,5,4.96245337
2.34933,2348,229.091553,209.601456,5,5.02789259
2.34934,2349,229.091553,209.6058,5,4.995173
2.35060,2350,229.091553,209.611038,5,4.92973375
2.35061,2351,229.091553,209.616226,5,5.066065
2.35248,2352,229.091553,209.621231,5,4.92973375
2.35430,2353,229.091553,209.626175,5,5.07697153
2.35434,2354,229.091553,209.630569,5,4.90246725
2.35551,2355,229.091553,209.636353,5,4.97335958
2.35740,2356,229.091553,209.641464,5,5.07697153
2.35743,2357,229.091553,209.6465,5,5.05515862
2.35859,2358,229.091553,209.655655,5,4.82612228
2.35861,2359,229.091553,209.661514,5,4.97335958
2.36050,2360,229.091553,209.666473,5,4.995173
2.36227,2361,229.091553,209.671463,5,5.14241028
2.36230,2362,229.091553,209.675659,5,5.066065
2.36351,2363,229.091553,209.680969,5,4.837029
2.36535,2364,229.091553,209.686325,5,4.95154667
2.36539,2365,229.091553,209.691315,5,4.92973375
2.36662,2366,229.091553,209.69635,5,5.164223
2.36664,2367,229.091553,209.70079,5,4.98426628
2.36855,2368,229.091553,209.706223,5,4.94064
2.37031,2369,229.091553,209.711121,5,4.97335958
2.37035,2370,229.091553,209.7165,5,4.97335958
2.37151,2371,229.091553,209.721436,5,5.180583
2.37336,2372,229.091553,209.726028,5,4.96245337
2.37338,2373,229.091553,209.731018,5,4.95154667
2.37462,2374,229.091553,209.735886,5,4.847935
2.37463,2375,229.091553,209.74173,5,5.006079
2.37649,2376,229.091553,209.746277,5,5.09878445
2.37827,2377,229.091553,209.751038,5,4.995173
2.37836,2378,229.091553,209.755661,5,4.97335958
2.37952,2379,229.091553,209.760941,5,4.76613665
2.38134,2380,229.091553,209.766846,5,5.087878
2.38136,2381,229.091553,209.7714,5,5.09878445
2.38260,2382,229.091553,209.77623,5,5.13150358
2.38262,2383,229.091553,209.780746,5,5.006079
2.38451,2384,229.091553,209.7865,5,4.869748
2.38626,2385,229.091553,209.792,5,5.087878
2.38629,2386,229.091553,209.796356,5,5.006079
2.38753,2387,229.091553,209.801071,5,5.09878445
2.38936,2388,229.091553,209.805862,5,4.869748
2.38938,2389,229.091553,209.8117,5,4.92973375
2.39060,2390,229.091553,209.8165,5,5.05515862
2.39061,2391,229.091553,209.821365,5,5.02789259
2.39251,2392,229.091553,209.825958,5,5.05515862
2.39424,2393,229.091553,209.831146,5,4.847935
2.39425,2394,229.091553,209.836655,5,5.006079
2.39553,2395,229.091553,209.841217,5,4.96245337
2.39737,2396,229.091553,209.846771,5,5.07697153
2.39739,2397,229.091553,209.851242,5,5.05515862
2.39861,2398,229.091553,209.8567,5,4.97335958
2.39862,2399,229.091553,209.861938,5,5.13150358
2.40051,2400,229.091553,209.866653,5,4.98426628
2.40228,2401,229.091553,209.871643,5,5.038799
2.40230,2402,229.091553,209.876526,5,4.869748
2.40355,2403,229.091553,209.882156,5,4.995173
2.40539,2404,229.091553,209.88678,5,5.05515862
2.40542,2405,229.091553,209.891815,5,4.995173
2.40659,2406,229.091553,209.896484,5,5.05515862
2.40660,2407,229.091553,209.901764,5,4.869748
2.40851,2408,229.091553,209.9074,5,5.05515862
2.41024,2409,229.091553,209.911987,5,4.98426628
2.41026,2410,229.091553,209.917221,5,5.038799
2.41151,2411,229.091553,209.922058,5,5.02789259
2.41336,2412,229.091553,209.927475,5,4.96245337
2.41337,2413,229.091553,209.932037,5,5.05515862
2.41459,2414,229.091553,209.93692,5,4.891561
2.41462,2415,229.091553,209.942261,5,5.02789259
2.41651,2416,229.091553,209.94722,5,4.96245337
2.41838,2417,229.091553,209.952042,5,5.006079
2.41845,2418,229.091553,209.956329,5,5.006079
2.41953,2419,229.091553,209.961792,5,4.891561
2.42139,2420,229.091553,209.967224,5,5.07697153
2.42143,2421,229.091553,209.972214,5,5.02789259
2.42261,2422,229.091553,209.9767,5,5.109691
2.42263,2423,229.091553,209.981125,5,4.88065434
2.42454,2424,229.091553,209.987076,5,4.891561
2.42625,2425,229.091553,209.992157,5,4.995173
2.42627,2426,229.091553,209.997147,5,5.02789259
2.42751,2427,229.091553,210.0015,5,5.14241028
2.42934,2428,229.091553,210.006363,5,4.847935
2.42937,2429,229.091553,210.011887,5,4.90246725
2.43061,2430,229.091553,210.01683,5,4.913374
2.43063,2431,229.091553,210.022064,5,5.066065
2.43250,2432,229.091553,210.026413,5,5.087878
2.43425,2433,229.091553,210.0316,5,4.891561
2.43427,2434,229.091553,210.036728,5,4.98426628
2.43552,2435,229.091553,210.04184,5,4.90246725
2.43735,2436,229.091553,210.0472,5,5.14241028
2.43739,2437,229.091553,210.05162,5,5.038799
2.43860,2438,229.091553,210.05661,5,4.94064
2.43861,2439,229.091553,210.061371,5,4.913374
2.44051,2440,229.091553,210.067078,5,4.90246725
2.44225,2441,229.091553,210.072113,5,5.14241028
2.44226,2442,229.091553,210.07663,5,5.006079
2.44350,2443,229.091553,210.081451,5,5.038799
2.44536,2444,229.091553,210.086243,5,4.82612228
2.44539,2445,229.091553,210.092361,5,4.95154667
2.44663,2446,229.091553,210.097153,5,5.153317
2.44665,2447,229.091553,210.101944,5,5.087878
2.44848,2448,229.091553,210.10643,5,5.09878445
2.45027,2449,229.091553,210.111771,5,4.837029
2.45029,2450,229.091553,210.1175,5,5.02789259
2.45181,2451,229.091553,210.122,5,5.016986
2.45334,2452,229.091553,210.1269,5,5.07697153
2.45336,2453,229.091553,210.131516,5,4.995173
2.45460,2454,229.091553,210.137146,5,4.858842
2.45461,2455,229.091553,210.142609,5,5.07697153
2.45650,2456,229.091553,210.1518,5,5.09878445
2.45824,2457,229.091553,210.156631,5,4.90246725
2.45826,2458,229.091553,210.162338,5,4.94064
2.45955,2459,229.091553,210.166962,5,5.006079
2.46134,2460,229.091553,210.172409,5,5.006079
2.46136,2461,229.091553,210.177,5,5.14241028
2.46259,2462,229.091553,210.182587,5,4.94064
2.46261,2463,229.091553,210.187851,5,5.12059736
2.46449,2464,229.091553,210.192413,5,5.038799
2.46626,2465,229.091553,210.1975,5,4.995173
2.46630,2466,229.091553,210.202164,5,4.96245337
2.46752,2467,229.091553,210.2078,5,4.891561
2.46934,2468,229.091553,210.212692,5,5.087878
2.46936,2469,229.091553,210.217484,5,5.006079
2.47060,2470,229.091553,210.222412,5,5.07697153
2.47061,2471,229.091553,210.227325,5,4.90246725
2.47251,2472,229.091553,210.23291,5,4.98426628
2.47426,2473,229.091553,210.2375,5,5.02789259
2.47430,2474,229.091553,210.24263,5,4.98426628
2.47551,2475,229.091553,210.247574,5,5.09878445
2.47734,2476,229.091553,210.2528,5,4.92973375
2.47737,2477,229.091553,210.2578,5,5.07697153
2.47860,2478,229.091553,210.2623,5,4.94064
2.47862,2479,229.091553,210.267822,5,5.006079
2.48049,2480,229.091553,210.272736,5,5.038799
2.48224,2481,229.091553,210.277969,5,4.96245337
2.48226,2482,229.091553,210.282349,5,5.07697153
2.48353,2483,229.091553,210.28743,5,4.869748
2.48534,2484,229.091553,210.293152,5,5.05515862
2.48536,2485,229.091553,210.2981,5,5.05515862
2.48660,2486,229.091553,210.302887,5,5.09878445
2.48661,2487,229.091553,210.307083,5,4.995173
2.48849,2488,229.091553,210.31279,5,4.837029
2.49025,2489,229.091553,210.318237,5,5.016986
2.49027,2490,229.091553,210.323135,5,4.995173
2.49153,2491,229.091553,210.327774,5,5.191489
2.49334,2492,229.091553,210.332245,5,4.94064
2.49336,2493,229.091553,210.337952,5,4.869748
2.49461,2494,229.091553,210.343185,5,4.95154667
2.49464,2495,229.091553,210.348145,5,5.006079
2.49649,2496,229.091553,210.352661,5,5.164223
2.49828,2497,229.091553,210.3576,5,4.913374
2.49830,2498,229.091553,210.362915,5,4.98426628
2.49956,2499,229.091553,210.367828,5,4.913374
2.50134,2500,229.091553,210.373352,5,5.087878
2.50137,2501,229.091553,210.377823,5,5.13150358
2.50261,2502,229.091553,210.382736,5,4.94064
2.50264,2503,229.091553,210.3878,5,4.96245337
2.50449,2504,229.091553,210.3934,5,4.847935
2.50627,2505,229.091553,210.398666,5,5.09878445
2.50632,2506,229.091553,210.403061,5,5.038799
2.50753,2507,229.091553,210.407974,5,5.006079
2.50933,2508,229.091553,210.412918,5,4.891561
2.50936,2509,229.091553,210.41864,5,4.847935
2.51062,2510,229.091553,210.42366,5,5.153317
2.51065,2511,229.091553,210.428391,5,5.07697153
2.51248,2512,229.091553,210.433258,5,5.14241028
2.51425,2513,229.091553,210.43837,5,4.891561
2.51426,2514,229.091553,210.443558,5,4.95154667
2.51552,2515,229.091553,210.4482,5,5.066065
2.51733,2516,229.091553,210.453018,5,5.02789259
2.51734,2517,229.091553,210.457535,5,5.05515862
2.51865,2518,229.091553,210.462936,5,4.81521559
2.51869,2519,229.091553,210.468369,5,4.995173
2.52053,2520,229.091553,210.472992,5,4.98426628
2.52226,2521,229.091553,210.477859,5,5.05515862
2.52228,2522,229.091553,210.482422,5,4.95154667
2.52351,2523,229.091553,210.488068,5,4.847935
2.52534,2524,229.091553,210.49324,5,5.016986
2.52535,2525,229.091553,210.497757,5,4.94064
2.52662,2526,229.091553,210.503159,5,5.09878445
2.52665,2527,229.091553,210.5081,5,4.96245337
2.52849,2528,229.091553,210.513657,5,5.016986
2.53026,2529,229.091553,210.518173,5,5.066065
2.53027,2530,229.091553,210.523163,5,4.97335958
2.53151,2531,229.091553,210.527954,5,5.016986
2.53333,2532,229.091553,210.533264,5,4.847935
2.53334,2533,229.091553,210.538544,5,5.05515862
2.53462,2534,229.091553,210.543167,5,5.006079
2.53467,2535,229.091553,210.548248,5,5.02789259
2.53650,2536,229.091553,210.552917,5,4.98426628
2.53826,2537,229.091553,210.558563,5,4.913374
2.53828,2538,229.091553,210.563339,5,5.087878
2.53950,2539,229.091553,210.568222,5,4.97335958
2.54133,2540,229.091553,210.573364,5,5.09878445
2.54135,2541,229.091553,210.578323,5,4.98426628
2.54260,2542,229.091553,210.58371,5,5.02789259
2.54263,2543,229.091553,210.588028,5,5.006079
2.54449,2544,229.091553,210.593414,5,4.94064
2.54627,2545,229.091553,210.598526,5,5.066065
2.54630,2546,229.091553,210.603638,5,4.95154667
2.54751,2547,229.091553,210.608353,5,5.087878
2.54932,2548,229.091553,210.612946,5,4.94064
2.54934,2549,229.091553,210.61882,5,4.97335958
2.55059,2550,229.091553,210.623856,5,5.087878
2.55063,2551,229.091553,210.628845,5,5.05515862
2.55252,2552,229.091553,210.63295,5,5.087878
2.55427,2553,229.091553,210.638229,5,4.837029
2.55429,2554,229.091553,210.644028,5,4.995173
2.55551,2555,229.091553,210.6489,5,4.995173
2.55734,2556,229.091553,210.653763,5,5.14241028
2.55736,2557,229.091553,210.663589,5,4.837029
2.55859,2558,229.091553,210.668747,5,4.96245337
2.55861,2559,229.091553,210.673889,5,4.94064
2.56047,2560,229.091553,210.678741,5,5.180583
2.56224,2561,229.091553,210.683289,5,4.995173
2.56226,2562,229.091553,210.688751,5,4.95154667
2.56350,2563,229.091553,210.693619,5,4.98426628
2.56533,2564,229.091553,210.699142,5,4.98426628
2.56534,2565,229.091553,210.703812,5,5.191489
2.56660,2566,229.091553,210.708557,5,4.97335958
2.56663,2567,229.091553,210.713486,5,4.96245337
2.56860,2568,229.091553,210.7186,5,4.858842
2.57026,2569,229.091553,210.724258,5,5.006079
2.57028,2570,229.091553,210.7287,5,5.09878445
2.57152,2571,229.091553,210.733536,5,4.98426628
2.57336,2572,229.091553,210.738129,5,4.97335958
2.57338,2573,229.091553,210.743713,5,4.76613665
2.57460,2574,229.091553,210.749344,5,5.087878
2.57462,2575,229.091553,210.7539,5,5.09878445
2.57647,2576,229.091553,210.7587,5,5.12059736
2.57826,2577,229.091553,210.76329,5,4.995173
2.57828,2578,229.091553,210.769226,5,4.858842
2.57952,2579,229.091553,210.774155,5,5.087878
2.58135,2580,229.091553,210.77887,5,4.995173
2.58137,2581,229.091553,210.783539,5,5.09878445
2.58259,2582,229.091553,210.788528,5,4.869748
2.58261,2583,229.091553,210.7946,5,4.94064
2.58449,2584,229.091553,210.79924,5,5.05515862
2.58630,2585,229.091553,210.803864,5,5.016986
2.58636,2586,229.091553,210.808456,5,5.05515862
2.58751,2587,229.091553,210.813858,5,4.847935
2.58932,2588,229.091553,210.819122,5,5.006079
2.58934,2589,229.091553,210.824081,5,4.97335958
2.59059,2590,229.091553,210.829361,5,5.07697153
2.59060,2591,229.091553,210.834091,5,5.05515862
2.59248,2592,229.091553,210.839737,5,4.97335958
2.59427,2593,229.091553,210.844376,5,5.13150358
2.59429,2594,229.091553,210.849243,5,4.995173
2.59550,2595,229.091553,210.854111,5,5.038799
2.59738,2596,229.091553,210.859222,5,4.88065434
2.59741,2597,229.091553,210.864731,5,4.995173
2.59859,2598,229.091553,210.869324,5,5.05515862
2.59860,2599,229.091553,210.8744,5,5.006079
2.60049,2600,229.091553,210.879044,5,5.038799
2.60231,2601,229.091553,210.8845,5,4.869748
2.60235,2602,229.091553,210.889572,5,5.05515862
2.60351,2603,229.091553,210.8943,5,4.97335958
2.60535,2604,229.091553,210.89949,5,5.05515862
2.60537,2605,229.091553,210.904587,5,5.016986
2.60662,2606,229.091553,210.91011,5,4.96245337
2.60664,2607,229.091553,210.914185,5,5.05515862
2.60847,2608,229.091553,210.919662,5,4.891561
2.61027,2609,229.091553,210.924881,5,5.05515862
2.61030,2610,229.091553,210.929886,5,4.97335958
2.61150,2611,229.091553,210.93483,5,5.016986
2.61335,2612,229.091553,210.939224,5,4.995173
2.61339,2613,229.091553,210.944977,5,4.891561
2.61461,2614,229.091553,210.950134,5,5.07697153
2.61463,2615,229.091553,210.95517,5,5.038799
2.61647,2616,229.091553,210.959122,5,5.109691
2.61845,2617,229.091553,210.963913,5,4.891561
2.61852,2618,229.091553,210.96991,5,4.913374
2.61951,2619,229.091553,210.974854,5,5.006079
2.62138,2620,229.091553,210.979843,5,5.066065
2.62140,2621,229.091553,210.984039,5,5.153317
2.62261,2622,229.091553,210.9892,5,4.837029
2.62263,2623,229.091553,210.994583,5,4.90246725
2.62447,2624,229.091553,210.9995,5,4.891561
2.62629,2625,229.091553,211.004608,5,5.066065
2.62633,2626,229.091553,211.008926,5,5.05515862
2.62751,2627,229.091553,211.014236,5,4.858842
2.62939,2628,229.091553,211.01918,5,4.94064
2.62941,2629,229.091553,211.024414,5,4.869748
2.63059,2630,229.091553,211.0295,5,5.109691
2.63060,2631,229.091553,211.033966,5,5.006079
2.63252,2632,229.091553,211.038971,5,4.913374
2.63428,2633,229.091553,211.043762,5,4.88065434
2.63432,2634,229.091553,211.0495,5,4.858842
2.63553,2635,229.091553,211.054291,5,5.109691
2.63737,2636,229.091553,211.058884,5,4.97335958
2.63740,2637,229.091553,211.0636,5,5.006079
2.63862,2638,229.091553,211.068558,5,4.798856
2.63865,2639,229.091553,211.074631,5,4.90246725
2.64053,2640,229.091553,211.079254,5,5.14241028
2.64231,2641,229.091553,211.084091,5,5.066065
2.64233,2642,229.091553,211.088562,5,5.09878445
2.64352,2643,229.091553,211.094437,5,4.837029
2.64535,2644,229.091553,211.09964,5,5.006079
2.64537,2645,229.091553,211.104111,5,5.02789259
2.64662,2646,229.091553,211.108932,5,5.066065
2.64665,2647,229.091553,211.113892,5,4.995173
2.64847,2648,229.091553,211.119308,5,4.82612228
2.65028,2649,229.091553,211.124344,5,5.05515862
2.65030,2650,229.091553,211.1291,5,5.006079
2.65176,2651,229.091553,211.1341,5,5.09878445
2.65340,2652,229.091553,211.1391,5,4.913374
2.65341,2653,229.091553,211.14473,5,4.913374
2.65463,2654,229.091553,211.149277,5,5.006079
2.65465,2655,229.091553,211.154465,5,4.97335958
2.65648,2656,229.091553,211.159256,5,5.12059736
2.65828,2657,229.091553,211.164688,5,4.94064
2.65831,2658,229.091553,211.1698,5,5.09878445
2.65950,2659,229.091553,211.179474,5,4.98426628
2.66142,2660,229.091553,211.184235,5,4.98426628
2.66146,2661,229.091553,211.1899,5,4.88065434
2.66260,2662,229.091553,211.194656,5,5.09878445
2.66262,2663,229.091553,211.199554,5,5.006079
2.66454,2664,229.091553,211.204391,5,5.07697153
2.66625,2665,229.091553,211.209427,5,4.92973375
2.66627,2666,229.091553,211.214935,5,4.96245337
2.66750,2667,229.091553,211.219528,5,5.05515862
2.66936,2668,229.091553,211.224686,5,4.98426628
2.66937,2669,229.091553,211.229553,5,5.09878445
2.67061,2670,229.091553,211.234863,5,4.94064
2.67063,2671,229.091553,211.239731,5,5.066065
2.67250,2672,229.091553,211.244659,5,4.95154667
2.67426,2673,229.091553,211.2498,5,4.97335958
2.67428,2674,229.091553,211.254761,5,5.05515862
2.67551,2675,229.091553,211.259949,5,4.94064
2.67739,2676,229.091553,211.2643,5,5.087878
2.67742,2677,229.091553,211.269455,5,4.869748
2.67860,2678,229.091553,211.275085,5,5.016986
2.67861,2679,229.091553,211.280075,5,5.05515862
2.68051,2680,229.091553,211.28479,5,5.087878
2.68228,2681,229.091553,211.289032,5,5.02789259
2.68231,2682,229.091553,211.294861,5,4.82612228
2.68350,2683,229.091553,211.300171,5,5.016986
2.68543,2684,229.091553,211.305115,5,4.98426628
2.68548,2685,229.091553,211.309631,5,5.180583
2.68669,2686,229.091553,211.31427,5,4.98426628
2.68676,2687,229.091553,211.319946,5,4.847935
2.68855,2688,229.091553,211.32486,5,4.95154667
2.69029,2689,229.091553,211.330124,5,4.97335958
2.69032,2690,229.091553,211.334564,5,5.164223
2.69155,2691,229.091553,211.339554,5,4.92973375
2.69335,2692,229.091553,211.345108,5,4.96245337
2.69337,2693,229.091553,211.349777,5,4.94064
2.69464,2694,229.091553,211.355286,5,5.038799
2.69468,2695,229.091553,211.35968,5,5.14241028
2.69649,2696,229.091553,211.364639,5,4.94064
2.69828,2697,229.091553,211.369431,5,4.96245337
2.69833,2698,229.091553,211.374985,5,4.837029
2.69951,2699,229.091553,211.380249,5,5.07697153
2.70137,2700,229.091553,211.384644,5,5.05515862
2.70142,2701,229.091553,211.389557,5,4.98426628
2.70261,2702,229.091553,211.394516,5,4.92973375
2.70262,2703,229.091553,211.400589,5,4.798856
2.70450,2704,229.091553,211.405212,5,5.13150358
2.70630,2705,229.091553,211.410248,5,5.07697153
2.70633,2706,229.091553,211.4148,5,5.13150358
2.70750,2707,229.091553,211.4199,5,4.92973375
2.70934,2708,229.091553,211.425751,5,4.913374
2.70936,2709,229.091553,211.4303,5,5.07697153
2.71059,2710,229.091553,211.435486,5,5.016986
2.71060,2711,229.091553,211.439957,5,5.07697153
2.71252,2712,229.091553,211.445633,5,4.82612228
2.71428,2713,229.091553,211.450317,5,4.98426628
2.71431,2714,229.091553,211.455536,5,5.016986
2.71550,2715,229.091553,211.460327,5,5.05515862
2.71737,2716,229.091553,211.464767,5,5.006079
2.71741,2717,229.091553,211.470474,5,4.858842
2.71863,2718,229.091553,211.475235,5,5.02789259
2.71865,2719,229.091553,211.4802,5,4.96245337
2.72055,2720,229.091553,211.485168,5,5.109691
2.72226,2721,229.091553,211.49025,5,4.995173
2.72228,2722,229.091553,211.495682,5,5.006079
2.72350,2723,229.091553,211.500153,5,5.087878
2.72538,2724,229.091553,211.505142,5,4.95154667
2.72541,2725,229.091553,211.509857,5,5.006079
2.72660,2726,229.091553,211.515289,5,4.81521559
2.72662,2727,229.091553,211.520432,5,5.006079
2.72851,2728,229.091553,211.525085,5,5.006079
2.73028,2729,229.091553,211.5301,5,4.995173
2.73031,2730,229.091553,211.534744,5,4.98426628
2.73151,2731,229.091553,211.540375,5,4.858842
2.73339,2732,229.091553,211.54512,5,5.05515862
2.73343,2733,229.091553,211.55,5,4.95154667
2.73461,2734,229.091553,211.555115,5,5.066065
2.73462,2735,229.091553,211.560059,5,4.995173
2.73655,2736,229.091553,211.565384,5,4.97335958
2.73828,2737,229.091553,211.569733,5,5.02789259
2.73831,2738,229.091553,211.575119,5,4.90246725
2.73960,2739,229.091553,211.580154,5,5.05515862
2.74136,2740,229.091553,211.585266,5,4.95154667
2.74142,2741,229.091553,211.589981,5,5.05515862
2.74260,2742,229.091553,211.594574,5,4.96245337
2.74262,2743,229.091553,211.6004,5,4.913374
2.74450,2744,229.091553,211.605438,5,5.087878
2.74629,2745,229.091553,211.610428,5,5.016986
2.74632,2746,229.091553,211.6145,5,5.109691
2.74750,2747,229.091553,211.619781,5,4.858842
2.74935,2748,229.091553,211.625565,5,4.94064
2.74937,2749,229.091553,211.630432,5,5.006079
2.75060,2750,229.091553,211.635315,5,5.087878
2.75061,2751,229.091553,211.639557,5,5.13150358
2.75251,2752,229.091553,211.6451,5,4.82612228
2.75427,2753,229.091553,211.650253,5,4.94064
2.75429,2754,229.091553,211.655411,5,4.92973375
2.75554,2755,229.091553,211.6602,5,5.13150358
2.75736,2756,229.091553,211.664749,5,5.05515862
2.75739,2757,229.091553,211.6751,5,4.98426628
2.75861,2758,229.091553,211.680557,5,4.913374
2.75864,2759,229.091553,211.685287,5,5.180583
2.76051,2760,229.091553,211.689941,5,4.995173
2.76228,2761,229.091553,211.6949,5,4.95154667
2.76230,2762,229.091553,211.699936,5,4.88065434
2.76352,2763,229.091553,211.705643,5,4.92973375
2.76538,2764,229.091553,211.710083,5,5.12059736
2.76543,2765,229.091553,211.71492,5,4.97335958
2.76659,2766,229.091553,211.719467,5,4.995173
2.76660,2767,229.091553,211.724991,5,4.76613665
2.76865,2768,229.091553,211.7307,5,4.98426628
2.77028,2769,229.091553,211.735168,5,5.12059736
2.77030,2770,229.091553,211.74,5,5.087878
2.77152,2771,229.091553,211.744553,5,5.05515862
2.77339,2772,229.091553,211.750458,5,4.82612228
2.77342,2773,229.091553,211.755463,5,5.038799
2.77460,2774,229.091553,211.760132,5,4.995173
2.77462,2775,229.091553,211.765091,5,5.087878
2.77649,2776,229.091553,211.770126,5,4.94064
2.77830,2777,229.091553,211.775543,5,4.858842
2.77834,2778,229.091553,211.780212,5,5.07697153
2.77951,2779,229.091553,211.785446,5,5.006079
2.78135,2780,229.091553,211.790009,5,5.087878
2.78137,2781,229.091553,211.7954,5,4.869748
2.78258,2782,229.091553,211.800674,5,4.96245337
2.78260,2783,229.091553,211.805389,5,4.98426628
2.78453,2784,229.091553,211.810577,5,5.02789259
2.78631,2785,229.091553,211.815369,5,5.12059736
2.78635,2786,229.091553,211.821,5,4.96245337
2.78752,2787,229.091553,211.825714,5,5.13150358
2.78936,2788,229.091553,211.830551,5,5.016986
2.78938,2789,229.091553,211.8355,5,5.02789259
2.79061,2790,229.091553,211.84053,5,4.95154667
2.79063,2791,229.091553,211.846115,5,4.95154667
2.79251,2792,229.091553,211.850677,5,5.09878445
2.79430,2793,229.091553,211.855743,5,5.006079
2.79433,2794,229.091553,211.860428,5,5.07697153
2.79552,2795,229.091553,211.865891,5,4.891561
2.79736,2796,229.091553,211.871,5,5.02789259
2.79739,2797,229.091553,211.875687,5,5.016986
2.79860,2798,229.091553,211.880936,5,5.006079
2.79861,2799,229.091553,211.8857,5,5.087878
2.80050,2800,229.091553,211.89122,5,4.94064
2.80226,2801,229.091553,211.895645,5,5.087878
2.80228,2802,229.091553,211.900757,5,4.92973375
2.80351,2803,229.091553,211.906082,5,5.02789259
2.80540,2804,229.091553,211.911346,5,5.016986
2.80542,2805,229.091553,211.916336,5,4.98426628
2.80664,2806,229.091553,211.920685,5,5.05515862
2.80666,2807,229.091553,211.926437,5,4.869748
2.80849,2808,229.091553,211.931625,5,5.07697153
2.81029,2809,229.091553,211.936661,5,5.038799
2.81031,2810,229.091553,211.941147,5,5.109691
2.81151,2811,229.091553,211.946533,5,4.96245337
2.81335,2812,229.091553,211.952057,5,4.858842
2.81337,2813,229.091553,211.956635,5,5.016986
2.81461,2814,229.091553,211.961639,5,5.016986
2.81463,2815,229.091553,211.965591,5,5.191489
2.81651,2816,229.091553,211.970779,5,4.90246725
2.81836,2817,229.091553,211.976212,5,4.90246725
2.81840,2818,229.091553,211.9812,5,4.95154667
2.81952,2819,229.091553,211.986343,5,5.05515862
2.82139,2820,229.091553,211.990753,5,5.14241028
2.82143,2821,229.091553,211.99614,5,4.913374
2.82261,2822,229.091553,212.001129,5,5.006079
2.82262,2823,229.091553,212.006531,5,4.92973375
2.82456,2824,229.091553,212.0115,5,5.153317
2.82631,2825,229.091553,212.016068,5,5.109691
2.82635,2826,229.091553,212.0211,5,4.97335958
2.82752,2827,229.091553,212.025986,5,4.96245337
2.82938,2828,229.091553,212.031845,5,4.891561
2.82941,2829,229.091553,212.036484,5,5.153317
2.83060,2830,229.091553,212.0412,5,5.02789259
2.83063,2831,229.091553,212.045868,5,5.02789259
2.83252,2832,229.091553,212.051132,5,4.858842
2.83426,2833,229.091553,212.057053,5,4.913374
2.83427,2834,229.091553,212.0616,5,5.164223
2.83555,2835,229.091553,212.066467,5,5.087878
2.83735,2836,229.091553,212.070984,5,5.12059736
2.83737,2837,229.091553,212.076691,5,4.858842
2.83862,2838,229.091553,212.08197,5,5.006079
2.83864,2839,229.091553,212.086563,5,5.02789259
2.84053,2840,229.091553,212.0916,5,5.066065
2.84230,2841,229.091553,212.09642,5,5.006079
2.84234,2842,229.091553,212.102264,5,4.837029
2.84350,2843,229.091553,212.106735,5,5.05515862
2.84538,2844,229.091553,212.111877,5,5.006079
2.84541,2845,229.091553,212.11647,5,5.087878
2.84659,2846,229.091553,212.121674,5,4.92973375
2.84661,2847,229.091553,212.127136,5,4.90246725
2.84850,2848,229.091553,212.131744,5,5.016986
2.85024,2849,229.091553,212.136932,5,4.98426628
2.85026,2850,229.091553,212.141754,5,5.12059736
2.85176,2851,229.091553,212.147278,5,4.95154667
2.85338,2852,229.091553,212.152145,5,5.07697153
2.85341,2853,229.091553,212.15686,5,5.05515862
2.85462,2854,229.091553,212.16188,5,4.98426628
2.85463,2855,229.091553,212.166733,5,4.98426628
2.85653,2856,229.091553,212.1724,5,4.891561
2.85830,2857,229.091553,212.177032,5,5.09878445
2.85834,2858,229.091553,212.186737,5,5.05515862
2.85952,2859,229.091553,212.192,5,4.92973375
2.86133,2860,229.091553,212.197357,5,4.95154667
2.86135,2861,229.091553,212.2019,5,5.038799
2.86261,2862,229.091553,212.207153,5,4.97335958
2.86265,2863,229.091553,212.211975,5,5.109691
2.86456,2864,229.091553,212.217361,5,4.92973375
2.86630,2865,229.091553,212.222046,5,5.066065
2.86633,2866,229.091553,212.226837,5,4.95154667
2.86750,2867,229.091553,212.232224,5,4.97335958
2.86934,2868,229.091553,212.237183,5,5.05515862
2.86937,2869,229.091553,212.24234,5,4.95154667
2.87062,2870,229.091553,212.246643,5,5.087878
2.87064,2871,229.091553,212.252045,5,4.88065434
2.87248,2872,229.091553,212.257553,5,5.016986
2.87430,2873,229.091553,212.2625,5,5.05515862
2.87434,2874,229.091553,212.267014,5,5.087878
2.87550,2875,229.091553,212.271454,5,5.02789259
2.87733,2876,229.091553,212.2774,5,4.82612228
2.87735,2877,229.091553,212.282516,5,5.006079
2.87863,2878,229.091553,212.2875,5,4.98426628
2.87865,2879,229.091553,212.2919,5,5.180583
2.88050,2880,229.091553,212.296722,5,4.98426628
2.88229,2881,229.091553,212.302277,5,4.837029
2.88231,2882,229.091553,212.307236,5,4.95154667
2.88351,2883,229.091553,212.312469,5,4.95154667
2.88538,2884,229.091553,212.316788,5,5.164223
2.88541,2885,229.091553,212.321976,5,4.92973375
2.88662,2886,229.091553,212.327118,5,4.96245337
2.88665,2887,229.091553,212.33223,5,4.92973375
2.88855,2888,229.091553,212.337555,5,5.016986
2.89026,2889,229.091553,212.341949,5,5.153317
2.89030,2890,229.091553,212.346985,5,4.92973375
2.89152,2891,229.091553,212.35173,5,4.96245337
2.89339,2892,229.091553,212.357452,5,4.837029
2.89342,2893,229.091553,212.362427,5,5.05515862
2.89459,2894,229.091553,212.3669,5,5.066065
2.89461,2895,229.091553,212.371735,5,4.98426628
2.89648,2896,229.091553,212.376526,5,4.94064
2.89825,2897,229.091553,212.382645,5,4.78794956
2.89827,2898,229.091553,212.387436,5,5.12059736
2.89951,2899,229.091553,212.392227,5,5.087878
2.90135,2900,229.091553,212.397018,5,5.14241028
2.90139,2901,229.091553,212.402023,5,4.95154667
2.90262,2902,229.091553,212.4078,5,4.90246725
2.90265,2903,229.091553,212.412323,5,5.087878
2.90452,2904,229.091553,212.417511,5,5.016986
2.90626,2905,229.091553,212.422073,5,5.087878
2.90629,2906,229.091553,212.428131,5,4.847935
2.90753,2907,229.091553,212.433167,5,4.98426628
2.90934,2908,229.091553,212.437927,5,5.02789259
2.90937,2909,229.091553,212.442642,5,5.05515862
2.91060,2910,229.091553,212.447586,5,5.016986
2.91062,2911,229.091553,212.453217,5,4.858842
2.91249,2912,229.091553,212.457825,5,5.02789259
2.91426,2913,229.091553,212.462967,5,4.96245337
2.91431,2914,229.091553,212.46788,5,5.109691
2.91553,2915,229.091553,212.473236,5,5.016986
2.91736,2916,229.091553,212.478149,5,5.02789259
2.91739,2917,229.091553,212.4827,5,5.109691
2.91861,2918,229.091553,212.487732,5,4.98426628
2.91863,2919,229.091553,212.492477,5,5.038799
2.92049,2920,229.091553,212.498108,5,4.869748
2.92226,2921,229.091553,212.503036,5,5.05515862
2.92227,2922,229.091553,212.507858,5,5.038799
2.92351,2923,229.091553,212.512772,5,5.02789259
2.92536,2924,229.091553,212.517685,5,5.006079
2.92538,2925,229.091553,212.5232,5,4.891561
2.92662,2926,229.091553,212.527832,5,5.07697153
2.92664,2927,229.091553,212.532913,5,4.97335958
2.92849,2928,229.091553,212.537857,5,5.087878
2.93029,2929,229.091553,212.543091,5,4.98426628
2.93031,2930,229.091553,212.54808,5,4.98426628
2.93151,2931,229.091553,212.552551,5,5.016986
2.93334,2932,229.091553,212.55806,5,4.90246725
2.93337,2933,229.091553,212.563019,5,5.066065
2.93459,2934,229.091553,212.56813,5,4.95154667
2.93461,2935,229.091553,212.572647,5,5.066065
2.93651,2936,229.091553,212.577637,5,4.94064
2.93827,2937,229.091553,212.583359,5,4.94064
2.93830,2938,229.091553,212.588333,5,5.07697153
2.93956,2939,229.091553,212.593124,5,5.038799
2.94135,2940,229.091553,212.59729,5,5.09878445
2.94138,2941,229.091553,212.602951,5,4.847935
2.94259,2942,229.091553,212.608429,5,4.96245337
2.94261,2943,229.091553,212.613342,5,4.995173
2.94455,2944,229.091553,212.618011,5,5.109691
2.94625,2945,229.091553,212.622482,5,5.12059736
2.94627,2946,229.091553,212.6282,5,4.837029
2.94751,2947,229.091553,212.633148,5,4.95154667
2.94933,2948,229.091553,212.6384,5,4.94064
2.94934,2949,229.091553,212.642944,5,5.14241028
2.95060,2950,229.091553,212.647842,5,5.02789259
2.95062,2951,229.091553,212.653168,5,4.94064
2.95249,2952,229.091553,212.658066,5,4.98426628
2.95424,2953,229.091553,212.66362,5,4.95154667
2.95425,2954,229.091553,212.66806,5,5.191489
2.95552,2955,229.091553,212.673,5,4.995173
2.95733,2956,229.091553,212.683243,5,4.88065434
2.95734,2957,229.091553,212.688675,5,4.97335958
2.95862,2958,229.091553,212.693024,5,5.109691
2.95865,2959,229.091553,212.697937,5,4.98426628
2.96054,2960,229.091553,212.70253,5,4.995173
2.96224,2961,229.091553,212.708481,5,4.76613665
2.96225,2962,229.091553,212.713913,5,5.038799
2.96352,2963,229.091553,212.718628,5,5.109691
2.96535,2964,229.091553,212.722931,5,5.109691
2.96537,2965,229.091553,212.727859,5,5.02789259
2.96661,2966,229.091553,212.734116,5,4.837029
2.96663,2967,229.091553,212.738678,5,5.07697153
2.96862,2968,229.091553,212.743591,5,4.995173
2.97031,2969,229.091553,212.748383,5,5.09878445
2.97034,2970,229.091553,212.75354,5,4.90246725
2.97152,2971,229.091553,212.759,5,4.891561
2.97340,2972,229.091553,212.763641,5,5.066065
2.97342,2973,229.091553,212.768509,5,5.016986
2.97466,2974,229.091553,212.773148,5,5.07697153
2.97468,2975,229.091553,212.778824,5,4.858842
2.97655,2976,229.091553,212.783661,5,4.98426628
2.97825,2977,229.091553,212.788559,5,4.97335958
2.97826,2978,229.091553,212.793671,5,5.038799
2.97950,2979,229.091553,212.79863,5,5.087878
2.98135,2980,229.091553,212.804169,5,4.96245337
2.98137,2981,229.091553,212.808685,5,5.13150358
2.98259,2982,229.091553,212.81369,5,5.006079
2.98261,2983,229.091553,212.818436,5,5.016986
2.98451,2984,229.091553,212.823914,5,4.90246725
2.98626,2985,229.091553,212.8291,5,4.97335958
2.98628,2986,229.091553,212.83374,5,5.07697153
2.98753,2987,229.091553,212.8388,5,5.016986
2.98933,2988,229.091553,212.843491,5,5.066065
2.98935,2989,229.091553,212.849121,5,4.869748
2.99061,2990,229.091553,212.853912,5,5.038799
2.99063,2991,229.091553,212.858856,5,4.995173
2.99253,2992,229.091553,212.863922,5,5.038799
2.99428,2993,229.091553,212.868927,5,5.066065
2.99431,2994,229.091553,212.874283,5,4.96245337
2.99552,2995,229.091553,212.878632,5,5.07697153
2.99737,2996,229.091553,212.884018,5,4.913374
2.99739,2997,229.091553,212.889084,5,5.05515862
2.99860,2998,229.091553,212.894211,5,4.995173
2.99864,2999,229.091553,212.898911,5,5.016986
3.00050,3000,229.091553,212.903549,5,5.02789259
3.00230,3001,229.091553,212.909424,5,4.88065434
3.00233,3002,229.091553,212.914413,5,5.087878
3.00355,3003,229.091553,212.9194,5,5.038799
3.00534,3004,229.091553,212.923477,5,5.12059736
3.00536,3005,229.091553,212.928833,5,4.92973375
3.00661,3006,229.091553,212.934875,5,4.891561
3.00663,3007,229.091553,212.939774,5,5.016986
3.00849,3008,229.091553,212.944611,5,5.038799
3.01026,3009,229.091553,212.9492,5,5.180583
3.01030,3010,229.091553,212.95488,5,4.869748
3.01152,3011,229.091553,212.959869,5,4.92973375
3.01333,3012,229.091553,212.9651,5,4.94064
3.01335,3013,229.091553,212.969727,5,5.07697153
3.01459,3014,229.091553,212.973846,5,5.109691
3.01460,3015,229.091553,212.979309,5,4.90246725
3.01648,3016,229.091553,212.984192,5,5.006079
3.01834,3017,229.091553,212.989746,5,4.913374
3.01836,3018,229.091553,212.994415,5,5.164223
3.01950,3019,229.091553,213.000168,5,4.97335958
3.02134,3020,229.091553,213.004166,5,4.97335958
3.02136,3021,229.091553,213.0094,5,4.96245337
3.02263,3022,229.091553,213.01506,5,4.94064
3.02265,3023,229.091553,213.01947,5,5.180583
3.02449,3024,229.091553,213.024414,5,5.05515862
3.02626,3025,229.091553,213.029,5,5.066065
3.02628,3026,229.091553,213.0348,5,4.847935
3.02751,3027,229.091553,213.040268,5,5.006079
3.02933,3028,229.091553,213.044861,5,5.180583
3.02935,3029,229.091553,213.049622,5,5.109691
3.03064,3030,229.091553,213.0544,5,5.109691
3.03066,3031,229.091553,213.06041,5,4.858842
3.03248,3032,229.091553,213.065384,5,5.066065
3.03424,3033,229.091553,213.070267,5,5.02789259
3.03425,3034,229.091553,213.074814,5,5.109691
3.03555,3035,229.091553,213.08017,5,4.97335958
3.03734,3036,229.091553,213.085724,5,4.869748
3.03736,3037,229.091553,213.090363,5,5.07697153
3.03861,3038,229.091553,213.095261,5,5.016986
3.03862,3039,229.091553,213.099869,5,5.09878445
3.04050,3040,229.091553,213.1055,5,4.88065434
3.04224,3041,229.091553,213.110443,5,4.96245337
3.04226,3042,229.091553,213.11528,5,4.995173
3.04350,3043,229.091553,213.120438,5,5.016986
3.04532,3044,229.091553,213.1253,5,5.12059736
3.04534,3045,229.091553,213.130936,5,4.95154667
3.04661,3046,229.091553,213.135452,5,5.13150358
3.04664,3047,229.091553,213.140442,5,5.006079
3.04848,3048,229.091553,213.145233,5,5.006079
3.05024,3049,229.091553,213.150543,5,4.95154667
3.05026,3050,229.091553,213.1559,5,4.92973375
3.05188,3051,229.091553,213.160492,5,5.09878445
3.05334,3052,229.091553,213.165512,5,4.995173
3.05335,3053,229.091553,213.1702,5,5.066065
3.05464,3054,229.091553,213.1758,5,4.88065434
3.05467,3055,229.091553,213.180664,5,5.006079
3.05648,3056,229.091553,213.185486,5,5.016986
3.05824,3057,229.091553,213.195526,5,5.087878
3.05825,3058,229.091553,213.195526,5,5.087878
3.05951,3059,229.091553,213.205261,5,5.07697153
3.06135,3060,229.091553,213.210571,5,4.913374
3.06137,3061,229.091553,213.215683,5,5.006079
3.06260,3062,229.091553,213.220718,5,5.016986
3.06263,3063,229.091553,213.225555,5,4.95154667
3.06448,3064,229.091553,213.23,5,5.05515862
3.06624,3065,229.091553,213.235825,5,4.837029
3.06626,3066,229.091553,213.240891,5,5.038799
3.06751,3067,229.091553,213.24588,5,5.02789259
3.06934,3068,229.091553,213.250046,5,5.087878
3.06935,3069,229.091553,213.255066,5,4.97335958
3.07061,3070,229.091553,213.26091,5,4.82612228
3.07063,3071,229.091553,213.265823,5,5.006079
3.07249,3072,229.091553,213.270767,5,4.98426628
3.07424,3073,229.091553,213.274918,5,5.180583
3.07425,3074,229.091553,213.2803,5,4.913374
3.07551,3075,229.091553,213.285629,5,4.869748
3.07733,3076,229.091553,213.290619,5,4.94064
3.07734,3077,229.091553,213.295624,5,4.995173
3.07860,3078,229.091553,213.300079,5,5.14241028
3.07863,3079,229.091553,213.305466,5,4.90246725
3.08040,3080,229.091553,213.310349,5,4.97335958
3.08227,3081,229.091553,213.3158,5,4.90246725
3.08228,3082,229.091553,213.320648,5,5.07697153
3.08351,3083,229.091553,213.325256,5,5.109691
3.08537,3084,229.091553,213.330231,5,4.92973375
3.08540,3085,229.091553,213.335144,5,4.95154667
3.08660,3086,229.091553,213.340988,5,4.837029
3.08662,3087,229.091553,213.34549,5,5.09878445
3.08850,3088,229.091553,213.3506,5,5.02789259
3.09027,3089,229.091553,213.355148,5,5.016986
3.09028,3090,229.091553,213.360245,5,4.891561
3.09151,3091,229.091553,213.366119,5,4.837029
3.09336,3092,229.091553,213.370621,5,5.153317
3.09338,3093,229.091553,213.375717,5,5.07697153
3.09459,3094,229.091553,213.38028,5,5.13150358
3.09460,3095,229.091553,213.386154,5,4.891561
3.09651,3096,229.091553,213.391235,5,4.95154667
3.09835,3097,229.091553,213.395859,5,5.066065
3.09838,3098,229.091553,213.40062,5,5.02789259
3.09951,3099,229.091553,213.4055,5,5.066065
3.10133,3100,229.091553,213.41127,5,4.82612228
3.10135,3101,229.091553,213.416,5,5.006079
3.10260,3102,229.091553,213.420853,5,5.016986
3.10262,3103,229.091553,213.425461,5,5.07697153
3.10451,3104,229.091553,213.430725,5,4.97335958
3.10631,3105,229.091553,213.436157,5,5.02789259
3.10634,3106,229.091553,213.440765,5,5.02789259
3.10751,3107,229.091553,213.445984,5,4.96245337
3.10938,3108,229.091553,213.451065,5,4.98426628
3.10940,3109,229.091553,213.456665,5,5.038799
3.11059,3110,229.091553,213.4617,5,5.07697153
3.11060,3111,229.091553,213.466476,5,4.96245337
3.11243,3112,229.091553,213.471375,5,5.006079
3.11426,3113,229.091553,213.47641,5,4.837029
3.11429,3114,229.091553,213.481979,5,5.05515862
3.11552,3115,229.091553,213.486557,5,5.006079
3.11737,3116,229.091553,213.491013,5,5.006079
3.11739,3117,229.091553,213.495712,5,5.02789259
3.11861,3118,229.091553,213.502075,5,4.913374
3.11863,3119,229.091553,213.506287,5,4.913374
3.12052,3120,229.091553,213.510925,5,5.07697153
3.12227,3121,229.091553,213.516083,5,4.97335958
3.12230,3122,229.091553,213.52092,5,5.09878445
3.12352,3123,229.091553,213.526352,5,4.96245337
3.12535,3124,229.091553,213.5309,5,5.006079
3.12537,3125,229.091553,213.535736,5,4.97335958
3.12665,3126,229.091553,213.541077,5,4.913374
3.12673,3127,229.091553,213.546,5,5.038799
3.12844,3128,229.091553,213.551147,5,4.90246725
3.13026,3129,229.091553,213.555389,5,5.066065
3.13028,3130,229.091553,213.560776,5,4.891561
3.13152,3131,229.091553,213.566254,5,4.92973375
3.13337,3132,229.091553,213.571228,5,5.05515862
3.13341,3133,229.091553,213.575714,5,5.016986
3.13459,3134,229.091553,213.580063,5,5.066065
3.13460,3135,229.091553,213.586029,5,4.798856
3.13651,3136,229.091553,213.591171,5,4.95154667
3.13831,3137,229.091553,213.59613,5,4.97335958
3.13835,3138,229.091553,213.600525,5,5.109691
3.13950,3139,229.091553,213.6053,5,5.087878
3.14134,3140,229.091553,213.610947,5,4.81521559
3.14136,3141,229.091553,213.61586,5,4.94064
3.14262,3142,229.091553,213.6211,5,4.913374
3.14264,3143,229.091553,213.625443,5,5.14241028
3.14444,3144,229.091553,213.6306,5,5.006079
3.14628,3145,229.091553,213.635788,5,4.913374
3.14633,3146,229.091553,213.640854,5,4.97335958
3.14751,3147,229.091553,213.646225,5,4.94064
3.14940,3148,229.091553,213.65062,5,5.180583
3.14943,3149,229.091553,213.655624,5,4.98426628
3.15060,3150,229.091553,213.660385,5,4.96245337
3.15061,3151,229.091553,213.6661,5,4.869748
3.15254,3152,229.091553,213.671158,5,4.98426628
3.15429,3153,229.091553,213.675613,5,5.12059736
3.15431,3154,229.091553,213.68074,5,4.995173
3.15552,3155,229.091553,213.685547,5,4.76613665
3.15737,3156,229.091553,213.69165,5,5.05515862
3.15739,3157,229.091553,213.696136,5,5.05515862
3.15863,3158,229.091553,213.701218,5,5.109691
3.15866,3159,229.091553,213.711075,5,4.847935
3.16045,3160,229.091553,213.716782,5,5.087878
3.16229,3161,229.091553,213.7213,5,5.006079
3.16233,3162,229.091553,213.726166,5,5.109691
3.16352,3163,229.091553,213.730759,5,4.913374
3.16538,3164,229.091553,213.736435,5,4.90246725
3.16540,3165,229.091553,213.7416,5,5.066065
3.16659,3166,229.091553,213.746292,5,5.016986
3.16661,3167,229.091553,213.751328,5,5.066065
3.16862,3168,229.091553,213.75589,5,4.858842
3.17026,3169,229.091553,213.761551,5,4.98426628
3.17028,3170,229.091553,213.76619,5,4.96245337
3.17151,3171,229.091553,213.771347,5,5.066065
3.17337,3172,229.091553,213.7765,5,5.07697153
3.17341,3173,229.091553,213.781845,5,4.97335958
3.17459,3174,229.091553,213.787033,5,5.13150358
3.17460,3175,229.091553,213.791641,5,4.98426628
3.17642,3176,229.091553,213.796677,5,5.016986
3.17829,3177,229.091553,213.801376,5,4.891561
3.17832,3178,229.091553,213.807022,5,4.96245337
3.17950,3179,229.091553,213.811874,5,5.066065
3.18136,3180,229.091553,213.816681,5,4.995173
3.18140,3181,229.091553,213.8216,5,5.05515862
3.18260,3182,229.091553,213.826492,5,4.858842
3.18263,3183,229.091553,213.832062,5,5.02789259
3.18444,3184,229.091553,213.836639,5,4.995173
3.18627,3185,229.091553,213.841751,5,5.016986
3.18629,3186,229.091553,213.84668,5,5.05515862
3.18751,3187,229.091553,213.8519,5,4.95154667
3.18938,3188,229.091553,213.856934,5,5.066065
3.18941,3189,229.091553,213.861389,5,4.891561
3.19061,3190,229.091553,213.866928,5,5.05515862
3.19062,3191,229.091553,213.871826,5,4.98426628
3.19247,3192,229.091553,213.877,5,4.995173
3.19426,3193,229.091553,213.88147,5,5.02789259
3.19430,3194,229.091553,213.886459,5,4.869748
3.19551,3195,229.091553,213.892181,5,5.07697153
3.19736,3196,229.091553,213.897156,5,5.038799
3.19738,3197,229.091553,213.901917,5,5.109691
3.19861,3198,229.091553,213.906113,5,4.913374
3.19863,3199,229.091553,213.911774,5,4.869748
3.20047,3200,229.091553,213.917221,5,5.006079
3.20232,3201,229.091553,213.922134,5,5.02789259
3.20237,3202,229.091553,213.9268,5,5.180583
3.20352,3203,229.091553,213.931229,5,4.869748
3.20537,3204,229.091553,213.936951,5,4.913374
3.20542,3205,229.091553,213.941879,5,4.92973375
3.20662,3206,229.091553,213.947449,5,5.066065
3.20664,3207,229.091553,213.95195,5,5.12059736
3.20846,3208,229.091553,213.956863,5,4.891561
3.21028,3209,229.091553,213.962173,5,4.995173
3.21032,3210,229.091553,213.967133,5,4.90246725
3.21151,3211,229.091553,213.9726,5,5.13150358
3.21336,3212,229.091553,213.977051,5,5.066065
3.21339,3213,229.091553,213.981979,5,4.92973375
3.21459,3214,229.091553,213.986786,5,4.92973375
3.21462,3215,229.091553,213.992249,5,4.869748
3.21644,3216,229.091553,213.99762,5,5.13150358
3.21845,3217,229.091553,214.0017,5,5.006079
3.21853,3218,229.091553,214.006592,5,5.016986
3.21952,3219,229.091553,214.011154,5,4.82612228
3.22140,3220,229.091553,214.017014,5,4.891561
3.22142,3221,229.091553,214.022263,5,5.14241028
3.22260,3222,229.091553,214.02684,5,5.038799
3.22263,3223,229.091553,214.031433,5,5.07697153
3.22445,3224,229.091553,214.036148,5,4.777043
3.22627,3225,229.091553,214.042023,5,4.92973375
3.22631,3226,229.091553,214.046661,5,4.96245337
3.22752,3227,229.091553,214.051392,5,4.98426628
3.22937,3228,229.091553,214.055923,5,4.95154667
3.22940,3229,229.091553,214.060989,5,4.72251034
3.23060,3230,229.091553,214.066574,5,4.96245337
3.23062,3231,229.091553,214.071182,5,4.92973375
3.23243,3232,229.091553,214.076065,5,5.016986
3.23429,3233,229.091553,214.080566,5,4.90246725
3.23432,3234,229.091553,214.085953,5,4.82612228
3.23551,3235,229.091553,214.091141,5,4.995173
3.23738,3236,229.091553,214.095749,5,4.913374
3.23741,3237,229.091553,214.100983,5,5.087878
3.23862,3238,229.091553,214.105759,5,4.95154667
3.23863,3239,229.091553,214.111359,5,5.02789259
3.24046,3240,229.091553,214.116089,5,5.07697153
3.24228,3241,229.091553,214.120865,5,4.96245337
3.24232,3242,229.091553,214.125778,5,5.006079
3.24350,3243,229.091553,214.130783,5,4.837029
3.24535,3244,229.091553,214.136383,5,5.05515862
3.24537,3245,229.091553,214.14093,5,5.006079
3.24663,3246,229.091553,214.145966,5,5.02789259
3.24666,3247,229.091553,214.15094,5,4.97335958
3.24843,3248,229.091553,214.156052,5,4.90246725
3.25026,3249,229.091553,214.161224,5,5.07697153
3.25030,3250,229.091553,214.165878,5,4.97335958
3.25175,3251,229.091553,214.171112,5,5.109691
3.25335,3252,229.091553,214.175934,5,4.97335958
3.25337,3253,229.091553,214.181412,5,5.02789259
3.25463,3254,229.091553,214.185883,5,5.006079
3.25468,3255,229.091553,214.190964,5,4.94064
3.25646,3256,229.091553,214.196289,5,5.07697153
3.25831,3257,229.091553,214.2063,5,5.087878
3.25833,3258,229.091553,214.210617,5,4.92973375
3.25951,3259,229.091553,214.2163,5,4.98426628
3.26135,3260,229.091553,214.2216,5,5.087878
3.26138,3261,229.091553,214.226639,5,5.066065
3.26261,3262,229.091553,214.230942,5,5.07697153
3.26263,3263,229.091553,214.235672,5,4.82612228
3.26445,3264,229.091553,214.241623,5,4.98426628
3.26627,3265,229.091553,214.246552,5,4.97335958
3.26630,3266,229.091553,214.251862,5,5.14241028
3.26750,3267,229.091553,214.255829,5,5.066065
3.26936,3268,229.091553,214.260971,5,4.82612228
3.26941,3269,229.091553,214.2664,5,4.96245337
3.27065,3270,229.091553,214.2714,5,4.94064
3.27068,3271,229.091553,214.27655,5,5.164223
3.27244,3272,229.091553,214.2809,5,4.98426628
3.27424,3273,229.091553,214.2863,5,4.95154667
3.27426,3274,229.091553,214.291245,5,4.96245337
3.27550,3275,229.091553,214.29657,5,4.97335958
3.27733,3276,229.091553,214.301682,5,5.180583
3.27735,3277,229.091553,214.306152,5,4.96245337
3.27861,3278,229.091553,214.311462,5,4.96245337
3.27863,3279,229.091553,214.316345,5,4.858842
3.28044,3280,229.091553,214.322174,5,5.016986
3.28228,3281,229.091553,214.3268,5,5.09878445
3.28230,3282,229.091553,214.331558,5,5.006079
3.28350,3283,229.091553,214.336182,5,4.98426628
3.28540,3284,229.091553,214.341415,5,4.777043
3.28545,3285,229.091553,214.347015,5,5.087878
3.28661,3286,229.091553,214.351913,5,5.09878445
3.28662,3287,229.091553,214.3568,5,5.13150358
3.28845,3288,229.091553,214.361282,5,4.995173
3.29027,3289,229.091553,214.366974,5,4.88065434
3.29029,3290,229.091553,214.372345,5,5.09878445
3.29151,3291,229.091553,214.376923,5,5.016986
3.29336,3292,229.091553,214.381668,5,5.09878445
3.29340,3293,229.091553,214.386429,5,4.869748
3.29460,3294,229.091553,214.392273,5,4.94064
3.29462,3295,229.091553,214.39711,5,5.05515862
3.29647,3296,229.091553,214.401962,5,5.038799
3.29828,3297,229.091553,214.406616,5,5.05515862
3.29830,3298,229.091553,214.411758,5,4.858842
3.29962,3299,229.091553,214.417313,5,5.02789259
3.30166,3300,229.091553,214.421875,5,4.97335958
