t,n,A,B,C,D
0.00062,0,466.561035,466.887634,-0.326599121,-0.03817272
0.00249,1,466.561035,466.887573,-0.3265381,-0.04907921
0.00254,2,466.561035,466.887482,-0.326446533,-0.0599856973
0.00369,3,466.561035,466.887482,-0.326446533,-0.0599856973
0.00554,4,466.561035,466.887421,-0.3263855,-0.04907921
0.00556,5,466.561035,466.887329,-0.326293945,-0.0599856973
0.00678,6,466.561035,466.887268,-0.3262329,-0.0599856973
0.00680,7,466.561035,466.887268,-0.3262329,-0.0599856973
0.00861,8,466.561035,466.887177,-0.326141357,-0.07089219
0.01044,9,466.561035,466.8871,-0.3260498,-0.0599856973
0.01045,10,466.561035,466.8871,-0.3260498,-0.07089219
0.01173,11,466.561035,466.886963,-0.325927734,-0.07089219
0.01356,12,466.561035,466.886932,-0.325897217,-0.07089219
0.01358,13,466.561035,466.8868,-0.325775146,-0.08179868
0.01478,14,466.561035,466.886719,-0.3256836,-0.08179868
0.01480,15,466.561035,466.886658,-0.325622559,-0.09270517
0.01663,16,466.561035,466.8865,-0.325469971,-0.103611663
0.01848,17,466.561035,466.886353,-0.325317383,-0.114518143
0.01851,18,466.561035,466.886261,-0.32522583,-0.130877882
0.01969,19,466.561035,466.8861,-0.325073242,-0.141784385
0.02154,20,466.561035,466.8859,-0.324859619,-0.16359736
0.02156,21,466.561035,466.8857,-0.3246765,-0.185410336
0.02279,22,466.561035,466.885437,-0.324401855,-0.196316838
0.02282,23,466.561035,466.885254,-0.32421875,-0.218129814
0.02463,24,466.561035,466.884979,-0.3239441,-0.229036286
0.02645,25,466.561035,466.884735,-0.323699951,-0.239942789
0.02647,26,466.561035,466.8845,-0.3234558,-0.256302536
0.02768,27,466.561035,466.884277,-0.3232422,-0.256302536
0.02957,28,466.561035,466.884064,-0.323028564,-0.239942789
0.02959,29,466.561035,466.88382,-0.322784424,-0.229036286
0.03082,30,466.561035,466.883667,-0.322631836,-0.218129814
0.03086,31,466.561035,466.883575,-0.322540283,-0.185410336
0.03260,32,466.561035,466.883453,-0.3224182,-0.152690873
0.03445,33,466.561035,466.883423,-0.3223877,-0.114518143
0.03450,34,466.561035,466.883362,-0.32232666,-0.08179868
0.03569,35,466.561035,466.883362,-0.32232666,-0.04907921
0.03756,36,466.561035,466.883423,-0.3223877,-0.0163597353
0.03759,37,466.561035,466.8835,-0.322479248,0.0109064905
0.03877,38,466.561035,466.883575,-0.322540283,0.03271947
0.03879,39,466.561035,466.883575,-0.322540283,0.043625962
0.04060,40,466.561035,466.8836,-0.3225708,0.043625962
0.04247,41,466.561035,466.883667,-0.322631836,0.043625962
0.04250,42,466.561035,466.883728,-0.322692871,0.03271947
0.04369,43,466.561035,466.883728,-0.322692871,0.021812981
0.04558,44,466.561035,466.883728,-0.322692871,0.0109064905
0.04565,45,466.561035,466.883728,-0.322692871,0.0109064905
0.04687,46,466.561035,466.883728,-0.322692871,0
0.04705,47,466.561035,466.883728,-0.322692871,0
0.04861,48,466.561035,466.883728,-0.322692871,0
0.05047,49,466.561035,466.883728,-0.322692871,-0.0163597353
0.05051,50,466.561035,466.883667,-0.322631836,-0.0272662267
0.05169,51,466.561035,466.8836,-0.3225708,-0.03817272
0.05355,52,466.561035,466.883575,-0.322540283,-0.04907921
0.05357,53,466.561035,466.883575,-0.322540283,-0.04907921
0.05478,54,466.561035,466.883575,-0.322540283,-0.03817272
0.05479,55,466.561035,466.8835,-0.322479248,-0.03817272
0.05661,56,466.561035,466.883453,-0.3224182,-0.03817272
0.05844,57,466.561035,466.883453,-0.3224182,-0.0272662267
0.05848,58,466.561035,466.883423,-0.3223877,-0.0272662267
0.05968,59,466.561035,466.883423,-0.3223877,-0.0272662267
0.06169,60,466.561035,466.883453,-0.3224182,-0.0163597353
0.06172,61,466.561035,466.883423,-0.3223877,-0.0163597353
0.06279,62,466.561035,466.883453,-0.3224182,0
0.06281,63,466.561035,466.883423,-0.3223877,0
0.06465,64,466.561035,466.883453,-0.3224182,0
0.06647,65,466.561035,466.883453,-0.3224182,0
0.06650,66,466.561035,466.883453,-0.3224182,0
0.06769,67,466.561035,466.883453,-0.3224182,0
0.06954,68,466.561035,466.883453,-0.3224182,0
0.06956,69,466.561035,466.883453,-0.3224182,0
0.07077,70,466.561035,466.883423,-0.3223877,-0.0272662267
0.07078,71,466.561035,466.883362,-0.32232666,-0.0272662267
0.07266,72,466.561035,466.883362,-0.32232666,-0.0272662267
0.07447,73,466.561035,466.8833,-0.322265625,-0.03817272
0.07450,74,466.561035,466.88327,-0.3222351,-0.03817272
0.07569,75,466.561035,466.8832,-0.322174072,-0.03817272
0.07758,76,466.561035,466.8832,-0.322174072,-0.04907921
0.07761,77,466.561035,466.883148,-0.322113037,-0.04907921
0.07879,78,466.561035,466.883148,-0.322113037,-0.04907921
0.07881,79,466.561035,466.883118,-0.32208252,-0.04907921
0.08062,80,466.561035,466.883057,-0.322021484,-0.04907921
0.08245,81,466.561035,466.883,-0.321960449,-0.03817272
0.08248,82,466.561035,466.883,-0.321960449,-0.03817272
0.08369,83,466.561035,466.882965,-0.321929932,-0.03817272
0.08556,84,466.561035,466.8829,-0.3218689,-0.03817272
0.08559,85,466.561035,466.8829,-0.3218689,-0.03817272
0.08678,86,466.561035,466.882843,-0.321807861,-0.03817272
0.08679,87,466.561035,466.8828,-0.321777344,-0.03817272
0.08864,88,466.561035,466.8828,-0.321777344,-0.03817272
0.09047,89,466.561035,466.882751,-0.3217163,-0.03817272
0.09049,90,466.561035,466.8827,-0.321655273,-0.03817272
0.09168,91,466.561035,466.88266,-0.321624756,-0.04907921
0.09360,92,466.561035,466.8826,-0.321563721,-0.0599856973
0.09362,93,466.561035,466.882446,-0.321411133,-0.07089219
0.09494,94,466.561035,466.882355,-0.32131958,-0.09270517
0.09499,95,466.561035,466.882233,-0.3211975,-0.103611663
0.09662,96,466.561035,466.88208,-0.321044922,-0.130877882
0.09848,97,466.561035,466.882,-0.320953369,-0.130877882
0.09851,98,466.561035,466.881836,-0.320800781,-0.141784385
0.09968,99,466.561035,466.881622,-0.320587158,-0.152690873
0.10157,100,466.561035,466.88147,-0.32043457,-0.16359736
0.10162,101,466.561035,466.8813,-0.320251465,-0.185410336
0.10277,102,466.561035,466.881073,-0.320037842,-0.196316838
0.10279,103,466.561035,466.88092,-0.319885254,-0.196316838
0.10465,104,466.561035,466.8807,-0.319671631,-0.196316838
0.10647,105,466.561035,466.880554,-0.319519043,-0.185410336
0.10650,106,466.561035,466.8804,-0.319366455,-0.185410336
0.10768,107,466.561035,466.880219,-0.31918335,-0.174503848
0.10957,108,466.561035,466.8801,-0.319061279,-0.16359736
0.10961,109,466.561035,466.88,-0.318969727,-0.141784385
0.11077,110,466.561035,466.88,-0.318969727,-0.114518143
0.11078,111,466.561035,466.88,-0.318969727,-0.08179868
0.11263,112,466.561035,466.88,-0.318969727,-0.04907921
0.11449,113,466.561035,466.88,-0.318969727,-0.0272662267
0.11452,114,466.561035,466.88,-0.318969727,0
0.11569,115,466.561035,466.880066,-0.319030762,0.021812981
0.11758,116,466.561035,466.880066,-0.319030762,0.021812981
0.11761,117,466.561035,466.880157,-0.3191223,0.03271947
0.11877,118,466.561035,466.880157,-0.3191223,0.021812981
0.11878,119,466.561035,466.880157,-0.3191223,0.0109064905
0.12067,120,466.561035,466.880157,-0.3191223,0.021812981
0.12246,121,466.561035,466.880157,-0.3191223,0
0.12248,122,466.561035,466.880157,-0.3191223,0
0.12369,123,466.561035,466.880157,-0.3191223,0
0.12559,124,466.561035,466.880157,-0.3191223,0
0.12562,125,466.561035,466.880157,-0.3191223,0
0.12678,126,466.561035,466.8801,-0.319061279,-0.0272662267
0.12679,127,466.561035,466.880066,-0.319030762,-0.0272662267
0.12864,128,466.561035,466.88,-0.318969727,-0.03817272
0.13046,129,466.561035,466.88,-0.318969727,-0.04907921
0.13050,130,466.561035,466.88,-0.318969727,-0.03817272
0.13169,131,466.561035,466.879944,-0.3189087,-0.03817272
0.13354,132,466.561035,466.879944,-0.3189087,-0.03817272
0.13358,133,466.561035,466.8799,-0.318878174,-0.03817272
0.13477,134,466.561035,466.879852,-0.318817139,-0.0272662267
0.13479,135,466.561035,466.879852,-0.318817139,-0.0272662267
0.13664,136,466.561035,466.879852,-0.318817139,-0.0272662267
0.13846,137,466.561035,466.8799,-0.318878174,-0.0163597353
0.13850,138,466.561035,466.879852,-0.318817139,-0.0163597353
0.13970,139,466.561035,466.879852,-0.318817139,-0.0163597353
0.14154,140,466.561035,466.879852,-0.318817139,0
0.14156,141,466.561035,466.879852,-0.318817139,-0.0163597353
0.14278,142,466.561035,466.879852,-0.318817139,-0.0163597353
0.14281,143,466.561035,466.879852,-0.318817139,-0.0163597353
0.14507,144,466.561035,466.879852,-0.318817139,-0.0163597353
0.14645,145,466.561035,466.879852,-0.318817139,-0.0163597353
0.14646,146,466.561035,466.8798,-0.3187561,-0.0163597353
0.14772,147,466.561035,466.8798,-0.3187561,-0.0163597353
0.14954,148,466.561035,466.8798,-0.3187561,-0.0163597353
0.14956,149,466.561035,466.879761,-0.3187256,-0.0163597353
0.15077,150,466.561035,466.8797,-0.318664551,-0.0272662267
0.15078,151,466.561035,466.879639,-0.318603516,-0.03817272
0.15263,152,466.561035,466.879639,-0.318603516,-0.03817272
0.15444,153,466.561035,466.879639,-0.318603516,-0.04907921
0.15446,154,466.561035,466.8796,-0.318573,-0.04907921
0.15571,155,466.561035,466.8795,-0.318450928,-0.04907921
0.15760,156,466.561035,466.879456,-0.3184204,-0.04907921
0.15765,157,466.561035,466.879456,-0.3184204,-0.04907921
0.15882,158,466.561035,466.879456,-0.3184204,-0.04907921
0.15884,159,466.561035,466.8794,-0.318359375,-0.03817272
0.16066,160,466.561035,466.879333,-0.31829834,-0.03817272
0.16248,161,466.561035,466.8793,-0.318267822,-0.04907921
0.16250,162,466.561035,466.879242,-0.3182068,-0.04907921
0.16369,163,466.561035,466.879181,-0.318145752,-0.04907921
0.16557,164,466.561035,466.87915,-0.318115234,-0.0599856973
0.16560,165,466.561035,466.8791,-0.3180542,-0.0599856973
0.16677,166,466.561035,466.8791,-0.3180542,-0.04907921
0.16678,167,466.561035,466.879,-0.317962646,-0.0599856973
0.16863,168,466.561035,466.878876,-0.317840576,-0.0599856973
0.17048,169,466.561035,466.878845,-0.317810059,-0.07089219
0.17052,170,466.561035,466.878723,-0.317688,-0.08179868
0.17170,171,466.561035,466.8787,-0.317657471,-0.09270517
0.17357,172,466.561035,466.87854,-0.317504883,-0.103611663
0.17360,173,466.561035,466.8784,-0.3173523,-0.114518143
0.17477,174,466.561035,466.878235,-0.3171997,-0.130877882
0.17479,175,466.561035,466.878021,-0.316986084,-0.16359736
0.17665,176,466.561035,466.8778,-0.316772461,-0.174503848
0.17846,177,466.561035,466.877625,-0.316589355,-0.196316838
0.17848,178,466.561035,466.87735,-0.3163147,-0.218129814
0.17971,179,466.561035,466.8771,-0.316070557,-0.239942789
0.18154,180,466.561035,466.8768,-0.315765381,-0.267209023
0.18157,181,466.561035,466.8765,-0.3154602,-0.2781155
0.18278,182,466.561035,466.876251,-0.315216064,-0.2999285
0.18280,183,466.561035,466.875946,-0.3149109,-0.2999285
0.18463,184,466.561035,466.875732,-0.314697266,-0.289022
0.18648,185,466.561035,466.8755,-0.314453125,-0.2781155
0.18650,186,466.561035,466.8752,-0.314178467,-0.256302536
0.18771,187,466.561035,466.874969,-0.313934326,-0.239942789
0.18956,188,466.561035,466.874817,-0.313781738,-0.218129814
0.18958,189,466.561035,466.874664,-0.31362915,-0.207223326
0.19077,190,466.561035,466.8745,-0.313476563,-0.185410336
0.19079,191,466.561035,466.874359,-0.313323975,-0.174503848
0.19263,192,466.561035,466.8742,-0.3131714,-0.16359736
0.19446,193,466.561035,466.874054,-0.3130188,-0.174503848
0.19450,194,466.561035,466.87384,-0.312805176,-0.174503848
0.19570,195,466.561035,466.873657,-0.31262207,-0.185410336
0.19762,196,466.561035,466.873383,-0.3123474,-0.207223326
0.19768,197,466.561035,466.873138,-0.312103271,-0.218129814
0.19883,198,466.561035,466.872833,-0.3117981,-0.256302536
0.19886,199,466.561035,466.8726,-0.311553955,-0.267209023
0.20064,200,466.561035,466.872375,-0.311340332,-0.267209023
0.20248,201,466.561035,466.872131,-0.3110962,-0.267209023
0.20251,202,466.561035,466.871857,-0.310821533,-0.256302536
0.20370,203,466.561035,466.871674,-0.310638428,-0.256302536
0.20555,204,466.561035,466.871552,-0.310516357,-0.218129814
0.20558,205,466.561035,466.8714,-0.31036377,-0.185410336
0.20678,206,466.561035,466.871368,-0.310333252,-0.141784385
0.20679,207,466.561035,466.871246,-0.310211182,-0.103611663
0.20867,208,466.561035,466.871246,-0.310211182,-0.08179868
0.21050,209,466.561035,466.871155,-0.310119629,-0.07089219
0.21054,210,466.561035,466.871155,-0.310119629,-0.07089219
0.21170,211,466.561035,466.8711,-0.3100586,-0.04907921
0.21354,212,466.561035,466.8711,-0.3100586,-0.03817272
0.21356,213,466.561035,466.8711,-0.3100586,-0.03817272
0.21479,214,466.561035,466.871063,-0.310028076,-0.03817272
0.21481,215,466.561035,466.870941,-0.309906,-0.04907921
0.21665,216,466.561035,466.8709,-0.3098755,-0.0599856973
0.21848,217,466.561035,466.87085,-0.309814453,-0.0599856973
0.21853,218,466.561035,466.8708,-0.309753418,-0.07089219
0.21969,219,466.561035,466.8707,-0.309661865,-0.0599856973
0.22154,220,466.561035,466.8706,-0.3095703,-0.08179868
0.22157,221,466.561035,466.870453,-0.309417725,-0.103611663
0.22278,222,466.561035,466.8703,-0.309265137,-0.130877882
0.22279,223,466.561035,466.8701,-0.3090515,-0.16359736
0.22464,224,466.561035,466.869843,-0.308807373,-0.185410336
0.22649,225,466.561035,466.869568,-0.3085327,-0.218129814
0.22652,226,466.561035,466.869324,-0.308288574,-0.239942789
0.22768,227,466.561035,466.869019,-0.3079834,-0.267209023
0.22954,228,466.561035,466.868652,-0.3076172,-0.289022
0.22958,229,466.561035,466.8684,-0.307373047,-0.2999285
0.23077,230,466.561035,466.8681,-0.307067871,-0.310834974
0.23079,231,466.561035,466.867737,-0.30670166,-0.332647949
0.23263,232,466.561035,466.86734,-0.306304932,-0.354460955
0.23446,233,466.561035,466.866943,-0.3059082,-0.365367442
0.23451,234,466.561035,466.866516,-0.305480957,-0.392633677
0.23569,235,466.561035,466.866058,-0.3050232,-0.414446652
0.23755,236,466.561035,466.86557,-0.3045349,-0.436259627
0.23759,237,466.561035,466.865051,-0.3040161,-0.46897912
0.23878,238,466.561035,466.8646,-0.30355835,-0.490792066
0.23879,239,466.561035,466.864136,-0.3031006,-0.490792066
0.24062,240,466.561035,466.863739,-0.302703857,-0.46897912
0.24246,241,466.561035,466.8633,-0.3022766,-0.447166115
0.24248,242,466.561035,466.863068,-0.302032471,-0.403540134
0.24369,243,466.561035,466.862823,-0.30178833,-0.343554467
0.24556,244,466.561035,466.8626,-0.3015747,-0.2999285
0.24562,245,466.561035,466.862457,-0.301422119,-0.239942789
0.24679,246,466.561035,466.8623,-0.301269531,-0.207223326
0.24680,247,466.561035,466.862061,-0.3010254,-0.152690873
0.24861,248,466.561035,466.861938,-0.30090332,-0.141784385
0.25048,249,466.561035,466.8618,-0.300750732,-0.141784385
0.25050,250,466.561035,466.8617,-0.30065918,-0.130877882
0.25173,251,466.561035,466.8616,-0.300567627,-0.114518143
0.25356,252,466.561035,466.861481,-0.300445557,-0.114518143
0.25358,253,466.561035,466.8614,-0.300354,-0.103611663
0.25478,254,466.561035,466.861328,-0.300292969,-0.103611663
0.25480,255,466.561035,466.861237,-0.300201416,-0.103611663
0.25664,256,466.561035,466.861176,-0.300140381,-0.09270517
0.25843,257,466.561035,466.861145,-0.300109863,-0.08179868
0.25845,258,466.561035,466.861023,-0.2999878,-0.07089219
0.25970,259,466.561035,466.861023,-0.2999878,-0.04907921
0.26158,260,466.561035,466.861023,-0.2999878,-0.04907921
0.26160,261,466.561035,466.861023,-0.2999878,-0.03817272
0.26278,262,466.561035,466.861023,-0.2999878,-0.0272662267
0.26280,263,466.561035,466.861023,-0.2999878,-0.0163597353
0.26462,264,466.561035,466.861023,-0.2999878,-0.0163597353
0.26647,265,466.561035,466.861023,-0.2999878,-0.0163597353
0.26650,266,466.561035,466.861023,-0.2999878,-0.0163597353
0.26771,267,466.561035,466.861,-0.299957275,-0.0163597353
0.26957,268,466.561035,466.861,-0.299957275,-0.0272662267
0.26960,269,466.561035,466.860931,-0.29989624,-0.0272662267
0.27077,270,466.561035,466.860931,-0.29989624,-0.0272662267
0.27079,271,466.561035,466.86087,-0.2998352,-0.0272662267
0.27263,272,466.561035,466.86084,-0.2998047,-0.0272662267
0.27442,273,466.561035,466.86084,-0.2998047,-0.03817272
0.27444,274,466.561035,466.860718,-0.299682617,-0.04907921
0.27569,275,466.561035,466.8607,-0.2996521,-0.0599856973
0.27753,276,466.561035,466.8607,-0.2996521,-0.0599856973
0.27757,277,466.561035,466.860565,-0.299530029,-0.0599856973
0.27878,278,466.561035,466.860535,-0.2994995,-0.07089219
0.27881,279,466.561035,466.860474,-0.299438477,-0.0599856973
0.28064,280,466.561035,466.8604,-0.299377441,-0.0599856973
0.28243,281,466.561035,466.860321,-0.2992859,-0.07089219
0.28246,282,466.561035,466.86026,-0.299224854,-0.07089219
0.28369,283,466.561035,466.860229,-0.299194336,-0.07089219
0.28557,284,466.561035,466.860168,-0.2991333,-0.07089219
0.28561,285,466.561035,466.8601,-0.299072266,-0.0599856973
0.28678,286,466.561035,466.8601,-0.299072266,-0.0599856973
0.28679,287,466.561035,466.860077,-0.299041748,-0.0599856973
0.28866,288,466.561035,466.860016,-0.2989807,-0.04907921
0.29044,289,466.561035,466.859955,-0.298919678,-0.04907921
0.29046,290,466.561035,466.859924,-0.29888916,-0.04907921
0.29169,291,466.561035,466.859924,-0.29888916,-0.04907921
0.29355,292,466.561035,466.859863,-0.298828125,-0.04907921
0.29357,293,466.561035,466.8598,-0.2987671,-0.04907921
0.29495,294,466.561035,466.859772,-0.298736572,-0.04907921
0.29498,295,466.561035,466.8597,-0.298675537,-0.04907921
0.29664,296,466.561035,466.85965,-0.2986145,-0.04907921
0.29843,297,466.561035,466.859558,-0.298522949,-0.0599856973
0.29845,298,466.561035,466.8595,-0.2984619,-0.07089219
0.29969,299,466.561035,466.859344,-0.298309326,-0.08179868
0.30152,300,466.561035,466.8592,-0.298156738,-0.114518143
0.30161,301,466.561035,466.859039,-0.29800415,-0.141784385
0.30278,302,466.561035,466.8588,-0.29776,-0.16359736
0.30281,303,496.561035,466.858582,5,-0.174503848
0.30464,304,496.561035,466.8584,5,-0.196316838
0.30642,305,496.561035,466.858124,5,-0.229036286
0.30645,306,496.561035,466.858582,5,-0.141784385
0.30769,307,496.561035,466.859955,5,0.169050619
0.30952,308,496.561035,466.8622,5,0.725281656
0.30955,309,496.561035,466.8653,5,1.50509572
0.31083,310,496.561035,466.86908,5,2.37216163
0.31087,311,496.561035,466.873077,5,3.064724
0.31263,312,496.561035,466.87796,5,3.708207
0.31444,313,496.561035,466.883728,5,4.422582
0.31448,314,496.561035,466.8897,5,4.96245337
0.31570,315,496.561035,466.895782,5,5.57867
0.31751,316,496.561035,466.901154,5,5.74772072
0.31754,317,496.561035,466.9068,5,5.78044033
0.31879,318,496.561035,466.912659,5,5.715001
0.31881,319,496.561035,466.9187,5,5.736814
0.32062,320,496.561035,466.923431,5,5.644109
0.32245,321,496.561035,466.928558,5,5.453245
0.32247,322,496.561035,466.93335,5,5.267835
0.32370,323,496.561035,466.939453,5,5.109691
0.32551,324,496.561035,466.9444,5,5.267835
0.32554,325,496.561035,466.949,5,5.12059736
0.32678,326,496.561035,466.95343,5,5.087878
0.32680,327,496.561035,466.95816,5,4.75523
0.32866,328,496.561035,466.963928,5,4.777043
0.33044,329,496.561035,466.968353,5,4.88065434
0.33046,330,496.561035,466.972931,5,4.82612228
0.33168,331,496.561035,466.977356,5,4.858842
0.33351,332,496.561035,466.9822,5,4.58617926
0.33352,333,496.561035,466.987823,5,4.777043
0.33477,334,496.561035,466.99234,5,4.858842
0.33479,335,496.561035,466.997162,5,4.891561
0.33662,336,496.561035,467.0017,5,4.913374
0.33843,337,496.561035,467.007,5,4.74432325
0.33844,338,496.561035,467.0124,5,4.97335958
0.33968,339,496.561035,467.017059,5,4.95154667
0.34152,340,496.561035,467.022339,5,5.109691
0.34153,341,496.561035,467.027283,5,5.12059736
0.34278,342,496.561035,467.03302,5,5.09878445
0.34280,343,496.561035,467.037872,5,5.23511553
0.34497,344,496.561035,467.047882,5,5.180583
0.34647,345,496.561035,467.053619,5,5.02789259
0.34651,346,496.561035,467.058746,5,5.180583
0.34769,347,496.561035,467.063538,5,5.164223
0.34952,348,496.561035,467.068939,5,5.13150358
0.34954,349,496.561035,467.073761,5,5.109691
0.35078,350,496.561035,467.0791,5,5.016986
0.35080,351,496.561035,467.084229,5,5.153317
0.35265,352,496.561035,467.089233,5,5.038799
0.35443,353,496.561035,467.094269,5,5.13150358
0.35444,354,496.561035,467.099243,5,4.98426628
0.35573,355,496.561035,467.104523,5,5.016986
0.35751,356,496.561035,467.1088,5,4.97335958
0.35752,357,496.561035,467.1142,5,4.90246725
0.35879,358,496.561035,467.119171,5,5.038799
0.35880,359,496.561035,467.1242,5,4.88065434
0.36063,360,496.561035,467.128937,5,5.02789259
0.36246,361,496.561035,467.133453,5,4.869748
0.36248,362,496.561035,467.13916,5,4.891561
0.36372,363,496.561035,467.1442,5,5.02789259
0.36551,364,496.561035,467.14917,5,4.98426628
0.36552,365,496.561035,467.153259,5,5.038799
0.36679,366,496.561035,467.158325,5,4.78794956
0.36681,367,496.561035,467.164185,5,4.92973375
0.36860,368,496.561035,467.1691,5,4.97335958
0.37043,369,496.561035,467.1741,5,5.109691
0.37044,370,496.561035,467.178253,5,5.109691
0.37171,371,496.561035,467.183746,5,4.847935
0.37351,372,496.561035,467.188934,5,4.96245337
0.37353,373,496.561035,467.1941,5,4.95154667
0.37479,374,496.561035,467.199,5,5.164223
0.37481,375,496.561035,467.203583,5,5.038799
0.37662,376,496.561035,467.209076,5,4.96245337
0.37845,377,496.561035,467.213928,5,4.995173
0.37846,378,496.561035,467.2195,5,4.98426628
0.37970,379,496.561035,467.224243,5,5.21330261
0.38157,380,496.561035,467.2289,5,4.995173
0.38161,381,496.561035,467.234161,5,4.98426628
0.38280,382,496.561035,467.2389,5,4.858842
0.38282,383,496.561035,467.244629,5,4.98426628
0.38462,384,496.561035,467.249054,5,5.09878445
0.38646,385,496.561035,467.253876,5,4.97335958
0.38649,386,496.561035,467.258423,5,4.98426628
0.38771,387,496.561035,467.263916,5,4.74432325
0.38952,388,496.561035,467.2696,5,5.038799
0.38954,389,496.561035,467.274078,5,5.07697153
0.39080,390,496.561035,467.2789,5,5.087878
0.39082,391,496.561035,467.283417,5,4.995173
0.39260,392,496.561035,467.2892,5,4.798856
0.39443,393,496.561035,467.294556,5,5.038799
0.39445,394,496.561035,467.299255,5,4.97335958
0.39571,395,496.561035,467.303864,5,5.07697153
0.39752,396,496.561035,467.3088,5,4.88065434
0.39753,397,496.561035,467.3146,5,4.869748
0.39880,398,496.561035,467.319244,5,5.05515862
0.39883,399,496.561035,467.324158,5,4.995173
0.40061,400,496.561035,467.329,5,5.05515862
0.40242,401,496.561035,467.334351,5,4.837029
0.40243,402,496.561035,467.33963,5,4.96245337
0.40368,403,496.561035,467.3437,5,4.96245337
0.40553,404,496.561035,467.348816,5,5.02789259
0.40555,405,496.561035,467.353668,5,5.07697153
0.40678,406,496.561035,467.359253,5,4.96245337
0.40679,407,496.561035,467.364136,5,5.14241028
0.40860,408,496.561035,467.368927,5,5.016986
0.41042,409,496.561035,467.3739,5,5.05515862
0.41044,410,496.561035,467.378784,5,4.94064
0.41173,411,496.561035,467.385437,5,4.98426628
0.41354,412,496.561035,467.3894,5,5.09878445
0.41355,413,496.561035,467.3945,5,5.038799
0.41482,414,496.561035,467.399231,5,5.087878
0.41484,415,496.561035,467.404327,5,4.90246725
0.41661,416,496.561035,467.4099,5,5.066065
0.41843,417,496.561035,467.41452,5,5.016986
0.41845,418,496.561035,467.419769,5,5.05515862
0.41970,419,496.561035,467.4246,5,5.066065
0.42152,420,496.561035,467.430054,5,4.97335958
0.42154,421,496.561035,467.43457,5,5.087878
0.42281,422,496.561035,467.4396,5,4.913374
0.42284,423,496.561035,467.4449,5,5.066065
0.42460,424,496.561035,467.4499,5,4.995173
0.42642,425,496.561035,467.454956,5,5.016986
0.42643,426,496.561035,467.4593,5,5.02789259
0.42768,427,496.561035,467.464935,5,4.891561
0.42953,428,496.561035,467.4702,5,5.087878
0.42954,429,496.561035,467.4752,5,5.038799
0.43082,430,496.561035,467.479523,5,5.109691
0.43084,431,496.561035,467.484253,5,4.90246725
0.43260,432,496.561035,467.490265,5,4.90246725
0.43443,433,496.561035,467.495239,5,5.006079
0.43444,434,496.561035,467.500275,5,5.066065
0.43574,435,496.561035,467.5045,5,5.180583
0.43753,436,496.561035,467.509644,5,4.858842
0.43756,437,496.561035,467.515,5,4.92973375
0.43879,438,496.561035,467.52002,5,4.913374
0.43883,439,496.561035,467.525146,5,5.07697153
0.44061,440,496.561035,467.5295,5,5.09878445
0.44245,441,496.561035,467.534851,5,4.88065434
0.44249,442,496.561035,467.5398,5,4.98426628
0.44368,443,496.561035,467.545074,5,4.891561
0.44553,444,496.561035,467.5502,5,5.14241028
0.44555,445,496.561035,467.5547,5,5.038799
0.44680,446,496.561035,467.559723,5,4.94064
0.44683,447,496.561035,467.5703,5,4.88065434
0.44862,448,496.561035,467.575073,5,5.13150358
0.45045,449,496.561035,467.5797,5,5.006079
0.45048,450,496.561035,467.5797,5,5.006079
0.45172,451,496.561035,467.589417,5,4.798856
0.45351,452,496.561035,467.595428,5,4.913374
0.45352,453,496.561035,467.600037,5,5.14241028
0.45479,454,496.561035,467.6049,5,5.07697153
0.45481,455,496.561035,467.6093,5,5.09878445
0.45660,456,496.561035,467.614838,5,4.82612228
0.45845,457,496.561035,467.6204,5,4.995173
0.45847,458,496.561035,467.6249,5,5.006079
0.45968,459,496.561035,467.6297,5,5.066065
0.46159,460,496.561035,467.634338,5,4.995173
0.46161,461,496.561035,467.640137,5,4.837029
0.46279,462,496.561035,467.645172,5,5.066065
0.46280,463,496.561035,467.649872,5,4.995173
0.46463,464,496.561035,467.6546,5,5.087878
0.46646,465,496.561035,467.659546,5,4.913374
0.46648,466,496.561035,467.6652,5,4.913374
0.46769,467,496.561035,467.669769,5,5.016986
0.46952,468,496.561035,467.6749,5,4.995173
0.46953,469,496.561035,467.67984,5,5.13150358
0.47079,470,496.561035,467.685242,5,4.96245337
0.47080,471,496.561035,467.69043,5,5.109691
0.47265,472,496.561035,467.695343,5,5.066065
0.47446,473,496.561035,467.700073,5,5.006079
0.47449,474,496.561035,467.7048,5,4.98426628
0.47568,475,496.561035,467.710846,5,4.913374
0.47754,476,496.561035,467.715576,5,5.09878445
0.47757,477,496.561035,467.72052,5,5.02789259
0.47880,478,496.561035,467.725342,5,5.087878
0.47883,479,496.561035,467.730133,5,4.92973375
0.48060,480,496.561035,467.736,5,5.006079
0.48247,481,496.561035,467.74057,5,5.05515862
0.48251,482,496.561035,467.7458,5,5.006079
0.48372,483,496.561035,467.750641,5,5.12059736
0.48552,484,496.561035,467.756073,5,4.94064
0.48553,485,496.561035,467.760864,5,5.07697153
0.48680,486,496.561035,467.765533,5,4.95154667
0.48682,487,496.561035,467.770966,5,5.006079
0.48860,488,496.561035,467.77594,5,5.05515862
0.49043,489,496.561035,467.781128,5,4.98426628
0.49045,490,496.561035,467.785767,5,5.087878
0.49168,491,496.561035,467.790863,5,4.88065434
0.49353,492,496.561035,467.7964,5,5.07697153
0.49355,493,496.561035,467.8014,5,5.05515862
0.49493,494,496.561035,467.805969,5,5.109691
0.49496,495,496.561035,467.810333,5,5.006079
0.49662,496,496.561035,467.816345,5,4.858842
0.49844,497,496.561035,467.821777,5,5.038799
0.49849,498,496.561035,467.8268,5,5.006079
0.49970,499,496.561035,467.831177,5,5.21330261
0.50153,500,496.561035,467.836121,5,4.96245337
0.50155,501,496.561035,467.842,5,4.90246725
0.50278,502,496.561035,467.8469,5,4.95154667
0.50279,503,496.561035,467.851868,5,5.016986
0.50461,504,496.561035,467.8562,5,5.153317
0.50646,505,496.561035,467.861145,5,4.913374
0.50648,506,496.561035,467.866272,5,4.995173
0.50768,507,496.561035,467.8714,5,4.913374
0.50953,508,496.561035,467.8767,5,5.09878445
0.50956,509,496.561035,467.881073,5,5.12059736
0.51077,510,496.561035,467.887024,5,4.92973375
0.51078,511,496.561035,467.890839,5,4.92973375
0.51263,512,496.561035,467.896362,5,4.798856
0.51445,513,496.561035,467.9014,5,5.066065
0.51446,514,496.561035,467.905823,5,4.97335958
0.51570,515,496.561035,467.9106,5,4.95154667
0.51755,516,496.561035,467.915283,5,4.837029
0.51757,517,496.561035,467.921356,5,4.76613665
0.51878,518,496.561035,467.926239,5,5.12059736
0.51880,519,496.561035,467.9309,5,5.02789259
0.52063,520,496.561035,467.9357,5,5.09878445
0.52246,521,496.561035,467.940521,5,4.858842
0.52250,522,496.561035,467.946259,5,4.88065434
0.52369,523,496.561035,467.950836,5,5.05515862
0.52554,524,496.561035,467.955719,5,4.995173
0.52555,525,496.561035,467.960236,5,5.05515862
0.52677,526,496.561035,467.9658,5,4.81521559
0.52678,527,496.561035,467.97113,5,4.98426628
0.52862,528,496.561035,467.9758,5,5.02789259
0.53047,529,496.561035,467.980652,5,5.066065
0.53049,530,496.561035,467.985321,5,5.006079
0.53170,531,496.561035,467.991028,5,4.858842
0.53352,532,496.561035,467.9958,5,5.038799
0.53354,533,496.561035,468.0008,5,4.96245337
0.53478,534,496.561035,468.005829,5,5.13150358
0.53480,535,496.561035,468.0109,5,5.016986
0.53662,536,496.561035,468.016449,5,5.05515862
0.53845,537,496.561035,468.021271,5,5.12059736
0.53847,538,496.561035,468.026,5,4.995173
0.53969,539,496.561035,468.0308,5,5.05515862
0.54152,540,496.561035,468.037048,5,4.88065434
0.54154,541,496.561035,468.041718,5,5.07697153
0.54277,542,496.561035,468.046448,5,5.02789259
0.54278,543,496.561035,468.051422,5,5.05515862
0.54495,544,496.561035,468.056274,5,5.006079
0.54644,545,496.561035,468.061951,5,4.94064
0.54647,546,496.561035,468.0666,5,5.109691
0.54775,547,496.561035,468.07666,5,5.12059736
0.54955,548,496.561035,468.07666,5,5.12059736
0.54959,549,496.561035,468.086975,5,5.038799
0.55078,550,496.561035,468.091461,5,5.016986
0.55080,551,496.561035,468.096954,5,4.95154667
0.55264,552,496.561035,468.101868,5,5.087878
0.55447,553,496.561035,468.107056,5,4.95154667
0.55449,554,496.561035,468.1116,5,5.09878445
0.55569,555,496.561035,468.116577,5,4.92973375
0.55754,556,496.561035,468.1223,5,4.98426628
0.55756,557,496.561035,468.127258,5,5.087878
0.55877,558,496.561035,468.13208,5,5.05515862
0.55879,559,496.561035,468.1362,5,5.066065
0.56064,560,496.561035,468.1419,5,4.82612228
0.56246,561,496.561035,468.147339,5,4.98426628
0.56249,562,496.561035,468.1523,5,4.98426628
0.56376,563,496.561035,468.156952,5,5.164223
0.56553,564,496.561035,468.161438,5,5.066065
0.56555,565,496.561035,468.167084,5,4.837029
0.56679,566,496.561035,468.172,5,4.95154667
0.56681,567,496.561035,468.177246,5,4.92973375
0.56864,568,496.561035,468.181824,5,5.164223
0.57048,569,496.561035,468.1867,5,4.97335958
0.57050,570,496.561035,468.192,5,4.95154667
0.57169,571,496.561035,468.197,5,4.97335958
0.57352,572,496.561035,468.2025,5,4.98426628
0.57354,573,496.561035,468.207,5,5.191489
0.57478,574,496.561035,468.211884,5,4.97335958
0.57481,575,496.561035,468.2167,5,4.97335958
0.57661,576,496.561035,468.2221,5,4.858842
0.57852,577,496.561035,468.2276,5,5.016986
0.57856,578,496.561035,468.231964,5,5.09878445
0.57971,579,496.561035,468.2369,5,4.995173
0.58157,580,496.561035,468.2415,5,4.98426628
0.58161,581,496.561035,468.247437,5,4.78794956
0.58278,582,496.561035,468.252655,5,5.109691
0.58280,583,496.561035,468.257355,5,5.109691
0.58463,584,496.561035,468.261963,5,5.14241028
0.58647,585,496.561035,468.2669,5,4.995173
0.58649,586,496.561035,468.2729,5,4.891561
0.58769,587,496.561035,468.277527,5,5.109691
0.58952,588,496.561035,468.2824,5,5.016986
0.58956,589,496.561035,468.286926,5,5.12059736
0.59077,590,496.561035,468.2924,5,4.88065434
0.59080,591,496.561035,468.298218,5,4.97335958
0.59265,592,496.561035,468.302856,5,5.066065
0.59447,593,496.561035,468.307739,5,5.066065
0.59451,594,496.561035,468.312378,5,5.066065
0.59569,595,496.561035,468.3181,5,4.858842
0.59755,596,496.561035,468.322876,5,5.02789259
0.59758,597,496.561035,468.3282,5,4.97335958
0.59882,598,496.561035,468.333221,5,5.109691
0.59884,599,496.561035,468.337982,5,5.038799
0.60062,600,496.561035,468.343781,5,5.016986
0.60248,601,496.561035,468.348328,5,5.13150358
0.60252,602,496.561035,468.353363,5,4.995173
0.60369,603,496.561035,468.358124,5,5.05515862
0.60553,604,496.561035,468.362976,5,4.88065434
0.60557,605,496.561035,468.3682,5,5.038799
0.60678,606,496.561035,468.3735,5,5.05515862
0.60679,607,496.561035,468.378174,5,5.02789259
0.60862,608,496.561035,468.3829,5,5.02789259
0.61045,609,496.561035,468.38855,5,4.90246725
0.61046,610,496.561035,468.3933,5,5.087878
0.61170,611,496.561035,468.398315,5,4.995173
0.61353,612,496.561035,468.403351,5,5.087878
0.61355,613,496.561035,468.4084,5,5.006079
0.61480,614,496.561035,468.413666,5,4.995173
0.61482,615,496.561035,468.418,5,5.02789259
0.61662,616,496.561035,468.4235,5,4.913374
0.61847,617,496.561035,468.428528,5,5.07697153
0.61849,618,496.561035,468.433716,5,4.96245337
0.61971,619,496.561035,468.4383,5,5.07697153
0.62154,620,496.561035,468.443024,5,4.97335958
0.62156,621,496.561035,468.448853,5,4.94064
0.62281,622,496.561035,468.4539,5,5.09878445
0.62283,623,496.561035,468.458832,5,5.05515862
0.62462,624,496.561035,468.4629,5,5.09878445
0.62648,625,496.561035,468.468323,5,4.858842
0.62651,626,496.561035,468.47403,5,4.96245337
0.62769,627,496.561035,468.4789,5,4.995173
0.62957,628,496.561035,468.4837,5,5.12059736
0.62961,629,496.561035,468.488068,5,5.12059736
0.63082,630,496.561035,468.4937,5,4.837029
0.63083,631,496.561035,468.4987,5,4.96245337
0.63265,632,496.561035,468.503937,5,4.92973375
0.63446,633,496.561035,468.5086,5,5.14241028
0.63449,634,496.561035,468.513336,5,5.02789259
0.63569,635,496.561035,468.518738,5,4.913374
0.63755,636,496.561035,468.523621,5,4.98426628
0.63759,637,496.561035,468.5292,5,4.95154667
0.63878,638,496.561035,468.533783,5,5.202396
0.63885,639,496.561035,468.538574,5,4.995173
0.64067,640,496.561035,468.543457,5,4.97335958
0.64249,641,496.561035,468.548737,5,4.88065434
0.64252,642,496.561035,468.554321,5,4.97335958
0.64369,643,496.561035,468.558716,5,5.13150358
0.64559,644,496.561035,468.563629,5,4.995173
0.64563,645,496.561035,468.568146,5,5.006079
0.64678,646,496.561035,468.574,5,4.78794956
0.64679,647,496.561035,468.584,5,5.13150358
0.64865,648,496.561035,468.5887,5,5.109691
0.65045,649,496.561035,468.593445,5,5.02789259
0.65049,650,496.561035,468.599426,5,4.847935
0.65172,651,496.561035,468.604218,5,5.07697153
0.65357,652,496.561035,468.609039,5,5.006079
0.65360,653,496.561035,468.6136,5,5.12059736
0.65478,654,496.561035,468.618866,5,4.92973375
0.65480,655,496.561035,468.624451,5,4.913374
0.65661,656,496.561035,468.62912,5,5.07697153
0.65847,657,496.561035,468.634064,5,5.02789259
0.65850,658,496.561035,468.638641,5,5.07697153
0.65969,659,496.561035,468.6442,5,4.858842
0.66168,660,496.561035,468.649231,5,4.995173
0.66172,661,496.561035,468.654053,5,4.97335958
0.66277,662,496.561035,468.659454,5,5.066065
0.66279,663,496.561035,468.664063,5,5.087878
0.66464,664,496.561035,468.6697,5,4.98426628
0.66646,665,496.561035,468.6743,5,5.14241028
0.66648,666,496.561035,468.67923,5,5.006079
0.66768,667,496.561035,468.684326,5,5.038799
0.66964,668,496.561035,468.689636,5,4.90246725
0.66970,669,496.561035,468.694977,5,4.97335958
0.67080,670,496.561035,468.699615,5,5.07697153
0.67083,671,496.561035,468.704651,5,5.006079
0.67264,672,496.561035,468.70932,5,5.05515862
0.67446,673,496.561035,468.714935,5,4.869748
0.67450,674,496.561035,468.719818,5,5.038799
0.67569,675,496.561035,468.72464,5,4.995173
0.67755,676,496.561035,468.729767,5,5.038799
0.67758,677,496.561035,468.73465,5,5.05515862
0.67888,678,496.561035,468.740051,5,4.95154667
0.67891,679,496.561035,468.744415,5,5.066065
0.68064,680,496.561035,468.7497,5,4.90246725
0.68246,681,496.561035,468.754883,5,5.05515862
0.68250,682,496.561035,468.759979,5,4.98426628
0.68371,683,496.561035,468.7648,5,5.016986
0.68557,684,496.561035,468.7693,5,5.016986
0.68560,685,496.561035,468.7751,5,4.88065434
0.68682,686,496.561035,468.780182,5,5.087878
0.68684,687,496.561035,468.785156,5,5.02789259
0.68864,688,496.561035,468.789337,5,5.109691
0.69043,689,496.561035,468.794464,5,4.90246725
0.69045,690,496.561035,468.800323,5,4.891561
0.69170,691,496.561035,468.8052,5,5.016986
0.69356,692,496.561035,468.81012,5,5.038799
0.69359,693,496.561035,468.8143,5,5.180583
0.69489,694,496.561035,468.8198,5,4.869748
0.69493,695,496.561035,468.8253,5,4.92973375
0.69677,696,496.561035,468.8301,5,4.94064
0.69848,697,496.561035,468.8353,5,5.07697153
0.69851,698,496.561035,468.8398,5,5.109691
0.69969,699,496.561035,468.845276,5,4.891561
0.70151,700,496.561035,468.8502,5,4.995173
0.70153,701,496.561035,468.856,5,4.913374
0.70282,702,496.561035,468.8607,5,5.14241028
0.70286,703,496.561035,468.865417,5,5.05515862
0.70465,704,496.561035,468.87,5,4.94064
0.70647,705,496.561035,468.8747,5,4.913374
0.70649,706,496.561035,468.880463,5,4.891561
0.70768,707,496.561035,468.884918,5,5.13150358
0.70955,708,496.561035,468.8897,5,4.995173
0.70958,709,496.561035,468.8943,5,5.016986
0.71077,710,496.561035,468.899719,5,4.78794956
0.71078,711,496.561035,468.9055,5,4.90246725
0.71263,712,496.561035,468.909943,5,5.12059736
0.71445,713,496.561035,468.914734,5,5.038799
0.71450,714,496.561035,468.91925,5,5.066065
0.71571,715,496.561035,468.925018,5,4.78794956
0.71754,716,496.561035,468.930084,5,4.97335958
0.71757,717,496.561035,468.934723,5,4.98426628
0.71877,718,496.561035,468.9394,5,5.038799
0.71879,719,496.561035,468.9442,5,4.97335958
0.72066,720,496.561035,468.95,5,4.78794956
0.72248,721,496.561035,468.9548,5,5.038799
0.72252,722,496.561035,468.9597,5,4.98426628
0.72369,723,496.561035,468.9642,5,5.07697153
0.72555,724,496.561035,468.9694,5,4.913374
0.72558,725,496.561035,468.974884,5,4.88065434
0.72677,726,496.561035,468.979767,5,5.006079
0.72678,727,496.561035,468.985016,5,4.97335958
0.72869,728,496.561035,468.9895,5,5.13150358
0.73045,729,496.561035,468.995026,5,4.96245337
0.73047,730,496.561035,468.999969,5,5.09878445
0.73170,731,496.561035,469.005,5,5.066065
0.73352,732,496.561035,469.009979,5,4.995173
0.73353,733,496.561035,469.014862,5,4.995173
0.73479,734,496.561035,469.0205,5,4.891561
0.73483,735,496.561035,469.025177,5,5.09878445
0.73664,736,496.561035,469.0302,5,5.016986
0.73849,737,496.561035,469.0349,5,5.07697153
0.73852,738,496.561035,469.040253,5,4.94064
0.73968,739,496.561035,469.0456,5,4.97335958
0.74154,740,496.561035,469.050171,5,5.066065
0.74156,741,496.561035,469.0554,5,4.98426628
0.74276,742,496.561035,469.0602,5,5.12059736
0.74279,743,496.561035,469.065765,5,4.94064
0.74503,744,496.561035,469.070251,5,5.07697153
0.74647,745,496.561035,469.075226,5,4.97335958
0.74649,746,496.561035,469.080627,5,4.98426628
0.74770,747,496.561035,469.085541,5,5.066065
0.74958,748,496.561035,469.090942,5,4.96245337
0.74960,749,496.561035,469.100555,5,4.88065434
0.75078,750,496.561035,469.105957,5,5.038799
0.75079,751,496.561035,469.110931,5,5.066065
0.75262,752,496.561035,469.1153,5,5.09878445
0.75444,753,496.561035,469.119934,5,5.016986
0.75446,754,496.561035,469.125977,5,4.837029
0.75571,755,496.561035,469.13092,5,5.02789259
0.75756,756,496.561035,469.136,5,4.995173
0.75759,757,496.561035,469.140259,5,5.202396
0.75877,758,496.561035,469.145355,5,4.98426628
0.75879,759,496.561035,469.150848,5,4.869748
0.76063,760,496.561035,469.1558,5,4.96245337
0.76246,761,496.561035,469.16098,5,4.98426628
0.76249,762,496.561035,469.165344,5,5.153317
0.76369,763,496.561035,469.170624,5,4.913374
0.76552,764,496.561035,469.175659,5,4.97335958
0.76553,765,496.561035,469.1809,5,4.92973375
0.76678,766,496.561035,469.1861,5,5.05515862
0.76681,767,496.561035,469.190552,5,5.14241028
0.76864,768,496.561035,469.1956,5,4.94064
0.77048,769,496.561035,469.200317,5,4.96245337
0.77050,770,496.561035,469.206177,5,4.837029
0.77168,771,496.561035,469.2109,5,5.087878
0.77355,772,496.561035,469.215576,5,5.038799
0.77358,773,496.561035,469.220276,5,4.995173
0.77478,774,496.561035,469.2253,5,4.90246725
0.77480,775,496.561035,469.231354,5,4.81521559
0.77664,776,496.561035,469.236,5,5.153317
0.77845,777,496.561035,469.2408,5,5.07697153
0.77848,778,496.561035,469.24527,5,5.14241028
0.77968,779,496.561035,469.250763,5,4.90246725
0.78160,780,496.561035,469.256317,5,4.913374
0.78163,781,496.561035,469.2608,5,5.07697153
0.78280,782,496.561035,469.2657,5,5.016986
0.78286,783,496.561035,469.2703,5,5.066065
0.78463,784,496.561035,469.276062,5,4.82612228
0.78644,785,496.561035,469.2811,5,4.995173
0.78646,786,496.561035,469.285828,5,5.016986
0.78771,787,496.561035,469.290558,5,5.066065
0.78956,788,496.561035,469.295441,5,4.995173
0.78958,789,496.561035,469.301056,5,4.847935
0.79078,790,496.561035,469.305634,5,5.02789259
0.79081,791,496.561035,469.310822,5,4.95154667
0.79262,792,496.561035,469.315674,5,5.09878445
0.79442,793,496.561035,469.32132,5,4.995173
0.79443,794,496.561035,469.326447,5,5.016986
0.79571,795,496.561035,469.331024,5,5.087878
0.79754,796,496.561035,469.336121,5,4.96245337
0.79756,797,496.561035,469.3408,5,5.016986
0.79880,798,496.561035,469.346436,5,4.82612228
0.79882,799,496.561035,469.351227,5,5.02789259
0.80063,800,496.561035,469.356354,5,5.006079
0.80247,801,496.561035,469.3611,5,4.995173
0.80250,802,496.561035,469.3662,5,4.98426628
0.80370,803,496.561035,469.3717,5,4.869748
0.80556,804,496.561035,469.376282,5,5.066065
0.80558,805,496.561035,469.3814,5,4.96245337
0.80678,806,496.561035,469.385956,5,5.087878
0.80680,807,496.561035,469.391235,5,4.97335958
0.80863,808,496.561035,469.396179,5,4.98426628
0.81045,809,496.561035,469.4007,5,5.006079
0.81048,810,496.561035,469.4062,5,4.891561
0.81171,811,496.561035,469.411133,5,5.05515862
0.81358,812,496.561035,469.416321,5,4.94064
0.81360,813,496.561035,469.420715,5,5.066065
0.81480,814,496.561035,469.4258,5,4.96245337
0.81482,815,496.561035,469.431519,5,4.94064
0.81664,816,496.561035,469.4365,5,5.09878445
0.81843,817,496.561035,469.441284,5,5.05515862
0.81846,818,496.561035,469.445435,5,5.109691
0.81968,819,496.561035,469.451233,5,4.858842
0.82153,820,496.561035,469.456635,5,4.97335958
0.82155,821,496.561035,469.461578,5,5.006079
0.82279,822,496.561035,469.466156,5,5.12059736
0.82281,823,496.561035,469.470734,5,5.12059736
0.82463,824,496.561035,469.4764,5,4.837029
0.82643,825,496.561035,469.4813,5,4.95154667
0.82644,826,496.561035,469.486572,5,4.92973375
0.82769,827,496.561035,469.491058,5,5.14241028
0.82954,828,496.561035,469.496,5,5.016986
0.82956,829,496.561035,469.501282,5,4.913374
0.83078,830,496.561035,469.506226,5,4.97335958
0.83079,831,496.561035,469.511719,5,4.92973375
0.83264,832,496.561035,469.516144,5,5.180583
0.83442,833,496.561035,469.521057,5,4.995173
0.83443,834,496.561035,469.525848,5,4.95154667
0.83572,835,496.561035,469.531342,5,4.869748
0.83751,836,496.561035,469.536682,5,4.96245337
0.83753,837,496.561035,469.541046,5,5.09878445
0.83878,838,496.561035,469.545929,5,4.97335958
0.83879,839,496.561035,469.550568,5,4.98426628
0.84062,840,496.561035,469.556519,5,4.75523
0.84244,841,496.561035,469.561584,5,5.016986
0.84246,842,496.561035,469.566284,5,5.109691
0.84370,843,496.561035,469.570862,5,5.087878
0.84554,844,496.561035,469.575775,5,5.02789259
0.84556,845,496.561035,469.581726,5,4.81521559
0.84679,846,496.561035,469.591156,5,4.995173
0.84681,847,496.561035,469.595673,5,5.087878
0.84866,848,496.561035,469.6011,5,4.913374
0.85043,849,496.561035,469.6066,5,4.88065434
0.85044,850,496.561035,469.611237,5,5.07697153
0.85169,851,496.561035,469.616425,5,5.016986
0.85351,852,496.561035,469.621033,5,5.087878
0.85352,853,496.561035,469.6268,5,4.858842
0.85481,854,496.561035,469.631561,5,4.98426628
0.85484,855,496.561035,469.6365,5,4.98426628
0.85662,856,496.561035,469.6416,5,5.05515862
0.85849,857,496.561035,469.646637,5,5.109691
0.85851,858,496.561035,469.651855,5,4.97335958
0.85970,859,496.561035,469.6567,5,5.153317
0.86172,860,496.561035,469.661774,5,5.02789259
0.86179,861,496.561035,469.666565,5,5.038799
0.86278,862,496.561035,469.672,5,4.92973375
0.86281,863,496.561035,469.677124,5,4.97335958
0.86465,864,496.561035,469.681854,5,5.087878
0.86643,865,496.561035,469.686859,5,5.016986
0.86645,866,496.561035,469.69162,5,5.07697153
0.86768,867,496.561035,469.697266,5,4.891561
0.86951,868,496.561035,469.702057,5,5.038799
0.86952,869,496.561035,469.707,5,5.006079
0.87078,870,496.561035,469.712067,5,5.05515862
0.87079,871,496.561035,469.7171,5,5.07697153
0.87261,872,496.561035,469.7224,5,4.96245337
0.87444,873,496.561035,469.726776,5,5.07697153
0.87446,874,496.561035,469.732269,5,4.913374
0.87569,875,496.561035,469.737244,5,5.066065
0.87754,876,496.561035,469.742371,5,4.995173
0.87756,877,496.561035,469.74707,5,5.016986
0.87881,878,496.561035,469.7518,5,5.038799
0.87883,879,496.561035,469.7576,5,4.88065434
0.88069,880,496.561035,469.762573,5,5.09878445
0.88252,881,496.561035,469.767517,5,5.038799
0.88256,882,496.561035,469.771637,5,5.109691
0.88374,883,496.561035,469.777069,5,4.92973375
0.88552,884,496.561035,469.7827,5,4.891561
0.88552,885,496.561035,469.787628,5,5.016986
0.88679,886,496.561035,469.792419,5,5.05515862
0.88680,887,496.561035,469.796753,5,5.180583
0.88861,888,496.561035,469.8024,5,4.88065434
0.89043,889,496.561035,469.807434,5,4.92973375
0.89045,890,496.561035,469.812653,5,4.94064
0.89172,891,496.561035,469.8173,5,5.07697153
0.89351,892,496.561035,469.822021,5,5.109691
0.89353,893,496.561035,469.827423,5,4.891561
0.89496,894,496.561035,469.832642,5,4.995173
0.89497,895,496.561035,469.8382,5,4.913374
0.89671,896,496.561035,469.842468,5,5.153317
0.89843,897,496.561035,469.8476,5,5.066065
0.89845,898,496.561035,469.852417,5,4.95154667
0.89975,899,496.561035,469.857758,5,4.92973375
0.90152,900,496.561035,469.8633,5,4.90246725
0.90153,901,496.561035,469.867676,5,5.14241028
0.90278,902,496.561035,469.872864,5,5.02789259
0.90279,903,496.561035,469.8772,5,5.02789259
0.90463,904,496.561035,469.882629,5,4.82612228
0.90645,905,496.561035,469.8881,5,4.95154667
0.90648,906,496.561035,469.89267,5,5.153317
0.90773,907,496.561035,469.897339,5,5.087878
0.90951,908,496.561035,469.902,5,5.09878445
0.90952,909,496.561035,469.90802,5,4.82612228
0.91081,910,496.561035,469.912781,5,5.006079
0.91082,911,496.561035,469.9175,5,4.995173
0.91261,912,496.561035,469.922058,5,5.05515862
0.91444,913,496.561035,469.9272,5,4.96245337
0.91447,914,496.561035,469.9332,5,4.798856
0.91574,915,496.561035,469.9375,5,5.038799
0.91755,916,496.561035,469.942352,5,4.97335958
0.91758,917,496.561035,469.946869,5,5.07697153
0.91878,918,496.561035,469.952362,5,4.88065434
0.91879,919,496.561035,469.9575,5,4.891561
0.92064,920,496.561035,469.9622,5,4.995173
0.92244,921,496.561035,469.9674,5,4.96245337
0.92245,922,496.561035,469.9725,5,5.12059736
0.92370,923,496.561035,469.978149,5,4.92973375
0.92551,924,496.561035,469.982758,5,5.087878
0.92552,925,496.561035,469.9877,5,5.038799
0.92681,926,496.561035,469.9928,5,4.995173
0.92683,927,496.561035,469.9977,5,4.995173
0.92862,928,496.561035,470.0032,5,4.891561
0.93044,929,496.561035,470.007782,5,5.109691
0.93045,930,496.561035,470.012817,5,5.016986
0.93171,931,496.561035,470.017548,5,5.07697153
0.93352,932,496.561035,470.0231,5,4.92973375
0.93354,933,496.561035,470.028137,5,4.97335958
0.93479,934,496.561035,470.0328,5,5.05515862
0.93481,935,496.561035,470.038055,5,4.995173
0.93662,936,496.561035,470.042877,5,5.12059736
0.93845,937,496.561035,470.04837,5,4.94064
0.93849,938,496.561035,470.052734,5,5.07697153
0.93970,939,496.561035,470.058044,5,4.97335958
0.94151,940,496.561035,470.063263,5,4.995173
0.94154,941,496.561035,470.0683,5,5.07697153
0.94281,942,496.561035,470.073181,5,4.97335958
0.94285,943,496.561035,470.077667,5,5.09878445
0.94509,944,496.561035,470.083466,5,4.891561
0.94645,945,496.561035,470.088654,5,5.066065
0.94648,946,496.561035,470.0937,5,5.066065
0.94769,947,496.561035,470.097839,5,5.109691
0.94951,948,496.561035,470.102875,5,5.016986
0.94952,949,496.561035,470.1088,5,4.847935
0.95079,950,496.561035,470.1137,5,5.038799
0.95081,951,496.561035,470.1187,5,5.016986
0.95261,952,496.561035,470.122864,5,5.202396
0.95445,953,496.561035,470.1336,5,4.891561
0.95449,954,496.561035,470.1387,5,4.96245337
0.95569,955,496.561035,470.143616,5,5.180583
0.95752,956,496.561035,470.148163,5,5.180583
0.95753,957,496.561035,470.1536,5,4.92973375
0.95877,958,496.561035,470.158478,5,4.995173
0.95879,959,496.561035,470.1639,5,4.94064
0.96060,960,496.561035,470.168732,5,5.07697153
0.96243,961,496.561035,470.17337,5,5.13150358
0.96245,962,496.561035,470.178345,5,4.94064
0.96369,963,496.561035,470.1833,5,4.94064
0.96552,964,496.561035,470.189026,5,4.837029
0.96553,965,496.561035,470.193573,5,5.07697153
0.96680,966,496.561035,470.1983,5,5.016986
0.96683,967,496.561035,470.2029,5,4.995173
0.96861,968,496.561035,470.2083,5,4.88065434
0.97048,969,496.561035,470.2141,5,4.82612228
0.97051,970,496.561035,470.218628,5,5.14241028
0.97168,971,496.561035,470.22345,5,5.07697153
0.97353,972,496.561035,470.228,5,5.12059736
0.97355,973,496.561035,470.233826,5,4.891561
0.97478,974,496.561035,470.238983,5,4.92973375
0.97481,975,496.561035,470.2436,5,5.066065
0.97660,976,496.561035,470.248322,5,5.02789259
0.97850,977,496.561035,470.253571,5,4.837029
0.97854,978,496.561035,470.259064,5,4.837029
0.97971,979,496.561035,470.2638,5,5.02789259
0.98154,980,496.561035,470.268738,5,5.02789259
0.98156,981,496.561035,470.273315,5,5.09878445
0.98279,982,496.561035,470.278625,5,5.006079
0.98281,983,496.561035,470.2844,5,5.07697153
0.98461,984,496.561035,470.289,5,4.98426628
0.98649,985,496.561035,470.29425,5,5.153317
0.98652,986,496.561035,470.299072,5,5.006079
0.98770,987,496.561035,470.304718,5,5.087878
0.98952,988,496.561035,470.3095,5,5.109691
0.98953,989,496.561035,470.3143,5,5.006079
0.99078,990,496.561035,470.3192,5,5.038799
0.99079,991,496.561035,470.324249,5,4.869748
0.99260,992,496.561035,470.329865,5,5.087878
0.99445,993,496.561035,470.334747,5,5.02789259
0.99447,994,496.561035,470.339874,5,5.05515862
0.99572,995,496.561035,470.344482,5,4.98426628
0.99752,996,496.561035,470.349976,5,4.94064
0.99754,997,496.561035,470.355072,5,5.087878
0.99879,998,496.561035,470.3598,5,4.98426628
0.99883,999,496.561035,470.365051,5,5.12059736
1.00062,1000,496.561035,470.370239,5,4.96245337
1.00245,1001,496.561035,470.375671,5,5.038799
1.00248,1002,496.561035,470.380035,5,4.995173
1.00369,1003,496.561035,470.385284,5,4.96245337
1.00552,1004,496.561035,470.390533,5,5.07697153
1.00554,1005,496.561035,470.3955,5,4.95154667
1.00678,1006,496.561035,470.400421,5,5.09878445
1.00681,1007,496.561035,470.404846,5,4.913374
1.00860,1008,496.561035,470.4106,5,4.995173
1.01053,1009,496.561035,470.4158,5,5.087878
1.01055,1010,496.561035,470.420868,5,5.07697153
1.01170,1011,496.561035,470.424957,5,5.05515862
1.01353,1012,496.561035,470.429626,5,4.82612228
1.01355,1013,496.561035,470.435577,5,4.995173
1.01481,1014,496.561035,470.44046,5,4.98426628
1.01483,1015,496.561035,470.445435,5,5.164223
1.01661,1016,496.561035,470.449677,5,5.02789259
1.01843,1017,496.561035,470.454865,5,4.81521559
1.01844,1018,496.561035,470.460175,5,4.92973375
1.01971,1019,496.561035,470.465179,5,4.90246725
1.02158,1020,496.561035,470.4702,5,5.12059736
1.02164,1021,496.561035,470.474518,5,4.92973375
1.02279,1022,496.561035,470.479858,5,4.90246725
1.02280,1023,496.561035,470.4848,5,4.913374
1.02460,1024,496.561035,470.490082,5,4.95154667
1.02646,1025,496.561035,470.495117,5,5.153317
1.02648,1026,496.561035,470.499664,5,4.94064
1.02770,1027,496.561035,470.504639,5,4.95154667
1.02955,1028,496.561035,470.509369,5,4.82612228
1.02958,1029,496.561035,470.515228,5,4.98426628
1.03079,1030,496.561035,470.5199,5,5.07697153
1.03081,1031,496.561035,470.5245,5,4.96245337
1.03265,1032,496.561035,470.529236,5,4.97335958
1.03449,1033,496.561035,470.534271,5,4.75523
1.03451,1034,496.561035,470.540344,5,5.07697153
1.03569,1035,496.561035,470.544922,5,5.09878445
1.03757,1036,496.561035,470.5498,5,5.12059736
1.03760,1037,496.561035,470.55426,5,4.995173
1.03878,1038,496.561035,470.5598,5,4.858842
1.03880,1039,496.561035,470.5653,5,5.087878
1.04061,1040,496.561035,470.569824,5,5.006079
1.04246,1041,496.561035,470.5747,5,5.109691
1.04248,1042,496.561035,470.579285,5,4.88065434
1.04369,1043,496.561035,470.585175,5,4.94064
1.04553,1044,496.561035,470.590118,5,5.066065
1.04555,1045,496.561035,470.5949,5,5.038799
1.04692,1046,496.561035,470.599579,5,5.066065
1.04694,1047,496.561035,470.604553,5,4.847935
1.04862,1048,496.561035,470.6102,5,5.006079
1.05048,1049,496.561035,470.614777,5,4.96245337
1.05051,1050,496.561035,470.624847,5,5.07697153
1.05169,1051,496.561035,470.630249,5,4.995173
1.05353,1052,496.561035,470.635437,5,5.14241028
1.05355,1053,496.561035,470.640076,5,5.006079
1.05478,1054,496.561035,470.645081,5,5.05515862
1.05479,1055,496.561035,470.649872,5,4.891561
1.05662,1056,496.561035,470.655579,5,5.016986
1.05845,1057,496.561035,470.6603,5,5.066065
1.05848,1058,496.561035,470.665222,5,5.02789259
1.05971,1059,496.561035,470.670074,5,5.05515862
1.06163,1060,496.561035,470.6752,5,4.90246725
1.06166,1061,496.561035,470.6807,5,5.07697153
1.06280,1062,496.561035,470.685333,5,5.006079
1.06281,1063,496.561035,470.690521,5,5.087878
1.06462,1064,496.561035,470.695648,5,5.038799
1.06644,1065,496.561035,470.700745,5,4.98426628
1.06649,1066,496.561035,470.7055,5,5.066065
1.06769,1067,496.561035,470.710236,5,4.913374
1.06956,1068,496.561035,470.715668,5,5.07697153
1.06958,1069,496.561035,470.720673,5,4.98426628
1.07078,1070,496.561035,470.725861,5,5.05515862
1.07079,1071,496.561035,470.730164,5,4.995173
1.07262,1072,496.561035,470.735474,5,4.92973375
1.07446,1073,496.561035,470.741058,5,5.09878445
1.07448,1074,496.561035,470.746033,5,5.038799
1.07569,1075,496.561035,470.7506,5,5.109691
1.07754,1076,496.561035,470.755,5,4.88065434
1.07757,1077,496.561035,470.7609,5,4.94064
1.07880,1078,496.561035,470.766083,5,5.006079
1.07881,1079,496.561035,470.771118,5,5.09878445
1.08064,1080,496.561035,470.775543,5,5.14241028
1.08248,1081,496.561035,470.7803,5,4.847935
1.08251,1082,496.561035,470.785919,5,4.95154667
1.08370,1083,496.561035,470.790833,5,4.92973375
1.08556,1084,496.561035,470.796143,5,5.12059736
1.08558,1085,496.561035,470.8005,5,5.066065
1.08678,1086,496.561035,470.805634,5,4.913374
1.08680,1087,496.561035,470.810822,5,4.995173
1.08863,1088,496.561035,470.815918,5,4.92973375
1.09046,1089,496.561035,470.821259,5,5.180583
1.09048,1090,496.561035,470.825684,5,5.016986
1.09169,1091,496.561035,470.830719,5,4.96245337
1.09357,1092,496.561035,470.8358,5,4.891561
1.09360,1093,496.561035,470.841553,5,4.95154667
1.09488,1094,496.561035,470.846527,5,5.13150358
1.09492,1095,496.561035,470.851,5,4.995173
1.09661,1096,496.561035,470.855835,5,5.016986
1.09844,1097,496.561035,470.860657,5,4.78794956
1.09847,1098,496.561035,470.86676,5,5.016986
1.09970,1099,496.561035,470.871552,5,5.13150358
1.10156,1100,496.561035,470.876343,5,5.09878445
1.10160,1101,496.561035,470.8811,5,5.066065
1.10279,1102,496.561035,470.886536,5,4.837029
1.10281,1103,496.561035,470.892151,5,5.05515862
1.10463,1104,496.561035,470.896057,5,5.006079
1.10647,1105,496.561035,470.901,5,5.09878445
1.10649,1106,496.561035,470.906128,5,4.95154667
1.10770,1107,496.561035,470.912,5,4.891561
1.10957,1108,496.561035,470.916443,5,5.087878
1.10960,1109,496.561035,470.921539,5,5.038799
1.11080,1110,496.561035,470.92627,5,5.109691
1.11082,1111,496.561035,470.931152,5,4.891561
1.11262,1112,496.561035,470.936859,5,4.995173
1.11446,1113,496.561035,470.941528,5,5.006079
1.11448,1114,496.561035,470.946655,5,5.066065
1.11570,1115,496.561035,470.9516,5,5.13150358
1.11755,1116,496.561035,470.95694,5,4.995173
1.11757,1117,496.561035,470.962219,5,5.164223
1.11879,1118,496.561035,470.9668,5,5.038799
1.11881,1119,496.561035,470.971924,5,5.066065
1.12066,1120,496.561035,470.976654,5,4.95154667
1.12245,1121,496.561035,470.982361,5,4.98426628
1.12247,1122,496.561035,470.987183,5,5.109691
1.12370,1123,496.561035,470.992065,5,5.016986
1.12556,1124,496.561035,470.996948,5,5.07697153
1.12560,1125,496.561035,471.001953,5,4.90246725
1.12678,1126,496.561035,471.007477,5,5.05515862
1.12679,1127,496.561035,471.012115,5,5.016986
1.12864,1128,496.561035,471.0173,5,5.05515862
1.13049,1129,496.561035,471.022125,5,5.066065
1.13052,1130,496.561035,471.027466,5,4.96245337
1.13170,1131,496.561035,471.0324,5,5.087878
1.13356,1132,496.561035,471.036926,5,4.90246725
1.13363,1133,496.561035,471.04248,5,5.05515862
1.13479,1134,496.561035,471.047363,5,4.98426628
1.13480,1135,496.561035,471.052551,5,4.995173
1.13665,1136,496.561035,471.056915,5,5.016986
1.13846,1137,496.561035,471.062042,5,4.88065434
1.13848,1138,496.561035,471.0677,5,5.07697153
1.13969,1139,496.561035,471.072662,5,5.02789259
1.14155,1140,496.561035,471.077362,5,5.109691
1.14158,1141,496.561035,471.081573,5,4.90246725
1.14278,1142,496.561035,471.087433,5,4.88065434
1.14279,1143,496.561035,471.092773,5,5.016986
1.14499,1144,496.561035,471.097656,5,5.038799
1.14643,1145,496.561035,471.102234,5,5.180583
1.14645,1146,496.561035,471.10675,5,4.858842
1.14770,1147,496.561035,471.1125,5,4.913374
1.14955,1148,496.561035,471.12262,5,5.05515862
1.14957,1149,496.561035,471.127045,5,5.09878445
1.15078,1150,496.561035,471.132019,5,4.869748
1.15080,1151,496.561035,471.137268,5,4.97335958
1.15265,1152,496.561035,471.142242,5,4.88065434
1.15450,1153,496.561035,471.142242,5,4.88065434
1.15453,1154,496.561035,471.1521,5,5.05515862
1.15569,1155,496.561035,471.1571,5,4.94064
1.15757,1156,496.561035,471.161926,5,4.92973375
1.15759,1157,496.561035,471.167419,5,4.88065434
1.15879,1158,496.561035,471.17276,5,5.14241028
1.15880,1159,496.561035,471.1772,5,5.016986
1.16066,1160,496.561035,471.182068,5,5.038799
1.16248,1161,496.561035,471.186737,5,4.847935
1.16251,1162,496.561035,471.19278,5,4.95154667
1.16370,1163,496.561035,471.197876,5,5.180583
1.16555,1164,496.561035,471.2026,5,5.109691
1.16564,1165,496.561035,471.207184,5,5.12059736
1.16679,1166,496.561035,471.212219,5,4.858842
1.16680,1167,496.561035,471.218384,5,5.016986
1.16863,1168,496.561035,471.222961,5,5.02789259
1.17049,1169,496.561035,471.227875,5,5.07697153
1.17051,1170,496.561035,471.232422,5,4.995173
1.17168,1171,496.561035,471.23764,5,4.847935
1.17356,1172,496.561035,471.2433,5,5.07697153
1.17359,1173,496.561035,471.248,5,5.006079
1.17480,1174,496.561035,471.2528,5,5.09878445
1.17481,1175,496.561035,471.257477,5,4.90246725
1.17662,1176,496.561035,471.2632,5,4.913374
1.17850,1177,496.561035,471.2679,5,5.006079
1.17853,1178,496.561035,471.272949,5,4.98426628
1.17971,1179,496.561035,471.277924,5,5.12059736
1.18154,1180,496.561035,471.283051,5,4.96245337
1.18157,1181,496.561035,471.288544,5,5.109691
1.18278,1182,496.561035,471.29303,5,5.038799
1.18280,1183,496.561035,471.29837,5,4.995173
1.18467,1184,496.561035,471.3028,5,4.96245337
1.18649,1185,496.561035,471.3083,5,4.891561
1.18652,1186,496.561035,471.313354,5,5.087878
1.18769,1187,496.561035,471.318085,5,5.006079
1.18953,1188,496.561035,471.32312,5,5.07697153
1.18956,1189,496.561035,471.32785,5,4.913374
1.19081,1190,496.561035,471.3335,5,4.98426628
1.19083,1191,496.561035,471.3382,5,5.038799
1.19264,1192,496.561035,471.343231,5,4.98426628
1.19446,1193,496.561035,471.348267,5,5.109691
1.19449,1194,496.561035,471.3533,5,4.92973375
1.19570,1195,496.561035,471.358521,5,5.07697153
1.19763,1196,496.561035,471.3629,5,4.94064
1.19766,1197,496.561035,471.3684,5,4.995173
1.19879,1198,496.561035,471.3737,5,5.05515862
1.19880,1199,496.561035,471.378876,5,4.96245337
1.20062,1200,496.561035,471.383453,5,5.087878
1.20249,1201,496.561035,471.388275,5,4.869748
1.20251,1202,496.561035,471.394073,5,5.05515862
1.20368,1203,496.561035,471.3994,5,5.05515862
1.20556,1204,496.561035,471.403931,5,5.109691
1.20558,1205,496.561035,471.40802,5,5.006079
1.20683,1206,496.561035,471.413239,5,4.837029
1.20685,1207,496.561035,471.418884,5,5.016986
1.20863,1208,496.561035,471.423828,5,4.995173
1.21045,1209,496.561035,471.428619,5,5.202396
1.21049,1210,496.561035,471.432922,5,4.96245337
1.21179,1211,496.561035,471.4385,5,4.869748
1.21358,1212,496.561035,471.443542,5,4.94064
1.21362,1213,496.561035,471.4491,5,4.995173
1.21479,1214,496.561035,471.45343,5,5.14241028
1.21481,1215,496.561035,471.4581,5,4.90246725
1.21664,1216,496.561035,471.463531,5,4.97335958
1.21849,1217,496.561035,471.4684,5,4.913374
1.21852,1218,496.561035,471.473969,5,5.07697153
1.21970,1219,496.561035,471.478546,5,5.13150358
1.22159,1220,496.561035,471.483368,5,4.94064
1.22161,1221,496.561035,471.48822,5,4.95154667
1.22278,1222,496.561035,471.493439,5,4.847935
1.22280,1223,496.561035,471.499023,5,5.09878445
1.22461,1224,496.561035,471.503418,5,5.02789259
1.22647,1225,496.561035,471.508331,5,5.006079
1.22651,1226,496.561035,471.5129,5,4.90246725
1.22769,1227,496.561035,471.518677,5,4.837029
1.22956,1228,496.561035,471.5241,5,5.164223
1.22958,1229,496.561035,471.5287,5,5.087878
1.23079,1230,496.561035,471.533417,5,5.13150358
1.23080,1231,496.561035,471.5381,5,4.90246725
1.23265,1232,496.561035,471.5441,5,4.92973375
1.23449,1233,496.561035,471.5489,5,5.066065
1.23451,1234,496.561035,471.55365,5,5.02789259
1.23570,1235,496.561035,471.558228,5,5.066065
1.23758,1236,496.561035,471.5638,5,4.82612228
1.23761,1237,496.561035,471.569427,5,5.016986
1.23880,1238,496.561035,471.574036,5,5.016986
1.23881,1239,496.561035,471.578979,5,5.07697153
1.24065,1240,496.561035,471.5835,5,4.98426628
1.24248,1241,496.561035,471.5891,5,4.869748
1.24252,1242,496.561035,471.594147,5,5.038799
1.24374,1243,496.561035,471.5989,5,4.95154667
1.24559,1244,496.561035,471.6041,5,5.13150358
1.24567,1245,496.561035,471.608978,5,4.995173
1.24681,1246,496.561035,471.6146,5,5.05515862
1.24682,1247,496.561035,471.619141,5,5.09878445
1.24866,1248,496.561035,471.624084,5,4.98426628
1.25048,1249,496.561035,471.6289,5,5.016986
1.25051,1250,496.561035,471.634216,5,4.858842
1.25170,1251,496.561035,471.644165,5,5.016986
1.25355,1252,496.561035,471.6492,5,5.038799
1.25358,1253,496.561035,471.6539,5,4.98426628
1.25479,1254,496.561035,471.6595,5,4.92973375
1.25481,1255,496.561035,471.664429,5,5.087878
1.25668,1256,496.561035,471.66925,5,4.97335958
1.25844,1257,496.561035,471.674438,5,5.109691
1.25846,1258,496.561035,471.67926,5,4.97335958
1.25969,1259,496.561035,471.684753,5,5.02789259
1.26168,1260,496.561035,471.6891,5,4.995173
1.26172,1261,496.561035,471.694427,5,4.94064
1.26279,1262,496.561035,471.699554,5,5.07697153
1.26281,1263,496.561035,471.704651,5,4.95154667
1.26463,1264,496.561035,471.709473,5,5.09878445
1.26648,1265,496.561035,471.713959,5,4.92973375
1.26651,1266,496.561035,471.719757,5,4.98426628
1.26769,1267,496.561035,471.724884,5,5.07697153
1.26956,1268,496.561035,471.729858,5,5.05515862
1.26960,1269,496.561035,471.734039,5,5.066065
1.27078,1270,496.561035,471.739136,5,4.82612228
1.27081,1271,496.561035,471.744965,5,4.995173
1.27265,1272,496.561035,471.749847,5,4.98426628
1.27445,1273,496.561035,471.754822,5,5.153317
1.27448,1274,496.561035,471.759064,5,5.066065
1.27569,1275,496.561035,471.764435,5,4.837029
1.27754,1276,496.561035,471.769684,5,4.96245337
1.27756,1277,496.561035,471.7748,5,4.94064
1.27881,1278,496.561035,471.7797,5,5.153317
1.27883,1279,496.561035,471.78418,5,4.97335958
1.28063,1280,496.561035,471.7896,5,4.92973375
1.28248,1281,496.561035,471.7945,5,4.95154667
1.28252,1282,496.561035,471.799957,5,4.97335958
1.28370,1283,496.561035,471.804779,5,5.164223
1.28554,1284,496.561035,471.8094,5,4.96245337
1.28557,1285,496.561035,471.814331,5,4.96245337
1.28679,1286,496.561035,471.8193,5,4.837029
1.28680,1287,496.561035,471.8251,5,5.006079
1.28863,1288,496.561035,471.8296,5,5.07697153
1.29045,1289,496.561035,471.834381,5,4.98426628
1.29048,1290,496.561035,471.8389,5,4.97335958
1.29169,1291,496.561035,471.8444,5,4.76613665
1.29357,1292,496.561035,471.8502,5,5.07697153
1.29361,1293,496.561035,471.8547,5,5.09878445
1.29500,1294,496.561035,471.859558,5,5.12059736
1.29503,1295,496.561035,471.86438,5,4.98426628
1.29663,1296,496.561035,471.87027,5,4.858842
1.29846,1297,496.561035,471.875244,5,5.07697153
1.29848,1298,496.561035,471.879974,5,4.995173
1.29974,1299,496.561035,471.884674,5,5.09878445
1.30155,1300,496.561035,471.8896,5,4.869748
1.30157,1301,496.561035,471.8957,5,4.94064
1.30279,1302,496.561035,471.90033,5,5.05515862
1.30281,1303,496.561035,471.9053,5,5.02789259
1.30461,1304,496.561035,471.9098,5,5.05515862
1.30643,1305,496.561035,471.915222,5,4.847935
1.30644,1306,496.561035,471.920532,5,4.995173
1.30769,1307,496.561035,471.92514,5,4.95154667
1.30958,1308,496.561035,471.930084,5,5.07697153
1.30962,1309,496.561035,471.934845,5,5.05515862
1.31080,1310,496.561035,471.9405,5,4.995173
1.31082,1311,496.561035,471.945221,5,5.14241028
1.31267,1312,496.561035,471.950684,5,5.006079
1.31446,1313,496.561035,471.955,5,5.038799
1.31449,1314,496.561035,471.95993,5,4.88065434
1.31572,1315,496.561035,471.965576,5,5.006079
1.31755,1316,496.561035,471.970154,5,5.05515862
1.31758,1317,496.561035,471.9752,5,5.006079
1.31880,1318,496.561035,471.979858,5,5.038799
1.31881,1319,496.561035,471.98526,5,4.869748
1.32063,1320,496.561035,471.990448,5,5.05515862
1.32244,1321,496.561035,471.995117,5,4.98426628
1.32247,1322,496.561035,472.000244,5,5.05515862
1.32370,1323,496.561035,472.0051,5,5.02789259
1.32555,1324,496.561035,472.010529,5,4.96245337
1.32558,1325,496.561035,472.0151,5,5.038799
1.32679,1326,496.561035,472.02,5,4.88065434
1.32681,1327,496.561035,472.0254,5,5.05515862
1.32867,1328,496.561035,472.0303,5,4.96245337
1.33045,1329,496.561035,472.0354,5,5.02789259
1.33047,1330,496.561035,472.039734,5,5.006079
1.33174,1331,496.561035,472.045258,5,4.891561
1.33354,1332,496.561035,472.050659,5,5.07697153
1.33357,1333,496.561035,472.055634,5,5.02789259
1.33478,1334,496.561035,472.06,5,5.09878445
1.33479,1335,496.561035,472.064636,5,4.88065434
1.33666,1336,496.561035,472.0706,5,4.90246725
1.33843,1337,496.561035,472.075623,5,5.006079
1.33844,1338,496.561035,472.080658,5,5.066065
1.33972,1339,496.561035,472.08493,5,5.164223
1.34152,1340,496.561035,472.089966,5,4.858842
1.34154,1341,496.561035,472.095459,5,4.94064
1.34280,1342,496.561035,472.1004,5,4.92973375
1.34282,1343,496.561035,472.1056,5,5.087878
1.34500,1344,496.561035,472.109955,5,5.087878
1.34646,1345,496.561035,472.115234,5,4.891561
1.34648,1346,496.561035,472.12027,5,4.995173
1.34769,1347,496.561035,472.1307,5,5.153317
1.34953,1348,496.561035,472.135162,5,5.038799
1.34954,1349,496.561035,472.1402,5,4.95154667
1.35080,1350,496.561035,472.145,5,4.90246725
1.35081,1351,496.561035,472.1508,5,4.913374
1.35264,1352,496.561035,472.1556,5,5.12059736
1.35442,1353,496.561035,472.1602,5,4.995173
1.35445,1354,496.561035,472.164978,5,5.016986
1.35570,1355,496.561035,472.1699,5,4.798856
1.35754,1356,496.561035,472.1763,5,4.96245337
1.35757,1357,496.561035,472.180878,5,5.14241028
1.35881,1358,496.561035,472.185455,5,5.09878445
1.35883,1359,496.561035,472.18988,5,5.07697153
1.36067,1360,496.561035,472.195435,5,4.837029
1.36245,1361,496.561035,472.201538,5,5.02789259
1.36247,1362,496.561035,472.2058,5,5.006079
1.36370,1363,496.561035,472.210632,5,5.087878
1.36551,1364,496.561035,472.215271,5,4.97335958
1.36554,1365,496.561035,472.221069,5,4.847935
1.36680,1366,496.561035,472.226,5,5.07697153
1.36681,1367,496.561035,472.230774,5,4.995173
1.36863,1368,496.561035,472.235443,5,5.087878
1.37046,1369,496.561035,472.240448,5,4.88065434
1.37049,1370,496.561035,472.2461,5,4.92973375
1.37170,1371,496.561035,472.2506,5,5.006079
1.37353,1372,496.561035,472.2558,5,4.995173
1.37355,1373,496.561035,472.26062,5,5.12059736
1.37479,1374,496.561035,472.266022,5,4.94064
1.37481,1375,496.561035,472.2712,5,5.109691
1.37662,1376,496.561035,472.2758,5,5.016986
1.37846,1377,496.561035,472.280884,5,5.006079
1.37849,1378,496.561035,472.285553,5,4.95154667
1.37970,1379,496.561035,472.291229,5,4.90246725
1.38153,1380,496.561035,472.295959,5,5.087878
1.38155,1381,496.561035,472.3009,5,5.006079
1.38281,1382,496.561035,472.305725,5,5.07697153
1.38282,1383,496.561035,472.31076,5,4.891561
1.38464,1384,496.561035,472.316254,5,4.995173
1.38643,1385,496.561035,472.3209,5,5.02789259
1.38644,1386,496.561035,472.326019,5,4.995173
1.38768,1387,496.561035,472.3309,5,5.109691
1.38953,1388,496.561035,472.3362,5,4.92973375
1.38954,1389,496.561035,472.341125,5,5.07697153
1.39080,1390,496.561035,472.345673,5,4.92973375
1.39081,1391,496.561035,472.3512,5,4.995173
1.39266,1392,496.561035,472.35614,5,5.038799
1.39442,1393,496.561035,472.361328,5,4.96245337
1.39445,1394,496.561035,472.365753,5,5.07697153
1.39571,1395,496.561035,472.371277,5,4.88065434
1.39752,1396,496.561035,472.3769,5,5.066065
1.39754,1397,496.561035,472.381866,5,5.05515862
1.39879,1398,496.561035,472.386444,5,5.109691
1.39880,1399,496.561035,472.390778,5,4.995173
1.40060,1400,496.561035,472.396667,5,4.847935
1.40243,1401,496.561035,472.402222,5,5.02789259
1.40244,1402,496.561035,472.407257,5,5.006079
1.40373,1403,496.561035,472.411346,5,5.202396
1.40553,1404,496.561035,472.416077,5,4.95154667
1.40555,1405,496.561035,472.421783,5,4.88065434
1.40681,1406,496.561035,472.426361,5,4.94064
1.40682,1407,496.561035,472.4316,5,5.016986
1.40861,1408,496.561035,472.436066,5,5.14241028
1.41042,1409,496.561035,472.4411,5,4.913374
1.41044,1410,496.561035,472.44635,5,4.995173
1.41171,1411,496.561035,472.452454,5,4.92973375
1.41353,1412,496.561035,472.456818,5,5.109691
1.41354,1413,496.561035,472.461243,5,5.13150358
1.41479,1414,496.561035,472.466278,5,4.95154667
1.41480,1415,496.561035,472.47113,5,4.96245337
1.41661,1416,496.561035,472.4767,5,4.869748
1.41842,1417,496.561035,472.4819,5,5.12059736
1.41843,1418,496.561035,472.486359,5,5.038799
1.41970,1419,496.561035,472.4912,5,5.02789259
1.42156,1420,496.561035,472.495941,5,4.891561
1.42158,1421,496.561035,472.502045,5,4.891561
1.42280,1422,496.561035,472.507233,5,5.180583
1.42282,1423,496.561035,472.512054,5,5.09878445
1.42461,1424,496.561035,472.516541,5,5.14241028
1.42643,1425,496.561035,472.521881,5,4.891561
1.42644,1426,496.561035,472.527618,5,4.98426628
1.42771,1427,496.561035,472.532135,5,5.066065
1.42953,1428,496.561035,472.537079,5,5.066065
1.42954,1429,496.561035,472.5416,5,5.05515862
1.43082,1430,496.561035,472.5473,5,4.837029
1.43085,1431,496.561035,472.5528,5,5.05515862
1.43261,1432,496.561035,472.55722,5,5.016986
1.43443,1433,496.561035,472.561951,5,5.09878445
1.43444,1434,496.561035,472.566772,5,4.96245337
1.43569,1435,496.561035,472.572479,5,4.891561
1.43753,1436,496.561035,472.577148,5,5.02789259
1.43756,1437,496.561035,472.582245,5,4.97335958
1.43880,1438,496.561035,472.587158,5,5.13150358
1.43882,1439,496.561035,472.592346,5,4.97335958
1.44064,1440,496.561035,472.5977,5,5.087878
1.44243,1441,496.561035,472.602325,5,5.07697153
1.44245,1442,496.561035,472.607361,5,4.995173
1.44369,1443,496.561035,472.61203,5,5.006079
1.44554,1444,496.561035,472.6176,5,4.869748
1.44555,1445,496.561035,472.62262,5,5.087878
1.44680,1446,496.561035,472.62738,5,5.006079
1.44682,1447,496.561035,472.632263,5,5.066065
1.44862,1448,496.561035,472.637146,5,4.95154667
1.45043,1449,496.561035,472.6428,5,4.95154667
1.45044,1450,496.561035,472.652527,5,4.98426628
1.45172,1451,496.561035,472.65744,5,5.109691
1.45352,1452,496.561035,472.662628,5,4.94064
1.45354,1453,496.561035,472.667725,5,5.05515862
1.45483,1454,496.561035,472.67215,5,4.96245337
1.45486,1455,496.561035,472.677673,5,4.96245337
1.45660,1456,496.561035,472.682678,5,5.07697153
1.45842,1457,496.561035,472.687866,5,4.94064
1.45843,1458,496.561035,472.692322,5,5.09878445
1.45969,1459,496.561035,472.697266,5,4.90246725
1.46155,1460,496.561035,472.703064,5,5.016986
1.46160,1461,496.561035,472.708038,5,5.07697153
1.46281,1462,496.561035,472.7129,5,5.07697153
1.46283,1463,496.561035,472.71698,5,5.02789259
1.46460,1464,496.561035,472.722626,5,4.82612228
1.46645,1465,496.561035,472.728119,5,5.006079
1.46648,1466,496.561035,472.733063,5,4.98426628
1.46770,1467,496.561035,472.737732,5,5.191489
1.46952,1468,496.561035,472.742157,5,5.016986
1.46954,1469,496.561035,472.747864,5,4.858842
1.47085,1470,496.561035,472.7528,5,4.96245337
1.47089,1471,496.561035,472.7581,5,4.96245337
1.47261,1472,496.561035,472.7626,5,5.164223
1.47444,1473,496.561035,472.7675,5,4.95154667
1.47446,1474,496.561035,472.772827,5,4.97335958
1.47568,1475,496.561035,472.7777,5,4.95154667
1.47752,1476,496.561035,472.783264,5,5.02789259
1.47754,1477,496.561035,472.787781,5,5.164223
1.47881,1478,496.561035,472.792664,5,4.95154667
1.47885,1479,496.561035,472.7975,5,4.97335958
1.48066,1480,496.561035,472.8029,5,4.847935
1.48244,1481,496.561035,472.808624,5,5.05515862
1.48246,1482,496.561035,472.813019,5,5.05515862
1.48374,1483,496.561035,472.8179,5,4.995173
1.48552,1484,496.561035,472.8222,5,4.94064
1.48553,1485,496.561035,472.828125,5,4.798856
1.48681,1486,496.561035,472.8333,5,5.13150358
1.48684,1487,496.561035,472.838348,5,5.087878
1.48860,1488,496.561035,472.8429,5,5.14241028
1.49046,1489,496.561035,472.8479,5,4.95154667
1.49048,1490,496.561035,472.8538,5,4.891561
1.49168,1491,496.561035,472.858429,5,5.087878
1.49351,1492,496.561035,472.8633,5,5.006079
1.49352,1493,496.561035,472.867767,5,5.087878
1.49495,1494,496.561035,472.87326,5,4.847935
1.49499,1495,496.561035,472.878723,5,4.98426628
1.49662,1496,496.561035,472.883331,5,5.038799
1.49845,1497,496.561035,472.8885,5,5.066065
1.49847,1498,496.561035,472.892853,5,5.016986
1.49971,1499,496.561035,472.898865,5,4.847935
1.50152,1500,496.561035,472.903625,5,5.02789259
1.50155,1501,496.561035,472.9086,5,4.95154667
1.50280,1502,496.561035,472.913635,5,5.109691
1.50282,1503,496.561035,472.918671,5,5.016986
1.50461,1504,496.561035,472.924225,5,5.016986
1.50647,1505,496.561035,472.928741,5,5.12059736
1.50651,1506,496.561035,472.933777,5,4.995173
1.50769,1507,496.561035,472.938477,5,5.038799
1.50951,1508,496.561035,472.9436,5,4.858842
1.50952,1509,496.561035,472.948853,5,5.02789259
1.51079,1510,496.561035,472.953461,5,5.02789259
1.51080,1511,496.561035,472.9585,5,5.006079
1.51262,1512,496.561035,472.963165,5,5.006079
1.51444,1513,496.561035,472.9688,5,4.891561
1.51446,1514,496.561035,472.9736,5,5.07697153
1.51570,1515,496.561035,472.9785,5,4.97335958
1.51752,1516,496.561035,472.9836,5,5.087878
1.51755,1517,496.561035,472.9885,5,4.995173
1.51879,1518,496.561035,472.9939,5,4.98426628
1.51880,1519,496.561035,472.99823,5,5.016986
1.52060,1520,496.561035,473.0036,5,4.90246725
1.52248,1521,496.561035,473.008636,5,5.05515862
1.52251,1522,496.561035,473.013733,5,4.94064
1.52368,1523,496.561035,473.018463,5,5.05515862
1.52554,1524,496.561035,473.023071,5,4.95154667
1.52557,1525,496.561035,473.02887,5,4.94064
1.52679,1526,496.561035,473.0339,5,5.087878
1.52680,1527,496.561035,473.03894,5,5.02789259
1.52865,1528,496.561035,473.04306,5,5.09878445
1.53045,1529,496.561035,473.048248,5,4.847935
1.53049,1530,496.561035,473.054047,5,4.95154667
1.53169,1531,496.561035,473.058929,5,4.995173
1.53355,1532,496.561035,473.063873,5,5.109691
1.53358,1533,496.561035,473.068085,5,5.12059736
1.53479,1534,496.561035,473.073578,5,4.837029
1.53481,1535,496.561035,473.078766,5,4.95154667
1.53661,1536,496.561035,473.083862,5,4.92973375
1.53846,1537,496.561035,473.088745,5,5.13150358
1.53848,1538,496.561035,473.093262,5,5.02789259
1.53970,1539,496.561035,473.0987,5,4.92973375
1.54154,1540,496.561035,473.103577,5,4.98426628
1.54157,1541,496.561035,473.109131,5,4.94064
1.54283,1542,496.561035,473.113861,5,5.191489
1.54285,1543,496.561035,473.11853,5,5.006079
1.54500,1544,496.561035,473.123474,5,4.96245337
1.54646,1545,496.561035,473.1289,5,4.88065434
1.54650,1546,496.561035,473.1346,5,4.96245337
1.54771,1547,496.561035,473.138977,5,5.13150358
1.54958,1548,496.561035,473.148438,5,5.006079
1.54961,1549,496.561035,473.148438,5,5.006079
1.55080,1550,496.561035,473.154144,5,4.777043
1.55082,1551,496.561035,473.1639,5,5.12059736
1.55261,1552,496.561035,473.168976,5,5.109691
1.55449,1553,496.561035,473.1736,5,5.05515862
1.55452,1554,496.561035,473.179565,5,4.82612228
1.55569,1555,496.561035,473.184448,5,5.066065
1.55754,1556,496.561035,473.189178,5,4.995173
1.55756,1557,496.561035,473.193817,5,5.09878445
1.55881,1558,496.561035,473.198944,5,4.92973375
1.55882,1559,496.561035,473.204651,5,4.90246725
1.56066,1560,496.561035,473.209259,5,5.087878
1.56247,1561,496.561035,473.2143,5,5.02789259
1.56249,1562,496.561035,473.2188,5,5.087878
1.56370,1563,496.561035,473.224274,5,4.858842
1.56553,1564,496.561035,473.229462,5,4.98426628
1.56555,1565,496.561035,473.2342,5,4.98426628
1.56681,1566,496.561035,473.23938,5,5.05515862
1.56684,1567,496.561035,473.2442,5,5.087878
1.56862,1568,496.561035,473.249847,5,4.96245337
1.57046,1569,496.561035,473.2545,5,5.14241028
1.57050,1570,496.561035,473.2593,5,4.995173
1.57170,1571,496.561035,473.2642,5,5.02789259
1.57352,1572,496.561035,473.269257,5,4.90246725
1.57355,1573,496.561035,473.2748,5,4.95154667
1.57479,1574,496.561035,473.2794,5,5.07697153
1.57481,1575,496.561035,473.284424,5,4.995173
1.57661,1576,496.561035,473.2891,5,5.05515862
1.57851,1577,496.561035,473.2946,5,4.869748
1.57856,1578,496.561035,473.299683,5,5.02789259
1.57971,1579,496.561035,473.304352,5,4.995173
1.58153,1580,496.561035,473.30954,5,5.02789259
1.58155,1581,496.561035,473.314423,5,5.066065
1.58280,1582,496.561035,473.3199,5,4.94064
1.58281,1583,496.561035,473.3243,5,5.07697153
1.58465,1584,496.561035,473.329437,5,4.913374
1.58648,1585,496.561035,473.334717,5,5.038799
1.58652,1586,496.561035,473.3397,5,4.995173
1.58769,1587,496.561035,473.3447,5,4.995173
1.58955,1588,496.561035,473.34906,5,5.02789259
1.58956,1589,496.561035,473.354767,5,4.869748
1.59080,1590,496.561035,473.36,5,5.087878
1.59082,1591,496.561035,473.365021,5,5.038799
1.59263,1592,496.561035,473.3693,5,5.12059736
1.59446,1593,496.561035,473.374084,5,4.92973375
1.59448,1594,496.561035,473.3801,5,4.88065434
1.59571,1595,496.561035,473.3853,5,5.02789259
1.59753,1596,496.561035,473.3903,5,5.02789259
1.59756,1597,496.561035,473.39447,5,5.191489
1.59880,1598,496.561035,473.3998,5,4.88065434
1.59881,1599,496.561035,473.405151,5,4.913374
1.60065,1600,496.561035,473.4102,5,4.92973375
1.60245,1601,496.561035,473.415222,5,5.05515862
1.60247,1602,496.561035,473.419952,5,5.109691
1.60369,1603,496.561035,473.425354,5,4.891561
1.60553,1604,496.561035,473.429962,5,4.995173
1.60555,1605,496.561035,473.435,5,4.891561
1.60680,1606,496.561035,473.440033,5,5.13150358
1.60682,1607,496.561035,473.444519,5,5.066065
1.60864,1608,496.561035,473.4501,5,4.94064
1.61047,1609,496.561035,473.455383,5,4.92973375
1.61049,1610,496.561035,473.460175,5,4.869748
1.61177,1611,496.561035,473.4648,5,5.13150358
1.61358,1612,496.561035,473.469482,5,4.995173
1.61361,1613,496.561035,473.474457,5,5.016986
1.61481,1614,496.561035,473.4797,5,4.82612228
1.61482,1615,496.561035,473.485657,5,4.90246725
1.61668,1616,496.561035,473.490173,5,5.153317
1.61850,1617,496.561035,473.495026,5,5.07697153
1.61858,1618,496.561035,473.499481,5,5.109691
1.61971,1619,496.561035,473.5052,5,4.837029
1.62152,1620,496.561035,473.510529,5,4.995173
1.62154,1621,496.561035,473.515045,5,5.016986
1.62279,1622,496.561035,473.519836,5,5.05515862
1.62281,1623,496.561035,473.524567,5,5.006079
1.62464,1624,496.561035,473.5304,5,4.81521559
1.62647,1625,496.561035,473.5352,5,5.038799
1.62650,1626,496.561035,473.54007,5,4.995173
1.62768,1627,496.561035,473.5447,5,5.087878
1.62956,1628,496.561035,473.549774,5,4.94064
1.62959,1629,496.561035,473.5554,5,4.90246725
1.63080,1630,496.561035,473.5599,5,5.016986
1.63082,1631,496.561035,473.5651,5,4.97335958
1.63264,1632,496.561035,473.569916,5,5.12059736
1.63443,1633,496.561035,473.5754,5,4.95154667
1.63445,1634,496.561035,473.580383,5,5.09878445
1.63569,1635,496.561035,473.585083,5,5.05515862
1.63754,1636,496.561035,473.590118,5,4.98426628
1.63756,1637,496.561035,473.594879,5,4.995173
1.63879,1638,496.561035,473.6006,5,4.869748
1.63880,1639,496.561035,473.605255,5,5.09878445
1.64066,1640,496.561035,473.6102,5,5.006079
1.64248,1641,496.561035,473.615,5,5.066065
1.64250,1642,496.561035,473.620117,5,4.92973375
1.64369,1643,496.561035,473.625549,5,4.94064
1.64556,1644,496.561035,473.6301,5,5.038799
1.64561,1645,496.561035,473.635254,5,4.96245337
1.64682,1646,496.561035,473.6401,5,5.09878445
1.64684,1647,496.561035,473.645477,5,4.92973375
1.64862,1648,496.561035,473.6502,5,5.038799
1.65047,1649,496.561035,473.6549,5,4.95154667
1.65051,1650,496.561035,473.665283,5,5.05515862
1.65169,1651,496.561035,473.670471,5,4.92973375
1.65355,1652,496.561035,473.674744,5,5.087878
1.65357,1653,496.561035,473.680023,5,4.88065434
1.65481,1654,496.561035,473.685577,5,4.995173
1.65482,1655,496.561035,473.690552,5,5.05515862
1.65662,1656,496.561035,473.69516,5,5.05515862
1.65844,1657,496.561035,473.6995,5,5.02789259
1.65846,1658,496.561035,473.7053,5,4.798856
1.65970,1659,496.561035,473.710541,5,4.995173
1.66170,1660,496.561035,473.715454,5,4.97335958
1.66173,1661,496.561035,473.72,5,5.164223
1.66281,1662,496.561035,473.72467,5,5.006079
1.66282,1663,496.561035,473.730316,5,4.837029
1.66465,1664,496.561035,473.7352,5,4.94064
1.66646,1665,496.561035,473.740448,5,4.94064
1.66649,1666,496.561035,473.7449,5,5.153317
1.66770,1667,496.561035,473.7499,5,4.95154667
1.66956,1668,496.561035,473.7552,5,4.95154667
1.66959,1669,496.561035,473.760162,5,4.95154667
1.67079,1670,496.561035,473.7656,5,5.016986
1.67080,1671,496.561035,473.77002,5,5.153317
1.67262,1672,496.561035,473.775024,5,4.96245337
1.67450,1673,496.561035,473.7801,5,4.97335958
1.67455,1674,496.561035,473.785736,5,4.847935
1.67570,1675,496.561035,473.7909,5,5.05515862
1.67753,1676,496.561035,473.795319,5,5.066065
1.67755,1677,496.561035,473.8002,5,4.995173
1.67881,1678,496.561035,473.804871,5,4.95154667
1.67883,1679,496.561035,473.810974,5,4.777043
1.68064,1680,496.561035,473.8158,5,5.12059736
1.68246,1681,496.561035,473.820618,5,5.07697153
1.68248,1682,496.561035,473.8251,5,5.13150358
1.68370,1683,496.561035,473.830353,5,4.95154667
1.68553,1684,496.561035,473.836151,5,4.891561
1.68554,1685,496.561035,473.840668,5,5.09878445
1.68680,1686,496.561035,473.8456,5,5.006079
1.68681,1687,496.561035,473.850128,5,5.09878445
1.68866,1688,496.561035,473.855682,5,4.847935
1.69049,1689,496.561035,473.861023,5,4.96245337
1.69052,1690,496.561035,473.8657,5,5.038799
1.69169,1691,496.561035,473.870483,5,5.05515862
1.69355,1692,496.561035,473.875153,5,5.02789259
1.69357,1693,496.561035,473.880951,5,4.847935
1.69490,1694,496.561035,473.885559,5,5.02789259
1.69492,1695,496.561035,473.8906,5,4.96245337
1.69664,1696,496.561035,473.8956,5,5.09878445
1.69850,1697,496.561035,473.900726,5,5.02789259
1.69855,1698,496.561035,473.906464,5,5.006079
1.69970,1699,496.561035,473.911,5,5.12059736
1.70153,1700,496.561035,473.916077,5,4.995173
1.70154,1701,496.561035,473.920776,5,5.038799
1.70280,1702,496.561035,473.926361,5,4.869748
1.70282,1703,496.561035,473.9316,5,5.02789259
1.70466,1704,496.561035,473.936432,5,5.02789259
1.70647,1705,496.561035,473.9413,5,5.016986
1.70649,1706,496.561035,473.9463,5,5.016986
1.70769,1707,496.561035,473.951538,5,4.891561
1.70953,1708,496.561035,473.9559,5,5.087878
1.70955,1709,496.561035,473.960876,5,4.995173
1.71081,1710,496.561035,473.965881,5,5.087878
1.71082,1711,496.561035,473.971,5,4.995173
1.71263,1712,496.561035,473.9762,5,4.98426628
1.71450,1713,496.561035,473.98056,5,5.016986
1.71455,1714,496.561035,473.986053,5,4.90246725
1.71571,1715,496.561035,473.991,5,5.066065
1.71754,1716,496.561035,473.996124,5,4.95154667
1.71757,1717,496.561035,474.000763,5,5.066065
1.71880,1718,496.561035,474.005585,5,4.96245337
1.71882,1719,496.561035,474.011383,5,4.92973375
1.72067,1720,496.561035,474.016327,5,5.087878
1.72248,1721,496.561035,474.02124,5,5.02789259
1.72250,1722,496.561035,474.02533,5,5.09878445
1.72369,1723,496.561035,474.030853,5,4.847935
1.72552,1724,496.561035,474.036469,5,4.94064
1.72554,1725,496.561035,474.041382,5,4.995173
1.72679,1726,496.561035,474.046082,5,5.09878445
1.72681,1727,496.561035,474.050446,5,5.13150358
1.72867,1728,496.561035,474.0561,5,4.837029
1.73047,1729,496.561035,474.061127,5,4.94064
1.73049,1730,496.561035,474.0663,5,4.92973375
1.73169,1731,496.561035,474.070984,5,5.12059736
1.73356,1732,496.561035,474.075653,5,5.038799
1.73359,1733,496.561035,474.081055,5,4.90246725
1.73480,1734,496.561035,474.0863,5,4.98426628
1.73481,1735,496.561035,474.091522,5,4.94064
1.73664,1736,496.561035,474.0961,5,5.180583
1.73849,1737,496.561035,474.1009,5,5.006079
1.73852,1738,496.561035,474.106018,5,4.95154667
1.73969,1739,496.561035,474.111359,5,4.88065434
1.74156,1740,496.561035,474.116974,5,4.94064
1.74159,1741,496.561035,474.121277,5,5.13150358
1.74280,1742,496.561035,474.126221,5,5.006079
1.74281,1743,496.561035,474.130737,5,5.006079
1.74501,1744,496.561035,474.1366,5,4.777043
1.74651,1745,496.561035,474.141876,5,5.016986
1.74653,1746,496.561035,474.1465,5,5.12059736
1.74774,1747,496.561035,474.151184,5,5.09878445
1.74955,1748,496.561035,474.155975,5,5.05515862
1.74958,1749,496.561035,474.161957,5,4.82612228
1.75081,1750,496.561035,474.166656,5,5.05515862
1.75084,1751,496.561035,474.176,5,5.09878445
1.75264,1752,496.561035,474.1813,5,4.94064
1.75447,1753,496.561035,474.1869,5,4.88065434
1.75450,1754,496.561035,474.191559,5,5.066065
1.75569,1755,496.561035,474.196442,5,5.016986
1.75755,1756,496.561035,474.200958,5,5.087878
1.75759,1757,496.561035,474.206573,5,4.847935
1.75880,1758,496.561035,474.2116,5,4.96245337
1.75881,1759,496.561035,474.216339,5,4.97335958
1.76064,1760,496.561035,474.221527,5,5.02789259
1.76248,1761,496.561035,474.2264,5,5.109691
1.76251,1762,496.561035,474.232056,5,4.95154667
1.76370,1763,496.561035,474.236633,5,5.13150358
1.76561,1764,496.561035,474.241547,5,5.006079
1.76563,1765,496.561035,474.246338,5,5.016986
1.76683,1766,496.561035,474.251556,5,4.913374
1.76685,1767,496.561035,474.257019,5,4.94064
1.76864,1768,496.561035,474.2616,5,5.07697153
1.77046,1769,496.561035,474.266632,5,5.006079
1.77047,1770,496.561035,474.271362,5,5.066065
1.77169,1771,496.561035,474.2769,5,4.88065434
1.77355,1772,496.561035,474.28183,5,5.016986
1.77358,1773,496.561035,474.286652,5,5.016986
1.77481,1774,496.561035,474.2918,5,5.016986
1.77483,1775,496.561035,474.2967,5,5.087878
1.77663,1776,496.561035,474.302124,5,4.95154667
1.77845,1777,496.561035,474.3065,5,5.087878
1.77846,1778,496.561035,474.311768,5,4.92973375
1.77970,1779,496.561035,474.316956,5,5.02789259
1.78157,1780,496.561035,474.322,5,5.016986
1.78162,1781,496.561035,474.326874,5,4.995173
1.78281,1782,496.561035,474.33136,5,5.05515862
1.78282,1783,496.561035,474.337158,5,4.88065434
1.78465,1784,496.561035,474.3423,5,5.087878
1.78647,1785,496.561035,474.347321,5,5.038799
1.78651,1786,496.561035,474.35144,5,5.12059736
1.78770,1787,496.561035,474.356934,5,4.95154667
1.78953,1788,496.561035,474.362427,5,4.88065434
1.78955,1789,496.561035,474.3673,5,5.02789259
1.79080,1790,496.561035,474.372284,5,5.02789259
1.79083,1791,496.561035,474.376526,5,5.202396
1.79264,1792,496.561035,474.381958,5,4.90246725
1.79444,1793,496.561035,474.3872,5,4.913374
1.79448,1794,496.561035,474.392273,5,4.94064
1.79575,1795,496.561035,474.397217,5,5.066065
1.79769,1796,496.561035,474.4017,5,5.13150358
1.79770,1797,496.561035,474.4075,5,4.891561
1.79884,1798,496.561035,474.412384,5,4.995173
1.79886,1799,496.561035,474.4182,5,4.90246725
1.80065,1800,496.561035,474.422852,5,5.13150358
1.80250,1801,496.561035,474.427277,5,5.07697153
1.80254,1802,496.561035,474.4322,5,4.95154667
1.80370,1803,496.561035,474.437653,5,4.94064
1.80558,1804,496.561035,474.4434,5,4.88065434
1.80561,1805,496.561035,474.447754,5,5.14241028
1.80680,1806,496.561035,474.452637,5,5.016986
1.80682,1807,496.561035,474.4572,5,5.02789259
1.80866,1808,496.561035,474.462921,5,4.847935
1.81048,1809,496.561035,474.46817,5,4.913374
1.81051,1810,496.561035,474.4727,5,5.164223
1.81171,1811,496.561035,474.477478,5,5.087878
1.81353,1812,496.561035,474.482056,5,5.109691
1.81356,1813,496.561035,474.487946,5,4.837029
1.81481,1814,496.561035,474.492859,5,4.995173
1.81483,1815,496.561035,474.497559,5,5.016986
1.81665,1816,496.561035,474.502228,5,5.038799
1.81849,1817,496.561035,474.5072,5,4.995173
1.81852,1818,496.561035,474.513,5,4.81521559
1.81970,1819,496.561035,474.517639,5,5.038799
1.82157,1820,496.561035,474.5226,5,5.006079
1.82163,1821,496.561035,474.527161,5,5.09878445
1.82280,1822,496.561035,474.532532,5,4.92973375
1.82281,1823,496.561035,474.537872,5,4.913374
1.82463,1824,496.561035,474.5425,5,5.016986
1.82644,1825,496.561035,474.54776,5,4.98426628
1.82646,1826,496.561035,474.552582,5,5.14241028
1.82769,1827,496.561035,474.558228,5,4.97335958
1.82955,1828,496.561035,474.5629,5,5.109691
1.82959,1829,496.561035,474.567719,5,5.066065
1.83081,1830,496.561035,474.572723,5,5.006079
1.83082,1831,496.561035,474.5777,5,4.995173
1.83266,1832,496.561035,474.583282,5,4.891561
1.83443,1833,496.561035,474.587921,5,5.109691
1.83445,1834,496.561035,474.592957,5,5.016986
1.83569,1835,496.561035,474.597626,5,5.07697153
1.83755,1836,496.561035,474.6031,5,4.94064
1.83758,1837,496.561035,474.608276,5,4.97335958
1.83880,1838,496.561035,474.612946,5,5.05515862
1.83881,1839,496.561035,474.618134,5,4.995173
1.84065,1840,496.561035,474.622955,5,5.12059736
1.84244,1841,496.561035,474.6284,5,4.92973375
1.84245,1842,496.561035,474.632874,5,5.066065
1.84369,1843,496.561035,474.63797,5,4.95154667
1.84555,1844,496.561035,474.64325,5,4.97335958
1.84558,1845,496.561035,474.648224,5,5.066065
1.84680,1846,496.561035,474.65332,5,4.96245337
1.84682,1847,496.561035,474.6576,5,5.087878
1.84863,1848,496.561035,474.663239,5,4.88065434
1.85045,1849,496.561035,474.673553,5,5.05515862
1.85047,1850,496.561035,474.6779,5,5.087878
1.85169,1851,496.561035,474.682556,5,5.006079
1.85355,1852,496.561035,474.688568,5,4.82612228
1.85358,1853,496.561035,474.693542,5,5.016986
1.85480,1854,496.561035,474.698578,5,4.995173
1.85482,1855,496.561035,474.70285,5,5.202396
1.85663,1856,496.561035,474.707977,5,4.98426628
1.85844,1857,496.561035,474.71344,5,4.88065434
1.85846,1858,496.561035,474.7085,5,4.95154667
1.85973,1859,496.561035,474.723816,5,4.98426628
1.86159,1860,496.561035,474.728241,5,5.164223
1.86163,1861,496.561035,474.7336,5,4.94064
1.86282,1862,496.561035,474.738556,5,4.98426628
1.86284,1863,496.561035,474.7436,5,4.94064
1.86465,1864,496.561035,474.748657,5,5.066065
1.86643,1865,496.561035,474.7535,5,5.14241028
1.86646,1866,496.561035,474.758484,5,4.95154667
1.86769,1867,496.561035,474.7633,5,4.97335958
1.86951,1868,496.561035,474.769226,5,4.837029
1.86953,1869,496.561035,474.7738,5,5.07697153
1.87081,1870,496.561035,474.778564,5,5.038799
1.87082,1871,496.561035,474.7832,5,5.006079
1.87264,1872,496.561035,474.788452,5,4.913374
1.87443,1873,496.561035,474.794342,5,4.837029
1.87444,1874,496.561035,474.798859,5,5.153317
1.87569,1875,496.561035,474.803741,5,5.07697153
1.87752,1876,496.561035,474.808228,5,5.14241028
1.87753,1877,496.561035,474.8139,5,4.90246725
1.87881,1878,496.561035,474.819244,5,4.92973375
1.87884,1879,496.561035,474.823822,5,5.07697153
1.88067,1880,496.561035,474.8286,5,5.016986
1.88249,1881,496.561035,474.833344,5,5.066065
1.88251,1882,496.561035,474.8392,5,4.82612228
1.88369,1883,496.561035,474.844025,5,4.995173
1.88551,1884,496.561035,474.848846,5,5.016986
1.88553,1885,496.561035,474.8535,5,5.07697153
1.88680,1886,496.561035,474.858551,5,4.98426628
1.88682,1887,496.561035,474.864166,5,4.858842
1.88864,1888,496.561035,474.868683,5,5.02789259
1.89045,1889,496.561035,474.873932,5,4.96245337
1.89046,1890,496.561035,474.8787,5,5.12059736
1.89174,1891,496.561035,474.8842,5,5.006079
1.89352,1892,496.561035,474.889221,5,5.038799
1.89354,1893,496.561035,474.893951,5,5.09878445
1.89490,1894,496.561035,474.898956,5,4.995173
1.89493,1895,496.561035,474.9037,5,5.038799
1.89667,1896,496.561035,474.910034,5,5.066065
1.89845,1897,496.561035,474.9144,5,5.066065
1.89847,1898,496.561035,474.919342,5,5.016986
1.89969,1899,496.561035,474.9241,5,5.02789259
1.90154,1900,496.561035,474.929352,5,4.98426628
1.90157,1901,496.561035,474.9347,5,4.90246725
1.90280,1902,496.561035,474.939575,5,4.97335958
1.90281,1903,496.561035,474.944763,5,5.087878
1.90466,1904,496.561035,474.9496,5,4.97335958
1.90642,1905,496.561035,474.955048,5,5.006079
1.90644,1906,496.561035,474.959625,5,4.995173
1.90775,1907,496.561035,474.963776,5,4.995173
1.90955,1908,496.561035,474.96933,5,4.92973375
1.90958,1909,496.561035,474.9742,5,5.07697153
1.91080,1910,496.561035,474.9794,5,4.94064
1.91081,1911,496.561035,474.983673,5,5.09878445
1.91265,1912,496.561035,474.989,5,4.92973375
1.91446,1913,496.561035,474.994537,5,4.95154667
1.91450,1914,496.561035,474.999481,5,5.07697153
1.91570,1915,496.561035,475.00412,5,5.02789259
1.91752,1916,496.561035,475.0084,5,5.066065
1.91754,1917,496.561035,475.014343,5,4.81521559
1.91882,1918,496.561035,475.01947,5,4.96245337
1.91885,1919,496.561035,475.024445,5,4.97335958
1.92066,1920,496.561035,475.028931,5,5.13150358
1.92243,1921,496.561035,475.033661,5,5.087878
1.92244,1922,496.561035,475.0393,5,4.81521559
1.92371,1923,496.561035,475.0445,5,4.95154667
1.92552,1924,496.561035,475.0497,5,4.913374
1.92553,1925,496.561035,475.0541,5,5.14241028
1.92680,1926,496.561035,475.059235,5,4.995173
1.92682,1927,496.561035,475.064484,5,4.92973375
1.92862,1928,496.561035,475.069153,5,4.97335958
1.93045,1929,496.561035,475.074646,5,4.95154667
1.93047,1930,496.561035,475.0793,5,5.191489
1.93174,1931,496.561035,475.084351,5,4.98426628
1.93352,1932,496.561035,475.089081,5,4.97335958
1.93353,1933,496.561035,475.0948,5,4.869748
1.93479,1934,496.561035,475.099823,5,4.98426628
1.93481,1935,496.561035,475.10434,5,5.109691
1.93659,1936,496.561035,475.109131,5,4.98426628
1.93842,1937,496.561035,475.113953,5,4.995173
1.93843,1938,496.561035,475.120056,5,4.76613665
1.93969,1939,496.561035,475.124878,5,5.066065
1.94152,1940,496.561035,475.1296,5,5.12059736
1.94153,1941,496.561035,475.134155,5,5.12059736
1.94280,1942,496.561035,475.139435,5,5.02789259
1.94282,1943,496.561035,475.145233,5,4.858842
1.94500,1944,496.561035,475.149719,5,5.087878
1.94646,1945,496.561035,475.154633,5,5.006079
1.94647,1946,496.561035,475.15976,5,4.90246725
1.94771,1947,496.561035,475.164856,5,4.90246725
1.94954,1948,496.561035,475.170044,5,4.92973375
1.94956,1949,496.561035,475.174835,5,5.07697153
1.95080,1950,496.561035,475.179565,5,5.038799
1.95082,1951,496.561035,475.184326,5,5.07697153
1.95262,1952,496.561035,475.1901,5,4.858842
1.95442,1953,496.561035,475.19986,5,4.98426628
1.95444,1954,496.561035,475.19986,5,4.98426628
1.95571,1955,496.561035,475.204834,5,5.087878
1.95753,1956,496.561035,475.215454,5,4.995173
1.95755,1957,496.561035,475.220032,5,5.153317
1.95883,1958,496.561035,475.225128,5,5.016986
1.95886,1959,496.561035,475.2298,5,5.07697153
1.96060,1960,496.561035,475.2355,5,4.90246725
1.96249,1961,496.561035,475.2404,5,5.016986
1.96251,1962,496.561035,475.24527,5,5.087878
1.96370,1963,496.561035,475.250153,5,5.02789259
1.96551,1964,496.561035,475.255066,5,5.066065
1.96552,1965,496.561035,475.2607,5,4.891561
1.96683,1966,496.561035,475.265259,5,5.07697153
1.96685,1967,496.561035,475.270447,5,4.98426628
1.96861,1968,496.561035,475.27533,5,5.07697153
1.97045,1969,496.561035,475.2806,5,5.02789259
1.97047,1970,496.561035,475.285583,5,4.97335958
1.97169,1971,496.561035,475.2901,5,5.066065
1.97353,1972,496.561035,475.2956,5,4.913374
1.97355,1973,496.561035,475.3006,5,5.066065
1.97481,1974,496.561035,475.3058,5,4.97335958
1.97483,1975,496.561035,475.3102,5,5.05515862
1.97660,1976,496.561035,475.315247,5,4.995173
1.97846,1977,496.561035,475.320923,5,4.913374
1.97848,1978,496.561035,475.325928,5,5.07697153
1.97971,1979,496.561035,475.330658,5,5.02789259
1.98153,1980,496.561035,475.3348,5,5.109691
1.98154,1981,496.561035,475.3406,5,4.869748
1.98283,1982,496.561035,475.345947,5,4.92973375
1.98285,1983,496.561035,475.350922,5,5.006079
1.98461,1984,496.561035,475.3555,5,5.07697153
1.98644,1985,496.561035,475.36,5,5.153317
1.98645,1986,496.561035,475.3657,5,4.837029
1.98768,1987,496.561035,475.3706,5,4.92973375
1.98951,1988,496.561035,475.375854,5,4.913374
1.98953,1989,496.561035,475.380646,5,5.066065
1.99083,1990,496.561035,475.385559,5,4.88065434
1.99086,1991,496.561035,475.390869,5,4.97335958
1.99260,1992,496.561035,475.395447,5,4.97335958
1.99447,1993,496.561035,475.401337,5,5.153317
1.99448,1994,496.561035,475.4057,5,5.016986
1.99571,1995,496.561035,475.410645,5,4.95154667
1.99752,1996,496.561035,475.4154,5,4.891561
1.99754,1997,496.561035,475.4209,5,4.90246725
1.99883,1998,496.561035,475.4265,5,5.13150358
1.99886,1999,496.561035,475.430939,5,4.98426628
2.00060,2000,496.561035,475.435822,5,5.016986
2.00244,2001,496.561035,475.44043,5,4.78794956
2.00246,2002,496.561035,475.446533,5,4.96245337
2.00371,2003,496.561035,475.451782,5,5.14241028
2.00553,2004,496.561035,475.4565,5,5.087878
2.00554,2005,496.561035,475.461029,5,5.087878
2.00683,2006,496.561035,475.466217,5,4.82612228
2.00686,2007,496.561035,475.472015,5,5.02789259
2.00861,2008,496.561035,475.4765,5,5.006079
2.01045,2009,496.561035,475.4814,5,5.07697153
2.01047,2010,496.561035,475.475769,5,4.96245337
2.01174,2011,496.561035,475.4915,5,4.837029
2.01353,2012,496.561035,475.4968,5,5.066065
2.01355,2013,496.561035,475.5011,5,4.995173
2.01480,2014,496.561035,475.506042,5,5.087878
2.01483,2015,496.561035,475.51062,5,4.88065434
2.01660,2016,496.561035,475.516357,5,4.92973375
2.01847,2017,496.561035,475.521149,5,4.995173
2.01850,2018,496.561035,475.526031,5,4.98426628
2.01972,2019,496.561035,475.531067,5,5.109691
2.02152,2020,496.561035,475.536041,5,4.913374
2.02155,2021,496.561035,475.541534,5,5.087878
2.02280,2022,496.561035,475.545959,5,4.995173
2.02283,2023,496.561035,475.550934,5,4.95154667
2.02460,2024,496.561035,475.555664,5,4.913374
2.02645,2025,496.561035,475.561371,5,4.847935
2.02647,2026,496.561035,475.5662,5,5.05515862
2.02769,2027,496.561035,475.5709,5,4.97335958
2.02953,2028,496.561035,475.575928,5,5.038799
2.02954,2029,496.561035,475.580536,5,4.88065434
2.03080,2030,496.561035,475.586121,5,4.95154667
2.03083,2031,496.561035,475.590973,5,5.016986
2.03262,2032,496.561035,475.5958,5,4.96245337
2.03448,2033,496.561035,475.6009,5,5.087878
2.03450,2034,496.561035,475.605774,5,4.90246725
2.03569,2035,496.561035,475.6112,5,5.05515862
2.03753,2036,496.561035,475.61554,5,4.94064
2.03755,2037,496.561035,475.620819,5,4.96245337
2.03880,2038,496.561035,475.625946,5,5.038799
2.03881,2039,496.561035,475.631042,5,4.94064
2.04063,2040,496.561035,475.635834,5,5.087878
2.04245,2041,496.561035,475.6403,5,4.88065434
2.04247,2042,496.561035,475.646149,5,5.02789259
2.04370,2043,496.561035,475.651276,5,5.05515862
2.04555,2044,496.561035,475.65625,5,5.087878
2.04556,2045,496.561035,475.66037,5,5.02789259
2.04683,2046,496.561035,475.665558,5,4.837029
2.04686,2047,496.561035,475.671356,5,5.016986
2.04861,2048,496.561035,475.6763,5,4.995173
2.05048,2049,496.561035,475.681244,5,5.191489
2.05051,2050,496.561035,475.685455,5,4.995173
2.05169,2051,496.561035,475.696136,5,4.96245337
2.05356,2052,496.561035,475.701263,5,4.98426628
2.05359,2053,496.561035,475.706146,5,5.164223
2.05480,2054,496.561035,475.706146,5,5.164223
2.05482,2055,496.561035,475.716064,5,4.97335958
2.05661,2056,496.561035,475.720947,5,4.92973375
2.05845,2057,496.561035,475.72644,5,5.038799
2.05847,2058,496.561035,475.731171,5,5.13150358
2.05969,2059,496.561035,475.7358,5,4.92973375
2.06175,2060,496.561035,475.740723,5,4.94064
2.06182,2061,496.561035,475.745667,5,4.798856
2.06282,2062,496.561035,475.7514,5,5.038799
2.06283,2063,496.561035,475.7559,5,5.016986
2.06461,2064,496.561035,475.7607,5,4.97335958
2.06645,2065,496.561035,475.765259,5,4.90246725
2.06646,2066,496.561035,475.77063,5,4.777043
2.06769,2067,496.561035,475.776428,5,5.109691
2.06954,2068,496.561035,475.780945,5,5.066065
2.06956,2069,496.561035,475.7858,5,5.12059736
2.07080,2070,496.561035,475.7903,5,4.92973375
2.07081,2071,496.561035,475.796051,5,4.891561
2.07261,2072,496.561035,475.8013,5,5.07697153
2.07445,2073,496.561035,475.805939,5,5.006079
2.07448,2074,496.561035,475.8106,5,5.087878
2.07568,2075,496.561035,475.81543,5,4.837029
2.07754,2076,496.561035,475.821228,5,4.97335958
2.07757,2077,496.561035,475.826019,5,5.016986
2.07882,2078,496.561035,475.8309,5,5.038799
2.07883,2079,496.561035,475.835419,5,5.016986
2.08064,2080,496.561035,475.840668,5,4.837029
2.08244,2081,496.561035,475.846161,5,5.02789259
2.08245,2082,496.561035,475.850739,5,4.95154667
2.08369,2083,496.561035,475.855927,5,5.109691
2.08555,2084,496.561035,475.860748,5,5.016986
2.08559,2085,496.561035,475.8663,5,5.016986
2.08680,2086,496.561035,475.8712,5,5.12059736
2.08682,2087,496.561035,475.875916,5,4.98426628
2.08860,2088,496.561035,475.880951,5,5.038799
2.09046,2089,496.561035,475.8857,5,4.858842
2.09048,2090,496.561035,475.891357,5,5.02789259
2.09169,2091,496.561035,475.896027,5,5.02789259
2.09353,2092,496.561035,475.901031,5,5.016986
2.09355,2093,496.561035,475.905762,5,5.006079
2.09492,2094,496.561035,475.9114,5,4.891561
2.09494,2095,496.561035,475.9167,5,5.07697153
2.09661,2096,496.561035,475.921265,5,4.98426628
2.09848,2097,496.561035,475.9265,5,5.087878
2.09854,2098,496.561035,475.931274,5,4.98426628
2.09970,2099,496.561035,475.936768,5,4.995173
2.10157,2100,496.561035,475.9413,5,5.02789259
2.10160,2101,496.561035,475.9466,5,4.90246725
2.10281,2102,496.561035,475.951874,5,5.066065
2.10282,2103,496.561035,475.956848,5,4.94064
2.10460,2104,496.561035,475.961639,5,5.05515862
2.10647,2105,496.561035,475.965973,5,4.96245337
2.10651,2106,496.561035,475.9711,5,4.92973375
2.10770,2107,496.561035,475.9766,5,5.087878
2.10955,2108,496.561035,475.981476,5,5.02789259
2.10958,2109,496.561035,475.986,5,5.087878
2.11083,2110,496.561035,475.990417,5,4.837029
2.11087,2111,496.561035,475.996338,5,4.92973375
2.11262,2112,496.561035,476.0014,5,4.97335958
2.11450,2113,496.561035,476.0064,5,5.07697153
2.11452,2114,496.561035,476.010773,5,5.09878445
2.11568,2115,496.561035,476.015839,5,4.78794956
2.11753,2116,496.561035,476.021454,5,4.90246725
2.11754,2117,496.561035,476.026276,5,4.88065434
2.11880,2118,496.561035,476.031525,5,5.087878
2.11881,2119,496.561035,476.0358,5,5.016986
2.12064,2120,496.561035,476.041016,5,4.869748
2.12247,2121,496.561035,476.0461,5,4.95154667
2.12249,2122,496.561035,476.0512,5,4.891561
2.12369,2123,496.561035,476.05658,5,5.164223
2.12554,2124,496.561035,476.0609,5,4.995173
2.12556,2125,496.561035,476.065948,5,4.94064
2.12682,2126,496.561035,476.070679,5,4.88065434
2.12685,2127,496.561035,476.076355,5,4.913374
2.12868,2128,496.561035,476.0814,5,5.12059736
2.13045,2129,496.561035,476.085876,5,4.98426628
2.13048,2130,496.561035,476.0907,5,5.016986
2.13170,2131,496.561035,476.0955,5,4.777043
2.13356,2132,496.561035,476.101654,5,4.995173
2.13359,2133,496.561035,476.1064,5,5.14241028
2.13481,2134,496.561035,476.1112,5,5.09878445
2.13482,2135,496.561035,476.115723,5,5.087878
2.13662,2136,496.561035,476.121033,5,4.837029
2.13847,2137,496.561035,476.12677,5,5.05515862
2.13850,2138,496.561035,476.1313,5,5.006079
2.13969,2139,496.561035,476.136169,5,5.087878
2.14153,2140,496.561035,476.140747,5,4.96245337
2.14155,2141,496.561035,476.146454,5,4.88065434
2.14282,2142,496.561035,476.151642,5,5.087878
2.14283,2143,496.561035,476.156372,5,5.02789259
2.14503,2144,496.561035,476.1611,5,5.109691
2.14645,2145,496.561035,476.165924,5,4.88065434
2.14647,2146,496.561035,476.171661,5,4.97335958
2.14771,2147,496.561035,476.1763,5,4.995173
2.14957,2148,496.561035,476.1814,5,5.02789259
2.14962,2149,496.561035,476.186371,5,5.12059736
2.15081,2150,496.561035,476.19693,5,5.14241028
2.15082,2151,496.561035,476.201477,5,5.016986
2.15265,2152,496.561035,476.2065,5,5.02789259
2.15445,2153,496.561035,476.211273,5,4.95154667
2.15448,2154,496.561035,476.2169,5,4.94064
2.15568,2155,496.561035,476.221771,5,5.087878
2.15757,2156,496.561035,476.2266,5,5.006079
2.15761,2157,496.561035,476.231537,5,5.07697153
2.15881,2158,496.561035,476.23642,5,4.891561
2.15882,2159,496.561035,476.242,5,5.016986
2.16064,2160,496.561035,476.246643,5,5.016986
2.16245,2161,496.561035,476.2517,5,5.006079
2.16248,2162,496.561035,476.2567,5,5.087878
2.16369,2163,496.561035,476.261871,5,4.94064
2.16558,2164,496.561035,476.2669,5,5.07697153
2.16561,2165,496.561035,476.271332,5,4.913374
2.16680,2166,496.561035,476.2769,5,5.02789259
2.16683,2167,496.561035,476.28186,5,5.016986
2.16861,2168,496.561035,476.287048,5,4.98426628
2.17049,2169,496.561035,476.291534,5,5.066065
2.17052,2170,496.561035,476.2965,5,4.88065434
2.17168,2171,496.561035,476.302216,5,5.07697153
2.17356,2172,496.561035,476.3072,5,5.038799
2.17360,2173,496.561035,476.311981,5,5.109691
2.17480,2174,496.561035,476.3162,5,4.95154667
2.17482,2175,496.561035,476.321838,5,4.869748
2.17662,2176,496.561035,476.327637,5,5.016986
2.17851,2177,496.561035,476.3322,5,5.016986
2.17856,2178,496.561035,476.336945,5,5.202396
2.17971,2179,496.561035,476.34137,5,4.90246725
2.18154,2180,496.561035,476.3474,5,4.913374
2.18156,2181,496.561035,476.352356,5,4.95154667
2.18282,2182,496.561035,476.3576,5,5.038799
2.18283,2183,496.561035,476.362122,5,5.13150358
2.18464,2184,496.561035,476.367065,5,4.891561
2.18648,2185,496.561035,476.372345,5,4.98426628
2.18651,2186,496.561035,476.377319,5,4.913374
2.18770,2187,496.561035,476.382874,5,5.13150358
2.18958,2188,496.561035,476.3873,5,5.09878445
2.18963,2189,496.561035,476.3922,5,4.95154667
2.19081,2190,496.561035,476.397064,5,4.94064
2.19082,2191,496.561035,476.402557,5,4.869748
2.19264,2192,496.561035,476.4079,5,5.13150358
2.19446,2193,496.561035,476.412262,5,5.006079
2.19448,2194,496.561035,476.417145,5,5.02789259
2.19570,2195,496.561035,476.421783,5,4.858842
2.19757,2196,496.561035,476.427826,5,4.90246725
2.19760,2197,496.561035,476.432922,5,5.180583
2.19882,2198,496.561035,476.437958,5,5.09878445
2.19884,2199,496.561035,476.442474,5,5.12059736
2.20066,2200,496.561035,476.4476,5,4.858842
2.20248,2201,496.561035,476.453461,5,5.006079
2.20252,2202,496.561035,476.457977,5,5.02789259
2.20371,2203,496.561035,476.46347,5,5.066065
2.20556,2204,496.561035,476.467377,5,5.016986
2.20558,2205,496.561035,476.473,5,4.82612228
2.20682,2206,496.561035,476.478638,5,5.066065
2.20684,2207,496.561035,476.4833,5,5.006079
2.20864,2208,496.561035,476.4881,5,5.09878445
2.21043,2209,496.561035,476.492218,5,4.94064
2.21045,2210,496.561035,476.497864,5,4.90246725
2.21170,2211,496.561035,476.5027,5,5.016986
2.21353,2212,496.561035,476.5076,5,4.97335958
2.21355,2213,496.561035,476.5126,5,5.12059736
2.21482,2214,496.561035,476.517578,5,4.92973375
2.21484,2215,496.561035,476.523071,5,5.066065
2.21666,2216,496.561035,476.527557,5,5.016986
2.21848,2217,496.561035,476.532532,5,4.94064
2.21850,2218,496.561035,476.5372,5,4.95154667
2.21970,2219,496.561035,476.542542,5,4.82612228
2.22158,2220,496.561035,476.5478,5,5.038799
2.22161,2221,496.561035,476.552368,5,4.96245337
2.22280,2222,496.561035,476.5574,5,5.016986
2.22282,2223,496.561035,476.561981,5,4.90246725
2.22465,2224,496.561035,476.567627,5,4.90246725
2.22645,2225,496.561035,476.5724,5,5.038799
2.22647,2226,496.561035,476.57724,5,4.94064
2.22768,2227,496.561035,476.582428,5,5.087878
2.22956,2228,496.561035,476.58725,5,4.92973375
2.22960,2229,496.561035,476.592682,5,5.02789259
2.23084,2230,496.561035,476.597015,5,4.97335958
2.23087,2231,496.561035,476.6023,5,4.94064
2.23266,2232,496.561035,476.607452,5,5.066065
2.23445,2233,496.561035,476.612579,5,4.92973375
2.23448,2234,496.561035,476.6174,5,5.09878445
2.23570,2235,496.561035,476.6219,5,4.90246725
2.23757,2236,496.561035,476.627625,5,4.995173
2.23763,2237,496.561035,476.632751,5,5.07697153
2.23881,2238,496.561035,476.637756,5,5.05515862
2.23882,2239,496.561035,476.6419,5,5.05515862
2.24065,2240,496.561035,476.647,5,4.82612228
2.24248,2241,496.561035,476.6532,5,5.006079
2.24250,2242,496.561035,476.658142,5,4.995173
2.24369,2243,496.561035,476.66272,5,5.180583
2.24553,2244,496.561035,476.666931,5,5.038799
2.24555,2245,496.561035,476.672852,5,4.858842
2.24682,2246,496.561035,476.677917,5,4.96245337
2.24684,2247,496.561035,476.6831,5,4.95154667
2.24862,2248,496.561035,476.692474,5,4.97335958
2.25050,2249,496.561035,476.6979,5,4.96245337
2.25053,2250,496.561035,476.6979,5,4.96245337
2.25172,2251,496.561035,476.708374,5,5.016986
2.25355,2252,496.561035,476.713074,5,5.180583
2.25358,2253,496.561035,476.717834,5,4.98426628
2.25481,2254,496.561035,476.722717,5,4.98426628
2.25483,2255,496.561035,476.7279,5,4.869748
2.25664,2256,496.561035,476.7336,5,5.066065
2.25847,2257,496.561035,476.738037,5,5.087878
2.25851,2258,496.561035,476.74292,5,5.016986
2.25969,2259,496.561035,476.7475,5,4.96245337
2.26179,2260,496.561035,476.753143,5,4.81521559
2.26182,2261,496.561035,476.7588,5,5.13150358
2.26282,2262,496.561035,476.7633,5,5.09878445
2.26284,2263,496.561035,476.7681,5,5.14241028
2.26463,2264,496.561035,476.7727,5,4.96245337
2.26648,2265,496.561035,476.778656,5,4.90246725
2.26651,2266,496.561035,476.7836,5,5.087878
2.26771,2267,496.561035,476.788269,5,5.006079
2.26954,2268,496.561035,476.7929,5,5.087878
2.26957,2269,496.561035,476.798,5,4.847935
2.27082,2270,496.561035,476.803741,5,4.97335958
2.27083,2271,496.561035,476.80835,5,5.05515862
2.27261,2272,496.561035,476.813354,5,5.066065
2.27448,2273,496.561035,476.817871,5,5.016986
2.27450,2274,496.561035,476.8233,5,4.847935
2.27568,2275,496.561035,476.828552,5,5.02789259
2.27755,2276,496.561035,476.833221,5,4.96245337
2.27756,2277,496.561035,476.83847,5,5.109691
2.27881,2278,496.561035,476.843262,5,5.02789259
2.27883,2279,496.561035,476.8489,5,5.016986
2.28063,2280,496.561035,476.853577,5,5.12059736
2.28248,2281,496.561035,476.8584,5,4.98426628
2.28252,2282,496.561035,476.863342,5,5.038799
2.28370,2283,496.561035,476.868378,5,4.858842
2.28555,2284,496.561035,476.8739,5,5.038799
2.28559,2285,496.561035,476.87854,5,5.02789259
2.28681,2286,496.561035,476.8835,5,5.016986
2.28683,2287,496.561035,476.888245,5,5.016986
2.28866,2288,496.561035,476.8937,5,4.891561
2.29044,2289,496.561035,476.898834,5,5.087878
2.29046,2290,496.561035,476.9035,5,4.98426628
2.29172,2291,496.561035,476.9087,5,5.09878445
2.29355,2292,496.561035,476.913544,5,5.006079
2.29358,2293,496.561035,476.919037,5,4.995173
2.29491,2294,496.561035,476.923462,5,5.02789259
2.29494,2295,496.561035,476.9286,5,4.913374
2.29662,2296,496.561035,476.9338,5,5.066065
2.31237,2297,496.561035,476.939148,5,4.95154667
2.31241,2298,496.561035,476.9441,5,5.066065
2.31243,2299,496.561035,476.948517,5,4.95154667
2.31245,2300,496.561035,476.95462,5,4.95154667
2.31247,2301,496.561035,476.959442,5,5.09878445
2.31249,2302,496.561035,476.965057,5,5.02789259
2.31251,2303,496.561035,476.9689,5,5.09878445
2.31252,2304,496.561035,476.973938,5,4.847935
2.31253,2305,496.561035,476.979858,5,4.95154667
2.31254,2306,496.561035,476.984772,5,5.006079
2.31257,2307,496.561035,476.989716,5,5.12059736
2.31259,2308,496.561035,476.993927,5,5.12059736
2.31268,2309,496.561035,476.998566,5,4.837029
2.31273,2310,496.561035,477.0043,5,4.95154667
2.31276,2311,496.561035,477.009277,5,4.92973375
2.31278,2312,496.561035,477.0143,5,5.13150358
2.31451,2313,496.561035,477.0187,5,5.016986
2.31454,2314,496.561035,477.024078,5,4.90246725
2.31568,2315,496.561035,477.029022,5,4.96245337
2.31763,2316,496.561035,477.034363,5,4.913374
2.31767,2317,496.561035,477.039337,5,5.164223
2.31882,2318,496.561035,477.0439,5,4.98426628
2.31883,2319,496.561035,477.048859,5,4.95154667
2.32067,2320,496.561035,477.05368,5,4.869748
2.32245,2321,496.561035,477.05954,5,4.95154667
2.32247,2322,496.561035,477.064148,5,5.109691
2.32369,2323,496.561035,477.068878,5,4.98426628
2.32554,2324,496.561035,477.073578,5,5.006079
2.32557,2325,496.561035,477.078766,5,4.777043
2.32683,2326,496.561035,477.084717,5,5.02789259
2.32684,2327,496.561035,477.089233,5,5.12059736
2.32866,2328,496.561035,477.094116,5,5.09878445
2.33048,2329,496.561035,477.0986,5,5.05515862
2.33052,2330,496.561035,477.104279,5,4.837029
2.33170,2331,496.561035,477.109619,5,5.066065
2.33355,2332,496.561035,477.114136,5,4.995173
2.33358,2333,496.561035,477.119,5,5.087878
2.33482,2334,496.561035,477.123657,5,4.92973375
2.33484,2335,496.561035,477.129547,5,4.88065434
2.33661,2336,496.561035,477.134338,5,5.07697153
2.33849,2337,496.561035,477.139221,5,5.016986
2.33852,2338,496.561035,477.1438,5,5.07697153
2.33969,2339,496.561035,477.148926,5,4.858842
2.34155,2340,496.561035,477.15448,5,4.97335958
2.34158,2341,496.561035,477.159058,5,4.97335958
2.34283,2342,496.561035,477.164246,5,5.02789259
2.34286,2343,496.561035,477.169067,5,5.087878
2.34499,2344,496.561035,477.1745,5,4.95154667
2.34647,2345,496.561035,477.1795,5,5.13150358
2.34649,2346,496.561035,477.184235,5,5.006079
2.34773,2347,496.561035,477.1892,5,5.02789259
2.34954,2348,496.561035,477.194,5,4.913374
2.34958,2349,496.561035,477.204376,5,5.07697153
2.35082,2350,496.561035,477.2093,5,4.995173
2.35083,2351,496.561035,477.214081,5,5.066065
2.35265,2352,496.561035,477.2192,5,4.869748
2.35444,2353,496.561035,477.2247,5,5.016986
2.35445,2354,496.561035,477.229248,5,4.995173
2.35570,2355,496.561035,477.2344,5,5.006079
2.35756,2356,496.561035,477.239258,5,5.07697153
2.35760,2357,496.561035,477.2446,5,4.94064
2.35881,2358,496.561035,477.249359,5,5.066065
2.35883,2359,496.561035,477.254059,5,4.90246725
2.36065,2360,496.561035,477.2595,5,5.02789259
2.36244,2361,496.561035,477.264465,5,5.006079
2.36245,2362,496.561035,477.269623,5,4.98426628
2.36371,2363,496.561035,477.273926,5,5.038799
2.36556,2364,496.561035,477.279572,5,4.858842
2.36558,2365,496.561035,477.284821,5,5.07697153
2.36683,2366,496.561035,477.289764,5,5.02789259
2.36687,2367,496.561035,477.294647,5,5.109691
2.36865,2368,496.561035,477.29895,5,4.94064
2.37043,2369,496.561035,477.3049,5,4.858842
2.37044,2370,496.561035,477.3101,5,5.016986
2.37170,2371,496.561035,477.315063,5,5.016986
2.37354,2372,496.561035,477.3195,5,5.191489
2.37356,2373,496.561035,477.32428,5,4.891561
2.37481,2374,496.561035,477.329865,5,4.90246725
2.37483,2375,496.561035,477.3348,5,4.94064
2.37664,2376,496.561035,477.340057,5,5.02789259
2.37849,2377,496.561035,477.344421,5,5.13150358
2.37854,2378,496.561035,477.3496,5,4.891561
2.37970,2379,496.561035,477.354736,5,4.98426628
2.38157,2380,496.561035,477.359833,5,4.913374
2.38161,2381,496.561035,477.3652,5,5.12059736
2.38281,2382,496.561035,477.369629,5,5.09878445
2.38284,2383,496.561035,477.374664,5,4.95154667
2.38466,2384,496.561035,477.3794,5,4.92973375
2.38642,2385,496.561035,477.3851,5,4.869748
2.38644,2386,496.561035,477.390137,5,5.13150358
2.38770,2387,496.561035,477.394623,5,5.006079
2.38953,2388,496.561035,477.399445,5,5.02789259
2.38961,2389,496.561035,477.404236,5,4.847935
2.39086,2390,496.561035,477.410339,5,4.88065434
2.39088,2391,496.561035,477.415466,5,5.164223
2.39267,2392,496.561035,477.419922,5,5.087878
2.39443,2393,496.561035,477.424469,5,5.13150358
2.39444,2394,496.561035,477.4297,5,4.847935
2.39569,2395,496.561035,477.4355,5,4.98426628
2.39754,2396,496.561035,477.439972,5,5.038799
2.39756,2397,496.561035,477.444855,5,5.05515862
2.39882,2398,496.561035,477.449432,5,5.038799
2.39884,2399,496.561035,477.455475,5,4.82612228
2.40064,2400,496.561035,477.460571,5,5.05515862
2.40243,2401,496.561035,477.465363,5,5.006079
2.40245,2402,496.561035,477.470032,5,5.09878445
2.40369,2403,496.561035,477.4749,5,4.94064
2.40551,2404,496.561035,477.4806,5,4.891561
2.40552,2405,496.561035,477.485229,5,5.016986
2.40682,2406,496.561035,477.490662,5,4.97335958
2.40683,2407,496.561035,477.494934,5,5.13150358
2.40865,2408,496.561035,477.500122,5,4.96245337
2.41042,2409,496.561035,477.505524,5,5.09878445
2.41044,2410,496.561035,477.51004,5,5.066065
2.41172,2411,496.561035,477.515137,5,4.98426628
2.41351,2412,496.561035,477.519867,5,5.006079
2.41353,2413,496.561035,477.525452,5,4.88065434
2.41481,2414,496.561035,477.530457,5,5.09878445
2.41484,2415,496.561035,477.535217,5,5.016986
2.41664,2416,496.561035,477.540161,5,5.07697153
2.41845,2417,496.561035,477.544983,5,4.95154667
2.41847,2418,496.561035,477.550629,5,4.97335958
2.41970,2419,496.561035,477.5553,5,5.07697153
2.42151,2420,496.561035,477.5604,5,4.995173
2.42153,2421,496.561035,477.565338,5,5.12059736
2.42281,2422,496.561035,477.570557,5,4.94064
2.42283,2423,496.561035,477.575653,5,5.066065
2.42464,2424,496.561035,477.580139,5,4.96245337
2.42643,2425,496.561035,477.585632,5,4.97335958
2.42644,2426,496.561035,477.5906,5,5.066065
2.42771,2427,496.561035,477.5958,5,4.95154667
2.42954,2428,496.561035,477.60025,5,5.09878445
2.42957,2429,496.561035,477.6052,5,4.88065434
2.43081,2430,496.561035,477.6109,5,5.02789259
2.43083,2431,496.561035,477.616241,5,5.066065
2.43261,2432,496.561035,477.620758,5,5.087878
2.43443,2433,496.561035,477.624817,5,5.016986
2.43444,2434,496.561035,477.630524,5,4.82612228
2.43570,2435,496.561035,477.636322,5,5.006079
2.43755,2436,496.561035,477.641266,5,4.995173
2.43757,2437,496.561035,477.645874,5,5.191489
2.43881,2438,496.561035,477.65036,5,4.98426628
2.43883,2439,496.561035,477.656067,5,4.847935
2.44062,2440,496.561035,477.66095,5,4.94064
2.44243,2441,496.561035,477.666168,5,4.95154667
2.44244,2442,496.561035,477.6707,5,5.153317
2.44371,2443,496.561035,477.675629,5,4.92973375
2.44553,2444,496.561035,477.6809,5,4.96245337
2.44555,2445,496.561035,477.685852,5,4.94064
2.44686,2446,496.561035,477.691345,5,5.02789259
2.44689,2447,496.561035,477.69577,5,5.14241028
2.44860,2448,496.561035,477.700653,5,4.92973375
2.45043,2449,496.561035,477.705475,5,4.95154667
2.45044,2450,496.561035,477.710938,5,4.82612228
2.45170,2451,496.561035,477.7207,5,5.038799
2.45354,2452,496.561035,477.725555,5,4.98426628
2.45356,2453,496.561035,477.7302,5,4.92973375
2.45481,2454,496.561035,477.736084,5,4.78794956
2.45483,2455,496.561035,477.741333,5,5.13150358
2.45661,2456,496.561035,477.746,5,5.07697153
2.45842,2457,496.561035,477.750641,5,5.13150358
2.45843,2458,496.561035,477.755524,5,4.95154667
2.45970,2459,496.561035,477.761475,5,4.90246725
2.46157,2460,496.561035,477.7661,5,5.087878
2.46160,2461,496.561035,477.770935,5,5.02789259
2.46282,2462,496.561035,477.7755,5,5.07697153
2.46284,2463,496.561035,477.7809,5,4.837029
2.46465,2464,496.561035,477.786377,5,4.98426628
2.46645,2465,496.561035,477.791016,5,5.02789259
2.46647,2466,496.561035,477.7959,5,5.05515862
2.46778,2467,496.561035,477.800537,5,5.016986
2.46952,2468,496.561035,477.806122,5,4.837029
2.46953,2469,496.561035,477.811066,5,5.016986
2.47081,2470,496.561035,477.816254,5,4.95154667
2.47082,2471,496.561035,477.821,5,5.109691
2.47259,2472,496.561035,477.825958,5,5.016986
2.47443,2473,496.561035,477.831543,5,5.016986
2.47444,2474,496.561035,477.8361,5,5.109691
2.47569,2475,496.561035,477.841064,5,4.97335958
2.47752,2476,496.561035,477.8458,5,5.016986
2.47754,2477,496.561035,477.851135,5,4.847935
2.47883,2478,496.561035,477.8564,5,5.016986
2.47884,2479,496.561035,477.861053,5,5.02789259
2.48062,2480,496.561035,477.866425,5,5.006079
2.48244,2481,496.561035,477.870758,5,5.006079
2.48246,2482,496.561035,477.876343,5,4.88065434
2.48369,2483,496.561035,477.8812,5,5.066065
2.48554,2484,496.561035,477.886017,5,4.97335958
2.48556,2485,496.561035,477.8912,5,5.087878
2.48686,2486,496.561035,477.896027,5,4.995173
2.48689,2487,496.561035,477.9015,5,4.98426628
2.48861,2488,496.561035,477.905853,5,5.02789259
2.49046,2489,496.561035,477.911133,5,4.90246725
2.49047,2490,496.561035,477.91687,5,5.05515862
2.49169,2491,496.561035,477.9213,5,4.95154667
2.49353,2492,496.561035,477.926178,5,5.066065
2.49354,2493,496.561035,477.9306,5,4.96245337
2.49496,2494,496.561035,477.936462,5,4.92973375
2.49499,2495,496.561035,477.9418,5,5.07697153
2.49662,2496,496.561035,477.946838,5,5.02789259
2.49848,2497,496.561035,477.9509,5,5.087878
2.49850,2498,496.561035,477.956146,5,4.847935
2.49971,2499,496.561035,477.961945,5,4.95154667
2.50153,2500,496.561035,477.967133,5,4.995173
2.50154,2501,496.561035,477.971741,5,5.09878445
2.50284,2502,496.561035,477.976227,5,5.12059736
2.50286,2503,496.561035,477.9818,5,4.82612228
2.50460,2504,496.561035,477.9869,5,4.94064
2.50643,2505,496.561035,477.992035,5,4.92973375
2.50644,2506,496.561035,477.9969,5,5.13150358
2.50769,2507,496.561035,478.001465,5,5.02789259
2.50952,2508,496.561035,478.0069,5,4.913374
2.50954,2509,496.561035,478.0114,5,4.97335958
2.51082,2510,496.561035,478.016968,5,4.92973375
2.51085,2511,496.561035,478.0217,5,5.191489
2.51264,2512,496.561035,478.026337,5,4.995173
2.51447,2513,496.561035,478.03125,5,4.95154667
2.51450,2514,496.561035,478.0363,5,4.869748
2.51569,2515,496.561035,478.042023,5,4.92973375
2.51752,2516,496.561035,478.046417,5,5.109691
2.51754,2517,496.561035,478.051239,5,4.97335958
2.51889,2518,496.561035,478.055817,5,4.995173
2.51891,2519,496.561035,478.061249,5,4.75523
2.52062,2520,496.561035,478.067017,5,4.995173
2.52246,2521,496.561035,478.071472,5,5.109691
2.52248,2522,496.561035,478.076324,5,5.07697153
2.52370,2523,496.561035,478.080841,5,5.038799
2.52554,2524,496.561035,478.086639,5,4.798856
2.52558,2525,496.561035,478.091766,5,5.038799
2.52684,2526,496.561035,478.0964,5,4.995173
2.52687,2527,496.561035,478.101135,5,5.07697153
2.52865,2528,496.561035,478.105957,5,4.95154667
2.53044,2529,496.561035,478.111755,5,4.869748
2.53046,2530,496.561035,478.116547,5,5.07697153
2.53170,2531,496.561035,478.121429,5,5.016986
2.53352,2532,496.561035,478.126,5,5.087878
2.53354,2533,496.561035,478.1313,5,4.858842
2.53483,2534,496.561035,478.1367,5,4.96245337
2.53485,2535,496.561035,478.1413,5,4.98426628
2.53660,2536,496.561035,478.146484,5,5.016986
2.53846,2537,496.561035,478.1513,5,5.12059736
2.53849,2538,496.561035,478.156921,5,4.95154667
2.53970,2539,496.561035,478.161743,5,5.13150358
2.54155,2540,496.561035,478.166473,5,5.016986
2.54157,2541,496.561035,478.171448,5,5.02789259
2.54283,2542,496.561035,478.176331,5,4.94064
2.54285,2543,496.561035,478.182037,5,4.95154667
2.54503,2544,496.561035,478.1866,5,5.087878
2.54645,2545,496.561035,478.19165,5,5.006079
2.54647,2546,496.561035,478.196381,5,5.07697153
2.54770,2547,496.561035,478.201721,5,4.891561
2.54954,2548,496.561035,478.211578,5,5.02789259
2.54956,2549,496.561035,478.216858,5,5.016986
2.55082,2550,496.561035,478.221649,5,5.087878
2.55085,2551,496.561035,478.227081,5,4.94064
2.55262,2552,496.561035,478.231659,5,5.07697153
2.55446,2553,496.561035,478.2366,5,4.913374
2.55447,2554,496.561035,478.242,5,5.02789259
2.55569,2555,496.561035,478.246918,5,5.016986
2.55753,2556,496.561035,478.252075,5,4.98426628
2.55756,2557,496.561035,478.256653,5,5.066065
2.55882,2558,496.561035,478.2623,5,4.869748
2.55885,2559,496.561035,478.267883,5,5.07697153
2.56062,2560,496.561035,478.2726,5,5.05515862
2.56244,2561,496.561035,478.276978,5,5.109691
2.56246,2562,496.561035,478.281647,5,4.95154667
2.56371,2563,496.561035,478.2876,5,4.858842
2.56553,2564,496.561035,478.292633,5,5.016986
2.56554,2565,496.561035,478.297638,5,5.02789259
2.56682,2566,496.561035,478.3019,5,5.202396
2.56683,2567,496.561035,478.307037,5,4.90246725
2.56860,2568,496.561035,478.312469,5,4.913374
2.57046,2569,496.561035,478.317474,5,4.94064
2.57049,2570,496.561035,478.3226,5,5.038799
2.57169,2571,496.561035,478.326965,5,5.13150358
2.57354,2572,496.561035,478.3323,5,4.90246725
2.57356,2573,496.561035,478.33728,5,4.995173
2.57483,2574,496.561035,478.342621,5,4.913374
2.57485,2575,496.561035,478.347778,5,5.13150358
2.57664,2576,496.561035,478.3523,5,5.09878445
2.57847,2577,496.561035,478.357269,5,4.95154667
2.57851,2578,496.561035,478.362122,5,4.95154667
2.57979,2579,496.561035,478.36795,5,4.88065434
2.58155,2580,496.561035,478.37265,5,5.13150358
2.58158,2581,496.561035,478.377258,5,5.006079
2.58281,2582,496.561035,478.382,5,5.016986
2.58283,2583,496.561035,478.387146,5,4.858842
2.58460,2584,496.561035,478.393127,5,4.90246725
2.58646,2585,496.561035,478.397766,5,5.180583
2.58648,2586,496.561035,478.402649,5,5.09878445
2.58770,2587,496.561035,478.407074,5,5.12059736
2.58955,2588,496.561035,478.412659,5,4.858842
2.58957,2589,496.561035,478.418152,5,4.995173
2.59082,2590,496.561035,478.422668,5,5.038799
2.59084,2591,496.561035,478.427521,5,5.066065
2.59260,2592,496.561035,478.432129,5,5.016986
2.59448,2593,496.561035,478.438,5,4.837029
2.59450,2594,496.561035,478.442932,5,5.05515862
2.59570,2595,496.561035,478.447754,5,5.016986
2.59757,2596,496.561035,478.4527,5,5.09878445
2.59759,2597,496.561035,478.457825,5,4.92973375
2.59882,2598,496.561035,478.463348,5,4.913374
2.59885,2599,496.561035,478.467926,5,5.016986
2.60060,2600,496.561035,478.4731,5,4.98426628
2.60245,2601,496.561035,478.477966,5,5.13150358
2.60249,2602,496.561035,478.483459,5,4.95154667
2.60369,2603,496.561035,478.488739,5,5.09878445
2.60558,2604,496.561035,478.4934,5,5.066065
2.60562,2605,496.561035,478.498444,5,4.995173
2.60682,2606,496.561035,478.5033,5,4.995173
2.60684,2607,496.561035,478.508331,5,4.891561
2.60863,2608,496.561035,478.513062,5,5.09878445
2.61047,2609,496.561035,478.517975,5,5.016986
2.61049,2610,496.561035,478.522766,5,5.07697153
2.61171,2611,496.561035,478.5279,5,4.94064
2.61353,2612,496.561035,478.5334,5,4.96245337
2.61356,2613,496.561035,478.5379,5,5.05515862
2.61483,2614,496.561035,478.543152,5,4.98426628
2.61485,2615,496.561035,478.547974,5,5.109691
2.61661,2616,496.561035,478.553375,5,4.94064
2.61846,2617,496.561035,478.558167,5,5.07697153
2.61850,2618,496.561035,478.5629,5,4.96245337
2.61970,2619,496.561035,478.568329,5,4.98426628
2.62157,2620,496.561035,478.5634,5,5.07697153
2.62161,2621,496.561035,478.5788,5,4.96245337
2.62282,2622,496.561035,478.58313,5,5.09878445
2.62284,2623,496.561035,478.5885,5,4.891561
2.62461,2624,496.561035,478.5937,5,5.05515862
2.62647,2625,496.561035,478.598724,5,5.066065
2.62649,2626,496.561035,478.603516,5,5.09878445
2.62770,2627,496.561035,478.607941,5,5.016986
2.62954,2628,496.561035,478.613983,5,4.847935
2.62955,2629,496.561035,478.61908,5,5.02789259
2.63084,2630,496.561035,478.6241,5,5.006079
2.63086,2631,496.561035,478.628479,5,5.202396
2.63263,2632,496.561035,478.633362,5,4.97335958
2.63446,2633,496.561035,478.638947,5,4.88065434
2.63450,2634,496.561035,478.643829,5,4.96245337
2.63569,2635,496.561035,478.649139,5,4.98426628
2.63753,2636,496.561035,478.6535,5,5.164223
2.63755,2637,496.561035,478.6587,5,4.913374
2.63884,2638,496.561035,478.663818,5,4.98426628
2.63887,2639,496.561035,478.668976,5,4.94064
2.64062,2640,496.561035,478.674347,5,5.07697153
2.64247,2641,496.561035,478.678741,5,5.153317
2.64250,2642,496.561035,478.683777,5,4.95154667
2.64370,2643,496.561035,478.6885,5,4.96245337
2.64556,2644,496.561035,478.6943,5,4.847935
2.64559,2645,496.561035,478.699219,5,5.087878
2.64685,2646,496.561035,478.703735,5,5.038799
2.64687,2647,496.561035,478.708527,5,5.006079
2.64862,2648,496.561035,478.7134,5,4.90246725
2.65047,2649,496.561035,478.7195,5,4.837029
2.65052,2650,496.561035,478.724243,5,5.153317
2.65169,2651,496.561035,478.733551,5,5.14241028
2.65352,2652,496.561035,478.738953,5,4.90246725
2.65355,2653,496.561035,478.7446,5,4.94064
2.65482,2654,496.561035,478.7491,5,5.066065
2.65485,2655,496.561035,478.754,5,5.02789259
2.65664,2656,496.561035,478.758575,5,5.07697153
2.65846,2657,496.561035,478.764252,5,4.837029
2.65848,2658,496.561035,478.7694,5,5.006079
2.65970,2659,496.561035,478.774139,5,5.02789259
2.66169,2660,496.561035,478.7789,5,5.087878
2.66173,2661,496.561035,478.783783,5,4.995173
2.66285,2662,496.561035,478.7895,5,4.88065434
2.66286,2663,496.561035,478.794067,5,5.038799
2.66461,2664,496.561035,478.799255,5,4.97335958
2.66647,2665,496.561035,478.804138,5,5.14241028
2.66650,2666,496.561035,478.809479,5,5.006079
2.66769,2667,496.561035,478.814758,5,5.066065
2.66954,2668,496.561035,478.819336,5,5.109691
2.66956,2669,496.561035,478.824371,5,4.995173
2.67082,2670,496.561035,478.829041,5,5.02789259
2.67083,2671,496.561035,478.834747,5,4.858842
2.67264,2672,496.561035,478.839569,5,5.066065
2.67446,2673,496.561035,478.844452,5,5.02789259
2.67448,2674,496.561035,478.849335,5,5.038799
2.67570,2675,496.561035,478.85434,5,4.98426628
2.67769,2676,496.561035,478.859863,5,4.92973375
2.67776,2677,496.561035,478.864441,5,5.07697153
2.67885,2678,496.561035,478.8696,5,4.97335958
2.67890,2679,496.561035,478.8745,5,5.109691
2.68064,2680,496.561035,478.879761,5,4.96245337
2.68259,2681,496.561035,478.884735,5,5.02789259
2.68262,2682,496.561035,478.889252,5,5.006079
2.68369,2683,496.561035,478.894745,5,4.94064
2.68556,2684,496.561035,478.89975,5,5.07697153
2.68559,2685,496.561035,478.905243,5,4.95154667
2.68682,2686,496.561035,478.9096,5,5.09878445
2.68686,2687,496.561035,478.9148,5,4.92973375
2.68864,2688,496.561035,478.920746,5,4.995173
2.69047,2689,496.561035,478.9254,5,5.07697153
2.69050,2690,496.561035,478.930054,5,5.038799
2.69169,2691,496.561035,478.9344,5,5.066065
2.69356,2692,496.561035,478.940125,5,4.82612228
2.69359,2693,496.561035,478.9455,5,4.995173
2.69493,2694,496.561035,478.950378,5,4.995173
2.69495,2695,496.561035,478.954956,5,5.153317
2.69661,2696,496.561035,478.959534,5,5.05515862
2.69850,2697,496.561035,478.96524,5,4.837029
2.69852,2698,496.561035,478.9705,5,4.95154667
2.69970,2699,496.561035,478.9754,5,4.92973375
2.70157,2700,496.561035,478.979828,5,5.164223
2.70159,2701,496.561035,478.985229,5,4.97335958
2.70282,2702,496.561035,478.990417,5,4.94064
2.70283,2703,496.561035,478.995453,5,4.96245337
2.70465,2704,496.561035,479.0009,5,4.98426628
2.70646,2705,496.561035,479.005249,5,5.180583
2.70648,2706,496.561035,479.010284,5,4.95154667
2.70770,2707,496.561035,479.015076,5,4.96245337
2.70957,2708,496.561035,479.02066,5,4.847935
2.70959,2709,496.561035,479.025543,5,5.016986
2.71081,2710,496.561035,479.029938,5,5.087878
2.71082,2711,496.561035,479.034821,5,4.98426628
2.71267,2712,496.561035,479.0395,5,4.96245337
2.71444,2713,496.561035,479.0455,5,4.76613665
2.71447,2714,496.561035,479.050476,5,5.087878
2.71571,2715,496.561035,479.055145,5,5.07697153
2.71752,2716,496.561035,479.0597,5,5.109691
2.71754,2717,496.561035,479.0646,5,4.95154667
2.71883,2718,496.561035,479.070465,5,4.798856
2.71884,2719,496.561035,479.075043,5,5.038799
2.72064,2720,496.561035,479.0798,5,4.94064
2.72247,2721,496.561035,479.0843,5,5.038799
2.72250,2722,496.561035,479.089569,5,4.81521559
2.72369,2723,496.561035,479.095062,5,4.847935
2.72555,2724,496.561035,479.09964,5,5.006079
2.72558,2725,496.561035,479.1045,5,4.97335958
2.72682,2726,496.561035,479.10907,5,5.016986
2.72683,2727,496.561035,479.1146,5,4.78794956
2.72869,2728,496.561035,479.1196,5,4.95154667
2.73045,2729,496.561035,479.124359,5,4.94064
2.73047,2730,496.561035,479.1295,5,5.02789259
2.73171,2731,496.561035,479.134369,5,5.066065
2.73354,2732,496.561035,479.139984,5,4.95154667
2.73356,2733,496.561035,479.144562,5,5.13150358
2.73482,2734,496.561035,479.149536,5,5.006079
2.73484,2735,496.561035,479.154358,5,5.038799
2.73664,2736,496.561035,479.159546,5,4.90246725
2.73851,2737,496.561035,479.165,5,4.96245337
2.73854,2738,496.561035,479.169617,5,5.07697153
2.73969,2739,496.561035,479.174652,5,5.006079
2.74156,2740,496.561035,479.179352,5,5.07697153
2.74158,2741,496.561035,479.184937,5,4.891561
2.74282,2742,496.561035,479.1899,5,5.05515862
2.74284,2743,496.561035,479.194733,5,5.016986
2.74506,2744,496.561035,479.1999,5,5.05515862
2.74643,2745,496.561035,479.204773,5,5.07697153
2.74644,2746,496.561035,479.210266,5,4.96245337
2.74770,2747,496.561035,479.214569,5,5.087878
2.74958,2748,496.561035,479.220276,5,4.92973375
2.74961,2749,496.561035,479.230438,5,5.006079
2.75082,2750,496.561035,479.2353,5,5.016986
2.75085,2751,496.561035,479.239868,5,5.038799
2.75264,2752,496.561035,479.239868,5,5.038799
2.75448,2753,496.561035,479.250732,5,5.09878445
2.75451,2754,496.561035,479.255768,5,5.05515862
2.75569,2755,496.561035,479.259827,5,5.12059736
2.75755,2756,496.561035,479.265076,5,4.913374
2.75759,2757,496.561035,479.270874,5,4.90246725
2.75881,2758,496.561035,479.275818,5,5.016986
2.75884,2759,496.561035,479.28064,5,5.05515862
2.76063,2760,496.561035,479.2849,5,5.180583
2.76245,2761,496.561035,479.2904,5,4.869748
2.76247,2762,496.561035,479.295532,5,4.92973375
2.76370,2763,496.561035,479.3007,5,4.913374
2.76556,2764,496.561035,479.3055,5,5.05515862
2.76559,2765,496.561035,479.3101,5,5.087878
2.76682,2766,496.561035,479.31546,5,4.88065434
2.76684,2767,496.561035,479.320343,5,4.98426628
2.76863,2768,496.561035,479.325836,5,4.90246725
2.77047,2769,496.561035,479.330566,5,5.14241028
2.77052,2770,496.561035,479.335266,5,5.05515862
2.77168,2771,496.561035,479.340179,5,4.94064
2.77356,2772,496.561035,479.3452,5,4.92973375
2.77359,2773,496.561035,479.350983,5,4.88065434
2.77481,2774,496.561035,479.3554,5,5.13150358
2.77483,2775,496.561035,479.3603,5,4.995173
2.77664,2776,496.561035,479.364868,5,5.016986
2.77845,2777,496.561035,479.3708,5,4.82612228
2.77847,2778,496.561035,479.3761,5,4.92973375
2.77971,2779,496.561035,479.3806,5,5.153317
2.78156,2780,496.561035,479.3854,5,5.07697153
2.78159,2781,496.561035,479.389984,5,5.09878445
2.78282,2782,496.561035,479.395874,5,4.837029
2.78283,2783,496.561035,479.400848,5,5.016986
2.78467,2784,496.561035,479.405579,5,5.02789259
2.78645,2785,496.561035,479.410278,5,5.07697153
2.78648,2786,496.561035,479.4152,5,4.995173
2.78769,2787,496.561035,479.421,5,4.837029
2.78957,2788,496.561035,479.4257,5,5.07697153
2.78960,2789,496.561035,479.4306,5,5.006079
2.79082,2790,496.561035,479.43512,5,5.09878445
2.79084,2791,496.561035,479.440521,5,4.913374
2.79263,2792,496.561035,479.4458,5,4.913374
2.79444,2793,496.561035,479.450439,5,4.995173
2.79447,2794,496.561035,479.4557,5,4.98426628
2.79571,2795,496.561035,479.460724,5,5.12059736
2.79754,2796,496.561035,479.4664,5,4.94064
2.79755,2797,496.561035,479.4708,5,5.109691
2.79886,2798,496.561035,479.475616,5,5.038799
2.79888,2799,496.561035,479.4808,5,4.98426628
2.80062,2800,496.561035,479.48584,5,4.97335958
2.80246,2801,496.561035,479.4914,5,4.891561
2.80251,2802,496.561035,479.496,5,5.087878
2.80369,2803,496.561035,479.500977,5,5.006079
2.80556,2804,496.561035,479.506,5,5.05515862
2.80559,2805,496.561035,479.5115,5,4.913374
2.80682,2806,496.561035,479.5165,5,4.96245337
2.80683,2807,496.561035,479.52063,5,5.02789259
2.80869,2808,496.561035,479.526428,5,4.98426628
2.81052,2809,496.561035,479.53125,5,5.087878
2.81057,2810,496.561035,479.536377,5,4.92973375
2.81173,2811,496.561035,479.540863,5,5.05515862
2.81357,2812,496.561035,479.5459,5,4.94064
2.81360,2813,496.561035,479.551239,5,4.97335958
2.81486,2814,496.561035,479.556152,5,5.038799
2.81487,2815,496.561035,479.561249,5,4.95154667
2.81661,2816,496.561035,479.565582,5,5.087878
2.81851,2817,496.561035,479.571228,5,4.88065434
2.81854,2818,496.561035,479.576569,5,5.038799
2.81970,2819,496.561035,479.581482,5,5.05515862
2.82153,2820,496.561035,479.585876,5,5.09878445
2.82157,2821,496.561035,479.5906,5,5.016986
2.82284,2822,496.561035,479.596558,5,4.837029
2.82287,2823,496.561035,479.601532,5,5.02789259
2.82467,2824,496.561035,479.606567,5,4.995173
2.82650,2825,496.561035,479.610748,5,5.191489
2.82653,2826,496.561035,479.6159,5,4.96245337
2.82769,2827,496.561035,479.6213,5,4.847935
2.82958,2828,496.561035,479.626251,5,4.94064
2.82961,2829,496.561035,479.631378,5,4.96245337
2.83082,2830,496.561035,479.635742,5,5.153317
2.83083,2831,496.561035,479.641052,5,4.90246725
2.83264,2832,496.561035,479.6461,5,4.95154667
2.83447,2833,496.561035,479.651276,5,4.913374
2.83450,2834,496.561035,479.6565,5,5.02789259
2.83571,2835,496.561035,479.660919,5,5.14241028
2.83755,2836,496.561035,479.665924,5,4.92973375
2.83758,2837,496.561035,479.671,5,4.94064
2.83882,2838,496.561035,479.676483,5,4.82612228
2.83884,2839,496.561035,479.6812,5,5.05515862
2.84063,2840,496.561035,479.685852,5,5.038799
2.84248,2841,496.561035,479.690521,5,4.98426628
2.84251,2842,496.561035,479.6955,5,4.90246725
2.84370,2843,496.561035,479.7015,5,4.777043
2.84555,2844,496.561035,479.706177,5,5.109691
2.84559,2845,496.561035,479.710968,5,5.066065
2.84683,2846,496.561035,479.715454,5,5.12059736
2.84685,2847,496.561035,479.7209,5,4.913374
2.84864,2848,496.561035,479.726471,5,4.88065434
2.85044,2849,496.561035,479.730957,5,5.066065
2.85047,2850,496.561035,479.735779,5,4.995173
2.85169,2851,496.561035,479.746155,5,4.82612228
2.85356,2852,496.561035,479.7512,5,4.97335958
2.85360,2853,496.561035,479.75592,5,5.016986
2.85482,2854,496.561035,479.760651,5,5.038799
2.85483,2855,496.561035,479.765533,5,5.016986
2.85663,2856,496.561035,479.77124,5,4.837029
2.85845,2857,496.561035,479.775818,5,5.02789259
2.85849,2858,496.561035,479.781,5,4.96245337
2.85969,2859,496.561035,479.785828,5,5.109691
2.86162,2860,496.561035,479.791229,5,5.016986
2.86164,2861,496.561035,479.796448,5,5.016986
2.86283,2862,496.561035,479.800964,5,5.12059736
2.86286,2863,496.561035,479.806061,5,4.98426628
2.86467,2864,496.561035,479.81073,5,5.038799
2.86643,2865,496.561035,479.816376,5,4.858842
2.86645,2866,496.561035,479.821533,5,5.038799
2.86769,2867,496.561035,479.8261,5,5.02789259
2.86956,2868,496.561035,479.831238,5,5.016986
2.86959,2869,496.561035,479.8359,5,5.016986
2.87082,2870,496.561035,479.841553,5,4.891561
2.87084,2871,496.561035,479.8461,5,5.07697153
2.87263,2872,496.561035,479.8516,5,4.97335958
2.87443,2873,496.561035,479.8564,5,5.087878
2.87445,2874,496.561035,479.861755,5,4.995173
2.87569,2875,496.561035,479.866638,5,4.995173
2.87754,2876,496.561035,479.871216,5,5.02789259
2.87757,2877,496.561035,479.8767,5,4.913374
2.87885,2878,496.561035,479.881622,5,5.07697153
2.87887,2879,496.561035,479.8868,5,4.95154667
2.88065,2880,496.561035,479.8912,5,5.066065
2.88243,2881,496.561035,479.8964,5,4.95154667
2.88245,2882,496.561035,479.901978,5,4.92973375
2.88371,2883,496.561035,479.906952,5,5.07697153
2.88557,2884,496.561035,479.911652,5,5.016986
2.88559,2885,496.561035,479.915863,5,5.087878
2.88681,2886,496.561035,479.9217,5,4.837029
2.88682,2887,496.561035,479.927,5,4.94064
2.88863,2888,496.561035,479.931915,5,4.995173
2.89044,2889,496.561035,479.936462,5,5.109691
2.89047,2890,496.561035,479.94104,5,5.12059736
2.89170,2891,496.561035,479.946716,5,4.82612228
2.89353,2892,496.561035,479.9516,5,4.94064
2.89355,2893,496.561035,479.9569,5,4.90246725
2.89501,2894,496.561035,479.961334,5,5.13150358
2.89506,2895,496.561035,479.96637,5,5.02789259
2.89668,2896,496.561035,479.9716,5,4.90246725
2.89843,2897,496.561035,479.9766,5,4.98426628
2.89845,2898,496.561035,479.982361,5,4.92973375
2.89970,2899,496.561035,479.986481,5,5.191489
2.90153,2900,496.561035,479.991425,5,4.995173
2.90154,2901,496.561035,479.996521,5,4.95154667
2.90285,2902,496.561035,480.0021,5,4.88065434
2.90288,2903,496.561035,480.0073,5,4.94064
2.90467,2904,496.561035,480.011719,5,5.109691
2.90643,2905,496.561035,480.0166,5,4.98426628
2.90645,2906,496.561035,480.021637,5,4.76613665
2.90769,2907,496.561035,480.027679,5,5.016986
2.90952,2908,496.561035,480.032562,5,5.12059736
2.90955,2909,496.561035,480.0373,5,5.09878445
2.91083,2910,496.561035,480.04126,5,5.09878445
2.91085,2911,496.561035,480.046234,5,5.05515862
2.91263,2912,496.561035,480.052155,5,4.82612228
2.91443,2913,496.561035,480.056732,5,5.05515862
2.91446,2914,496.561035,480.0616,5,4.98426628
2.91569,2915,496.561035,480.066071,5,5.07697153
2.91753,2916,496.561035,480.071472,5,4.90246725
2.91754,2917,496.561035,480.0769,5,4.837029
2.91883,2918,496.561035,480.081451,5,5.02789259
2.91885,2919,496.561035,480.086273,5,4.96245337
2.92062,2920,496.561035,480.0908,5,5.02789259
2.92244,2921,496.561035,480.0964,5,4.798856
2.92246,2922,496.561035,480.101318,5,4.891561
2.92368,2923,496.561035,480.106049,5,4.92973375
2.92552,2924,496.561035,480.111176,5,4.96245337
2.92553,2925,496.561035,480.116028,5,5.07697153
2.92682,2926,496.561035,480.1216,5,4.90246725
2.92683,2927,496.561035,480.126129,5,5.09878445
2.92865,2928,496.561035,480.131073,5,4.995173
2.93046,2929,496.561035,480.1359,5,4.98426628
2.93048,2930,496.561035,480.141144,5,4.92973375
2.93170,2931,496.561035,480.146545,5,4.90246725
2.93352,2932,496.561035,480.151154,5,5.087878
2.93353,2933,496.561035,480.1562,5,5.006079
2.93483,2934,496.561035,480.1612,5,5.07697153
2.93485,2935,496.561035,480.1668,5,4.891561
2.93666,2936,496.561035,480.171356,5,4.995173
2.93842,2937,496.561035,480.176117,5,5.016986
2.93844,2938,496.561035,480.1816,5,4.995173
2.93969,2939,496.561035,480.186554,5,5.09878445
2.94154,2940,496.561035,480.191956,5,4.92973375
2.94157,2941,496.561035,480.196259,5,5.07697153
2.94283,2942,496.561035,480.2016,5,4.92973375
2.94286,2943,496.561035,480.206757,5,5.006079
2.94500,2944,496.561035,480.2118,5,5.02789259
2.94648,2945,496.561035,480.216675,5,4.96245337
2.94651,2946,496.561035,480.22113,5,5.07697153
2.94775,2947,496.561035,480.226929,5,4.869748
2.94953,2948,496.561035,480.232025,5,5.066065
2.94955,2949,496.561035,480.237,5,5.038799
2.95085,2950,496.561035,480.24118,5,5.09878445
2.95087,2951,496.561035,480.246368,5,4.98426628
2.95262,2952,496.561035,480.2522,5,4.847935
2.95443,2953,496.561035,480.25708,5,5.02789259
2.95445,2954,496.561035,480.2662,5,5.202396
2.95571,2955,496.561035,480.271729,5,4.94064
2.95753,2956,496.561035,480.2769,5,4.88065434
2.95755,2957,496.561035,480.282,5,4.94064
2.95883,2958,496.561035,480.286835,5,5.006079
2.95884,2959,496.561035,480.291351,5,5.14241028
2.96061,2960,496.561035,480.2968,5,4.90246725
2.96246,2961,496.561035,480.301727,5,4.98426628
2.96249,2962,496.561035,480.30722,5,4.913374
2.96371,2963,496.561035,480.311951,5,5.09878445
2.96553,2964,496.561035,480.31665,5,5.12059736
2.96555,2965,496.561035,480.321564,5,4.94064
2.96686,2966,496.561035,480.3266,5,4.95154667
2.96689,2967,496.561035,480.332367,5,4.837029
2.96862,2968,496.561035,480.3368,5,5.109691
2.97042,2969,496.561035,480.341675,5,5.02789259
2.97044,2970,496.561035,480.346252,5,5.006079
2.97170,2971,496.561035,480.351776,5,4.88065434
2.97351,2972,496.561035,480.357483,5,4.858842
2.97352,2973,496.561035,480.362061,5,5.164223
2.97482,2974,496.561035,480.366882,5,5.087878
2.97483,2975,496.561035,480.3714,5,5.14241028
2.97660,2976,496.561035,480.377319,5,4.891561
2.97844,2977,496.561035,480.382355,5,4.96245337
2.97845,2978,496.561035,480.387024,5,5.05515862
2.97974,2979,496.561035,480.391754,5,5.05515862
2.98159,2980,496.561035,480.3967,5,5.05515862
2.98162,2981,496.561035,480.402435,5,4.837029
2.98284,2982,496.561035,480.4071,5,5.038799
2.98286,2983,496.561035,480.412079,5,5.016986
2.98461,2984,496.561035,480.416656,5,5.087878
2.98645,2985,496.561035,480.421967,5,4.97335958
2.98647,2986,496.561035,480.4274,5,4.891561
2.98771,2987,496.561035,480.432037,5,5.038799
2.98951,2988,496.561035,480.437225,5,4.97335958
2.98953,2989,496.561035,480.442,5,5.13150358
2.99085,2990,496.561035,480.447632,5,4.98426628
2.99088,2991,496.561035,480.452362,5,5.07697153
2.99264,2992,496.561035,480.4572,5,5.087878
2.99444,2993,496.561035,480.462128,5,4.98426628
2.99445,2994,496.561035,480.467133,5,5.016986
2.99570,2995,496.561035,480.472748,5,5.087878
2.99753,2996,496.561035,480.477325,5,5.087878
2.99754,2997,496.561035,480.482361,5,5.016986
2.99885,2998,496.561035,480.487366,5,4.96245337
2.99887,2999,496.561035,480.493164,5,4.92973375
3.00064,3000,496.561035,480.4982,5,5.066065
3.00245,3001,496.561035,480.50293,5,4.96245337
3.00247,3002,496.561035,480.508118,5,5.09878445
3.00369,3003,496.561035,480.512939,5,4.94064
3.00551,3004,496.561035,480.518372,5,5.02789259
3.00552,3005,496.561035,480.522766,5,4.97335958
3.00683,3006,496.561035,480.527954,5,4.94064
3.00687,3007,496.561035,480.533234,5,5.066065
3.00864,3008,496.561035,480.5385,5,4.94064
3.01046,3009,496.561035,480.543152,5,5.09878445
3.01047,3010,496.561035,480.547577,5,4.90246725
3.01178,3011,496.561035,480.552917,5,4.995173
3.01354,3012,496.561035,480.5582,5,5.07697153
3.01356,3013,496.561035,480.563782,5,5.066065
3.01483,3014,496.561035,480.5675,5,5.05515862
3.01487,3015,496.561035,480.572632,5,4.82612228
3.01661,3016,496.561035,480.578583,5,5.016986
3.01843,3017,496.561035,480.583527,5,4.995173
3.01845,3018,496.561035,480.588562,5,5.180583
3.01970,3019,496.561035,480.5927,5,5.038799
3.02153,3020,496.561035,480.598053,5,4.847935
3.02155,3021,496.561035,480.603363,5,4.95154667
3.02294,3022,496.561035,480.608276,5,4.913374
3.02296,3023,496.561035,480.613373,5,5.153317
3.02461,3024,496.561035,480.617737,5,4.94064
3.02645,3025,496.561035,480.6232,5,4.94064
3.02647,3026,496.561035,480.628082,5,4.95154667
3.02769,3027,496.561035,480.633453,5,4.98426628
3.02953,3028,496.561035,480.638458,5,5.164223
3.02955,3029,496.561035,480.642975,5,4.95154667
3.03086,3030,496.561035,480.647949,5,4.96245337
3.03088,3031,496.561035,480.652832,5,4.847935
3.03261,3032,496.561035,480.6587,5,5.02789259
3.03446,3033,496.561035,480.6633,5,5.07697153
3.03448,3034,496.561035,480.66803,5,4.995173
3.03569,3035,496.561035,480.672668,5,4.96245337
3.03751,3036,496.561035,480.677917,5,4.777043
3.03753,3037,496.561035,480.683868,5,5.109691
3.03886,3038,496.561035,480.6884,5,5.087878
3.03888,3039,496.561035,480.693268,5,5.13150358
3.04061,3040,496.561035,480.697754,5,4.98426628
3.04245,3041,496.561035,480.70343,5,4.88065434
3.04247,3042,496.561035,480.708771,5,5.09878445
3.04370,3043,496.561035,480.7134,5,5.016986
3.04555,3044,496.561035,480.71817,5,5.109691
3.04558,3045,496.561035,480.7229,5,4.869748
3.04687,3046,496.561035,480.72876,5,4.96245337
3.04689,3047,496.561035,480.733582,5,5.05515862
3.04862,3048,496.561035,480.738464,5,5.05515862
3.05050,3049,496.561035,480.743042,5,5.038799
3.05052,3050,496.561035,480.74823,5,4.858842
3.05170,3051,496.561035,480.753784,5,5.02789259
3.05353,3052,496.561035,480.7583,5,4.96245337
3.05354,3053,496.561035,480.76355,5,5.109691
3.05485,3054,496.561035,480.773926,5,5.006079
3.05488,3055,496.561035,480.778839,5,5.13150358
3.05661,3056,496.561035,480.783569,5,4.995173
3.05845,3057,496.561035,480.7886,5,5.05515862
3.05846,3058,496.561035,480.793335,5,4.858842
3.05970,3059,496.561035,480.799042,5,5.02789259
3.06160,3060,496.561035,480.8037,5,5.038799
3.06162,3061,496.561035,480.808716,5,5.016986
3.06286,3062,496.561035,480.813477,5,5.02789259
3.06289,3063,496.561035,480.818726,5,4.891561
3.06462,3064,496.561035,480.824127,5,5.087878
3.06647,3065,496.561035,480.8287,5,4.995173
3.06650,3066,496.561035,480.833923,5,5.09878445
3.06769,3067,496.561035,480.8387,5,5.016986
3.06952,3068,496.561035,480.844147,5,4.98426628
3.06954,3069,496.561035,480.848816,5,5.038799
3.07082,3070,496.561035,480.853546,5,4.90246725
3.07084,3071,496.561035,480.859039,5,5.066065
3.07260,3072,496.561035,480.863922,5,4.95154667
3.07444,3073,496.561035,480.8691,5,5.05515862
3.07446,3074,496.561035,480.8737,5,4.97335958
3.07570,3075,496.561035,480.878876,5,4.92973375
3.07754,3076,496.561035,480.884369,5,5.09878445
3.07756,3077,496.561035,480.8893,5,5.038799
3.07885,3078,496.561035,480.893829,5,5.09878445
3.07886,3079,496.561035,480.898254,5,4.858842
3.08064,3080,496.561035,480.904266,5,4.95154667
3.08246,3081,496.561035,480.9094,5,5.006079
3.08250,3082,496.561035,480.914368,5,5.109691
3.08369,3083,496.561035,480.918762,5,5.14241028
3.08557,3084,496.561035,480.923645,5,4.847935
3.08559,3085,496.561035,480.9293,5,4.95154667
3.08682,3086,496.561035,480.934174,5,4.94064
3.08684,3087,496.561035,480.9394,5,5.14241028
3.08860,3088,496.561035,480.9438,5,5.038799
3.09046,3089,496.561035,480.949,5,4.92973375
3.09048,3090,496.561035,480.9541,5,4.98426628
3.09171,3091,496.561035,480.9593,5,4.94064
3.09358,3092,496.561035,480.964569,5,5.191489
3.09362,3093,496.561035,480.969055,5,5.006079
3.09493,3094,496.561035,480.97403,5,4.96245337
3.09495,3095,496.561035,480.978821,5,4.88065434
3.09663,3096,496.561035,480.984558,5,4.96245337
3.09848,3097,496.561035,480.989746,5,5.12059736
3.09851,3098,496.561035,480.994324,5,4.995173
3.09969,3099,496.561035,480.9991,5,5.006079
3.10154,3100,496.561035,481.004028,5,4.777043
3.10157,3101,496.561035,481.0101,5,5.038799
3.10284,3102,496.561035,481.014832,5,5.13150358
3.10285,3103,496.561035,481.019958,5,5.109691
3.10459,3104,496.561035,481.0244,5,5.05515862
3.10648,3105,496.561035,481.029968,5,4.837029
3.10651,3106,496.561035,481.035461,5,5.07697153
3.10773,3107,496.561035,481.039978,5,4.995173
3.10956,3108,496.561035,481.044861,5,5.09878445
3.10958,3109,496.561035,481.048828,5,4.92973375
3.11084,3110,496.561035,481.0546,5,4.891561
3.11085,3111,496.561035,481.059723,5,5.087878
3.11263,3112,496.561035,481.064453,5,5.016986
3.11447,3113,496.561035,481.069122,5,5.066065
3.11450,3114,496.561035,481.073975,5,4.847935
3.11570,3115,496.561035,481.07962,5,4.95154667
3.11754,3116,496.561035,481.084167,5,4.95154667
3.11756,3117,496.561035,481.089264,5,5.006079
3.11882,3118,496.561035,481.0942,5,5.066065
3.11884,3119,496.561035,481.0994,5,4.913374
3.12061,3120,496.561035,481.104675,5,5.109691
3.12248,3121,496.561035,481.1092,5,4.98426628
3.12251,3122,496.561035,481.114227,5,4.995173
3.12370,3123,496.561035,481.118958,5,4.891561
3.12557,3124,496.561035,481.124878,5,4.92973375
3.12560,3125,496.561035,481.119537,5,5.066065
3.12684,3126,496.561035,481.134521,5,4.98426628
3.12686,3127,496.561035,481.139465,5,5.066065
3.12866,3128,496.561035,481.1443,5,4.869748
3.13045,3129,496.561035,481.149933,5,5.016986
3.13048,3130,496.561035,481.1545,5,5.016986
3.13170,3131,496.561035,481.159637,5,5.006079
3.13355,3132,496.561035,481.164581,5,5.087878
3.13359,3133,496.561035,481.169769,5,4.94064
3.13483,3134,496.561035,481.174866,5,5.07697153
3.13486,3135,496.561035,481.1793,5,4.913374
3.13661,3136,496.561035,481.1848,5,5.02789259
3.13849,3137,496.561035,481.189819,5,5.016986
3.13860,3138,496.561035,481.194946,5,4.995173
3.13971,3139,496.561035,481.199463,5,5.066065
3.14155,3140,496.561035,481.2044,5,4.869748
3.14158,3141,496.561035,481.2102,5,5.07697153
3.14282,3142,496.561035,481.215179,5,5.038799
3.14284,3143,496.561035,481.219971,5,5.109691
3.14496,3144,496.561035,481.224121,5,4.95154667
3.14645,3145,496.561035,481.229828,5,4.869748
3.14647,3146,496.561035,481.235321,5,5.016986
3.14771,3147,496.561035,481.240265,5,5.038799
3.14956,3148,496.561035,481.244873,5,5.202396
3.14958,3149,496.561035,481.24942,5,4.913374
3.15083,3150,496.561035,481.2551,5,4.92973375
3.15085,3151,496.561035,481.26004,5,4.95154667
3.15261,3152,496.561035,481.26532,5,5.066065
3.15447,3153,496.561035,481.27478,5,4.90246725
3.15451,3154,496.561035,481.280121,5,5.006079
3.15571,3155,496.561035,481.285065,5,4.913374
3.15756,3156,496.561035,481.2906,5,5.14241028
3.15759,3157,496.561035,481.295,5,5.09878445
3.15884,3158,496.561035,481.300018,5,4.96245337
3.15887,3159,496.561035,481.304779,5,4.95154667
3.16063,3160,496.561035,481.310272,5,4.891561
3.16245,3161,496.561035,481.315735,5,5.14241028
3.16246,3162,496.561035,481.320038,5,5.016986
3.16371,3163,496.561035,481.324982,5,5.038799
3.16561,3164,496.561035,481.3296,5,4.847935
3.16566,3165,496.561035,481.3356,5,4.913374
3.16683,3166,496.561035,481.3407,5,5.153317
3.16684,3167,496.561035,481.345428,5,5.087878
3.16862,3168,496.561035,481.349945,5,5.109691
3.17049,3169,496.561035,481.354919,5,4.837029
3.17054,3170,496.561035,481.36084,5,5.006079
3.17173,3171,496.561035,481.365417,5,5.016986
3.17357,3172,496.561035,481.370331,5,5.066065
3.17359,3173,496.561035,481.374878,5,5.006079
3.17482,3174,496.561035,481.3803,5,4.82612228
3.17484,3175,496.561035,481.385742,5,5.05515862
3.17663,3176,496.561035,481.39032,5,4.995173
3.17854,3177,496.561035,481.395264,5,5.087878
3.17858,3178,496.561035,481.399841,5,4.913374
3.17972,3179,496.561035,481.4055,5,4.90246725
3.18159,3180,496.561035,481.41037,5,5.016986
3.18162,3181,496.561035,481.415283,5,4.97335958
3.18284,3182,496.561035,481.4203,5,5.12059736
3.18285,3183,496.561035,481.425659,5,4.94064
3.18462,3184,496.561035,481.430847,5,5.087878
3.18643,3185,496.561035,481.4354,5,5.038799
3.18645,3186,496.561035,481.440369,5,4.995173
3.18770,3187,496.561035,481.4451,5,4.97335958
3.18955,3188,496.561035,481.450439,5,4.869748
3.18958,3189,496.561035,481.455719,5,5.07697153
3.19083,3190,496.561035,481.460358,5,4.995173
3.19084,3191,496.561035,481.4654,5,5.05515862
3.19264,3192,496.561035,481.470367,5,4.92973375
3.19446,3193,496.561035,481.476,5,4.95154667
3.19449,3194,496.561035,481.4808,5,5.05515862
3.19570,3195,496.561035,481.4857,5,4.96245337
3.19769,3196,496.561035,481.490753,5,5.09878445
3.19774,3197,496.561035,481.4957,5,4.913374
3.19884,3198,496.561035,481.501038,5,5.038799
3.19886,3199,496.561035,481.505371,5,4.95154667
3.20063,3200,496.561035,481.510742,5,4.95154667
3.20247,3201,496.561035,481.515778,5,5.05515862
3.20248,3202,496.561035,481.5212,5,4.94064
3.20371,3203,496.561035,481.5259,5,5.087878
3.20558,3204,496.561035,481.530579,5,4.88065434
3.20562,3205,496.561035,481.536438,5,5.016986
3.20682,3206,496.561035,481.541473,5,5.066065
3.20684,3207,496.561035,481.546356,5,5.07697153
3.20866,3208,496.561035,481.5504,5,5.02789259
3.21049,3209,496.561035,481.555817,5,4.81521559
3.21053,3210,496.561035,481.5615,5,4.995173
3.21172,3211,496.561035,481.566071,5,4.98426628
3.21359,3212,496.561035,481.570953,5,5.180583
3.21362,3213,496.561035,481.575165,5,5.006079
3.21484,3214,496.561035,481.580719,5,4.847935
3.21485,3215,496.561035,481.585846,5,4.95154667
3.21667,3216,496.561035,481.591,5,4.95154667
3.21845,3217,496.561035,481.595825,5,5.164223
3.21847,3218,496.561035,481.6004,5,4.94064
3.21970,3219,496.561035,481.605835,5,4.96245337
3.22156,3220,496.561035,481.610718,5,4.95154667
3.22162,3221,496.561035,481.616272,5,5.016986
3.22283,3222,496.561035,481.620941,5,5.153317
3.22284,3223,496.561035,481.625641,5,4.96245337
3.22465,3224,496.561035,481.6306,5,4.97335958
3.22648,3225,496.561035,481.635651,5,4.837029
3.22650,3226,496.561035,481.6414,5,5.066065
3.22771,3227,496.561035,481.6458,5,5.05515862
3.22956,3228,496.561035,481.650635,5,4.98426628
3.22962,3229,496.561035,481.6552,5,4.94064
3.23085,3230,496.561035,481.660767,5,4.78794956
3.23087,3231,496.561035,481.666473,5,5.13150358
3.23263,3232,496.561035,481.671,5,5.087878
3.23448,3233,496.561035,481.675781,5,5.13150358
3.23452,3234,496.561035,481.680359,5,4.95154667
3.23570,3235,496.561035,481.6863,5,4.90246725
3.23755,3236,496.561035,481.691284,5,5.087878
3.23758,3237,496.561035,481.696,5,5.02789259
3.23887,3238,496.561035,481.700623,5,5.087878
3.23891,3239,496.561035,481.705627,5,4.847935
3.24064,3240,496.561035,481.711426,5,4.98426628
3.24248,3241,496.561035,481.7161,5,5.02789259
3.24251,3242,496.561035,481.721039,5,5.066065
3.24369,3243,496.561035,481.725555,5,5.016986
3.24556,3244,496.561035,481.730957,5,4.847935
3.24558,3245,496.561035,481.736237,5,5.016986
3.24685,3246,496.561035,481.740875,5,4.95154667
3.24687,3247,496.561035,481.7461,5,5.109691
3.24861,3248,496.561035,481.7509,5,5.016986
3.25049,3249,496.561035,481.756531,5,5.016986
3.25052,3250,496.561035,481.761261,5,5.12059736
3.25169,3251,496.561035,481.771271,5,5.038799
3.25355,3252,496.561035,481.776367,5,4.858842
3.25357,3253,496.561035,481.7819,5,5.038799
3.25483,3254,496.561035,481.786469,5,5.02789259
3.25484,3255,496.561035,481.7915,5,5.016986
3.25664,3256,496.561035,481.7962,5,5.006079
3.25849,3257,496.561035,481.801636,5,4.891561
3.25853,3258,496.561035,481.806763,5,5.087878
3.25970,3259,496.561035,481.8115,5,4.98426628
3.26166,3260,496.561035,481.816681,5,5.09878445
3.26170,3261,496.561035,481.8215,5,4.995173
3.26286,3262,496.561035,481.827271,5,4.98426628
3.26290,3263,496.561035,481.831329,5,5.006079
3.26465,3264,496.561035,481.836456,5,4.90246725
3.26644,3265,496.561035,481.841766,5,5.066065
3.26645,3266,496.561035,481.84668,5,4.95154667
3.26770,3267,496.561035,481.8517,5,5.066065
3.26957,3268,496.561035,481.8561,5,4.95154667
3.26959,3269,496.561035,481.8618,5,4.92973375
3.27083,3270,496.561035,481.866974,5,5.07697153
3.27085,3271,496.561035,481.872,5,5.038799
3.27264,3272,496.561035,481.876282,5,5.09878445
3.27445,3273,496.561035,481.881073,5,4.837029
3.27452,3274,496.561035,481.887024,5,4.95154667
3.27569,3275,496.561035,481.891937,5,4.98426628
3.27754,3276,496.561035,481.896973,5,5.09878445
3.27760,3277,496.561035,481.9012,5,5.12059736
3.27886,3278,496.561035,481.906433,5,4.837029
3.27888,3279,496.561035,481.911835,5,4.96245337
3.28067,3280,496.561035,481.916779,5,4.92973375
3.28253,3281,496.561035,481.9219,5,5.13150358
3.28257,3282,496.561035,481.926331,5,5.02789259
3.28370,3283,496.561035,481.931671,5,4.90246725
3.28555,3284,496.561035,481.936584,5,4.97335958
3.28558,3285,496.561035,481.941925,5,4.92973375
3.28683,3286,496.561035,481.947021,5,5.180583
3.28684,3287,496.561035,481.9515,5,4.995173
3.28866,3288,496.561035,481.956482,5,4.95154667
3.29047,3289,496.561035,481.9613,5,4.88065434
3.29051,3290,496.561035,481.9671,5,4.94064
3.29170,3291,496.561035,481.9718,5,5.109691
3.29354,3292,496.561035,481.976776,5,4.98426628
3.29356,3293,496.561035,481.98114,5,4.995173
3.29502,3294,496.561035,481.986237,5,4.76613665
3.29507,3295,496.561035,481.9922,5,5.006079
3.29674,3296,496.561035,481.9968,5,5.109691
3.29848,3297,496.561035,482.001648,5,5.087878
3.29850,3298,496.561035,482.006378,5,5.038799
3.29973,3299,496.561035,482.011658,5,4.81521559
3.30156,3300,496.561035,482.017151,5,5.05515862
