t,n,A,B,C,D
0.00160,0,809.7961,809.7961,0,0
0.00349,1,809.7961,809.7961,0,0
0.00352,2,809.7961,809.7961,0,0
0.00470,3,809.7961,809.7961,0,0
0.00652,4,809.7961,809.7961,0,0
0.00653,5,809.7961,809.7961,0,0
0.00773,6,809.7961,809.7961,0,0
0.00774,7,809.7961,809.7961,0,0
0.00959,8,809.7961,809.7961,0,0
0.01138,9,809.7961,809.7961,0,0
0.01140,10,809.7961,809.7961,0,0
0.01267,11,809.7961,809.7961,0,0
0.01449,12,809.7961,809.7961,0,0
0.01452,13,809.7961,809.7961,0,0
0.01574,14,809.7961,809.7961,0,0
0.01575,15,809.7961,809.7961,0,0
0.01756,16,809.7961,809.7961,0,0
0.01938,17,809.7961,809.7961,0,0
0.01940,18,809.7961,809.7961,0,0
0.02064,19,809.7961,809.7961,0,0
0.02247,20,809.7961,809.7961,0,0
0.02249,21,809.7961,809.7961,0,0
0.02373,22,809.7961,809.7961,0,0
0.02374,23,809.7961,809.7961,0,0
0.02557,24,809.7961,809.7961,0,0
0.02741,25,809.7961,809.7961,0,0
0.02744,26,809.7961,809.7961,0,0
0.02863,27,809.7961,809.7961,0,0
0.03049,28,809.7961,809.7961,0,0
0.03051,29,809.7961,809.7961,0,0
0.03172,30,809.7961,809.7961,0,0
0.03173,31,809.7961,809.7961,0,0
0.03357,32,809.7961,809.7961,0,0
0.03538,33,809.7961,809.7961,0,0
0.03539,34,809.7961,809.7961,0,0
0.03715,35,809.7961,809.7961,0,0
0.03848,36,809.7961,809.7961,0,0
0.03851,37,809.7961,809.7961,0,0
0.03973,38,809.7961,809.7961,0,0
0.03974,39,809.7961,809.7961,0,0
0.04156,40,809.7961,809.7961,0,0
0.04339,41,809.7961,809.7961,0,0
0.04343,42,809.7961,809.7961,0,0
0.04464,43,809.7961,809.7961,0,0
0.04647,44,809.7961,809.7961,0,0
0.04649,45,809.7961,809.7961,0,0
0.04772,46,809.7961,809.7961,0,0
0.04774,47,809.7961,809.7961,0,0
0.04957,48,809.7961,809.7961,0,0
0.05138,49,809.7961,809.7961,0,0
0.05140,50,809.7961,809.7961,0,0
0.05264,51,809.7961,809.7961,0,0
0.05450,52,809.7961,809.7961,0,0
0.05454,53,809.7961,809.7961,0,0
0.05573,54,809.7961,809.7961,0,0
0.05574,55,809.7961,809.7961,0,0
0.05755,56,809.7961,809.7961,0,0
0.05942,57,809.7961,809.7961,0,0
0.05945,58,809.7961,809.7961,0,0
0.06064,59,809.7961,809.7961,0,0
0.06249,60,809.7961,809.7961,0,0
0.06251,61,809.7961,809.7961,0,0
0.06372,62,809.7961,809.7961,0,0
0.06375,63,809.7961,809.7961,0,0
0.06560,64,809.7961,809.7961,0,0
0.06743,65,809.7961,809.7961,0,0
0.06746,66,809.7961,809.7961,0,0
0.06864,67,809.7961,809.7961,0,0
0.07056,68,809.7961,809.7961,0,0
0.07062,69,809.7961,809.7961,0,0
0.07178,70,809.7961,809.7961,0,0
0.07180,71,809.7961,809.7961,0,0
0.07360,72,809.7961,809.7961,0,0
0.07542,73,809.7961,809.7961,0,0
0.07545,74,809.7961,809.7961,0,0
0.07663,75,809.7961,809.7961,0,0
0.07850,76,809.7961,809.7961,0,0
0.07852,77,809.7961,809.7961,0,0
0.07972,78,809.7961,809.7961,0,0
0.07974,79,809.7961,809.7961,0,0
0.08161,80,809.7961,809.7961,0,0
0.08342,81,809.7961,809.7961,0,0
0.08344,82,809.7961,809.7961,0,0
0.08464,83,809.7961,809.7961,0,0
0.08649,84,809.7961,809.7961,0,0
0.08652,85,809.7961,809.7961,0,0
0.08773,86,809.7961,809.7961,0,0
0.08775,87,809.7961,809.7961,0,0
0.08961,88,809.7961,809.7961,0,0
0.09143,89,809.7961,809.7961,0,0
0.09146,90,809.7961,809.7961,0,0
0.09264,91,809.7961,809.7961,0,0
0.09448,92,809.7961,809.7961,0,0
0.09450,93,809.7961,809.7961,0,0
0.09572,94,809.7961,809.7961,0,0
0.09573,95,809.7961,809.7961,0,0
0.09756,96,809.7961,809.7961,0,0
0.09941,97,809.7961,809.7961,0,0
0.09943,98,809.7961,809.7961,0,0
0.10064,99,809.7961,809.7961,0,0
0.10250,100,809.7961,809.7961,0,0
0.10252,101,809.7961,809.7961,0,0
0.10375,102,809.7961,809.7961,0,0
0.10380,103,809.7961,809.7961,0,0
0.10557,104,809.7961,809.7961,0,0
0.10741,105,809.7961,809.7961,0,0
0.10744,106,809.7961,809.7961,0,0
0.10863,107,809.7961,809.7961,0,0
0.11051,108,809.7961,809.7961,0,0
0.11054,109,809.7961,809.7961,0,0
0.11172,110,809.7961,809.7961,0,0
0.11174,111,809.7961,809.7961,0,0
0.11356,112,809.7961,809.7961,0,0
0.11543,113,809.7961,809.7961,0,0
0.11546,114,809.7961,809.7961,0,0
0.11664,115,809.7961,809.7961,0,0
0.11846,116,809.7961,809.7961,0,0
0.11848,117,809.7961,809.7961,0,0
0.11974,118,809.7961,809.7961,0,0
0.11976,119,809.7961,809.7961,0,0
0.12159,120,809.7961,809.7961,0,0
0.12344,121,809.7961,809.7961,0,0
0.12346,122,809.7961,809.7961,0,0
0.12465,123,809.7961,809.7961,0,0
0.12651,124,809.7961,809.7961,0,0
0.12653,125,809.7961,809.7961,0,0
0.12772,126,809.7961,809.7961,0,0
0.12773,127,809.7961,809.7961,0,0
0.12958,128,809.7961,809.7961,0,0
0.13138,129,809.7961,809.7961,0,0
0.13140,130,809.7961,809.7961,0,0
0.13264,131,809.7961,809.7961,0,0
0.13449,132,809.7961,809.7961,0,0
0.13452,133,809.7961,809.7961,0,0
0.13572,134,809.7961,809.7961,0,0
0.13573,135,809.7961,809.7961,0,0
0.13757,136,809.7961,809.7961,0,0
0.13940,137,809.7961,809.7961,0,0
0.13942,138,809.7961,809.7961,0,0
0.14064,139,809.7961,809.7961,0,0
0.14249,140,809.7961,809.7961,0,0
0.14252,141,809.7961,809.7961,0,0
0.14374,142,809.7961,809.7961,0,0
0.14375,143,809.7961,809.7961,0,0
0.14559,144,809.7961,809.7961,0,0
0.14741,145,809.7961,809.7961,0,0
0.14746,146,809.7961,809.7961,0,0
0.14864,147,809.7961,809.7961,0,0
0.15051,148,809.7961,809.7961,0,0
0.15053,149,809.7961,809.7961,0,0
0.15172,150,809.7961,809.7961,0,0
0.15173,151,809.7961,809.7961,0,0
0.15372,152,809.7961,809.7961,0,0
0.15540,153,809.7961,809.7961,0,0
0.15543,154,809.7961,809.7961,0,0
0.15668,155,809.7961,809.7961,0,0
0.15847,156,809.7961,809.7961,0,0
0.15849,157,809.7961,809.7961,0,0
0.15973,158,809.7961,809.7961,0,0
0.15975,159,809.7961,809.7961,0,0
0.16158,160,809.7961,809.7961,0,0
0.16342,161,809.7961,809.7961,0,0
0.16344,162,809.7961,809.7961,0,0
0.16463,163,809.7961,809.7961,0,0
0.16650,164,809.7961,809.7961,0,0
0.16652,165,809.7961,809.7961,0,0
0.16773,166,809.7961,809.7961,0,0
0.16775,167,809.7961,809.7961,0,0
0.16957,168,809.7961,809.7961,0,0
0.17142,169,809.7961,809.7961,0,0
0.17144,170,809.7961,809.7961,0,0
0.17263,171,809.7961,809.7961,0,0
0.17449,172,809.7961,809.7961,0,0
0.17452,173,809.7961,809.7961,0,0
0.17574,174,809.7961,809.7961,0,0
0.17576,175,809.7961,809.7961,0,0
0.17756,176,809.7961,809.7961,0,0
0.17939,177,809.7961,809.7961,0,0
0.17942,178,809.7961,809.7961,0,0
0.18065,179,809.7961,809.7961,0,0
0.18252,180,809.7961,809.7961,0,0
0.18256,181,809.7961,809.7961,0,0
0.18373,182,809.7961,809.7961,0,0
0.18376,183,809.7961,809.7961,0,0
0.18554,184,809.7961,809.7961,0,0
0.18743,185,809.7961,809.7961,0,0
0.18746,186,809.7961,809.7961,0,0
0.18867,187,809.7961,809.7961,0,0
0.19049,188,809.7961,809.7961,0,0
0.19053,189,809.7961,809.7961,0,0
0.19172,190,809.7961,809.7961,0,0
0.19174,191,809.7961,809.7961,0,0
0.19359,192,809.7961,809.7961,0,0
0.19541,193,809.7961,809.7961,0,0
0.19544,194,809.7961,809.7961,0,0
0.19662,195,809.7961,809.7961,0,0
0.19850,196,809.7961,809.7961,0,0
0.19852,197,809.7961,809.7961,0,0
0.19974,198,809.7961,809.7961,0,0
0.19976,199,809.7961,809.7961,0,0
0.20157,200,809.7961,809.7961,0,0
0.20360,201,809.7961,809.7961,0,0
0.20365,202,809.7961,809.7961,0,0
0.20465,203,809.7961,809.7961,0,0
0.20653,204,809.7961,809.7961,0,0
0.20656,205,809.7961,809.7961,0,0
0.20772,206,809.7961,809.7961,0,0
0.20774,207,809.7961,809.7961,0,0
0.20958,208,809.7961,809.7961,0,0
0.21144,209,809.7961,809.7961,0,0
0.21148,210,809.7961,809.7961,0,0
0.21265,211,809.7961,809.7961,0,0
0.21448,212,809.7961,809.7961,0,0
0.21451,213,809.7961,809.7961,0,0
0.21573,214,809.7961,809.7961,0,0
0.21575,215,809.7961,809.7961,0,0
0.21756,216,809.7961,809.7961,0,0
0.21940,217,809.7961,809.7961,0,0
0.21943,218,809.7961,809.7961,0,0
0.22068,219,809.7961,809.7961,0,0
0.22247,220,809.7961,809.7961,0,0
0.22251,221,809.7961,809.7961,0,0
0.22373,222,809.7961,809.7961,0,0
0.22374,223,809.7961,809.7961,0,0
0.22558,224,809.7961,809.7961,0,0
0.22738,225,809.7961,809.7961,0,0
0.22741,226,809.7961,809.7961,0,0
0.22867,227,809.7961,809.7961,0,0
0.23051,228,809.7961,809.7961,0,0
0.23053,229,809.7961,809.7961,0,0
0.23173,230,809.7961,809.7961,0,0
0.23175,231,809.7961,809.7961,0,0
0.23355,232,809.7961,809.7961,0,0
0.23547,233,809.7961,809.7961,0,0
0.23551,234,809.7961,809.7961,0,0
0.23706,235,809.7961,809.7961,0,0
0.23851,236,809.7961,809.7961,0,0
0.23852,237,809.7961,809.7961,0,0
0.23978,238,809.7961,809.7961,0,0
0.23981,239,809.7961,809.7961,0,0
0.24159,240,809.7961,809.7961,0,0
0.24340,241,809.7961,809.7961,0,0
0.24342,242,809.7961,809.7961,0,0
0.24463,243,809.7961,809.7961,0,0
0.24650,244,809.7961,809.7961,0,0
0.24652,245,809.7961,809.7961,0,0
0.24772,246,809.7961,809.7961,0,0
0.24775,247,809.7961,809.7961,0,0
0.24958,248,809.7961,809.7961,0,0
0.25137,249,809.7961,809.7961,0,0
0.25139,250,809.7961,809.7961,0,0
0.25266,251,809.7961,809.7961,0,0
0.25452,252,809.7961,809.7961,0,0
0.25456,253,809.7961,809.7961,0,0
0.25574,254,809.7961,809.7961,0,0
0.25576,255,809.7961,809.7961,0,0
0.25759,256,809.7961,809.7961,0,0
0.25938,257,809.7961,809.7961,0,0
0.25940,258,809.7961,809.7961,0,0
0.26063,259,809.7961,809.7961,0,0
0.26251,260,809.7961,809.7961,0,0
0.26253,261,809.7961,809.7961,0,0
0.26373,262,809.7961,809.7961,0,0
0.26375,263,809.7961,809.7961,0,0
0.26559,264,809.7961,809.7961,0,0
0.26741,265,809.7961,809.7961,0,0
0.26744,266,809.7961,809.7961,0,0
0.26864,267,809.7961,809.7961,0,0
0.27055,268,809.7961,809.7961,0,0
0.27062,269,809.7961,809.7961,0,0
0.27173,270,809.7961,809.7961,0,0
0.27174,271,809.7961,809.7961,0,0
0.27360,272,809.7961,809.7961,0,0
0.27539,273,809.7961,809.7961,0,0
0.27541,274,809.7961,809.7961,0,0
0.27664,275,809.7961,809.7961,0,0
0.27850,276,809.7961,809.7961,0,0
0.27852,277,809.7961,809.7961,0,0
0.27974,278,809.7961,809.7961,0,0
0.27977,279,809.7961,809.7961,0,0
0.28156,280,809.7961,809.7961,0,0
0.28339,281,809.7961,809.7961,0,0
0.28342,282,809.7961,809.7961,0,0
0.28463,283,809.7961,809.7961,0,0
0.28651,284,809.7961,809.7961,0,0
0.28654,285,809.7961,809.7961,0,0
0.28774,286,809.7961,809.7961,0,0
0.28776,287,809.7961,809.7961,0,0
0.28956,288,809.7961,809.7961,0,0
0.29138,289,809.7961,809.7961,0,0
0.29141,290,809.7961,809.7961,0,0
0.29263,291,809.7961,809.7961,0,0
0.29447,292,809.7961,809.7961,0,0
0.29449,293,809.7961,809.7961,0,0
0.29575,294,809.7961,809.7961,0,0
0.29576,295,809.7961,809.7961,0,0
0.29758,296,809.7961,809.7961,0,0
0.29938,297,809.7961,809.7961,0,0
0.29939,298,809.7961,809.7961,0,0
0.30065,299,809.7961,809.7961,0,0
0.30247,300,809.7961,809.7961,0,0
0.30250,301,810.7961,809.7961,25,0
0.30374,302,810.7961,809.7961,25,0
0.30378,303,810.7961,809.7967,25,0
0.30562,304,810.7961,809.7978,25,0.158144116
0.30737,305,810.7961,809.7999,25,0.463525862
0.30739,306,810.7961,809.803,25,1.00339723
0.30864,307,810.7961,809.807251,25,1.777758
0.31052,308,810.7961,809.8132,25,2.71571612
0.31055,309,810.7961,809.8195,25,3.8990705
0.31176,310,810.7961,809.8258,25,4.95154667
0.31179,311,810.7961,809.8335,25,5.725908
0.31355,312,810.7961,809.8434,25,6.60388041
0.31543,313,810.7961,809.852,25,7.5963707
0.31546,314,810.7961,809.863953,25,9.455928
0.31665,315,810.7961,809.874,25,9.455928
0.31848,316,810.7961,809.887634,25,10.90649
0.31850,317,810.7961,809.9001,25,11.8771687
0.31974,318,810.7961,809.9149,25,12.7115154
0.31976,319,810.7961,809.9307,25,13.7258177
0.32160,320,810.7961,809.9463,25,14.4074736
0.32338,321,810.7961,809.9635,25,15.596282
0.32340,322,810.7961,809.9809,25,16.1906853
0.32464,323,810.7961,809.998657,25,16.9432335
0.32647,324,810.7961,810.016846,25,17.5703564
0.32648,325,810.7961,810.0353,25,17.9030037
0.32774,326,810.7961,810.052368,25,17.9030037
0.32776,327,810.7961,810.07135,25,18.41561
0.32960,328,810.7961,810.09,25,18.7809772
0.33140,329,810.7961,810.108948,25,18.9064026
0.33142,330,810.7961,810.128357,25,19.0100136
0.33268,331,810.7961,810.1481,25,19.031826
0.33447,332,810.7961,810.166565,25,19.1245327
0.33449,333,810.7961,810.1856,25,19.1463451
0.33572,334,810.7961,810.2048,25,19.1136246
0.33574,335,810.7961,810.2238,25,19.0645466
0.33762,336,810.7961,810.2428,25,18.9500275
0.33940,337,810.7961,810.2617,25,18.977293
0.33941,338,810.7961,810.2801,25,19.0427322
0.34069,339,810.7961,810.29895,25,18.8627758
0.34248,340,810.7961,810.317566,25,18.7591629
0.34250,341,810.7961,810.3362,25,18.7100849
0.34375,342,810.7961,810.3549,25,18.5846615
0.34377,343,810.7961,810.373657,25,18.6773643
0.34558,344,810.7961,810.3917,25,18.6664581
0.34738,345,810.7961,810.4097,25,18.55194
0.34739,346,810.7961,810.42865,25,18.3937969
0.34865,347,810.7961,810.447144,25,18.4047031
0.35047,348,810.7961,810.465,25,18.38289
0.35049,349,810.7961,810.484558,25,18.4047031
0.35173,350,810.7961,810.5024,25,18.4047031
0.35174,351,810.7961,810.520752,25,18.4374218
0.35374,352,810.7961,810.538635,25,18.4047031
0.35540,353,810.7961,810.5571,25,18.41561
0.35542,354,810.7961,810.5758,24.9005127,18.3937969
0.35666,355,810.7961,810.594543,22.4523926,18.4047031
0.35846,356,810.7961,810.614258,19.6942139,18.5955658
0.35848,357,810.7961,810.632446,17.6348877,18.5410347
0.35976,358,810.7961,810.65094,15.1696777,18.4974079
0.35979,359,810.7961,810.6684,13.10791,18.16476
0.36156,360,810.7961,810.6852,11.0601807,17.7285
0.36338,361,810.7961,810.7015,9.039307,17.2540684
0.36341,362,810.7961,810.715332,7.72644043,16.09798
0.36467,363,810.7961,810.729431,5.84472656,15.2636337
0.36646,364,810.7961,810.7423,4.414673,14.24933
0.36648,365,810.7961,810.753662,3.24401855,13.0659761
0.36772,366,810.7961,810.765259,1.68762207,12.2861614
0.36774,367,810.7961,810.774048,1.10656738,11.1464329
0.36960,368,810.7961,810.7829,-0.0561523438,10.1430359
0.37140,369,810.7961,810.790833,-0.904541,9.265064
0.37143,370,810.7961,810.8045,-3.8293457,7.5963707
0.37281,371,810.7961,810.810059,-2.92785645,6.77838373
0.37446,372,810.7961,810.813965,-3.106079,5.79679966
0.37448,373,810.7961,810.818542,-3.83544922,4.97335958
0.37573,374,810.7961,810.822937,-4.370117,4.54800653
0.37574,375,810.7961,810.825745,-4.41772461,3.88816381
0.37758,376,810.7961,810.8278,-4.54101563,3.40827847
0.37939,377,810.7961,810.8299,-4.810791,2.87386036
0.37942,378,810.7961,810.8315,-4.91943359,2.16493845
0.38066,379,810.7961,810.8326,-4.96459961,1.71777236
0.38246,380,810.7961,810.833252,-4.96643066,1.39057755
0.38249,381,810.7961,810.83374,-4.993286,0.992490649
0.38374,382,810.7961,810.833862,-4.935913,0.627123237
0.38377,383,810.7961,810.834,-4.951782,0.3490077
0.38555,384,810.7961,810.833862,-4.887085,0.147237629
0.38739,385,810.7961,810.83374,-4.871216,0
0.38740,386,810.7961,810.833557,-4.835205,-0.103611663
0.38864,387,810.7961,810.833252,-4.771118,-0.174503848
0.39048,388,810.7961,810.8331,-4.79187,-0.218129814
0.39052,389,810.7961,810.8328,-4.715576,-0.229036286
0.39173,390,810.7961,810.8326,-4.696045,-0.239942789
0.39177,391,810.7961,810.832458,-4.70459,-0.218129814
0.39356,392,810.7961,810.8323,-4.668579,-0.196316838
0.39537,393,810.7961,810.832153,-4.664917,-0.174503848
0.39539,394,810.7961,810.832031,-4.649048,-0.152690873
0.39665,395,810.7961,810.832,-4.65332031,-0.130877882
0.39846,396,810.7961,810.832,-4.66552734,-0.09270517
0.39847,397,810.7961,810.832,-4.66552734,-0.0599856973
0.39974,398,810.7961,810.832,-4.66552734,-0.0272662267
0.39977,399,810.7961,810.832,-4.66552734,0
0.40155,400,810.7961,810.832,-4.66552734,0.0109064905
0.40355,401,810.7961,810.832031,-4.685669,0.0109064905
0.40359,402,810.7961,810.832031,-4.673462,0.0109064905
0.40468,403,810.7961,810.832031,-4.673462,0
0.40647,404,810.7961,810.832031,-4.673462,0
0.40649,405,810.7961,810.832,-4.65332031,-0.0272662267
0.40776,406,810.7961,810.832,-4.66552734,-0.03817272
0.40779,407,810.7961,810.831848,-4.625244,-0.0599856973
0.40958,408,810.7961,810.831848,-4.649658,-0.08179868
0.41137,409,810.7961,810.8316,-4.569092,-0.09270517
0.41138,410,810.7961,810.8315,-4.57763672,-0.103611663
0.41264,411,810.7961,810.8315,-4.602051,-0.103611663
0.41445,412,810.7961,810.8313,-4.541626,-0.114518143
0.41447,413,810.7961,810.8313,-4.578247,-0.103611663
0.41573,414,810.7961,810.8312,-4.537964,-0.103611663
0.41575,415,810.7961,810.831,-4.501953,-0.114518143
0.41756,416,810.7961,810.831,-4.538574,-0.103611663
0.41940,417,810.7961,810.8309,-4.498291,-0.103611663
0.41945,418,810.7961,810.8309,-4.522705,-0.08179868
0.42066,419,810.7961,810.8309,-4.522705,-0.0599856973
0.42246,420,810.7961,810.8309,-4.522705,-0.03817272
0.42248,421,810.7961,810.8309,-4.522705,-0.0163597353
0.42373,422,810.7961,810.830933,-4.54284668,0.0109064905
0.42376,423,810.7961,810.831,-4.55078125,0.021812981
0.42558,424,810.7961,810.831,-4.538574,0.021812981
0.42742,425,810.7961,810.831,-4.538574,0.03271947
0.42744,426,810.7961,810.831055,-4.558716,0.03271947
0.42864,427,810.7961,810.8312,-4.586792,0.03271947
0.43048,428,810.7961,810.8312,-4.562378,0.021812981
0.43051,429,810.7961,810.8312,-4.562378,0.021812981
0.43173,430,810.7961,810.8312,-4.562378,0.0109064905
0.43176,431,810.7961,810.8312,-4.562378,0.0109064905
0.43355,432,810.7961,810.8312,-4.562378,0.0109064905
0.43541,433,810.7961,810.8312,-4.562378,0
0.43543,434,810.7961,810.831,-4.501953,-0.03817272
0.43710,435,810.7961,810.831,-4.538574,-0.0599856973
0.43852,436,810.7961,810.8309,-4.498291,-0.08179868
0.43855,437,810.7961,810.83075,-4.482422,-0.09270517
0.43972,438,810.7961,810.8306,-4.46655273,-0.103611663
0.43976,439,810.7961,810.8305,-4.45068359,-0.130877882
0.44154,440,810.7961,810.8304,-4.43481445,-0.130877882
0.44343,441,810.7961,810.8302,-4.39880371,-0.16359736
0.44346,442,810.7961,810.829956,-4.3548584,-0.16359736
0.44464,443,810.7961,810.8298,-4.34326172,-0.185410336
0.44645,444,810.7961,810.8296,-4.319458,-0.218129814
0.44647,445,810.7961,810.8292,-4.23522949,-0.229036286
0.44772,446,810.7961,810.8291,-4.26818848,-0.239942789
0.44773,447,810.7961,810.8288,-4.19189453,-0.256302536
0.44956,448,810.7961,810.8286,-4.192505,-0.239942789
0.45138,449,810.7961,810.828369,-4.14855957,-0.239942789
0.45140,450,810.7961,810.8281,-4.11682129,-0.229036286
0.45263,451,810.7961,810.8281,-4.16564941,-0.196316838
0.45449,452,810.7961,810.827942,-4.10522461,-0.152690873
0.45453,453,810.7961,810.827942,-4.1418457,-0.103611663
0.45578,454,810.7961,810.827942,-4.1418457,-0.03817272
0.45581,455,810.7961,810.8281,-4.20227051,0.0109064905
0.45759,456,810.7961,810.828247,-4.20593262,0.0545324534
0.45940,457,810.7961,810.8285,-4.262085,0.087251924
0.45942,458,810.7961,810.8285,-4.213257,0.109064907
0.46067,459,810.7961,810.8286,-4.25354,0.125424653
0.46246,460,810.7961,810.8288,-4.289551,0.125424653
0.46250,461,810.7961,810.8289,-4.293213,0.109064907
0.46375,462,810.7961,810.8289,-4.268799,0.109064907
0.46378,463,810.7961,810.829041,-4.309082,0.087251924
0.46556,464,810.7961,810.8291,-4.30480957,0.06543894
0.46738,465,810.7961,810.8291,-4.29260254,0.043625962
0.46740,466,810.7961,810.8289,-4.23217773,-0.0272662267
0.46863,467,810.7961,810.8289,-4.268799,-0.0599856973
0.47048,468,810.7961,810.8288,-4.22851563,-0.09270517
0.47050,469,810.7961,810.8286,-4.192505,-0.103611663
0.47173,470,810.7961,810.8286,-4.229126,-0.103611663
0.47175,471,810.7961,810.8285,-4.188843,-0.114518143
0.47357,472,810.7961,810.828369,-4.17297363,-0.103611663
0.47543,473,810.7961,810.828247,-4.15710449,-0.09270517
0.47546,474,810.7961,810.828247,-4.18151855,-0.08179868
0.47664,475,810.7961,810.828247,-4.18151855,-0.07089219
0.47846,476,810.7961,810.8281,-4.14123535,-0.0599856973
0.47848,477,810.7961,810.8281,-4.16564941,-0.04907921
0.47972,478,810.7961,810.8281,-4.16564941,-0.0272662267
0.47973,479,810.7961,810.8281,-4.16564941,-0.0163597353
0.48154,480,810.7961,810.8281,-4.16564941,0
0.48342,481,810.7961,810.828247,-4.20593262,0.0109064905
0.48344,482,810.7961,810.828247,-4.18151855,0
0.48465,483,810.7961,810.828247,-4.18151855,0.0109064905
0.48648,484,810.7961,810.828247,-4.18151855,0
0.48652,485,810.7961,810.828247,-4.18151855,0
0.48774,486,810.7961,810.828247,-4.18151855,0
0.48776,487,810.7961,810.828247,-4.18151855,0
0.48955,488,810.7961,810.8281,-4.14123535,-0.0163597353
0.49142,489,810.7961,810.8281,-4.16564941,-0.0272662267
0.49144,490,810.7961,810.8281,-4.16564941,-0.03817272
0.49264,491,810.7961,810.828064,-4.145508,-0.04907921
0.49446,492,810.7961,810.827942,-4.11743164,-0.04907921
0.49447,493,810.7961,810.827942,-4.1418457,-0.0599856973
0.49571,494,810.7961,810.827942,-4.1418457,-0.0599856973
0.49573,495,810.7961,810.827942,-4.1418457,-0.0599856973
0.49754,496,810.7961,810.8278,-4.1015625,-0.0599856973
0.49939,497,810.7961,810.8278,-4.12597656,-0.04907921
0.49942,498,810.7961,810.8277,-4.08569336,-0.0599856973
0.50067,499,810.7961,810.827637,-4.089966,-0.0599856973
0.50247,500,810.7961,810.827637,-4.102173,-0.04907921
0.50249,501,810.7961,810.8276,-4.08203125,-0.04907921
0.50372,502,810.7961,810.8275,-4.07409668,-0.04907921
0.50374,503,810.7961,810.8275,-4.08630371,-0.04907921
0.50556,504,810.7961,810.8275,-4.08630371,-0.04907921
0.50744,505,810.7961,810.8274,-4.04602051,-0.04907921
0.50746,506,810.7961,810.827332,-4.050293,-0.04907921
0.50863,507,810.7961,810.827332,-4.0625,-0.03817272
0.51051,508,810.7961,810.827332,-4.0625,-0.03817272
0.51055,509,810.7961,810.827332,-4.0625,-0.03817272
0.51173,510,810.7961,810.8273,-4.0423584,-0.03817272
0.51175,511,810.7961,810.827148,-4.014282,-0.03817272
0.51355,512,810.7961,810.827148,-4.03869629,-0.04907921
0.51543,513,810.7961,810.827148,-4.03869629,-0.04907921
0.51549,514,810.7961,810.827,-3.998413,-0.0599856973
0.51664,515,810.7961,810.827,-4.022827,-0.07089219
0.51848,516,810.7961,810.826843,-3.96240234,-0.08179868
0.51850,517,810.7961,810.826843,-3.99902344,-0.08179868
0.51972,518,810.7961,810.8267,-3.95874023,-0.09270517
0.51974,519,810.7961,810.826538,-3.92272949,-0.103611663
0.52157,520,810.7961,810.8264,-3.91906738,-0.103611663
0.52338,521,810.7961,810.8264,-3.94348145,-0.130877882
0.52342,522,810.7961,810.826233,-3.88305664,-0.141784385
0.52464,523,810.7961,810.8261,-3.87939453,-0.152690873
0.52649,524,810.7961,810.825867,-3.82324219,-0.16359736
0.52650,525,810.7961,810.825745,-3.831787,-0.16359736
0.52772,526,810.7961,810.825439,-3.75549316,-0.185410336
0.52773,527,810.7961,810.825256,-3.75610352,-0.185410336
0.52954,528,810.7961,810.825134,-3.75244141,-0.196316838
0.53141,529,810.7961,810.824951,-3.71643066,-0.196316838
0.53144,530,810.7961,810.824768,-3.692627,-0.185410336
0.53263,531,810.7961,810.8246,-3.66882324,-0.196316838
0.53451,532,810.7961,810.8244,-3.64501953,-0.185410336
0.53453,533,810.7961,810.824341,-3.661499,-0.174503848
0.53572,534,810.7961,810.824158,-3.61328125,-0.152690873
0.53574,535,810.7961,810.824158,-3.64990234,-0.114518143
0.53758,536,810.7961,810.824158,-3.64990234,-0.08179868
0.53939,537,810.7961,810.824158,-3.64990234,-0.03817272
0.53945,538,810.7961,810.8242,-3.670044,0
0.54063,539,810.7961,810.824341,-3.69812,0.021812981
0.54248,540,810.7961,810.8244,-3.69384766,0.06543894
0.54251,541,810.7961,810.824463,-3.70178223,0.07634544
0.54374,542,810.7961,810.8246,-3.7298584,0.087251924
0.54375,543,810.7961,810.8247,-3.74572754,0.087251924
0.54557,544,810.7961,810.824768,-3.741455,0.087251924
0.54740,545,810.7961,810.824951,-3.78967285,0.087251924
0.54742,546,810.7961,810.824951,-3.75305176,0.07634544
0.54864,547,810.7961,810.824951,-3.75305176,0.06543894
0.55049,548,810.7961,810.825,-3.77319336,0.0545324534
0.55053,549,810.7961,810.825134,-3.80126953,0.043625962
0.55172,550,810.7961,810.825134,-3.77685547,0.03271947
0.55174,551,810.7961,810.825134,-3.77685547,0.0109064905
0.55365,552,810.7961,810.824951,-3.71643066,-0.0272662267
0.55540,553,810.7961,810.824951,-3.75305176,-0.03817272
0.55542,554,810.7961,810.824768,-3.692627,-0.07089219
0.55666,555,810.7961,810.8247,-3.70910645,-0.08179868
0.55854,556,810.7961,810.8247,-3.72131348,-0.08179868
0.55856,557,810.7961,810.8246,-3.68103027,-0.09270517
0.55972,558,810.7961,810.824463,-3.66516113,-0.08179868
0.55974,559,810.7961,810.824463,-3.6895752,-0.08179868
0.56156,560,810.7961,810.824341,-3.649292,-0.09270517
0.56340,561,810.7961,810.824341,-3.673706,-0.08179868
0.56343,562,810.7961,810.8242,-3.63342285,-0.07089219
0.56464,563,810.7961,810.824158,-3.63769531,-0.07089219
0.56647,564,810.7961,810.824158,-3.64990234,-0.0599856973
0.56650,565,810.7961,810.824036,-3.60961914,-0.0599856973
0.56772,566,810.7961,810.824036,-3.6340332,-0.0599856973
0.56773,567,810.7961,810.824036,-3.6340332,-0.04907921
0.56958,568,810.7961,810.824036,-3.6340332,-0.03817272
0.57140,569,810.7961,810.824036,-3.6340332,0
0.57143,570,810.7961,810.824036,-3.6340332,0
0.57265,571,810.7961,810.824036,-3.6340332,0
0.57448,572,810.7961,810.824036,-3.6340332,-0.0163597353
0.57451,573,810.7961,810.824036,-3.6340332,-0.0163597353
0.57578,574,810.7961,810.824036,-3.6340332,-0.0163597353
0.57585,575,810.7961,810.824036,-3.6340332,-0.0163597353
0.57763,576,810.7961,810.824036,-3.6340332,-0.0163597353
0.57944,577,810.7961,810.824036,-3.6340332,-0.0163597353
0.57947,578,810.7961,810.824036,-3.6340332,-0.0163597353
0.58069,579,810.7961,810.824036,-3.6340332,-0.0163597353
0.58251,580,810.7961,810.824036,-3.6340332,-0.0163597353
0.58255,581,810.7961,810.824036,-3.6340332,-0.0163597353
0.58381,582,810.7961,810.824036,-3.6340332,-0.0163597353
0.58386,583,810.7961,810.824036,-3.6340332,-0.0163597353
0.58562,584,810.7961,810.8239,-3.59375,-0.0163597353
0.58744,585,810.7961,810.823853,-3.59802246,-0.0272662267
0.58750,586,810.7961,810.823853,-3.61022949,-0.03817272
0.58865,587,810.7961,810.8237,-3.56994629,-0.0599856973
0.59050,588,810.7961,810.823669,-3.57421875,-0.07089219
0.59053,589,810.7961,810.8235,-3.526001,-0.09270517
0.59176,590,810.7961,810.823364,-3.52233887,-0.103611663
0.59179,591,810.7961,810.8233,-3.52661133,-0.114518143
0.59360,592,810.7961,810.8231,-3.47839355,-0.141784385
0.59539,593,810.7961,810.822937,-3.45458984,-0.152690873
0.59541,594,810.7961,810.822754,-3.43078613,-0.174503848
0.59665,595,810.7961,810.8225,-3.38684082,-0.196316838
0.59851,596,810.7961,810.8222,-3.334961,-0.218129814
0.59853,597,810.7961,810.8219,-3.295288,-0.239942789
0.59972,598,810.7961,810.8216,-3.25561523,-0.2781155
0.59974,599,810.7961,810.8213,-3.21594238,-0.310834974
0.60157,600,810.7961,810.821,-3.17626953,-0.3217415
0.60354,601,810.7961,810.8207,-3.13659668,-0.3217415
0.60358,602,810.7961,810.8204,-3.09692383,-0.3217415
0.60466,603,810.7961,810.8201,-3.07739258,-0.310834974
0.60650,604,810.7961,810.819946,-3.065796,-0.289022
0.60655,605,810.7961,810.8198,-3.06213379,-0.229036286
0.60773,606,810.7961,810.8197,-3.04626465,-0.174503848
0.60775,607,810.7961,810.8198,-3.110962,-0.103611663
0.60960,608,810.7961,810.8198,-3.08654785,-0.0272662267
0.61145,609,810.7961,810.82,-3.14697266,0.03271947
0.61149,610,810.7961,810.8201,-3.15063477,0.087251924
0.61264,611,810.7961,810.8203,-3.18664551,0.125424653
0.61446,612,810.7961,810.8205,-3.21044922,0.147237629
0.61449,613,810.7961,810.8207,-3.234253,0.158144116
0.61575,614,810.7961,810.8208,-3.237915,0.158144116
0.61578,615,810.7961,810.821,-3.27392578,0.147237629
0.61758,616,810.7961,810.821045,-3.25744629,0.136331126
0.61945,617,810.7961,810.8211,-3.26538086,0.109064907
0.61948,618,810.7961,810.8212,-3.293457,0.087251924
0.62066,619,810.7961,810.8213,-3.28918457,0.07634544
0.62252,620,810.7961,810.8213,-3.27697754,0.06543894
0.62254,621,810.7961,810.8213,-3.27697754,0.03271947
0.62376,622,810.7961,810.8212,-3.256836,0
0.62379,623,810.7961,810.8211,-3.22875977,-0.04907921
0.62557,624,810.7961,810.821045,-3.23303223,-0.07089219
0.62741,625,810.7961,810.821,-3.22509766,-0.08179868
0.62745,626,810.7961,810.8208,-3.17688,-0.103611663
0.62867,627,810.7961,810.8207,-3.17321777,-0.103611663
0.63052,628,810.7961,810.8207,-3.19763184,-0.114518143
0.63056,629,810.7961,810.8205,-3.137207,-0.103611663
0.63172,630,810.7961,810.8205,-3.17382813,-0.09270517
0.63174,631,810.7961,810.8203,-3.11340332,-0.103611663
0.63356,632,810.7961,810.820251,-3.12988281,-0.09270517
0.63540,633,810.7961,810.8201,-3.10180664,-0.09270517
0.63541,634,810.7961,810.8201,-3.1262207,-0.09270517
0.63699,635,810.7961,810.82,-3.0859375,-0.08179868
0.63848,636,810.7961,810.82,-3.11035156,-0.08179868
0.63851,637,810.7961,810.819946,-3.09021,-0.07089219
0.63973,638,810.7961,810.8198,-3.06213379,-0.07089219
0.63974,639,810.7961,810.8198,-3.08654785,-0.04907921
0.64162,640,810.7961,810.8198,-3.08654785,-0.03817272
0.64340,641,810.7961,810.8198,-3.08654785,-0.0272662267
0.64343,642,810.7961,810.8198,-3.08654785,0
0.64467,643,810.7961,810.82,-3.14697266,0
0.64649,644,810.7961,810.82,-3.11035156,0.021812981
0.64652,645,810.7961,810.82,-3.11035156,0.03271947
0.64771,646,810.7961,810.82,-3.11035156,0.03271947
0.64773,647,810.7961,810.820068,-3.13049316,0.03271947
0.64959,648,810.7961,810.8201,-3.13842773,0.021812981
0.65141,649,810.7961,810.8201,-3.1262207,0.021812981
0.65143,650,810.7961,810.8201,-3.1262207,0.021812981
0.65263,651,810.7961,810.8201,-3.1262207,0.0109064905
0.65449,652,810.7961,810.8201,-3.1262207,0.0109064905
0.65451,653,810.7961,810.8201,-3.1262207,0.0109064905
0.65573,654,810.7961,810.8201,-3.1262207,0.0109064905
0.65576,655,810.7961,810.8201,-3.1262207,0
0.65756,656,810.7961,810.820068,-3.106079,-0.0163597353
0.65942,657,810.7961,810.820068,-3.11828613,-0.0272662267
0.65945,658,810.7961,810.82,-3.09814453,-0.04907921
0.66064,659,810.7961,810.82,-3.11035156,-0.07089219
0.66250,660,810.7961,810.8198,-3.04992676,-0.07089219
0.66255,661,810.7961,810.819763,-3.06640625,-0.08179868
0.66372,662,810.7961,810.8197,-3.05847168,-0.09270517
0.66374,663,810.7961,810.8195,-3.010254,-0.09270517
0.66558,664,810.7961,810.8194,-3.0065918,-0.103611663
0.66744,665,810.7961,810.8193,-2.99072266,-0.141784385
0.66747,666,810.7961,810.819031,-2.93457031,-0.152690873
0.66863,667,810.7961,810.818848,-2.92297363,-0.152690873
0.67061,668,810.7961,810.8186,-2.87902832,-0.152690873
0.67064,669,810.7961,810.818542,-2.90771484,-0.16359736
0.67174,670,810.7961,810.818237,-2.81921387,-0.185410336
0.67176,671,810.7961,810.818054,-2.81982422,-0.185410336
0.67359,672,810.7961,810.817932,-2.816162,-0.185410336
0.67543,673,810.7961,810.817749,-2.78015137,-0.174503848
0.67547,674,810.7961,810.8177,-2.79663086,-0.16359736
0.67663,675,810.7961,810.8175,-2.748413,-0.16359736
0.67850,676,810.7961,810.817444,-2.76489258,-0.141784385
0.67852,677,810.7961,810.817444,-2.77709961,-0.114518143
0.67972,678,810.7961,810.817444,-2.77709961,-0.08179868
0.67973,679,810.7961,810.817444,-2.77709961,-0.03817272
0.68158,680,810.7961,810.8175,-2.79724121,0
0.68341,681,810.7961,810.8176,-2.82531738,0.03271947
0.68343,682,810.7961,810.8176,-2.80090332,0.043625962
0.68465,683,810.7961,810.817749,-2.84118652,0.0545324534
0.68646,684,810.7961,810.817749,-2.81677246,0.0545324534
0.68648,685,810.7961,810.817749,-2.81677246,0.043625962
0.68774,686,810.7961,810.8179,-2.85705566,0.03271947
0.68776,687,810.7961,810.817932,-2.8527832,0.03271947
0.68960,688,810.7961,810.817932,-2.84057617,0.0109064905
0.69142,689,810.7961,810.817932,-2.84057617,0.021812981
0.69145,690,810.7961,810.8179,-2.82043457,0
0.69264,691,810.7961,810.817749,-2.7923584,-0.0272662267
0.69448,692,810.7961,810.817749,-2.81677246,-0.03817272
0.69451,693,810.7961,810.8177,-2.79663086,-0.04907921
0.69574,694,810.7961,810.8176,-2.78869629,-0.04907921
0.69576,695,810.7961,810.8176,-2.80090332,-0.0599856973
0.69760,696,810.7961,810.8176,-2.80090332,-0.04907921
0.69940,697,810.7961,810.8175,-2.76062,-0.0599856973
0.69943,698,810.7961,810.817444,-2.76489258,-0.04907921
0.70064,699,810.7961,810.817444,-2.77709961,-0.04907921
0.70249,700,810.7961,810.817444,-2.77709961,-0.04907921
0.70251,701,810.7961,810.8173,-2.73681641,-0.03817272
0.70374,702,810.7961,810.8173,-2.76123047,-0.03817272
0.70377,703,810.7961,810.8173,-2.76123047,-0.0272662267
0.70565,704,810.7961,810.8173,-2.76123047,-0.0272662267
0.70744,705,810.7961,810.8173,-2.76123047,-0.0163597353
0.70747,706,810.7961,810.817444,-2.80151367,0.0109064905
0.70889,707,810.7961,810.817444,-2.77709961,0.0109064905
0.71049,708,810.7961,810.817444,-2.77709961,0.0109064905
0.71054,709,810.7961,810.817444,-2.77709961,0.0109064905
0.71178,710,810.7961,810.817444,-2.77709961,0
0.71180,711,810.7961,810.817444,-2.77709961,0
0.71358,712,810.7961,810.817444,-2.77709961,0
0.71539,713,810.7961,810.817444,-2.77709961,0
0.71541,714,810.7961,810.817444,-2.77709961,0
0.71664,715,810.7961,810.817444,-2.77709961,-0.0272662267
0.71848,716,810.7961,810.8173,-2.73681641,-0.03817272
0.71850,717,810.7961,810.8173,-2.76123047,-0.04907921
0.71972,718,810.7961,810.8173,-2.76123047,-0.04907921
0.71973,719,810.7961,810.8172,-2.72094727,-0.04907921
0.72160,720,810.7961,810.817139,-2.72521973,-0.04907921
0.72345,721,810.7961,810.817139,-2.73742676,-0.04907921
0.72350,722,810.7961,810.817139,-2.73742676,-0.04907921
0.72465,723,810.7961,810.817139,-2.73742676,-0.04907921
0.72651,724,810.7961,810.817,-2.69714355,-0.03817272
0.72653,725,810.7961,810.816956,-2.701416,-0.03817272
0.72774,726,810.7961,810.816956,-2.713623,-0.03817272
0.72776,727,810.7961,810.816956,-2.713623,-0.03817272
0.72958,728,810.7961,810.816956,-2.713623,-0.0272662267
0.73143,729,810.7961,810.816956,-2.713623,-0.0163597353
0.73147,730,810.7961,810.816956,-2.713623,0
0.73264,731,810.7961,810.816956,-2.713623,0.0109064905
0.73449,732,810.7961,810.816956,-2.713623,0
0.73452,733,810.7961,810.816956,-2.713623,0
0.73599,734,810.7961,810.816956,-2.713623,0
0.73602,735,810.7961,810.816956,-2.713623,0
0.73760,736,810.7961,810.816956,-2.713623,0
0.73948,737,810.7961,810.816956,-2.713623,0
0.73953,738,810.7961,810.816956,-2.713623,0
0.74069,739,810.7961,810.816956,-2.713623,-0.0163597353
0.74252,740,810.7961,810.816956,-2.713623,-0.0163597353
0.74255,741,810.7961,810.816956,-2.713623,-0.0272662267
0.74375,742,810.7961,810.8169,-2.69348145,-0.03817272
0.74378,743,810.7961,810.8168,-2.66540527,-0.04907921
0.74562,744,810.7961,810.8168,-2.68981934,-0.04907921
0.74742,745,810.7961,810.8168,-2.68981934,-0.04907921
0.74744,746,810.7961,810.8167,-2.66967773,-0.04907921
0.74866,747,810.7961,810.81665,-2.66174316,-0.04907921
0.75049,748,810.7961,810.81665,-2.6739502,-0.04907921
0.75052,749,810.7961,810.81665,-2.6739502,-0.04907921
0.75173,750,810.7961,810.81665,-2.6739502,-0.03817272
0.75174,751,810.7961,810.8166,-2.65380859,-0.03817272
0.75376,752,810.7961,810.8166,-2.66601563,-0.03817272
0.75543,753,810.7961,810.8166,-2.66601563,-0.0272662267
0.75548,754,810.7961,810.816467,-2.62573242,-0.0272662267
0.75664,755,810.7961,810.8166,-2.69042969,-0.0163597353
0.75849,756,810.7961,810.8166,-2.66601563,0
0.75851,757,810.7961,810.8166,-2.66601563,-0.0163597353
0.75973,758,810.7961,810.8166,-2.66601563,0
0.75974,759,810.7961,810.8166,-2.66601563,0
0.76158,760,810.7961,810.8166,-2.66601563,0
0.76343,761,810.7961,810.8166,-2.66601563,0
0.76345,762,810.7961,810.8166,-2.66601563,0
0.76463,763,810.7961,810.8166,-2.66601563,0
0.76649,764,810.7961,810.8166,-2.66601563,0
0.76651,765,810.7961,810.8166,-2.66601563,0
0.76774,766,810.7961,810.816467,-2.62573242,-0.0163597353
0.76776,767,810.7961,810.816467,-2.65014648,-0.0272662267
0.76963,768,810.7961,810.816345,-2.60986328,-0.04907921
0.77140,769,810.7961,810.816345,-2.63427734,-0.0599856973
0.77144,770,810.7961,810.816345,-2.63427734,-0.04907921
0.77279,771,810.7961,810.816345,-2.63427734,-0.04907921
0.77452,772,810.7961,810.8162,-2.59399414,-0.0599856973
0.77455,773,810.7961,810.816162,-2.5982666,-0.04907921
0.77572,774,810.7961,810.816162,-2.61047363,-0.04907921
0.77573,775,810.7961,810.816162,-2.61047363,-0.04907921
0.77756,776,810.7961,810.816162,-2.61047363,-0.03817272
0.77941,777,810.7961,810.816162,-2.61047363,-0.0272662267
0.77944,778,810.7961,810.816162,-2.61047363,-0.0163597353
0.78064,779,810.7961,810.816162,-2.61047363,-0.0163597353
0.78247,780,810.7961,810.816162,-2.61047363,0
0.78249,781,810.7961,810.816162,-2.61047363,0
0.78375,782,810.7961,810.816162,-2.61047363,-0.0163597353
0.78380,783,810.7961,810.816162,-2.61047363,0
0.78563,784,810.7961,810.816162,-2.61047363,0
0.78740,785,810.7961,810.816162,-2.61047363,0
0.78744,786,810.7961,810.816162,-2.61047363,0
0.78865,787,810.7961,810.816162,-2.61047363,0
0.79048,788,810.7961,810.816162,-2.61047363,0
0.79052,789,810.7961,810.816162,-2.61047363,0
0.79175,790,810.7961,810.8161,-2.590332,-0.0272662267
0.79178,791,810.7961,810.81604,-2.58239746,-0.0272662267
0.79356,792,810.7961,810.81604,-2.59460449,-0.03817272
0.79539,793,810.7961,810.81604,-2.59460449,-0.03817272
0.79543,794,810.7961,810.81604,-2.59460449,-0.03817272
0.79664,795,810.7961,810.8159,-2.55432129,-0.03817272
0.79849,796,810.7961,810.8158,-2.53845215,-0.03817272
0.79851,797,810.7961,810.8158,-2.56286621,-0.04907921
0.79975,798,810.7961,810.8158,-2.56286621,-0.03817272
0.79978,799,810.7961,810.8158,-2.56286621,-0.03817272
0.80163,800,810.7961,810.8158,-2.56286621,-0.03817272
0.80356,801,810.7961,810.8158,-2.56286621,-0.0272662267
0.80362,802,810.7961,810.8158,-2.56286621,-0.0272662267
0.80467,803,810.7961,810.8157,-2.522583,-0.0272662267
0.80654,804,810.7961,810.8157,-2.546997,-0.0272662267
0.80658,805,810.7961,810.8157,-2.546997,-0.0272662267
0.80773,806,810.7961,810.8157,-2.546997,-0.0272662267
0.80775,807,810.7961,810.8157,-2.546997,-0.0272662267
0.80956,808,810.7961,810.8157,-2.546997,-0.0163597353
0.81140,809,810.7961,810.8157,-2.546997,-0.0163597353
0.81142,810,810.7961,810.8157,-2.546997,0
0.81268,811,810.7961,810.8157,-2.546997,0
0.81450,812,810.7961,810.8157,-2.546997,-0.0163597353
0.81456,813,810.7961,810.8157,-2.546997,-0.0163597353
0.81574,814,810.7961,810.8157,-2.546997,-0.0163597353
0.81576,815,810.7961,810.8157,-2.546997,-0.0163597353
0.81758,816,810.7961,810.8157,-2.546997,-0.0163597353
0.81941,817,810.7961,810.8156,-2.52685547,-0.0163597353
0.81943,818,810.7961,810.8156,-2.5390625,-0.0163597353
0.82066,819,810.7961,810.8156,-2.5390625,-0.0163597353
0.82250,820,810.7961,810.8155,-2.4987793,-0.0272662267
0.82252,821,810.7961,810.8155,-2.52319336,-0.03817272
0.82373,822,810.7961,810.8155,-2.52319336,-0.03817272
0.82375,823,810.7961,810.815369,-2.48291016,-0.04907921
0.82555,824,810.7961,810.815369,-2.50732422,-0.04907921
0.82737,825,810.7961,810.815247,-2.467041,-0.0599856973
0.82739,826,810.7961,810.8152,-2.47131348,-0.07089219
0.82864,827,810.7961,810.8152,-2.48352051,-0.0599856973
0.83053,828,810.7961,810.8152,-2.48352051,-0.0599856973
0.83056,829,810.7961,810.815063,-2.4432373,-0.0599856973
0.83174,830,810.7961,810.815063,-2.46765137,-0.0599856973
0.83176,831,810.7961,810.815063,-2.46765137,-0.04907921
0.83357,832,810.7961,810.814941,-2.42736816,-0.04907921
0.83537,833,810.7961,810.8149,-2.43164063,-0.04907921
0.83539,834,810.7961,810.8149,-2.44384766,-0.04907921
0.83706,835,810.7961,810.8149,-2.44384766,-0.03817272
0.83850,836,810.7961,810.8149,-2.44384766,-0.03817272
0.83853,837,810.7961,810.8149,-2.44384766,-0.0272662267
0.83974,838,810.7961,810.8149,-2.44384766,-0.0272662267
0.83975,839,810.7961,810.8148,-2.423706,-0.0272662267
0.84157,840,810.7961,810.8148,-2.435913,-0.0272662267
0.84339,841,810.7961,810.8148,-2.435913,-0.0272662267
0.84342,842,810.7961,810.8148,-2.435913,-0.0272662267
0.84466,843,810.7961,810.8147,-2.39563,-0.0272662267
0.84646,844,810.7961,810.8147,-2.420044,-0.0163597353
0.84649,845,810.7961,810.8147,-2.420044,-0.0163597353
0.84773,846,810.7961,810.8147,-2.420044,-0.0272662267
0.84774,847,810.7961,810.8147,-2.420044,-0.0163597353
0.84959,848,810.7961,810.8147,-2.420044,-0.0163597353
0.85137,849,810.7961,810.8147,-2.420044,-0.0163597353
0.85139,850,810.7961,810.8147,-2.420044,-0.0163597353
0.85264,851,810.7961,810.814636,-2.39990234,-0.0163597353
0.85449,852,810.7961,810.814636,-2.41210938,-0.0272662267
0.85452,853,810.7961,810.8146,-2.39196777,-0.03817272
0.85573,854,810.7961,810.8146,-2.4041748,-0.04907921
0.85575,855,810.7961,810.8144,-2.34375,-0.07089219
0.85757,856,810.7961,810.814331,-2.36022949,-0.08179868
0.85937,857,810.7961,810.8143,-2.352295,-0.09270517
0.85939,858,810.7961,810.8141,-2.30407715,-0.09270517
0.86069,859,810.7961,810.8141,-2.34069824,-0.09270517
0.86250,860,810.7961,810.813965,-2.300415,-0.103611663
0.86252,861,810.7961,810.8138,-2.2644043,-0.114518143
0.86377,862,810.7961,810.8136,-2.24060059,-0.130877882
0.86379,863,810.7961,810.8134,-2.21679688,-0.152690873
0.86557,864,810.7961,810.8133,-2.21313477,-0.16359736
0.86737,865,810.7961,810.8131,-2.177124,-0.16359736
0.86739,866,810.7961,810.8128,-2.113037,-0.16359736
0.86866,867,810.7961,810.8128,-2.17407227,-0.16359736
0.87049,868,810.7961,810.8127,-2.133789,-0.16359736
0.87051,869,810.7961,810.812439,-2.07763672,-0.16359736
0.87173,870,810.7961,810.812439,-2.12646484,-0.152690873
0.87175,871,810.7961,810.8123,-2.08618164,-0.103611663
0.87355,872,810.7961,810.8123,-2.1105957,-0.08179868
0.87538,873,810.7961,810.8123,-2.1105957,-0.03817272
0.87539,874,810.7961,810.812439,-2.150879,-0.0163597353
0.87664,875,810.7961,810.812439,-2.12646484,0.0109064905
0.87847,876,810.7961,810.812439,-2.12646484,0.03271947
0.87849,877,810.7961,810.8127,-2.20703125,0.043625962
0.87972,878,810.7961,810.8127,-2.15820313,0.0545324534
0.87974,879,810.7961,810.8128,-2.19848633,0.06543894
0.88154,880,810.7961,810.8128,-2.17407227,0.0545324534
0.88337,881,810.7961,810.8128,-2.17407227,0.0545324534
0.88338,882,810.7961,810.812866,-2.19421387,0.0545324534
0.88467,883,810.7961,810.813,-2.22229,0.043625962
0.88648,884,810.7961,810.813,-2.197876,0.03271947
0.88651,885,810.7961,810.813,-2.197876,0.021812981
0.88773,886,810.7961,810.813,-2.197876,0
0.88774,887,810.7961,810.812866,-2.15759277,0
0.88956,888,810.7961,810.8128,-2.16186523,-0.03817272
0.89139,889,810.7961,810.8128,-2.17407227,-0.04907921
0.89140,890,810.7961,810.812744,-2.15393066,-0.04907921
0.89269,891,810.7961,810.8127,-2.145996,-0.0599856973
0.89447,892,810.7961,810.8127,-2.15820313,-0.0599856973
0.89448,893,810.7961,810.8127,-2.15820313,-0.04907921
0.89572,894,810.7961,810.812561,-2.11792,-0.0599856973
0.89574,895,810.7961,810.812439,-2.10205078,-0.04907921
0.89754,896,810.7961,810.812439,-2.12646484,-0.03817272
0.89937,897,810.7961,810.812439,-2.12646484,-0.03817272
0.89939,898,810.7961,810.812439,-2.12646484,-0.0272662267
0.90065,899,810.7961,810.812439,-2.12646484,-0.0272662267
0.90246,900,810.7961,810.812439,-2.12646484,-0.0272662267
0.90247,901,810.7961,810.812439,-2.12646484,-0.0163597353
0.90376,902,810.7961,810.812439,-2.12646484,0
0.90381,903,810.7961,810.812439,-2.12646484,0
0.90557,904,810.7961,810.812439,-2.12646484,0.0109064905
0.90740,905,810.7961,810.812439,-2.12646484,0
0.90742,906,810.7961,810.812439,-2.12646484,0
0.90867,907,810.7961,810.812439,-2.12646484,0.0109064905
0.91048,908,810.7961,810.812439,-2.12646484,0
0.91050,909,810.7961,810.812439,-2.12646484,0
0.91174,910,810.7961,810.812439,-2.12646484,0
0.91176,911,810.7961,810.812439,-2.12646484,0
0.91355,912,810.7961,810.812439,-2.12646484,0
0.91538,913,810.7961,810.812439,-2.12646484,0
0.91540,914,810.7961,810.812439,-2.12646484,-0.0163597353
0.91664,915,810.7961,810.812439,-2.12646484,-0.0163597353
0.91846,916,810.7961,810.812439,-2.12646484,-0.0272662267
0.91847,917,810.7961,810.812439,-2.12646484,-0.0272662267
0.91975,918,810.7961,810.812439,-2.12646484,-0.0272662267
0.91979,919,810.7961,810.812439,-2.12646484,-0.03817272
0.92156,920,810.7961,810.812439,-2.12646484,-0.0272662267
0.92340,921,810.7961,810.8123,-2.08618164,-0.0272662267
0.92342,922,810.7961,810.8123,-2.1105957,-0.0272662267
0.92465,923,810.7961,810.8123,-2.1105957,-0.0163597353
0.92646,924,810.7961,810.8123,-2.1105957,-0.0272662267
0.92647,925,810.7961,810.8123,-2.1105957,-0.03817272
0.92776,926,810.7961,810.812256,-2.090454,-0.03817272
0.92778,927,810.7961,810.812256,-2.10266113,-0.03817272
0.92955,928,810.7961,810.812134,-2.062378,-0.0272662267
0.93138,929,810.7961,810.812134,-2.086792,-0.0272662267
0.93143,930,810.7961,810.812134,-2.086792,-0.0272662267
0.93266,931,810.7961,810.812134,-2.086792,-0.0272662267
0.93447,932,810.7961,810.812134,-2.086792,-0.0272662267
0.93449,933,810.7961,810.812134,-2.086792,-0.0272662267
0.93576,934,810.7961,810.812134,-2.086792,-0.0272662267
0.93579,935,810.7961,810.812134,-2.086792,-0.0272662267
0.93762,936,810.7961,810.812,-2.04650879,-0.0272662267
0.93942,937,810.7961,810.812134,-2.111206,-0.0163597353
0.93945,938,810.7961,810.812134,-2.086792,-0.0163597353
0.94065,939,810.7961,810.812134,-2.086792,0
0.94245,940,810.7961,810.812134,-2.086792,0
0.94246,941,810.7961,810.812134,-2.086792,0
0.94375,942,810.7961,810.812134,-2.086792,0
0.94379,943,810.7961,810.812134,-2.086792,0
0.94557,944,810.7961,810.812134,-2.086792,0
0.94737,945,810.7961,810.812134,-2.086792,0
0.94738,946,810.7961,810.812134,-2.086792,0
0.94864,947,810.7961,810.812,-2.04650879,0
0.95047,948,810.7961,810.812,-2.07092285,-0.0163597353
0.95049,949,810.7961,810.812,-2.07092285,-0.0272662267
0.95173,950,810.7961,810.8119,-2.03063965,-0.03817272
0.95175,951,810.7961,810.8119,-2.05505371,-0.04907921
0.95370,952,810.7961,810.8118,-2.034912,-0.04907921
0.95540,953,810.7961,810.8118,-2.04711914,-0.04907921
0.95542,954,810.7961,810.8118,-2.04711914,-0.04907921
0.95665,955,810.7961,810.811768,-2.02697754,-0.04907921
0.95847,956,810.7961,810.8117,-2.019043,-0.04907921
0.95849,957,810.7961,810.8117,-2.03125,-0.04907921
0.95973,958,810.7961,810.8117,-2.03125,-0.03817272
0.95974,959,810.7961,810.8117,-2.03125,-0.03817272
0.96155,960,810.7961,810.8116,-1.9909668,-0.03817272
0.96342,961,810.7961,810.8116,-2.01538086,-0.03817272
0.96347,962,810.7961,810.8116,-2.01538086,-0.0272662267
0.96464,963,810.7961,810.8116,-2.01538086,-0.0163597353
0.96645,964,810.7961,810.8117,-2.055664,0
0.96648,965,810.7961,810.8117,-2.03125,0.0109064905
0.96772,966,810.7961,810.8117,-2.03125,0
0.96773,967,810.7961,810.8117,-2.03125,0
0.96956,968,810.7961,810.8117,-2.03125,0
0.97140,969,810.7961,810.8117,-2.03125,0
0.97142,970,810.7961,810.8117,-2.03125,0
0.97265,971,810.7961,810.8117,-2.03125,0
0.97446,972,810.7961,810.8117,-2.03125,0
0.97448,973,810.7961,810.8117,-2.03125,-0.0163597353
0.97573,974,810.7961,810.8116,-1.9909668,-0.0272662267
0.97576,975,810.7961,810.8115,-1.99523926,-0.03817272
0.97754,976,810.7961,810.8115,-2.00744629,-0.04907921
0.97940,977,810.7961,810.811462,-1.98730469,-0.04907921
0.97943,978,810.7961,810.81134,-1.95922852,-0.04907921
0.98064,979,810.7961,810.81134,-1.98364258,-0.04907921
0.98245,980,810.7961,810.81134,-1.98364258,-0.04907921
0.98247,981,810.7961,810.81134,-1.98364258,-0.04907921
0.98372,982,810.7961,810.8112,-1.94335938,-0.04907921
0.98373,983,810.7961,810.8112,-1.96777344,-0.04907921
0.98557,984,810.7961,810.8112,-1.96777344,-0.04907921
0.98744,985,810.7961,810.8112,-1.96777344,-0.04907921
0.98747,986,810.7961,810.811157,-1.94763184,-0.03817272
0.98866,987,810.7961,810.811035,-1.91955566,-0.03817272
0.99048,988,810.7961,810.811035,-1.94396973,-0.03817272
0.99050,989,810.7961,810.811035,-1.94396973,-0.03817272
0.99173,990,810.7961,810.811035,-1.94396973,-0.03817272
0.99175,991,810.7961,810.811,-1.92382813,-0.03817272
0.99356,992,810.7961,810.811,-1.93603516,-0.03817272
0.99540,993,810.7961,810.8109,-1.91589355,-0.0272662267
0.99545,994,810.7961,810.8109,-1.92810059,-0.03817272
0.99666,995,810.7961,810.8109,-1.92810059,-0.0272662267
0.99846,996,810.7961,810.8109,-1.92810059,-0.0272662267
0.99847,997,810.7961,810.8109,-1.92810059,-0.0272662267
0.99974,998,810.7961,810.8108,-1.88781738,-0.0272662267
0.99975,999,810.7961,810.8108,-1.91223145,-0.0272662267
1.00156,1000,810.7961,810.8107,-1.89208984,-0.03817272
1.00350,1001,810.7961,810.8107,-1.90429688,-0.03817272
1.00359,1002,810.7961,810.8106,-1.86401367,-0.04907921
1.00469,1003,810.7961,810.8106,-1.88842773,-0.0599856973
1.00649,1004,810.7961,810.8106,-1.88842773,-0.0599856973
1.00650,1005,810.7961,810.8104,-1.82800293,-0.07089219
1.00773,1006,810.7961,810.8103,-1.82434082,-0.08179868
1.00775,1007,810.7961,810.810242,-1.82861328,-0.09270517
1.00958,1008,810.7961,810.810059,-1.78039551,-0.09270517
1.01144,1009,810.7961,810.809937,-1.7767334,-0.103611663
1.01148,1010,810.7961,810.809937,-1.80114746,-0.114518143
1.01265,1011,810.7961,810.8097,-1.720581,-0.130877882
1.01449,1012,810.7961,810.809631,-1.74926758,-0.141784385
1.01452,1013,810.7961,810.809448,-1.7010498,-0.152690873
1.01576,1014,810.7961,810.8093,-1.6973877,-0.152690873
1.01578,1015,810.7961,810.8091,-1.64123535,-0.152690873
1.01757,1016,810.7961,810.80896,-1.64978027,-0.152690873
1.01942,1017,810.7961,810.8089,-1.65405273,-0.152690873
1.01944,1018,810.7961,810.8088,-1.62597656,-0.141784385
1.02073,1019,810.7961,810.8088,-1.65039063,-0.114518143
1.02251,1020,810.7961,810.8088,-1.65039063,-0.09270517
1.02258,1021,810.7961,810.8088,-1.65039063,-0.0599856973
1.02376,1022,810.7961,810.8088,-1.65039063,-0.0272662267
1.02379,1023,810.7961,810.80896,-1.71081543,0.0109064905
1.02558,1024,810.7961,810.80896,-1.67419434,0.03271947
1.02740,1025,810.7961,810.8091,-1.71447754,0.06543894
1.02741,1026,810.7961,810.8091,-1.69006348,0.07634544
1.02864,1027,810.7961,810.8093,-1.77062988,0.07634544
1.03049,1028,810.7961,810.8093,-1.72180176,0.07634544
1.03053,1029,810.7961,810.8094,-1.74194336,0.06543894
1.03174,1030,810.7961,810.809448,-1.74987793,0.06543894
1.03176,1031,810.7961,810.809448,-1.7376709,0.06543894
1.03356,1032,810.7961,810.8095,-1.7578125,0.0545324534
1.03540,1033,810.7961,810.809631,-1.78588867,0.043625962
1.03543,1034,810.7961,810.809631,-1.76147461,0.043625962
1.03701,1035,810.7961,810.809631,-1.76147461,0.03271947
1.03855,1036,810.7961,810.809631,-1.76147461,0.0109064905
1.03860,1037,810.7961,810.809448,-1.7010498,-0.0163597353
1.03973,1038,810.7961,810.809448,-1.7376709,-0.03817272
1.03975,1039,810.7961,810.809448,-1.7376709,-0.0599856973
1.04155,1040,810.7961,810.8093,-1.6973877,-0.07089219
1.04339,1041,810.7961,810.8092,-1.68151855,-0.07089219
1.04343,1042,810.7961,810.8091,-1.66564941,-0.09270517
1.04464,1043,810.7961,810.8091,-1.69006348,-0.08179868
1.04650,1044,810.7961,810.80896,-1.64978027,-0.08179868
1.04658,1045,810.7961,810.80896,-1.67419434,-0.08179868
1.04773,1046,810.7961,810.8089,-1.65405273,-0.07089219
1.04776,1047,810.7961,810.8088,-1.62597656,-0.07089219
1.04957,1048,810.7961,810.8088,-1.65039063,-0.0599856973
1.05142,1049,810.7961,810.8088,-1.65039063,-0.0599856973
1.05144,1050,810.7961,810.8088,-1.65039063,-0.0272662267
1.05264,1051,810.7961,810.8089,-1.69067383,0
1.05451,1052,810.7961,810.80896,-1.68640137,0.0109064905
1.05455,1053,810.7961,810.80896,-1.67419434,0.03271947
1.05574,1054,810.7961,810.8091,-1.71447754,0.021812981
1.05575,1055,810.7961,810.8091,-1.69006348,0.03271947
1.05756,1056,810.7961,810.8091,-1.69006348,0.03271947
1.05941,1057,810.7961,810.8091,-1.69006348,0.021812981
1.05945,1058,810.7961,810.8091,-1.69006348,0.03271947
1.06065,1059,810.7961,810.8091,-1.69006348,0.0109064905
1.06251,1060,810.7961,810.8091,-1.69006348,0.0109064905
1.06255,1061,810.7961,810.8091,-1.69006348,0.0109064905
1.06374,1062,810.7961,810.8091,-1.69006348,-0.0163597353
1.06376,1063,810.7961,810.8091,-1.69006348,-0.0163597353
1.06559,1064,810.7961,810.80896,-1.64978027,-0.0272662267
1.06737,1065,810.7961,810.80896,-1.67419434,-0.04907921
1.06740,1066,810.7961,810.80896,-1.67419434,-0.04907921
1.06864,1067,810.7961,810.80896,-1.67419434,-0.04907921
1.07057,1068,810.7961,810.8089,-1.65405273,-0.04907921
1.07060,1069,810.7961,810.8088,-1.62597656,-0.03817272
1.07174,1070,810.7961,810.8088,-1.65039063,-0.03817272
1.07175,1071,810.7961,810.8088,-1.65039063,-0.0272662267
1.07356,1072,810.7961,810.8088,-1.65039063,-0.0272662267
1.07540,1073,810.7961,810.8088,-1.65039063,-0.0272662267
1.07544,1074,810.7961,810.8088,-1.65039063,-0.0272662267
1.07664,1075,810.7961,810.8088,-1.65039063,-0.0163597353
1.07849,1076,810.7961,810.8088,-1.65039063,-0.0163597353
1.07850,1077,810.7961,810.8088,-1.65039063,0
1.07973,1078,810.7961,810.8088,-1.65039063,0.0109064905
1.07974,1079,810.7961,810.8088,-1.65039063,0
1.08158,1080,810.7961,810.8088,-1.65039063,0.0109064905
1.08343,1081,810.7961,810.8088,-1.65039063,0
1.08346,1082,810.7961,810.8088,-1.65039063,0
1.08465,1083,810.7961,810.8088,-1.65039063,0
1.08647,1084,810.7961,810.8088,-1.65039063,0
1.08649,1085,810.7961,810.8088,-1.65039063,0
1.08774,1086,810.7961,810.8088,-1.65039063,0
1.08775,1087,810.7961,810.8088,-1.65039063,0
1.08958,1088,810.7961,810.8088,-1.65039063,0
1.09141,1089,810.7961,810.8088,-1.65039063,0
1.09144,1090,810.7961,810.8088,-1.65039063,-0.0163597353
1.09264,1091,810.7961,810.8088,-1.65039063,-0.0163597353
1.09446,1092,810.7961,810.8088,-1.65039063,-0.0272662267
1.09449,1093,810.7961,810.8088,-1.65039063,-0.0272662267
1.09573,1094,810.7961,810.8088,-1.65039063,-0.0272662267
1.09574,1095,810.7961,810.808655,-1.61010742,-0.03817272
1.09756,1096,810.7961,810.808655,-1.63452148,-0.0272662267
1.09941,1097,810.7961,810.808655,-1.63452148,-0.03817272
1.09943,1098,810.7961,810.808655,-1.63452148,-0.0272662267
1.10064,1099,810.7961,810.808655,-1.63452148,-0.03817272
1.10249,1100,810.7961,810.8086,-1.61437988,-0.03817272
1.10254,1101,810.7961,810.8085,-1.58630371,-0.0272662267
1.10376,1102,810.7961,810.8085,-1.61071777,-0.0272662267
1.10379,1103,810.7961,810.8085,-1.61071777,-0.0272662267
1.10556,1104,810.7961,810.8085,-1.61071777,-0.0272662267
1.10740,1105,810.7961,810.8085,-1.61071777,-0.0272662267
1.10744,1106,810.7961,810.8085,-1.61071777,-0.0272662267
1.10875,1107,810.7961,810.8085,-1.61071777,-0.0272662267
1.11048,1108,810.7961,810.8085,-1.61071777,-0.0163597353
1.11052,1109,810.7961,810.8085,-1.61071777,0
1.11174,1110,810.7961,810.8085,-1.61071777,0
1.11175,1111,810.7961,810.8085,-1.61071777,0
1.11355,1112,810.7961,810.8085,-1.61071777,0.0109064905
1.11541,1113,810.7961,810.8085,-1.61071777,0.0109064905
1.11544,1114,810.7961,810.8085,-1.61071777,0
1.11666,1115,810.7961,810.8085,-1.61071777,0
1.11851,1116,810.7961,810.8085,-1.61071777,0
1.11854,1117,810.7961,810.8085,-1.61071777,0
1.11972,1118,810.7961,810.8085,-1.61071777,0
1.11975,1119,810.7961,810.8085,-1.61071777,-0.0163597353
1.12159,1120,810.7961,810.8085,-1.61071777,-0.0163597353
1.12344,1121,810.7961,810.8085,-1.61071777,-0.0163597353
1.12346,1122,810.7961,810.8084,-1.59057617,-0.0272662267
1.12469,1123,810.7961,810.8084,-1.6027832,-0.0272662267
1.12653,1124,810.7961,810.80835,-1.5826416,-0.03817272
1.12657,1125,810.7961,810.80835,-1.59484863,-0.03817272
1.12773,1126,810.7961,810.80835,-1.59484863,-0.03817272
1.12774,1127,810.7961,810.8082,-1.55456543,-0.04907921
1.12958,1128,810.7961,810.8082,-1.57897949,-0.03817272
1.13139,1129,810.7961,810.808167,-1.55883789,-0.03817272
1.13143,1130,810.7961,810.808167,-1.57104492,-0.03817272
1.13264,1131,810.7961,810.808167,-1.57104492,-0.0272662267
1.13449,1132,810.7961,810.808167,-1.57104492,-0.0272662267
1.13452,1133,810.7961,810.808167,-1.57104492,-0.0272662267
1.13573,1134,810.7961,810.8081,-1.55090332,-0.0272662267
1.13575,1135,810.7961,810.8081,-1.56311035,-0.0272662267
1.13758,1136,810.7961,810.808167,-1.583252,-0.0272662267
1.13943,1137,810.7961,810.8081,-1.55090332,-0.0163597353
1.13946,1138,810.7961,810.8081,-1.56311035,-0.0163597353
1.14066,1139,810.7961,810.8081,-1.56311035,0
1.14250,1140,810.7961,810.8081,-1.56311035,-0.0163597353
1.14253,1141,810.7961,810.8081,-1.56311035,-0.0163597353
1.14373,1142,810.7961,810.808167,-1.583252,-0.0163597353
1.14375,1143,810.7961,810.808167,-1.57104492,0
1.14558,1144,810.7961,810.808167,-1.57104492,0.0109064905
1.14742,1145,810.7961,810.808167,-1.57104492,0
1.14744,1146,810.7961,810.808167,-1.57104492,0.0109064905
1.14865,1147,810.7961,810.808167,-1.57104492,0
1.15050,1148,810.7961,810.808167,-1.57104492,0
1.15052,1149,810.7961,810.808167,-1.57104492,0
1.15172,1150,810.7961,810.808167,-1.57104492,0
1.15174,1151,810.7961,810.808167,-1.57104492,0
1.15373,1152,810.7961,810.8081,-1.55090332,-0.0163597353
1.15540,1153,810.7961,810.808044,-1.54296875,-0.0272662267
1.15543,1154,810.7961,810.808044,-1.55517578,-0.0272662267
1.15668,1155,810.7961,810.808044,-1.55517578,-0.03817272
1.15848,1156,810.7961,810.808044,-1.55517578,-0.03817272
1.15851,1157,810.7961,810.8079,-1.51489258,-0.03817272
1.15973,1158,810.7961,810.807861,-1.519165,-0.04907921
1.15975,1159,810.7961,810.807861,-1.53137207,-0.04907921
1.16156,1160,810.7961,810.8078,-1.51123047,-0.04907921
1.16342,1161,810.7961,810.8077,-1.4831543,-0.04907921
1.16345,1162,810.7961,810.8077,-1.50756836,-0.0599856973
1.16465,1163,810.7961,810.8076,-1.48742676,-0.0599856973
1.16649,1164,810.7961,810.807556,-1.47949219,-0.0599856973
1.16653,1165,810.7961,810.807556,-1.49169922,-0.0599856973
1.16772,1166,810.7961,810.807556,-1.49169922,-0.04907921
1.16773,1167,810.7961,810.807556,-1.49169922,-0.04907921
1.16959,1168,810.7961,810.807556,-1.49169922,-0.0272662267
1.17140,1169,810.7961,810.807556,-1.49169922,-0.0272662267
1.17141,1170,810.7961,810.807556,-1.49169922,-0.0163597353
1.17267,1171,810.7961,810.807556,-1.49169922,0
1.17453,1172,810.7961,810.807556,-1.49169922,0
1.17456,1173,810.7961,810.807556,-1.49169922,0
1.17572,1174,810.7961,810.807556,-1.49169922,0
1.17573,1175,810.7961,810.807556,-1.49169922,0
1.17757,1176,810.7961,810.807556,-1.49169922,0
1.17939,1177,810.7961,810.807556,-1.49169922,0
1.17941,1178,810.7961,810.807556,-1.49169922,0
1.18065,1179,810.7961,810.807556,-1.49169922,0
1.18249,1180,810.7961,810.807556,-1.49169922,0
1.18253,1181,810.7961,810.807556,-1.49169922,0
1.18373,1182,810.7961,810.807556,-1.49169922,0
1.18375,1183,810.7961,810.8075,-1.47155762,0
1.18557,1184,810.7961,810.8075,-1.48376465,-0.0272662267
1.18746,1185,810.7961,810.8074,-1.44348145,-0.0272662267
1.18751,1186,810.7961,810.8074,-1.46789551,-0.03817272
1.18867,1187,810.7961,810.8074,-1.46789551,-0.03817272
1.19049,1188,810.7961,810.807251,-1.4276123,-0.04907921
1.19051,1189,810.7961,810.807251,-1.45202637,-0.0599856973
1.19172,1190,810.7961,810.807251,-1.45202637,-0.0599856973
1.19173,1191,810.7961,810.807068,-1.39160156,-0.07089219
1.19357,1192,810.7961,810.807068,-1.42822266,-0.07089219
1.19541,1193,810.7961,810.806946,-1.38793945,-0.07089219
1.19544,1194,810.7961,810.8068,-1.37207031,-0.08179868
1.19666,1195,810.7961,810.8067,-1.35620117,-0.09270517
1.19851,1196,810.7961,810.806641,-1.36047363,-0.09270517
1.19853,1197,810.7961,810.8065,-1.33239746,-0.09270517
1.19974,1198,810.7961,810.8064,-1.31652832,-0.114518143
1.19976,1199,810.7961,810.8063,-1.30065918,-0.103611663
1.20155,1200,810.7961,810.8061,-1.26464844,-0.130877882
1.20348,1201,810.7961,810.805969,-1.26098633,-0.141784385
1.20351,1202,810.7961,810.805847,-1.24511719,-0.152690873
1.20467,1203,810.7961,810.8057,-1.229248,-0.152690873
1.20650,1204,810.7961,810.805542,-1.1932373,-0.152690873
1.20653,1205,810.7961,810.8054,-1.1895752,-0.152690873
1.20772,1206,810.7961,810.8053,-1.173706,-0.141784385
1.20774,1207,810.7961,810.8051,-1.13769531,-0.141784385
1.20958,1208,810.7961,810.805054,-1.1541748,-0.141784385
1.21138,1209,810.7961,810.805,-1.14624023,-0.130877882
1.21140,1210,810.7961,810.805,-1.15844727,-0.103611663
1.21266,1211,810.7961,810.805,-1.15844727,-0.08179868
1.21451,1212,810.7961,810.805,-1.15844727,-0.04907921
1.21455,1213,810.7961,810.805054,-1.17858887,0
1.21573,1214,810.7961,810.8051,-1.18652344,0.021812981
1.21575,1215,810.7961,810.8053,-1.23474121,0.03271947
1.21760,1216,810.7961,810.8053,-1.19812012,0.06543894
1.21940,1217,810.7961,810.8054,-1.23840332,0.06543894
1.21943,1218,810.7961,810.8054,-1.21398926,0.07634544
1.22067,1219,810.7961,810.8056,-1.27441406,0.07634544
1.22255,1220,810.7961,810.8056,-1.237793,0.06543894
1.22261,1221,810.7961,810.8056,-1.237793,0.06543894
1.22377,1222,810.7961,810.8057,-1.27807617,0.043625962
1.22383,1223,810.7961,810.8057,-1.25366211,0.043625962
1.22559,1224,810.7961,810.8058,-1.27380371,0.03271947
1.22742,1225,810.7961,810.8057,-1.24145508,0.021812981
1.22744,1226,810.7961,810.8057,-1.25366211,0.0109064905
1.22864,1227,810.7961,810.8056,-1.21337891,-0.0163597353
1.23049,1228,810.7961,810.8056,-1.237793,-0.03817272
1.23053,1229,810.7961,810.805542,-1.21765137,-0.04907921
1.23173,1230,810.7961,810.8054,-1.1895752,-0.0599856973
1.23174,1231,810.7961,810.8054,-1.21398926,-0.0599856973
1.23358,1232,810.7961,810.8053,-1.173706,-0.07089219
1.23539,1233,810.7961,810.805237,-1.17797852,-0.07089219
1.23542,1234,810.7961,810.8051,-1.14990234,-0.08179868
1.23699,1235,810.7961,810.8051,-1.17431641,-0.08179868
1.23856,1236,810.7961,810.805054,-1.1541748,-0.07089219
1.23859,1237,810.7961,810.805,-1.14624023,-0.07089219
1.23973,1238,810.7961,810.805,-1.15844727,-0.0599856973
1.23974,1239,810.7961,810.805,-1.15844727,-0.04907921
1.24156,1240,810.7961,810.805,-1.15844727,-0.03817272
1.24344,1241,810.7961,810.805054,-1.17858887,-0.0163597353
1.24347,1242,810.7961,810.8051,-1.18652344,0
1.24465,1243,810.7961,810.8051,-1.17431641,0.021812981
1.24648,1244,810.7961,810.8051,-1.17431641,0.03271947
1.24651,1245,810.7961,810.8053,-1.23474121,0.043625962
1.24772,1246,810.7961,810.8053,-1.19812012,0.043625962
1.24774,1247,810.7961,810.8053,-1.19812012,0.03271947
1.24959,1248,810.7961,810.8053,-1.19812012,0.03271947
1.25141,1249,810.7961,810.8054,-1.23840332,0.03271947
1.25146,1250,810.7961,810.8054,-1.21398926,0.021812981
1.25266,1251,810.7961,810.8054,-1.21398926,0.021812981
1.25451,1252,810.7961,810.8054,-1.21398926,0.0109064905
1.25455,1253,810.7961,810.8054,-1.21398926,0.0109064905
1.25573,1254,810.7961,810.8053,-1.173706,-0.0163597353
1.25574,1255,810.7961,810.8053,-1.19812012,-0.0272662267
1.25758,1256,810.7961,810.8053,-1.19812012,-0.0272662267
1.25941,1257,810.7961,810.805237,-1.17797852,-0.04907921
1.25945,1258,810.7961,810.8051,-1.14990234,-0.03817272
1.26065,1259,810.7961,810.8051,-1.17431641,-0.04907921
1.26248,1260,810.7961,810.8051,-1.17431641,-0.04907921
1.26250,1261,810.7961,810.8051,-1.17431641,-0.03817272
1.26372,1262,810.7961,810.8051,-1.17431641,-0.03817272
1.26374,1263,810.7961,810.805054,-1.1541748,-0.03817272
1.26557,1264,810.7961,810.805,-1.14624023,-0.03817272
1.26739,1265,810.7961,810.805,-1.15844727,-0.0272662267
1.26742,1266,810.7961,810.805054,-1.17858887,-0.0272662267
1.26866,1267,810.7961,810.805054,-1.16638184,-0.0163597353
1.27051,1268,810.7961,810.805054,-1.16638184,0
1.27053,1269,810.7961,810.805054,-1.16638184,0
1.27174,1270,810.7961,810.8051,-1.18652344,0.0109064905
1.27175,1271,810.7961,810.8051,-1.17431641,0
1.27362,1272,810.7961,810.8051,-1.17431641,0.0109064905
1.27542,1273,810.7961,810.8051,-1.17431641,0.0109064905
1.27544,1274,810.7961,810.8051,-1.17431641,0
1.27665,1275,810.7961,810.8051,-1.17431641,0
1.27849,1276,810.7961,810.8051,-1.17431641,0
1.27858,1277,810.7961,810.8051,-1.17431641,0
1.27972,1278,810.7961,810.8051,-1.17431641,0
1.27974,1279,810.7961,810.8051,-1.17431641,-0.0163597353
1.28159,1280,810.7961,810.8051,-1.17431641,-0.0163597353
1.28339,1281,810.7961,810.8051,-1.17431641,-0.0163597353
1.28340,1282,810.7961,810.8051,-1.17431641,-0.0163597353
1.28465,1283,810.7961,810.8051,-1.17431641,-0.0163597353
1.28650,1284,810.7961,810.805054,-1.1541748,-0.0163597353
1.28654,1285,810.7961,810.805054,-1.16638184,-0.0163597353
1.28773,1286,810.7961,810.805054,-1.16638184,-0.0163597353
1.28778,1287,810.7961,810.805,-1.14624023,-0.0272662267
1.28962,1288,810.7961,810.805,-1.15844727,-0.0272662267
1.29140,1289,810.7961,810.805,-1.15844727,-0.0272662267
1.29143,1290,810.7961,810.805,-1.15844727,-0.0272662267
1.29267,1291,810.7961,810.805,-1.15844727,-0.0272662267
1.29449,1292,810.7961,810.805,-1.15844727,-0.0272662267
1.29451,1293,810.7961,810.805,-1.15844727,-0.0272662267
1.29575,1294,810.7961,810.805,-1.15844727,-0.0272662267
1.29577,1295,810.7961,810.8049,-1.11816406,-0.0163597353
1.29760,1296,810.7961,810.8049,-1.14257813,-0.0163597353
1.29942,1297,810.7961,810.8049,-1.14257813,-0.0163597353
1.29948,1298,810.7961,810.8049,-1.14257813,-0.0163597353
1.30066,1299,810.7961,810.8049,-1.14257813,-0.0163597353
1.30251,1300,810.7961,810.805,-1.18286133,-0.0163597353
1.30254,1301,810.7961,810.805,-1.15844727,0
1.30376,1302,810.7961,810.805,-1.15844727,0
1.30379,1303,810.7961,810.805,-1.15844727,0
1.30559,1304,810.7961,810.805,-1.15844727,0
1.30738,1305,810.7961,810.805,-1.15844727,0
1.30739,1306,810.7961,810.805,-1.15844727,0
1.30866,1307,810.7961,810.805,-1.15844727,0
1.31054,1308,810.7961,810.805,-1.15844727,0
1.31057,1309,810.7961,810.805,-1.15844727,0
1.31175,1310,810.7961,810.8049,-1.11816406,0
1.31179,1311,810.7961,810.8048,-1.12243652,-0.0163597353
1.31360,1312,810.7961,810.8048,-1.13464355,-0.0272662267
1.31542,1313,810.7961,810.8048,-1.13464355,-0.0272662267
1.31545,1314,810.7961,810.8048,-1.13464355,-0.03817272
1.31667,1315,810.7961,810.804749,-1.114502,-0.03817272
1.31853,1316,810.7961,810.8047,-1.10656738,-0.04907921
1.31856,1317,810.7961,810.8047,-1.11877441,-0.03817272
1.31973,1318,810.7961,810.8047,-1.11877441,-0.03817272
1.31974,1319,810.7961,810.8047,-1.11877441,-0.0272662267
1.32163,1320,810.7961,810.8047,-1.11877441,-0.0272662267
1.32339,1321,810.7961,810.804565,-1.07849121,-0.0272662267
1.32341,1322,810.7961,810.804565,-1.10290527,-0.0272662267
1.32469,1323,810.7961,810.8045,-1.08276367,-0.0272662267
1.32650,1324,810.7961,810.8045,-1.0949707,-0.0272662267
1.32653,1325,810.7961,810.8045,-1.0949707,-0.0163597353
1.32774,1326,810.7961,810.8045,-1.0949707,-0.0163597353
1.32793,1327,810.7961,810.804565,-1.1151123,-1.39603078
1.32961,1328,810.7961,810.804565,-1.10290527,0
1.33138,1329,810.7961,810.804565,-1.10290527,0.0109064905
1.33142,1330,810.7961,810.804565,-1.10290527,0.0109064905
1.33268,1331,810.7961,810.8047,-1.14318848,0
1.33448,1332,810.7961,810.8047,-1.11877441,0
1.33452,1333,810.7961,810.8047,-1.11877441,0
1.33573,1334,810.7961,810.8047,-1.11877441,0
1.33574,1335,810.7961,810.8047,-1.11877441,0
1.33757,1336,810.7961,810.8047,-1.11877441,0
1.33939,1337,810.7961,810.8047,-1.11877441,0
1.33941,1338,810.7961,810.8047,-1.11877441,0
1.34070,1339,810.7961,810.8047,-1.11877441,0
1.34248,1340,810.7961,810.8047,-1.11877441,-0.0163597353
1.34250,1341,810.7961,810.8047,-1.11877441,-0.0163597353
1.34374,1342,810.7961,810.804565,-1.07849121,-0.0163597353
1.34376,1343,810.7961,810.804565,-1.10290527,-0.0272662267
1.34558,1344,810.7961,810.8045,-1.08276367,-0.0272662267
1.34738,1345,810.7961,810.8045,-1.0949707,-0.03817272
1.34740,1346,810.7961,810.8045,-1.0949707,-0.03817272
1.34867,1347,810.7961,810.8045,-1.0949707,-0.03817272
1.35046,1348,810.7961,810.804443,-1.0748291,-0.03817272
1.35048,1349,810.7961,810.8043,-1.04675293,-0.03817272
1.35172,1350,810.7961,810.8043,-1.071167,-0.0272662267
1.35173,1351,810.7961,810.8043,-1.071167,-0.0272662267
1.35374,1352,810.7961,810.8043,-1.071167,-0.0272662267
1.35544,1353,810.7961,810.8043,-1.071167,-0.0272662267
1.35546,1354,810.7961,810.8043,-1.071167,-0.0272662267
1.35671,1355,810.7961,810.8043,-1.071167,-0.0272662267
1.35848,1356,810.7961,810.8043,-1.071167,-0.0272662267
1.35850,1357,810.7961,810.8043,-1.071167,-0.0163597353
1.35976,1358,810.7961,810.8043,-1.071167,0
1.35979,1359,810.7961,810.8043,-1.071167,0
1.36160,1360,810.7961,810.8043,-1.071167,0
1.36337,1361,810.7961,810.8043,-1.071167,0
1.36339,1362,810.7961,810.8043,-1.071167,0
1.36470,1363,810.7961,810.8043,-1.071167,0
1.36646,1364,810.7961,810.8043,-1.071167,0
1.36647,1365,810.7961,810.8043,-1.071167,0
1.36772,1366,810.7961,810.8043,-1.071167,0
1.36773,1367,810.7961,810.8043,-1.071167,0
1.36955,1368,810.7961,810.8043,-1.071167,0
1.37140,1369,810.7961,810.8043,-1.071167,0
1.37141,1370,810.7961,810.8043,-1.071167,0
1.37266,1371,810.7961,810.8043,-1.071167,0
1.37452,1372,810.7961,810.8043,-1.071167,0
1.37454,1373,810.7961,810.8043,-1.071167,-0.0163597353
1.37574,1374,810.7961,810.8043,-1.071167,-0.0272662267
1.37576,1375,810.7961,810.80426,-1.05102539,-0.03817272
1.37758,1376,810.7961,810.8042,-1.04309082,-0.03817272
1.37938,1377,810.7961,810.8042,-1.05529785,-0.03817272
1.37939,1378,810.7961,810.8042,-1.05529785,-0.04907921
1.38066,1379,810.7961,810.8042,-1.05529785,-0.03817272
1.38246,1380,810.7961,810.804138,-1.03515625,-0.03817272
1.38247,1381,810.7961,810.804138,-1.04736328,-0.03817272
1.38373,1382,810.7961,810.804,-1.00708008,-0.0272662267
1.38375,1383,810.7961,810.804,-1.03149414,-0.0272662267
1.38556,1384,810.7961,810.804,-1.03149414,-0.0272662267
1.38742,1385,810.7961,810.804,-1.03149414,-0.0272662267
1.38746,1386,810.7961,810.804,-1.03149414,-0.0272662267
1.38867,1387,810.7961,810.8039,-0.991210938,-0.0272662267
1.39047,1388,810.7961,810.8039,-1.015625,-0.0272662267
1.39051,1389,810.7961,810.8039,-1.015625,-0.0272662267
1.39172,1390,810.7961,810.8039,-1.015625,-0.0272662267
1.39174,1391,810.7961,810.8039,-1.015625,-0.0272662267
1.39354,1392,810.7961,810.8039,-1.015625,-0.0272662267
1.39537,1393,810.7961,810.8039,-1.015625,-0.0272662267
1.39539,1394,810.7961,810.8039,-1.015625,-0.0272662267
1.39669,1395,810.7961,810.8039,-1.015625,-0.0163597353
1.39846,1396,810.7961,810.8039,-1.015625,-0.0163597353
1.39847,1397,810.7961,810.8039,-1.015625,-0.0163597353
1.39972,1398,810.7961,810.8038,-0.9753418,-0.0163597353
1.39974,1399,810.7961,810.8038,-0.999755859,-0.0163597353
1.40155,1400,810.7961,810.8038,-0.999755859,-0.0163597353
1.40357,1401,810.7961,810.8038,-0.999755859,-0.0163597353
1.40359,1402,810.7961,810.8038,-0.999755859,-0.0163597353
1.40468,1403,810.7961,810.8037,-0.979614258,-0.0163597353
1.40651,1404,810.7961,810.8037,-0.9918213,-0.0163597353
1.40653,1405,810.7961,810.8037,-0.9918213,-0.0163597353
1.40776,1406,810.7961,810.8037,-0.9918213,-0.0163597353
1.40779,1407,810.7961,810.8037,-0.9918213,-0.0163597353
1.40956,1408,810.7961,810.8037,-0.9918213,-0.0163597353
1.41140,1409,810.7961,810.8037,-0.9918213,-0.0163597353
1.41144,1410,810.7961,810.8037,-0.9918213,-0.0163597353
1.41268,1411,810.7961,810.8037,-0.9918213,-0.0163597353
1.41446,1412,810.7961,810.8037,-0.9918213,-0.0272662267
1.41448,1413,810.7961,810.8036,-0.9515381,-0.0272662267
1.41573,1414,810.7961,810.8036,-0.975952148,-0.03817272
1.41576,1415,810.7961,810.8036,-0.975952148,-0.04907921
1.41757,1416,810.7961,810.8036,-0.975952148,-0.04907921
1.41937,1417,810.7961,810.803467,-0.935668945,-0.0599856973
1.41939,1418,810.7961,810.803345,-0.9197998,-0.04907921
1.42068,1419,810.7961,810.803345,-0.944213867,-0.04907921
1.42251,1420,810.7961,810.803345,-0.944213867,-0.04907921
1.42254,1421,810.7961,810.8032,-0.903930664,-0.0599856973
1.42374,1422,810.7961,810.8032,-0.9283447,-0.0599856973
1.42377,1423,810.7961,810.803162,-0.9082031,-0.0599856973
1.42555,1424,810.7961,810.80304,-0.880126953,-0.07089219
1.42741,1425,810.7961,810.803,-0.8843994,-0.07089219
1.42744,1426,810.7961,810.8029,-0.876464844,-0.08179868
1.42866,1427,810.7961,810.802734,-0.8282471,-0.09270517
1.43046,1428,810.7961,810.802734,-0.864868164,-0.103611663
1.43049,1429,810.7961,810.8026,-0.824584961,-0.103611663
1.43173,1430,810.7961,810.8024,-0.7885742,-0.114518143
1.43175,1431,810.7961,810.802368,-0.8050537,-0.114518143
1.43354,1432,810.7961,810.802246,-0.776977539,-0.130877882
1.43546,1433,810.7961,810.802063,-0.7409668,-0.130877882
1.43550,1434,810.7961,810.801941,-0.7373047,-0.130877882
1.43702,1435,810.7961,810.801941,-0.76171875,-0.130877882
1.43848,1436,810.7961,810.801758,-0.701293945,-0.114518143
1.43851,1437,810.7961,810.801636,-0.697631836,-0.114518143
1.43980,1438,810.7961,810.801636,-0.7220459,-0.103611663
1.43983,1439,810.7961,810.8015,-0.6817627,-0.103611663
1.44155,1440,810.7961,810.8015,-0.706176758,-0.07089219
1.44341,1441,810.7961,810.8015,-0.706176758,-0.04907921
1.44344,1442,810.7961,810.801636,-0.746459961,-0.0163597353
1.44469,1443,810.7961,810.801636,-0.7220459,0.021812981
1.44649,1444,810.7961,810.8017,-0.7421875,0.03271947
1.44653,1445,810.7961,810.801758,-0.7501221,0.0545324534
1.44774,1446,810.7961,810.801941,-0.798339844,0.06543894
1.44777,1447,810.7961,810.801941,-0.76171875,0.07634544
1.44957,1448,810.7961,810.802063,-0.802001953,0.06543894
1.45138,1449,810.7961,810.802063,-0.7775879,0.0545324534
1.45140,1450,810.7961,810.802063,-0.7775879,0.043625962
1.45266,1451,810.7961,810.802063,-0.7775879,0.043625962
1.45449,1452,810.7961,810.8022,-0.8178711,0.03271947
1.45452,1453,810.7961,810.8022,-0.793457031,0.03271947
1.45576,1454,810.7961,810.802246,-0.813598633,0.021812981
1.45578,1455,810.7961,810.8022,-0.78125,0
1.45756,1456,810.7961,810.802063,-0.7531738,-0.0163597353
1.45940,1457,810.7961,810.802063,-0.7775879,-0.03817272
1.45945,1458,810.7961,810.802063,-0.7775879,-0.04907921
1.46066,1459,810.7961,810.802063,-0.7775879,-0.03817272
1.46246,1460,810.7961,810.802063,-0.7775879,-0.04907921
1.46248,1461,810.7961,810.801941,-0.7373047,-0.04907921
1.46373,1462,810.7961,810.801941,-0.76171875,-0.04907921
1.46375,1463,810.7961,810.8019,-0.741577148,-0.04907921
1.46555,1464,810.7961,810.801758,-0.713501,-0.04907921
1.46738,1465,810.7961,810.801758,-0.737915039,-0.04907921
1.46740,1466,810.7961,810.801758,-0.737915039,-0.03817272
1.46868,1467,810.7961,810.801758,-0.737915039,-0.03817272
1.47047,1468,810.7961,810.801758,-0.737915039,-0.0272662267
1.47051,1469,810.7961,810.801758,-0.737915039,0
1.47176,1470,810.7961,810.801758,-0.737915039,0
1.47178,1471,810.7961,810.8019,-0.778198242,0.0109064905
1.47356,1472,810.7961,810.8019,-0.7537842,0.021812981
1.47540,1473,810.7961,810.8019,-0.7537842,0.0109064905
1.47543,1474,810.7961,810.801941,-0.7739258,0.0109064905
1.47666,1475,810.7961,810.801941,-0.76171875,0.0109064905
1.47847,1476,810.7961,810.801941,-0.76171875,0
1.47849,1477,810.7961,810.801941,-0.76171875,0
1.47973,1478,810.7961,810.801941,-0.76171875,0
1.47975,1479,810.7961,810.801941,-0.76171875,0
1.48157,1480,810.7961,810.801941,-0.76171875,0
1.48342,1481,810.7961,810.801941,-0.76171875,0
1.48346,1482,810.7961,810.801941,-0.76171875,0
1.48465,1483,810.7961,810.801941,-0.76171875,0
1.48646,1484,810.7961,810.8019,-0.741577148,-0.0163597353
1.48648,1485,810.7961,810.8019,-0.7537842,-0.0163597353
1.48773,1486,810.7961,810.8019,-0.7537842,-0.0163597353
1.48775,1487,810.7961,810.8019,-0.7537842,-0.0163597353
1.48956,1488,810.7961,810.801758,-0.713501,-0.0163597353
1.49138,1489,810.7961,810.801758,-0.737915039,-0.0163597353
1.49142,1490,810.7961,810.801758,-0.737915039,-0.0163597353
1.49265,1491,810.7961,810.801758,-0.737915039,-0.0163597353
1.49447,1492,810.7961,810.801758,-0.737915039,-0.0163597353
1.49448,1493,810.7961,810.801758,-0.737915039,0
1.49572,1494,810.7961,810.801758,-0.737915039,0
1.49573,1495,810.7961,810.801758,-0.737915039,0
1.49754,1496,810.7961,810.801758,-0.737915039,0
1.49940,1497,810.7961,810.801758,-0.737915039,0
1.49942,1498,810.7961,810.801758,-0.737915039,0
1.50065,1499,810.7961,810.801758,-0.737915039,0
1.50248,1500,810.7961,810.801758,-0.737915039,0
1.50252,1501,810.7961,810.801758,-0.737915039,0
1.50373,1502,810.7961,810.801758,-0.737915039,0
1.50374,1503,810.7961,810.801758,-0.737915039,0
1.50557,1504,810.7961,810.801758,-0.737915039,0
1.50741,1505,810.7961,810.801758,-0.737915039,0
1.50743,1506,810.7961,810.801758,-0.737915039,0
1.50865,1507,810.7961,810.801758,-0.737915039,0
1.51047,1508,810.7961,810.801758,-0.737915039,0
1.51049,1509,810.7961,810.801758,-0.737915039,0
1.51176,1510,810.7961,810.801758,-0.737915039,0
1.51187,1511,810.7961,810.801758,-0.737915039,0
1.51356,1512,810.7961,810.801758,-0.737915039,0
1.51540,1513,810.7961,810.801758,-0.737915039,0
1.51543,1514,810.7961,810.801758,-0.737915039,-0.0163597353
1.51665,1515,810.7961,810.801758,-0.737915039,-0.0272662267
1.51847,1516,810.7961,810.801758,-0.737915039,-0.0272662267
1.51849,1517,810.7961,810.801758,-0.737915039,-0.03817272
1.51972,1518,810.7961,810.801758,-0.737915039,-0.0272662267
1.51975,1519,810.7961,810.8017,-0.717773438,-0.0163597353
1.52156,1520,810.7961,810.8017,-0.729980469,-0.0163597353
1.52343,1521,810.7961,810.8017,-0.729980469,-0.0163597353
1.52345,1522,810.7961,810.8017,-0.729980469,-0.0163597353
1.52467,1523,810.7961,810.801636,-0.709838867,-0.0163597353
1.52648,1524,810.7961,810.801636,-0.7220459,-0.0163597353
1.52651,1525,810.7961,810.801636,-0.7220459,-0.0163597353
1.52778,1526,810.7961,810.801636,-0.7220459,-0.0163597353
1.52780,1527,810.7961,810.801636,-0.7220459,-0.0163597353
1.52957,1528,810.7961,810.8017,-0.7421875,0
1.53140,1529,810.7961,810.8017,-0.729980469,0
1.53142,1530,810.7961,810.8017,-0.729980469,0.0109064905
1.53265,1531,810.7961,810.8017,-0.729980469,0
1.53450,1532,810.7961,810.8017,-0.729980469,0
1.53453,1533,810.7961,810.8017,-0.729980469,0
1.53573,1534,810.7961,810.8017,-0.729980469,0
1.53575,1535,810.7961,810.8017,-0.729980469,0
1.53759,1536,810.7961,810.8017,-0.729980469,0
1.53943,1537,810.7961,810.8017,-0.729980469,0
1.53947,1538,810.7961,810.8017,-0.729980469,0
1.54065,1539,810.7961,810.8017,-0.729980469,0
1.54252,1540,810.7961,810.8017,-0.729980469,0
1.54254,1541,810.7961,810.8017,-0.729980469,0
1.54372,1542,810.7961,810.8017,-0.729980469,-0.0163597353
1.54374,1543,810.7961,810.801636,-0.709838867,-0.0163597353
1.54555,1544,810.7961,810.801636,-0.7220459,-0.0163597353
1.54742,1545,810.7961,810.801636,-0.7220459,-0.0272662267
1.54745,1546,810.7961,810.801636,-0.7220459,-0.0272662267
1.54866,1547,810.7961,810.801636,-0.7220459,-0.0272662267
1.55047,1548,810.7961,810.801636,-0.7220459,-0.0272662267
1.55050,1549,810.7961,810.801636,-0.7220459,-0.0163597353
1.55172,1550,810.7961,810.801636,-0.7220459,-0.0163597353
1.55174,1551,810.7961,810.801636,-0.7220459,-0.0163597353
1.55374,1552,810.7961,810.801636,-0.7220459,-0.0163597353
1.55539,1553,810.7961,810.8015,-0.6817627,-0.0163597353
1.55541,1554,810.7961,810.8015,-0.706176758,-0.0163597353
1.55667,1555,810.7961,810.801636,-0.746459961,0
1.55852,1556,810.7961,810.801636,-0.7220459,0
1.55859,1557,810.7961,810.801636,-0.7220459,0
1.55974,1558,810.7961,810.801636,-0.7220459,0
1.55975,1559,810.7961,810.801636,-0.7220459,0
1.56160,1560,810.7961,810.801636,-0.7220459,0
1.56344,1561,810.7961,810.801636,-0.7220459,0
1.56347,1562,810.7961,810.801636,-0.7220459,0
1.56466,1563,810.7961,810.801636,-0.7220459,0
1.56649,1564,810.7961,810.801636,-0.7220459,0
1.56652,1565,810.7961,810.801636,-0.7220459,0
1.56772,1566,810.7961,810.801636,-0.7220459,0
1.56774,1567,810.7961,810.801636,-0.7220459,-0.0163597353
1.56958,1568,810.7961,810.801636,-0.7220459,-0.0163597353
1.57140,1569,810.7961,810.801636,-0.7220459,-0.0163597353
1.57145,1570,810.7961,810.801636,-0.7220459,-0.0163597353
1.57267,1571,810.7961,810.801453,-0.6616211,-0.0272662267
1.57450,1572,810.7961,810.801453,-0.6982422,-0.0272662267
1.57454,1573,810.7961,810.801453,-0.6982422,-0.0272662267
1.57572,1574,810.7961,810.801453,-0.6982422,-0.0272662267
1.57574,1575,810.7961,810.801453,-0.6982422,-0.0272662267
1.57756,1576,810.7961,810.801453,-0.6982422,-0.0272662267
1.57944,1577,810.7961,810.801453,-0.6982422,-0.0272662267
1.57947,1578,810.7961,810.801453,-0.6982422,-0.0163597353
1.58066,1579,810.7961,810.801453,-0.6982422,-0.0163597353
1.58250,1580,810.7961,810.801453,-0.6982422,0
1.58252,1581,810.7961,810.801453,-0.6982422,0
1.58372,1582,810.7961,810.801453,-0.6982422,0
1.58374,1583,810.7961,810.801453,-0.6982422,0
1.58558,1584,810.7961,810.801453,-0.6982422,0
1.58741,1585,810.7961,810.801453,-0.6982422,0
1.58743,1586,810.7961,810.801453,-0.6982422,0
1.58867,1587,810.7961,810.801453,-0.6982422,0
1.59053,1588,810.7961,810.801453,-0.6982422,0
1.59056,1589,810.7961,810.801453,-0.6982422,0
1.59173,1590,810.7961,810.801453,-0.6982422,0
1.59175,1591,810.7961,810.801453,-0.6982422,0
1.59357,1592,810.7961,810.801453,-0.6982422,0
1.59542,1593,810.7961,810.801453,-0.6982422,0
1.59545,1594,810.7961,810.801453,-0.6982422,0
1.59665,1595,810.7961,810.801453,-0.6982422,0
1.59850,1596,810.7961,810.801453,-0.6982422,0
1.59853,1597,810.7961,810.801453,-0.6982422,0
1.59971,1598,810.7961,810.801453,-0.6982422,0
1.59972,1599,810.7961,810.801453,-0.6982422,0
1.60157,1600,810.7961,810.801453,-0.6982422,-0.0163597353
1.60367,1601,810.7961,810.801453,-0.6982422,-0.0163597353
1.60370,1602,810.7961,810.8014,-0.6781006,-0.0272662267
1.60468,1603,810.7961,810.8014,-0.6903076,-0.0272662267
1.60648,1604,810.7961,810.8014,-0.6903076,-0.0163597353
1.60651,1605,810.7961,810.8014,-0.6903076,-0.0163597353
1.60777,1606,810.7961,810.801331,-0.670166,-0.0163597353
1.60780,1607,810.7961,810.801331,-0.682373047,-0.0163597353
1.60959,1608,810.7961,810.801331,-0.682373047,-0.0163597353
1.61144,1609,810.7961,810.801331,-0.682373047,-0.0163597353
1.61147,1610,810.7961,810.801331,-0.682373047,-0.0163597353
1.61266,1611,810.7961,810.801331,-0.682373047,-0.0163597353
1.61450,1612,810.7961,810.801331,-0.682373047,-0.0163597353
1.61454,1613,810.7961,810.801331,-0.682373047,-0.0163597353
1.61572,1614,810.7961,810.801331,-0.682373047,0
1.61573,1615,810.7961,810.801331,-0.682373047,0
1.61756,1616,810.7961,810.801331,-0.682373047,0
1.61939,1617,810.7961,810.801331,-0.682373047,0
1.61940,1618,810.7961,810.801331,-0.682373047,0
1.62068,1619,810.7961,810.801331,-0.682373047,0
1.62249,1620,810.7961,810.801331,-0.682373047,0
1.62250,1621,810.7961,810.801331,-0.682373047,0
1.62373,1622,810.7961,810.801331,-0.682373047,0
1.62374,1623,810.7961,810.801331,-0.682373047,0
1.62558,1624,810.7961,810.801331,-0.682373047,0
1.62741,1625,810.7961,810.801331,-0.682373047,0
1.62745,1626,810.7961,810.801331,-0.682373047,0
1.62865,1627,810.7961,810.801331,-0.682373047,-0.0163597353
1.63049,1628,810.7961,810.801331,-0.682373047,-0.0163597353
1.63053,1629,810.7961,810.801331,-0.682373047,-0.0163597353
1.63172,1630,810.7961,810.801331,-0.682373047,-0.0163597353
1.63174,1631,810.7961,810.801331,-0.682373047,-0.0163597353
1.63355,1632,810.7961,810.801331,-0.682373047,-0.0272662267
1.63539,1633,810.7961,810.801331,-0.682373047,-0.0272662267
1.63541,1634,810.7961,810.801331,-0.682373047,-0.0272662267
1.63698,1635,810.7961,810.8012,-0.642089844,-0.0272662267
1.63848,1636,810.7961,810.8012,-0.6665039,-0.0163597353
1.63851,1637,810.7961,810.8012,-0.6665039,-0.0163597353
1.63976,1638,810.7961,810.8012,-0.6665039,-0.0163597353
1.63977,1639,810.7961,810.8012,-0.6665039,-0.0163597353
1.64160,1640,810.7961,810.8012,-0.6665039,-0.0163597353
1.64340,1641,810.7961,810.8012,-0.6665039,0
1.64345,1642,810.7961,810.8012,-0.6665039,0
1.64466,1643,810.7961,810.8012,-0.6665039,0
1.64653,1644,810.7961,810.8012,-0.6665039,0
1.64657,1645,810.7961,810.801331,-0.7067871,0
1.64773,1646,810.7961,810.801331,-0.682373047,0
1.64774,1647,810.7961,810.801331,-0.682373047,0
1.64961,1648,810.7961,810.801331,-0.682373047,0
1.65141,1649,810.7961,810.801331,-0.682373047,0
1.65143,1650,810.7961,810.801331,-0.682373047,0
1.65266,1651,810.7961,810.8012,-0.642089844,-0.0163597353
1.65449,1652,810.7961,810.8012,-0.6665039,-0.0163597353
1.65452,1653,810.7961,810.8012,-0.6665039,-0.0163597353
1.65573,1654,810.7961,810.8012,-0.6665039,-0.0163597353
1.65574,1655,810.7961,810.8012,-0.6665039,-0.0163597353
1.65758,1656,810.7961,810.8012,-0.6665039,0
1.65941,1657,810.7961,810.801147,-0.6463623,-0.0272662267
1.65944,1658,810.7961,810.801147,-0.658569336,-0.0272662267
1.66066,1659,810.7961,810.801147,-0.658569336,-0.0272662267
1.66250,1660,810.7961,810.801147,-0.658569336,-0.0272662267
1.66253,1661,810.7961,810.801147,-0.658569336,-0.0163597353
1.66372,1662,810.7961,810.801147,-0.658569336,-0.0163597353
1.66373,1663,810.7961,810.801147,-0.658569336,-0.0163597353
1.66556,1664,810.7961,810.801147,-0.658569336,-0.0163597353
1.66743,1665,810.7961,810.801147,-0.658569336,-0.0163597353
1.66747,1666,810.7961,810.801147,-0.658569336,-0.0163597353
1.66869,1667,810.7961,810.801147,-0.658569336,-0.0163597353
1.67055,1668,810.7961,810.801147,-0.658569336,0
1.67062,1669,810.7961,810.801147,-0.658569336,0
1.67175,1670,810.7961,810.801147,-0.658569336,0
1.67176,1671,810.7961,810.801147,-0.658569336,0
1.67357,1672,810.7961,810.801147,-0.658569336,0
1.67543,1673,810.7961,810.801147,-0.658569336,0
1.67547,1674,810.7961,810.801147,-0.658569336,0
1.67667,1675,810.7961,810.801147,-0.658569336,0
1.67851,1676,810.7961,810.801147,-0.658569336,0
1.67854,1677,810.7961,810.801147,-0.658569336,0
1.67973,1678,810.7961,810.801147,-0.658569336,0
1.67974,1679,810.7961,810.801147,-0.658569336,0
1.68154,1680,810.7961,810.801147,-0.658569336,0
1.68340,1681,810.7961,810.801147,-0.658569336,0
1.68342,1682,810.7961,810.801147,-0.658569336,0
1.68466,1683,810.7961,810.801147,-0.658569336,0
1.68650,1684,810.7961,810.801147,-0.658569336,0
1.68653,1685,810.7961,810.801147,-0.658569336,-0.0163597353
1.68775,1686,810.7961,810.801147,-0.658569336,-0.0163597353
1.68778,1687,810.7961,810.8011,-0.638427734,-0.0163597353
1.68959,1688,810.7961,810.8011,-0.650634766,-0.0272662267
1.69144,1689,810.7961,810.8011,-0.650634766,-0.0163597353
1.69148,1690,810.7961,810.800964,-0.610351563,-0.0163597353
1.69267,1691,810.7961,810.800964,-0.6347656,-0.0163597353
1.69448,1692,810.7961,810.800964,-0.6347656,-0.0163597353
1.69450,1693,810.7961,810.800964,-0.6347656,-0.0163597353
1.69574,1694,810.7961,810.800964,-0.6347656,-0.0163597353
1.69576,1695,810.7961,810.800964,-0.6347656,-0.0163597353
1.69759,1696,810.7961,810.800964,-0.6347656,-0.0163597353
1.69942,1697,810.7961,810.800964,-0.6347656,-0.0163597353
1.69945,1698,810.7961,810.800964,-0.6347656,-0.0163597353
1.70066,1699,810.7961,810.800964,-0.6347656,0
1.70250,1700,810.7961,810.800964,-0.6347656,0
1.70254,1701,810.7961,810.800964,-0.6347656,0
1.70372,1702,810.7961,810.800964,-0.6347656,0
1.70373,1703,810.7961,810.800964,-0.6347656,0
1.70556,1704,810.7961,810.800964,-0.6347656,0
1.70740,1705,810.7961,810.800964,-0.6347656,0
1.70743,1706,810.7961,810.800964,-0.6347656,0
1.70866,1707,810.7961,810.800964,-0.6347656,0
1.71049,1708,810.7961,810.800964,-0.6347656,0
1.71051,1709,810.7961,810.800964,-0.6347656,0
1.71174,1710,810.7961,810.800964,-0.6347656,0
1.71175,1711,810.7961,810.800964,-0.6347656,0
1.71358,1712,810.7961,810.800964,-0.6347656,0
1.71539,1713,810.7961,810.800964,-0.6347656,0
1.71541,1714,810.7961,810.800964,-0.6347656,0
1.71666,1715,810.7961,810.800964,-0.6347656,0
1.71848,1716,810.7961,810.800964,-0.6347656,0
1.71850,1717,810.7961,810.800964,-0.6347656,0
1.71972,1718,810.7961,810.800964,-0.6347656,0
1.71974,1719,810.7961,810.800964,-0.6347656,0
1.72157,1720,810.7961,810.800964,-0.6347656,-0.0272662267
1.72341,1721,810.7961,810.800964,-0.6347656,-0.0272662267
1.72344,1722,810.7961,810.8009,-0.614624,-0.0272662267
1.72466,1723,810.7961,810.8009,-0.626831055,-0.0272662267
1.72650,1724,810.7961,810.8009,-0.626831055,-0.0163597353
1.72654,1725,810.7961,810.8009,-0.626831055,-0.0163597353
1.72774,1726,810.7961,810.800842,-0.606689453,-0.0163597353
1.72775,1727,810.7961,810.8009,-0.6390381,-0.0163597353
1.72966,1728,810.7961,810.800842,-0.606689453,-0.0163597353
1.73140,1729,810.7961,810.800842,-0.6188965,-0.0163597353
1.73143,1730,810.7961,810.800842,-0.6188965,-0.0163597353
1.73266,1731,810.7961,810.800842,-0.6188965,-0.0163597353
1.73449,1732,810.7961,810.800842,-0.6188965,-0.0163597353
1.73451,1733,810.7961,810.800842,-0.6188965,0
1.73573,1734,810.7961,810.8009,-0.6390381,0
1.73574,1735,810.7961,810.8009,-0.626831055,0
1.73760,1736,810.7961,810.8009,-0.626831055,0
1.73940,1737,810.7961,810.8009,-0.626831055,0
1.73944,1738,810.7961,810.8009,-0.626831055,0
1.74067,1739,810.7961,810.8009,-0.626831055,0
1.74249,1740,810.7961,810.8009,-0.626831055,0
1.74253,1741,810.7961,810.8009,-0.626831055,0
1.74373,1742,810.7961,810.8009,-0.626831055,0
1.74375,1743,810.7961,810.8009,-0.626831055,0
1.74562,1744,810.7961,810.8009,-0.626831055,0
1.74743,1745,810.7961,810.800842,-0.606689453,-0.0163597353
1.74746,1746,810.7961,810.800842,-0.6188965,-0.0163597353
1.74868,1747,810.7961,810.800842,-0.6188965,-0.0163597353
1.75049,1748,810.7961,810.800842,-0.6188965,-0.0163597353
1.75051,1749,810.7961,810.800842,-0.6188965,-0.0163597353
1.75175,1750,810.7961,810.800842,-0.6188965,-0.0272662267
1.75177,1751,810.7961,810.800842,-0.6188965,-0.0272662267
1.75377,1752,810.7961,810.800842,-0.6188965,-0.0272662267
1.75543,1753,810.7961,810.800842,-0.6188965,-0.0272662267
1.75547,1754,810.7961,810.800842,-0.6188965,-0.0163597353
1.75667,1755,810.7961,810.8008,-0.5987549,-0.0163597353
1.75852,1756,810.7961,810.8008,-0.6109619,-0.0163597353
1.75855,1757,810.7961,810.8008,-0.6109619,-0.0163597353
1.75977,1758,810.7961,810.8008,-0.6109619,-0.0163597353
1.75979,1759,810.7961,810.800659,-0.5706787,-0.0163597353
1.76159,1760,810.7961,810.800659,-0.5950928,-0.0163597353
1.76344,1761,810.7961,810.800659,-0.5950928,-0.0163597353
1.76350,1762,810.7961,810.800659,-0.5950928,-0.0163597353
1.76466,1763,810.7961,810.800659,-0.5950928,-0.0163597353
1.76649,1764,810.7961,810.800659,-0.5950928,0
1.76651,1765,810.7961,810.800659,-0.5950928,0
1.76772,1766,810.7961,810.800659,-0.5950928,0
1.76774,1767,810.7961,810.800659,-0.5950928,0
1.76957,1768,810.7961,810.800659,-0.5950928,0
1.77149,1769,810.7961,810.800659,-0.5950928,0
1.77152,1770,810.7961,810.800659,-0.5950928,0
1.77269,1771,810.7961,810.800659,-0.5950928,0
1.77455,1772,810.7961,810.800659,-0.5950928,0
1.77459,1773,810.7961,810.800659,-0.5950928,0
1.77572,1774,810.7961,810.800659,-0.5950928,0
1.77574,1775,810.7961,810.800659,-0.5950928,0
1.77759,1776,810.7961,810.800659,-0.5950928,0
1.77942,1777,810.7961,810.800659,-0.5950928,0
1.77945,1778,810.7961,810.800659,-0.5950928,0
1.78066,1779,810.7961,810.800659,-0.5950928,0
1.78250,1780,810.7961,810.800659,-0.5950928,0
1.78253,1781,810.7961,810.800659,-0.5950928,0
1.78373,1782,810.7961,810.800659,-0.5950928,0
1.78374,1783,810.7961,810.800659,-0.5950928,0
1.78555,1784,810.7961,810.800659,-0.5950928,0
1.78740,1785,810.7961,810.800659,-0.5950928,-0.0163597353
1.78744,1786,810.7961,810.800659,-0.5950928,-0.0272662267
1.78874,1787,810.7961,810.800659,-0.5950928,-0.0272662267
1.79052,1788,810.7961,810.800659,-0.5950928,-0.0272662267
1.79056,1789,810.7961,810.800659,-0.5950928,-0.0163597353
1.79177,1790,810.7961,810.800659,-0.5950928,-0.0163597353
1.79180,1791,810.7961,810.800659,-0.5950928,-0.0163597353
1.79359,1792,810.7961,810.800537,-0.5548096,-0.0163597353
1.79541,1793,810.7961,810.800537,-0.579223633,-0.0163597353
1.79543,1794,810.7961,810.800537,-0.579223633,-0.0163597353
1.79666,1795,810.7961,810.800537,-0.579223633,-0.0163597353
1.79849,1796,810.7961,810.800537,-0.579223633,-0.0163597353
1.79852,1797,810.7961,810.800537,-0.579223633,-0.0163597353
1.79974,1798,810.7961,810.800537,-0.579223633,-0.0163597353
1.79975,1799,810.7961,810.800537,-0.579223633,-0.0163597353
1.80157,1800,810.7961,810.800537,-0.579223633,-0.0163597353
1.80353,1801,810.7961,810.800537,-0.579223633,0
1.80360,1802,810.7961,810.800537,-0.579223633,0
1.80469,1803,810.7961,810.800537,-0.579223633,0
1.80652,1804,810.7961,810.800537,-0.579223633,0
1.80655,1805,810.7961,810.800537,-0.579223633,0
1.80774,1806,810.7961,810.800537,-0.579223633,0
1.80777,1807,810.7961,810.800537,-0.579223633,0
1.80960,1808,810.7961,810.800537,-0.579223633,0
1.81137,1809,810.7961,810.800537,-0.579223633,0
1.81139,1810,810.7961,810.800537,-0.579223633,0
1.81266,1811,810.7961,810.800537,-0.579223633,0
1.81450,1812,810.7961,810.800537,-0.579223633,0
1.81453,1813,810.7961,810.800537,-0.579223633,0
1.81573,1814,810.7961,810.800537,-0.579223633,0
1.81574,1815,810.7961,810.800537,-0.579223633,0
1.81757,1816,810.7961,810.800537,-0.579223633,0
1.81939,1817,810.7961,810.800537,-0.579223633,0
1.81945,1818,810.7961,810.800537,-0.579223633,-0.0163597353
1.82066,1819,810.7961,810.800537,-0.579223633,-0.0272662267
1.82259,1820,810.7961,810.800537,-0.579223633,-0.0272662267
1.82262,1821,810.7961,810.800537,-0.579223633,-0.03817272
1.82373,1822,810.7961,810.8004,-0.5389404,-0.03817272
1.82374,1823,810.7961,810.8004,-0.5633545,-0.0272662267
1.82563,1824,810.7961,810.800354,-0.5432129,-0.0272662267
1.82738,1825,810.7961,810.800354,-0.5554199,-0.0272662267
1.82739,1826,810.7961,810.800354,-0.5554199,-0.03817272
1.82866,1827,810.7961,810.800354,-0.5554199,-0.0272662267
1.83049,1828,810.7961,810.800354,-0.5554199,-0.03817272
1.83051,1829,810.7961,810.800232,-0.5151367,-0.03817272
1.83172,1830,810.7961,810.800232,-0.5395508,-0.0272662267
1.83175,1831,810.7961,810.800232,-0.5395508,-0.0272662267
1.83363,1832,810.7961,810.800232,-0.5395508,-0.0272662267
1.83553,1833,810.7961,810.800232,-0.5395508,-0.0163597353
1.83556,1834,810.7961,810.800232,-0.5395508,-0.0163597353
1.83701,1835,810.7961,810.800232,-0.5395508,-0.0163597353
1.83849,1836,810.7961,810.800232,-0.5395508,-0.0163597353
1.83851,1837,810.7961,810.800232,-0.5395508,-0.0163597353
1.83973,1838,810.7961,810.800232,-0.5395508,-0.0163597353
1.83975,1839,810.7961,810.800232,-0.5395508,-0.0163597353
1.84160,1840,810.7961,810.800232,-0.5395508,-0.0163597353
1.84337,1841,810.7961,810.800232,-0.5395508,-0.0163597353
1.84339,1842,810.7961,810.800232,-0.5395508,0
1.84466,1843,810.7961,810.800232,-0.5395508,0
1.84646,1844,810.7961,810.800232,-0.5395508,0
1.84649,1845,810.7961,810.800232,-0.5395508,0
1.84773,1846,810.7961,810.800232,-0.5395508,0
1.84775,1847,810.7961,810.800232,-0.5395508,0
1.84957,1848,810.7961,810.800232,-0.5395508,0
1.85140,1849,810.7961,810.800232,-0.5395508,0
1.85142,1850,810.7961,810.800232,-0.5395508,0
1.85266,1851,810.7961,810.800232,-0.5395508,0
1.85452,1852,810.7961,810.800232,-0.5395508,0
1.85457,1853,810.7961,810.800232,-0.5395508,0
1.85573,1854,810.7961,810.800232,-0.5395508,0
1.85575,1855,810.7961,810.800232,-0.5395508,0
1.85757,1856,810.7961,810.800232,-0.5395508,-0.0163597353
1.85941,1857,810.7961,810.800232,-0.5395508,-0.0163597353
1.85944,1858,810.7961,810.800232,-0.5395508,-0.0163597353
1.86069,1859,810.7961,810.800232,-0.5395508,-0.0272662267
1.86247,1860,810.7961,810.800232,-0.5395508,-0.0272662267
1.86248,1861,810.7961,810.800232,-0.5395508,-0.0272662267
1.86373,1862,810.7961,810.8,-0.458984375,-0.04907921
1.86376,1863,810.7961,810.8,-0.5078125,-0.03817272
1.86558,1864,810.7961,810.8,-0.5078125,-0.04907921
1.86739,1865,810.7961,810.7999,-0.4876709,-0.04907921
1.86742,1866,810.7961,810.7999,-0.49987793,-0.04907921
1.86866,1867,810.7961,810.799866,-0.479736328,-0.04907921
1.87052,1868,810.7961,810.799866,-0.491943359,-0.04907921
1.87054,1869,810.7961,810.799866,-0.491943359,-0.03817272
1.87173,1870,810.7961,810.7998,-0.471801758,-0.03817272
1.87175,1871,810.7961,810.7997,-0.4437256,-0.04907921
1.87360,1872,810.7961,810.7996,-0.447998047,-0.0599856973
1.87540,1873,810.7961,810.799561,-0.440063477,-0.07089219
1.87543,1874,810.7961,810.799438,-0.4119873,-0.07089219
1.87667,1875,810.7961,810.7994,-0.416259766,-0.07089219
1.87846,1876,810.7961,810.7993,-0.4083252,-0.08179868
1.87847,1877,810.7961,810.799255,-0.400390625,-0.09270517
1.87972,1878,810.7961,810.7991,-0.352172852,-0.09270517
1.87973,1879,810.7961,810.799,-0.368652344,-0.103611663
1.88157,1880,810.7961,810.7989,-0.340576172,-0.103611663
1.88339,1881,810.7961,810.7987,-0.30456543,-0.114518143
1.88342,1882,810.7961,810.7986,-0.30090332,-0.130877882
1.88466,1883,810.7961,810.7985,-0.305175781,-0.130877882
1.88646,1884,810.7961,810.7984,-0.2770996,-0.130877882
1.88648,1885,810.7961,810.7983,-0.261230469,-0.114518143
1.88775,1886,810.7961,810.798157,-0.245361328,-0.114518143
1.88777,1887,810.7961,810.7981,-0.249633789,-0.114518143
1.88959,1888,810.7961,810.7981,-0.26184082,-0.09270517
1.89140,1889,810.7961,810.7981,-0.26184082,-0.08179868
1.89142,1890,810.7961,810.7981,-0.26184082,-0.04907921
1.89270,1891,810.7961,810.7981,-0.26184082,-0.0163597353
1.89447,1892,810.7961,810.7981,-0.26184082,0
1.89451,1893,810.7961,810.7983,-0.322265625,0.021812981
1.89575,1894,810.7961,810.7983,-0.285644531,0.03271947
1.89577,1895,810.7961,810.79834,-0.305786133,0.043625962
1.89760,1896,810.7961,810.7984,-0.3137207,0.043625962
1.89939,1897,810.7961,810.7984,-0.301513672,0.0545324534
1.89940,1898,810.7961,810.7985,-0.341796875,0.0545324534
1.90068,1899,810.7961,810.7986,-0.3375244,0.043625962
1.90248,1900,810.7961,810.7986,-0.325317383,0.043625962
1.90250,1901,810.7961,810.7986,-0.325317383,0.03271947
1.90376,1902,810.7961,810.7987,-0.3656006,0.03271947
1.90378,1903,810.7961,810.7987,-0.341186523,0.03271947
1.90559,1904,810.7961,810.7987,-0.341186523,0.03271947
1.90738,1905,810.7961,810.7987,-0.341186523,0.0109064905
1.90740,1906,810.7961,810.7987,-0.341186523,0.0109064905
1.90869,1907,810.7961,810.7987,-0.341186523,0
1.91046,1908,810.7961,810.7986,-0.30090332,-0.0163597353
1.91048,1909,810.7961,810.7986,-0.325317383,-0.0272662267
1.91174,1910,810.7961,810.7986,-0.325317383,-0.03817272
1.91175,1911,810.7961,810.7986,-0.325317383,-0.03817272
1.91360,1912,810.7961,810.7985,-0.305175781,-0.04907921
1.91541,1913,810.7961,810.7985,-0.3173828,-0.03817272
1.91544,1914,810.7961,810.7984,-0.2770996,-0.03817272
1.91670,1915,810.7961,810.7984,-0.301513672,-0.04907921
1.91845,1916,810.7961,810.7984,-0.301513672,-0.0272662267
1.91847,1917,810.7961,810.7984,-0.301513672,-0.03817272
1.91972,1918,810.7961,810.79834,-0.28137207,-0.03817272
1.91974,1919,810.7961,810.79834,-0.2935791,-0.03817272
1.92156,1920,810.7961,810.79834,-0.2935791,-0.0272662267
1.92338,1921,810.7961,810.79834,-0.2935791,-0.0272662267
1.92340,1922,810.7961,810.7984,-0.3137207,0
1.92470,1923,810.7961,810.7984,-0.301513672,0
1.92648,1924,810.7961,810.7984,-0.301513672,0.0109064905
1.92650,1925,810.7961,810.7984,-0.301513672,0.021812981
1.92773,1926,810.7961,810.7984,-0.301513672,0.0109064905
1.92775,1927,810.7961,810.7984,-0.301513672,0.0109064905
1.92955,1928,810.7961,810.7985,-0.341796875,0.0109064905
1.93139,1929,810.7961,810.7985,-0.3173828,0.0109064905
1.93140,1930,810.7961,810.7985,-0.3173828,0.0109064905
1.93269,1931,810.7961,810.7986,-0.3375244,0.0109064905
1.93447,1932,810.7961,810.7986,-0.325317383,0.0109064905
1.93449,1933,810.7961,810.7986,-0.325317383,0.0109064905
1.93573,1934,810.7961,810.7986,-0.325317383,0.0109064905
1.93576,1935,810.7961,810.7986,-0.325317383,0.0109064905
1.93757,1936,810.7961,810.7986,-0.325317383,0.0109064905
1.93941,1937,810.7961,810.7986,-0.325317383,0
1.93943,1938,810.7961,810.7986,-0.325317383,-0.0163597353
1.94071,1939,810.7961,810.7985,-0.305175781,-0.0272662267
1.94249,1940,810.7961,810.7984,-0.2770996,-0.0272662267
1.94251,1941,810.7961,810.7984,-0.301513672,-0.03817272
1.94373,1942,810.7961,810.7984,-0.301513672,-0.0272662267
1.94375,1943,810.7961,810.7984,-0.301513672,-0.0272662267
1.94556,1944,810.7961,810.7984,-0.301513672,-0.0272662267
1.94738,1945,810.7961,810.7984,-0.301513672,-0.0272662267
1.94739,1946,810.7961,810.7984,-0.301513672,-0.0272662267
1.94868,1947,810.7961,810.7984,-0.301513672,-0.0272662267
1.95046,1948,810.7961,810.79834,-0.28137207,-0.0272662267
1.95047,1949,810.7961,810.79834,-0.2935791,-0.0163597353
1.95173,1950,810.7961,810.7984,-0.3137207,-0.0163597353
1.95175,1951,810.7961,810.7984,-0.301513672,0
1.95375,1952,810.7961,810.7984,-0.301513672,0
1.95540,1953,810.7961,810.7984,-0.301513672,0
1.95555,1954,810.7961,810.7984,-0.301513672,0
1.95673,1955,810.7961,810.7984,-0.301513672,0.0109064905
1.95848,1956,810.7961,810.7984,-0.301513672,0.0109064905
1.95851,1957,810.7961,810.7984,-0.301513672,0.0109064905
1.95973,1958,810.7961,810.7984,-0.301513672,0
1.95975,1959,810.7961,810.7984,-0.301513672,0
1.96156,1960,810.7961,810.7984,-0.301513672,0
1.96339,1961,810.7961,810.7984,-0.301513672,0
1.96341,1962,810.7961,810.7984,-0.301513672,0
1.96467,1963,810.7961,810.7984,-0.301513672,0
1.96646,1964,810.7961,810.7984,-0.301513672,0
1.96647,1965,810.7961,810.7984,-0.301513672,0
1.96775,1966,810.7961,810.7984,-0.301513672,0
1.96778,1967,810.7961,810.7984,-0.301513672,0
1.96954,1968,810.7961,810.7984,-0.301513672,0
1.97139,1969,810.7961,810.7984,-0.301513672,0
1.97141,1970,810.7961,810.7984,-0.301513672,0
1.97268,1971,810.7961,810.7984,-0.301513672,-0.0163597353
1.97448,1972,810.7961,810.7984,-0.301513672,-0.0163597353
1.97451,1973,810.7961,810.7984,-0.301513672,-0.0163597353
1.97575,1974,810.7961,810.7984,-0.301513672,0
1.97579,1975,810.7961,810.7984,-0.301513672,0
1.97756,1976,810.7961,810.7984,-0.301513672,0
1.97938,1977,810.7961,810.7984,-0.301513672,0
1.97940,1978,810.7961,810.7984,-0.301513672,0
1.98066,1979,810.7961,810.7984,-0.301513672,0
1.98247,1980,810.7961,810.7984,-0.301513672,0
1.98250,1981,810.7961,810.7984,-0.301513672,0
1.98373,1982,810.7961,810.7984,-0.301513672,0
1.98375,1983,810.7961,810.7984,-0.301513672,0
1.98558,1984,810.7961,810.7984,-0.301513672,0
1.98741,1985,810.7961,810.7984,-0.301513672,0
1.98743,1986,810.7961,810.7984,-0.301513672,0
1.98869,1987,810.7961,810.7984,-0.301513672,0
1.99047,1988,810.7961,810.7984,-0.301513672,0
1.99048,1989,810.7961,810.7984,-0.301513672,0
1.99175,1990,810.7961,810.7984,-0.301513672,0
1.99180,1991,810.7961,810.7984,-0.301513672,0
1.99356,1992,810.7961,810.7984,-0.301513672,0
1.99541,1993,810.7961,810.7984,-0.301513672,0
1.99544,1994,810.7961,810.7984,-0.301513672,0
1.99666,1995,810.7961,810.7984,-0.301513672,0
1.99847,1996,810.7961,810.7984,-0.301513672,0
1.99848,1997,810.7961,810.7984,-0.301513672,0
1.99973,1998,810.7961,810.79834,-0.28137207,-0.0163597353
1.99974,1999,810.7961,810.79834,-0.2935791,-0.0272662267
2.00155,2000,810.7961,810.7983,-0.2734375,-0.0272662267
2.00353,2001,810.7961,810.7983,-0.285644531,-0.0272662267
2.00355,2002,810.7961,810.7983,-0.285644531,-0.0272662267
2.00468,2003,810.7961,810.7983,-0.285644531,-0.0163597353
2.00652,2004,810.7961,810.7983,-0.285644531,-0.0163597353
2.00654,2005,810.7961,810.7983,-0.285644531,-0.0163597353
2.00773,2006,810.7961,810.7983,-0.285644531,-0.0163597353
2.00774,2007,810.7961,810.7983,-0.285644531,0
2.00956,2008,810.7961,810.7983,-0.285644531,0
2.01143,2009,810.7961,810.7983,-0.285644531,0
2.01146,2010,810.7961,810.79834,-0.305786133,0
2.01267,2011,810.7961,810.79834,-0.2935791,0.0109064905
2.01447,2012,810.7961,810.79834,-0.2935791,0.0109064905
2.01448,2013,810.7961,810.79834,-0.2935791,0.0109064905
2.01573,2014,810.7961,810.79834,-0.2935791,0
2.01575,2015,810.7961,810.79834,-0.2935791,0
2.01758,2016,810.7961,810.79834,-0.2935791,0
2.01941,2017,810.7961,810.79834,-0.2935791,0
2.01943,2018,810.7961,810.79834,-0.2935791,0
2.02072,2019,810.7961,810.79834,-0.2935791,0
2.02249,2020,810.7961,810.79834,-0.2935791,0
2.02251,2021,810.7961,810.79834,-0.2935791,0
2.02374,2022,810.7961,810.79834,-0.2935791,0
2.02375,2023,810.7961,810.7983,-0.2734375,-0.0163597353
2.02558,2024,810.7961,810.7983,-0.285644531,-0.0163597353
2.02738,2025,810.7961,810.7983,-0.285644531,-0.0163597353
2.02740,2026,810.7961,810.7983,-0.285644531,-0.0163597353
2.02866,2027,810.7961,810.7983,-0.285644531,-0.0163597353
2.03047,2028,810.7961,810.7983,-0.285644531,0
2.03048,2029,810.7961,810.7983,-0.285644531,0
2.03172,2030,810.7961,810.7983,-0.285644531,0
2.03174,2031,810.7961,810.7983,-0.285644531,0
2.03354,2032,810.7961,810.7983,-0.285644531,0
2.03543,2033,810.7961,810.7983,-0.285644531,0
2.03546,2034,810.7961,810.7983,-0.285644531,0
2.03702,2035,810.7961,810.7983,-0.285644531,0
2.03847,2036,810.7961,810.7983,-0.285644531,0
2.03850,2037,810.7961,810.7983,-0.285644531,0
2.03975,2038,810.7961,810.7983,-0.285644531,0
2.03978,2039,810.7961,810.7983,-0.285644531,0
2.04155,2040,810.7961,810.7983,-0.285644531,0
2.04340,2041,810.7961,810.7983,-0.285644531,0
2.04343,2042,810.7961,810.7983,-0.285644531,0
2.04466,2043,810.7961,810.7983,-0.285644531,0
2.04651,2044,810.7961,810.7983,-0.285644531,0
2.04654,2045,810.7961,810.7983,-0.285644531,0
2.04772,2046,810.7961,810.7983,-0.285644531,0
2.04774,2047,810.7961,810.7983,-0.285644531,0
2.04954,2048,810.7961,810.7983,-0.285644531,0
2.05145,2049,810.7961,810.7983,-0.285644531,0
2.05149,2050,810.7961,810.7983,-0.285644531,0
2.05267,2051,810.7961,810.7983,-0.285644531,0
2.05448,2052,810.7961,810.7983,-0.285644531,0
2.05450,2053,810.7961,810.7983,-0.285644531,0
2.05573,2054,810.7961,810.7983,-0.285644531,0
2.05574,2055,810.7961,810.7983,-0.285644531,-0.0163597353
2.05756,2056,810.7961,810.7983,-0.285644531,-0.0163597353
2.05943,2057,810.7961,810.7983,-0.285644531,-0.0272662267
2.05945,2058,810.7961,810.7983,-0.285644531,-0.0272662267
2.06067,2059,810.7961,810.7983,-0.285644531,-0.0272662267
2.06251,2060,810.7961,810.7983,-0.285644531,-0.0272662267
2.06254,2061,810.7961,810.7983,-0.285644531,-0.0163597353
2.06373,2062,810.7961,810.798157,-0.245361328,-0.0163597353
2.06374,2063,810.7961,810.798157,-0.2697754,-0.0163597353
2.06560,2064,810.7961,810.798157,-0.2697754,-0.0163597353
2.06744,2065,810.7961,810.798157,-0.2697754,-0.0163597353
2.06746,2066,810.7961,810.798157,-0.2697754,0
2.06866,2067,810.7961,810.798157,-0.2697754,0
2.07049,2068,810.7961,810.798157,-0.2697754,0
2.07051,2069,810.7961,810.798157,-0.2697754,0
2.07183,2070,810.7961,810.7983,-0.3100586,0
2.07185,2071,810.7961,810.7983,-0.285644531,0.0109064905
2.07356,2072,810.7961,810.7983,-0.285644531,0.0109064905
2.07540,2073,810.7961,810.7983,-0.285644531,0
2.07542,2074,810.7961,810.7983,-0.285644531,0
2.07667,2075,810.7961,810.7983,-0.285644531,0
2.07849,2076,810.7961,810.7983,-0.285644531,0
2.07851,2077,810.7961,810.7983,-0.285644531,0
2.07972,2078,810.7961,810.7983,-0.285644531,0
2.07973,2079,810.7961,810.7983,-0.285644531,0
2.08157,2080,810.7961,810.7983,-0.285644531,-0.0163597353
2.08340,2081,810.7961,810.7983,-0.285644531,-0.0163597353
2.08342,2082,810.7961,810.7983,-0.285644531,-0.0163597353
2.08467,2083,810.7961,810.798157,-0.245361328,-0.0163597353
2.08650,2084,810.7961,810.7981,-0.249633789,-0.0272662267
2.08654,2085,810.7961,810.7981,-0.26184082,-0.0272662267
2.08775,2086,810.7961,810.7981,-0.26184082,-0.0272662267
2.08777,2087,810.7961,810.7981,-0.26184082,-0.0272662267
2.08956,2088,810.7961,810.7981,-0.26184082,-0.0163597353
2.09140,2089,810.7961,810.7981,-0.26184082,-0.0163597353
2.09142,2090,810.7961,810.7981,-0.26184082,-0.0163597353
2.09267,2091,810.7961,810.7981,-0.26184082,-0.0163597353
2.09451,2092,810.7961,810.7981,-0.26184082,-0.0163597353
2.09454,2093,810.7961,810.7981,-0.26184082,-0.0163597353
2.09572,2094,810.7961,810.7981,-0.26184082,0.0109064905
2.09573,2095,810.7961,810.7981,-0.26184082,0
2.09757,2096,810.7961,810.7981,-0.26184082,0
2.09938,2097,810.7961,810.7981,-0.26184082,0
2.09939,2098,810.7961,810.7981,-0.26184082,0
2.10068,2099,810.7961,810.7981,-0.26184082,0
2.10250,2100,810.7961,810.7981,-0.26184082,0
2.10253,2101,810.7961,810.7981,-0.26184082,0
2.10376,2102,810.7961,810.7981,-0.26184082,0
2.10378,2103,810.7961,810.7981,-0.26184082,0
2.10557,2104,810.7961,810.7981,-0.26184082,0
2.10743,2105,810.7961,810.7981,-0.26184082,0
2.10747,2106,810.7961,810.7981,-0.26184082,0
2.10867,2107,810.7961,810.7981,-0.26184082,0
2.11052,2108,810.7961,810.7981,-0.26184082,0
2.11057,2109,810.7961,810.7981,-0.26184082,0
2.11175,2110,810.7961,810.7981,-0.26184082,0
2.11176,2111,810.7961,810.7981,-0.26184082,0
2.11358,2112,810.7961,810.7981,-0.26184082,0
2.11541,2113,810.7961,810.7981,-0.26184082,0
2.11543,2114,810.7961,810.7981,-0.26184082,0
2.11671,2115,810.7961,810.7981,-0.26184082,0
2.11847,2116,810.7961,810.7981,-0.26184082,0
2.11850,2117,810.7961,810.7981,-0.26184082,0
2.11972,2118,810.7961,810.7981,-0.26184082,0
2.11974,2119,810.7961,810.7981,-0.26184082,0
2.12158,2120,810.7961,810.7981,-0.26184082,0
2.12341,2121,810.7961,810.7981,-0.26184082,0
2.12345,2122,810.7961,810.7981,-0.26184082,0
2.12466,2123,810.7961,810.7981,-0.26184082,0
2.12646,2124,810.7961,810.7981,-0.26184082,0
2.12648,2125,810.7961,810.7981,-0.26184082,0
2.12772,2126,810.7961,810.7981,-0.26184082,0
2.12774,2127,810.7961,810.7981,-0.26184082,0
2.12962,2128,810.7961,810.7981,-0.26184082,0
2.13138,2129,810.7961,810.7981,-0.26184082,0
2.13139,2130,810.7961,810.7981,-0.26184082,0
2.13273,2131,810.7961,810.7981,-0.26184082,0
2.13449,2132,810.7961,810.7981,-0.26184082,0
2.13452,2133,810.7961,810.7981,-0.26184082,0
2.13573,2134,810.7961,810.7981,-0.26184082,0
2.13576,2135,810.7961,810.7981,-0.26184082,0
2.13757,2136,810.7961,810.7981,-0.26184082,0
2.13944,2137,810.7961,810.7981,-0.26184082,0
2.13948,2138,810.7961,810.7981,-0.26184082,0
2.14068,2139,810.7961,810.7981,-0.26184082,0
2.14250,2140,810.7961,810.7981,-0.26184082,0
2.14254,2141,810.7961,810.7981,-0.26184082,0
2.14373,2142,810.7961,810.7981,-0.26184082,0
2.14374,2143,810.7961,810.7981,-0.26184082,-0.0163597353
2.14561,2144,810.7961,810.7981,-0.26184082,-0.0163597353
2.14745,2145,810.7961,810.7981,-0.26184082,-0.0163597353
2.14748,2146,810.7961,810.7981,-0.26184082,-0.0163597353
2.14867,2147,810.7961,810.7981,-0.26184082,0
2.15049,2148,810.7961,810.7981,-0.26184082,0
2.15051,2149,810.7961,810.7981,-0.26184082,0
2.15175,2150,810.7961,810.7981,-0.26184082,-0.0163597353
2.15178,2151,810.7961,810.7981,-0.26184082,-0.0163597353
2.15364,2152,810.7961,810.7981,-0.26184082,-0.0163597353
2.15540,2153,810.7961,810.7981,-0.26184082,-0.0163597353
2.15544,2154,810.7961,810.7981,-0.26184082,-0.0163597353
2.15669,2155,810.7961,810.7981,-0.26184082,-0.0163597353
2.15848,2156,810.7961,810.7981,-0.26184082,-0.0272662267
2.15851,2157,810.7961,810.798035,-0.241699219,-0.0163597353
2.15973,2158,810.7961,810.798035,-0.25390625,-0.0163597353
2.15977,2159,810.7961,810.798035,-0.25390625,-0.0163597353
2.16156,2160,810.7961,810.798035,-0.25390625,-0.0163597353
2.16339,2161,810.7961,810.798035,-0.25390625,-0.0163597353
2.16342,2162,810.7961,810.798035,-0.25390625,0
2.16467,2163,810.7961,810.7981,-0.274047852,0
2.16649,2164,810.7961,810.7981,-0.26184082,0
2.16652,2165,810.7961,810.7981,-0.26184082,0
2.16778,2166,810.7961,810.7981,-0.26184082,0
2.16783,2167,810.7961,810.7981,-0.26184082,0
2.16959,2168,810.7961,810.7981,-0.26184082,0
2.17141,2169,810.7961,810.7981,-0.26184082,0
2.17144,2170,810.7961,810.7981,-0.26184082,0
2.17267,2171,810.7961,810.7981,-0.26184082,0
2.17450,2172,810.7961,810.7981,-0.26184082,0
2.17453,2173,810.7961,810.7981,-0.26184082,0
2.17572,2174,810.7961,810.7981,-0.26184082,0
2.17574,2175,810.7961,810.7981,-0.26184082,0
2.17756,2176,810.7961,810.798035,-0.241699219,-0.0163597353
2.17942,2177,810.7961,810.798035,-0.25390625,-0.0163597353
2.17944,2178,810.7961,810.798035,-0.25390625,-0.0163597353
2.18067,2179,810.7961,810.798035,-0.25390625,-0.0163597353
2.18251,2180,810.7961,810.798035,-0.25390625,-0.0163597353
2.18255,2181,810.7961,810.798035,-0.25390625,0
2.18373,2182,810.7961,810.798035,-0.25390625,0
2.18375,2183,810.7961,810.798035,-0.25390625,0
2.18559,2184,810.7961,810.798035,-0.25390625,0
2.18739,2185,810.7961,810.798,-0.233764648,-0.0163597353
2.18741,2186,810.7961,810.798,-0.24597168,-0.0272662267
2.18869,2187,810.7961,810.798,-0.24597168,-0.0272662267
2.19053,2188,810.7961,810.798,-0.24597168,-0.0272662267
2.19055,2189,810.7961,810.798,-0.24597168,-0.0272662267
2.19177,2190,810.7961,810.798,-0.24597168,-0.0163597353
2.19178,2191,810.7961,810.798,-0.24597168,-0.0163597353
2.19356,2192,810.7961,810.798,-0.24597168,-0.0163597353
2.19541,2193,810.7961,810.798,-0.24597168,-0.0163597353
2.19544,2194,810.7961,810.798,-0.24597168,0
2.19667,2195,810.7961,810.798,-0.24597168,0
2.19849,2196,810.7961,810.798,-0.24597168,0.0109064905
2.19852,2197,810.7961,810.798,-0.24597168,0
2.19972,2198,810.7961,810.798,-0.24597168,0
2.19974,2199,810.7961,810.798,-0.24597168,0
2.20160,2200,810.7961,810.798,-0.24597168,0
2.20358,2201,810.7961,810.798,-0.24597168,0
2.20367,2202,810.7961,810.798,-0.24597168,0
2.20467,2203,810.7961,810.798,-0.24597168,0
2.20649,2204,810.7961,810.798,-0.24597168,0
2.20651,2205,810.7961,810.798,-0.24597168,0
2.20772,2206,810.7961,810.798,-0.24597168,0
2.20774,2207,810.7961,810.798,-0.24597168,0
2.20958,2208,810.7961,810.798,-0.24597168,0
2.21140,2209,810.7961,810.798,-0.24597168,0
2.21143,2210,810.7961,810.798,-0.24597168,0
2.21269,2211,810.7961,810.798,-0.24597168,0
2.21451,2212,810.7961,810.798,-0.24597168,0
2.21455,2213,810.7961,810.798,-0.24597168,0
2.21573,2214,810.7961,810.798,-0.24597168,-0.0163597353
2.21575,2215,810.7961,810.798,-0.24597168,-0.0163597353
2.21759,2216,810.7961,810.798,-0.24597168,-0.0163597353
2.21941,2217,810.7961,810.798,-0.24597168,-0.0163597353
2.21943,2218,810.7961,810.798,-0.24597168,0
2.22069,2219,810.7961,810.798,-0.24597168,0
2.22249,2220,810.7961,810.798,-0.24597168,0
2.22253,2221,810.7961,810.798,-0.24597168,0
2.22374,2222,810.7961,810.798,-0.24597168,0
2.22376,2223,810.7961,810.798,-0.24597168,0
2.22558,2224,810.7961,810.798,-0.24597168,0
2.22739,2225,810.7961,810.798,-0.24597168,0
2.22742,2226,810.7961,810.798,-0.24597168,0
2.22870,2227,810.7961,810.798,-0.24597168,0
2.23057,2228,810.7961,810.798,-0.24597168,0
2.23062,2229,810.7961,810.798,-0.24597168,0
2.23173,2230,810.7961,810.798,-0.24597168,0
2.23174,2231,810.7961,810.798,-0.24597168,0
2.23358,2232,810.7961,810.798,-0.24597168,0
2.23543,2233,810.7961,810.798,-0.24597168,-0.0163597353
2.23546,2234,810.7961,810.798,-0.24597168,-0.0163597353
2.23703,2235,810.7961,810.797852,-0.205688477,-0.0272662267
2.23850,2236,810.7961,810.797852,-0.230102539,-0.0272662267
2.23852,2237,810.7961,810.797852,-0.230102539,-0.0163597353
2.23975,2238,810.7961,810.797852,-0.230102539,-0.0163597353
2.23978,2239,810.7961,810.7978,-0.209960938,-0.0163597353
2.24159,2240,810.7961,810.7978,-0.222167969,-0.0163597353
2.24340,2241,810.7961,810.7978,-0.222167969,-0.0163597353
2.24342,2242,810.7961,810.7978,-0.222167969,-0.0163597353
2.24469,2243,810.7961,810.7978,-0.222167969,-0.0163597353
2.24648,2244,810.7961,810.7978,-0.222167969,0
2.24650,2245,810.7961,810.7978,-0.222167969,0
2.24772,2246,810.7961,810.7978,-0.222167969,0
2.24773,2247,810.7961,810.7978,-0.222167969,0
2.24960,2248,810.7961,810.7978,-0.222167969,0
2.25139,2249,810.7961,810.7978,-0.222167969,0
2.25140,2250,810.7961,810.7978,-0.222167969,0
2.25267,2251,810.7961,810.7978,-0.222167969,0
2.25452,2252,810.7961,810.7978,-0.222167969,0
2.25455,2253,810.7961,810.797852,-0.24230957,0
2.25573,2254,810.7961,810.797852,-0.230102539,0
2.25576,2255,810.7961,810.797852,-0.230102539,0
2.25759,2256,810.7961,810.797852,-0.230102539,0
2.25940,2257,810.7961,810.797852,-0.230102539,0
2.25944,2258,810.7961,810.797852,-0.230102539,0
2.26069,2259,810.7961,810.797852,-0.230102539,0
2.26250,2260,810.7961,810.797852,-0.230102539,0
2.26254,2261,810.7961,810.797852,-0.230102539,0
2.26374,2262,810.7961,810.797852,-0.230102539,0
2.26376,2263,810.7961,810.797852,-0.230102539,0
2.26558,2264,810.7961,810.797852,-0.230102539,0
2.26743,2265,810.7961,810.797852,-0.230102539,0
2.26745,2266,810.7961,810.797852,-0.230102539,0
2.26867,2267,810.7961,810.797852,-0.230102539,0
2.27055,2268,810.7961,810.797852,-0.230102539,0
2.27060,2269,810.7961,810.797852,-0.230102539,0
2.27175,2270,810.7961,810.797852,-0.230102539,0
2.27177,2271,810.7961,810.797852,-0.230102539,0
2.27365,2272,810.7961,810.797852,-0.230102539,0
2.27542,2273,810.7961,810.797852,-0.230102539,0
2.27545,2274,810.7961,810.797852,-0.230102539,0
2.27667,2275,810.7961,810.797852,-0.230102539,0
2.27850,2276,810.7961,810.797852,-0.230102539,0
2.27853,2277,810.7961,810.797852,-0.230102539,0
2.27972,2278,810.7961,810.797852,-0.230102539,0
2.27974,2279,810.7961,810.7978,-0.209960938,-0.0163597353
2.28156,2280,810.7961,810.7978,-0.222167969,-0.0163597353
2.28343,2281,810.7961,810.7978,-0.222167969,-0.0163597353
2.28345,2282,810.7961,810.7978,-0.222167969,-0.0163597353
2.28467,2283,810.7961,810.7978,-0.222167969,-0.0163597353
2.28648,2284,810.7961,810.7978,-0.222167969,-0.0163597353
2.28650,2285,810.7961,810.7978,-0.222167969,-0.0163597353
2.28774,2286,810.7961,810.7978,-0.222167969,-0.0163597353
2.28775,2287,810.7961,810.7978,-0.222167969,0
2.28961,2288,810.7961,810.7978,-0.222167969,0
2.29140,2289,810.7961,810.7978,-0.222167969,0
2.29143,2290,810.7961,810.7978,-0.222167969,0
2.29266,2291,810.7961,810.7978,-0.222167969,0
2.29450,2292,810.7961,810.7978,-0.222167969,0
2.29453,2293,810.7961,810.7978,-0.222167969,0
2.29572,2294,810.7961,810.7978,-0.222167969,0
2.29574,2295,810.7961,810.7978,-0.222167969,0
2.29756,2296,810.7961,810.7978,-0.222167969,0
2.29941,2297,810.7961,810.7978,-0.222167969,0
2.29943,2298,810.7961,810.7978,-0.222167969,0
2.30067,2299,810.7961,810.7978,-0.222167969,0
2.30250,2300,810.7961,810.7978,-0.222167969,0
2.30252,2301,810.7961,810.7978,-0.222167969,0
2.30372,2302,810.7961,810.7978,-0.222167969,0
2.30374,2303,810.7961,810.7978,-0.222167969,0
2.30558,2304,810.7961,810.7978,-0.222167969,0
2.30740,2305,810.7961,810.7978,-0.222167969,0
2.30743,2306,810.7961,810.7978,-0.222167969,0
2.30870,2307,810.7961,810.7978,-0.222167969,0
2.31052,2308,810.7961,810.7978,-0.222167969,0
2.31054,2309,810.7961,810.7978,-0.222167969,0
2.31174,2310,810.7961,810.7978,-0.222167969,0
2.31176,2311,810.7961,810.7978,-0.222167969,0
2.31356,2312,810.7961,810.7978,-0.222167969,-0.0163597353
2.31542,2313,810.7961,810.7978,-0.222167969,-0.0163597353
2.31546,2314,810.7961,810.7978,-0.222167969,-0.0272662267
2.31667,2315,810.7961,810.7978,-0.222167969,-0.0272662267
2.31853,2316,810.7961,810.7978,-0.222167969,-0.0163597353
2.31858,2317,810.7961,810.7978,-0.222167969,-0.0163597353
2.31972,2318,810.7961,810.7977,-0.202026367,-0.0163597353
2.31974,2319,810.7961,810.7977,-0.2142334,-0.0163597353
2.32159,2320,810.7961,810.7977,-0.2142334,-0.0163597353
2.32341,2321,810.7961,810.7977,-0.2142334,-0.0163597353
2.32346,2322,810.7961,810.7977,-0.2142334,0
2.32467,2323,810.7961,810.7977,-0.2142334,0
2.32650,2324,810.7961,810.7977,-0.2142334,0
2.32653,2325,810.7961,810.7978,-0.234375,0
2.32773,2326,810.7961,810.7978,-0.222167969,0
2.32774,2327,810.7961,810.7978,-0.222167969,0
2.32956,2328,810.7961,810.7978,-0.222167969,0
2.33139,2329,810.7961,810.7978,-0.222167969,0
2.33142,2330,810.7961,810.7978,-0.222167969,0
2.33269,2331,810.7961,810.7978,-0.222167969,0
2.33450,2332,810.7961,810.7978,-0.222167969,0
2.33452,2333,810.7961,810.7978,-0.222167969,0
2.33573,2334,810.7961,810.7978,-0.222167969,0
2.33575,2335,810.7961,810.7978,-0.222167969,0
2.33763,2336,810.7961,810.7978,-0.222167969,0
2.33939,2337,810.7961,810.7978,-0.222167969,0
2.33943,2338,810.7961,810.7977,-0.202026367,0
2.34069,2339,810.7961,810.7977,-0.2142334,-0.0163597353
2.34249,2340,810.7961,810.7977,-0.2142334,-0.0163597353
2.34253,2341,810.7961,810.7977,-0.2142334,-0.0163597353
2.34373,2342,810.7961,810.7977,-0.2142334,-0.0163597353
2.34374,2343,810.7961,810.7977,-0.2142334,0
2.34561,2344,810.7961,810.7976,-0.1739502,-0.0163597353
2.34738,2345,810.7961,810.7976,-0.198364258,-0.0272662267
2.34740,2346,810.7961,810.7976,-0.198364258,-0.0272662267
2.34872,2347,810.7961,810.7976,-0.198364258,-0.0272662267
2.35052,2348,810.7961,810.7976,-0.198364258,-0.0272662267
2.35055,2349,810.7961,810.7976,-0.198364258,-0.0163597353
2.35173,2350,810.7961,810.7976,-0.198364258,-0.0163597353
2.35175,2351,810.7961,810.7976,-0.198364258,-0.0163597353
2.35370,2352,810.7961,810.7976,-0.198364258,-0.0163597353
2.35540,2353,810.7961,810.7976,-0.198364258,-0.0163597353
2.35542,2354,810.7961,810.7976,-0.198364258,0.0109064905
2.35672,2355,810.7961,810.7976,-0.198364258,0.0109064905
2.35850,2356,810.7961,810.7976,-0.198364258,0
2.35851,2357,810.7961,810.7976,-0.198364258,0
2.35976,2358,810.7961,810.7976,-0.198364258,0
2.35979,2359,810.7961,810.7976,-0.198364258,0
2.36154,2360,810.7961,810.7976,-0.198364258,0
2.36341,2361,810.7961,810.7976,-0.198364258,0
2.36344,2362,810.7961,810.7976,-0.198364258,0
2.36472,2363,810.7961,810.7976,-0.198364258,0
2.36649,2364,810.7961,810.7976,-0.198364258,0
2.36652,2365,810.7961,810.7976,-0.198364258,0
2.36775,2366,810.7961,810.7976,-0.198364258,0
2.36776,2367,810.7961,810.7976,-0.198364258,0
2.36959,2368,810.7961,810.7976,-0.198364258,0
2.37140,2369,810.7961,810.7976,-0.198364258,0
2.37141,2370,810.7961,810.7976,-0.198364258,0
2.37271,2371,810.7961,810.7976,-0.198364258,0
2.37448,2372,810.7961,810.7976,-0.198364258,0
2.37451,2373,810.7961,810.7976,-0.198364258,0
2.37572,2374,810.7961,810.7976,-0.198364258,0
2.37574,2375,810.7961,810.7976,-0.198364258,0
2.37758,2376,810.7961,810.7976,-0.198364258,0
2.37939,2377,810.7961,810.7976,-0.198364258,0
2.37941,2378,810.7961,810.7976,-0.198364258,0
2.38069,2379,810.7961,810.7976,-0.198364258,0
2.38250,2380,810.7961,810.7976,-0.198364258,0
2.38254,2381,810.7961,810.7976,-0.198364258,0
2.38373,2382,810.7961,810.7976,-0.198364258,0
2.38375,2383,810.7961,810.7976,-0.198364258,0
2.38560,2384,810.7961,810.7976,-0.198364258,0
2.38741,2385,810.7961,810.7976,-0.198364258,0
2.38744,2386,810.7961,810.7976,-0.198364258,0
2.38868,2387,810.7961,810.7976,-0.198364258,0
2.39048,2388,810.7961,810.7976,-0.198364258,0
2.39050,2389,810.7961,810.7976,-0.198364258,0
2.39173,2390,810.7961,810.7976,-0.198364258,0
2.39175,2391,810.7961,810.7976,-0.198364258,0
2.39357,2392,810.7961,810.7976,-0.198364258,0
2.39542,2393,810.7961,810.7976,-0.198364258,0
2.39544,2394,810.7961,810.7976,-0.198364258,0
2.39670,2395,810.7961,810.7976,-0.198364258,0
2.39847,2396,810.7961,810.7976,-0.198364258,0
2.39848,2397,810.7961,810.7976,-0.198364258,0
2.39972,2398,810.7961,810.7976,-0.198364258,0
2.39973,2399,810.7961,810.7976,-0.198364258,0
2.40157,2400,810.7961,810.7976,-0.198364258,0
2.40345,2401,810.7961,810.7976,-0.198364258,0
2.40350,2402,810.7961,810.7976,-0.198364258,0
2.40469,2403,810.7961,810.7976,-0.198364258,0
2.40647,2404,810.7961,810.7976,-0.198364258,0
2.40649,2405,810.7961,810.7976,-0.198364258,0
2.40773,2406,810.7961,810.7976,-0.198364258,0
2.40776,2407,810.7961,810.7976,-0.198364258,0
2.40957,2408,810.7961,810.7976,-0.198364258,0
2.41142,2409,810.7961,810.7976,-0.198364258,0
2.41145,2410,810.7961,810.7976,-0.198364258,0
2.41270,2411,810.7961,810.7976,-0.198364258,0
2.41449,2412,810.7961,810.7976,-0.198364258,0
2.41451,2413,810.7961,810.7976,-0.198364258,-0.0163597353
2.41572,2414,810.7961,810.7976,-0.198364258,-0.0272662267
2.41573,2415,810.7961,810.7976,-0.198364258,-0.0272662267
2.41755,2416,810.7961,810.7976,-0.198364258,-0.0272662267
2.41937,2417,810.7961,810.7976,-0.198364258,-0.0163597353
2.41939,2418,810.7961,810.7976,-0.198364258,0
2.42070,2419,810.7961,810.7976,-0.198364258,-0.0163597353
2.42247,2420,810.7961,810.7976,-0.198364258,-0.0163597353
2.42249,2421,810.7961,810.7976,-0.198364258,-0.0163597353
2.42373,2422,810.7961,810.7976,-0.198364258,-0.0163597353
2.42375,2423,810.7961,810.7976,-0.198364258,0
2.42557,2424,810.7961,810.7976,-0.198364258,0
2.42738,2425,810.7961,810.7976,-0.198364258,0
2.42740,2426,810.7961,810.7976,-0.198364258,0
2.42870,2427,810.7961,810.7976,-0.198364258,0
2.43047,2428,810.7961,810.7976,-0.198364258,0
2.43049,2429,810.7961,810.7976,-0.198364258,0
2.43177,2430,810.7961,810.7976,-0.198364258,0
2.43178,2431,810.7961,810.7976,-0.198364258,0
2.43356,2432,810.7961,810.7976,-0.198364258,0
2.43539,2433,810.7961,810.7976,-0.198364258,-0.0163597353
2.43540,2434,810.7961,810.7976,-0.198364258,-0.0163597353
2.43701,2435,810.7961,810.797546,-0.178222656,-0.0272662267
2.43850,2436,810.7961,810.797546,-0.190429688,-0.0272662267
2.43852,2437,810.7961,810.797546,-0.190429688,-0.0163597353
2.43972,2438,810.7961,810.797546,-0.190429688,-0.0163597353
2.43973,2439,810.7961,810.7975,-0.170288086,-0.0163597353
2.44154,2440,810.7961,810.7975,-0.182495117,-0.0163597353
2.44339,2441,810.7961,810.7975,-0.182495117,-0.0163597353
2.44341,2442,810.7961,810.7975,-0.182495117,-0.0163597353
2.44470,2443,810.7961,810.7975,-0.182495117,-0.0163597353
2.44648,2444,810.7961,810.7975,-0.182495117,0
2.44651,2445,810.7961,810.7975,-0.182495117,0
2.44772,2446,810.7961,810.7975,-0.182495117,0
2.44773,2447,810.7961,810.7975,-0.182495117,0
2.44956,2448,810.7961,810.7975,-0.182495117,0
2.45141,2449,810.7961,810.7975,-0.182495117,0
2.45144,2450,810.7961,810.7975,-0.182495117,0
2.45271,2451,810.7961,810.7975,-0.182495117,0
2.45448,2452,810.7961,810.7975,-0.182495117,0
2.45449,2453,810.7961,810.7975,-0.182495117,0
2.45574,2454,810.7961,810.7975,-0.182495117,0
2.45577,2455,810.7961,810.7975,-0.182495117,0
2.45756,2456,810.7961,810.7975,-0.182495117,0
2.45939,2457,810.7961,810.7975,-0.182495117,0
2.45941,2458,810.7961,810.7975,-0.182495117,0
2.46070,2459,810.7961,810.7975,-0.182495117,0
2.46247,2460,810.7961,810.7975,-0.182495117,0
2.46249,2461,810.7961,810.7975,-0.182495117,0
2.46374,2462,810.7961,810.7975,-0.182495117,0
2.46376,2463,810.7961,810.7975,-0.182495117,0
2.46555,2464,810.7961,810.7975,-0.182495117,0
2.46745,2465,810.7961,810.7975,-0.182495117,0
2.46750,2466,810.7961,810.7975,-0.182495117,0
2.46872,2467,810.7961,810.7975,-0.182495117,0
2.47058,2468,810.7961,810.7975,-0.182495117,0
2.47060,2469,810.7961,810.7975,-0.182495117,0
2.47173,2470,810.7961,810.7975,-0.182495117,0
2.47175,2471,810.7961,810.7975,-0.182495117,0
2.47357,2472,810.7961,810.7975,-0.182495117,0
2.47539,2473,810.7961,810.7975,-0.182495117,0
2.47541,2474,810.7961,810.7975,-0.182495117,0
2.47669,2475,810.7961,810.7975,-0.182495117,0
2.47846,2476,810.7961,810.7975,-0.182495117,0
2.47850,2477,810.7961,810.7975,-0.182495117,0
2.47974,2478,810.7961,810.7975,-0.182495117,0
2.47977,2479,810.7961,810.7975,-0.182495117,0
2.48157,2480,810.7961,810.7975,-0.182495117,0
2.48339,2481,810.7961,810.7975,-0.182495117,0
2.48340,2482,810.7961,810.7975,-0.182495117,0
2.48467,2483,810.7961,810.7975,-0.182495117,0
2.48646,2484,810.7961,810.7975,-0.182495117,0
2.48647,2485,810.7961,810.7975,-0.182495117,0
2.48775,2486,810.7961,810.7975,-0.182495117,0
2.48777,2487,810.7961,810.7975,-0.182495117,-0.0163597353
2.48955,2488,810.7961,810.7975,-0.182495117,-0.0163597353
2.49140,2489,810.7961,810.7975,-0.182495117,-0.0272662267
2.49144,2490,810.7961,810.7975,-0.182495117,-0.0272662267
2.49268,2491,810.7961,810.7975,-0.182495117,-0.0163597353
2.49447,2492,810.7961,810.7975,-0.182495117,-0.0163597353
2.49449,2493,810.7961,810.7975,-0.182495117,-0.0163597353
2.49572,2494,810.7961,810.7974,-0.162353516,-0.0163597353
2.49576,2495,810.7961,810.7974,-0.174560547,-0.0163597353
2.49755,2496,810.7961,810.7974,-0.174560547,-0.0163597353
2.49938,2497,810.7961,810.7973,-0.134277344,-0.0163597353
2.49940,2498,810.7961,810.7974,-0.198974609,-0.0163597353
2.50068,2499,810.7961,810.7974,-0.174560547,-0.0163597353
2.50246,2500,810.7961,810.7974,-0.174560547,0
2.50248,2501,810.7961,810.7974,-0.174560547,0
2.50373,2502,810.7961,810.7974,-0.174560547,0
2.50375,2503,810.7961,810.7974,-0.174560547,0
2.50556,2504,810.7961,810.7974,-0.174560547,0
2.50742,2505,810.7961,810.7974,-0.174560547,0
2.50745,2506,810.7961,810.7975,-0.194702148,0
2.50868,2507,810.7961,810.7975,-0.182495117,0
2.51048,2508,810.7961,810.7975,-0.182495117,0
2.51051,2509,810.7961,810.7975,-0.182495117,0
2.51174,2510,810.7961,810.7975,-0.182495117,0
2.51177,2511,810.7961,810.7975,-0.182495117,0
2.51355,2512,810.7961,810.7975,-0.182495117,0
2.51538,2513,810.7961,810.7975,-0.182495117,0
2.51540,2514,810.7961,810.7975,-0.182495117,0
2.51667,2515,810.7961,810.7975,-0.182495117,0
2.51846,2516,810.7961,810.7975,-0.182495117,0
2.51848,2517,810.7961,810.7975,-0.182495117,0
2.51972,2518,810.7961,810.7975,-0.182495117,0
2.51973,2519,810.7961,810.7975,-0.182495117,0
2.52156,2520,810.7961,810.7975,-0.182495117,0
2.52341,2521,810.7961,810.7975,-0.182495117,0
2.52343,2522,810.7961,810.7975,-0.182495117,0
2.52469,2523,810.7961,810.7974,-0.162353516,-0.0163597353
2.52646,2524,810.7961,810.7973,-0.134277344,-0.0163597353
2.52648,2525,810.7961,810.7973,-0.1586914,-0.0272662267
2.52773,2526,810.7961,810.7973,-0.1586914,-0.0272662267
2.52774,2527,810.7961,810.7973,-0.1586914,-0.0272662267
2.52955,2528,810.7961,810.7973,-0.1586914,-0.0272662267
2.53140,2529,810.7961,810.7973,-0.1586914,-0.0272662267
2.53142,2530,810.7961,810.7973,-0.1586914,-0.0163597353
2.53268,2531,810.7961,810.7973,-0.1586914,-0.0163597353
2.53446,2532,810.7961,810.7973,-0.1586914,-0.0163597353
2.53447,2533,810.7961,810.7972,-0.1184082,-0.0163597353
2.53572,2534,810.7961,810.7973,-0.183105469,0
2.53575,2535,810.7961,810.7973,-0.1586914,0
2.53756,2536,810.7961,810.7973,-0.1586914,0
2.53940,2537,810.7961,810.7973,-0.1586914,0
2.53942,2538,810.7961,810.7973,-0.1586914,0
2.54068,2539,810.7961,810.7973,-0.1586914,0
2.54248,2540,810.7961,810.7973,-0.1586914,0.0109064905
2.54251,2541,810.7961,810.7973,-0.1586914,0.0109064905
2.54373,2542,810.7961,810.7973,-0.1586914,0.0109064905
2.54374,2543,810.7961,810.7973,-0.1586914,0
2.54555,2544,810.7961,810.7973,-0.1586914,0
2.54739,2545,810.7961,810.7973,-0.1586914,0
2.54742,2546,810.7961,810.7973,-0.1586914,0
2.54868,2547,810.7961,810.7973,-0.1586914,0
2.55046,2548,810.7961,810.7973,-0.1586914,0
2.55047,2549,810.7961,810.7973,-0.1586914,0
2.55172,2550,810.7961,810.7973,-0.1586914,0
2.55173,2551,810.7961,810.7973,-0.1586914,0
2.55362,2552,810.7961,810.7973,-0.1586914,0
2.55540,2553,810.7961,810.7973,-0.1586914,0
2.55542,2554,810.7961,810.7973,-0.1586914,0
2.55669,2555,810.7961,810.7973,-0.1586914,0
2.55846,2556,810.7961,810.7973,-0.1586914,-0.0163597353
2.55847,2557,810.7961,810.7973,-0.1586914,-0.0163597353
2.55975,2558,810.7961,810.7973,-0.1586914,-0.0163597353
2.55977,2559,810.7961,810.7973,-0.1586914,-0.0163597353
2.56158,2560,810.7961,810.7973,-0.1586914,-0.0163597353
2.56342,2561,810.7961,810.7973,-0.1586914,0
2.56346,2562,810.7961,810.7973,-0.1586914,0
2.56468,2563,810.7961,810.7973,-0.1586914,0
2.56646,2564,810.7961,810.7973,-0.1586914,0
2.56648,2565,810.7961,810.7973,-0.1586914,0
2.56773,2566,810.7961,810.7973,-0.1586914,0
2.56775,2567,810.7961,810.7973,-0.1586914,0
2.56958,2568,810.7961,810.7973,-0.1586914,0
2.57140,2569,810.7961,810.7973,-0.1586914,0
2.57142,2570,810.7961,810.7973,-0.1586914,0
2.57269,2571,810.7961,810.7973,-0.1586914,0
2.57448,2572,810.7961,810.7973,-0.1586914,0
2.57451,2573,810.7961,810.7973,-0.1586914,0
2.57573,2574,810.7961,810.7973,-0.1586914,0
2.57575,2575,810.7961,810.7973,-0.1586914,0
2.57755,2576,810.7961,810.7973,-0.1586914,0
2.57941,2577,810.7961,810.7973,-0.1586914,0
2.57943,2578,810.7961,810.7973,-0.1586914,0
2.58067,2579,810.7961,810.7973,-0.1586914,-0.0163597353
2.58247,2580,810.7961,810.7973,-0.1586914,-0.0163597353
2.58249,2581,810.7961,810.7973,-0.1586914,-0.0163597353
2.58372,2582,810.7961,810.7973,-0.1586914,-0.0163597353
2.58373,2583,810.7961,810.7973,-0.1586914,-0.0163597353
2.58556,2584,810.7961,810.7973,-0.1586914,0
2.58744,2585,810.7961,810.7973,-0.1586914,0
2.58749,2586,810.7961,810.7973,-0.1586914,0
2.58883,2587,810.7961,810.7973,-0.1586914,0
2.59048,2588,810.7961,810.7973,-0.1586914,0
2.59050,2589,810.7961,810.7973,-0.1586914,0
2.59173,2590,810.7961,810.7973,-0.1586914,0
2.59175,2591,810.7961,810.7973,-0.1586914,0
2.59358,2592,810.7961,810.7973,-0.1586914,0
2.59540,2593,810.7961,810.7973,-0.1586914,0
2.59542,2594,810.7961,810.7973,-0.1586914,0
2.59669,2595,810.7961,810.7973,-0.1586914,0
2.59849,2596,810.7961,810.7973,-0.1586914,0
2.59853,2597,810.7961,810.7973,-0.1586914,0
2.59973,2598,810.7961,810.7973,-0.1586914,0
2.59974,2599,810.7961,810.7973,-0.1586914,0
2.60157,2600,810.7961,810.7973,-0.1586914,0
2.60355,2601,810.7961,810.7973,-0.1586914,0
2.60360,2602,810.7961,810.7973,-0.1586914,0
2.60470,2603,810.7961,810.7973,-0.1586914,0
2.60649,2604,810.7961,810.7973,-0.1586914,0
2.60653,2605,810.7961,810.7973,-0.1586914,-0.0163597353
2.60775,2606,810.7961,810.7973,-0.1586914,-0.0163597353
2.60776,2607,810.7961,810.7972,-0.1184082,-0.0272662267
2.60959,2608,810.7961,810.7972,-0.142822266,-0.0272662267
2.61140,2609,810.7961,810.7972,-0.142822266,-0.0272662267
2.61142,2610,810.7961,810.7972,-0.142822266,-0.0163597353
2.61268,2611,810.7961,810.7972,-0.142822266,-0.0163597353
2.61448,2612,810.7961,810.7972,-0.142822266,-0.0163597353
2.61450,2613,810.7961,810.7972,-0.142822266,-0.0163597353
2.61572,2614,810.7961,810.7972,-0.142822266,-0.0163597353
2.61574,2615,810.7961,810.7972,-0.142822266,0
2.61756,2616,810.7961,810.7972,-0.142822266,0
2.61947,2617,810.7961,810.7972,-0.142822266,0.0109064905
2.61949,2618,810.7961,810.7972,-0.142822266,0
2.62073,2619,810.7961,810.7972,-0.142822266,0
2.62251,2620,810.7961,810.7972,-0.142822266,0
2.62252,2621,810.7961,810.7972,-0.142822266,0
2.62373,2622,810.7961,810.7972,-0.142822266,0
2.62375,2623,810.7961,810.7972,-0.142822266,0
2.62556,2624,810.7961,810.7972,-0.142822266,0
2.62738,2625,810.7961,810.7972,-0.142822266,0
2.62741,2626,810.7961,810.7972,-0.142822266,0
2.62869,2627,810.7961,810.7972,-0.142822266,0
2.63051,2628,810.7961,810.7972,-0.142822266,0
2.63053,2629,810.7961,810.7972,-0.142822266,0
2.63173,2630,810.7961,810.7972,-0.142822266,0
2.63175,2631,810.7961,810.7972,-0.142822266,0
2.63359,2632,810.7961,810.7972,-0.142822266,0
2.63542,2633,810.7961,810.7972,-0.142822266,0
2.63545,2634,810.7961,810.7972,-0.142822266,0
2.63700,2635,810.7961,810.7972,-0.142822266,0
2.63850,2636,810.7961,810.7972,-0.142822266,0
2.63852,2637,810.7961,810.7972,-0.142822266,0
2.63975,2638,810.7961,810.7972,-0.142822266,0
2.63983,2639,810.7961,810.7972,-0.142822266,0
2.64161,2640,810.7961,810.7972,-0.142822266,0
2.64339,2641,810.7961,810.7972,-0.142822266,0
2.64341,2642,810.7961,810.7972,-0.142822266,0
2.64469,2643,810.7961,810.7972,-0.142822266,0
2.64655,2644,810.7961,810.7972,-0.142822266,0
2.64658,2645,810.7961,810.7972,-0.142822266,0
2.64773,2646,810.7961,810.7972,-0.142822266,0
2.64775,2647,810.7961,810.7972,-0.142822266,0
2.64959,2648,810.7961,810.7972,-0.142822266,0
2.65141,2649,810.7961,810.7972,-0.142822266,0
2.65144,2650,810.7961,810.7972,-0.142822266,0
2.65268,2651,810.7961,810.7972,-0.142822266,0
2.65451,2652,810.7961,810.7972,-0.142822266,0
2.65454,2653,810.7961,810.7972,-0.142822266,0
2.65574,2654,810.7961,810.7972,-0.142822266,0
2.65576,2655,810.7961,810.7972,-0.142822266,0
2.65757,2656,810.7961,810.7972,-0.142822266,0
2.65940,2657,810.7961,810.7972,-0.142822266,0
2.65944,2658,810.7961,810.7972,-0.142822266,0
2.66068,2659,810.7961,810.7972,-0.142822266,0
2.66249,2660,810.7961,810.7972,-0.142822266,0
2.66251,2661,810.7961,810.7972,-0.142822266,0
2.66374,2662,810.7961,810.7972,-0.142822266,0
2.66375,2663,810.7961,810.7972,-0.142822266,0
2.66556,2664,810.7961,810.7972,-0.142822266,0
2.66741,2665,810.7961,810.7972,-0.142822266,0
2.66744,2666,810.7961,810.7972,-0.142822266,-0.0163597353
2.66869,2667,810.7961,810.7972,-0.142822266,-0.0163597353
2.67056,2668,810.7961,810.7972,-0.142822266,-0.0163597353
2.67060,2669,810.7961,810.7972,-0.142822266,-0.0163597353
2.67174,2670,810.7961,810.7972,-0.142822266,0
2.67175,2671,810.7961,810.7972,-0.142822266,0
2.67360,2672,810.7961,810.7972,-0.142822266,0
2.67539,2673,810.7961,810.7972,-0.142822266,0
2.67542,2674,810.7961,810.7972,-0.142822266,0
2.67669,2675,810.7961,810.7972,-0.142822266,0
2.67851,2676,810.7961,810.7972,-0.142822266,0
2.67855,2677,810.7961,810.7972,-0.142822266,0
2.67975,2678,810.7961,810.7972,-0.142822266,0
2.67976,2679,810.7961,810.7972,-0.142822266,0
2.68160,2680,810.7961,810.7972,-0.142822266,-0.0163597353
2.68339,2681,810.7961,810.7972,-0.142822266,-0.0163597353
2.68342,2682,810.7961,810.7972,-0.142822266,-0.0163597353
2.68468,2683,810.7961,810.7972,-0.142822266,-0.0272662267
2.68650,2684,810.7961,810.7972,-0.142822266,-0.0163597353
2.68652,2685,810.7961,810.7972,-0.142822266,-0.0272662267
2.68774,2686,810.7961,810.7972,-0.142822266,-0.0272662267
2.68776,2687,810.7961,810.7972,-0.142822266,-0.0163597353
2.68962,2688,810.7961,810.7972,-0.142822266,-0.0163597353
2.69142,2689,810.7961,810.7972,-0.142822266,-0.0163597353
2.69145,2690,810.7961,810.7972,-0.142822266,-0.0163597353
2.69270,2691,810.7961,810.7972,-0.142822266,-0.0163597353
2.69449,2692,810.7961,810.7972,-0.142822266,-0.0163597353
2.69453,2693,810.7961,810.7972,-0.142822266,0
2.69572,2694,810.7961,810.7972,-0.142822266,0
2.69573,2695,810.7961,810.7972,-0.142822266,0
2.69758,2696,810.7961,810.7972,-0.142822266,0
2.69941,2697,810.7961,810.7972,-0.142822266,0
2.69943,2698,810.7961,810.7972,-0.142822266,0
2.70068,2699,810.7961,810.7972,-0.142822266,0
2.70250,2700,810.7961,810.7972,-0.142822266,0
2.70253,2701,810.7961,810.7972,-0.142822266,0
2.70374,2702,810.7961,810.7972,-0.142822266,0
2.70376,2703,810.7961,810.7972,-0.142822266,0
2.70559,2704,810.7961,810.7972,-0.142822266,0
2.70739,2705,810.7961,810.7972,-0.142822266,0
2.70740,2706,810.7961,810.7972,-0.142822266,0
2.70871,2707,810.7961,810.7972,-0.142822266,0
2.71048,2708,810.7961,810.797058,-0.102539063,-0.0163597353
2.71050,2709,810.7961,810.797058,-0.126953125,-0.0163597353
2.71173,2710,810.7961,810.797058,-0.126953125,-0.0272662267
2.71175,2711,810.7961,810.797,-0.106811523,-0.03817272
2.71359,2712,810.7961,810.797,-0.119018555,-0.0272662267
2.71538,2713,810.7961,810.797,-0.119018555,-0.0272662267
2.71540,2714,810.7961,810.797,-0.119018555,-0.0272662267
2.71668,2715,810.7961,810.797,-0.119018555,-0.0163597353
2.71850,2716,810.7961,810.797,-0.119018555,-0.0163597353
2.71853,2717,810.7961,810.797,-0.119018555,-0.0163597353
2.71972,2718,810.7961,810.7969,-0.07873535,-0.0163597353
2.71973,2719,810.7961,810.7969,-0.103149414,-0.0163597353
2.72157,2720,810.7961,810.7969,-0.103149414,-0.0163597353
2.72343,2721,810.7961,810.7969,-0.103149414,-0.0163597353
2.72346,2722,810.7961,810.7969,-0.103149414,-0.0163597353
2.72468,2723,810.7961,810.797,-0.143432617,-0.0163597353
2.72651,2724,810.7961,810.797,-0.119018555,0
2.72655,2725,810.7961,810.797,-0.119018555,0.021812981
2.72772,2726,810.7961,810.797,-0.119018555,0.021812981
2.72774,2727,810.7961,810.797,-0.119018555,0.021812981
2.72958,2728,810.7961,810.797,-0.119018555,0.0109064905
2.73141,2729,810.7961,810.797,-0.119018555,0
2.73145,2730,810.7961,810.797,-0.119018555,0
2.73268,2731,810.7961,810.797,-0.119018555,0
2.73451,2732,810.7961,810.797,-0.119018555,0
2.73453,2733,810.7961,810.797,-0.119018555,0
2.73572,2734,810.7961,810.797,-0.119018555,0
2.73573,2735,810.7961,810.797,-0.119018555,0
2.73758,2736,810.7961,810.797,-0.119018555,0
2.73941,2737,810.7961,810.797,-0.119018555,0
2.73946,2738,810.7961,810.797,-0.119018555,0
2.74078,2739,810.7961,810.797,-0.119018555,0
2.74253,2740,810.7961,810.797,-0.119018555,0
2.74256,2741,810.7961,810.797,-0.119018555,0
2.74375,2742,810.7961,810.797,-0.119018555,0
2.74378,2743,810.7961,810.797,-0.119018555,0
2.74561,2744,810.7961,810.797,-0.119018555,0
2.74743,2745,810.7961,810.797,-0.119018555,0
2.74746,2746,810.7961,810.797,-0.119018555,-0.0163597353
2.74868,2747,810.7961,810.797,-0.119018555,-0.0163597353
2.75050,2748,810.7961,810.797,-0.119018555,-0.0163597353
2.75053,2749,810.7961,810.797,-0.119018555,-0.0163597353
2.75175,2750,810.7961,810.797,-0.119018555,0
2.75179,2751,810.7961,810.797,-0.119018555,0
2.75369,2752,810.7961,810.797,-0.119018555,0
2.75539,2753,810.7961,810.797,-0.119018555,0
2.75542,2754,810.7961,810.797,-0.119018555,0
2.75673,2755,810.7961,810.797,-0.119018555,0
2.75853,2756,810.7961,810.797,-0.119018555,0
2.75856,2757,810.7961,810.797,-0.119018555,0
2.75973,2758,810.7961,810.797,-0.119018555,0
2.75976,2759,810.7961,810.797,-0.119018555,0
2.76159,2760,810.7961,810.797,-0.119018555,0
2.76344,2761,810.7961,810.797,-0.119018555,0
2.76347,2762,810.7961,810.797,-0.119018555,0
2.76473,2763,810.7961,810.797,-0.119018555,0
2.76651,2764,810.7961,810.797,-0.119018555,0
2.76655,2765,810.7961,810.797,-0.119018555,0
2.76777,2766,810.7961,810.797,-0.119018555,0
2.76783,2767,810.7961,810.797,-0.119018555,0
2.76958,2768,810.7961,810.797,-0.119018555,0
2.77143,2769,810.7961,810.797,-0.119018555,0
2.77147,2770,810.7961,810.797,-0.119018555,0
2.77273,2771,810.7961,810.797,-0.119018555,0
2.77449,2772,810.7961,810.797,-0.119018555,0
2.77451,2773,810.7961,810.797,-0.119018555,0
2.77576,2774,810.7961,810.797,-0.119018555,0
2.77578,2775,810.7961,810.797,-0.119018555,0
2.77759,2776,810.7961,810.797,-0.119018555,0
2.77945,2777,810.7961,810.797,-0.119018555,0
2.77950,2778,810.7961,810.797,-0.119018555,0
2.78069,2779,810.7961,810.797,-0.119018555,0
2.78249,2780,810.7961,810.797,-0.119018555,0
2.78254,2781,810.7961,810.797,-0.119018555,-0.0163597353
2.78375,2782,810.7961,810.797,-0.119018555,-0.0163597353
2.78376,2783,810.7961,810.797,-0.119018555,-0.0163597353
2.78559,2784,810.7961,810.797,-0.119018555,-0.0163597353
2.78739,2785,810.7961,810.797,-0.119018555,0
2.78742,2786,810.7961,810.797,-0.119018555,0
2.78874,2787,810.7961,810.7969,-0.07873535,-0.0272662267
2.79052,2788,810.7961,810.7969,-0.103149414,-0.03817272
2.79055,2789,810.7961,810.7969,-0.103149414,-0.03817272
2.79173,2790,810.7961,810.7969,-0.103149414,-0.03817272
2.79175,2791,810.7961,810.7969,-0.103149414,-0.0272662267
2.79359,2792,810.7961,810.7969,-0.103149414,-0.0163597353
2.79541,2793,810.7961,810.7969,-0.103149414,-0.0163597353
2.79543,2794,810.7961,810.7969,-0.103149414,-0.0163597353
2.79669,2795,810.7961,810.7969,-0.103149414,-0.0163597353
2.79852,2796,810.7961,810.7969,-0.103149414,-0.0163597353
2.79855,2797,810.7961,810.7969,-0.103149414,-0.0163597353
2.79972,2798,810.7961,810.7969,-0.103149414,-0.0163597353
2.79974,2799,810.7961,810.7969,-0.103149414,0
2.80159,2800,810.7961,810.7969,-0.103149414,0
2.80364,2801,810.7961,810.7969,-0.103149414,0
2.80368,2802,810.7961,810.7969,-0.103149414,0
2.80471,2803,810.7961,810.7969,-0.103149414,0
2.80652,2804,810.7961,810.7969,-0.103149414,0
2.80655,2805,810.7961,810.7969,-0.103149414,0
2.80774,2806,810.7961,810.7969,-0.103149414,0
2.80775,2807,810.7961,810.7969,-0.103149414,0
2.80959,2808,810.7961,810.7969,-0.103149414,0
2.81142,2809,810.7961,810.7969,-0.103149414,0
2.81146,2810,810.7961,810.7969,-0.103149414,0
2.81268,2811,810.7961,810.7969,-0.103149414,0
2.81451,2812,810.7961,810.7969,-0.103149414,0
2.81454,2813,810.7961,810.7969,-0.103149414,0
2.81572,2814,810.7961,810.7969,-0.103149414,0
2.81574,2815,810.7961,810.7969,-0.103149414,0
2.81760,2816,810.7961,810.7969,-0.103149414,0
2.81944,2817,810.7961,810.7969,-0.103149414,0
2.81947,2818,810.7961,810.7969,-0.103149414,0
2.82069,2819,810.7961,810.7969,-0.103149414,0
2.82252,2820,810.7961,810.7969,-0.103149414,0
2.82254,2821,810.7961,810.7969,-0.103149414,0
2.82373,2822,810.7961,810.7969,-0.103149414,0
2.82374,2823,810.7961,810.7969,-0.103149414,-0.0163597353
2.82560,2824,810.7961,810.7969,-0.103149414,-0.0163597353
2.82741,2825,810.7961,810.7969,-0.103149414,-0.0163597353
2.82744,2826,810.7961,810.7969,-0.103149414,-0.0163597353
2.82869,2827,810.7961,810.7969,-0.103149414,0
2.83050,2828,810.7961,810.7969,-0.103149414,0
2.83054,2829,810.7961,810.7969,-0.103149414,0
2.83173,2830,810.7961,810.7969,-0.103149414,0
2.83176,2831,810.7961,810.7969,-0.103149414,0
2.83357,2832,810.7961,810.7969,-0.103149414,0
2.83539,2833,810.7961,810.7969,-0.103149414,0
2.83541,2834,810.7961,810.796753,-0.06286621,-0.0272662267
2.83702,2835,810.7961,810.796753,-0.08728027,-0.0272662267
2.83850,2836,810.7961,810.796753,-0.08728027,-0.0272662267
2.83853,2837,810.7961,810.796631,-0.04699707,-0.0272662267
2.83975,2838,810.7961,810.796631,-0.07141113,-0.0163597353
2.83978,2839,810.7961,810.796631,-0.07141113,-0.0163597353
2.84160,2840,810.7961,810.796631,-0.07141113,-0.0163597353
2.84341,2841,810.7961,810.796631,-0.07141113,-0.0163597353
2.84344,2842,810.7961,810.796631,-0.07141113,-0.0163597353
2.84469,2843,810.7961,810.796631,-0.07141113,-0.0163597353
2.84650,2844,810.7961,810.796631,-0.07141113,-0.0163597353
2.84653,2845,810.7961,810.796631,-0.07141113,-0.0163597353
2.84772,2846,810.7961,810.796631,-0.07141113,-0.0163597353
2.84774,2847,810.7961,810.796631,-0.07141113,0
2.84965,2848,810.7961,810.796631,-0.07141113,0
2.85141,2849,810.7961,810.796631,-0.07141113,0
2.85142,2850,810.7961,810.796631,-0.07141113,0
2.85269,2851,810.7961,810.796753,-0.111694336,0
2.85448,2852,810.7961,810.796753,-0.08728027,0.0109064905
2.85450,2853,810.7961,810.796753,-0.08728027,0.0109064905
2.85574,2854,810.7961,810.796753,-0.08728027,0.0109064905
2.85576,2855,810.7961,810.796753,-0.08728027,0
2.85759,2856,810.7961,810.7969,-0.127563477,0
2.85938,2857,810.7961,810.7969,-0.103149414,0
2.85940,2858,810.7961,810.7969,-0.103149414,0
2.86068,2859,810.7961,810.7969,-0.103149414,0.0109064905
2.86251,2860,810.7961,810.7969,-0.103149414,0.0109064905
2.86254,2861,810.7961,810.7969,-0.103149414,0.0109064905
2.86385,2862,810.7961,810.7969,-0.103149414,0
2.86391,2863,810.7961,810.7969,-0.103149414,0
2.86561,2864,810.7961,810.7969,-0.103149414,-0.0163597353
2.86737,2865,810.7961,810.796753,-0.06286621,-0.0272662267
2.86738,2866,810.7961,810.796753,-0.08728027,-0.0163597353
2.86868,2867,810.7961,810.796631,-0.04699707,-0.0272662267
2.87056,2868,810.7961,810.796631,-0.07141113,-0.03817272
2.87065,2869,810.7961,810.796631,-0.07141113,-0.0272662267
2.87173,2870,810.7961,810.796631,-0.07141113,-0.03817272
2.87175,2871,810.7961,810.796631,-0.07141113,-0.0272662267
2.87358,2872,810.7961,810.796631,-0.07141113,-0.0272662267
2.87541,2873,810.7961,810.7966,-0.05126953,-0.0272662267
2.87542,2874,810.7961,810.7966,-0.06347656,-0.0272662267
2.87668,2875,810.7961,810.7966,-0.06347656,-0.0272662267
2.87852,2876,810.7961,810.7965,-0.04333496,-0.0163597353
2.87855,2877,810.7961,810.7965,-0.0555419922,-0.0163597353
2.87974,2878,810.7961,810.7966,-0.0756835938,-0.0163597353
2.87976,2879,810.7961,810.7966,-0.06347656,0
2.88163,2880,810.7961,810.7966,-0.06347656,0
2.88338,2881,810.7961,810.796631,-0.0836181641,0.0109064905
2.88340,2882,810.7961,810.796631,-0.07141113,0.0109064905
2.88468,2883,810.7961,810.796631,-0.07141113,0
2.88649,2884,810.7961,810.796631,-0.07141113,0
2.88653,2885,810.7961,810.796631,-0.07141113,0.0109064905
2.88773,2886,810.7961,810.796631,-0.07141113,0.0109064905
2.88775,2887,810.7961,810.796631,-0.07141113,0.0109064905
2.88958,2888,810.7961,810.796631,-0.07141113,0.0109064905
2.89140,2889,810.7961,810.796631,-0.07141113,0
2.89142,2890,810.7961,810.796631,-0.07141113,0
2.89272,2891,810.7961,810.796631,-0.07141113,0
2.89446,2892,810.7961,810.796753,-0.111694336,0
2.89448,2893,810.7961,810.796753,-0.08728027,0
2.89574,2894,810.7961,810.796753,-0.08728027,0.0109064905
2.89576,2895,810.7961,810.7969,-0.127563477,0.0109064905
2.89759,2896,810.7961,810.7969,-0.103149414,0.0109064905
2.89939,2897,810.7961,810.796753,-0.06286621,0
2.89940,2898,810.7961,810.796753,-0.08728027,0
2.90068,2899,810.7961,810.796631,-0.04699707,-0.0163597353
2.90247,2900,810.7961,810.796631,-0.07141113,-0.0272662267
2.90248,2901,810.7961,810.796631,-0.07141113,-0.0272662267
2.90375,2902,810.7961,810.796631,-0.07141113,-0.0272662267
2.90379,2903,810.7961,810.796631,-0.07141113,-0.0272662267
2.90556,2904,810.7961,810.796631,-0.07141113,-0.0163597353
2.90739,2905,810.7961,810.796631,-0.07141113,-0.0163597353
2.90742,2906,810.7961,810.796631,-0.07141113,-0.0163597353
2.90868,2907,810.7961,810.796631,-0.07141113,-0.0163597353
2.91049,2908,810.7961,810.796631,-0.07141113,-0.0272662267
2.91052,2909,810.7961,810.7966,-0.05126953,-0.0272662267
2.91175,2910,810.7961,810.7966,-0.06347656,-0.0272662267
2.91176,2911,810.7961,810.7966,-0.06347656,-0.0163597353
2.91358,2912,810.7961,810.7966,-0.06347656,-0.0163597353
2.91538,2913,810.7961,810.7966,-0.06347656,-0.0163597353
2.91539,2914,810.7961,810.7966,-0.06347656,0
2.91669,2915,810.7961,810.796631,-0.0836181641,0
2.91846,2916,810.7961,810.796631,-0.07141113,0.0109064905
2.91848,2917,810.7961,810.796631,-0.07141113,0.0109064905
2.91975,2918,810.7961,810.796631,-0.07141113,0.0109064905
2.91978,2919,810.7961,810.796631,-0.07141113,0.0109064905
2.92158,2920,810.7961,810.796631,-0.07141113,0
2.92337,2921,810.7961,810.796631,-0.07141113,0
2.92339,2922,810.7961,810.796631,-0.07141113,0
2.92472,2923,810.7961,810.796753,-0.111694336,0
2.92646,2924,810.7961,810.796753,-0.08728027,0
2.92647,2925,810.7961,810.796753,-0.08728027,0.0109064905
2.92773,2926,810.7961,810.796753,-0.08728027,0.0109064905
2.92775,2927,810.7961,810.796753,-0.08728027,0.0109064905
2.92956,2928,810.7961,810.796753,-0.08728027,0
2.93138,2929,810.7961,810.796753,-0.08728027,0
2.93139,2930,810.7961,810.796753,-0.08728027,-0.0163597353
2.93270,2931,810.7961,810.796753,-0.08728027,-0.0163597353
2.93448,2932,810.7961,810.796631,-0.04699707,-0.0163597353
2.93449,2933,810.7961,810.796631,-0.07141113,-0.0163597353
2.93572,2934,810.7961,810.796631,-0.07141113,-0.0272662267
2.93574,2935,810.7961,810.796631,-0.07141113,-0.0272662267
2.93757,2936,810.7961,810.796631,-0.07141113,-0.0272662267
2.93938,2937,810.7961,810.796631,-0.07141113,-0.0272662267
2.93940,2938,810.7961,810.7966,-0.05126953,-0.0272662267
2.94072,2939,810.7961,810.7966,-0.06347656,-0.0272662267
2.94248,2940,810.7961,810.7966,-0.06347656,-0.0272662267
2.94249,2941,810.7961,810.7965,-0.04333496,-0.0163597353
2.94374,2942,810.7961,810.7965,-0.0555419922,-0.0163597353
2.94375,2943,810.7961,810.7965,-0.0555419922,-0.0163597353
2.94558,2944,810.7961,810.7965,-0.0555419922,-0.0163597353
2.94739,2945,810.7961,810.7965,-0.0555419922,-0.0163597353
2.94742,2946,810.7961,810.7965,-0.0555419922,-0.0163597353
2.94871,2947,810.7961,810.7965,-0.0555419922,-0.0163597353
2.95048,2948,810.7961,810.7965,-0.0555419922,-0.0163597353
2.95050,2949,810.7961,810.7965,-0.0555419922,-0.0163597353
2.95173,2950,810.7961,810.7965,-0.0555419922,-0.0163597353
2.95174,2951,810.7961,810.7965,-0.0555419922,0
2.95371,2952,810.7961,810.7965,-0.0555419922,0.0109064905
2.95541,2953,810.7961,810.7966,-0.0756835938,0.0109064905
2.95544,2954,810.7961,810.7966,-0.06347656,0.0109064905
2.95669,2955,810.7961,810.7966,-0.06347656,0.0109064905
2.95847,2956,810.7961,810.7966,-0.06347656,0
2.95849,2957,810.7961,810.796631,-0.0836181641,0
2.95975,2958,810.7961,810.796631,-0.07141113,0
2.95976,2959,810.7961,810.796631,-0.07141113,0.0109064905
2.96156,2960,810.7961,810.796631,-0.07141113,0.0109064905
2.96339,2961,810.7961,810.796631,-0.07141113,0.0109064905
2.96340,2962,810.7961,810.796631,-0.07141113,0.0109064905
2.96471,2963,810.7961,810.796631,-0.07141113,0.0109064905
2.96646,2964,810.7961,810.796631,-0.07141113,0.0109064905
2.96647,2965,810.7961,810.796631,-0.07141113,0.0109064905
2.96773,2966,810.7961,810.796631,-0.07141113,0
2.96775,2967,810.7961,810.796631,-0.07141113,-0.0163597353
2.96956,2968,810.7961,810.796631,-0.07141113,-0.0272662267
2.97139,2969,810.7961,810.796631,-0.07141113,-0.03817272
2.97142,2970,810.7961,810.7966,-0.05126953,-0.0272662267
2.97271,2971,810.7961,810.7965,-0.04333496,-0.03817272
2.97449,2972,810.7961,810.7965,-0.0555419922,-0.03817272
2.97452,2973,810.7961,810.7965,-0.0555419922,-0.0272662267
2.97573,2974,810.7961,810.7965,-0.0555419922,-0.0272662267
2.97575,2975,810.7961,810.7965,-0.0555419922,-0.0163597353
2.97757,2976,810.7961,810.7965,-0.0555419922,-0.0163597353
2.97938,2977,810.7961,810.7965,-0.0555419922,-0.0163597353
2.97939,2978,810.7961,810.7965,-0.0555419922,-0.0163597353
2.98074,2979,810.7961,810.7965,-0.0555419922,-0.0163597353
2.98248,2980,810.7961,810.7965,-0.0555419922,0
2.98251,2981,810.7961,810.7965,-0.0555419922,0
2.98372,2982,810.7961,810.7965,-0.0555419922,0
2.98373,2983,810.7961,810.7965,-0.0555419922,0
2.98555,2984,810.7961,810.7965,-0.0555419922,0.0109064905
2.98739,2985,810.7961,810.7965,-0.0555419922,0.0109064905
2.98741,2986,810.7961,810.7966,-0.0756835938,0.0109064905
2.98872,2987,810.7961,810.7966,-0.06347656,0.0109064905
2.99048,2988,810.7961,810.7966,-0.06347656,0
2.99050,2989,810.7961,810.7966,-0.06347656,0
2.99174,2990,810.7961,810.7966,-0.06347656,0
2.99176,2991,810.7961,810.7966,-0.06347656,0
2.99359,2992,810.7961,810.7966,-0.06347656,0
2.99539,2993,810.7961,810.7966,-0.06347656,0
2.99541,2994,810.7961,810.7966,-0.06347656,0
2.99670,2995,810.7961,810.7966,-0.06347656,0
2.99848,2996,810.7961,810.7966,-0.06347656,0
2.99850,2997,810.7961,810.7966,-0.06347656,0
2.99975,2998,810.7961,810.7966,-0.06347656,0
2.99979,2999,810.7961,810.7966,-0.06347656,0
3.00155,3000,810.7961,810.7966,-0.06347656,0
3.00344,3001,810.7961,810.7966,-0.06347656,0
3.00350,3002,810.7961,810.7966,-0.06347656,0
3.00475,3003,810.7961,810.7966,-0.06347656,-0.0163597353
3.00647,3004,810.7961,810.7966,-0.06347656,-0.0163597353
3.00648,3005,810.7961,810.7966,-0.06347656,-0.0163597353
3.00774,3006,810.7961,810.7966,-0.06347656,-0.0163597353
3.00777,3007,810.7961,810.7966,-0.06347656,0
3.00956,3008,810.7961,810.7966,-0.06347656,0
3.01140,3009,810.7961,810.7965,-0.04333496,0
3.01142,3010,810.7961,810.7965,-0.0555419922,-0.0163597353
3.01269,3011,810.7961,810.7965,-0.0555419922,-0.0163597353
3.01447,3012,810.7961,810.7965,-0.0555419922,-0.0163597353
3.01448,3013,810.7961,810.7965,-0.0555419922,-0.0163597353
3.01574,3014,810.7961,810.7965,-0.0555419922,-0.0163597353
3.01576,3015,810.7961,810.7965,-0.0555419922,0
3.01758,3016,810.7961,810.7965,-0.0555419922,0
3.01940,3017,810.7961,810.7965,-0.0555419922,0
3.01943,3018,810.7961,810.7965,-0.0555419922,0
3.02072,3019,810.7961,810.7965,-0.0555419922,0
3.02254,3020,810.7961,810.7965,-0.0555419922,0
3.02256,3021,810.7961,810.7965,-0.0555419922,0
3.02378,3022,810.7961,810.7965,-0.0555419922,0
3.02380,3023,810.7961,810.7965,-0.0555419922,0
3.02555,3024,810.7961,810.7965,-0.0555419922,0
3.02740,3025,810.7961,810.7965,-0.0555419922,0
3.02743,3026,810.7961,810.7965,-0.0555419922,0
3.02869,3027,810.7961,810.7965,-0.0555419922,0
3.03046,3028,810.7961,810.7965,-0.0555419922,0
3.03047,3029,810.7961,810.7965,-0.0555419922,0
3.03173,3030,810.7961,810.7965,-0.0555419922,0
3.03174,3031,810.7961,810.7965,-0.0555419922,0
3.03355,3032,810.7961,810.7965,-0.0555419922,0
3.03543,3033,810.7961,810.7965,-0.0555419922,0
3.03546,3034,810.7961,810.7965,-0.0555419922,0
3.03684,3035,810.7961,810.7965,-0.0555419922,0
3.03847,3036,810.7961,810.7965,-0.0555419922,0
3.03849,3037,810.7961,810.7965,-0.0555419922,0
3.03976,3038,810.7961,810.7965,-0.0555419922,0
3.03978,3039,810.7961,810.7965,-0.0555419922,0
3.04156,3040,810.7961,810.7965,-0.0555419922,0
3.04339,3041,810.7961,810.7965,-0.0555419922,0
3.04341,3042,810.7961,810.7965,-0.0555419922,0
3.04469,3043,810.7961,810.7965,-0.0555419922,0
3.04646,3044,810.7961,810.7965,-0.0555419922,0
3.04647,3045,810.7961,810.7965,-0.0555419922,0
3.04772,3046,810.7961,810.7965,-0.0555419922,0
3.04774,3047,810.7961,810.7965,-0.0555419922,0
3.04957,3048,810.7961,810.7965,-0.0555419922,0
3.05142,3049,810.7961,810.7965,-0.0555419922,0
3.05144,3050,810.7961,810.7965,-0.0555419922,0
3.05270,3051,810.7961,810.7965,-0.0555419922,0
3.05450,3052,810.7961,810.7965,-0.0555419922,-0.0272662267
3.05452,3053,810.7961,810.7965,-0.0555419922,-0.0272662267
3.05573,3054,810.7961,810.796448,-0.03540039,-0.03817272
3.05576,3055,810.7961,810.796448,-0.0476074219,-0.03817272
3.05755,3056,810.7961,810.796448,-0.0476074219,-0.0272662267
3.05940,3057,810.7961,810.7963,-0.00732421875,-0.0272662267
3.05943,3058,810.7961,810.7963,-0.03173828,-0.0163597353
3.06069,3059,810.7961,810.7963,-0.03173828,-0.0163597353
3.06248,3060,810.7961,810.7963,-0.03173828,-0.0163597353
3.06250,3061,810.7961,810.7963,-0.03173828,-0.0163597353
3.06373,3062,810.7961,810.7963,-0.03173828,-0.0163597353
3.06374,3063,810.7961,810.7963,-0.03173828,-0.0163597353
3.06555,3064,810.7961,810.7963,-0.03173828,0
3.06740,3065,810.7961,810.796448,-0.0720214844,0.0109064905
3.06741,3066,810.7961,810.796448,-0.0476074219,0.0109064905
3.06871,3067,810.7961,810.796448,-0.0476074219,0
3.07051,3068,810.7961,810.796448,-0.0476074219,0
3.07053,3069,810.7961,810.796448,-0.0476074219,0
3.07174,3070,810.7961,810.796448,-0.0476074219,0
3.07176,3071,810.7961,810.7965,-0.06774902,0
3.07355,3072,810.7961,810.7965,-0.0555419922,0
3.07541,3073,810.7961,810.7965,-0.0555419922,0
3.07543,3074,810.7961,810.7965,-0.0555419922,0
3.07669,3075,810.7961,810.7965,-0.0555419922,0
3.07846,3076,810.7961,810.7965,-0.0555419922,0
3.07847,3077,810.7961,810.7965,-0.0555419922,0
3.07972,3078,810.7961,810.7965,-0.0555419922,0
3.07974,3079,810.7961,810.796448,-0.03540039,0
3.08155,3080,810.7961,810.796448,-0.0476074219,-0.0163597353
3.08340,3081,810.7961,810.796448,-0.0476074219,-0.0163597353
3.08343,3082,810.7961,810.796448,-0.0476074219,-0.0163597353
3.08469,3083,810.7961,810.7963,-0.00732421875,-0.0163597353
3.08649,3084,810.7961,810.7963,-0.03173828,-0.0163597353
3.08650,3085,810.7961,810.7963,-0.03173828,-0.0163597353
3.08774,3086,810.7961,810.7963,-0.03173828,-0.0163597353
3.08775,3087,810.7961,810.7963,-0.03173828,-0.0272662267
3.08957,3088,810.7961,810.7963,-0.03173828,-0.0163597353
3.09138,3089,810.7961,810.7963,-0.03173828,-0.0272662267
3.09140,3090,810.7961,810.7963,-0.03173828,-0.0272662267
3.09272,3091,810.7961,810.7963,-0.03173828,-0.0272662267
3.09447,3092,810.7961,810.7963,-0.03173828,-0.0163597353
3.09448,3093,810.7961,810.7963,-0.03173828,-0.0163597353
3.09573,3094,810.7961,810.796265,-0.01159668,-0.0163597353
3.09574,3095,810.7961,810.796265,-0.0238037109,-0.0163597353
3.09754,3096,810.7961,810.796265,-0.0238037109,-0.0163597353
3.09946,3097,810.7961,810.796265,-0.0238037109,-0.0163597353
3.09948,3098,810.7961,810.796265,-0.0238037109,-0.0163597353
3.10069,3099,810.7961,810.7963,-0.0439453125,0
3.10247,3100,810.7961,810.7963,-0.03173828,0
3.10250,3101,810.7961,810.7963,-0.03173828,0
3.10376,3102,810.7961,810.7963,-0.03173828,0
3.10380,3103,810.7961,810.7963,-0.03173828,0
3.10557,3104,810.7961,810.7963,-0.03173828,0
3.10741,3105,810.7961,810.7963,-0.03173828,0
3.10743,3106,810.7961,810.7963,-0.03173828,0
3.10868,3107,810.7961,810.7963,-0.03173828,0
3.11048,3108,810.7961,810.7963,-0.03173828,0
3.11050,3109,810.7961,810.7963,-0.03173828,0
3.11173,3110,810.7961,810.7963,-0.03173828,0
3.11175,3111,810.7961,810.7963,-0.03173828,0
3.11359,3112,810.7961,810.7963,-0.03173828,0
3.11544,3113,810.7961,810.7963,-0.03173828,0
3.11548,3114,810.7961,810.7963,-0.03173828,0
3.11669,3115,810.7961,810.7963,-0.03173828,0
3.11850,3116,810.7961,810.7963,-0.03173828,0
3.11854,3117,810.7961,810.7963,-0.03173828,0
3.11973,3118,810.7961,810.7963,-0.03173828,0
3.11974,3119,810.7961,810.7963,-0.03173828,0
3.12157,3120,810.7961,810.7963,-0.03173828,0
3.12339,3121,810.7961,810.7963,-0.03173828,0
3.12340,3122,810.7961,810.7963,-0.03173828,0
3.12469,3123,810.7961,810.7963,-0.03173828,0
3.12649,3124,810.7961,810.7963,-0.03173828,0
3.12652,3125,810.7961,810.7963,-0.03173828,0
3.12772,3126,810.7961,810.7963,-0.03173828,0
3.12776,3127,810.7961,810.7963,-0.03173828,0
3.12957,3128,810.7961,810.7963,-0.03173828,0
3.13140,3129,810.7961,810.7963,-0.03173828,0
3.13142,3130,810.7961,810.7963,-0.03173828,0
3.13271,3131,810.7961,810.7963,-0.03173828,0
3.13450,3132,810.7961,810.7963,-0.03173828,0
3.13453,3133,810.7961,810.7963,-0.03173828,0
3.13572,3134,810.7961,810.796265,-0.01159668,-0.0163597353
3.13573,3135,810.7961,810.7962,-0.00366210938,-0.0163597353
3.13763,3136,810.7961,810.7962,-0.01586914,-0.03817272
3.13944,3137,810.7961,810.7962,-0.01586914,-0.03817272
3.13947,3138,810.7961,810.7962,-0.01586914,-0.03817272
3.14069,3139,810.7961,810.7961,0.0244140625,-0.04907921
3.14250,3140,810.7961,810.796,0.0201416016,-0.03817272
3.14253,3141,810.7961,810.796,0.00793457,-0.03817272
3.14372,3142,810.7961,810.796,0.00793457,-0.0272662267
3.14373,3143,810.7961,810.796,0.00793457,-0.0272662267
3.14558,3144,810.7961,810.796,0.00793457,-0.0272662267
3.14741,3145,810.7961,810.796,0.00793457,-0.0272662267
3.14745,3146,810.7961,810.795959,0.0280761719,-0.0272662267
3.14871,3147,810.7961,810.7959,0.0360107422,-0.0272662267
3.15050,3148,810.7961,810.7959,0.0238037109,-0.0272662267
3.15052,3149,810.7961,810.7959,0.0238037109,-0.0272662267
3.15172,3150,810.7961,810.7959,0.0238037109,-0.0272662267
3.15173,3151,810.7961,810.7959,0.0238037109,-0.0272662267
3.15372,3152,810.7961,810.7959,0.0238037109,-0.0272662267
3.15542,3153,810.7961,810.7959,0.0238037109,-0.0163597353
3.15544,3154,810.7961,810.7959,0.0238037109,-0.0163597353
3.15670,3155,810.7961,810.7959,0.0238037109,-0.0163597353
3.15849,3156,810.7961,810.7959,0.0238037109,0
3.15853,3157,810.7961,810.7959,0.0238037109,0
3.15973,3158,810.7961,810.7959,0.0238037109,0
3.15974,3159,810.7961,810.7959,0.0238037109,0.0109064905
3.16159,3160,810.7961,810.795959,0.00366210938,0
3.16340,3161,810.7961,810.795959,0.01586914,0.0109064905
3.16343,3162,810.7961,810.795959,0.01586914,0.0109064905
3.16469,3163,810.7961,810.795959,0.01586914,0
3.16647,3164,810.7961,810.795959,0.01586914,0
3.16649,3165,810.7961,810.796,-0.004272461,0
3.16772,3166,810.7961,810.796,0.00793457,0.0109064905
3.16774,3167,810.7961,810.796,0.00793457,0.0109064905
3.16958,3168,810.7961,810.796,0.00793457,0.0109064905
3.17140,3169,810.7961,810.796,0.00793457,0.0109064905
3.17142,3170,810.7961,810.796,0.00793457,0.0109064905
3.17270,3171,810.7961,810.796,0.00793457,0.0109064905
3.17450,3172,810.7961,810.796,0.00793457,0.0109064905
3.17453,3173,810.7961,810.7961,-0.0122070313,0.0109064905
3.17573,3174,810.7961,810.7961,0,0.0109064905
3.17574,3175,810.7961,810.7962,-0.0402832031,0.0109064905
3.17757,3176,810.7961,810.796,0.0445556641,0
3.17940,3177,810.7961,810.796,0.00793457,-0.0272662267
3.17943,3178,810.7961,810.796,0.00793457,-0.03817272
3.18069,3179,810.7961,810.795959,0.0280761719,-0.04907921
3.18250,3180,810.7961,810.795959,0.01586914,-0.04907921
3.18255,3181,810.7961,810.7959,0.0360107422,-0.03817272
3.18373,3182,810.7961,810.7959,0.0238037109,-0.0272662267
3.18375,3183,810.7961,810.7959,0.0238037109,-0.0272662267
3.18556,3184,810.7961,810.7959,0.0238037109,-0.0163597353
3.18741,3185,810.7961,810.7959,0.0238037109,-0.0163597353
3.18744,3186,810.7961,810.7959,0.0238037109,-0.0163597353
3.18871,3187,810.7961,810.7959,0.0238037109,-0.0163597353
3.19051,3188,810.7961,810.7959,0.0238037109,-0.0163597353
3.19055,3189,810.7961,810.7959,0.0238037109,-0.0163597353
3.19173,3190,810.7961,810.7959,0.0238037109,-0.0163597353
3.19175,3191,810.7961,810.7959,0.0238037109,-0.0163597353
3.19362,3192,810.7961,810.7959,0.0238037109,0
3.19544,3193,810.7961,810.7959,0.0238037109,0
3.19547,3194,810.7961,810.7959,0.0238037109,0
3.19671,3195,810.7961,810.7959,0.0238037109,0
3.19850,3196,810.7961,810.7959,0.0238037109,0
3.19853,3197,810.7961,810.7959,0.0238037109,0
3.19973,3198,810.7961,810.7959,0.0238037109,0
3.19974,3199,810.7961,810.7959,0.0238037109,0
3.20158,3200,810.7961,810.7959,0.0238037109,0
3.20361,3201,810.7961,810.795959,0.00366210938,0
3.20368,3202,810.7961,810.795959,0.01586914,0.0109064905
3.20470,3203,810.7961,810.795959,0.01586914,0.0109064905
3.20653,3204,810.7961,810.795959,0.01586914,0
3.20655,3205,810.7961,810.795959,0.01586914,0
3.20772,3206,810.7961,810.795959,0.01586914,0
3.20774,3207,810.7961,810.795959,0.01586914,0
3.20958,3208,810.7961,810.795959,0.01586914,0
3.21141,3209,810.7961,810.795959,0.01586914,0
3.21143,3210,810.7961,810.795959,0.01586914,0
3.21270,3211,810.7961,810.795959,0.01586914,0
3.21450,3212,810.7961,810.795959,0.01586914,0
3.21453,3213,810.7961,810.795959,0.01586914,0
3.21574,3214,810.7961,810.795959,0.01586914,0
3.21575,3215,810.7961,810.795959,0.01586914,0
3.21757,3216,810.7961,810.795959,0.01586914,0
3.21940,3217,810.7961,810.795959,0.01586914,0
3.21942,3218,810.7961,810.795959,0.01586914,0
3.22077,3219,810.7961,810.795959,0.01586914,0
3.22250,3220,810.7961,810.795959,0.01586914,0
3.22253,3221,810.7961,810.795959,0.01586914,0
3.22375,3222,810.7961,810.795959,0.01586914,0
3.22377,3223,810.7961,810.795959,0.01586914,0
3.22558,3224,810.7961,810.795959,0.01586914,-0.0163597353
3.22743,3225,810.7961,810.795959,0.01586914,-0.0163597353
3.22746,3226,810.7961,810.795959,0.01586914,-0.0163597353
3.22870,3227,810.7961,810.795959,0.01586914,-0.0163597353
3.23050,3228,810.7961,810.795959,0.01586914,0
3.23053,3229,810.7961,810.795959,0.01586914,0
3.23180,3230,810.7961,810.795959,0.01586914,0
3.23183,3231,810.7961,810.795959,0.01586914,0
3.23358,3232,810.7961,810.795959,0.01586914,0
3.23543,3233,810.7961,810.795959,0.01586914,0
3.23546,3234,810.7961,810.795959,0.01586914,0
3.23702,3235,810.7961,810.795959,0.01586914,0
3.23848,3236,810.7961,810.795959,0.01586914,0
3.23850,3237,810.7961,810.795959,0.01586914,0
3.23974,3238,810.7961,810.795959,0.01586914,0
3.23977,3239,810.7961,810.795959,0.01586914,0
3.24163,3240,810.7961,810.795959,0.01586914,0
3.24340,3241,810.7961,810.795959,0.01586914,0
3.24342,3242,810.7961,810.7959,0.0360107422,0
3.24469,3243,810.7961,810.7959,0.0238037109,-0.0163597353
3.24651,3244,810.7961,810.7959,0.0238037109,-0.0163597353
3.24655,3245,810.7961,810.7959,0.0238037109,-0.0163597353
3.24775,3246,810.7961,810.7959,0.0238037109,-0.0163597353
3.24777,3247,810.7961,810.7959,0.0238037109,-0.0163597353
3.24958,3248,810.7961,810.7959,0.0238037109,-0.0163597353
3.25143,3249,810.7961,810.7959,0.0238037109,0
3.25145,3250,810.7961,810.7959,0.0238037109,0
3.25270,3251,810.7961,810.7959,0.0238037109,0
3.25452,3252,810.7961,810.7959,0.0238037109,0
3.25455,3253,810.7961,810.7959,0.0238037109,0
3.25576,3254,810.7961,810.7959,0.0238037109,0
3.25580,3255,810.7961,810.7959,0.0238037109,0
3.25759,3256,810.7961,810.7959,0.0238037109,0
3.25942,3257,810.7961,810.7959,0.0238037109,0
3.25945,3258,810.7961,810.7959,0.0238037109,0
3.26070,3259,810.7961,810.7959,0.0238037109,0
3.26248,3260,810.7961,810.7959,0.0238037109,0
3.26250,3261,810.7961,810.7959,0.0238037109,0
3.26375,3262,810.7961,810.7959,0.0238037109,0
3.26377,3263,810.7961,810.7959,0.0238037109,0
3.26557,3264,810.7961,810.7959,0.0238037109,0
3.26744,3265,810.7961,810.7959,0.0238037109,0
3.26748,3266,810.7961,810.7959,0.0238037109,0
3.26870,3267,810.7961,810.7959,0.0238037109,0
3.27059,3268,810.7961,810.7959,0.0238037109,0
3.27065,3269,810.7961,810.7959,0.0238037109,0
3.27189,3270,810.7961,810.7959,0.0238037109,0
3.27190,3271,810.7961,810.7959,0.0238037109,0
3.27359,3272,810.7961,810.7959,0.0238037109,0
3.27543,3273,810.7961,810.7959,0.0238037109,0
3.27545,3274,810.7961,810.7959,0.0238037109,0
3.27671,3275,810.7961,810.7959,0.0238037109,0
3.27850,3276,810.7961,810.7959,0.0238037109,0
3.27853,3277,810.7961,810.7959,0.0238037109,0
3.27973,3278,810.7961,810.7959,0.0238037109,0
3.27975,3279,810.7961,810.7959,0.0238037109,0
3.28159,3280,810.7961,810.7959,0.0238037109,0
3.28339,3281,810.7961,810.7959,0.0238037109,0
3.28340,3282,810.7961,810.7959,0.0238037109,0
3.28471,3283,810.7961,810.7959,0.0238037109,0
3.28650,3284,810.7961,810.7959,0.0238037109,0
3.28654,3285,810.7961,810.7959,0.0238037109,0
3.28776,3286,810.7961,810.7959,0.0238037109,0
3.28780,3287,810.7961,810.7959,0.0238037109,0
3.28962,3288,810.7961,810.7959,0.0238037109,0
3.29139,3289,810.7961,810.7959,0.0238037109,0
3.29141,3290,810.7961,810.7959,0.0238037109,0
3.29270,3291,810.7961,810.7959,0.0238037109,0
3.29451,3292,810.7961,810.7959,0.0238037109,0
3.29454,3293,810.7961,810.7959,0.0238037109,0
3.29573,3294,810.7961,810.7959,0.0238037109,0
3.29574,3295,810.7961,810.7959,0.0238037109,0
3.29758,3296,810.7961,810.7959,0.0238037109,0
3.29943,3297,810.7961,810.7959,0.0238037109,0
3.29945,3298,810.7961,810.7959,0.0238037109,0
3.30069,3299,810.7961,810.7959,0.0238037109,0
