t,n,A,B,C,D
0.00324,0,797.997742,797.997742,0,0
0.00328,1,797.997742,797.997742,0,0
0.00437,2,797.997742,797.997742,0,0
0.00623,3,797.997742,797.997742,0,0
0.00626,4,797.997742,797.997742,0,0
0.00802,5,797.997742,797.997742,0,0
0.00804,6,797.997742,797.997742,0,0
0.00930,7,797.997742,797.997742,0,0
0.01115,8,797.997742,797.997742,0,0
0.01118,9,797.997742,797.997742,0,0
0.01235,10,797.997742,797.997742,0,0
0.01420,11,797.997742,797.997742,0,0
0.01425,12,797.997742,797.997742,0,0
0.01604,13,797.997742,797.997742,0,0
0.01606,14,797.997742,797.997742,0,0
0.01734,15,797.997742,797.997742,0,0
0.01912,16,797.997742,797.997742,0,0
0.01917,17,797.997742,797.997742,0,0
0.02036,18,797.997742,797.997742,0,0
0.02225,19,797.997742,797.997742,0,0
0.02228,20,797.997742,797.997742,0,0
0.02401,21,797.997742,797.997742,0,0
0.02403,22,797.997742,797.997742,0,0
0.02528,23,797.997742,797.997742,0,0
0.02709,24,797.997742,797.997742,0,0
0.02711,25,797.997742,797.997742,0,0
0.02834,26,797.997742,797.997742,0,0
0.03022,27,797.997742,797.997742,0,0
0.03025,28,797.997742,797.997742,0,0
0.03201,29,797.997742,797.997742,0,0
0.03203,30,797.997742,797.997742,0,0
0.03327,31,797.997742,797.997742,0,0
0.03510,32,797.997742,797.997742,0,0
0.03511,33,797.997742,797.997742,0,0
0.03638,34,797.997742,797.997742,0,0
0.03824,35,797.997742,797.997742,0,0
0.03826,36,797.997742,797.997742,0,0
0.04001,37,797.997742,797.997742,0,0
0.04002,38,797.997742,797.997742,0,0
0.04127,39,797.997742,797.997742,0,0
0.04310,40,797.997742,797.997742,0,0
0.04311,41,797.997742,797.997742,0,0
0.04439,42,797.997742,797.997742,0,0
0.04622,43,797.997742,797.997742,0,0
0.04626,44,797.997742,797.997742,0,0
0.04802,45,797.997742,797.997742,0,0
0.04804,46,797.997742,797.997742,0,0
0.04928,47,797.997742,797.997742,0,0
0.05115,48,797.997742,797.997742,0,0
0.05117,49,797.997742,797.997742,0,0
0.05240,50,797.997742,797.997742,0,0
0.05422,51,797.997742,797.997742,0,0
0.05427,52,797.997742,797.997742,0,0
0.05601,53,797.997742,797.997742,0,0
0.05602,54,797.997742,797.997742,0,0
0.05728,55,797.997742,797.997742,0,0
0.05910,56,797.997742,797.997742,0,0
0.05913,57,797.997742,797.997742,0,0
0.06039,58,797.997742,797.997742,0,0
0.06219,59,797.997742,797.997742,0,0
0.06222,60,797.997742,797.997742,0,0
0.06402,61,797.997742,797.997742,0,0
0.06403,62,797.997742,797.997742,0,0
0.06529,63,797.997742,797.997742,0,0
0.06727,64,797.997742,797.997742,0,0
0.06732,65,797.997742,797.997742,0,0
0.06836,66,797.997742,797.997742,0,0
0.07024,67,797.997742,797.997742,0,0
0.07028,68,797.997742,797.997742,0,0
0.07203,69,797.997742,797.997742,0,0
0.07208,70,797.997742,797.997742,0,0
0.07329,71,797.997742,797.997742,0,0
0.07510,72,797.997742,797.997742,0,0
0.07511,73,797.997742,797.997742,0,0
0.07637,74,797.997742,797.997742,0,0
0.07820,75,797.997742,797.997742,0,0
0.07821,76,797.997742,797.997742,0,0
0.08004,77,797.997742,797.997742,0,0
0.08007,78,797.997742,797.997742,0,0
0.08132,79,797.997742,797.997742,0,0
0.08310,80,797.997742,797.997742,0,0
0.08312,81,797.997742,797.997742,0,0
0.08437,82,797.997742,797.997742,0,0
0.08618,83,797.997742,797.997742,0,0
0.08620,84,797.997742,797.997742,0,0
0.08800,85,797.997742,797.997742,0,0
0.08802,86,797.997742,797.997742,0,0
0.08928,87,797.997742,797.997742,0,0
0.09110,88,797.997742,797.997742,0,0
0.09112,89,797.997742,797.997742,0,0
0.09236,90,797.997742,797.997742,0,0
0.09418,91,797.997742,797.997742,0,0
0.09419,92,797.997742,797.997742,0,0
0.09604,93,797.997742,797.997742,0,0
0.09606,94,797.997742,797.997742,0,0
0.09727,95,797.997742,797.997742,0,0
0.09909,96,797.997742,797.997742,0,0
0.09910,97,797.997742,797.997742,0,0
0.10040,98,797.997742,797.997742,0,0
0.10220,99,797.997742,797.997742,0,0
0.10222,100,797.997742,797.997742,0,0
0.10404,101,797.997742,797.997742,0,0
0.10406,102,797.997742,797.997742,0,0
0.10528,103,797.997742,797.997742,0,0
0.10710,104,797.997742,797.997742,0,0
0.10711,105,797.997742,797.997742,0,0
0.10836,106,797.997742,797.997742,0,0
0.11020,107,797.997742,797.997742,0,0
0.11021,108,797.997742,797.997742,0,0
0.11201,109,797.997742,797.997742,0,0
0.11203,110,797.997742,797.997742,0,0
0.11328,111,797.997742,797.997742,0,0
0.11512,112,797.997742,797.997742,0,0
0.11515,113,797.997742,797.997742,0,0
0.11640,114,797.997742,797.997742,0,0
0.11821,115,797.997742,797.997742,0,0
0.11824,116,797.997742,797.997742,0,0
0.12005,117,797.997742,797.997742,0,0
0.12007,118,797.997742,797.997742,0,0
0.12131,119,797.997742,797.997742,0,0
0.12311,120,797.997742,797.997742,0,0
0.12312,121,797.997742,797.997742,0,0
0.12444,122,797.997742,797.997742,0,0
0.12622,123,797.997742,797.997742,0,0
0.12625,124,797.997742,797.997742,0,0
0.12803,125,797.997742,797.997742,0,0
0.12806,126,797.997742,797.997742,0,0
0.12928,127,797.997742,797.997742,0,0
0.13109,128,797.997742,797.997742,0,0
0.13111,129,797.997742,797.997742,0,0
0.13237,130,797.997742,797.997742,0,0
0.13424,131,797.997742,797.997742,0,0
0.13428,132,797.997742,797.997742,0,0
0.13603,133,797.997742,797.997742,0,0
0.13606,134,797.997742,797.997742,0,0
0.13728,135,797.997742,797.997742,0,0
0.13910,136,797.997742,797.997742,0,0
0.13911,137,797.997742,797.997742,0,0
0.14036,138,797.997742,797.997742,0,0
0.14221,139,797.997742,797.997742,0,0
0.14223,140,797.997742,797.997742,0,0
0.14401,141,797.997742,797.997742,0,0
0.14402,142,797.997742,797.997742,0,0
0.14527,143,797.997742,797.997742,0,0
0.14710,144,797.997742,797.997742,0,0
0.14711,145,797.997742,797.997742,0,0
0.14836,146,797.997742,797.997742,0,0
0.15017,147,797.997742,797.997742,0,0
0.15018,148,797.997742,797.997742,0,0
0.15205,149,797.997742,797.997742,0,0
0.15206,150,797.997742,797.997742,0,0
0.15327,151,797.997742,797.997742,0,0
0.15509,152,797.997742,797.997742,0,0
0.15510,153,797.997742,797.997742,0,0
0.15635,154,797.997742,797.997742,0,0
0.15818,155,797.997742,797.997742,0,0
0.15820,156,797.997742,797.997742,0,0
0.16003,157,797.997742,797.997742,0,0
0.16005,158,797.997742,797.997742,0,0
0.16128,159,797.997742,797.997742,0,0
0.16312,160,797.997742,797.997742,0,0
0.16315,161,797.997742,797.997742,0,0
0.16435,162,797.997742,797.997742,0,0
0.16621,163,797.997742,797.997742,0,0
0.16623,164,797.997742,797.997742,0,0
0.16802,165,797.997742,797.997742,0,0
0.16803,166,797.997742,797.997742,0,0
0.16929,167,797.997742,797.997742,0,0
0.17113,168,797.997742,797.997742,0,0
0.17116,169,797.997742,797.997742,0,0
0.17236,170,797.997742,797.997742,0,0
0.17421,171,797.997742,797.997742,0,0
0.17424,172,797.997742,797.997742,0,0
0.17608,173,797.997742,797.997742,0,0
0.17610,174,797.997742,797.997742,0,0
0.17728,175,797.997742,797.997742,0,0
0.17909,176,797.997742,797.997742,0,0
0.17910,177,797.997742,797.997742,0,0
0.18035,178,797.997742,797.997742,0,0
0.18218,179,797.997742,797.997742,0,0
0.18220,180,797.997742,797.997742,0,0
0.18411,181,797.997742,797.997742,0,0
0.18415,182,797.997742,797.997742,0,0
0.18528,183,797.997742,797.997742,0,0
0.18713,184,797.997742,797.997742,0,0
0.18714,185,797.997742,797.997742,0,0
0.18837,186,797.997742,797.997742,0,0
0.19019,187,797.997742,797.997742,0,0
0.19021,188,797.997742,797.997742,0,0
0.19205,189,797.997742,797.997742,0,0
0.19207,190,797.997742,797.997742,0,0
0.19327,191,797.997742,797.997742,0,0
0.19511,192,797.997742,797.997742,0,0
0.19514,193,797.997742,797.997742,0,0
0.19635,194,797.997742,797.997742,0,0
0.19818,195,797.997742,797.997742,0,0
0.19819,196,797.997742,797.997742,0,0
0.20002,197,797.997742,797.997742,0,0
0.20005,198,797.997742,797.997742,0,0
0.20129,199,797.997742,797.997742,0,0
0.20309,200,797.997742,797.997742,0,0
0.20312,201,797.997742,797.997742,0,0
0.20437,202,797.997742,797.997742,0,0
0.20620,203,797.997742,797.997742,0,0
0.20623,204,797.997742,797.997742,0,0
0.20801,205,797.997742,797.997742,0,0
0.20805,206,797.997742,797.997742,0,0
0.20926,207,797.997742,797.997742,0,0
0.21111,208,797.997742,797.997742,0,0
0.21113,209,797.997742,797.997742,0,0
0.21238,210,797.997742,797.997742,0,0
0.21420,211,797.997742,797.997742,0,0
0.21422,212,797.997742,797.997742,0,0
0.21609,213,797.997742,797.997742,0,0
0.21611,214,797.997742,797.997742,0,0
0.21736,215,797.997742,797.997742,0,0
0.21912,216,797.997742,797.997742,0,0
0.21917,217,797.997742,797.997742,0,0
0.22036,218,797.997742,797.997742,0,0
0.22218,219,797.997742,797.997742,0,0
0.22220,220,797.997742,797.997742,0,0
0.22403,221,797.997742,797.997742,0,0
0.22405,222,797.997742,797.997742,0,0
0.22528,223,797.997742,797.997742,0,0
0.22713,224,797.997742,797.997742,0,0
0.22716,225,797.997742,797.997742,0,0
0.22835,226,797.997742,797.997742,0,0
0.23018,227,797.997742,797.997742,0,0
0.23020,228,797.997742,797.997742,0,0
0.23204,229,797.997742,797.997742,0,0
0.23206,230,797.997742,797.997742,0,0
0.23326,231,797.997742,797.997742,0,0
0.23510,232,797.997742,797.997742,0,0
0.23512,233,797.997742,797.997742,0,0
0.23637,234,797.997742,797.997742,0,0
0.23823,235,797.997742,797.997742,0,0
0.23827,236,797.997742,797.997742,0,0
0.24001,237,797.997742,797.997742,0,0
0.24004,238,797.997742,797.997742,0,0
0.24126,239,797.997742,797.997742,0,0
0.24311,240,797.997742,797.997742,0,0
0.24314,241,797.997742,797.997742,0,0
0.24435,242,797.997742,797.997742,0,0
0.24620,243,797.997742,797.997742,0,0
0.24622,244,797.997742,797.997742,0,0
0.24803,245,797.997742,797.997742,0,0
0.24805,246,797.997742,797.997742,0,0
0.24926,247,797.997742,797.997742,0,0
0.25113,248,797.997742,797.997742,0,0
0.25117,249,797.997742,797.997742,0,0
0.25238,250,797.997742,797.997742,0,0
0.25421,251,797.997742,797.997742,0,0
0.25424,252,797.997742,797.997742,0,0
0.25606,253,797.997742,797.997742,0,0
0.25609,254,797.997742,797.997742,0,0
0.25726,255,797.997742,797.997742,0,0
0.25910,256,797.997742,797.997742,0,0
0.25911,257,797.997742,797.997742,0,0
0.26037,258,797.997742,797.997742,0,0
0.26220,259,797.997742,797.997742,0,0
0.26222,260,797.997742,797.997742,0,0
0.26402,261,797.997742,797.997742,0,0
0.26405,262,797.997742,797.997742,0,0
0.26526,263,797.997742,797.997742,0,0
0.26730,264,797.997742,797.997742,0,0
0.26739,265,797.997742,797.997742,0,0
0.26837,266,797.997742,797.997742,0,0
0.27021,267,797.997742,797.997742,0,0
0.27024,268,797.997742,797.997742,0,0
0.27205,269,797.997742,797.997742,0,0
0.27207,270,797.997742,797.997742,0,0
0.27327,271,797.997742,797.997742,0,0
0.27516,272,797.997742,797.997742,0,0
0.27520,273,797.997742,797.997742,0,0
0.27636,274,797.997742,797.997742,0,0
0.27825,275,797.997742,797.997742,0,0
0.27826,276,797.997742,797.997742,0,0
0.28003,277,797.997742,797.997742,0,0
0.28005,278,797.997742,797.997742,0,0
0.28129,279,797.997742,797.997742,0,0
0.28315,280,797.997742,797.997742,0,0
0.28317,281,797.997742,797.997742,0,0
0.28439,282,797.997742,797.997742,0,0
0.28622,283,797.997742,797.997742,0,0
0.28625,284,797.997742,797.997742,0,0
0.28808,285,797.997742,797.997742,0,0
0.28812,286,797.997742,797.997742,0,0
0.28928,287,797.997742,797.997742,0,0
0.29111,288,797.997742,797.997742,0,0
0.29113,289,797.997742,797.997742,0,0
0.29235,290,797.997742,797.997742,0,0
0.29420,291,797.997742,797.997742,0,0
0.29422,292,797.997742,797.997742,0,0
0.29603,293,797.997742,797.997742,0,0
0.29605,294,797.997742,797.997742,0,0
0.29727,295,797.997742,797.997742,0,0
0.29911,296,797.997742,797.997742,0,0
0.29913,297,797.997742,797.997742,0,0
0.30053,298,797.997742,797.997742,0,0
0.30219,299,797.997742,797.997742,0,0
0.30220,300,797.997742,797.997742,0,0
0.30403,301,798.997742,797.997742,25,0
0.30405,302,798.997742,797.997742,25,0
0.30527,303,798.997742,797.9982,25,0.087251924
0.30713,304,798.997742,797.999634,25,0.419899881
0.30716,305,798.997742,798.0022,25,1.02521014
0.30837,306,798.997742,798.006042,25,1.92499566
0.31022,307,798.997742,798.010864,25,3.02109814
0.31025,308,798.997742,798.0165,25,4.084481
0.31202,309,798.997742,798.022339,25,4.90246725
0.31204,310,798.997742,798.029358,25,5.715001
0.31326,311,798.997742,798.038635,25,6.800197
0.31511,312,798.997742,798.0468,25,7.48185253
0.31514,313,798.997742,798.0569,25,8.441624
0.31637,314,798.997742,798.0682,25,9.652245
0.31821,315,798.997742,798.079163,25,10.0285187
0.31823,316,798.997742,798.0923,25,11.2827644
0.32007,317,798.997742,798.1056,25,12.0843925
0.32012,318,798.997742,798.1196,25,12.7551413
0.32128,319,798.997742,798.135437,25,13.96576
0.32310,320,798.997742,798.151245,25,14.5219927
0.32313,321,798.997742,798.1679,25,15.54175
0.32436,322,798.997742,798.1858,25,16.39791
0.32620,323,798.997742,798.203857,25,17.00322
0.32624,324,798.997742,798.222168,25,17.6739674
0.32804,325,798.997742,798.2409,25,18.1320419
0.32806,326,798.997742,798.260864,25,18.344717
0.32926,327,798.997742,798.2794,25,18.6555538
0.33112,328,798.997742,798.299,25,18.9882
0.33115,329,798.997742,798.3182,25,19.031826
0.33237,330,798.997742,798.3369,25,19.0427322
0.33424,331,798.997742,798.3554,25,18.9500275
0.33429,332,798.997742,798.374268,25,18.824604
0.33602,333,798.997742,798.3922,25,18.7482567
0.33604,334,798.997742,798.4101,25,18.5846615
0.33730,335,798.997742,798.428467,25,18.55194
0.33912,336,798.997742,798.44696,25,18.4047031
0.33914,337,798.997742,798.465149,25,18.3610783
0.34036,338,798.997742,798.483765,25,18.4047031
0.34222,339,798.997742,798.501465,25,18.2356529
0.34225,340,798.997742,798.5208,25,18.16476
0.34403,341,798.997742,798.5379,25,18.1320419
0.34407,342,798.997742,798.5561,25,18.1429482
0.34526,343,798.997742,798.5743,25,18.1756668
0.34711,344,798.997742,798.5926,25,18.16476
0.34712,345,798.997742,798.610352,25,18.0502434
0.34836,346,798.997742,798.6287,25,18.186573
0.35022,347,798.997742,798.647644,25,18.3229046
0.35025,348,798.997742,798.665833,25,18.3119984
0.35202,349,798.997742,798.684143,25,18.4974079
0.35203,350,798.997742,798.702759,25,18.4865017
0.35326,351,798.997742,798.7219,25,18.55194
0.35511,352,798.997742,798.7403,25,18.5410347
0.35514,353,798.997742,798.758362,25,18.55194
0.35634,354,798.997742,798.777344,25,18.5955658
0.35822,355,798.997742,798.7961,25,18.5410347
0.35824,356,798.997742,798.8151,25,18.7809772
0.36001,357,798.997742,798.8336,25,18.7482567
0.36003,358,798.997742,798.8521,23.3007813,18.6664581
0.36130,359,798.997742,798.871,20.2832031,18.73735
0.36314,360,798.997742,798.8895,17.3144531,18.5955658
0.36317,361,798.997742,798.909058,14.1894531,18.7100849
0.36435,362,798.997742,798.9275,11.2402344,18.6446457
0.36620,363,798.997742,798.945,8.4375,18.24656
0.36622,364,798.997742,798.960144,6.015625,17.444931
0.36804,365,798.997742,798.9754,3.57421875,16.67057
0.36807,366,798.997742,798.9895,1.31835938,15.6399078
0.36929,367,798.997742,799.0023,-0.7324219,14.6037912
0.37116,368,798.997742,799.0139,-2.58789063,13.7258177
0.37119,369,798.997742,799.0254,-4.423828,12.7115154
0.37236,370,798.997742,799.0351,-5.9765625,11.6045065
0.37424,371,798.997742,799.0449,-7.548828,10.6665478
0.37428,372,798.997742,799.05304,-8.847656,9.88128
0.37603,373,798.997742,799.059631,-9.902344,8.752459
0.37605,374,798.997742,799.0672,-11.1132813,8.076257
0.37728,375,798.997742,799.072754,-12.0019531,7.25281668
0.37913,376,798.997742,799.0777,-12.7929688,6.34212446
0.37915,377,798.997742,799.0838,-13.7695313,4.378956
0.38035,378,798.997742,799.0867,-14.2285156,3.5664227
0.38222,379,798.997742,799.0886,-14.5410156,2.84114075
0.38226,380,798.997742,799.08905,-14.609375,2.110406
0.38407,381,798.997742,799.088745,-14.5605469,1.3796711
0.38411,382,798.997742,799.0874,-14.3457031,0.359914184
0.38527,383,798.997742,799.0848,-13.9257813,-0.747094631
0.38713,384,798.997742,799.0814,-13.3886719,-1.76139832
0.38716,385,798.997742,799.078247,-12.8808594,-2.5030396
0.38836,386,798.997742,799.0742,-12.2363281,-3.16288233
0.39020,387,798.997742,799.0691,-11.4160156,-3.84999132
0.39023,388,798.997742,799.063965,-10.5957031,-4.23717165
0.39205,389,798.997742,799.0571,-9.501953,-5.071518
0.39208,390,798.997742,799.0523,-8.730469,-5.45869875
0.39329,391,798.997742,799.0472,-7.91015625,-5.48051167
0.39516,392,798.997742,799.042542,-7.16796875,-5.420526
0.39520,393,798.997742,799.0375,-6.357422,-5.044252
0.39637,394,798.997742,799.033142,-5.6640625,-4.875201
0.39824,395,798.997742,799.029968,-5.15625,-4.42803526
0.39826,396,798.997742,799.0279,-4.82421875,-3.82817817
0.40004,397,798.997742,799.026733,-4.638672,-2.90112662
0.40007,398,798.997742,799.0264,-4.58984375,-1.83774364
0.40128,399,798.997742,799.0269,-4.66796875,-0.916145146
0.40315,400,798.997742,799.028,-4.84375,-0.103611663
0.40319,401,798.997742,799.0295,-5.078125,0.578044
0.40436,402,798.997742,799.03125,-5.361328,1.090649
0.40622,403,798.997742,799.033,-5.64453125,1.44511008
0.40625,404,798.997742,799.0349,-5.94726563,1.67414618
0.40804,405,798.997742,799.0368,-6.25,1.799571
0.40806,406,798.997742,799.038757,-6.5625,1.87046313
0.40929,407,798.997742,799.0403,-6.80664063,1.821384
0.41117,408,798.997742,799.0414,-6.982422,1.67414618
0.41122,409,798.997742,799.0421,-7.09960938,1.3796711
0.41238,410,798.997742,799.0423,-7.12890625,0.9761309
0.41420,411,798.997742,799.0422,-7.109375,0.556231
0.41421,412,798.997742,799.0417,-7.03125,0.136331126
0.41603,413,798.997742,799.0409,-6.904297,-0.239942789
0.41607,414,798.997742,799.039856,-6.73828125,-0.572590768
0.41736,415,798.997742,799.038635,-6.54296875,-0.845253
0.41912,416,798.997742,799.0375,-6.357422,-1.04157
0.41914,417,798.997742,799.0364,-6.18164063,-1.156088
0.42036,418,798.997742,799.0354,-6.02539063,-1.13427508
0.42223,419,798.997742,799.034668,-5.908203,-1.03066337
0.42227,420,798.997742,799.0341,-5.8203125,-0.872519255
0.42403,421,798.997742,799.034,-5.80078125,-0.643483
0.42407,422,798.997742,799.034,-5.80078125,-0.414446652
0.42527,423,798.997742,799.0342,-5.830078,-0.185410336
0.42714,424,798.997742,799.0346,-5.8984375,0.043625962
0.42717,425,798.997742,799.0351,-5.9765625,0.23448956
0.42835,426,798.997742,799.0358,-6.09375,0.408993423
0.43020,427,798.997742,799.0365,-6.201172,0.5453245
0.43023,428,798.997742,799.037354,-6.33789063,0.648936152
0.43201,429,798.997742,799.0381,-6.455078,0.725281656
0.43204,430,798.997742,799.038757,-6.5625,0.75254786
0.43326,431,798.997742,799.0393,-6.65039063,0.7034687
0.43516,432,798.997742,799.039734,-6.71875,0.6162167
0.43521,433,798.997742,799.039734,-6.71875,0.4417129
0.43637,434,798.997742,799.039551,-6.689453,0.23448956
0.43819,435,798.997742,799.039063,-6.611328,0.0109064905
0.43821,436,798.997742,799.038452,-6.513672,-0.256302536
0.44004,437,798.997742,799.0375,-6.357422,-0.507151842
0.44007,438,798.997742,799.036438,-6.19140625,-0.719828367
0.44129,439,798.997742,799.035156,-5.986328,-0.916145146
0.44313,440,798.997742,799.0341,-5.8203125,-1.05247629
0.44316,441,798.997742,799.033142,-5.6640625,-1.10700881
0.44435,442,798.997742,799.0322,-5.517578,-1.08519578
0.44620,443,798.997742,799.0314,-5.38085938,-0.9979439
0.44622,444,798.997742,799.030762,-5.283203,-0.89433223
0.44802,445,798.997742,799.0304,-5.22460938,-0.719828367
0.44806,446,798.997742,799.0303,-5.205078,-0.5398713
0.44928,447,798.997742,799.0303,-5.205078,-0.343554467
0.45117,448,798.997742,799.03064,-5.263672,-0.114518143
0.45123,449,798.997742,799.030945,-5.3125,0.087251924
0.45236,450,798.997742,799.031555,-5.41015625,0.261755764
0.45423,451,798.997742,799.0322,-5.517578,0.419899881
0.45428,452,798.997742,799.032837,-5.61523438,0.5453245
0.45605,453,798.997742,799.0336,-5.7421875,0.6380297
0.45607,454,798.997742,799.0344,-5.86914063,0.714375138
0.45728,455,798.997742,799.0353,-6.00585938,0.774360836
0.45914,456,798.997742,799.036133,-6.142578,0.7961738
0.45921,457,798.997742,799.0368,-6.25,0.7961738
0.46036,458,798.997742,799.037659,-6.38671875,0.774360836
0.46222,459,798.997742,799.0381,-6.455078,0.714375138
0.46225,460,798.997742,799.0385,-6.5234375,0.6380297
0.46403,461,798.997742,799.038635,-6.54296875,0.474432319
0.46406,462,798.997742,799.038452,-6.513672,0.261755764
0.46526,463,798.997742,799.037964,-6.435547,0.0109064905
0.46722,464,798.997742,799.037354,-6.33789063,-0.267209023
0.46728,465,798.997742,799.0365,-6.201172,-0.479885578
0.46837,466,798.997742,799.0357,-6.07421875,-0.643483
0.47021,467,798.997742,799.0349,-5.94726563,-0.747094631
0.47023,468,798.997742,799.0342,-5.830078,-0.7689076
0.47205,469,798.997742,799.0336,-5.7421875,-0.7580011
0.47208,470,798.997742,799.033,-5.64453125,-0.6980154
0.47328,471,798.997742,799.032532,-5.56640625,-0.621669948
0.47509,472,798.997742,799.0322,-5.517578,-0.5507778
0.47511,473,798.997742,799.0319,-5.46875,-0.447166115
0.47640,474,798.997742,799.031738,-5.439453,-0.343554467
0.47819,475,798.997742,799.0318,-5.44921875,-0.114518143
0.47823,476,798.997742,799.0319,-5.46875,-0.0272662267
0.48004,477,798.997742,799.0321,-5.498047,0.06543894
0.48007,478,798.997742,799.0321,-5.498047,0.06543894
0.48127,479,798.997742,799.032654,-5.5859375,0.1908636
0.48313,480,798.997742,799.0329,-5.625,0.223583058
0.48316,481,798.997742,799.033142,-5.6640625,0.261755764
0.48438,482,798.997742,799.033447,-5.71289063,0.272662252
0.48623,483,798.997742,799.033752,-5.76171875,0.272662252
0.48625,484,798.997742,799.034,-5.80078125,0.261755764
0.48801,485,798.997742,799.0341,-5.8203125,0.223583058
0.48803,486,798.997742,799.0343,-5.84960938,0.201770067
0.48927,487,798.997742,799.0344,-5.86914063,0.169050619
0.49110,488,798.997742,799.0344,-5.86914063,0.125424653
0.49112,489,798.997742,799.0344,-5.86914063,0.07634544
0.49238,490,798.997742,799.0344,-5.86914063,0.03271947
0.49421,491,798.997742,799.0343,-5.84960938,-0.0272662267
0.49425,492,798.997742,799.0341,-5.8203125,-0.07089219
0.49603,493,798.997742,799.034,-5.80078125,-0.103611663
0.49606,494,798.997742,799.033752,-5.76171875,-0.152690873
0.49728,495,798.997742,799.0336,-5.7421875,-0.152690873
0.49916,496,798.997742,799.033447,-5.71289063,-0.16359736
0.49918,497,798.997742,799.0333,-5.69335938,-0.16359736
0.50047,498,798.997742,799.033142,-5.6640625,-0.16359736
0.50221,499,798.997742,799.0331,-5.654297,-0.16359736
0.50224,500,798.997742,799.033,-5.64453125,-0.152690873
0.50401,501,798.997742,799.032837,-5.61523438,-0.141784385
0.50403,502,798.997742,799.0328,-5.60546875,-0.130877882
0.50527,503,798.997742,799.032654,-5.5859375,-0.114518143
0.50713,504,798.997742,799.032532,-5.56640625,-0.103611663
0.50718,505,798.997742,799.032532,-5.56640625,-0.103611663
0.50836,506,798.997742,799.032532,-5.56640625,-0.08179868
0.51019,507,798.997742,799.032532,-5.56640625,-0.0599856973
0.51022,508,798.997742,799.032532,-5.56640625,-0.03817272
0.51202,509,798.997742,799.032532,-5.56640625,-0.0163597353
0.51206,510,798.997742,799.032532,-5.56640625,-0.0163597353
0.51326,511,798.997742,799.032532,-5.56640625,0
0.51523,512,798.997742,799.032532,-5.56640625,0
0.51525,513,798.997742,799.032532,-5.56640625,0.0109064905
0.51636,514,798.997742,799.032532,-5.56640625,0.0109064905
0.51821,515,798.997742,799.032532,-5.56640625,0.021812981
0.51823,516,798.997742,799.0326,-5.576172,0.0109064905
0.52002,517,798.997742,799.0326,-5.576172,0.0109064905
0.52006,518,798.997742,799.0326,-5.576172,0.0109064905
0.52128,519,798.997742,799.0326,-5.576172,0
0.52313,520,798.997742,799.0326,-5.576172,0
0.52317,521,798.997742,799.0326,-5.576172,0
0.52439,522,798.997742,799.0326,-5.576172,0
0.52622,523,798.997742,799.0326,-5.576172,0
0.52625,524,798.997742,799.0326,-5.576172,-0.0163597353
0.52801,525,798.997742,799.032532,-5.56640625,-0.0272662267
0.52802,526,798.997742,799.032532,-5.56640625,-0.03817272
0.52940,527,798.997742,799.032349,-5.53710938,-0.0599856973
0.53118,528,798.997742,799.0323,-5.52734375,-0.07089219
0.53122,529,798.997742,799.0322,-5.517578,-0.08179868
0.53236,530,798.997742,799.032043,-5.48828125,-0.103611663
0.53430,531,798.997742,799.0319,-5.46875,-0.114518143
0.53434,532,798.997742,799.0318,-5.44921875,-0.114518143
0.53604,533,798.997742,799.031738,-5.439453,-0.130877882
0.53606,534,798.997742,799.031555,-5.41015625,-0.141784385
0.53732,535,798.997742,799.0314,-5.38085938,-0.152690873
0.53910,536,798.997742,799.03125,-5.361328,-0.16359736
0.53912,537,798.997742,799.030945,-5.3125,-0.174503848
0.54040,538,798.997742,799.030762,-5.283203,-0.196316838
0.54223,539,798.997742,799.0304,-5.22460938,-0.218129814
0.54226,540,798.997742,799.0303,-5.205078,-0.229036286
0.54400,541,798.997742,799.029968,-5.15625,-0.256302536
0.54401,542,798.997742,799.0298,-5.126953,-0.267209023
0.54530,543,798.997742,799.0295,-5.078125,-0.256302536
0.54711,544,798.997742,799.0293,-5.048828,-0.239942789
0.54713,545,798.997742,799.0292,-5.029297,-0.218129814
0.54836,546,798.997742,799.0291,-5.01953125,-0.196316838
0.55024,547,798.997742,799.029,-5,-0.152690873
0.55026,548,798.997742,799.0291,-5.01953125,-0.09270517
0.55205,549,798.997742,799.0292,-5.029297,-0.0272662267
0.55207,550,798.997742,799.0293,-5.048828,0.03271947
0.55329,551,798.997742,799.0295,-5.078125,0.087251924
0.55510,552,798.997742,799.029663,-5.107422,0.125424653
0.55513,553,798.997742,799.0298,-5.126953,0.147237629
0.55642,554,798.997742,799.029968,-5.15625,0.158144116
0.55823,555,798.997742,799.0301,-5.17578125,0.158144116
0.55826,556,798.997742,799.0303,-5.205078,0.147237629
0.56005,557,798.997742,799.0304,-5.22460938,0.136331126
0.56007,558,798.997742,799.0304,-5.22460938,0.125424653
0.56128,559,798.997742,799.0304,-5.22460938,0.09815842
0.56309,560,798.997742,799.0304,-5.22460938,0.06543894
0.56311,561,798.997742,799.0304,-5.22460938,0.03271947
0.56436,562,798.997742,799.0304,-5.22460938,-0.0163597353
0.56621,563,798.997742,799.0303,-5.205078,-0.0599856973
0.56624,564,798.997742,799.0301,-5.17578125,-0.09270517
0.56803,565,798.997742,799.029968,-5.15625,-0.114518143
0.56805,566,798.997742,799.0298,-5.126953,-0.152690873
0.56929,567,798.997742,799.029663,-5.107422,-0.152690873
0.57111,568,798.997742,799.0295,-5.078125,-0.152690873
0.57112,569,798.997742,799.0294,-5.06835938,-0.152690873
0.57241,570,798.997742,799.0293,-5.048828,-0.141784385
0.57421,571,798.997742,799.0292,-5.029297,-0.141784385
0.57425,572,798.997742,799.0291,-5.01953125,-0.114518143
0.57602,573,798.997742,799.029,-5,-0.103611663
0.57604,574,798.997742,799.029,-5,-0.09270517
0.57732,575,798.997742,799.029,-5,-0.0599856973
0.57911,576,798.997742,799.029,-5,-0.04907921
0.57912,577,798.997742,799.029,-5,-0.0163597353
0.58035,578,798.997742,799.0291,-5.01953125,0.0109064905
0.58219,579,798.997742,799.0292,-5.029297,0.021812981
0.58223,580,798.997742,799.0292,-5.029297,0.043625962
0.58407,581,798.997742,799.029236,-5.0390625,0.043625962
0.58410,582,798.997742,799.0293,-5.048828,0.03271947
0.58530,583,798.997742,799.0293,-5.048828,0.043625962
0.58720,584,798.997742,799.0293,-5.048828,0.021812981
0.58723,585,798.997742,799.0293,-5.048828,0.021812981
0.58838,586,798.997742,799.0294,-5.06835938,0.03271947
0.59018,587,798.997742,799.0293,-5.048828,0.0109064905
0.59020,588,798.997742,799.0293,-5.048828,0
0.59205,589,798.997742,799.029236,-5.0390625,-0.03817272
0.59207,590,798.997742,799.0292,-5.029297,-0.0599856973
0.59331,591,798.997742,799.0291,-5.01953125,-0.07089219
0.59509,592,798.997742,799.029,-5,-0.07089219
0.59511,593,798.997742,799.029,-5,-0.08179868
0.59636,594,798.997742,799.0289,-4.98046875,-0.07089219
0.59819,595,798.997742,799.028748,-4.9609375,-0.08179868
0.59821,596,798.997742,799.0287,-4.951172,-0.09270517
0.60001,597,798.997742,799.028564,-4.93164063,-0.09270517
0.60002,598,798.997742,799.028564,-4.93164063,-0.103611663
0.60129,599,798.997742,799.028442,-4.91210938,-0.09270517
0.60313,600,798.997742,799.0284,-4.90234375,-0.08179868
0.60316,601,798.997742,799.0282,-4.873047,-0.09270517
0.60436,602,798.997742,799.0282,-4.873047,-0.09270517
0.60618,603,798.997742,799.028,-4.84375,-0.09270517
0.60619,604,798.997742,799.028,-4.84375,-0.103611663
0.60802,605,798.997742,799.0279,-4.82421875,-0.103611663
0.60803,606,798.997742,799.0277,-4.794922,-0.103611663
0.60930,607,798.997742,799.027649,-4.78515625,-0.114518143
0.61109,608,798.997742,799.027466,-4.75585938,-0.130877882
0.61111,609,798.997742,799.0274,-4.74609375,-0.141784385
0.61236,610,798.997742,799.0273,-4.7265625,-0.152690873
0.61419,611,798.997742,799.027039,-4.6875,-0.152690873
0.61421,612,798.997742,799.026855,-4.658203,-0.16359736
0.61600,613,798.997742,799.0266,-4.61914063,-0.185410336
0.61602,614,798.997742,799.0264,-4.58984375,-0.185410336
0.61732,615,798.997742,799.0263,-4.5703125,-0.196316838
0.61911,616,798.997742,799.0261,-4.54101563,-0.196316838
0.61914,617,798.997742,799.02594,-4.51171875,-0.185410336
0.62035,618,798.997742,799.0258,-4.4921875,-0.185410336
0.62219,619,798.997742,799.025635,-4.46289063,-0.174503848
0.62222,620,798.997742,799.025635,-4.46289063,-0.152690873
0.62402,621,798.997742,799.0256,-4.453125,-0.114518143
0.62404,622,798.997742,799.0256,-4.453125,-0.08179868
0.62530,623,798.997742,799.025635,-4.46289063,-0.03817272
0.62710,624,798.997742,799.025635,-4.46289063,0
0.62712,625,798.997742,799.025757,-4.482422,0.03271947
0.62839,626,798.997742,799.0258,-4.4921875,0.043625962
0.63018,627,798.997742,799.02594,-4.51171875,0.06543894
0.63020,628,798.997742,799.026062,-4.53125,0.087251924
0.63204,629,798.997742,799.0261,-4.54101563,0.087251924
0.63208,630,798.997742,799.0263,-4.5703125,0.09815842
0.63326,631,798.997742,799.0263,-4.5703125,0.087251924
0.63510,632,798.997742,799.0263,-4.5703125,0.06543894
0.63511,633,798.997742,799.026367,-4.580078,0.0545324534
0.63641,634,798.997742,799.0264,-4.58984375,0.043625962
0.63819,635,798.997742,799.0264,-4.58984375,0.03271947
0.63820,636,798.997742,799.0264,-4.58984375,0.021812981
0.64004,637,798.997742,799.0263,-4.5703125,0
0.64006,638,798.997742,799.0263,-4.5703125,-0.03817272
0.64129,639,798.997742,799.0261,-4.54101563,-0.0599856973
0.64309,640,798.997742,799.026062,-4.53125,-0.09270517
0.64310,641,798.997742,799.02594,-4.51171875,-0.103611663
0.64437,642,798.997742,799.0258,-4.4921875,-0.103611663
0.64624,643,798.997742,799.025757,-4.482422,-0.114518143
0.64625,644,798.997742,799.025635,-4.46289063,-0.114518143
0.64800,645,798.997742,799.0255,-4.44335938,-0.130877882
0.64801,646,798.997742,799.0253,-4.4140625,-0.130877882
0.64926,647,798.997742,799.0253,-4.4140625,-0.114518143
0.65112,648,798.997742,799.0252,-4.39453125,-0.114518143
0.65114,649,798.997742,799.0251,-4.375,-0.103611663
0.65239,650,798.997742,799.025,-4.36523438,-0.103611663
0.65420,651,798.997742,799.025,-4.36523438,-0.08179868
0.65423,652,798.997742,799.025,-4.36523438,-0.07089219
0.65601,653,798.997742,799.025,-4.36523438,-0.04907921
0.65603,654,798.997742,799.025,-4.36523438,-0.03817272
0.65727,655,798.997742,799.025,-4.36523438,-0.0163597353
0.65909,656,798.997742,799.025,-4.36523438,0
0.65911,657,798.997742,799.025,-4.36523438,0.0109064905
0.66036,658,798.997742,799.0251,-4.375,0.021812981
0.66219,659,798.997742,799.0252,-4.39453125,0.021812981
0.66220,660,798.997742,799.0252,-4.39453125,0.03271947
0.66400,661,798.997742,799.0252,-4.39453125,0.021812981
0.66402,662,798.997742,799.0252,-4.39453125,0.021812981
0.66527,663,798.997742,799.0252,-4.39453125,0.021812981
0.66725,664,798.997742,799.0252,-4.39453125,0.021812981
0.66728,665,798.997742,799.0253,-4.4140625,0.021812981
0.66840,666,798.997742,799.0253,-4.4140625,0.021812981
0.67024,667,798.997742,799.0253,-4.4140625,0.0109064905
0.67027,668,798.997742,799.0252,-4.39453125,0
0.67205,669,798.997742,799.0252,-4.39453125,-0.0163597353
0.67208,670,798.997742,799.0252,-4.39453125,-0.0272662267
0.67327,671,798.997742,799.0251,-4.375,-0.04907921
0.67512,672,798.997742,799.025,-4.36523438,-0.07089219
0.67514,673,798.997742,799.0249,-4.345703,-0.08179868
0.67638,674,798.997742,799.024841,-4.3359375,-0.09270517
0.67819,675,798.997742,799.024658,-4.30664063,-0.09270517
0.67820,676,798.997742,799.0246,-4.296875,-0.103611663
0.68004,677,798.997742,799.024536,-4.28710938,-0.103611663
0.68007,678,798.997742,799.024353,-4.2578125,-0.114518143
0.68128,679,798.997742,799.024048,-4.20898438,-0.130877882
0.68310,680,798.997742,799.024,-4.19921875,-0.141784385
0.68312,681,798.997742,799.0238,-4.169922,-0.152690873
0.68437,682,798.997742,799.02356,-4.13085938,-0.16359736
0.68620,683,798.997742,799.0234,-4.1015625,-0.174503848
0.68622,684,798.997742,799.023254,-4.08203125,-0.185410336
0.68806,685,798.997742,799.023,-4.04296875,-0.207223326
0.68810,686,798.997742,799.022766,-4.00390625,-0.207223326
0.68927,687,798.997742,799.0226,-3.97460938,-0.218129814
0.69113,688,798.997742,799.0224,-3.9453125,-0.218129814
0.69117,689,798.997742,799.0222,-3.91601563,-0.207223326
0.69237,690,798.997742,799.022034,-3.88671875,-0.196316838
0.69423,691,798.997742,799.022,-3.87695313,-0.16359736
0.69426,692,798.997742,799.022,-3.87695313,-0.130877882
0.69604,693,798.997742,799.022,-3.87695313,-0.08179868
0.69607,694,798.997742,799.022034,-3.88671875,-0.03817272
0.69728,695,798.997742,799.022156,-3.90625,0
0.69912,696,798.997742,799.0223,-3.92578125,0.043625962
0.69913,697,798.997742,799.0224,-3.9453125,0.06543894
0.70041,698,798.997742,799.022461,-3.95507813,0.09815842
0.70221,699,798.997742,799.0226,-3.97460938,0.125424653
0.70225,700,798.997742,799.022766,-4.00390625,0.109064907
0.70406,701,798.997742,799.022766,-4.00390625,0.109064907
0.70409,702,798.997742,799.022949,-4.033203,0.087251924
0.70530,703,798.997742,799.022949,-4.033203,0.07634544
0.70710,704,798.997742,799.023,-4.04296875,0.06543894
0.70712,705,798.997742,799.0231,-4.05273438,0.0545324534
0.70835,706,798.997742,799.023,-4.04296875,0.03271947
0.71018,707,798.997742,799.022949,-4.033203,0.021812981
0.71020,708,798.997742,799.022949,-4.033203,-0.0163597353
0.71201,709,798.997742,799.022766,-4.00390625,-0.04907921
0.71204,710,798.997742,799.022766,-4.00390625,-0.0599856973
0.71327,711,798.997742,799.0226,-3.97460938,-0.09270517
0.71512,712,798.997742,799.0225,-3.96484375,-0.103611663
0.71515,713,798.997742,799.022461,-3.95507813,-0.103611663
0.71636,714,798.997742,799.0224,-3.9453125,-0.103611663
0.71820,715,798.997742,799.0223,-3.92578125,-0.09270517
0.71823,716,798.997742,799.0222,-3.91601563,-0.09270517
0.72008,717,798.997742,799.022156,-3.90625,-0.08179868
0.72011,718,798.997742,799.022156,-3.90625,-0.07089219
0.72127,719,798.997742,799.022034,-3.88671875,-0.07089219
0.72310,720,798.997742,799.022,-3.87695313,-0.0599856973
0.72312,721,798.997742,799.022034,-3.88671875,-0.04907921
0.72437,722,798.997742,799.022034,-3.88671875,-0.0272662267
0.72619,723,798.997742,799.022156,-3.90625,-0.0163597353
0.72621,724,798.997742,799.022156,-3.90625,0.0109064905
0.72802,725,798.997742,799.022156,-3.90625,0.03271947
0.72804,726,798.997742,799.0222,-3.91601563,0.021812981
0.72930,727,798.997742,799.0222,-3.91601563,0.03271947
0.73113,728,798.997742,799.0223,-3.92578125,0.0109064905
0.73116,729,798.997742,799.0223,-3.92578125,0.0109064905
0.73235,730,798.997742,799.0223,-3.92578125,0.0109064905
0.73422,731,798.997742,799.0223,-3.92578125,0
0.73427,732,798.997742,799.0223,-3.92578125,0
0.73606,733,798.997742,799.0223,-3.92578125,0
0.73609,734,798.997742,799.0223,-3.92578125,0
0.73730,735,798.997742,799.0223,-3.92578125,-0.0163597353
0.73913,736,798.997742,799.0222,-3.91601563,-0.0163597353
0.73915,737,798.997742,799.022156,-3.90625,-0.0272662267
0.74037,738,798.997742,799.022156,-3.90625,-0.03817272
0.74217,739,798.997742,799.022034,-3.88671875,-0.04907921
0.74219,740,798.997742,799.022,-3.87695313,-0.0599856973
0.74404,741,798.997742,799.022,-3.87695313,-0.04907921
0.74406,742,798.997742,799.021851,-3.85742188,-0.0599856973
0.74527,743,798.997742,799.021851,-3.85742188,-0.0599856973
0.74714,744,798.997742,799.021851,-3.85742188,-0.0599856973
0.74716,745,798.997742,799.021851,-3.85742188,-0.0599856973
0.74837,746,798.997742,799.0217,-3.83789063,-0.04907921
0.75020,747,798.997742,799.021667,-3.828125,-0.04907921
0.75021,748,798.997742,799.021667,-3.828125,-0.03817272
0.75203,749,798.997742,799.021667,-3.828125,-0.03817272
0.75204,750,798.997742,799.021667,-3.828125,-0.03817272
0.75326,751,798.997742,799.021545,-3.80859375,-0.03817272
0.75512,752,798.997742,799.021545,-3.80859375,-0.03817272
0.75513,753,798.997742,799.021545,-3.80859375,-0.0272662267
0.75635,754,798.997742,799.021545,-3.80859375,-0.0272662267
0.75824,755,798.997742,799.021545,-3.80859375,-0.0163597353
0.75825,756,798.997742,799.021545,-3.80859375,0
0.76006,757,798.997742,799.021667,-3.828125,0
0.76008,758,798.997742,799.021545,-3.80859375,0
0.76127,759,798.997742,799.021545,-3.80859375,0
0.76310,760,798.997742,799.021545,-3.80859375,-0.0163597353
0.76312,761,798.997742,799.021545,-3.80859375,-0.0163597353
0.76437,762,798.997742,799.021545,-3.80859375,-0.0163597353
0.76620,763,798.997742,799.021545,-3.80859375,-0.0163597353
0.76624,764,798.997742,799.021545,-3.80859375,0
0.76803,765,798.997742,799.021545,-3.80859375,0
0.76805,766,798.997742,799.021545,-3.80859375,-0.0163597353
0.76927,767,798.997742,799.021545,-3.80859375,-0.0272662267
0.77115,768,798.997742,799.0214,-3.7890625,-0.03817272
0.77119,769,798.997742,799.0213,-3.76953125,-0.0599856973
0.77236,770,798.997742,799.02124,-3.75976563,-0.07089219
0.77418,771,798.997742,799.0212,-3.75,-0.07089219
0.77420,772,798.997742,799.0211,-3.74023438,-0.08179868
0.77606,773,798.997742,799.021,-3.72070313,-0.09270517
0.77610,774,798.997742,799.0209,-3.70117188,-0.09270517
0.77728,775,798.997742,799.0209,-3.70117188,-0.103611663
0.77916,776,798.997742,799.0207,-3.671875,-0.114518143
0.77921,777,798.997742,799.020569,-3.65234375,-0.114518143
0.78036,778,798.997742,799.0202,-3.59375,-0.141784385
0.78223,779,798.997742,799.02,-3.56445313,-0.16359736
0.78225,780,798.997742,799.019836,-3.53515625,-0.174503848
0.78406,781,798.997742,799.0196,-3.49609375,-0.196316838
0.78409,782,798.997742,799.019348,-3.45703125,-0.218129814
0.78529,783,798.997742,799.0191,-3.41796875,-0.229036286
0.78712,784,798.997742,799.0189,-3.38867188,-0.239942789
0.78714,785,798.997742,799.0186,-3.33984375,-0.229036286
0.78835,786,798.997742,799.0185,-3.3203125,-0.239942789
0.79018,787,798.997742,799.0183,-3.29101563,-0.229036286
0.79020,788,798.997742,799.0182,-3.27148438,-0.218129814
0.79205,789,798.997742,799.017944,-3.23242188,-0.196316838
0.79208,790,798.997742,799.017944,-3.23242188,-0.141784385
0.79326,791,798.997742,799.018066,-3.25195313,-0.09270517
0.79514,792,798.997742,799.0182,-3.27148438,-0.04907921
0.79517,793,798.997742,799.0182,-3.27148438,0.0109064905
0.79636,794,798.997742,799.0183,-3.29101563,0.043625962
0.79822,795,798.997742,799.0185,-3.3203125,0.07634544
0.79825,796,798.997742,799.0186,-3.33984375,0.109064907
0.80003,797,798.997742,799.0188,-3.36914063,0.125424653
0.80006,798,798.997742,799.0189,-3.38867188,0.136331126
0.80128,799,798.997742,799.0191,-3.41796875,0.147237629
0.80314,800,798.997742,799.019165,-3.42773438,0.136331126
0.80317,801,798.997742,799.0193,-3.44726563,0.125424653
0.80435,802,798.997742,799.0194,-3.46679688,0.125424653
0.80622,803,798.997742,799.0195,-3.4765625,0.109064907
0.80624,804,798.997742,799.0195,-3.4765625,0.087251924
0.80803,805,798.997742,799.0196,-3.49609375,0.06543894
0.80806,806,798.997742,799.0195,-3.4765625,0.043625962
0.80926,807,798.997742,799.0194,-3.46679688,0.0109064905
0.81117,808,798.997742,799.019348,-3.45703125,-0.03817272
0.81121,809,798.997742,799.0193,-3.44726563,-0.0599856973
0.81236,810,798.997742,799.0191,-3.41796875,-0.08179868
0.81423,811,798.997742,799.0189,-3.38867188,-0.114518143
0.81426,812,798.997742,799.01886,-3.37890625,-0.130877882
0.81604,813,798.997742,799.0188,-3.36914063,-0.141784385
0.81606,814,798.997742,799.0186,-3.33984375,-0.141784385
0.81734,815,798.997742,799.0185,-3.3203125,-0.130877882
0.81913,816,798.997742,799.0184,-3.30078125,-0.141784385
0.81917,817,798.997742,799.0183,-3.29101563,-0.130877882
0.82037,818,798.997742,799.0182,-3.27148438,-0.114518143
0.82222,819,798.997742,799.018066,-3.25195313,-0.114518143
0.82225,820,798.997742,799.017944,-3.23242188,-0.103611663
0.82403,821,798.997742,799.017944,-3.23242188,-0.09270517
0.82405,822,798.997742,799.017944,-3.23242188,-0.07089219
0.82529,823,798.997742,799.017944,-3.23242188,-0.03817272
0.82712,824,798.997742,799.018066,-3.25195313,-0.0163597353
0.82716,825,798.997742,799.0182,-3.27148438,0.0109064905
0.82838,826,798.997742,799.0182,-3.27148438,0.021812981
0.83021,827,798.997742,799.0183,-3.29101563,0.043625962
0.83025,828,798.997742,799.0183,-3.29101563,0.0545324534
0.83203,829,798.997742,799.0184,-3.30078125,0.0545324534
0.83207,830,798.997742,799.0184,-3.30078125,0.06543894
0.83327,831,798.997742,799.0185,-3.3203125,0.0545324534
0.83515,832,798.997742,799.0185,-3.3203125,0.0545324534
0.83518,833,798.997742,799.0185,-3.3203125,0.0545324534
0.83637,834,798.997742,799.0186,-3.33984375,0.043625962
0.83821,835,798.997742,799.0186,-3.33984375,0.03271947
0.83823,836,798.997742,799.0185,-3.3203125,0.0109064905
0.84006,837,798.997742,799.0185,-3.3203125,-0.0163597353
0.84009,838,798.997742,799.0185,-3.3203125,-0.03817272
0.84128,839,798.997742,799.0183,-3.29101563,-0.0599856973
0.84312,840,798.997742,799.0182,-3.27148438,-0.08179868
0.84314,841,798.997742,799.0182,-3.27148438,-0.08179868
0.84436,842,798.997742,799.017944,-3.23242188,-0.08179868
0.84622,843,798.997742,799.017944,-3.23242188,-0.103611663
0.84624,844,798.997742,799.0178,-3.21289063,-0.103611663
0.84802,845,798.997742,799.017761,-3.203125,-0.114518143
0.84805,846,798.997742,799.017639,-3.18359375,-0.114518143
0.84926,847,798.997742,799.0175,-3.1640625,-0.114518143
0.85111,848,798.997742,799.017334,-3.13476563,-0.130877882
0.85115,849,798.997742,799.0173,-3.125,-0.114518143
0.85237,850,798.997742,799.0171,-3.09570313,-0.130877882
0.85422,851,798.997742,799.016968,-3.07617188,-0.130877882
0.85424,852,798.997742,799.016846,-3.05664063,-0.141784385
0.85606,853,798.997742,799.016663,-3.02734375,-0.152690873
0.85609,854,798.997742,799.016541,-3.0078125,-0.152690873
0.85728,855,798.997742,799.016357,-2.97851563,-0.16359736
0.85914,856,798.997742,799.016235,-2.95898438,-0.16359736
0.85919,857,798.997742,799.016052,-2.9296875,-0.16359736
0.86036,858,798.997742,799.0158,-2.890625,-0.174503848
0.86225,859,798.997742,799.0157,-2.87109375,-0.185410336
0.86230,860,798.997742,799.015442,-2.83203125,-0.185410336
0.86404,861,798.997742,799.015259,-2.80273438,-0.185410336
0.86407,862,798.997742,799.015137,-2.78320313,-0.185410336
0.86526,863,798.997742,799.014954,-2.75390625,-0.174503848
0.86723,864,798.997742,799.014954,-2.75390625,-0.16359736
0.86727,865,798.997742,799.014954,-2.75390625,-0.130877882
0.86839,866,798.997742,799.014954,-2.75390625,-0.08179868
0.87023,867,798.997742,799.015137,-2.78320313,-0.0272662267
0.87026,868,798.997742,799.015259,-2.80273438,0.021812981
0.87202,869,798.997742,799.015442,-2.83203125,0.07634544
0.87205,870,798.997742,799.0155,-2.84179688,0.109064907
0.87327,871,798.997742,799.0157,-2.87109375,0.147237629
0.87513,872,798.997742,799.015747,-2.88085938,0.136331126
0.87515,873,798.997742,799.0159,-2.91015625,0.136331126
0.87636,874,798.997742,799.016,-2.91992188,0.125424653
0.87825,875,798.997742,799.016052,-2.9296875,0.09815842
0.87827,876,798.997742,799.0161,-2.93945313,0.087251924
0.88004,877,798.997742,799.016052,-2.9296875,0.06543894
0.88006,878,798.997742,799.0161,-2.93945313,0.043625962
0.88127,879,798.997742,799.016052,-2.9296875,0.0109064905
0.88312,880,798.997742,799.0158,-2.890625,-0.0599856973
0.88315,881,798.997742,799.015747,-2.88085938,-0.09270517
0.88437,882,798.997742,799.015564,-2.8515625,-0.103611663
0.88624,883,798.997742,799.015442,-2.83203125,-0.114518143
0.88628,884,798.997742,799.0154,-2.82226563,-0.141784385
0.88805,885,798.997742,799.015137,-2.78320313,-0.141784385
0.88808,886,798.997742,799.015137,-2.78320313,-0.141784385
0.88928,887,798.997742,799.014954,-2.75390625,-0.141784385
0.89116,888,798.997742,799.014954,-2.75390625,-0.130877882
0.89118,889,798.997742,799.014832,-2.734375,-0.114518143
0.89236,890,798.997742,799.014832,-2.734375,-0.09270517
0.89420,891,798.997742,799.014832,-2.734375,-0.0599856973
0.89424,892,798.997742,799.014954,-2.75390625,-0.03817272
0.89604,893,798.997742,799.014954,-2.75390625,0.021812981
0.89606,894,798.997742,799.015137,-2.78320313,0.043625962
0.89726,895,798.997742,799.015137,-2.78320313,0.0545324534
0.89911,896,798.997742,799.015137,-2.78320313,0.06543894
0.89913,897,798.997742,799.015259,-2.80273438,0.0545324534
0.90046,898,798.997742,799.015259,-2.80273438,0.043625962
0.90222,899,798.997742,799.015259,-2.80273438,0.03271947
0.90225,900,798.997742,799.015259,-2.80273438,0.021812981
0.90402,901,798.997742,799.015259,-2.80273438,0.021812981
0.90404,902,798.997742,799.015259,-2.80273438,0
0.90527,903,798.997742,799.015137,-2.78320313,-0.0163597353
0.90715,904,798.997742,799.015137,-2.78320313,-0.03817272
0.90717,905,798.997742,799.015137,-2.78320313,-0.0599856973
0.90837,906,798.997742,799.015,-2.76367188,-0.0599856973
0.91021,907,798.997742,799.014954,-2.75390625,-0.07089219
0.91024,908,798.997742,799.014954,-2.75390625,-0.07089219
0.91205,909,798.997742,799.014832,-2.734375,-0.0599856973
0.91207,910,798.997742,799.014832,-2.734375,-0.0599856973
0.91326,911,798.997742,799.014832,-2.734375,-0.04907921
0.91511,912,798.997742,799.014832,-2.734375,-0.03817272
0.91513,913,798.997742,799.014832,-2.734375,-0.03817272
0.91638,914,798.997742,799.014832,-2.734375,-0.03817272
0.91824,915,798.997742,799.014832,-2.734375,-0.0163597353
0.91827,916,798.997742,799.014832,-2.734375,-0.0163597353
0.92002,917,798.997742,799.014832,-2.734375,0
0.92004,918,798.997742,799.014832,-2.734375,0.0109064905
0.92128,919,798.997742,799.014832,-2.734375,0
0.92315,920,798.997742,799.014832,-2.734375,0.0109064905
0.92318,921,798.997742,799.014832,-2.734375,0.0109064905
0.92437,922,798.997742,799.014832,-2.734375,0
0.92620,923,798.997742,799.014832,-2.734375,0
0.92623,924,798.997742,799.014832,-2.734375,0
0.92806,925,798.997742,799.014832,-2.734375,0
0.92808,926,798.997742,799.014832,-2.734375,0
0.92927,927,798.997742,799.014832,-2.734375,0
0.93112,928,798.997742,799.014832,-2.734375,-0.0163597353
0.93115,929,798.997742,799.014832,-2.734375,-0.0163597353
0.93235,930,798.997742,799.014832,-2.734375,-0.0272662267
0.93423,931,798.997742,799.0147,-2.71484375,-0.03817272
0.93428,932,798.997742,799.0146,-2.6953125,-0.03817272
0.93607,933,798.997742,799.0146,-2.6953125,-0.03817272
0.93612,934,798.997742,799.0146,-2.6953125,-0.03817272
0.93727,935,798.997742,799.0146,-2.6953125,-0.04907921
0.93912,936,798.997742,799.0145,-2.68554688,-0.03817272
0.93916,937,798.997742,799.014465,-2.67578125,-0.03817272
0.94036,938,798.997742,799.014465,-2.67578125,-0.04907921
0.94222,939,798.997742,799.014465,-2.67578125,-0.03817272
0.94224,940,798.997742,799.0144,-2.66601563,-0.04907921
0.94403,941,798.997742,799.0144,-2.66601563,-0.04907921
0.94407,942,798.997742,799.0143,-2.64648438,-0.03817272
0.94526,943,798.997742,799.0144,-2.66601563,-0.0272662267
0.94712,944,798.997742,799.0144,-2.66601563,-0.0163597353
0.94714,945,798.997742,799.0144,-2.66601563,0
0.94835,946,798.997742,799.0144,-2.66601563,0
0.95022,947,798.997742,799.014465,-2.67578125,0
0.95025,948,798.997742,799.014465,-2.67578125,0.0109064905
0.95202,949,798.997742,799.014465,-2.67578125,0
0.95204,950,798.997742,799.014465,-2.67578125,0.0109064905
0.95332,951,798.997742,799.014465,-2.67578125,0
0.95513,952,798.997742,799.014465,-2.67578125,0
0.95517,953,798.997742,799.014465,-2.67578125,0
0.95637,954,798.997742,799.014465,-2.67578125,0
0.95820,955,798.997742,799.014465,-2.67578125,-0.0163597353
0.95822,956,798.997742,799.0143,-2.64648438,-0.0272662267
0.96003,957,798.997742,799.0143,-2.64648438,-0.03817272
0.96007,958,798.997742,799.0143,-2.64648438,-0.04907921
0.96127,959,798.997742,799.0142,-2.63671875,-0.04907921
0.96312,960,798.997742,799.01416,-2.62695313,-0.04907921
0.96314,961,798.997742,799.01416,-2.62695313,-0.04907921
0.96435,962,798.997742,799.01416,-2.62695313,-0.04907921
0.96620,963,798.997742,799.01416,-2.62695313,-0.04907921
0.96622,964,798.997742,799.014038,-2.60742188,-0.03817272
0.96803,965,798.997742,799.014,-2.59765625,-0.04907921
0.96806,966,798.997742,799.014,-2.59765625,-0.03817272
0.96930,967,798.997742,799.014,-2.59765625,-0.03817272
0.97114,968,798.997742,799.014,-2.59765625,-0.0272662267
0.97118,969,798.997742,799.014,-2.59765625,-0.0163597353
0.97236,970,798.997742,799.014,-2.59765625,0
0.97421,971,798.997742,799.014038,-2.60742188,0
0.97424,972,798.997742,799.014038,-2.60742188,0.0109064905
0.97607,973,798.997742,799.014038,-2.60742188,0
0.97612,974,798.997742,799.014038,-2.60742188,0.0109064905
0.97727,975,798.997742,799.014038,-2.60742188,0.0109064905
0.97914,976,798.997742,799.014038,-2.60742188,0
0.97919,977,798.997742,799.014038,-2.60742188,0
0.98035,978,798.997742,799.014,-2.59765625,0
0.98219,979,798.997742,799.014,-2.59765625,-0.0163597353
0.98221,980,798.997742,799.014,-2.59765625,-0.0272662267
0.98409,981,798.997742,799.014,-2.59765625,-0.0272662267
0.98414,982,798.997742,799.014,-2.59765625,-0.03817272
0.98530,983,798.997742,799.0139,-2.58789063,-0.0272662267
0.98715,984,798.997742,799.013855,-2.578125,-0.03817272
0.98718,985,798.997742,799.013855,-2.578125,-0.03817272
0.98836,986,798.997742,799.013855,-2.578125,-0.03817272
0.99024,987,798.997742,799.013855,-2.578125,-0.04907921
0.99027,988,798.997742,799.013733,-2.55859375,-0.03817272
0.99205,989,798.997742,799.013733,-2.55859375,-0.03817272
0.99208,990,798.997742,799.0137,-2.54882813,-0.03817272
0.99329,991,798.997742,799.0137,-2.54882813,-0.03817272
0.99515,992,798.997742,799.0137,-2.54882813,-0.0272662267
0.99517,993,798.997742,799.0137,-2.54882813,-0.0272662267
0.99637,994,798.997742,799.0137,-2.54882813,-0.0272662267
0.99825,995,798.997742,799.0137,-2.54882813,-0.0272662267
0.99827,996,798.997742,799.0137,-2.54882813,-0.0272662267
1.00002,997,798.997742,799.0137,-2.54882813,-0.0163597353
1.00004,998,798.997742,799.0137,-2.54882813,-0.0163597353
1.00128,999,798.997742,799.0137,-2.54882813,-0.0163597353
1.00316,1000,798.997742,799.0137,-2.54882813,-0.0163597353
1.00320,1001,798.997742,799.0137,-2.54882813,0
1.00436,1002,798.997742,799.0137,-2.54882813,-0.0163597353
1.00622,1003,798.997742,799.0137,-2.54882813,-0.0163597353
1.00624,1004,798.997742,799.0137,-2.54882813,0
1.00803,1005,798.997742,799.0137,-2.54882813,-0.0163597353
1.00807,1006,798.997742,799.0137,-2.54882813,0
1.00927,1007,798.997742,799.0136,-2.5390625,0
1.01113,1008,798.997742,799.0135,-2.51953125,-0.0163597353
1.01115,1009,798.997742,799.0135,-2.51953125,-0.0272662267
1.01236,1010,798.997742,799.0135,-2.51953125,-0.03817272
1.01420,1011,798.997742,799.0135,-2.51953125,-0.04907921
1.01422,1012,798.997742,799.0133,-2.49023438,-0.04907921
1.01605,1013,798.997742,799.0133,-2.49023438,-0.04907921
1.01608,1014,798.997742,799.0133,-2.49023438,-0.0599856973
1.01733,1015,798.997742,799.0133,-2.49023438,-0.04907921
1.01912,1016,798.997742,799.0132,-2.47070313,-0.0599856973
1.01914,1017,798.997742,799.0132,-2.47070313,-0.04907921
1.02036,1018,798.997742,799.0132,-2.47070313,-0.04907921
1.02220,1019,798.997742,799.0131,-2.4609375,-0.04907921
1.02223,1020,798.997742,799.013,-2.44140625,-0.03817272
1.02405,1021,798.997742,799.013,-2.44140625,-0.03817272
1.02407,1022,798.997742,799.013,-2.44140625,-0.03817272
1.02528,1023,798.997742,799.013,-2.44140625,-0.03817272
1.02714,1024,798.997742,799.013,-2.44140625,-0.03817272
1.02716,1025,798.997742,799.013,-2.44140625,-0.03817272
1.02835,1026,798.997742,799.013,-2.44140625,-0.0163597353
1.03022,1027,798.997742,799.013,-2.44140625,-0.0163597353
1.03025,1028,798.997742,799.013,-2.44140625,0
1.03203,1029,798.997742,799.013,-2.44140625,0.0109064905
1.03205,1030,798.997742,799.013,-2.44140625,0
1.03327,1031,798.997742,799.013,-2.44140625,0
1.03511,1032,798.997742,799.013,-2.44140625,0
1.03513,1033,798.997742,799.013,-2.44140625,0
1.03635,1034,798.997742,799.013,-2.44140625,0
1.03821,1035,798.997742,799.013,-2.44140625,0
1.03825,1036,798.997742,799.013,-2.44140625,0
1.04001,1037,798.997742,799.013,-2.44140625,0
1.04003,1038,798.997742,799.013,-2.44140625,0
1.04126,1039,798.997742,799.012939,-2.43164063,-0.0272662267
1.04312,1040,798.997742,799.0129,-2.421875,-0.0272662267
1.04315,1041,798.997742,799.0129,-2.421875,-0.03817272
1.04437,1042,798.997742,799.0129,-2.421875,-0.04907921
1.04624,1043,798.997742,799.0127,-2.39257813,-0.04907921
1.04627,1044,798.997742,799.0127,-2.39257813,-0.0599856973
1.04805,1045,798.997742,799.0127,-2.39257813,-0.0599856973
1.04808,1046,798.997742,799.0126,-2.37304688,-0.07089219
1.04927,1047,798.997742,799.0126,-2.37304688,-0.07089219
1.05114,1048,798.997742,799.0124,-2.34375,-0.07089219
1.05118,1049,798.997742,799.0124,-2.34375,-0.08179868
1.05243,1050,798.997742,799.0122,-2.31445313,-0.08179868
1.05422,1051,798.997742,799.0122,-2.31445313,-0.09270517
1.05427,1052,798.997742,799.0121,-2.29492188,-0.08179868
1.05601,1053,798.997742,799.0121,-2.29492188,-0.08179868
1.05603,1054,798.997742,799.0119,-2.265625,-0.09270517
1.05727,1055,798.997742,799.0119,-2.265625,-0.08179868
1.05910,1056,798.997742,799.0118,-2.24609375,-0.08179868
1.05915,1057,798.997742,799.0118,-2.24609375,-0.09270517
1.06036,1058,798.997742,799.0116,-2.21679688,-0.09270517
1.06227,1059,798.997742,799.0116,-2.21679688,-0.09270517
1.06230,1060,798.997742,799.0115,-2.19726563,-0.09270517
1.06401,1061,798.997742,799.0115,-2.19726563,-0.08179868
1.06402,1062,798.997742,799.011353,-2.17773438,-0.08179868
1.06527,1063,798.997742,799.0112,-2.15820313,-0.08179868
1.06738,1064,798.997742,799.0112,-2.15820313,-0.07089219
1.06744,1065,798.997742,799.0112,-2.15820313,-0.0599856973
1.06839,1066,798.997742,799.0112,-2.15820313,-0.03817272
1.07023,1067,798.997742,799.0112,-2.15820313,-0.0272662267
1.07026,1068,798.997742,799.0112,-2.15820313,-0.0163597353
1.07201,1069,798.997742,799.0112,-2.15820313,0
1.07203,1070,798.997742,799.011353,-2.17773438,0.0109064905
1.07339,1071,798.997742,799.0115,-2.19726563,0.021812981
1.07512,1072,798.997742,799.0115,-2.19726563,0.021812981
1.07514,1073,798.997742,799.0115,-2.19726563,0.021812981
1.07637,1074,798.997742,799.0115,-2.19726563,0.043625962
1.07829,1075,798.997742,799.0115,-2.19726563,0.03271947
1.07835,1076,798.997742,799.0115,-2.19726563,0.021812981
1.08001,1077,798.997742,799.0116,-2.21679688,0.03271947
1.08002,1078,798.997742,799.0116,-2.21679688,0.0109064905
1.08126,1079,798.997742,799.0116,-2.21679688,0.0109064905
1.08310,1080,798.997742,799.0116,-2.21679688,0.0109064905
1.08311,1081,798.997742,799.0116,-2.21679688,0.0109064905
1.08436,1082,798.997742,799.0115,-2.19726563,-0.0163597353
1.08620,1083,798.997742,799.0115,-2.19726563,-0.0272662267
1.08622,1084,798.997742,799.0115,-2.19726563,-0.04907921
1.08805,1085,798.997742,799.011353,-2.17773438,-0.0599856973
1.08807,1086,798.997742,799.0112,-2.15820313,-0.04907921
1.08926,1087,798.997742,799.0112,-2.15820313,-0.0599856973
1.09111,1088,798.997742,799.011169,-2.1484375,-0.0599856973
1.09114,1089,798.997742,799.0111,-2.13867188,-0.04907921
1.09240,1090,798.997742,799.0111,-2.13867188,-0.07089219
1.09421,1091,798.997742,799.0111,-2.13867188,-0.0599856973
1.09426,1092,798.997742,799.011047,-2.12890625,-0.0599856973
1.09600,1093,798.997742,799.0109,-2.109375,-0.04907921
1.09602,1094,798.997742,799.0109,-2.109375,-0.03817272
1.09728,1095,798.997742,799.0109,-2.109375,-0.03817272
1.09910,1096,798.997742,799.0109,-2.109375,-0.03817272
1.09911,1097,798.997742,799.0109,-2.109375,-0.0163597353
1.10046,1098,798.997742,799.011047,-2.12890625,0
1.10222,1099,798.997742,799.011047,-2.12890625,0
1.10225,1100,798.997742,799.0111,-2.13867188,0.0109064905
1.10406,1101,798.997742,799.0111,-2.13867188,0.0109064905
1.10409,1102,798.997742,799.0111,-2.13867188,0.0109064905
1.10530,1103,798.997742,799.0111,-2.13867188,0.0109064905
1.10710,1104,798.997742,799.0111,-2.13867188,0
1.10711,1105,798.997742,799.0111,-2.13867188,0
1.10840,1106,798.997742,799.0111,-2.13867188,0
1.11019,1107,798.997742,799.0111,-2.13867188,0
1.11022,1108,798.997742,799.0111,-2.13867188,0
1.11201,1109,798.997742,799.011047,-2.12890625,0
1.11204,1110,798.997742,799.011047,-2.12890625,-0.0163597353
1.11332,1111,798.997742,799.0109,-2.109375,-0.0163597353
1.11509,1112,798.997742,799.0109,-2.109375,-0.0272662267
1.11511,1113,798.997742,799.0109,-2.109375,-0.03817272
1.11638,1114,798.997742,799.0109,-2.109375,-0.03817272
1.11820,1115,798.997742,799.010864,-2.09960938,-0.04907921
1.11824,1116,798.997742,799.0108,-2.08984375,-0.03817272
1.12002,1117,798.997742,799.0108,-2.08984375,-0.03817272
1.12004,1118,798.997742,799.0108,-2.08984375,-0.03817272
1.12133,1119,798.997742,799.0108,-2.08984375,-0.03817272
1.12312,1120,798.997742,799.0108,-2.08984375,-0.03817272
1.12314,1121,798.997742,799.0107,-2.0703125,-0.03817272
1.12443,1122,798.997742,799.0106,-2.06054688,-0.03817272
1.12625,1123,798.997742,799.0106,-2.06054688,-0.0272662267
1.12628,1124,798.997742,799.0106,-2.06054688,-0.0272662267
1.12802,1125,798.997742,799.0106,-2.06054688,-0.0272662267
1.12804,1126,798.997742,799.0107,-2.0703125,-0.0163597353
1.12926,1127,798.997742,799.0107,-2.0703125,0
1.13110,1128,798.997742,799.0107,-2.0703125,0
1.13111,1129,798.997742,799.0107,-2.0703125,0.0109064905
1.13235,1130,798.997742,799.0107,-2.0703125,0
1.13422,1131,798.997742,799.0107,-2.0703125,0
1.13423,1132,798.997742,799.0107,-2.0703125,0
1.13606,1133,798.997742,799.0107,-2.0703125,0
1.13610,1134,798.997742,799.0107,-2.0703125,0
1.13731,1135,798.997742,799.0107,-2.0703125,0
1.13910,1136,798.997742,799.0107,-2.0703125,0
1.13911,1137,798.997742,799.0107,-2.0703125,0
1.14038,1138,798.997742,799.0107,-2.0703125,0
1.14220,1139,798.997742,799.0106,-2.06054688,0
1.14221,1140,798.997742,799.0106,-2.06054688,-0.0163597353
1.14404,1141,798.997742,799.0106,-2.06054688,-0.0163597353
1.14408,1142,798.997742,799.0106,-2.06054688,-0.0272662267
1.14528,1143,798.997742,799.010559,-2.05078125,-0.03817272
1.14711,1144,798.997742,799.010559,-2.05078125,-0.03817272
1.14712,1145,798.997742,799.0105,-2.04101563,-0.03817272
1.14837,1146,798.997742,799.0105,-2.04101563,-0.04907921
1.15019,1147,798.997742,799.0105,-2.04101563,-0.04907921
1.15020,1148,798.997742,799.0105,-2.04101563,-0.03817272
1.15201,1149,798.997742,799.0104,-2.02148438,-0.03817272
1.15203,1150,798.997742,799.0104,-2.02148438,-0.0272662267
1.15327,1151,798.997742,799.0103,-2.01171875,-0.0272662267
1.15510,1152,798.997742,799.0103,-2.01171875,-0.0272662267
1.15512,1153,798.997742,799.0103,-2.01171875,-0.0272662267
1.15639,1154,798.997742,799.0103,-2.01171875,-0.0272662267
1.15818,1155,798.997742,799.0103,-2.01171875,-0.0272662267
1.15821,1156,798.997742,799.0103,-2.01171875,-0.0163597353
1.16001,1157,798.997742,799.0103,-2.01171875,0
1.16004,1158,798.997742,799.0103,-2.01171875,0
1.16127,1159,798.997742,799.0103,-2.01171875,0.0109064905
1.16310,1160,798.997742,799.0103,-2.01171875,0
1.16312,1161,798.997742,799.0103,-2.01171875,0
1.16438,1162,798.997742,799.0103,-2.01171875,0
1.16620,1163,798.997742,799.0103,-2.01171875,0
1.16621,1164,798.997742,799.0103,-2.01171875,0
1.16804,1165,798.997742,799.0103,-2.01171875,0
1.16806,1166,798.997742,799.0103,-2.01171875,0
1.16927,1167,798.997742,799.0103,-2.01171875,0
1.17111,1168,798.997742,799.0103,-2.01171875,0
1.17113,1169,798.997742,799.0103,-2.01171875,0
1.17239,1170,798.997742,799.0103,-2.01171875,0
1.17419,1171,798.997742,799.0103,-2.01171875,0
1.17420,1172,798.997742,799.0103,-2.01171875,0
1.17607,1173,798.997742,799.0103,-2.01171875,0
1.17610,1174,798.997742,799.0103,-2.01171875,-0.0272662267
1.17727,1175,798.997742,799.0103,-2.01171875,-0.0272662267
1.17911,1176,798.997742,799.0103,-2.01171875,-0.03817272
1.17913,1177,798.997742,799.010254,-2.00195313,-0.0163597353
1.18037,1178,798.997742,799.010254,-2.00195313,-0.0272662267
1.18219,1179,798.997742,799.010132,-1.98242188,-0.03817272
1.18223,1180,798.997742,799.010132,-1.98242188,-0.03817272
1.18405,1181,798.997742,799.010132,-1.98242188,-0.03817272
1.18409,1182,798.997742,799.0101,-1.97265625,-0.0272662267
1.18528,1183,798.997742,799.0101,-1.97265625,-0.0272662267
1.18715,1184,798.997742,799.0101,-1.97265625,-0.0272662267
1.18718,1185,798.997742,799.0101,-1.97265625,-0.0163597353
1.18838,1186,798.997742,799.0101,-1.97265625,-0.0163597353
1.19018,1187,798.997742,799.0101,-1.97265625,0
1.19019,1188,798.997742,799.009949,-1.953125,-0.0163597353
1.19203,1189,798.997742,799.0101,-1.97265625,0
1.19206,1190,798.997742,799.0101,-1.97265625,0
1.19327,1191,798.997742,799.0101,-1.97265625,0
1.19513,1192,798.997742,799.0101,-1.97265625,0
1.19516,1193,798.997742,799.0101,-1.97265625,0
1.19635,1194,798.997742,799.0101,-1.97265625,0
1.19818,1195,798.997742,799.0101,-1.97265625,0
1.19820,1196,798.997742,799.0101,-1.97265625,0
1.20003,1197,798.997742,799.0101,-1.97265625,0
1.20006,1198,798.997742,799.009949,-1.953125,-0.0163597353
1.20130,1199,798.997742,799.009949,-1.953125,-0.0163597353
1.20314,1200,798.997742,799.009949,-1.953125,-0.0272662267
1.20317,1201,798.997742,799.009949,-1.953125,-0.0272662267
1.20438,1202,798.997742,799.009949,-1.953125,-0.0272662267
1.20619,1203,798.997742,799.009949,-1.953125,-0.03817272
1.20621,1204,798.997742,799.009949,-1.953125,-0.03817272
1.20802,1205,798.997742,799.0098,-1.93359375,-0.03817272
1.20804,1206,798.997742,799.0098,-1.93359375,-0.03817272
1.20928,1207,798.997742,799.0098,-1.93359375,-0.0272662267
1.21110,1208,798.997742,799.0098,-1.93359375,-0.0272662267
1.21112,1209,798.997742,799.0098,-1.93359375,-0.0272662267
1.21236,1210,798.997742,799.0098,-1.93359375,-0.0272662267
1.21422,1211,798.997742,799.0098,-1.93359375,-0.0272662267
1.21425,1212,798.997742,799.0098,-1.93359375,-0.0163597353
1.21601,1213,798.997742,799.0098,-1.93359375,0
1.21604,1214,798.997742,799.0098,-1.93359375,0
1.21745,1215,798.997742,799.0098,-1.93359375,0
1.21913,1216,798.997742,799.0098,-1.93359375,0
1.21916,1217,798.997742,799.0098,-1.93359375,0
1.22036,1218,798.997742,799.0098,-1.93359375,0
1.22217,1219,798.997742,799.0098,-1.93359375,0
1.22219,1220,798.997742,799.0098,-1.93359375,0
1.22404,1221,798.997742,799.0098,-1.93359375,0
1.22406,1222,798.997742,799.0098,-1.93359375,0
1.22528,1223,798.997742,799.0098,-1.93359375,-0.0163597353
1.22711,1224,798.997742,799.009644,-1.90429688,-0.0272662267
1.22713,1225,798.997742,799.009644,-1.90429688,-0.03817272
1.22836,1226,798.997742,799.009644,-1.90429688,-0.04907921
1.23018,1227,798.997742,799.009644,-1.90429688,-0.04907921
1.23020,1228,798.997742,799.0096,-1.89453125,-0.04907921
1.23202,1229,798.997742,799.0096,-1.89453125,-0.03817272
1.23205,1230,798.997742,799.0095,-1.88476563,-0.0272662267
1.23327,1231,798.997742,799.0095,-1.88476563,-0.0272662267
1.23511,1232,798.997742,799.0095,-1.88476563,-0.0272662267
1.23513,1233,798.997742,799.0095,-1.88476563,-0.0272662267
1.23638,1234,798.997742,799.0095,-1.88476563,-0.0163597353
1.23819,1235,798.997742,799.0095,-1.88476563,-0.0163597353
1.23820,1236,798.997742,799.0095,-1.88476563,-0.0163597353
1.24005,1237,798.997742,799.0095,-1.88476563,0
1.24009,1238,798.997742,799.0095,-1.88476563,-0.0163597353
1.24127,1239,798.997742,799.0095,-1.88476563,0
1.24312,1240,798.997742,799.0095,-1.88476563,0
1.24314,1241,798.997742,799.0095,-1.88476563,0
1.24436,1242,798.997742,799.0095,-1.88476563,0
1.24619,1243,798.997742,799.0095,-1.88476563,0
1.24621,1244,798.997742,799.0095,-1.88476563,0
1.24804,1245,798.997742,799.0095,-1.88476563,0
1.24807,1246,798.997742,799.0095,-1.88476563,0
1.24927,1247,798.997742,799.0095,-1.88476563,0
1.25114,1248,798.997742,799.0095,-1.88476563,0
1.25119,1249,798.997742,799.0095,-1.88476563,-0.0163597353
1.25236,1250,798.997742,799.0095,-1.88476563,-0.0272662267
1.25419,1251,798.997742,799.0094,-1.86523438,-0.0272662267
1.25421,1252,798.997742,799.009338,-1.85546875,-0.03817272
1.25603,1253,798.997742,799.009338,-1.85546875,-0.03817272
1.25606,1254,798.997742,799.009338,-1.85546875,-0.03817272
1.25726,1255,798.997742,799.009338,-1.85546875,-0.03817272
1.25914,1256,798.997742,799.009338,-1.85546875,-0.03817272
1.25918,1257,798.997742,799.0093,-1.84570313,-0.03817272
1.26039,1258,798.997742,799.0092,-1.8359375,-0.0272662267
1.26219,1259,798.997742,799.0092,-1.8359375,-0.03817272
1.26220,1260,798.997742,799.0092,-1.8359375,-0.03817272
1.26404,1261,798.997742,799.0092,-1.8359375,-0.03817272
1.26407,1262,798.997742,799.0092,-1.8359375,-0.03817272
1.26527,1263,798.997742,799.0092,-1.8359375,-0.0272662267
1.26738,1264,798.997742,799.0092,-1.8359375,-0.0163597353
1.26741,1265,798.997742,799.0092,-1.8359375,-0.0163597353
1.26840,1266,798.997742,799.0092,-1.8359375,0
1.27019,1267,798.997742,799.0092,-1.8359375,0
1.27021,1268,798.997742,799.0092,-1.8359375,-0.0163597353
1.27205,1269,798.997742,799.0092,-1.8359375,0
1.27208,1270,798.997742,799.0092,-1.8359375,0
1.27327,1271,798.997742,799.0092,-1.8359375,0
1.27513,1272,798.997742,799.0092,-1.8359375,0
1.27516,1273,798.997742,799.0092,-1.8359375,0
1.27636,1274,798.997742,799.0091,-1.81640625,-0.0163597353
1.27821,1275,798.997742,799.0091,-1.81640625,-0.0163597353
1.27825,1276,798.997742,799.009033,-1.80664063,-0.0272662267
1.28002,1277,798.997742,799.009033,-1.80664063,-0.03817272
1.28005,1278,798.997742,799.009033,-1.80664063,-0.03817272
1.28128,1279,798.997742,799.009,-1.796875,-0.04907921
1.28314,1280,798.997742,799.00885,-1.77734375,-0.04907921
1.28319,1281,798.997742,799.00885,-1.77734375,-0.0599856973
1.28437,1282,798.997742,799.0088,-1.76757813,-0.04907921
1.28618,1283,798.997742,799.0087,-1.7578125,-0.04907921
1.28620,1284,798.997742,799.0087,-1.7578125,-0.04907921
1.28804,1285,798.997742,799.0087,-1.7578125,-0.04907921
1.28808,1286,798.997742,799.008545,-1.72851563,-0.04907921
1.28930,1287,798.997742,799.008545,-1.72851563,-0.0599856973
1.29112,1288,798.997742,799.008545,-1.72851563,-0.04907921
1.29114,1289,798.997742,799.0084,-1.70898438,-0.0599856973
1.29236,1290,798.997742,799.0084,-1.70898438,-0.0599856973
1.29421,1291,798.997742,799.0084,-1.70898438,-0.04907921
1.29424,1292,798.997742,799.0084,-1.70898438,-0.04907921
1.29604,1293,798.997742,799.00824,-1.6796875,-0.04907921
1.29606,1294,798.997742,799.00824,-1.6796875,-0.04907921
1.29728,1295,798.997742,799.00824,-1.6796875,-0.04907921
1.29913,1296,798.997742,799.0081,-1.66015625,-0.04907921
1.29916,1297,798.997742,799.0081,-1.66015625,-0.0599856973
1.30046,1298,798.997742,799.0081,-1.66015625,-0.0599856973
1.30220,1299,798.997742,799.0079,-1.62109375,-0.08179868
1.30222,1300,798.997742,799.0078,-1.61132813,-0.08179868
1.30406,1301,798.997742,799.007751,-1.6015625,-0.09270517
1.30411,1302,798.997742,799.007568,-1.57226563,-0.103611663
1.30527,1303,798.997742,799.0075,-1.5625,-0.103611663
1.30713,1304,798.997742,799.007446,-1.55273438,-0.114518143
1.30717,1305,798.997742,799.007263,-1.5234375,-0.114518143
1.30836,1306,798.997742,799.007141,-1.50390625,-0.130877882
1.31022,1307,798.997742,799.006958,-1.47460938,-0.130877882
1.31025,1308,798.997742,799.0069,-1.46484375,-0.130877882
1.31203,1309,798.997742,799.0068,-1.4453125,-0.141784385
1.31205,1310,798.997742,799.0066,-1.41601563,-0.141784385
1.31329,1311,798.997742,799.0065,-1.39648438,-0.130877882
1.31513,1312,798.997742,799.0065,-1.39648438,-0.130877882
1.31517,1313,798.997742,799.0063,-1.3671875,-0.103611663
1.31636,1314,798.997742,799.0064,-1.38671875,-0.08179868
1.31820,1315,798.997742,799.0063,-1.3671875,-0.04907921
1.31822,1316,798.997742,799.0064,-1.38671875,-0.0163597353
1.32006,1317,798.997742,799.0065,-1.39648438,0.021812981
1.32008,1318,798.997742,799.0065,-1.39648438,0.03271947
1.32129,1319,798.997742,799.0066,-1.41601563,0.0545324534
1.32314,1320,798.997742,799.0067,-1.43554688,0.06543894
1.32316,1321,798.997742,799.0067,-1.43554688,0.0545324534
1.32439,1322,798.997742,799.0068,-1.4453125,0.06543894
1.32620,1323,798.997742,799.0069,-1.46484375,0.06543894
1.32624,1324,798.997742,799.006958,-1.47460938,0.0545324534
1.32806,1325,798.997742,799.006958,-1.47460938,0.0545324534
1.32810,1326,798.997742,799.007,-1.484375,0.043625962
1.32928,1327,798.997742,799.007141,-1.50390625,0.03271947
1.33111,1328,798.997742,799.007141,-1.50390625,0.03271947
1.33115,1329,798.997742,799.007141,-1.50390625,0.03271947
1.33237,1330,798.997742,799.007141,-1.50390625,0.021812981
1.33425,1331,798.997742,799.007141,-1.50390625,0.0109064905
1.33430,1332,798.997742,799.007,-1.484375,-0.0163597353
1.33609,1333,798.997742,799.006958,-1.47460938,-0.03817272
1.33613,1334,798.997742,799.006958,-1.47460938,-0.04907921
1.33728,1335,798.997742,799.0069,-1.46484375,-0.07089219
1.33911,1336,798.997742,799.0068,-1.4453125,-0.0599856973
1.33914,1337,798.997742,799.0068,-1.4453125,-0.07089219
1.34039,1338,798.997742,799.0067,-1.43554688,-0.0599856973
1.34222,1339,798.997742,799.0066,-1.41601563,-0.0599856973
1.34226,1340,798.997742,799.0066,-1.41601563,-0.0599856973
1.34407,1341,798.997742,799.0066,-1.41601563,-0.04907921
1.34409,1342,798.997742,799.0066,-1.41601563,-0.04907921
1.34528,1343,798.997742,799.0065,-1.39648438,-0.04907921
1.34716,1344,798.997742,799.0065,-1.39648438,-0.04907921
1.34720,1345,798.997742,799.0065,-1.39648438,-0.03817272
1.34836,1346,798.997742,799.0065,-1.39648438,-0.0272662267
1.35021,1347,798.997742,799.0066,-1.41601563,0
1.35083,1348,798.997742,799.0066,-1.41601563,0.0109064905
1.35202,1349,798.997742,799.0066,-1.41601563,0.0109064905
1.35204,1350,798.997742,799.0066,-1.41601563,0.021812981
1.35326,1351,798.997742,799.0066,-1.41601563,0.021812981
1.35515,1352,798.997742,799.0067,-1.43554688,0.03271947
1.35521,1353,798.997742,799.0067,-1.43554688,0.021812981
1.35636,1354,798.997742,799.0068,-1.4453125,0.021812981
1.35820,1355,798.997742,799.0068,-1.4453125,0.021812981
1.35823,1356,798.997742,799.0068,-1.4453125,0.0109064905
1.36006,1357,798.997742,799.0068,-1.4453125,0.0109064905
1.36009,1358,798.997742,799.0068,-1.4453125,0.0109064905
1.36129,1359,798.997742,799.0068,-1.4453125,-0.0163597353
1.36312,1360,798.997742,799.0067,-1.43554688,-0.0163597353
1.36314,1361,798.997742,799.0067,-1.43554688,-0.0272662267
1.36435,1362,798.997742,799.0066,-1.41601563,-0.03817272
1.36622,1363,798.997742,799.0066,-1.41601563,-0.03817272
1.36626,1364,798.997742,799.0066,-1.41601563,-0.04907921
1.36803,1365,798.997742,799.0066,-1.41601563,-0.04907921
1.36805,1366,798.997742,799.0065,-1.39648438,-0.04907921
1.36929,1367,798.997742,799.0065,-1.39648438,-0.03817272
1.37116,1368,798.997742,799.0065,-1.39648438,-0.03817272
1.37118,1369,798.997742,799.0065,-1.39648438,-0.0272662267
1.37236,1370,798.997742,799.0065,-1.39648438,-0.0272662267
1.37423,1371,798.997742,799.0064,-1.38671875,-0.0272662267
1.37427,1372,798.997742,799.0064,-1.38671875,-0.0272662267
1.37602,1373,798.997742,799.0064,-1.38671875,-0.0272662267
1.37604,1374,798.997742,799.0064,-1.38671875,-0.0163597353
1.37733,1375,798.997742,799.0064,-1.38671875,-0.0163597353
1.37913,1376,798.997742,799.0065,-1.39648438,0.0109064905
1.37916,1377,798.997742,799.0065,-1.39648438,0.0109064905
1.38036,1378,798.997742,799.0065,-1.39648438,0.021812981
1.38222,1379,798.997742,799.0065,-1.39648438,0.021812981
1.38224,1380,798.997742,799.0065,-1.39648438,0
1.38407,1381,798.997742,799.0065,-1.39648438,0
1.38411,1382,798.997742,799.0065,-1.39648438,0
1.38528,1383,798.997742,799.0065,-1.39648438,0
1.38714,1384,798.997742,799.0065,-1.39648438,0
1.38715,1385,798.997742,799.0065,-1.39648438,0
1.38836,1386,798.997742,799.0065,-1.39648438,0
1.39020,1387,798.997742,799.0065,-1.39648438,-0.0163597353
1.39022,1388,798.997742,799.0065,-1.39648438,-0.0163597353
1.39202,1389,798.997742,799.0065,-1.39648438,-0.0272662267
1.39204,1390,798.997742,799.0065,-1.39648438,-0.0272662267
1.39328,1391,798.997742,799.0064,-1.38671875,-0.0163597353
1.39511,1392,798.997742,799.0064,-1.38671875,-0.0272662267
1.39515,1393,798.997742,799.0063,-1.3671875,-0.0272662267
1.39640,1394,798.997742,799.0063,-1.3671875,-0.03817272
1.39821,1395,798.997742,799.0063,-1.3671875,-0.03817272
1.39823,1396,798.997742,799.0063,-1.3671875,-0.0272662267
1.40004,1397,798.997742,799.0063,-1.3671875,-0.0272662267
1.40006,1398,798.997742,799.0063,-1.3671875,-0.0163597353
1.40130,1399,798.997742,799.0063,-1.3671875,-0.0163597353
1.40317,1400,798.997742,799.0062,-1.35742188,-0.0163597353
1.40319,1401,798.997742,799.0062,-1.35742188,-0.0163597353
1.40439,1402,798.997742,799.0062,-1.35742188,-0.0163597353
1.40623,1403,798.997742,799.0062,-1.35742188,-0.0163597353
1.40626,1404,798.997742,799.006165,-1.34765625,-0.0163597353
1.40803,1405,798.997742,799.006165,-1.34765625,-0.0163597353
1.40805,1406,798.997742,799.006165,-1.34765625,-0.0163597353
1.40928,1407,798.997742,799.006165,-1.34765625,-0.0163597353
1.41113,1408,798.997742,799.006165,-1.34765625,-0.0163597353
1.41115,1409,798.997742,799.006165,-1.34765625,-0.0163597353
1.41237,1410,798.997742,799.006165,-1.34765625,-0.0163597353
1.41421,1411,798.997742,799.006165,-1.34765625,-0.0163597353
1.41423,1412,798.997742,799.006165,-1.34765625,-0.0163597353
1.41604,1413,798.997742,799.006165,-1.34765625,-0.0163597353
1.41606,1414,798.997742,799.006165,-1.34765625,0
1.41745,1415,798.997742,799.006165,-1.34765625,0
1.41925,1416,798.997742,799.006165,-1.34765625,0
1.41930,1417,798.997742,799.006165,-1.34765625,0
1.42036,1418,798.997742,799.006165,-1.34765625,0
1.42225,1419,798.997742,799.006165,-1.34765625,0
1.42229,1420,798.997742,799.006165,-1.34765625,0
1.42404,1421,798.997742,799.006165,-1.34765625,0
1.42407,1422,798.997742,799.006165,-1.34765625,-0.0163597353
1.42527,1423,798.997742,799.006165,-1.34765625,-0.0163597353
1.42716,1424,798.997742,799.006165,-1.34765625,-0.0272662267
1.42718,1425,798.997742,799.006042,-1.328125,-0.0272662267
1.42836,1426,798.997742,799.006042,-1.328125,-0.0272662267
1.43020,1427,798.997742,799.006,-1.31835938,-0.03817272
1.43022,1428,798.997742,799.006,-1.31835938,-0.03817272
1.43205,1429,798.997742,799.006,-1.31835938,-0.03817272
1.43208,1430,798.997742,799.0059,-1.30859375,-0.04907921
1.43327,1431,798.997742,799.005859,-1.29882813,-0.03817272
1.43514,1432,798.997742,799.005859,-1.29882813,-0.04907921
1.43516,1433,798.997742,799.005859,-1.29882813,-0.04907921
1.43638,1434,798.997742,799.005737,-1.27929688,-0.04907921
1.43819,1435,798.997742,799.0057,-1.26953125,-0.04907921
1.43821,1436,798.997742,799.0057,-1.26953125,-0.03817272
1.44007,1437,798.997742,799.0057,-1.26953125,-0.03817272
1.44011,1438,798.997742,799.0057,-1.26953125,-0.03817272
1.44128,1439,798.997742,799.0057,-1.26953125,-0.0272662267
1.44313,1440,798.997742,799.0057,-1.26953125,-0.0163597353
1.44317,1441,798.997742,799.0057,-1.26953125,0
1.44436,1442,798.997742,799.0057,-1.26953125,0
1.44622,1443,798.997742,799.0057,-1.26953125,-0.0163597353
1.44624,1444,798.997742,799.0057,-1.26953125,0
1.44805,1445,798.997742,799.0057,-1.26953125,0
1.44808,1446,798.997742,799.0057,-1.26953125,0
1.44926,1447,798.997742,799.005737,-1.27929688,0.0109064905
1.45111,1448,798.997742,799.005737,-1.27929688,0.0109064905
1.45118,1449,798.997742,799.005737,-1.27929688,0.0109064905
1.45237,1450,798.997742,799.005737,-1.27929688,0.0109064905
1.45421,1451,798.997742,799.005737,-1.27929688,0
1.45425,1452,798.997742,799.005737,-1.27929688,0
1.45604,1453,798.997742,799.005737,-1.27929688,0
1.45606,1454,798.997742,799.005737,-1.27929688,0
1.45728,1455,798.997742,799.005737,-1.27929688,0
1.45916,1456,798.997742,799.005737,-1.27929688,0
1.45919,1457,798.997742,799.005737,-1.27929688,0
1.46037,1458,798.997742,799.005737,-1.27929688,0
1.46220,1459,798.997742,799.005737,-1.27929688,-0.0163597353
1.46222,1460,798.997742,799.0057,-1.26953125,-0.0163597353
1.46405,1461,798.997742,799.0057,-1.26953125,-0.0272662267
1.46408,1462,798.997742,799.0057,-1.26953125,-0.03817272
1.46527,1463,798.997742,799.0056,-1.25976563,-0.0272662267
1.46746,1464,798.997742,799.0055,-1.24023438,-0.04907921
1.46755,1465,798.997742,799.0055,-1.24023438,-0.04907921
1.46837,1466,798.997742,799.0055,-1.24023438,-0.04907921
1.47019,1467,798.997742,799.005432,-1.23046875,-0.0599856973
1.47022,1468,798.997742,799.0054,-1.22070313,-0.04907921
1.47206,1469,798.997742,799.0054,-1.22070313,-0.04907921
1.47208,1470,798.997742,799.0054,-1.22070313,-0.0599856973
1.47327,1471,798.997742,799.0053,-1.2109375,-0.04907921
1.47514,1472,798.997742,799.0052,-1.19140625,-0.04907921
1.47525,1473,798.997742,799.0052,-1.19140625,-0.0599856973
1.47636,1474,798.997742,799.005066,-1.171875,-0.04907921
1.47822,1475,798.997742,799.005066,-1.171875,-0.0599856973
1.47825,1476,798.997742,799.005066,-1.171875,-0.0599856973
1.48003,1477,798.997742,799.005066,-1.171875,-0.04907921
1.48006,1478,798.997742,799.004944,-1.15234375,-0.04907921
1.48127,1479,798.997742,799.0049,-1.14257813,-0.04907921
1.48315,1480,798.997742,799.004761,-1.12304688,-0.04907921
1.48317,1481,798.997742,799.004761,-1.12304688,-0.04907921
1.48440,1482,798.997742,799.004761,-1.12304688,-0.04907921
1.48624,1483,798.997742,799.004761,-1.12304688,-0.04907921
1.48626,1484,798.997742,799.004639,-1.10351563,-0.04907921
1.48803,1485,798.997742,799.0045,-1.08398438,-0.04907921
1.48805,1486,798.997742,799.0045,-1.08398438,-0.04907921
1.48930,1487,798.997742,799.004456,-1.07421875,-0.04907921
1.49111,1488,798.997742,799.0044,-1.06445313,-0.0599856973
1.49113,1489,798.997742,799.0044,-1.06445313,-0.0599856973
1.49236,1490,798.997742,799.0042,-1.03515625,-0.07089219
1.49425,1491,798.997742,799.0042,-1.03515625,-0.08179868
1.49429,1492,798.997742,799.0041,-1.015625,-0.08179868
1.49604,1493,798.997742,799.0041,-1.015625,-0.08179868
1.49607,1494,798.997742,799.0039,-0.9863281,-0.08179868
1.49727,1495,798.997742,799.0039,-0.9863281,-0.08179868
1.49913,1496,798.997742,799.003845,-0.9765625,-0.07089219
1.49917,1497,798.997742,799.0038,-0.9667969,-0.07089219
1.50051,1498,798.997742,799.003662,-0.9472656,-0.07089219
1.50223,1499,798.997742,799.0036,-0.9375,-0.07089219
1.50226,1500,798.997742,799.0036,-0.9375,-0.0599856973
1.50406,1501,798.997742,799.0036,-0.9375,-0.0599856973
1.50410,1502,798.997742,799.0036,-0.9375,-0.04907921
1.50533,1503,798.997742,799.0036,-0.9375,-0.03817272
1.50714,1504,798.997742,799.0036,-0.9375,-0.0272662267
1.50718,1505,798.997742,799.0036,-0.9375,0
1.50839,1506,798.997742,799.0036,-0.9375,0.0109064905
1.51022,1507,798.997742,799.003662,-0.9472656,0.03271947
1.51025,1508,798.997742,799.0038,-0.9667969,0.03271947
1.51205,1509,798.997742,799.0038,-0.9667969,0.03271947
1.51207,1510,798.997742,799.003845,-0.9765625,0.03271947
1.51333,1511,798.997742,799.003845,-0.9765625,0.03271947
1.51514,1512,798.997742,799.0039,-0.9863281,0.03271947
1.51518,1513,798.997742,799.0039,-0.9863281,0.03271947
1.51651,1514,798.997742,799.0039,-0.9863281,0.03271947
1.51821,1515,798.997742,799.0039,-0.9863281,0.021812981
1.51823,1516,798.997742,799.003967,-0.99609375,0.021812981
1.52004,1517,798.997742,799.003967,-0.99609375,0.021812981
1.52007,1518,798.997742,799.003967,-0.99609375,0.0109064905
1.52128,1519,798.997742,799.0039,-0.9863281,0.0109064905
1.52313,1520,798.997742,799.0039,-0.9863281,-0.0163597353
1.52317,1521,798.997742,799.0039,-0.9863281,-0.0163597353
1.52435,1522,798.997742,799.0039,-0.9863281,-0.03817272
1.52621,1523,798.997742,799.0039,-0.9863281,-0.03817272
1.52625,1524,798.997742,799.0039,-0.9863281,-0.03817272
1.52802,1525,798.997742,799.003845,-0.9765625,-0.03817272
1.52804,1526,798.997742,799.0038,-0.9667969,-0.0272662267
1.52927,1527,798.997742,799.0038,-0.9667969,-0.03817272
1.53122,1528,798.997742,799.0038,-0.9667969,-0.0272662267
1.53128,1529,798.997742,799.0038,-0.9667969,-0.0272662267
1.53236,1530,798.997742,799.0038,-0.9667969,-0.0272662267
1.53424,1531,798.997742,799.003662,-0.9472656,-0.03817272
1.53427,1532,798.997742,799.003662,-0.9472656,-0.03817272
1.53603,1533,798.997742,799.0036,-0.9375,-0.03817272
1.53606,1534,798.997742,799.0036,-0.9375,-0.03817272
1.53728,1535,798.997742,799.0036,-0.9375,-0.0272662267
1.53916,1536,798.997742,799.0036,-0.9375,-0.0272662267
1.53919,1537,798.997742,799.0036,-0.9375,-0.0163597353
1.54039,1538,798.997742,799.0036,-0.9375,0
1.54219,1539,798.997742,799.003662,-0.9472656,0.0109064905
1.54222,1540,798.997742,799.003662,-0.9472656,0.0109064905
1.54403,1541,798.997742,799.0038,-0.9667969,0.0109064905
1.54405,1542,798.997742,799.0038,-0.9667969,0.0109064905
1.54528,1543,798.997742,799.0038,-0.9667969,0
1.54712,1544,798.997742,799.0038,-0.9667969,0
1.54716,1545,798.997742,799.0038,-0.9667969,0.0109064905
1.54835,1546,798.997742,799.0038,-0.9667969,0
1.55022,1547,798.997742,799.0038,-0.9667969,0
1.55027,1548,798.997742,799.0038,-0.9667969,0
1.55202,1549,798.997742,799.0038,-0.9667969,0
1.55204,1550,798.997742,799.0038,-0.9667969,0
1.55328,1551,798.997742,799.0038,-0.9667969,0
1.55513,1552,798.997742,799.0038,-0.9667969,-0.0163597353
1.55516,1553,798.997742,799.0038,-0.9667969,-0.0163597353
1.55635,1554,798.997742,799.003662,-0.9472656,-0.0272662267
1.55821,1555,798.997742,799.0036,-0.9375,-0.0272662267
1.55824,1556,798.997742,799.0036,-0.9375,-0.03817272
1.56001,1557,798.997742,799.0036,-0.9375,-0.04907921
1.56002,1558,798.997742,799.0036,-0.9375,-0.03817272
1.56129,1559,798.997742,799.0036,-0.9375,-0.04907921
1.56312,1560,798.997742,799.00354,-0.9277344,-0.0272662267
1.56315,1561,798.997742,799.0035,-0.91796875,-0.03817272
1.56438,1562,798.997742,799.0035,-0.91796875,-0.03817272
1.56620,1563,798.997742,799.0035,-0.91796875,-0.03817272
1.56622,1564,798.997742,799.0035,-0.91796875,-0.03817272
1.56807,1565,798.997742,799.0035,-0.91796875,-0.0272662267
1.56809,1566,798.997742,799.0035,-0.91796875,-0.0163597353
1.56932,1567,798.997742,799.0035,-0.91796875,-0.0163597353
1.57118,1568,798.997742,799.0035,-0.91796875,0
1.57121,1569,798.997742,799.0035,-0.91796875,0
1.57236,1570,798.997742,799.0035,-0.91796875,0
1.57425,1571,798.997742,799.00354,-0.9277344,0
1.57430,1572,798.997742,799.00354,-0.9277344,0.0109064905
1.57601,1573,798.997742,799.00354,-0.9277344,0.0109064905
1.57603,1574,798.997742,799.00354,-0.9277344,0.0109064905
1.57727,1575,798.997742,799.00354,-0.9277344,0.0109064905
1.57920,1576,798.997742,799.00354,-0.9277344,0
1.57924,1577,798.997742,799.00354,-0.9277344,0
1.58038,1578,798.997742,799.00354,-0.9277344,0
1.58221,1579,798.997742,799.00354,-0.9277344,0
1.58225,1580,798.997742,799.00354,-0.9277344,-0.0163597353
1.58402,1581,798.997742,799.00354,-0.9277344,-0.0163597353
1.58404,1582,798.997742,799.00354,-0.9277344,-0.0163597353
1.58528,1583,798.997742,799.0035,-0.91796875,-0.0163597353
1.58711,1584,798.997742,799.0035,-0.91796875,-0.0272662267
1.58714,1585,798.997742,799.0035,-0.91796875,-0.0272662267
1.58838,1586,798.997742,799.0035,-0.91796875,-0.0272662267
1.59021,1587,798.997742,799.0035,-0.91796875,-0.0272662267
1.59023,1588,798.997742,799.0035,-0.91796875,-0.0272662267
1.59201,1589,798.997742,799.0035,-0.91796875,-0.0272662267
1.59203,1590,798.997742,799.003357,-0.8984375,-0.0272662267
1.59328,1591,798.997742,799.003357,-0.8984375,-0.0272662267
1.59513,1592,798.997742,799.003357,-0.8984375,-0.0163597353
1.59517,1593,798.997742,799.003357,-0.8984375,-0.0163597353
1.59637,1594,798.997742,799.003357,-0.8984375,-0.0163597353
1.59821,1595,798.997742,799.003235,-0.87890625,-0.0163597353
1.59824,1596,798.997742,799.003357,-0.8984375,-0.0163597353
1.60003,1597,798.997742,799.003357,-0.8984375,0
1.60006,1598,798.997742,799.003357,-0.8984375,-0.0163597353
1.60128,1599,798.997742,799.003357,-0.8984375,0
1.60313,1600,798.997742,799.003357,-0.8984375,0
1.60315,1601,798.997742,799.003357,-0.8984375,0
1.60435,1602,798.997742,799.003357,-0.8984375,0
1.60620,1603,798.997742,799.003357,-0.8984375,0
1.60623,1604,798.997742,799.003357,-0.8984375,0
1.60801,1605,798.997742,799.003357,-0.8984375,0
1.60802,1606,798.997742,799.003357,-0.8984375,0
1.60934,1607,798.997742,799.003357,-0.8984375,0
1.61111,1608,798.997742,799.003357,-0.8984375,0
1.61113,1609,798.997742,799.003357,-0.8984375,0
1.61239,1610,798.997742,799.003357,-0.8984375,0
1.61420,1611,798.997742,799.003357,-0.8984375,0
1.61423,1612,798.997742,799.003357,-0.8984375,0
1.61602,1613,798.997742,799.003235,-0.87890625,-0.0163597353
1.61604,1614,798.997742,799.003235,-0.87890625,-0.0163597353
1.61746,1615,798.997742,799.003235,-0.87890625,-0.0272662267
1.61911,1616,798.997742,799.003235,-0.87890625,-0.0272662267
1.61912,1617,798.997742,799.003235,-0.87890625,-0.0272662267
1.62039,1618,798.997742,799.003235,-0.87890625,-0.0272662267
1.62220,1619,798.997742,799.003235,-0.87890625,-0.0272662267
1.62222,1620,798.997742,799.003235,-0.87890625,-0.0272662267
1.62402,1621,798.997742,799.003235,-0.87890625,-0.0272662267
1.62404,1622,798.997742,799.003235,-0.87890625,-0.0272662267
1.62530,1623,798.997742,799.0031,-0.859375,-0.0163597353
1.62710,1624,798.997742,799.0031,-0.859375,-0.0163597353
1.62711,1625,798.997742,799.0031,-0.859375,-0.0163597353
1.62839,1626,798.997742,799.0031,-0.859375,-0.0163597353
1.63018,1627,798.997742,799.0031,-0.859375,-0.0163597353
1.63020,1628,798.997742,799.0031,-0.859375,-0.0163597353
1.63201,1629,798.997742,799.0031,-0.859375,0
1.63204,1630,798.997742,799.0031,-0.859375,0
1.63329,1631,798.997742,799.0031,-0.859375,0
1.63512,1632,798.997742,799.003235,-0.87890625,0
1.63513,1633,798.997742,799.003235,-0.87890625,0
1.63637,1634,798.997742,799.003235,-0.87890625,0
1.63819,1635,798.997742,799.003235,-0.87890625,0
1.63821,1636,798.997742,799.003235,-0.87890625,0
1.64002,1637,798.997742,799.003235,-0.87890625,0
1.64004,1638,798.997742,799.003235,-0.87890625,0
1.64131,1639,798.997742,799.003235,-0.87890625,0
1.64309,1640,798.997742,799.003235,-0.87890625,0
1.64311,1641,798.997742,799.003235,-0.87890625,0
1.64435,1642,798.997742,799.0031,-0.859375,-0.0163597353
1.64620,1643,798.997742,799.0031,-0.859375,-0.0163597353
1.64622,1644,798.997742,799.0031,-0.859375,-0.0272662267
1.64802,1645,798.997742,799.0031,-0.859375,-0.03817272
1.64804,1646,798.997742,799.0031,-0.859375,-0.03817272
1.64931,1647,798.997742,799.0031,-0.859375,-0.03817272
1.65113,1648,798.997742,799.0031,-0.859375,-0.0272662267
1.65115,1649,798.997742,799.003052,-0.8496094,-0.0272662267
1.65237,1650,798.997742,799.003052,-0.8496094,-0.0163597353
1.65420,1651,798.997742,799.003052,-0.8496094,-0.0163597353
1.65421,1652,798.997742,799.0029,-0.8300781,-0.0163597353
1.65602,1653,798.997742,799.0029,-0.8300781,-0.0163597353
1.65603,1654,798.997742,799.0029,-0.8300781,-0.0163597353
1.65726,1655,798.997742,799.0029,-0.8300781,-0.0163597353
1.65910,1656,798.997742,799.0029,-0.8300781,-0.0163597353
1.65911,1657,798.997742,799.0029,-0.8300781,-0.0163597353
1.66035,1658,798.997742,799.003052,-0.8496094,0
1.66220,1659,798.997742,799.003052,-0.8496094,0.0109064905
1.66222,1660,798.997742,799.003052,-0.8496094,0.0109064905
1.66401,1661,798.997742,799.003052,-0.8496094,0.0109064905
1.66403,1662,798.997742,799.003052,-0.8496094,0
1.66529,1663,798.997742,799.003052,-0.8496094,0
1.66727,1664,798.997742,799.003052,-0.8496094,0
1.66729,1665,798.997742,799.003052,-0.8496094,0
1.66838,1666,798.997742,799.003052,-0.8496094,0
1.67019,1667,798.997742,799.003052,-0.8496094,0
1.67021,1668,798.997742,799.003052,-0.8496094,0
1.67203,1669,798.997742,799.003052,-0.8496094,0
1.67206,1670,798.997742,799.003052,-0.8496094,0
1.67327,1671,798.997742,799.003052,-0.8496094,0
1.67510,1672,798.997742,799.0029,-0.8300781,-0.0163597353
1.67512,1673,798.997742,799.0029,-0.8300781,-0.0272662267
1.67641,1674,798.997742,799.0029,-0.8300781,-0.0272662267
1.67819,1675,798.997742,799.0029,-0.8300781,-0.0272662267
1.67820,1676,798.997742,799.0029,-0.8300781,-0.0272662267
1.68001,1677,798.997742,799.0029,-0.8300781,-0.0163597353
1.68003,1678,798.997742,799.0029,-0.8300781,-0.0163597353
1.68128,1679,798.997742,799.0029,-0.8300781,-0.0163597353
1.68309,1680,798.997742,799.0029,-0.8300781,-0.0163597353
1.68311,1681,798.997742,799.0029,-0.8300781,-0.0163597353
1.68439,1682,798.997742,799.0029,-0.8300781,-0.0163597353
1.68619,1683,798.997742,799.0029,-0.8300781,-0.0163597353
1.68622,1684,798.997742,799.0029,-0.8300781,0
1.68803,1685,798.997742,799.0029,-0.8300781,0
1.68804,1686,798.997742,799.0029,-0.8300781,0
1.68927,1687,798.997742,799.0029,-0.8300781,0
1.69112,1688,798.997742,799.0029,-0.8300781,0
1.69114,1689,798.997742,799.0029,-0.8300781,0
1.69241,1690,798.997742,799.0029,-0.8300781,0
1.69418,1691,798.997742,799.0029,-0.8300781,0
1.69419,1692,798.997742,799.0029,-0.8300781,0
1.69604,1693,798.997742,799.0029,-0.8300781,0
1.69607,1694,798.997742,799.0029,-0.8300781,0
1.69726,1695,798.997742,799.0029,-0.8300781,0
1.69913,1696,798.997742,799.0029,-0.8300781,0
1.69916,1697,798.997742,799.0029,-0.8300781,0
1.70050,1698,798.997742,799.0029,-0.8300781,0
1.70219,1699,798.997742,799.0029,-0.8300781,0
1.70220,1700,798.997742,799.0028,-0.8105469,-0.0163597353
1.70403,1701,798.997742,799.0028,-0.8105469,-0.0272662267
1.70405,1702,798.997742,799.0028,-0.8105469,-0.0272662267
1.70528,1703,798.997742,799.0028,-0.8105469,-0.0272662267
1.70710,1704,798.997742,799.0028,-0.8105469,-0.0272662267
1.70712,1705,798.997742,799.0028,-0.8105469,-0.0163597353
1.70836,1706,798.997742,799.0028,-0.8105469,-0.0163597353
1.71018,1707,798.997742,799.0028,-0.8105469,-0.0163597353
1.71019,1708,798.997742,799.0028,-0.8105469,-0.0163597353
1.71204,1709,798.997742,799.0028,-0.8105469,-0.0163597353
1.71207,1710,798.997742,799.0028,-0.8105469,-0.0163597353
1.71327,1711,798.997742,799.0028,-0.8105469,-0.0163597353
1.71509,1712,798.997742,799.0028,-0.8105469,-0.0163597353
1.71510,1713,798.997742,799.0028,-0.8105469,0
1.71637,1714,798.997742,799.0028,-0.8105469,0
1.71822,1715,798.997742,799.0028,-0.8105469,0
1.71824,1716,798.997742,799.0028,-0.8105469,0
1.72004,1717,798.997742,799.0028,-0.8105469,0
1.72005,1718,798.997742,799.0028,-0.8105469,0
1.72127,1719,798.997742,799.0028,-0.8105469,0
1.72310,1720,798.997742,799.0028,-0.8105469,0
1.72313,1721,798.997742,799.0028,-0.8105469,0
1.72437,1722,798.997742,799.0028,-0.8105469,0
1.72618,1723,798.997742,799.0028,-0.8105469,0
1.72620,1724,798.997742,799.0028,-0.8105469,0
1.72804,1725,798.997742,799.0028,-0.8105469,0
1.72807,1726,798.997742,799.0028,-0.8105469,0
1.72928,1727,798.997742,799.0028,-0.8105469,0
1.73112,1728,798.997742,799.0028,-0.8105469,0
1.73115,1729,798.997742,799.0028,-0.8105469,0
1.73240,1730,798.997742,799.0028,-0.8105469,0
1.73423,1731,798.997742,799.0027,-0.7910156,-0.0163597353
1.73426,1732,798.997742,799.0027,-0.7910156,-0.0163597353
1.73604,1733,798.997742,799.0027,-0.7910156,-0.0163597353
1.73606,1734,798.997742,799.0026,-0.78125,-0.0272662267
1.73727,1735,798.997742,799.0026,-0.78125,-0.0272662267
1.73912,1736,798.997742,799.0026,-0.78125,-0.0272662267
1.73913,1737,798.997742,799.0026,-0.78125,-0.0272662267
1.74038,1738,798.997742,799.0026,-0.78125,-0.0272662267
1.74218,1739,798.997742,799.0026,-0.78125,-0.0163597353
1.74220,1740,798.997742,799.0026,-0.78125,-0.0163597353
1.74404,1741,798.997742,799.0026,-0.78125,-0.0163597353
1.74408,1742,798.997742,799.0026,-0.78125,-0.0163597353
1.74527,1743,798.997742,799.0026,-0.78125,-0.0163597353
1.74711,1744,798.997742,799.0026,-0.78125,0
1.74712,1745,798.997742,799.0026,-0.78125,0.0109064905
1.74837,1746,798.997742,799.0026,-0.78125,0.0109064905
1.75020,1747,798.997742,799.0026,-0.78125,0.0109064905
1.75022,1748,798.997742,799.0026,-0.78125,0
1.75213,1749,798.997742,799.0026,-0.78125,0
1.75217,1750,798.997742,799.0026,-0.78125,0
1.75329,1751,798.997742,799.0026,-0.78125,0
1.75510,1752,798.997742,799.0026,-0.78125,0
1.75513,1753,798.997742,799.0026,-0.78125,0
1.75637,1754,798.997742,799.0026,-0.78125,0
1.75820,1755,798.997742,799.0026,-0.78125,0
1.75823,1756,798.997742,799.0026,-0.78125,0
1.76007,1757,798.997742,799.0026,-0.78125,0
1.76009,1758,798.997742,799.0026,-0.78125,0
1.76128,1759,798.997742,799.0026,-0.78125,0
1.76314,1760,798.997742,799.0026,-0.78125,0
1.76316,1761,798.997742,799.0026,-0.78125,0
1.76436,1762,798.997742,799.0026,-0.78125,-0.0163597353
1.76617,1763,798.997742,799.0026,-0.78125,-0.0163597353
1.76619,1764,798.997742,799.0026,-0.78125,-0.0163597353
1.76804,1765,798.997742,799.0026,-0.78125,-0.0163597353
1.76807,1766,798.997742,799.0026,-0.78125,0
1.76928,1767,798.997742,799.0026,-0.78125,0
1.77114,1768,798.997742,799.0026,-0.78125,0
1.77118,1769,798.997742,799.0026,-0.78125,-0.0272662267
1.77236,1770,798.997742,799.0026,-0.78125,-0.0272662267
1.77419,1771,798.997742,799.002563,-0.7714844,-0.0272662267
1.77421,1772,798.997742,799.002563,-0.7714844,-0.0272662267
1.77607,1773,798.997742,799.002563,-0.7714844,-0.0163597353
1.77610,1774,798.997742,799.0025,-0.76171875,-0.0163597353
1.77727,1775,798.997742,799.0025,-0.76171875,-0.0163597353
1.77911,1776,798.997742,799.0025,-0.76171875,-0.0163597353
1.77913,1777,798.997742,799.0025,-0.76171875,-0.0163597353
1.78037,1778,798.997742,799.0025,-0.76171875,-0.0163597353
1.78218,1779,798.997742,799.0025,-0.76171875,-0.0163597353
1.78220,1780,798.997742,799.0025,-0.76171875,0
1.78404,1781,798.997742,799.0025,-0.76171875,0
1.78408,1782,798.997742,799.0025,-0.76171875,0
1.78529,1783,798.997742,799.0025,-0.76171875,0
1.78713,1784,798.997742,799.0025,-0.76171875,0
1.78717,1785,798.997742,799.0025,-0.76171875,0
1.78837,1786,798.997742,799.0025,-0.76171875,0
1.79022,1787,798.997742,799.0025,-0.76171875,0
1.79027,1788,798.997742,799.0025,-0.76171875,0
1.79205,1789,798.997742,799.0025,-0.76171875,0
1.79208,1790,798.997742,799.0025,-0.76171875,0
1.79327,1791,798.997742,799.0025,-0.76171875,0
1.79515,1792,798.997742,799.0025,-0.76171875,0
1.79518,1793,798.997742,799.0025,-0.76171875,0
1.79635,1794,798.997742,799.0025,-0.76171875,0
1.79821,1795,798.997742,799.0025,-0.76171875,0
1.79825,1796,798.997742,799.0025,-0.76171875,-0.0163597353
1.80004,1797,798.997742,799.0025,-0.76171875,-0.0163597353
1.80007,1798,798.997742,799.0025,-0.76171875,-0.0272662267
1.80127,1799,798.997742,799.0025,-0.76171875,-0.0272662267
1.80314,1800,798.997742,799.0025,-0.76171875,-0.0272662267
1.80317,1801,798.997742,799.0025,-0.76171875,-0.0272662267
1.80436,1802,798.997742,799.0024,-0.7421875,-0.0272662267
1.80622,1803,798.997742,799.0024,-0.7421875,-0.0163597353
1.80625,1804,798.997742,799.0024,-0.7421875,-0.0163597353
1.80802,1805,798.997742,799.0023,-0.7324219,-0.0163597353
1.80803,1806,798.997742,799.0023,-0.7324219,-0.0163597353
1.80927,1807,798.997742,799.0023,-0.7324219,-0.0163597353
1.81115,1808,798.997742,799.0023,-0.7324219,-0.0163597353
1.81117,1809,798.997742,799.0023,-0.7324219,-0.0163597353
1.81237,1810,798.997742,799.0024,-0.7421875,0
1.81421,1811,798.997742,799.0024,-0.7421875,0
1.81425,1812,798.997742,799.0024,-0.7421875,0.0109064905
1.81604,1813,798.997742,799.0024,-0.7421875,0
1.81606,1814,798.997742,799.0024,-0.7421875,0
1.81744,1815,798.997742,799.0024,-0.7421875,0
1.81910,1816,798.997742,799.0024,-0.7421875,0
1.81913,1817,798.997742,799.0024,-0.7421875,0
1.82039,1818,798.997742,799.0024,-0.7421875,0
1.82223,1819,798.997742,799.0024,-0.7421875,0
1.82226,1820,798.997742,799.0024,-0.7421875,0
1.82404,1821,798.997742,799.0024,-0.7421875,0
1.82406,1822,798.997742,799.0024,-0.7421875,0
1.82530,1823,798.997742,799.0024,-0.7421875,0
1.82715,1824,798.997742,799.0024,-0.7421875,0
1.82719,1825,798.997742,799.0023,-0.7324219,0
1.82836,1826,798.997742,799.0023,-0.7324219,-0.0163597353
1.83020,1827,798.997742,799.0023,-0.7324219,-0.0163597353
1.83023,1828,798.997742,799.0023,-0.7324219,-0.0163597353
1.83205,1829,798.997742,799.0023,-0.7324219,-0.0163597353
1.83207,1830,798.997742,799.0023,-0.7324219,0
1.83327,1831,798.997742,799.0023,-0.7324219,0
1.83515,1832,798.997742,799.0023,-0.7324219,0
1.83518,1833,798.997742,799.0023,-0.7324219,0
1.83639,1834,798.997742,799.0023,-0.7324219,0
1.83821,1835,798.997742,799.0023,-0.7324219,-0.0272662267
1.83823,1836,798.997742,799.0023,-0.7324219,-0.0272662267
1.84004,1837,798.997742,799.0023,-0.7324219,-0.0272662267
1.84006,1838,798.997742,799.0023,-0.7324219,-0.0272662267
1.84127,1839,798.997742,799.0023,-0.7324219,-0.0163597353
1.84312,1840,798.997742,799.0023,-0.7324219,-0.0163597353
1.84314,1841,798.997742,799.002258,-0.72265625,-0.0163597353
1.84437,1842,798.997742,799.002258,-0.72265625,-0.0163597353
1.84620,1843,798.997742,799.002258,-0.72265625,-0.0163597353
1.84623,1844,798.997742,799.0023,-0.7324219,-0.0163597353
1.84808,1845,798.997742,799.0023,-0.7324219,0
1.84811,1846,798.997742,799.0023,-0.7324219,0
1.84933,1847,798.997742,799.0023,-0.7324219,0
1.85113,1848,798.997742,799.0023,-0.7324219,0
1.85116,1849,798.997742,799.0023,-0.7324219,0
1.85236,1850,798.997742,799.0023,-0.7324219,0
1.85424,1851,798.997742,799.0023,-0.7324219,0
1.85426,1852,798.997742,799.0023,-0.7324219,0
1.85602,1853,798.997742,799.0023,-0.7324219,0
1.85604,1854,798.997742,799.0023,-0.7324219,0
1.85730,1855,798.997742,799.0023,-0.7324219,0
1.85915,1856,798.997742,799.0023,-0.7324219,0
1.85918,1857,798.997742,799.002136,-0.703125,0
1.86038,1858,798.997742,799.002136,-0.703125,-0.0272662267
1.86221,1859,798.997742,799.002136,-0.703125,-0.0272662267
1.86225,1860,798.997742,799.002136,-0.703125,-0.0272662267
1.86405,1861,798.997742,799.002136,-0.703125,-0.0272662267
1.86409,1862,798.997742,799.002136,-0.703125,-0.0163597353
1.86527,1863,798.997742,799.002136,-0.703125,-0.0272662267
1.86743,1864,798.997742,799.002136,-0.703125,-0.0272662267
1.86750,1865,798.997742,799.002136,-0.703125,-0.0272662267
1.86839,1866,798.997742,799.0021,-0.6933594,-0.0272662267
1.87021,1867,798.997742,799.0021,-0.6933594,-0.0163597353
1.87023,1868,798.997742,799.0021,-0.6933594,-0.0163597353
1.87205,1869,798.997742,799.0021,-0.6933594,-0.0163597353
1.87208,1870,798.997742,799.0021,-0.6933594,-0.0163597353
1.87330,1871,798.997742,799.002136,-0.703125,-0.0163597353
1.87513,1872,798.997742,799.002136,-0.703125,0
1.87516,1873,798.997742,799.002136,-0.703125,0
1.87636,1874,798.997742,799.002136,-0.703125,0
1.87822,1875,798.997742,799.002136,-0.703125,0
1.87824,1876,798.997742,799.002136,-0.703125,0
1.88005,1877,798.997742,799.002136,-0.703125,0
1.88007,1878,798.997742,799.002136,-0.703125,0
1.88129,1879,798.997742,799.002136,-0.703125,0
1.88314,1880,798.997742,799.002136,-0.703125,0
1.88319,1881,798.997742,799.002136,-0.703125,0
1.88436,1882,798.997742,799.002136,-0.703125,0
1.88622,1883,798.997742,799.002136,-0.703125,0
1.88625,1884,798.997742,799.002136,-0.703125,0
1.88801,1885,798.997742,799.002136,-0.703125,0
1.88802,1886,798.997742,799.002136,-0.703125,0
1.88930,1887,798.997742,799.0021,-0.6933594,-0.0163597353
1.89114,1888,798.997742,799.0021,-0.6933594,-0.0163597353
1.89117,1889,798.997742,799.002,-0.68359375,-0.0163597353
1.89235,1890,798.997742,799.002,-0.68359375,-0.0272662267
1.89419,1891,798.997742,799.002,-0.68359375,-0.0163597353
1.89422,1892,798.997742,799.002,-0.68359375,-0.0163597353
1.89607,1893,798.997742,799.002,-0.68359375,-0.0163597353
1.89612,1894,798.997742,799.002,-0.68359375,-0.0163597353
1.89729,1895,798.997742,799.002,-0.68359375,-0.0163597353
1.89910,1896,798.997742,799.002,-0.68359375,-0.0163597353
1.89912,1897,798.997742,799.002,-0.68359375,0
1.90046,1898,798.997742,799.002,-0.68359375,0
1.90224,1899,798.997742,799.002,-0.68359375,0
1.90226,1900,798.997742,799.002,-0.68359375,0
1.90405,1901,798.997742,799.002,-0.68359375,0
1.90408,1902,798.997742,799.002,-0.68359375,0
1.90528,1903,798.997742,799.002,-0.68359375,0
1.90715,1904,798.997742,799.002,-0.68359375,0
1.90718,1905,798.997742,799.002,-0.68359375,0
1.90835,1906,798.997742,799.002,-0.68359375,0
1.91020,1907,798.997742,799.002,-0.68359375,0
1.91023,1908,798.997742,799.002,-0.68359375,0
1.91204,1909,798.997742,799.002,-0.68359375,0
1.91208,1910,798.997742,799.002,-0.68359375,0
1.91327,1911,798.997742,799.002,-0.68359375,0
1.91510,1912,798.997742,799.002,-0.68359375,0
1.91513,1913,798.997742,799.002,-0.68359375,0
1.91635,1914,798.997742,799.002,-0.68359375,-0.0163597353
1.91826,1915,798.997742,799.002,-0.68359375,-0.0163597353
1.91829,1916,798.997742,799.002,-0.68359375,-0.0163597353
1.92006,1917,798.997742,799.002,-0.68359375,-0.0272662267
1.92009,1918,798.997742,799.002,-0.68359375,-0.0163597353
1.92129,1919,798.997742,799.002,-0.68359375,-0.0163597353
1.92315,1920,798.997742,799.001953,-0.6738281,-0.0163597353
1.92318,1921,798.997742,799.001953,-0.6738281,-0.0163597353
1.92436,1922,798.997742,799.001953,-0.6738281,-0.0163597353
1.92620,1923,798.997742,799.001831,-0.6542969,-0.0163597353
1.92622,1924,798.997742,799.001831,-0.6542969,-0.0163597353
1.92805,1925,798.997742,799.001831,-0.6542969,-0.0163597353
1.92813,1926,798.997742,799.001831,-0.6542969,-0.0163597353
1.92926,1927,798.997742,799.001831,-0.6542969,-0.0163597353
1.93112,1928,798.997742,799.001831,-0.6542969,-0.0163597353
1.93116,1929,798.997742,799.001831,-0.6542969,-0.0163597353
1.93237,1930,798.997742,799.001831,-0.6542969,0
1.93421,1931,798.997742,799.001831,-0.6542969,0
1.93424,1932,798.997742,799.001831,-0.6542969,0
1.93608,1933,798.997742,799.001831,-0.6542969,0
1.93612,1934,798.997742,799.001831,-0.6542969,0
1.93729,1935,798.997742,799.001831,-0.6542969,0
1.93919,1936,798.997742,799.001831,-0.6542969,0
1.93924,1937,798.997742,799.001831,-0.6542969,0
1.94037,1938,798.997742,799.001831,-0.6542969,0
1.94220,1939,798.997742,799.001831,-0.6542969,0
1.94222,1940,798.997742,799.001831,-0.6542969,0
1.94404,1941,798.997742,799.001831,-0.6542969,0
1.94407,1942,798.997742,799.001831,-0.6542969,0
1.94528,1943,798.997742,799.001831,-0.6542969,0
1.94712,1944,798.997742,799.001831,-0.6542969,0
1.94714,1945,798.997742,799.001831,-0.6542969,0
1.94837,1946,798.997742,799.001831,-0.6542969,0
1.95025,1947,798.997742,799.001831,-0.6542969,0
1.95030,1948,798.997742,799.001831,-0.6542969,0
1.95205,1949,798.997742,799.001831,-0.6542969,0
1.95207,1950,798.997742,799.001831,-0.6542969,0
1.95329,1951,798.997742,799.001831,-0.6542969,0
1.95515,1952,798.997742,799.001831,-0.6542969,0
1.95518,1953,798.997742,799.001831,-0.6542969,0
1.95637,1954,798.997742,799.001831,-0.6542969,0
1.95823,1955,798.997742,799.001831,-0.6542969,0
1.95826,1956,798.997742,799.001831,-0.6542969,-0.0163597353
1.96003,1957,798.997742,799.001831,-0.6542969,-0.0272662267
1.96005,1958,798.997742,799.0018,-0.64453125,-0.0272662267
1.96128,1959,798.997742,799.0018,-0.64453125,-0.03817272
1.96310,1960,798.997742,799.0018,-0.64453125,-0.03817272
1.96313,1961,798.997742,799.0017,-0.6347656,-0.0163597353
1.96438,1962,798.997742,799.0017,-0.6347656,-0.0272662267
1.96621,1963,798.997742,799.0017,-0.6347656,-0.0272662267
1.96625,1964,798.997742,799.0017,-0.6347656,-0.0272662267
1.96803,1965,798.997742,799.0017,-0.6347656,-0.0272662267
1.96805,1966,798.997742,799.0017,-0.6347656,-0.0163597353
1.96929,1967,798.997742,799.0017,-0.6347656,-0.0163597353
1.97169,1968,798.997742,799.0017,-0.6347656,-0.0163597353
1.97173,1969,798.997742,799.0017,-0.6347656,-0.0163597353
1.97237,1970,798.997742,799.0017,-0.6347656,-0.0163597353
1.97422,1971,798.997742,799.0017,-0.6347656,0
1.97424,1972,798.997742,799.0017,-0.6347656,0
1.97610,1973,798.997742,799.0017,-0.6347656,0
1.97612,1974,798.997742,799.0017,-0.6347656,0.0109064905
1.97728,1975,798.997742,799.0017,-0.6347656,0.0109064905
1.97911,1976,798.997742,799.0017,-0.6347656,0.0109064905
1.97913,1977,798.997742,799.0017,-0.6347656,0.0109064905
1.98039,1978,798.997742,799.0017,-0.6347656,0
1.98223,1979,798.997742,799.0017,-0.6347656,0
1.98225,1980,798.997742,799.0017,-0.6347656,0
1.98407,1981,798.997742,799.0017,-0.6347656,-0.0163597353
1.98412,1982,798.997742,799.0017,-0.6347656,-0.0163597353
1.98527,1983,798.997742,799.0017,-0.6347656,-0.0163597353
1.98714,1984,798.997742,799.0017,-0.6347656,-0.0163597353
1.98717,1985,798.997742,799.0017,-0.6347656,-0.0272662267
1.98837,1986,798.997742,799.0016,-0.6152344,-0.0272662267
1.99022,1987,798.997742,799.0016,-0.6152344,-0.03817272
1.99027,1988,798.997742,799.0015,-0.60546875,-0.03817272
1.99202,1989,798.997742,799.0015,-0.60546875,-0.0272662267
1.99204,1990,798.997742,799.0015,-0.60546875,-0.0272662267
1.99328,1991,798.997742,799.0015,-0.60546875,-0.0272662267
1.99515,1992,798.997742,799.0015,-0.60546875,-0.03817272
1.99518,1993,798.997742,799.0015,-0.60546875,-0.03817272
1.99636,1994,798.997742,799.0015,-0.60546875,-0.0272662267
1.99821,1995,798.997742,799.0014,-0.5859375,-0.0272662267
1.99824,1996,798.997742,799.0014,-0.5859375,-0.0163597353
2.00005,1997,798.997742,799.0015,-0.60546875,-0.0163597353
2.00008,1998,798.997742,799.0015,-0.60546875,-0.0163597353
2.00128,1999,798.997742,799.0015,-0.60546875,0
2.00313,2000,798.997742,799.0015,-0.60546875,0
2.00317,2001,798.997742,799.0015,-0.60546875,0
2.00436,2002,798.997742,799.0015,-0.60546875,0
2.00621,2003,798.997742,799.0015,-0.60546875,0
2.00624,2004,798.997742,799.0015,-0.60546875,0
2.00802,2005,798.997742,799.0015,-0.60546875,0
2.00804,2006,798.997742,799.0015,-0.60546875,0
2.00926,2007,798.997742,799.0015,-0.60546875,0
2.01113,2008,798.997742,799.0015,-0.60546875,0
2.01116,2009,798.997742,799.0015,-0.60546875,0
2.01237,2010,798.997742,799.0015,-0.60546875,0
2.01422,2011,798.997742,799.0015,-0.60546875,0
2.01425,2012,798.997742,799.0015,-0.60546875,0
2.01603,2013,798.997742,799.0014,-0.5859375,0
2.01606,2014,798.997742,799.0014,-0.5859375,-0.0163597353
2.01731,2015,798.997742,799.0014,-0.5859375,-0.0163597353
2.01911,2016,798.997742,799.0014,-0.5859375,-0.0272662267
2.01913,2017,798.997742,799.0014,-0.5859375,-0.03817272
2.02039,2018,798.997742,799.0014,-0.5859375,-0.03817272
2.02223,2019,798.997742,799.0013,-0.56640625,-0.03817272
2.02226,2020,798.997742,799.0013,-0.56640625,-0.03817272
2.02403,2021,798.997742,799.0012,-0.5566406,-0.03817272
2.02408,2022,798.997742,799.0012,-0.5566406,-0.0272662267
2.02528,2023,798.997742,799.0012,-0.5566406,-0.0272662267
2.02712,2024,798.997742,799.0012,-0.5566406,-0.0272662267
2.02715,2025,798.997742,799.0012,-0.5566406,-0.0272662267
2.02835,2026,798.997742,799.0012,-0.5566406,-0.0272662267
2.03024,2027,798.997742,799.0012,-0.5566406,-0.0272662267
2.03029,2028,798.997742,799.0012,-0.5566406,-0.0163597353
2.03206,2029,798.997742,799.0012,-0.5566406,-0.0163597353
2.03208,2030,798.997742,799.0012,-0.5566406,0
2.03326,2031,798.997742,799.0012,-0.5566406,-0.0163597353
2.03516,2032,798.997742,799.0012,-0.5566406,0
2.03520,2033,798.997742,799.0012,-0.5566406,0
2.03638,2034,798.997742,799.0012,-0.5566406,0
2.03823,2035,798.997742,799.0012,-0.5566406,0
2.03827,2036,798.997742,799.0012,-0.5566406,0
2.04005,2037,798.997742,799.0012,-0.5566406,0
2.04009,2038,798.997742,799.0012,-0.5566406,0
2.04128,2039,798.997742,799.0012,-0.5566406,0
2.04317,2040,798.997742,799.0012,-0.5566406,0
2.04320,2041,798.997742,799.0012,-0.5566406,0
2.04437,2042,798.997742,799.0012,-0.5566406,0
2.04621,2043,798.997742,799.0012,-0.5566406,0
2.04624,2044,798.997742,799.0012,-0.5566406,0
2.04802,2045,798.997742,799.0012,-0.5566406,0
2.04806,2046,798.997742,799.0011,-0.5371094,-0.0163597353
2.04928,2047,798.997742,799.001038,-0.52734375,-0.0163597353
2.05119,2048,798.997742,799.001038,-0.52734375,-0.0272662267
2.05125,2049,798.997742,799.001038,-0.52734375,-0.03817272
2.05238,2050,798.997742,799.001038,-0.52734375,-0.04907921
2.05424,2051,798.997742,799.000854,-0.498046875,-0.04907921
2.05429,2052,798.997742,799.000854,-0.498046875,-0.04907921
2.05603,2053,798.997742,799.000854,-0.498046875,-0.04907921
2.05609,2054,798.997742,799.0008,-0.48828125,-0.04907921
2.05727,2055,798.997742,799.000732,-0.478515625,-0.04907921
2.05918,2056,798.997742,799.000732,-0.478515625,-0.04907921
2.05922,2057,798.997742,799.000732,-0.478515625,-0.04907921
2.06036,2058,798.997742,799.000549,-0.44921875,-0.0599856973
2.06220,2059,798.997742,799.000549,-0.44921875,-0.07089219
2.06222,2060,798.997742,799.0005,-0.439453125,-0.07089219
2.06403,2061,798.997742,799.0004,-0.4296875,-0.07089219
2.06406,2062,798.997742,799.0004,-0.4296875,-0.0599856973
2.06527,2063,798.997742,799.000244,-0.400390625,-0.07089219
2.06732,2064,798.997742,799.000244,-0.400390625,-0.07089219
2.06736,2065,798.997742,799.0001,-0.380859375,-0.08179868
2.06837,2066,798.997742,799.0001,-0.380859375,-0.08179868
2.07025,2067,798.997742,798.9999,-0.341796875,-0.08179868
2.07028,2068,798.997742,798.9999,-0.341796875,-0.09270517
2.07202,2069,798.997742,798.999756,-0.322265625,-0.09270517
2.07203,2070,798.997742,798.9997,-0.3125,-0.09270517
2.07329,2071,798.997742,798.9996,-0.29296875,-0.09270517
2.07511,2072,798.997742,798.9996,-0.29296875,-0.103611663
2.07513,2073,798.997742,798.999451,-0.2734375,-0.09270517
2.07638,2074,798.997742,798.9993,-0.25390625,-0.09270517
2.07822,2075,798.997742,798.999268,-0.244140625,-0.08179868
2.07825,2076,798.997742,798.999268,-0.244140625,-0.07089219
2.08001,2077,798.997742,798.999268,-0.244140625,-0.0599856973
2.08003,2078,798.997742,798.9993,-0.25390625,-0.03817272
2.08131,2079,798.997742,798.9993,-0.25390625,-0.0163597353
2.08313,2080,798.997742,798.999451,-0.2734375,0.0109064905
2.08315,2081,798.997742,798.999451,-0.2734375,0.021812981
2.08443,2082,798.997742,798.9996,-0.29296875,0.03271947
2.08625,2083,798.997742,798.9996,-0.29296875,0.043625962
2.08629,2084,798.997742,798.999756,-0.322265625,0.06543894
2.08801,2085,798.997742,798.9999,-0.341796875,0.06543894
2.08804,2086,798.997742,798.9999,-0.341796875,0.06543894
2.08928,2087,798.997742,798.9999,-0.341796875,0.0545324534
2.09111,2088,798.997742,799.0001,-0.380859375,0.0545324534
2.09114,2089,798.997742,799.0001,-0.380859375,0.0545324534
2.09236,2090,798.997742,799.0001,-0.380859375,0.0545324534
2.09422,2091,798.997742,799.0002,-0.390625,0.0545324534
2.09424,2092,798.997742,799.000244,-0.400390625,0.043625962
2.09601,2093,798.997742,799.000244,-0.400390625,0.043625962
2.09603,2094,798.997742,799.000244,-0.400390625,0.03271947
2.09728,2095,798.997742,799.000244,-0.400390625,0.021812981
2.09913,2096,798.997742,799.000244,-0.400390625,0.0109064905
2.09916,2097,798.997742,799.0002,-0.390625,0
2.10047,2098,798.997742,799.0002,-0.390625,-0.0272662267
2.10222,2099,798.997742,799.0001,-0.380859375,-0.03817272
2.10224,2100,798.997742,799,-0.361328125,-0.04907921
2.10407,2101,798.997742,799,-0.361328125,-0.0599856973
2.10412,2102,798.997742,798.9999,-0.341796875,-0.04907921
2.10533,2103,798.997742,798.9999,-0.341796875,-0.0599856973
2.10711,2104,798.997742,798.999756,-0.322265625,-0.0599856973
2.10714,2105,798.997742,798.999756,-0.322265625,-0.0599856973
2.10836,2106,798.997742,798.999756,-0.322265625,-0.0599856973
2.11023,2107,798.997742,798.9996,-0.29296875,-0.07089219
2.11026,2108,798.997742,798.9996,-0.29296875,-0.0599856973
2.11201,2109,798.997742,798.9996,-0.29296875,-0.0599856973
2.11204,2110,798.997742,798.9996,-0.29296875,-0.0599856973
2.11327,2111,798.997742,798.9996,-0.29296875,-0.0599856973
2.11510,2112,798.997742,798.9996,-0.29296875,-0.03817272
2.11513,2113,798.997742,798.9996,-0.29296875,-0.0272662267
2.11636,2114,798.997742,798.9996,-0.29296875,0
2.11825,2115,798.997742,798.9996,-0.29296875,0.0109064905
2.11829,2116,798.997742,798.9996,-0.29296875,0.021812981
2.12004,2117,798.997742,798.9997,-0.3125,0.021812981
2.12006,2118,798.997742,798.999756,-0.322265625,0.021812981
2.12129,2119,798.997742,798.999756,-0.322265625,0.03271947
2.12312,2120,798.997742,798.999756,-0.322265625,0.021812981
2.12315,2121,798.997742,798.999756,-0.322265625,0.021812981
2.12437,2122,798.997742,798.9999,-0.341796875,0.021812981
2.12621,2123,798.997742,798.9999,-0.341796875,0.021812981
2.12625,2124,798.997742,798.9999,-0.341796875,0.021812981
2.12802,2125,798.997742,798.9999,-0.341796875,0.021812981
2.12805,2126,798.997742,798.9999,-0.341796875,0.021812981
2.12928,2127,798.997742,798.9999,-0.341796875,0.021812981
2.13109,2128,798.997742,798.9999,-0.341796875,0.0109064905
2.13111,2129,798.997742,798.9999,-0.341796875,0
2.13235,2130,798.997742,798.9999,-0.341796875,-0.0163597353
2.13419,2131,798.997742,798.9999,-0.341796875,-0.0272662267
2.13426,2132,798.997742,798.999756,-0.322265625,-0.03817272
2.13602,2133,798.997742,798.999756,-0.322265625,-0.03817272
2.13604,2134,798.997742,798.999756,-0.322265625,-0.03817272
2.13729,2135,798.997742,798.999756,-0.322265625,-0.03817272
2.13911,2136,798.997742,798.999756,-0.322265625,-0.0272662267
2.13914,2137,798.997742,798.999756,-0.322265625,-0.03817272
2.14036,2138,798.997742,798.9997,-0.3125,-0.03817272
2.14220,2139,798.997742,798.9996,-0.29296875,-0.03817272
2.14221,2140,798.997742,798.9996,-0.29296875,-0.03817272
2.14400,2141,798.997742,798.9996,-0.29296875,-0.03817272
2.14401,2142,798.997742,798.9996,-0.29296875,-0.03817272
2.14528,2143,798.997742,798.9996,-0.29296875,-0.03817272
2.14710,2144,798.997742,798.9996,-0.29296875,-0.0163597353
2.14713,2145,798.997742,798.9996,-0.29296875,-0.0163597353
2.14836,2146,798.997742,798.9996,-0.29296875,0
2.15019,2147,798.997742,798.9996,-0.29296875,0.0109064905
2.15020,2148,798.997742,798.999756,-0.322265625,0.0109064905
2.15202,2149,798.997742,798.999756,-0.322265625,0.021812981
2.15204,2150,798.997742,798.999756,-0.322265625,0.021812981
2.15331,2151,798.997742,798.999756,-0.322265625,0.0109064905
2.15510,2152,798.997742,798.999756,-0.322265625,0.03271947
2.15511,2153,798.997742,798.9999,-0.341796875,0.021812981
2.15635,2154,798.997742,798.9999,-0.341796875,0.021812981
2.15820,2155,798.997742,798.9999,-0.341796875,0.03271947
2.15822,2156,798.997742,798.9999,-0.341796875,0.021812981
2.16006,2157,798.997742,798.9999,-0.341796875,0.021812981
2.16010,2158,798.997742,798.9999,-0.341796875,0.021812981
2.16132,2159,798.997742,799,-0.361328125,0.021812981
2.16317,2160,798.997742,798.9999,-0.341796875,0.021812981
2.16321,2161,798.997742,798.9999,-0.341796875,0
2.16436,2162,798.997742,798.9999,-0.341796875,-0.0272662267
2.16619,2163,798.997742,798.9999,-0.341796875,-0.0272662267
2.16621,2164,798.997742,798.9999,-0.341796875,-0.03817272
2.16801,2165,798.997742,798.999756,-0.322265625,-0.03817272
2.16803,2166,798.997742,798.999756,-0.322265625,-0.04907921
2.16928,2167,798.997742,798.999756,-0.322265625,-0.04907921
2.17116,2168,798.997742,798.9997,-0.3125,-0.04907921
2.17122,2169,798.997742,798.9996,-0.29296875,-0.04907921
2.17236,2170,798.997742,798.9996,-0.29296875,-0.04907921
2.17418,2171,798.997742,798.9996,-0.29296875,-0.04907921
2.17419,2172,798.997742,798.9996,-0.29296875,-0.03817272
2.17602,2173,798.997742,798.9996,-0.29296875,-0.03817272
2.17604,2174,798.997742,798.9996,-0.29296875,-0.03817272
2.17727,2175,798.997742,798.9996,-0.29296875,-0.0272662267
2.17912,2176,798.997742,798.9996,-0.29296875,-0.0272662267
2.17915,2177,798.997742,798.9996,-0.29296875,-0.0272662267
2.18038,2178,798.997742,798.9996,-0.29296875,-0.0163597353
2.18219,2179,798.997742,798.9996,-0.29296875,0
2.18220,2180,798.997742,798.9996,-0.29296875,0.0109064905
2.18403,2181,798.997742,798.9996,-0.29296875,0.021812981
2.18405,2182,798.997742,798.9996,-0.29296875,0.0109064905
2.18527,2183,798.997742,798.9996,-0.29296875,0.0109064905
2.18715,2184,798.997742,798.9996,-0.29296875,0.0109064905
2.18719,2185,798.997742,798.9997,-0.3125,0
2.18840,2186,798.997742,798.999756,-0.322265625,0.0109064905
2.19020,2187,798.997742,798.999756,-0.322265625,0.0109064905
2.19024,2188,798.997742,798.999756,-0.322265625,0.0109064905
2.19201,2189,798.997742,798.999756,-0.322265625,0.0109064905
2.19203,2190,798.997742,798.999756,-0.322265625,0.0109064905
2.19329,2191,798.997742,798.999756,-0.322265625,-0.0163597353
2.19510,2192,798.997742,798.999756,-0.322265625,-0.0163597353
2.19512,2193,798.997742,798.9997,-0.3125,-0.0272662267
2.19636,2194,798.997742,798.9997,-0.3125,-0.0272662267
2.19818,2195,798.997742,798.9997,-0.3125,-0.0272662267
2.19819,2196,798.997742,798.9996,-0.29296875,-0.03817272
2.20002,2197,798.997742,798.9996,-0.29296875,-0.03817272
2.20003,2198,798.997742,798.9996,-0.29296875,-0.03817272
2.20129,2199,798.997742,798.9996,-0.29296875,-0.03817272
2.20310,2200,798.997742,798.9996,-0.29296875,-0.0163597353
2.20312,2201,798.997742,798.9996,-0.29296875,-0.0163597353
2.20438,2202,798.997742,798.9996,-0.29296875,-0.0163597353
2.20619,2203,798.997742,798.9996,-0.29296875,-0.0163597353
2.20621,2204,798.997742,798.9996,-0.29296875,0
2.20801,2205,798.997742,798.9996,-0.29296875,0
2.20804,2206,798.997742,798.9996,-0.29296875,0
2.20928,2207,798.997742,798.9996,-0.29296875,0
2.21113,2208,798.997742,798.9996,-0.29296875,0
2.21117,2209,798.997742,798.9996,-0.29296875,0
2.21237,2210,798.997742,798.9996,-0.29296875,0
2.21418,2211,798.997742,798.9996,-0.29296875,0
2.21426,2212,798.997742,798.9996,-0.29296875,0
2.21602,2213,798.997742,798.9996,-0.29296875,0
2.21604,2214,798.997742,798.9996,-0.29296875,0
2.21754,2215,798.997742,798.9996,-0.29296875,0
2.21914,2216,798.997742,798.9996,-0.29296875,0
2.21915,2217,798.997742,798.9996,-0.29296875,0
2.22040,2218,798.997742,798.9996,-0.29296875,0
2.22219,2219,798.997742,798.9996,-0.29296875,0
2.22220,2220,798.997742,798.9996,-0.29296875,0
2.22406,2221,798.997742,798.9996,-0.29296875,0
2.22408,2222,798.997742,798.9996,-0.29296875,0
2.22529,2223,798.997742,798.9996,-0.29296875,0
2.22711,2224,798.997742,798.9996,-0.29296875,0
2.22714,2225,798.997742,798.9996,-0.29296875,-0.0163597353
2.22835,2226,798.997742,798.9996,-0.29296875,-0.0163597353
2.23019,2227,798.997742,798.9996,-0.29296875,-0.0163597353
2.23020,2228,798.997742,798.9996,-0.29296875,-0.0163597353
2.23202,2229,798.997742,798.9996,-0.29296875,-0.0163597353
2.23204,2230,798.997742,798.9996,-0.29296875,0
2.23328,2231,798.997742,798.9996,-0.29296875,0
2.23513,2232,798.997742,798.9996,-0.29296875,0
2.23517,2233,798.997742,798.9996,-0.29296875,0
2.23636,2234,798.997742,798.9996,-0.29296875,0
2.23818,2235,798.997742,798.9996,-0.29296875,0
2.23820,2236,798.997742,798.9996,-0.29296875,0
2.24002,2237,798.997742,798.9996,-0.29296875,0
2.24004,2238,798.997742,798.9996,-0.29296875,0
2.24129,2239,798.997742,798.9996,-0.29296875,0
2.24310,2240,798.997742,798.9996,-0.29296875,0
2.24312,2241,798.997742,798.9996,-0.29296875,0
2.24435,2242,798.997742,798.9996,-0.29296875,0
2.24622,2243,798.997742,798.9996,-0.29296875,0
2.24624,2244,798.997742,798.9996,-0.29296875,0
2.24803,2245,798.997742,798.9996,-0.29296875,0
2.24805,2246,798.997742,798.9996,-0.29296875,0
2.24928,2247,798.997742,798.9996,-0.29296875,0
2.25115,2248,798.997742,798.9996,-0.29296875,0
2.25118,2249,798.997742,798.9996,-0.29296875,0
2.25238,2250,798.997742,798.9996,-0.29296875,0
2.25420,2251,798.997742,798.9996,-0.29296875,-0.0163597353
2.25425,2252,798.997742,798.9996,-0.29296875,-0.0272662267
2.25602,2253,798.997742,798.9996,-0.29296875,-0.0272662267
2.25604,2254,798.997742,798.9996,-0.29296875,-0.0272662267
2.25728,2255,798.997742,798.9996,-0.29296875,-0.0272662267
2.25913,2256,798.997742,798.999451,-0.2734375,-0.0163597353
2.25916,2257,798.997742,798.999451,-0.2734375,-0.0163597353
2.26039,2258,798.997742,798.999451,-0.2734375,-0.0163597353
2.26218,2259,798.997742,798.999451,-0.2734375,-0.0163597353
2.26220,2260,798.997742,798.999451,-0.2734375,-0.0163597353
2.26405,2261,798.997742,798.999451,-0.2734375,-0.0163597353
2.26407,2262,798.997742,798.999451,-0.2734375,-0.0163597353
2.26527,2263,798.997742,798.999451,-0.2734375,-0.0163597353
2.26721,2264,798.997742,798.999451,-0.2734375,0
2.26725,2265,798.997742,798.999451,-0.2734375,0
2.26838,2266,798.997742,798.999451,-0.2734375,0
2.27020,2267,798.997742,798.999451,-0.2734375,0
2.27022,2268,798.997742,798.999451,-0.2734375,0
2.27205,2269,798.997742,798.999451,-0.2734375,0
2.27208,2270,798.997742,798.999451,-0.2734375,0
2.27328,2271,798.997742,798.999451,-0.2734375,0
2.27513,2272,798.997742,798.999451,-0.2734375,0
2.27515,2273,798.997742,798.999451,-0.2734375,0
2.27637,2274,798.997742,798.999451,-0.2734375,0
2.27820,2275,798.997742,798.999451,-0.2734375,0
2.27822,2276,798.997742,798.999451,-0.2734375,0
2.28005,2277,798.997742,798.999451,-0.2734375,0
2.28009,2278,798.997742,798.999451,-0.2734375,0
2.28127,2279,798.997742,798.999451,-0.2734375,0
2.28314,2280,798.997742,798.999451,-0.2734375,0
2.28318,2281,798.997742,798.999451,-0.2734375,0
2.28440,2282,798.997742,798.999451,-0.2734375,0
2.28619,2283,798.997742,798.999451,-0.2734375,0
2.28620,2284,798.997742,798.999451,-0.2734375,0
2.28803,2285,798.997742,798.999451,-0.2734375,0
2.28805,2286,798.997742,798.999451,-0.2734375,0
2.28931,2287,798.997742,798.999451,-0.2734375,0
2.29111,2288,798.997742,798.999451,-0.2734375,0
2.29113,2289,798.997742,798.999451,-0.2734375,0
2.29237,2290,798.997742,798.999451,-0.2734375,0
2.29420,2291,798.997742,798.999451,-0.2734375,0
2.29423,2292,798.997742,798.999451,-0.2734375,0
2.29607,2293,798.997742,798.999451,-0.2734375,0
2.29610,2294,798.997742,798.999451,-0.2734375,0
2.29728,2295,798.997742,798.999451,-0.2734375,0
2.29914,2296,798.997742,798.999451,-0.2734375,-0.0163597353
2.29918,2297,798.997742,798.999451,-0.2734375,-0.0163597353
2.30043,2298,798.997742,798.999451,-0.2734375,-0.0163597353
2.30221,2299,798.997742,798.999451,-0.2734375,-0.0272662267
2.30223,2300,798.997742,798.999451,-0.2734375,-0.0163597353
2.30405,2301,798.997742,798.9993,-0.25390625,-0.0163597353
2.30409,2302,798.997742,798.9993,-0.25390625,-0.0163597353
2.30529,2303,798.997742,798.999451,-0.2734375,-0.0163597353
2.30721,2304,798.997742,798.999451,-0.2734375,-0.0163597353
2.30725,2305,798.997742,798.999451,-0.2734375,0
2.30838,2306,798.997742,798.999451,-0.2734375,0
2.31021,2307,798.997742,798.999451,-0.2734375,0
2.31024,2308,798.997742,798.999451,-0.2734375,0
2.31205,2309,798.997742,798.999451,-0.2734375,0
2.31207,2310,798.997742,798.999451,-0.2734375,0
2.31335,2311,798.997742,798.999451,-0.2734375,0
2.31516,2312,798.997742,798.999451,-0.2734375,0
2.31520,2313,798.997742,798.999451,-0.2734375,0
2.31636,2314,798.997742,798.999451,-0.2734375,0
2.31821,2315,798.997742,798.999451,-0.2734375,0
2.31824,2316,798.997742,798.999451,-0.2734375,0
2.32002,2317,798.997742,798.999451,-0.2734375,0
2.32004,2318,798.997742,798.999451,-0.2734375,0
2.32129,2319,798.997742,798.999451,-0.2734375,0
2.32312,2320,798.997742,798.999451,-0.2734375,0
2.32315,2321,798.997742,798.999451,-0.2734375,0
2.32439,2322,798.997742,798.999451,-0.2734375,0
2.32620,2323,798.997742,798.999451,-0.2734375,0
2.32622,2324,798.997742,798.999451,-0.2734375,0
2.32805,2325,798.997742,798.999451,-0.2734375,0
2.32806,2326,798.997742,798.999451,-0.2734375,0
2.32928,2327,798.997742,798.999451,-0.2734375,0
2.33113,2328,798.997742,798.999451,-0.2734375,0
2.33115,2329,798.997742,798.999451,-0.2734375,0
2.33236,2330,798.997742,798.9993,-0.25390625,0
2.33426,2331,798.997742,798.9993,-0.25390625,-0.0163597353
2.33433,2332,798.997742,798.9993,-0.25390625,-0.0163597353
2.33604,2333,798.997742,798.999268,-0.244140625,-0.0272662267
2.33605,2334,798.997742,798.999268,-0.244140625,-0.0272662267
2.33728,2335,798.997742,798.999268,-0.244140625,-0.0163597353
2.33911,2336,798.997742,798.999268,-0.244140625,-0.0163597353
2.33913,2337,798.997742,798.999268,-0.244140625,-0.0163597353
2.34037,2338,798.997742,798.999268,-0.244140625,-0.0163597353
2.34220,2339,798.997742,798.999268,-0.244140625,-0.0163597353
2.34222,2340,798.997742,798.999268,-0.244140625,0
2.34404,2341,798.997742,798.999268,-0.244140625,0
2.34406,2342,798.997742,798.999268,-0.244140625,0.0109064905
2.34530,2343,798.997742,798.999268,-0.244140625,0
2.34712,2344,798.997742,798.999268,-0.244140625,0
2.34714,2345,798.997742,798.999268,-0.244140625,0
2.34836,2346,798.997742,798.999268,-0.244140625,0
2.35021,2347,798.997742,798.999268,-0.244140625,0
2.35022,2348,798.997742,798.999268,-0.244140625,0
2.35207,2349,798.997742,798.999268,-0.244140625,0
2.35208,2350,798.997742,798.999268,-0.244140625,0
2.35329,2351,798.997742,798.999268,-0.244140625,0
2.35514,2352,798.997742,798.999268,-0.244140625,0
2.35518,2353,798.997742,798.999268,-0.244140625,0
2.35636,2354,798.997742,798.999268,-0.244140625,0
2.35820,2355,798.997742,798.999268,-0.244140625,0
2.35824,2356,798.997742,798.999268,-0.244140625,0
2.36005,2357,798.997742,798.999268,-0.244140625,0
2.36009,2358,798.997742,798.999268,-0.244140625,0
2.36129,2359,798.997742,798.999268,-0.244140625,0
2.36313,2360,798.997742,798.999268,-0.244140625,0
2.36316,2361,798.997742,798.999268,-0.244140625,0
2.36437,2362,798.997742,798.999268,-0.244140625,0
2.36622,2363,798.997742,798.999268,-0.244140625,0
2.36624,2364,798.997742,798.999268,-0.244140625,0
2.36803,2365,798.997742,798.999268,-0.244140625,0
2.36806,2366,798.997742,798.999268,-0.244140625,0
2.36929,2367,798.997742,798.999268,-0.244140625,0
2.37114,2368,798.997742,798.999268,-0.244140625,0
2.37117,2369,798.997742,798.999268,-0.244140625,0
2.37240,2370,798.997742,798.999268,-0.244140625,0
2.37422,2371,798.997742,798.999268,-0.244140625,0
2.37426,2372,798.997742,798.999268,-0.244140625,0
2.37607,2373,798.997742,798.999268,-0.244140625,0
2.37611,2374,798.997742,798.999268,-0.244140625,0
2.37727,2375,798.997742,798.999268,-0.244140625,0
2.37913,2376,798.997742,798.999268,-0.244140625,0
2.37915,2377,798.997742,798.999268,-0.244140625,0
2.38035,2378,798.997742,798.999268,-0.244140625,0
2.38220,2379,798.997742,798.999268,-0.244140625,0
2.38222,2380,798.997742,798.999268,-0.244140625,0
2.38405,2381,798.997742,798.999268,-0.244140625,0
2.38409,2382,798.997742,798.999268,-0.244140625,0
2.38528,2383,798.997742,798.999268,-0.244140625,0
2.38716,2384,798.997742,798.999268,-0.244140625,0
2.38721,2385,798.997742,798.999268,-0.244140625,0
2.38837,2386,798.997742,798.999268,-0.244140625,0
2.39022,2387,798.997742,798.999268,-0.244140625,0
2.39024,2388,798.997742,798.999268,-0.244140625,0
2.39203,2389,798.997742,798.999268,-0.244140625,0
2.39206,2390,798.997742,798.999268,-0.244140625,0
2.39329,2391,798.997742,798.999268,-0.244140625,0
2.39514,2392,798.997742,798.999268,-0.244140625,0
2.39517,2393,798.997742,798.999268,-0.244140625,0
2.39636,2394,798.997742,798.999268,-0.244140625,0
2.39823,2395,798.997742,798.999268,-0.244140625,0
2.39827,2396,798.997742,798.999268,-0.244140625,0
2.40003,2397,798.997742,798.999268,-0.244140625,0
2.40006,2398,798.997742,798.999268,-0.244140625,0
2.40128,2399,798.997742,798.999268,-0.244140625,-0.0163597353
2.40315,2400,798.997742,798.999268,-0.244140625,-0.0163597353
2.40319,2401,798.997742,798.999268,-0.244140625,-0.0163597353
2.40439,2402,798.997742,798.999268,-0.244140625,-0.0163597353
2.40623,2403,798.997742,798.999268,-0.244140625,0
2.40625,2404,798.997742,798.999268,-0.244140625,0
2.40802,2405,798.997742,798.999268,-0.244140625,0
2.40804,2406,798.997742,798.999268,-0.244140625,0
2.40941,2407,798.997742,798.999268,-0.244140625,0
2.41112,2408,798.997742,798.999268,-0.244140625,0
2.41115,2409,798.997742,798.999268,-0.244140625,0
2.41236,2410,798.997742,798.999268,-0.244140625,0
2.41422,2411,798.997742,798.999268,-0.244140625,0
2.41424,2412,798.997742,798.999268,-0.244140625,0
2.41603,2413,798.997742,798.999268,-0.244140625,0
2.41607,2414,798.997742,798.999268,-0.244140625,0
2.41744,2415,798.997742,798.999268,-0.244140625,0
2.41914,2416,798.997742,798.999268,-0.244140625,0
2.41919,2417,798.997742,798.999268,-0.244140625,0
2.42037,2418,798.997742,798.999268,-0.244140625,0
2.42220,2419,798.997742,798.999268,-0.244140625,0
2.42223,2420,798.997742,798.999268,-0.244140625,0
2.42406,2421,798.997742,798.999268,-0.244140625,0
2.42408,2422,798.997742,798.999268,-0.244140625,-0.0163597353
2.42528,2423,798.997742,798.999268,-0.244140625,-0.0272662267
2.42714,2424,798.997742,798.999268,-0.244140625,-0.0272662267
2.42716,2425,798.997742,798.999268,-0.244140625,-0.0272662267
2.42835,2426,798.997742,798.9992,-0.234375,-0.0163597353
2.43021,2427,798.997742,798.9992,-0.234375,-0.0163597353
2.43023,2428,798.997742,798.9992,-0.234375,-0.0163597353
2.43202,2429,798.997742,798.999146,-0.224609375,-0.0163597353
2.43204,2430,798.997742,798.9992,-0.234375,-0.0163597353
2.43335,2431,798.997742,798.9992,-0.234375,-0.0163597353
2.43515,2432,798.997742,798.9992,-0.234375,0
2.43517,2433,798.997742,798.9992,-0.234375,0
2.43637,2434,798.997742,798.9992,-0.234375,0
2.43824,2435,798.997742,798.9992,-0.234375,0
2.43826,2436,798.997742,798.9992,-0.234375,0
2.44010,2437,798.997742,798.9992,-0.234375,0
2.44014,2438,798.997742,798.9992,-0.234375,0
2.44131,2439,798.997742,798.9992,-0.234375,0
2.44318,2440,798.997742,798.9992,-0.234375,0
2.44321,2441,798.997742,798.9992,-0.234375,0
2.44436,2442,798.997742,798.9992,-0.234375,0
2.44622,2443,798.997742,798.9992,-0.234375,0
2.44625,2444,798.997742,798.9992,-0.234375,0
2.44803,2445,798.997742,798.9992,-0.234375,0
2.44804,2446,798.997742,798.9992,-0.234375,0
2.44928,2447,798.997742,798.9992,-0.234375,0
2.45113,2448,798.997742,798.9992,-0.234375,0
2.45117,2449,798.997742,798.9992,-0.234375,0
2.45239,2450,798.997742,798.9992,-0.234375,0
2.45425,2451,798.997742,798.9992,-0.234375,0
2.45428,2452,798.997742,798.9992,-0.234375,0
2.45605,2453,798.997742,798.9992,-0.234375,0
2.45607,2454,798.997742,798.9992,-0.234375,0
2.45730,2455,798.997742,798.9992,-0.234375,0
2.45913,2456,798.997742,798.9992,-0.234375,0
2.45916,2457,798.997742,798.9992,-0.234375,0
2.46036,2458,798.997742,798.9992,-0.234375,0
2.46219,2459,798.997742,798.9992,-0.234375,0
2.46222,2460,798.997742,798.9992,-0.234375,0
2.46404,2461,798.997742,798.9992,-0.234375,0
2.46408,2462,798.997742,798.9992,-0.234375,0
2.46528,2463,798.997742,798.9992,-0.234375,0
2.46739,2464,798.997742,798.999146,-0.224609375,-0.0163597353
2.46750,2465,798.997742,798.999146,-0.224609375,-0.0163597353
2.46838,2466,798.997742,798.999146,-0.224609375,-0.0163597353
2.47026,2467,798.997742,798.999146,-0.224609375,-0.0272662267
2.47029,2468,798.997742,798.999146,-0.224609375,-0.0272662267
2.47204,2469,798.997742,798.999146,-0.224609375,-0.0163597353
2.47207,2470,798.997742,798.999146,-0.224609375,-0.0163597353
2.47330,2471,798.997742,798.999146,-0.224609375,-0.0163597353
2.47515,2472,798.997742,798.999146,-0.224609375,-0.0163597353
2.47518,2473,798.997742,798.999146,-0.224609375,-0.0163597353
2.47637,2474,798.997742,798.999146,-0.224609375,0
2.47823,2475,798.997742,798.999146,-0.224609375,0
2.47828,2476,798.997742,798.999146,-0.224609375,0
2.48004,2477,798.997742,798.999146,-0.224609375,0
2.48005,2478,798.997742,798.999146,-0.224609375,0
2.48128,2479,798.997742,798.999146,-0.224609375,0
2.48314,2480,798.997742,798.999146,-0.224609375,0
2.48316,2481,798.997742,798.999146,-0.224609375,0
2.48438,2482,798.997742,798.999146,-0.224609375,0
2.48620,2483,798.997742,798.999146,-0.224609375,0
2.48624,2484,798.997742,798.999146,-0.224609375,0
2.48803,2485,798.997742,798.999146,-0.224609375,0
2.48805,2486,798.997742,798.999146,-0.224609375,0
2.48928,2487,798.997742,798.999146,-0.224609375,0
2.49113,2488,798.997742,798.999146,-0.224609375,0
2.49116,2489,798.997742,798.999146,-0.224609375,0
2.49237,2490,798.997742,798.999146,-0.224609375,0
2.49419,2491,798.997742,798.999146,-0.224609375,0
2.49421,2492,798.997742,798.999146,-0.224609375,0
2.49608,2493,798.997742,798.999146,-0.224609375,0
2.49611,2494,798.997742,798.999146,-0.224609375,0
2.49729,2495,798.997742,798.999146,-0.224609375,0
2.49915,2496,798.997742,798.999146,-0.224609375,0
2.49918,2497,798.997742,798.999146,-0.224609375,0
2.50049,2498,798.997742,798.999146,-0.224609375,0
2.50223,2499,798.997742,798.999146,-0.224609375,0
2.50226,2500,798.997742,798.999146,-0.224609375,0
2.50404,2501,798.997742,798.999146,-0.224609375,0
2.50406,2502,798.997742,798.999146,-0.224609375,0
2.50526,2503,798.997742,798.999146,-0.224609375,-0.0163597353
2.50713,2504,798.997742,798.999146,-0.224609375,-0.0163597353
2.50717,2505,798.997742,798.999146,-0.224609375,-0.0272662267
2.50837,2506,798.997742,798.999,-0.205078125,-0.0272662267
2.51022,2507,798.997742,798.999,-0.205078125,-0.0272662267
2.51024,2508,798.997742,798.999,-0.205078125,-0.0272662267
2.51209,2509,798.997742,798.998962,-0.1953125,-0.0163597353
2.51214,2510,798.997742,798.998962,-0.1953125,-0.0163597353
2.51328,2511,798.997742,798.998962,-0.1953125,-0.0163597353
2.51513,2512,798.997742,798.999,-0.205078125,0
2.51516,2513,798.997742,798.999146,-0.224609375,0
2.51635,2514,798.997742,798.999146,-0.224609375,0.0109064905
2.51823,2515,798.997742,798.999146,-0.224609375,0
2.51827,2516,798.997742,798.999146,-0.224609375,0
2.52008,2517,798.997742,798.999146,-0.224609375,0
2.52012,2518,798.997742,798.999146,-0.224609375,0
2.52128,2519,798.997742,798.999146,-0.224609375,0
2.52313,2520,798.997742,798.999146,-0.224609375,0
2.52315,2521,798.997742,798.999146,-0.224609375,0
2.52435,2522,798.997742,798.999146,-0.224609375,0
2.52620,2523,798.997742,798.999146,-0.224609375,0
2.52624,2524,798.997742,798.999146,-0.224609375,0
2.52806,2525,798.997742,798.999146,-0.224609375,0
2.52808,2526,798.997742,798.999146,-0.224609375,0
2.52928,2527,798.997742,798.999146,-0.224609375,0
2.53113,2528,798.997742,798.999146,-0.224609375,0
2.53117,2529,798.997742,798.999146,-0.224609375,0
2.53235,2530,798.997742,798.999146,-0.224609375,0
2.53427,2531,798.997742,798.999146,-0.224609375,0
2.53429,2532,798.997742,798.999146,-0.224609375,0
2.53611,2533,798.997742,798.999146,-0.224609375,0
2.53616,2534,798.997742,798.999146,-0.224609375,0
2.53728,2535,798.997742,798.999,-0.205078125,-0.0163597353
2.53914,2536,798.997742,798.999,-0.205078125,-0.0163597353
2.53917,2537,798.997742,798.999,-0.205078125,-0.0163597353
2.54036,2538,798.997742,798.999,-0.205078125,-0.0163597353
2.54223,2539,798.997742,798.999,-0.205078125,0
2.54226,2540,798.997742,798.999,-0.205078125,0
2.54404,2541,798.997742,798.999,-0.205078125,0
2.54407,2542,798.997742,798.999,-0.205078125,0
2.54527,2543,798.997742,798.999,-0.205078125,0
2.54714,2544,798.997742,798.999,-0.205078125,0
2.54717,2545,798.997742,798.999,-0.205078125,0
2.54836,2546,798.997742,798.999,-0.205078125,0
2.55023,2547,798.997742,798.999,-0.205078125,0
2.55028,2548,798.997742,798.999,-0.205078125,0
2.55208,2549,798.997742,798.999,-0.205078125,0
2.55211,2550,798.997742,798.999,-0.205078125,0
2.55328,2551,798.997742,798.999,-0.205078125,0
2.55512,2552,798.997742,798.999,-0.205078125,0
2.55515,2553,798.997742,798.999,-0.205078125,0
2.55639,2554,798.997742,798.999,-0.205078125,0
2.55823,2555,798.997742,798.999,-0.205078125,0
2.55827,2556,798.997742,798.999,-0.205078125,0
2.56004,2557,798.997742,798.999,-0.205078125,0
2.56007,2558,798.997742,798.999,-0.205078125,0
2.56138,2559,798.997742,798.999,-0.205078125,0
2.56314,2560,798.997742,798.999,-0.205078125,0
2.56317,2561,798.997742,798.999,-0.205078125,0
2.56435,2562,798.997742,798.999,-0.205078125,0
2.56621,2563,798.997742,798.999,-0.205078125,0
2.56624,2564,798.997742,798.999,-0.205078125,0
2.56803,2565,798.997742,798.999,-0.205078125,0
2.56805,2566,798.997742,798.999,-0.205078125,0
2.56927,2567,798.997742,798.999,-0.205078125,0
2.57114,2568,798.997742,798.999,-0.205078125,0
2.57117,2569,798.997742,798.999,-0.205078125,0
2.57245,2570,798.997742,798.999,-0.205078125,0
2.57424,2571,798.997742,798.999,-0.205078125,0
2.57426,2572,798.997742,798.999,-0.205078125,0
2.57603,2573,798.997742,798.999,-0.205078125,0
2.57604,2574,798.997742,798.999,-0.205078125,0
2.57726,2575,798.997742,798.999,-0.205078125,0
2.57912,2576,798.997742,798.999,-0.205078125,0
2.57914,2577,798.997742,798.999,-0.205078125,0
2.58036,2578,798.997742,798.999,-0.205078125,0
2.58227,2579,798.997742,798.999,-0.205078125,0
2.58230,2580,798.997742,798.999,-0.205078125,0
2.58404,2581,798.997742,798.999,-0.205078125,0
2.58408,2582,798.997742,798.999,-0.205078125,0
2.58529,2583,798.997742,798.999,-0.205078125,0
2.58715,2584,798.997742,798.999,-0.205078125,0
2.58719,2585,798.997742,798.999,-0.205078125,-0.0163597353
2.58837,2586,798.997742,798.998962,-0.1953125,-0.0272662267
2.59022,2587,798.997742,798.998962,-0.1953125,-0.0272662267
2.59024,2588,798.997742,798.998962,-0.1953125,-0.0272662267
2.59202,2589,798.997742,798.998962,-0.1953125,-0.0163597353
2.59204,2590,798.997742,798.998962,-0.1953125,-0.0163597353
2.59327,2591,798.997742,798.998962,-0.1953125,-0.0163597353
2.59513,2592,798.997742,798.998962,-0.1953125,0
2.59515,2593,798.997742,798.998962,-0.1953125,0
2.59637,2594,798.997742,798.998962,-0.1953125,0
2.59822,2595,798.997742,798.998962,-0.1953125,0
2.59824,2596,798.997742,798.998962,-0.1953125,0
2.60001,2597,798.997742,798.998962,-0.1953125,0
2.60002,2598,798.997742,798.998962,-0.1953125,0
2.60127,2599,798.997742,798.998962,-0.1953125,0
2.60310,2600,798.997742,798.998962,-0.1953125,0
2.60314,2601,798.997742,798.998962,-0.1953125,0
2.60439,2602,798.997742,798.998962,-0.1953125,0
2.60622,2603,798.997742,798.998962,-0.1953125,0
2.60624,2604,798.997742,798.998962,-0.1953125,0
2.60802,2605,798.997742,798.998962,-0.1953125,0
2.60804,2606,798.997742,798.998962,-0.1953125,0
2.60927,2607,798.997742,798.998962,-0.1953125,0
2.61110,2608,798.997742,798.998962,-0.1953125,0
2.61113,2609,798.997742,798.998962,-0.1953125,0
2.61239,2610,798.997742,798.998962,-0.1953125,0
2.61420,2611,798.997742,798.998962,-0.1953125,0
2.61422,2612,798.997742,798.998962,-0.1953125,0
2.61601,2613,798.997742,798.998962,-0.1953125,0
2.61602,2614,798.997742,798.998962,-0.1953125,0
2.61734,2615,798.997742,798.998962,-0.1953125,0
2.61911,2616,798.997742,798.998962,-0.1953125,0
2.61913,2617,798.997742,798.998962,-0.1953125,0
2.62036,2618,798.997742,798.998962,-0.1953125,0
2.62220,2619,798.997742,798.998962,-0.1953125,0
2.62223,2620,798.997742,798.998962,-0.1953125,0
2.62401,2621,798.997742,798.998962,-0.1953125,0
2.62402,2622,798.997742,798.998962,-0.1953125,0
2.62527,2623,798.997742,798.998962,-0.1953125,0
2.62711,2624,798.997742,798.998962,-0.1953125,0
2.62713,2625,798.997742,798.998962,-0.1953125,0
2.62837,2626,798.997742,798.998962,-0.1953125,0
2.63022,2627,798.997742,798.998962,-0.1953125,0
2.63026,2628,798.997742,798.998962,-0.1953125,0
2.63201,2629,798.997742,798.998962,-0.1953125,0
2.63202,2630,798.997742,798.998962,-0.1953125,0
2.63330,2631,798.997742,798.998962,-0.1953125,0
2.63511,2632,798.997742,798.998962,-0.1953125,0
2.63514,2633,798.997742,798.998962,-0.1953125,0
2.63636,2634,798.997742,798.998962,-0.1953125,0
2.63824,2635,798.997742,798.998962,-0.1953125,0
2.63826,2636,798.997742,798.998962,-0.1953125,0
2.64001,2637,798.997742,798.998962,-0.1953125,-0.0272662267
2.64002,2638,798.997742,798.9989,-0.185546875,-0.0272662267
2.64129,2639,798.997742,798.9989,-0.185546875,-0.0272662267
2.64309,2640,798.997742,798.9989,-0.185546875,-0.0272662267
2.64312,2641,798.997742,798.9989,-0.185546875,-0.0163597353
2.64436,2642,798.997742,798.9989,-0.185546875,-0.0163597353
2.64617,2643,798.997742,798.9989,-0.185546875,-0.0163597353
2.64620,2644,798.997742,798.9989,-0.185546875,0
2.64800,2645,798.997742,798.9989,-0.185546875,0
2.64802,2646,798.997742,798.9989,-0.185546875,0
2.64929,2647,798.997742,798.9989,-0.185546875,0
2.65111,2648,798.997742,798.9989,-0.185546875,0
2.65112,2649,798.997742,798.9989,-0.185546875,0
2.65236,2650,798.997742,798.9989,-0.185546875,0
2.65420,2651,798.997742,798.9989,-0.185546875,0
2.65424,2652,798.997742,798.9989,-0.185546875,0
2.65601,2653,798.997742,798.9989,-0.185546875,0
2.65602,2654,798.997742,798.9989,-0.185546875,0
2.65729,2655,798.997742,798.9989,-0.185546875,0
2.65910,2656,798.997742,798.9989,-0.185546875,0
2.65911,2657,798.997742,798.9989,-0.185546875,0
2.66038,2658,798.997742,798.9989,-0.185546875,0
2.66218,2659,798.997742,798.9989,-0.185546875,0
2.66219,2660,798.997742,798.9989,-0.185546875,0
2.66401,2661,798.997742,798.9989,-0.185546875,0
2.66403,2662,798.997742,798.9989,-0.185546875,0
2.66529,2663,798.997742,798.9989,-0.185546875,0
2.66739,2664,798.997742,798.9989,-0.185546875,0
2.66751,2665,798.997742,798.9989,-0.185546875,0
2.66839,2666,798.997742,798.9989,-0.185546875,0
2.67022,2667,798.997742,798.9989,-0.185546875,0
2.67026,2668,798.997742,798.9989,-0.185546875,0
2.67204,2669,798.997742,798.9989,-0.185546875,0
2.67206,2670,798.997742,798.9989,-0.185546875,0
2.67331,2671,798.997742,798.9989,-0.185546875,0
2.67512,2672,798.997742,798.9989,-0.185546875,0
2.67514,2673,798.997742,798.9989,-0.185546875,0
2.67635,2674,798.997742,798.9989,-0.185546875,0
2.67818,2675,798.997742,798.9989,-0.185546875,0
2.67820,2676,798.997742,798.9989,-0.185546875,0
2.68002,2677,798.997742,798.9989,-0.185546875,0
2.68005,2678,798.997742,798.9989,-0.185546875,0
2.68130,2679,798.997742,798.9989,-0.185546875,0
2.68313,2680,798.997742,798.9989,-0.185546875,0
2.68316,2681,798.997742,798.9989,-0.185546875,0
2.68436,2682,798.997742,798.9989,-0.185546875,0
2.68618,2683,798.997742,798.9989,-0.185546875,0
2.68620,2684,798.997742,798.9989,-0.185546875,0
2.68801,2685,798.997742,798.9989,-0.185546875,0
2.68803,2686,798.997742,798.9989,-0.185546875,0
2.68928,2687,798.997742,798.9988,-0.166015625,-0.0163597353
2.69110,2688,798.997742,798.9988,-0.166015625,-0.0163597353
2.69111,2689,798.997742,798.9988,-0.166015625,-0.0163597353
2.69235,2690,798.997742,798.9988,-0.166015625,-0.0272662267
2.69418,2691,798.997742,798.9988,-0.166015625,-0.0163597353
2.69419,2692,798.997742,798.9988,-0.166015625,-0.0163597353
2.69602,2693,798.997742,798.9988,-0.166015625,0
2.69603,2694,798.997742,798.9988,-0.166015625,0
2.69729,2695,798.997742,798.9988,-0.166015625,0
2.69915,2696,798.997742,798.9988,-0.166015625,0
2.69917,2697,798.997742,798.9988,-0.166015625,0
2.70045,2698,798.997742,798.9988,-0.166015625,0
2.70222,2699,798.997742,798.9988,-0.166015625,0
2.70225,2700,798.997742,798.9988,-0.166015625,0
2.70402,2701,798.997742,798.9988,-0.166015625,0
2.70403,2702,798.997742,798.9988,-0.166015625,0
2.70529,2703,798.997742,798.9988,-0.166015625,0
2.70709,2704,798.997742,798.9988,-0.166015625,0
2.70711,2705,798.997742,798.9988,-0.166015625,0
2.70838,2706,798.997742,798.9988,-0.166015625,0
2.71018,2707,798.997742,798.9988,-0.166015625,0
2.71021,2708,798.997742,798.9988,-0.166015625,0
2.71203,2709,798.997742,798.9988,-0.166015625,0
2.71206,2710,798.997742,798.9988,-0.166015625,0
2.71328,2711,798.997742,798.9988,-0.166015625,0
2.71512,2712,798.997742,798.9988,-0.166015625,0
2.71514,2713,798.997742,798.9988,-0.166015625,0
2.71642,2714,798.997742,798.9988,-0.166015625,0
2.71820,2715,798.997742,798.9988,-0.166015625,0
2.71822,2716,798.997742,798.9988,-0.166015625,0
2.72003,2717,798.997742,798.9988,-0.166015625,0
2.72006,2718,798.997742,798.9988,-0.166015625,0
2.72127,2719,798.997742,798.9988,-0.166015625,0
2.72311,2720,798.997742,798.9988,-0.166015625,0
2.72313,2721,798.997742,798.9988,-0.166015625,0
2.72435,2722,798.997742,798.9988,-0.166015625,0
2.72618,2723,798.997742,798.9988,-0.166015625,0
2.72619,2724,798.997742,798.9988,-0.166015625,0
2.72802,2725,798.997742,798.9988,-0.166015625,0
2.72804,2726,798.997742,798.9988,-0.166015625,0
2.72928,2727,798.997742,798.9988,-0.166015625,0
2.73109,2728,798.997742,798.9988,-0.166015625,0
2.73111,2729,798.997742,798.9988,-0.166015625,0
2.73237,2730,798.997742,798.9988,-0.166015625,0
2.73423,2731,798.997742,798.9988,-0.166015625,0
2.73428,2732,798.997742,798.9988,-0.166015625,0
2.73603,2733,798.997742,798.9988,-0.166015625,0
2.73605,2734,798.997742,798.9988,-0.166015625,0
2.73728,2735,798.997742,798.9988,-0.166015625,0
2.73910,2736,798.997742,798.9988,-0.166015625,0
2.73912,2737,798.997742,798.9988,-0.166015625,0
2.74036,2738,798.997742,798.9988,-0.166015625,0
2.74219,2739,798.997742,798.9988,-0.166015625,0
2.74221,2740,798.997742,798.9988,-0.166015625,0
2.74407,2741,798.997742,798.9988,-0.166015625,0
2.74409,2742,798.997742,798.9988,-0.166015625,0
2.74531,2743,798.997742,798.9988,-0.166015625,0
2.74713,2744,798.997742,798.9988,-0.166015625,0
2.74715,2745,798.997742,798.9988,-0.166015625,0
2.74836,2746,798.997742,798.9988,-0.166015625,0
2.75018,2747,798.997742,798.9988,-0.166015625,0
2.75020,2748,798.997742,798.9988,-0.166015625,0
2.75212,2749,798.997742,798.9988,-0.166015625,0
2.75214,2750,798.997742,798.9988,-0.166015625,0
2.75328,2751,798.997742,798.9988,-0.166015625,0
2.75509,2752,798.997742,798.9988,-0.166015625,0
2.75511,2753,798.997742,798.9988,-0.166015625,0
2.75636,2754,798.997742,798.9988,-0.166015625,0
2.75818,2755,798.997742,798.9988,-0.166015625,0
2.75819,2756,798.997742,798.9988,-0.166015625,0
2.76006,2757,798.997742,798.9988,-0.166015625,0
2.76013,2758,798.997742,798.9988,-0.166015625,0
2.76127,2759,798.997742,798.9988,-0.166015625,0
2.76311,2760,798.997742,798.9988,-0.166015625,0
2.76313,2761,798.997742,798.9988,-0.166015625,0
2.76437,2762,798.997742,798.9988,-0.166015625,0
2.76618,2763,798.997742,798.9988,-0.166015625,0
2.76620,2764,798.997742,798.9988,-0.166015625,0
2.76806,2765,798.997742,798.9988,-0.166015625,0
2.76810,2766,798.997742,798.9988,-0.166015625,0
2.76929,2767,798.997742,798.9988,-0.166015625,-0.0163597353
2.77111,2768,798.997742,798.9988,-0.166015625,-0.0163597353
2.77113,2769,798.997742,798.9988,-0.166015625,-0.0163597353
2.77236,2770,798.997742,798.9988,-0.166015625,-0.0272662267
2.77418,2771,798.997742,798.9988,-0.166015625,-0.0272662267
2.77419,2772,798.997742,798.9988,-0.166015625,-0.0163597353
2.77602,2773,798.997742,798.9988,-0.166015625,-0.0163597353
2.77603,2774,798.997742,798.9987,-0.15625,-0.0163597353
2.77729,2775,798.997742,798.9988,-0.166015625,-0.0163597353
2.77911,2776,798.997742,798.9988,-0.166015625,-0.0163597353
2.77914,2777,798.997742,798.9988,-0.166015625,0
2.78036,2778,798.997742,798.9988,-0.166015625,0
2.78219,2779,798.997742,798.9988,-0.166015625,0
2.78221,2780,798.997742,798.9988,-0.166015625,0
2.78407,2781,798.997742,798.9988,-0.166015625,0
2.78412,2782,798.997742,798.9988,-0.166015625,0
2.78528,2783,798.997742,798.9988,-0.166015625,0
2.78712,2784,798.997742,798.9988,-0.166015625,0
2.78714,2785,798.997742,798.9988,-0.166015625,0
2.78835,2786,798.997742,798.9988,-0.166015625,0
2.79022,2787,798.997742,798.9988,-0.166015625,0
2.79023,2788,798.997742,798.9988,-0.166015625,0
2.79203,2789,798.997742,798.9988,-0.166015625,0
2.79205,2790,798.997742,798.9988,-0.166015625,0
2.79329,2791,798.997742,798.9988,-0.166015625,0
2.79513,2792,798.997742,798.9988,-0.166015625,0
2.79515,2793,798.997742,798.9988,-0.166015625,0
2.79636,2794,798.997742,798.9988,-0.166015625,0
2.79819,2795,798.997742,798.9988,-0.166015625,0
2.79820,2796,798.997742,798.9988,-0.166015625,0
2.80003,2797,798.997742,798.9988,-0.166015625,0
2.80005,2798,798.997742,798.9988,-0.166015625,0
2.80127,2799,798.997742,798.9988,-0.166015625,0
2.80316,2800,798.997742,798.9988,-0.166015625,0
2.80319,2801,798.997742,798.9988,-0.166015625,0
2.80435,2802,798.997742,798.9988,-0.166015625,0
2.80621,2803,798.997742,798.9988,-0.166015625,0
2.80622,2804,798.997742,798.9988,-0.166015625,0
2.80808,2805,798.997742,798.9988,-0.166015625,0
2.80810,2806,798.997742,798.9988,-0.166015625,0
2.80928,2807,798.997742,798.9988,-0.166015625,-0.0163597353
2.81113,2808,798.997742,798.9988,-0.166015625,-0.0163597353
2.81115,2809,798.997742,798.9988,-0.166015625,-0.0163597353
2.81236,2810,798.997742,798.9987,-0.15625,-0.0272662267
2.81420,2811,798.997742,798.998657,-0.146484375,-0.0272662267
2.81421,2812,798.997742,798.998657,-0.146484375,-0.0272662267
2.81602,2813,798.997742,798.998657,-0.146484375,-0.0272662267
2.81606,2814,798.997742,798.998657,-0.146484375,-0.0272662267
2.81746,2815,798.997742,798.9987,-0.15625,-0.0163597353
2.81911,2816,798.997742,798.9987,-0.15625,0
2.81913,2817,798.997742,798.9987,-0.15625,0
2.82037,2818,798.997742,798.9987,-0.15625,0.0109064905
2.82219,2819,798.997742,798.9987,-0.15625,0.0109064905
2.82221,2820,798.997742,798.9987,-0.15625,0
2.82403,2821,798.997742,798.9987,-0.15625,0
2.82406,2822,798.997742,798.9987,-0.15625,0
2.82529,2823,798.997742,798.9987,-0.15625,0
2.82712,2824,798.997742,798.9987,-0.15625,0
2.82714,2825,798.997742,798.9987,-0.15625,0
2.82836,2826,798.997742,798.9987,-0.15625,0
2.83020,2827,798.997742,798.9987,-0.15625,0
2.83022,2828,798.997742,798.9987,-0.15625,0
2.83204,2829,798.997742,798.9987,-0.15625,0
2.83206,2830,798.997742,798.9987,-0.15625,0
2.83326,2831,798.997742,798.9987,-0.15625,0
2.83515,2832,798.997742,798.9987,-0.15625,0
2.83518,2833,798.997742,798.9987,-0.15625,0
2.83637,2834,798.997742,798.9987,-0.15625,0
2.83822,2835,798.997742,798.9987,-0.15625,0
2.83826,2836,798.997742,798.9987,-0.15625,0
2.84004,2837,798.997742,798.9987,-0.15625,0
2.84006,2838,798.997742,798.9987,-0.15625,0
2.84127,2839,798.997742,798.9987,-0.15625,0
2.84312,2840,798.997742,798.9987,-0.15625,0
2.84315,2841,798.997742,798.9987,-0.15625,0
2.84437,2842,798.997742,798.9987,-0.15625,0
2.84620,2843,798.997742,798.9987,-0.15625,0
2.84624,2844,798.997742,798.9987,-0.15625,0
2.84804,2845,798.997742,798.9987,-0.15625,0
2.84807,2846,798.997742,798.9987,-0.15625,0
2.84927,2847,798.997742,798.9987,-0.15625,0
2.85116,2848,798.997742,798.9987,-0.15625,0
2.85119,2849,798.997742,798.9987,-0.15625,0
2.85237,2850,798.997742,798.9987,-0.15625,0
2.85419,2851,798.997742,798.9987,-0.15625,0
2.85422,2852,798.997742,798.9987,-0.15625,0
2.85606,2853,798.997742,798.9987,-0.15625,0
2.85609,2854,798.997742,798.9987,-0.15625,0
2.85729,2855,798.997742,798.9987,-0.15625,0
2.85914,2856,798.997742,798.9987,-0.15625,0
2.85918,2857,798.997742,798.998657,-0.146484375,-0.0163597353
2.86036,2858,798.997742,798.998657,-0.146484375,-0.0163597353
2.86218,2859,798.997742,798.998657,-0.146484375,-0.0272662267
2.86221,2860,798.997742,798.998657,-0.146484375,-0.0272662267
2.86406,2861,798.997742,798.998657,-0.146484375,-0.0272662267
2.86408,2862,798.997742,798.998657,-0.146484375,-0.0272662267
2.86527,2863,798.997742,798.998657,-0.146484375,-0.0163597353
2.86741,2864,798.997742,798.998657,-0.146484375,-0.0163597353
2.86752,2865,798.997742,798.998657,-0.146484375,-0.0163597353
2.86847,2866,798.997742,798.998657,-0.146484375,-0.0163597353
2.87020,2867,798.997742,798.998657,-0.146484375,-0.0163597353
2.87022,2868,798.997742,798.998657,-0.146484375,0
2.87204,2869,798.997742,798.998657,-0.146484375,0
2.87206,2870,798.997742,798.998657,-0.146484375,0
2.87326,2871,798.997742,798.998657,-0.146484375,0
2.87510,2872,798.997742,798.998657,-0.146484375,0
2.87511,2873,798.997742,798.998657,-0.146484375,0
2.87639,2874,798.997742,798.998657,-0.146484375,0
2.87824,2875,798.997742,798.998657,-0.146484375,0
2.87827,2876,798.997742,798.998657,-0.146484375,0
2.88011,2877,798.997742,798.998657,-0.146484375,0
2.88015,2878,798.997742,798.998657,-0.146484375,0
2.88127,2879,798.997742,798.998657,-0.146484375,0
2.88313,2880,798.997742,798.998657,-0.146484375,0
2.88317,2881,798.997742,798.998657,-0.146484375,0
2.88442,2882,798.997742,798.998657,-0.146484375,0
2.88626,2883,798.997742,798.998657,-0.146484375,0
2.88628,2884,798.997742,798.998657,-0.146484375,0
2.88805,2885,798.997742,798.998657,-0.146484375,0
2.88809,2886,798.997742,798.998657,-0.146484375,0
2.88927,2887,798.997742,798.998657,-0.146484375,0
2.89115,2888,798.997742,798.998657,-0.146484375,0
2.89122,2889,798.997742,798.998657,-0.146484375,0
2.89238,2890,798.997742,798.998657,-0.146484375,0
2.89420,2891,798.997742,798.998657,-0.146484375,0
2.89423,2892,798.997742,798.998657,-0.146484375,0
2.89604,2893,798.997742,798.998657,-0.146484375,0
2.89606,2894,798.997742,798.998657,-0.146484375,0
2.89728,2895,798.997742,798.998657,-0.146484375,0
2.89916,2896,798.997742,798.998657,-0.146484375,0
2.89919,2897,798.997742,798.998657,-0.146484375,0
2.90044,2898,798.997742,798.998657,-0.146484375,0
2.90225,2899,798.997742,798.998657,-0.146484375,0
2.90227,2900,798.997742,798.998657,-0.146484375,0
2.90405,2901,798.997742,798.998657,-0.146484375,0
2.90408,2902,798.997742,798.998657,-0.146484375,0
2.90527,2903,798.997742,798.998657,-0.146484375,0
2.90713,2904,798.997742,798.998657,-0.146484375,0
2.90715,2905,798.997742,798.998657,-0.146484375,0
2.90836,2906,798.997742,798.998657,-0.146484375,0
2.91021,2907,798.997742,798.998657,-0.146484375,0
2.91025,2908,798.997742,798.998657,-0.146484375,0
2.91203,2909,798.997742,798.998657,-0.146484375,0
2.91206,2910,798.997742,798.998657,-0.146484375,0
2.91327,2911,798.997742,798.998657,-0.146484375,-0.0163597353
2.91514,2912,798.997742,798.998657,-0.146484375,-0.0163597353
2.91520,2913,798.997742,798.998657,-0.146484375,-0.0163597353
2.91640,2914,798.997742,798.998657,-0.146484375,-0.0163597353
2.91823,2915,798.997742,798.998657,-0.146484375,0
2.91826,2916,798.997742,798.998657,-0.146484375,0
2.92006,2917,798.997742,798.9986,-0.13671875,-0.0163597353
2.92009,2918,798.997742,798.9986,-0.13671875,-0.0272662267
2.92132,2919,798.997742,798.9986,-0.13671875,-0.0272662267
2.92315,2920,798.997742,798.9986,-0.13671875,-0.0272662267
2.92319,2921,798.997742,798.9985,-0.1171875,-0.0272662267
2.92435,2922,798.997742,798.9985,-0.1171875,-0.0163597353
2.92622,2923,798.997742,798.9985,-0.1171875,-0.0163597353
2.92626,2924,798.997742,798.9985,-0.1171875,-0.0163597353
2.92805,2925,798.997742,798.9986,-0.13671875,-0.0163597353
2.92807,2926,798.997742,798.9986,-0.13671875,0
2.92927,2927,798.997742,798.9986,-0.13671875,0.0109064905
2.93113,2928,798.997742,798.9986,-0.13671875,0.0109064905
2.93116,2929,798.997742,798.9986,-0.13671875,0
2.93236,2930,798.997742,798.9986,-0.13671875,0
2.93431,2931,798.997742,798.9986,-0.13671875,0
2.93436,2932,798.997742,798.9986,-0.13671875,0
2.93610,2933,798.997742,798.9986,-0.13671875,0
2.93612,2934,798.997742,798.9986,-0.13671875,0
2.93731,2935,798.997742,798.9986,-0.13671875,0
2.93916,2936,798.997742,798.9986,-0.13671875,0
2.93920,2937,798.997742,798.9986,-0.13671875,0
2.94036,2938,798.997742,798.9986,-0.13671875,0
2.94222,2939,798.997742,798.9986,-0.13671875,0
2.94224,2940,798.997742,798.9986,-0.13671875,0
2.94404,2941,798.997742,798.9986,-0.13671875,0
2.94407,2942,798.997742,798.9986,-0.13671875,0
2.94527,2943,798.997742,798.9986,-0.13671875,0
2.94715,2944,798.997742,798.9986,-0.13671875,0
2.94722,2945,798.997742,798.9986,-0.13671875,0
2.94837,2946,798.997742,798.9986,-0.13671875,0
2.95023,2947,798.997742,798.9986,-0.13671875,0
2.95025,2948,798.997742,798.9986,-0.13671875,0
2.95203,2949,798.997742,798.9986,-0.13671875,0
2.95205,2950,798.997742,798.9986,-0.13671875,0
2.95330,2951,798.997742,798.9986,-0.13671875,0
2.95511,2952,798.997742,798.9986,-0.13671875,0
2.95514,2953,798.997742,798.9986,-0.13671875,0
2.95636,2954,798.997742,798.9986,-0.13671875,0
2.95819,2955,798.997742,798.9986,-0.13671875,0
2.95820,2956,798.997742,798.9986,-0.13671875,0
2.96005,2957,798.997742,798.9986,-0.13671875,0
2.96006,2958,798.997742,798.9986,-0.13671875,0
2.96132,2959,798.997742,798.9986,-0.13671875,0
2.96311,2960,798.997742,798.9986,-0.13671875,0
2.96313,2961,798.997742,798.9986,-0.13671875,0
2.96441,2962,798.997742,798.9986,-0.13671875,0
2.96621,2963,798.997742,798.9986,-0.13671875,0
2.96622,2964,798.997742,798.9986,-0.13671875,0
2.96803,2965,798.997742,798.9986,-0.13671875,0
2.96805,2966,798.997742,798.9986,-0.13671875,0
2.96930,2967,798.997742,798.9986,-0.13671875,0
2.97115,2968,798.997742,798.9986,-0.13671875,0
2.97118,2969,798.997742,798.9986,-0.13671875,0
2.97236,2970,798.997742,798.9986,-0.13671875,0
2.97422,2971,798.997742,798.9985,-0.1171875,-0.0163597353
2.97425,2972,798.997742,798.9985,-0.1171875,-0.0163597353
2.97606,2973,798.997742,798.9985,-0.1171875,-0.0163597353
2.97609,2974,798.997742,798.9985,-0.1171875,-0.0163597353
2.97730,2975,798.997742,798.9985,-0.1171875,-0.0163597353
2.97912,2976,798.997742,798.9985,-0.1171875,0
2.97913,2977,798.997742,798.9985,-0.1171875,0
2.98036,2978,798.997742,798.9985,-0.1171875,0
2.98220,2979,798.997742,798.9985,-0.1171875,0
2.98222,2980,798.997742,798.9985,-0.1171875,0
2.98410,2981,798.997742,798.9985,-0.1171875,0
2.98415,2982,798.997742,798.9985,-0.1171875,0
2.98529,2983,798.997742,798.9985,-0.1171875,0
2.98712,2984,798.997742,798.9985,-0.1171875,0
2.98714,2985,798.997742,798.9985,-0.1171875,0
2.98836,2986,798.997742,798.9985,-0.1171875,0
2.99021,2987,798.997742,798.9985,-0.1171875,0
2.99024,2988,798.997742,798.9985,-0.1171875,0
2.99204,2989,798.997742,798.9985,-0.1171875,0
2.99206,2990,798.997742,798.9985,-0.1171875,0
2.99331,2991,798.997742,798.9985,-0.1171875,0
2.99515,2992,798.997742,798.9985,-0.1171875,0
2.99518,2993,798.997742,798.9985,-0.1171875,0
2.99635,2994,798.997742,798.9985,-0.1171875,0
2.99820,2995,798.997742,798.9985,-0.1171875,0
2.99822,2996,798.997742,798.9985,-0.1171875,0
3.00004,2997,798.997742,798.9985,-0.1171875,0
3.00005,2998,798.997742,798.9985,-0.1171875,0
3.00129,2999,798.997742,798.9985,-0.1171875,0
3.00314,3000,798.997742,798.9985,-0.1171875,0
3.00316,3001,798.997742,798.9985,-0.1171875,0
3.00437,3002,798.997742,798.9985,-0.1171875,0
3.00621,3003,798.997742,798.9985,-0.1171875,0
3.00624,3004,798.997742,798.9985,-0.1171875,0
3.00803,3005,798.997742,798.9985,-0.1171875,0
3.00805,3006,798.997742,798.9985,-0.1171875,0
3.00930,3007,798.997742,798.9985,-0.1171875,0
3.01114,3008,798.997742,798.9985,-0.1171875,0
3.01117,3009,798.997742,798.9985,-0.1171875,0
3.01236,3010,798.997742,798.9985,-0.1171875,0
3.01422,3011,798.997742,798.9985,-0.1171875,0
3.01425,3012,798.997742,798.9985,-0.1171875,0
3.01605,3013,798.997742,798.9985,-0.1171875,0
3.01607,3014,798.997742,798.9985,-0.1171875,0
3.01746,3015,798.997742,798.9985,-0.1171875,0
3.01923,3016,798.997742,798.9985,-0.1171875,0
3.01937,3017,798.997742,798.9985,-0.1171875,0
3.02037,3018,798.997742,798.9985,-0.1171875,0
3.02223,3019,798.997742,798.9985,-0.1171875,0
3.02225,3020,798.997742,798.9985,-0.1171875,0
3.02404,3021,798.997742,798.9985,-0.1171875,0
3.02406,3022,798.997742,798.9985,-0.1171875,0
3.02528,3023,798.997742,798.9985,-0.1171875,0
3.02715,3024,798.997742,798.9985,-0.1171875,0
3.02719,3025,798.997742,798.9985,-0.1171875,0
3.02836,3026,798.997742,798.9985,-0.1171875,0
3.03025,3027,798.997742,798.9985,-0.1171875,0
3.03027,3028,798.997742,798.9985,-0.1171875,0
3.03202,3029,798.997742,798.9985,-0.1171875,0
3.03205,3030,798.997742,798.9985,-0.1171875,0
3.03327,3031,798.997742,798.9985,-0.1171875,0
3.03513,3032,798.997742,798.9985,-0.1171875,0
3.03518,3033,798.997742,798.9985,-0.1171875,0
3.03636,3034,798.997742,798.9985,-0.1171875,0
3.03824,3035,798.997742,798.9985,-0.1171875,0
3.03827,3036,798.997742,798.9985,-0.1171875,0
3.04003,3037,798.997742,798.9985,-0.1171875,0
3.04007,3038,798.997742,798.9985,-0.1171875,0
3.04129,3039,798.997742,798.9985,-0.1171875,0
3.04315,3040,798.997742,798.9985,-0.1171875,0
3.04317,3041,798.997742,798.9985,-0.1171875,0
3.04435,3042,798.997742,798.9985,-0.1171875,0
3.04622,3043,798.997742,798.9985,-0.1171875,0
3.04626,3044,798.997742,798.9985,-0.1171875,0
3.04804,3045,798.997742,798.9985,-0.1171875,0
3.04806,3046,798.997742,798.9985,-0.1171875,0
3.04929,3047,798.997742,798.9985,-0.1171875,0
3.05112,3048,798.997742,798.9985,-0.1171875,0
3.05113,3049,798.997742,798.9985,-0.1171875,0
3.05237,3050,798.997742,798.9985,-0.1171875,0
3.05421,3051,798.997742,798.9985,-0.1171875,0
3.05425,3052,798.997742,798.9985,-0.1171875,0
3.05604,3053,798.997742,798.9985,-0.1171875,0
3.05606,3054,798.997742,798.9985,-0.1171875,0
3.05730,3055,798.997742,798.9985,-0.1171875,0
3.05915,3056,798.997742,798.9985,-0.1171875,0
3.05917,3057,798.997742,798.9985,-0.1171875,0
3.06037,3058,798.997742,798.9985,-0.1171875,0
3.06220,3059,798.997742,798.9985,-0.1171875,0
3.06224,3060,798.997742,798.9985,-0.1171875,0
3.06403,3061,798.997742,798.9985,-0.1171875,0
3.06407,3062,798.997742,798.9985,-0.1171875,0
3.06530,3063,798.997742,798.9985,-0.1171875,0
3.06739,3064,798.997742,798.9985,-0.1171875,0
3.06743,3065,798.997742,798.9985,-0.1171875,0
3.06837,3066,798.997742,798.9985,-0.1171875,0
3.07021,3067,798.997742,798.9985,-0.1171875,0
3.07025,3068,798.997742,798.9985,-0.1171875,0
3.07206,3069,798.997742,798.9985,-0.1171875,0
3.07210,3070,798.997742,798.9985,-0.1171875,0
3.07329,3071,798.997742,798.9985,-0.1171875,0
3.07516,3072,798.997742,798.9985,-0.1171875,0
3.07519,3073,798.997742,798.9985,-0.1171875,0
3.07638,3074,798.997742,798.9985,-0.1171875,0
3.07823,3075,798.997742,798.9985,-0.1171875,0
3.07826,3076,798.997742,798.9985,-0.1171875,0
3.08002,3077,798.997742,798.9985,-0.1171875,0
3.08004,3078,798.997742,798.9985,-0.1171875,0
3.08129,3079,798.997742,798.9985,-0.1171875,0
3.08311,3080,798.997742,798.9985,-0.1171875,0
3.08313,3081,798.997742,798.9985,-0.1171875,0
3.08437,3082,798.997742,798.9985,-0.1171875,0
3.08620,3083,798.997742,798.9985,-0.1171875,0
3.08622,3084,798.997742,798.9985,-0.1171875,0
3.08805,3085,798.997742,798.9985,-0.1171875,0
3.08807,3086,798.997742,798.9985,-0.1171875,0
3.08928,3087,798.997742,798.9985,-0.1171875,0
3.09116,3088,798.997742,798.9985,-0.1171875,0
3.09118,3089,798.997742,798.9985,-0.1171875,0
3.09237,3090,798.997742,798.9985,-0.1171875,0
3.09421,3091,798.997742,798.9985,-0.1171875,0
3.09425,3092,798.997742,798.9985,-0.1171875,0
3.09601,3093,798.997742,798.9985,-0.1171875,0
3.09602,3094,798.997742,798.9985,-0.1171875,-0.0272662267
3.09728,3095,798.997742,798.9985,-0.1171875,-0.0272662267
3.09914,3096,798.997742,798.9985,-0.1171875,-0.0272662267
3.09917,3097,798.997742,798.9985,-0.1171875,-0.0272662267
3.10042,3098,798.997742,798.9984,-0.107421875,-0.0163597353
3.10221,3099,798.997742,798.9984,-0.107421875,-0.0163597353
3.10223,3100,798.997742,798.9984,-0.107421875,-0.0163597353
3.10407,3101,798.997742,798.9984,-0.107421875,-0.0163597353
3.10410,3102,798.997742,798.9985,-0.1171875,-0.0163597353
3.10529,3103,798.997742,798.9985,-0.1171875,0
3.10713,3104,798.997742,798.9985,-0.1171875,0
3.10716,3105,798.997742,798.9985,-0.1171875,0
3.10837,3106,798.997742,798.9985,-0.1171875,0
3.11021,3107,798.997742,798.9985,-0.1171875,0
3.11024,3108,798.997742,798.9985,-0.1171875,0
3.11202,3109,798.997742,798.9985,-0.1171875,0
3.11205,3110,798.997742,798.9985,-0.1171875,0
3.11329,3111,798.997742,798.9985,-0.1171875,0
3.11510,3112,798.997742,798.9985,-0.1171875,0
3.11513,3113,798.997742,798.9985,-0.1171875,0
3.11636,3114,798.997742,798.9985,-0.1171875,0
3.11823,3115,798.997742,798.9985,-0.1171875,0
3.11825,3116,798.997742,798.9985,-0.1171875,0
3.12004,3117,798.997742,798.9985,-0.1171875,0
3.12009,3118,798.997742,798.9985,-0.1171875,0
3.12128,3119,798.997742,798.9985,-0.1171875,0
3.12313,3120,798.997742,798.9985,-0.1171875,0
3.12315,3121,798.997742,798.9985,-0.1171875,0
3.12440,3122,798.997742,798.9985,-0.1171875,0
3.12623,3123,798.997742,798.9985,-0.1171875,0
3.12625,3124,798.997742,798.9985,-0.1171875,0
3.12802,3125,798.997742,798.9985,-0.1171875,0
3.12805,3126,798.997742,798.9985,-0.1171875,0
3.12928,3127,798.997742,798.9985,-0.1171875,0
3.13110,3128,798.997742,798.9984,-0.107421875,0
3.13111,3129,798.997742,798.9984,-0.107421875,-0.0163597353
3.13236,3130,798.997742,798.998352,-0.09765625,-0.0163597353
3.13424,3131,798.997742,798.998352,-0.09765625,-0.0272662267
3.13426,3132,798.997742,798.998352,-0.09765625,-0.0163597353
3.13603,3133,798.997742,798.998352,-0.09765625,-0.0163597353
3.13606,3134,798.997742,798.998352,-0.09765625,-0.0163597353
3.13728,3135,798.997742,798.998352,-0.09765625,-0.0163597353
3.13913,3136,798.997742,798.998352,-0.09765625,-0.0163597353
3.13916,3137,798.997742,798.998352,-0.09765625,-0.0163597353
3.14037,3138,798.997742,798.998352,-0.09765625,-0.0163597353
3.14222,3139,798.997742,798.998352,-0.09765625,-0.0163597353
3.14226,3140,798.997742,798.998352,-0.09765625,-0.0163597353
3.14401,3141,798.997742,798.998352,-0.09765625,0
3.14403,3142,798.997742,798.998352,-0.09765625,0
3.14528,3143,798.997742,798.998352,-0.09765625,0
3.14711,3144,798.997742,798.998352,-0.09765625,0
3.14714,3145,798.997742,798.998352,-0.09765625,0
3.14838,3146,798.997742,798.998352,-0.09765625,0
3.15026,3147,798.997742,798.998352,-0.09765625,0
3.15028,3148,798.997742,798.998352,-0.09765625,0
3.15203,3149,798.997742,798.998352,-0.09765625,0
3.15209,3150,798.997742,798.998352,-0.09765625,0
3.15334,3151,798.997742,798.998352,-0.09765625,0
3.15511,3152,798.997742,798.998352,-0.09765625,0
3.15513,3153,798.997742,798.998352,-0.09765625,0
3.15637,3154,798.997742,798.998352,-0.09765625,0
3.15822,3155,798.997742,798.998352,-0.09765625,0
3.15826,3156,798.997742,798.998352,-0.09765625,0
3.16001,3157,798.997742,798.998352,-0.09765625,0
3.16003,3158,798.997742,798.998352,-0.09765625,0
3.16128,3159,798.997742,798.998352,-0.09765625,0
3.16310,3160,798.997742,798.998352,-0.09765625,0
3.16312,3161,798.997742,798.998352,-0.09765625,0
3.16437,3162,798.997742,798.998352,-0.09765625,0
3.16619,3163,798.997742,798.998352,-0.09765625,0
3.16621,3164,798.997742,798.998352,-0.09765625,0
3.16805,3165,798.997742,798.998352,-0.09765625,0
3.16807,3166,798.997742,798.998352,-0.09765625,0
3.16928,3167,798.997742,798.998352,-0.09765625,0
3.17110,3168,798.997742,798.998352,-0.09765625,0
3.17111,3169,798.997742,798.998352,-0.09765625,0
3.17237,3170,798.997742,798.998352,-0.09765625,0
3.17419,3171,798.997742,798.998352,-0.09765625,0
3.17422,3172,798.997742,798.998352,-0.09765625,0
3.17602,3173,798.997742,798.998352,-0.09765625,0
3.17604,3174,798.997742,798.998352,-0.09765625,0
3.17731,3175,798.997742,798.998352,-0.09765625,0
3.17912,3176,798.997742,798.998352,-0.09765625,0
3.17914,3177,798.997742,798.998352,-0.09765625,0
3.18039,3178,798.997742,798.998352,-0.09765625,0
3.18218,3179,798.997742,798.998352,-0.09765625,0
3.18220,3180,798.997742,798.998352,-0.09765625,0
3.18411,3181,798.997742,798.998352,-0.09765625,0
3.18413,3182,798.997742,798.998352,-0.09765625,0
3.18531,3183,798.997742,798.998352,-0.09765625,0
3.18712,3184,798.997742,798.998352,-0.09765625,0
3.18713,3185,798.997742,798.998352,-0.09765625,0
3.18839,3186,798.997742,798.998352,-0.09765625,0
3.19018,3187,798.997742,798.998352,-0.09765625,0
3.19020,3188,798.997742,798.998352,-0.09765625,0
3.19201,3189,798.997742,798.998352,-0.09765625,0
3.19203,3190,798.997742,798.998352,-0.09765625,0
3.19329,3191,798.997742,798.998352,-0.09765625,0
3.19510,3192,798.997742,798.998352,-0.09765625,0
3.19511,3193,798.997742,798.998352,-0.09765625,0
3.19638,3194,798.997742,798.998352,-0.09765625,0
3.19822,3195,798.997742,798.998352,-0.09765625,0
3.19823,3196,798.997742,798.998352,-0.09765625,0
3.20001,3197,798.997742,798.998352,-0.09765625,0
3.20003,3198,798.997742,798.998352,-0.09765625,0
3.20128,3199,798.997742,798.998352,-0.09765625,0
3.20309,3200,798.997742,798.998352,-0.09765625,0
3.20312,3201,798.997742,798.998352,-0.09765625,0
3.20436,3202,798.997742,798.998352,-0.09765625,0
3.20621,3203,798.997742,798.998352,-0.09765625,0
3.20623,3204,798.997742,798.998352,-0.09765625,0
3.20803,3205,798.997742,798.998352,-0.09765625,-0.0163597353
3.20805,3206,798.997742,798.998352,-0.09765625,-0.0163597353
3.20926,3207,798.997742,798.998352,-0.09765625,-0.0163597353
3.21111,3208,798.997742,798.998352,-0.09765625,-0.0163597353
3.21114,3209,798.997742,798.998352,-0.09765625,0
3.21238,3210,798.997742,798.998352,-0.09765625,0
3.21420,3211,798.997742,798.998352,-0.09765625,0
3.21421,3212,798.997742,798.998352,-0.09765625,0
3.21601,3213,798.997742,798.998352,-0.09765625,0
3.21602,3214,798.997742,798.998352,-0.09765625,0
3.21750,3215,798.997742,798.998352,-0.09765625,0
3.21919,3216,798.997742,798.998352,-0.09765625,0
3.21921,3217,798.997742,798.998352,-0.09765625,0
3.22039,3218,798.997742,798.998352,-0.09765625,0
3.22221,3219,798.997742,798.998352,-0.09765625,0
3.22223,3220,798.997742,798.998352,-0.09765625,0
3.22403,3221,798.997742,798.998352,-0.09765625,0
3.22405,3222,798.997742,798.998352,-0.09765625,0
3.22528,3223,798.997742,798.998352,-0.09765625,0
3.22711,3224,798.997742,798.998352,-0.09765625,0
3.22712,3225,798.997742,798.998352,-0.09765625,0
3.22838,3226,798.997742,798.998352,-0.09765625,0
3.23019,3227,798.997742,798.998352,-0.09765625,0
3.23021,3228,798.997742,798.998352,-0.09765625,0
3.23201,3229,798.997742,798.998352,-0.09765625,0
3.23202,3230,798.997742,798.998352,-0.09765625,0
3.23327,3231,798.997742,798.998352,-0.09765625,0
3.23512,3232,798.997742,798.998352,-0.09765625,0
3.23513,3233,798.997742,798.998352,-0.09765625,0
3.23639,3234,798.997742,798.998352,-0.09765625,0
3.23820,3235,798.997742,798.998352,-0.09765625,0
3.23822,3236,798.997742,798.998352,-0.09765625,0
3.24001,3237,798.997742,798.998352,-0.09765625,0
3.24002,3238,798.997742,798.998352,-0.09765625,0
3.24135,3239,798.997742,798.998352,-0.09765625,0
3.24311,3240,798.997742,798.998352,-0.09765625,0
3.24315,3241,798.997742,798.998352,-0.09765625,-0.0163597353
3.24438,3242,798.997742,798.998352,-0.09765625,-0.0272662267
3.24620,3243,798.997742,798.998352,-0.09765625,-0.0272662267
3.24621,3244,798.997742,798.998352,-0.09765625,-0.0272662267
3.24801,3245,798.997742,798.998352,-0.09765625,-0.0272662267
3.24804,3246,798.997742,798.9982,-0.078125,-0.0163597353
3.24928,3247,798.997742,798.9982,-0.078125,-0.0163597353
3.25111,3248,798.997742,798.9982,-0.078125,-0.0163597353
3.25113,3249,798.997742,798.9982,-0.078125,-0.0163597353
3.25238,3250,798.997742,798.9982,-0.078125,-0.0163597353
3.25419,3251,798.997742,798.9982,-0.078125,0
3.25421,3252,798.997742,798.9982,-0.078125,0
3.25603,3253,798.997742,798.9982,-0.078125,0
3.25606,3254,798.997742,798.998352,-0.09765625,0
3.25729,3255,798.997742,798.998352,-0.09765625,0
3.25912,3256,798.997742,798.998352,-0.09765625,0
3.25914,3257,798.997742,798.998352,-0.09765625,0
3.26038,3258,798.997742,798.998352,-0.09765625,0
3.26219,3259,798.997742,798.998352,-0.09765625,0
3.26220,3260,798.997742,798.998352,-0.09765625,0
3.26403,3261,798.997742,798.998352,-0.09765625,0
3.26405,3262,798.997742,798.998352,-0.09765625,0
3.26528,3263,798.997742,798.998352,-0.09765625,0
3.26727,3264,798.997742,798.998352,-0.09765625,0
3.26729,3265,798.997742,798.998352,-0.09765625,0
3.26843,3266,798.997742,798.998352,-0.09765625,0
3.27019,3267,798.997742,798.998352,-0.09765625,0
3.27021,3268,798.997742,798.998352,-0.09765625,0
3.27204,3269,798.997742,798.998352,-0.09765625,0
3.27206,3270,798.997742,798.998352,-0.09765625,0
3.27330,3271,798.997742,798.998352,-0.09765625,0
3.27511,3272,798.997742,798.998352,-0.09765625,0
3.27513,3273,798.997742,798.998352,-0.09765625,0
3.27636,3274,798.997742,798.998352,-0.09765625,0
3.27820,3275,798.997742,798.998352,-0.09765625,0
3.27822,3276,798.997742,798.998352,-0.09765625,0
3.28003,3277,798.997742,798.998352,-0.09765625,-0.0163597353
3.28005,3278,798.997742,798.998352,-0.09765625,-0.0163597353
3.28128,3279,798.997742,798.998352,-0.09765625,-0.0163597353
3.28309,3280,798.997742,798.9982,-0.078125,-0.0163597353
3.28311,3281,798.997742,798.9982,-0.078125,-0.0163597353
3.28438,3282,798.997742,798.9982,-0.078125,-0.0163597353
3.28619,3283,798.997742,798.9982,-0.078125,0
3.28621,3284,798.997742,798.9982,-0.078125,-0.0163597353
3.28806,3285,798.997742,798.998169,-0.068359375,-0.0272662267
3.28810,3286,798.997742,798.998169,-0.068359375,-0.0272662267
3.28928,3287,798.997742,798.998169,-0.068359375,-0.0272662267
3.29111,3288,798.997742,798.998169,-0.068359375,-0.0272662267
3.29112,3289,798.997742,798.998169,-0.068359375,-0.0163597353
3.29235,3290,798.997742,798.998169,-0.068359375,-0.0163597353
3.29418,3291,798.997742,798.998169,-0.068359375,0
3.29419,3292,798.997742,798.998169,-0.068359375,0
3.29604,3293,798.997742,798.998169,-0.068359375,0
3.29606,3294,798.997742,798.998169,-0.068359375,0
3.29727,3295,798.997742,798.998169,-0.068359375,0
3.29912,3296,798.997742,798.998169,-0.068359375,0
3.29914,3297,798.997742,798.998169,-0.068359375,0
3.30048,3298,798.997742,798.9982,-0.078125,0
