t,n,A,B,C,D
0.00038,0,784.006165,784.3485,-3.423462,-0.414446652
0.00142,1,784.006165,784.3481,-3.41918945,-0.42535314
0.00324,2,784.006165,784.3478,-3.4161377,-0.42535314
0.00327,3,784.006165,784.347351,-3.41186523,-0.42535314
0.00453,4,784.006165,784.3469,-3.40759277,-0.42535314
0.00454,5,784.006165,784.3465,-3.40332031,-0.42535314
0.00635,6,784.006165,784.346069,-3.39904785,-0.42535314
0.00816,7,784.006165,784.3456,-3.394165,-0.436259627
0.00820,8,784.006165,784.3451,-3.38928223,-0.458072573
0.00942,9,784.006165,784.344543,-3.383789,-0.490792066
0.01124,10,784.006165,784.344,-3.378296,-0.5180583
0.01126,11,784.006165,784.343445,-3.37280273,-0.5398713
0.01253,12,784.006165,784.3428,-3.36608887,-0.561684251
0.01255,13,784.006165,784.342163,-3.35998535,-0.5834973
0.01434,14,784.006165,784.3415,-3.35327148,-0.621669948
0.01614,15,784.006165,784.340759,-3.34594727,-0.6652959
0.01617,16,784.006165,784.3401,-3.3392334,-0.687108934
0.01742,17,784.006165,784.339233,-3.33068848,-0.7689076
0.01926,18,784.006165,784.3383,-3.3215332,-0.8016271
0.01929,19,784.006165,784.3375,-3.31359863,-0.82344
0.02054,20,784.006165,784.336548,-3.303833,-0.872519255
0.02055,21,784.006165,784.335754,-3.29589844,-0.8834258
0.02235,22,784.006165,784.3349,-3.28735352,-0.8834258
0.02417,23,784.006165,784.334045,-3.27880859,-0.8561595
0.02419,24,784.006165,784.3334,-3.27209473,-0.82344
0.02539,25,784.006165,784.3327,-3.26538086,-0.7689076
0.02727,26,784.006165,784.3321,-3.25927734,-0.6980154
0.02730,27,784.006165,784.331665,-3.255005,-0.632576466
0.02853,28,784.006165,784.3313,-3.25134277,-0.5289648
0.02854,29,784.006165,784.331,-3.248291,-0.46897912
0.03032,30,784.006165,784.3306,-3.244629,-0.403540134
0.03217,31,784.006165,784.3303,-3.24157715,-0.354460955
0.03220,32,784.006165,784.33,-3.23852539,-0.332647949
0.03340,33,784.006165,784.3297,-3.23547363,-0.310834974
0.03526,34,784.006165,784.329346,-3.23181152,-0.310834974
0.03530,35,784.006165,784.329041,-3.22875977,-0.310834974
0.03653,36,784.006165,784.328735,-3.225708,-0.3217415
0.03655,37,784.006165,784.328064,-3.21899414,-0.3217415
0.03860,38,784.006165,784.328064,-3.21899414,-0.3217415
0.04020,39,784.006165,784.327759,-3.21594238,-0.3217415
0.04023,40,784.006165,784.327454,-3.21289063,-0.332647949
0.04140,41,784.006165,784.3271,-3.20922852,-0.343554467
0.04324,42,784.006165,784.326355,-3.2019043,-0.365367442
0.04328,43,784.006165,784.325867,-3.19702148,-0.403540134
0.04454,44,784.006165,784.325256,-3.190918,-0.447166115
0.04457,45,784.006165,784.3247,-3.1854248,-0.490792066
0.04632,46,784.006165,784.3243,-3.18115234,-0.507151842
0.04814,47,784.006165,784.3237,-3.17565918,-0.507151842
0.04817,48,784.006165,784.3234,-3.17260742,-0.490792066
0.04939,49,784.006165,784.3229,-3.16711426,-0.479885578
0.05125,50,784.006165,784.322449,-3.1628418,-0.479885578
0.05128,51,784.006165,784.3219,-3.15734863,-0.479885578
0.05252,52,784.006165,784.32135,-3.15185547,-0.507151842
0.05253,53,784.006165,784.3209,-3.147583,-0.507151842
0.05437,54,784.006165,784.3204,-3.14208984,-0.507151842
0.05617,55,784.006165,784.319946,-3.13781738,-0.507151842
0.05621,56,784.006165,784.3193,-3.13110352,-0.5180583
0.05739,57,784.006165,784.318665,-3.125,-0.5507778
0.05926,58,784.006165,784.317932,-3.11767578,-0.6053102
0.05929,59,784.006165,784.317261,-3.110962,-0.6652959
0.06054,60,784.006165,784.316345,-3.10180664,-0.7307349
0.06056,61,784.006165,784.3155,-3.09326172,-0.7907206
0.06234,62,784.006165,784.3146,-3.08410645,-0.834346533
0.06416,63,784.006165,784.31366,-3.07495117,-0.8834258
0.06419,64,784.006165,784.312744,-3.065796,-0.905238748
0.06540,65,784.006165,784.312,-3.05847168,-0.8834258
0.06724,66,784.006165,784.3112,-3.050537,-0.8561595
0.06726,67,784.006165,784.3106,-3.04443359,-0.7907206
0.06857,68,784.006165,784.31,-3.03833,-0.7089219
0.06860,69,784.006165,784.3096,-3.03405762,-0.654389441
0.07036,70,784.006165,784.3091,-3.0291748,-0.572590768
0.07217,71,784.006165,784.3086,-3.024292,-0.5180583
0.07222,72,784.006165,784.3083,-3.02124023,-0.458072573
0.07340,73,784.006165,784.3079,-3.01757813,-0.403540134
0.07528,74,784.006165,784.3076,-3.01452637,-0.365367442
0.07532,75,784.006165,784.3074,-3.012085,-0.332647949
0.07653,76,784.006165,784.3072,-3.010254,-0.310834974
0.07654,77,784.006165,784.3068,-3.0065918,-0.2999285
0.07832,78,784.006165,784.3065,-3.00354,-0.289022
0.08016,79,784.006165,784.3062,-3.00048828,-0.289022
0.08019,80,784.006165,784.3059,-2.99743652,-0.2999285
0.08140,81,784.006165,784.305542,-2.99377441,-0.310834974
0.08325,82,784.006165,784.305359,-2.99194336,-0.310834974
0.08328,83,784.006165,784.3051,-2.989502,-0.310834974
0.08454,84,784.006165,784.3048,-2.9864502,-0.2999285
0.08456,85,784.006165,784.304443,-2.982788,-0.289022
0.08636,86,784.006165,784.30426,-2.980957,-0.2781155
0.08817,87,784.006165,784.303955,-2.97790527,-0.267209023
0.08820,88,784.006165,784.303833,-2.97668457,-0.256302536
0.08942,89,784.006165,784.303467,-2.97302246,-0.256302536
0.09137,90,784.006165,784.303162,-2.9699707,-0.267209023
0.09142,91,784.006165,784.302856,-2.966919,-0.289022
0.09254,92,784.006165,784.302368,-2.96203613,-0.332647949
0.09257,93,784.006165,784.3019,-2.95715332,-0.365367442
0.09437,94,784.006165,784.3016,-2.95410156,-0.414446652
0.09615,95,784.006165,784.3011,-2.94921875,-0.436259627
0.09616,96,784.006165,784.3006,-2.944336,-0.447166115
0.09742,97,784.006165,784.3001,-2.93945313,-0.458072573
0.09929,98,784.006165,784.299744,-2.935791,-0.458072573
0.09932,99,784.006165,784.299255,-2.9309082,-0.46897912
0.10054,100,784.006165,784.298767,-2.92602539,-0.46897912
0.10055,101,784.006165,784.2982,-2.92053223,-0.479885578
0.10235,102,784.006165,784.2977,-2.91564941,-0.479885578
0.10413,103,784.006165,784.297241,-2.9107666,-0.479885578
0.10415,104,784.006165,784.2969,-2.90710449,-0.490792066
0.10560,105,784.006165,784.296265,-2.901001,-0.490792066
0.10725,106,784.006165,784.295837,-2.89672852,-0.490792066
0.10727,107,784.006165,784.295349,-2.8918457,-0.5180583
0.10854,108,784.006165,784.294739,-2.88574219,-0.5398713
0.10858,109,784.006165,784.294067,-2.87902832,-0.572590768
0.11035,110,784.006165,784.2934,-2.87231445,-0.594403744
0.11217,111,784.006165,784.2926,-2.86438,-0.654389441
0.11220,112,784.006165,784.291931,-2.857666,-0.687108934
0.11341,113,784.006165,784.2911,-2.849121,-0.7307349
0.11526,114,784.006165,784.2903,-2.84118652,-0.779814065
0.11528,115,784.006165,784.2894,-2.8326416,-0.8016271
0.11654,116,784.006165,784.2887,-2.82531738,-0.812533557
0.11655,117,784.006165,784.288,-2.81860352,-0.7907206
0.11836,118,784.006165,784.2873,-2.8112793,-0.7689076
0.12014,119,784.006165,784.286743,-2.80578613,-0.7089219
0.12015,120,784.006165,784.2862,-2.800293,-0.654389441
0.12139,121,784.006165,784.285767,-2.79602051,-0.594403744
0.12325,122,784.006165,784.285339,-2.791748,-0.5180583
0.12328,123,784.006165,784.285034,-2.78869629,-0.447166115
0.12453,124,784.006165,784.2848,-2.786255,-0.3817272
0.12455,125,784.006165,784.284546,-2.78381348,-0.310834974
0.12635,126,784.006165,784.284363,-2.78198242,-0.256302536
0.12813,127,784.006165,784.2841,-2.779541,-0.218129814
0.12815,128,784.006165,784.284058,-2.77893066,-0.185410336
0.12942,129,784.006165,784.283936,-2.77771,-0.185410336
0.13124,130,784.006165,784.2837,-2.77526855,-0.174503848
0.13125,131,784.006165,784.2835,-2.7734375,-0.185410336
0.13254,132,784.006165,784.2834,-2.7722168,-0.196316838
0.13256,133,784.006165,784.283,-2.76855469,-0.196316838
0.13432,134,784.006165,784.282837,-2.76672363,-0.218129814
0.13614,135,784.006165,784.2826,-2.76428223,-0.218129814
0.13615,136,784.006165,784.2824,-2.76245117,-0.239942789
0.13739,137,784.006165,784.282166,-2.76000977,-0.239942789
0.13924,138,784.006165,784.281433,-2.75268555,-0.289022
0.13926,139,784.006165,784.2811,-2.74963379,-0.3217415
0.14053,140,784.006165,784.280762,-2.74597168,-0.354460955
0.14055,141,784.006165,784.280334,-2.74169922,-0.3817272
0.14235,142,784.006165,784.2798,-2.736206,-0.414446652
0.14413,143,784.006165,784.279358,-2.73193359,-0.436259627
0.14414,144,784.006165,784.2787,-2.72521973,-0.46897912
0.14541,145,784.006165,784.278259,-2.72094727,-0.5180583
0.14727,146,784.006165,784.2778,-2.71606445,-0.5398713
0.14729,147,784.006165,784.2773,-2.71118164,-0.5289648
0.14854,148,784.006165,784.2768,-2.70629883,-0.5289648
0.14855,149,784.006165,784.2763,-2.701416,-0.490792066
0.15033,150,784.006165,784.2758,-2.6965332,-0.46897912
0.15213,151,784.006165,784.2755,-2.69348145,-0.458072573
0.15214,152,784.006165,784.275,-2.68859863,-0.447166115
0.15340,153,784.006165,784.2746,-2.68432617,-0.447166115
0.15530,154,784.006165,784.274048,-2.678833,-0.447166115
0.15537,155,784.006165,784.2737,-2.675171,-0.447166115
0.15657,156,784.006165,784.2733,-2.67150879,-0.447166115
0.15659,157,784.006165,784.272766,-2.66601563,-0.447166115
0.15833,158,784.006165,784.2722,-2.66052246,-0.46897912
0.16013,159,784.006165,784.271667,-2.6550293,-0.490792066
0.16014,160,784.006165,784.271057,-2.64892578,-0.5289648
0.16141,161,784.006165,784.2704,-2.642212,-0.572590768
0.16324,162,784.006165,784.2698,-2.6361084,-0.6053102
0.16325,163,784.006165,784.269043,-2.62878418,-0.643483
0.16453,164,784.006165,784.2683,-2.62146,-0.6652959
0.16455,165,784.006165,784.2677,-2.61535645,-0.687108934
0.16631,166,784.006165,784.267,-2.60864258,-0.7089219
0.16814,167,784.006165,784.266235,-2.600708,-0.6980154
0.16816,168,784.006165,784.2656,-2.59460449,-0.6980154
0.16943,169,784.006165,784.264954,-2.58789063,-0.687108934
0.17122,170,784.006165,784.2645,-2.58361816,-0.643483
0.17123,171,784.006165,784.264,-2.578125,-0.594403744
0.17255,172,784.006165,784.26355,-2.57385254,-0.561684251
0.17256,173,784.006165,784.263062,-2.56896973,-0.5180583
0.17433,174,784.006165,784.2626,-2.564087,-0.479885578
0.17615,175,784.006165,784.262268,-2.56103516,-0.447166115
0.17616,176,784.006165,784.261963,-2.5579834,-0.414446652
0.17744,177,784.006165,784.2617,-2.555542,-0.365367442
0.17922,178,784.006165,784.2615,-2.55310059,-0.3217415
0.17924,179,784.006165,784.2612,-2.55065918,-0.2999285
0.18053,180,784.006165,784.261,-2.54821777,-0.256302536
0.18055,181,784.006165,784.260864,-2.546997,-0.239942789
0.18231,182,784.006165,784.2606,-2.54455566,-0.229036286
0.18413,183,784.006165,784.2603,-2.541504,-0.218129814
0.18415,184,784.006165,784.2602,-2.5402832,-0.229036286
0.18543,185,784.006165,784.2599,-2.53723145,-0.229036286
0.18722,186,784.006165,784.2597,-2.53540039,-0.229036286
0.18723,187,784.006165,784.25946,-2.532959,-0.218129814
0.18872,188,784.006165,784.2592,-2.53051758,-0.229036286
0.18875,189,784.006165,784.259,-2.52807617,-0.229036286
0.19033,190,784.006165,784.2588,-2.526245,-0.229036286
0.19215,191,784.006165,784.2586,-2.524414,-0.229036286
0.19217,192,784.006165,784.258362,-2.52197266,-0.229036286
0.19343,193,784.006165,784.2581,-2.51953125,-0.218129814
0.19522,194,784.006165,784.257935,-2.5177002,-0.207223326
0.19523,195,784.006165,784.2578,-2.51647949,-0.218129814
0.19659,196,784.006165,784.2575,-2.51342773,-0.207223326
0.19663,197,784.006165,784.257263,-2.51098633,-0.218129814
0.19831,198,784.006165,784.257141,-2.50976563,-0.218129814
0.20015,199,784.006165,784.256836,-2.50671387,-0.229036286
0.20019,200,784.006165,784.2564,-2.50244141,-0.267209023
0.20142,201,784.006165,784.256042,-2.4987793,-0.310834974
0.20322,202,784.006165,784.2557,-2.49511719,-0.354460955
0.20324,203,784.006165,784.2551,-2.489624,-0.414446652
0.20455,204,784.006165,784.2547,-2.48535156,-0.447166115
0.20458,205,784.006165,784.2542,-2.48046875,-0.458072573
0.20633,206,784.006165,784.2538,-2.47619629,-0.479885578
0.20817,207,784.006165,784.2533,-2.47131348,-0.46897912
0.20820,208,784.006165,784.252869,-2.467041,-0.458072573
0.20942,209,784.006165,784.252441,-2.46276855,-0.447166115
0.21124,210,784.006165,784.2519,-2.45727539,-0.447166115
0.21126,211,784.006165,784.2515,-2.45361328,-0.447166115
0.21255,212,784.006165,784.2511,-2.44934082,-0.46897912
0.21257,213,784.006165,784.2506,-2.444458,-0.46897912
0.21431,214,784.006165,784.2501,-2.4395752,-0.458072573
0.21614,215,784.006165,784.2498,-2.43652344,-0.447166115
0.21615,216,784.006165,784.2494,-2.432251,-0.42535314
0.21741,217,784.006165,784.249,-2.42858887,-0.414446652
0.21923,218,784.006165,784.2487,-2.425537,-0.392633677
0.21924,219,784.006165,784.248169,-2.420044,-0.392633677
0.22057,220,784.006165,784.2478,-2.41638184,-0.403540134
0.22060,221,784.006165,784.247437,-2.41271973,-0.414446652
0.22233,222,784.006165,784.2469,-2.40722656,-0.447166115
0.22415,223,784.006165,784.2463,-2.401123,-0.46897912
0.22417,224,784.006165,784.2457,-2.39563,-0.5180583
0.22541,225,784.006165,784.2452,-2.39013672,-0.561684251
0.22723,226,784.006165,784.2444,-2.38220215,-0.594403744
0.22725,227,784.006165,784.2437,-2.37548828,-0.643483
0.22856,228,784.006165,784.2431,-2.36938477,-0.654389441
0.22859,229,784.006165,784.242432,-2.362671,-0.6652959
0.23034,230,784.006165,784.2418,-2.35656738,-0.654389441
0.23215,231,784.006165,784.241333,-2.35168457,-0.632576466
0.23216,232,784.006165,784.240845,-2.34680176,-0.5834973
0.23340,233,784.006165,784.240356,-2.341919,-0.5398713
0.23523,234,784.006165,784.24,-2.33825684,-0.507151842
0.23526,235,784.006165,784.239563,-2.33398438,-0.447166115
0.23657,236,784.006165,784.2393,-2.331543,-0.403540134
0.23660,237,784.006165,784.2391,-2.32910156,-0.365367442
0.23862,238,784.006165,784.2389,-2.32727051,-0.310834974
0.24016,239,784.006165,784.238647,-2.324829,-0.267209023
0.24018,240,784.006165,784.238464,-2.322998,-0.185410336
0.24141,241,784.006165,784.238342,-2.32177734,-0.141784385
0.24323,242,784.006165,784.238342,-2.32177734,-0.130877882
0.24325,243,784.006165,784.238159,-2.31994629,-0.103611663
0.24459,244,784.006165,784.238037,-2.31872559,-0.09270517
0.24462,245,784.006165,784.238,-2.31811523,-0.103611663
0.24633,246,784.006165,784.2378,-2.31628418,-0.103611663
0.24815,247,784.006165,784.2377,-2.31506348,-0.130877882
0.24816,248,784.006165,784.2375,-2.31323242,-0.141784385
0.24942,249,784.006165,784.237366,-2.31201172,-0.152690873
0.25123,250,784.006165,784.237061,-2.30896,-0.185410336
0.25124,251,784.006165,784.2367,-2.30529785,-0.229036286
0.25255,252,784.006165,784.2364,-2.302246,-0.267209023
0.25259,253,784.006165,784.2361,-2.29919434,-0.310834974
0.25433,254,784.006165,784.2356,-2.29431152,-0.343554467
0.25619,255,784.006165,784.2353,-2.29125977,-0.3817272
0.25621,256,784.006165,784.2348,-2.286377,-0.403540134
0.25740,257,784.006165,784.2343,-2.28149414,-0.436259627
0.25924,258,784.006165,784.2339,-2.27722168,-0.436259627
0.25926,259,784.006165,784.233459,-2.27294922,-0.436259627
0.26056,260,784.006165,784.233032,-2.26867676,-0.458072573
0.26059,261,784.006165,784.2325,-2.26318359,-0.458072573
0.26231,262,784.006165,784.232,-2.25830078,-0.479885578
0.26418,263,784.006165,784.231445,-2.25280762,-0.507151842
0.26421,264,784.006165,784.230957,-2.2479248,-0.5180583
0.26539,265,784.006165,784.2305,-2.24365234,-0.507151842
0.26722,266,784.006165,784.2301,-2.23938,-0.479885578
0.26723,267,784.006165,784.2298,-2.23632813,-0.447166115
0.26856,268,784.006165,784.2295,-2.23327637,-0.403540134
0.26858,269,784.006165,784.2292,-2.23022461,-0.365367442
0.27031,270,784.006165,784.2289,-2.22717285,-0.332647949
0.27218,271,784.006165,784.2286,-2.224121,-0.3217415
0.27222,272,784.006165,784.2283,-2.22106934,-0.310834974
0.27340,273,784.006165,784.2279,-2.21740723,-0.3217415
0.27524,274,784.006165,784.2276,-2.21435547,-0.332647949
0.27526,275,784.006165,784.2273,-2.21130371,-0.332647949
0.27654,276,784.006165,784.227,-2.208252,-0.332647949
0.27656,277,784.006165,784.2266,-2.20458984,-0.332647949
0.27832,278,784.006165,784.2263,-2.201538,-0.3217415
0.28015,279,784.006165,784.226,-2.19848633,-0.3217415
0.28018,280,784.006165,784.225647,-2.19482422,-0.3217415
0.28140,281,784.006165,784.225342,-2.19177246,-0.332647949
0.28330,282,784.006165,784.2249,-2.1875,-0.354460955
0.28333,283,784.006165,784.224365,-2.18200684,-0.3817272
0.28454,284,784.006165,784.223938,-2.17773438,-0.42535314
0.28456,285,784.006165,784.2234,-2.17224121,-0.458072573
0.28632,286,784.006165,784.222961,-2.16796875,-0.479885578
0.28817,287,784.006165,784.2224,-2.16247559,-0.507151842
0.28819,288,784.006165,784.221863,-2.15698242,-0.5180583
0.28941,289,784.006165,784.2212,-2.15026855,-0.5398713
0.29124,290,784.006165,784.2206,-2.144165,-0.561684251
0.29126,291,784.006165,784.220032,-2.13867188,-0.572590768
0.29254,292,784.006165,784.2194,-2.13256836,-0.594403744
0.29255,293,784.006165,784.2189,-2.1270752,-0.594403744
0.29432,294,784.006165,784.2183,-2.121582,-0.5834973
0.29617,295,784.006165,784.2179,-2.11730957,-0.572590768
0.29621,296,784.006165,784.2173,-2.111206,-0.561684251
0.29740,297,784.006165,784.2168,-2.10632324,-0.5398713
0.29921,298,784.006165,784.2164,-2.10205078,-0.5180583
0.29923,299,784.006165,784.216064,-2.098999,-0.479885578
0.30054,300,784.006165,784.215759,-2.09594727,-0.436259627
0.30071,301,784.006165,784.215454,-2.09289551,-0.3817272
0.30231,302,785.006165,784.2153,7.90893555,-0.332647949
0.30417,303,785.006165,784.2152,7.909546,-0.267209023
0.30420,304,785.006165,784.215149,7.91015625,-0.207223326
0.30552,305,785.006165,784.2152,7.909546,-0.141784385
0.30725,306,785.006165,784.216248,7.89917,0.043625962
0.30727,307,785.006165,784.2183,7.878418,0.474432319
0.30855,308,785.006165,784.2214,7.84790039,1.15063477
0.30856,309,785.006165,784.225037,7.8112793,2.00679445
0.31030,310,785.006165,784.2291,7.77038574,2.84114075
0.31218,311,785.006165,784.234558,7.71606445,3.61550164
0.31220,312,785.006165,784.240845,7.65319824,4.482568
0.31340,313,785.006165,784.247559,7.58605957,5.25692844
0.31526,314,785.006165,784.2535,7.52685547,5.90586472
0.31528,315,785.006165,784.2606,7.45544434,6.309405
0.31655,316,785.006165,784.267334,7.38830566,6.549348
0.31657,317,785.006165,784.2745,7.31689453,6.729305
0.31835,318,785.006165,784.2806,7.25585938,6.685679
0.32015,319,785.006165,784.286865,7.192993,6.718398
0.32017,320,785.006165,784.2938,7.123413,6.538441
0.32144,321,785.006165,784.2999,7.062378,6.511175
0.32326,322,785.006165,784.3057,7.00439453,6.32031155
0.32327,323,785.006165,784.3114,6.947632,6.19488668
0.32455,324,785.006165,784.318359,6.87805176,6.113088
0.32458,325,785.006165,784.3241,6.82067871,6.0585556
0.32632,326,785.006165,784.3297,6.76452637,6.020383
0.32820,327,785.006165,784.3348,6.713867,5.90586472
0.32823,328,785.006165,784.3414,6.647949,5.818613
0.32939,329,785.006165,784.3469,6.592407,5.736814
0.33125,330,785.006165,784.352234,6.53930664,5.644109
0.33128,331,785.006165,784.3572,6.489868,5.600483
0.33255,332,785.006165,784.362732,6.434326,5.453245
0.33256,333,785.006165,784.3684,6.37756348,5.33872747
0.33434,334,785.006165,784.3731,6.33056641,5.306008
0.33617,335,785.006165,784.3779,6.28234863,5.191489
0.33620,336,785.006165,784.3823,6.23840332,5.066065
0.33741,337,785.006165,784.3877,6.18469238,4.76613665
0.33926,338,785.006165,784.396545,6.09619141,4.6625247
0.33927,339,785.006165,784.4011,6.050415,4.711604
0.34055,340,785.006165,784.4053,6.008911,4.575273
0.34056,341,785.006165,784.410034,5.96130371,4.3571434
0.34233,342,785.006165,784.414551,5.9161377,4.54800653
0.34414,343,785.006165,784.4183,5.87890625,4.34623671
0.34416,344,785.006165,784.422668,5.834961,4.29715729
0.34541,345,785.006165,784.426453,5.797119,4.25353146
0.34725,346,785.006165,784.430969,5.751953,3.99177551
0.34730,347,785.006165,784.4354,5.70739746,4.182639
0.34854,348,785.006165,784.4396,5.66589355,4.25353146
0.34855,349,785.006165,784.4436,5.62561035,4.12810659
0.35036,350,785.006165,784.447754,5.58410645,4.24262476
0.35216,351,785.006165,784.4515,5.546875,4.024495
0.35219,352,785.006165,784.4559,5.50292969,3.92088318
0.35339,353,785.006165,784.4602,5.45959473,4.14991951
0.35539,354,785.006165,784.4638,5.423584,4.07357454
0.35542,355,785.006165,784.4679,5.38269043,4.046308
0.35656,356,785.006165,784.471863,5.34301758,4.09538746
0.35657,357,785.006165,784.4756,5.305786,3.8990705
0.35835,358,785.006165,784.479858,5.26306152,3.88816381
0.36015,359,785.006165,784.4837,5.22460938,4.024495
0.36019,360,785.006165,784.4869,5.192871,3.866351
0.36144,361,785.006165,784.490845,5.15319824,3.76273918
0.36326,362,785.006165,784.495056,5.111084,3.83363152
0.36329,363,785.006165,784.498535,5.076294,3.73001957
0.36455,364,785.006165,784.5024,5.037842,3.76273918
0.36457,365,785.006165,784.506042,5.0012207,3.866351
0.36635,366,785.006165,784.5091,4.970703,3.670034
0.36814,367,785.006165,784.512634,4.93530273,3.468264
0.36816,368,785.006165,784.5167,4.894409,3.54460931
0.36942,369,785.006165,784.5206,4.85534668,3.59368873
0.37124,370,785.006165,784.524,4.82177734,3.62640834
0.37127,371,785.006165,784.527466,4.7869873,3.751833
0.37254,372,785.006165,784.530334,4.758301,3.58278227
0.37256,373,785.006165,784.5332,4.72961426,3.25013423
0.37433,374,785.006165,784.536743,4.694214,3.157429
0.37618,375,785.006165,784.5408,4.65393066,3.25013423
0.37623,376,785.006165,784.5441,4.62036133,3.375559
0.37740,377,785.006165,784.547241,4.5892334,3.490077
0.37928,378,785.006165,784.550842,4.55322266,3.52279663
0.37930,379,785.006165,784.5535,4.526367,3.331933
0.38054,380,785.006165,784.556,4.501343,3.05381751
0.38056,381,785.006165,784.55896,4.472046,2.92839265
0.38233,382,785.006165,784.562561,4.436035,2.92839265
0.38415,383,785.006165,784.5658,4.40368652,3.01019144
0.38417,384,785.006165,784.568542,4.3762207,3.09199
0.38540,385,785.006165,784.5717,4.34448242,3.157429
0.38724,386,785.006165,784.5748,4.31335449,3.12470961
0.38726,387,785.006165,784.577454,4.28710938,2.98837852
0.38871,388,785.006165,784.579834,4.26330566,2.862954
0.38878,389,785.006165,784.5828,4.23339844,2.77024865
0.39038,390,785.006165,784.5859,4.202881,2.71571612
0.39217,391,785.006165,784.5888,4.173584,2.75934219
0.39219,392,785.006165,784.5914,4.147949,2.81387472
0.39341,393,785.006165,784.5944,4.11743164,2.84114075
0.39526,394,785.006165,784.5975,4.086914,2.82478118
0.39529,395,785.006165,784.6001,4.060669,2.81387472
0.39654,396,785.006165,784.602234,4.03930664,2.79206157
0.39655,397,785.006165,784.6045,4.01672363,2.68845
0.39833,398,785.006165,784.607239,3.98925781,2.573932
0.40020,399,785.006165,784.609741,3.9642334,2.48667979
0.40023,400,785.006165,784.6121,3.94042969,2.44850731
0.40140,401,785.006165,784.6145,3.916626,2.46486688
0.40327,402,785.006165,784.617065,3.89099121,2.47577333
0.40329,403,785.006165,784.620056,3.861084,2.5193994
0.40454,404,785.006165,784.6228,3.83361816,2.61210442
0.40456,405,785.006165,784.625,3.81164551,2.666637
0.40633,406,785.006165,784.627,3.791504,2.56302524
0.40816,407,785.006165,784.6292,3.76953125,2.36125517
0.40817,408,785.006165,784.6318,3.74389648,2.224924
0.40940,409,785.006165,784.63385,3.72314453,2.154032
0.41126,410,785.006165,784.6358,3.70361328,2.16493845
0.41128,411,785.006165,784.6379,3.68286133,2.175845
0.41256,412,785.006165,784.640442,3.65722656,2.154032
0.41259,413,785.006165,784.6433,3.62854,2.2576437
0.41437,414,785.006165,784.645935,3.602295,2.4157877
0.41616,415,785.006165,784.648132,3.58032227,2.55211878
0.41620,416,785.006165,784.6501,3.560791,2.49758649
0.41740,417,785.006165,784.652039,3.54125977,2.30126953
0.41924,418,785.006165,784.6542,3.51989746,2.132219
0.41926,419,785.006165,784.65625,3.49914551,2.017701
0.42054,420,785.006165,784.658,3.48144531,1.99588776
0.42055,421,785.006165,784.6599,3.46252441,1.974075
0.42241,422,785.006165,784.6618,3.44360352,1.92499566
0.42416,423,785.006165,784.664246,3.41918945,1.92499566
0.42419,424,785.006165,784.666748,3.394165,2.06132674
0.42541,425,785.006165,784.6691,3.37036133,2.224924
0.42727,426,785.006165,784.6711,3.35083,2.312176
0.42729,427,785.006165,784.672852,3.33313,2.27945662
0.42854,428,785.006165,784.6746,3.31542969,2.08314
0.42857,429,785.006165,784.6765,3.29650879,1.92499566
0.43035,430,785.006165,784.678467,3.27697754,1.83229029
0.43217,431,785.006165,784.6803,3.258667,1.821384
0.43220,432,785.006165,784.681946,3.2421875,1.83229029
0.43340,433,785.006165,784.6837,3.2244873,1.8104775
0.43525,434,785.006165,784.6856,3.20556641,1.777758
0.43528,435,785.006165,784.687744,3.184204,1.78866446
0.43654,436,785.006165,784.689941,3.16223145,1.90318263
0.43656,437,785.006165,784.692,3.14147949,2.03951359
0.43853,438,785.006165,784.6939,3.12255859,2.09949946
0.44015,439,785.006165,784.6956,3.10546875,2.06132674
0.44017,440,785.006165,784.6989,3.07250977,1.755945
0.44143,441,785.006165,784.7006,3.05542,1.68505287
0.44324,442,785.006165,784.7024,3.03771973,1.67414618
0.44326,443,785.006165,784.704,3.02185059,1.69595933
0.44454,444,785.006165,784.7055,3.0065918,1.66323984
0.44455,445,785.006165,784.707153,2.9901123,1.61961389
0.44634,446,785.006165,784.7088,2.97363281,1.59234762
0.44817,447,785.006165,784.7107,2.954712,1.60870731
0.44820,448,785.006165,784.712646,2.93518066,1.70686567
0.44939,449,785.006165,784.714539,2.91625977,1.8104775
0.45126,450,785.006165,784.7163,2.89855957,1.85955667
0.45129,451,785.006165,784.7178,2.88391113,1.83229029
0.45255,452,785.006165,784.7192,2.869873,1.70686567
0.45257,453,785.006165,784.720642,2.85522461,1.57053471
0.45434,454,785.006165,784.722046,2.84118652,1.48328269
0.45618,455,785.006165,784.7237,2.824707,1.44511008
0.45621,456,785.006165,784.725342,2.80822754,1.49418926
0.45740,457,785.006165,784.727051,2.7911377,1.55962813
0.45927,458,785.006165,784.728455,2.77709961,1.58144116
0.45930,459,785.006165,784.729736,2.76428223,1.54872167
0.46054,460,785.006165,784.731262,2.74902344,1.49418926
0.46056,461,785.006165,784.7328,2.73376465,1.45601642
0.46235,462,785.006165,784.7344,2.71789551,1.43420351
0.46417,463,785.006165,784.736145,2.70019531,1.51600218
0.46421,464,785.006165,784.737732,2.68432617,1.58144116
0.46541,465,785.006165,784.739258,2.66906738,1.61961389
0.46725,466,785.006165,784.7405,2.65686035,1.59234762
0.46728,467,785.006165,784.741638,2.64526367,1.466923
0.46853,468,785.006165,784.742859,2.63305664,1.31968546
0.46855,469,785.006165,784.744,2.62146,1.21607375
0.47034,470,785.006165,784.745239,2.609253,1.18335426
0.47220,471,785.006165,784.746643,2.59521484,1.19426072
0.47223,472,785.006165,784.7479,2.58239746,1.25424647
0.47342,473,785.006165,784.7493,2.56835938,1.286966
0.47532,474,785.006165,784.750549,2.55615234,1.2978723
0.47536,475,785.006165,784.7518,2.54394531,1.286966
0.47655,476,785.006165,784.7529,2.53234863,1.2433399
0.47657,477,785.006165,784.7541,2.520752,1.20516717
0.47833,478,785.006165,784.7553,2.508545,1.18335426
0.48016,479,785.006165,784.756653,2.49511719,1.18335426
0.48018,480,785.006165,784.7581,2.48046875,1.2433399
0.48140,481,785.006165,784.7595,2.46643066,1.30877888
0.48326,482,785.006165,784.760864,2.453003,1.36876452
0.48329,483,785.006165,784.7622,2.4395752,1.39057755
0.48457,484,785.006165,784.7633,2.42858887,1.36876452
0.48460,485,785.006165,784.7644,2.41760254,1.27605939
0.48634,486,785.006165,784.7654,2.407837,1.17244768
0.48818,487,785.006165,784.766357,2.39807129,1.06883609
0.48820,488,785.006165,784.767334,2.38830566,0.992490649
0.48941,489,785.006165,784.7684,2.37792969,0.992490649
0.49128,490,785.006165,784.7695,2.36694336,1.00339723
0.49131,491,785.006165,784.7707,2.35473633,1.047023
0.49256,492,785.006165,784.771851,2.34313965,1.090649
0.49258,493,785.006165,784.7731,2.33093262,1.10155559
0.49434,494,785.006165,784.774,2.32177734,1.11791527
0.49617,495,785.006165,784.7749,2.312622,1.07974255
0.49619,496,785.006165,784.7759,2.30285645,1.047023
0.49740,497,785.006165,784.777039,2.29125977,1.00339723
0.49926,498,785.006165,784.777954,2.28210449,0.9761309
0.49928,499,785.006165,784.7791,2.27050781,0.992490649
0.50058,500,785.006165,784.7803,2.25891113,1.047023
0.50063,501,785.006165,784.7816,2.2454834,1.11791527
0.50236,502,785.006165,784.7828,2.23388672,1.18335426
0.50417,503,785.006165,784.784,2.22167969,1.23243344
0.50419,504,785.006165,784.785156,2.210083,1.21607375
0.50554,505,785.006165,784.786133,2.20031738,1.18335426
0.50729,506,785.006165,784.7871,2.19055176,1.10155559
0.50732,507,785.006165,784.787964,2.18200684,1.0361166
0.50854,508,785.006165,784.7889,2.17285156,0.954318
0.50855,509,785.006165,784.7896,2.16552734,0.8997855
0.51035,510,785.006165,784.7906,2.15576172,0.8779725
0.51216,511,785.006165,784.791565,2.145996,0.8779725
0.51219,512,785.006165,784.792542,2.13623047,0.888879
0.51342,513,785.006165,784.7935,2.12646484,0.910692
0.51523,514,785.006165,784.794434,2.11730957,0.943411469
0.51525,515,785.006165,784.795349,2.1081543,0.954318
0.51656,516,785.006165,784.796448,2.097168,0.9652244
0.51657,517,785.006165,784.7974,2.08740234,0.9761309
0.51835,518,785.006165,784.7984,2.07763672,0.9761309
0.52019,519,785.006165,784.799255,2.0690918,0.9652244
0.52021,520,785.006165,784.8001,2.06054688,0.943411469
0.52140,521,785.006165,784.800964,2.052002,0.910692
0.52325,522,785.006165,784.801941,2.04223633,0.888879
0.52327,523,785.006165,784.8029,2.0324707,0.8779725
0.52455,524,785.006165,784.8038,2.02392578,0.8997855
0.52457,525,785.006165,784.8048,2.0135498,0.9215985
0.52638,526,785.006165,784.805847,2.00317383,0.954318
0.52817,527,785.006165,784.8068,1.9934082,0.9761309
0.52821,528,785.006165,784.8077,1.98486328,0.9761309
0.52939,529,785.006165,784.8085,1.97692871,0.9761309
0.53126,530,785.006165,784.8093,1.96838379,0.8997855
0.53128,531,785.006165,784.809937,1.96228027,0.817986846
0.53254,532,785.006165,784.8106,1.95556641,0.741641343
0.53257,533,785.006165,784.811035,1.951294,0.648936152
0.53434,534,785.006165,784.8115,1.94641113,0.599857
0.53618,535,785.006165,784.812134,1.94030762,0.556231
0.53621,536,785.006165,784.812744,1.9342041,0.534418046
0.53743,537,785.006165,784.8133,1.92871094,0.5453245
0.53926,538,785.006165,784.813965,1.92199707,0.567137539
0.53929,539,785.006165,784.815369,1.907959,0.627123237
0.54055,540,785.006165,784.816162,1.90002441,0.6598427
0.54057,541,785.006165,784.816956,1.89208984,0.714375138
0.54238,542,785.006165,784.8179,1.88293457,0.7634544
0.54420,543,785.006165,784.8186,1.87561035,0.807080269
0.54422,544,785.006165,784.8194,1.86767578,0.8288933
0.54539,545,785.006165,784.820251,1.85913086,0.807080269
0.54730,546,785.006165,784.8209,1.852417,0.807080269
0.54732,547,785.006165,784.8218,1.84387207,0.785267353
0.54854,548,785.006165,784.8225,1.83654785,0.774360836
0.54856,549,785.006165,784.8233,1.82861328,0.7634544
0.55037,550,785.006165,784.824036,1.82128906,0.75254786
0.55218,551,785.006165,784.824768,1.81396484,0.75254786
0.55221,552,785.006165,784.825562,1.80603027,0.75254786
0.55341,553,785.006165,784.8264,1.79748535,0.75254786
0.55536,554,785.006165,784.8272,1.78955078,0.7634544
0.55539,555,785.006165,784.827942,1.78222656,0.774360836
0.55655,556,785.006165,784.8288,1.77368164,0.774360836
0.55657,557,785.006165,784.829468,1.76696777,0.774360836
0.55837,558,785.006165,784.8302,1.75964355,0.785267353
0.56018,559,785.006165,784.83075,1.75415039,0.725281656
0.56020,560,785.006165,784.8313,1.74865723,0.681655645
0.56140,561,785.006165,784.831848,1.74316406,0.6380297
0.56327,562,785.006165,784.8324,1.7376709,0.567137539
0.56331,563,785.006165,784.8328,1.73339844,0.534418046
0.56456,564,785.006165,784.833252,1.729126,0.5126051
0.56457,565,785.006165,784.83374,1.72424316,0.474432319
0.56635,566,785.006165,784.8341,1.720581,0.452619374
0.56817,567,785.006165,784.834534,1.71630859,0.419899881
0.56821,568,785.006165,784.834961,1.71203613,0.3980869
0.56940,569,785.006165,784.8353,1.708374,0.3980869
0.57125,570,785.006165,784.8358,1.70349121,0.3980869
0.57128,571,785.006165,784.8363,1.6986084,0.408993423
0.57257,572,785.006165,784.8368,1.69372559,0.430806369
0.57260,573,785.006165,784.837158,1.69006348,0.4417129
0.57437,574,785.006165,784.837646,1.68518066,0.452619374
0.57617,575,785.006165,784.838135,1.68029785,0.463525862
0.57620,576,785.006165,784.838745,1.67419434,0.463525862
0.57740,577,785.006165,784.8394,1.66748047,0.5126051
0.57926,578,785.006165,784.840149,1.66015625,0.567137539
0.57930,579,785.006165,784.8408,1.65344238,0.627123237
0.58054,580,785.006165,784.841553,1.64611816,0.681655645
0.58055,581,785.006165,784.8423,1.638794,0.7034687
0.58233,582,785.006165,784.8431,1.63085938,0.714375138
0.58418,583,785.006165,784.8439,1.6229248,0.741641343
0.58421,584,785.006165,784.8446,1.61560059,0.741641343
0.58540,585,785.006165,784.845337,1.60827637,0.741641343
0.58723,586,785.006165,784.845947,1.60217285,0.725281656
0.58725,587,785.006165,784.846558,1.59606934,0.7034687
0.58868,588,785.006165,784.847168,1.58996582,0.6598427
0.58871,589,785.006165,784.8478,1.5838623,0.6380297
0.59036,590,785.006165,784.8484,1.57775879,0.599857
0.59218,591,785.006165,784.848938,1.57226563,0.567137539
0.59220,592,785.006165,784.8495,1.56677246,0.567137539
0.59341,593,785.006165,784.850037,1.5612793,0.556231
0.59526,594,785.006165,784.8505,1.55639648,0.556231
0.59528,595,785.006165,784.851135,1.550293,0.5453245
0.59658,596,785.006165,784.8516,1.54541016,0.5453245
0.59660,597,785.006165,784.8522,1.539917,0.5453245
0.59838,598,785.006165,784.852661,1.53503418,0.534418046
0.60014,599,785.006165,784.853,1.53137207,0.5235115
0.60017,600,785.006165,784.8534,1.52771,0.485338867
0.60139,601,785.006165,784.8537,1.5246582,0.419899881
0.60324,602,785.006165,784.854,1.52160645,0.359914184
0.60328,603,785.006165,784.8542,1.51977539,0.305381745
0.60454,604,785.006165,784.8544,1.51794434,0.2508493
0.60455,605,785.006165,784.8545,1.51672363,0.21267657
0.60635,606,785.006165,784.8547,1.51489258,0.1908636
0.60817,607,785.006165,784.8548,1.51367188,0.169050619
0.60820,608,785.006165,784.855,1.51184082,0.158144116
0.60941,609,785.006165,784.8551,1.51062012,0.147237629
0.61124,610,785.006165,784.8553,1.50878906,0.147237629
0.61125,611,785.006165,784.855652,1.505127,0.158144116
0.61257,612,785.006165,784.8558,1.50390625,0.169050619
0.61259,613,785.006165,784.855957,1.5020752,0.179957092
0.61436,614,785.006165,784.8562,1.49963379,0.179957092
0.61613,615,785.006165,784.8564,1.49780273,0.1908636
0.61615,616,785.006165,784.8566,1.49536133,0.201770067
0.61740,617,785.006165,784.856934,1.49230957,0.21267657
0.61926,618,785.006165,784.8572,1.48986816,0.223583058
0.61929,619,785.006165,784.8575,1.48681641,0.23448956
0.62054,620,785.006165,784.857849,1.4831543,0.261755764
0.62055,621,785.006165,784.858337,1.47827148,0.316288233
0.62240,622,785.006165,784.8588,1.47338867,0.359914184
0.62414,623,785.006165,784.859436,1.46728516,0.419899881
0.62415,624,785.006165,784.86,1.461792,0.485338867
0.62544,625,785.006165,784.8606,1.45568848,0.5453245
0.62727,626,785.006165,784.8614,1.44775391,0.578044
0.62730,627,785.006165,784.862,1.44165039,0.627123237
0.62856,628,785.006165,784.8628,1.43371582,0.6598427
0.62858,629,785.006165,784.863647,1.4251709,0.7034687
0.63034,630,785.006165,784.864441,1.41723633,0.7634544
0.63213,631,785.006165,784.8652,1.40991211,0.774360836
0.63215,632,785.006165,784.865845,1.40319824,0.774360836
0.63339,633,785.006165,784.8667,1.39465332,0.7634544
0.63522,634,785.006165,784.8674,1.38793945,0.741641343
0.63524,635,785.006165,784.8681,1.38061523,0.714375138
0.63654,636,785.006165,784.8687,1.37451172,0.7034687
0.63656,637,785.006165,784.8694,1.36779785,0.681655645
0.63864,638,785.006165,784.8698,1.36352539,0.648936152
0.64014,639,785.006165,784.870361,1.35803223,0.599857
0.64016,640,785.006165,784.871338,1.3482666,0.5126051
0.64139,641,785.006165,784.8719,1.34277344,0.5016986
0.64323,642,785.006165,784.8722,1.33972168,0.485338867
0.64327,643,785.006165,784.872742,1.33422852,0.474432319
0.64455,644,785.006165,784.873047,1.33117676,0.4417129
0.64456,645,785.006165,784.873352,1.328125,0.408993423
0.64636,646,785.006165,784.8737,1.32446289,0.37627393
0.64813,647,785.006165,784.8739,1.32263184,0.327194721
0.64815,648,785.006165,784.874146,1.32019043,0.294475257
0.64941,649,785.006165,784.874451,1.31713867,0.272662252
0.65122,650,785.006165,784.8747,1.31469727,0.261755764
0.65123,651,785.006165,784.874939,1.31225586,0.2508493
0.65254,652,785.006165,784.8751,1.3104248,0.2508493
0.65255,653,785.006165,784.875366,1.3079834,0.23448956
0.65435,654,785.006165,784.875549,1.30615234,0.21267657
0.65617,655,785.006165,784.8758,1.30371094,0.201770067
0.65619,656,785.006165,784.8759,1.30249023,0.1908636
0.65745,657,785.006165,784.876,1.30187988,0.169050619
0.65925,658,785.006165,784.8761,1.30065918,0.147237629
0.65927,659,785.006165,784.8762,1.29943848,0.136331126
0.66057,660,785.006165,784.8762,1.29943848,0.109064907
0.66060,661,785.006165,784.8764,1.29760742,0.087251924
0.66240,662,785.006165,784.8764,1.29760742,0.07634544
0.66414,663,785.006165,784.876465,1.29699707,0.0545324534
0.66415,664,785.006165,784.8765,1.29638672,0.043625962
0.66541,665,785.006165,784.8765,1.29638672,0.043625962
0.66723,666,785.006165,784.876648,1.295166,0.0545324534
0.66725,667,785.006165,784.8767,1.29455566,0.0545324534
0.66857,668,785.006165,784.8769,1.29272461,0.06543894
0.66860,669,785.006165,784.8769,1.29272461,0.07634544
0.67032,670,785.006165,784.8771,1.29089355,0.07634544
0.67218,671,785.006165,784.8772,1.28967285,0.087251924
0.67220,672,785.006165,784.8774,1.2878418,0.109064907
0.67342,673,785.006165,784.8776,1.28540039,0.136331126
0.67524,674,785.006165,784.8778,1.28356934,0.169050619
0.67526,675,785.006165,784.8782,1.27990723,0.21267657
0.67655,676,785.006165,784.8785,1.27685547,0.23448956
0.67657,677,785.006165,784.8788,1.27380371,0.272662252
0.67835,678,785.006165,784.87915,1.2701416,0.294475257
0.68013,679,785.006165,784.879456,1.26708984,0.305381745
0.68014,680,785.006165,784.879761,1.26403809,0.316288233
0.68142,681,785.006165,784.880066,1.26098633,0.316288233
0.68323,682,785.006165,784.8804,1.25793457,0.305381745
0.68325,683,785.006165,784.8806,1.25549316,0.294475257
0.68455,684,785.006165,784.880859,1.25305176,0.28356877
0.68456,685,785.006165,784.881165,1.25,0.28356877
0.68630,686,785.006165,784.8814,1.24755859,0.272662252
0.68815,687,785.006165,784.881653,1.24511719,0.261755764
0.68817,688,785.006165,784.881958,1.24206543,0.261755764
0.68943,689,785.006165,784.882263,1.23901367,0.261755764
0.69124,690,785.006165,784.8826,1.23535156,0.28356877
0.69126,691,785.006165,784.883057,1.2310791,0.294475257
0.69257,692,785.006165,784.8834,1.227417,0.316288233
0.69259,693,785.006165,784.8837,1.22436523,0.3490077
0.69432,694,785.006165,784.884155,1.22009277,0.359914184
0.69613,695,785.006165,784.8845,1.21643066,0.359914184
0.69614,696,785.006165,784.884949,1.2121582,0.359914184
0.69746,697,785.006165,784.885437,1.20727539,0.408993423
0.69923,698,785.006165,784.886,1.20178223,0.4417129
0.69924,699,785.006165,784.8865,1.19689941,0.4417129
0.70054,700,785.006165,784.887,1.19140625,0.485338867
0.70056,701,785.006165,784.8876,1.18591309,0.5235115
0.70231,702,785.006165,784.888,1.18164063,0.534418046
0.70414,703,785.006165,784.8884,1.17736816,0.5126051
0.70415,704,785.006165,784.8889,1.17248535,0.5016986
0.70543,705,785.006165,784.8894,1.16760254,0.474432319
0.70723,706,785.006165,784.8899,1.16271973,0.463525862
0.70724,707,785.006165,784.890259,1.15905762,0.452619374
0.70856,708,785.006165,784.8906,1.15539551,0.430806369
0.70857,709,785.006165,784.8909,1.15234375,0.408993423
0.71031,710,785.006165,784.891235,1.149292,0.387180418
0.71214,711,785.006165,784.8916,1.14562988,0.338101238
0.71215,712,785.006165,784.8918,1.14379883,0.316288233
0.71342,713,785.006165,784.891968,1.14196777,0.272662252
0.71523,714,785.006165,784.8922,1.13952637,0.23448956
0.71524,715,785.006165,784.892334,1.13830566,0.201770067
0.71654,716,785.006165,784.8925,1.13647461,0.179957092
0.71656,717,785.006165,784.8927,1.13464355,0.169050619
0.71830,718,785.006165,784.8929,1.1328125,0.147237629
0.72016,719,785.006165,784.893,1.1315918,0.147237629
0.72018,720,785.006165,784.8932,1.12976074,0.147237629
0.72144,721,785.006165,784.8933,1.12854,0.147237629
0.72324,722,785.006165,784.8935,1.126709,0.169050619
0.72325,723,785.006165,784.8938,1.12365723,0.179957092
0.72458,724,785.006165,784.8941,1.12060547,0.223583058
0.72463,725,785.006165,784.8944,1.11755371,0.2508493
0.72632,726,785.006165,784.894836,1.11328125,0.28356877
0.72815,727,785.006165,784.895264,1.10900879,0.316288233
0.72817,728,785.006165,784.895569,1.105957,0.327194721
0.72940,729,785.006165,784.8959,1.10290527,0.338101238
0.73125,730,785.006165,784.89624,1.09924316,0.327194721
0.73129,731,785.006165,784.896545,1.09619141,0.338101238
0.73254,732,785.006165,784.8969,1.0925293,0.327194721
0.73256,733,785.006165,784.897339,1.08825684,0.327194721
0.73436,734,785.006165,784.897644,1.08520508,0.338101238
0.73617,735,785.006165,784.897949,1.08215332,0.338101238
0.73620,736,785.006165,784.8984,1.07788086,0.338101238
0.73741,737,785.006165,784.8987,1.0748291,0.3490077
0.73925,738,785.006165,784.899,1.07177734,0.3490077
0.73926,739,785.006165,784.899231,1.06933594,0.338101238
0.74056,740,785.006165,784.8994,1.06750488,0.305381745
0.74057,741,785.006165,784.8996,1.06567383,0.2508493
0.74232,742,785.006165,784.8996,1.06567383,0.1908636
0.74413,743,785.006165,784.8995,1.06689453,0.0545324534
0.74415,744,785.006165,784.8994,1.06750488,0.021812981
0.74541,745,785.006165,784.899231,1.06933594,-0.03817272
0.74723,746,785.006165,784.8992,1.06994629,-0.07089219
0.74725,747,785.006165,784.899048,1.071167,-0.09270517
0.74859,748,785.006165,784.8989,1.0723877,-0.114518143
0.74862,749,785.006165,784.8989,1.0723877,-0.114518143
0.75031,750,785.006165,784.898865,1.072998,-0.103611663
0.75214,751,785.006165,784.898743,1.07421875,-0.09270517
0.75215,752,785.006165,784.898743,1.07421875,-0.07089219
0.75344,753,785.006165,784.898743,1.07421875,-0.04907921
0.75531,754,785.006165,784.898865,1.072998,-0.03817272
0.75533,755,785.006165,784.8989,1.0723877,0
0.75657,756,785.006165,784.899048,1.071167,0.03271947
0.75662,757,785.006165,784.899048,1.071167,0.06543894
0.75834,758,785.006165,784.899231,1.06933594,0.07634544
0.76014,759,785.006165,784.8994,1.06750488,0.09815842
0.76016,760,785.006165,784.8995,1.06689453,0.09815842
0.76140,761,785.006165,784.8996,1.06567383,0.09815842
0.76322,762,785.006165,784.8997,1.06445313,0.09815842
0.76323,763,785.006165,784.8997,1.06445313,0.09815842
0.76457,764,785.006165,784.8999,1.06262207,0.087251924
0.76459,765,785.006165,784.8999,1.06262207,0.087251924
0.76631,766,785.006165,784.9,1.06140137,0.07634544
0.76817,767,785.006165,784.9,1.06140137,0.07634544
0.76818,768,785.006165,784.9002,1.05957031,0.07634544
0.76941,769,785.006165,784.9002,1.05957031,0.06543894
0.77124,770,785.006165,784.900269,1.05896,0.06543894
0.77127,771,785.006165,784.9003,1.05834961,0.0545324534
0.77256,772,785.006165,784.9003,1.05834961,0.0545324534
0.77259,773,785.006165,784.9003,1.05834961,0.043625962
0.77437,774,785.006165,784.9005,1.05651855,0.043625962
0.77614,775,785.006165,784.9005,1.05651855,0.043625962
0.77617,776,785.006165,784.9005,1.05651855,0.043625962
0.77740,777,785.006165,784.9007,1.0546875,0.043625962
0.77922,778,785.006165,784.9007,1.0546875,0.043625962
0.77923,779,785.006165,784.900757,1.05407715,0.043625962
0.78060,780,785.006165,784.9008,1.0534668,0.0545324534
0.78063,781,785.006165,784.901,1.05163574,0.06543894
0.78231,782,785.006165,784.9011,1.050415,0.09815842
0.78416,783,785.006165,784.9014,1.04736328,0.125424653
0.78417,784,785.006165,784.90155,1.04614258,0.169050619
0.78540,785,785.006165,784.9018,1.04370117,0.169050619
0.78727,786,785.006165,784.902,1.04187012,0.179957092
0.78731,787,785.006165,784.9023,1.03881836,0.201770067
0.78872,788,785.006165,784.9025,1.036377,0.223583058
0.78879,789,785.006165,784.9028,1.03393555,0.223583058
0.79035,790,785.006165,784.902954,1.03210449,0.23448956
0.79218,791,785.006165,784.903259,1.02905273,0.223583058
0.79221,792,785.006165,784.9034,1.027832,0.223583058
0.79341,793,785.006165,784.9037,1.02478027,0.21267657
0.79522,794,785.006165,784.9039,1.02294922,0.21267657
0.79525,795,785.006165,784.9041,1.02050781,0.21267657
0.79656,796,785.006165,784.904358,1.01806641,0.21267657
0.79658,797,785.006165,784.904663,1.01501465,0.223583058
0.79831,798,785.006165,784.9049,1.01257324,0.23448956
0.80018,799,785.006165,784.9052,1.00952148,0.272662252
0.80020,800,785.006165,784.9056,1.00585938,0.294475257
0.80139,801,785.006165,784.905945,1.00219727,0.316288233
0.80324,802,785.006165,784.9063,0.998535156,0.338101238
0.80326,803,785.006165,784.9066,0.9954834,0.3490077
0.80455,804,785.006165,784.907043,0.991210938,0.359914184
0.80457,805,785.006165,784.9074,0.9875488,0.3490077
0.80633,806,785.006165,784.9077,0.9844971,0.3490077
0.80820,807,785.006165,784.908,0.9814453,0.338101238
0.80823,808,785.006165,784.9083,0.978393555,0.327194721
0.80940,809,785.006165,784.9087,0.974731445,0.327194721
0.81123,810,785.006165,784.909,0.9716797,0.327194721
0.81125,811,785.006165,784.909363,0.9680176,0.327194721
0.81254,812,785.006165,784.9098,0.9637451,0.338101238
0.81255,813,785.006165,784.9101,0.960693359,0.3490077
0.81431,814,785.006165,784.9105,0.9564209,0.359914184
0.81617,815,785.006165,784.9109,0.9527588,0.359914184
0.81621,816,785.006165,784.9112,0.949707031,0.3490077
0.81741,817,785.006165,784.9115,0.9466553,0.338101238
0.81926,818,785.006165,784.9117,0.9448242,0.305381745
0.81929,819,785.006165,784.912048,0.9411621,0.28356877
0.82055,820,785.006165,784.912231,0.939331055,0.261755764
0.82057,821,785.006165,784.9125,0.936889648,0.2508493
0.82234,822,785.006165,784.9128,0.9338379,0.261755764
0.82416,823,785.006165,784.913147,0.9301758,0.272662252
0.82418,824,785.006165,784.913452,0.927124,0.28356877
0.82542,825,785.006165,784.913757,0.924072266,0.294475257
0.82723,826,785.006165,784.9141,0.920410156,0.294475257
0.82725,827,785.006165,784.9144,0.9173584,0.305381745
0.82858,828,785.006165,784.914734,0.914306641,0.305381745
0.82860,829,785.006165,784.915039,0.9112549,0.316288233
0.83034,830,785.006165,784.9153,0.9088135,0.305381745
0.83217,831,785.006165,784.9155,0.9063721,0.28356877
0.83221,832,785.006165,784.915833,0.9033203,0.272662252
0.83341,833,785.006165,784.916,0.901489258,0.2508493
0.83523,834,785.006165,784.91626,0.899047852,0.223583058
0.83524,835,785.006165,784.9165,0.896606445,0.223583058
0.83654,836,785.006165,784.9167,0.8947754,0.223583058
0.83656,837,785.006165,784.917,0.891723633,0.2508493
0.83851,838,785.006165,784.9173,0.8886719,0.2508493
0.84014,839,785.006165,784.917542,0.886230469,0.2508493
0.84015,840,785.006165,784.9178,0.883789063,0.261755764
0.84141,841,785.006165,784.9181,0.8807373,0.261755764
0.84328,842,785.006165,784.9186,0.8758545,0.2508493
0.84333,843,785.006165,784.918762,0.874023438,0.223583058
0.84457,844,785.006165,784.9189,0.872802734,0.1908636
0.84458,845,785.006165,784.919067,0.8709717,0.158144116
0.84632,846,785.006165,784.919067,0.8709717,0.136331126
0.84816,847,785.006165,784.9191,0.8703613,0.09815842
0.84820,848,785.006165,784.9192,0.869751,0.087251924
0.84940,849,785.006165,784.9192,0.869751,0.0545324534
0.85126,850,785.006165,784.9193,0.8685303,0.043625962
0.85129,851,785.006165,784.9194,0.8679199,0.043625962
0.85254,852,785.006165,784.9194,0.8679199,0.03271947
0.85256,853,785.006165,784.9194,0.8679199,0.03271947
0.85431,854,785.006165,784.9194,0.8679199,0.021812981
0.85617,855,785.006165,784.919434,0.8673096,0.021812981
0.85621,856,785.006165,784.919434,0.8673096,0.021812981
0.85743,857,785.006165,784.9195,0.8666992,0.021812981
0.85924,858,785.006165,784.9195,0.8666992,0.021812981
0.85926,859,785.006165,784.9195,0.8666992,0.03271947
0.86058,860,785.006165,784.919739,0.8642578,0.03271947
0.86062,861,785.006165,784.919739,0.8642578,0.03271947
0.86232,862,785.006165,784.919739,0.8642578,0.03271947
0.86416,863,785.006165,784.919861,0.8630371,0.0545324534
0.86419,864,785.006165,784.920044,0.861206055,0.07634544
0.86542,865,785.006165,784.920166,0.859985352,0.09815842
0.86725,866,785.006165,784.920349,0.8581543,0.147237629
0.86728,867,785.006165,784.9205,0.8569336,0.158144116
0.86854,868,785.006165,784.920837,0.8532715,0.201770067
0.86855,869,785.006165,784.921143,0.8502197,0.223583058
0.87032,870,785.006165,784.9214,0.8477783,0.2508493
0.87217,871,785.006165,784.9216,0.845947266,0.272662252
0.87220,872,785.006165,784.921936,0.842285156,0.272662252
0.87342,873,785.006165,784.922241,0.8392334,0.272662252
0.87525,874,785.006165,784.9224,0.837402344,0.272662252
0.87528,875,785.006165,784.9227,0.8343506,0.2508493
0.87656,876,785.006165,784.922852,0.8331299,0.23448956
0.87658,877,785.006165,784.9231,0.8306885,0.201770067
0.87831,878,785.006165,784.9231,0.8306885,0.169050619
0.88017,879,785.006165,784.9232,0.8294678,0.136331126
0.88020,880,785.006165,784.9233,0.8288574,0.087251924
0.88142,881,785.006165,784.9233,0.8288574,0.06543894
0.88326,882,785.006165,784.9233,0.8288574,0.03271947
0.88328,883,785.006165,784.9233,0.8288574,0
0.88456,884,785.006165,784.9233,0.8288574,-0.0163597353
0.88462,885,785.006165,784.9232,0.8294678,-0.0272662267
0.88632,886,785.006165,784.9232,0.8294678,-0.03817272
0.88815,887,785.006165,784.9231,0.8306885,-0.03817272
0.88817,888,785.006165,784.9231,0.8306885,-0.04907921
0.88943,889,785.006165,784.9231,0.8306885,-0.03817272
0.89128,890,785.006165,784.9231,0.8306885,-0.04907921
0.89131,891,785.006165,784.923,0.8319092,-0.04907921
0.89259,892,785.006165,784.923,0.8319092,-0.03817272
0.89264,893,785.006165,784.923,0.8319092,-0.03817272
0.89436,894,785.006165,784.923,0.8319092,-0.0163597353
0.89617,895,785.006165,784.923,0.8319092,0
0.89620,896,785.006165,784.923,0.8319092,0
0.89742,897,785.006165,784.9231,0.8306885,0.0109064905
0.89925,898,785.006165,784.9231,0.8306885,0.021812981
0.89927,899,785.006165,784.9232,0.8294678,0.043625962
0.90057,900,785.006165,784.9232,0.8294678,0.0545324534
0.90059,901,785.006165,784.9234,0.8276367,0.06543894
0.90235,902,785.006165,784.9234,0.8276367,0.06543894
0.90416,903,785.006165,784.9235,0.826416,0.07634544
0.90418,904,785.006165,784.923645,0.8251953,0.07634544
0.90553,905,785.006165,784.9237,0.824584961,0.087251924
0.90729,906,785.006165,784.9238,0.823364258,0.09815842
0.90732,907,785.006165,784.924,0.8215332,0.09815842
0.90856,908,785.006165,784.9241,0.820922852,0.109064907
0.90858,909,785.006165,784.924133,0.8203125,0.109064907
0.91033,910,785.006165,784.9243,0.818481445,0.109064907
0.91218,911,785.006165,784.924561,0.816040039,0.147237629
0.91221,912,785.006165,784.9246,0.8154297,0.147237629
0.91340,913,785.006165,784.9249,0.8123779,0.158144116
0.91525,914,785.006165,784.9251,0.8105469,0.179957092
0.91528,915,785.006165,784.925232,0.8093262,0.179957092
0.91655,916,785.006165,784.9255,0.806884766,0.179957092
0.91657,917,785.006165,784.9258,0.803833,0.201770067
0.91833,918,785.006165,784.9259,0.8026123,0.201770067
0.92016,919,785.006165,784.9261,0.80078125,0.201770067
0.92018,920,785.006165,784.926331,0.798339844,0.1908636
0.92141,921,785.006165,784.926453,0.797119141,0.179957092
0.92328,922,785.006165,784.926758,0.7940674,0.179957092
0.92331,923,785.006165,784.926758,0.7940674,0.169050619
0.92456,924,785.006165,784.9269,0.7928467,0.147237629
0.92460,925,785.006165,784.927063,0.7910156,0.125424653
0.92635,926,785.006165,784.927063,0.7910156,0.09815842
0.92817,927,785.006165,784.927063,0.7910156,0.0545324534
0.92820,928,785.006165,784.9271,0.7904053,0.043625962
0.92939,929,785.006165,784.9271,0.7904053,0.03271947
0.93125,930,785.006165,784.9271,0.7904053,0.0109064905
0.93128,931,785.006165,784.9271,0.7904053,0.0109064905
0.93248,932,785.006165,784.927063,0.7910156,-0.0163597353
0.93250,933,785.006165,784.927063,0.7910156,-0.0272662267
0.93434,934,785.006165,784.927063,0.7910156,-0.0272662267
0.93614,935,785.006165,784.927063,0.7910156,-0.03817272
0.93617,936,785.006165,784.926941,0.7922363,-0.03817272
0.93741,937,785.006165,784.9269,0.7928467,-0.03817272
0.93927,938,785.006165,784.9269,0.7928467,-0.03817272
0.93929,939,785.006165,784.9269,0.7928467,-0.0272662267
0.94060,940,785.006165,784.9269,0.7928467,-0.0163597353
0.94064,941,785.006165,784.9269,0.7928467,0
0.94232,942,785.006165,784.926941,0.7922363,0
0.94419,943,785.006165,784.926941,0.7922363,0
0.94423,944,785.006165,784.927063,0.7910156,0.0109064905
0.94541,945,785.006165,784.927063,0.7910156,0.021812981
0.94727,946,785.006165,784.9271,0.7904053,0.03271947
0.94731,947,785.006165,784.9272,0.7897949,0.043625962
0.94848,948,785.006165,784.9272,0.7897949,0.043625962
0.94850,949,785.006165,784.9273,0.7885742,0.043625962
0.95034,950,785.006165,784.927368,0.787963867,0.043625962
0.95221,951,785.006165,784.927368,0.787963867,0.043625962
0.95223,952,785.006165,784.9274,0.7873535,0.043625962
0.95342,953,785.006165,784.9275,0.786743164,0.0545324534
0.95543,954,785.006165,784.9275,0.786743164,0.0545324534
0.95550,955,785.006165,784.9277,0.7849121,0.06543894
0.95656,956,785.006165,784.9277,0.7849121,0.06543894
0.95658,957,785.006165,784.927856,0.783081055,0.06543894
0.95839,958,785.006165,784.9279,0.7824707,0.07634544
0.96018,959,785.006165,784.928,0.781860352,0.087251924
0.96021,960,785.006165,784.928162,0.7800293,0.09815842
0.96144,961,785.006165,784.9283,0.7788086,0.109064907
0.96326,962,785.006165,784.928467,0.776977539,0.136331126
0.96328,963,785.006165,784.9286,0.775756836,0.147237629
0.96448,964,785.006165,784.9289,0.7727051,0.169050619
0.96450,965,785.006165,784.929138,0.7702637,0.1908636
0.96633,966,785.006165,784.9294,0.767822266,0.21267657
0.96816,967,785.006165,784.929565,0.7659912,0.21267657
0.96819,968,785.006165,784.929932,0.7623291,0.23448956
0.96950,969,785.006165,784.9301,0.760498047,0.23448956
0.97127,970,785.006165,784.9304,0.7574463,0.2508493
0.97130,971,785.006165,784.930664,0.7550049,0.2508493
0.97255,972,785.006165,784.930847,0.7531738,0.23448956
0.97257,973,785.006165,784.931,0.7513428,0.23448956
0.97441,974,785.006165,784.931335,0.748291,0.223583058
0.97617,975,785.006165,784.931641,0.745239258,0.23448956
0.97619,976,785.006165,784.931946,0.7421875,0.2508493
0.97740,977,785.006165,784.932251,0.739135742,0.272662252
0.97926,978,785.006165,784.932556,0.736084,0.294475257
0.97928,979,785.006165,784.9329,0.7324219,0.316288233
0.98049,980,785.006165,784.9333,0.728759766,0.338101238
0.98050,981,785.006165,784.9336,0.725708,0.338101238
0.98242,982,785.006165,784.934,0.721435547,0.338101238
0.98415,983,785.006165,784.9342,0.7196045,0.327194721
0.98417,984,785.006165,784.9346,0.7159424,0.316288233
0.98540,985,785.006165,784.9347,0.7147217,0.28356877
0.98726,986,785.006165,784.9349,0.7128906,0.23448956
0.98730,987,785.006165,784.935,0.7116699,0.1908636
0.98867,988,785.006165,784.9352,0.709838867,0.136331126
0.98870,989,785.006165,784.9353,0.708618164,0.109064907
0.99032,990,785.006165,784.9353,0.708618164,0.07634544
0.99216,991,785.006165,784.9353,0.708618164,0.06543894
0.99218,992,785.006165,784.9354,0.707397461,0.06543894
0.99342,993,785.006165,784.935547,0.706176758,0.0545324534
0.99528,994,785.006165,784.935547,0.706176758,0.06543894
0.99533,995,785.006165,784.9356,0.7055664,0.0545324534
0.99648,996,785.006165,784.935669,0.704956055,0.043625962
0.99650,997,785.006165,784.9357,0.7043457,0.0545324534
0.99835,998,785.006165,784.935852,0.703125,0.0545324534
1.00013,999,785.006165,784.9359,0.702514648,0.06543894
1.00014,1000,785.006165,784.936,0.7019043,0.07634544
1.00140,1001,785.006165,784.936157,0.700073242,0.087251924
1.00326,1002,785.006165,784.9363,0.698852539,0.09815842
1.00328,1003,785.006165,784.936462,0.6970215,0.109064907
1.00449,1004,785.006165,784.936646,0.6951904,0.147237629
1.00450,1005,785.006165,784.9368,0.6933594,0.158144116
1.00634,1006,785.006165,784.937,0.6915283,0.179957092
1.00819,1007,785.006165,784.937256,0.6890869,0.1908636
1.00823,1008,785.006165,784.937439,0.687255859,0.201770067
1.00941,1009,785.006165,784.937744,0.6842041,0.21267657
1.01126,1010,785.006165,784.9379,0.682373047,0.21267657
1.01129,1011,785.006165,784.9381,0.680542,0.21267657
1.01250,1012,785.006165,784.938354,0.6781006,0.21267657
1.01253,1013,785.006165,784.938538,0.676269531,0.201770067
1.01438,1014,785.006165,784.9389,0.6726074,0.21267657
1.01620,1015,785.006165,784.939,0.6713867,0.21267657
1.01623,1016,785.006165,784.939331,0.668334961,0.223583058
1.01740,1017,785.006165,784.9395,0.6665039,0.23448956
1.01926,1018,785.006165,784.9398,0.663452148,0.261755764
1.01929,1019,785.006165,784.9402,0.659790039,0.28356877
1.02048,1020,785.006165,784.9406,0.6555176,0.305381745
1.02050,1021,785.006165,784.9409,0.6524658,0.338101238
1.02237,1022,785.006165,784.9413,0.6488037,0.3490077
1.02418,1023,785.006165,784.94165,0.6451416,0.359914184
1.02423,1024,785.006165,784.941956,0.642089844,0.338101238
1.02543,1025,785.006165,784.9422,0.639648438,0.316288233
1.02726,1026,785.006165,784.942566,0.6359863,0.305381745
1.02729,1027,785.006165,784.9427,0.6347656,0.272662252
1.02851,1028,785.006165,784.942932,0.6323242,0.23448956
1.02855,1029,785.006165,784.943,0.631713867,0.201770067
1.03035,1030,785.006165,784.9432,0.6298828,0.158144116
1.03218,1031,785.006165,784.9433,0.6286621,0.136331126
1.03221,1032,785.006165,784.9433,0.6286621,0.109064907
1.03345,1033,785.006165,784.9435,0.626831055,0.087251924
1.03527,1034,785.006165,784.9435,0.626831055,0.07634544
1.03532,1035,785.006165,784.9435,0.626831055,0.06543894
1.03648,1036,785.006165,784.943542,0.6262207,0.043625962
1.03650,1037,785.006165,784.943665,0.625,0.03271947
1.03860,1038,785.006165,784.943665,0.625,0.03271947
1.04015,1039,785.006165,784.943665,0.625,0.021812981
1.04020,1040,785.006165,784.9437,0.624389648,0.021812981
1.04143,1041,785.006165,784.9437,0.624389648,0.0109064905
1.04328,1042,785.006165,784.9438,0.6237793,0.0109064905
1.04331,1043,785.006165,784.9438,0.6237793,0.03271947
1.04448,1044,785.006165,784.943848,0.623168945,0.021812981
1.04450,1045,785.006165,784.944,0.621948242,0.03271947
1.04638,1046,785.006165,784.944,0.621948242,0.03271947
1.04817,1047,785.006165,784.944,0.621948242,0.043625962
1.04821,1048,785.006165,784.9441,0.620727539,0.0545324534
1.04941,1049,785.006165,784.9441,0.620727539,0.0545324534
1.05127,1050,785.006165,784.9443,0.6188965,0.06543894
1.05129,1051,785.006165,784.9444,0.6176758,0.07634544
1.05251,1052,785.006165,784.9444,0.6176758,0.07634544
1.05254,1053,785.006165,784.944641,0.6152344,0.087251924
1.05435,1054,785.006165,784.9447,0.614624,0.09815842
1.05615,1055,785.006165,784.944763,0.6140137,0.087251924
1.05618,1056,785.006165,784.9448,0.6134033,0.07634544
1.05741,1057,785.006165,784.944946,0.6121826,0.07634544
1.05927,1058,785.006165,784.945,0.611572266,0.07634544
1.05929,1059,785.006165,784.945,0.611572266,0.0545324534
1.06049,1060,785.006165,784.945,0.611572266,0.043625962
1.06051,1061,785.006165,784.945,0.611572266,0.021812981
1.06231,1062,785.006165,784.945,0.611572266,0
1.06416,1063,785.006165,784.945,0.611572266,0
1.06418,1064,785.006165,784.944946,0.6121826,-0.0163597353
1.06540,1065,785.006165,784.944946,0.6121826,-0.0272662267
1.06724,1066,785.006165,784.944946,0.6121826,-0.0163597353
1.06727,1067,785.006165,784.944946,0.6121826,-0.0272662267
1.06851,1068,785.006165,784.944946,0.6121826,-0.0163597353
1.06853,1069,785.006165,784.944946,0.6121826,0
1.07033,1070,785.006165,784.944946,0.6121826,-0.0163597353
1.07217,1071,785.006165,784.944946,0.6121826,-0.0163597353
1.07221,1072,785.006165,784.944946,0.6121826,-0.0163597353
1.07341,1073,785.006165,784.944946,0.6121826,-0.0163597353
1.07526,1074,785.006165,784.944946,0.6121826,0
1.07528,1075,785.006165,784.944946,0.6121826,0
1.07648,1076,785.006165,784.944946,0.6121826,0
1.07650,1077,785.006165,784.945068,0.6109619,0.0109064905
1.07834,1078,785.006165,784.945068,0.6109619,0.021812981
1.08017,1079,785.006165,784.945068,0.6109619,0.03271947
1.08020,1080,785.006165,784.945068,0.6109619,0.03271947
1.08140,1081,785.006165,784.945251,0.609130859,0.03271947
1.08327,1082,785.006165,784.945251,0.609130859,0.021812981
1.08330,1083,785.006165,784.945251,0.609130859,0.021812981
1.08449,1084,785.006165,784.945251,0.609130859,0.021812981
1.08451,1085,785.006165,784.945251,0.609130859,0.021812981
1.08634,1086,785.006165,784.945251,0.609130859,0.021812981
1.08816,1087,785.006165,784.9453,0.6085205,0.021812981
1.08819,1088,785.006165,784.9454,0.607910156,0.021812981
1.08941,1089,785.006165,784.9454,0.607910156,0.021812981
1.09126,1090,785.006165,784.9454,0.607910156,0.0109064905
1.09129,1091,785.006165,784.9454,0.607910156,0.0109064905
1.09249,1092,785.006165,784.9454,0.607910156,0
1.09250,1093,785.006165,784.9453,0.6085205,-0.0163597353
1.09432,1094,785.006165,784.9453,0.6085205,-0.0163597353
1.09615,1095,785.006165,784.9453,0.6085205,-0.0272662267
1.09620,1096,785.006165,784.9453,0.6085205,-0.0163597353
1.09740,1097,785.006165,784.9453,0.6085205,-0.0163597353
1.09925,1098,785.006165,784.9453,0.6085205,0
1.09928,1099,785.006165,784.9453,0.6085205,0
1.10048,1100,785.006165,784.9453,0.6085205,0
1.10050,1101,785.006165,784.9453,0.6085205,0
1.10235,1102,785.006165,784.9454,0.607910156,0
1.10414,1103,785.006165,784.9454,0.607910156,0.0109064905
1.10416,1104,785.006165,784.9454,0.607910156,0.0109064905
1.10556,1105,785.006165,784.9454,0.607910156,0.021812981
1.10725,1106,785.006165,784.9454,0.607910156,0.0109064905
1.10728,1107,785.006165,784.9454,0.607910156,0.0109064905
1.10851,1108,785.006165,784.9454,0.607910156,0.0109064905
1.10854,1109,785.006165,784.9455,0.606689453,0.0109064905
1.11035,1110,785.006165,784.945557,0.6060791,0.0109064905
1.11216,1111,785.006165,784.945557,0.6060791,0.0109064905
1.11219,1112,785.006165,784.945557,0.6060791,0.021812981
1.11340,1113,785.006165,784.945557,0.6060791,0.0109064905
1.11530,1114,785.006165,784.945557,0.6060791,0.0109064905
1.11535,1115,785.006165,784.945557,0.6060791,0
1.11648,1116,785.006165,784.945557,0.6060791,0
1.11649,1117,785.006165,784.945557,0.6060791,0
1.11835,1118,785.006165,784.945557,0.6060791,0
1.12013,1119,785.006165,784.945557,0.6060791,0
1.12015,1120,785.006165,784.945557,0.6060791,0
1.12139,1121,785.006165,784.945557,0.6060791,0
1.12327,1122,785.006165,784.945557,0.6060791,-0.0163597353
1.12330,1123,785.006165,784.945557,0.6060791,-0.0163597353
1.12451,1124,785.006165,784.945557,0.6060791,-0.0163597353
1.12454,1125,785.006165,784.945557,0.6060791,-0.0163597353
1.12635,1126,785.006165,784.945557,0.6060791,0
1.12819,1127,785.006165,784.945557,0.6060791,0
1.12822,1128,785.006165,784.945557,0.6060791,0
1.12942,1129,785.006165,784.945557,0.6060791,0
1.13126,1130,785.006165,784.945557,0.6060791,0
1.13129,1131,785.006165,784.945557,0.6060791,0.0109064905
1.13250,1132,785.006165,784.9456,0.60546875,0.0109064905
1.13253,1133,785.006165,784.94574,0.604248047,0.021812981
1.13434,1134,785.006165,784.94574,0.604248047,0.0109064905
1.13616,1135,785.006165,784.94574,0.604248047,0.021812981
1.13619,1136,785.006165,784.94574,0.604248047,0.021812981
1.13740,1137,785.006165,784.94574,0.604248047,0.021812981
1.13924,1138,785.006165,784.9458,0.6036377,0.021812981
1.13928,1139,785.006165,784.9458,0.6036377,0.021812981
1.14052,1140,785.006165,784.9459,0.602417,0.021812981
1.14055,1141,785.006165,784.9459,0.602417,0.021812981
1.14235,1142,785.006165,784.9459,0.602417,0
1.14415,1143,785.006165,784.9459,0.602417,0
1.14416,1144,785.006165,784.9459,0.602417,-0.0163597353
1.14540,1145,785.006165,784.9459,0.602417,-0.0163597353
1.14721,1146,785.006165,784.9459,0.602417,-0.0163597353
1.14723,1147,785.006165,784.9459,0.602417,-0.0163597353
1.14848,1148,785.006165,784.9459,0.602417,-0.0163597353
1.14849,1149,785.006165,784.9459,0.602417,-0.0163597353
1.15034,1150,785.006165,784.9459,0.602417,0
1.15213,1151,785.006165,784.9459,0.602417,0
1.15215,1152,785.006165,784.9459,0.602417,0
1.15340,1153,785.006165,784.9459,0.602417,0
1.15535,1154,785.006165,784.9459,0.602417,0
1.15540,1155,785.006165,784.9459,0.602417,0.0109064905
1.15651,1156,785.006165,784.9459,0.602417,0.0109064905
1.15653,1157,785.006165,784.9459,0.602417,0.0109064905
1.15839,1158,785.006165,784.9459,0.602417,0.021812981
1.16014,1159,785.006165,784.946045,0.6011963,0.021812981
1.16016,1160,785.006165,784.946045,0.6011963,0.021812981
1.16141,1161,785.006165,784.946045,0.6011963,0.021812981
1.16324,1162,785.006165,784.946045,0.6011963,0.021812981
1.16327,1163,785.006165,784.9461,0.600585938,0.021812981
1.16449,1164,785.006165,784.9461,0.600585938,0.021812981
1.16451,1165,785.006165,784.9462,0.599365234,0.021812981
1.16635,1166,785.006165,784.9462,0.599365234,0.021812981
1.16816,1167,785.006165,784.9462,0.599365234,0.021812981
1.16819,1168,785.006165,784.9462,0.599365234,0.0109064905
1.16940,1169,785.006165,784.9462,0.599365234,0.0109064905
1.17124,1170,785.006165,784.9462,0.599365234,0
1.17126,1171,785.006165,784.9462,0.599365234,-0.0163597353
1.17250,1172,785.006165,784.9462,0.599365234,0
1.17252,1173,785.006165,784.9462,0.599365234,0
1.17436,1174,785.006165,784.9462,0.599365234,-0.0163597353
1.17614,1175,785.006165,784.9462,0.599365234,-0.0163597353
1.17616,1176,785.006165,784.9462,0.599365234,-0.0163597353
1.17740,1177,785.006165,784.9462,0.599365234,-0.0163597353
1.17923,1178,785.006165,784.9462,0.599365234,0
1.17925,1179,785.006165,784.9462,0.599365234,0
1.18048,1180,785.006165,784.9462,0.599365234,0
1.18050,1181,785.006165,784.9462,0.599365234,0.0109064905
1.18234,1182,785.006165,784.9463,0.5987549,0.021812981
1.18425,1183,785.006165,784.9463,0.5987549,0.0109064905
1.18427,1184,785.006165,784.94635,0.598144531,0.021812981
1.18541,1185,785.006165,784.94635,0.598144531,0.021812981
1.18724,1186,785.006165,784.9465,0.5969238,0.03271947
1.18726,1187,785.006165,784.946533,0.5963135,0.03271947
1.18874,1188,785.006165,784.946533,0.5963135,0.03271947
1.18877,1189,785.006165,784.946533,0.5963135,0.03271947
1.19035,1190,785.006165,784.9466,0.5957031,0.03271947
1.19218,1191,785.006165,784.9466,0.5957031,0.03271947
1.19220,1192,785.006165,784.946655,0.5950928,0.03271947
1.19342,1193,785.006165,784.946655,0.5950928,0.03271947
1.19524,1194,785.006165,784.946655,0.5950928,0.03271947
1.19526,1195,785.006165,784.9468,0.5938721,0.03271947
1.19649,1196,785.006165,784.946838,0.5932617,0.03271947
1.19651,1197,785.006165,784.946838,0.5932617,0.03271947
1.19837,1198,785.006165,784.9469,0.592651367,0.03271947
1.20013,1199,785.006165,784.947,0.591430664,0.043625962
1.20014,1200,785.006165,784.947,0.591430664,0.043625962
1.20146,1201,785.006165,784.9471,0.5908203,0.043625962
1.20321,1202,785.006165,784.947144,0.590209961,0.0545324534
1.20323,1203,785.006165,784.9473,0.5883789,0.06543894
1.20448,1204,785.006165,784.9473,0.5883789,0.06543894
1.20449,1205,785.006165,784.947449,0.5871582,0.07634544
1.20634,1206,785.006165,784.947632,0.585327148,0.09815842
1.20818,1207,785.006165,784.947754,0.584106445,0.109064907
1.20821,1208,785.006165,784.948,0.581665039,0.136331126
1.20941,1209,785.006165,784.9481,0.580444336,0.158144116
1.21126,1210,785.006165,784.948364,0.5780029,0.179957092
1.21129,1211,785.006165,784.9486,0.5755615,0.1908636
1.21248,1212,785.006165,784.9489,0.572509766,0.201770067
1.21250,1213,785.006165,784.9491,0.5706787,0.223583058
1.21433,1214,785.006165,784.9494,0.567626953,0.223583058
1.21615,1215,785.006165,784.949646,0.565185547,0.2508493
1.21617,1216,785.006165,784.9499,0.562744141,0.2508493
1.21746,1217,785.006165,784.950134,0.560302734,0.2508493
1.21923,1218,785.006165,784.9504,0.5578613,0.2508493
1.21926,1219,785.006165,784.950562,0.5560303,0.23448956
1.22049,1220,785.006165,784.9508,0.553588867,0.223583058
1.22052,1221,785.006165,784.951,0.5517578,0.223583058
1.22235,1222,785.006165,784.951233,0.5493164,0.21267657
1.22416,1223,785.006165,784.9515,0.546875,0.201770067
1.22418,1224,785.006165,784.95166,0.545043945,0.201770067
1.22541,1225,785.006165,784.9519,0.542602539,0.1908636
1.22723,1226,785.006165,784.9521,0.5407715,0.201770067
1.22725,1227,785.006165,784.9523,0.5389404,0.21267657
1.22849,1228,785.006165,784.952637,0.5352783,0.21267657
1.22851,1229,785.006165,784.952942,0.532226563,0.23448956
1.23032,1230,785.006165,784.9532,0.529785156,0.2508493
1.23215,1231,785.006165,784.9535,0.5267334,0.272662252
1.23218,1232,785.006165,784.953735,0.524292,0.272662252
1.23341,1233,785.006165,784.954041,0.521240234,0.261755764
1.23522,1234,785.006165,784.954163,0.520019531,0.261755764
1.23524,1235,785.006165,784.954468,0.5169678,0.2508493
1.23649,1236,785.006165,784.9547,0.514526367,0.23448956
1.23650,1237,785.006165,784.954834,0.513305664,0.21267657
1.23861,1238,785.006165,784.955,0.5114746,0.1908636
1.24016,1239,785.006165,784.955139,0.5102539,0.179957092
1.24020,1240,785.006165,784.9554,0.5078125,0.169050619
1.24140,1241,785.006165,784.9556,0.5053711,0.179957092
1.24325,1242,785.006165,784.9558,0.503540039,0.179957092
1.24328,1243,785.006165,784.9563,0.498657227,0.201770067
1.24452,1244,785.006165,784.956543,0.49621582,0.21267657
1.24454,1245,785.006165,784.9567,0.494384766,0.223583058
1.24631,1246,785.006165,784.957,0.491943359,0.23448956
1.24816,1247,785.006165,784.9572,0.489501953,0.23448956
1.24819,1248,785.006165,784.9575,0.4864502,0.23448956
1.24945,1249,785.006165,784.9577,0.484619141,0.223583058
1.25124,1250,785.006165,784.9578,0.483398438,0.223583058
1.25127,1251,785.006165,784.958069,0.480957031,0.201770067
1.25251,1252,785.006165,784.9582,0.479736328,0.1908636
1.25252,1253,785.006165,784.9584,0.477905273,0.179957092
1.25431,1254,785.006165,784.9586,0.475463867,0.169050619
1.25616,1255,785.006165,784.95874,0.474243164,0.158144116
1.25618,1256,785.006165,784.959,0.471801758,0.169050619
1.25742,1257,785.006165,784.959167,0.4699707,0.169050619
1.25926,1258,785.006165,784.959351,0.468139648,0.179957092
1.25927,1259,785.006165,784.959656,0.4650879,0.21267657
1.26051,1260,785.006165,784.959961,0.462036133,0.23448956
1.26054,1261,785.006165,784.960266,0.458984375,0.261755764
1.26232,1262,785.006165,784.9605,0.456542969,0.272662252
1.26415,1263,785.006165,784.960754,0.454101563,0.261755764
1.26416,1264,785.006165,784.96106,0.4510498,0.261755764
1.26540,1265,785.006165,784.9612,0.4498291,0.2508493
1.26725,1266,785.006165,784.961548,0.446167,0.2508493
1.26727,1267,785.006165,784.961731,0.444335938,0.23448956
1.26850,1268,785.006165,784.961853,0.443115234,0.21267657
1.26853,1269,785.006165,784.962036,0.44128418,0.179957092
1.27033,1270,785.006165,784.9621,0.440673828,0.158144116
1.27216,1271,785.006165,784.9623,0.438842773,0.136331126
1.27219,1272,785.006165,784.962341,0.438232422,0.125424653
1.27344,1273,785.006165,784.962463,0.437011719,0.125424653
1.27524,1274,785.006165,784.9627,0.4345703,0.125424653
1.27526,1275,785.006165,784.9628,0.4333496,0.136331126
1.27655,1276,785.006165,784.963,0.431518555,0.147237629
1.27658,1277,785.006165,784.963135,0.430297852,0.147237629
1.27831,1278,785.006165,784.9633,0.4284668,0.147237629
1.28015,1279,785.006165,784.963562,0.4260254,0.158144116
1.28016,1280,785.006165,784.9638,0.423583984,0.169050619
1.28142,1281,785.006165,784.9639,0.422363281,0.1908636
1.28322,1282,785.006165,784.9641,0.420532227,0.201770067
1.28325,1283,785.006165,784.9644,0.417480469,0.201770067
1.28454,1284,785.006165,784.964539,0.416259766,0.201770067
1.28456,1285,785.006165,784.9647,0.4144287,0.1908636
1.28633,1286,785.006165,784.9649,0.412597656,0.1908636
1.28815,1287,785.006165,784.9651,0.4107666,0.179957092
1.28818,1288,785.006165,784.9652,0.4095459,0.158144116
1.28943,1289,785.006165,784.9652,0.4095459,0.136331126
1.29124,1290,785.006165,784.9654,0.407714844,0.09815842
1.29125,1291,785.006165,784.9654,0.407714844,0.07634544
1.29251,1292,785.006165,784.965454,0.4071045,0.07634544
1.29253,1293,785.006165,784.9655,0.406494141,0.06543894
1.29430,1294,785.006165,784.9655,0.406494141,0.0545324534
1.29614,1295,785.006165,784.9657,0.4046631,0.0545324534
1.29616,1296,785.006165,784.9657,0.4046631,0.03271947
1.29742,1297,785.006165,784.9657,0.4046631,0.03271947
1.29923,1298,785.006165,784.9657,0.4046631,0.03271947
1.29924,1299,785.006165,784.9657,0.4046631,0.021812981
1.30049,1300,785.006165,784.9658,0.403442383,0.03271947
1.30052,1301,785.006165,784.9658,0.403442383,0.03271947
1.30231,1302,785.006165,784.965942,0.40222168,0.03271947
1.30415,1303,785.006165,784.966064,0.401000977,0.043625962
1.30417,1304,785.006165,784.966064,0.401000977,0.0545324534
1.30558,1305,785.006165,784.966064,0.401000977,0.0545324534
1.30725,1306,785.006165,784.9662,0.399780273,0.06543894
1.30727,1307,785.006165,784.9664,0.397949219,0.07634544
1.30850,1308,785.006165,784.9666,0.3955078,0.109064907
1.30852,1309,785.006165,784.9668,0.393676758,0.136331126
1.31033,1310,785.006165,784.967,0.3918457,0.158144116
1.31217,1311,785.006165,784.9672,0.3894043,0.1908636
1.31218,1312,785.006165,784.967468,0.3869629,0.21267657
1.31342,1313,785.006165,784.9678,0.383911133,0.23448956
1.31523,1314,785.006165,784.9679,0.38269043,0.2508493
1.31524,1315,785.006165,784.968262,0.37902832,0.2508493
1.31648,1316,785.006165,784.968445,0.377197266,0.2508493
1.31649,1317,785.006165,784.96875,0.3741455,0.223583058
1.31831,1318,785.006165,784.9688,0.373535156,0.223583058
1.32017,1319,785.006165,784.9689,0.3729248,0.179957092
1.32020,1320,785.006165,784.9689,0.3729248,0.136331126
1.32140,1321,785.006165,784.9689,0.3729248,0.07634544
1.32324,1322,785.006165,784.9689,0.3729248,0.021812981
1.32326,1323,785.006165,784.96875,0.3741455,-0.0272662267
1.32450,1324,785.006165,784.9686,0.3753662,-0.0599856973
1.32451,1325,785.006165,784.968567,0.375976563,-0.09270517
1.32632,1326,785.006165,784.968445,0.377197266,-0.103611663
1.32820,1327,785.006165,784.9683,0.378417969,-0.103611663
1.32823,1328,785.006165,784.968262,0.37902832,-0.114518143
1.32942,1329,785.006165,784.968262,0.37902832,-0.103611663
1.33128,1330,785.006165,784.9682,0.379638672,-0.08179868
1.33131,1331,785.006165,784.9681,0.380859375,-0.07089219
1.33249,1332,785.006165,784.9681,0.380859375,-0.0599856973
1.33250,1333,785.006165,784.9681,0.380859375,-0.03817272
1.33431,1334,785.006165,784.968262,0.37902832,0
1.33615,1335,785.006165,784.968262,0.37902832,0.021812981
1.33618,1336,785.006165,784.968445,0.377197266,0.043625962
1.33739,1337,785.006165,784.968445,0.377197266,0.06543894
1.33928,1338,785.006165,784.968567,0.375976563,0.07634544
1.33930,1339,785.006165,784.968567,0.375976563,0.07634544
1.34049,1340,785.006165,784.96875,0.3741455,0.07634544
1.34051,1341,785.006165,784.9688,0.373535156,0.06543894
1.34231,1342,785.006165,784.9689,0.3729248,0.0545324534
1.34415,1343,785.006165,784.9689,0.3729248,0.0545324534
1.34416,1344,785.006165,784.969,0.3717041,0.0545324534
1.34541,1345,785.006165,784.969,0.3717041,0.03271947
1.34723,1346,785.006165,784.9689,0.3729248,0.0109064905
1.34725,1347,785.006165,784.9689,0.3729248,-0.0163597353
1.34848,1348,785.006165,784.9688,0.373535156,-0.03817272
1.34850,1349,785.006165,784.96875,0.3741455,-0.04907921
1.35031,1350,785.006165,784.96875,0.3741455,-0.04907921
1.35214,1351,785.006165,784.96875,0.3741455,-0.04907921
1.35216,1352,785.006165,784.96875,0.3741455,-0.04907921
1.35340,1353,785.006165,784.96875,0.3741455,-0.03817272
1.35549,1354,785.006165,784.9686,0.3753662,-0.03817272
1.35556,1355,785.006165,784.9686,0.3753662,-0.0163597353
1.35652,1356,785.006165,784.9686,0.3753662,-0.0163597353
1.35655,1357,785.006165,784.9686,0.3753662,-0.0163597353
1.35834,1358,785.006165,784.96875,0.3741455,-0.0163597353
1.36018,1359,785.006165,784.96875,0.3741455,0.0109064905
1.36020,1360,785.006165,784.96875,0.3741455,0.0109064905
1.36141,1361,785.006165,784.9688,0.373535156,0.021812981
1.36328,1362,785.006165,784.9688,0.373535156,0.03271947
1.36333,1363,785.006165,784.9689,0.3729248,0.021812981
1.36449,1364,785.006165,784.9689,0.3729248,0.03271947
1.36451,1365,785.006165,784.9689,0.3729248,0.021812981
1.36633,1366,785.006165,784.9689,0.3729248,0.021812981
1.36819,1367,785.006165,784.969,0.3717041,0.021812981
1.36821,1368,785.006165,784.969,0.3717041,0.021812981
1.36943,1369,785.006165,784.969,0.3717041,0.0109064905
1.37126,1370,785.006165,784.969,0.3717041,0
1.37129,1371,785.006165,784.9689,0.3729248,-0.0163597353
1.37251,1372,785.006165,784.9689,0.3729248,-0.0272662267
1.37253,1373,785.006165,784.9689,0.3729248,-0.03817272
1.37433,1374,785.006165,784.9689,0.3729248,-0.0272662267
1.37617,1375,785.006165,784.9689,0.3729248,-0.0272662267
1.37620,1376,785.006165,784.9689,0.3729248,-0.0272662267
1.37740,1377,785.006165,784.9689,0.3729248,-0.0163597353
1.37925,1378,785.006165,784.9689,0.3729248,-0.0163597353
1.37930,1379,785.006165,784.9689,0.3729248,-0.0163597353
1.38049,1380,785.006165,784.9689,0.3729248,0
1.38052,1381,785.006165,784.9689,0.3729248,0
1.38233,1382,785.006165,784.9689,0.3729248,0
1.38414,1383,785.006165,784.9689,0.3729248,0
1.38417,1384,785.006165,784.9689,0.3729248,0.0109064905
1.38541,1385,785.006165,784.9689,0.3729248,0.0109064905
1.38724,1386,785.006165,784.9689,0.3729248,0.0109064905
1.38726,1387,785.006165,784.9689,0.3729248,0.0109064905
1.38871,1388,785.006165,784.9689,0.3729248,0
1.38876,1389,785.006165,784.9689,0.3729248,0
1.39034,1390,785.006165,784.9689,0.3729248,0
1.39216,1391,785.006165,784.9689,0.3729248,0
1.39218,1392,785.006165,784.9689,0.3729248,0
1.39342,1393,785.006165,784.9689,0.3729248,0
1.39528,1394,785.006165,784.9689,0.3729248,0
1.39530,1395,785.006165,784.9689,0.3729248,0
1.39648,1396,785.006165,784.9689,0.3729248,0
1.39650,1397,785.006165,784.9689,0.3729248,0
1.39831,1398,785.006165,784.9689,0.3729248,0
1.40019,1399,785.006165,784.9689,0.3729248,0
1.40022,1400,785.006165,784.9689,0.3729248,0
1.40142,1401,785.006165,784.9689,0.3729248,0
1.40327,1402,785.006165,784.9689,0.3729248,0
1.40330,1403,785.006165,784.9689,0.3729248,0
1.40452,1404,785.006165,784.9689,0.3729248,0
1.40454,1405,785.006165,784.9689,0.3729248,0
1.40634,1406,785.006165,784.9689,0.3729248,0
1.40818,1407,785.006165,784.9689,0.3729248,0
1.40821,1408,785.006165,784.9689,0.3729248,0
1.40940,1409,785.006165,784.9689,0.3729248,0
1.41124,1410,785.006165,784.9689,0.3729248,0
1.41126,1411,785.006165,784.9689,0.3729248,0
1.41250,1412,785.006165,784.9689,0.3729248,0
1.41252,1413,785.006165,784.9689,0.3729248,0
1.41433,1414,785.006165,784.9689,0.3729248,0
1.41620,1415,785.006165,784.9689,0.3729248,0
1.41622,1416,785.006165,784.9689,0.3729248,0
1.41742,1417,785.006165,784.9689,0.3729248,0
1.41928,1418,785.006165,784.9689,0.3729248,0
1.41932,1419,785.006165,784.969,0.3717041,0
1.42051,1420,785.006165,784.969055,0.37109375,0.0109064905
1.42053,1421,785.006165,784.969055,0.37109375,0.0109064905
1.42236,1422,785.006165,784.969055,0.37109375,0.0109064905
1.42417,1423,785.006165,784.969055,0.37109375,0.0109064905
1.42419,1424,785.006165,784.969055,0.37109375,0.0109064905
1.42543,1425,785.006165,784.969055,0.37109375,0.0109064905
1.42727,1426,785.006165,784.969055,0.37109375,0.0109064905
1.42732,1427,785.006165,784.969055,0.37109375,0.0109064905
1.42849,1428,785.006165,784.969055,0.37109375,0
1.42851,1429,785.006165,784.969055,0.37109375,0
1.43035,1430,785.006165,784.969055,0.37109375,0
1.43217,1431,785.006165,784.969055,0.37109375,0
1.43220,1432,785.006165,784.969055,0.37109375,-0.0163597353
1.43340,1433,785.006165,784.969055,0.37109375,-0.0163597353
1.43526,1434,785.006165,784.969055,0.37109375,-0.0163597353
1.43528,1435,785.006165,784.969055,0.37109375,-0.0163597353
1.43650,1436,785.006165,784.969055,0.37109375,-0.0163597353
1.43655,1437,785.006165,784.969055,0.37109375,0
1.43865,1438,785.006165,784.969055,0.37109375,0
1.44018,1439,785.006165,784.969055,0.37109375,0
1.44020,1440,785.006165,784.969055,0.37109375,0
1.44142,1441,785.006165,784.969055,0.37109375,0
1.44325,1442,785.006165,784.969055,0.37109375,0
1.44329,1443,785.006165,784.969055,0.37109375,0
1.44449,1444,785.006165,784.9691,0.3704834,0.0109064905
1.44452,1445,785.006165,784.9692,0.369873047,0.0109064905
1.44632,1446,785.006165,784.9692,0.369873047,0.0109064905
1.44816,1447,785.006165,784.9692,0.369873047,0.0109064905
1.44819,1448,785.006165,784.9692,0.369873047,0.0109064905
1.44941,1449,785.006165,784.9692,0.369873047,0.0109064905
1.45124,1450,785.006165,784.9692,0.369873047,0.0109064905
1.45125,1451,785.006165,784.9692,0.369873047,0.0109064905
1.45250,1452,785.006165,784.9692,0.369873047,0.0109064905
1.45254,1453,785.006165,784.9692,0.369873047,0.0109064905
1.45436,1454,785.006165,784.9692,0.369873047,0.0109064905
1.45623,1455,785.006165,784.9692,0.369873047,0.0109064905
1.45628,1456,785.006165,784.9693,0.368652344,0.0109064905
1.45741,1457,785.006165,784.9693,0.368652344,0.0109064905
1.45927,1458,785.006165,784.9693,0.368652344,0.0109064905
1.45930,1459,785.006165,784.9692,0.369873047,0
1.46049,1460,785.006165,784.9692,0.369873047,-0.0163597353
1.46051,1461,785.006165,784.9692,0.369873047,-0.0163597353
1.46242,1462,785.006165,784.9692,0.369873047,-0.0272662267
1.46416,1463,785.006165,784.9692,0.369873047,-0.0163597353
1.46418,1464,785.006165,784.9692,0.369873047,-0.0163597353
1.46541,1465,785.006165,784.9692,0.369873047,0
1.46725,1466,785.006165,784.9692,0.369873047,0
1.46728,1467,785.006165,784.9692,0.369873047,0
1.46850,1468,785.006165,784.9692,0.369873047,0
1.46851,1469,785.006165,784.9692,0.369873047,0
1.47036,1470,785.006165,784.9692,0.369873047,0
1.47220,1471,785.006165,784.9693,0.368652344,0
1.47223,1472,785.006165,784.9694,0.367431641,0.0109064905
1.47340,1473,785.006165,784.9694,0.367431641,0.0109064905
1.47526,1474,785.006165,784.9694,0.367431641,0.021812981
1.47528,1475,785.006165,784.9694,0.367431641,0.021812981
1.47649,1476,785.006165,784.9694,0.367431641,0.0109064905
1.47651,1477,785.006165,784.9694,0.367431641,0.021812981
1.47834,1478,785.006165,784.9694,0.367431641,0.0109064905
1.48018,1479,785.006165,784.969543,0.366210938,0.021812981
1.48021,1480,785.006165,784.969543,0.366210938,0.021812981
1.48140,1481,785.006165,784.969543,0.366210938,0.021812981
1.48325,1482,785.006165,784.969543,0.366210938,0.0109064905
1.48328,1483,785.006165,784.969543,0.366210938,0.0109064905
1.48453,1484,785.006165,784.969543,0.366210938,0
1.48455,1485,785.006165,784.969543,0.366210938,-0.0163597353
1.48636,1486,785.006165,784.969543,0.366210938,0
1.48817,1487,785.006165,784.9694,0.367431641,-0.0272662267
1.48819,1488,785.006165,784.9694,0.367431641,-0.0272662267
1.48942,1489,785.006165,784.9694,0.367431641,-0.0163597353
1.49130,1490,785.006165,784.9694,0.367431641,-0.0272662267
1.49134,1491,785.006165,784.9694,0.367431641,-0.0163597353
1.49248,1492,785.006165,784.9694,0.367431641,0
1.49250,1493,785.006165,784.9694,0.367431641,0
1.49436,1494,785.006165,784.9694,0.367431641,0
1.49614,1495,785.006165,784.969543,0.366210938,0
1.49618,1496,785.006165,784.969543,0.366210938,0
1.49741,1497,785.006165,784.969543,0.366210938,0.0109064905
1.49924,1498,785.006165,784.969543,0.366210938,0.0109064905
1.49926,1499,785.006165,784.969543,0.366210938,0.0109064905
1.50049,1500,785.006165,784.969543,0.366210938,0.0109064905
1.50051,1501,785.006165,784.9696,0.3656006,0.0109064905
1.50235,1502,785.006165,784.9696,0.3656006,0.0109064905
1.50418,1503,785.006165,784.9697,0.364379883,0.0109064905
1.50420,1504,785.006165,784.9697,0.364379883,0.021812981
1.50551,1505,785.006165,784.9697,0.364379883,0.021812981
1.50725,1506,785.006165,784.9697,0.364379883,0.021812981
1.50727,1507,785.006165,784.9697,0.364379883,0.021812981
1.50850,1508,785.006165,784.9697,0.364379883,0.021812981
1.50852,1509,785.006165,784.969849,0.36315918,0.021812981
1.51036,1510,785.006165,784.969849,0.36315918,0.021812981
1.51217,1511,785.006165,784.969849,0.36315918,0.021812981
1.51220,1512,785.006165,784.969849,0.36315918,0.021812981
1.51341,1513,785.006165,784.969849,0.36315918,0.021812981
1.51525,1514,785.006165,784.969849,0.36315918,0.0109064905
1.51527,1515,785.006165,784.969849,0.36315918,0
1.51650,1516,785.006165,784.969849,0.36315918,0
1.51651,1517,785.006165,784.969849,0.36315918,-0.0163597353
1.51837,1518,785.006165,784.969849,0.36315918,0
1.52014,1519,785.006165,784.969849,0.36315918,0
1.52016,1520,785.006165,784.969849,0.36315918,-0.0163597353
1.52141,1521,785.006165,784.969849,0.36315918,-0.0163597353
1.52329,1522,785.006165,784.969849,0.36315918,-0.0163597353
1.52332,1523,785.006165,784.969849,0.36315918,0
1.52449,1524,785.006165,784.969849,0.36315918,0
1.52450,1525,785.006165,784.969849,0.36315918,0
1.52635,1526,785.006165,784.969849,0.36315918,0
1.52815,1527,785.006165,784.969849,0.36315918,0
1.52817,1528,785.006165,784.97,0.361938477,0
1.52940,1529,785.006165,784.97,0.361938477,0.0109064905
1.53126,1530,785.006165,784.970032,0.361328125,0.0109064905
1.53129,1531,785.006165,784.970032,0.361328125,0.021812981
1.53251,1532,785.006165,784.970032,0.361328125,0.021812981
1.53254,1533,785.006165,784.9701,0.360717773,0.021812981
1.53434,1534,785.006165,784.970154,0.360107422,0.043625962
1.53618,1535,785.006165,784.970154,0.360107422,0.03271947
1.53621,1536,785.006165,784.9703,0.358886719,0.043625962
1.53740,1537,785.006165,784.970337,0.358276367,0.043625962
1.53925,1538,785.006165,784.970337,0.358276367,0.043625962
1.53927,1539,785.006165,784.9704,0.357666016,0.043625962
1.54049,1540,785.006165,784.9705,0.3564453,0.043625962
1.54050,1541,785.006165,784.970642,0.3552246,0.0545324534
1.54235,1542,785.006165,784.970642,0.3552246,0.0545324534
1.54417,1543,785.006165,784.9708,0.353393555,0.06543894
1.54421,1544,785.006165,784.9708,0.353393555,0.06543894
1.54539,1545,785.006165,784.970947,0.352172852,0.06543894
1.54724,1546,785.006165,784.970947,0.352172852,0.06543894
1.54726,1547,785.006165,784.971252,0.3491211,0.07634544
1.54850,1548,785.006165,784.971252,0.3491211,0.09815842
1.54852,1549,785.006165,784.971436,0.347290039,0.109064907
1.55037,1550,785.006165,784.9716,0.345458984,0.109064907
1.55219,1551,785.006165,784.9718,0.34362793,0.125424653
1.55223,1552,785.006165,784.971863,0.343017578,0.136331126
1.55340,1553,785.006165,784.9721,0.340576172,0.136331126
1.55541,1554,785.006165,784.972168,0.33996582,0.147237629
1.55546,1555,785.006165,784.972351,0.338134766,0.147237629
1.55650,1556,785.006165,784.9725,0.336914063,0.147237629
1.55652,1557,785.006165,784.972656,0.335083,0.147237629
1.55836,1558,785.006165,784.9728,0.3338623,0.147237629
1.56018,1559,785.006165,784.972961,0.33203125,0.147237629
1.56023,1560,785.006165,784.9731,0.330810547,0.147237629
1.56140,1561,785.006165,784.9732,0.329589844,0.147237629
1.56327,1562,785.006165,784.9732,0.329589844,0.125424653
1.56329,1563,785.006165,784.9734,0.3277588,0.09815842
1.56449,1564,785.006165,784.9734,0.3277588,0.07634544
1.56451,1565,785.006165,784.9734,0.3277588,0.0545324534
1.56634,1566,785.006165,784.9734,0.3277588,0.043625962
1.56814,1567,785.006165,784.9734,0.3277588,0.021812981
1.56815,1568,785.006165,784.9734,0.3277588,0.0109064905
1.56941,1569,785.006165,784.9734,0.3277588,0
1.57128,1570,785.006165,784.9734,0.3277588,-0.0163597353
1.57131,1571,785.006165,784.9734,0.3277588,-0.0272662267
1.57248,1572,785.006165,784.9734,0.3277588,-0.0272662267
1.57249,1573,785.006165,784.9733,0.328369141,-0.03817272
1.57432,1574,785.006165,784.9733,0.328369141,-0.0272662267
1.57620,1575,785.006165,784.9732,0.329589844,-0.0272662267
1.57623,1576,785.006165,784.9732,0.329589844,-0.0272662267
1.57740,1577,785.006165,784.9732,0.329589844,-0.0272662267
1.57928,1578,785.006165,784.9732,0.329589844,-0.0272662267
1.57931,1579,785.006165,784.9732,0.329589844,-0.0163597353
1.58047,1580,785.006165,784.9732,0.329589844,0
1.58050,1581,785.006165,784.9733,0.328369141,0
1.58236,1582,785.006165,784.9734,0.3277588,0.0109064905
1.58414,1583,785.006165,784.9734,0.3277588,0.021812981
1.58417,1584,785.006165,784.9734,0.3277588,0.021812981
1.58543,1585,785.006165,784.9734,0.3277588,0.03271947
1.58727,1586,785.006165,784.9735,0.3265381,0.021812981
1.58731,1587,785.006165,784.9735,0.3265381,0.021812981
1.58869,1588,785.006165,784.9735,0.3265381,0.03271947
1.58876,1589,785.006165,784.9735,0.3265381,0.021812981
1.59036,1590,785.006165,784.973633,0.325317383,0.03271947
1.59220,1591,785.006165,784.9737,0.324707031,0.03271947
1.59225,1592,785.006165,784.9737,0.324707031,0.03271947
1.59342,1593,785.006165,784.9737,0.324707031,0.03271947
1.59529,1594,785.006165,784.973755,0.32409668,0.03271947
1.59532,1595,785.006165,784.973755,0.32409668,0.03271947
1.59648,1596,785.006165,784.973755,0.32409668,0.021812981
1.59649,1597,785.006165,784.973755,0.32409668,0.0109064905
1.59834,1598,785.006165,784.973755,0.32409668,0
1.60017,1599,785.006165,784.973755,0.32409668,0
1.60020,1600,785.006165,784.9739,0.322875977,0
1.60140,1601,785.006165,784.9739,0.322875977,0
1.60326,1602,785.006165,784.9739,0.322875977,0
1.60329,1603,785.006165,784.9739,0.322875977,0.0109064905
1.60448,1604,785.006165,784.9739,0.322875977,0
1.60450,1605,785.006165,784.9739,0.322875977,0
1.60634,1606,785.006165,784.9739,0.322875977,0
1.60814,1607,785.006165,784.9739,0.322875977,0
1.60815,1608,785.006165,784.9739,0.322875977,0
1.60942,1609,785.006165,784.9739,0.322875977,0
1.61127,1610,785.006165,784.9739,0.322875977,0.0109064905
1.61129,1611,785.006165,784.9739,0.322875977,0.0109064905
1.61248,1612,785.006165,784.9739,0.322875977,0.0109064905
1.61249,1613,785.006165,784.9739,0.322875977,0.0109064905
1.61437,1614,785.006165,784.973938,0.322265625,0.0109064905
1.61614,1615,785.006165,784.973938,0.322265625,0.0109064905
1.61617,1616,785.006165,784.973938,0.322265625,0.0109064905
1.61739,1617,785.006165,784.974,0.321655273,0.0109064905
1.61925,1618,785.006165,784.974,0.321655273,0.0109064905
1.61928,1619,785.006165,784.974,0.321655273,0.021812981
1.62050,1620,785.006165,784.97406,0.321044922,0.021812981
1.62053,1621,785.006165,784.9742,0.319824219,0.03271947
1.62239,1622,785.006165,784.9742,0.319824219,0.043625962
1.62416,1623,785.006165,784.974243,0.319213867,0.03271947
1.62420,1624,785.006165,784.9743,0.318603516,0.043625962
1.62546,1625,785.006165,784.9743,0.318603516,0.043625962
1.62728,1626,785.006165,784.9744,0.3173828,0.043625962
1.62732,1627,785.006165,784.9745,0.316772461,0.0545324534
1.62849,1628,785.006165,784.9746,0.315551758,0.0545324534
1.62851,1629,785.006165,784.9746,0.315551758,0.07634544
1.63033,1630,785.006165,784.9748,0.3137207,0.07634544
1.63213,1631,785.006165,784.975,0.311889648,0.087251924
1.63215,1632,785.006165,784.975037,0.3112793,0.09815842
1.63341,1633,785.006165,784.9753,0.3088379,0.109064907
1.63525,1634,785.006165,784.975464,0.307006836,0.147237629
1.63527,1635,785.006165,784.9756,0.305786133,0.147237629
1.63650,1636,785.006165,784.9759,0.302734375,0.169050619
1.63652,1637,785.006165,784.976135,0.300292969,0.201770067
1.63863,1638,785.006165,784.97644,0.2972412,0.21267657
1.64016,1639,785.006165,784.976746,0.294189453,0.2508493
1.64019,1640,785.006165,784.977051,0.2911377,0.272662252
1.64149,1641,785.006165,784.977356,0.288085938,0.272662252
1.64328,1642,785.006165,784.9776,0.285644531,0.272662252
1.64331,1643,785.006165,784.977844,0.283203125,0.272662252
1.64448,1644,785.006165,784.9784,0.277709961,0.272662252
1.64450,1645,785.006165,784.978638,0.275268555,0.261755764
1.64633,1646,785.006165,784.978943,0.2722168,0.272662252
1.64813,1647,785.006165,784.979248,0.269165039,0.272662252
1.64814,1648,785.006165,784.9796,0.26550293,0.28356877
1.64943,1649,785.006165,784.9799,0.262451172,0.294475257
1.65127,1650,785.006165,784.9802,0.2593994,0.305381745
1.65130,1651,785.006165,784.9805,0.256347656,0.316288233
1.65250,1652,785.006165,784.9809,0.252685547,0.316288233
1.65252,1653,785.006165,784.9811,0.2508545,0.305381745
1.65440,1654,785.006165,784.9813,0.248413086,0.28356877
1.65615,1655,785.006165,784.981445,0.247192383,0.2508493
1.65617,1656,785.006165,784.9815,0.246582031,0.1908636
1.65743,1657,785.006165,784.9816,0.245361328,0.147237629
1.65928,1658,785.006165,784.9815,0.246582031,0.09815842
1.65932,1659,785.006165,784.9816,0.245361328,0.0545324534
1.66050,1660,785.006165,784.9815,0.246582031,0.021812981
1.66051,1661,785.006165,784.9815,0.246582031,0
1.66235,1662,785.006165,784.9815,0.246582031,-0.0272662267
1.66414,1663,785.006165,784.981445,0.247192383,-0.03817272
1.66416,1664,785.006165,784.9813,0.248413086,-0.04907921
1.66541,1665,785.006165,784.9813,0.248413086,-0.0599856973
1.66723,1666,785.006165,784.9813,0.248413086,-0.0599856973
1.66727,1667,785.006165,784.9812,0.249633789,-0.0599856973
1.66850,1668,785.006165,784.9812,0.249633789,-0.07089219
1.66857,1669,785.006165,784.981,0.251464844,-0.07089219
1.67037,1670,785.006165,784.981,0.251464844,-0.0599856973
1.67216,1671,785.006165,784.981,0.251464844,-0.0599856973
1.67221,1672,785.006165,784.981,0.251464844,-0.04907921
1.67342,1673,785.006165,784.980957,0.2520752,-0.04907921
1.67526,1674,785.006165,784.980957,0.2520752,-0.03817272
1.67528,1675,785.006165,784.981,0.251464844,-0.0272662267
1.67652,1676,785.006165,784.981,0.251464844,-0.0163597353
1.67655,1677,785.006165,784.9811,0.2508545,0.0109064905
1.67838,1678,785.006165,784.9812,0.249633789,0.03271947
1.68014,1679,785.006165,784.9812,0.249633789,0.043625962
1.68015,1680,785.006165,784.9813,0.248413086,0.0545324534
1.68140,1681,785.006165,784.9813,0.248413086,0.043625962
1.68322,1682,785.006165,784.9815,0.246582031,0.0545324534
1.68324,1683,785.006165,784.9815,0.246582031,0.06543894
1.68452,1684,785.006165,784.9815,0.246582031,0.06543894
1.68454,1685,785.006165,784.9816,0.245361328,0.06543894
1.68634,1686,785.006165,784.9816,0.245361328,0.0545324534
1.68813,1687,785.006165,784.9819,0.242919922,0.0545324534
1.68816,1688,785.006165,784.9819,0.242919922,0.0545324534
1.68942,1689,785.006165,784.981934,0.24230957,0.0545324534
1.69124,1690,785.006165,784.982,0.241699219,0.06543894
1.69125,1691,785.006165,784.982056,0.241088867,0.06543894
1.69249,1692,785.006165,784.9822,0.239868164,0.06543894
1.69251,1693,785.006165,784.982239,0.239257813,0.07634544
1.69435,1694,785.006165,784.9823,0.238647461,0.07634544
1.69614,1695,785.006165,784.9825,0.2368164,0.07634544
1.69614,1696,785.006165,784.9826,0.2355957,0.09815842
1.69740,1697,785.006165,784.9828,0.233764648,0.136331126
1.69924,1698,785.006165,784.983,0.2319336,0.136331126
1.69925,1699,785.006165,784.983154,0.230102539,0.147237629
1.70050,1700,785.006165,784.983459,0.227050781,0.1908636
1.70052,1701,785.006165,784.9836,0.225830078,0.1908636
1.70237,1702,785.006165,784.9838,0.223388672,0.1908636
1.70414,1703,785.006165,784.9841,0.220947266,0.201770067
1.70415,1704,785.006165,784.984253,0.219116211,0.201770067
1.70562,1705,785.006165,784.984436,0.217285156,0.201770067
1.70738,1706,785.006165,784.9847,0.21484375,0.21267657
1.70739,1707,785.006165,784.984863,0.2130127,0.201770067
1.70851,1708,785.006165,784.985,0.211791992,0.1908636
1.70853,1709,785.006165,784.9853,0.208740234,0.201770067
1.71033,1710,785.006165,784.985535,0.206298828,0.1908636
1.71214,1711,785.006165,784.985657,0.205078125,0.1908636
1.71217,1712,785.006165,784.9859,0.202636719,0.1908636
1.71342,1713,785.006165,784.986145,0.200195313,0.201770067
1.71525,1714,785.006165,784.9864,0.1977539,0.21267657
1.71527,1715,785.006165,784.9867,0.194702148,0.223583058
1.71650,1716,785.006165,784.986938,0.192260742,0.2508493
1.71651,1717,785.006165,784.987244,0.189208984,0.261755764
1.71832,1718,785.006165,784.9876,0.185546875,0.28356877
1.72015,1719,785.006165,784.9879,0.182495117,0.28356877
1.72017,1720,785.006165,784.988159,0.180053711,0.294475257
1.72142,1721,785.006165,784.988342,0.178222656,0.28356877
1.72324,1722,785.006165,784.9886,0.17578125,0.261755764
1.72326,1723,785.006165,784.9887,0.174560547,0.223583058
1.72451,1724,785.006165,784.9887,0.174560547,0.179957092
1.72453,1725,785.006165,784.9887,0.174560547,0.136331126
1.72631,1726,785.006165,784.9887,0.174560547,0.06543894
1.72815,1727,785.006165,784.9887,0.174560547,0.03271947
1.72817,1728,785.006165,784.9886,0.17578125,0
1.72941,1729,785.006165,784.988464,0.177001953,-0.04907921
1.73123,1730,785.006165,784.988342,0.178222656,-0.07089219
1.73125,1731,785.006165,784.9882,0.179443359,-0.103611663
1.73250,1732,785.006165,784.988037,0.181274414,-0.114518143
1.73251,1733,785.006165,784.988037,0.181274414,-0.114518143
1.73432,1734,785.006165,784.9879,0.182495117,-0.130877882
1.73615,1735,785.006165,784.9878,0.18371582,-0.114518143
1.73616,1736,785.006165,784.987732,0.184326172,-0.114518143
1.73740,1737,785.006165,784.9877,0.184936523,-0.103611663
1.73926,1738,785.006165,784.9876,0.185546875,-0.09270517
1.73928,1739,785.006165,784.9876,0.185546875,-0.08179868
1.74050,1740,785.006165,784.9876,0.185546875,-0.0599856973
1.74052,1741,785.006165,784.987732,0.184326172,-0.03817272
1.74232,1742,785.006165,784.9879,0.182495117,0.03271947
1.74413,1743,785.006165,784.988037,0.181274414,0.0545324534
1.74414,1744,785.006165,784.988037,0.181274414,0.0545324534
1.74544,1745,785.006165,784.988037,0.181274414,0.087251924
1.74726,1746,785.006165,784.988159,0.180053711,0.087251924
1.74728,1747,785.006165,784.988342,0.178222656,0.09815842
1.74849,1748,785.006165,784.988464,0.177001953,0.087251924
1.74851,1749,785.006165,784.9886,0.17578125,0.087251924
1.75031,1750,785.006165,784.9886,0.17578125,0.07634544
1.75214,1751,785.006165,784.9887,0.174560547,0.06543894
1.75216,1752,785.006165,784.9887,0.174560547,0.06543894
1.75341,1753,785.006165,784.9887,0.174560547,0.0545324534
1.75531,1754,785.006165,784.9887,0.174560547,0.043625962
1.75532,1755,785.006165,784.9887,0.174560547,0.021812981
1.75651,1756,785.006165,784.9887,0.174560547,0.0109064905
1.75653,1757,785.006165,784.988647,0.1751709,-0.0272662267
1.75835,1758,785.006165,784.988647,0.1751709,-0.03817272
1.76014,1759,785.006165,784.9886,0.17578125,-0.03817272
1.76015,1760,785.006165,784.9886,0.17578125,-0.04907921
1.76140,1761,785.006165,784.988464,0.177001953,-0.04907921
1.76323,1762,785.006165,784.988342,0.178222656,-0.04907921
1.76325,1763,785.006165,784.988342,0.178222656,-0.0599856973
1.76453,1764,785.006165,784.988342,0.178222656,-0.04907921
1.76455,1765,785.006165,784.988342,0.178222656,-0.04907921
1.76634,1766,785.006165,784.988342,0.178222656,-0.03817272
1.76820,1767,785.006165,784.988342,0.178222656,-0.03817272
1.76822,1768,785.006165,784.988342,0.178222656,-0.0272662267
1.76941,1769,785.006165,784.988342,0.178222656,-0.0272662267
1.77124,1770,785.006165,784.988342,0.178222656,-0.0163597353
1.77126,1771,785.006165,784.988342,0.178222656,0
1.77255,1772,785.006165,784.988342,0.178222656,0.0109064905
1.77260,1773,785.006165,784.988464,0.177001953,0.021812981
1.77440,1774,785.006165,784.9886,0.17578125,0.021812981
1.77616,1775,785.006165,784.9886,0.17578125,0.03271947
1.77618,1776,785.006165,784.9886,0.17578125,0.03271947
1.77743,1777,785.006165,784.9886,0.17578125,0.021812981
1.77928,1778,785.006165,784.988647,0.1751709,0.021812981
1.77930,1779,785.006165,784.988647,0.1751709,0.021812981
1.78054,1780,785.006165,784.9887,0.174560547,0.021812981
1.78056,1781,785.006165,784.9887,0.174560547,0.021812981
1.78232,1782,785.006165,784.9887,0.174560547,0.021812981
1.78416,1783,785.006165,784.988647,0.1751709,0
1.78419,1784,785.006165,784.988647,0.1751709,0
1.78540,1785,785.006165,784.988647,0.1751709,-0.0163597353
1.78722,1786,785.006165,784.9886,0.17578125,-0.0163597353
1.78724,1787,785.006165,784.9886,0.17578125,-0.0272662267
1.78876,1788,785.006165,784.9886,0.17578125,-0.03817272
1.78879,1789,785.006165,784.9886,0.17578125,-0.03817272
1.79047,1790,785.006165,784.9886,0.17578125,-0.0272662267
1.79220,1791,785.006165,784.9886,0.17578125,-0.0163597353
1.79222,1792,785.006165,784.9886,0.17578125,0
1.79346,1793,785.006165,784.9886,0.17578125,0
1.79527,1794,785.006165,784.9886,0.17578125,0
1.79530,1795,785.006165,784.9886,0.17578125,0
1.79653,1796,785.006165,784.9886,0.17578125,0
1.79656,1797,785.006165,784.9886,0.17578125,0
1.79835,1798,785.006165,784.9886,0.17578125,0
1.80020,1799,785.006165,784.9886,0.17578125,0
1.80025,1800,785.006165,784.9886,0.17578125,0
1.80141,1801,785.006165,784.9886,0.17578125,0
1.80327,1802,785.006165,784.9886,0.17578125,0
1.80331,1803,785.006165,784.9886,0.17578125,0
1.80450,1804,785.006165,784.9886,0.17578125,0
1.80452,1805,785.006165,784.9886,0.17578125,0
1.80634,1806,785.006165,784.9886,0.17578125,0
1.80819,1807,785.006165,784.9886,0.17578125,0
1.80824,1808,785.006165,784.9886,0.17578125,0
1.80940,1809,785.006165,784.9886,0.17578125,0
1.81123,1810,785.006165,784.9886,0.17578125,0
1.81124,1811,785.006165,784.9886,0.17578125,0
1.81247,1812,785.006165,784.9886,0.17578125,0
1.81250,1813,785.006165,784.9886,0.17578125,0
1.81432,1814,785.006165,784.9886,0.17578125,0
1.81616,1815,785.006165,784.9886,0.17578125,0
1.81619,1816,785.006165,784.9886,0.17578125,0
1.81741,1817,785.006165,784.9886,0.17578125,0
1.81922,1818,785.006165,784.9886,0.17578125,0
1.81924,1819,785.006165,784.9886,0.17578125,0
1.82049,1820,785.006165,784.9886,0.17578125,0
1.82050,1821,785.006165,784.9886,0.17578125,0
1.82233,1822,785.006165,784.9886,0.17578125,0
1.82418,1823,785.006165,784.9886,0.17578125,0
1.82420,1824,785.006165,784.9886,0.17578125,0
1.82540,1825,785.006165,784.9886,0.17578125,0
1.82724,1826,785.006165,784.9886,0.17578125,0
1.82726,1827,785.006165,784.9886,0.17578125,0
1.82850,1828,785.006165,784.9886,0.17578125,0
1.82853,1829,785.006165,784.9886,0.17578125,0
1.83033,1830,785.006165,784.9886,0.17578125,0
1.83219,1831,785.006165,784.9886,0.17578125,0
1.83222,1832,785.006165,784.9886,0.17578125,0
1.83341,1833,785.006165,784.9886,0.17578125,0
1.83525,1834,785.006165,784.9886,0.17578125,0
1.83527,1835,785.006165,784.9886,0.17578125,0
1.83649,1836,785.006165,784.9886,0.17578125,0
1.83651,1837,785.006165,784.9886,0.17578125,0
1.83858,1838,785.006165,784.9886,0.17578125,0
1.84016,1839,785.006165,784.9886,0.17578125,0
1.84018,1840,785.006165,784.9886,0.17578125,0
1.84142,1841,785.006165,784.9886,0.17578125,0
1.84323,1842,785.006165,784.9886,0.17578125,0
1.84325,1843,785.006165,784.9886,0.17578125,0
1.84449,1844,785.006165,784.9886,0.17578125,0
1.84451,1845,785.006165,784.9886,0.17578125,0
1.84633,1846,785.006165,784.9886,0.17578125,0
1.84817,1847,785.006165,784.9886,0.17578125,0
1.84821,1848,785.006165,784.9886,0.17578125,0
1.84940,1849,785.006165,784.9886,0.17578125,0
1.85125,1850,785.006165,784.9886,0.17578125,0
1.85128,1851,785.006165,784.9886,0.17578125,0
1.85248,1852,785.006165,784.9886,0.17578125,0
1.85250,1853,785.006165,784.9886,0.17578125,0
1.85434,1854,785.006165,784.9886,0.17578125,0
1.85618,1855,785.006165,784.9886,0.17578125,0
1.85621,1856,785.006165,784.988647,0.1751709,0
1.85741,1857,785.006165,784.988647,0.1751709,0
1.85927,1858,785.006165,784.988647,0.1751709,0
1.85931,1859,785.006165,784.988647,0.1751709,0
1.86049,1860,785.006165,784.988647,0.1751709,0
1.86051,1861,785.006165,784.988647,0.1751709,0
1.86233,1862,785.006165,784.988647,0.1751709,0
1.86418,1863,785.006165,784.988647,0.1751709,0
1.86421,1864,785.006165,784.988647,0.1751709,0
1.86540,1865,785.006165,784.988647,0.1751709,0
1.86724,1866,785.006165,784.988647,0.1751709,0
1.86728,1867,785.006165,784.988647,0.1751709,0
1.86849,1868,785.006165,784.988647,0.1751709,0
1.86850,1869,785.006165,784.988647,0.1751709,0
1.87033,1870,785.006165,784.988647,0.1751709,0
1.87220,1871,785.006165,784.988647,0.1751709,0
1.87226,1872,785.006165,784.988647,0.1751709,0
1.87343,1873,785.006165,784.988647,0.1751709,0
1.87527,1874,785.006165,784.988647,0.1751709,0
1.87530,1875,785.006165,784.988647,0.1751709,0
1.87650,1876,785.006165,784.988647,0.1751709,0
1.87651,1877,785.006165,784.988647,0.1751709,0
1.87831,1878,785.006165,784.9887,0.174560547,0.0109064905
1.88018,1879,785.006165,784.9887,0.174560547,0.0109064905
1.88022,1880,785.006165,784.9887,0.174560547,0.0109064905
1.88140,1881,785.006165,784.9887,0.174560547,0.0109064905
1.88324,1882,785.006165,784.9887,0.174560547,0.0109064905
1.88326,1883,785.006165,784.9887,0.174560547,0.0109064905
1.88448,1884,785.006165,784.9887,0.174560547,0.0109064905
1.88449,1885,785.006165,784.9887,0.174560547,0.0109064905
1.88634,1886,785.006165,784.9887,0.174560547,0.0109064905
1.88817,1887,785.006165,784.9888,0.1739502,0.0109064905
1.88820,1888,785.006165,784.9888,0.1739502,0.0109064905
1.88944,1889,785.006165,784.9888,0.1739502,0.0109064905
1.89127,1890,785.006165,784.9888,0.1739502,0.0109064905
1.89129,1891,785.006165,784.9889,0.172729492,0.0109064905
1.89250,1892,785.006165,784.9889,0.172729492,0.0109064905
1.89251,1893,785.006165,784.9889,0.172729492,0.0109064905
1.89434,1894,785.006165,784.9889,0.172729492,0.0109064905
1.89618,1895,785.006165,784.9889,0.172729492,0
1.89622,1896,785.006165,784.9889,0.172729492,0
1.89740,1897,785.006165,784.9889,0.172729492,-0.0163597353
1.89926,1898,785.006165,784.9889,0.172729492,-0.0163597353
1.89929,1899,785.006165,784.9889,0.172729492,0
1.90048,1900,785.006165,784.9889,0.172729492,0
1.90049,1901,785.006165,784.9889,0.172729492,0
1.90233,1902,785.006165,784.9889,0.172729492,0
1.90414,1903,785.006165,784.9889,0.172729492,0
1.90416,1904,785.006165,784.9889,0.172729492,0
1.90558,1905,785.006165,784.9889,0.172729492,0
1.90725,1906,785.006165,784.9889,0.172729492,0
1.90726,1907,785.006165,784.9889,0.172729492,0
1.90853,1908,785.006165,784.9889,0.172729492,0.0109064905
1.90856,1909,785.006165,784.9889,0.172729492,0.0109064905
1.91033,1910,785.006165,784.9889,0.172729492,0.0109064905
1.91216,1911,785.006165,784.988953,0.172119141,0.0109064905
1.91219,1912,785.006165,784.988953,0.172119141,0.0109064905
1.91340,1913,785.006165,784.989,0.171508789,0.0109064905
1.91523,1914,785.006165,784.989,0.171508789,0.0109064905
1.91525,1915,785.006165,784.989,0.171508789,0.021812981
1.91649,1916,785.006165,784.989,0.171508789,0.021812981
1.91650,1917,785.006165,784.989136,0.170288086,0.021812981
1.91832,1918,785.006165,784.9892,0.169677734,0.03271947
1.92014,1919,785.006165,784.9892,0.169677734,0.03271947
1.92016,1920,785.006165,784.989258,0.169067383,0.03271947
1.92141,1921,785.006165,784.9893,0.168457031,0.043625962
1.92328,1922,785.006165,784.9893,0.168457031,0.043625962
1.92331,1923,785.006165,784.989441,0.167236328,0.043625962
1.92450,1924,785.006165,784.9895,0.166625977,0.0545324534
1.92453,1925,785.006165,784.989563,0.166015625,0.0545324534
1.92633,1926,785.006165,784.9897,0.164794922,0.0545324534
1.92817,1927,785.006165,784.989868,0.162963867,0.07634544
1.92820,1928,785.006165,784.989868,0.162963867,0.07634544
1.92941,1929,785.006165,784.99,0.161743164,0.087251924
1.93127,1930,785.006165,784.990051,0.161132813,0.087251924
1.93130,1931,785.006165,784.9902,0.159912109,0.09815842
1.93249,1932,785.006165,784.9903,0.1586914,0.109064907
1.93250,1933,785.006165,784.9905,0.156860352,0.125424653
1.93434,1934,785.006165,784.9906,0.155639648,0.136331126
1.93615,1935,785.006165,784.9908,0.1538086,0.147237629
1.93618,1936,785.006165,784.990967,0.151977539,0.147237629
1.93744,1937,785.006165,784.9911,0.150756836,0.147237629
1.93926,1938,785.006165,784.9913,0.148925781,0.147237629
1.93928,1939,785.006165,784.9914,0.147705078,0.136331126
1.94050,1940,785.006165,784.9915,0.146484375,0.136331126
1.94052,1941,785.006165,784.9917,0.14465332,0.136331126
1.94239,1942,785.006165,784.9917,0.14465332,0.109064907
1.94417,1943,785.006165,784.9917,0.14465332,0.087251924
1.94420,1944,785.006165,784.9917,0.14465332,0.06543894
1.94541,1945,785.006165,784.9917,0.14465332,0.03271947
1.94724,1946,785.006165,784.9917,0.14465332,-0.0163597353
1.94727,1947,785.006165,784.9917,0.14465332,-0.03817272
1.94850,1948,785.006165,784.9917,0.14465332,-0.04907921
1.94853,1949,785.006165,784.9916,0.145874023,-0.04907921
1.95033,1950,785.006165,784.9916,0.145874023,-0.04907921
1.95217,1951,785.006165,784.9916,0.145874023,-0.03817272
1.95219,1952,785.006165,784.9916,0.145874023,-0.0272662267
1.95342,1953,785.006165,784.9915,0.146484375,-0.03817272
1.95549,1954,785.006165,784.9915,0.146484375,-0.0272662267
1.95554,1955,785.006165,784.9915,0.146484375,-0.0272662267
1.95650,1956,785.006165,784.9915,0.146484375,-0.0272662267
1.95652,1957,785.006165,784.9915,0.146484375,-0.0163597353
1.95838,1958,785.006165,784.9916,0.145874023,0
1.96017,1959,785.006165,784.9916,0.145874023,0
1.96020,1960,785.006165,784.9916,0.145874023,0.021812981
1.96141,1961,785.006165,784.9916,0.145874023,0.021812981
1.96324,1962,785.006165,784.9917,0.14465332,0.021812981
1.96327,1963,785.006165,784.9917,0.14465332,0.03271947
1.96449,1964,785.006165,784.9917,0.14465332,0.021812981
1.96452,1965,785.006165,784.9917,0.14465332,0.021812981
1.96633,1966,785.006165,784.9917,0.14465332,0.021812981
1.96816,1967,785.006165,784.9917,0.14465332,0.021812981
1.96821,1968,785.006165,784.9918,0.143432617,0.021812981
1.96940,1969,785.006165,784.9918,0.143432617,0.021812981
1.97125,1970,785.006165,784.9918,0.143432617,0.0109064905
1.97128,1971,785.006165,784.991943,0.142211914,0.0109064905
1.97251,1972,785.006165,784.9918,0.143432617,0
1.97253,1973,785.006165,784.9918,0.143432617,-0.0163597353
1.97433,1974,785.006165,784.9917,0.14465332,-0.0272662267
1.97621,1975,785.006165,784.9917,0.14465332,-0.0272662267
1.97624,1976,785.006165,784.9917,0.14465332,-0.0272662267
1.97741,1977,785.006165,784.9917,0.14465332,-0.0272662267
1.97927,1978,785.006165,784.9917,0.14465332,-0.0163597353
1.97929,1979,785.006165,784.9917,0.14465332,-0.0163597353
1.98049,1980,785.006165,784.9917,0.14465332,0
1.98051,1981,785.006165,784.9917,0.14465332,0
1.98241,1982,785.006165,784.9917,0.14465332,0
1.98415,1983,785.006165,784.9917,0.14465332,0
1.98417,1984,785.006165,784.9917,0.14465332,0
1.98542,1985,785.006165,784.9917,0.14465332,0
1.98723,1986,785.006165,784.9917,0.14465332,0
1.98725,1987,785.006165,784.9918,0.143432617,0.0109064905
1.98875,1988,785.006165,784.9918,0.143432617,0.0109064905
1.98878,1989,785.006165,784.991943,0.142211914,0.0109064905
1.99034,1990,785.006165,784.991943,0.142211914,0.0109064905
1.99219,1991,785.006165,784.991943,0.142211914,0.0109064905
1.99222,1992,785.006165,784.991943,0.142211914,0.0109064905
1.99343,1993,785.006165,784.991943,0.142211914,0.0109064905
1.99526,1994,785.006165,784.991943,0.142211914,0.0109064905
1.99529,1995,785.006165,784.991943,0.142211914,0.0109064905
1.99649,1996,785.006165,784.991943,0.142211914,0.0109064905
1.99651,1997,785.006165,784.991943,0.142211914,0
1.99833,1998,785.006165,784.991943,0.142211914,-0.0163597353
2.00021,1999,785.006165,784.991943,0.142211914,-0.0163597353
2.00025,2000,785.006165,784.991943,0.142211914,-0.0163597353
2.00148,2001,785.006165,784.991943,0.142211914,-0.0163597353
2.00335,2002,785.006165,784.991943,0.142211914,0
2.00337,2003,785.006165,784.991943,0.142211914,0
2.00448,2004,785.006165,784.991943,0.142211914,0
2.00451,2005,785.006165,784.991943,0.142211914,0
2.00635,2006,785.006165,784.991943,0.142211914,0
2.00822,2007,785.006165,784.991943,0.142211914,0
2.00825,2008,785.006165,784.991943,0.142211914,0
2.00940,2009,785.006165,784.991943,0.142211914,0
2.01127,2010,785.006165,784.991943,0.142211914,0
2.01129,2011,785.006165,784.991943,0.142211914,0
2.01249,2012,785.006165,784.991943,0.142211914,0
2.01252,2013,785.006165,784.991943,0.142211914,0
2.01435,2014,785.006165,784.991943,0.142211914,0
2.01617,2015,785.006165,784.991943,0.142211914,0
2.01621,2016,785.006165,784.991943,0.142211914,0
2.01740,2017,785.006165,784.991943,0.142211914,0
2.01928,2018,785.006165,784.991943,0.142211914,0
2.01931,2019,785.006165,784.991943,0.142211914,0
2.02048,2020,785.006165,784.991943,0.142211914,0
2.02049,2021,785.006165,784.991943,0.142211914,0
2.02240,2022,785.006165,784.991943,0.142211914,0
2.02417,2023,785.006165,784.991943,0.142211914,0
2.02421,2024,785.006165,784.991943,0.142211914,0
2.02541,2025,785.006165,784.991943,0.142211914,0
2.02727,2026,785.006165,784.991943,0.142211914,0
2.02732,2027,785.006165,784.991943,0.142211914,0
2.02849,2028,785.006165,784.991943,0.142211914,0
2.02851,2029,785.006165,784.991943,0.142211914,0
2.03032,2030,785.006165,784.991943,0.142211914,0
2.03221,2031,785.006165,784.991943,0.142211914,0
2.03224,2032,785.006165,784.991943,0.142211914,0
2.03343,2033,785.006165,784.991943,0.142211914,0
2.03524,2034,785.006165,784.991943,0.142211914,0
2.03526,2035,785.006165,784.991943,0.142211914,0
2.03649,2036,785.006165,784.991943,0.142211914,0
2.03650,2037,785.006165,784.991943,0.142211914,0
2.03855,2038,785.006165,784.991943,0.142211914,0
2.04017,2039,785.006165,784.991943,0.142211914,0
2.04021,2040,785.006165,784.991943,0.142211914,0
2.04139,2041,785.006165,784.991943,0.142211914,0
2.04327,2042,785.006165,784.991943,0.142211914,0
2.04331,2043,785.006165,784.991943,0.142211914,0
2.04450,2044,785.006165,784.991943,0.142211914,0
2.04454,2045,785.006165,784.991943,0.142211914,0
2.04636,2046,785.006165,784.991943,0.142211914,0
2.04818,2047,785.006165,784.991943,0.142211914,0
2.04820,2048,785.006165,784.991943,0.142211914,0
2.04942,2049,785.006165,784.991943,0.142211914,0
2.05127,2050,785.006165,784.991943,0.142211914,0
2.05130,2051,785.006165,784.991943,0.142211914,0
2.05248,2052,785.006165,784.991943,0.142211914,0
2.05250,2053,785.006165,784.991943,0.142211914,0
2.05436,2054,785.006165,784.991943,0.142211914,0
2.05617,2055,785.006165,784.991943,0.142211914,0
2.05620,2056,785.006165,784.991943,0.142211914,0
2.05743,2057,785.006165,784.991943,0.142211914,0
2.05928,2058,785.006165,784.991943,0.142211914,0
2.05931,2059,785.006165,784.991943,0.142211914,0
2.06051,2060,785.006165,784.991943,0.142211914,0
2.06053,2061,785.006165,784.991943,0.142211914,0
2.06235,2062,785.006165,784.991943,0.142211914,0
2.06419,2063,785.006165,784.991943,0.142211914,0
2.06423,2064,785.006165,784.991943,0.142211914,0
2.06540,2065,785.006165,784.991943,0.142211914,0
2.06727,2066,785.006165,784.991943,0.142211914,0
2.06732,2067,785.006165,784.991943,0.142211914,0
2.06850,2068,785.006165,784.991943,0.142211914,0.0109064905
2.06851,2069,785.006165,784.992,0.141601563,0.0109064905
2.07035,2070,785.006165,784.992,0.141601563,0.0109064905
2.07221,2071,785.006165,784.992,0.141601563,0.0109064905
2.07224,2072,785.006165,784.992065,0.140991211,0.0109064905
2.07342,2073,785.006165,784.992065,0.140991211,0.0109064905
2.07529,2074,785.006165,784.992065,0.140991211,0
2.07534,2075,785.006165,784.992065,0.140991211,0
2.07652,2076,785.006165,784.992,0.141601563,-0.0163597353
2.07656,2077,785.006165,784.992,0.141601563,-0.0272662267
2.07838,2078,785.006165,784.992,0.141601563,-0.0163597353
2.08020,2079,785.006165,784.992,0.141601563,-0.0163597353
2.08022,2080,785.006165,784.992,0.141601563,-0.0163597353
2.08141,2081,785.006165,784.992,0.141601563,0
2.08326,2082,785.006165,784.992,0.141601563,0
2.08331,2083,785.006165,784.992,0.141601563,0
2.08449,2084,785.006165,784.992,0.141601563,0
2.08451,2085,785.006165,784.992,0.141601563,0
2.08636,2086,785.006165,784.992,0.141601563,0
2.08816,2087,785.006165,784.992,0.141601563,0
2.08819,2088,785.006165,784.992,0.141601563,0
2.08941,2089,785.006165,784.992,0.141601563,0
2.09125,2090,785.006165,784.992,0.141601563,0
2.09128,2091,785.006165,784.992,0.141601563,0
2.09255,2092,785.006165,784.992,0.141601563,0
2.09258,2093,785.006165,784.992,0.141601563,0
2.09435,2094,785.006165,784.992,0.141601563,0
2.09618,2095,785.006165,784.992065,0.140991211,0
2.09620,2096,785.006165,784.992065,0.140991211,0.0109064905
2.09742,2097,785.006165,784.992065,0.140991211,0.0109064905
2.09924,2098,785.006165,784.992065,0.140991211,0.0109064905
2.09927,2099,785.006165,784.992065,0.140991211,0.0109064905
2.10049,2100,785.006165,784.992065,0.140991211,0.0109064905
2.10052,2101,785.006165,784.992065,0.140991211,0.0109064905
2.10239,2102,785.006165,784.992065,0.140991211,0
2.10416,2103,785.006165,784.992065,0.140991211,0
2.10418,2104,785.006165,784.992065,0.140991211,-0.0163597353
2.10546,2105,785.006165,784.992065,0.140991211,-0.0163597353
2.10728,2106,785.006165,784.992065,0.140991211,-0.0163597353
2.10729,2107,785.006165,784.992065,0.140991211,-0.0163597353
2.10855,2108,785.006165,784.992065,0.140991211,-0.0163597353
2.10859,2109,785.006165,784.992065,0.140991211,-0.0163597353
2.11036,2110,785.006165,784.992065,0.140991211,0
2.11216,2111,785.006165,784.992065,0.140991211,0
2.11220,2112,785.006165,784.992065,0.140991211,0
2.11340,2113,785.006165,784.992065,0.140991211,0
2.11528,2114,785.006165,784.992065,0.140991211,0
2.11532,2115,785.006165,784.992065,0.140991211,0
2.11649,2116,785.006165,784.992065,0.140991211,0
2.11650,2117,785.006165,784.992065,0.140991211,0
2.11833,2118,785.006165,784.992065,0.140991211,0
2.12018,2119,785.006165,784.992065,0.140991211,0
2.12021,2120,785.006165,784.992065,0.140991211,0
2.12140,2121,785.006165,784.992065,0.140991211,0
2.12327,2122,785.006165,784.992065,0.140991211,0
2.12331,2123,785.006165,784.992065,0.140991211,0
2.12452,2124,785.006165,784.992065,0.140991211,0
2.12454,2125,785.006165,784.992065,0.140991211,0
2.12638,2126,785.006165,784.992065,0.140991211,0
2.12821,2127,785.006165,784.992065,0.140991211,0
2.12825,2128,785.006165,784.992065,0.140991211,0
2.12940,2129,785.006165,784.992065,0.140991211,0
2.13122,2130,785.006165,784.992065,0.140991211,0
2.13124,2131,785.006165,784.992065,0.140991211,0
2.13250,2132,785.006165,784.992065,0.140991211,0
2.13251,2133,785.006165,784.992065,0.140991211,0
2.13436,2134,785.006165,784.992065,0.140991211,0
2.13618,2135,785.006165,784.992065,0.140991211,0
2.13621,2136,785.006165,784.992065,0.140991211,0
2.13761,2137,785.006165,784.992065,0.140991211,0
2.13927,2138,785.006165,784.992065,0.140991211,0
2.13929,2139,785.006165,784.992065,0.140991211,0
2.14049,2140,785.006165,784.992065,0.140991211,0
2.14051,2141,785.006165,784.992065,0.140991211,0
2.14238,2142,785.006165,784.9921,0.140380859,0
2.14413,2143,785.006165,784.9921,0.140380859,0
2.14415,2144,785.006165,784.9921,0.140380859,0
2.14540,2145,785.006165,784.992249,0.139160156,0.0109064905
2.14723,2146,785.006165,784.992249,0.139160156,0.0109064905
2.14726,2147,785.006165,784.992249,0.139160156,0.0109064905
2.14848,2148,785.006165,784.992249,0.139160156,0.0109064905
2.14850,2149,785.006165,784.992249,0.139160156,0.0109064905
2.15035,2150,785.006165,784.992249,0.139160156,0.0109064905
2.15214,2151,785.006165,784.992249,0.139160156,0.0109064905
2.15215,2152,785.006165,784.992249,0.139160156,0
2.15343,2153,785.006165,784.992249,0.139160156,-0.0163597353
2.15532,2154,785.006165,784.992249,0.139160156,-0.0163597353
2.15537,2155,785.006165,784.992249,0.139160156,-0.0272662267
2.15652,2156,785.006165,784.992249,0.139160156,-0.0163597353
2.15655,2157,785.006165,784.992249,0.139160156,0
2.15839,2158,785.006165,784.992249,0.139160156,0
2.16013,2159,785.006165,784.992249,0.139160156,0
2.16015,2160,785.006165,784.992249,0.139160156,0
2.16141,2161,785.006165,784.992249,0.139160156,0
2.16326,2162,785.006165,784.992249,0.139160156,0
2.16330,2163,785.006165,784.992249,0.139160156,0
2.16451,2164,785.006165,784.992249,0.139160156,0
2.16454,2165,785.006165,784.992249,0.139160156,0
2.16636,2166,785.006165,784.992249,0.139160156,0
2.16814,2167,785.006165,784.992249,0.139160156,0
2.16815,2168,785.006165,784.992249,0.139160156,0
2.16939,2169,785.006165,784.992249,0.139160156,0
2.17129,2170,785.006165,784.992249,0.139160156,0
2.17133,2171,785.006165,784.992249,0.139160156,0
2.17250,2172,785.006165,784.992249,0.139160156,0
2.17252,2173,785.006165,784.992249,0.139160156,0
2.17436,2174,785.006165,784.992249,0.139160156,0
2.17615,2175,785.006165,784.992249,0.139160156,0
2.17617,2176,785.006165,784.992249,0.139160156,0
2.17742,2177,785.006165,784.992249,0.139160156,0.0109064905
2.17925,2178,785.006165,784.9923,0.1385498,0.0109064905
2.17927,2179,785.006165,784.9923,0.1385498,0.0109064905
2.18049,2180,785.006165,784.9923,0.1385498,0.0109064905
2.18051,2181,785.006165,784.9923,0.1385498,0.0109064905
2.18235,2182,785.006165,784.9924,0.137939453,0.0109064905
2.18414,2183,785.006165,784.9924,0.137939453,0.0109064905
2.18416,2184,785.006165,784.9924,0.137939453,0.0109064905
2.18545,2185,785.006165,784.9923,0.1385498,0
2.18725,2186,785.006165,784.9923,0.1385498,-0.0163597353
2.18729,2187,785.006165,784.9923,0.1385498,-0.0163597353
2.18873,2188,785.006165,784.9923,0.1385498,-0.0272662267
2.18879,2189,785.006165,784.9923,0.1385498,-0.0163597353
2.19033,2190,785.006165,784.9923,0.1385498,0
2.19215,2191,785.006165,784.9923,0.1385498,0
2.19218,2192,785.006165,784.9923,0.1385498,0
2.19341,2193,785.006165,784.9923,0.1385498,0
2.19522,2194,785.006165,784.9923,0.1385498,0
2.19523,2195,785.006165,784.9923,0.1385498,0
2.19649,2196,785.006165,784.9923,0.1385498,0
2.19651,2197,785.006165,784.9923,0.1385498,0
2.19834,2198,785.006165,784.9923,0.1385498,0
2.20013,2199,785.006165,784.9923,0.1385498,0
2.20015,2200,785.006165,784.9923,0.1385498,0
2.20143,2201,785.006165,784.9923,0.1385498,0
2.20323,2202,785.006165,784.9923,0.1385498,0
2.20324,2203,785.006165,784.9923,0.1385498,0
2.20451,2204,785.006165,784.9923,0.1385498,0
2.20454,2205,785.006165,784.9923,0.1385498,0
2.20634,2206,785.006165,784.9923,0.1385498,0
2.20814,2207,785.006165,784.9923,0.1385498,0
2.20816,2208,785.006165,784.9923,0.1385498,0
2.20941,2209,785.006165,784.9923,0.1385498,0
2.21125,2210,785.006165,784.9923,0.1385498,0
2.21128,2211,785.006165,784.9923,0.1385498,0
2.21249,2212,785.006165,784.9923,0.1385498,0
2.21250,2213,785.006165,784.9923,0.1385498,0
2.21433,2214,785.006165,784.9923,0.1385498,0
2.21616,2215,785.006165,784.9923,0.1385498,0
2.21617,2216,785.006165,784.9923,0.1385498,0
2.21746,2217,785.006165,784.9923,0.1385498,0
2.21924,2218,785.006165,784.9923,0.1385498,0
2.21926,2219,785.006165,784.9923,0.1385498,0
2.22049,2220,785.006165,784.9923,0.1385498,0
2.22050,2221,785.006165,784.9923,0.1385498,0
2.22233,2222,785.006165,784.9923,0.1385498,0
2.22416,2223,785.006165,784.9923,0.1385498,0
2.22419,2224,785.006165,784.9923,0.1385498,0
2.22541,2225,785.006165,784.9924,0.137939453,0
2.22725,2226,785.006165,784.9924,0.137939453,0
2.22726,2227,785.006165,784.9924,0.137939453,0
2.22849,2228,785.006165,784.9924,0.137939453,0.0109064905
2.22851,2229,785.006165,784.9924,0.137939453,0
2.23031,2230,785.006165,784.9924,0.137939453,0.0109064905
2.23216,2231,785.006165,784.9924,0.137939453,0.0109064905
2.23220,2232,785.006165,784.9924,0.137939453,0.0109064905
2.23342,2233,785.006165,784.9924,0.137939453,0.0109064905
2.23524,2234,785.006165,784.9924,0.137939453,0.0109064905
2.23527,2235,785.006165,784.9924,0.137939453,0.0109064905
2.23648,2236,785.006165,784.9924,0.137939453,0
2.23650,2237,785.006165,784.9924,0.137939453,0
2.23859,2238,785.006165,784.9924,0.137939453,-0.0163597353
2.24017,2239,785.006165,784.9924,0.137939453,-0.0163597353
2.24019,2240,785.006165,784.9924,0.137939453,0
2.24147,2241,785.006165,784.9924,0.137939453,0
2.24323,2242,785.006165,784.9924,0.137939453,0
2.24324,2243,785.006165,784.9924,0.137939453,0
2.24448,2244,785.006165,784.9924,0.137939453,0
2.24450,2245,785.006165,784.9924,0.137939453,0
2.24630,2246,785.006165,784.9924,0.137939453,0
2.24816,2247,785.006165,784.9924,0.137939453,0
2.24819,2248,785.006165,784.9924,0.137939453,0
2.24945,2249,785.006165,784.9924,0.137939453,0
2.25123,2250,785.006165,784.9924,0.137939453,0
2.25125,2251,785.006165,784.9924,0.137939453,0
2.25248,2252,785.006165,784.9924,0.137939453,0
2.25250,2253,785.006165,784.9924,0.137939453,0
2.25435,2254,785.006165,784.9924,0.137939453,0
2.25615,2255,785.006165,784.9925,0.13671875,0
2.25617,2256,785.006165,784.9925,0.13671875,0
2.25743,2257,785.006165,784.9925,0.13671875,0.0109064905
2.25924,2258,785.006165,784.992554,0.1361084,0.0109064905
2.25926,2259,785.006165,784.992554,0.1361084,0.0109064905
2.26048,2260,785.006165,784.992554,0.1361084,0.0109064905
2.26050,2261,785.006165,784.992554,0.1361084,0.0109064905
2.26231,2262,785.006165,784.992554,0.1361084,0.0109064905
2.26415,2263,785.006165,784.992554,0.1361084,0.0109064905
2.26417,2264,785.006165,784.992554,0.1361084,0.0109064905
2.26541,2265,785.006165,784.992554,0.1361084,0.0109064905
2.26723,2266,785.006165,784.992554,0.1361084,0.0109064905
2.26725,2267,785.006165,784.992554,0.1361084,0
2.26852,2268,785.006165,784.992554,0.1361084,0
2.26855,2269,785.006165,784.992554,0.1361084,-0.0163597353
2.27030,2270,785.006165,784.992554,0.1361084,-0.0163597353
2.27216,2271,785.006165,784.992554,0.1361084,0
2.27219,2272,785.006165,784.992554,0.1361084,0
2.27342,2273,785.006165,784.992554,0.1361084,0
2.27530,2274,785.006165,784.992554,0.1361084,0
2.27533,2275,785.006165,784.992554,0.1361084,0
2.27648,2276,785.006165,784.992554,0.1361084,0
2.27650,2277,785.006165,784.992554,0.1361084,0
2.27833,2278,785.006165,784.992554,0.1361084,0
2.28017,2279,785.006165,784.992554,0.1361084,0
2.28019,2280,785.006165,784.992554,0.1361084,0
2.28139,2281,785.006165,784.992554,0.1361084,0
2.28326,2282,785.006165,784.992554,0.1361084,0
2.28329,2283,785.006165,784.992554,0.1361084,0
2.28452,2284,785.006165,784.992554,0.1361084,0
2.28456,2285,785.006165,784.992554,0.1361084,0
2.28632,2286,785.006165,784.992554,0.1361084,0
2.28815,2287,785.006165,784.992554,0.1361084,0
2.28816,2288,785.006165,784.9926,0.135498047,0.0109064905
2.28944,2289,785.006165,784.9926,0.135498047,0.0109064905
2.29124,2290,785.006165,784.9926,0.135498047,0.0109064905
2.29126,2291,785.006165,784.9927,0.1348877,0.0109064905
2.29254,2292,785.006165,784.9927,0.1348877,0.0109064905
2.29257,2293,785.006165,784.9927,0.1348877,0.0109064905
2.29433,2294,785.006165,784.9927,0.1348877,0.0109064905
2.29615,2295,785.006165,784.9927,0.1348877,0.0109064905
2.29617,2296,785.006165,784.9927,0.1348877,0.0109064905
2.29739,2297,785.006165,784.9927,0.1348877,0.0109064905
2.29928,2298,785.006165,784.9927,0.1348877,0
2.29932,2299,785.006165,784.9927,0.1348877,0
2.30052,2300,785.006165,784.9927,0.1348877,-0.0163597353
2.30055,2301,785.006165,784.9927,0.1348877,-0.0163597353
2.30234,2302,785.006165,784.9927,0.1348877,-0.0163597353
2.30413,2303,785.006165,784.9927,0.1348877,-0.0163597353
2.30414,2304,785.006165,784.9927,0.1348877,0
2.30562,2305,785.006165,784.9927,0.1348877,0
2.30725,2306,785.006165,784.9927,0.1348877,0
2.30741,2307,785.006165,784.9927,0.1348877,0
2.30850,2308,785.006165,784.9927,0.1348877,0
2.30852,2309,785.006165,784.9927,0.1348877,0
2.31033,2310,785.006165,784.9927,0.1348877,0
2.31214,2311,785.006165,784.9927,0.1348877,0
2.31215,2312,785.006165,784.9927,0.1348877,0
2.31341,2313,785.006165,784.9927,0.1348877,0.0109064905
2.31522,2314,785.006165,784.9927,0.1348877,0.0109064905
2.31524,2315,785.006165,784.9928,0.133666992,0.0109064905
2.31648,2316,785.006165,784.9928,0.133666992,0.0109064905
2.31650,2317,785.006165,784.9928,0.133666992,0.0109064905
2.31831,2318,785.006165,784.9928,0.133666992,0.0109064905
2.32013,2319,785.006165,784.992859,0.133056641,0.0109064905
2.32014,2320,785.006165,784.992859,0.133056641,0.0109064905
2.32140,2321,785.006165,784.992859,0.133056641,0.0109064905
2.32324,2322,785.006165,784.992859,0.133056641,0.0109064905
2.32326,2323,785.006165,784.992859,0.133056641,0.0109064905
2.32454,2324,785.006165,784.992859,0.133056641,0.0109064905
2.32457,2325,785.006165,784.992859,0.133056641,0.0109064905
2.32632,2326,785.006165,784.992859,0.133056641,0.0109064905
2.32818,2327,785.006165,784.992859,0.133056641,0.0109064905
2.32822,2328,785.006165,784.992859,0.133056641,0
2.32939,2329,785.006165,784.992859,0.133056641,-0.0163597353
2.33123,2330,785.006165,784.992859,0.133056641,-0.0163597353
2.33126,2331,785.006165,784.992859,0.133056641,-0.0163597353
2.33249,2332,785.006165,784.992859,0.133056641,-0.0163597353
2.33253,2333,785.006165,784.992859,0.133056641,-0.0163597353
2.33433,2334,785.006165,784.992859,0.133056641,-0.0163597353
2.33616,2335,785.006165,784.992859,0.133056641,0
2.33617,2336,785.006165,784.992859,0.133056641,0
2.33741,2337,785.006165,784.992859,0.133056641,0
2.33924,2338,785.006165,784.992859,0.133056641,0
2.33925,2339,785.006165,784.992859,0.133056641,0
2.34052,2340,785.006165,784.992859,0.133056641,0
2.34054,2341,785.006165,784.992859,0.133056641,0
2.34235,2342,785.006165,784.992859,0.133056641,0
2.34417,2343,785.006165,784.992859,0.133056641,0
2.34421,2344,785.006165,784.9929,0.132446289,0.0109064905
2.34541,2345,785.006165,784.993042,0.131225586,0.021812981
2.34723,2346,785.006165,784.993042,0.131225586,0.021812981
2.34725,2347,785.006165,784.993042,0.131225586,0.021812981
2.34849,2348,785.006165,784.993042,0.131225586,0.021812981
2.34850,2349,785.006165,784.9931,0.130615234,0.021812981
2.35031,2350,785.006165,784.9932,0.129394531,0.021812981
2.35217,2351,785.006165,784.9932,0.129394531,0.021812981
2.35222,2352,785.006165,784.9932,0.129394531,0.021812981
2.35339,2353,785.006165,784.9932,0.129394531,0.021812981
2.35542,2354,785.006165,784.9932,0.129394531,0.021812981
2.35544,2355,785.006165,784.9932,0.129394531,0.021812981
2.35651,2356,785.006165,784.9932,0.129394531,0.021812981
2.35653,2357,785.006165,784.9932,0.129394531,0.0109064905
2.35833,2358,785.006165,784.9932,0.129394531,0.0109064905
2.36018,2359,785.006165,784.9932,0.129394531,0
2.36020,2360,785.006165,784.9932,0.129394531,0
2.36140,2361,785.006165,784.9932,0.129394531,0
2.36327,2362,785.006165,784.9932,0.129394531,-0.0163597353
2.36331,2363,785.006165,784.9932,0.129394531,-0.0163597353
2.36448,2364,785.006165,784.9932,0.129394531,-0.0163597353
2.36450,2365,785.006165,784.9932,0.129394531,-0.0163597353
2.36631,2366,785.006165,784.9932,0.129394531,0
2.36816,2367,785.006165,784.9932,0.129394531,0
2.36817,2368,785.006165,784.9932,0.129394531,0
2.36940,2369,785.006165,784.993347,0.128173828,0.0109064905
2.37122,2370,785.006165,784.993347,0.128173828,0.021812981
2.37125,2371,785.006165,784.9934,0.127563477,0.03271947
2.37251,2372,785.006165,784.9935,0.126342773,0.03271947
2.37252,2373,785.006165,784.9935,0.126342773,0.043625962
2.37433,2374,785.006165,784.9936,0.125732422,0.043625962
2.37619,2375,785.006165,784.993652,0.12512207,0.0545324534
2.37621,2376,785.006165,784.9938,0.123901367,0.0545324534
2.37740,2377,785.006165,784.993835,0.123291016,0.0545324534
2.37925,2378,785.006165,784.9939,0.122680664,0.06543894
2.37927,2379,785.006165,784.993958,0.122070313,0.06543894
2.38050,2380,785.006165,784.9941,0.120849609,0.06543894
2.38051,2381,785.006165,784.994141,0.120239258,0.07634544
2.38233,2382,785.006165,784.9943,0.1184082,0.087251924
2.38416,2383,785.006165,784.994446,0.1171875,0.09815842
2.38418,2384,785.006165,784.9946,0.115356445,0.125424653
2.38541,2385,785.006165,784.994751,0.114135742,0.147237629
2.38727,2386,785.006165,784.994934,0.112304688,0.158144116
2.38731,2387,785.006165,784.9952,0.109863281,0.169050619
2.38883,2388,785.006165,784.9954,0.107421875,0.179957092
2.38888,2389,785.006165,784.9956,0.10559082,0.1908636
2.39033,2390,785.006165,784.9959,0.102539063,0.201770067
2.39219,2391,785.006165,784.996033,0.101318359,0.21267657
2.39223,2392,785.006165,784.996338,0.0982666,0.223583058
2.39341,2393,785.006165,784.9966,0.0958251953,0.223583058
2.39525,2394,785.006165,784.996765,0.09399414,0.223583058
2.39526,2395,785.006165,784.997,0.0915527344,0.21267657
2.39648,2396,785.006165,784.997131,0.09033203,0.1908636
2.39649,2397,785.006165,784.9972,0.08972168,0.169050619
2.39835,2398,785.006165,784.9973,0.08850098,0.147237629
2.40014,2399,785.006165,784.9973,0.08850098,0.109064907
2.40016,2400,785.006165,784.9975,0.08666992,0.087251924
2.40140,2401,785.006165,784.9975,0.08666992,0.06543894
2.40323,2402,785.006165,784.9975,0.08666992,0.0545324534
2.40325,2403,785.006165,784.9975,0.08666992,0.03271947
2.40450,2404,785.006165,784.9975,0.08666992,0.021812981
2.40452,2405,785.006165,784.9975,0.08666992,0.0109064905
2.40636,2406,785.006165,784.9975,0.08666992,0
2.40818,2407,785.006165,784.9975,0.08666992,0
2.40821,2408,785.006165,784.9975,0.08666992,-0.0163597353
2.40940,2409,785.006165,784.9975,0.08666992,-0.0272662267
2.41125,2410,785.006165,784.9975,0.08666992,-0.03817272
2.41127,2411,785.006165,784.997437,0.08728027,-0.0272662267
2.41248,2412,785.006165,784.9973,0.08850098,-0.03817272
2.41249,2413,785.006165,784.9973,0.08850098,-0.03817272
2.41434,2414,785.006165,784.9973,0.08850098,-0.0272662267
2.41618,2415,785.006165,784.9973,0.08850098,-0.0272662267
2.41621,2416,785.006165,784.9973,0.08850098,-0.0163597353
2.41741,2417,785.006165,784.9973,0.08850098,0
2.41928,2418,785.006165,784.9973,0.08850098,0
2.41931,2419,785.006165,784.9973,0.08850098,0
2.42052,2420,785.006165,784.997437,0.08728027,0
2.42054,2421,785.006165,784.9975,0.08666992,0.0109064905
2.42238,2422,785.006165,784.9975,0.08666992,0.021812981
2.42417,2423,785.006165,784.997559,0.08605957,0.03271947
2.42418,2424,785.006165,784.9977,0.08483887,0.043625962
2.42540,2425,785.006165,784.9977,0.08483887,0.0545324534
2.42725,2426,785.006165,784.997742,0.0842285156,0.043625962
2.42727,2427,785.006165,784.9978,0.0836181641,0.06543894
2.42848,2428,785.006165,784.998,0.08178711,0.06543894
2.42850,2429,785.006165,784.998,0.08178711,0.06543894
2.43040,2430,785.006165,784.9981,0.0805664063,0.087251924
2.43216,2431,785.006165,784.9983,0.07873535,0.087251924
2.43219,2432,785.006165,784.9984,0.07751465,0.09815842
2.43340,2433,785.006165,784.998535,0.0762939453,0.09815842
2.43526,2434,785.006165,784.9987,0.07446289,0.109064907
2.43530,2435,785.006165,784.99884,0.07324219,0.136331126
2.43652,2436,785.006165,784.9991,0.07080078,0.147237629
2.43654,2437,785.006165,784.999268,0.06896973,0.169050619
2.43853,2438,785.006165,784.9994,0.06774902,0.169050619
2.44016,2439,785.006165,784.9997,0.0646972656,0.1908636
2.44022,2440,785.006165,784.999939,0.06225586,0.201770067
2.44142,2441,785.006165,785.000061,0.0610351563,0.201770067
2.44326,2442,785.006165,785.000244,0.0592041,0.201770067
2.44330,2443,785.006165,785.0005,0.0567626953,0.1908636
2.44448,2444,785.006165,785.0007,0.05493164,0.179957092
2.44450,2445,785.006165,785.000854,0.0531005859,0.179957092
2.44632,2446,785.006165,785.000854,0.0531005859,0.158144116
2.44816,2447,785.006165,785.001038,0.05126953,0.109064907
2.44819,2448,785.006165,785.0011,0.05065918,0.087251924
2.44944,2449,785.006165,785.00116,0.0500488281,0.06543894
2.45126,2450,785.006165,785.00116,0.0500488281,0.043625962
2.45129,2451,785.006165,785.00116,0.0500488281,0.03271947
2.45249,2452,785.006165,785.0012,0.0494384766,0.03271947
2.45251,2453,785.006165,785.0012,0.0494384766,0.021812981
2.45432,2454,785.006165,785.0012,0.0494384766,0.0109064905
2.45621,2455,785.006165,785.001343,0.0482177734,0.0109064905
2.45623,2456,785.006165,785.001343,0.0482177734,0.0109064905
2.45742,2457,785.006165,785.001343,0.0482177734,0.0109064905
2.45926,2458,785.006165,785.001343,0.0482177734,0
2.45928,2459,785.006165,785.001343,0.0482177734,0
2.46049,2460,785.006165,785.001343,0.0482177734,-0.0163597353
2.46052,2461,785.006165,785.001343,0.0482177734,-0.0163597353
2.46233,2462,785.006165,785.001343,0.0482177734,0
2.46418,2463,785.006165,785.001343,0.0482177734,0
2.46420,2464,785.006165,785.001343,0.0482177734,0
2.46541,2465,785.006165,785.001343,0.0482177734,0.0109064905
2.46728,2466,785.006165,785.0014,0.0476074219,0.0109064905
2.46731,2467,785.006165,785.001465,0.04699707,0.021812981
2.46848,2468,785.006165,785.0016,0.0457763672,0.03271947
2.46849,2469,785.006165,785.001648,0.0451660156,0.0545324534
2.47036,2470,785.006165,785.0017,0.0445556641,0.06543894
2.47223,2471,785.006165,785.0018,0.0439453125,0.07634544
2.47227,2472,785.006165,785.001953,0.0421142578,0.09815842
2.47342,2473,785.006165,785.002136,0.0402832031,0.109064907
2.47527,2474,785.006165,785.0023,0.03845215,0.136331126
2.47530,2475,785.006165,785.0026,0.03540039,0.158144116
2.47650,2476,785.006165,785.002747,0.0341796875,0.1908636
2.47653,2477,785.006165,785.003052,0.03112793,0.201770067
2.47833,2478,785.006165,785.0034,0.02746582,0.223583058
2.48016,2479,785.006165,785.0036,0.0256347656,0.2508493
2.48019,2480,785.006165,785.003845,0.02319336,0.261755764
2.48141,2481,785.006165,785.00415,0.0201416016,0.261755764
2.48324,2482,785.006165,785.004456,0.0170898438,0.272662252
2.48326,2483,785.006165,785.0047,0.0146484375,0.2508493
2.48449,2484,785.006165,785.0048,0.0134277344,0.23448956
2.48450,2485,785.006165,785.005066,0.0109863281,0.223583058
2.48634,2486,785.006165,785.005249,0.009155273,0.21267657
2.48817,2487,785.006165,785.0054,0.00793457,0.1908636
2.48821,2488,785.006165,785.0057,0.0048828125,0.169050619
2.48943,2489,785.006165,785.0057,0.0048828125,0.158144116
2.49125,2490,785.006165,785.0058,0.00366210938,0.147237629
2.49127,2491,785.006165,785.006,0.00183105469,0.136331126
2.49253,2492,785.006165,785.0062,-0.000610351563,0.147237629
2.49255,2493,785.006165,785.006348,-0.00183105469,0.147237629
2.49435,2494,785.006165,785.006531,-0.00366210938,0.158144116
2.49616,2495,785.006165,785.0068,-0.00610351563,0.169050619
2.49617,2496,785.006165,785.0069,-0.00732421875,0.169050619
2.49741,2497,785.006165,785.0071,-0.009155273,0.169050619
2.49927,2498,785.006165,785.0072,-0.0103759766,0.169050619
2.49930,2499,785.006165,785.0074,-0.0122070313,0.169050619
2.50048,2500,785.006165,785.0075,-0.0134277344,0.158144116
2.50050,2501,785.006165,785.0075,-0.0134277344,0.147237629
2.50233,2502,785.006165,785.007751,-0.01586914,0.109064907
2.50418,2503,785.006165,785.007751,-0.01586914,0.09815842
2.50420,2504,785.006165,785.0078,-0.0164794922,0.07634544
2.50555,2505,785.006165,785.0079,-0.0170898438,0.06543894
2.50730,2506,785.006165,785.0079,-0.0170898438,0.043625962
2.50735,2507,785.006165,785.0079,-0.0170898438,0.03271947
2.50849,2508,785.006165,785.0079,-0.0170898438,0.021812981
2.50850,2509,785.006165,785.0078,-0.0164794922,0
2.51036,2510,785.006165,785.0078,-0.0164794922,-0.0163597353
2.51216,2511,785.006165,785.007751,-0.01586914,-0.0163597353
2.51217,2512,785.006165,785.007751,-0.01586914,-0.0272662267
2.51341,2513,785.006165,785.007751,-0.01586914,-0.03817272
2.51526,2514,785.006165,785.0076,-0.0146484375,-0.04907921
2.51529,2515,785.006165,785.0076,-0.0146484375,-0.04907921
2.51648,2516,785.006165,785.0076,-0.0146484375,-0.03817272
2.51650,2517,785.006165,785.0076,-0.0146484375,-0.0272662267
2.51833,2518,785.006165,785.0076,-0.0146484375,-0.0163597353
2.52017,2519,785.006165,785.0076,-0.0146484375,-0.0163597353
2.52020,2520,785.006165,785.0076,-0.0146484375,-0.0163597353
2.52140,2521,785.006165,785.0076,-0.0146484375,0
2.52325,2522,785.006165,785.0076,-0.0146484375,0
2.52327,2523,785.006165,785.0076,-0.0146484375,0
2.52448,2524,785.006165,785.007751,-0.01586914,0
2.52451,2525,785.006165,785.007751,-0.01586914,0.0109064905
2.52637,2526,785.006165,785.007751,-0.01586914,0.0109064905
2.52814,2527,785.006165,785.0078,-0.0164794922,0.021812981
2.52817,2528,785.006165,785.0079,-0.0170898438,0.03271947
2.52944,2529,785.006165,785.0079,-0.0170898438,0.03271947
2.53126,2530,785.006165,785.0079,-0.0170898438,0.043625962
2.53128,2531,785.006165,785.0079,-0.0170898438,0.03271947
2.53249,2532,785.006165,785.007935,-0.0177001953,0.021812981
2.53250,2533,785.006165,785.008057,-0.0189208984,0.021812981
2.53434,2534,785.006165,785.008057,-0.0189208984,0.021812981
2.53615,2535,785.006165,785.008057,-0.0189208984,0.03271947
2.53618,2536,785.006165,785.0081,-0.01953125,0.03271947
2.53740,2537,785.006165,785.0081,-0.01953125,0.03271947
2.53926,2538,785.006165,785.0081,-0.01953125,0.021812981
2.53929,2539,785.006165,785.0081,-0.01953125,0.0109064905
2.54051,2540,785.006165,785.0081,-0.01953125,0.0109064905
2.54052,2541,785.006165,785.0081,-0.01953125,0
2.54235,2542,785.006165,785.0081,-0.01953125,0
2.54419,2543,785.006165,785.008057,-0.0189208984,-0.0163597353
2.54422,2544,785.006165,785.008057,-0.0189208984,-0.0272662267
2.54540,2545,785.006165,785.008057,-0.0189208984,-0.0272662267
2.54728,2546,785.006165,785.008057,-0.0189208984,-0.0163597353
2.54730,2547,785.006165,785.008057,-0.0189208984,-0.0163597353
2.54849,2548,785.006165,785.008057,-0.0189208984,0
2.54850,2549,785.006165,785.008057,-0.0189208984,0
2.55034,2550,785.006165,785.008057,-0.0189208984,0
2.55217,2551,785.006165,785.008057,-0.0189208984,0
2.55220,2552,785.006165,785.008057,-0.0189208984,0
2.55340,2553,785.006165,785.008057,-0.0189208984,0
2.55543,2554,785.006165,785.008057,-0.0189208984,0
2.55549,2555,785.006165,785.008057,-0.0189208984,0
2.55649,2556,785.006165,785.008057,-0.0189208984,0
2.55652,2557,785.006165,785.008057,-0.0189208984,0
2.55833,2558,785.006165,785.008057,-0.0189208984,0
2.56018,2559,785.006165,785.008057,-0.0189208984,0
2.56021,2560,785.006165,785.008057,-0.0189208984,0
2.56141,2561,785.006165,785.008057,-0.0189208984,0
2.56331,2562,785.006165,785.008057,-0.0189208984,0
2.56333,2563,785.006165,785.008057,-0.0189208984,0
2.56448,2564,785.006165,785.008057,-0.0189208984,0
2.56449,2565,785.006165,785.008057,-0.0189208984,0
2.56636,2566,785.006165,785.008057,-0.0189208984,0
2.56817,2567,785.006165,785.008057,-0.0189208984,0
2.56820,2568,785.006165,785.008057,-0.0189208984,0
2.56940,2569,785.006165,785.008057,-0.0189208984,0
2.57126,2570,785.006165,785.008057,-0.0189208984,0
2.57129,2571,785.006165,785.008057,-0.0189208984,0
2.57253,2572,785.006165,785.008057,-0.0189208984,0
2.57258,2573,785.006165,785.008057,-0.0189208984,0
2.57440,2574,785.006165,785.008057,-0.0189208984,0
2.57617,2575,785.006165,785.008057,-0.0189208984,0
2.57621,2576,785.006165,785.008057,-0.0189208984,0
2.57744,2577,785.006165,785.008057,-0.0189208984,0
2.57925,2578,785.006165,785.008057,-0.0189208984,0
2.57929,2579,785.006165,785.008057,-0.0189208984,0
2.58052,2580,785.006165,785.008057,-0.0189208984,0
2.58054,2581,785.006165,785.0081,-0.01953125,0
2.58236,2582,785.006165,785.0081,-0.01953125,0
2.58417,2583,785.006165,785.0081,-0.01953125,0
2.58420,2584,785.006165,785.0082,-0.0201416016,0.0109064905
2.58539,2585,785.006165,785.0082,-0.0201416016,0.0109064905
2.58726,2586,785.006165,785.0082,-0.0201416016,0.0109064905
2.58729,2587,785.006165,785.0082,-0.0201416016,0.0109064905
2.58875,2588,785.006165,785.0082,-0.0201416016,0.0109064905
2.58878,2589,785.006165,785.0082,-0.0201416016,0
2.59034,2590,785.006165,785.0082,-0.0201416016,0
2.59219,2591,785.006165,785.0082,-0.0201416016,-0.0163597353
2.59223,2592,785.006165,785.0082,-0.0201416016,-0.0163597353
2.59345,2593,785.006165,785.0082,-0.0201416016,0
2.59527,2594,785.006165,785.0082,-0.0201416016,0
2.59530,2595,785.006165,785.0082,-0.0201416016,0
2.59649,2596,785.006165,785.0082,-0.0201416016,0
2.59650,2597,785.006165,785.0082,-0.0201416016,0
2.59833,2598,785.006165,785.0082,-0.0201416016,0
2.60017,2599,785.006165,785.0082,-0.0201416016,0
2.60019,2600,785.006165,785.0082,-0.0201416016,0
2.60141,2601,785.006165,785.0082,-0.0201416016,0
2.60324,2602,785.006165,785.0082,-0.0201416016,0
2.60327,2603,785.006165,785.0082,-0.0201416016,0
2.60450,2604,785.006165,785.0082,-0.0201416016,0
2.60452,2605,785.006165,785.0082,-0.0201416016,0
2.60634,2606,785.006165,785.0082,-0.0201416016,0
2.60818,2607,785.006165,785.0082,-0.0201416016,0
2.60821,2608,785.006165,785.0082,-0.0201416016,0
2.60939,2609,785.006165,785.0082,-0.0201416016,0
2.61128,2610,785.006165,785.0082,-0.0201416016,0
2.61133,2611,785.006165,785.0082,-0.0201416016,0
2.61249,2612,785.006165,785.0082,-0.0201416016,0
2.61252,2613,785.006165,785.0082,-0.0201416016,0
2.61437,2614,785.006165,785.0082,-0.0201416016,0
2.61614,2615,785.006165,785.0082,-0.0201416016,0
2.61616,2616,785.006165,785.0082,-0.0201416016,0
2.61742,2617,785.006165,785.0082,-0.0201416016,0
2.61923,2618,785.006165,785.0082,-0.0201416016,0
2.61924,2619,785.006165,785.0082,-0.0201416016,0
2.62048,2620,785.006165,785.0082,-0.0201416016,0
2.62050,2621,785.006165,785.0082,-0.0201416016,0
2.62238,2622,785.006165,785.0082,-0.0201416016,0
2.62417,2623,785.006165,785.0082,-0.0201416016,0
2.62420,2624,785.006165,785.0082,-0.0201416016,0
2.62543,2625,785.006165,785.0082,-0.0201416016,0
2.62726,2626,785.006165,785.0082,-0.0201416016,0
2.62729,2627,785.006165,785.0082,-0.0201416016,0
2.62848,2628,785.006165,785.0082,-0.0201416016,0
2.62850,2629,785.006165,785.0082,-0.0201416016,0
2.63033,2630,785.006165,785.0082,-0.0201416016,0
2.63218,2631,785.006165,785.0082,-0.0201416016,0
2.63221,2632,785.006165,785.0082,-0.0201416016,0
2.63340,2633,785.006165,785.0082,-0.0201416016,0
2.63525,2634,785.006165,785.0082,-0.0201416016,0
2.63528,2635,785.006165,785.0082,-0.0201416016,0
2.63653,2636,785.006165,785.0082,-0.0201416016,0
2.63655,2637,785.006165,785.0082,-0.0201416016,0
2.63861,2638,785.006165,785.0082,-0.0201416016,0
2.64020,2639,785.006165,785.0082,-0.0201416016,0
2.64026,2640,785.006165,785.0082,-0.0201416016,0
2.64141,2641,785.006165,785.0082,-0.0201416016,0
2.64329,2642,785.006165,785.0082,-0.0201416016,0
2.64334,2643,785.006165,785.0082,-0.0201416016,0
2.64450,2644,785.006165,785.0082,-0.0201416016,0
2.64452,2645,785.006165,785.0082,-0.0201416016,0
2.64634,2646,785.006165,785.0082,-0.0201416016,0
2.64814,2647,785.006165,785.0082,-0.0201416016,0
2.64817,2648,785.006165,785.0082,-0.0201416016,0
2.64939,2649,785.006165,785.0082,-0.0201416016,0
2.65125,2650,785.006165,785.0082,-0.0201416016,0
2.65127,2651,785.006165,785.0082,-0.0201416016,0
2.65248,2652,785.006165,785.0082,-0.0201416016,0
2.65249,2653,785.006165,785.0082,-0.0201416016,0
2.65436,2654,785.006165,785.0082,-0.0201416016,0
2.65616,2655,785.006165,785.0082,-0.0201416016,0
2.65618,2656,785.006165,785.0082,-0.0201416016,0
2.65740,2657,785.006165,785.0082,-0.0201416016,0
2.65927,2658,785.006165,785.0082,-0.0201416016,0
2.65929,2659,785.006165,785.0082,-0.0201416016,0
2.66049,2660,785.006165,785.0082,-0.0201416016,0
2.66051,2661,785.006165,785.0082,-0.0201416016,0
2.66235,2662,785.006165,785.0082,-0.0201416016,0
2.66414,2663,785.006165,785.0082,-0.0201416016,0
2.66416,2664,785.006165,785.0082,-0.0201416016,0
2.66548,2665,785.006165,785.0082,-0.0201416016,0
2.66725,2666,785.006165,785.0082,-0.0201416016,0
2.66727,2667,785.006165,785.0082,-0.0201416016,0
2.66850,2668,785.006165,785.0082,-0.0201416016,0
2.66851,2669,785.006165,785.0082,-0.0201416016,0
2.67034,2670,785.006165,785.0082,-0.0201416016,0
2.67217,2671,785.006165,785.0082,-0.0201416016,0
2.67221,2672,785.006165,785.0082,-0.0201416016,0
2.67349,2673,785.006165,785.0082,-0.0201416016,0
2.67528,2674,785.006165,785.0082,-0.0201416016,0
2.67532,2675,785.006165,785.0082,-0.0201416016,0
2.67650,2676,785.006165,785.0082,-0.0201416016,0
2.67653,2677,785.006165,785.0082,-0.0201416016,0
2.67836,2678,785.006165,785.0082,-0.0201416016,0
2.68014,2679,785.006165,785.0082,-0.0201416016,0
2.68015,2680,785.006165,785.0082,-0.0201416016,0
2.68140,2681,785.006165,785.0082,-0.0201416016,0
2.68325,2682,785.006165,785.0082,-0.0201416016,0
2.68327,2683,785.006165,785.0082,-0.0201416016,0
2.68449,2684,785.006165,785.0082,-0.0201416016,0
2.68451,2685,785.006165,785.0082,-0.0201416016,0
2.68634,2686,785.006165,785.0082,-0.0201416016,0
2.68814,2687,785.006165,785.0082,-0.0201416016,0
2.68815,2688,785.006165,785.0082,-0.0201416016,0
2.68941,2689,785.006165,785.0082,-0.0201416016,0
2.69149,2690,785.006165,785.0082,-0.0201416016,0
2.69153,2691,785.006165,785.0082,-0.0201416016,0
2.69253,2692,785.006165,785.0082,-0.0201416016,0
2.69257,2693,785.006165,785.0082,-0.0201416016,0
2.69439,2694,785.006165,785.0082,-0.0201416016,0
2.69615,2695,785.006165,785.0082,-0.0201416016,0
2.69617,2696,785.006165,785.0082,-0.0201416016,0
2.69741,2697,785.006165,785.0082,-0.0201416016,0
2.69930,2698,785.006165,785.0082,-0.0201416016,0
2.69934,2699,785.006165,785.0082,-0.0201416016,0
2.70048,2700,785.006165,785.0082,-0.0201416016,0
2.70050,2701,785.006165,785.0082,-0.0201416016,0
2.70234,2702,785.006165,785.0082,-0.0201416016,0
2.70414,2703,785.006165,785.0082,-0.0201416016,0
2.70416,2704,785.006165,785.0082,-0.0201416016,0
2.70559,2705,785.006165,785.0082,-0.0201416016,0
2.70725,2706,785.006165,785.0082,-0.0201416016,0
2.70728,2707,785.006165,785.0082,-0.0201416016,0
2.70849,2708,785.006165,785.0082,-0.0201416016,0
2.70851,2709,785.006165,785.0082,-0.0201416016,0
2.71036,2710,785.006165,785.0082,-0.0201416016,0
2.71215,2711,785.006165,785.0082,-0.0201416016,0
2.71217,2712,785.006165,785.0082,-0.0201416016,0
2.71341,2713,785.006165,785.0082,-0.0201416016,0
2.71524,2714,785.006165,785.0082,-0.0201416016,0
2.71527,2715,785.006165,785.0082,-0.0201416016,0
2.71649,2716,785.006165,785.0082,-0.0201416016,0
2.71651,2717,785.006165,785.0082,-0.0201416016,0
2.71836,2718,785.006165,785.0082,-0.0201416016,0
2.72015,2719,785.006165,785.0082,-0.0201416016,0
2.72017,2720,785.006165,785.0082,-0.0201416016,0
2.72141,2721,785.006165,785.0082,-0.0201416016,0
2.72325,2722,785.006165,785.0082,-0.0201416016,0
2.72327,2723,785.006165,785.0082,-0.0201416016,0
2.72454,2724,785.006165,785.0082,-0.0201416016,0
2.72456,2725,785.006165,785.0082,-0.0201416016,0
2.72635,2726,785.006165,785.0082,-0.0201416016,0
2.72819,2727,785.006165,785.0082,-0.0201416016,0
2.72821,2728,785.006165,785.0082,-0.0201416016,0
2.72942,2729,785.006165,785.0082,-0.0201416016,0
2.73123,2730,785.006165,785.0082,-0.0201416016,0
2.73124,2731,785.006165,785.0082,-0.0201416016,0
2.73253,2732,785.006165,785.0082,-0.0201416016,0
2.73255,2733,785.006165,785.0082,-0.0201416016,0
2.73435,2734,785.006165,785.0082,-0.0201416016,0
2.73616,2735,785.006165,785.0082,-0.0201416016,0
2.73618,2736,785.006165,785.0082,-0.0201416016,0
2.73742,2737,785.006165,785.0082,-0.0201416016,0
2.73927,2738,785.006165,785.0082,-0.0201416016,0
2.73929,2739,785.006165,785.0082,-0.0201416016,0
2.74050,2740,785.006165,785.0082,-0.0201416016,0
2.74052,2741,785.006165,785.0082,-0.0201416016,0
2.74231,2742,785.006165,785.0082,-0.0201416016,0
2.74418,2743,785.006165,785.0082,-0.0201416016,0
2.74420,2744,785.006165,785.0082,-0.0201416016,0
2.74545,2745,785.006165,785.0082,-0.0201416016,0
2.74723,2746,785.006165,785.0082,-0.0201416016,0
2.74724,2747,785.006165,785.0082,-0.0201416016,0
2.74849,2748,785.006165,785.0082,-0.0201416016,0
2.74852,2749,785.006165,785.0082,-0.0201416016,0
2.75030,2750,785.006165,785.0082,-0.0201416016,0
2.75214,2751,785.006165,785.0082,-0.0201416016,0
2.75215,2752,785.006165,785.0082,-0.0201416016,0
2.75344,2753,785.006165,785.0082,-0.0201416016,0
2.75531,2754,785.006165,785.0082,-0.0201416016,0
2.75532,2755,785.006165,785.0082,-0.0201416016,0
2.75653,2756,785.006165,785.0082,-0.0201416016,0
2.75656,2757,785.006165,785.0082,-0.0201416016,0
2.75832,2758,785.006165,785.0082,-0.0201416016,0
2.76014,2759,785.006165,785.0082,-0.0201416016,0
2.76017,2760,785.006165,785.0082,-0.0201416016,0
2.76143,2761,785.006165,785.0082,-0.0201416016,0
2.76324,2762,785.006165,785.0082,-0.0201416016,0
2.76327,2763,785.006165,785.0082,-0.0201416016,0
2.76450,2764,785.006165,785.0082,-0.0201416016,0
2.76453,2765,785.006165,785.0082,-0.0201416016,0
2.76630,2766,785.006165,785.0082,-0.0201416016,0
2.76814,2767,785.006165,785.0082,-0.0201416016,0
2.76815,2768,785.006165,785.0082,-0.0201416016,0
2.76945,2769,785.006165,785.0082,-0.0201416016,0
2.77123,2770,785.006165,785.0082,-0.0201416016,0
2.77125,2771,785.006165,785.0082,-0.0201416016,0
2.77250,2772,785.006165,785.0082,-0.0201416016,0
2.77253,2773,785.006165,785.0082,-0.0201416016,0
2.77433,2774,785.006165,785.0082,-0.0201416016,0
2.77615,2775,785.006165,785.0082,-0.0201416016,0
2.77618,2776,785.006165,785.0082,-0.0201416016,0
2.77744,2777,785.006165,785.0082,-0.0201416016,0
2.77923,2778,785.006165,785.0082,-0.0201416016,0
2.77925,2779,785.006165,785.0082,-0.0201416016,0
2.78053,2780,785.006165,785.0082,-0.0201416016,0
2.78055,2781,785.006165,785.0082,-0.0201416016,0
2.78233,2782,785.006165,785.0082,-0.0201416016,0
2.78415,2783,785.006165,785.0082,-0.0201416016,0
2.78417,2784,785.006165,785.0082,-0.0201416016,0
2.78542,2785,785.006165,785.0082,-0.0201416016,0
2.78722,2786,785.006165,785.0082,-0.0201416016,0
2.78725,2787,785.006165,785.0082,-0.0201416016,0
2.78870,2788,785.006165,785.0082,-0.0201416016,0
2.78874,2789,785.006165,785.0082,-0.0201416016,0
2.79034,2790,785.006165,785.0082,-0.0201416016,0
2.79215,2791,785.006165,785.0082,-0.0201416016,0
2.79217,2792,785.006165,785.0082,-0.0201416016,0
2.79341,2793,785.006165,785.0082,-0.0201416016,0
2.79525,2794,785.006165,785.0082,-0.0201416016,0
2.79526,2795,785.006165,785.0082,-0.0201416016,0
2.79650,2796,785.006165,785.0082,-0.0201416016,0
2.79652,2797,785.006165,785.0082,-0.0201416016,0
2.79834,2798,785.006165,785.0082,-0.0201416016,0
2.80015,2799,785.006165,785.0082,-0.0201416016,0
2.80017,2800,785.006165,785.0082,-0.0201416016,0
2.80141,2801,785.006165,785.0082,-0.0201416016,0
2.80323,2802,785.006165,785.0082,-0.0201416016,0
2.80324,2803,785.006165,785.0082,-0.0201416016,0
2.80450,2804,785.006165,785.0082,-0.0201416016,0
2.80453,2805,785.006165,785.0082,-0.0201416016,0
2.80637,2806,785.006165,785.0082,-0.0201416016,0
2.80815,2807,785.006165,785.0082,-0.0201416016,0
2.80817,2808,785.006165,785.0082,-0.0201416016,0
2.80940,2809,785.006165,785.0082,-0.0201416016,-0.0163597353
2.81123,2810,785.006165,785.0082,-0.0201416016,-0.0163597353
2.81125,2811,785.006165,785.0082,-0.0201416016,-0.0163597353
2.81251,2812,785.006165,785.0082,-0.0201416016,0
2.81253,2813,785.006165,785.0082,-0.0201416016,0
2.81432,2814,785.006165,785.0082,-0.0201416016,0
2.81616,2815,785.006165,785.0082,-0.0201416016,0
2.81617,2816,785.006165,785.0082,-0.0201416016,0
2.81740,2817,785.006165,785.0082,-0.0201416016,0
2.81925,2818,785.006165,785.0082,-0.0201416016,0
2.81929,2819,785.006165,785.0082,-0.0201416016,0
2.82051,2820,785.006165,785.0082,-0.0201416016,0
2.82053,2821,785.006165,785.0082,-0.0201416016,0
2.82233,2822,785.006165,785.0082,-0.0201416016,0
2.82416,2823,785.006165,785.0082,-0.0201416016,0
2.82419,2824,785.006165,785.0082,-0.0201416016,0
2.82541,2825,785.006165,785.0082,-0.0201416016,0
2.82723,2826,785.006165,785.0082,-0.0201416016,0
2.82724,2827,785.006165,785.0082,-0.0201416016,0
2.82850,2828,785.006165,785.0082,-0.0201416016,0
2.82854,2829,785.006165,785.0082,-0.0201416016,0
2.83031,2830,785.006165,785.0082,-0.0201416016,0
2.83215,2831,785.006165,785.0082,-0.0201416016,0
2.83217,2832,785.006165,785.0082,-0.0201416016,0
2.83340,2833,785.006165,785.0082,-0.0201416016,0
2.83522,2834,785.006165,785.0082,-0.0201416016,0
2.83524,2835,785.006165,785.0082,-0.0201416016,0
2.83648,2836,785.006165,785.0082,-0.0201416016,0
2.83650,2837,785.006165,785.0082,-0.0201416016,0
2.83865,2838,785.006165,785.0082,-0.0201416016,0
2.84017,2839,785.006165,785.0082,-0.0201416016,0
2.84019,2840,785.006165,785.0082,-0.0201416016,0
2.84143,2841,785.006165,785.0082,-0.0201416016,0
2.84323,2842,785.006165,785.0082,-0.0201416016,0
2.84325,2843,785.006165,785.0082,-0.0201416016,0
2.84449,2844,785.006165,785.0082,-0.0201416016,0
2.84451,2845,785.006165,785.0082,-0.0201416016,0
2.84634,2846,785.006165,785.0082,-0.0201416016,0
2.84816,2847,785.006165,785.0082,-0.0201416016,0
2.84818,2848,785.006165,785.0082,-0.0201416016,0
2.84941,2849,785.006165,785.0082,-0.0201416016,0
2.85123,2850,785.006165,785.0082,-0.0201416016,0
2.85125,2851,785.006165,785.0081,-0.01953125,-0.0163597353
2.85248,2852,785.006165,785.0081,-0.01953125,-0.0163597353
2.85249,2853,785.006165,785.0081,-0.01953125,-0.0163597353
2.85437,2854,785.006165,785.0081,-0.01953125,-0.0163597353
2.85616,2855,785.006165,785.0081,-0.01953125,0
2.85619,2856,785.006165,785.0081,-0.01953125,0
2.85742,2857,785.006165,785.0081,-0.01953125,0
2.85921,2858,785.006165,785.0081,-0.01953125,0
2.85923,2859,785.006165,785.0081,-0.01953125,0
2.86050,2860,785.006165,785.0081,-0.01953125,0
2.86052,2861,785.006165,785.0081,-0.01953125,0
2.86233,2862,785.006165,785.0081,-0.01953125,0
2.86418,2863,785.006165,785.0081,-0.01953125,0
2.86420,2864,785.006165,785.0081,-0.01953125,0
2.86541,2865,785.006165,785.0081,-0.01953125,0
2.86723,2866,785.006165,785.0081,-0.01953125,0
2.86724,2867,785.006165,785.0081,-0.01953125,0
2.86849,2868,785.006165,785.0081,-0.01953125,0
2.86850,2869,785.006165,785.0081,-0.01953125,0
2.87032,2870,785.006165,785.0081,-0.01953125,0
2.87221,2871,785.006165,785.0081,-0.01953125,0
2.87224,2872,785.006165,785.0081,-0.01953125,0
2.87344,2873,785.006165,785.0081,-0.01953125,0
2.87523,2874,785.006165,785.0081,-0.01953125,0
2.87525,2875,785.006165,785.0081,-0.01953125,0
2.87649,2876,785.006165,785.0081,-0.01953125,0
2.87652,2877,785.006165,785.0081,-0.01953125,0
2.87833,2878,785.006165,785.0081,-0.01953125,0
2.88018,2879,785.006165,785.0081,-0.01953125,0
2.88021,2880,785.006165,785.0081,-0.01953125,0
2.88140,2881,785.006165,785.0081,-0.01953125,0
2.88322,2882,785.006165,785.0081,-0.01953125,0
2.88324,2883,785.006165,785.0081,-0.01953125,0
2.88449,2884,785.006165,785.0081,-0.01953125,0
2.88450,2885,785.006165,785.0081,-0.01953125,0
2.88633,2886,785.006165,785.0081,-0.01953125,0
2.88820,2887,785.006165,785.0081,-0.01953125,0
2.88823,2888,785.006165,785.0081,-0.01953125,0
2.88942,2889,785.006165,785.0081,-0.01953125,0
2.89124,2890,785.006165,785.0081,-0.01953125,0
2.89126,2891,785.006165,785.0081,-0.01953125,0
2.89249,2892,785.006165,785.0081,-0.01953125,0
2.89251,2893,785.006165,785.0081,-0.01953125,0
2.89433,2894,785.006165,785.0081,-0.01953125,0
2.89615,2895,785.006165,785.0081,-0.01953125,0
2.89617,2896,785.006165,785.0081,-0.01953125,0
2.89740,2897,785.006165,785.0081,-0.01953125,0
2.89926,2898,785.006165,785.0081,-0.01953125,0
2.89927,2899,785.006165,785.0081,-0.01953125,0
2.90048,2900,785.006165,785.0081,-0.01953125,0
2.90050,2901,785.006165,785.0081,-0.01953125,0
2.90233,2902,785.006165,785.0081,-0.01953125,0
2.90416,2903,785.006165,785.0081,-0.01953125,0
2.90419,2904,785.006165,785.0081,-0.01953125,0
2.90541,2905,785.006165,785.0081,-0.01953125,0
2.90734,2906,785.006165,785.0081,-0.01953125,0
2.90738,2907,785.006165,785.0081,-0.01953125,0
2.90850,2908,785.006165,785.0081,-0.01953125,0
2.90852,2909,785.006165,785.0081,-0.01953125,0
2.91032,2910,785.006165,785.0081,-0.01953125,0
2.91218,2911,785.006165,785.0081,-0.01953125,0
2.91221,2912,785.006165,785.0081,-0.01953125,0
2.91340,2913,785.006165,785.0081,-0.01953125,0
2.91527,2914,785.006165,785.0081,-0.01953125,0
2.91531,2915,785.006165,785.0081,-0.01953125,0
2.91649,2916,785.006165,785.0081,-0.01953125,0
2.91651,2917,785.006165,785.0081,-0.01953125,0
2.91833,2918,785.006165,785.0081,-0.01953125,0
2.92022,2919,785.006165,785.0081,-0.01953125,0
2.92026,2920,785.006165,785.0081,-0.01953125,0
2.92143,2921,785.006165,785.0081,-0.01953125,0
2.92329,2922,785.006165,785.0081,-0.01953125,0
2.92332,2923,785.006165,785.0081,-0.01953125,0
2.92450,2924,785.006165,785.0081,-0.01953125,0
2.92451,2925,785.006165,785.0081,-0.01953125,0
2.92635,2926,785.006165,785.0081,-0.01953125,0
2.92819,2927,785.006165,785.0081,-0.01953125,0
2.92822,2928,785.006165,785.0081,-0.01953125,0
2.92944,2929,785.006165,785.0081,-0.01953125,0
2.93126,2930,785.006165,785.0081,-0.01953125,0
2.93128,2931,785.006165,785.0081,-0.01953125,0
2.93249,2932,785.006165,785.0081,-0.01953125,0
2.93252,2933,785.006165,785.0081,-0.01953125,0
2.93432,2934,785.006165,785.0081,-0.01953125,0
2.93616,2935,785.006165,785.0081,-0.01953125,0
2.93619,2936,785.006165,785.0081,-0.01953125,0
2.93743,2937,785.006165,785.0081,-0.01953125,0
2.93924,2938,785.006165,785.0081,-0.01953125,0
2.93926,2939,785.006165,785.0081,-0.01953125,0
2.94051,2940,785.006165,785.0081,-0.01953125,0
2.94053,2941,785.006165,785.0081,-0.01953125,0
2.94235,2942,785.006165,785.0081,-0.01953125,0
2.94417,2943,785.006165,785.0081,-0.01953125,0
2.94420,2944,785.006165,785.0081,-0.01953125,0
2.94540,2945,785.006165,785.0081,-0.01953125,0
2.94724,2946,785.006165,785.0081,-0.01953125,0
2.94725,2947,785.006165,785.0081,-0.01953125,0
2.94852,2948,785.006165,785.0081,-0.01953125,0
2.94856,2949,785.006165,785.0081,-0.01953125,0
2.95032,2950,785.006165,785.0081,-0.01953125,0
2.95216,2951,785.006165,785.0081,-0.01953125,0
2.95219,2952,785.006165,785.0081,-0.01953125,0
2.95341,2953,785.006165,785.0081,-0.01953125,0
2.95537,2954,785.006165,785.0081,-0.01953125,0
2.95540,2955,785.006165,785.0081,-0.01953125,0
2.95651,2956,785.006165,785.0081,-0.01953125,0
2.95652,2957,785.006165,785.0081,-0.01953125,0
2.95837,2958,785.006165,785.0081,-0.01953125,0
2.96021,2959,785.006165,785.0081,-0.01953125,0
2.96023,2960,785.006165,785.0081,-0.01953125,0
2.96140,2961,785.006165,785.0081,-0.01953125,0
2.96326,2962,785.006165,785.0081,-0.01953125,0
2.96328,2963,785.006165,785.0081,-0.01953125,0
2.96462,2964,785.006165,785.0081,-0.01953125,0
2.96466,2965,785.006165,785.0081,-0.01953125,0
2.96633,2966,785.006165,785.0081,-0.01953125,0
2.96819,2967,785.006165,785.0081,-0.01953125,0
2.96821,2968,785.006165,785.0081,-0.01953125,0
2.96940,2969,785.006165,785.0081,-0.01953125,0
2.97127,2970,785.006165,785.0081,-0.01953125,0
2.97130,2971,785.006165,785.0081,-0.01953125,0
2.97250,2972,785.006165,785.0081,-0.01953125,0
2.97253,2973,785.006165,785.0081,-0.01953125,0
2.97434,2974,785.006165,785.0081,-0.01953125,0
2.97618,2975,785.006165,785.0081,-0.01953125,0
2.97620,2976,785.006165,785.0081,-0.01953125,0
2.97741,2977,785.006165,785.0081,-0.01953125,0
2.97925,2978,785.006165,785.0081,-0.01953125,0
2.97927,2979,785.006165,785.0081,-0.01953125,0
2.98050,2980,785.006165,785.0081,-0.01953125,0
2.98052,2981,785.006165,785.0081,-0.01953125,0
2.98234,2982,785.006165,785.0081,-0.01953125,0
2.98418,2983,785.006165,785.0081,-0.01953125,0
2.98421,2984,785.006165,785.0081,-0.01953125,0
2.98540,2985,785.006165,785.0081,-0.01953125,0
2.98728,2986,785.006165,785.0081,-0.01953125,0
2.98730,2987,785.006165,785.0081,-0.01953125,0
2.98868,2988,785.006165,785.0081,-0.01953125,0
2.98872,2989,785.006165,785.0081,-0.01953125,0
2.99043,2990,785.006165,785.0081,-0.01953125,0
2.99220,2991,785.006165,785.0081,-0.01953125,0
2.99223,2992,785.006165,785.0081,-0.01953125,0
2.99340,2993,785.006165,785.0081,-0.01953125,0
2.99539,2994,785.006165,785.0081,-0.01953125,0
2.99547,2995,785.006165,785.0081,-0.01953125,0
2.99653,2996,785.006165,785.0081,-0.01953125,0
2.99656,2997,785.006165,785.0081,-0.01953125,0
2.99835,2998,785.006165,785.0081,-0.01953125,0
3.00016,2999,785.006165,785.0081,-0.01953125,0
3.00018,3000,785.006165,785.0081,-0.01953125,0
3.00141,3001,785.006165,785.0081,-0.01953125,0
3.00327,3002,785.006165,785.0081,-0.01953125,0
3.00332,3003,785.006165,785.0081,-0.01953125,0
3.00450,3004,785.006165,785.0081,-0.01953125,0
3.00452,3005,785.006165,785.0081,-0.01953125,0
3.00634,3006,785.006165,785.0081,-0.01953125,0
3.00841,3007,785.006165,785.0081,-0.01953125,0
3.00844,3008,785.006165,785.0081,-0.01953125,0
3.00943,3009,785.006165,785.0081,-0.01953125,0
3.01128,3010,785.006165,785.0081,-0.01953125,0
3.01132,3011,785.006165,785.0081,-0.01953125,0
3.01250,3012,785.006165,785.0081,-0.01953125,0
3.01252,3013,785.006165,785.0081,-0.01953125,0
3.01439,3014,785.006165,785.0081,-0.01953125,0
3.01620,3015,785.006165,785.0081,-0.01953125,0
3.01622,3016,785.006165,785.0081,-0.01953125,0
3.01741,3017,785.006165,785.0081,-0.01953125,0
3.01926,3018,785.006165,785.0081,-0.01953125,0
3.01927,3019,785.006165,785.0081,-0.01953125,0
3.02049,3020,785.006165,785.0081,-0.01953125,0
3.02051,3021,785.006165,785.0081,-0.01953125,0
3.02238,3022,785.006165,785.0081,-0.01953125,0
3.02417,3023,785.006165,785.0081,-0.01953125,0
3.02420,3024,785.006165,785.0081,-0.01953125,0
3.02541,3025,785.006165,785.0081,-0.01953125,0
3.02724,3026,785.006165,785.0081,-0.01953125,0
3.02726,3027,785.006165,785.0081,-0.01953125,0
3.02850,3028,785.006165,785.0081,-0.01953125,0
3.02852,3029,785.006165,785.0081,-0.01953125,0
3.03034,3030,785.006165,785.0081,-0.01953125,0
3.03217,3031,785.006165,785.0081,-0.01953125,0
3.03222,3032,785.006165,785.0081,-0.01953125,0
3.03341,3033,785.006165,785.0081,-0.01953125,0
3.03525,3034,785.006165,785.0081,-0.01953125,0
3.03527,3035,785.006165,785.0081,-0.01953125,0
3.03649,3036,785.006165,785.0081,-0.01953125,0
3.03651,3037,785.006165,785.0081,-0.01953125,0
3.03857,3038,785.006165,785.0081,-0.01953125,0
3.04017,3039,785.006165,785.0081,-0.01953125,0
3.04020,3040,785.006165,785.0081,-0.01953125,0
3.04145,3041,785.006165,785.0081,-0.01953125,0
3.04326,3042,785.006165,785.0081,-0.01953125,0
3.04328,3043,785.006165,785.0081,-0.01953125,0
3.04451,3044,785.006165,785.0081,-0.01953125,0
3.04453,3045,785.006165,785.0081,-0.01953125,0
3.04636,3046,785.006165,785.0081,-0.01953125,0
3.04814,3047,785.006165,785.0081,-0.01953125,0
3.04816,3048,785.006165,785.0081,-0.01953125,0
3.04940,3049,785.006165,785.0081,-0.01953125,0
3.05125,3050,785.006165,785.0081,-0.01953125,0
3.05128,3051,785.006165,785.0081,-0.01953125,0
3.05249,3052,785.006165,785.0081,-0.01953125,0
3.05250,3053,785.006165,785.0081,-0.01953125,0
3.05435,3054,785.006165,785.0081,-0.01953125,0
3.05615,3055,785.006165,785.0081,-0.01953125,0
3.05618,3056,785.006165,785.0081,-0.01953125,0
3.05743,3057,785.006165,785.0081,-0.01953125,0
3.05925,3058,785.006165,785.0081,-0.01953125,0
3.05928,3059,785.006165,785.0081,-0.01953125,0
3.06050,3060,785.006165,785.0081,-0.01953125,0
3.06051,3061,785.006165,785.0081,-0.01953125,0
3.06236,3062,785.006165,785.0081,-0.01953125,0
3.06414,3063,785.006165,785.0081,-0.01953125,0
3.06417,3064,785.006165,785.0081,-0.01953125,0
3.06541,3065,785.006165,785.0081,-0.01953125,0
3.06734,3066,785.006165,785.0081,-0.01953125,0
3.06736,3067,785.006165,785.0081,-0.01953125,0
3.06849,3068,785.006165,785.0081,-0.01953125,0
3.06851,3069,785.006165,785.0081,-0.01953125,0
3.07036,3070,785.006165,785.0081,-0.01953125,0
3.07217,3071,785.006165,785.0081,-0.01953125,0
3.07223,3072,785.006165,785.0081,-0.01953125,0
3.07342,3073,785.006165,785.0081,-0.01953125,0
3.07526,3074,785.006165,785.0081,-0.01953125,0
3.07528,3075,785.006165,785.0081,-0.01953125,0
3.07648,3076,785.006165,785.0081,-0.01953125,0
3.07650,3077,785.006165,785.0081,-0.01953125,0
3.07837,3078,785.006165,785.0081,-0.01953125,0
3.08017,3079,785.006165,785.0081,-0.01953125,0
3.08022,3080,785.006165,785.0081,-0.01953125,-0.0163597353
3.08140,3081,785.006165,785.008057,-0.0189208984,-0.0163597353
3.08324,3082,785.006165,785.008057,-0.0189208984,-0.0163597353
3.08328,3083,785.006165,785.008057,-0.0189208984,-0.0163597353
3.08449,3084,785.006165,785.008057,-0.0189208984,-0.0163597353
3.08453,3085,785.006165,785.008057,-0.0189208984,-0.0163597353
3.08634,3086,785.006165,785.008057,-0.0189208984,0
3.08814,3087,785.006165,785.008057,-0.0189208984,0
3.08816,3088,785.006165,785.008057,-0.0189208984,0
3.08943,3089,785.006165,785.008057,-0.0189208984,0
3.09128,3090,785.006165,785.008057,-0.0189208984,0
3.09131,3091,785.006165,785.008057,-0.0189208984,0
3.09250,3092,785.006165,785.008057,-0.0189208984,0
3.09252,3093,785.006165,785.008057,-0.0189208984,0
3.09436,3094,785.006165,785.008057,-0.0189208984,0
3.09616,3095,785.006165,785.008057,-0.0189208984,0
3.09618,3096,785.006165,785.008057,-0.0189208984,0
3.09740,3097,785.006165,785.008057,-0.0189208984,0
3.09925,3098,785.006165,785.008057,-0.0189208984,0
3.09927,3099,785.006165,785.008057,-0.0189208984,0
3.10048,3100,785.006165,785.008057,-0.0189208984,0
3.10049,3101,785.006165,785.008057,-0.0189208984,0
3.10233,3102,785.006165,785.008057,-0.0189208984,0
3.10415,3103,785.006165,785.008057,-0.0189208984,0
3.10417,3104,785.006165,785.008057,-0.0189208984,0
3.10554,3105,785.006165,785.008057,-0.0189208984,0
3.10729,3106,785.006165,785.008057,-0.0189208984,0
3.10731,3107,785.006165,785.008057,-0.0189208984,0
3.10851,3108,785.006165,785.008057,-0.0189208984,0
3.10852,3109,785.006165,785.008057,-0.0189208984,0
3.11034,3110,785.006165,785.008057,-0.0189208984,0
3.11217,3111,785.006165,785.008057,-0.0189208984,0
3.11220,3112,785.006165,785.008057,-0.0189208984,0
3.11340,3113,785.006165,785.008057,-0.0189208984,0
3.11525,3114,785.006165,785.008057,-0.0189208984,0
3.11526,3115,785.006165,785.008057,-0.0189208984,0
3.11651,3116,785.006165,785.008057,-0.0189208984,0
3.11654,3117,785.006165,785.008057,-0.0189208984,0
3.11836,3118,785.006165,785.008057,-0.0189208984,0
3.12014,3119,785.006165,785.008057,-0.0189208984,0
3.12015,3120,785.006165,785.008057,-0.0189208984,0
3.12142,3121,785.006165,785.008057,-0.0189208984,0
3.12326,3122,785.006165,785.008057,-0.0189208984,0
3.12329,3123,785.006165,785.008057,-0.0189208984,0
3.12449,3124,785.006165,785.008057,-0.0189208984,0
3.12451,3125,785.006165,785.008057,-0.0189208984,0
3.12634,3126,785.006165,785.008057,-0.0189208984,0
3.12816,3127,785.006165,785.008057,-0.0189208984,0
3.12818,3128,785.006165,785.008057,-0.0189208984,0
3.12941,3129,785.006165,785.008057,-0.0189208984,0
3.13126,3130,785.006165,785.008057,-0.0189208984,0
3.13129,3131,785.006165,785.008057,-0.0189208984,0
3.13250,3132,785.006165,785.008057,-0.0189208984,0
3.13252,3133,785.006165,785.008057,-0.0189208984,0
3.13433,3134,785.006165,785.008057,-0.0189208984,0
3.13619,3135,785.006165,785.008057,-0.0189208984,0
3.13621,3136,785.006165,785.008057,-0.0189208984,0
3.13740,3137,785.006165,785.008057,-0.0189208984,0
3.13927,3138,785.006165,785.008057,-0.0189208984,0
3.13930,3139,785.006165,785.008057,-0.0189208984,0
3.14050,3140,785.006165,785.008057,-0.0189208984,0
3.14052,3141,785.006165,785.008057,-0.0189208984,0
3.14233,3142,785.006165,785.008057,-0.0189208984,0
3.14419,3143,785.006165,785.008057,-0.0189208984,0
3.14422,3144,785.006165,785.008057,-0.0189208984,0
3.14541,3145,785.006165,785.008057,-0.0189208984,0
3.14727,3146,785.006165,785.008057,-0.0189208984,0
3.14730,3147,785.006165,785.008057,-0.0189208984,0
3.14852,3148,785.006165,785.008057,-0.0189208984,0
3.14855,3149,785.006165,785.008057,-0.0189208984,0
3.15035,3150,785.006165,785.008057,-0.0189208984,0
3.15219,3151,785.006165,785.008057,-0.0189208984,0
3.15223,3152,785.006165,785.008057,-0.0189208984,0
3.15340,3153,785.006165,785.008057,-0.0189208984,0
3.15547,3154,785.006165,785.008057,-0.0189208984,0
3.15549,3155,785.006165,785.008057,-0.0189208984,0
3.15651,3156,785.006165,785.008057,-0.0189208984,0
3.15652,3157,785.006165,785.008057,-0.0189208984,0
3.15837,3158,785.006165,785.008057,-0.0189208984,0
3.16016,3159,785.006165,785.008057,-0.0189208984,0
3.16018,3160,785.006165,785.008057,-0.0189208984,0
3.16142,3161,785.006165,785.008057,-0.0189208984,0
3.16323,3162,785.006165,785.008057,-0.0189208984,0
3.16326,3163,785.006165,785.008057,-0.0189208984,0
3.16450,3164,785.006165,785.008057,-0.0189208984,0
3.16451,3165,785.006165,785.008057,-0.0189208984,0
3.16639,3166,785.006165,785.008057,-0.0189208984,0
3.16817,3167,785.006165,785.008057,-0.0189208984,0
3.16820,3168,785.006165,785.008057,-0.0189208984,0
3.16941,3169,785.006165,785.008057,-0.0189208984,0
3.17127,3170,785.006165,785.008057,-0.0189208984,0
3.17131,3171,785.006165,785.008057,-0.0189208984,0
3.17249,3172,785.006165,785.008057,-0.0189208984,0
3.17251,3173,785.006165,785.008057,-0.0189208984,0
3.17435,3174,785.006165,785.008057,-0.0189208984,0
3.17618,3175,785.006165,785.008057,-0.0189208984,0
3.17620,3176,785.006165,785.008057,-0.0189208984,0
3.17742,3177,785.006165,785.008057,-0.0189208984,0
3.17924,3178,785.006165,785.008057,-0.0189208984,0
3.17926,3179,785.006165,785.008057,-0.0189208984,0
3.18051,3180,785.006165,785.008057,-0.0189208984,0
3.18055,3181,785.006165,785.008057,-0.0189208984,0
3.18238,3182,785.006165,785.008057,-0.0189208984,0
3.18415,3183,785.006165,785.008057,-0.0189208984,0
3.18419,3184,785.006165,785.008057,-0.0189208984,0
3.18541,3185,785.006165,785.008057,-0.0189208984,0
3.18728,3186,785.006165,785.008057,-0.0189208984,0
3.18730,3187,785.006165,785.008057,-0.0189208984,0
3.18868,3188,785.006165,785.008057,-0.0189208984,0
3.18874,3189,785.006165,785.008057,-0.0189208984,0
3.19035,3190,785.006165,785.008057,-0.0189208984,0
3.19218,3191,785.006165,785.008057,-0.0189208984,0
3.19219,3192,785.006165,785.008057,-0.0189208984,0
3.19345,3193,785.006165,785.008057,-0.0189208984,0
3.19526,3194,785.006165,785.008057,-0.0189208984,0
3.19529,3195,785.006165,785.008057,-0.0189208984,0
3.19649,3196,785.006165,785.008057,-0.0189208984,0
3.19650,3197,785.006165,785.008057,-0.0189208984,0
3.19837,3198,785.006165,785.008057,-0.0189208984,0
3.20014,3199,785.006165,785.008057,-0.0189208984,0
3.20016,3200,785.006165,785.008057,-0.0189208984,0
3.20139,3201,785.006165,785.008057,-0.0189208984,0
3.20325,3202,785.006165,785.008057,-0.0189208984,0
3.20327,3203,785.006165,785.008057,-0.0189208984,0
3.20451,3204,785.006165,785.008057,-0.0189208984,0
3.20453,3205,785.006165,785.008057,-0.0189208984,0
3.20633,3206,785.006165,785.008057,-0.0189208984,0
3.20817,3207,785.006165,785.008057,-0.0189208984,0
3.20819,3208,785.006165,785.008057,-0.0189208984,0
3.20941,3209,785.006165,785.008057,-0.0189208984,0
3.21128,3210,785.006165,785.008057,-0.0189208984,0
3.21130,3211,785.006165,785.008057,-0.0189208984,0
3.21252,3212,785.006165,785.008057,-0.0189208984,0
3.21254,3213,785.006165,785.008057,-0.0189208984,0
3.21436,3214,785.006165,785.008057,-0.0189208984,0
3.21617,3215,785.006165,785.008057,-0.0189208984,0
3.21621,3216,785.006165,785.008057,-0.0189208984,0
3.21741,3217,785.006165,785.008057,-0.0189208984,0
3.21922,3218,785.006165,785.008057,-0.0189208984,0
3.21925,3219,785.006165,785.008057,-0.0189208984,0
3.22048,3220,785.006165,785.008057,-0.0189208984,0
3.22049,3221,785.006165,785.008057,-0.0189208984,0
3.22235,3222,785.006165,785.008057,-0.0189208984,0
3.22416,3223,785.006165,785.008057,-0.0189208984,0
3.22418,3224,785.006165,785.008057,-0.0189208984,0
3.22541,3225,785.006165,785.008057,-0.0189208984,0
3.22722,3226,785.006165,785.008057,-0.0189208984,0
3.22723,3227,785.006165,785.008057,-0.0189208984,0
3.22852,3228,785.006165,785.008057,-0.0189208984,0
3.22854,3229,785.006165,785.008057,-0.0189208984,0
3.23038,3230,785.006165,785.008057,-0.0189208984,0
3.23217,3231,785.006165,785.008057,-0.0189208984,0
3.23219,3232,785.006165,785.008057,-0.0189208984,0
3.23344,3233,785.006165,785.008057,-0.0189208984,0
3.23522,3234,785.006165,785.008057,-0.0189208984,0
3.23524,3235,785.006165,785.008057,-0.0189208984,0
3.23649,3236,785.006165,785.008057,-0.0189208984,0
3.23651,3237,785.006165,785.008057,-0.0189208984,0
3.23856,3238,785.006165,785.008057,-0.0189208984,0
3.24016,3239,785.006165,785.008057,-0.0189208984,0
3.24018,3240,785.006165,785.008057,-0.0189208984,0
3.24142,3241,785.006165,785.008057,-0.0189208984,0
3.24324,3242,785.006165,785.008057,-0.0189208984,0
3.24325,3243,785.006165,785.008057,-0.0189208984,0
3.24452,3244,785.006165,785.008057,-0.0189208984,0
3.24454,3245,785.006165,785.008057,-0.0189208984,0
3.24638,3246,785.006165,785.008057,-0.0189208984,0
3.24815,3247,785.006165,785.008057,-0.0189208984,0
3.24816,3248,785.006165,785.008057,-0.0189208984,0
3.24940,3249,785.006165,785.008057,-0.0189208984,0
3.25123,3250,785.006165,785.008057,-0.0189208984,0
3.25125,3251,785.006165,785.008057,-0.0189208984,0
3.25249,3252,785.006165,785.008057,-0.0189208984,0
3.25250,3253,785.006165,785.008057,-0.0189208984,0
3.25433,3254,785.006165,785.008057,-0.0189208984,0
3.25614,3255,785.006165,785.008057,-0.0189208984,0
3.25621,3256,785.006165,785.008057,-0.0189208984,0
3.25743,3257,785.006165,785.008057,-0.0189208984,0
3.25927,3258,785.006165,785.008057,-0.0189208984,0
3.25930,3259,785.006165,785.008057,-0.0189208984,0
3.26049,3260,785.006165,785.008057,-0.0189208984,0
3.26052,3261,785.006165,785.008057,-0.0189208984,0
3.26237,3262,785.006165,785.008057,-0.0189208984,0
3.26415,3263,785.006165,785.008057,-0.0189208984,0
3.26417,3264,785.006165,785.008057,-0.0189208984,0
3.26542,3265,785.006165,785.008057,-0.0189208984,0
3.26722,3266,785.006165,785.008057,-0.0189208984,0
3.26723,3267,785.006165,785.008057,-0.0189208984,0
3.26850,3268,785.006165,785.008057,-0.0189208984,0
3.26852,3269,785.006165,785.008057,-0.0189208984,0
3.27033,3270,785.006165,785.008057,-0.0189208984,0
3.27216,3271,785.006165,785.008057,-0.0189208984,0
3.27219,3272,785.006165,785.008057,-0.0189208984,0
3.27342,3273,785.006165,785.008057,-0.0189208984,0
3.27525,3274,785.006165,785.008057,-0.0189208984,0
3.27527,3275,785.006165,785.008057,-0.0189208984,0
3.27650,3276,785.006165,785.008057,-0.0189208984,0
3.27652,3277,785.006165,785.008057,-0.0189208984,0
3.27832,3278,785.006165,785.008057,-0.0189208984,0
3.28015,3279,785.006165,785.008057,-0.0189208984,0
3.28016,3280,785.006165,785.008057,-0.0189208984,0
3.28143,3281,785.006165,785.008057,-0.0189208984,0
3.28323,3282,785.006165,785.008057,-0.0189208984,0
3.28325,3283,785.006165,785.008057,-0.0189208984,0
3.28448,3284,785.006165,785.008057,-0.0189208984,0
3.28450,3285,785.006165,785.008057,-0.0189208984,0
3.28642,3286,785.006165,785.008057,-0.0189208984,0
3.28815,3287,785.006165,785.008057,-0.0189208984,0
3.28817,3288,785.006165,785.008057,-0.0189208984,0
3.28947,3289,785.006165,785.008057,-0.0189208984,0
3.29125,3290,785.006165,785.008057,-0.0189208984,0
3.29126,3291,785.006165,785.008057,-0.0189208984,0
3.29255,3292,785.006165,785.008057,-0.0189208984,0
3.29257,3293,785.006165,785.008057,-0.0189208984,0
3.29431,3294,785.006165,785.008057,-0.0189208984,0
3.29614,3295,785.006165,785.008057,-0.0189208984,0
3.29615,3296,785.006165,785.008057,-0.0189208984,0
3.29741,3297,785.006165,785.008057,-0.0189208984,0
3.29923,3298,785.006165,785.008057,-0.0189208984,0
3.29924,3299,785.006165,785.008057,-0.0189208984,0
3.30049,3300,785.006165,785.008057,-0.0189208984,0
