t,n,A,B,C,D
0.00241,0,818.5914,818.5914,0,0
0.00244,1,818.5914,818.5914,0,0
0.00363,2,818.5914,818.5914,0,0
0.00368,3,818.5914,818.5914,0,0
0.00541,4,818.5914,818.5914,0,0
0.00720,5,818.5914,818.5914,0,0
0.00723,6,818.5914,818.5914,0,0
0.00850,7,818.5914,818.5914,0,0
0.01033,8,818.5914,818.5914,0,0
0.01035,9,818.5914,818.5914,0,0
0.01161,10,818.5914,818.5914,0,0
0.01164,11,818.5914,818.5914,0,0
0.01339,12,818.5914,818.5914,0,0
0.01522,13,818.5914,818.5914,0,0
0.01525,14,818.5914,818.5914,0,0
0.01649,15,818.5914,818.5914,0,0
0.01840,16,818.5914,818.5914,0,0
0.01844,17,818.5914,818.5914,0,0
0.01957,18,818.5914,818.5914,0,0
0.01958,19,818.5914,818.5914,0,0
0.02141,20,818.5914,818.5914,0,0
0.02320,21,818.5914,818.5914,0,0
0.02324,22,818.5914,818.5914,0,0
0.02450,23,818.5914,818.5914,0,0
0.02632,24,818.5914,818.5914,0,0
0.02636,25,818.5914,818.5914,0,0
0.02758,26,818.5914,818.5914,0,0
0.02761,27,818.5914,818.5914,0,0
0.02937,28,818.5914,818.5914,0,0
0.03120,29,818.5914,818.5914,0,0
0.03122,30,818.5914,818.5914,0,0
0.03246,31,818.5914,818.5914,0,0
0.03428,32,818.5914,818.5914,0,0
0.03429,33,818.5914,818.5914,0,0
0.03557,34,818.5914,818.5914,0,0
0.03559,35,818.5914,818.5914,0,0
0.03738,36,818.5914,818.5914,0,0
0.03922,37,818.5914,818.5914,0,0
0.03924,38,818.5914,818.5914,0,0
0.04046,39,818.5914,818.5914,0,0
0.04228,40,818.5914,818.5914,0,0
0.04230,41,818.5914,818.5914,0,0
0.04357,42,818.5914,818.5914,0,0
0.04359,43,818.5914,818.5914,0,0
0.04537,44,818.5914,818.5914,0,0
0.04720,45,818.5914,818.5914,0,0
0.04721,46,818.5914,818.5914,0,0
0.04845,47,818.5914,818.5914,0,0
0.05029,48,818.5914,818.5914,0,0
0.05030,49,818.5914,818.5914,0,0
0.05195,50,818.5914,818.5914,0,0
0.05198,51,818.5914,818.5914,0,0
0.05342,52,818.5914,818.5914,0,0
0.05527,53,818.5914,818.5914,0,0
0.05529,54,818.5914,818.5914,0,0
0.05646,55,818.5914,818.5914,0,0
0.05831,56,818.5914,818.5914,0,0
0.05833,57,818.5914,818.5914,0,0
0.05956,58,818.5914,818.5914,0,0
0.05958,59,818.5914,818.5914,0,0
0.06136,60,818.5914,818.5914,0,0
0.06320,61,818.5914,818.5914,0,0
0.06323,62,818.5914,818.5914,0,0
0.06445,63,818.5914,818.5914,0,0
0.06629,64,818.5914,818.5914,0,0
0.06632,65,818.5914,818.5914,0,0
0.06757,66,818.5914,818.5914,0,0
0.06762,67,818.5914,818.5914,0,0
0.06942,68,818.5914,818.5914,0,0
0.07123,69,818.5914,818.5914,0,0
0.07124,70,818.5914,818.5914,0,0
0.07247,71,818.5914,818.5914,0,0
0.07428,72,818.5914,818.5914,0,0
0.07431,73,818.5914,818.5914,0,0
0.07555,74,818.5914,818.5914,0,0
0.07556,75,818.5914,818.5914,0,0
0.07738,76,818.5914,818.5914,0,0
0.07925,77,818.5914,818.5914,0,0
0.07928,78,818.5914,818.5914,0,0
0.08046,79,818.5914,818.5914,0,0
0.08230,80,818.5914,818.5914,0,0
0.08231,81,818.5914,818.5914,0,0
0.08358,82,818.5914,818.5914,0,0
0.08361,83,818.5914,818.5914,0,0
0.08545,84,818.5914,818.5914,0,0
0.08725,85,818.5914,818.5914,0,0
0.08728,86,818.5914,818.5914,0,0
0.08847,87,818.5914,818.5914,0,0
0.09030,88,818.5914,818.5914,0,0
0.09032,89,818.5914,818.5914,0,0
0.09155,90,818.5914,818.5914,0,0
0.09157,91,818.5914,818.5914,0,0
0.09337,92,818.5914,818.5914,0,0
0.09522,93,818.5914,818.5914,0,0
0.09524,94,818.5914,818.5914,0,0
0.09645,95,818.5914,818.5914,0,0
0.09828,96,818.5914,818.5914,0,0
0.09829,97,818.5914,818.5914,0,0
0.09955,98,818.5914,818.5914,0,0
0.09957,99,818.5914,818.5914,0,0
0.10138,100,818.5914,818.5914,0,0
0.10320,101,818.5914,818.5914,0,0
0.10323,102,818.5914,818.5914,0,0
0.10447,103,818.5914,818.5914,0,0
0.10629,104,818.5914,818.5914,0,0
0.10631,105,818.5914,818.5914,0,0
0.10754,106,818.5914,818.5914,0,0
0.10755,107,818.5914,818.5914,0,0
0.10941,108,818.5914,818.5914,0,0
0.11122,109,818.5914,818.5914,0,0
0.11125,110,818.5914,818.5914,0,0
0.11248,111,818.5914,818.5914,0,0
0.11434,112,818.5914,818.5914,0,0
0.11439,113,818.5914,818.5914,0,0
0.11555,114,818.5914,818.5914,0,0
0.11557,115,818.5914,818.5914,0,0
0.11737,116,818.5914,818.5914,0,0
0.11922,117,818.5914,818.5914,0,0
0.11924,118,818.5914,818.5914,0,0
0.12047,119,818.5914,818.5914,0,0
0.12233,120,818.5914,818.5914,0,0
0.12238,121,818.5914,818.5914,0,0
0.12355,122,818.5914,818.5914,0,0
0.12357,123,818.5914,818.5914,0,0
0.12538,124,818.5914,818.5914,0,0
0.12726,125,818.5914,818.5914,0,0
0.12728,126,818.5914,818.5914,0,0
0.12845,127,818.5914,818.5914,0,0
0.13029,128,818.5914,818.5914,0,0
0.13031,129,818.5914,818.5914,0,0
0.13154,130,818.5914,818.5914,0,0
0.13155,131,818.5914,818.5914,0,0
0.13338,132,818.5914,818.5914,0,0
0.13524,133,818.5914,818.5914,0,0
0.13529,134,818.5914,818.5914,0,0
0.13647,135,818.5914,818.5914,0,0
0.13832,136,818.5914,818.5914,0,0
0.13835,137,818.5914,818.5914,0,0
0.13955,138,818.5914,818.5914,0,0
0.13956,139,818.5914,818.5914,0,0
0.14137,140,818.5914,818.5914,0,0
0.14325,141,818.5914,818.5914,0,0
0.14327,142,818.5914,818.5914,0,0
0.14446,143,818.5914,818.5914,0,0
0.14634,144,818.5914,818.5914,0,0
0.14639,145,818.5914,818.5914,0,0
0.14755,146,818.5914,818.5914,0,0
0.14756,147,818.5914,818.5914,0,0
0.14938,148,818.5914,818.5914,0,0
0.15122,149,818.5914,818.5914,0,0
0.15124,150,818.5914,818.5914,0,0
0.15246,151,818.5914,818.5914,0,0
0.15434,152,818.5914,818.5914,0,0
0.15436,153,818.5914,818.5914,0,0
0.15555,154,818.5914,818.5914,0,0
0.15556,155,818.5914,818.5914,0,0
0.15740,156,818.5914,818.5914,0,0
0.15925,157,818.5914,818.5914,0,0
0.15928,158,818.5914,818.5914,0,0
0.16049,159,818.5914,818.5914,0,0
0.16234,160,818.5914,818.5914,0,0
0.16238,161,818.5914,818.5914,0,0
0.16355,162,818.5914,818.5914,0,0
0.16356,163,818.5914,818.5914,0,0
0.16539,164,818.5914,818.5914,0,0
0.16722,165,818.5914,818.5914,0,0
0.16724,166,818.5914,818.5914,0,0
0.16865,167,818.5914,818.5914,0,0
0.17028,168,818.5914,818.5914,0,0
0.17031,169,818.5914,818.5914,0,0
0.17154,170,818.5914,818.5914,0,0
0.17156,171,818.5914,818.5914,0,0
0.17338,172,818.5914,818.5914,0,0
0.17523,173,818.5914,818.5914,0,0
0.17525,174,818.5914,818.5914,0,0
0.17648,175,818.5914,818.5914,0,0
0.17834,176,818.5914,818.5914,0,0
0.17838,177,818.5914,818.5914,0,0
0.17954,178,818.5914,818.5914,0,0
0.17955,179,818.5914,818.5914,0,0
0.18139,180,818.5914,818.5914,0,0
0.18325,181,818.5914,818.5914,0,0
0.18328,182,818.5914,818.5914,0,0
0.18446,183,818.5914,818.5914,0,0
0.18630,184,818.5914,818.5914,0,0
0.18632,185,818.5914,818.5914,0,0
0.18754,186,818.5914,818.5914,0,0
0.18755,187,818.5914,818.5914,0,0
0.18939,188,818.5914,818.5914,0,0
0.19120,189,818.5914,818.5914,0,0
0.19122,190,818.5914,818.5914,0,0
0.19247,191,818.5914,818.5914,0,0
0.19433,192,818.5914,818.5914,0,0
0.19436,193,818.5914,818.5914,0,0
0.19553,194,818.5914,818.5914,0,0
0.19555,195,818.5914,818.5914,0,0
0.19739,196,818.5914,818.5914,0,0
0.19923,197,818.5914,818.5914,0,0
0.19925,198,818.5914,818.5914,0,0
0.20046,199,818.5914,818.5914,0,0
0.20229,200,818.5914,818.5914,0,0
0.20232,201,818.5914,818.5914,0,0
0.20356,202,818.5914,818.5914,0,0
0.20357,203,818.5914,818.5914,0,0
0.20544,204,818.5914,818.5914,0,0
0.20723,205,818.5914,818.5914,0,0
0.20725,206,818.5914,818.5914,0,0
0.20846,207,818.5914,818.5914,0,0
0.21031,208,818.5914,818.5914,0,0
0.21034,209,818.5914,818.5914,0,0
0.21153,210,818.5914,818.5914,0,0
0.21155,211,818.5914,818.5914,0,0
0.21338,212,818.5914,818.5914,0,0
0.21522,213,818.5914,818.5914,0,0
0.21526,214,818.5914,818.5914,0,0
0.21648,215,818.5914,818.5914,0,0
0.21846,216,818.5914,818.5914,0,0
0.21853,217,818.5914,818.5914,0,0
0.21956,218,818.5914,818.5914,0,0
0.21958,219,818.5914,818.5914,0,0
0.22139,220,818.5914,818.5914,0,0
0.22323,221,818.5914,818.5914,0,0
0.22325,222,818.5914,818.5914,0,0
0.22448,223,818.5914,818.5914,0,0
0.22632,224,818.5914,818.5914,0,0
0.22635,225,818.5914,818.5914,0,0
0.22756,226,818.5914,818.5914,0,0
0.22757,227,818.5914,818.5914,0,0
0.22937,228,818.5914,818.5914,0,0
0.23122,229,818.5914,818.5914,0,0
0.23125,230,818.5914,818.5914,0,0
0.23245,231,818.5914,818.5914,0,0
0.23431,232,818.5914,818.5914,0,0
0.23433,233,818.5914,818.5914,0,0
0.23558,234,818.5914,818.5914,0,0
0.23561,235,818.5914,818.5914,0,0
0.23743,236,818.5914,818.5914,0,0
0.23926,237,818.5914,818.5914,0,0
0.23934,238,818.5914,818.5914,0,0
0.24046,239,818.5914,818.5914,0,0
0.24234,240,818.5914,818.5914,0,0
0.24236,241,818.5914,818.5914,0,0
0.24354,242,818.5914,818.5914,0,0
0.24356,243,818.5914,818.5914,0,0
0.24542,244,818.5914,818.5914,0,0
0.24719,245,818.5914,818.5914,0,0
0.24721,246,818.5914,818.5914,0,0
0.24847,247,818.5914,818.5914,0,0
0.25031,248,818.5914,818.5914,0,0
0.25033,249,818.5914,818.5914,0,0
0.25184,250,818.5914,818.5914,0,0
0.25188,251,818.5914,818.5914,0,0
0.25339,252,818.5914,818.5914,0,0
0.25525,253,818.5914,818.5914,0,0
0.25529,254,818.5914,818.5914,0,0
0.25645,255,818.5914,818.5914,0,0
0.25831,256,818.5914,818.5914,0,0
0.25833,257,818.5914,818.5914,0,0
0.25954,258,818.5914,818.5914,0,0
0.25956,259,818.5914,818.5914,0,0
0.26139,260,818.5914,818.5914,0,0
0.26324,261,818.5914,818.5914,0,0
0.26326,262,818.5914,818.5914,0,0
0.26445,263,818.5914,818.5914,0,0
0.26632,264,818.5914,818.5914,0,0
0.26634,265,818.5914,818.5914,0,0
0.26762,266,818.5914,818.5914,0,0
0.26764,267,818.5914,818.5914,0,0
0.26944,268,818.5914,818.5914,0,0
0.27126,269,818.5914,818.5914,0,0
0.27129,270,818.5914,818.5914,0,0
0.27246,271,818.5914,818.5914,0,0
0.27432,272,818.5914,818.5914,0,0
0.27437,273,818.5914,818.5914,0,0
0.27554,274,818.5914,818.5914,0,0
0.27556,275,818.5914,818.5914,0,0
0.27740,276,818.5914,818.5914,0,0
0.27921,277,818.5914,818.5914,0,0
0.27924,278,818.5914,818.5914,0,0
0.28046,279,818.5914,818.5914,0,0
0.28230,280,818.5914,818.5914,0,0
0.28232,281,818.5914,818.5914,0,0
0.28357,282,818.5914,818.5914,0,0
0.28359,283,818.5914,818.5914,0,0
0.28547,284,818.5914,818.5914,0,0
0.28728,285,818.5914,818.5914,0,0
0.28732,286,818.5914,818.5914,0,0
0.28847,287,818.5914,818.5914,0,0
0.29031,288,818.5914,818.5914,0,0
0.29034,289,818.5914,818.5914,0,0
0.29155,290,818.5914,818.5914,0,0
0.29156,291,818.5914,818.5914,0,0
0.29339,292,818.5914,818.5914,0,0
0.29521,293,818.5914,818.5914,0,0
0.29524,294,818.5914,818.5914,0,0
0.29646,295,818.5914,818.5914,0,0
0.29830,296,818.5914,818.5914,0,0
0.29832,297,818.5914,818.5914,0,0
0.29955,298,818.5914,818.5914,0,0
0.29959,299,818.5914,818.5914,0,0
0.30139,300,818.5914,818.5914,0,0
0.30323,301,818.5914,818.5914,0,0
0.30326,302,818.7914,818.5914,22.0013428,0
0.30449,303,818.7914,818.5914,22.0013428,0
0.30629,304,818.7914,818.591431,21.9702148,-0.0163597353
0.30631,305,818.7914,818.592651,21.37207,0.261755764
0.30757,306,818.7914,818.595032,20.6463623,0.817986846
0.30760,307,818.7914,818.598267,19.94873,1.66323984
0.30941,308,818.7914,818.6026,19.0325928,2.737529
0.31124,309,818.7914,818.607361,18.3380127,3.63731456
0.31126,310,818.7914,818.6131,17.3162842,4.471661
0.31247,311,818.7914,818.620239,15.9692383,5.43143225
0.31432,312,818.7914,818.6288,14.4677734,6.489362
0.31435,313,818.7914,818.6367,13.8391113,7.290989
0.31558,314,818.7914,818.646,12.2814941,8.168962
0.31561,315,818.7914,818.655762,11.0119629,8.850617
0.31741,316,818.7914,818.6644,10.4980469,8.88879
0.31921,317,818.7914,818.6737,9.233398,9.205078
0.31924,318,818.7914,818.681763,8.835449,8.986948
0.32047,319,818.7914,818.6888,8.478394,8.294386
0.32234,320,818.7914,818.6949,8.173218,7.60727739
0.32237,321,818.7914,818.7008,7.595215,6.843823
0.32354,322,818.7914,818.704346,8.157959,5.70409441
0.32356,323,818.7914,818.7078,7.79968262,4.76613665
0.32541,324,818.7914,818.7101,8.039551,3.866351
0.32722,325,818.7914,818.7114,8.258057,2.71571612
0.32724,326,818.7914,818.712463,8.265991,2.05042028
0.32846,327,818.7914,818.71344,8.182983,1.44511008
0.33029,328,818.7914,818.714539,8.013306,1.15063477
0.33031,329,818.7914,818.7158,7.79907227,1.10155559
0.33157,330,818.7914,818.717346,7.53356934,1.20516717
0.33160,331,818.7914,818.718933,7.33459473,1.35785806
0.33341,332,818.7914,818.7205,7.160034,1.48328269
0.33521,333,818.7914,818.722,7.04772949,1.52690876
0.33524,334,818.7914,818.7233,6.94885254,1.49418926
0.33646,335,818.7914,818.7246,6.83227539,1.41239059
0.33833,336,818.7914,818.7259,6.691284,1.3305918
0.33836,337,818.7914,818.7272,6.550293,1.286966
0.33955,338,818.7914,818.7284,6.44042969,1.25424647
0.33959,339,818.7914,818.7295,6.368408,1.20516717
0.34139,340,818.7914,818.730347,6.37207031,1.12882185
0.34324,341,818.7914,818.73114,6.309204,1.01430368
0.34326,342,818.7914,818.7319,6.25305176,0.8779725
0.34445,343,818.7914,818.732361,6.296997,0.714375138
0.34631,344,818.7914,818.7327,6.305542,0.578044
0.34633,345,818.7914,818.733032,6.29638672,0.316288233
0.34755,346,818.7914,818.7332,6.32507324,0.223583058
0.34757,347,818.7914,818.7333,6.3671875,0.147237629
0.34940,348,818.7914,818.733337,6.36047363,0.09815842
0.35123,349,818.7914,818.733459,6.322632,0.07634544
0.35126,350,818.7914,818.7336,6.309204,0.07634544
0.35245,351,818.7914,818.7337,6.29577637,0.087251924
0.35441,352,818.7914,818.7337,6.34460449,0.087251924
0.35446,353,818.7914,818.7339,6.2512207,0.109064907
0.35554,354,818.7914,818.734,6.262207,0.109064907
0.35556,355,818.7914,818.7342,6.21765137,0.125424653
0.35740,356,818.7914,818.7343,6.2286377,0.136331126
0.35923,357,818.7914,818.7345,6.184082,0.136331126
0.35926,358,818.7914,818.7347,6.16394043,0.136331126
0.36047,359,818.7914,818.7348,6.17492676,0.147237629
0.36234,360,818.7914,818.734863,6.192627,0.136331126
0.36237,361,818.7914,818.735,6.154785,0.109064907
0.36356,362,818.7914,818.735046,6.17248535,0.09815842
0.36358,363,818.7914,818.7351,6.16577148,0.07634544
0.36541,364,818.7914,818.7351,6.19018555,0.043625962
0.36727,365,818.7914,818.7351,6.19018555,0.03271947
0.36730,366,818.7914,818.7351,6.19018555,0.0109064905
0.36855,367,818.7914,818.7351,6.19018555,0.0109064905
0.37036,368,818.7914,818.7351,6.19018555,0.0109064905
0.37040,369,818.7914,818.7351,6.19018555,0
0.37156,370,818.7914,818.7352,6.12792969,0.0109064905
0.37157,371,818.7914,818.7353,6.14563,0.021812981
0.37340,372,818.7914,818.7353,6.170044,0.021812981
0.37523,373,818.7914,818.7353,6.170044,0.03271947
0.37525,374,818.7914,818.7354,6.107788,0.043625962
0.37646,375,818.7914,818.735535,6.09436035,0.06543894
0.37828,376,818.7914,818.7357,6.04980469,0.087251924
0.37829,377,818.7914,818.7358,6.091919,0.109064907
0.37956,378,818.7914,818.735962,6.022949,0.125424653
0.37958,379,818.7914,818.7361,6.03393555,0.125424653
0.38141,380,818.7914,818.736267,5.98938,0.136331126
0.38326,381,818.7914,818.7364,6.000366,0.136331126
0.38330,382,818.7914,818.7365,5.98693848,0.125424653
0.38445,383,818.7914,818.7366,6.00463867,0.125424653
0.38631,384,818.7914,818.7367,5.966797,0.109064907
0.38633,385,818.7914,818.736938,5.89111328,0.109064907
0.38762,386,818.7914,818.736938,5.98876953,0.09815842
0.38765,387,818.7914,818.737061,5.92651367,0.09815842
0.38937,388,818.7914,818.737061,5.975342,0.07634544
0.39121,389,818.7914,818.7371,5.944214,0.06543894
0.39124,390,818.7914,818.737244,5.906372,0.0545324534
0.39245,391,818.7914,818.737244,5.9552,0.043625962
0.39428,392,818.7914,818.737244,5.9552,0.03271947
0.39429,393,818.7914,818.737244,5.9552,0.043625962
0.39556,394,818.7914,818.737366,5.89294434,0.043625962
0.39558,395,818.7914,818.737366,5.94177246,0.043625962
0.39739,396,818.7914,818.7375,5.8795166,0.043625962
0.39919,397,818.7914,818.737549,5.897217,0.043625962
0.39921,398,818.7914,818.737549,5.921631,0.043625962
0.40045,399,818.7914,818.7377,5.859375,0.043625962
0.40230,400,818.7914,818.7377,5.908203,0.0545324534
0.40232,401,818.7914,818.737854,5.81481934,0.07634544
0.40356,402,818.7914,818.738037,5.79467773,0.087251924
0.40358,403,818.7914,818.738159,5.805664,0.125424653
0.40540,404,818.7914,818.738342,5.7611084,0.136331126
0.40725,405,818.7914,818.738464,5.77209473,0.136331126
0.40727,406,818.7914,818.738647,5.727539,0.169050619
0.40847,407,818.7914,818.7388,5.73852539,0.158144116
0.41029,408,818.7914,818.738953,5.69396973,0.169050619
0.41032,409,818.7914,818.7392,5.6427,0.179957092
0.41157,410,818.7914,818.739441,5.61584473,0.179957092
0.41159,411,818.7914,818.7396,5.620117,0.169050619
0.41342,412,818.7914,818.739746,5.63110352,0.169050619
0.41520,413,818.7914,818.739868,5.617676,0.158144116
0.41521,414,818.7914,818.7399,5.635376,0.109064907
0.41650,415,818.7914,818.7399,5.65979,0.087251924
0.41858,416,818.7914,818.739868,5.690918,0.03271947
0.41863,417,818.7914,818.739868,5.666504,0
0.41956,418,818.7914,818.739746,5.72876,-0.03817272
0.41959,419,818.7914,818.7397,5.71105957,-0.04907921
0.42141,420,818.7914,818.7396,5.71777344,-0.07089219
0.42322,421,818.7914,818.7396,5.69335938,-0.08179868
0.42323,422,818.7914,818.7396,5.69335938,-0.0599856973
0.42446,423,818.7914,818.7396,5.69335938,-0.04907921
0.42632,424,818.7914,818.7395,5.755615,-0.0272662267
0.42635,425,818.7914,818.7395,5.706787,-0.0163597353
0.42757,426,818.7914,818.7396,5.64453125,0
0.42759,427,818.7914,818.7397,5.66223145,0.03271947
0.42944,428,818.7914,818.739746,5.65551758,0.0545324534
0.43118,429,818.7914,818.7399,5.586548,0.087251924
0.43120,430,818.7914,818.740051,5.597534,0.109064907
0.43245,431,818.7914,818.7402,5.58410645,0.109064907
0.43434,432,818.7914,818.7403,5.57067871,0.109064907
0.43437,433,818.7914,818.7404,5.557251,0.09815842
0.43556,434,818.7914,818.7404,5.606079,0.087251924
0.43558,435,818.7914,818.7406,5.51269531,0.07634544
0.43739,436,818.7914,818.7406,5.5859375,0.07634544
0.43920,437,818.7914,818.7406,5.5859375,0.0545324534
0.43922,438,818.7914,818.7406,5.5859375,0.043625962
0.44048,439,818.7914,818.7406,5.5859375,0.021812981
0.44229,440,818.7914,818.7406,5.5859375,0
0.44233,441,818.7914,818.7406,5.5859375,-0.0163597353
0.44356,442,818.7914,818.7406,5.5859375,-0.0163597353
0.44358,443,818.7914,818.7406,5.5859375,0
0.44538,444,818.7914,818.7407,5.52368164,0.0109064905
0.44720,445,818.7914,818.7407,5.57251,0.021812981
0.44722,446,818.7914,818.7409,5.479126,0.043625962
0.44846,447,818.7914,818.740967,5.52124,0.06543894
0.45029,448,818.7914,818.741,5.51452637,0.087251924
0.45032,449,818.7914,818.7412,5.44555664,0.109064907
0.45186,450,818.7914,818.7414,5.425415,0.109064907
0.45191,451,818.7914,818.741455,5.4675293,0.109064907
0.45339,452,818.7914,818.7416,5.4296875,0.125424653
0.45523,453,818.7914,818.74176,5.385132,0.125424653
0.45525,454,818.7914,818.741943,5.36499,0.136331126
0.45652,455,818.7914,818.7421,5.34484863,0.147237629
0.45829,456,818.7914,818.742249,5.355835,0.158144116
0.45830,457,818.7914,818.7425,5.28015137,0.179957092
0.45958,458,818.7914,818.7427,5.284424,0.179957092
0.45962,459,818.7914,818.742859,5.264282,0.1908636
0.46142,460,818.7914,818.7431,5.2130127,0.201770067
0.46321,461,818.7914,818.7433,5.217285,0.1908636
0.46322,462,818.7914,818.7434,5.22827148,0.1908636
0.46448,463,818.7914,818.743652,5.152588,0.1908636
0.46631,464,818.7914,818.743835,5.15686035,0.179957092
0.46637,465,818.7914,818.7441,5.105591,0.179957092
0.46755,466,818.7914,818.7441,5.203247,0.147237629
0.46759,467,818.7914,818.7442,5.140991,0.125424653
0.46941,468,818.7914,818.744263,5.15869141,0.07634544
0.47123,469,818.7914,818.744263,5.18310547,0.043625962
0.47128,470,818.7914,818.7442,5.2142334,0.0109064905
0.47248,471,818.7914,818.7441,5.252075,-0.0272662267
0.47428,472,818.7914,818.7441,5.203247,-0.03817272
0.47430,473,818.7914,818.7441,5.203247,-0.04907921
0.47554,474,818.7914,818.743958,5.265503,-0.03817272
0.47555,475,818.7914,818.743958,5.216675,-0.04907921
0.47740,476,818.7914,818.743958,5.216675,-0.0272662267
0.47919,477,818.7914,818.743958,5.216675,-0.03817272
0.47920,478,818.7914,818.743958,5.216675,-0.0272662267
0.48046,479,818.7914,818.743958,5.216675,-0.0163597353
0.48228,480,818.7914,818.743958,5.216675,-0.0163597353
0.48233,481,818.7914,818.7441,5.154419,0.0109064905
0.48354,482,818.7914,818.7441,5.203247,0.021812981
0.48355,483,818.7914,818.7442,5.140991,0.043625962
0.48540,484,818.7914,818.744263,5.15869141,0.0545324534
0.48719,485,818.7914,818.744263,5.18310547,0.0545324534
0.48720,486,818.7914,818.7443,5.15197754,0.0545324534
0.48846,487,818.7914,818.7444,5.14526367,0.0545324534
0.49030,488,818.7914,818.7444,5.16967773,0.0545324534
0.49033,489,818.7914,818.7445,5.107422,0.043625962
0.49157,490,818.7914,818.744568,5.125122,0.043625962
0.49160,491,818.7914,818.744568,5.149536,0.043625962
0.49338,492,818.7914,818.7446,5.118408,0.043625962
0.49520,493,818.7914,818.744751,5.08056641,0.043625962
0.49522,494,818.7914,818.744751,5.12939453,0.043625962
0.49648,495,818.7914,818.7448,5.0982666,0.043625962
0.49829,496,818.7914,818.7449,5.09155273,0.043625962
0.49833,497,818.7914,818.7449,5.115967,0.043625962
0.49958,498,818.7914,818.744934,5.084839,0.043625962
0.49961,499,818.7914,818.745056,5.046997,0.043625962
0.50137,500,818.7914,818.745056,5.095825,0.0545324534
0.50322,501,818.7914,818.7452,5.03356934,0.06543894
0.50323,502,818.7914,818.7453,5.0201416,0.06543894
0.50450,503,818.7914,818.745361,5.037842,0.087251924
0.50629,504,818.7914,818.7455,5,0.09815842
0.50631,505,818.7914,818.745667,4.95544434,0.09815842
0.50758,506,818.7914,818.74585,4.93530273,0.125424653
0.50760,507,818.7914,818.746033,4.915161,0.136331126
0.50938,508,818.7914,818.746155,4.92614746,0.147237629
0.51120,509,818.7914,818.746338,4.881592,0.169050619
0.51121,510,818.7914,818.7466,4.83032227,0.179957092
0.51248,511,818.7914,818.746765,4.83459473,0.1908636
0.51429,512,818.7914,818.747,4.783325,0.201770067
0.51431,513,818.7914,818.7473,4.725342,0.223583058
0.51556,514,818.7914,818.747437,4.78515625,0.223583058
0.51557,515,818.7914,818.747742,4.67834473,0.223583058
0.51745,516,818.7914,818.7479,4.70703125,0.223583058
0.51922,517,818.7914,818.7481,4.68688965,0.201770067
0.51925,518,818.7914,818.7482,4.697876,0.201770067
0.52047,519,818.7914,818.7484,4.65332031,0.169050619
0.52228,520,818.7914,818.748535,4.66430664,0.147237629
0.52229,521,818.7914,818.748535,4.713135,0.109064907
0.52356,522,818.7914,818.748657,4.650879,0.07634544
0.52357,523,818.7914,818.748657,4.699707,0.0545324534
0.52538,524,818.7914,818.748657,4.699707,0.03271947
0.52721,525,818.7914,818.748657,4.699707,0.0109064905
0.52723,526,818.7914,818.748657,4.699707,0
0.52846,527,818.7914,818.748657,4.699707,0
0.53031,528,818.7914,818.748657,4.699707,-0.0272662267
0.53033,529,818.7914,818.748657,4.699707,-0.0163597353
0.53154,530,818.7914,818.748535,4.761963,-0.0163597353
0.53155,531,818.7914,818.748535,4.713135,-0.0163597353
0.53338,532,818.7914,818.748535,4.713135,-0.0163597353
0.53521,533,818.7914,818.748535,4.713135,-0.0163597353
0.53522,534,818.7914,818.748535,4.713135,-0.0163597353
0.53648,535,818.7914,818.748535,4.713135,0
0.53828,536,818.7914,818.748535,4.713135,0
0.53831,537,818.7914,818.748657,4.650879,0
0.53958,538,818.7914,818.748657,4.699707,0.0109064905
0.53961,539,818.7914,818.748657,4.699707,0.0109064905
0.54137,540,818.7914,818.7487,4.668579,0.0109064905
0.54319,541,818.7914,818.7487,4.692993,0.021812981
0.54321,542,818.7914,818.74884,4.6307373,0.043625962
0.54448,543,818.7914,818.748962,4.61730957,0.06543894
0.54632,544,818.7914,818.749,4.63501,0.07634544
0.54635,545,818.7914,818.7494,4.47265625,0.125424653
0.54756,546,818.7914,818.7496,4.525757,0.136331126
0.54757,547,818.7914,818.7498,4.4744873,0.169050619
0.54937,548,818.7914,818.750061,4.447632,0.201770067
0.55119,549,818.7914,818.750366,4.38964844,0.223583058
0.55122,550,818.7914,818.7507,4.356079,0.261755764
0.55247,551,818.7914,818.751,4.32251,0.272662252
0.55428,552,818.7914,818.7513,4.28894043,0.272662252
0.55431,553,818.7914,818.7514,4.348755,0.272662252
0.55560,554,818.7914,818.7518,4.21081543,0.261755764
0.55563,555,818.7914,818.7519,4.295044,0.23448956
0.55737,556,818.7914,818.751953,4.312744,0.201770067
0.55921,557,818.7914,818.751953,4.337158,0.147237629
0.55923,558,818.7914,818.751953,4.337158,0.07634544
0.56046,559,818.7914,818.7519,4.368286,0.0109064905
0.56229,560,818.7914,818.7518,4.406128,-0.04907921
0.56231,561,818.7914,818.751648,4.41955566,-0.08179868
0.56357,562,818.7914,818.7516,4.40185547,-0.114518143
0.56360,563,818.7914,818.7514,4.470825,-0.114518143
0.56538,564,818.7914,818.751343,4.428711,-0.114518143
0.56721,565,818.7914,818.7513,4.435425,-0.103611663
0.56723,566,818.7914,818.7513,4.41101074,-0.08179868
0.56854,567,818.7914,818.7513,4.41101074,-0.07089219
0.57032,568,818.7914,818.7513,4.41101074,-0.04907921
0.57035,569,818.7914,818.7513,4.41101074,-0.0272662267
0.57160,570,818.7914,818.751343,4.379883,0.0109064905
0.57163,571,818.7914,818.7514,4.373169,0.03271947
0.57337,572,818.7914,818.7515,4.335327,0.0545324534
0.57520,573,818.7914,818.7516,4.35302734,0.07634544
0.57522,574,818.7914,818.751648,4.34631348,0.07634544
0.57645,575,818.7914,818.7518,4.30847168,0.07634544
0.57830,576,818.7914,818.7518,4.3573,0.06543894
0.57831,577,818.7914,818.7519,4.295044,0.0545324534
0.57955,578,818.7914,818.7519,4.343872,0.043625962
0.57957,579,818.7914,818.7519,4.343872,0.03271947
0.58139,580,818.7914,818.7519,4.343872,0.021812981
0.58320,581,818.7914,818.7519,4.343872,0.0109064905
0.58323,582,818.7914,818.7519,4.343872,0
0.58446,583,818.7914,818.7519,4.343872,0
0.58629,584,818.7914,818.7519,4.343872,-0.0163597353
0.58631,585,818.7914,818.7519,4.343872,0
0.58757,586,818.7914,818.7519,4.343872,0
0.58759,587,818.7914,818.7519,4.343872,0
0.58939,588,818.7914,818.7519,4.343872,0
0.59122,589,818.7914,818.7519,4.343872,0
0.59124,590,818.7914,818.751953,4.312744,0.0109064905
0.59246,591,818.7914,818.7521,4.27490234,0.021812981
0.59429,592,818.7914,818.7522,4.26147461,0.03271947
0.59431,593,818.7914,818.7522,4.31030273,0.0545324534
0.59554,594,818.7914,818.7523,4.248047,0.06543894
0.59555,595,818.7914,818.7524,4.265747,0.07634544
0.59736,596,818.7914,818.7525,4.22790527,0.07634544
0.59921,597,818.7914,818.7525,4.2767334,0.07634544
0.59923,598,818.7914,818.7526,4.21447754,0.07634544
0.60046,599,818.7914,818.752747,4.20105,0.07634544
0.60230,600,818.7914,818.7528,4.21875,0.07634544
0.60232,601,818.7914,818.752869,4.212036,0.06543894
0.60355,602,818.7914,818.753052,4.14306641,0.07634544
0.60356,603,818.7914,818.753052,4.21630859,0.07634544
0.60537,604,818.7914,818.7532,4.15405273,0.07634544
0.60724,605,818.7914,818.7533,4.140625,0.087251924
0.60727,606,818.7914,818.753357,4.158325,0.087251924
0.60846,607,818.7914,818.7535,4.1204834,0.09815842
0.61031,608,818.7914,818.7537,4.0448,0.125424653
0.61033,609,818.7914,818.7539,4.04907227,0.136331126
0.61154,610,818.7914,818.75415,3.99780273,0.169050619
0.61156,611,818.7914,818.754333,4.002075,0.179957092
0.61337,612,818.7914,818.7546,3.95080566,0.201770067
0.61523,613,818.7914,818.754761,3.95507813,0.201770067
0.61525,614,818.7914,818.754944,3.93493652,0.1908636
0.61647,615,818.7914,818.7551,3.914795,0.1908636
0.61847,616,818.7914,818.755249,3.92578125,0.179957092
0.61853,617,818.7914,818.755432,3.88122559,0.169050619
0.61956,618,818.7914,818.755432,3.95446777,0.147237629
0.61957,619,818.7914,818.755432,3.95446777,0.09815842
0.62138,620,818.7914,818.755554,3.892212,0.06543894
0.62322,621,818.7914,818.755432,4.003296,0.0109064905
0.62325,622,818.7914,818.755432,3.95446777,-0.0272662267
0.62450,623,818.7914,818.7553,4.01672363,-0.03817272
0.62629,624,818.7914,818.755249,3.99902344,-0.07089219
0.62631,625,818.7914,818.7552,4.0057373,-0.07089219
0.62754,626,818.7914,818.7551,4.012451,-0.07089219
0.62755,627,818.7914,818.7551,3.988037,-0.08179868
0.62936,628,818.7914,818.7551,3.988037,-0.0599856973
0.63121,629,818.7914,818.7551,3.988037,-0.04907921
0.63124,630,818.7914,818.7551,3.988037,-0.03817272
0.63245,631,818.7914,818.755,4.050293,-0.0272662267
0.63430,632,818.7914,818.7551,3.939209,-0.0163597353
0.63433,633,818.7914,818.7551,3.988037,0.0109064905
0.63556,634,818.7914,818.7552,3.95690918,0.021812981
0.63557,635,818.7914,818.755249,3.95019531,0.043625962
0.63738,636,818.7914,818.755249,3.97460938,0.0545324534
0.63924,637,818.7914,818.755432,3.88122559,0.0545324534
0.63927,638,818.7914,818.755432,3.95446777,0.0545324534
0.64046,639,818.7914,818.755554,3.892212,0.043625962
0.64230,640,818.7914,818.755554,3.94104,0.043625962
0.64232,641,818.7914,818.755554,3.94104,0.043625962
0.64354,642,818.7914,818.755737,3.84765625,0.043625962
0.64355,643,818.7914,818.755737,3.92089844,0.043625962
0.64537,644,818.7914,818.755737,3.92089844,0.03271947
0.64724,645,818.7914,818.755737,3.92089844,0.021812981
0.64726,646,818.7914,818.755737,3.92089844,0.0109064905
0.64845,647,818.7914,818.755737,3.92089844,0
0.65031,648,818.7914,818.755737,3.92089844,0
0.65035,649,818.7914,818.755737,3.92089844,0
0.65184,650,818.7914,818.755737,3.92089844,0
0.65187,651,818.7914,818.755737,3.92089844,0
0.65338,652,818.7914,818.755737,3.92089844,0
0.65525,653,818.7914,818.755737,3.92089844,0
0.65528,654,818.7914,818.755859,3.85864258,0.0109064905
0.65649,655,818.7914,818.755859,3.9074707,0.0109064905
0.65833,656,818.7914,818.755859,3.9074707,0.021812981
0.65835,657,818.7914,818.756,3.84521484,0.03271947
0.65955,658,818.7914,818.7561,3.831787,0.043625962
0.65956,659,818.7914,818.7561,3.88061523,0.06543894
0.66137,660,818.7914,818.756165,3.8494873,0.0545324534
0.66322,661,818.7914,818.7562,3.84277344,0.0545324534
0.66325,662,818.7914,818.7563,3.83605957,0.0545324534
0.66446,663,818.7914,818.7564,3.79821777,0.06543894
0.66631,664,818.7914,818.7565,3.815918,0.06543894
0.66635,665,818.7914,818.756531,3.809204,0.07634544
0.66754,666,818.7914,818.7567,3.74023438,0.07634544
0.66756,667,818.7914,818.7568,3.78234863,0.087251924
0.66939,668,818.7914,818.756836,3.77563477,0.087251924
0.67125,669,818.7914,818.757,3.706665,0.109064907
0.67128,670,818.7914,818.7572,3.68652344,0.125424653
0.67250,671,818.7914,818.7574,3.66638184,0.136331126
0.67431,672,818.7914,818.757568,3.64624023,0.158144116
0.67435,673,818.7914,818.7578,3.5949707,0.169050619
0.67556,674,818.7914,818.758057,3.56811523,0.1908636
0.67557,675,818.7914,818.7583,3.54125977,0.21267657
0.67742,676,818.7914,818.7586,3.48327637,0.23448956
0.67923,677,818.7914,818.7589,3.449707,0.2508493
0.67927,678,818.7914,818.7591,3.47839355,0.2508493
0.68047,679,818.7914,818.7592,3.48938,0.2508493
0.68233,680,818.7914,818.7595,3.38256836,0.23448956
0.68236,681,818.7914,818.7596,3.47351074,0.201770067
0.68354,682,818.7914,818.7596,3.4979248,0.158144116
0.68355,683,818.7914,818.7596,3.4979248,0.09815842
0.68542,684,818.7914,818.7596,3.4979248,0.043625962
0.68723,685,818.7914,818.7596,3.4979248,-0.0163597353
0.68725,686,818.7914,818.75946,3.56018066,-0.04907921
0.68847,687,818.7914,818.7592,3.63586426,-0.08179868
0.69032,688,818.7914,818.7592,3.538208,-0.103611663
0.69035,689,818.7914,818.7591,3.60046387,-0.114518143
0.69155,690,818.7914,818.7589,3.64501953,-0.114518143
0.69157,691,818.7914,818.7589,3.57177734,-0.103611663
0.69340,692,818.7914,818.7589,3.57177734,-0.08179868
0.69523,693,818.7914,818.7589,3.57177734,-0.07089219
0.69525,694,818.7914,818.7588,3.6340332,-0.04907921
0.69648,695,818.7914,818.7589,3.52294922,-0.0272662267
0.69831,696,818.7914,818.7589,3.57177734,0
0.69834,697,818.7914,818.7591,3.47839355,0.021812981
0.69954,698,818.7914,818.7591,3.55163574,0.0545324534
0.69955,699,818.7914,818.7592,3.48938,0.06543894
0.70139,700,818.7914,818.7592,3.538208,0.06543894
0.70321,701,818.7914,818.759338,3.47595215,0.06543894
0.70323,702,818.7914,818.75946,3.46252441,0.06543894
0.70447,703,818.7914,818.75946,3.51135254,0.0545324534
0.70636,704,818.7914,818.7595,3.48022461,0.0545324534
0.70641,705,818.7914,818.7596,3.47351074,0.043625962
0.70759,706,818.7914,818.7595,3.52905273,0.021812981
0.70761,707,818.7914,818.7595,3.50463867,0.0109064905
0.70939,708,818.7914,818.75946,3.5357666,-0.0272662267
0.71124,709,818.7914,818.75946,3.51135254,-0.03817272
0.71129,710,818.7914,818.75946,3.51135254,-0.0272662267
0.71246,711,818.7914,818.75946,3.51135254,-0.03817272
0.71431,712,818.7914,818.75946,3.51135254,-0.0272662267
0.71434,713,818.7914,818.75946,3.51135254,-0.0163597353
0.71554,714,818.7914,818.75946,3.51135254,-0.0163597353
0.71556,715,818.7914,818.75946,3.51135254,0
0.71741,716,818.7914,818.75946,3.51135254,0.0109064905
0.71922,717,818.7914,818.7596,3.44909668,0.021812981
0.71924,718,818.7914,818.7596,3.4979248,0.043625962
0.72048,719,818.7914,818.759644,3.46679688,0.043625962
0.72233,720,818.7914,818.759766,3.428955,0.0545324534
0.72236,721,818.7914,818.759766,3.4777832,0.0545324534
0.72355,722,818.7914,818.7598,3.44665527,0.043625962
0.72356,723,818.7914,818.7599,3.43994141,0.0545324534
0.72540,724,818.7914,818.7599,3.46435547,0.043625962
0.72722,725,818.7914,818.76,3.40209961,0.043625962
0.72724,726,818.7914,818.7601,3.4197998,0.043625962
0.72847,727,818.7914,818.7601,3.44421387,0.043625962
0.73031,728,818.7914,818.7601,3.44421387,0.043625962
0.73033,729,818.7914,818.760132,3.413086,0.043625962
0.73154,730,818.7914,818.7602,3.406372,0.043625962
0.73155,731,818.7914,818.7602,3.43078613,0.03271947
0.73339,732,818.7914,818.7602,3.43078613,0.021812981
0.73522,733,818.7914,818.7602,3.43078613,0.021812981
0.73524,734,818.7914,818.7603,3.36853027,0.0109064905
0.73648,735,818.7914,818.7603,3.4173584,0.021812981
0.73830,736,818.7914,818.7604,3.38623047,0.021812981
0.73832,737,818.7914,818.7604,3.41064453,0.021812981
0.73956,738,818.7914,818.7604,3.41064453,0.021812981
0.73958,739,818.7914,818.7604,3.41064453,0.03271947
0.74139,740,818.7914,818.760559,3.31726074,0.03271947
0.74325,741,818.7914,818.760559,3.390503,0.043625962
0.74327,742,818.7914,818.7607,3.328247,0.0545324534
0.74446,743,818.7914,818.760864,3.28369141,0.06543894
0.74630,744,818.7914,818.761,3.29467773,0.09815842
0.74632,745,818.7914,818.761169,3.250122,0.109064907
0.74754,746,818.7914,818.7613,3.2611084,0.125424653
0.74756,747,818.7914,818.7615,3.21655273,0.136331126
0.74937,748,818.7914,818.761658,3.19641113,0.136331126
0.75121,749,818.7914,818.761658,3.26965332,0.136331126
0.75123,750,818.7914,818.7619,3.1451416,0.136331126
0.75253,751,818.7914,818.761963,3.21167,0.136331126
0.75432,752,818.7914,818.762146,3.1427002,0.136331126
0.75435,753,818.7914,818.762268,3.15368652,0.136331126
0.75554,754,818.7914,818.7624,3.14025879,0.125424653
0.75555,755,818.7914,818.762451,3.157959,0.09815842
0.75740,756,818.7914,818.762451,3.182373,0.07634544
0.75922,757,818.7914,818.762451,3.182373,0.043625962
0.75926,758,818.7914,818.7624,3.213501,0.0109064905
0.76046,759,818.7914,818.7624,3.189087,-0.0163597353
0.76231,760,818.7914,818.762268,3.25134277,-0.03817272
0.76233,761,818.7914,818.762268,3.20251465,-0.04907921
0.76354,762,818.7914,818.762268,3.20251465,-0.04907921
0.76356,763,818.7914,818.7622,3.23364258,-0.04907921
0.76541,764,818.7914,818.7622,3.20922852,-0.03817272
0.76723,765,818.7914,818.7622,3.20922852,-0.0163597353
0.76726,766,818.7914,818.7622,3.20922852,-0.0163597353
0.76864,767,818.7914,818.7622,3.20922852,0
0.77033,768,818.7914,818.762268,3.17810059,0
0.77035,769,818.7914,818.762268,3.20251465,0
0.77154,770,818.7914,818.762268,3.20251465,0
0.77156,771,818.7914,818.762268,3.20251465,0.0109064905
0.77338,772,818.7914,818.7624,3.14025879,0.03271947
0.77527,773,818.7914,818.762451,3.157959,0.03271947
0.77529,774,818.7914,818.762451,3.182373,0.03271947
0.77647,775,818.7914,818.762451,3.182373,0.03271947
0.77833,776,818.7914,818.762451,3.182373,0.021812981
0.77836,777,818.7914,818.762451,3.182373,0.021812981
0.77955,778,818.7914,818.7625,3.151245,0.021812981
0.77956,779,818.7914,818.7625,3.17565918,0.021812981
0.78139,780,818.7914,818.7626,3.14453125,0.021812981
0.78324,781,818.7914,818.7626,3.16894531,0.021812981
0.78327,782,818.7914,818.7626,3.16894531,0.0109064905
0.78446,783,818.7914,818.7626,3.16894531,0.0109064905
0.78631,784,818.7914,818.7626,3.16894531,0.0109064905
0.78634,785,818.7914,818.7626,3.16894531,0.0109064905
0.78755,786,818.7914,818.7627,3.10668945,0.0109064905
0.78757,787,818.7914,818.7627,3.15551758,0.021812981
0.78940,788,818.7914,818.7627,3.15551758,0.0109064905
0.79123,789,818.7914,818.7627,3.15551758,0.0109064905
0.79127,790,818.7914,818.7628,3.09326172,0
0.79248,791,818.7914,818.7628,3.14208984,0
0.79431,792,818.7914,818.7628,3.14208984,0.0109064905
0.79434,793,818.7914,818.7628,3.14208984,0.0109064905
0.79555,794,818.7914,818.7628,3.14208984,0.0109064905
0.79558,795,818.7914,818.7628,3.14208984,0.021812981
0.79739,796,818.7914,818.7628,3.14208984,0.021812981
0.79920,797,818.7914,818.762939,3.079834,0.021812981
0.79921,798,818.7914,818.762939,3.128662,0.021812981
0.80048,799,818.7914,818.762939,3.128662,0.021812981
0.80233,800,818.7914,818.762939,3.128662,0.021812981
0.80237,801,818.7914,818.762939,3.128662,0.021812981
0.80355,802,818.7914,818.762939,3.128662,0.021812981
0.80358,803,818.7914,818.763,3.09753418,0.021812981
0.80542,804,818.7914,818.7631,3.05969238,0.021812981
0.80722,805,818.7914,818.7631,3.10852051,0.021812981
0.80724,806,818.7914,818.7631,3.10852051,0.021812981
0.80846,807,818.7914,818.7631,3.10852051,0.021812981
0.81033,808,818.7914,818.7631,3.10852051,0.0109064905
0.81036,809,818.7914,818.7631,3.10852051,0.0109064905
0.81155,810,818.7914,818.7631,3.10852051,0.0109064905
0.81157,811,818.7914,818.7631,3.10852051,0
0.81342,812,818.7914,818.7631,3.10852051,0.0109064905
0.81525,813,818.7914,818.7631,3.10852051,0.0109064905
0.81528,814,818.7914,818.7631,3.10852051,0.0109064905
0.81647,815,818.7914,818.763245,3.04626465,0.0109064905
0.81839,816,818.7914,818.763245,3.09509277,0.021812981
0.81846,817,818.7914,818.763245,3.09509277,0.021812981
0.81956,818,818.7914,818.763245,3.09509277,0.03271947
0.81958,819,818.7914,818.7634,3.001709,0.021812981
0.82139,820,818.7914,818.7634,3.07495117,0.03271947
0.82324,821,818.7914,818.7634,3.07495117,0.03271947
0.82327,822,818.7914,818.7635,3.04382324,0.03271947
0.82447,823,818.7914,818.76355,3.03710938,0.03271947
0.82628,824,818.7914,818.76355,3.06152344,0.03271947
0.82630,825,818.7914,818.76355,3.06152344,0.021812981
0.82760,826,818.7914,818.76355,3.06152344,0.021812981
0.82762,827,818.7914,818.76355,3.06152344,0.021812981
0.82937,828,818.7914,818.76355,3.06152344,0.0109064905
0.83124,829,818.7914,818.76355,3.06152344,0.0109064905
0.83128,830,818.7914,818.76355,3.06152344,0
0.83248,831,818.7914,818.76355,3.06152344,0
0.83431,832,818.7914,818.76355,3.06152344,0
0.83436,833,818.7914,818.76355,3.06152344,-0.0163597353
0.83557,834,818.7914,818.76355,3.06152344,0
0.83562,835,818.7914,818.76355,3.06152344,0
0.83741,836,818.7914,818.7637,2.99926758,0
0.83924,837,818.7914,818.7637,3.0480957,0.0109064905
0.83927,838,818.7914,818.763733,3.01696777,0.0109064905
0.84048,839,818.7914,818.763733,3.04138184,0.03271947
0.84233,840,818.7914,818.7638,3.010254,0.03271947
0.84236,841,818.7914,818.7639,2.972412,0.043625962
0.84354,842,818.7914,818.764,2.9901123,0.043625962
0.84355,843,818.7914,818.764,3.01452637,0.043625962
0.84539,844,818.7914,818.764038,2.98339844,0.03271947
0.84729,845,818.7914,818.7641,2.97668457,0.043625962
0.84734,846,818.7914,818.7642,2.93884277,0.03271947
0.84847,847,818.7914,818.7642,2.987671,0.043625962
0.85031,848,818.7914,818.7642,2.987671,0.03271947
0.85034,849,818.7914,818.7642,2.987671,0.021812981
0.85182,850,818.7914,818.7642,2.987671,0.0109064905
0.85193,851,818.7914,818.7642,2.987671,-0.0163597353
0.85340,852,818.7914,818.7642,2.987671,-0.0163597353
0.85523,853,818.7914,818.7642,2.987671,0
0.85526,854,818.7914,818.7642,2.987671,-0.0163597353
0.85647,855,818.7914,818.7642,2.987671,0
0.85831,856,818.7914,818.7642,2.987671,0
0.85834,857,818.7914,818.7642,2.987671,0
0.85954,858,818.7914,818.7642,2.987671,0.0109064905
0.85955,859,818.7914,818.7642,2.987671,0.0109064905
0.86139,860,818.7914,818.7643,2.956543,0.0109064905
0.86320,861,818.7914,818.764343,2.949829,0.021812981
0.86323,862,818.7914,818.764343,2.97424316,0.03271947
0.86446,863,818.7914,818.7645,2.88085938,0.0545324534
0.86632,864,818.7914,818.7645,2.95410156,0.0545324534
0.86635,865,818.7914,818.764648,2.8918457,0.06543894
0.86755,866,818.7914,818.764648,2.94067383,0.0545324534
0.86757,867,818.7914,818.764648,2.94067383,0.0545324534
0.86941,868,818.7914,818.764832,2.84729,0.0545324534
0.87125,869,818.7914,818.764832,2.92053223,0.0545324534
0.87128,870,818.7914,818.764954,2.85827637,0.0545324534
0.87247,871,818.7914,818.765,2.87597656,0.0545324534
0.87432,872,818.7914,818.765,2.90039063,0.0545324534
0.87434,873,818.7914,818.7651,2.8692627,0.0545324534
0.87554,874,818.7914,818.7652,2.831421,0.0545324534
0.87555,875,818.7914,818.765259,2.849121,0.0545324534
0.87742,876,818.7914,818.7653,2.84240723,0.0545324534
0.87922,877,818.7914,818.7654,2.83569336,0.06543894
0.87924,878,818.7914,818.7655,2.79785156,0.06543894
0.88050,879,818.7914,818.7656,2.78442383,0.07634544
0.88231,880,818.7914,818.7658,2.73986816,0.087251924
0.88235,881,818.7914,818.765869,2.78198242,0.09815842
0.88355,882,818.7914,818.7659,2.77526855,0.109064907
0.88358,883,818.7914,818.7662,2.675171,0.109064907
0.88544,884,818.7914,818.7663,2.71057129,0.125424653
0.88724,885,818.7914,818.7665,2.66601563,0.125424653
0.88727,886,818.7914,818.7665,2.73925781,0.125424653
0.88850,887,818.7914,818.7667,2.614746,0.136331126
0.89032,888,818.7914,818.766846,2.65014648,0.125424653
0.89034,889,818.7914,818.7669,2.66784668,0.136331126
0.89156,890,818.7914,818.7671,2.598877,0.136331126
0.89159,891,818.7914,818.7673,2.57873535,0.125424653
0.89343,892,818.7914,818.767334,2.62084961,0.125424653
0.89524,893,818.7914,818.7674,2.61413574,0.109064907
0.89526,894,818.7914,818.767456,2.60742188,0.09815842
0.89649,895,818.7914,818.767456,2.631836,0.07634544
0.89835,896,818.7914,818.7676,2.56958,0.0545324534
0.89838,897,818.7914,818.7676,2.6184082,0.03271947
0.89954,898,818.7914,818.7676,2.6184082,0.0109064905
0.89955,899,818.7914,818.7676,2.6184082,0
0.90140,900,818.7914,818.767456,2.680664,-0.0163597353
0.90328,901,818.7914,818.7674,2.66296387,-0.0272662267
0.90331,902,818.7914,818.7674,2.6385498,-0.0272662267
0.90449,903,818.7914,818.7674,2.6385498,-0.03817272
0.90631,904,818.7914,818.7674,2.6385498,-0.03817272
0.90635,905,818.7914,818.7674,2.6385498,-0.03817272
0.90756,906,818.7914,818.7674,2.6385498,-0.0272662267
0.90759,907,818.7914,818.7674,2.6385498,-0.0272662267
0.90941,908,818.7914,818.7674,2.6385498,-0.0272662267
0.91120,909,818.7914,818.7674,2.6385498,0
0.91123,910,818.7914,818.7674,2.6385498,0
0.91246,911,818.7914,818.7674,2.6385498,0
0.91433,912,818.7914,818.7674,2.6385498,0
0.91435,913,818.7914,818.7674,2.6385498,0.0109064905
0.91555,914,818.7914,818.7674,2.6385498,0.0109064905
0.91556,915,818.7914,818.767456,2.60742188,0.021812981
0.91741,916,818.7914,818.767456,2.631836,0.021812981
0.91922,917,818.7914,818.7676,2.56958,0.03271947
0.91924,918,818.7914,818.7676,2.6184082,0.03271947
0.92047,919,818.7914,818.767639,2.58728027,0.03271947
0.92234,920,818.7914,818.7677,2.58056641,0.03271947
0.92236,921,818.7914,818.7677,2.60498047,0.03271947
0.92355,922,818.7914,818.7677,2.60498047,0.03271947
0.92357,923,818.7914,818.7678,2.54272461,0.03271947
0.92542,924,818.7914,818.7679,2.5604248,0.03271947
0.92720,925,818.7914,818.7679,2.58483887,0.03271947
0.92723,926,818.7914,818.7679,2.58483887,0.03271947
0.92847,927,818.7914,818.768,2.522583,0.03271947
0.93032,928,818.7914,818.768,2.57141113,0.03271947
0.93035,929,818.7914,818.768,2.57141113,0.03271947
0.93154,930,818.7914,818.768,2.57141113,0.03271947
0.93156,931,818.7914,818.768,2.57141113,0.03271947
0.93340,932,818.7914,818.7681,2.50915527,0.03271947
0.93522,933,818.7914,818.7682,2.52685547,0.03271947
0.93526,934,818.7914,818.7682,2.55126953,0.03271947
0.93647,935,818.7914,818.7683,2.48901367,0.03271947
0.93829,936,818.7914,818.7684,2.50671387,0.03271947
0.93831,937,818.7914,818.7684,2.531128,0.043625962
0.93958,938,818.7914,818.7684,2.531128,0.043625962
0.93961,939,818.7914,818.768433,2.5,0.043625962
0.94142,940,818.7914,818.768555,2.4621582,0.043625962
0.94321,941,818.7914,818.768555,2.51098633,0.043625962
0.94322,942,818.7914,818.7686,2.4798584,0.043625962
0.94447,943,818.7914,818.7687,2.47314453,0.043625962
0.94632,944,818.7914,818.768738,2.46643066,0.043625962
0.94635,945,818.7914,818.76886,2.42858887,0.043625962
0.94755,946,818.7914,818.7689,2.446289,0.0545324534
0.94758,947,818.7914,818.769,2.4395752,0.06543894
0.94942,948,818.7914,818.769165,2.37060547,0.06543894
0.95120,949,818.7914,818.7692,2.41271973,0.087251924
0.95124,950,818.7914,818.7693,2.40600586,0.09815842
0.95250,951,818.7914,818.7695,2.33703613,0.109064907
0.95430,952,818.7914,818.769653,2.31689453,0.125424653
0.95433,953,818.7914,818.769836,2.296753,0.147237629
0.95557,954,818.7914,818.770142,2.21435547,0.158144116
0.95558,955,818.7914,818.770264,2.27417,0.169050619
0.95740,956,818.7914,818.770447,2.22961426,0.179957092
0.95921,957,818.7914,818.770569,2.24060059,0.179957092
0.95923,958,818.7914,818.770752,2.196045,0.179957092
0.96047,959,818.7914,818.770935,2.17590332,0.169050619
0.96231,960,818.7914,818.771057,2.18688965,0.158144116
0.96234,961,818.7914,818.771057,2.23571777,0.136331126
0.96355,962,818.7914,818.771057,2.23571777,0.087251924
0.96357,963,818.7914,818.771057,2.23571777,0.0545324534
0.96539,964,818.7914,818.771057,2.23571777,0.0109064905
0.96720,965,818.7914,818.770935,2.29797363,-0.03817272
0.96723,966,818.7914,818.770752,2.3425293,-0.0599856973
0.96854,967,818.7914,818.770752,2.269287,-0.08179868
0.97032,968,818.7914,818.7707,2.300415,-0.103611663
0.97037,969,818.7914,818.770569,2.33825684,-0.09270517
0.97155,970,818.7914,818.770569,2.28942871,-0.09270517
0.97156,971,818.7914,818.7705,2.32055664,-0.07089219
0.97339,972,818.7914,818.770447,2.32727051,-0.0599856973
0.97520,973,818.7914,818.770447,2.30285645,-0.04907921
0.97524,974,818.7914,818.7705,2.27172852,-0.0272662267
0.97649,975,818.7914,818.770569,2.26501465,0
0.97829,976,818.7914,818.770569,2.28942871,0
0.97834,977,818.7914,818.7707,2.22717285,0.03271947
0.97956,978,818.7914,818.770752,2.244873,0.043625962
0.97958,979,818.7914,818.770752,2.269287,0.043625962
0.98146,980,818.7914,818.7708,2.23815918,0.0545324534
0.98322,981,818.7914,818.770935,2.20031738,0.043625962
0.98324,982,818.7914,818.770935,2.24914551,0.03271947
0.98449,983,818.7914,818.770935,2.24914551,0.021812981
0.98631,984,818.7914,818.770935,2.24914551,0.021812981
0.98633,985,818.7914,818.770935,2.24914551,0.0109064905
0.98758,986,818.7914,818.770935,2.24914551,0
0.98760,987,818.7914,818.7708,2.31140137,-0.0163597353
0.98942,988,818.7914,818.7708,2.26257324,-0.0272662267
0.99121,989,818.7914,818.7708,2.26257324,-0.0272662267
0.99123,990,818.7914,818.770752,2.29370117,-0.0272662267
0.99249,991,818.7914,818.770752,2.269287,-0.0272662267
0.99429,992,818.7914,818.770752,2.269287,-0.0163597353
0.99431,993,818.7914,818.7708,2.23815918,-0.0163597353
0.99554,994,818.7914,818.7708,2.26257324,0
0.99556,995,818.7914,818.770935,2.20031738,0.0109064905
0.99742,996,818.7914,818.770935,2.24914551,0.021812981
0.99920,997,818.7914,818.771,2.21801758,0.03271947
0.99922,998,818.7914,818.771057,2.21130371,0.03271947
1.00050,999,818.7914,818.771057,2.23571777,0.03271947
1.00230,1000,818.7914,818.771057,2.23571777,0.03271947
1.00233,1001,818.7914,818.771057,2.23571777,0.021812981
1.00359,1002,818.7914,818.771057,2.23571777,0.021812981
1.00363,1003,818.7914,818.771057,2.23571777,0.021812981
1.00539,1004,818.7914,818.771057,2.23571777,0.0109064905
1.00721,1005,818.7914,818.771057,2.23571777,0
1.00722,1006,818.7914,818.771057,2.23571777,-0.0272662267
1.00853,1007,818.7914,818.771057,2.23571777,-0.0272662267
1.01028,1008,818.7914,818.771057,2.23571777,-0.0272662267
1.01029,1009,818.7914,818.771057,2.23571777,-0.0163597353
1.01157,1010,818.7914,818.771057,2.23571777,0
1.01158,1011,818.7914,818.771057,2.23571777,0
1.01341,1012,818.7914,818.771057,2.23571777,0
1.01520,1013,818.7914,818.771057,2.23571777,0
1.01522,1014,818.7914,818.771057,2.23571777,0
1.01648,1015,818.7914,818.771057,2.23571777,0
1.01833,1016,818.7914,818.7711,2.20458984,0.0109064905
1.01839,1017,818.7914,818.7711,2.229004,0.0109064905
1.01957,1018,818.7914,818.7711,2.229004,0.021812981
1.01962,1019,818.7914,818.77124,2.166748,0.03271947
1.02140,1020,818.7914,818.77124,2.21557617,0.0109064905
1.02321,1021,818.7914,818.77124,2.21557617,0.021812981
1.02327,1022,818.7914,818.77124,2.21557617,0.021812981
1.02449,1023,818.7914,818.771362,2.15332031,0.021812981
1.02629,1024,818.7914,818.771362,2.20214844,0.021812981
1.02630,1025,818.7914,818.771362,2.20214844,0.021812981
1.02755,1026,818.7914,818.771362,2.20214844,0.021812981
1.02758,1027,818.7914,818.771362,2.20214844,0.0109064905
1.02939,1028,818.7914,818.771362,2.20214844,0.0109064905
1.03121,1029,818.7914,818.771362,2.20214844,0.0109064905
1.03123,1030,818.7914,818.771362,2.20214844,0
1.03248,1031,818.7914,818.771362,2.20214844,0
1.03430,1032,818.7914,818.771362,2.20214844,-0.0163597353
1.03434,1033,818.7914,818.771362,2.20214844,0
1.03560,1034,818.7914,818.771362,2.20214844,-0.0163597353
1.03566,1035,818.7914,818.771362,2.20214844,-0.0163597353
1.03744,1036,818.7914,818.771362,2.20214844,-0.0163597353
1.03928,1037,818.7914,818.771362,2.20214844,0
1.03931,1038,818.7914,818.7715,2.13989258,0
1.04048,1039,818.7914,818.771545,2.15759277,0.0109064905
1.04228,1040,818.7914,818.771545,2.18200684,0.021812981
1.04230,1041,818.7914,818.771545,2.18200684,0.021812981
1.04360,1042,818.7914,818.771667,2.119751,0.043625962
1.04365,1043,818.7914,818.771667,2.168579,0.03271947
1.04538,1044,818.7914,818.771667,2.168579,0.03271947
1.04723,1045,818.7914,818.7718,2.10632324,0.03271947
1.04724,1046,818.7914,818.7719,2.09289551,0.03271947
1.04848,1047,818.7914,818.7719,2.14172363,0.03271947
1.05028,1048,818.7914,818.7719,2.14172363,0.03271947
1.05030,1049,818.7914,818.772,2.1105957,0.03271947
1.05189,1050,818.7914,818.772034,2.10388184,0.03271947
1.05193,1051,818.7914,818.772034,2.128296,0.03271947
1.05339,1052,818.7914,818.772034,2.128296,0.03271947
1.05522,1053,818.7914,818.772034,2.128296,0.03271947
1.05524,1054,818.7914,818.7721,2.097168,0.03271947
1.05650,1055,818.7914,818.7722,2.05932617,0.03271947
1.05828,1056,818.7914,818.7722,2.1081543,0.03271947
1.05831,1057,818.7914,818.7722,2.1081543,0.021812981
1.05957,1058,818.7914,818.7722,2.1081543,0.021812981
1.05960,1059,818.7914,818.7722,2.1081543,0.021812981
1.06137,1060,818.7914,818.7723,2.07702637,0.021812981
1.06322,1061,818.7914,818.7723,2.10144043,0.021812981
1.06324,1062,818.7914,818.772339,2.0703125,0.0109064905
1.06447,1063,818.7914,818.772339,2.09472656,0.021812981
1.06629,1064,818.7914,818.772339,2.09472656,0.0109064905
1.06632,1065,818.7914,818.772339,2.09472656,0.021812981
1.06757,1066,818.7914,818.772461,2.0324707,0.021812981
1.06759,1067,818.7914,818.7725,2.050171,0.021812981
1.06941,1068,818.7914,818.7725,2.074585,0.03271947
1.07121,1069,818.7914,818.7726,2.043457,0.03271947
1.07122,1070,818.7914,818.772644,2.03674316,0.043625962
1.07248,1071,818.7914,818.7728,1.96777344,0.06543894
1.07429,1072,818.7914,818.7728,2.04101563,0.06543894
1.07430,1073,818.7914,818.773,1.94763184,0.087251924
1.07557,1074,818.7914,818.7732,1.92749023,0.09815842
1.07560,1075,818.7914,818.7733,1.93847656,0.109064907
1.07738,1076,818.7914,818.7735,1.8939209,0.125424653
1.07921,1077,818.7914,818.7736,1.90490723,0.136331126
1.07923,1078,818.7914,818.7738,1.86035156,0.147237629
1.08047,1079,818.7914,818.7739,1.87133789,0.158144116
1.08228,1080,818.7914,818.7741,1.82678223,0.169050619
1.08229,1081,818.7914,818.7743,1.80664063,0.169050619
1.08358,1082,818.7914,818.7744,1.817627,0.169050619
1.08361,1083,818.7914,818.7746,1.77307129,0.158144116
1.08541,1084,818.7914,818.7747,1.78405762,0.147237629
1.08722,1085,818.7914,818.774841,1.77062988,0.147237629
1.08724,1086,818.7914,818.7749,1.78833008,0.109064907
1.08848,1087,818.7914,818.7749,1.81274414,0.087251924
1.09031,1088,818.7914,818.7749,1.81274414,0.043625962
1.09034,1089,818.7914,818.7747,1.90612793,0
1.09154,1090,818.7914,818.7747,1.83288574,-0.0272662267
1.09155,1091,818.7914,818.7746,1.8951416,-0.0599856973
1.09337,1092,818.7914,818.7746,1.84631348,-0.07089219
1.09524,1093,818.7914,818.7745,1.90856934,-0.08179868
1.09526,1094,818.7914,818.7744,1.89086914,-0.08179868
1.09648,1095,818.7914,818.7744,1.86645508,-0.07089219
1.09830,1096,818.7914,818.774353,1.897583,-0.07089219
1.09831,1097,818.7914,818.774353,1.873169,-0.04907921
1.09955,1098,818.7914,818.7743,1.90429688,-0.04907921
1.09959,1099,818.7914,818.7743,1.87988281,-0.03817272
1.10137,1100,818.7914,818.7743,1.87988281,-0.0272662267
1.10325,1101,818.7914,818.774353,1.84875488,-0.0163597353
1.10330,1102,818.7914,818.7744,1.842041,0.0109064905
1.10449,1103,818.7914,818.7744,1.86645508,0.021812981
1.10631,1104,818.7914,818.7746,1.77307129,0.043625962
1.10633,1105,818.7914,818.7746,1.84631348,0.0545324534
1.10755,1106,818.7914,818.7746,1.84631348,0.043625962
1.10758,1107,818.7914,818.7746,1.84631348,0.043625962
1.10937,1108,818.7914,818.7747,1.78405762,0.03271947
1.11124,1109,818.7914,818.7747,1.83288574,0.021812981
1.11128,1110,818.7914,818.7747,1.83288574,0.021812981
1.11247,1111,818.7914,818.7747,1.83288574,0.021812981
1.11431,1112,818.7914,818.7747,1.83288574,0.021812981
1.11433,1113,818.7914,818.7747,1.83288574,0.021812981
1.11555,1114,818.7914,818.774841,1.77062988,0.021812981
1.11556,1115,818.7914,818.774841,1.819458,0.021812981
1.11737,1116,818.7914,818.774841,1.819458,0.0109064905
1.11923,1117,818.7914,818.774841,1.819458,0.0109064905
1.11927,1118,818.7914,818.774841,1.819458,0
1.12053,1119,818.7914,818.774841,1.819458,-0.0163597353
1.12229,1120,818.7914,818.7747,1.88171387,-0.0163597353
1.12231,1121,818.7914,818.7747,1.83288574,-0.0272662267
1.12355,1122,818.7914,818.7747,1.83288574,-0.0272662267
1.12357,1123,818.7914,818.7747,1.83288574,-0.0272662267
1.12537,1124,818.7914,818.7747,1.83288574,-0.0163597353
1.12724,1125,818.7914,818.7747,1.83288574,0
1.12726,1126,818.7914,818.7747,1.83288574,0
1.12849,1127,818.7914,818.7747,1.83288574,0
1.13032,1128,818.7914,818.7747,1.83288574,0
1.13035,1129,818.7914,818.7747,1.83288574,0
1.13155,1130,818.7914,818.774841,1.77062988,0
1.13157,1131,818.7914,818.774841,1.819458,0.0109064905
1.13338,1132,818.7914,818.7749,1.78833008,0.0109064905
1.13527,1133,818.7914,818.7749,1.81274414,0.021812981
1.13532,1134,818.7914,818.7749,1.81274414,0.021812981
1.13647,1135,818.7914,818.7749,1.81274414,0.0109064905
1.13829,1136,818.7914,818.7749,1.81274414,0.0109064905
1.13831,1137,818.7914,818.7749,1.81274414,0.0109064905
1.13955,1138,818.7914,818.7749,1.81274414,0.0109064905
1.13957,1139,818.7914,818.7749,1.81274414,0.0109064905
1.14139,1140,818.7914,818.775,1.75048828,0.0109064905
1.14323,1141,818.7914,818.775,1.79931641,0.021812981
1.14326,1142,818.7914,818.775,1.79931641,0.021812981
1.14447,1143,818.7914,818.775,1.79931641,0.021812981
1.14631,1144,818.7914,818.775146,1.73706055,0.021812981
1.14633,1145,818.7914,818.775146,1.78588867,0.021812981
1.14754,1146,818.7914,818.775269,1.72363281,0.021812981
1.14756,1147,818.7914,818.775269,1.77246094,0.021812981
1.14937,1148,818.7914,818.775269,1.77246094,0.021812981
1.15123,1149,818.7914,818.775269,1.77246094,0.021812981
1.15125,1150,818.7914,818.775269,1.77246094,0.021812981
1.15250,1151,818.7914,818.7753,1.741333,0.021812981
1.15433,1152,818.7914,818.7753,1.76574707,0.021812981
1.15435,1153,818.7914,818.7754,1.73461914,0.021812981
1.15555,1154,818.7914,818.7754,1.7590332,0.021812981
1.15556,1155,818.7914,818.7754,1.7590332,0.021812981
1.15737,1156,818.7914,818.7754,1.7590332,0.0109064905
1.15923,1157,818.7914,818.7754,1.7590332,0.0109064905
1.15926,1158,818.7914,818.7754,1.7590332,0
1.16047,1159,818.7914,818.7754,1.7590332,0
1.16228,1160,818.7914,818.7754,1.7590332,0
1.16231,1161,818.7914,818.7754,1.7590332,0
1.16355,1162,818.7914,818.7754,1.7590332,0
1.16358,1163,818.7914,818.7754,1.7590332,-0.0163597353
1.16537,1164,818.7914,818.7754,1.7590332,-0.0163597353
1.16723,1165,818.7914,818.7754,1.7590332,-0.0163597353
1.16725,1166,818.7914,818.7754,1.7590332,-0.0163597353
1.16864,1167,818.7914,818.7754,1.7590332,0
1.17032,1168,818.7914,818.7754,1.7590332,0
1.17034,1169,818.7914,818.7756,1.66564941,0.0109064905
1.17155,1170,818.7914,818.7756,1.7388916,0.021812981
1.17157,1171,818.7914,818.7756,1.7388916,0.03271947
1.17339,1172,818.7914,818.775635,1.70776367,0.043625962
1.17526,1173,818.7914,818.7757,1.7010498,0.043625962
1.17528,1174,818.7914,818.7757,1.72546387,0.043625962
1.17648,1175,818.7914,818.7759,1.63208008,0.043625962
1.17830,1176,818.7914,818.7759,1.70532227,0.043625962
1.17833,1177,818.7914,818.77594,1.67419434,0.0545324534
1.17954,1178,818.7914,818.776,1.66748047,0.0545324534
1.17955,1179,818.7914,818.7761,1.62963867,0.06543894
1.18139,1180,818.7914,818.7762,1.64733887,0.06543894
1.18322,1181,818.7914,818.776245,1.640625,0.06543894
1.18324,1182,818.7914,818.776367,1.6027832,0.06543894
1.18446,1183,818.7914,818.7764,1.6204834,0.06543894
1.18630,1184,818.7914,818.77655,1.5826416,0.07634544
1.18632,1185,818.7914,818.7767,1.56921387,0.07634544
1.18754,1186,818.7914,818.776733,1.58691406,0.087251924
1.18756,1187,818.7914,818.7769,1.51794434,0.09815842
1.18939,1188,818.7914,818.7771,1.49780273,0.109064907
1.19120,1189,818.7914,818.7772,1.50878906,0.125424653
1.19122,1190,818.7914,818.777466,1.43310547,0.136331126
1.19249,1191,818.7914,818.777649,1.43737793,0.158144116
1.19432,1192,818.7914,818.7778,1.44836426,0.158144116
1.19435,1193,818.7914,818.777954,1.40380859,0.169050619
1.19554,1194,818.7914,818.7781,1.41479492,0.179957092
1.19556,1195,818.7914,818.778259,1.37023926,0.169050619
1.19740,1196,818.7914,818.7784,1.38122559,0.147237629
1.19922,1197,818.7914,818.7785,1.36779785,0.136331126
1.19925,1198,818.7914,818.7786,1.35437012,0.09815842
1.20047,1199,818.7914,818.7786,1.40319824,0.06543894
1.20233,1200,818.7914,818.7786,1.40319824,0.03271947
1.20235,1201,818.7914,818.7785,1.4654541,0
1.20355,1202,818.7914,818.7784,1.47888184,0
1.20357,1203,818.7914,818.7784,1.43005371,-0.03817272
1.20540,1204,818.7914,818.7784,1.43005371,-0.0599856973
1.20723,1205,818.7914,818.778259,1.49230957,-0.07089219
1.20727,1206,818.7914,818.778259,1.44348145,-0.07089219
1.20848,1207,818.7914,818.7782,1.47460938,-0.07089219
1.21032,1208,818.7914,818.7781,1.51245117,-0.04907921
1.21035,1209,818.7914,818.7781,1.463623,-0.0599856973
1.21156,1210,818.7914,818.7781,1.463623,-0.04907921
1.21158,1211,818.7914,818.7781,1.463623,-0.04907921
1.21341,1212,818.7914,818.7781,1.463623,-0.04907921
1.21523,1213,818.7914,818.7781,1.463623,-0.0272662267
1.21526,1214,818.7914,818.7781,1.463623,-0.0163597353
1.21648,1215,818.7914,818.7782,1.40136719,0.0109064905
1.21834,1216,818.7914,818.778259,1.41906738,0.021812981
1.21841,1217,818.7914,818.778259,1.44348145,0.03271947
1.21956,1218,818.7914,818.778259,1.44348145,0.03271947
1.21958,1219,818.7914,818.778259,1.44348145,0.03271947
1.22143,1220,818.7914,818.7784,1.38122559,0.021812981
1.22324,1221,818.7914,818.7784,1.43005371,0.021812981
1.22326,1222,818.7914,818.7784,1.43005371,0.021812981
1.22447,1223,818.7914,818.7784,1.43005371,0.021812981
1.22634,1224,818.7914,818.7784,1.43005371,0.0109064905
1.22636,1225,818.7914,818.7784,1.43005371,0.0109064905
1.22756,1226,818.7914,818.7784,1.43005371,0
1.22763,1227,818.7914,818.7784,1.43005371,-0.0163597353
1.22939,1228,818.7914,818.7784,1.43005371,0
1.23122,1229,818.7914,818.7784,1.43005371,-0.0163597353
1.23125,1230,818.7914,818.7784,1.43005371,-0.0163597353
1.23247,1231,818.7914,818.7784,1.43005371,-0.0163597353
1.23430,1232,818.7914,818.7784,1.43005371,-0.0163597353
1.23433,1233,818.7914,818.7784,1.43005371,0
1.23556,1234,818.7914,818.7784,1.43005371,0
1.23559,1235,818.7914,818.7784,1.43005371,0
1.23745,1236,818.7914,818.7784,1.43005371,0
1.23932,1237,818.7914,818.7784,1.43005371,0
1.23935,1238,818.7914,818.7784,1.43005371,0
1.24047,1239,818.7914,818.7784,1.43005371,0
1.24230,1240,818.7914,818.7784,1.43005371,0
1.24235,1241,818.7914,818.7784,1.43005371,0
1.24354,1242,818.7914,818.7784,1.43005371,0
1.24355,1243,818.7914,818.7784,1.43005371,0
1.24538,1244,818.7914,818.7784,1.43005371,0
1.24720,1245,818.7914,818.7784,1.43005371,0
1.24723,1246,818.7914,818.7784,1.43005371,0
1.24848,1247,818.7914,818.7784,1.43005371,0.0109064905
1.25030,1248,818.7914,818.7784,1.43005371,0.0109064905
1.25032,1249,818.7914,818.7784,1.43005371,0.0109064905
1.25182,1250,818.7914,818.7784,1.43005371,0.0109064905
1.25185,1251,818.7914,818.7785,1.36779785,0.0109064905
1.25341,1252,818.7914,818.7785,1.416626,0.0109064905
1.25525,1253,818.7914,818.7786,1.35437012,0.0109064905
1.25527,1254,818.7914,818.7786,1.40319824,0.0109064905
1.25648,1255,818.7914,818.7786,1.40319824,0.0109064905
1.25832,1256,818.7914,818.7786,1.40319824,0.0109064905
1.25834,1257,818.7914,818.7786,1.40319824,0.0109064905
1.25955,1258,818.7914,818.7786,1.40319824,0.0109064905
1.25956,1259,818.7914,818.7786,1.40319824,0.0109064905
1.26138,1260,818.7914,818.7786,1.40319824,0.0109064905
1.26319,1261,818.7914,818.7786,1.40319824,0.0109064905
1.26321,1262,818.7914,818.7786,1.40319824,0.0109064905
1.26447,1263,818.7914,818.7787,1.37207031,0.0109064905
1.26631,1264,818.7914,818.7787,1.39648438,0.0109064905
1.26634,1265,818.7914,818.7787,1.39648438,0.0109064905
1.26756,1266,818.7914,818.7787,1.39648438,0
1.26758,1267,818.7914,818.7787,1.39648438,0
1.26942,1268,818.7914,818.7787,1.39648438,0
1.27121,1269,818.7914,818.7787,1.39648438,-0.0163597353
1.27124,1270,818.7914,818.7787,1.39648438,-0.0163597353
1.27250,1271,818.7914,818.7787,1.39648438,0
1.27434,1272,818.7914,818.7787,1.39648438,0
1.27436,1273,818.7914,818.7787,1.39648438,0
1.27555,1274,818.7914,818.7787,1.39648438,0
1.27557,1275,818.7914,818.7787,1.39648438,0
1.27740,1276,818.7914,818.7787,1.39648438,0
1.27922,1277,818.7914,818.778748,1.36535645,0
1.27926,1278,818.7914,818.778748,1.38977051,0.0109064905
1.28049,1279,818.7914,818.778748,1.38977051,0.0109064905
1.28230,1280,818.7914,818.778748,1.38977051,0.0109064905
1.28233,1281,818.7914,818.778748,1.38977051,0.0109064905
1.28373,1282,818.7914,818.778748,1.38977051,0.0109064905
1.28375,1283,818.7914,818.7788,1.35864258,0.021812981
1.28544,1284,818.7914,818.778931,1.32080078,0.021812981
1.28722,1285,818.7914,818.778931,1.36962891,0.021812981
1.28724,1286,818.7914,818.778931,1.36962891,0.021812981
1.28848,1287,818.7914,818.778931,1.36962891,0.021812981
1.29031,1288,818.7914,818.778931,1.36962891,0.021812981
1.29033,1289,818.7914,818.778931,1.36962891,0.021812981
1.29161,1290,818.7914,818.779,1.338501,0.021812981
1.29163,1291,818.7914,818.778931,1.394043,0
1.29338,1292,818.7914,818.779,1.338501,0
1.29521,1293,818.7914,818.779,1.362915,0
1.29522,1294,818.7914,818.779,1.362915,-0.0163597353
1.29650,1295,818.7914,818.779,1.362915,0
1.29831,1296,818.7914,818.779,1.362915,-0.0163597353
1.29833,1297,818.7914,818.779,1.362915,-0.0163597353
1.29954,1298,818.7914,818.779,1.362915,-0.0163597353
1.29956,1299,818.7914,818.779,1.362915,-0.0163597353
1.30141,1300,818.7914,818.779,1.362915,0
1.30322,1301,818.7914,818.779,1.362915,0
1.30324,1302,818.7914,818.779,1.362915,0
1.30448,1303,818.7914,818.779,1.362915,0
1.30633,1304,818.7914,818.779,1.362915,0
1.30635,1305,818.7914,818.779,1.362915,0
1.30754,1306,818.7914,818.779053,1.33178711,0
1.30756,1307,818.7914,818.779053,1.35620117,0.0109064905
1.30941,1308,818.7914,818.779053,1.35620117,0.0109064905
1.31120,1309,818.7914,818.779053,1.35620117,0.021812981
1.31123,1310,818.7914,818.779053,1.35620117,0.021812981
1.31249,1311,818.7914,818.7792,1.29394531,0.021812981
1.31431,1312,818.7914,818.7792,1.34277344,0.021812981
1.31434,1313,818.7914,818.779236,1.31164551,0.021812981
1.31555,1314,818.7914,818.779236,1.33605957,0.021812981
1.31557,1315,818.7914,818.779236,1.33605957,0.021812981
1.31740,1316,818.7914,818.779236,1.33605957,0.021812981
1.31924,1317,818.7914,818.779236,1.33605957,0.021812981
1.31926,1318,818.7914,818.7793,1.30493164,0.021812981
1.32049,1319,818.7914,818.7793,1.3293457,0.021812981
1.32232,1320,818.7914,818.779358,1.29821777,0.021812981
1.32236,1321,818.7914,818.779358,1.32263184,0.0109064905
1.32355,1322,818.7914,818.779358,1.32263184,0.0109064905
1.32357,1323,818.7914,818.779358,1.32263184,0.0109064905
1.32538,1324,818.7914,818.779358,1.32263184,0
1.32722,1325,818.7914,818.779358,1.32263184,0.0109064905
1.32724,1326,818.7914,818.779358,1.32263184,0.0109064905
1.32847,1327,818.7914,818.779358,1.32263184,0.0109064905
1.33029,1328,818.7914,818.779358,1.32263184,0.0109064905
1.33031,1329,818.7914,818.779358,1.32263184,0.0109064905
1.33156,1330,818.7914,818.779358,1.32263184,0.0109064905
1.33159,1331,818.7914,818.779358,1.32263184,0
1.33339,1332,818.7914,818.7795,1.260376,0
1.33521,1333,818.7914,818.7795,1.3092041,0
1.33523,1334,818.7914,818.7795,1.3092041,0
1.33648,1335,818.7914,818.7795,1.3092041,0.0109064905
1.33834,1336,818.7914,818.779541,1.27807617,0.0109064905
1.33839,1337,818.7914,818.779541,1.30249023,0.0109064905
1.33956,1338,818.7914,818.779541,1.30249023,0.0109064905
1.33958,1339,818.7914,818.779541,1.30249023,0.0109064905
1.34140,1340,818.7914,818.779541,1.30249023,0.0109064905
1.34322,1341,818.7914,818.779541,1.30249023,0.0109064905
1.34326,1342,818.7914,818.779541,1.30249023,0.0109064905
1.34448,1343,818.7914,818.779541,1.30249023,0.0109064905
1.34630,1344,818.7914,818.779541,1.30249023,0.0109064905
1.34631,1345,818.7914,818.7796,1.2713623,0.0109064905
1.34757,1346,818.7914,818.7797,1.23352051,0.021812981
1.34760,1347,818.7914,818.7798,1.2512207,0.03271947
1.34941,1348,818.7914,818.7799,1.21337891,0.043625962
1.35124,1349,818.7914,818.7799,1.262207,0.043625962
1.35127,1350,818.7914,818.7799,1.262207,0.043625962
1.35252,1351,818.7914,818.78,1.19995117,0.043625962
1.35436,1352,818.7914,818.78,1.2487793,0.043625962
1.35439,1353,818.7914,818.78,1.2487793,0.043625962
1.35556,1354,818.7914,818.7802,1.15539551,0.0545324534
1.35558,1355,818.7914,818.7802,1.2286377,0.0545324534
1.35742,1356,818.7914,818.780334,1.16638184,0.0545324534
1.35925,1357,818.7914,818.780334,1.21521,0.06543894
1.35931,1358,818.7914,818.7805,1.12182617,0.06543894
1.36048,1359,818.7914,818.7805,1.19506836,0.06543894
1.36233,1360,818.7914,818.78064,1.1328125,0.07634544
1.36236,1361,818.7914,818.78064,1.18164063,0.07634544
1.36355,1362,818.7914,818.7808,1.08825684,0.087251924
1.36356,1363,818.7914,818.781,1.06811523,0.087251924
1.36539,1364,818.7914,818.781067,1.11022949,0.09815842
1.36726,1365,818.7914,818.7811,1.10351563,0.09815842
1.36728,1366,818.7914,818.7812,1.09680176,0.087251924
1.36867,1367,818.7914,818.7813,1.05896,0.087251924
1.37034,1368,818.7914,818.781433,1.04553223,0.087251924
1.37037,1369,818.7914,818.781433,1.09436035,0.087251924
1.37155,1370,818.7914,818.7816,1.00097656,0.087251924
1.37157,1371,818.7914,818.7816,1.07421875,0.07634544
1.37342,1372,818.7914,818.7816,1.07421875,0.0545324534
1.37524,1373,818.7914,818.7816,1.07421875,0.03271947
1.37526,1374,818.7914,818.7816,1.07421875,0.0109064905
1.37650,1375,818.7914,818.7816,1.07421875,-0.0163597353
1.37832,1376,818.7914,818.7816,1.07421875,-0.0272662267
1.37835,1377,818.7914,818.7816,1.07421875,-0.03817272
1.37954,1378,818.7914,818.781433,1.16760254,-0.04907921
1.37956,1379,818.7914,818.781433,1.09436035,-0.04907921
1.38138,1380,818.7914,818.781433,1.09436035,-0.04907921
1.38323,1381,818.7914,818.781433,1.09436035,-0.03817272
1.38326,1382,818.7914,818.781433,1.09436035,-0.0272662267
1.38449,1383,818.7914,818.781433,1.09436035,-0.0272662267
1.38631,1384,818.7914,818.781433,1.09436035,-0.0163597353
1.38635,1385,818.7914,818.781433,1.09436035,0
1.38755,1386,818.7914,818.781433,1.09436035,0
1.38757,1387,818.7914,818.781433,1.09436035,0
1.38941,1388,818.7914,818.781433,1.09436035,0
1.39124,1389,818.7914,818.781433,1.09436035,0
1.39127,1390,818.7914,818.781433,1.09436035,0
1.39250,1391,818.7914,818.781433,1.09436035,0
1.39433,1392,818.7914,818.781433,1.09436035,0
1.39437,1393,818.7914,818.781433,1.09436035,0
1.39555,1394,818.7914,818.781433,1.09436035,0
1.39556,1395,818.7914,818.781433,1.09436035,0
1.39741,1396,818.7914,818.781433,1.09436035,0
1.39922,1397,818.7914,818.781433,1.09436035,0.0109064905
1.39926,1398,818.7914,818.781433,1.09436035,0.0109064905
1.40051,1399,818.7914,818.781433,1.09436035,0.0109064905
1.40235,1400,818.7914,818.781433,1.09436035,0
1.40238,1401,818.7914,818.781433,1.09436035,0
1.40356,1402,818.7914,818.781433,1.09436035,0
1.40359,1403,818.7914,818.781433,1.09436035,0
1.40540,1404,818.7914,818.781433,1.09436035,0
1.40724,1405,818.7914,818.781433,1.09436035,0
1.40728,1406,818.7914,818.781555,1.03210449,0
1.40851,1407,818.7914,818.7816,1.04980469,0.0109064905
1.41033,1408,818.7914,818.7816,1.07421875,0.0109064905
1.41036,1409,818.7914,818.7816,1.07421875,0.0109064905
1.41154,1410,818.7914,818.7816,1.07421875,0.0109064905
1.41155,1411,818.7914,818.7816,1.07421875,0.0109064905
1.41339,1412,818.7914,818.7816,1.07421875,0.0109064905
1.41523,1413,818.7914,818.7816,1.07421875,0.0109064905
1.41527,1414,818.7914,818.7816,1.07421875,0.0109064905
1.41647,1415,818.7914,818.7816,1.07421875,0.0109064905
1.41848,1416,818.7914,818.7816,1.07421875,0.0109064905
1.41852,1417,818.7914,818.7816,1.07421875,0.0109064905
1.41956,1418,818.7914,818.7816,1.07421875,0
1.41959,1419,818.7914,818.7816,1.07421875,-0.0163597353
1.42144,1420,818.7914,818.7816,1.07421875,-0.0163597353
1.42320,1421,818.7914,818.7816,1.07421875,-0.0163597353
1.42322,1422,818.7914,818.7816,1.07421875,-0.0163597353
1.42450,1423,818.7914,818.7816,1.07421875,0
1.42633,1424,818.7914,818.7816,1.07421875,0
1.42637,1425,818.7914,818.7816,1.07421875,0
1.42756,1426,818.7914,818.7816,1.07421875,0
1.42758,1427,818.7914,818.7816,1.07421875,0
1.42942,1428,818.7914,818.7816,1.07421875,0
1.43124,1429,818.7914,818.7816,1.07421875,0
1.43126,1430,818.7914,818.7816,1.07421875,0
1.43249,1431,818.7914,818.7816,1.07421875,0
1.43432,1432,818.7914,818.781738,1.01196289,0.0109064905
1.43436,1433,818.7914,818.781738,1.060791,0.0109064905
1.43558,1434,818.7914,818.781738,1.060791,0.0109064905
1.43561,1435,818.7914,818.781738,1.060791,0.0109064905
1.43741,1436,818.7914,818.781738,1.060791,0.0109064905
1.43923,1437,818.7914,818.781738,1.060791,0.0109064905
1.43925,1438,818.7914,818.781738,1.060791,0.0109064905
1.44049,1439,818.7914,818.781738,1.060791,0.0109064905
1.44232,1440,818.7914,818.781738,1.060791,0.0109064905
1.44234,1441,818.7914,818.781738,1.060791,0.0109064905
1.44356,1442,818.7914,818.781738,1.060791,0.0109064905
1.44358,1443,818.7914,818.78186,0.998535156,0.0109064905
1.44539,1444,818.7914,818.78186,1.04736328,0.0109064905
1.44721,1445,818.7914,818.78186,1.04736328,0
1.44723,1446,818.7914,818.78186,1.04736328,0
1.44848,1447,818.7914,818.78186,1.04736328,-0.0163597353
1.45031,1448,818.7914,818.78186,1.04736328,-0.0163597353
1.45033,1449,818.7914,818.78186,1.04736328,-0.0163597353
1.45183,1450,818.7914,818.78186,1.04736328,-0.0163597353
1.45190,1451,818.7914,818.78186,1.04736328,0
1.45341,1452,818.7914,818.78186,1.04736328,0
1.45521,1453,818.7914,818.78186,1.04736328,0
1.45523,1454,818.7914,818.78186,1.04736328,0
1.45648,1455,818.7914,818.78186,1.04736328,0
1.45834,1456,818.7914,818.78186,1.04736328,0
1.45837,1457,818.7914,818.78186,1.04736328,0
1.45955,1458,818.7914,818.78186,1.04736328,0
1.45958,1459,818.7914,818.78186,1.04736328,0
1.46143,1460,818.7914,818.78186,1.04736328,0
1.46320,1461,818.7914,818.78186,1.04736328,0
1.46321,1462,818.7914,818.78186,1.04736328,0
1.46449,1463,818.7914,818.78186,1.04736328,0
1.46632,1464,818.7914,818.78186,1.04736328,0
1.46635,1465,818.7914,818.782,0.9851074,0.0109064905
1.46756,1466,818.7914,818.782,1.03393555,0.0109064905
1.46758,1467,818.7914,818.782,1.03393555,0.0109064905
1.46941,1468,818.7914,818.782,1.03393555,0.0109064905
1.47122,1469,818.7914,818.782,1.03393555,0.0109064905
1.47124,1470,818.7914,818.782,1.03393555,0.0109064905
1.47249,1471,818.7914,818.782,1.03393555,0.0109064905
1.47435,1472,818.7914,818.782,1.03393555,0.0109064905
1.47439,1473,818.7914,818.782,1.03393555,0.0109064905
1.47555,1474,818.7914,818.782,1.03393555,0
1.47557,1475,818.7914,818.782043,1.00280762,0
1.47740,1476,818.7914,818.782,1.05834961,0
1.47920,1477,818.7914,818.782,1.03393555,-0.0163597353
1.47922,1478,818.7914,818.782,1.03393555,0
1.48049,1479,818.7914,818.782,1.03393555,-0.0163597353
1.48230,1480,818.7914,818.782,1.03393555,0
1.48232,1481,818.7914,818.782,1.03393555,0
1.48355,1482,818.7914,818.782,1.03393555,0
1.48358,1483,818.7914,818.782,1.03393555,0
1.48539,1484,818.7914,818.782,1.03393555,0
1.48720,1485,818.7914,818.782,1.03393555,0
1.48721,1486,818.7914,818.782,1.03393555,0
1.48850,1487,818.7914,818.782,1.03393555,0
1.49028,1488,818.7914,818.782043,1.00280762,0
1.49030,1489,818.7914,818.782043,1.02722168,0
1.49156,1490,818.7914,818.7821,0.99609375,0.0109064905
1.49160,1491,818.7914,818.7821,1.02050781,0.0109064905
1.49342,1492,818.7914,818.7821,1.02050781,0.0109064905
1.49518,1493,818.7914,818.7821,1.02050781,0.0109064905
1.49520,1494,818.7914,818.7821,1.02050781,0.0109064905
1.49647,1495,818.7914,818.7821,1.02050781,0.0109064905
1.49828,1496,818.7914,818.7821,1.02050781,0.0109064905
1.49830,1497,818.7914,818.7821,1.02050781,0.0109064905
1.49956,1498,818.7914,818.7821,1.02050781,0.0109064905
1.49959,1499,818.7914,818.7821,1.02050781,0.0109064905
1.50144,1500,818.7914,818.782166,0.9893799,0.0109064905
1.50322,1501,818.7914,818.782166,1.013794,0.0109064905
1.50324,1502,818.7914,818.782166,1.013794,0.0109064905
1.50462,1503,818.7914,818.782166,1.013794,0.0109064905
1.50631,1504,818.7914,818.7823,0.9515381,0.0109064905
1.50634,1505,818.7914,818.7823,1.00036621,0.0109064905
1.50754,1506,818.7914,818.782166,1.06262207,0
1.50756,1507,818.7914,818.782166,1.013794,0
1.50942,1508,818.7914,818.782166,1.013794,-0.0163597353
1.51119,1509,818.7914,818.782166,1.013794,-0.0163597353
1.51120,1510,818.7914,818.782166,1.013794,-0.0163597353
1.51248,1511,818.7914,818.782166,1.013794,-0.0163597353
1.51428,1512,818.7914,818.782166,1.013794,-0.0163597353
1.51429,1513,818.7914,818.782166,1.013794,-0.0163597353
1.51556,1514,818.7914,818.782166,1.013794,-0.0163597353
1.51557,1515,818.7914,818.782166,1.013794,-0.0163597353
1.51738,1516,818.7914,818.782166,1.013794,0
1.51926,1517,818.7914,818.782166,1.013794,0
1.51931,1518,818.7914,818.782166,1.013794,0
1.52053,1519,818.7914,818.7823,0.9515381,0
1.52229,1520,818.7914,818.7823,1.00036621,0.0109064905
1.52231,1521,818.7914,818.7823,1.00036621,0.0109064905
1.52356,1522,818.7914,818.7823,1.00036621,0.0109064905
1.52359,1523,818.7914,818.7823,1.00036621,0.021812981
1.52537,1524,818.7914,818.7823,1.00036621,0.0109064905
1.52721,1525,818.7914,818.7823,1.00036621,0.0109064905
1.52723,1526,818.7914,818.782349,0.9692383,0.0109064905
1.52850,1527,818.7914,818.782349,0.993652344,0.0109064905
1.53030,1528,818.7914,818.782349,0.993652344,0.0109064905
1.53032,1529,818.7914,818.7824,0.9625244,0.0109064905
1.53158,1530,818.7914,818.7824,0.9869385,0.0109064905
1.53160,1531,818.7914,818.7824,0.9869385,0.0109064905
1.53337,1532,818.7914,818.7824,0.9869385,0.0109064905
1.53522,1533,818.7914,818.7824,0.9869385,0.0109064905
1.53527,1534,818.7914,818.7824,0.9869385,0.0109064905
1.53649,1535,818.7914,818.7824,0.9869385,0
1.53829,1536,818.7914,818.7824,0.9869385,0
1.53830,1537,818.7914,818.7824,0.9869385,0
1.53956,1538,818.7914,818.7824,0.9869385,-0.0163597353
1.53958,1539,818.7914,818.7824,0.9869385,-0.0163597353
1.54137,1540,818.7914,818.7824,0.9869385,-0.0163597353
1.54319,1541,818.7914,818.7824,0.9869385,-0.0163597353
1.54321,1542,818.7914,818.7824,0.9869385,0
1.54451,1543,818.7914,818.7824,0.9869385,0
1.54628,1544,818.7914,818.7824,0.9869385,0
1.54630,1545,818.7914,818.7824,0.9869385,0
1.54755,1546,818.7914,818.7824,0.9869385,0
1.54757,1547,818.7914,818.7824,0.9869385,0
1.54938,1548,818.7914,818.7824,0.9869385,0
1.55120,1549,818.7914,818.7824,0.9869385,0
1.55121,1550,818.7914,818.7824,0.9869385,0
1.55252,1551,818.7914,818.7824,0.9869385,0.0109064905
1.55430,1552,818.7914,818.7824,0.9869385,0.0109064905
1.55432,1553,818.7914,818.782532,0.9246826,0.0109064905
1.55557,1554,818.7914,818.782532,0.973510742,0.0109064905
1.55559,1555,818.7914,818.7826,0.9423828,0.0109064905
1.55738,1556,818.7914,818.7826,0.9667969,0.0109064905
1.55919,1557,818.7914,818.7826,0.9667969,0.0109064905
1.55921,1558,818.7914,818.7826,0.9667969,0.0109064905
1.56052,1559,818.7914,818.7826,0.9667969,0.0109064905
1.56229,1560,818.7914,818.7826,0.9667969,0.0109064905
1.56231,1561,818.7914,818.7826,0.9667969,0.0109064905
1.56355,1562,818.7914,818.7826,0.9667969,0.0109064905
1.56357,1563,818.7914,818.7826,0.9667969,0.0109064905
1.56540,1564,818.7914,818.7826,0.9667969,0.0109064905
1.56720,1565,818.7914,818.7826,0.9667969,0
1.56721,1566,818.7914,818.7826,0.9667969,0
1.56866,1567,818.7914,818.7826,0.9667969,0
1.57030,1568,818.7914,818.7826,0.9667969,-0.0163597353
1.57033,1569,818.7914,818.7826,0.9667969,-0.0163597353
1.57157,1570,818.7914,818.7826,0.9667969,-0.0163597353
1.57160,1571,818.7914,818.7826,0.9667969,0
1.57338,1572,818.7914,818.7826,0.9667969,0
1.57520,1573,818.7914,818.7826,0.9667969,0
1.57523,1574,818.7914,818.7826,0.9667969,0
1.57650,1575,818.7914,818.7826,0.9667969,0
1.57833,1576,818.7914,818.7826,0.9667969,0
1.57835,1577,818.7914,818.7826,0.9667969,0
1.57954,1578,818.7914,818.7826,0.9667969,0
1.57956,1579,818.7914,818.782654,0.935668945,0
1.58137,1580,818.7914,818.782654,0.960083,0
1.58319,1581,818.7914,818.782654,0.960083,0
1.58321,1582,818.7914,818.7827,0.9289551,0.0109064905
1.58449,1583,818.7914,818.7827,0.953369141,0.0109064905
1.58631,1584,818.7914,818.7827,0.953369141,0.0109064905
1.58632,1585,818.7914,818.7827,0.953369141,0.0109064905
1.58761,1586,818.7914,818.7827,0.953369141,0.0109064905
1.58764,1587,818.7914,818.7827,0.953369141,0.0109064905
1.58938,1588,818.7914,818.7827,0.953369141,0.0109064905
1.59119,1589,818.7914,818.7827,0.953369141,0.0109064905
1.59121,1590,818.7914,818.782837,0.8911133,0.0109064905
1.59248,1591,818.7914,818.7829,0.9088135,0.0109064905
1.59433,1592,818.7914,818.7829,0.933227539,0.021812981
1.59437,1593,818.7914,818.7829,0.933227539,0.021812981
1.59558,1594,818.7914,818.7829,0.933227539,0.021812981
1.59563,1595,818.7914,818.7829,0.933227539,0.021812981
1.59737,1596,818.7914,818.782959,0.9020996,0.021812981
1.59920,1597,818.7914,818.782959,0.9265137,0.0109064905
1.59922,1598,818.7914,818.782959,0.9265137,0.0109064905
1.60049,1599,818.7914,818.782959,0.9265137,0.0109064905
1.60232,1600,818.7914,818.7829,0.9576416,-0.0163597353
1.60235,1601,818.7914,818.7829,0.933227539,-0.0163597353
1.60359,1602,818.7914,818.7829,0.933227539,-0.0272662267
1.60361,1603,818.7914,818.7829,0.933227539,-0.0272662267
1.60537,1604,818.7914,818.7829,0.933227539,-0.0163597353
1.60720,1605,818.7914,818.7829,0.933227539,0
1.60722,1606,818.7914,818.7829,0.933227539,0
1.60848,1607,818.7914,818.7829,0.933227539,0
1.61031,1608,818.7914,818.782959,0.9020996,0
1.61032,1609,818.7914,818.782959,0.9265137,0.0109064905
1.61156,1610,818.7914,818.7831,0.8642578,0.0109064905
1.61158,1611,818.7914,818.7831,0.913085938,0.0109064905
1.61338,1612,818.7914,818.7831,0.913085938,0.0109064905
1.61522,1613,818.7914,818.7831,0.913085938,0.021812981
1.61526,1614,818.7914,818.783142,0.881958,0.021812981
1.61648,1615,818.7914,818.783264,0.8441162,0.021812981
1.61843,1616,818.7914,818.783264,0.892944336,0.03271947
1.61845,1617,818.7914,818.783264,0.892944336,0.021812981
1.61957,1618,818.7914,818.783264,0.892944336,0.021812981
1.61961,1619,818.7914,818.783264,0.892944336,0.021812981
1.62139,1620,818.7914,818.783264,0.892944336,0.021812981
1.62325,1621,818.7914,818.7834,0.8306885,0.021812981
1.62327,1622,818.7914,818.7834,0.8795166,0.021812981
1.62450,1623,818.7914,818.7834,0.8795166,0.021812981
1.62631,1624,818.7914,818.7834,0.8795166,0.021812981
1.62633,1625,818.7914,818.7834,0.8795166,0.021812981
1.62755,1626,818.7914,818.7834,0.8795166,0.021812981
1.62757,1627,818.7914,818.783447,0.8483887,0.021812981
1.62939,1628,818.7914,818.783447,0.872802734,0.0109064905
1.63122,1629,818.7914,818.783447,0.872802734,0.0109064905
1.63125,1630,818.7914,818.783447,0.872802734,0
1.63248,1631,818.7914,818.783447,0.872802734,-0.0163597353
1.63429,1632,818.7914,818.783447,0.872802734,-0.0163597353
1.63433,1633,818.7914,818.783447,0.872802734,-0.0163597353
1.63555,1634,818.7914,818.7834,0.903930664,-0.0163597353
1.63557,1635,818.7914,818.7834,0.8795166,-0.0163597353
1.63737,1636,818.7914,818.7834,0.8795166,-0.0163597353
1.63922,1637,818.7914,818.7834,0.8795166,-0.0163597353
1.63925,1638,818.7914,818.7834,0.8795166,-0.0163597353
1.64048,1639,818.7914,818.7834,0.8795166,-0.0163597353
1.64230,1640,818.7914,818.7834,0.8795166,0
1.64232,1641,818.7914,818.7834,0.8795166,0
1.64355,1642,818.7914,818.7834,0.8795166,0
1.64356,1643,818.7914,818.783569,0.7861328,0.0109064905
1.64539,1644,818.7914,818.783569,0.859375,0.021812981
1.64722,1645,818.7914,818.783569,0.859375,0.03271947
1.64723,1646,818.7914,818.7836,0.8282471,0.03271947
1.64849,1647,818.7914,818.7837,0.8215332,0.03271947
1.65030,1648,818.7914,818.7837,0.845947266,0.03271947
1.65032,1649,818.7914,818.7838,0.7836914,0.03271947
1.65185,1650,818.7914,818.7838,0.832519531,0.03271947
1.65189,1651,818.7914,818.7839,0.8013916,0.043625962
1.65342,1652,818.7914,818.783936,0.794677734,0.043625962
1.65520,1653,818.7914,818.784,0.787963867,0.043625962
1.65523,1654,818.7914,818.784,0.8123779,0.0545324534
1.65649,1655,818.7914,818.7842,0.718994141,0.043625962
1.65836,1656,818.7914,818.7842,0.7922363,0.0545324534
1.65838,1657,818.7914,818.784363,0.698852539,0.06543894
1.65955,1658,818.7914,818.784363,0.7720947,0.06543894
1.65956,1659,818.7914,818.7845,0.709838867,0.07634544
1.66140,1660,818.7914,818.7845,0.758667,0.06543894
1.66321,1661,818.7914,818.784668,0.6652832,0.07634544
1.66324,1662,818.7914,818.7848,0.676269531,0.07634544
1.66449,1663,818.7914,818.7848,0.725097656,0.087251924
1.66629,1664,818.7914,818.785,0.631713867,0.087251924
1.66632,1665,818.7914,818.7851,0.6427002,0.087251924
1.66754,1666,818.7914,818.7851,0.6915283,0.087251924
1.66755,1667,818.7914,818.7852,0.629272461,0.087251924
1.66938,1668,818.7914,818.785339,0.6158447,0.087251924
1.67123,1669,818.7914,818.7854,0.6335449,0.07634544
1.67126,1670,818.7914,818.785461,0.626831055,0.06543894
1.67249,1671,818.7914,818.785461,0.6512451,0.043625962
1.67430,1672,818.7914,818.785461,0.6512451,0.03271947
1.67433,1673,818.7914,818.785461,0.6512451,0.021812981
1.67556,1674,818.7914,818.785461,0.6512451,0
1.67558,1675,818.7914,818.7854,0.682373047,-0.0163597353
1.67738,1676,818.7914,818.7854,0.657959,-0.0272662267
1.67923,1677,818.7914,818.785339,0.6890869,-0.04907921
1.67925,1678,818.7914,818.785339,0.664672852,-0.03817272
1.68049,1679,818.7914,818.785339,0.664672852,-0.04907921
1.68231,1680,818.7914,818.7852,0.7269287,-0.03817272
1.68235,1681,818.7914,818.7852,0.6781006,-0.0272662267
1.68354,1682,818.7914,818.7852,0.6781006,-0.0272662267
1.68357,1683,818.7914,818.7852,0.6781006,-0.0163597353
1.68543,1684,818.7914,818.7852,0.6781006,0
1.68725,1685,818.7914,818.7852,0.6781006,0
1.68728,1686,818.7914,818.7852,0.6781006,0
1.68852,1687,818.7914,818.7852,0.6781006,0
1.69035,1688,818.7914,818.7852,0.6781006,0
1.69037,1689,818.7914,818.785339,0.6158447,0
1.69154,1690,818.7914,818.785339,0.664672852,0
1.69156,1691,818.7914,818.785339,0.664672852,0
1.69338,1692,818.7914,818.785339,0.664672852,0
1.69523,1693,818.7914,818.785339,0.664672852,0
1.69527,1694,818.7914,818.785339,0.664672852,0
1.69648,1695,818.7914,818.785339,0.664672852,0
1.69834,1696,818.7914,818.785339,0.664672852,0
1.69836,1697,818.7914,818.785339,0.664672852,0
1.69955,1698,818.7914,818.785339,0.664672852,0
1.69956,1699,818.7914,818.785339,0.664672852,0
1.70179,1700,818.7914,818.785339,0.664672852,0
1.70323,1701,818.7914,818.785339,0.664672852,0
1.70327,1702,818.7914,818.785339,0.664672852,0
1.70450,1703,818.7914,818.785339,0.664672852,0
1.70640,1704,818.7914,818.785339,0.664672852,0
1.70643,1705,818.7914,818.785339,0.664672852,0
1.70761,1706,818.7914,818.785339,0.664672852,0
1.70763,1707,818.7914,818.785339,0.664672852,0
1.70938,1708,818.7914,818.785339,0.664672852,0
1.71125,1709,818.7914,818.785339,0.664672852,0
1.71129,1710,818.7914,818.785339,0.664672852,0
1.71248,1711,818.7914,818.785339,0.664672852,0
1.71431,1712,818.7914,818.785339,0.664672852,0
1.71433,1713,818.7914,818.785339,0.664672852,0
1.71554,1714,818.7914,818.785339,0.664672852,0
1.71555,1715,818.7914,818.785339,0.664672852,0
1.71739,1716,818.7914,818.785339,0.664672852,0
1.71923,1717,818.7914,818.785339,0.664672852,0
1.71924,1718,818.7914,818.785339,0.664672852,0
1.72050,1719,818.7914,818.785339,0.664672852,0
1.72231,1720,818.7914,818.785339,0.664672852,0.0109064905
1.72232,1721,818.7914,818.785339,0.664672852,0.0109064905
1.72356,1722,818.7914,818.7854,0.6335449,0.0109064905
1.72357,1723,818.7914,818.7854,0.657959,0.0109064905
1.72542,1724,818.7914,818.7854,0.657959,0.0109064905
1.72726,1725,818.7914,818.785461,0.626831055,0.0109064905
1.72729,1726,818.7914,818.785461,0.6512451,0.0109064905
1.72851,1727,818.7914,818.785461,0.6512451,0.0109064905
1.73031,1728,818.7914,818.785461,0.6512451,0.0109064905
1.73033,1729,818.7914,818.785461,0.6512451,0.0109064905
1.73154,1730,818.7914,818.785461,0.6512451,0.0109064905
1.73156,1731,818.7914,818.785461,0.6512451,0.0109064905
1.73349,1732,818.7914,818.785461,0.6512451,0.0109064905
1.73525,1733,818.7914,818.785461,0.6512451,0.0109064905
1.73528,1734,818.7914,818.7855,0.6201172,0.0109064905
1.73650,1735,818.7914,818.7855,0.64453125,0.0109064905
1.73834,1736,818.7914,818.7855,0.64453125,0.0109064905
1.73838,1737,818.7914,818.7855,0.64453125,0.0109064905
1.73954,1738,818.7914,818.7855,0.64453125,0
1.73956,1739,818.7914,818.7855,0.64453125,0
1.74140,1740,818.7914,818.7855,0.64453125,-0.0163597353
1.74324,1741,818.7914,818.7855,0.64453125,-0.0163597353
1.74327,1742,818.7914,818.7855,0.64453125,-0.0163597353
1.74448,1743,818.7914,818.7855,0.64453125,-0.0163597353
1.74630,1744,818.7914,818.7855,0.64453125,0
1.74632,1745,818.7914,818.7855,0.64453125,0
1.74754,1746,818.7914,818.7855,0.64453125,0
1.74755,1747,818.7914,818.7855,0.64453125,0
1.74945,1748,818.7914,818.7855,0.64453125,0
1.75121,1749,818.7914,818.7855,0.64453125,0
1.75123,1750,818.7914,818.7855,0.64453125,0
1.75254,1751,818.7914,818.7855,0.64453125,0
1.75441,1752,818.7914,818.7855,0.64453125,0
1.75444,1753,818.7914,818.785645,0.5822754,0
1.75555,1754,818.7914,818.785645,0.6311035,0
1.75557,1755,818.7914,818.785645,0.6311035,0.0109064905
1.75738,1756,818.7914,818.785645,0.6311035,0.021812981
1.75923,1757,818.7914,818.785645,0.6311035,0.021812981
1.75926,1758,818.7914,818.7857,0.5999756,0.021812981
1.76048,1759,818.7914,818.7857,0.624389648,0.021812981
1.76233,1760,818.7914,818.7857,0.624389648,0.0109064905
1.76235,1761,818.7914,818.7857,0.624389648,0.0109064905
1.76355,1762,818.7914,818.7857,0.624389648,0
1.76356,1763,818.7914,818.7857,0.624389648,-0.0163597353
1.76538,1764,818.7914,818.7857,0.624389648,0
1.76726,1765,818.7914,818.7857,0.624389648,0
1.76729,1766,818.7914,818.7857,0.624389648,-0.0163597353
1.76867,1767,818.7914,818.7857,0.624389648,-0.0163597353
1.77031,1768,818.7914,818.7857,0.624389648,-0.0163597353
1.77035,1769,818.7914,818.7857,0.624389648,0
1.77157,1770,818.7914,818.7857,0.624389648,0
1.77161,1771,818.7914,818.7857,0.624389648,0
1.77340,1772,818.7914,818.7857,0.624389648,0
1.77523,1773,818.7914,818.7857,0.624389648,0
1.77527,1774,818.7914,818.7857,0.624389648,0
1.77648,1775,818.7914,818.7857,0.624389648,0
1.77831,1776,818.7914,818.7857,0.624389648,0
1.77835,1777,818.7914,818.7857,0.624389648,0
1.77954,1778,818.7914,818.7857,0.624389648,0
1.77957,1779,818.7914,818.7857,0.624389648,0
1.78140,1780,818.7914,818.785767,0.5932617,0
1.78320,1781,818.7914,818.785767,0.6176758,0
1.78323,1782,818.7914,818.785767,0.6176758,0.0109064905
1.78449,1783,818.7914,818.785767,0.6176758,0.0109064905
1.78631,1784,818.7914,818.785767,0.6176758,0.0109064905
1.78633,1785,818.7914,818.785767,0.6176758,0.0109064905
1.78756,1786,818.7914,818.785767,0.6176758,0.0109064905
1.78759,1787,818.7914,818.785767,0.6176758,0.0109064905
1.78940,1788,818.7914,818.785767,0.6176758,0.0109064905
1.79123,1789,818.7914,818.785767,0.6176758,0.0109064905
1.79127,1790,818.7914,818.785767,0.6176758,0.0109064905
1.79249,1791,818.7914,818.785767,0.6176758,0
1.79431,1792,818.7914,818.785767,0.6176758,0
1.79434,1793,818.7914,818.785767,0.6176758,-0.0163597353
1.79554,1794,818.7914,818.785767,0.6176758,-0.0163597353
1.79556,1795,818.7914,818.785767,0.6176758,0
1.79743,1796,818.7914,818.785767,0.6176758,0
1.79922,1797,818.7914,818.785767,0.6176758,0
1.79923,1798,818.7914,818.785767,0.6176758,0
1.80051,1799,818.7914,818.785767,0.6176758,0
1.80233,1800,818.7914,818.785767,0.6176758,0
1.80237,1801,818.7914,818.785767,0.6176758,0
1.80358,1802,818.7914,818.785767,0.6176758,0
1.80361,1803,818.7914,818.785767,0.6176758,0
1.80539,1804,818.7914,818.785767,0.6176758,0
1.80724,1805,818.7914,818.7859,0.5554199,0
1.80727,1806,818.7914,818.7859,0.604248047,0.0109064905
1.80849,1807,818.7914,818.78595,0.5731201,0.0109064905
1.81033,1808,818.7914,818.78595,0.5975342,0.0109064905
1.81036,1809,818.7914,818.78595,0.5975342,0.0109064905
1.81156,1810,818.7914,818.78595,0.5975342,0.0109064905
1.81158,1811,818.7914,818.78595,0.5975342,0.0109064905
1.81340,1812,818.7914,818.78595,0.5975342,0.0109064905
1.81522,1813,818.7914,818.78595,0.5975342,0.0109064905
1.81524,1814,818.7914,818.78595,0.5975342,0.0109064905
1.81649,1815,818.7914,818.78595,0.5975342,0.0109064905
1.81843,1816,818.7914,818.78595,0.5975342,0.0109064905
1.81848,1817,818.7914,818.786,0.56640625,0.0109064905
1.81957,1818,818.7914,818.786,0.5908203,0.0109064905
1.81960,1819,818.7914,818.786,0.5908203,0
1.82145,1820,818.7914,818.78595,0.621948242,0
1.82324,1821,818.7914,818.78595,0.5975342,0
1.82328,1822,818.7914,818.78595,0.5975342,-0.0163597353
1.82450,1823,818.7914,818.78595,0.5975342,-0.0163597353
1.82631,1824,818.7914,818.78595,0.5975342,-0.0272662267
1.82634,1825,818.7914,818.78595,0.5975342,-0.0163597353
1.82758,1826,818.7914,818.78595,0.5975342,-0.0163597353
1.82760,1827,818.7914,818.78595,0.5975342,-0.0163597353
1.82940,1828,818.7914,818.78595,0.5975342,0
1.83123,1829,818.7914,818.78595,0.5975342,0
1.83127,1830,818.7914,818.78595,0.5975342,0
1.83249,1831,818.7914,818.78595,0.5975342,0
1.83432,1832,818.7914,818.78595,0.5975342,0
1.83435,1833,818.7914,818.78595,0.5975342,0
1.83556,1834,818.7914,818.78595,0.5975342,0
1.83560,1835,818.7914,818.78595,0.5975342,0
1.83742,1836,818.7914,818.78595,0.5975342,0
1.83922,1837,818.7914,818.78595,0.5975342,0
1.83925,1838,818.7914,818.78595,0.5975342,0
1.84051,1839,818.7914,818.78595,0.5975342,0
1.84238,1840,818.7914,818.78595,0.5975342,0
1.84252,1841,818.7914,818.78595,0.5975342,0
1.84356,1842,818.7914,818.78595,0.5975342,0
1.84358,1843,818.7914,818.786,0.56640625,0
1.84538,1844,818.7914,818.786,0.5908203,0.0109064905
1.84729,1845,818.7914,818.7861,0.5596924,0.0109064905
1.84732,1846,818.7914,818.7861,0.584106445,0.0109064905
1.84850,1847,818.7914,818.7861,0.584106445,0.0109064905
1.85032,1848,818.7914,818.7861,0.584106445,0.0109064905
1.85035,1849,818.7914,818.7861,0.584106445,0.0109064905
1.85180,1850,818.7914,818.7861,0.584106445,0.0109064905
1.85182,1851,818.7914,818.7861,0.584106445,0.0109064905
1.85340,1852,818.7914,818.7861,0.584106445,0.0109064905
1.85526,1853,818.7914,818.7861,0.584106445,0
1.85529,1854,818.7914,818.7861,0.584106445,0
1.85649,1855,818.7914,818.7861,0.584106445,0
1.85830,1856,818.7914,818.7861,0.584106445,-0.0163597353
1.85831,1857,818.7914,818.7861,0.584106445,-0.0163597353
1.85956,1858,818.7914,818.7861,0.584106445,-0.0163597353
1.85958,1859,818.7914,818.7861,0.584106445,-0.0163597353
1.86142,1860,818.7914,818.7861,0.584106445,0
1.86322,1861,818.7914,818.7861,0.584106445,0
1.86325,1862,818.7914,818.7861,0.584106445,0
1.86448,1863,818.7914,818.7861,0.584106445,0
1.86630,1864,818.7914,818.7861,0.584106445,0
1.86633,1865,818.7914,818.7861,0.584106445,0
1.86758,1866,818.7914,818.7861,0.584106445,0
1.86761,1867,818.7914,818.7861,0.584106445,0
1.86945,1868,818.7914,818.7861,0.584106445,0
1.87121,1869,818.7914,818.7862,0.5218506,0
1.87126,1870,818.7914,818.7862,0.5706787,0
1.87250,1871,818.7914,818.7862,0.5706787,0
1.87437,1872,818.7914,818.7862,0.5706787,0.0109064905
1.87439,1873,818.7914,818.786255,0.5395508,0.0109064905
1.87558,1874,818.7914,818.786255,0.563964844,0.0109064905
1.87560,1875,818.7914,818.786255,0.563964844,0.0109064905
1.87741,1876,818.7914,818.786255,0.563964844,0.0109064905
1.87925,1877,818.7914,818.786255,0.563964844,0.0109064905
1.87930,1878,818.7914,818.786255,0.563964844,0.0109064905
1.88048,1879,818.7914,818.786255,0.563964844,0
1.88232,1880,818.7914,818.786255,0.563964844,0
1.88236,1881,818.7914,818.786255,0.563964844,-0.0163597353
1.88355,1882,818.7914,818.786255,0.563964844,-0.0163597353
1.88357,1883,818.7914,818.786255,0.563964844,0
1.88544,1884,818.7914,818.786255,0.563964844,0
1.88725,1885,818.7914,818.786255,0.563964844,0
1.88727,1886,818.7914,818.786255,0.563964844,0
1.88851,1887,818.7914,818.786255,0.563964844,0
1.89034,1888,818.7914,818.786255,0.563964844,0
1.89036,1889,818.7914,818.786255,0.563964844,0
1.89155,1890,818.7914,818.786255,0.563964844,0
1.89156,1891,818.7914,818.786255,0.563964844,0
1.89342,1892,818.7914,818.786255,0.563964844,0
1.89523,1893,818.7914,818.786255,0.563964844,0
1.89526,1894,818.7914,818.786255,0.563964844,0
1.89649,1895,818.7914,818.786255,0.563964844,0
1.89829,1896,818.7914,818.786255,0.563964844,0
1.89831,1897,818.7914,818.786255,0.563964844,0
1.89955,1898,818.7914,818.786255,0.563964844,0
1.89958,1899,818.7914,818.786255,0.563964844,0
1.90138,1900,818.7914,818.786255,0.563964844,0
1.90323,1901,818.7914,818.786255,0.563964844,0
1.90327,1902,818.7914,818.786255,0.563964844,0
1.90454,1903,818.7914,818.786255,0.563964844,0
1.90644,1904,818.7914,818.786255,0.563964844,0
1.90647,1905,818.7914,818.786255,0.563964844,0
1.90756,1906,818.7914,818.786255,0.563964844,0
1.90758,1907,818.7914,818.786255,0.563964844,0.0109064905
1.90940,1908,818.7914,818.786255,0.563964844,0.0109064905
1.91127,1909,818.7914,818.786255,0.563964844,0.0109064905
1.91131,1910,818.7914,818.7863,0.5328369,0.0109064905
1.91249,1911,818.7914,818.7863,0.557251,0.0109064905
1.91430,1912,818.7914,818.7863,0.557251,0.0109064905
1.91432,1913,818.7914,818.786438,0.494995117,0.0109064905
1.91555,1914,818.7914,818.786438,0.543823242,0.0109064905
1.91556,1915,818.7914,818.786438,0.543823242,0.0109064905
1.91742,1916,818.7914,818.786438,0.543823242,0.0109064905
1.91921,1917,818.7914,818.786438,0.543823242,0.0109064905
1.91924,1918,818.7914,818.786438,0.543823242,0.0109064905
1.92070,1919,818.7914,818.786438,0.543823242,0.0109064905
1.92233,1920,818.7914,818.786438,0.543823242,-0.0163597353
1.92236,1921,818.7914,818.786438,0.543823242,-0.0163597353
1.92355,1922,818.7914,818.786438,0.543823242,-0.0163597353
1.92357,1923,818.7914,818.786438,0.543823242,-0.0272662267
1.92543,1924,818.7914,818.786438,0.543823242,-0.0163597353
1.92727,1925,818.7914,818.786438,0.543823242,0
1.92731,1926,818.7914,818.786438,0.543823242,0
1.92849,1927,818.7914,818.786438,0.543823242,0
1.93032,1928,818.7914,818.786438,0.543823242,0
1.93035,1929,818.7914,818.786438,0.543823242,0
1.93154,1930,818.7914,818.786438,0.543823242,0
1.93156,1931,818.7914,818.786438,0.543823242,0
1.93340,1932,818.7914,818.786438,0.543823242,0
1.93523,1933,818.7914,818.786438,0.543823242,0
1.93528,1934,818.7914,818.786438,0.543823242,0
1.93650,1935,818.7914,818.786438,0.543823242,0
1.93834,1936,818.7914,818.786438,0.543823242,0
1.93837,1937,818.7914,818.786438,0.543823242,0
1.93957,1938,818.7914,818.786438,0.543823242,0
1.93960,1939,818.7914,818.786438,0.543823242,0
1.94142,1940,818.7914,818.786438,0.543823242,0
1.94326,1941,818.7914,818.786438,0.543823242,0
1.94328,1942,818.7914,818.786438,0.543823242,0
1.94449,1943,818.7914,818.786438,0.543823242,0
1.94629,1944,818.7914,818.786438,0.543823242,0
1.94631,1945,818.7914,818.786438,0.543823242,0
1.94755,1946,818.7914,818.786438,0.543823242,0
1.94757,1947,818.7914,818.786438,0.543823242,0
1.94941,1948,818.7914,818.786438,0.543823242,0
1.95122,1949,818.7914,818.786438,0.543823242,0
1.95124,1950,818.7914,818.786438,0.543823242,0
1.95252,1951,818.7914,818.786438,0.543823242,0
1.95431,1952,818.7914,818.786438,0.543823242,0.0109064905
1.95433,1953,818.7914,818.786438,0.543823242,0.0109064905
1.95557,1954,818.7914,818.786438,0.543823242,0.0109064905
1.95560,1955,818.7914,818.7865,0.5126953,0.021812981
1.95742,1956,818.7914,818.7865,0.5371094,0.0109064905
1.95921,1957,818.7914,818.7865,0.5371094,0.0109064905
1.95924,1958,818.7914,818.7866,0.474853516,0.0109064905
1.96050,1959,818.7914,818.7866,0.523681641,0.0109064905
1.96229,1960,818.7914,818.7866,0.523681641,0.0109064905
1.96232,1961,818.7914,818.7866,0.523681641,0.0109064905
1.96359,1962,818.7914,818.7866,0.523681641,0.0109064905
1.96362,1963,818.7914,818.7866,0.523681641,0
1.96538,1964,818.7914,818.7866,0.523681641,0
1.96722,1965,818.7914,818.7866,0.523681641,-0.0163597353
1.96724,1966,818.7914,818.7866,0.523681641,-0.0163597353
1.96866,1967,818.7914,818.7866,0.523681641,-0.0163597353
1.97031,1968,818.7914,818.7866,0.523681641,-0.0163597353
1.97037,1969,818.7914,818.7866,0.523681641,0
1.97155,1970,818.7914,818.7866,0.523681641,0
1.97156,1971,818.7914,818.7866,0.523681641,0
1.97344,1972,818.7914,818.7866,0.523681641,0
1.97522,1973,818.7914,818.7866,0.523681641,0
1.97525,1974,818.7914,818.7866,0.523681641,0
1.97652,1975,818.7914,818.7866,0.523681641,0
1.97831,1976,818.7914,818.7866,0.523681641,0
1.97834,1977,818.7914,818.7866,0.523681641,0
1.97955,1978,818.7914,818.7866,0.523681641,0
1.97957,1979,818.7914,818.7866,0.523681641,0
1.98146,1980,818.7914,818.7866,0.523681641,0
1.98323,1981,818.7914,818.7866,0.523681641,0
1.98328,1982,818.7914,818.7866,0.523681641,0
1.98454,1983,818.7914,818.7866,0.523681641,0
1.98631,1984,818.7914,818.7866,0.523681641,0
1.98633,1985,818.7914,818.7866,0.523681641,0
1.98757,1986,818.7914,818.7866,0.523681641,0
1.98759,1987,818.7914,818.7866,0.523681641,0
1.98940,1988,818.7914,818.7866,0.523681641,0
1.99120,1989,818.7914,818.7866,0.523681641,0
1.99122,1990,818.7914,818.7866,0.523681641,0
1.99249,1991,818.7914,818.7866,0.523681641,0
1.99429,1992,818.7914,818.7866,0.523681641,0
1.99432,1993,818.7914,818.7866,0.523681641,0
1.99557,1994,818.7914,818.7866,0.523681641,0
1.99559,1995,818.7914,818.7866,0.523681641,0
1.99739,1996,818.7914,818.7866,0.523681641,0
1.99923,1997,818.7914,818.7866,0.523681641,0.0109064905
1.99925,1998,818.7914,818.7866,0.523681641,0.0109064905
2.00049,1999,818.7914,818.7866,0.523681641,0.0109064905
2.00231,2000,818.7914,818.7866,0.523681641,0.0109064905
2.00233,2001,818.7914,818.7866,0.523681641,0.0109064905
2.00362,2002,818.7914,818.7866,0.523681641,0.0109064905
2.00366,2003,818.7914,818.7866,0.523681641,0.0109064905
2.00543,2004,818.7914,818.786743,0.461425781,0.0109064905
2.00722,2005,818.7914,818.786743,0.5102539,0.0109064905
2.00724,2006,818.7914,818.786743,0.5102539,0.0109064905
2.00849,2007,818.7914,818.786743,0.5102539,0.0109064905
2.01028,2008,818.7914,818.786743,0.5102539,0.0109064905
2.01030,2009,818.7914,818.786743,0.5102539,0.0109064905
2.01154,2010,818.7914,818.786743,0.5102539,0.0109064905
2.01155,2011,818.7914,818.786743,0.5102539,0
2.01340,2012,818.7914,818.786743,0.5102539,0
2.01520,2013,818.7914,818.786743,0.5102539,-0.0163597353
2.01521,2014,818.7914,818.786743,0.5102539,-0.0163597353
2.01650,2015,818.7914,818.786743,0.5102539,0
2.01849,2016,818.7914,818.786743,0.5102539,0
2.01853,2017,818.7914,818.786743,0.5102539,0
2.01955,2018,818.7914,818.786743,0.5102539,0
2.01959,2019,818.7914,818.786743,0.5102539,0
2.02143,2020,818.7914,818.786743,0.5102539,0
2.02321,2021,818.7914,818.786743,0.5102539,0
2.02323,2022,818.7914,818.786743,0.5102539,0
2.02453,2023,818.7914,818.786743,0.5102539,0
2.02629,2024,818.7914,818.786743,0.5102539,0
2.02631,2025,818.7914,818.786743,0.5102539,0
2.02758,2026,818.7914,818.786743,0.5102539,0
2.02760,2027,818.7914,818.786743,0.5102539,0
2.02944,2028,818.7914,818.786743,0.5102539,0
2.03125,2029,818.7914,818.786743,0.5102539,0
2.03129,2030,818.7914,818.786743,0.5102539,0
2.03251,2031,818.7914,818.786743,0.5102539,0.0109064905
2.03429,2032,818.7914,818.786743,0.5102539,0.0109064905
2.03431,2033,818.7914,818.7868,0.479125977,0.0109064905
2.03557,2034,818.7914,818.7868,0.503540039,0.0109064905
2.03561,2035,818.7914,818.7868,0.503540039,0.0109064905
2.03742,2036,818.7914,818.7869,0.44128418,0.0109064905
2.03922,2037,818.7914,818.7869,0.4901123,0.0109064905
2.03924,2038,818.7914,818.7869,0.4901123,0.0109064905
2.04051,2039,818.7914,818.7869,0.4901123,0.0109064905
2.04244,2040,818.7914,818.7869,0.4901123,0.0109064905
2.04257,2041,818.7914,818.7869,0.4901123,0
2.04373,2042,818.7914,818.7869,0.4901123,0
2.04376,2043,818.7914,818.7869,0.4901123,0
2.04546,2044,818.7914,818.7869,0.4901123,-0.0163597353
2.04722,2045,818.7914,818.7869,0.4901123,-0.0163597353
2.04725,2046,818.7914,818.7869,0.4901123,0
2.04852,2047,818.7914,818.7869,0.4901123,0
2.05034,2048,818.7914,818.7869,0.4901123,0
2.05039,2049,818.7914,818.7869,0.4901123,0
2.05187,2050,818.7914,818.7869,0.4901123,0
2.05189,2051,818.7914,818.7869,0.4901123,0
2.05344,2052,818.7914,818.7869,0.4901123,0
2.05523,2053,818.7914,818.7869,0.4901123,0
2.05525,2054,818.7914,818.7869,0.4901123,0
2.05653,2055,818.7914,818.7869,0.4901123,0
2.05829,2056,818.7914,818.7869,0.4901123,0
2.05830,2057,818.7914,818.7869,0.4901123,0
2.05959,2058,818.7914,818.7869,0.4901123,0
2.05961,2059,818.7914,818.7869,0.4901123,0
2.06138,2060,818.7914,818.7869,0.4901123,0
2.06319,2061,818.7914,818.7869,0.4901123,0
2.06321,2062,818.7914,818.7869,0.4901123,0
2.06454,2063,818.7914,818.7869,0.4901123,0
2.06628,2064,818.7914,818.7869,0.4901123,0
2.06630,2065,818.7914,818.7869,0.4901123,0
2.06758,2066,818.7914,818.7869,0.4901123,0
2.06761,2067,818.7914,818.7869,0.4901123,0
2.06940,2068,818.7914,818.7869,0.4901123,0
2.07125,2069,818.7914,818.7869,0.4901123,0
2.07128,2070,818.7914,818.7869,0.4901123,0.0109064905
2.07250,2071,818.7914,818.7869,0.4901123,0.0109064905
2.07429,2072,818.7914,818.7869,0.4901123,0.0109064905
2.07430,2073,818.7914,818.787,0.458984375,0.0109064905
2.07556,2074,818.7914,818.787,0.483398438,0.0109064905
2.07558,2075,818.7914,818.787,0.483398438,0.0109064905
2.07739,2076,818.7914,818.787,0.483398438,0.0109064905
2.07920,2077,818.7914,818.787048,0.4522705,0.0109064905
2.07922,2078,818.7914,818.787048,0.47668457,0.0109064905
2.08052,2079,818.7914,818.787048,0.47668457,0.0109064905
2.08228,2080,818.7914,818.787048,0.47668457,0.0109064905
2.08230,2081,818.7914,818.787048,0.47668457,0.0109064905
2.08355,2082,818.7914,818.787048,0.47668457,0.0109064905
2.08357,2083,818.7914,818.787048,0.47668457,0
2.08541,2084,818.7914,818.787048,0.47668457,0
2.08723,2085,818.7914,818.787048,0.47668457,0
2.08726,2086,818.7914,818.787048,0.47668457,-0.0163597353
2.08853,2087,818.7914,818.787048,0.47668457,-0.0163597353
2.09028,2088,818.7914,818.787048,0.47668457,-0.0163597353
2.09030,2089,818.7914,818.787048,0.47668457,-0.0163597353
2.09157,2090,818.7914,818.787048,0.47668457,-0.0163597353
2.09159,2091,818.7914,818.787048,0.47668457,-0.0163597353
2.09341,2092,818.7914,818.787048,0.47668457,0
2.09520,2093,818.7914,818.787048,0.47668457,0
2.09522,2094,818.7914,818.787048,0.47668457,0
2.09650,2095,818.7914,818.787048,0.47668457,0
2.09828,2096,818.7914,818.787048,0.47668457,0
2.09830,2097,818.7914,818.787048,0.47668457,0
2.09960,2098,818.7914,818.787048,0.47668457,0
2.09963,2099,818.7914,818.787048,0.47668457,0
2.10138,2100,818.7914,818.787048,0.47668457,0.0109064905
2.10322,2101,818.7914,818.7872,0.4144287,0.0109064905
2.10323,2102,818.7914,818.7872,0.463256836,0.021812981
2.10450,2103,818.7914,818.787231,0.4321289,0.021812981
2.10630,2104,818.7914,818.787231,0.456542969,0.0109064905
2.10632,2105,818.7914,818.787231,0.456542969,0.0109064905
2.10757,2106,818.7914,818.787231,0.456542969,0.0109064905
2.10759,2107,818.7914,818.787231,0.456542969,0.0109064905
2.10939,2108,818.7914,818.787231,0.456542969,0.0109064905
2.11121,2109,818.7914,818.787231,0.456542969,0
2.11122,2110,818.7914,818.787231,0.456542969,0
2.11249,2111,818.7914,818.787231,0.456542969,-0.0163597353
2.11429,2112,818.7914,818.787231,0.456542969,-0.0163597353
2.11431,2113,818.7914,818.787231,0.456542969,-0.0163597353
2.11558,2114,818.7914,818.787231,0.456542969,-0.0163597353
2.11561,2115,818.7914,818.787231,0.456542969,-0.0163597353
2.11737,2116,818.7914,818.787231,0.456542969,0
2.11923,2117,818.7914,818.787231,0.456542969,0
2.11924,2118,818.7914,818.787231,0.456542969,0
2.12049,2119,818.7914,818.787231,0.456542969,0
2.12230,2120,818.7914,818.787231,0.456542969,0
2.12234,2121,818.7914,818.787231,0.456542969,0
2.12358,2122,818.7914,818.787231,0.456542969,0
2.12360,2123,818.7914,818.787231,0.456542969,0
2.12540,2124,818.7914,818.787231,0.456542969,0
2.12721,2125,818.7914,818.787231,0.456542969,0
2.12722,2126,818.7914,818.787231,0.456542969,0
2.12849,2127,818.7914,818.787231,0.456542969,0
2.13027,2128,818.7914,818.787231,0.456542969,0
2.13029,2129,818.7914,818.787231,0.456542969,0
2.13156,2130,818.7914,818.787231,0.456542969,0
2.13158,2131,818.7914,818.787231,0.456542969,0
2.13337,2132,818.7914,818.787231,0.456542969,0
2.13526,2133,818.7914,818.787231,0.456542969,0
2.13530,2134,818.7914,818.787231,0.456542969,0
2.13652,2135,818.7914,818.787231,0.456542969,0
2.13830,2136,818.7914,818.787231,0.456542969,0
2.13832,2137,818.7914,818.787231,0.456542969,0
2.13957,2138,818.7914,818.787231,0.456542969,0
2.13959,2139,818.7914,818.787231,0.456542969,0.0109064905
2.14137,2140,818.7914,818.787231,0.456542969,0.0109064905
2.14322,2141,818.7914,818.787231,0.456542969,0.0109064905
2.14324,2142,818.7914,818.7873,0.425415039,0.0109064905
2.14450,2143,818.7914,818.7873,0.4498291,0.0109064905
2.14629,2144,818.7914,818.7873,0.4498291,0.0109064905
2.14630,2145,818.7914,818.7873,0.4498291,0.0109064905
2.14754,2146,818.7914,818.787354,0.418701172,0.0109064905
2.14755,2147,818.7914,818.787354,0.443115234,0.0109064905
2.14937,2148,818.7914,818.787354,0.443115234,0
2.15121,2149,818.7914,818.787354,0.443115234,0
2.15123,2150,818.7914,818.787354,0.443115234,0
2.15251,2151,818.7914,818.787354,0.443115234,-0.0163597353
2.15431,2152,818.7914,818.787354,0.443115234,0
2.15433,2153,818.7914,818.787354,0.443115234,0
2.15555,2154,818.7914,818.787354,0.443115234,0
2.15557,2155,818.7914,818.787354,0.443115234,0
2.15737,2156,818.7914,818.787354,0.443115234,0
2.15926,2157,818.7914,818.787354,0.443115234,0
2.15929,2158,818.7914,818.787354,0.443115234,0
2.16051,2159,818.7914,818.787354,0.443115234,0
2.16231,2160,818.7914,818.787354,0.443115234,0
2.16233,2161,818.7914,818.787354,0.443115234,0
2.16354,2162,818.7914,818.787354,0.443115234,0
2.16355,2163,818.7914,818.787354,0.443115234,0
2.16537,2164,818.7914,818.787354,0.443115234,0
2.16721,2165,818.7914,818.787354,0.443115234,0.0109064905
2.16723,2166,818.7914,818.787354,0.443115234,0.0109064905
2.16870,2167,818.7914,818.787354,0.443115234,0.0109064905
2.17032,2168,818.7914,818.787354,0.443115234,0.0109064905
2.17035,2169,818.7914,818.7875,0.380859375,0.0109064905
2.17156,2170,818.7914,818.7875,0.4296875,0.0109064905
2.17157,2171,818.7914,818.7875,0.4296875,0.0109064905
2.17338,2172,818.7914,818.7875,0.4296875,0.0109064905
2.17521,2173,818.7914,818.787537,0.39855957,0.0109064905
2.17523,2174,818.7914,818.787537,0.422973633,0.0109064905
2.17650,2175,818.7914,818.787537,0.422973633,0.0109064905
2.17828,2176,818.7914,818.787537,0.422973633,0.0109064905
2.17830,2177,818.7914,818.787537,0.422973633,0.0109064905
2.17955,2178,818.7914,818.787537,0.422973633,0.0109064905
2.17956,2179,818.7914,818.787537,0.422973633,0.0109064905
2.18137,2180,818.7914,818.787537,0.422973633,0.0109064905
2.18328,2181,818.7914,818.787537,0.422973633,0.0109064905
2.18331,2182,818.7914,818.787537,0.422973633,0
2.18450,2183,818.7914,818.787537,0.422973633,0
2.18629,2184,818.7914,818.787537,0.422973633,0
2.18631,2185,818.7914,818.787537,0.422973633,-0.0163597353
2.18756,2186,818.7914,818.787537,0.422973633,-0.0163597353
2.18758,2187,818.7914,818.787537,0.422973633,-0.0163597353
2.18939,2188,818.7914,818.787537,0.422973633,0
2.19121,2189,818.7914,818.787537,0.422973633,0
2.19123,2190,818.7914,818.787537,0.422973633,0
2.19249,2191,818.7914,818.787537,0.422973633,0
2.19428,2192,818.7914,818.787537,0.422973633,0
2.19430,2193,818.7914,818.787537,0.422973633,0
2.19554,2194,818.7914,818.787537,0.422973633,0
2.19556,2195,818.7914,818.787537,0.422973633,0
2.19736,2196,818.7914,818.787537,0.422973633,0
2.19924,2197,818.7914,818.7876,0.3918457,0
2.19927,2198,818.7914,818.7876,0.416259766,0.0109064905
2.20050,2199,818.7914,818.7876,0.416259766,0.0109064905
2.20234,2200,818.7914,818.7877,0.3540039,0.0109064905
2.20237,2201,818.7914,818.7877,0.402832031,0.0109064905
2.20356,2202,818.7914,818.7877,0.402832031,0.0109064905
2.20358,2203,818.7914,818.7877,0.402832031,0.0109064905
2.20539,2204,818.7914,818.7877,0.402832031,0.0109064905
2.20725,2205,818.7914,818.7877,0.402832031,0.0109064905
2.20731,2206,818.7914,818.7877,0.402832031,0.0109064905
2.20852,2207,818.7914,818.7877,0.402832031,0.0109064905
2.21031,2208,818.7914,818.7877,0.402832031,0.0109064905
2.21034,2209,818.7914,818.7877,0.402832031,0.0109064905
2.21154,2210,818.7914,818.7877,0.402832031,0
2.21156,2211,818.7914,818.7877,0.402832031,0
2.21338,2212,818.7914,818.7877,0.402832031,0
2.21524,2213,818.7914,818.7877,0.402832031,-0.0163597353
2.21526,2214,818.7914,818.7877,0.402832031,-0.0163597353
2.21651,2215,818.7914,818.7877,0.402832031,-0.0163597353
2.21841,2216,818.7914,818.7877,0.402832031,-0.0163597353
2.21843,2217,818.7914,818.7877,0.402832031,0
2.21957,2218,818.7914,818.7877,0.402832031,0
2.21959,2219,818.7914,818.7877,0.402832031,0
2.22139,2220,818.7914,818.7877,0.402832031,0
2.22322,2221,818.7914,818.7877,0.402832031,0
2.22324,2222,818.7914,818.7877,0.402832031,0
2.22451,2223,818.7914,818.7878,0.3717041,0
2.22633,2224,818.7914,818.7878,0.396118164,0
2.22636,2225,818.7914,818.787842,0.364990234,0.0109064905
2.22754,2226,818.7914,818.787842,0.3894043,0.0109064905
2.22757,2227,818.7914,818.787842,0.3894043,0.0109064905
2.22948,2228,818.7914,818.787842,0.3894043,0.0109064905
2.23123,2229,818.7914,818.787842,0.3894043,0.0109064905
2.23127,2230,818.7914,818.7879,0.358276367,0.0109064905
2.23250,2231,818.7914,818.7879,0.38269043,0.021812981
2.23429,2232,818.7914,818.788,0.32043457,0.021812981
2.23432,2233,818.7914,818.788,0.3692627,0.021812981
2.23556,2234,818.7914,818.788,0.3692627,0.021812981
2.23558,2235,818.7914,818.788,0.3692627,0.021812981
2.23739,2236,818.7914,818.788,0.3692627,0.021812981
2.23940,2237,818.7914,818.788,0.3692627,0.021812981
2.23943,2238,818.7914,818.788,0.3692627,0.0109064905
2.24051,2239,818.7914,818.788,0.3692627,0.0109064905
2.24229,2240,818.7914,818.788,0.3692627,0
2.24232,2241,818.7914,818.788,0.3692627,-0.0163597353
2.24354,2242,818.7914,818.788,0.3692627,0
2.24356,2243,818.7914,818.788,0.3692627,-0.0163597353
2.24539,2244,818.7914,818.788,0.3692627,-0.0163597353
2.24726,2245,818.7914,818.788,0.3692627,-0.0163597353
2.24730,2246,818.7914,818.788,0.3692627,-0.0163597353
2.24849,2247,818.7914,818.788,0.3692627,0
2.25028,2248,818.7914,818.788,0.3692627,0
2.25031,2249,818.7914,818.788,0.3692627,0
2.25194,2250,818.7914,818.788,0.3692627,0
2.25203,2251,818.7914,818.788,0.3692627,0
2.25339,2252,818.7914,818.788,0.3692627,0
2.25527,2253,818.7914,818.7881,0.338134766,0
2.25529,2254,818.7914,818.7881,0.362548828,0
2.25652,2255,818.7914,818.788147,0.3314209,0.0109064905
2.25832,2256,818.7914,818.788147,0.355834961,0.021812981
2.25835,2257,818.7914,818.788147,0.355834961,0.021812981
2.25955,2258,818.7914,818.788269,0.2935791,0.021812981
2.25956,2259,818.7914,818.7883,0.3112793,0.021812981
2.26143,2260,818.7914,818.7883,0.335693359,0.03271947
2.26324,2261,818.7914,818.7883,0.335693359,0.021812981
2.26326,2262,818.7914,818.788452,0.2734375,0.021812981
2.26449,2263,818.7914,818.788452,0.322265625,0.021812981
2.26631,2264,818.7914,818.788452,0.322265625,0.021812981
2.26634,2265,818.7914,818.788452,0.322265625,0.03271947
2.26756,2266,818.7914,818.788452,0.322265625,0.03271947
2.26757,2267,818.7914,818.7886,0.260009766,0.03271947
2.26939,2268,818.7914,818.788635,0.277709961,0.03271947
2.27125,2269,818.7914,818.788635,0.302124023,0.03271947
2.27132,2270,818.7914,818.788757,0.239868164,0.03271947
2.27250,2271,818.7914,818.7888,0.257568359,0.03271947
2.27436,2272,818.7914,818.7888,0.281982422,0.043625962
2.27440,2273,818.7914,818.7889,0.2508545,0.043625962
2.27555,2274,818.7914,818.789,0.2130127,0.0545324534
2.27557,2275,818.7914,818.789,0.26184082,0.043625962
2.27743,2276,818.7914,818.7891,0.199584961,0.043625962
2.27919,2277,818.7914,818.7891,0.248413086,0.0545324534
2.27922,2278,818.7914,818.7893,0.1550293,0.0545324534
2.28052,2279,818.7914,818.7893,0.228271484,0.06543894
2.28234,2280,818.7914,818.789368,0.197143555,0.06543894
2.28236,2281,818.7914,818.7894,0.190429688,0.06543894
2.28355,2282,818.7914,818.789551,0.152587891,0.06543894
2.28357,2283,818.7914,818.789551,0.201416016,0.06543894
2.28544,2284,818.7914,818.789551,0.201416016,0.03271947
2.28724,2285,818.7914,818.7896,0.170288086,0.021812981
2.28727,2286,818.7914,818.7896,0.194702148,0.0109064905
2.28850,2287,818.7914,818.7896,0.194702148,0
2.29031,2288,818.7914,818.7896,0.194702148,0
2.29033,2289,818.7914,818.789551,0.225830078,-0.0163597353
2.29155,2290,818.7914,818.789551,0.201416016,-0.0272662267
2.29158,2291,818.7914,818.789551,0.201416016,-0.0163597353
2.29342,2292,818.7914,818.789551,0.201416016,-0.0272662267
2.29523,2293,818.7914,818.789551,0.201416016,-0.0163597353
2.29526,2294,818.7914,818.789551,0.201416016,-0.0163597353
2.29649,2295,818.7914,818.789551,0.201416016,-0.0163597353
2.29832,2296,818.7914,818.7894,0.263671875,-0.0163597353
2.29834,2297,818.7914,818.7894,0.21484375,-0.0163597353
2.29954,2298,818.7914,818.7894,0.21484375,-0.0163597353
2.29955,2299,818.7914,818.7894,0.21484375,-0.0163597353
2.30141,2300,818.7914,818.7894,0.21484375,-0.0163597353
