t,n,A,B,C,D
0.00125,0,805.39856,805.39856,0,0
0.00232,1,805.39856,805.39856,0,0
0.00412,2,805.39856,805.39856,0,0
0.00415,3,805.39856,805.39856,0,0
0.00545,4,805.39856,805.39856,0,0
0.00549,5,805.39856,805.39856,0,0
0.00727,6,805.39856,805.39856,0,0
0.00905,7,805.39856,805.39856,0,0
0.00907,8,805.39856,805.39856,0,0
0.01035,9,805.39856,805.39856,0,0
0.01213,10,805.39856,805.39856,0,0
0.01214,11,805.39856,805.39856,0,0
0.01339,12,805.39856,805.39856,0,0
0.01342,13,805.39856,805.39856,0,0
0.01523,14,805.39856,805.39856,0,0
0.01711,15,805.39856,805.39856,0,0
0.01714,16,805.39856,805.39856,0,0
0.01831,17,805.39856,805.39856,0,0
0.02013,18,805.39856,805.39856,0,0
0.02016,19,805.39856,805.39856,0,0
0.02140,20,805.39856,805.39856,0,0
0.02141,21,805.39856,805.39856,0,0
0.02327,22,805.39856,805.39856,0,0
0.02506,23,805.39856,805.39856,0,0
0.02512,24,805.39856,805.39856,0,0
0.02631,25,805.39856,805.39856,0,0
0.02812,26,805.39856,805.39856,0,0
0.02813,27,805.39856,805.39856,0,0
0.02938,28,805.39856,805.39856,0,0
0.02940,29,805.39856,805.39856,0,0
0.03122,30,805.39856,805.39856,0,0
0.03304,31,805.39856,805.39856,0,0
0.03305,32,805.39856,805.39856,0,0
0.03431,33,805.39856,805.39856,0,0
0.03614,34,805.39856,805.39856,0,0
0.03617,35,805.39856,805.39856,0,0
0.03739,36,805.39856,805.39856,0,0
0.03741,37,805.39856,805.39856,0,0
0.03924,38,805.39856,805.39856,0,0
0.04107,39,805.39856,805.39856,0,0
0.04110,40,805.39856,805.39856,0,0
0.04233,41,805.39856,805.39856,0,0
0.04413,42,805.39856,805.39856,0,0
0.04417,43,805.39856,805.39856,0,0
0.04540,44,805.39856,805.39856,0,0
0.04543,45,805.39856,805.39856,0,0
0.04724,46,805.39856,805.39856,0,0
0.04904,47,805.39856,805.39856,0,0
0.04906,48,805.39856,805.39856,0,0
0.05032,49,805.39856,805.39856,0,0
0.05213,50,805.39856,805.39856,0,0
0.05215,51,805.39856,805.39856,0,0
0.05344,52,805.39856,805.39856,0,0
0.05346,53,805.39856,805.39856,0,0
0.05522,54,805.39856,805.39856,0,0
0.05715,55,805.39856,805.39856,0,0
0.05716,56,805.39856,805.39856,0,0
0.05834,57,805.39856,805.39856,0,0
0.06017,58,805.39856,805.39856,0,0
0.06019,59,805.39856,805.39856,0,0
0.06140,60,805.39856,805.39856,0,0
0.06142,61,805.39856,805.39856,0,0
0.06322,62,805.39856,805.39856,0,0
0.06504,63,805.39856,805.39856,0,0
0.06506,64,805.39856,805.39856,0,0
0.06630,65,805.39856,805.39856,0,0
0.06813,66,805.39856,805.39856,0,0
0.06814,67,805.39856,805.39856,0,0
0.06941,68,805.39856,805.39856,0,0
0.06945,69,805.39856,805.39856,0,0
0.07121,70,805.39856,805.39856,0,0
0.07307,71,805.39856,805.39856,0,0
0.07309,72,805.39856,805.39856,0,0
0.07432,73,805.39856,805.39856,0,0
0.07613,74,805.39856,805.39856,0,0
0.07615,75,805.39856,805.39856,0,0
0.07739,76,805.39856,805.39856,0,0
0.07740,77,805.39856,805.39856,0,0
0.07924,78,805.39856,805.39856,0,0
0.08105,79,805.39856,805.39856,0,0
0.08107,80,805.39856,805.39856,0,0
0.08231,81,805.39856,805.39856,0,0
0.08414,82,805.39856,805.39856,0,0
0.08417,83,805.39856,805.39856,0,0
0.08538,84,805.39856,805.39856,0,0
0.08541,85,805.39856,805.39856,0,0
0.08724,86,805.39856,805.39856,0,0
0.08905,87,805.39856,805.39856,0,0
0.08906,88,805.39856,805.39856,0,0
0.09035,89,805.39856,805.39856,0,0
0.09215,90,805.39856,805.39856,0,0
0.09217,91,805.39856,805.39856,0,0
0.09339,92,805.39856,805.39856,0,0
0.09341,93,805.39856,805.39856,0,0
0.09527,94,805.39856,805.39856,0,0
0.09704,95,805.39856,805.39856,0,0
0.09705,96,805.39856,805.39856,0,0
0.09830,97,805.39856,805.39856,0,0
0.10013,98,805.39856,805.39856,0,0
0.10014,99,805.39856,805.39856,0,0
0.10138,100,805.39856,805.39856,0,0
0.10140,101,805.39856,805.39856,0,0
0.10324,102,805.39856,805.39856,0,0
0.10505,103,805.39856,805.39856,0,0
0.10507,104,805.39856,805.39856,0,0
0.10640,105,805.39856,805.39856,0,0
0.10815,106,805.39856,805.39856,0,0
0.10817,107,805.39856,805.39856,0,0
0.10940,108,805.39856,805.39856,0,0
0.10942,109,805.39856,805.39856,0,0
0.11122,110,805.39856,805.39856,0,0
0.11304,111,805.39856,805.39856,0,0
0.11306,112,805.39856,805.39856,0,0
0.11430,113,805.39856,805.39856,0,0
0.11613,114,805.39856,805.39856,0,0
0.11614,115,805.39856,805.39856,0,0
0.11739,116,805.39856,805.39856,0,0
0.11741,117,805.39856,805.39856,0,0
0.11921,118,805.39856,805.39856,0,0
0.12105,119,805.39856,805.39856,0,0
0.12108,120,805.39856,805.39856,0,0
0.12250,121,805.39856,805.39856,0,0
0.12415,122,805.39856,805.39856,0,0
0.12418,123,805.39856,805.39856,0,0
0.12540,124,805.39856,805.39856,0,0
0.12541,125,805.39856,805.39856,0,0
0.12722,126,805.39856,805.39856,0,0
0.12908,127,805.39856,805.39856,0,0
0.12910,128,805.39856,805.39856,0,0
0.13030,129,805.39856,805.39856,0,0
0.13213,130,805.39856,805.39856,0,0
0.13215,131,805.39856,805.39856,0,0
0.13339,132,805.39856,805.39856,0,0
0.13340,133,805.39856,805.39856,0,0
0.13521,134,805.39856,805.39856,0,0
0.13707,135,805.39856,805.39856,0,0
0.13710,136,805.39856,805.39856,0,0
0.13831,137,805.39856,805.39856,0,0
0.14017,138,805.39856,805.39856,0,0
0.14019,139,805.39856,805.39856,0,0
0.14140,140,805.39856,805.39856,0,0
0.14141,141,805.39856,805.39856,0,0
0.14322,142,805.39856,805.39856,0,0
0.14506,143,805.39856,805.39856,0,0
0.14509,144,805.39856,805.39856,0,0
0.14630,145,805.39856,805.39856,0,0
0.14818,146,805.39856,805.39856,0,0
0.14820,147,805.39856,805.39856,0,0
0.14939,148,805.39856,805.39856,0,0
0.14940,149,805.39856,805.39856,0,0
0.15123,150,805.39856,805.39856,0,0
0.15309,151,805.39856,805.39856,0,0
0.15312,152,805.39856,805.39856,0,0
0.15431,153,805.39856,805.39856,0,0
0.15619,154,805.39856,805.39856,0,0
0.15622,155,805.39856,805.39856,0,0
0.15740,156,805.39856,805.39856,0,0
0.15742,157,805.39856,805.39856,0,0
0.15923,158,805.39856,805.39856,0,0
0.16109,159,805.39856,805.39856,0,0
0.16112,160,805.39856,805.39856,0,0
0.16230,161,805.39856,805.39856,0,0
0.16414,162,805.39856,805.39856,0,0
0.16416,163,805.39856,805.39856,0,0
0.16539,164,805.39856,805.39856,0,0
0.16540,165,805.39856,805.39856,0,0
0.16721,166,805.39856,805.39856,0,0
0.16904,167,805.39856,805.39856,0,0
0.16906,168,805.39856,805.39856,0,0
0.17030,169,805.39856,805.39856,0,0
0.17222,170,805.39856,805.39856,0,0
0.17227,171,805.39856,805.39856,0,0
0.17341,172,805.39856,805.39856,0,0
0.17343,173,805.39856,805.39856,0,0
0.17523,174,805.39856,805.39856,0,0
0.17705,175,805.39856,805.39856,0,0
0.17707,176,805.39856,805.39856,0,0
0.17831,177,805.39856,805.39856,0,0
0.18014,178,805.39856,805.39856,0,0
0.18017,179,805.39856,805.39856,0,0
0.18140,180,805.39856,805.39856,0,0
0.18141,181,805.39856,805.39856,0,0
0.18322,182,805.39856,805.39856,0,0
0.18504,183,805.39856,805.39856,0,0
0.18505,184,805.39856,805.39856,0,0
0.18630,185,805.39856,805.39856,0,0
0.18815,186,805.39856,805.39856,0,0
0.18817,187,805.39856,805.39856,0,0
0.18944,188,805.39856,805.39856,0,0
0.18947,189,805.39856,805.39856,0,0
0.19123,190,805.39856,805.39856,0,0
0.19309,191,805.39856,805.39856,0,0
0.19312,192,805.39856,805.39856,0,0
0.19430,193,805.39856,805.39856,0,0
0.19629,194,805.39856,805.39856,0,0
0.19631,195,805.39856,805.39856,0,0
0.19739,196,805.39856,805.39856,0,0
0.19741,197,805.39856,805.39856,0,0
0.19926,198,805.39856,805.39856,0,0
0.20106,199,805.39856,805.39856,0,0
0.20109,200,805.39856,805.39856,0,0
0.20230,201,805.39856,805.39856,0,0
0.20417,202,805.39856,805.39856,0,0
0.20419,203,805.39856,805.39856,0,0
0.20547,204,805.39856,805.39856,0,0
0.20551,205,805.39856,805.39856,0,0
0.20725,206,805.39856,805.39856,0,0
0.20906,207,805.39856,805.39856,0,0
0.20910,208,805.39856,805.39856,0,0
0.21033,209,805.39856,805.39856,0,0
0.21216,210,805.39856,805.39856,0,0
0.21219,211,805.39856,805.39856,0,0
0.21340,212,805.39856,805.39856,0,0
0.21341,213,805.39856,805.39856,0,0
0.21528,214,805.39856,805.39856,0,0
0.21710,215,805.39856,805.39856,0,0
0.21712,216,805.39856,805.39856,0,0
0.21830,217,805.39856,805.39856,0,0
0.22015,218,805.39856,805.39856,0,0
0.22019,219,805.39856,805.39856,0,0
0.22138,220,805.39856,805.39856,0,0
0.22139,221,805.39856,805.39856,0,0
0.22327,222,805.39856,805.39856,0,0
0.22507,223,805.39856,805.39856,0,0
0.22509,224,805.39856,805.39856,0,0
0.22632,225,805.39856,805.39856,0,0
0.22815,226,805.39856,805.39856,0,0
0.22817,227,805.39856,805.39856,0,0
0.22938,228,805.39856,805.39856,0,0
0.22940,229,805.39856,805.39856,0,0
0.23125,230,805.39856,805.39856,0,0
0.23307,231,805.39856,805.39856,0,0
0.23310,232,805.39856,805.39856,0,0
0.23430,233,805.39856,805.39856,0,0
0.23618,234,805.39856,805.39856,0,0
0.23621,235,805.39856,805.39856,0,0
0.23739,236,805.39856,805.39856,0,0
0.23740,237,805.39856,805.39856,0,0
0.23931,238,805.39856,805.39856,0,0
0.24109,239,805.39856,805.39856,0,0
0.24112,240,805.39856,805.39856,0,0
0.24230,241,805.39856,805.39856,0,0
0.24416,242,805.39856,805.39856,0,0
0.24419,243,805.39856,805.39856,0,0
0.24540,244,805.39856,805.39856,0,0
0.24542,245,805.39856,805.39856,0,0
0.24726,246,805.39856,805.39856,0,0
0.24906,247,805.39856,805.39856,0,0
0.24909,248,805.39856,805.39856,0,0
0.25030,249,805.39856,805.39856,0,0
0.25216,250,805.39856,805.39856,0,0
0.25219,251,805.39856,805.39856,0,0
0.25340,252,805.39856,805.39856,0,0
0.25342,253,805.39856,805.39856,0,0
0.25524,254,805.39856,805.39856,0,0
0.25708,255,805.39856,805.39856,0,0
0.25711,256,805.39856,805.39856,0,0
0.25830,257,805.39856,805.39856,0,0
0.26015,258,805.39856,805.39856,0,0
0.26019,259,805.39856,805.39856,0,0
0.26139,260,805.39856,805.39856,0,0
0.26140,261,805.39856,805.39856,0,0
0.26324,262,805.39856,805.39856,0,0
0.26505,263,805.39856,805.39856,0,0
0.26507,264,805.39856,805.39856,0,0
0.26632,265,805.39856,805.39856,0,0
0.26814,266,805.39856,805.39856,0,0
0.26817,267,805.39856,805.39856,0,0
0.26939,268,805.39856,805.39856,0,0
0.26940,269,805.39856,805.39856,0,0
0.27126,270,805.39856,805.39856,0,0
0.27306,271,805.39856,805.39856,0,0
0.27308,272,805.39856,805.39856,0,0
0.27432,273,805.39856,805.39856,0,0
0.27613,274,805.39856,805.39856,0,0
0.27616,275,805.39856,805.39856,0,0
0.27740,276,805.39856,805.39856,0,0
0.27743,277,805.39856,805.39856,0,0
0.27925,278,805.39856,805.39856,0,0
0.28109,279,805.39856,805.39856,0,0
0.28113,280,805.39856,805.39856,0,0
0.28230,281,805.39856,805.39856,0,0
0.28416,282,805.39856,805.39856,0,0
0.28418,283,805.39856,805.39856,0,0
0.28539,284,805.39856,805.39856,0,0
0.28542,285,805.39856,805.39856,0,0
0.28724,286,805.39856,805.39856,0,0
0.28907,287,805.39856,805.39856,0,0
0.28913,288,805.39856,805.39856,0,0
0.29030,289,805.39856,805.39856,0,0
0.29217,290,805.39856,805.39856,0,0
0.29221,291,805.39856,805.39856,0,0
0.29340,292,805.39856,805.39856,0,0
0.29344,293,805.39856,805.39856,0,0
0.29526,294,805.39856,805.39856,0,0
0.29706,295,805.39856,805.39856,0,0
0.29709,296,805.39856,805.39856,0,0
0.29829,297,805.39856,805.39856,0,0
0.30015,298,805.39856,805.39856,0,0
0.30028,299,805.39856,805.39856,0,0
0.30142,300,805.39856,805.39856,0,0
0.30145,301,805.5986,805.39856,22.0013428,0
0.30325,302,805.5986,805.39856,22.0013428,0
0.30507,303,805.5986,805.399231,21.92749,0.087251924
0.30510,304,805.5986,805.4003,21.80664,0.327194721
0.30632,305,805.5986,805.4026,21.5582275,0.8288933
0.30821,306,805.5986,805.4058,21.2023926,1.54872167
0.30828,307,805.5986,805.4098,20.7659912,2.40488124
0.30943,308,805.5986,805.4152,20.168457,3.41918468
0.30945,309,805.5986,805.422,19.4232178,4.56436634
0.31127,310,805.5986,805.428467,18.7115479,5.485965
0.31308,311,805.5986,805.4365,17.8253174,6.413017
0.31312,312,805.5986,805.446045,16.7779541,7.492759
0.31430,313,805.5986,805.4551,15.7843018,8.06535
0.31616,314,805.5986,805.466248,14.5556641,9.161452
0.31619,315,805.5986,805.475769,13.5083008,9.734043
0.31738,316,805.5986,805.487549,12.2125244,10.2684612
0.31740,317,805.5986,805.4976,11.1047363,10.6011095
0.31926,318,805.5986,805.5083,9.92981,10.361166
0.32105,319,805.5986,805.516968,8.97644,10.2084751
0.32107,320,805.5986,805.5244,8.157349,9.297783
0.32248,321,805.5986,805.5318,7.3449707,8.725192
0.32417,322,805.5986,805.5376,6.70715332,7.585464
0.32420,323,805.5986,805.542542,6.16333,6.6965847
0.32543,324,805.5986,805.5458,5.807495,5.633202
0.32545,325,805.5986,805.548462,5.512085,4.3571434
0.32725,326,805.5986,805.550537,5.28381348,3.62640834
0.32910,327,805.5986,805.551636,5.162964,2.56302524
0.32912,328,805.5986,805.5523,5.08911133,1.8486501
0.33032,329,805.5986,805.5525,5.06896973,1.23243344
0.33213,330,805.5986,805.552368,5.08239746,0.6162167
0.33215,331,805.5986,805.5523,5.08911133,0.223583058
0.33339,332,805.5986,805.552063,5.115967,0
0.33341,333,805.5986,805.5518,5.14282227,-0.130877882
0.33525,334,805.5986,805.551758,5.149536,-0.174503848
0.33707,335,805.5986,805.551636,5.162964,-0.16359736
0.33710,336,805.5986,805.551636,5.162964,-0.114518143
0.33830,337,805.5986,805.5518,5.14282227,-0.03817272
0.34015,338,805.5986,805.552063,5.115967,0.043625962
0.34018,339,805.5986,805.5523,5.08911133,0.136331126
0.34139,340,805.5986,805.5527,5.048828,0.21267657
0.34140,341,805.5986,805.5531,5.001831,0.272662252
0.34326,342,805.5986,805.5534,4.96826172,0.327194721
0.34506,343,805.5986,805.5538,4.92797852,0.3490077
0.34509,344,805.5986,805.5542,4.88098145,0.359914184
0.34630,345,805.5986,805.554443,4.854126,0.359914184
0.34815,346,805.5986,805.5547,4.82727051,0.316288233
0.34817,347,805.5986,805.554749,4.82055664,0.2508493
0.34938,348,805.5986,805.5547,4.82727051,0.169050619
0.34939,349,805.5986,805.5546,4.83398438,0.06543894
0.35124,350,805.5986,805.5543,4.86755371,-0.03817272
0.35307,351,805.5986,805.554138,4.88769531,-0.141784385
0.35309,352,805.5986,805.5538,4.92797852,-0.218129814
0.35432,353,805.5986,805.5536,4.94812,-0.2781155
0.35615,354,805.5986,805.5532,4.98840332,-0.2999285
0.35617,355,805.5986,805.5529,5.02197266,-0.2999285
0.35740,356,805.5986,805.5528,5.03540039,-0.289022
0.35742,357,805.5986,805.5525,5.06896973,-0.267209023
0.35924,358,805.5986,805.552368,5.08239746,-0.229036286
0.36108,359,805.5986,805.5522,5.102539,-0.207223326
0.36110,360,805.5986,805.552063,5.115967,-0.185410336
0.36234,361,805.5986,805.551941,5.12939453,-0.16359736
0.36415,362,805.5986,805.551941,5.12939453,-0.114518143
0.36417,363,805.5986,805.551941,5.12939453,-0.09270517
0.36538,364,805.5986,805.551941,5.12939453,-0.03817272
0.36540,365,805.5986,805.552063,5.115967,0.0109064905
0.36723,366,805.5986,805.5521,5.109253,0.03271947
0.36906,367,805.5986,805.5523,5.08911133,0.07634544
0.36908,368,805.5986,805.5525,5.06896973,0.09815842
0.37033,369,805.5986,805.5528,5.03540039,0.147237629
0.37243,370,805.5986,805.55304,5.008545,0.1908636
0.37252,371,805.5986,805.553345,4.97497559,0.223583058
0.37341,372,805.5986,805.554,4.901123,0.305381745
0.37342,373,805.5986,805.5543,4.86755371,0.327194721
0.37533,374,805.5986,805.554749,4.82055664,0.3490077
0.37709,375,805.5986,805.5552,4.77355957,0.3490077
0.37714,376,805.5986,805.5555,4.73999,0.3490077
0.37832,377,805.5986,805.5557,4.713135,0.327194721
0.38015,378,805.5986,805.555969,4.6862793,0.305381745
0.38017,379,805.5986,805.556152,4.6661377,0.261755764
0.38141,380,805.5986,805.556152,4.6661377,0.201770067
0.38143,381,805.5986,805.5563,4.65271,0.147237629
0.38323,382,805.5986,805.5563,4.65271,0.087251924
0.38509,383,805.5986,805.5563,4.65271,0.043625962
0.38511,384,805.5986,805.556152,4.6661377,0.0109064905
0.38631,385,805.5986,805.556152,4.6661377,-0.0272662267
0.38817,386,805.5986,805.556152,4.6661377,-0.04907921
0.38819,387,805.5986,805.555969,4.6862793,-0.08179868
0.38940,388,805.5986,805.555847,4.699707,-0.09270517
0.38941,389,805.5986,805.555847,4.699707,-0.09270517
0.39123,390,805.5986,805.5557,4.713135,-0.103611663
0.39307,391,805.5986,805.555664,4.71984863,-0.09270517
0.39311,392,805.5986,805.5555,4.73999,-0.114518143
0.39435,393,805.5986,805.5555,4.73999,-0.09270517
0.39616,394,805.5986,805.5553,4.760132,-0.09270517
0.39618,395,805.5986,805.5553,4.760132,-0.09270517
0.39739,396,805.5986,805.5552,4.77355957,-0.08179868
0.39741,397,805.5986,805.5552,4.77355957,-0.08179868
0.39924,398,805.5986,805.5551,4.78027344,-0.07089219
0.40106,399,805.5986,805.5551,4.78027344,-0.0599856973
0.40109,400,805.5986,805.5551,4.78027344,-0.03817272
0.40231,401,805.5986,805.5552,4.77355957,-0.0272662267
0.40417,402,805.5986,805.5552,4.77355957,0
0.40420,403,805.5986,805.555237,4.7668457,0.021812981
0.40544,404,805.5986,805.5553,4.760132,0.03271947
0.40550,405,805.5986,805.5553,4.760132,0.043625962
0.40734,406,805.5986,805.5554,4.746704,0.043625962
0.40910,407,805.5986,805.5555,4.73999,0.0545324534
0.40913,408,805.5986,805.5555,4.73999,0.06543894
0.41033,409,805.5986,805.555664,4.71984863,0.0545324534
0.41219,410,805.5986,805.555664,4.71984863,0.07634544
0.41223,411,805.5986,805.555847,4.699707,0.0545324534
0.41338,412,805.5986,805.555847,4.699707,0.07634544
0.41340,413,805.5986,805.555969,4.6862793,0.07634544
0.41524,414,805.5986,805.556,4.67956543,0.07634544
0.41703,415,805.5986,805.556152,4.6661377,0.087251924
0.41706,416,805.5986,805.5563,4.65271,0.087251924
0.41831,417,805.5986,805.556458,4.63256836,0.09815842
0.42023,418,805.5986,805.556458,4.63256836,0.09815842
0.42027,419,805.5986,805.5566,4.61914063,0.109064907
0.42139,420,805.5986,805.556763,4.598999,0.125424653
0.42140,421,805.5986,805.556946,4.57885742,0.136331126
0.42326,422,805.5986,805.557068,4.56542969,0.147237629
0.42516,423,805.5986,805.557251,4.545288,0.147237629
0.42519,424,805.5986,805.5575,4.51843262,0.158144116
0.42632,425,805.5986,805.5577,4.498291,0.169050619
0.42818,426,805.5986,805.5578,4.48486328,0.158144116
0.42821,427,805.5986,805.557861,4.47814941,0.158144116
0.42939,428,805.5986,805.558044,4.458008,0.147237629
0.42942,429,805.5986,805.5581,4.451294,0.125424653
0.43125,430,805.5986,805.5582,4.437866,0.09815842
0.43307,431,805.5986,805.5582,4.437866,0.06543894
0.43311,432,805.5986,805.5582,4.437866,0.021812981
0.43430,433,805.5986,805.558044,4.458008,-0.0163597353
0.43616,434,805.5986,805.558,4.46472168,-0.04907921
0.43618,435,805.5986,805.557861,4.47814941,-0.07089219
0.43739,436,805.5986,805.5578,4.48486328,-0.08179868
0.43741,437,805.5986,805.5577,4.498291,-0.09270517
0.43936,438,805.5986,805.5577,4.498291,-0.09270517
0.44105,439,805.5986,805.557556,4.51171875,-0.08179868
0.44107,440,805.5986,805.557556,4.51171875,-0.07089219
0.44233,441,805.5986,805.557556,4.51171875,-0.04907921
0.44418,442,805.5986,805.557556,4.51171875,-0.0272662267
0.44421,443,805.5986,805.5577,4.498291,0
0.44540,444,805.5986,805.5578,4.48486328,0.03271947
0.44541,445,805.5986,805.557861,4.47814941,0.06543894
0.44726,446,805.5986,805.558044,4.458008,0.087251924
0.44906,447,805.5986,805.5582,4.437866,0.09815842
0.44907,448,805.5986,805.5583,4.43115234,0.109064907
0.45030,449,805.5986,805.55835,4.42443848,0.109064907
0.45218,450,805.5986,805.558533,4.404297,0.109064907
0.45220,451,805.5986,805.558533,4.404297,0.09815842
0.45338,452,805.5986,805.5586,4.397583,0.07634544
0.45340,453,805.5986,805.558655,4.390869,0.0545324534
0.45524,454,805.5986,805.5586,4.397583,0.043625962
0.45709,455,805.5986,805.558533,4.404297,0.0109064905
0.45711,456,805.5986,805.558533,4.404297,-0.0272662267
0.45834,457,805.5986,805.558533,4.404297,-0.03817272
0.46018,458,805.5986,805.558533,4.404297,-0.04907921
0.46022,459,805.5986,805.5584,4.41772461,-0.04907921
0.46140,460,805.5986,805.5584,4.41772461,-0.03817272
0.46142,461,805.5986,805.5584,4.41772461,-0.03817272
0.46324,462,805.5986,805.5584,4.41772461,-0.0272662267
0.46506,463,805.5986,805.558533,4.404297,-0.0163597353
0.46509,464,805.5986,805.558533,4.404297,0.021812981
0.46631,465,805.5986,805.5586,4.397583,0.03271947
0.46816,466,805.5986,805.558655,4.390869,0.0545324534
0.46819,467,805.5986,805.558838,4.37072754,0.07634544
0.46939,468,805.5986,805.558838,4.37072754,0.07634544
0.46941,469,805.5986,805.55896,4.3573,0.07634544
0.47126,470,805.5986,805.55896,4.3573,0.07634544
0.47304,471,805.5986,805.5591,4.343872,0.06543894
0.47306,472,805.5986,805.5592,4.33044434,0.06543894
0.47430,473,805.5986,805.5592,4.33044434,0.0545324534
0.47615,474,805.5986,805.5592,4.33044434,0.03271947
0.47618,475,805.5986,805.5592,4.33044434,0.021812981
0.47739,476,805.5986,805.5592,4.33044434,0
0.47740,477,805.5986,805.5592,4.33044434,-0.0163597353
0.47924,478,805.5986,805.5592,4.33044434,-0.0163597353
0.48105,479,805.5986,805.5592,4.33044434,0
0.48107,480,805.5986,805.5592,4.33044434,-0.0163597353
0.48231,481,805.5986,805.5592,4.33044434,-0.0163597353
0.48414,482,805.5986,805.5592,4.33044434,0
0.48417,483,805.5986,805.5593,4.3170166,0
0.48538,484,805.5986,805.5593,4.3170166,0.021812981
0.48539,485,805.5986,805.5594,4.31030273,0.03271947
0.48726,486,805.5986,805.5595,4.296875,0.043625962
0.48904,487,805.5986,805.559631,4.28344727,0.06543894
0.48905,488,805.5986,805.559631,4.28344727,0.07634544
0.49031,489,805.5986,805.5598,4.26330566,0.07634544
0.49213,490,805.5986,805.5599,4.256592,0.087251924
0.49215,491,805.5986,805.559937,4.249878,0.07634544
0.49339,492,805.5986,805.559937,4.249878,0.06543894
0.49343,493,805.5986,805.5601,4.22973633,0.06543894
0.49524,494,805.5986,805.5601,4.22973633,0.06543894
0.49705,495,805.5986,805.5603,4.20959473,0.06543894
0.49706,496,805.5986,805.5603,4.20959473,0.06543894
0.49831,497,805.5986,805.5604,4.196167,0.07634544
0.50013,498,805.5986,805.5604,4.196167,0.06543894
0.50014,499,805.5986,805.5606,4.17602539,0.07634544
0.50141,500,805.5986,805.560669,4.16931152,0.07634544
0.50142,501,805.5986,805.5607,4.16259766,0.087251924
0.50324,502,805.5986,805.5609,4.142456,0.09815842
0.50505,503,805.5986,805.561157,4.11560059,0.125424653
0.50506,504,805.5986,805.56134,4.095459,0.147237629
0.50632,505,805.5986,805.561462,4.08203125,0.158144116
0.50813,506,805.5986,805.5617,4.055176,0.169050619
0.50815,507,805.5986,805.5619,4.035034,0.179957092
0.50941,508,805.5986,805.562134,4.00817871,0.1908636
0.50943,509,805.5986,805.5623,3.988037,0.201770067
0.51130,510,805.5986,805.562561,3.96118164,0.21267657
0.51306,511,805.5986,805.562866,3.9276123,0.21267657
0.51307,512,805.5986,805.563,3.91418457,0.21267657
0.51432,513,805.5986,805.5632,3.894043,0.201770067
0.51612,514,805.5986,805.5634,3.8671875,0.201770067
0.51614,515,805.5986,805.563538,3.85375977,0.1908636
0.51739,516,805.5986,805.56366,3.840332,0.169050619
0.51742,517,805.5986,805.5638,3.8269043,0.147237629
0.51926,518,805.5986,805.5638,3.8269043,0.109064907
0.52104,519,805.5986,805.5638,3.8269043,0.07634544
0.52106,520,805.5986,805.5638,3.8269043,0.0545324534
0.52245,521,805.5986,805.5638,3.8269043,0.021812981
0.52414,522,805.5986,805.5638,3.8269043,0
0.52417,523,805.5986,805.5638,3.8269043,-0.0272662267
0.52541,524,805.5986,805.5637,3.83361816,-0.03817272
0.52543,525,805.5986,805.56366,3.840332,-0.03817272
0.52722,526,805.5986,805.56366,3.840332,-0.04907921
0.52908,527,805.5986,805.563538,3.85375977,-0.03817272
0.52910,528,805.5986,805.5635,3.86047363,-0.0599856973
0.53034,529,805.5986,805.5635,3.86047363,-0.0599856973
0.53213,530,805.5986,805.5635,3.86047363,-0.0599856973
0.53216,531,805.5986,805.5635,3.86047363,-0.04907921
0.53339,532,805.5986,805.5635,3.86047363,-0.03817272
0.53340,533,805.5986,805.5634,3.8671875,-0.03817272
0.53521,534,805.5986,805.5634,3.8671875,-0.0272662267
0.53705,535,805.5986,805.5634,3.8671875,-0.0163597353
0.53706,536,805.5986,805.5635,3.86047363,0
0.53835,537,805.5986,805.5635,3.86047363,0.0109064905
0.54014,538,805.5986,805.563538,3.85375977,0.03271947
0.54015,539,805.5986,805.56366,3.840332,0.03271947
0.54142,540,805.5986,805.56366,3.840332,0.043625962
0.54144,541,805.5986,805.5638,3.8269043,0.043625962
0.54327,542,805.5986,805.5638,3.8269043,0.043625962
0.54505,543,805.5986,805.563843,3.82019043,0.0545324534
0.54507,544,805.5986,805.563965,3.8067627,0.06543894
0.54631,545,805.5986,805.563965,3.8067627,0.0545324534
0.54812,546,805.5986,805.5641,3.793335,0.06543894
0.54813,547,805.5986,805.5642,3.77990723,0.06543894
0.54941,548,805.5986,805.5643,3.77319336,0.06543894
0.54944,549,805.5986,805.5644,3.75976563,0.07634544
0.55122,550,805.5986,805.5644,3.75976563,0.087251924
0.55304,551,805.5986,805.5646,3.739624,0.09815842
0.55305,552,805.5986,805.564758,3.71948242,0.109064907
0.55430,553,805.5986,805.564941,3.69934082,0.125424653
0.55615,554,805.5986,805.565063,3.685913,0.136331126
0.55619,555,805.5986,805.5653,3.65905762,0.147237629
0.55743,556,805.5986,805.565552,3.63220215,0.158144116
0.55745,557,805.5986,805.5657,3.61877441,0.179957092
0.55927,558,805.5986,805.5659,3.591919,0.201770067
0.56105,559,805.5986,805.5662,3.55834961,0.223583058
0.56108,560,805.5986,805.566467,3.53149414,0.223583058
0.56235,561,805.5986,805.56665,3.51135254,0.223583058
0.56413,562,805.5986,805.566833,3.491211,0.21267657
0.56415,563,805.5986,805.567,3.47106934,0.201770067
0.56540,564,805.5986,805.567139,3.4576416,0.179957092
0.56542,565,805.5986,805.567139,3.4576416,0.136331126
0.56724,566,805.5986,805.567139,3.4576416,0.09815842
0.56905,567,805.5986,805.567139,3.4576416,0.0545324534
0.56906,568,805.5986,805.567139,3.4576416,0.0109064905
0.57030,569,805.5986,805.567,3.47106934,-0.0272662267
0.57229,570,805.5986,805.567,3.47106934,-0.0599856973
0.57230,571,805.5986,805.566833,3.491211,-0.09270517
0.57343,572,805.5986,805.5665,3.52478027,-0.114518143
0.57344,573,805.5986,805.566467,3.53149414,-0.130877882
0.57522,574,805.5986,805.566345,3.54492188,-0.114518143
0.57705,575,805.5986,805.5662,3.55834961,-0.114518143
0.57706,576,805.5986,805.5662,3.55834961,-0.103611663
0.57830,577,805.5986,805.5662,3.55834961,-0.09270517
0.58015,578,805.5986,805.5661,3.57177734,-0.08179868
0.58018,579,805.5986,805.5661,3.57177734,-0.0599856973
0.58141,580,805.5986,805.5662,3.55834961,-0.0272662267
0.58144,581,805.5986,805.5662,3.55834961,0
0.58321,582,805.5986,805.566345,3.54492188,0.03271947
0.58505,583,805.5986,805.566345,3.54492188,0.0545324534
0.58509,584,805.5986,805.5665,3.52478027,0.06543894
0.58629,585,805.5986,805.5666,3.51806641,0.07634544
0.58812,586,805.5986,805.56665,3.51135254,0.07634544
0.58813,587,805.5986,805.56665,3.51135254,0.06543894
0.58941,588,805.5986,805.5668,3.4979248,0.06543894
0.58943,589,805.5986,805.566833,3.491211,0.0545324534
0.59123,590,805.5986,805.566833,3.491211,0.043625962
0.59306,591,805.5986,805.5669,3.484497,0.043625962
0.59307,592,805.5986,805.567,3.47106934,0.043625962
0.59430,593,805.5986,805.567,3.47106934,0.043625962
0.59614,594,805.5986,805.567,3.47106934,0.03271947
0.59615,595,805.5986,805.567,3.47106934,0.03271947
0.59742,596,805.5986,805.567,3.47106934,0.021812981
0.59744,597,805.5986,805.567,3.47106934,0
0.59921,598,805.5986,805.567,3.47106934,0
0.60104,599,805.5986,805.567,3.47106934,-0.0163597353
0.60105,600,805.5986,805.567,3.47106934,-0.0163597353
0.60230,601,805.5986,805.567,3.47106934,0
0.60412,602,805.5986,805.567,3.47106934,-0.0163597353
0.60413,603,805.5986,805.567,3.47106934,0
0.60568,604,805.5986,805.567,3.47106934,0
0.60571,605,805.5986,805.567,3.47106934,0
0.60723,606,805.5986,805.567,3.47106934,0.0109064905
0.60908,607,805.5986,805.5671,3.46435547,0.0109064905
0.60910,608,805.5986,805.5671,3.46435547,0.0109064905
0.61029,609,805.5986,805.5671,3.46435547,0.0109064905
0.61215,610,805.5986,805.5671,3.46435547,0.0109064905
0.61216,611,805.5986,805.567139,3.4576416,0.0109064905
0.61339,612,805.5986,805.567139,3.4576416,0.0109064905
0.61342,613,805.5986,805.5672,3.45092773,0.021812981
0.61521,614,805.5986,805.5673,3.4375,0.03271947
0.61706,615,805.5986,805.5673,3.4375,0.043625962
0.61709,616,805.5986,805.5673,3.4375,0.043625962
0.61830,617,805.5986,805.567444,3.42407227,0.0545324534
0.62013,618,805.5986,805.567444,3.42407227,0.0545324534
0.62015,619,805.5986,805.5676,3.40393066,0.0545324534
0.62140,620,805.5986,805.5676,3.40393066,0.06543894
0.62143,621,805.5986,805.567749,3.390503,0.07634544
0.62326,622,805.5986,805.5679,3.3770752,0.07634544
0.62508,623,805.5986,805.568054,3.35693359,0.087251924
0.62513,624,805.5986,805.5681,3.35021973,0.087251924
0.62630,625,805.5986,805.5683,3.33007813,0.09815842
0.62813,626,805.5986,805.5684,3.31665039,0.136331126
0.62814,627,805.5986,805.5686,3.29650879,0.147237629
0.62939,628,805.5986,805.5689,3.26293945,0.158144116
0.62941,629,805.5986,805.569031,3.24951172,0.179957092
0.63122,630,805.5986,805.5693,3.22265625,0.1908636
0.63306,631,805.5986,805.5696,3.189087,0.21267657
0.63308,632,805.5986,805.5699,3.15551758,0.23448956
0.63432,633,805.5986,805.5701,3.128662,0.23448956
0.63613,634,805.5986,805.5704,3.10180664,0.2508493
0.63614,635,805.5986,805.570557,3.081665,0.2508493
0.63748,636,805.5986,805.5708,3.05480957,0.23448956
0.63753,637,805.5986,805.571,3.034668,0.223583058
0.63925,638,805.5986,805.5711,3.02124023,0.201770067
0.64107,639,805.5986,805.5712,3.0078125,0.179957092
0.64108,640,805.5986,805.5713,3.00109863,0.147237629
0.64237,641,805.5986,805.5713,3.00109863,0.09815842
0.64418,642,805.5986,805.5713,3.00109863,0.06543894
0.64421,643,805.5986,805.5713,3.00109863,0.021812981
0.64540,644,805.5986,805.5713,3.00109863,0
0.64542,645,805.5986,805.5711,3.02124023,-0.0272662267
0.64723,646,805.5986,805.5711,3.02124023,-0.04907921
0.64906,647,805.5986,805.571,3.034668,-0.07089219
0.64908,648,805.5986,805.5709,3.04138184,-0.09270517
0.65030,649,805.5986,805.5708,3.05480957,-0.103611663
0.65215,650,805.5986,805.5707,3.0682373,-0.114518143
0.65216,651,805.5986,805.5705,3.088379,-0.114518143
0.65340,652,805.5986,805.5705,3.088379,-0.130877882
0.65344,653,805.5986,805.5704,3.10180664,-0.114518143
0.65521,654,805.5986,805.570251,3.11523438,-0.114518143
0.65706,655,805.5986,805.5702,3.12194824,-0.114518143
0.65710,656,805.5986,805.5701,3.128662,-0.103611663
0.65836,657,805.5986,805.57,3.14208984,-0.09270517
0.66013,658,805.5986,805.57,3.14208984,-0.08179868
0.66015,659,805.5986,805.57,3.14208984,-0.0599856973
0.66140,660,805.5986,805.57,3.14208984,-0.03817272
0.66142,661,805.5986,805.5701,3.128662,0.0109064905
0.66323,662,805.5986,805.5702,3.12194824,0.021812981
0.66504,663,805.5986,805.5704,3.10180664,0.043625962
0.66506,664,805.5986,805.5704,3.10180664,0.06543894
0.66630,665,805.5986,805.5705,3.088379,0.06543894
0.66814,666,805.5986,805.570557,3.081665,0.087251924
0.66815,667,805.5986,805.5707,3.0682373,0.087251924
0.66938,668,805.5986,805.5708,3.05480957,0.087251924
0.66939,669,805.5986,805.5708,3.05480957,0.09815842
0.67121,670,805.5986,805.571,3.034668,0.087251924
0.67307,671,805.5986,805.5711,3.02124023,0.087251924
0.67310,672,805.5986,805.5711,3.02124023,0.087251924
0.67433,673,805.5986,805.5713,3.00109863,0.087251924
0.67617,674,805.5986,805.5715,2.980957,0.07634544
0.67621,675,805.5986,805.5715,2.980957,0.07634544
0.67741,676,805.5986,805.571655,2.96081543,0.07634544
0.67744,677,805.5986,805.571655,2.96081543,0.07634544
0.67924,678,805.5986,805.5718,2.9473877,0.07634544
0.68105,679,805.5986,805.571838,2.94067383,0.087251924
0.68107,680,805.5986,805.57196,2.927246,0.087251924
0.68233,681,805.5986,805.5721,2.91381836,0.087251924
0.68416,682,805.5986,805.5722,2.90039063,0.087251924
0.68419,683,805.5986,805.572266,2.89367676,0.09815842
0.68539,684,805.5986,805.5724,2.880249,0.109064907
0.68543,685,805.5986,805.572632,2.85339355,0.125424653
0.68723,686,805.5986,805.572937,2.81982422,0.136331126
0.68907,687,805.5986,805.572937,2.81982422,0.158144116
0.68910,688,805.5986,805.573242,2.786255,0.158144116
0.69031,689,805.5986,805.573364,2.77282715,0.169050619
0.69215,690,805.5986,805.573547,2.75268555,0.169050619
0.69219,691,805.5986,805.5737,2.732544,0.147237629
0.69339,692,805.5986,805.5738,2.72583,0.158144116
0.69340,693,805.5986,805.573853,2.71911621,0.136331126
0.69521,694,805.5986,805.573853,2.71911621,0.09815842
0.69708,695,805.5986,805.573853,2.71911621,0.06543894
0.69711,696,805.5986,805.5738,2.72583,0.03271947
0.69830,697,805.5986,805.5737,2.732544,-0.0163597353
0.70017,698,805.5986,805.5737,2.732544,-0.0272662267
0.70020,699,805.5986,805.5736,2.74597168,-0.0599856973
0.70138,700,805.5986,805.573547,2.75268555,-0.0599856973
0.70140,701,805.5986,805.573547,2.75268555,-0.08179868
0.70322,702,805.5986,805.573364,2.77282715,-0.07089219
0.70506,703,805.5986,805.573364,2.77282715,-0.07089219
0.70508,704,805.5986,805.573364,2.77282715,-0.07089219
0.70630,705,805.5986,805.573364,2.77282715,-0.04907921
0.70815,706,805.5986,805.573364,2.77282715,-0.04907921
0.70816,707,805.5986,805.5733,2.779541,-0.03817272
0.70938,708,805.5986,805.573364,2.77282715,-0.0272662267
0.70940,709,805.5986,805.573364,2.77282715,-0.0163597353
0.71123,710,805.5986,805.5735,2.75939941,0.0109064905
0.71306,711,805.5986,805.5735,2.75939941,0.03271947
0.71309,712,805.5986,805.573547,2.75268555,0.043625962
0.71431,713,805.5986,805.5736,2.74597168,0.043625962
0.71619,714,805.5986,805.5736,2.74597168,0.043625962
0.71623,715,805.5986,805.5737,2.732544,0.03271947
0.71740,716,805.5986,805.5737,2.732544,0.03271947
0.71741,717,805.5986,805.5737,2.732544,0.021812981
0.71922,718,805.5986,805.5737,2.732544,0.021812981
0.72106,719,805.5986,805.5737,2.732544,0.021812981
0.72108,720,805.5986,805.5738,2.72583,0.021812981
0.72243,721,805.5986,805.5738,2.72583,0.0109064905
0.72414,722,805.5986,805.5738,2.72583,0.0109064905
0.72417,723,805.5986,805.5737,2.732544,0
0.72542,724,805.5986,805.5737,2.732544,0
0.72544,725,805.5986,805.5737,2.732544,-0.0163597353
0.72722,726,805.5986,805.5737,2.732544,-0.0163597353
0.72908,727,805.5986,805.5737,2.732544,-0.0163597353
0.72912,728,805.5986,805.5737,2.732544,-0.0163597353
0.73031,729,805.5986,805.5737,2.732544,-0.0163597353
0.73219,730,805.5986,805.5737,2.732544,-0.0163597353
0.73221,731,805.5986,805.5737,2.732544,0
0.73341,732,805.5986,805.5737,2.732544,0
0.73343,733,805.5986,805.5738,2.72583,0
0.73521,734,805.5986,805.573853,2.71911621,0.0109064905
0.73706,735,805.5986,805.573853,2.71911621,0.0109064905
0.73708,736,805.5986,805.573853,2.71911621,0.021812981
0.73830,737,805.5986,805.573853,2.71911621,0.0109064905
0.74015,738,805.5986,805.5739,2.71240234,0.021812981
0.74018,739,805.5986,805.574036,2.69897461,0.03271947
0.74140,740,805.5986,805.574036,2.69897461,0.03271947
0.74142,741,805.5986,805.574036,2.69897461,0.03271947
0.74326,742,805.5986,805.5741,2.69226074,0.03271947
0.74507,743,805.5986,805.574158,2.68554688,0.03271947
0.74509,744,805.5986,805.574158,2.68554688,0.03271947
0.74633,745,805.5986,805.574158,2.68554688,0.03271947
0.74817,746,805.5986,805.574158,2.68554688,0.03271947
0.74819,747,805.5986,805.5742,2.678833,0.03271947
0.74939,748,805.5986,805.5742,2.678833,0.021812981
0.74941,749,805.5986,805.5742,2.678833,0.0109064905
0.75124,750,805.5986,805.5742,2.678833,0.0109064905
0.75307,751,805.5986,805.5742,2.678833,0
0.75310,752,805.5986,805.5742,2.678833,-0.0163597353
0.75431,753,805.5986,805.5742,2.678833,0
0.75618,754,805.5986,805.5742,2.678833,-0.0163597353
0.75621,755,805.5986,805.5742,2.678833,-0.0163597353
0.75741,756,805.5986,805.5742,2.678833,-0.0163597353
0.75744,757,805.5986,805.5742,2.678833,-0.0163597353
0.75927,758,805.5986,805.5742,2.678833,-0.0163597353
0.76110,759,805.5986,805.5742,2.678833,0
0.76113,760,805.5986,805.5742,2.678833,0
0.76231,761,805.5986,805.574341,2.66540527,0
0.76420,762,805.5986,805.574341,2.66540527,0.0109064905
0.76425,763,805.5986,805.574341,2.66540527,0.0109064905
0.76541,764,805.5986,805.574341,2.66540527,0.0109064905
0.76547,765,805.5986,805.5744,2.65869141,0.03271947
0.76724,766,805.5986,805.5744,2.65869141,0.021812981
0.76905,767,805.5986,805.574463,2.65197754,0.021812981
0.76907,768,805.5986,805.574463,2.65197754,0.03271947
0.77030,769,805.5986,805.5746,2.6385498,0.03271947
0.77240,770,805.5986,805.574646,2.631836,0.03271947
0.77244,771,805.5986,805.574646,2.631836,0.03271947
0.77340,772,805.5986,805.574768,2.6184082,0.03271947
0.77343,773,805.5986,805.574768,2.6184082,0.043625962
0.77528,774,805.5986,805.574768,2.6184082,0.043625962
0.77710,775,805.5986,805.5749,2.60498047,0.043625962
0.77713,776,805.5986,805.575,2.59155273,0.043625962
0.77831,777,805.5986,805.575,2.59155273,0.0545324534
0.78016,778,805.5986,805.575134,2.578125,0.0545324534
0.78020,779,805.5986,805.575134,2.578125,0.06543894
0.78141,780,805.5986,805.5753,2.5579834,0.06543894
0.78143,781,805.5986,805.5753,2.5579834,0.0545324534
0.78323,782,805.5986,805.575439,2.54455566,0.06543894
0.78507,783,805.5986,805.575562,2.531128,0.06543894
0.78509,784,805.5986,805.5756,2.524414,0.07634544
0.78631,785,805.5986,805.575745,2.51098633,0.087251924
0.78818,786,805.5986,805.5759,2.49084473,0.09815842
0.78821,787,805.5986,805.5761,2.47070313,0.109064907
0.78939,788,805.5986,805.5762,2.46398926,0.125424653
0.78942,789,805.5986,805.5764,2.43713379,0.136331126
0.79124,790,805.5986,805.576538,2.423706,0.158144116
0.79306,791,805.5986,805.5767,2.40356445,0.169050619
0.79310,792,805.5986,805.576843,2.39013672,0.169050619
0.79432,793,805.5986,805.577,2.369995,0.179957092
0.79616,794,805.5986,805.5772,2.34985352,0.169050619
0.79618,795,805.5986,805.5774,2.329712,0.169050619
0.79740,796,805.5986,805.5775,2.31628418,0.169050619
0.79743,797,805.5986,805.5776,2.30957031,0.136331126
0.79924,798,805.5986,805.5776,2.30957031,0.109064907
0.80105,799,805.5986,805.5776,2.30957031,0.07634544
0.80107,800,805.5986,805.5775,2.31628418,0.03271947
0.80231,801,805.5986,805.5775,2.31628418,0
0.80417,802,805.5986,805.577454,2.322998,-0.0272662267
0.80419,803,805.5986,805.5774,2.329712,-0.0599856973
0.80544,804,805.5986,805.5773,2.34313965,-0.08179868
0.80547,805,805.5986,805.5772,2.34985352,-0.09270517
0.80726,806,805.5986,805.577148,2.35656738,-0.103611663
0.80909,807,805.5986,805.577,2.369995,-0.09270517
0.80913,808,805.5986,805.576965,2.376709,-0.09270517
0.81032,809,805.5986,805.576843,2.39013672,-0.07089219
0.81215,810,805.5986,805.576843,2.39013672,-0.07089219
0.81218,811,805.5986,805.576843,2.39013672,-0.04907921
0.81342,812,805.5986,805.576843,2.39013672,-0.04907921
0.81344,813,805.5986,805.576843,2.39013672,-0.03817272
0.81526,814,805.5986,805.576965,2.376709,0
0.81706,815,805.5986,805.577,2.369995,0.0109064905
0.81708,816,805.5986,805.577,2.369995,0.03271947
0.81830,817,805.5986,805.577148,2.35656738,0.0545324534
0.82019,818,805.5986,805.5772,2.34985352,0.043625962
0.82022,819,805.5986,805.5772,2.34985352,0.0545324534
0.82138,820,805.5986,805.5773,2.34313965,0.0545324534
0.82140,821,805.5986,805.5774,2.329712,0.043625962
0.82324,822,805.5986,805.5774,2.329712,0.043625962
0.82505,823,805.5986,805.5774,2.329712,0.043625962
0.82507,824,805.5986,805.577454,2.322998,0.03271947
0.82630,825,805.5986,805.5775,2.31628418,0.03271947
0.82817,826,805.5986,805.5775,2.31628418,0.03271947
0.82821,827,805.5986,805.577454,2.322998,0.021812981
0.82938,828,805.5986,805.577454,2.322998,0
0.82939,829,805.5986,805.577454,2.322998,-0.0163597353
0.83125,830,805.5986,805.577454,2.322998,-0.0272662267
0.83311,831,805.5986,805.5774,2.329712,-0.0163597353
0.83317,832,805.5986,805.5774,2.329712,-0.0163597353
0.83434,833,805.5986,805.5774,2.329712,-0.0272662267
0.83617,834,805.5986,805.5774,2.329712,-0.0163597353
0.83620,835,805.5986,805.5774,2.329712,-0.0272662267
0.83739,836,805.5986,805.5774,2.329712,0
0.83740,837,805.5986,805.5774,2.329712,0
0.83928,838,805.5986,805.5774,2.329712,0
0.84107,839,805.5986,805.5774,2.329712,0
0.84111,840,805.5986,805.5774,2.329712,0
0.84230,841,805.5986,805.5774,2.329712,0
0.84413,842,805.5986,805.5774,2.329712,0
0.84416,843,805.5986,805.5774,2.329712,0
0.84542,844,805.5986,805.5774,2.329712,0
0.84544,845,805.5986,805.5775,2.31628418,0.0109064905
0.84726,846,805.5986,805.5775,2.31628418,0.0109064905
0.84909,847,805.5986,805.5775,2.31628418,0.0109064905
0.84912,848,805.5986,805.5775,2.31628418,0.021812981
0.85032,849,805.5986,805.5775,2.31628418,0.0109064905
0.85217,850,805.5986,805.5776,2.30957031,0.021812981
0.85220,851,805.5986,805.5776,2.30957031,0.021812981
0.85340,852,805.5986,805.5777,2.29614258,0.021812981
0.85342,853,805.5986,805.5777,2.29614258,0.021812981
0.85581,854,805.5986,805.5777,2.29614258,0.021812981
0.85706,855,805.5986,805.5777,2.29614258,0.021812981
0.85708,856,805.5986,805.5777,2.29614258,0.021812981
0.85831,857,805.5986,805.577759,2.28942871,0.021812981
0.86018,858,805.5986,805.577759,2.28942871,0.021812981
0.86021,859,805.5986,805.5778,2.28271484,0.021812981
0.86139,860,805.5986,805.5778,2.28271484,0.021812981
0.86141,861,805.5986,805.5778,2.28271484,0.021812981
0.86326,862,805.5986,805.5778,2.28271484,0.021812981
0.86511,863,805.5986,805.5778,2.28271484,0.021812981
0.86514,864,805.5986,805.5778,2.28271484,0.021812981
0.86631,865,805.5986,805.5778,2.28271484,0.0109064905
0.86815,866,805.5986,805.577942,2.269287,0.0109064905
0.86819,867,805.5986,805.577942,2.269287,0.0109064905
0.86940,868,805.5986,805.577942,2.269287,0
0.86941,869,805.5986,805.578,2.26257324,0.0109064905
0.87123,870,805.5986,805.578,2.26257324,0.0109064905
0.87307,871,805.5986,805.578,2.26257324,0.0109064905
0.87309,872,805.5986,805.578,2.26257324,0.0109064905
0.87434,873,805.5986,805.578,2.26257324,0.0109064905
0.87616,874,805.5986,805.578,2.26257324,0.0109064905
0.87618,875,805.5986,805.578064,2.25585938,0.0109064905
0.87740,876,805.5986,805.578064,2.25585938,0.021812981
0.87741,877,805.5986,805.5781,2.24914551,0.021812981
0.87926,878,805.5986,805.5781,2.24914551,0.021812981
0.88105,879,805.5986,805.5781,2.24914551,0.021812981
0.88107,880,805.5986,805.578247,2.23571777,0.03271947
0.88231,881,805.5986,805.578369,2.22229,0.03271947
0.88417,882,805.5986,805.578369,2.22229,0.03271947
0.88419,883,805.5986,805.578369,2.22229,0.03271947
0.88543,884,805.5986,805.5785,2.2088623,0.043625962
0.88545,885,805.5986,805.5785,2.2088623,0.043625962
0.88727,886,805.5986,805.578552,2.20214844,0.043625962
0.88906,887,805.5986,805.5787,2.1887207,0.0545324534
0.88907,888,805.5986,805.5787,2.1887207,0.0545324534
0.89033,889,805.5986,805.5788,2.175293,0.0545324534
0.89217,890,805.5986,805.5788,2.175293,0.06543894
0.89219,891,805.5986,805.579,2.15515137,0.06543894
0.89340,892,805.5986,805.579041,2.1484375,0.06543894
0.89341,893,805.5986,805.5791,2.14172363,0.07634544
0.89528,894,805.5986,805.5793,2.121582,0.087251924
0.89709,895,805.5986,805.579468,2.10144043,0.09815842
0.89712,896,805.5986,805.5796,2.0880127,0.109064907
0.89830,897,805.5986,805.5798,2.067871,0.125424653
0.90016,898,805.5986,805.5799,2.05444336,0.136331126
0.90020,899,805.5986,805.5801,2.03430176,0.147237629
0.90139,900,805.5986,805.5802,2.020874,0.147237629
0.90141,901,805.5986,805.5804,2.00073242,0.158144116
0.90324,902,805.5986,805.580566,1.98059082,0.158144116
0.90505,903,805.5986,805.58075,1.96044922,0.158144116
0.90507,904,805.5986,805.5809,1.94702148,0.158144116
0.90631,905,805.5986,805.581055,1.92687988,0.158144116
0.90818,906,805.5986,805.581055,1.92687988,0.147237629
0.90820,907,805.5986,805.581055,1.92687988,0.109064907
0.90939,908,805.5986,805.581055,1.92687988,0.07634544
0.90940,909,805.5986,805.581055,1.92687988,0.043625962
0.91127,910,805.5986,805.581055,1.92687988,0
0.91306,911,805.5986,805.5809,1.94702148,-0.03817272
0.91309,912,805.5986,805.5808,1.95373535,-0.0599856973
0.91430,913,805.5986,805.58075,1.96044922,-0.08179868
0.91616,914,805.5986,805.5806,1.973877,-0.08179868
0.91618,915,805.5986,805.580566,1.98059082,-0.09270517
0.91740,916,805.5986,805.580566,1.98059082,-0.09270517
0.91742,917,805.5986,805.5805,1.98730469,-0.08179868
0.91926,918,805.5986,805.5804,2.00073242,-0.07089219
0.92104,919,805.5986,805.5804,2.00073242,-0.0599856973
0.92106,920,805.5986,805.5804,2.00073242,-0.04907921
0.92251,921,805.5986,805.5804,2.00073242,-0.03817272
0.92419,922,805.5986,805.580566,1.98059082,-0.0163597353
0.92424,923,805.5986,805.580566,1.98059082,0.0109064905
0.92539,924,805.5986,805.5806,1.973877,0.03271947
0.92540,925,805.5986,805.58075,1.96044922,0.0545324534
0.92726,926,805.5986,805.58075,1.96044922,0.0545324534
0.92907,927,805.5986,805.5808,1.95373535,0.0545324534
0.92909,928,805.5986,805.5809,1.94702148,0.043625962
0.93030,929,805.5986,805.5809,1.94702148,0.043625962
0.93215,930,805.5986,805.5809,1.94702148,0.043625962
0.93218,931,805.5986,805.580933,1.94030762,0.03271947
0.93340,932,805.5986,805.581055,1.92687988,0.03271947
0.93341,933,805.5986,805.581055,1.92687988,0.03271947
0.93527,934,805.5986,805.581055,1.92687988,0.0109064905
0.93704,935,805.5986,805.580933,1.94030762,0.0109064905
0.93706,936,805.5986,805.5809,1.94702148,-0.0163597353
0.93830,937,805.5986,805.5809,1.94702148,-0.03817272
0.94017,938,805.5986,805.5809,1.94702148,-0.03817272
0.94020,939,805.5986,805.5809,1.94702148,-0.03817272
0.94140,940,805.5986,805.5809,1.94702148,-0.03817272
0.94141,941,805.5986,805.5809,1.94702148,-0.0163597353
0.94324,942,805.5986,805.5809,1.94702148,-0.0163597353
0.94508,943,805.5986,805.5809,1.94702148,0
0.94510,944,805.5986,805.5809,1.94702148,0
0.94634,945,805.5986,805.5809,1.94702148,0
0.94814,946,805.5986,805.5809,1.94702148,0
0.94816,947,805.5986,805.5809,1.94702148,0
0.94941,948,805.5986,805.580933,1.94030762,0
0.94945,949,805.5986,805.580933,1.94030762,0.021812981
0.95125,950,805.5986,805.580933,1.94030762,0.021812981
0.95303,951,805.5986,805.581055,1.92687988,0.021812981
0.95305,952,805.5986,805.581055,1.92687988,0.021812981
0.95429,953,805.5986,805.581055,1.92687988,0.0109064905
0.95619,954,805.5986,805.581055,1.92687988,0.0109064905
0.95622,955,805.5986,805.581055,1.92687988,0.0109064905
0.95740,956,805.5986,805.581055,1.92687988,0.0109064905
0.95741,957,805.5986,805.581055,1.92687988,0.0109064905
0.95935,958,805.5986,805.581055,1.92687988,0.0109064905
0.96111,959,805.5986,805.581055,1.92687988,0.0109064905
0.96116,960,805.5986,805.581055,1.92687988,0.0109064905
0.96233,961,805.5986,805.581055,1.92687988,0.0109064905
0.96416,962,805.5986,805.581055,1.92687988,0.0109064905
0.96417,963,805.5986,805.581055,1.92687988,0
0.96543,964,805.5986,805.581055,1.92687988,0
0.96546,965,805.5986,805.581055,1.92687988,-0.0163597353
0.96726,966,805.5986,805.581055,1.92687988,-0.0163597353
0.96908,967,805.5986,805.5811,1.920166,0
0.96912,968,805.5986,805.5811,1.920166,0
0.97032,969,805.5986,805.5811,1.920166,0
0.97242,970,805.5986,805.5812,1.91345215,0
0.97245,971,805.5986,805.5812,1.91345215,0.0109064905
0.97341,972,805.5986,805.5812,1.91345215,0.0109064905
0.97343,973,805.5986,805.5812,1.91345215,0.021812981
0.97525,974,805.5986,805.5813,1.90002441,0.021812981
0.97707,975,805.5986,805.58136,1.89331055,0.021812981
0.97709,976,805.5986,805.58136,1.89331055,0.021812981
0.97831,977,805.5986,805.58136,1.89331055,0.03271947
0.98016,978,805.5986,805.5815,1.87988281,0.03271947
0.98019,979,805.5986,805.5815,1.87988281,0.03271947
0.98142,980,805.5986,805.5815,1.87988281,0.03271947
0.98144,981,805.5986,805.5815,1.87988281,0.0109064905
0.98324,982,805.5986,805.5815,1.87988281,0.0109064905
0.98508,983,805.5986,805.5815,1.87988281,0
0.98511,984,805.5986,805.5815,1.87988281,0
0.98631,985,805.5986,805.5815,1.87988281,-0.0163597353
0.98813,986,805.5986,805.5815,1.87988281,0
0.98816,987,805.5986,805.5815,1.87988281,0
0.98940,988,805.5986,805.5815,1.87988281,-0.0163597353
0.98944,989,805.5986,805.5815,1.87988281,-0.0163597353
0.99128,990,805.5986,805.5815,1.87988281,-0.0163597353
0.99304,991,805.5986,805.5815,1.87988281,-0.0163597353
0.99306,992,805.5986,805.5815,1.87988281,-0.0163597353
0.99430,993,805.5986,805.5815,1.87988281,0
0.99617,994,805.5986,805.5815,1.87988281,0
0.99621,995,805.5986,805.5815,1.87988281,0
0.99742,996,805.5986,805.5815,1.87988281,0
0.99745,997,805.5986,805.5815,1.87988281,0
0.99926,998,805.5986,805.5815,1.87988281,0
1.00104,999,805.5986,805.5816,1.86645508,0.021812981
1.00106,1000,805.5986,805.5817,1.85302734,0.021812981
1.00232,1001,805.5986,805.5817,1.85302734,0.021812981
1.00415,1002,805.5986,805.5817,1.85302734,0.021812981
1.00418,1003,805.5986,805.5817,1.85302734,0.021812981
1.00552,1004,805.5986,805.5817,1.85302734,0.021812981
1.00558,1005,805.5986,805.5817,1.85302734,0.021812981
1.00727,1006,805.5986,805.5817,1.85302734,0.021812981
1.00905,1007,805.5986,805.5817,1.85302734,0.021812981
1.00907,1008,805.5986,805.581848,1.83959961,0.0109064905
1.01030,1009,805.5986,805.5817,1.85302734,0.0109064905
1.01215,1010,805.5986,805.581848,1.83959961,0
1.01220,1011,805.5986,805.5817,1.85302734,0
1.01340,1012,805.5986,805.5817,1.85302734,0
1.01342,1013,805.5986,805.5817,1.85302734,-0.0163597353
1.01524,1014,805.5986,805.5817,1.85302734,-0.0163597353
1.01710,1015,805.5986,805.5817,1.85302734,-0.0163597353
1.01713,1016,805.5986,805.5817,1.85302734,-0.0163597353
1.01831,1017,805.5986,805.5817,1.85302734,0
1.02013,1018,805.5986,805.5817,1.85302734,0
1.02014,1019,805.5986,805.581848,1.83959961,0
1.02139,1020,805.5986,805.581848,1.83959961,0.0109064905
1.02144,1021,805.5986,805.581848,1.83959961,0.0109064905
1.02325,1022,805.5986,805.581848,1.83959961,0.021812981
1.02506,1023,805.5986,805.5819,1.83288574,0.021812981
1.02509,1024,805.5986,805.582031,1.819458,0.021812981
1.02633,1025,805.5986,805.582031,1.819458,0.021812981
1.02817,1026,805.5986,805.582031,1.819458,0.021812981
1.02819,1027,805.5986,805.582031,1.819458,0.021812981
1.02938,1028,805.5986,805.582031,1.819458,0.021812981
1.02940,1029,805.5986,805.582031,1.819458,0.021812981
1.03127,1030,805.5986,805.582031,1.819458,0.021812981
1.03306,1031,805.5986,805.582153,1.80603027,0.021812981
1.03307,1032,805.5986,805.582153,1.80603027,0.021812981
1.03433,1033,805.5986,805.582153,1.80603027,0.0109064905
1.03614,1034,805.5986,805.582153,1.80603027,0.0109064905
1.03615,1035,805.5986,805.582153,1.80603027,0
1.03739,1036,805.5986,805.582153,1.80603027,0
1.03741,1037,805.5986,805.582153,1.80603027,0
1.03930,1038,805.5986,805.582153,1.80603027,0
1.04114,1039,805.5986,805.582153,1.80603027,-0.0163597353
1.04117,1040,805.5986,805.582153,1.80603027,-0.0163597353
1.04235,1041,805.5986,805.582153,1.80603027,-0.0163597353
1.04413,1042,805.5986,805.582153,1.80603027,-0.0163597353
1.04415,1043,805.5986,805.582153,1.80603027,0
1.04540,1044,805.5986,805.582153,1.80603027,0
1.04541,1045,805.5986,805.582153,1.80603027,0
1.04723,1046,805.5986,805.582153,1.80603027,0
1.04908,1047,805.5986,805.582153,1.80603027,0
1.04911,1048,805.5986,805.582153,1.80603027,0
1.05031,1049,805.5986,805.582153,1.80603027,0
1.05216,1050,805.5986,805.582153,1.80603027,0.0109064905
1.05219,1051,805.5986,805.582153,1.80603027,0.0109064905
1.05339,1052,805.5986,805.5823,1.79260254,0.021812981
1.05340,1053,805.5986,805.582336,1.78588867,0.021812981
1.05521,1054,805.5986,805.582336,1.78588867,0.021812981
1.05707,1055,805.5986,805.582336,1.78588867,0.021812981
1.05708,1056,805.5986,805.582336,1.78588867,0.021812981
1.05832,1057,805.5986,805.5824,1.7791748,0.021812981
1.06014,1058,805.5986,805.5824,1.7791748,0.021812981
1.06015,1059,805.5986,805.582458,1.77246094,0.021812981
1.06139,1060,805.5986,805.582458,1.77246094,0.021812981
1.06140,1061,805.5986,805.582458,1.77246094,0.021812981
1.06321,1062,805.5986,805.582458,1.77246094,0.021812981
1.06505,1063,805.5986,805.582458,1.77246094,0.021812981
1.06508,1064,805.5986,805.5826,1.7590332,0.021812981
1.06634,1065,805.5986,805.582458,1.77246094,0.0109064905
1.06816,1066,805.5986,805.582458,1.77246094,0
1.06820,1067,805.5986,805.5826,1.7590332,0
1.06941,1068,805.5986,805.5826,1.7590332,0
1.06944,1069,805.5986,805.5826,1.7590332,0
1.07122,1070,805.5986,805.5826,1.7590332,0
1.07306,1071,805.5986,805.5826,1.7590332,0
1.07308,1072,805.5986,805.5826,1.7590332,0
1.07433,1073,805.5986,805.5826,1.7590332,-0.0163597353
1.07615,1074,805.5986,805.5826,1.7590332,-0.0163597353
1.07617,1075,805.5986,805.5826,1.7590332,-0.0163597353
1.07741,1076,805.5986,805.5826,1.7590332,-0.0163597353
1.07744,1077,805.5986,805.5826,1.7590332,0
1.07927,1078,805.5986,805.582642,1.75231934,0.0109064905
1.08107,1079,805.5986,805.582642,1.75231934,0.0109064905
1.08110,1080,805.5986,805.582642,1.75231934,0.03271947
1.08232,1081,805.5986,805.5827,1.74560547,0.021812981
1.08414,1082,805.5986,805.5828,1.73217773,0.03271947
1.08415,1083,805.5986,805.5828,1.73217773,0.03271947
1.08542,1084,805.5986,805.5828,1.73217773,0.03271947
1.08545,1085,805.5986,805.582947,1.71875,0.043625962
1.08723,1086,805.5986,805.582947,1.71875,0.03271947
1.08906,1087,805.5986,805.582947,1.71875,0.03271947
1.08907,1088,805.5986,805.582947,1.71875,0.03271947
1.09032,1089,805.5986,805.583,1.71203613,0.03271947
1.09213,1090,805.5986,805.5831,1.6986084,0.03271947
1.09215,1091,805.5986,805.5831,1.6986084,0.03271947
1.09343,1092,805.5986,805.5831,1.6986084,0.03271947
1.09345,1093,805.5986,805.5831,1.6986084,0.021812981
1.09522,1094,805.5986,805.5831,1.6986084,0.0109064905
1.09703,1095,805.5986,805.5831,1.6986084,0
1.09705,1096,805.5986,805.5831,1.6986084,0
1.09831,1097,805.5986,805.5831,1.6986084,0
1.10014,1098,805.5986,805.5831,1.6986084,0
1.10016,1099,805.5986,805.5831,1.6986084,0
1.10145,1100,805.5986,805.5831,1.6986084,0
1.10149,1101,805.5986,805.5831,1.6986084,0
1.10323,1102,805.5986,805.5831,1.6986084,0
1.10506,1103,805.5986,805.5832,1.69189453,0
1.10508,1104,805.5986,805.5832,1.69189453,0.0109064905
1.10631,1105,805.5986,805.5832,1.69189453,0.0109064905
1.10814,1106,805.5986,805.583252,1.68518066,0.0109064905
1.10816,1107,805.5986,805.583252,1.68518066,0.0109064905
1.10941,1108,805.5986,805.583252,1.68518066,0.0109064905
1.10944,1109,805.5986,805.583252,1.68518066,0.021812981
1.11126,1110,805.5986,805.5834,1.67175293,0.03271947
1.11303,1111,805.5986,805.583435,1.66503906,0.043625962
1.11305,1112,805.5986,805.583557,1.65161133,0.0545324534
1.11430,1113,805.5986,805.583557,1.65161133,0.043625962
1.11613,1114,805.5986,805.583557,1.65161133,0.0545324534
1.11615,1115,805.5986,805.5837,1.63818359,0.0545324534
1.11739,1116,805.5986,805.58374,1.63146973,0.0545324534
1.11742,1117,805.5986,805.583862,1.618042,0.06543894
1.11921,1118,805.5986,805.5839,1.61132813,0.06543894
1.12106,1119,805.5986,805.584,1.60461426,0.06543894
1.12109,1120,805.5986,805.5841,1.59118652,0.06543894
1.12247,1121,805.5986,805.584167,1.58447266,0.06543894
1.12414,1122,805.5986,805.5842,1.57775879,0.06543894
1.12416,1123,805.5986,805.5843,1.57104492,0.06543894
1.12542,1124,805.5986,805.5844,1.55761719,0.07634544
1.12545,1125,805.5986,805.584534,1.54418945,0.087251924
1.12724,1126,805.5986,805.584656,1.53076172,0.087251924
1.12904,1127,805.5986,805.5847,1.52404785,0.09815842
1.12906,1128,805.5986,805.584839,1.51062012,0.087251924
1.13031,1129,805.5986,805.584961,1.49719238,0.087251924
1.13213,1130,805.5986,805.5851,1.48376465,0.087251924
1.13215,1131,805.5986,805.5851,1.48376465,0.087251924
1.13339,1132,805.5986,805.5852,1.47033691,0.087251924
1.13341,1133,805.5986,805.5854,1.45019531,0.087251924
1.13526,1134,805.5986,805.5854,1.45019531,0.087251924
1.13708,1135,805.5986,805.5855,1.43676758,0.087251924
1.13711,1136,805.5986,805.585632,1.42333984,0.087251924
1.13830,1137,805.5986,805.5857,1.416626,0.087251924
1.14014,1138,805.5986,805.5857,1.416626,0.06543894
1.14016,1139,805.5986,805.5857,1.416626,0.043625962
1.14139,1140,805.5986,805.5857,1.416626,0.03271947
1.14141,1141,805.5986,805.5857,1.416626,0
1.14321,1142,805.5986,805.5857,1.416626,0
1.14508,1143,805.5986,805.5857,1.416626,-0.0272662267
1.14511,1144,805.5986,805.5857,1.416626,-0.0272662267
1.14629,1145,805.5986,805.585632,1.42333984,-0.03817272
1.14812,1146,805.5986,805.5855,1.43676758,-0.04907921
1.14813,1147,805.5986,805.5855,1.43676758,-0.0272662267
1.14940,1148,805.5986,805.5855,1.43676758,-0.04907921
1.14942,1149,805.5986,805.5855,1.43676758,-0.03817272
1.15122,1150,805.5986,805.5855,1.43676758,-0.0272662267
1.15308,1151,805.5986,805.5855,1.43676758,-0.0272662267
1.15312,1152,805.5986,805.5855,1.43676758,0
1.15430,1153,805.5986,805.5855,1.43676758,0
1.15614,1154,805.5986,805.5855,1.43676758,0
1.15617,1155,805.5986,805.5855,1.43676758,0
1.15741,1156,805.5986,805.5855,1.43676758,0
1.15743,1157,805.5986,805.5855,1.43676758,0
1.15923,1158,805.5986,805.5855,1.43676758,0
1.16108,1159,805.5986,805.5855,1.43676758,0
1.16112,1160,805.5986,805.5855,1.43676758,0
1.16229,1161,805.5986,805.5855,1.43676758,0
1.16413,1162,805.5986,805.5855,1.43676758,0
1.16414,1163,805.5986,805.5855,1.43676758,0
1.16539,1164,805.5986,805.585632,1.42333984,0
1.16541,1165,805.5986,805.585632,1.42333984,0
1.16723,1166,805.5986,805.585632,1.42333984,0
1.16907,1167,805.5986,805.585632,1.42333984,0
1.16910,1168,805.5986,805.5857,1.416626,0.0109064905
1.17031,1169,805.5986,805.5857,1.416626,0.0109064905
1.17239,1170,805.5986,805.5857,1.416626,0.0109064905
1.17242,1171,805.5986,805.5857,1.416626,0.021812981
1.17344,1172,805.5986,805.5857,1.416626,0.0109064905
1.17348,1173,805.5986,805.5857,1.416626,0.0109064905
1.17525,1174,805.5986,805.5857,1.416626,0.0109064905
1.17707,1175,805.5986,805.5857,1.416626,0.0109064905
1.17711,1176,805.5986,805.585754,1.40991211,0.0109064905
1.17830,1177,805.5986,805.585754,1.40991211,0.0109064905
1.18014,1178,805.5986,805.585754,1.40991211,0
1.18016,1179,805.5986,805.585754,1.40991211,0
1.18139,1180,805.5986,805.585754,1.40991211,0
1.18141,1181,805.5986,805.5858,1.40319824,0
1.18322,1182,805.5986,805.5858,1.40319824,0.0109064905
1.18509,1183,805.5986,805.5858,1.40319824,0
1.18512,1184,805.5986,805.5858,1.40319824,0
1.18630,1185,805.5986,805.5858,1.40319824,-0.0163597353
1.18813,1186,805.5986,805.5858,1.40319824,-0.0163597353
1.18815,1187,805.5986,805.5858,1.40319824,-0.0163597353
1.18940,1188,805.5986,805.5858,1.40319824,-0.0163597353
1.18944,1189,805.5986,805.5858,1.40319824,0
1.19124,1190,805.5986,805.5858,1.40319824,0
1.19309,1191,805.5986,805.5858,1.40319824,0
1.19312,1192,805.5986,805.5858,1.40319824,0
1.19430,1193,805.5986,805.5858,1.40319824,0.0109064905
1.19615,1194,805.5986,805.5858,1.40319824,0.0109064905
1.19617,1195,805.5986,805.5858,1.40319824,0.0109064905
1.19740,1196,805.5986,805.585938,1.38977051,0.0109064905
1.19742,1197,805.5986,805.586,1.38305664,0.021812981
1.19922,1198,805.5986,805.586,1.38305664,0.021812981
1.20112,1199,805.5986,805.586,1.38305664,0.03271947
1.20114,1200,805.5986,805.586,1.38305664,0.03271947
1.20231,1201,805.5986,805.58606,1.37634277,0.021812981
1.20414,1202,805.5986,805.5862,1.362915,0.021812981
1.20416,1203,805.5986,805.5862,1.362915,0.021812981
1.20547,1204,805.5986,805.5862,1.362915,0.021812981
1.20552,1205,805.5986,805.5862,1.362915,0.021812981
1.20723,1206,805.5986,805.5862,1.362915,0.021812981
1.20908,1207,805.5986,805.5862,1.362915,0.0109064905
1.20912,1208,805.5986,805.5862,1.362915,0.0109064905
1.21032,1209,805.5986,805.5862,1.362915,0.0109064905
1.21217,1210,805.5986,805.5862,1.362915,0
1.21220,1211,805.5986,805.5862,1.362915,0
1.21338,1212,805.5986,805.5862,1.362915,-0.0163597353
1.21340,1213,805.5986,805.5862,1.362915,-0.0272662267
1.21522,1214,805.5986,805.5862,1.362915,-0.0272662267
1.21710,1215,805.5986,805.5862,1.362915,-0.0272662267
1.21713,1216,805.5986,805.5862,1.362915,-0.0163597353
1.21832,1217,805.5986,805.5862,1.362915,0
1.22016,1218,805.5986,805.5862,1.362915,0
1.22018,1219,805.5986,805.5862,1.362915,0
1.22138,1220,805.5986,805.5862,1.362915,0
1.22139,1221,805.5986,805.5862,1.362915,0.0109064905
1.22323,1222,805.5986,805.5862,1.362915,0.0109064905
1.22510,1223,805.5986,805.586243,1.35620117,0.0109064905
1.22514,1224,805.5986,805.586243,1.35620117,0.0109064905
1.22630,1225,805.5986,805.586243,1.35620117,0.0109064905
1.22814,1226,805.5986,805.5863,1.3494873,0.0109064905
1.22816,1227,805.5986,805.5863,1.3494873,0.0109064905
1.22942,1228,805.5986,805.5863,1.3494873,0.0109064905
1.22944,1229,805.5986,805.5863,1.3494873,0.0109064905
1.23123,1230,805.5986,805.5863,1.3494873,0.0109064905
1.23307,1231,805.5986,805.5863,1.3494873,0.0109064905
1.23310,1232,805.5986,805.5863,1.3494873,0.0109064905
1.23431,1233,805.5986,805.5863,1.3494873,0.0109064905
1.23613,1234,805.5986,805.586365,1.34277344,0.0109064905
1.23616,1235,805.5986,805.586365,1.34277344,0.0109064905
1.23739,1236,805.5986,805.5865,1.3293457,0.0109064905
1.23741,1237,805.5986,805.5865,1.3293457,0.0109064905
1.23925,1238,805.5986,805.5865,1.3293457,0.021812981
1.24109,1239,805.5986,805.5865,1.3293457,0.021812981
1.24114,1240,805.5986,805.5865,1.3293457,0.021812981
1.24230,1241,805.5986,805.5865,1.3293457,0.0109064905
1.24416,1242,805.5986,805.586548,1.32263184,0.0109064905
1.24419,1243,805.5986,805.586548,1.32263184,0.0109064905
1.24539,1244,805.5986,805.586548,1.32263184,0
1.24541,1245,805.5986,805.586548,1.32263184,0
1.24726,1246,805.5986,805.586548,1.32263184,0
1.24906,1247,805.5986,805.5866,1.315918,0
1.24908,1248,805.5986,805.5866,1.315918,0
1.25032,1249,805.5986,805.5866,1.315918,0
1.25217,1250,805.5986,805.5866,1.315918,0
1.25220,1251,805.5986,805.5866,1.315918,0
1.25338,1252,805.5986,805.5866,1.315918,0
1.25340,1253,805.5986,805.5866,1.315918,0
1.25525,1254,805.5986,805.5866,1.315918,0
1.25705,1255,805.5986,805.5866,1.315918,0
1.25707,1256,805.5986,805.5866,1.315918,0
1.25830,1257,805.5986,805.5866,1.315918,-0.0163597353
1.26014,1258,805.5986,805.5866,1.315918,0
1.26016,1259,805.5986,805.5866,1.315918,0
1.26140,1260,805.5986,805.5866,1.315918,0
1.26142,1261,805.5986,805.5866,1.315918,0
1.26326,1262,805.5986,805.5866,1.315918,0.0109064905
1.26505,1263,805.5986,805.586731,1.30249023,0.021812981
1.26506,1264,805.5986,805.586731,1.30249023,0.0109064905
1.26630,1265,805.5986,805.586731,1.30249023,0.0109064905
1.26815,1266,805.5986,805.5868,1.29577637,0.021812981
1.26818,1267,805.5986,805.5868,1.29577637,0.021812981
1.26942,1268,805.5986,805.5868,1.29577637,0.021812981
1.26945,1269,805.5986,805.5869,1.28234863,0.021812981
1.27126,1270,805.5986,805.5869,1.28234863,0.021812981
1.27313,1271,805.5986,805.5869,1.28234863,0.021812981
1.27317,1272,805.5986,805.5869,1.28234863,0.021812981
1.27432,1273,805.5986,805.5869,1.28234863,0.021812981
1.27616,1274,805.5986,805.5869,1.28234863,0.021812981
1.27619,1275,805.5986,805.587036,1.2689209,0.021812981
1.27742,1276,805.5986,805.5871,1.262207,0.021812981
1.27744,1277,805.5986,805.5871,1.262207,0.021812981
1.27922,1278,805.5986,805.5871,1.262207,0.0109064905
1.28108,1279,805.5986,805.5871,1.262207,0.0109064905
1.28112,1280,805.5986,805.5871,1.262207,0.0109064905
1.28231,1281,805.5986,805.5871,1.262207,0
1.28415,1282,805.5986,805.5871,1.262207,0
1.28417,1283,805.5986,805.5871,1.262207,0
1.28539,1284,805.5986,805.5871,1.262207,-0.0163597353
1.28540,1285,805.5986,805.5871,1.262207,0
1.28724,1286,805.5986,805.5871,1.262207,-0.0163597353
1.28906,1287,805.5986,805.5871,1.262207,-0.0163597353
1.28911,1288,805.5986,805.5871,1.262207,-0.0163597353
1.29031,1289,805.5986,805.5871,1.262207,-0.0163597353
1.29218,1290,805.5986,805.5871,1.262207,0
1.29220,1291,805.5986,805.5871,1.262207,0
1.29339,1292,805.5986,805.5871,1.262207,0
1.29340,1293,805.5986,805.5871,1.262207,0.0109064905
1.29525,1294,805.5986,805.5872,1.2487793,0.0109064905
1.29704,1295,805.5986,805.5872,1.2487793,0.0109064905
1.29708,1296,805.5986,805.5873,1.24206543,0.021812981
1.29830,1297,805.5986,805.5873,1.24206543,0.021812981
1.30015,1298,805.5986,805.5873,1.24206543,0.021812981
1.30018,1299,805.5986,805.587463,1.22192383,0.043625962
1.30142,1300,805.5986,805.587463,1.22192383,0.043625962
1.30145,1301,805.5986,805.587463,1.22192383,0.03271947
1.30322,1302,805.5986,805.5875,1.21521,0.043625962
1.30505,1303,805.5986,805.5876,1.20849609,0.043625962
1.30508,1304,805.5986,805.587646,1.20178223,0.043625962
1.30632,1305,805.5986,805.587769,1.18835449,0.0545324534
1.30816,1306,805.5986,805.5878,1.18164063,0.06543894
1.30819,1307,805.5986,805.5879,1.17492676,0.06543894
1.30940,1308,805.5986,805.588,1.161499,0.06543894
1.30942,1309,805.5986,805.5881,1.15478516,0.07634544
1.31123,1310,805.5986,805.5882,1.14135742,0.07634544
1.31306,1311,805.5986,805.58844,1.114502,0.09815842
1.31308,1312,805.5986,805.58844,1.114502,0.109064907
1.31430,1313,805.5986,805.5886,1.09436035,0.125424653
1.31617,1314,805.5986,805.588745,1.08093262,0.147237629
1.31619,1315,805.5986,805.58905,1.04736328,0.158144116
1.31739,1316,805.5986,805.5892,1.03393555,0.179957092
1.31740,1317,805.5986,805.589355,1.013794,0.179957092
1.31923,1318,805.5986,805.589661,0.9802246,0.1908636
1.32106,1319,805.5986,805.589844,0.960083,0.201770067
1.32108,1320,805.5986,805.589966,0.9466553,0.201770067
1.32248,1321,805.5986,805.5903,0.913085938,0.1908636
1.32432,1322,805.5986,805.590454,0.892944336,0.1908636
1.32436,1323,805.5986,805.5906,0.8795166,0.169050619
1.32540,1324,805.5986,805.590637,0.872802734,0.147237629
1.32541,1325,805.5986,805.590637,0.872802734,0.125424653
1.32727,1326,805.5986,805.590637,0.872802734,0.07634544
1.32906,1327,805.5986,805.590637,0.872802734,0.03271947
1.32908,1328,805.5986,805.590637,0.872802734,-0.0163597353
1.33030,1329,805.5986,805.590454,0.892944336,-0.04907921
1.33218,1330,805.5986,805.5904,0.8996582,-0.07089219
1.33221,1331,805.5986,805.5903,0.913085938,-0.09270517
1.33339,1332,805.5986,805.590149,0.9265137,-0.103611663
1.33340,1333,805.5986,805.5901,0.933227539,-0.114518143
1.33524,1334,805.5986,805.589966,0.9466553,-0.114518143
1.33706,1335,805.5986,805.589844,0.960083,-0.114518143
1.33708,1336,805.5986,805.589844,0.960083,-0.114518143
1.33830,1337,805.5986,805.589661,0.9802246,-0.103611663
1.34020,1338,805.5986,805.589661,0.9802246,-0.09270517
1.34024,1339,805.5986,805.5896,0.9869385,-0.08179868
1.34141,1340,805.5986,805.589539,0.993652344,-0.07089219
1.34143,1341,805.5986,805.589539,0.993652344,-0.0599856973
1.34324,1342,805.5986,805.589539,0.993652344,-0.04907921
1.34508,1343,805.5986,805.589539,0.993652344,-0.0272662267
1.34511,1344,805.5986,805.589661,0.9802246,0
1.34631,1345,805.5986,805.589661,0.9802246,0.03271947
1.34813,1346,805.5986,805.589661,0.9802246,0.043625962
1.34817,1347,805.5986,805.589844,0.960083,0.0545324534
1.34940,1348,805.5986,805.589844,0.960083,0.06543894
1.34941,1349,805.5986,805.5899,0.953369141,0.043625962
1.35125,1350,805.5986,805.589966,0.9466553,0.0545324534
1.35308,1351,805.5986,805.589966,0.9466553,0.0545324534
1.35311,1352,805.5986,805.5901,0.933227539,0.043625962
1.35435,1353,805.5986,805.590149,0.9265137,0.043625962
1.35616,1354,805.5986,805.590149,0.9265137,0.03271947
1.35620,1355,805.5986,805.590149,0.9265137,0.021812981
1.35741,1356,805.5986,805.590149,0.9265137,0.0109064905
1.35742,1357,805.5986,805.590149,0.9265137,0
1.35924,1358,805.5986,805.5901,0.933227539,-0.0163597353
1.36105,1359,805.5986,805.5901,0.933227539,-0.0272662267
1.36108,1360,805.5986,805.5901,0.933227539,-0.0272662267
1.36230,1361,805.5986,805.589966,0.9466553,-0.03817272
1.36418,1362,805.5986,805.589966,0.9466553,-0.0272662267
1.36421,1363,805.5986,805.589966,0.9466553,-0.0272662267
1.36539,1364,805.5986,805.589966,0.9466553,-0.0272662267
1.36541,1365,805.5986,805.589966,0.9466553,-0.0163597353
1.36723,1366,805.5986,805.589966,0.9466553,-0.0163597353
1.36904,1367,805.5986,805.589966,0.9466553,-0.0163597353
1.36906,1368,805.5986,805.589966,0.9466553,-0.0163597353
1.37031,1369,805.5986,805.589966,0.9466553,-0.0163597353
1.37229,1370,805.5986,805.589966,0.9466553,0
1.37235,1371,805.5986,805.589966,0.9466553,0
1.37341,1372,805.5986,805.589966,0.9466553,0
1.37343,1373,805.5986,805.589966,0.9466553,0
1.37528,1374,805.5986,805.589966,0.9466553,0
1.37707,1375,805.5986,805.589966,0.9466553,0
1.37710,1376,805.5986,805.589966,0.9466553,0
1.37832,1377,805.5986,805.5901,0.933227539,0.0109064905
1.38016,1378,805.5986,805.5901,0.933227539,0.0109064905
1.38019,1379,805.5986,805.5901,0.933227539,0
1.38141,1380,805.5986,805.5901,0.933227539,0
1.38143,1381,805.5986,805.5901,0.933227539,0
1.38325,1382,805.5986,805.5901,0.933227539,0
1.38507,1383,805.5986,805.5901,0.933227539,0
1.38510,1384,805.5986,805.5901,0.933227539,0
1.38635,1385,805.5986,805.5901,0.933227539,0
1.38816,1386,805.5986,805.5901,0.933227539,0
1.38818,1387,805.5986,805.5901,0.933227539,0
1.38940,1388,805.5986,805.5901,0.933227539,0
1.38941,1389,805.5986,805.5901,0.933227539,0
1.39126,1390,805.5986,805.5901,0.933227539,0
1.39308,1391,805.5986,805.5901,0.933227539,0
1.39311,1392,805.5986,805.5901,0.933227539,0
1.39429,1393,805.5986,805.5901,0.933227539,0
1.39618,1394,805.5986,805.590149,0.9265137,0.0109064905
1.39621,1395,805.5986,805.590149,0.9265137,0.0109064905
1.39738,1396,805.5986,805.590149,0.9265137,0.0109064905
1.39740,1397,805.5986,805.590149,0.9265137,0.0109064905
1.39924,1398,805.5986,805.590149,0.9265137,0.0109064905
1.40104,1399,805.5986,805.590149,0.9265137,0.0109064905
1.40107,1400,805.5986,805.590149,0.9265137,0.0109064905
1.40230,1401,805.5986,805.590149,0.9265137,0.0109064905
1.40417,1402,805.5986,805.590149,0.9265137,0
1.40420,1403,805.5986,805.590149,0.9265137,0
1.40551,1404,805.5986,805.5903,0.913085938,0
1.40556,1405,805.5986,805.5903,0.913085938,0
1.40726,1406,805.5986,805.5903,0.913085938,0.0109064905
1.40906,1407,805.5986,805.5903,0.913085938,0
1.40907,1408,805.5986,805.5903,0.913085938,0
1.41033,1409,805.5986,805.5903,0.913085938,-0.0163597353
1.41215,1410,805.5986,805.5903,0.913085938,-0.0163597353
1.41218,1411,805.5986,805.5903,0.913085938,0
1.41339,1412,805.5986,805.5903,0.913085938,0
1.41341,1413,805.5986,805.5903,0.913085938,0
1.41528,1414,805.5986,805.5903,0.913085938,0
1.41708,1415,805.5986,805.5903,0.913085938,0
1.41711,1416,805.5986,805.5903,0.913085938,0
1.41838,1417,805.5986,805.5903,0.913085938,0
1.42014,1418,805.5986,805.5903,0.913085938,0
1.42017,1419,805.5986,805.5903,0.913085938,0
1.42141,1420,805.5986,805.5903,0.913085938,0
1.42143,1421,805.5986,805.5903,0.913085938,0
1.42323,1422,805.5986,805.5903,0.913085938,0
1.42510,1423,805.5986,805.5903,0.913085938,0
1.42512,1424,805.5986,805.5903,0.913085938,0.0109064905
1.42631,1425,805.5986,805.5903,0.913085938,0.0109064905
1.42815,1426,805.5986,805.5903,0.913085938,0.0109064905
1.42820,1427,805.5986,805.5903,0.913085938,0.0109064905
1.42940,1428,805.5986,805.5903,0.913085938,0.0109064905
1.42942,1429,805.5986,805.5903,0.913085938,0.0109064905
1.43125,1430,805.5986,805.5903,0.913085938,0.0109064905
1.43309,1431,805.5986,805.5903,0.913085938,0.0109064905
1.43312,1432,805.5986,805.5903,0.913085938,0.0109064905
1.43430,1433,805.5986,805.5904,0.8996582,0.0109064905
1.43616,1434,805.5986,805.5904,0.8996582,0.0109064905
1.43618,1435,805.5986,805.5904,0.8996582,0.0109064905
1.43738,1436,805.5986,805.590454,0.892944336,0.0109064905
1.43741,1437,805.5986,805.590454,0.892944336,0.0109064905
1.43926,1438,805.5986,805.590454,0.892944336,0.0109064905
1.44106,1439,805.5986,805.590454,0.892944336,0.0109064905
1.44109,1440,805.5986,805.590454,0.892944336,0.0109064905
1.44231,1441,805.5986,805.590454,0.892944336,0.0109064905
1.44417,1442,805.5986,805.590454,0.892944336,0.0109064905
1.44420,1443,805.5986,805.590454,0.892944336,0.0109064905
1.44539,1444,805.5986,805.590454,0.892944336,0.0109064905
1.44542,1445,805.5986,805.590454,0.892944336,0
1.44725,1446,805.5986,805.590454,0.892944336,-0.0163597353
1.44906,1447,805.5986,805.590454,0.892944336,-0.0163597353
1.44908,1448,805.5986,805.590454,0.892944336,-0.0163597353
1.45030,1449,805.5986,805.590454,0.892944336,-0.0163597353
1.45215,1450,805.5986,805.590454,0.892944336,-0.0163597353
1.45220,1451,805.5986,805.590454,0.892944336,0
1.45341,1452,805.5986,805.590454,0.892944336,0
1.45344,1453,805.5986,805.590454,0.892944336,0
1.45528,1454,805.5986,805.590454,0.892944336,0
1.45707,1455,805.5986,805.590454,0.892944336,0
1.45710,1456,805.5986,805.590454,0.892944336,0
1.45831,1457,805.5986,805.590454,0.892944336,0
1.46017,1458,805.5986,805.590454,0.892944336,0
1.46019,1459,805.5986,805.5906,0.8795166,0.0109064905
1.46139,1460,805.5986,805.5906,0.8795166,0.0109064905
1.46140,1461,805.5986,805.5906,0.8795166,0.0109064905
1.46327,1462,805.5986,805.590637,0.872802734,0.021812981
1.46505,1463,805.5986,805.590637,0.872802734,0.0109064905
1.46508,1464,805.5986,805.590637,0.872802734,0.0109064905
1.46633,1465,805.5986,805.590637,0.872802734,0.0109064905
1.46816,1466,805.5986,805.590637,0.872802734,0.021812981
1.46818,1467,805.5986,805.5907,0.866088867,0.021812981
1.46939,1468,805.5986,805.5908,0.852661133,0.021812981
1.46940,1469,805.5986,805.5908,0.852661133,0.021812981
1.47124,1470,805.5986,805.5908,0.852661133,0.021812981
1.47306,1471,805.5986,805.5908,0.852661133,0.021812981
1.47308,1472,805.5986,805.5908,0.852661133,0.021812981
1.47433,1473,805.5986,805.5908,0.852661133,0.021812981
1.47620,1474,805.5986,805.5909,0.845947266,0.021812981
1.47623,1475,805.5986,805.5909,0.845947266,0.0109064905
1.47743,1476,805.5986,805.5909,0.845947266,0.0109064905
1.47747,1477,805.5986,805.5909,0.845947266,0.0109064905
1.47928,1478,805.5986,805.5909,0.845947266,0
1.48105,1479,805.5986,805.5909,0.845947266,0
1.48108,1480,805.5986,805.590942,0.8392334,0
1.48232,1481,805.5986,805.590942,0.8392334,0
1.48415,1482,805.5986,805.590942,0.8392334,0.0109064905
1.48417,1483,805.5986,805.590942,0.8392334,0
1.48542,1484,805.5986,805.590942,0.8392334,0
1.48546,1485,805.5986,805.590942,0.8392334,-0.0163597353
1.48726,1486,805.5986,805.590942,0.8392334,-0.0163597353
1.48907,1487,805.5986,805.590942,0.8392334,0
1.48909,1488,805.5986,805.590942,0.8392334,0
1.49033,1489,805.5986,805.590942,0.8392334,0
1.49213,1490,805.5986,805.590942,0.8392334,0
1.49215,1491,805.5986,805.590942,0.8392334,0
1.49339,1492,805.5986,805.590942,0.8392334,0
1.49341,1493,805.5986,805.590942,0.8392334,0
1.49525,1494,805.5986,805.590942,0.8392334,0
1.49705,1495,805.5986,805.590942,0.8392334,0
1.49706,1496,805.5986,805.590942,0.8392334,0
1.49830,1497,805.5986,805.590942,0.8392334,0.0109064905
1.50016,1498,805.5986,805.590942,0.8392334,0.0109064905
1.50020,1499,805.5986,805.590942,0.8392334,0.021812981
1.50140,1500,805.5986,805.591,0.832519531,0.021812981
1.50142,1501,805.5986,805.5911,0.8190918,0.021812981
1.50326,1502,805.5986,805.5911,0.8190918,0.021812981
1.50504,1503,805.5986,805.5911,0.8190918,0.021812981
1.50505,1504,805.5986,805.5912,0.8123779,0.03271947
1.50631,1505,805.5986,805.591248,0.805664063,0.043625962
1.50813,1506,805.5986,805.591248,0.805664063,0.043625962
1.50815,1507,805.5986,805.591431,0.785522461,0.0545324534
1.50940,1508,805.5986,805.591431,0.785522461,0.043625962
1.50941,1509,805.5986,805.5915,0.7788086,0.043625962
1.51126,1510,805.5986,805.591553,0.7720947,0.0545324534
1.51304,1511,805.5986,805.5917,0.758667,0.06543894
1.51305,1512,805.5986,805.5918,0.745239258,0.07634544
1.51430,1513,805.5986,805.5919,0.7318115,0.087251924
1.51613,1514,805.5986,805.5921,0.7116699,0.09815842
1.51617,1515,805.5986,805.5921,0.7116699,0.109064907
1.51739,1516,805.5986,805.5923,0.6915283,0.109064907
1.51741,1517,805.5986,805.5925,0.664672852,0.136331126
1.51924,1518,805.5986,805.592651,0.6512451,0.136331126
1.52104,1519,805.5986,805.5928,0.6378174,0.147237629
1.52106,1520,805.5986,805.592834,0.6311035,0.147237629
1.52233,1521,805.5986,805.5931,0.604248047,0.147237629
1.52423,1522,805.5986,805.5932,0.5908203,0.147237629
1.52424,1523,805.5986,805.5933,0.5773926,0.136331126
1.52540,1524,805.5986,805.5934,0.5706787,0.125424653
1.52543,1525,805.5986,805.5935,0.557251,0.09815842
1.52726,1526,805.5986,805.5935,0.557251,0.07634544
1.52904,1527,805.5986,805.5934,0.5706787,0.03271947
1.52905,1528,805.5986,805.5933,0.5773926,0
1.53030,1529,805.5986,805.5933,0.5773926,-0.0272662267
1.53213,1530,805.5986,805.5932,0.5908203,-0.0599856973
1.53215,1531,805.5986,805.5932,0.5908203,-0.08179868
1.53340,1532,805.5986,805.593,0.6109619,-0.09270517
1.53342,1533,805.5986,805.592957,0.6176758,-0.103611663
1.53526,1534,805.5986,805.592834,0.6311035,-0.09270517
1.53704,1535,805.5986,805.592834,0.6311035,-0.08179868
1.53706,1536,805.5986,805.5927,0.64453125,-0.08179868
1.53832,1537,805.5986,805.5927,0.64453125,-0.07089219
1.54016,1538,805.5986,805.5927,0.64453125,-0.07089219
1.54019,1539,805.5986,805.5927,0.64453125,-0.0599856973
1.54140,1540,805.5986,805.5927,0.64453125,-0.03817272
1.54143,1541,805.5986,805.5927,0.64453125,-0.0272662267
1.54328,1542,805.5986,805.5927,0.64453125,0
1.54508,1543,805.5986,805.5927,0.64453125,0.0109064905
1.54509,1544,805.5986,805.592834,0.6311035,0.03271947
1.54632,1545,805.5986,805.592834,0.6311035,0.03271947
1.54813,1546,805.5986,805.592957,0.6176758,0.043625962
1.54814,1547,805.5986,805.593,0.6109619,0.043625962
1.54939,1548,805.5986,805.593,0.6109619,0.043625962
1.54941,1549,805.5986,805.593,0.6109619,0.043625962
1.55122,1550,805.5986,805.5931,0.604248047,0.03271947
1.55308,1551,805.5986,805.5932,0.5908203,0.03271947
1.55309,1552,805.5986,805.5932,0.5908203,0.03271947
1.55430,1553,805.5986,805.5932,0.5908203,0.021812981
1.55618,1554,805.5986,805.5932,0.5908203,0.0109064905
1.55621,1555,805.5986,805.5931,0.604248047,-0.0163597353
1.55741,1556,805.5986,805.5931,0.604248047,-0.0272662267
1.55743,1557,805.5986,805.593,0.6109619,-0.0272662267
1.55924,1558,805.5986,805.593,0.6109619,-0.03817272
1.56108,1559,805.5986,805.593,0.6109619,-0.0272662267
1.56110,1560,805.5986,805.593,0.6109619,-0.0272662267
1.56233,1561,805.5986,805.593,0.6109619,-0.0163597353
1.56412,1562,805.5986,805.593,0.6109619,-0.0163597353
1.56414,1563,805.5986,805.593,0.6109619,-0.0163597353
1.56538,1564,805.5986,805.593,0.6109619,-0.0163597353
1.56539,1565,805.5986,805.593,0.6109619,-0.0163597353
1.56721,1566,805.5986,805.593,0.6109619,-0.0163597353
1.56905,1567,805.5986,805.593,0.6109619,0
1.56908,1568,805.5986,805.593,0.6109619,0
1.57032,1569,805.5986,805.593,0.6109619,0
1.57229,1570,805.5986,805.593,0.6109619,0
1.57232,1571,805.5986,805.593,0.6109619,0
1.57343,1572,805.5986,805.593,0.6109619,0
1.57346,1573,805.5986,805.593,0.6109619,0
1.57523,1574,805.5986,805.593,0.6109619,0
1.57704,1575,805.5986,805.593,0.6109619,0
1.57705,1576,805.5986,805.593,0.6109619,0
1.57832,1577,805.5986,805.593,0.6109619,0
1.58015,1578,805.5986,805.593,0.6109619,0
1.58016,1579,805.5986,805.593,0.6109619,0
1.58140,1580,805.5986,805.593,0.6109619,0
1.58141,1581,805.5986,805.593,0.6109619,0
1.58326,1582,805.5986,805.593,0.6109619,0
1.58511,1583,805.5986,805.593,0.6109619,0
1.58515,1584,805.5986,805.593,0.6109619,0
1.58636,1585,805.5986,805.593,0.6109619,0
1.58815,1586,805.5986,805.593,0.6109619,0
1.58817,1587,805.5986,805.593,0.6109619,0
1.58941,1588,805.5986,805.593,0.6109619,0
1.58945,1589,805.5986,805.593,0.6109619,0
1.59124,1590,805.5986,805.593,0.6109619,0
1.59306,1591,805.5986,805.593,0.6109619,0
1.59310,1592,805.5986,805.593,0.6109619,0
1.59431,1593,805.5986,805.593,0.6109619,0
1.59614,1594,805.5986,805.593,0.6109619,0
1.59615,1595,805.5986,805.593,0.6109619,0
1.59740,1596,805.5986,805.593,0.6109619,0
1.59742,1597,805.5986,805.593,0.6109619,0
1.59921,1598,805.5986,805.593,0.6109619,0
1.60104,1599,805.5986,805.593,0.6109619,0
1.60105,1600,805.5986,805.593,0.6109619,0
1.60232,1601,805.5986,805.593,0.6109619,0
1.60415,1602,805.5986,805.593,0.6109619,0
1.60419,1603,805.5986,805.593,0.6109619,0
1.60552,1604,805.5986,805.593,0.6109619,0
1.60557,1605,805.5986,805.593,0.6109619,0
1.60730,1606,805.5986,805.593,0.6109619,0
1.60906,1607,805.5986,805.593,0.6109619,0
1.60909,1608,805.5986,805.593,0.6109619,0
1.61032,1609,805.5986,805.593,0.6109619,0
1.61213,1610,805.5986,805.593,0.6109619,0
1.61215,1611,805.5986,805.593,0.6109619,0
1.61342,1612,805.5986,805.593,0.6109619,0
1.61346,1613,805.5986,805.593,0.6109619,0
1.61521,1614,805.5986,805.593,0.6109619,0
1.61703,1615,805.5986,805.593,0.6109619,0
1.61704,1616,805.5986,805.593,0.6109619,0
1.61830,1617,805.5986,805.593,0.6109619,0
1.62013,1618,805.5986,805.5932,0.5908203,0.0109064905
1.62015,1619,805.5986,805.5932,0.5908203,0.0109064905
1.62140,1620,805.5986,805.5932,0.5908203,0.021812981
1.62142,1621,805.5986,805.5932,0.5908203,0.021812981
1.62324,1622,805.5986,805.5932,0.5908203,0.0109064905
1.62507,1623,805.5986,805.5932,0.5908203,0.0109064905
1.62508,1624,805.5986,805.5932,0.5908203,0
1.62631,1625,805.5986,805.5932,0.5908203,0
1.62813,1626,805.5986,805.5932,0.5908203,0
1.62815,1627,805.5986,805.5932,0.5908203,-0.0163597353
1.62944,1628,805.5986,805.5932,0.5908203,-0.0163597353
1.62947,1629,805.5986,805.5932,0.5908203,-0.0163597353
1.63121,1630,805.5986,805.5932,0.5908203,0
1.63305,1631,805.5986,805.5932,0.5908203,0
1.63306,1632,805.5986,805.5932,0.5908203,0
1.63430,1633,805.5986,805.5932,0.5908203,0
1.63613,1634,805.5986,805.5932,0.5908203,0
1.63615,1635,805.5986,805.5932,0.5908203,0
1.63741,1636,805.5986,805.5932,0.5908203,0
1.63744,1637,805.5986,805.5932,0.5908203,0
1.63923,1638,805.5986,805.5932,0.5908203,0
1.64109,1639,805.5986,805.5932,0.5908203,0
1.64113,1640,805.5986,805.5932,0.5908203,0
1.64232,1641,805.5986,805.5932,0.5908203,0
1.64415,1642,805.5986,805.5932,0.5908203,0
1.64418,1643,805.5986,805.5932,0.5908203,0
1.64539,1644,805.5986,805.5932,0.5908203,0
1.64541,1645,805.5986,805.5932,0.5908203,0
1.64723,1646,805.5986,805.5932,0.5908203,0
1.64906,1647,805.5986,805.5932,0.5908203,0
1.64908,1648,805.5986,805.5932,0.5908203,0
1.65030,1649,805.5986,805.5932,0.5908203,0
1.65215,1650,805.5986,805.5932,0.5908203,0
1.65216,1651,805.5986,805.5932,0.5908203,0
1.65340,1652,805.5986,805.5932,0.5908203,0
1.65342,1653,805.5986,805.5932,0.5908203,0
1.65524,1654,805.5986,805.5932,0.5908203,0
1.65705,1655,805.5986,805.5932,0.5908203,0
1.65707,1656,805.5986,805.5932,0.5908203,0
1.65832,1657,805.5986,805.593262,0.584106445,0.0109064905
1.66014,1658,805.5986,805.593262,0.584106445,0.0109064905
1.66016,1659,805.5986,805.593262,0.584106445,0.0109064905
1.66141,1660,805.5986,805.593262,0.584106445,0.0109064905
1.66144,1661,805.5986,805.5933,0.5773926,0.0109064905
1.66321,1662,805.5986,805.5933,0.5773926,0.0109064905
1.66508,1663,805.5986,805.5933,0.5773926,0.0109064905
1.66512,1664,805.5986,805.5933,0.5773926,0.0109064905
1.66632,1665,805.5986,805.5933,0.5773926,0.0109064905
1.66817,1666,805.5986,805.5933,0.5773926,0
1.66820,1667,805.5986,805.5933,0.5773926,0
1.66939,1668,805.5986,805.5933,0.5773926,-0.0163597353
1.66940,1669,805.5986,805.5933,0.5773926,-0.0163597353
1.67123,1670,805.5986,805.5933,0.5773926,0
1.67306,1671,805.5986,805.5933,0.5773926,0
1.67308,1672,805.5986,805.5933,0.5773926,0
1.67431,1673,805.5986,805.5933,0.5773926,0
1.67613,1674,805.5986,805.5933,0.5773926,0
1.67615,1675,805.5986,805.5933,0.5773926,0
1.67739,1676,805.5986,805.5933,0.5773926,0
1.67741,1677,805.5986,805.5933,0.5773926,0
1.67921,1678,805.5986,805.5933,0.5773926,0
1.68109,1679,805.5986,805.5933,0.5773926,0
1.68113,1680,805.5986,805.5933,0.5773926,0
1.68230,1681,805.5986,805.5933,0.5773926,0
1.68414,1682,805.5986,805.5933,0.5773926,0
1.68416,1683,805.5986,805.5933,0.5773926,0
1.68539,1684,805.5986,805.5933,0.5773926,0
1.68540,1685,805.5986,805.5933,0.5773926,0
1.68723,1686,805.5986,805.5933,0.5773926,0
1.68913,1687,805.5986,805.5933,0.5773926,0
1.68921,1688,805.5986,805.5933,0.5773926,0
1.69032,1689,805.5986,805.5933,0.5773926,0
1.69218,1690,805.5986,805.5933,0.5773926,0
1.69221,1691,805.5986,805.5933,0.5773926,0
1.69339,1692,805.5986,805.5933,0.5773926,0
1.69341,1693,805.5986,805.5933,0.5773926,0
1.69523,1694,805.5986,805.5933,0.5773926,0
1.69709,1695,805.5986,805.5933,0.5773926,0
1.69712,1696,805.5986,805.5933,0.5773926,0.0109064905
1.69830,1697,805.5986,805.5933,0.5773926,0.0109064905
1.70016,1698,805.5986,805.5933,0.5773926,0.0109064905
1.70018,1699,805.5986,805.5934,0.5706787,0.0109064905
1.70139,1700,805.5986,805.5934,0.5706787,0.0109064905
1.70141,1701,805.5986,805.5934,0.5706787,0.0109064905
1.70322,1702,805.5986,805.5934,0.5706787,0
1.70509,1703,805.5986,805.5934,0.5706787,0
1.70511,1704,805.5986,805.5934,0.5706787,-0.0163597353
1.70633,1705,805.5986,805.5934,0.5706787,-0.0163597353
1.70813,1706,805.5986,805.5934,0.5706787,0
1.70814,1707,805.5986,805.5934,0.5706787,0
1.70940,1708,805.5986,805.5934,0.5706787,0
1.70941,1709,805.5986,805.5934,0.5706787,0
1.71124,1710,805.5986,805.5934,0.5706787,0
1.71309,1711,805.5986,805.5934,0.5706787,0
1.71313,1712,805.5986,805.5934,0.5706787,0
1.71430,1713,805.5986,805.5934,0.5706787,0
1.71617,1714,805.5986,805.5935,0.557251,0
1.71620,1715,805.5986,805.5935,0.557251,0
1.71739,1716,805.5986,805.5935,0.557251,0.0109064905
1.71741,1717,805.5986,805.5935,0.557251,0.0109064905
1.71924,1718,805.5986,805.5935,0.557251,0.0109064905
1.72108,1719,805.5986,805.5935,0.557251,0.0109064905
1.72110,1720,805.5986,805.5935,0.557251,0.0109064905
1.72254,1721,805.5986,805.5935,0.557251,0.0109064905
1.72417,1722,805.5986,805.5935,0.557251,0
1.72421,1723,805.5986,805.5935,0.557251,0
1.72541,1724,805.5986,805.5935,0.557251,-0.0163597353
1.72543,1725,805.5986,805.5935,0.557251,-0.0163597353
1.72725,1726,805.5986,805.5935,0.557251,0
1.72906,1727,805.5986,805.5935,0.557251,0
1.72908,1728,805.5986,805.5935,0.557251,0
1.73031,1729,805.5986,805.5935,0.557251,0
1.73218,1730,805.5986,805.5935,0.557251,0
1.73219,1731,805.5986,805.5935,0.557251,0
1.73340,1732,805.5986,805.5935,0.557251,0
1.73342,1733,805.5986,805.5935,0.557251,0
1.73529,1734,805.5986,805.5935,0.557251,0
1.73713,1735,805.5986,805.5935,0.557251,0
1.73717,1736,805.5986,805.5935,0.557251,0
1.73831,1737,805.5986,805.5935,0.557251,0
1.74019,1738,805.5986,805.5935,0.557251,0
1.74022,1739,805.5986,805.5935,0.557251,0
1.74143,1740,805.5986,805.5935,0.557251,0
1.74146,1741,805.5986,805.5935,0.557251,0
1.74322,1742,805.5986,805.5935,0.557251,0
1.74507,1743,805.5986,805.5935,0.557251,0
1.74510,1744,805.5986,805.5935,0.557251,0
1.74632,1745,805.5986,805.5935,0.557251,0
1.74814,1746,805.5986,805.5935,0.557251,0
1.74816,1747,805.5986,805.5935,0.557251,0
1.74939,1748,805.5986,805.5935,0.557251,0
1.74941,1749,805.5986,805.5935,0.557251,0
1.75123,1750,805.5986,805.5935,0.557251,0
1.75306,1751,805.5986,805.5935,0.557251,0
1.75309,1752,805.5986,805.5935,0.557251,0
1.75430,1753,805.5986,805.5935,0.557251,0
1.75618,1754,805.5986,805.5935,0.557251,0.0109064905
1.75620,1755,805.5986,805.5936,0.543823242,0.0109064905
1.75740,1756,805.5986,805.5936,0.543823242,0.0109064905
1.75742,1757,805.5986,805.5936,0.543823242,0.0109064905
1.75928,1758,805.5986,805.5936,0.543823242,0.0109064905
1.76108,1759,805.5986,805.5936,0.543823242,0.0109064905
1.76111,1760,805.5986,805.5936,0.543823242,0.0109064905
1.76230,1761,805.5986,805.5936,0.543823242,0.0109064905
1.76417,1762,805.5986,805.5936,0.543823242,0.0109064905
1.76420,1763,805.5986,805.5936,0.543823242,0.0109064905
1.76540,1764,805.5986,805.5936,0.543823242,0
1.76542,1765,805.5986,805.5936,0.543823242,0
1.76725,1766,805.5986,805.5936,0.543823242,-0.0163597353
1.76906,1767,805.5986,805.5936,0.543823242,-0.0163597353
1.76908,1768,805.5986,805.5936,0.543823242,-0.0163597353
1.77030,1769,805.5986,805.5936,0.543823242,-0.0163597353
1.77249,1770,805.5986,805.5936,0.543823242,-0.0163597353
1.77257,1771,805.5986,805.5936,0.543823242,-0.0163597353
1.77343,1772,805.5986,805.5936,0.543823242,0
1.77345,1773,805.5986,805.5936,0.543823242,0
1.77526,1774,805.5986,805.5936,0.543823242,0
1.77708,1775,805.5986,805.5936,0.543823242,0
1.77710,1776,805.5986,805.5936,0.543823242,0
1.77833,1777,805.5986,805.5936,0.543823242,0
1.78015,1778,805.5986,805.5936,0.543823242,0
1.78022,1779,805.5986,805.5936,0.543823242,0
1.78138,1780,805.5986,805.5936,0.543823242,0
1.78139,1781,805.5986,805.5936,0.543823242,0
1.78326,1782,805.5986,805.5936,0.543823242,0.0109064905
1.78506,1783,805.5986,805.5936,0.543823242,0.0109064905
1.78509,1784,805.5986,805.5936,0.543823242,0.0109064905
1.78630,1785,805.5986,805.59375,0.5303955,0.0109064905
1.78815,1786,805.5986,805.59375,0.5303955,0.0109064905
1.78817,1787,805.5986,805.59375,0.5303955,0.0109064905
1.78940,1788,805.5986,805.59375,0.5303955,0.0109064905
1.78942,1789,805.5986,805.5938,0.523681641,0.0109064905
1.79123,1790,805.5986,805.5938,0.523681641,0.0109064905
1.79309,1791,805.5986,805.5938,0.523681641,0.0109064905
1.79312,1792,805.5986,805.5938,0.523681641,0
1.79431,1793,805.5986,805.5938,0.523681641,0
1.79616,1794,805.5986,805.5938,0.523681641,0
1.79619,1795,805.5986,805.5938,0.523681641,-0.0163597353
1.79740,1796,805.5986,805.5938,0.523681641,0
1.79742,1797,805.5986,805.5938,0.523681641,0
1.79924,1798,805.5986,805.5938,0.523681641,0
1.80107,1799,805.5986,805.5938,0.523681641,0
1.80111,1800,805.5986,805.5938,0.523681641,0
1.80230,1801,805.5986,805.5938,0.523681641,0
1.80415,1802,805.5986,805.5938,0.523681641,0
1.80416,1803,805.5986,805.5938,0.523681641,0
1.80548,1804,805.5986,805.5938,0.523681641,0
1.80551,1805,805.5986,805.5938,0.523681641,0
1.80723,1806,805.5986,805.5938,0.523681641,0
1.80910,1807,805.5986,805.5938,0.523681641,0
1.80913,1808,805.5986,805.5938,0.523681641,0
1.81032,1809,805.5986,805.5938,0.523681641,0
1.81216,1810,805.5986,805.5938,0.523681641,0
1.81218,1811,805.5986,805.5938,0.523681641,0
1.81338,1812,805.5986,805.5938,0.523681641,0
1.81340,1813,805.5986,805.5938,0.523681641,0
1.81525,1814,805.5986,805.5938,0.523681641,0
1.81707,1815,805.5986,805.5938,0.523681641,0
1.81709,1816,805.5986,805.5938,0.523681641,0
1.81829,1817,805.5986,805.5938,0.523681641,0
1.82016,1818,805.5986,805.5938,0.523681641,0
1.82018,1819,805.5986,805.5938,0.523681641,0
1.82145,1820,805.5986,805.5938,0.523681641,0
1.82146,1821,805.5986,805.5938,0.523681641,0
1.82329,1822,805.5986,805.5938,0.523681641,0
1.82507,1823,805.5986,805.5938,0.523681641,0
1.82511,1824,805.5986,805.5938,0.523681641,0
1.82638,1825,805.5986,805.5938,0.523681641,0
1.82817,1826,805.5986,805.5938,0.523681641,0
1.82819,1827,805.5986,805.5938,0.523681641,0
1.82940,1828,805.5986,805.5938,0.523681641,0.0109064905
1.82944,1829,805.5986,805.5938,0.523681641,0.0109064905
1.83123,1830,805.5986,805.5938,0.523681641,0.0109064905
1.83314,1831,805.5986,805.5938,0.523681641,0.0109064905
1.83321,1832,805.5986,805.593933,0.5102539,0.0109064905
1.83434,1833,805.5986,805.593933,0.5102539,0.0109064905
1.83619,1834,805.5986,805.593933,0.5102539,0.0109064905
1.83622,1835,805.5986,805.593933,0.5102539,0.0109064905
1.83741,1836,805.5986,805.593933,0.5102539,0.0109064905
1.83742,1837,805.5986,805.593933,0.5102539,0
1.83935,1838,805.5986,805.593933,0.5102539,0
1.84107,1839,805.5986,805.593933,0.5102539,-0.0163597353
1.84111,1840,805.5986,805.593933,0.5102539,-0.0163597353
1.84232,1841,805.5986,805.593933,0.5102539,-0.0163597353
1.84419,1842,805.5986,805.593933,0.5102539,-0.0163597353
1.84422,1843,805.5986,805.593933,0.5102539,0
1.84540,1844,805.5986,805.593933,0.5102539,0
1.84543,1845,805.5986,805.593933,0.5102539,0
1.84726,1846,805.5986,805.593933,0.5102539,0
1.84906,1847,805.5986,805.593933,0.5102539,0
1.84908,1848,805.5986,805.593933,0.5102539,0
1.85030,1849,805.5986,805.593933,0.5102539,0
1.85216,1850,805.5986,805.593933,0.5102539,0
1.85218,1851,805.5986,805.593933,0.5102539,0
1.85342,1852,805.5986,805.593933,0.5102539,0
1.85344,1853,805.5986,805.593933,0.5102539,0
1.85529,1854,805.5986,805.593933,0.5102539,0
1.85710,1855,805.5986,805.593933,0.5102539,0
1.85713,1856,805.5986,805.593933,0.5102539,0
1.85831,1857,805.5986,805.593933,0.5102539,0
1.86020,1858,805.5986,805.593933,0.5102539,0
1.86022,1859,805.5986,805.593933,0.5102539,0
1.86139,1860,805.5986,805.593933,0.5102539,0
1.86141,1861,805.5986,805.593933,0.5102539,0
1.86326,1862,805.5986,805.593933,0.5102539,0
1.86509,1863,805.5986,805.593933,0.5102539,0.0109064905
1.86512,1864,805.5986,805.593933,0.5102539,0.0109064905
1.86630,1865,805.5986,805.593933,0.5102539,0.0109064905
1.86816,1866,805.5986,805.593933,0.5102539,0.0109064905
1.86818,1867,805.5986,805.593933,0.5102539,0.0109064905
1.86940,1868,805.5986,805.593933,0.5102539,0.0109064905
1.86941,1869,805.5986,805.593933,0.5102539,0.0109064905
1.87124,1870,805.5986,805.594055,0.496826172,0.0109064905
1.87307,1871,805.5986,805.594055,0.496826172,0.0109064905
1.87309,1872,805.5986,805.594055,0.496826172,0.0109064905
1.87436,1873,805.5986,805.594055,0.496826172,0
1.87616,1874,805.5986,805.594055,0.496826172,0
1.87618,1875,805.5986,805.594055,0.496826172,-0.0163597353
1.87740,1876,805.5986,805.594055,0.496826172,-0.0163597353
1.87742,1877,805.5986,805.594055,0.496826172,0
1.87925,1878,805.5986,805.594055,0.496826172,0
1.88109,1879,805.5986,805.594055,0.496826172,0
1.88112,1880,805.5986,805.594055,0.496826172,0
1.88230,1881,805.5986,805.594055,0.496826172,0
1.88416,1882,805.5986,805.594055,0.496826172,0
1.88419,1883,805.5986,805.594055,0.496826172,0
1.88540,1884,805.5986,805.594055,0.496826172,0
1.88542,1885,805.5986,805.594055,0.496826172,0
1.88724,1886,805.5986,805.594055,0.496826172,0
1.88913,1887,805.5986,805.594055,0.496826172,0
1.88918,1888,805.5986,805.594055,0.496826172,0
1.89032,1889,805.5986,805.594055,0.496826172,0
1.89219,1890,805.5986,805.594055,0.496826172,0
1.89225,1891,805.5986,805.594055,0.496826172,0
1.89340,1892,805.5986,805.594055,0.496826172,0
1.89343,1893,805.5986,805.594055,0.496826172,0
1.89523,1894,805.5986,805.594055,0.496826172,0
1.89705,1895,805.5986,805.5942,0.483398438,0
1.89707,1896,805.5986,805.5942,0.483398438,0
1.89833,1897,805.5986,805.5942,0.483398438,0.0109064905
1.90015,1898,805.5986,805.5942,0.483398438,0.0109064905
1.90017,1899,805.5986,805.5942,0.483398438,0.0109064905
1.90141,1900,805.5986,805.5942,0.483398438,0.0109064905
1.90144,1901,805.5986,805.5942,0.483398438,0.0109064905
1.90322,1902,805.5986,805.5942,0.483398438,0.0109064905
1.90510,1903,805.5986,805.5942,0.483398438,0.0109064905
1.90514,1904,805.5986,805.5942,0.483398438,0.0109064905
1.90632,1905,805.5986,805.5942,0.483398438,0.0109064905
1.90815,1906,805.5986,805.5942,0.483398438,0
1.90818,1907,805.5986,805.5942,0.483398438,0
1.90940,1908,805.5986,805.5942,0.483398438,-0.0163597353
1.90943,1909,805.5986,805.5942,0.483398438,-0.0163597353
1.91124,1910,805.5986,805.5942,0.483398438,0
1.91305,1911,805.5986,805.5942,0.483398438,0
1.91307,1912,805.5986,805.5942,0.483398438,0
1.91430,1913,805.5986,805.5942,0.483398438,0
1.91614,1914,805.5986,805.5942,0.483398438,0
1.91616,1915,805.5986,805.5942,0.483398438,0
1.91740,1916,805.5986,805.5942,0.483398438,0
1.91742,1917,805.5986,805.5942,0.483398438,-0.0163597353
1.91925,1918,805.5986,805.5942,0.483398438,-0.0163597353
1.92105,1919,805.5986,805.5942,0.483398438,-0.0163597353
1.92106,1920,805.5986,805.5942,0.483398438,-0.0163597353
1.92231,1921,805.5986,805.5942,0.483398438,0
1.92415,1922,805.5986,805.5942,0.483398438,0
1.92417,1923,805.5986,805.5942,0.483398438,0
1.92539,1924,805.5986,805.5942,0.483398438,0
1.92540,1925,805.5986,805.5942,0.483398438,0
1.92724,1926,805.5986,805.5942,0.483398438,0
1.92905,1927,805.5986,805.5942,0.483398438,0
1.92907,1928,805.5986,805.5942,0.483398438,0
1.93030,1929,805.5986,805.5942,0.483398438,0
1.93215,1930,805.5986,805.5942,0.483398438,0
1.93219,1931,805.5986,805.594238,0.47668457,0
1.93341,1932,805.5986,805.594238,0.47668457,0.0109064905
1.93343,1933,805.5986,805.5943,0.4699707,0.0109064905
1.93523,1934,805.5986,805.5943,0.4699707,0.0109064905
1.93705,1935,805.5986,805.5943,0.4699707,0.0109064905
1.93709,1936,805.5986,805.5943,0.4699707,0.0109064905
1.93831,1937,805.5986,805.5943,0.4699707,0.0109064905
1.94015,1938,805.5986,805.5943,0.4699707,0.0109064905
1.94019,1939,805.5986,805.5943,0.4699707,0.0109064905
1.94142,1940,805.5986,805.5943,0.4699707,0.0109064905
1.94144,1941,805.5986,805.5943,0.4699707,0.0109064905
1.94325,1942,805.5986,805.59436,0.463256836,0.0109064905
1.94508,1943,805.5986,805.59436,0.463256836,0.0109064905
1.94511,1944,805.5986,805.59436,0.463256836,0.0109064905
1.94631,1945,805.5986,805.59436,0.463256836,0.0109064905
1.94819,1946,805.5986,805.5945,0.4498291,0.0109064905
1.94821,1947,805.5986,805.5945,0.4498291,0.0109064905
1.94942,1948,805.5986,805.5945,0.4498291,0.0109064905
1.94946,1949,805.5986,805.5945,0.4498291,0
1.95126,1950,805.5986,805.5945,0.4498291,0
1.95305,1951,805.5986,805.59436,0.463256836,0
1.95307,1952,805.5986,805.59436,0.463256836,-0.0163597353
1.95433,1953,805.5986,805.59436,0.463256836,-0.0163597353
1.95617,1954,805.5986,805.59436,0.463256836,-0.0163597353
1.95620,1955,805.5986,805.59436,0.463256836,-0.0163597353
1.95740,1956,805.5986,805.59436,0.463256836,0
1.95742,1957,805.5986,805.59436,0.463256836,0
1.95928,1958,805.5986,805.59436,0.463256836,0
1.96106,1959,805.5986,805.59436,0.463256836,0
1.96108,1960,805.5986,805.59436,0.463256836,0
1.96233,1961,805.5986,805.59436,0.463256836,0
1.96419,1962,805.5986,805.59436,0.463256836,0
1.96423,1963,805.5986,805.59436,0.463256836,0
1.96540,1964,805.5986,805.59436,0.463256836,0
1.96542,1965,805.5986,805.59436,0.463256836,0
1.96725,1966,805.5986,805.59436,0.463256836,0
1.96907,1967,805.5986,805.59436,0.463256836,0
1.96909,1968,805.5986,805.59436,0.463256836,0
1.97030,1969,805.5986,805.5945,0.4498291,0
1.97236,1970,805.5986,805.5945,0.4498291,0
1.97240,1971,805.5986,805.5945,0.4498291,0.0109064905
1.97340,1972,805.5986,805.5945,0.4498291,0.0109064905
1.97342,1973,805.5986,805.5945,0.4498291,0.0109064905
1.97527,1974,805.5986,805.5945,0.4498291,0.0109064905
1.97707,1975,805.5986,805.5945,0.4498291,0.0109064905
1.97708,1976,805.5986,805.594543,0.443115234,0.0109064905
1.97833,1977,805.5986,805.594543,0.443115234,0.0109064905
1.98019,1978,805.5986,805.594543,0.443115234,0.0109064905
1.98022,1979,805.5986,805.5946,0.436401367,0.0109064905
1.98139,1980,805.5986,805.5946,0.436401367,0.0109064905
1.98141,1981,805.5986,805.5946,0.436401367,0.0109064905
1.98329,1982,805.5986,805.5946,0.436401367,0.0109064905
1.98504,1983,805.5986,805.5946,0.436401367,0.0109064905
1.98508,1984,805.5986,805.5946,0.436401367,0.0109064905
1.98630,1985,805.5986,805.5946,0.436401367,0.0109064905
1.98818,1986,805.5986,805.5946,0.436401367,0.0109064905
1.98821,1987,805.5986,805.5946,0.436401367,0.0109064905
1.98941,1988,805.5986,805.5946,0.436401367,0.0109064905
1.98944,1989,805.5986,805.5947,0.422973633,0.0109064905
1.99128,1990,805.5986,805.5947,0.422973633,0.0109064905
1.99306,1991,805.5986,805.5947,0.422973633,0.0109064905
1.99308,1992,805.5986,805.5947,0.422973633,0
1.99432,1993,805.5986,805.5947,0.422973633,0
1.99617,1994,805.5986,805.5947,0.422973633,-0.0163597353
1.99620,1995,805.5986,805.5947,0.422973633,-0.0163597353
1.99743,1996,805.5986,805.5947,0.422973633,-0.0163597353
1.99745,1997,805.5986,805.5947,0.422973633,0
1.99928,1998,805.5986,805.5947,0.422973633,0
2.00105,1999,805.5986,805.5947,0.422973633,0
2.00108,2000,805.5986,805.5947,0.422973633,0
2.00231,2001,805.5986,805.5947,0.422973633,0
2.00415,2002,805.5986,805.5947,0.422973633,0
2.00418,2003,805.5986,805.5947,0.422973633,0
2.00548,2004,805.5986,805.5947,0.422973633,0
2.00549,2005,805.5986,805.5947,0.422973633,0
2.00728,2006,805.5986,805.5947,0.422973633,0
2.00906,2007,805.5986,805.5947,0.422973633,0
2.00908,2008,805.5986,805.5947,0.422973633,0
2.01031,2009,805.5986,805.5947,0.422973633,0
2.01218,2010,805.5986,805.5947,0.422973633,0
2.01222,2011,805.5986,805.5947,0.422973633,0
2.01343,2012,805.5986,805.5947,0.422973633,0
2.01346,2013,805.5986,805.5947,0.422973633,0
2.01530,2014,805.5986,805.5947,0.422973633,0
2.01705,2015,805.5986,805.5947,0.422973633,0
2.01706,2016,805.5986,805.5947,0.422973633,0
2.01829,2017,805.5986,805.5947,0.422973633,0
2.02015,2018,805.5986,805.5947,0.422973633,0
2.02017,2019,805.5986,805.5947,0.422973633,0
2.02140,2020,805.5986,805.5947,0.422973633,0
2.02144,2021,805.5986,805.5948,0.416259766,0
2.02325,2022,805.5986,805.5948,0.416259766,0
2.02506,2023,805.5986,805.5948,0.416259766,0.0109064905
2.02507,2024,805.5986,805.5948,0.416259766,0.0109064905
2.02632,2025,805.5986,805.5948,0.416259766,0.0109064905
2.02813,2026,805.5986,805.594849,0.4095459,0.021812981
2.02816,2027,805.5986,805.594849,0.4095459,0.021812981
2.02939,2028,805.5986,805.5949,0.402832031,0.021812981
2.02940,2029,805.5986,805.5949,0.402832031,0.021812981
2.03126,2030,805.5986,805.5949,0.402832031,0.021812981
2.03304,2031,805.5986,805.5949,0.402832031,0.021812981
2.03305,2032,805.5986,805.595032,0.3894043,0.021812981
2.03430,2033,805.5986,805.595032,0.3894043,0.021812981
2.03613,2034,805.5986,805.5951,0.38269043,0.03271947
2.03614,2035,805.5986,805.5951,0.38269043,0.03271947
2.03739,2036,805.5986,805.595154,0.375976563,0.03271947
2.03741,2037,805.5986,805.5953,0.362548828,0.043625962
2.03923,2038,805.5986,805.5953,0.362548828,0.03271947
2.04108,2039,805.5986,805.595337,0.355834961,0.043625962
2.04110,2040,805.5986,805.595459,0.342407227,0.043625962
2.04236,2041,805.5986,805.595459,0.342407227,0.0545324534
2.04415,2042,805.5986,805.5956,0.3289795,0.0545324534
2.04418,2043,805.5986,805.5956,0.3289795,0.0545324534
2.04539,2044,805.5986,805.595764,0.3088379,0.06543894
2.04541,2045,805.5986,805.5958,0.302124023,0.07634544
2.04724,2046,805.5986,805.5959,0.295410156,0.07634544
2.04905,2047,805.5986,805.596,0.281982422,0.087251924
2.04906,2048,805.5986,805.5961,0.2685547,0.109064907
2.05030,2049,805.5986,805.5963,0.248413086,0.109064907
2.05214,2050,805.5986,805.5964,0.241699219,0.125424653
2.05217,2051,805.5986,805.596558,0.221557617,0.125424653
2.05340,2052,805.5986,805.5967,0.208129883,0.125424653
2.05344,2053,805.5986,805.596863,0.187988281,0.125424653
2.05524,2054,805.5986,805.597,0.174560547,0.125424653
2.05709,2055,805.5986,805.597,0.174560547,0.109064907
2.05712,2056,805.5986,805.597168,0.154418945,0.109064907
2.05831,2057,805.5986,805.5973,0.140991211,0.109064907
2.06014,2058,805.5986,805.5973,0.140991211,0.087251924
2.06015,2059,805.5986,805.5973,0.140991211,0.06543894
2.06141,2060,805.5986,805.5973,0.140991211,0.043625962
2.06142,2061,805.5986,805.5973,0.140991211,0.0109064905
2.06323,2062,805.5986,805.5973,0.140991211,-0.0163597353
2.06506,2063,805.5986,805.5973,0.140991211,-0.0272662267
2.06509,2064,805.5986,805.597168,0.154418945,-0.04907921
2.06631,2065,805.5986,805.597168,0.154418945,-0.04907921
2.06812,2066,805.5986,805.5971,0.161132813,-0.0599856973
2.06815,2067,805.5986,805.597,0.174560547,-0.0599856973
2.06939,2068,805.5986,805.597,0.174560547,-0.0599856973
2.06941,2069,805.5986,805.597,0.174560547,-0.0599856973
2.07128,2070,805.5986,805.596863,0.187988281,-0.0599856973
2.07308,2071,805.5986,805.596863,0.187988281,-0.0599856973
2.07310,2072,805.5986,805.596863,0.187988281,-0.0599856973
2.07432,2073,805.5986,805.596741,0.201416016,-0.04907921
2.07616,2074,805.5986,805.5967,0.208129883,-0.04907921
2.07618,2075,805.5986,805.5967,0.208129883,-0.04907921
2.07739,2076,805.5986,805.5967,0.208129883,-0.03817272
2.07741,2077,805.5986,805.5967,0.208129883,-0.0272662267
2.07922,2078,805.5986,805.5967,0.208129883,-0.0163597353
2.08105,2079,805.5986,805.596741,0.201416016,0.0109064905
2.08106,2080,805.5986,805.596741,0.201416016,0.0109064905
2.08234,2081,805.5986,805.596863,0.187988281,0.0109064905
2.08417,2082,805.5986,805.596863,0.187988281,0.0109064905
2.08420,2083,805.5986,805.596863,0.187988281,0.0109064905
2.08539,2084,805.5986,805.596863,0.187988281,0.0109064905
2.08541,2085,805.5986,805.596863,0.187988281,0.0109064905
2.08724,2086,805.5986,805.596863,0.187988281,0
2.08909,2087,805.5986,805.596863,0.187988281,0
2.08913,2088,805.5986,805.596863,0.187988281,0
2.09032,2089,805.5986,805.596863,0.187988281,0
2.09214,2090,805.5986,805.596863,0.187988281,0
2.09215,2091,805.5986,805.596863,0.187988281,0
2.09339,2092,805.5986,805.596863,0.187988281,0
2.09341,2093,805.5986,805.596863,0.187988281,0
2.09523,2094,805.5986,805.596863,0.187988281,0
2.09707,2095,805.5986,805.596863,0.187988281,0
2.09710,2096,805.5986,805.596863,0.187988281,0
2.09831,2097,805.5986,805.596863,0.187988281,0
2.10015,2098,805.5986,805.596863,0.187988281,0
2.10018,2099,805.5986,805.596863,0.187988281,0
2.10145,2100,805.5986,805.596863,0.187988281,0
2.10148,2101,805.5986,805.596863,0.187988281,0
2.10322,2102,805.5986,805.596863,0.187988281,0
2.10505,2103,805.5986,805.596863,0.187988281,0
2.10506,2104,805.5986,805.596863,0.187988281,0
2.10634,2105,805.5986,805.596863,0.187988281,0
2.10816,2106,805.5986,805.596863,0.187988281,0
2.10818,2107,805.5986,805.596863,0.187988281,0
2.10939,2108,805.5986,805.596863,0.187988281,0
2.10940,2109,805.5986,805.596863,0.187988281,0
2.11123,2110,805.5986,805.596863,0.187988281,0
2.11307,2111,805.5986,805.596863,0.187988281,0
2.11308,2112,805.5986,805.596863,0.187988281,0
2.11430,2113,805.5986,805.596863,0.187988281,0
2.11612,2114,805.5986,805.596863,0.187988281,0
2.11614,2115,805.5986,805.596863,0.187988281,0
2.11739,2116,805.5986,805.596863,0.187988281,0
2.11740,2117,805.5986,805.596863,0.187988281,0
2.11924,2118,805.5986,805.596863,0.187988281,0
2.12105,2119,805.5986,805.596863,0.187988281,0
2.12106,2120,805.5986,805.596863,0.187988281,0
2.12250,2121,805.5986,805.596863,0.187988281,0
2.12417,2122,805.5986,805.596863,0.187988281,0
2.12419,2123,805.5986,805.596863,0.187988281,0
2.12544,2124,805.5986,805.596863,0.187988281,0
2.12547,2125,805.5986,805.596863,0.187988281,0
2.12724,2126,805.5986,805.596863,0.187988281,0
2.12905,2127,805.5986,805.596863,0.187988281,0
2.12907,2128,805.5986,805.596863,0.187988281,0
2.13031,2129,805.5986,805.596863,0.187988281,0
2.13213,2130,805.5986,805.596863,0.187988281,0
2.13214,2131,805.5986,805.596863,0.187988281,0
2.13342,2132,805.5986,805.596863,0.187988281,0
2.13348,2133,805.5986,805.596863,0.187988281,0
2.13522,2134,805.5986,805.596863,0.187988281,0
2.13706,2135,805.5986,805.596863,0.187988281,0
2.13707,2136,805.5986,805.596863,0.187988281,0
2.13830,2137,805.5986,805.596863,0.187988281,0
2.14013,2138,805.5986,805.596863,0.187988281,0
2.14015,2139,805.5986,805.596863,0.187988281,0
2.14141,2140,805.5986,805.596863,0.187988281,0
2.14145,2141,805.5986,805.596863,0.187988281,0
2.14325,2142,805.5986,805.596863,0.187988281,0
2.14504,2143,805.5986,805.596863,0.187988281,0
2.14506,2144,805.5986,805.596863,0.187988281,0
2.14631,2145,805.5986,805.596863,0.187988281,0
2.14813,2146,805.5986,805.596863,0.187988281,0
2.14815,2147,805.5986,805.596863,0.187988281,0
2.14939,2148,805.5986,805.596863,0.187988281,0
2.14941,2149,805.5986,805.596863,0.187988281,0
2.15123,2150,805.5986,805.596863,0.187988281,0
2.15306,2151,805.5986,805.596863,0.187988281,0
2.15308,2152,805.5986,805.596863,0.187988281,0
2.15430,2153,805.5986,805.596863,0.187988281,0
2.15620,2154,805.5986,805.596863,0.187988281,0
2.15625,2155,805.5986,805.596863,0.187988281,0
2.15749,2156,805.5986,805.596863,0.187988281,0
2.15754,2157,805.5986,805.596863,0.187988281,0
2.15925,2158,805.5986,805.596863,0.187988281,0
2.16105,2159,805.5986,805.596863,0.187988281,0
2.16108,2160,805.5986,805.596863,0.187988281,0
2.16231,2161,805.5986,805.596863,0.187988281,0
2.16415,2162,805.5986,805.596863,0.187988281,0
2.16417,2163,805.5986,805.596863,0.187988281,0
2.16542,2164,805.5986,805.596863,0.187988281,0
2.16545,2165,805.5986,805.596863,0.187988281,0
2.16721,2166,805.5986,805.596863,0.187988281,0
2.16907,2167,805.5986,805.596863,0.187988281,0
2.16909,2168,805.5986,805.596863,0.187988281,0
2.17030,2169,805.5986,805.596863,0.187988281,0
2.17228,2170,805.5986,805.596863,0.187988281,0
2.17231,2171,805.5986,805.596863,0.187988281,0
2.17342,2172,805.5986,805.596863,0.187988281,0
2.17345,2173,805.5986,805.596863,0.187988281,0
2.17523,2174,805.5986,805.596863,0.187988281,0
2.17706,2175,805.5986,805.596863,0.187988281,0
2.17709,2176,805.5986,805.596863,0.187988281,0
2.17830,2177,805.5986,805.596863,0.187988281,0
2.18013,2178,805.5986,805.596863,0.187988281,0
2.18015,2179,805.5986,805.596863,0.187988281,0
2.18139,2180,805.5986,805.596863,0.187988281,0
2.18141,2181,805.5986,805.596863,0.187988281,0
2.18322,2182,805.5986,805.596863,0.187988281,0
2.18506,2183,805.5986,805.596863,0.187988281,0
2.18508,2184,805.5986,805.596863,0.187988281,0
2.18631,2185,805.5986,805.597,0.174560547,0.0109064905
2.18815,2186,805.5986,805.597,0.174560547,0.0109064905
2.18816,2187,805.5986,805.597,0.174560547,0.0109064905
2.18939,2188,805.5986,805.597,0.174560547,0.0109064905
2.18942,2189,805.5986,805.597,0.174560547,0.0109064905
2.19122,2190,805.5986,805.597,0.174560547,0.0109064905
2.19308,2191,805.5986,805.597,0.174560547,0.0109064905
2.19312,2192,805.5986,805.597,0.174560547,0.0109064905
2.19431,2193,805.5986,805.597,0.174560547,0
2.19613,2194,805.5986,805.597,0.174560547,-0.0163597353
2.19615,2195,805.5986,805.597,0.174560547,-0.0163597353
2.19739,2196,805.5986,805.597,0.174560547,-0.0163597353
2.19740,2197,805.5986,805.597,0.174560547,-0.0163597353
2.19922,2198,805.5986,805.597,0.174560547,0
2.20108,2199,805.5986,805.597,0.174560547,0
2.20110,2200,805.5986,805.597,0.174560547,0
2.20231,2201,805.5986,805.597,0.174560547,0
2.20415,2202,805.5986,805.597,0.174560547,0
2.20416,2203,805.5986,805.597,0.174560547,0
2.20545,2204,805.5986,805.597,0.174560547,0
2.20548,2205,805.5986,805.597,0.174560547,0
2.20728,2206,805.5986,805.597,0.174560547,0
2.20907,2207,805.5986,805.597,0.174560547,0
2.20909,2208,805.5986,805.597,0.174560547,0
2.21032,2209,805.5986,805.597,0.174560547,0
2.21214,2210,805.5986,805.597,0.174560547,0
2.21216,2211,805.5986,805.597,0.174560547,0
2.21339,2212,805.5986,805.597,0.174560547,0
2.21341,2213,805.5986,805.597,0.174560547,0
2.21522,2214,805.5986,805.597,0.174560547,0
2.21708,2215,805.5986,805.597,0.174560547,0
2.21712,2216,805.5986,805.597,0.174560547,0
2.21831,2217,805.5986,805.597,0.174560547,0
2.22016,2218,805.5986,805.597,0.174560547,0
2.22018,2219,805.5986,805.597,0.174560547,0
2.22139,2220,805.5986,805.597,0.174560547,0
2.22140,2221,805.5986,805.597,0.174560547,0
2.22324,2222,805.5986,805.597,0.174560547,0
2.22517,2223,805.5986,805.597,0.174560547,0
2.22518,2224,805.5986,805.597,0.174560547,0
2.22631,2225,805.5986,805.597,0.174560547,0
2.22815,2226,805.5986,805.597,0.174560547,0
2.22818,2227,805.5986,805.597,0.174560547,0
2.22941,2228,805.5986,805.597,0.174560547,0
2.22944,2229,805.5986,805.597,0.174560547,0
2.23122,2230,805.5986,805.597,0.174560547,0
2.23306,2231,805.5986,805.597,0.174560547,0
2.23309,2232,805.5986,805.597,0.174560547,0
2.23431,2233,805.5986,805.597,0.174560547,0
2.23616,2234,805.5986,805.597,0.174560547,0
2.23619,2235,805.5986,805.597,0.174560547,0
2.23741,2236,805.5986,805.597,0.174560547,0
2.23745,2237,805.5986,805.597,0.174560547,0
2.23926,2238,805.5986,805.597,0.174560547,0
2.24109,2239,805.5986,805.597,0.174560547,0
2.24112,2240,805.5986,805.597,0.174560547,0
2.24231,2241,805.5986,805.597,0.174560547,0
2.24418,2242,805.5986,805.597,0.174560547,0
2.24420,2243,805.5986,805.597,0.174560547,0
2.24539,2244,805.5986,805.597,0.174560547,0
2.24541,2245,805.5986,805.597,0.174560547,0
2.24726,2246,805.5986,805.597,0.174560547,0
2.24906,2247,805.5986,805.597,0.174560547,0
2.24908,2248,805.5986,805.597,0.174560547,0
2.25031,2249,805.5986,805.597,0.174560547,0
2.25216,2250,805.5986,805.597,0.174560547,0
2.25219,2251,805.5986,805.597,0.174560547,0
2.25340,2252,805.5986,805.597,0.174560547,0
2.25341,2253,805.5986,805.597,0.174560547,0
2.25524,2254,805.5986,805.597,0.174560547,0
2.25709,2255,805.5986,805.597,0.174560547,0
2.25713,2256,805.5986,805.597,0.174560547,0
2.25831,2257,805.5986,805.597,0.174560547,0
2.26017,2258,805.5986,805.597,0.174560547,0
2.26019,2259,805.5986,805.597,0.174560547,0
2.26139,2260,805.5986,805.597,0.174560547,0
2.26141,2261,805.5986,805.597,0.174560547,0
2.26326,2262,805.5986,805.597,0.174560547,0
2.26507,2263,805.5986,805.597,0.174560547,0
2.26510,2264,805.5986,805.597,0.174560547,0
2.26630,2265,805.5986,805.597,0.174560547,0
2.26817,2266,805.5986,805.597,0.174560547,0
2.26819,2267,805.5986,805.597,0.174560547,0
2.26939,2268,805.5986,805.597,0.174560547,0
2.26940,2269,805.5986,805.597,0.174560547,0
2.27125,2270,805.5986,805.597,0.174560547,0
2.27307,2271,805.5986,805.597,0.174560547,0
2.27309,2272,805.5986,805.597,0.174560547,0
2.27432,2273,805.5986,805.597,0.174560547,0
2.27613,2274,805.5986,805.597,0.174560547,0
2.27615,2275,805.5986,805.597,0.174560547,0
2.27742,2276,805.5986,805.597,0.174560547,0
2.27745,2277,805.5986,805.597,0.174560547,0
2.27925,2278,805.5986,805.597,0.174560547,0
2.28107,2279,805.5986,805.597,0.174560547,0
2.28109,2280,805.5986,805.597,0.174560547,0
2.28231,2281,805.5986,805.597,0.174560547,0
2.28417,2282,805.5986,805.597,0.174560547,0
2.28420,2283,805.5986,805.597,0.174560547,0
2.28540,2284,805.5986,805.597,0.174560547,0
2.28542,2285,805.5986,805.597,0.174560547,0
2.28725,2286,805.5986,805.597,0.174560547,0
2.28909,2287,805.5986,805.597,0.174560547,0
2.28913,2288,805.5986,805.597,0.174560547,0
2.29036,2289,805.5986,805.597,0.174560547,0
2.29216,2290,805.5986,805.597,0.174560547,0
2.29220,2291,805.5986,805.597,0.174560547,0
2.29339,2292,805.5986,805.597,0.174560547,0
2.29341,2293,805.5986,805.597,0.174560547,0
2.29523,2294,805.5986,805.597,0.174560547,0
2.29705,2295,805.5986,805.597,0.174560547,0
2.29709,2296,805.5986,805.597,0.174560547,0
2.29830,2297,805.5986,805.597,0.174560547,0
2.30017,2298,805.5986,805.597,0.174560547,0.0109064905
