t,n,A,B,C,D
0.00044,0,816.387268,816.3873,-0.00793457,0
0.00157,1,816.387268,816.3873,-0.00793457,0
0.00159,2,816.387268,816.3873,-0.00793457,0
0.00342,3,816.387268,816.3873,-0.00793457,0
0.00524,4,816.387268,816.3873,-0.00793457,0
0.00530,5,816.387268,816.3873,-0.00793457,0
0.00649,6,816.387268,816.3873,-0.00793457,0
0.00831,7,816.387268,816.3873,-0.00793457,0
0.00835,8,816.387268,816.3873,-0.00793457,0
0.00958,9,816.387268,816.3873,-0.00793457,0
0.00962,10,816.387268,816.3873,-0.00793457,0
0.01140,11,816.387268,816.3873,-0.00793457,0
0.01322,12,816.387268,816.3873,-0.00793457,0
0.01327,13,816.387268,816.3873,-0.00793457,0
0.01448,14,816.387268,816.3873,-0.00793457,0
0.01633,15,816.387268,816.3873,-0.00793457,0
0.01635,16,816.387268,816.3873,-0.00793457,0
0.01755,17,816.387268,816.3873,-0.00793457,0
0.01756,18,816.387268,816.3873,-0.00793457,0
0.01942,19,816.387268,816.3873,-0.00793457,0
0.02126,20,816.387268,816.3873,-0.00793457,0
0.02130,21,816.387268,816.3873,-0.00793457,0
0.02248,22,816.387268,816.3873,-0.00793457,0
0.02433,23,816.387268,816.3873,-0.00793457,0
0.02439,24,816.387268,816.3873,-0.00793457,0
0.02557,25,816.387268,816.3873,-0.00793457,0
0.02559,26,816.387268,816.3873,-0.00793457,0
0.02742,27,816.387268,816.3873,-0.00793457,0
0.02921,28,816.387268,816.3873,-0.00793457,0
0.02924,29,816.387268,816.3873,-0.00793457,0
0.03047,30,816.387268,816.3873,-0.00793457,0
0.03233,31,816.387268,816.3873,-0.00793457,0
0.03236,32,816.387268,816.3873,-0.00793457,0
0.03355,33,816.387268,816.3873,-0.00793457,0
0.03356,34,816.387268,816.3873,-0.00793457,0
0.03539,35,816.387268,816.3873,-0.00793457,0
0.03763,36,816.387268,816.3873,-0.00793457,0
0.03768,37,816.387268,816.3873,-0.00793457,0
0.03849,38,816.387268,816.3873,-0.00793457,0
0.04036,39,816.387268,816.3873,-0.00793457,0
0.04038,40,816.387268,816.3873,-0.00793457,0
0.04156,41,816.387268,816.3873,-0.00793457,0
0.04158,42,816.387268,816.3873,-0.00793457,0
0.04338,43,816.387268,816.3873,-0.00793457,0
0.04525,44,816.387268,816.3873,-0.00793457,0
0.04527,45,816.387268,816.3873,-0.00793457,0
0.04647,46,816.387268,816.3873,-0.00793457,0
0.04833,47,816.387268,816.3873,-0.00793457,0
0.04835,48,816.387268,816.3873,-0.00793457,0
0.04956,49,816.387268,816.3873,-0.00793457,0
0.04958,50,816.387268,816.3873,-0.00793457,0
0.05141,51,816.387268,816.3873,-0.00793457,0
0.05320,52,816.387268,816.3873,-0.00793457,0
0.05322,53,816.387268,816.3873,-0.00793457,0
0.05449,54,816.387268,816.3873,-0.00793457,0
0.05635,55,816.387268,816.3873,-0.00793457,0
0.05639,56,816.387268,816.3873,-0.00793457,0
0.05755,57,816.387268,816.3873,-0.00793457,0
0.05758,58,816.387268,816.3873,-0.00793457,0
0.05939,59,816.387268,816.3873,-0.00793457,0
0.06127,60,816.387268,816.3873,-0.00793457,0
0.06130,61,816.387268,816.3873,-0.00793457,0
0.06248,62,816.387268,816.3873,-0.00793457,0
0.06433,63,816.387268,816.3873,-0.00793457,0
0.06436,64,816.387268,816.3873,-0.00793457,0
0.06556,65,816.387268,816.3873,-0.00793457,0
0.06557,66,816.387268,816.3873,-0.00793457,0
0.06738,67,816.387268,816.3873,-0.00793457,0
0.06923,68,816.387268,816.3873,-0.00793457,0
0.06927,69,816.387268,816.3873,-0.00793457,0
0.07070,70,816.387268,816.3873,-0.00793457,0
0.07231,71,816.387268,816.3873,-0.00793457,0
0.07233,72,816.387268,816.3873,-0.00793457,0
0.07357,73,816.387268,816.3873,-0.00793457,0
0.07359,74,816.387268,816.3873,-0.00793457,0
0.07542,75,816.387268,816.3873,-0.00793457,0
0.07726,76,816.387268,816.3873,-0.00793457,0
0.07730,77,816.387268,816.3873,-0.00793457,0
0.07847,78,816.387268,816.3873,-0.00793457,0
0.08030,79,816.387268,816.3873,-0.00793457,0
0.08031,80,816.387268,816.3873,-0.00793457,0
0.08156,81,816.387268,816.3873,-0.00793457,0
0.08157,82,816.387268,816.3873,-0.00793457,0
0.08343,83,816.387268,816.3873,-0.00793457,0
0.08523,84,816.387268,816.3873,-0.00793457,0
0.08526,85,816.387268,816.3873,-0.00793457,0
0.08647,86,816.387268,816.3873,-0.00793457,0
0.08832,87,816.387268,816.3873,-0.00793457,0
0.08835,88,816.387268,816.3873,-0.00793457,0
0.08961,89,816.387268,816.3873,-0.00793457,0
0.08964,90,816.387268,816.3873,-0.00793457,0
0.09142,91,816.387268,816.3873,-0.00793457,0
0.09323,92,816.387268,816.3873,-0.00793457,0
0.09327,93,816.387268,816.3873,-0.00793457,0
0.09447,94,816.387268,816.3873,-0.00793457,0
0.09630,95,816.387268,816.3873,-0.00793457,0
0.09632,96,816.387268,816.3873,-0.00793457,0
0.09760,97,816.387268,816.3873,-0.00793457,0
0.09762,98,816.387268,816.3873,-0.00793457,0
0.09943,99,816.387268,816.3873,-0.00793457,0
0.10124,100,816.387268,816.3873,-0.00793457,0
0.10126,101,816.387268,816.3873,-0.00793457,0
0.10247,102,816.387268,816.3873,-0.00793457,0
0.10441,103,816.387268,816.3873,-0.00793457,0
0.10446,104,816.387268,816.3873,-0.00793457,0
0.10557,105,816.387268,816.3873,-0.00793457,0
0.10559,106,816.387268,816.3873,-0.00793457,0
0.10740,107,816.387268,816.3873,-0.00793457,0
0.10924,108,816.387268,816.3873,-0.00793457,0
0.10928,109,816.387268,816.3873,-0.00793457,0
0.11046,110,816.387268,816.3873,-0.00793457,0
0.11235,111,816.387268,816.3873,-0.00793457,0
0.11239,112,816.387268,816.3873,-0.00793457,0
0.11356,113,816.387268,816.3873,-0.00793457,0
0.11357,114,816.387268,816.3873,-0.00793457,0
0.11542,115,816.387268,816.3873,-0.00793457,0
0.11725,116,816.387268,816.3873,-0.00793457,0
0.11727,117,816.387268,816.3873,-0.00793457,0
0.11853,118,816.387268,816.3873,-0.00793457,0
0.12033,119,816.387268,816.3873,-0.00793457,0
0.12038,120,816.387268,816.3873,-0.00793457,0
0.12160,121,816.387268,816.3873,-0.00793457,0
0.12164,122,816.387268,816.3873,-0.00793457,0
0.12342,123,816.387268,816.3873,-0.00793457,0
0.12525,124,816.387268,816.3873,-0.00793457,0
0.12531,125,816.387268,816.3873,-0.00793457,0
0.12648,126,816.387268,816.3873,-0.00793457,0
0.12833,127,816.387268,816.3873,-0.00793457,0
0.12835,128,816.387268,816.3873,-0.00793457,0
0.12956,129,816.387268,816.3873,-0.00793457,0
0.12958,130,816.387268,816.3873,-0.00793457,0
0.13142,131,816.387268,816.3873,-0.00793457,0
0.13323,132,816.387268,816.3873,-0.00793457,0
0.13326,133,816.387268,816.3873,-0.00793457,0
0.13448,134,816.387268,816.3873,-0.00793457,0
0.13634,135,816.387268,816.3873,-0.00793457,0
0.13637,136,816.387268,816.3873,-0.00793457,0
0.13762,137,816.387268,816.3873,-0.00793457,0
0.13765,138,816.387268,816.3873,-0.00793457,0
0.13944,139,816.387268,816.3873,-0.00793457,0
0.14124,140,816.387268,816.3873,-0.00793457,0
0.14126,141,816.387268,816.3873,-0.00793457,0
0.14247,142,816.387268,816.3873,-0.00793457,0
0.14433,143,816.387268,816.3873,-0.00793457,0
0.14436,144,816.387268,816.3873,-0.00793457,0
0.14556,145,816.387268,816.3873,-0.00793457,0
0.14557,146,816.387268,816.3873,-0.00793457,0
0.14742,147,816.387268,816.3873,-0.00793457,0
0.14922,148,816.387268,816.3873,-0.00793457,0
0.14924,149,816.387268,816.3873,-0.00793457,0
0.15049,150,816.387268,816.3873,-0.00793457,0
0.15235,151,816.387268,816.3873,-0.00793457,0
0.15238,152,816.387268,816.3873,-0.00793457,0
0.15355,153,816.387268,816.3873,-0.00793457,0
0.15357,154,816.387268,816.3873,-0.00793457,0
0.15541,155,816.387268,816.3873,-0.00793457,0
0.15723,156,816.387268,816.3873,-0.00793457,0
0.15726,157,816.387268,816.3873,-0.00793457,0
0.15847,158,816.387268,816.3873,-0.00793457,0
0.16030,159,816.387268,816.3873,-0.00793457,0
0.16034,160,816.387268,816.3873,-0.00793457,0
0.16158,161,816.387268,816.3873,-0.00793457,0
0.16160,162,816.387268,816.3873,-0.00793457,0
0.16343,163,816.387268,816.3873,-0.00793457,0
0.16522,164,816.387268,816.3873,-0.00793457,0
0.16524,165,816.387268,816.3873,-0.00793457,0
0.16648,166,816.387268,816.3873,-0.00793457,0
0.16833,167,816.387268,816.3873,-0.00793457,0
0.16836,168,816.387268,816.3873,-0.00793457,0
0.16957,169,816.387268,816.3873,-0.00793457,0
0.16959,170,816.387268,816.3873,-0.00793457,0
0.17140,171,816.387268,816.3873,-0.00793457,0
0.17324,172,816.387268,816.3873,-0.00793457,0
0.17328,173,816.387268,816.3873,-0.00793457,0
0.17448,174,816.387268,816.3873,-0.00793457,0
0.17632,175,816.387268,816.3873,-0.00793457,0
0.17635,176,816.387268,816.3873,-0.00793457,0
0.17756,177,816.387268,816.3873,-0.00793457,0
0.17757,178,816.387268,816.3873,-0.00793457,0
0.17940,179,816.387268,816.3873,-0.00793457,0
0.18128,180,816.387268,816.3873,-0.00793457,0
0.18132,181,816.387268,816.3873,-0.00793457,0
0.18247,182,816.387268,816.3873,-0.00793457,0
0.18434,183,816.387268,816.3873,-0.00793457,0
0.18437,184,816.387268,816.3873,-0.00793457,0
0.18555,185,816.387268,816.3873,-0.00793457,0
0.18557,186,816.387268,816.3873,-0.00793457,0
0.18751,187,816.387268,816.3873,-0.00793457,0
0.18922,188,816.387268,816.3873,-0.00793457,0
0.18925,189,816.387268,816.3873,-0.00793457,0
0.19047,190,816.387268,816.3873,-0.00793457,0
0.19234,191,816.387268,816.3873,-0.00793457,0
0.19238,192,816.387268,816.3873,-0.00793457,0
0.19360,193,816.387268,816.3873,-0.00793457,0
0.19361,194,816.387268,816.3873,-0.00793457,0
0.19539,195,816.387268,816.3873,-0.00793457,0
0.19722,196,816.387268,816.3873,-0.00793457,0
0.19726,197,816.387268,816.3873,-0.00793457,0
0.19846,198,816.387268,816.3873,-0.00793457,0
0.20032,199,816.387268,816.3873,-0.00793457,0
0.20035,200,816.387268,816.3873,-0.00793457,0
0.20155,201,816.387268,816.3873,-0.00793457,0
0.20156,202,816.387268,816.3873,-0.00793457,0
0.20341,203,816.387268,816.3873,-0.00793457,0
0.20525,204,816.387268,816.3873,-0.00793457,0
0.20528,205,816.387268,816.3873,-0.00793457,0
0.20649,206,816.387268,816.3873,-0.00793457,0
0.20831,207,816.387268,816.3873,-0.00793457,0
0.20834,208,816.387268,816.3873,-0.00793457,0
0.20957,209,816.387268,816.3873,-0.00793457,0
0.20959,210,816.387268,816.3873,-0.00793457,0
0.21143,211,816.387268,816.3873,-0.00793457,0
0.21321,212,816.387268,816.3873,-0.00793457,0
0.21323,213,816.387268,816.3873,-0.00793457,0
0.21448,214,816.387268,816.3873,-0.00793457,0
0.21634,215,816.387268,816.3873,-0.00793457,0
0.21636,216,816.387268,816.3873,-0.00793457,0
0.21755,217,816.387268,816.3873,-0.00793457,0
0.21757,218,816.387268,816.3873,-0.00793457,0
0.21942,219,816.387268,816.3873,-0.00793457,0
0.22123,220,816.387268,816.3873,-0.00793457,0
0.22128,221,816.387268,816.3873,-0.00793457,0
0.22248,222,816.387268,816.3873,-0.00793457,0
0.22431,223,816.387268,816.3873,-0.00793457,0
0.22435,224,816.387268,816.3873,-0.00793457,0
0.22555,225,816.387268,816.3873,-0.00793457,0
0.22556,226,816.387268,816.3873,-0.00793457,0
0.22748,227,816.387268,816.3873,-0.00793457,0
0.22921,228,816.387268,816.3873,-0.00793457,0
0.22923,229,816.387268,816.3873,-0.00793457,0
0.23046,230,816.387268,816.3873,-0.00793457,0
0.23232,231,816.387268,816.3873,-0.00793457,0
0.23234,232,816.387268,816.3873,-0.00793457,0
0.23356,233,816.387268,816.3873,-0.00793457,0
0.23359,234,816.387268,816.3873,-0.00793457,0
0.23542,235,816.387268,816.3873,-0.00793457,0
0.23749,236,816.387268,816.3873,-0.00793457,0
0.23754,237,816.387268,816.3873,-0.00793457,0
0.23848,238,816.387268,816.3873,-0.00793457,0
0.24035,239,816.387268,816.3873,-0.00793457,0
0.24041,240,816.387268,816.3873,-0.00793457,0
0.24156,241,816.387268,816.3873,-0.00793457,0
0.24158,242,816.387268,816.3873,-0.00793457,0
0.24340,243,816.387268,816.3873,-0.00793457,0
0.24522,244,816.387268,816.3873,-0.00793457,0
0.24524,245,816.387268,816.3873,-0.00793457,0
0.24649,246,816.387268,816.3873,-0.00793457,0
0.24831,247,816.387268,816.3873,-0.00793457,0
0.24834,248,816.387268,816.3873,-0.00793457,0
0.24958,249,816.387268,816.3873,-0.00793457,0
0.24961,250,816.387268,816.3873,-0.00793457,0
0.25140,251,816.387268,816.3873,-0.00793457,0
0.25321,252,816.387268,816.3873,-0.00793457,0
0.25322,253,816.387268,816.3873,-0.00793457,0
0.25452,254,816.387268,816.3873,-0.00793457,0
0.25632,255,816.387268,816.3873,-0.00793457,0
0.25636,256,816.387268,816.3873,-0.00793457,0
0.25757,257,816.387268,816.3873,-0.00793457,0
0.25759,258,816.387268,816.3873,-0.00793457,0
0.25941,259,816.387268,816.3873,-0.00793457,0
0.26122,260,816.387268,816.3873,-0.00793457,0
0.26124,261,816.387268,816.3873,-0.00793457,0
0.26250,262,816.387268,816.3873,-0.00793457,0
0.26431,263,816.387268,816.3873,-0.00793457,0
0.26434,264,816.387268,816.3873,-0.00793457,0
0.26556,265,816.387268,816.3873,-0.00793457,0
0.26558,266,816.387268,816.3873,-0.00793457,0
0.26741,267,816.387268,816.3873,-0.00793457,0
0.26920,268,816.387268,816.3873,-0.00793457,0
0.26922,269,816.387268,816.3873,-0.00793457,0
0.27067,270,816.387268,816.3873,-0.00793457,0
0.27230,271,816.387268,816.3873,-0.00793457,0
0.27232,272,816.387268,816.3873,-0.00793457,0
0.27356,273,816.387268,816.3873,-0.00793457,0
0.27357,274,816.387268,816.3873,-0.00793457,0
0.27545,275,816.387268,816.3873,-0.00793457,0
0.27721,276,816.387268,816.3873,-0.00793457,0
0.27723,277,816.387268,816.3873,-0.00793457,0
0.27848,278,816.387268,816.3873,-0.00793457,-0.0163597353
0.28030,279,816.387268,816.3873,-0.00793457,-0.0163597353
0.28032,280,816.387268,816.3873,-0.00793457,-0.0163597353
0.28155,281,816.387268,816.3873,-0.00793457,-0.0163597353
0.28157,282,816.387268,816.3873,-0.00793457,0
0.28338,283,816.387268,816.3873,-0.00793457,0
0.28521,284,816.387268,816.3873,-0.00793457,0
0.28523,285,816.387268,816.3873,-0.00793457,0
0.28647,286,816.387268,816.3873,-0.00793457,0
0.28831,287,816.387268,816.3873,-0.00793457,0
0.28833,288,816.387268,816.3873,-0.00793457,0
0.28957,289,816.387268,816.3873,-0.00793457,0
0.28959,290,816.387268,816.3873,-0.00793457,0
0.29142,291,816.387268,816.3873,-0.00793457,0
0.29322,292,816.387268,816.3873,-0.00793457,0
0.29324,293,816.387268,816.3873,-0.00793457,0
0.29449,294,816.387268,816.3873,-0.00793457,0
0.29630,295,816.387268,816.3873,-0.00793457,0
0.29632,296,816.387268,816.3873,-0.00793457,0
0.29755,297,816.387268,816.3873,-0.00793457,0
0.29756,298,816.387268,816.3873,-0.00793457,0
0.29939,299,816.387268,816.3873,-0.00793457,0
0.30121,300,816.387268,816.3873,-0.00793457,0
0.30130,301,816.387268,816.3873,-0.00793457,0
0.30250,302,816.387268,816.3873,-0.00793457,0
0.30432,303,816.5873,816.3873,25,0
0.30435,304,816.5873,816.3874,25,0
0.30567,305,816.5873,816.388062,25,0.109064907
0.30573,306,816.5873,816.389343,24.8345947,0.359914184
0.30741,307,816.5873,816.3914,24.0094,0.8288933
0.30920,308,816.5873,816.3945,22.9290771,1.51600218
0.30921,309,816.5873,816.398743,21.519165,2.33398914
0.31048,310,816.5873,816.404846,19.44397,3.47917032
0.31234,311,816.5873,816.4114,18.2958984,4.6734314
0.31237,312,816.5873,816.4178,17.5482178,5.54595041
0.31356,313,816.5873,816.4259,15.2966309,6.445736
0.31358,314,816.5873,816.435364,13.1268311,7.4491334
0.31542,315,816.5873,816.444031,12.555542,7.96173859
0.31721,316,816.5873,816.454041,10.3143311,8.763366
0.31723,317,816.5873,816.462952,9.924927,9.254157
0.31851,318,816.5873,816.4716,8.969116,9.150546
0.32030,319,816.5873,816.479858,8.19702148,9.036028
0.32032,320,816.5873,816.4863,8.594971,8.370731
0.32157,321,816.5873,816.4922,8.260498,7.64545059
0.32158,322,816.5873,816.4963,8.96789551,6.423923
0.32339,323,816.5873,816.500732,8.132324,5.49687147
0.32521,324,816.5873,816.5038,8.718262,4.68979073
0.32523,325,816.5873,816.506165,8.878784,3.670034
0.32651,326,816.5873,816.508362,8.721313,3.17924213
0.32831,327,816.5873,816.510742,8.283691,2.63391757
0.32834,328,816.5873,816.5128,8.227539,2.290363
0.32958,329,816.5873,816.5149,7.95776367,2.19765782
0.32960,330,816.5873,816.517151,7.53601074,2.175845
0.33138,331,816.5873,816.520264,6.533203,2.2576437
0.33321,332,816.5873,816.523254,6.2298584,2.46486688
0.33323,333,816.5873,816.525757,6.246338,2.644824
0.33447,334,816.5873,816.527832,6.275635,2.65573049
0.33629,335,816.5873,816.529968,5.9552,2.48667979
0.33631,336,816.5873,816.532166,5.626831,2.26855016
0.33768,337,816.5873,816.533936,5.695801,2.08314
0.33771,338,816.5873,816.535156,5.921631,1.92499566
0.33941,339,816.5873,816.536255,5.864258,1.69595933
0.34124,340,816.5873,816.537,6.02539063,1.35785806
0.34127,341,816.5873,816.537354,6.234131,0.992490649
0.34250,342,816.5873,816.5376,6.287842,0.6707492
0.34430,343,816.5873,816.5378,6.3067627,0.4417129
0.34431,344,816.5873,816.5379,6.333618,0.294475257
0.34555,345,816.5873,816.5381,6.26709,0.201770067
0.34556,346,816.5873,816.5382,6.29394531,0.158144116
0.34737,347,816.5873,816.5383,6.278076,0.125424653
0.34923,348,816.5873,816.5384,6.312866,0.109064907
0.34925,349,816.5873,816.538635,6.152954,0.125424653
0.35047,350,816.5873,816.5388,6.171875,0.136331126
0.35229,351,816.5873,816.539063,6.097412,0.179957092
0.35231,352,816.5873,816.539368,6.01501465,0.201770067
0.35357,353,816.5873,816.5395,6.12731934,0.223583058
0.35359,354,816.5873,816.5398,5.95947266,0.23448956
0.35540,355,816.5873,816.540039,5.970459,0.23448956
0.35723,356,816.5873,816.540344,5.88806152,0.2508493
0.35726,357,816.5873,816.540649,5.84838867,0.2508493
0.35849,358,816.5873,816.5409,5.859375,0.261755764
0.36030,359,816.5873,816.5412,5.77697754,0.261755764
0.36032,360,816.5873,816.5415,5.73730469,0.272662252
0.36161,361,816.5873,816.5419,5.64697266,0.294475257
0.36164,362,816.5873,816.542236,5.599365,0.305381745
0.36339,363,816.5873,816.542542,5.602417,0.327194721
0.36521,364,816.5873,816.543,5.4107666,0.3490077
0.36523,365,816.5873,816.5434,5.4486084,0.37627393
0.36647,366,816.5873,816.5437,5.45166,0.37627393
0.36830,367,816.5873,816.544067,5.361328,0.359914184
0.36831,368,816.5873,816.54425,5.46569824,0.327194721
0.36957,369,816.5873,816.5444,5.49255371,0.28356877
0.36960,370,816.5873,816.5445,5.47668457,0.21267657
0.37141,371,816.5873,816.5445,5.562134,0.136331126
0.37324,372,816.5873,816.5445,5.562134,0.07634544
0.37326,373,816.5873,816.5445,5.562134,0.021812981
0.37447,374,816.5873,816.5444,5.663452,-0.0163597353
0.37629,375,816.5873,816.5443,5.628662,-0.04907921
0.37631,376,816.5873,816.54425,5.63659668,-0.08179868
0.37758,377,816.5873,816.5441,5.69519043,-0.09270517
0.37761,378,816.5873,816.544067,5.66040039,-0.09270517
0.37938,379,816.5873,816.544,5.668335,-0.08179868
0.38123,380,816.5873,816.544,5.62561035,-0.0599856973
0.38126,381,816.5873,816.544,5.62561035,-0.04907921
0.38247,382,816.5873,816.544,5.62561035,-0.0272662267
0.38432,383,816.5873,816.5441,5.524292,0.021812981
0.38433,384,816.5873,816.5443,5.45776367,0.0545324534
0.38559,385,816.5873,816.5446,5.3326416,0.147237629
0.38563,386,816.5873,816.5448,5.394287,0.147237629
0.38753,387,816.5873,816.5449,5.42114258,0.158144116
0.38921,388,816.5873,816.5451,5.35461426,0.158144116
0.38923,389,816.5873,816.5452,5.38146973,0.158144116
0.39047,390,816.5873,816.5454,5.31494141,0.147237629
0.39231,391,816.5873,816.5456,5.2911377,0.147237629
0.39235,392,816.5873,816.5458,5.267334,0.136331126
0.39356,393,816.5873,816.545837,5.34484863,0.125424653
0.39360,394,816.5873,816.5459,5.336914,0.125424653
0.39538,395,816.5873,816.5461,5.227661,0.109064907
0.39724,396,816.5873,816.5462,5.2545166,0.109064907
0.39726,397,816.5873,816.5463,5.23864746,0.109064907
0.39848,398,816.5873,816.5464,5.2734375,0.109064907
0.40030,399,816.5873,816.5465,5.21484375,0.109064907
0.40032,400,816.5873,816.546753,5.09765625,0.109064907
0.40155,401,816.5873,816.546753,5.26855469,0.09815842
0.40157,402,816.5873,816.5469,5.16723633,0.09815842
0.40338,403,816.5873,816.547058,5.100708,0.09815842
0.40526,404,816.5873,816.547058,5.228882,0.09815842
0.40528,405,816.5873,816.5472,5.12756348,0.087251924
0.40647,406,816.5873,816.5472,5.2130127,0.087251924
0.40829,407,816.5873,816.5473,5.11169434,0.06543894
0.40833,408,816.5873,816.5473,5.19714355,0.0545324534
0.40958,409,816.5873,816.547363,5.14648438,0.03271947
0.40961,410,816.5873,816.547363,5.189209,0.021812981
0.41137,411,816.5873,816.547363,5.189209,0.0109064905
0.41324,412,816.5873,816.5473,5.239868,0
0.41327,413,816.5873,816.5473,5.19714355,0
0.41446,414,816.5873,816.5473,5.19714355,-0.0163597353
0.41630,415,816.5873,816.547363,5.14648438,-0.0163597353
0.41632,416,816.5873,816.5473,5.239868,-0.0163597353
0.41756,417,816.5873,816.5473,5.19714355,-0.0163597353
0.41757,418,816.5873,816.5473,5.19714355,0
0.41938,419,816.5873,816.547363,5.14648438,0
0.42128,420,816.5873,816.547363,5.189209,0
0.42133,421,816.5873,816.547363,5.189209,0.0109064905
0.42264,422,816.5873,816.5474,5.13855,0.021812981
0.42430,423,816.5873,816.5475,5.130615,0.03271947
0.42431,424,816.5873,816.5476,5.07202148,0.043625962
0.42555,425,816.5873,816.547668,5.10681152,0.06543894
0.42557,426,816.5873,816.5477,5.098877,0.07634544
0.42739,427,816.5873,816.547852,5.040283,0.07634544
0.42923,428,816.5873,816.5479,5.07507324,0.07634544
0.42926,429,816.5873,816.548,5.06713867,0.07634544
0.43046,430,816.5873,816.548157,4.95788574,0.07634544
0.43232,431,816.5873,816.5482,5.03540039,0.087251924
0.43236,432,816.5873,816.5483,5.027466,0.087251924
0.43355,433,816.5873,816.548462,4.918213,0.087251924
0.43357,434,816.5873,816.5486,4.94506836,0.09815842
0.43539,435,816.5873,816.5487,4.929199,0.09815842
0.43761,436,816.5873,816.5489,4.862671,0.109064907
0.43766,437,816.5873,816.549,4.88952637,0.147237629
0.43849,438,816.5873,816.549255,4.772339,0.147237629
0.44031,439,816.5873,816.549438,4.79126,0.158144116
0.44033,440,816.5873,816.5497,4.716797,0.1908636
0.44156,441,816.5873,816.549866,4.735718,0.1908636
0.44157,442,816.5873,816.5501,4.661255,0.223583058
0.44341,443,816.5873,816.5504,4.57885742,0.23448956
0.44523,444,816.5873,816.5506,4.640503,0.23448956
0.44525,445,816.5873,816.550842,4.56604,0.23448956
0.44652,446,816.5873,816.551,4.584961,0.223583058
0.44833,447,816.5873,816.5513,4.510498,0.21267657
0.44837,448,816.5873,816.551331,4.6307373,0.1908636
0.44957,449,816.5873,816.5515,4.52148438,0.158144116
0.44959,450,816.5873,816.5515,4.649658,0.109064907
0.45138,451,816.5873,816.5515,4.649658,0.06543894
0.45324,452,816.5873,816.5514,4.75097656,0.03271947
0.45327,453,816.5873,816.551331,4.71618652,-0.0163597353
0.45459,454,816.5873,816.551331,4.673462,-0.03817272
0.45631,455,816.5873,816.5513,4.724121,-0.0599856973
0.45633,456,816.5873,816.551147,4.782715,-0.08179868
0.45760,457,816.5873,816.5511,4.747925,-0.07089219
0.45762,458,816.5873,816.551,4.75585938,-0.08179868
0.45941,459,816.5873,816.551,4.713135,-0.08179868
0.46124,460,816.5873,816.550964,4.763794,-0.07089219
0.46127,461,816.5873,816.550842,4.8223877,-0.0599856973
0.46249,462,816.5873,816.550842,4.73693848,-0.04907921
0.46433,463,816.5873,816.550842,4.73693848,-0.03817272
0.46435,464,816.5873,816.550842,4.73693848,-0.03817272
0.46556,465,816.5873,816.550842,4.73693848,-0.0163597353
0.46558,466,816.5873,816.551,4.584961,0.0109064905
0.46739,467,816.5873,816.551,4.713135,0.03271947
0.46924,468,816.5873,816.551147,4.61181641,0.06543894
0.46926,469,816.5873,816.5513,4.59594727,0.06543894
0.47071,470,816.5873,816.551331,4.6307373,0.07634544
0.47232,471,816.5873,816.5515,4.52148438,0.087251924
0.47234,472,816.5873,816.5516,4.598999,0.07634544
0.47356,473,816.5873,816.551636,4.59106445,0.087251924
0.47358,474,816.5873,816.5518,4.48181152,0.09815842
0.47540,475,816.5873,816.5518,4.60998535,0.087251924
0.47721,476,816.5873,816.551941,4.508667,0.09815842
0.47723,477,816.5873,816.5521,4.44213867,0.09815842
0.47848,478,816.5873,816.552246,4.468994,0.109064907
0.48034,479,816.5873,816.5525,4.35180664,0.125424653
0.48035,480,816.5873,816.5526,4.42138672,0.136331126
0.48157,481,816.5873,816.5528,4.3548584,0.169050619
0.48161,482,816.5873,816.5531,4.22973633,0.179957092
0.48338,483,816.5873,816.5532,4.342041,0.1908636
0.48524,484,816.5873,816.55365,4.072876,0.201770067
0.48527,485,816.5873,816.5539,4.16931152,0.201770067
0.48647,486,816.5873,816.5539,4.34021,0.201770067
0.48832,487,816.5873,816.554138,4.13757324,0.179957092
0.48834,488,816.5873,816.5541,4.359131,0.125424653
0.48959,489,816.5873,816.5541,4.31640625,0.06543894
0.48963,490,816.5873,816.5541,4.31640625,0.0109064905
0.49140,491,816.5873,816.5539,4.468384,-0.04907921
0.49326,492,816.5873,816.5538,4.44152832,-0.07089219
0.49330,493,816.5873,816.5538,4.356079,-0.09270517
0.49447,494,816.5873,816.55365,4.45739746,-0.09270517
0.49633,495,816.5873,816.5536,4.42260742,-0.08179868
0.49636,496,816.5873,816.5536,4.379883,-0.07089219
0.49756,497,816.5873,816.5536,4.379883,-0.0599856973
0.49757,498,816.5873,816.5536,4.379883,-0.03817272
0.49941,499,816.5873,816.5536,4.379883,-0.0272662267
0.50124,500,816.5873,816.5538,4.22790527,0
0.50126,501,816.5873,816.5538,4.356079,0.043625962
0.50247,502,816.5873,816.5539,4.25476074,0.06543894
0.50436,503,816.5873,816.553955,4.289551,0.07634544
0.50438,504,816.5873,816.5541,4.230957,0.07634544
0.50557,505,816.5873,816.5541,4.31640625,0.06543894
0.50559,506,816.5873,816.554138,4.265747,0.0545324534
0.50741,507,816.5873,816.5542,4.2578125,0.0545324534
0.50929,508,816.5873,816.5542,4.300537,0.043625962
0.50932,509,816.5873,816.5542,4.300537,0.03271947
0.51047,510,816.5873,816.5542,4.300537,0.0109064905
0.51233,511,816.5873,816.5542,4.300537,0
0.51235,512,816.5873,816.554138,4.35119629,-0.0163597353
0.51356,513,816.5873,816.5541,4.359131,-0.03817272
0.51357,514,816.5873,816.5541,4.31640625,-0.0272662267
0.51539,515,816.5873,816.5541,4.31640625,-0.0272662267
0.51723,516,816.5873,816.5541,4.31640625,-0.0272662267
0.51726,517,816.5873,816.5542,4.215088,-0.0163597353
0.51847,518,816.5873,816.5542,4.300537,0.0109064905
0.52031,519,816.5873,816.5542,4.300537,0.021812981
0.52036,520,816.5873,816.5543,4.19921875,0.03271947
0.52157,521,816.5873,816.5544,4.234009,0.043625962
0.52159,522,816.5873,816.5544,4.2767334,0.0545324534
0.52341,523,816.5873,816.5545,4.175415,0.0545324534
0.52522,524,816.5873,816.5545,4.26086426,0.043625962
0.52524,525,816.5873,816.5545,4.26086426,0.043625962
0.52647,526,816.5873,816.5546,4.159546,0.043625962
0.52833,527,816.5873,816.5547,4.194336,0.043625962
0.52836,528,816.5873,816.5547,4.23706055,0.03271947
0.52955,529,816.5873,816.5547,4.23706055,0.021812981
0.52958,530,816.5873,816.5547,4.23706055,0.0109064905
0.53138,531,816.5873,816.5547,4.23706055,0
0.53324,532,816.5873,816.5547,4.23706055,-0.0163597353
0.53327,533,816.5873,816.5547,4.23706055,0
0.53448,534,816.5873,816.5547,4.23706055,-0.0163597353
0.53632,535,816.5873,816.5547,4.23706055,-0.0163597353
0.53636,536,816.5873,816.5547,4.23706055,0
0.53765,537,816.5873,816.5547,4.23706055,0
0.53767,538,816.5873,816.5547,4.23706055,0.0109064905
0.53956,539,816.5873,816.554749,4.18640137,0.0109064905
0.54124,540,816.5873,816.5549,4.12780762,0.021812981
0.54128,541,816.5873,816.554932,4.16259766,0.03271947
0.54247,542,816.5873,816.555,4.154663,0.043625962
0.54430,543,816.5873,816.555,4.1973877,0.06543894
0.54432,544,816.5873,816.555054,4.14672852,0.06543894
0.54555,545,816.5873,816.5552,4.088135,0.0545324534
0.54557,546,816.5873,816.5552,4.173584,0.0545324534
0.54743,547,816.5873,816.5553,4.07226563,0.043625962
0.54926,548,816.5873,816.5553,4.157715,0.0545324534
0.54929,549,816.5873,816.5554,4.05639648,0.0545324534
0.55047,550,816.5873,816.5555,4.09118652,0.0545324534
0.55232,551,816.5873,816.5555,4.133911,0.0545324534
0.55235,552,816.5873,816.5556,4.032593,0.0545324534
0.55358,553,816.5873,816.5556,4.118042,0.0545324534
0.55359,554,816.5873,816.5556,4.118042,0.0545324534
0.55541,555,816.5873,816.555847,3.91540527,0.0545324534
0.55721,556,816.5873,816.555847,4.08630371,0.0545324534
0.55722,557,816.5873,816.5559,4.03564453,0.0545324534
0.55851,558,816.5873,816.555969,4.02771,0.0545324534
0.56032,559,816.5873,816.555969,4.07043457,0.0545324534
0.56036,560,816.5873,816.556,4.01977539,0.0545324534
0.56156,561,816.5873,816.556152,3.96118164,0.0545324534
0.56157,562,816.5873,816.5562,3.99597168,0.0545324534
0.56339,563,816.5873,816.5563,3.988037,0.06543894
0.56524,564,816.5873,816.5564,3.92944336,0.06543894
0.56526,565,816.5873,816.556458,3.9642334,0.06543894
0.56648,566,816.5873,816.5565,3.95629883,0.07634544
0.56832,567,816.5873,816.5566,3.94836426,0.07634544
0.56836,568,816.5873,816.556763,3.83911133,0.087251924
0.56955,569,816.5873,816.556946,3.81530762,0.09815842
0.56957,570,816.5873,816.557,3.89282227,0.09815842
0.57141,571,816.5873,816.557251,3.73291016,0.125424653
0.57329,572,816.5873,816.557434,3.751831,0.147237629
0.57333,573,816.5873,816.557556,3.77868652,0.147237629
0.57447,574,816.5873,816.557739,3.7121582,0.158144116
0.57632,575,816.5873,816.557861,3.73901367,0.147237629
0.57634,576,816.5873,816.558,3.72314453,0.147237629
0.57755,577,816.5873,816.5581,3.70727539,0.147237629
0.57757,578,816.5873,816.5582,3.69140625,0.136331126
0.57941,579,816.5873,816.55835,3.675537,0.136331126
0.58124,580,816.5873,816.5584,3.71032715,0.125424653
0.58127,581,816.5873,816.558533,3.6517334,0.09815842
0.58246,582,816.5873,816.558533,3.73718262,0.07634544
0.58431,583,816.5873,816.558533,3.73718262,0.043625962
0.58435,584,816.5873,816.558533,3.73718262,0.021812981
0.58556,585,816.5873,816.55835,3.88916016,-0.03817272
0.58559,586,816.5873,816.55835,3.76098633,-0.04907921
0.58769,587,816.5873,816.5583,3.81164551,-0.0599856973
0.58923,588,816.5873,816.5583,3.768921,-0.04907921
0.58925,589,816.5873,816.5582,3.81958,-0.03817272
0.59047,590,816.5873,816.5582,3.77685547,-0.03817272
0.59232,591,816.5873,816.5582,3.77685547,-0.0272662267
0.59235,592,816.5873,816.5582,3.77685547,-0.0163597353
0.59355,593,816.5873,816.5582,3.77685547,-0.0163597353
0.59356,594,816.5873,816.55835,3.675537,0
0.59543,595,816.5873,816.55835,3.76098633,0.0109064905
0.59723,596,816.5873,816.55835,3.76098633,0.021812981
0.59727,597,816.5873,816.5584,3.71032715,0.043625962
0.59849,598,816.5873,816.558533,3.6517334,0.0545324534
0.60030,599,816.5873,816.558655,3.63586426,0.0545324534
0.60032,600,816.5873,816.558655,3.72131348,0.0545324534
0.60158,601,816.5873,816.558655,3.72131348,0.0545324534
0.60160,602,816.5873,816.5588,3.619995,0.0545324534
0.60341,603,816.5873,816.558838,3.65478516,0.043625962
0.60527,604,816.5873,816.558838,3.69750977,0.043625962
0.60533,605,816.5873,816.558838,3.69750977,0.043625962
0.60647,606,816.5873,816.55896,3.59619141,0.043625962
0.60833,607,816.5873,816.55896,3.68164063,0.043625962
0.60835,608,816.5873,816.55896,3.68164063,0.021812981
0.60955,609,816.5873,816.55896,3.68164063,0.021812981
0.60957,610,816.5873,816.55896,3.68164063,0.0109064905
0.61141,611,816.5873,816.55896,3.68164063,0.0109064905
0.61326,612,816.5873,816.5591,3.58032227,0.021812981
0.61329,613,816.5873,816.5591,3.66577148,0.021812981
0.61447,614,816.5873,816.5592,3.56445313,0.021812981
0.61633,615,816.5873,816.5592,3.64990234,0.021812981
0.61635,616,816.5873,816.5592,3.64990234,0.0109064905
0.61756,617,816.5873,816.5592,3.64990234,0.0109064905
0.61757,618,816.5873,816.5592,3.64990234,0.021812981
0.61953,619,816.5873,816.559265,3.59924316,0.021812981
0.62122,620,816.5873,816.559265,3.64196777,0.021812981
0.62124,621,816.5873,816.5593,3.59130859,0.021812981
0.62250,622,816.5873,816.5593,3.6340332,0.021812981
0.62433,623,816.5873,816.5593,3.6340332,0.021812981
0.62435,624,816.5873,816.5593,3.6340332,0.021812981
0.62556,625,816.5873,816.5594,3.583374,0.021812981
0.62557,626,816.5873,816.5595,3.52478027,0.03271947
0.62741,627,816.5873,816.5595,3.61022949,0.03271947
0.62922,628,816.5873,816.559631,3.50891113,0.0545324534
0.62924,629,816.5873,816.559631,3.59436035,0.0545324534
0.63051,630,816.5873,816.5598,3.44238281,0.0545324534
0.63231,631,816.5873,816.5598,3.57055664,0.07634544
0.63234,632,816.5873,816.559937,3.46923828,0.07634544
0.63357,633,816.5873,816.5601,3.40271,0.07634544
0.63359,634,816.5873,816.5602,3.48022461,0.087251924
0.63544,635,816.5873,816.5603,3.42163086,0.09815842
0.63759,636,816.5873,816.5605,3.35510254,0.09815842
0.63767,637,816.5873,816.5606,3.381958,0.109064907
0.63849,638,816.5873,816.5608,3.31542969,0.125424653
0.64036,639,816.5873,816.5609,3.34228516,0.136331126
0.64039,640,816.5873,816.5611,3.27575684,0.136331126
0.64157,641,816.5873,816.5612,3.3026123,0.158144116
0.64158,642,816.5873,816.5614,3.236084,0.158144116
0.64344,643,816.5873,816.5616,3.21228027,0.158144116
0.64526,644,816.5873,816.5617,3.23913574,0.169050619
0.64529,645,816.5873,816.5619,3.17260742,0.158144116
0.64647,646,816.5873,816.562,3.199463,0.158144116
0.64833,647,816.5873,816.562134,3.18359375,0.147237629
0.64835,648,816.5873,816.5622,3.21838379,0.109064907
0.64961,649,816.5873,816.5622,3.2611084,0.07634544
0.64963,650,816.5873,816.562134,3.31176758,0.043625962
0.65139,651,816.5873,816.562,3.37036133,0
0.65324,652,816.5873,816.562,3.284912,-0.03817272
0.65327,653,816.5873,816.5619,3.38623047,-0.0599856973
0.65452,654,816.5873,816.561768,3.40209961,-0.08179868
0.65636,655,816.5873,816.5617,3.36730957,-0.08179868
0.65640,656,816.5873,816.5617,3.324585,-0.07089219
0.65755,657,816.5873,816.5617,3.324585,-0.04907921
0.65757,658,816.5873,816.5617,3.324585,-0.03817272
0.65942,659,816.5873,816.5617,3.324585,-0.0163597353
0.66126,660,816.5873,816.5617,3.324585,-0.0163597353
0.66130,661,816.5873,816.561768,3.27392578,0
0.66247,662,816.5873,816.5619,3.215332,0.021812981
0.66434,663,816.5873,816.562,3.199463,0.03271947
0.66438,664,816.5873,816.562,3.284912,0.0545324534
0.66555,665,816.5873,816.562,3.284912,0.06543894
0.66556,666,816.5873,816.562134,3.18359375,0.0545324534
0.66741,667,816.5873,816.5622,3.21838379,0.043625962
0.66922,668,816.5873,816.5622,3.2611084,0.03271947
0.66924,669,816.5873,816.5622,3.2611084,0.03271947
0.67067,670,816.5873,816.5622,3.2611084,0.021812981
0.67233,671,816.5873,816.5622,3.2611084,0.0109064905
0.67236,672,816.5873,816.562134,3.31176758,0
0.67355,673,816.5873,816.562134,3.269043,-0.0272662267
0.67356,674,816.5873,816.562134,3.269043,-0.03817272
0.67543,675,816.5873,816.562134,3.269043,-0.0272662267
0.67725,676,816.5873,816.562134,3.269043,-0.0272662267
0.67729,677,816.5873,816.562134,3.269043,-0.0163597353
0.67849,678,816.5873,816.562134,3.269043,0
0.68036,679,816.5873,816.562134,3.269043,0
0.68041,680,816.5873,816.562134,3.269043,0
0.68156,681,816.5873,816.5622,3.21838379,0.0109064905
0.68158,682,816.5873,816.5622,3.2611084,0.0109064905
0.68342,683,816.5873,816.5622,3.2611084,0.021812981
0.68522,684,816.5873,816.5623,3.15979,0.03271947
0.68524,685,816.5873,816.5623,3.24523926,0.03271947
0.68650,686,816.5873,816.5623,3.24523926,0.03271947
0.68837,687,816.5873,816.5623,3.24523926,0.03271947
0.68840,688,816.5873,816.5623,3.24523926,0.021812981
0.68956,689,816.5873,816.562439,3.143921,0.021812981
0.68958,690,816.5873,816.562439,3.22937,0.0109064905
0.69143,691,816.5873,816.562439,3.22937,0.0109064905
0.69323,692,816.5873,816.5623,3.33068848,0
0.69325,693,816.5873,816.562439,3.143921,-0.0163597353
0.69450,694,816.5873,816.562439,3.22937,-0.0163597353
0.69635,695,816.5873,816.562439,3.22937,0
0.69640,696,816.5873,816.562439,3.22937,0
0.69757,697,816.5873,816.562439,3.22937,0
0.69761,698,816.5873,816.562561,3.12805176,0
0.69940,699,816.5873,816.562561,3.213501,0
0.70122,700,816.5873,816.562561,3.213501,0.0109064905
0.70125,701,816.5873,816.562561,3.213501,0.0109064905
0.70249,702,816.5873,816.562561,3.213501,0.0109064905
0.70431,703,816.5873,816.562561,3.213501,0.021812981
0.70434,704,816.5873,816.562561,3.213501,0.021812981
0.70558,705,816.5873,816.5626,3.1628418,0.021812981
0.70559,706,816.5873,816.5626,3.20556641,0.021812981
0.70748,707,816.5873,816.5627,3.15490723,0.0109064905
0.70927,708,816.5873,816.5627,3.19763184,0.0109064905
0.70931,709,816.5873,816.5627,3.19763184,0.0109064905
0.71048,710,816.5873,816.5627,3.19763184,0.021812981
0.71239,711,816.5873,816.5627,3.19763184,0.021812981
0.71245,712,816.5873,816.562744,3.14697266,0.021812981
0.71356,713,816.5873,816.562744,3.18969727,0.021812981
0.71358,714,816.5873,816.562866,3.088379,0.021812981
0.71542,715,816.5873,816.562866,3.17382813,0.0109064905
0.71722,716,816.5873,816.562866,3.17382813,0.0109064905
0.71724,717,816.5873,816.562866,3.17382813,0.0109064905
0.71850,718,816.5873,816.562866,3.17382813,0
0.72035,719,816.5873,816.562866,3.17382813,0
0.72038,720,816.5873,816.562866,3.17382813,0.0109064905
0.72158,721,816.5873,816.562866,3.17382813,0.0109064905
0.72160,722,816.5873,816.562866,3.17382813,0.0109064905
0.72343,723,816.5873,816.562866,3.17382813,0.0109064905
0.72526,724,816.5873,816.562866,3.17382813,0.0109064905
0.72529,725,816.5873,816.562866,3.17382813,0.0109064905
0.72648,726,816.5873,816.562866,3.17382813,0.0109064905
0.72832,727,816.5873,816.563,3.07250977,0.0109064905
0.72836,728,816.5873,816.563,3.157959,0.0109064905
0.72957,729,816.5873,816.563,3.157959,0.021812981
0.72959,730,816.5873,816.563,3.157959,0.021812981
0.73141,731,816.5873,816.5632,3.00598145,0.021812981
0.73321,732,816.5873,816.5632,3.13415527,0.03271947
0.73322,733,816.5873,816.5632,3.13415527,0.03271947
0.73452,734,816.5873,816.563232,3.083496,0.03271947
0.73632,735,816.5873,816.563232,3.1262207,0.03271947
0.73635,736,816.5873,816.5633,3.07556152,0.03271947
0.73771,737,816.5873,816.5633,3.11828613,0.03271947
0.73773,738,816.5873,816.5633,3.11828613,0.03271947
0.73940,739,816.5873,816.5634,3.01696777,0.03271947
0.74122,740,816.5873,816.5635,3.05175781,0.03271947
0.74126,741,816.5873,816.5635,3.09448242,0.03271947
0.74246,742,816.5873,816.5635,3.09448242,0.03271947
0.74435,743,816.5873,816.5635,3.09448242,0.021812981
0.74438,744,816.5873,816.5635,3.09448242,0.0109064905
0.74556,745,816.5873,816.5635,3.09448242,0.0109064905
0.74558,746,816.5873,816.5635,3.09448242,0
0.74741,747,816.5873,816.5635,3.09448242,0
0.74924,748,816.5873,816.5635,3.09448242,0.0109064905
0.74926,749,816.5873,816.563538,3.04382324,0
0.75051,750,816.5873,816.563538,3.08654785,0
0.75230,751,816.5873,816.563538,3.08654785,0
0.75232,752,816.5873,816.563538,3.08654785,0.0109064905
0.75356,753,816.5873,816.56366,2.98522949,0.0109064905
0.75358,754,816.5873,816.56366,3.07067871,0.021812981
0.75541,755,816.5873,816.5638,2.96936035,0.021812981
0.75722,756,816.5873,816.5638,3.05480957,0.043625962
0.75724,757,816.5873,816.563843,3.00415039,0.0545324534
0.75848,758,816.5873,816.563965,2.94555664,0.06543894
0.76031,759,816.5873,816.564,2.98034668,0.06543894
0.76034,760,816.5873,816.5641,2.972412,0.06543894
0.76155,761,816.5873,816.5643,2.86315918,0.07634544
0.76157,762,816.5873,816.5643,2.991333,0.07634544
0.76341,763,816.5873,816.5644,2.89001465,0.07634544
0.76524,764,816.5873,816.5645,2.87414551,0.087251924
0.76525,765,816.5873,816.5646,2.90893555,0.087251924
0.76650,766,816.5873,816.564758,2.79968262,0.09815842
0.76832,767,816.5873,816.564941,2.775879,0.109064907
0.76835,768,816.5873,816.565,2.85339355,0.109064907
0.76955,769,816.5873,816.565063,2.845459,0.09815842
0.76957,770,816.5873,816.565247,2.736206,0.09815842
0.77141,771,816.5873,816.5653,2.8137207,0.09815842
0.77323,772,816.5873,816.565369,2.80578613,0.09815842
0.77324,773,816.5873,816.565552,2.6965332,0.09815842
0.77447,774,816.5873,816.5656,2.77404785,0.09815842
0.77629,775,816.5873,816.5657,2.76611328,0.09815842
0.77631,776,816.5873,816.5657,2.808838,0.07634544
0.77756,777,816.5873,816.5657,2.808838,0.0545324534
0.77758,778,816.5873,816.5657,2.808838,0.03271947
0.77945,779,816.5873,816.5657,2.808838,0.0109064905
0.78123,780,816.5873,816.5657,2.808838,0
0.78125,781,816.5873,816.5656,2.859497,-0.0272662267
0.78247,782,816.5873,816.565552,2.86743164,-0.03817272
0.78429,783,816.5873,816.565552,2.824707,-0.04907921
0.78430,784,816.5873,816.565552,2.824707,-0.04907921
0.78556,785,816.5873,816.565552,2.824707,-0.04907921
0.78558,786,816.5873,816.5655,2.87536621,-0.0272662267
0.78748,787,816.5873,816.5655,2.8326416,-0.0272662267
0.78923,788,816.5873,816.5655,2.8326416,-0.0163597353
0.78925,789,816.5873,816.565552,2.78198242,-0.0163597353
0.79047,790,816.5873,816.565552,2.824707,0
0.79229,791,816.5873,816.565552,2.824707,0.0109064905
0.79230,792,816.5873,816.5656,2.77404785,0.021812981
0.79356,793,816.5873,816.5657,2.76611328,0.03271947
0.79358,794,816.5873,816.5657,2.808838,0.043625962
0.79541,795,816.5873,816.5657,2.808838,0.043625962
0.79722,796,816.5873,816.5659,2.60620117,0.03271947
0.79725,797,816.5873,816.5659,2.77709961,0.043625962
0.79849,798,816.5873,816.5659,2.77709961,0.03271947
0.80029,799,816.5873,816.5659,2.77709961,0.03271947
0.80030,800,816.5873,816.5659,2.77709961,0.03271947
0.80156,801,816.5873,816.56604,2.67578125,0.03271947
0.80158,802,816.5873,816.56604,2.76123047,0.03271947
0.80340,803,816.5873,816.56604,2.76123047,0.021812981
0.80524,804,816.5873,816.56604,2.76123047,0.0109064905
0.80527,805,816.5873,816.56604,2.76123047,0.0109064905
0.80650,806,816.5873,816.56604,2.76123047,0
0.80830,807,816.5873,816.56604,2.76123047,-0.0163597353
0.80832,808,816.5873,816.5659,2.86254883,-0.0163597353
0.80957,809,816.5873,816.5659,2.77709961,-0.0272662267
0.80960,810,816.5873,816.5659,2.77709961,-0.0272662267
0.81143,811,816.5873,816.5659,2.77709961,-0.0272662267
0.81321,812,816.5873,816.56604,2.67578125,-0.0163597353
0.81323,813,816.5873,816.56604,2.76123047,0
0.81446,814,816.5873,816.56604,2.76123047,0.0109064905
0.81631,815,816.5873,816.5661,2.71057129,0.021812981
0.81634,816,816.5873,816.5662,2.65197754,0.021812981
0.81757,817,816.5873,816.5662,2.73742676,0.03271947
0.81759,818,816.5873,816.5662,2.73742676,0.03271947
0.81939,819,816.5873,816.5662,2.73742676,0.021812981
0.82124,820,816.5873,816.566345,2.6361084,0.03271947
0.82128,821,816.5873,816.566345,2.72155762,0.03271947
0.82248,822,816.5873,816.566345,2.72155762,0.03271947
0.82430,823,816.5873,816.566345,2.72155762,0.03271947
0.82431,824,816.5873,816.566345,2.72155762,0.03271947
0.82556,825,816.5873,816.566467,2.62023926,0.0109064905
0.82558,826,816.5873,816.566467,2.70568848,0.0109064905
0.82738,827,816.5873,816.566467,2.70568848,0.0109064905
0.82920,828,816.5873,816.566467,2.70568848,0
0.82922,829,816.5873,816.566467,2.70568848,0
0.83048,830,816.5873,816.566467,2.70568848,0
0.83229,831,816.5873,816.566467,2.70568848,0
0.83230,832,816.5873,816.566467,2.70568848,0
0.83356,833,816.5873,816.566467,2.70568848,0
0.83357,834,816.5873,816.5665,2.6550293,0
0.83539,835,816.5873,816.566467,2.748413,-0.0163597353
0.83757,836,816.5873,816.566467,2.70568848,-0.0163597353
0.83765,837,816.5873,816.566467,2.70568848,-0.0163597353
0.83851,838,816.5873,816.5665,2.6550293,0
0.84032,839,816.5873,816.5665,2.697754,0
0.84035,840,816.5873,816.5665,2.697754,0.0109064905
0.84156,841,816.5873,816.5666,2.64709473,0.021812981
0.84158,842,816.5873,816.56665,2.63916016,0.03271947
0.84340,843,816.5873,816.56665,2.68188477,0.043625962
0.84523,844,816.5873,816.5668,2.58056641,0.043625962
0.84525,845,816.5873,816.566833,2.61535645,0.043625962
0.84647,846,816.5873,816.566833,2.658081,0.043625962
0.84830,847,816.5873,816.566833,2.658081,0.03271947
0.84833,848,816.5873,816.566833,2.658081,0.03271947
0.84962,849,816.5873,816.5669,2.60742188,0.03271947
0.84967,850,816.5873,816.566956,2.5994873,0.03271947
0.85139,851,816.5873,816.566956,2.642212,0.03271947
0.85321,852,816.5873,816.566956,2.642212,0.03271947
0.85324,853,816.5873,816.566956,2.642212,0.03271947
0.85449,854,816.5873,816.566956,2.642212,0.021812981
0.85629,855,816.5873,816.566956,2.642212,0.0109064905
0.85631,856,816.5873,816.566956,2.642212,0
0.85759,857,816.5873,816.566956,2.642212,-0.0163597353
0.85762,858,816.5873,816.566956,2.642212,0
0.85939,859,816.5873,816.566956,2.642212,0
0.86122,860,816.5873,816.566956,2.642212,-0.0163597353
0.86126,861,816.5873,816.566956,2.642212,0
0.86246,862,816.5873,816.566956,2.642212,0
0.86429,863,816.5873,816.566956,2.642212,-0.0163597353
0.86430,864,816.5873,816.5671,2.54089355,0
0.86558,865,816.5873,816.5671,2.62634277,0
0.86564,866,816.5873,816.567139,2.57568359,0
0.86738,867,816.5873,816.567139,2.6184082,0.021812981
0.86922,868,816.5873,816.5672,2.567749,0.021812981
0.86923,869,816.5873,816.5673,2.50915527,0.043625962
0.87074,870,816.5873,816.5673,2.59460449,0.043625962
0.87234,871,816.5873,816.5673,2.59460449,0.043625962
0.87237,872,816.5873,816.5674,2.54394531,0.043625962
0.87358,873,816.5873,816.567444,2.53601074,0.03271947
0.87362,874,816.5873,816.567444,2.57873535,0.043625962
0.87541,875,816.5873,816.5675,2.52807617,0.043625962
0.87721,876,816.5873,816.5676,2.46948242,0.043625962
0.87722,877,816.5873,816.5676,2.55493164,0.043625962
0.87847,878,816.5873,816.5676,2.55493164,0.043625962
0.88029,879,816.5873,816.567749,2.45361328,0.03271947
0.88030,880,816.5873,816.567749,2.5390625,0.03271947
0.88156,881,816.5873,816.567749,2.5390625,0.021812981
0.88159,882,816.5873,816.567749,2.5390625,0.0109064905
0.88339,883,816.5873,816.567749,2.5390625,0.021812981
0.88522,884,816.5873,816.567749,2.5390625,0.0109064905
0.88523,885,816.5873,816.567749,2.5390625,0.0109064905
0.88648,886,816.5873,816.567749,2.5390625,0
0.88834,887,816.5873,816.567749,2.5390625,0
0.88838,888,816.5873,816.567749,2.5390625,0
0.88962,889,816.5873,816.5679,2.43774414,0.0109064905
0.88965,890,816.5873,816.567932,2.47253418,0.021812981
0.89138,891,816.5873,816.568054,2.41394043,0.03271947
0.89322,892,816.5873,816.568054,2.49938965,0.0545324534
0.89323,893,816.5873,816.5682,2.39807129,0.06543894
0.89447,894,816.5873,816.5683,2.38220215,0.06543894
0.89631,895,816.5873,816.5684,2.366333,0.07634544
0.89632,896,816.5873,816.5685,2.401123,0.07634544
0.89758,897,816.5873,816.5686,2.3425293,0.07634544
0.89760,898,816.5873,816.5687,2.32666016,0.087251924
0.89940,899,816.5873,816.5689,2.26013184,0.09815842
0.90121,900,816.5873,816.569031,2.2869873,0.109064907
0.90122,901,816.5873,816.569153,2.27111816,0.125424653
0.90247,902,816.5873,816.5694,2.15393066,0.136331126
0.90432,903,816.5873,816.569458,2.27417,0.147237629
0.90434,904,816.5873,816.5696,2.21557617,0.136331126
0.90558,905,816.5873,816.5697,2.199707,0.136331126
0.90560,906,816.5873,816.5699,2.13317871,0.136331126
0.90739,907,816.5873,816.57,2.16003418,0.125424653
0.90925,908,816.5873,816.5701,2.144165,0.125424653
0.90927,909,816.5873,816.5702,2.178955,0.109064907
0.91047,910,816.5873,816.5702,2.22167969,0.087251924
0.91232,911,816.5873,816.5702,2.22167969,0.06543894
0.91235,912,816.5873,816.5702,2.22167969,0.03271947
0.91358,913,816.5873,816.5701,2.27233887,0
0.91360,914,816.5873,816.57,2.33093262,-0.0163597353
0.91537,915,816.5873,816.57,2.2454834,-0.03817272
0.91723,916,816.5873,816.569946,2.29614258,-0.04907921
0.91726,917,816.5873,816.5699,2.30407715,-0.0599856973
0.91847,918,816.5873,816.5699,2.26135254,-0.0599856973
0.92031,919,816.5873,816.5699,2.26135254,-0.04907921
0.92034,920,816.5873,816.5699,2.26135254,-0.0272662267
0.92155,921,816.5873,816.5699,2.26135254,-0.0272662267
0.92157,922,816.5873,816.5699,2.26135254,-0.0272662267
0.92340,923,816.5873,816.5699,2.26135254,-0.0272662267
0.92525,924,816.5873,816.5699,2.26135254,-0.0272662267
0.92527,925,816.5873,816.5699,2.26135254,0
0.92647,926,816.5873,816.569946,2.21069336,0.0109064905
0.92832,927,816.5873,816.57,2.20275879,0.0109064905
0.92834,928,816.5873,816.57,2.2454834,0.021812981
0.92957,929,816.5873,816.57,2.2454834,0.021812981
0.92960,930,816.5873,816.57,2.2454834,0.021812981
0.93138,931,816.5873,816.5701,2.144165,0.03271947
0.93323,932,816.5873,816.5702,2.178955,0.021812981
0.93326,933,816.5873,816.5702,2.22167969,0.021812981
0.93448,934,816.5873,816.5702,2.22167969,0.021812981
0.93630,935,816.5873,816.5702,2.22167969,0.021812981
0.93631,936,816.5873,816.5702,2.22167969,0.021812981
0.93781,937,816.5873,816.5702,2.22167969,0.0109064905
0.93790,938,816.5873,816.5702,2.22167969,0
0.93939,939,816.5873,816.5702,2.22167969,-0.0163597353
0.94127,940,816.5873,816.5702,2.22167969,-0.0272662267
0.94129,941,816.5873,816.5702,2.22167969,-0.0163597353
0.94247,942,816.5873,816.5702,2.22167969,-0.0163597353
0.94434,943,816.5873,816.5702,2.22167969,0
0.94436,944,816.5873,816.5702,2.22167969,0
0.94556,945,816.5873,816.5702,2.22167969,0
0.94557,946,816.5873,816.5702,2.22167969,0
0.94738,947,816.5873,816.5702,2.22167969,0
0.94922,948,816.5873,816.5702,2.22167969,0
0.94925,949,816.5873,816.5702,2.22167969,0
0.95047,950,816.5873,816.5702,2.22167969,0.0109064905
0.95232,951,816.5873,816.570251,2.17102051,0.0109064905
0.95235,952,816.5873,816.570251,2.213745,0.0109064905
0.95355,953,816.5873,816.5703,2.163086,0.0109064905
0.95356,954,816.5873,816.5703,2.20581055,0.0109064905
0.95540,955,816.5873,816.5703,2.20581055,0.021812981
0.95722,956,816.5873,816.5703,2.20581055,0.021812981
0.95727,957,816.5873,816.570435,2.10449219,0.021812981
0.95848,958,816.5873,816.570435,2.18994141,0.021812981
0.96035,959,816.5873,816.5705,2.13928223,0.021812981
0.96037,960,816.5873,816.5705,2.18200684,0.021812981
0.96156,961,816.5873,816.5705,2.18200684,0.021812981
0.96158,962,816.5873,816.5705,2.18200684,0.021812981
0.96337,963,816.5873,816.5705,2.18200684,0.021812981
0.96523,964,816.5873,816.570557,2.13134766,0.021812981
0.96525,965,816.5873,816.5707,2.072754,0.021812981
0.96647,966,816.5873,816.5707,2.15820313,0.021812981
0.96832,967,816.5873,816.5707,2.15820313,0.021812981
0.96834,968,816.5873,816.5707,2.15820313,0.021812981
0.96956,969,816.5873,816.5707,2.15820313,0.021812981
0.96958,970,816.5873,816.5707,2.15820313,0.0109064905
0.97143,971,816.5873,816.5707,2.15820313,0.0109064905
0.97333,972,816.5873,816.5707,2.15820313,0
0.97336,973,816.5873,816.5707,2.15820313,-0.0272662267
0.97448,974,816.5873,816.5707,2.15820313,-0.0272662267
0.97632,975,816.5873,816.5707,2.15820313,-0.0272662267
0.97636,976,816.5873,816.5707,2.15820313,-0.0163597353
0.97757,977,816.5873,816.5707,2.15820313,0
0.97758,978,816.5873,816.5707,2.15820313,0
0.97939,979,816.5873,816.5707,2.15820313,0
0.98125,980,816.5873,816.5707,2.15820313,0
0.98127,981,816.5873,816.5707,2.15820313,0
0.98247,982,816.5873,816.5707,2.15820313,0.0109064905
0.98432,983,816.5873,816.5707,2.15820313,0.0109064905
0.98437,984,816.5873,816.57074,2.107544,0.021812981
0.98555,985,816.5873,816.5708,2.09960938,0.03271947
0.98557,986,816.5873,816.5708,2.142334,0.021812981
0.98740,987,816.5873,816.5708,2.142334,0.03271947
0.98935,988,816.5873,816.570862,2.0916748,0.03271947
0.98943,989,816.5873,816.571,2.033081,0.03271947
0.99050,990,816.5873,816.571,2.11853027,0.03271947
0.99233,991,816.5873,816.571,2.11853027,0.03271947
0.99237,992,816.5873,816.5711,2.017212,0.03271947
0.99356,993,816.5873,816.5711,2.10266113,0.03271947
0.99357,994,816.5873,816.5711,2.10266113,0.03271947
0.99541,995,816.5873,816.5711,2.10266113,0.03271947
0.99727,996,816.5873,816.5712,2.00134277,0.03271947
0.99729,997,816.5873,816.5713,2.03613281,0.03271947
0.99847,998,816.5873,816.5713,2.07885742,0.03271947
1.00032,999,816.5873,816.5713,2.07885742,0.021812981
1.00034,1000,816.5873,816.5713,2.07885742,0.0109064905
1.00155,1001,816.5873,816.5713,2.07885742,0
1.00157,1002,816.5873,816.5713,2.07885742,-0.0163597353
1.00338,1003,816.5873,816.5713,2.07885742,0
1.00522,1004,816.5873,816.5713,2.07885742,0
1.00524,1005,816.5873,816.5713,2.07885742,0
1.00648,1006,816.5873,816.5713,2.07885742,0.0109064905
1.00832,1007,816.5873,816.5713,2.07885742,0.0109064905
1.00834,1008,816.5873,816.5713,2.07885742,0.0109064905
1.00957,1009,816.5873,816.5713,2.07885742,0.0109064905
1.00958,1010,816.5873,816.5714,1.97753906,0.0109064905
1.01139,1011,816.5873,816.5714,2.06298828,0.03271947
1.01325,1012,816.5873,816.571533,1.96166992,0.03271947
1.01328,1013,816.5873,816.571655,1.94580078,0.043625962
1.01447,1014,816.5873,816.571655,2.03125,0.0545324534
1.01632,1015,816.5873,816.5717,1.98059082,0.0545324534
1.01635,1016,816.5873,816.5718,1.97265625,0.0545324534
1.01756,1017,816.5873,816.571838,1.96472168,0.06543894
1.01757,1018,816.5873,816.57196,1.90612793,0.06543894
1.01944,1019,816.5873,816.5721,1.89025879,0.07634544
1.02124,1020,816.5873,816.5721,1.975708,0.07634544
1.02129,1021,816.5873,816.572266,1.82373047,0.087251924
1.02265,1022,816.5873,816.5724,1.85058594,0.09815842
1.02434,1023,816.5873,816.5724,1.93603516,0.09815842
1.02436,1024,816.5873,816.5726,1.78405762,0.109064907
1.02556,1025,816.5873,816.572754,1.76025391,0.109064907
1.02558,1026,816.5873,816.572937,1.7364502,0.109064907
1.02743,1027,816.5873,816.572937,1.864624,0.109064907
1.02925,1028,816.5873,816.573059,1.76330566,0.109064907
1.02927,1029,816.5873,816.573242,1.69677734,0.109064907
1.03047,1030,816.5873,816.5733,1.774292,0.109064907
1.03232,1031,816.5873,816.573364,1.76635742,0.09815842
1.03234,1032,816.5873,816.573364,1.809082,0.06543894
1.03355,1033,816.5873,816.573364,1.809082,0.03271947
1.03356,1034,816.5873,816.573364,1.809082,0.0109064905
1.03539,1035,816.5873,816.573364,1.809082,-0.0163597353
1.03752,1036,816.5873,816.5733,1.85974121,-0.03817272
1.03758,1037,816.5873,816.573242,1.86767578,-0.04907921
1.03848,1038,816.5873,816.573242,1.82495117,-0.04907921
1.04032,1039,816.5873,816.5731,1.92626953,-0.0599856973
1.04037,1040,816.5873,816.573059,1.89147949,-0.04907921
1.04155,1041,816.5873,816.573059,1.84875488,-0.03817272
1.04158,1042,816.5873,816.573059,1.84875488,-0.03817272
1.04341,1043,816.5873,816.573059,1.84875488,-0.0272662267
1.04526,1044,816.5873,816.573059,1.84875488,-0.0272662267
1.04529,1045,816.5873,816.573059,1.84875488,-0.0272662267
1.04648,1046,816.5873,816.573059,1.84875488,-0.0163597353
1.04832,1047,816.5873,816.573059,1.84875488,0
1.04834,1048,816.5873,816.5731,1.7980957,0.0109064905
1.04955,1049,816.5873,816.573242,1.739502,0.03271947
1.04957,1050,816.5873,816.573242,1.82495117,0.03271947
1.05139,1051,816.5873,816.573242,1.82495117,0.03271947
1.05325,1052,816.5873,816.5733,1.774292,0.03271947
1.05329,1053,816.5873,816.5733,1.8170166,0.021812981
1.05450,1054,816.5873,816.573364,1.76635742,0.021812981
1.05631,1055,816.5873,816.573364,1.809082,0.03271947
1.05632,1056,816.5873,816.573364,1.809082,0.021812981
1.05756,1057,816.5873,816.573364,1.809082,0.021812981
1.05757,1058,816.5873,816.5735,1.70776367,0.021812981
1.05943,1059,816.5873,816.5735,1.79321289,0.021812981
1.06121,1060,816.5873,816.5735,1.79321289,0.0109064905
1.06124,1061,816.5873,816.5735,1.79321289,0
1.06247,1062,816.5873,816.5735,1.79321289,0
1.06433,1063,816.5873,816.573364,1.89453125,-0.0272662267
1.06436,1064,816.5873,816.573364,1.809082,-0.0272662267
1.06556,1065,816.5873,816.573364,1.809082,-0.03817272
1.06557,1066,816.5873,816.573364,1.809082,-0.03817272
1.06743,1067,816.5873,816.573364,1.809082,-0.0272662267
1.06922,1068,816.5873,816.573364,1.809082,-0.0272662267
1.06924,1069,816.5873,816.573364,1.809082,0
1.07070,1070,816.5873,816.573364,1.809082,0
1.07231,1071,816.5873,816.573364,1.809082,0
1.07234,1072,816.5873,816.573364,1.809082,0
1.07357,1073,816.5873,816.573364,1.809082,0
1.07358,1074,816.5873,816.573364,1.809082,0
1.07543,1075,816.5873,816.5735,1.70776367,0.0109064905
1.07724,1076,816.5873,816.5735,1.79321289,0.0109064905
1.07726,1077,816.5873,816.5735,1.79321289,0.0109064905
1.07849,1078,816.5873,816.5735,1.79321289,0.0109064905
1.08032,1079,816.5873,816.573547,1.74255371,0.0109064905
1.08034,1080,816.5873,816.573547,1.78527832,0.0109064905
1.08156,1081,816.5873,816.573547,1.78527832,0.0109064905
1.08157,1082,816.5873,816.573547,1.78527832,0.0109064905
1.08343,1083,816.5873,816.573547,1.78527832,0.0109064905
1.08525,1084,816.5873,816.573547,1.78527832,0.0109064905
1.08529,1085,816.5873,816.573547,1.78527832,0.0109064905
1.08647,1086,816.5873,816.573547,1.78527832,0.0109064905
1.08834,1087,816.5873,816.5736,1.73461914,0.0109064905
1.08838,1088,816.5873,816.5736,1.77734375,0.0109064905
1.08956,1089,816.5873,816.5736,1.77734375,0.0109064905
1.08959,1090,816.5873,816.573669,1.72668457,0.0109064905
1.09143,1091,816.5873,816.573669,1.76940918,0.0109064905
1.09325,1092,816.5873,816.573669,1.76940918,0
1.09328,1093,816.5873,816.573669,1.76940918,0
1.09446,1094,816.5873,816.5736,1.82006836,-0.0163597353
1.09632,1095,816.5873,816.5736,1.77734375,-0.0163597353
1.09633,1096,816.5873,816.5736,1.77734375,-0.0163597353
1.09757,1097,816.5873,816.5736,1.77734375,-0.0163597353
1.09758,1098,816.5873,816.5736,1.77734375,0
1.09940,1099,816.5873,816.5736,1.77734375,0
1.10125,1100,816.5873,816.5736,1.77734375,0
1.10127,1101,816.5873,816.573669,1.72668457,0.0109064905
1.10247,1102,816.5873,816.573669,1.76940918,0.0109064905
1.10440,1103,816.5873,816.573669,1.76940918,0.0109064905
1.10445,1104,816.5873,816.5738,1.66809082,0.021812981
1.10558,1105,816.5873,816.573853,1.70288086,0.021812981
1.10560,1106,816.5873,816.573853,1.74560547,0.03271947
1.10741,1107,816.5873,816.573853,1.74560547,0.03271947
1.10925,1108,816.5873,816.573853,1.74560547,0.021812981
1.10928,1109,816.5873,816.5739,1.69494629,0.021812981
1.11046,1110,816.5873,816.5739,1.7376709,0.021812981
1.11233,1111,816.5873,816.574036,1.63635254,0.021812981
1.11236,1112,816.5873,816.574036,1.72180176,0.021812981
1.11356,1113,816.5873,816.574036,1.72180176,0.021812981
1.11359,1114,816.5873,816.574036,1.72180176,0.0109064905
1.11542,1115,816.5873,816.574036,1.72180176,0
1.11725,1116,816.5873,816.574036,1.72180176,-0.0163597353
1.11727,1117,816.5873,816.574036,1.72180176,-0.0163597353
1.11846,1118,816.5873,816.5739,1.82312012,-0.0272662267
1.12036,1119,816.5873,816.5739,1.7376709,-0.0163597353
1.12039,1120,816.5873,816.5739,1.7376709,-0.0163597353
1.12156,1121,816.5873,816.5739,1.7376709,-0.0163597353
1.12158,1122,816.5873,816.5739,1.7376709,0
1.12347,1123,816.5873,816.5739,1.7376709,0
1.12521,1124,816.5873,816.574036,1.63635254,0
1.12524,1125,816.5873,816.574036,1.72180176,0.0109064905
1.12650,1126,816.5873,816.574036,1.72180176,0.0109064905
1.12834,1127,816.5873,816.5741,1.67114258,0.021812981
1.12837,1128,816.5873,816.5741,1.71386719,0.021812981
1.12955,1129,816.5873,816.574158,1.663208,0.021812981
1.12957,1130,816.5873,816.574158,1.70593262,0.021812981
1.13142,1131,816.5873,816.574158,1.70593262,0.021812981
1.13328,1132,816.5873,816.574158,1.70593262,0.021812981
1.13331,1133,816.5873,816.5742,1.65527344,0.021812981
1.13448,1134,816.5873,816.5742,1.697998,0.021812981
1.13634,1135,816.5873,816.574341,1.59667969,0.021812981
1.13638,1136,816.5873,816.574341,1.68212891,0.021812981
1.13765,1137,816.5873,816.574341,1.68212891,0.021812981
1.13768,1138,816.5873,816.574341,1.68212891,0.021812981
1.13946,1139,816.5873,816.574341,1.68212891,0.021812981
1.14124,1140,816.5873,816.574463,1.58081055,0.021812981
1.14127,1141,816.5873,816.574463,1.66625977,0.021812981
1.14248,1142,816.5873,816.574463,1.66625977,0.021812981
1.14435,1143,816.5873,816.574463,1.66625977,0.021812981
1.14439,1144,816.5873,816.574463,1.66625977,0.0109064905
1.14560,1145,816.5873,816.574463,1.66625977,0.0109064905
1.14562,1146,816.5873,816.574463,1.66625977,0
1.14745,1147,816.5873,816.574463,1.66625977,0
1.14922,1148,816.5873,816.574463,1.66625977,0
1.14925,1149,816.5873,816.574463,1.66625977,0
1.15050,1150,816.5873,816.574463,1.66625977,0.0109064905
1.15230,1151,816.5873,816.574463,1.66625977,0.0109064905
1.15232,1152,816.5873,816.574463,1.66625977,0.0109064905
1.15356,1153,816.5873,816.574463,1.66625977,0.0109064905
1.15358,1154,816.5873,816.5746,1.56494141,0.0109064905
1.15541,1155,816.5873,816.574646,1.59973145,0.0109064905
1.15726,1156,816.5873,816.574646,1.642456,0.0109064905
1.15729,1157,816.5873,816.574646,1.642456,0.021812981
1.15846,1158,816.5873,816.574646,1.642456,0.021812981
1.16032,1159,816.5873,816.574768,1.5411377,0.03271947
1.16034,1160,816.5873,816.574768,1.62658691,0.03271947
1.16157,1161,816.5873,816.574768,1.62658691,0.043625962
1.16158,1162,816.5873,816.575,1.4239502,0.043625962
1.16343,1163,816.5873,816.575,1.59484863,0.043625962
1.16522,1164,816.5873,816.575,1.59484863,0.0545324534
1.16526,1165,816.5873,816.575134,1.49353027,0.06543894
1.16650,1166,816.5873,816.5752,1.52832031,0.06543894
1.16831,1167,816.5873,816.5753,1.46972656,0.06543894
1.16834,1168,816.5873,816.575439,1.45385742,0.07634544
1.16958,1169,816.5873,816.575439,1.53930664,0.087251924
1.16962,1170,816.5873,816.5756,1.3873291,0.09815842
1.17140,1171,816.5873,816.575745,1.41418457,0.125424653
1.17328,1172,816.5873,816.5759,1.34765625,0.125424653
1.17331,1173,816.5873,816.5761,1.32385254,0.147237629
1.17447,1174,816.5873,816.5763,1.30004883,0.158144116
1.17633,1175,816.5873,816.5766,1.17492676,0.169050619
1.17636,1176,816.5873,816.5767,1.28723145,0.179957092
1.17757,1177,816.5873,816.5769,1.22070313,0.179957092
1.17759,1178,816.5873,816.577,1.24755859,0.179957092
1.17940,1179,816.5873,816.5772,1.18103027,0.169050619
1.18123,1180,816.5873,816.5774,1.15722656,0.158144116
1.18126,1181,816.5873,816.5774,1.28540039,0.136331126
1.18251,1182,816.5873,816.5774,1.28540039,0.087251924
1.18435,1183,816.5873,816.5774,1.28540039,0.043625962
1.18439,1184,816.5873,816.5773,1.38671875,-0.0163597353
1.18555,1185,816.5873,816.5772,1.35192871,-0.0599856973
1.18557,1186,816.5873,816.577,1.46118164,-0.08179868
1.18757,1187,816.5873,816.576965,1.383667,-0.103611663
1.18926,1188,816.5873,816.5769,1.39160156,-0.114518143
1.18930,1189,816.5873,816.576843,1.39953613,-0.103611663
1.19047,1190,816.5873,816.5767,1.45812988,-0.08179868
1.19231,1191,816.5873,816.5767,1.37268066,-0.0599856973
1.19233,1192,816.5873,816.5767,1.37268066,-0.04907921
1.19358,1193,816.5873,816.5767,1.37268066,-0.0272662267
1.19360,1194,816.5873,816.576843,1.2713623,0.0109064905
1.19541,1195,816.5873,816.5769,1.30615234,0.021812981
1.19724,1196,816.5873,816.5769,1.348877,0.0545324534
1.19728,1197,816.5873,816.576965,1.29821777,0.0545324534
1.19847,1198,816.5873,816.577,1.2902832,0.0545324534
1.20031,1199,816.5873,816.577,1.33300781,0.0545324534
1.20034,1200,816.5873,816.577148,1.23168945,0.043625962
1.20155,1201,816.5873,816.5772,1.26647949,0.03271947
1.20158,1202,816.5873,816.5772,1.3092041,0.03271947
1.20342,1203,816.5873,816.5772,1.3092041,0.021812981
1.20522,1204,816.5873,816.5772,1.3092041,0.0109064905
1.20524,1205,816.5873,816.577148,1.35986328,0
1.20648,1206,816.5873,816.577,1.418457,-0.0272662267
1.20831,1207,816.5873,816.577,1.33300781,-0.03817272
1.20832,1208,816.5873,816.577,1.33300781,-0.03817272
1.20958,1209,816.5873,816.577,1.33300781,-0.0272662267
1.20960,1210,816.5873,816.577,1.33300781,-0.0163597353
1.21143,1211,816.5873,816.577,1.33300781,-0.0163597353
1.21322,1212,816.5873,816.577,1.33300781,0
1.21325,1213,816.5873,816.577,1.33300781,0
1.21449,1214,816.5873,816.577,1.33300781,0
1.21634,1215,816.5873,816.5772,1.18103027,0.0109064905
1.21639,1216,816.5873,816.5772,1.3092041,0.021812981
1.21755,1217,816.5873,816.5772,1.3092041,0.021812981
1.21757,1218,816.5873,816.5772,1.3092041,0.021812981
1.21942,1219,816.5873,816.5772,1.3092041,0.0109064905
1.22123,1220,816.5873,816.5772,1.3092041,0.0109064905
1.22125,1221,816.5873,816.5772,1.3092041,0.0109064905
1.22249,1222,816.5873,816.5772,1.3092041,0.0109064905
1.22431,1223,816.5873,816.5772,1.3092041,0.0109064905
1.22432,1224,816.5873,816.5772,1.3092041,0
1.22557,1225,816.5873,816.5772,1.3092041,-0.0163597353
1.22558,1226,816.5873,816.5772,1.3092041,-0.0163597353
1.22743,1227,816.5873,816.5772,1.3092041,-0.0272662267
1.22923,1228,816.5873,816.5772,1.3092041,-0.0163597353
1.22925,1229,816.5873,816.5772,1.3092041,0
1.23047,1230,816.5873,816.5772,1.3092041,0
1.23234,1231,816.5873,816.5772,1.3092041,0
1.23236,1232,816.5873,816.5772,1.3092041,0
1.23356,1233,816.5873,816.5772,1.3092041,0.0109064905
1.23358,1234,816.5873,816.5773,1.25854492,0.0109064905
1.23542,1235,816.5873,816.5774,1.19995117,0.0109064905
1.23736,1236,816.5873,816.5774,1.28540039,0.0109064905
1.23743,1237,816.5873,816.5774,1.28540039,0.021812981
1.23854,1238,816.5873,816.5774,1.28540039,0.021812981
1.24037,1239,816.5873,816.5774,1.28540039,0.021812981
1.24042,1240,816.5873,816.577454,1.23474121,0.021812981
1.24156,1241,816.5873,816.577454,1.27746582,0.0109064905
1.24157,1242,816.5873,816.577454,1.27746582,0.0109064905
1.24341,1243,816.5873,816.5774,1.328125,0
1.24524,1244,816.5873,816.5774,1.28540039,-0.0163597353
1.24530,1245,816.5873,816.5774,1.28540039,-0.0163597353
1.24647,1246,816.5873,816.5774,1.28540039,-0.0163597353
1.24833,1247,816.5873,816.5774,1.28540039,-0.0163597353
1.24835,1248,816.5873,816.5774,1.28540039,-0.0163597353
1.24955,1249,816.5873,816.5774,1.28540039,-0.0163597353
1.24956,1250,816.5873,816.5774,1.28540039,0
1.25141,1251,816.5873,816.5774,1.28540039,0
1.25320,1252,816.5873,816.5774,1.28540039,0
1.25321,1253,816.5873,816.5774,1.28540039,0
1.25453,1254,816.5873,816.577454,1.23474121,0
1.25632,1255,816.5873,816.5775,1.22680664,0.0109064905
1.25634,1256,816.5873,816.5775,1.26953125,0.0109064905
1.25769,1257,816.5873,816.5775,1.26953125,0.021812981
1.25772,1258,816.5873,816.5775,1.26953125,0.021812981
1.25939,1259,816.5873,816.5775,1.26953125,0.021812981
1.26121,1260,816.5873,816.5775,1.26953125,0.021812981
1.26122,1261,816.5873,816.5776,1.21887207,0.021812981
1.26248,1262,816.5873,816.5777,1.16027832,0.021812981
1.26432,1263,816.5873,816.5777,1.24572754,0.021812981
1.26435,1264,816.5873,816.5777,1.24572754,0.021812981
1.26557,1265,816.5873,816.5777,1.24572754,0
1.26558,1266,816.5873,816.5777,1.24572754,0
1.26741,1267,816.5873,816.5777,1.24572754,-0.0163597353
1.26920,1268,816.5873,816.5776,1.3470459,-0.0272662267
1.26921,1269,816.5873,816.5776,1.26159668,-0.0163597353
1.27071,1270,816.5873,816.5776,1.26159668,-0.0163597353
1.27235,1271,816.5873,816.5776,1.26159668,-0.0163597353
1.27240,1272,816.5873,816.5776,1.26159668,0
1.27356,1273,816.5873,816.5776,1.26159668,0
1.27357,1274,816.5873,816.5776,1.26159668,0
1.27542,1275,816.5873,816.5776,1.26159668,0
1.27721,1276,816.5873,816.5777,1.16027832,0
1.27722,1277,816.5873,816.5777,1.24572754,0
1.27849,1278,816.5873,816.5777,1.24572754,0.0109064905
1.28030,1279,816.5873,816.5777,1.24572754,0.021812981
1.28034,1280,816.5873,816.5778,1.14440918,0.021812981
1.28155,1281,816.5873,816.5778,1.2298584,0.03271947
1.28157,1282,816.5873,816.5778,1.2298584,0.021812981
1.28340,1283,816.5873,816.5778,1.2298584,0.021812981
1.28522,1284,816.5873,816.5778,1.2298584,0.021812981
1.28523,1285,816.5873,816.5778,1.2298584,0.021812981
1.28651,1286,816.5873,816.5778,1.2298584,0.021812981
1.28832,1287,816.5873,816.5778,1.2298584,0.0109064905
1.28835,1288,816.5873,816.5778,1.2298584,0.0109064905
1.28956,1289,816.5873,816.5778,1.2298584,-0.0163597353
1.28957,1290,816.5873,816.5778,1.2298584,-0.0163597353
1.29140,1291,816.5873,816.5778,1.2298584,-0.0272662267
1.29322,1292,816.5873,816.5778,1.2298584,-0.0272662267
1.29324,1293,816.5873,816.5778,1.2298584,-0.0272662267
1.29447,1294,816.5873,816.5778,1.2298584,0
1.29630,1295,816.5873,816.5778,1.2298584,0
1.29631,1296,816.5873,816.5778,1.2298584,0
1.29756,1297,816.5873,816.5778,1.2298584,0
1.29757,1298,816.5873,816.5778,1.2298584,0
1.29941,1299,816.5873,816.5778,1.2298584,0
1.30121,1300,816.5873,816.577942,1.12854,0
1.30122,1301,816.5873,816.577942,1.21398926,0.0109064905
1.30249,1302,816.5873,816.578,1.16333008,0.021812981
1.30433,1303,816.5873,816.578,1.20605469,0.021812981
1.30435,1304,816.5873,816.578,1.20605469,0.021812981
1.30556,1305,816.5873,816.578,1.20605469,0.021812981
1.30558,1306,816.5873,816.5781,1.10473633,0.021812981
1.30743,1307,816.5873,816.5781,1.19018555,0.021812981
1.30922,1308,816.5873,816.5781,1.19018555,0.0109064905
1.30924,1309,816.5873,816.5781,1.19018555,0
1.31049,1310,816.5873,816.578,1.29150391,0
1.31229,1311,816.5873,816.5781,1.10473633,-0.0163597353
1.31230,1312,816.5873,816.578,1.29150391,-0.0163597353
1.31356,1313,816.5873,816.578,1.20605469,-0.0163597353
1.31357,1314,816.5873,816.578,1.20605469,-0.0163597353
1.31540,1315,816.5873,816.578,1.20605469,-0.0163597353
1.31722,1316,816.5873,816.578,1.20605469,-0.0163597353
1.31724,1317,816.5873,816.578,1.20605469,-0.0163597353
1.31848,1318,816.5873,816.578,1.20605469,0
1.32091,1319,816.5873,816.578,1.20605469,0
1.32096,1320,816.5873,816.5781,1.10473633,0.0109064905
1.32157,1321,816.5873,816.5781,1.19018555,0.021812981
1.32158,1322,816.5873,816.5781,1.19018555,0.021812981
1.32343,1323,816.5873,816.5781,1.19018555,0.03271947
1.32524,1324,816.5873,816.578247,1.08886719,0.021812981
1.32527,1325,816.5873,816.578247,1.17431641,0.021812981
1.32647,1326,816.5873,816.578369,1.072998,0.021812981
1.32829,1327,816.5873,816.578369,1.15844727,0.021812981
1.32831,1328,816.5873,816.578369,1.15844727,0.021812981
1.32956,1329,816.5873,816.578369,1.15844727,0.021812981
1.32957,1330,816.5873,816.578369,1.15844727,0.0109064905
1.33138,1331,816.5873,816.578369,1.15844727,0
1.33321,1332,816.5873,816.578369,1.15844727,-0.0163597353
1.33323,1333,816.5873,816.578369,1.15844727,-0.0272662267
1.33449,1334,816.5873,816.578369,1.15844727,-0.0272662267
1.33629,1335,816.5873,816.578369,1.15844727,-0.0163597353
1.33631,1336,816.5873,816.578369,1.15844727,0
1.33769,1337,816.5873,816.578369,1.15844727,0
1.33773,1338,816.5873,816.578369,1.15844727,0
1.33944,1339,816.5873,816.578369,1.15844727,0
1.34120,1340,816.5873,816.578369,1.15844727,0
1.34122,1341,816.5873,816.578369,1.15844727,0
1.34251,1342,816.5873,816.578369,1.15844727,0
1.34429,1343,816.5873,816.578369,1.15844727,0
1.34432,1344,816.5873,816.578369,1.15844727,0
1.34555,1345,816.5873,816.578369,1.15844727,0
1.34556,1346,816.5873,816.578369,1.15844727,0
1.34738,1347,816.5873,816.578369,1.15844727,0
1.34922,1348,816.5873,816.578369,1.15844727,0
1.34924,1349,816.5873,816.578369,1.15844727,0
1.35052,1350,816.5873,816.578369,1.15844727,0
1.35230,1351,816.5873,816.578369,1.15844727,0
1.35231,1352,816.5873,816.578369,1.15844727,0.0109064905
1.35355,1353,816.5873,816.578369,1.15844727,0.0109064905
1.35356,1354,816.5873,816.5785,1.05712891,0.0109064905
1.35539,1355,816.5873,816.5785,1.14257813,0.021812981
1.35724,1356,816.5873,816.5785,1.14257813,0.021812981
1.35726,1357,816.5873,816.5785,1.14257813,0.021812981
1.35848,1358,816.5873,816.5785,1.14257813,0.03271947
1.36029,1359,816.5873,816.578552,1.091919,0.021812981
1.36031,1360,816.5873,816.5787,1.0333252,0.021812981
1.36155,1361,816.5873,816.5787,1.11877441,0.021812981
1.36156,1362,816.5873,816.5787,1.11877441,0.021812981
1.36338,1363,816.5873,816.5787,1.11877441,0.021812981
1.36522,1364,816.5873,816.5787,1.11877441,0.021812981
1.36525,1365,816.5873,816.5787,1.11877441,0.021812981
1.36649,1366,816.5873,816.578735,1.06811523,0.021812981
1.36829,1367,816.5873,816.578735,1.11083984,0.0109064905
1.36831,1368,816.5873,816.578735,1.11083984,0
1.36958,1369,816.5873,816.578735,1.11083984,0
1.36960,1370,816.5873,816.5787,1.161499,-0.0163597353
1.37140,1371,816.5873,816.578735,1.06811523,-0.0163597353
1.37323,1372,816.5873,816.5787,1.161499,-0.0163597353
1.37326,1373,816.5873,816.5787,1.11877441,-0.0272662267
1.37450,1374,816.5873,816.5787,1.11877441,-0.0163597353
1.37629,1375,816.5873,816.5787,1.11877441,-0.0272662267
1.37630,1376,816.5873,816.5787,1.11877441,-0.0163597353
1.37759,1377,816.5873,816.5787,1.11877441,0
1.37762,1378,816.5873,816.5787,1.11877441,0
1.37938,1379,816.5873,816.5787,1.11877441,0
1.38123,1380,816.5873,816.5788,1.017456,0.0109064905
1.38125,1381,816.5873,816.5788,1.10290527,0.0109064905
1.38247,1382,816.5873,816.5788,1.10290527,0.03271947
1.38429,1383,816.5873,816.5789,1.00158691,0.03271947
1.38430,1384,816.5873,816.579,1.036377,0.03271947
1.38565,1385,816.5873,816.579,1.07910156,0.043625962
1.38568,1386,816.5873,816.579,1.07910156,0.043625962
1.38744,1387,816.5873,816.5791,0.9777832,0.0545324534
1.38923,1388,816.5873,816.5791,1.06323242,0.043625962
1.38925,1389,816.5873,816.5792,0.961914063,0.043625962
1.39050,1390,816.5873,816.5793,0.9967041,0.043625962
1.39232,1391,816.5873,816.5793,1.03942871,0.043625962
1.39234,1392,816.5873,816.579346,0.988769531,0.043625962
1.39358,1393,816.5873,816.579468,0.9301758,0.043625962
1.39361,1394,816.5873,816.579468,1.015625,0.043625962
1.39539,1395,816.5873,816.5795,0.9649658,0.043625962
1.39723,1396,816.5873,816.579651,0.9063721,0.043625962
1.39724,1397,816.5873,816.579651,0.9918213,0.043625962
1.39848,1398,816.5873,816.579651,0.9918213,0.043625962
1.40029,1399,816.5873,816.579651,0.9918213,0.043625962
1.40031,1400,816.5873,816.5798,0.8905029,0.03271947
1.40155,1401,816.5873,816.5798,0.975952148,0.021812981
1.40157,1402,816.5873,816.5798,0.975952148,0.0109064905
1.40338,1403,816.5873,816.5798,0.975952148,0
1.40521,1404,816.5873,816.5798,0.975952148,0
1.40523,1405,816.5873,816.5798,0.975952148,-0.0163597353
1.40648,1406,816.5873,816.5798,0.975952148,-0.0163597353
1.40831,1407,816.5873,816.5798,0.975952148,0
1.40835,1408,816.5873,816.5798,0.975952148,0
1.40960,1409,816.5873,816.5798,0.975952148,0
1.40964,1410,816.5873,816.5798,0.975952148,0
1.41139,1411,816.5873,816.5798,0.975952148,0.0109064905
1.41322,1412,816.5873,816.5798,0.975952148,0
1.41326,1413,816.5873,816.5798,0.975952148,0
1.41448,1414,816.5873,816.5798,0.975952148,-0.0163597353
1.41630,1415,816.5873,816.5798,0.975952148,-0.0163597353
1.41632,1416,816.5873,816.5798,0.975952148,-0.0163597353
1.41758,1417,816.5873,816.5798,0.975952148,0
1.41761,1418,816.5873,816.5798,0.975952148,0
1.41938,1419,816.5873,816.579834,0.925292969,0.021812981
1.42129,1420,816.5873,816.579956,0.8666992,0.021812981
1.42134,1421,816.5873,816.58,0.901489258,0.03271947
1.42250,1422,816.5873,816.58,0.944213867,0.0545324534
1.42431,1423,816.5873,816.5801,0.8935547,0.0545324534
1.42433,1424,816.5873,816.5802,0.834960938,0.0545324534
1.42558,1425,816.5873,816.580261,0.869751,0.0545324534
1.42561,1426,816.5873,816.5803,0.8618164,0.0545324534
1.42740,1427,816.5873,816.5804,0.853881836,0.0545324534
1.42922,1428,816.5873,816.5804,0.896606445,0.0545324534
1.42924,1429,816.5873,816.580566,0.7446289,0.06543894
1.43046,1430,816.5873,816.580566,0.872802734,0.07634544
1.43230,1431,816.5873,816.58075,0.7208252,0.06543894
1.43231,1432,816.5873,816.58075,0.848999,0.06543894
1.43356,1433,816.5873,816.5808,0.798339844,0.06543894
1.43357,1434,816.5873,816.5809,0.7904053,0.06543894
1.43541,1435,816.5873,816.5809,0.8331299,0.0545324534
1.43765,1436,816.5873,816.5809,0.8331299,0.03271947
1.43769,1437,816.5873,816.5809,0.8331299,0.0109064905
1.43852,1438,816.5873,816.5809,0.8331299,0
1.44032,1439,816.5873,816.5808,0.883789063,-0.0163597353
1.44034,1440,816.5873,816.5808,0.841064453,-0.0272662267
1.44161,1441,816.5873,816.58075,0.891723633,-0.0272662267
1.44162,1442,816.5873,816.58075,0.848999,-0.03817272
1.44339,1443,816.5873,816.58075,0.848999,-0.0272662267
1.44527,1444,816.5873,816.58075,0.848999,-0.0272662267
1.44529,1445,816.5873,816.58075,0.848999,0
1.44654,1446,816.5873,816.58075,0.848999,0
1.44833,1447,816.5873,816.58075,0.848999,0
1.44835,1448,816.5873,816.58075,0.848999,0
1.44956,1449,816.5873,816.58075,0.848999,0
1.44958,1450,816.5873,816.58075,0.848999,0
1.45139,1451,816.5873,816.58075,0.848999,0
1.45321,1452,816.5873,816.58075,0.848999,0
1.45324,1453,816.5873,816.58075,0.848999,0
1.45447,1454,816.5873,816.58075,0.848999,0
1.45632,1455,816.5873,816.58075,0.848999,0
1.45635,1456,816.5873,816.5808,0.798339844,0
1.45757,1457,816.5873,816.5808,0.841064453,0
1.45758,1458,816.5873,816.5808,0.841064453,0.0109064905
1.45940,1459,816.5873,816.5809,0.7904053,0.0109064905
1.46125,1460,816.5873,816.5809,0.8331299,0.0109064905
1.46127,1461,816.5873,816.5809,0.8331299,0.0109064905
1.46248,1462,816.5873,816.5809,0.8331299,0.0109064905
1.46436,1463,816.5873,816.5809,0.8331299,0.0109064905
1.46439,1464,816.5873,816.5809,0.8331299,0.0109064905
1.46555,1465,816.5873,816.5809,0.8331299,0.0109064905
1.46557,1466,816.5873,816.5809,0.8331299,0.0109064905
1.46738,1467,816.5873,816.580933,0.7824707,0.0109064905
1.46923,1468,816.5873,816.580933,0.8251953,0.0109064905
1.46925,1469,816.5873,816.580933,0.8251953,0.0109064905
1.47078,1470,816.5873,816.580933,0.8251953,0.0109064905
1.47231,1471,816.5873,816.581055,0.723876953,0.0109064905
1.47232,1472,816.5873,816.581055,0.8093262,0.0109064905
1.47361,1473,816.5873,816.581055,0.8093262,0.0109064905
1.47364,1474,816.5873,816.581055,0.8093262,0.0109064905
1.47538,1475,816.5873,816.581055,0.8093262,0.0109064905
1.47723,1476,816.5873,816.581055,0.8093262,0.0109064905
1.47726,1477,816.5873,816.581055,0.8093262,0
1.47847,1478,816.5873,816.581055,0.8093262,0
1.48034,1479,816.5873,816.581055,0.8093262,0
1.48037,1480,816.5873,816.581055,0.8093262,-0.0163597353
1.48155,1481,816.5873,816.581055,0.8093262,-0.0163597353
1.48156,1482,816.5873,816.581055,0.8093262,-0.0163597353
1.48338,1483,816.5873,816.581055,0.8093262,0
1.48524,1484,816.5873,816.581055,0.8093262,0
1.48527,1485,816.5873,816.581055,0.8093262,0
1.48648,1486,816.5873,816.581055,0.8093262,0
1.48831,1487,816.5873,816.581055,0.8093262,0
1.48833,1488,816.5873,816.581055,0.8093262,0
1.48957,1489,816.5873,816.581055,0.8093262,0
1.48959,1490,816.5873,816.581055,0.8093262,0
1.49139,1491,816.5873,816.581055,0.8093262,0
1.49324,1492,816.5873,816.581055,0.8093262,0
1.49326,1493,816.5873,816.581055,0.8093262,0
1.49447,1494,816.5873,816.5812,0.7080078,0.0109064905
1.49635,1495,816.5873,816.5812,0.793457031,0.0109064905
1.49638,1496,816.5873,816.5812,0.793457031,0.0109064905
1.49755,1497,816.5873,816.5812,0.793457031,0.0109064905
1.49757,1498,816.5873,816.5812,0.793457031,0.021812981
1.49937,1499,816.5873,816.5812,0.793457031,0.021812981
1.50123,1500,816.5873,816.5813,0.6921387,0.021812981
1.50125,1501,816.5873,816.5813,0.7775879,0.021812981
1.50248,1502,816.5873,816.58136,0.7269287,0.021812981
1.50433,1503,816.5873,816.58136,0.7696533,0.021812981
1.50440,1504,816.5873,816.58136,0.7696533,0.0109064905
1.50559,1505,816.5873,816.58136,0.7696533,0
1.50561,1506,816.5873,816.58136,0.7696533,0
1.50741,1507,816.5873,816.58136,0.7696533,-0.0163597353
1.50925,1508,816.5873,816.5813,0.8203125,0
1.50928,1509,816.5873,816.5813,0.7775879,-0.0163597353
1.51047,1510,816.5873,816.5813,0.7775879,-0.0163597353
1.51232,1511,816.5873,816.5813,0.7775879,-0.0163597353
1.51235,1512,816.5873,816.5813,0.7775879,-0.0163597353
1.51356,1513,816.5873,816.5813,0.7775879,-0.0163597353
1.51358,1514,816.5873,816.5813,0.7775879,0
1.51538,1515,816.5873,816.5813,0.7775879,0
1.51723,1516,816.5873,816.5813,0.7775879,0
1.51727,1517,816.5873,816.5813,0.7775879,0
1.51848,1518,816.5873,816.5813,0.7775879,0
1.52030,1519,816.5873,816.5813,0.7775879,0
1.52032,1520,816.5873,816.5813,0.7775879,0
1.52158,1521,816.5873,816.5813,0.7775879,0
1.52162,1522,816.5873,816.5813,0.7775879,0
1.52340,1523,816.5873,816.5813,0.7775879,0
1.52527,1524,816.5873,816.58136,0.7269287,0
1.52529,1525,816.5873,816.58136,0.7696533,0
1.52648,1526,816.5873,816.58136,0.7696533,0.0109064905
1.52834,1527,816.5873,816.58136,0.7696533,0.0109064905
1.52836,1528,816.5873,816.58136,0.7696533,0.0109064905
1.52955,1529,816.5873,816.58136,0.7696533,0.0109064905
1.52957,1530,816.5873,816.58136,0.7696533,0.0109064905
1.53138,1531,816.5873,816.58136,0.7696533,0.0109064905
1.53322,1532,816.5873,816.58136,0.7696533,0.0109064905
1.53324,1533,816.5873,816.5815,0.668334961,0.0109064905
1.53447,1534,816.5873,816.5815,0.7537842,0.0109064905
1.53632,1535,816.5873,816.5815,0.7537842,0.0109064905
1.53634,1536,816.5873,816.5815,0.7537842,0.0109064905
1.53768,1537,816.5873,816.5815,0.7537842,0.0109064905
1.53771,1538,816.5873,816.5815,0.7537842,0.0109064905
1.53941,1539,816.5873,816.5815,0.7537842,0.0109064905
1.54125,1540,816.5873,816.5815,0.7537842,-0.0163597353
1.54127,1541,816.5873,816.5815,0.7537842,-0.0163597353
1.54247,1542,816.5873,816.5815,0.7537842,-0.0163597353
1.54433,1543,816.5873,816.5815,0.7537842,-0.0163597353
1.54436,1544,816.5873,816.5815,0.7537842,0
1.54555,1545,816.5873,816.5815,0.7537842,0
1.54556,1546,816.5873,816.5815,0.7537842,0
1.54743,1547,816.5873,816.5815,0.7537842,0
1.54923,1548,816.5873,816.5815,0.7537842,0
1.54926,1549,816.5873,816.5815,0.7537842,0
1.55053,1550,816.5873,816.5815,0.7537842,0
1.55234,1551,816.5873,816.5815,0.7537842,0
1.55237,1552,816.5873,816.5815,0.7537842,0
1.55357,1553,816.5873,816.5815,0.7537842,0
1.55359,1554,816.5873,816.5815,0.7537842,0
1.55540,1555,816.5873,816.5815,0.7537842,0
1.55725,1556,816.5873,816.5815,0.7537842,0
1.55727,1557,816.5873,816.5815,0.7537842,0
1.55848,1558,816.5873,816.5815,0.7537842,0.0109064905
1.56034,1559,816.5873,816.5815,0.7537842,0.0109064905
1.56037,1560,816.5873,816.5815,0.7537842,0.0109064905
1.56156,1561,816.5873,816.5815,0.7537842,0.021812981
1.56158,1562,816.5873,816.5815,0.7537842,0.0109064905
1.56340,1563,816.5873,816.5816,0.6524658,0.0109064905
1.56524,1564,816.5873,816.5816,0.737915039,0.0109064905
1.56527,1565,816.5873,816.5816,0.737915039,0.0109064905
1.56649,1566,816.5873,816.5817,0.6365967,0.0109064905
1.56835,1567,816.5873,816.5817,0.7220459,0.0109064905
1.56838,1568,816.5873,816.5817,0.7220459,0.0109064905
1.56955,1569,816.5873,816.5817,0.7220459,0.0109064905
1.56957,1570,816.5873,816.5817,0.7220459,0.0109064905
1.57140,1571,816.5873,816.5817,0.7220459,0
1.57334,1572,816.5873,816.5817,0.7220459,-0.0163597353
1.57338,1573,816.5873,816.5817,0.7220459,-0.0163597353
1.57447,1574,816.5873,816.5817,0.7220459,-0.0163597353
1.57634,1575,816.5873,816.5817,0.7220459,-0.0163597353
1.57636,1576,816.5873,816.5817,0.7220459,0
1.57756,1577,816.5873,816.5817,0.7220459,0
1.57758,1578,816.5873,816.5817,0.7220459,0
1.57938,1579,816.5873,816.5817,0.7220459,0
1.58123,1580,816.5873,816.5817,0.7220459,0
1.58126,1581,816.5873,816.5817,0.7220459,0
1.58248,1582,816.5873,816.5817,0.7220459,0
1.58434,1583,816.5873,816.5817,0.7220459,0
1.58437,1584,816.5873,816.5817,0.7220459,0
1.58555,1585,816.5873,816.5817,0.7220459,0
1.58556,1586,816.5873,816.5817,0.7220459,0
1.58761,1587,816.5873,816.5817,0.7220459,0
1.58924,1588,816.5873,816.5817,0.7220459,0
1.58928,1589,816.5873,816.5817,0.7220459,0
1.59050,1590,816.5873,816.5817,0.7220459,0
1.59237,1591,816.5873,816.5817,0.7220459,0
1.59248,1592,816.5873,816.5817,0.7220459,0
1.59357,1593,816.5873,816.5817,0.7220459,0
1.59359,1594,816.5873,816.5817,0.7220459,0
1.59545,1595,816.5873,816.5817,0.7220459,0
1.59727,1596,816.5873,816.5817,0.7220459,0
1.59729,1597,816.5873,816.5817,0.7220459,0
1.59847,1598,816.5873,816.5817,0.7220459,0
1.60033,1599,816.5873,816.5817,0.7220459,0.0109064905
1.60035,1600,816.5873,816.5817,0.7220459,0.0109064905
1.60156,1601,816.5873,816.5817,0.7220459,0.0109064905
1.60158,1602,816.5873,816.5817,0.7220459,0.0109064905
1.60341,1603,816.5873,816.5817,0.7220459,0.0109064905
1.60527,1604,816.5873,816.5818,0.6713867,0.0109064905
1.60531,1605,816.5873,816.5818,0.7141113,0.0109064905
1.60647,1606,816.5873,816.5818,0.7141113,0.0109064905
1.60829,1607,816.5873,816.5818,0.7141113,0.0109064905
1.60831,1608,816.5873,816.581848,0.663452148,0.0109064905
1.60958,1609,816.5873,816.581848,0.706176758,0.0109064905
1.60960,1610,816.5873,816.581848,0.706176758,0.0109064905
1.61142,1611,816.5873,816.581848,0.706176758,0.0109064905
1.61327,1612,816.5873,816.581848,0.706176758,0
1.61332,1613,816.5873,816.581848,0.706176758,0
1.61447,1614,816.5873,816.581848,0.706176758,0
1.61634,1615,816.5873,816.581848,0.706176758,-0.0163597353
1.61637,1616,816.5873,816.581848,0.706176758,-0.0163597353
1.61756,1617,816.5873,816.581848,0.706176758,0
1.61757,1618,816.5873,816.581848,0.706176758,0
1.61940,1619,816.5873,816.581848,0.706176758,0
1.62126,1620,816.5873,816.581848,0.706176758,0
1.62131,1621,816.5873,816.581848,0.706176758,0
1.62248,1622,816.5873,816.581848,0.706176758,0
1.62434,1623,816.5873,816.581848,0.706176758,0
1.62437,1624,816.5873,816.581848,0.706176758,0
1.62559,1625,816.5873,816.581848,0.706176758,0
1.62563,1626,816.5873,816.581848,0.706176758,0
1.62742,1627,816.5873,816.581848,0.706176758,0.0109064905
1.62928,1628,816.5873,816.581848,0.706176758,0.0109064905
1.62930,1629,816.5873,816.581848,0.706176758,0.0109064905
1.63047,1630,816.5873,816.5819,0.6555176,0.0109064905
1.63232,1631,816.5873,816.5819,0.6982422,0.0109064905
1.63237,1632,816.5873,816.582031,0.5969238,0.0109064905
1.63355,1633,816.5873,816.582031,0.682373047,0.0109064905
1.63356,1634,816.5873,816.582031,0.682373047,0.0109064905
1.63540,1635,816.5873,816.582031,0.682373047,0.0109064905
1.63760,1636,816.5873,816.582031,0.682373047,0.0109064905
1.63767,1637,816.5873,816.582031,0.682373047,0.0109064905
1.63849,1638,816.5873,816.582031,0.682373047,0.0109064905
1.64035,1639,816.5873,816.582031,0.682373047,0
1.64038,1640,816.5873,816.582031,0.682373047,-0.0163597353
1.64157,1641,816.5873,816.582031,0.682373047,-0.0163597353
1.64159,1642,816.5873,816.582031,0.682373047,-0.0163597353
1.64359,1643,816.5873,816.582031,0.682373047,-0.0163597353
1.64526,1644,816.5873,816.582031,0.682373047,0
1.64529,1645,816.5873,816.582031,0.682373047,0
1.64648,1646,816.5873,816.582031,0.682373047,0
1.64832,1647,816.5873,816.582031,0.682373047,0
1.64834,1648,816.5873,816.582031,0.682373047,0
1.64958,1649,816.5873,816.582031,0.682373047,0
1.64960,1650,816.5873,816.582031,0.682373047,0
1.65140,1651,816.5873,816.582031,0.682373047,0
1.65325,1652,816.5873,816.582031,0.682373047,0
1.65327,1653,816.5873,816.582031,0.682373047,0
1.65449,1654,816.5873,816.582031,0.682373047,0
1.65633,1655,816.5873,816.582031,0.682373047,0
1.65636,1656,816.5873,816.582031,0.682373047,0
1.65756,1657,816.5873,816.582031,0.682373047,0
1.65758,1658,816.5873,816.582031,0.682373047,0
1.65942,1659,816.5873,816.582031,0.682373047,0
1.66124,1660,816.5873,816.582031,0.682373047,0
1.66127,1661,816.5873,816.582031,0.682373047,0
1.66249,1662,816.5873,816.582031,0.682373047,0
1.66431,1663,816.5873,816.582031,0.682373047,0
1.66435,1664,816.5873,816.582031,0.682373047,0
1.66556,1665,816.5873,816.582031,0.682373047,0
1.66558,1666,816.5873,816.582031,0.682373047,0
1.66742,1667,816.5873,816.582031,0.682373047,0.0109064905
1.66924,1668,816.5873,816.582031,0.682373047,0.0109064905
1.66926,1669,816.5873,816.5821,0.631713867,0.0109064905
1.67066,1670,816.5873,816.5821,0.6744385,0.0109064905
1.67232,1671,816.5873,816.5821,0.6744385,0.0109064905
1.67234,1672,816.5873,816.582153,0.6237793,0.0109064905
1.67356,1673,816.5873,816.582153,0.6665039,0.0109064905
1.67358,1674,816.5873,816.582153,0.6665039,0.0109064905
1.67542,1675,816.5873,816.582153,0.6665039,0.0109064905
1.67725,1676,816.5873,816.582153,0.6665039,0.0109064905
1.67727,1677,816.5873,816.582153,0.6665039,0.0109064905
1.67847,1678,816.5873,816.582153,0.6665039,0.0109064905
1.68032,1679,816.5873,816.582153,0.6665039,0
1.68035,1680,816.5873,816.582153,0.6665039,-0.0163597353
1.68156,1681,816.5873,816.582153,0.6665039,-0.0163597353
1.68158,1682,816.5873,816.582153,0.6665039,-0.0163597353
1.68341,1683,816.5873,816.582153,0.6665039,-0.0163597353
1.68525,1684,816.5873,816.582153,0.6665039,0
1.68528,1685,816.5873,816.582153,0.6665039,0
1.68647,1686,816.5873,816.582153,0.6665039,0
1.68833,1687,816.5873,816.582153,0.6665039,0
1.68836,1688,816.5873,816.582153,0.6665039,0
1.68957,1689,816.5873,816.582153,0.6665039,0
1.68959,1690,816.5873,816.582153,0.6665039,0
1.69146,1691,816.5873,816.582153,0.6665039,0
1.69325,1692,816.5873,816.582153,0.6665039,0
1.69328,1693,816.5873,816.582153,0.6665039,0
1.69448,1694,816.5873,816.582153,0.6665039,0
1.69635,1695,816.5873,816.582153,0.6665039,0
1.69640,1696,816.5873,816.582153,0.6665039,0.0109064905
1.69756,1697,816.5873,816.5823,0.565185547,0.0109064905
1.69758,1698,816.5873,816.5823,0.650634766,0.0109064905
1.69941,1699,816.5873,816.5823,0.650634766,0.0109064905
1.70124,1700,816.5873,816.582336,0.5999756,0.0109064905
1.70128,1701,816.5873,816.582336,0.6427002,0.0109064905
1.70248,1702,816.5873,816.582336,0.6427002,0.0109064905
1.70434,1703,816.5873,816.582336,0.6427002,0
1.70437,1704,816.5873,816.582336,0.6427002,0
1.70557,1705,816.5873,816.582336,0.6427002,-0.0163597353
1.70559,1706,816.5873,816.5823,0.6933594,-0.0163597353
1.70744,1707,816.5873,816.5823,0.650634766,-0.0163597353
1.70926,1708,816.5873,816.5823,0.650634766,-0.0163597353
1.70928,1709,816.5873,816.5823,0.650634766,-0.0163597353
1.71047,1710,816.5873,816.5823,0.650634766,-0.0163597353
1.71232,1711,816.5873,816.5823,0.650634766,0
1.71237,1712,816.5873,816.5823,0.650634766,0
1.71357,1713,816.5873,816.5823,0.650634766,0
1.71358,1714,816.5873,816.5823,0.650634766,0
1.71542,1715,816.5873,816.5823,0.650634766,0
1.71724,1716,816.5873,816.5823,0.650634766,0
1.71727,1717,816.5873,816.582336,0.5999756,0
1.71846,1718,816.5873,816.582336,0.6427002,0.0109064905
1.72032,1719,816.5873,816.582336,0.6427002,0.0109064905
1.72035,1720,816.5873,816.582336,0.6427002,0.0109064905
1.72155,1721,816.5873,816.582336,0.6427002,0.0109064905
1.72158,1722,816.5873,816.582336,0.6427002,0.0109064905
1.72340,1723,816.5873,816.582336,0.6427002,0.0109064905
1.72524,1724,816.5873,816.582336,0.6427002,0.0109064905
1.72526,1725,816.5873,816.5824,0.592041,0.0109064905
1.72647,1726,816.5873,816.5824,0.6347656,0.0109064905
1.72833,1727,816.5873,816.5824,0.6347656,0.0109064905
1.72837,1728,816.5873,816.5824,0.6347656,0.0109064905
1.72956,1729,816.5873,816.582458,0.584106445,0.0109064905
1.72958,1730,816.5873,816.582458,0.626831055,0.0109064905
1.73141,1731,816.5873,816.582458,0.626831055,0
1.73323,1732,816.5873,816.582458,0.626831055,0
1.73326,1733,816.5873,816.5824,0.677490234,0
1.73449,1734,816.5873,816.5824,0.6347656,-0.0163597353
1.73631,1735,816.5873,816.5824,0.6347656,-0.0163597353
1.73634,1736,816.5873,816.5824,0.6347656,-0.0163597353
1.73774,1737,816.5873,816.5824,0.6347656,-0.0163597353
1.73777,1738,816.5873,816.5824,0.6347656,0
1.73943,1739,816.5873,816.5824,0.6347656,0
1.74123,1740,816.5873,816.5824,0.6347656,0
1.74126,1741,816.5873,816.5824,0.6347656,0
1.74248,1742,816.5873,816.5824,0.6347656,0
1.74432,1743,816.5873,816.5824,0.6347656,0
1.74435,1744,816.5873,816.5824,0.6347656,0
1.74555,1745,816.5873,816.582458,0.584106445,0
1.74557,1746,816.5873,816.582458,0.626831055,0
1.74741,1747,816.5873,816.582458,0.626831055,0.0109064905
1.74922,1748,816.5873,816.582458,0.626831055,0.0109064905
1.74924,1749,816.5873,816.582458,0.626831055,0.0109064905
1.75050,1750,816.5873,816.582458,0.626831055,0.0109064905
1.75232,1751,816.5873,816.582458,0.626831055,0.0109064905
1.75235,1752,816.5873,816.582458,0.626831055,0.0109064905
1.75359,1753,816.5873,816.582458,0.626831055,0.0109064905
1.75362,1754,816.5873,816.5826,0.5255127,0.0109064905
1.75544,1755,816.5873,816.5826,0.6109619,0.0109064905
1.75726,1756,816.5873,816.5826,0.6109619,0.0109064905
1.75729,1757,816.5873,816.5826,0.6109619,0.0109064905
1.75849,1758,816.5873,816.5826,0.6109619,0
1.76035,1759,816.5873,816.5826,0.6109619,0
1.76038,1760,816.5873,816.5826,0.6109619,-0.0163597353
1.76156,1761,816.5873,816.5826,0.6109619,-0.0163597353
1.76158,1762,816.5873,816.5826,0.6109619,0
1.76342,1763,816.5873,816.5826,0.6109619,0
1.76524,1764,816.5873,816.5826,0.6109619,0
1.76527,1765,816.5873,816.5826,0.6109619,0
1.76648,1766,816.5873,816.5826,0.6109619,0
1.76836,1767,816.5873,816.5826,0.6109619,0
1.76839,1768,816.5873,816.5826,0.6109619,0
1.76956,1769,816.5873,816.5826,0.6109619,0
1.76958,1770,816.5873,816.5826,0.6109619,0
1.77141,1771,816.5873,816.5826,0.6109619,0
1.77322,1772,816.5873,816.5826,0.6109619,0
1.77324,1773,816.5873,816.5826,0.6109619,0
1.77449,1774,816.5873,816.5826,0.6109619,0
1.77637,1775,816.5873,816.5826,0.6109619,0
1.77639,1776,816.5873,816.5826,0.6109619,0
1.77755,1777,816.5873,816.5826,0.6109619,0
1.77757,1778,816.5873,816.5826,0.6109619,0
1.77939,1779,816.5873,816.5826,0.6109619,0
1.78124,1780,816.5873,816.5826,0.6109619,0
1.78126,1781,816.5873,816.5826,0.6109619,0
1.78250,1782,816.5873,816.5826,0.6109619,0
1.78435,1783,816.5873,816.5826,0.6109619,0
1.78439,1784,816.5873,816.5826,0.6109619,0
1.78557,1785,816.5873,816.582642,0.560302734,0
1.78559,1786,816.5873,816.582642,0.603027344,0
1.78747,1787,816.5873,816.582642,0.603027344,0.0109064905
1.78926,1788,816.5873,816.582642,0.603027344,0.0109064905
1.78930,1789,816.5873,816.582642,0.603027344,0.0109064905
1.79047,1790,816.5873,816.582642,0.603027344,0.0109064905
1.79232,1791,816.5873,816.582642,0.603027344,0.0109064905
1.79235,1792,816.5873,816.582642,0.603027344,0.0109064905
1.79355,1793,816.5873,816.582642,0.603027344,0.0109064905
1.79356,1794,816.5873,816.5827,0.552368164,0.0109064905
1.79542,1795,816.5873,816.5827,0.5950928,0.0109064905
1.79721,1796,816.5873,816.5827,0.5950928,0.0109064905
1.79725,1797,816.5873,816.5827,0.5950928,0.0109064905
1.79849,1798,816.5873,816.5828,0.4937744,0.0109064905
1.80030,1799,816.5873,816.5828,0.579223633,0.0109064905
1.80032,1800,816.5873,816.5828,0.579223633,0.0109064905
1.80155,1801,816.5873,816.5828,0.579223633,0.0109064905
1.80157,1802,816.5873,816.5828,0.579223633,0
1.80342,1803,816.5873,816.5827,0.680542,-0.0163597353
1.80522,1804,816.5873,816.5827,0.5950928,-0.0163597353
1.80525,1805,816.5873,816.5827,0.5950928,-0.0272662267
1.80657,1806,816.5873,816.5827,0.5950928,-0.0163597353
1.80832,1807,816.5873,816.5827,0.5950928,-0.0163597353
1.80834,1808,816.5873,816.5827,0.5950928,0
1.80955,1809,816.5873,816.5827,0.5950928,0
1.80957,1810,816.5873,816.5827,0.5950928,0
1.81141,1811,816.5873,816.5827,0.5950928,0
1.81320,1812,816.5873,816.5827,0.5950928,0
1.81322,1813,816.5873,816.5828,0.4937744,0
1.81449,1814,816.5873,816.5828,0.579223633,0
1.81631,1815,816.5873,816.5828,0.579223633,0
1.81632,1816,816.5873,816.5828,0.579223633,0.0109064905
1.81758,1817,816.5873,816.5828,0.579223633,0.0109064905
1.81761,1818,816.5873,816.5828,0.579223633,0.0109064905
1.81942,1819,816.5873,816.5828,0.579223633,0.0109064905
1.82122,1820,816.5873,816.5828,0.579223633,0.0109064905
1.82123,1821,816.5873,816.5828,0.579223633,0.0109064905
1.82249,1822,816.5873,816.5829,0.528564453,0.0109064905
1.82431,1823,816.5873,816.5829,0.571289063,0.0109064905
1.82433,1824,816.5873,816.5829,0.571289063,0.0109064905
1.82556,1825,816.5873,816.583,0.4699707,0.0109064905
1.82558,1826,816.5873,816.583,0.5554199,0.0109064905
1.82742,1827,816.5873,816.583,0.5554199,0.0109064905
1.82922,1828,816.5873,816.583,0.5554199,0
1.82923,1829,816.5873,816.5829,0.6567383,0
1.83049,1830,816.5873,816.5829,0.571289063,-0.0163597353
1.83230,1831,816.5873,816.5829,0.571289063,-0.0272662267
1.83232,1832,816.5873,816.5829,0.571289063,-0.0163597353
1.83355,1833,816.5873,816.5829,0.571289063,-0.0163597353
1.83357,1834,816.5873,816.5829,0.571289063,-0.0163597353
1.83541,1835,816.5873,816.5829,0.571289063,0
1.83750,1836,816.5873,816.5829,0.571289063,0
1.83755,1837,816.5873,816.5829,0.571289063,0
1.83850,1838,816.5873,816.5829,0.571289063,0
1.84031,1839,816.5873,816.5829,0.571289063,0
1.84033,1840,816.5873,816.583,0.4699707,0
1.84157,1841,816.5873,816.583,0.5554199,0
1.84158,1842,816.5873,816.583,0.5554199,0
1.84338,1843,816.5873,816.583,0.5554199,0.0109064905
1.84521,1844,816.5873,816.583,0.5554199,0
1.84522,1845,816.5873,816.583,0.5554199,0.0109064905
1.84648,1846,816.5873,816.583,0.5554199,0.0109064905
1.84832,1847,816.5873,816.583,0.5554199,0.0109064905
1.84834,1848,816.5873,816.583,0.5554199,0.0109064905
1.84956,1849,816.5873,816.583,0.5554199,0.0109064905
1.84958,1850,816.5873,816.583,0.5554199,0.0109064905
1.85140,1851,816.5873,816.583,0.5554199,0.0109064905
1.85321,1852,816.5873,816.583,0.5554199,0.0109064905
1.85323,1853,816.5873,816.583,0.5554199,0.0109064905
1.85450,1854,816.5873,816.5831,0.454101563,0.0109064905
1.85631,1855,816.5873,816.5831,0.5395508,0.0109064905
1.85632,1856,816.5873,816.5831,0.5395508,0.0109064905
1.85756,1857,816.5873,816.5831,0.5395508,0.0109064905
1.85757,1858,816.5873,816.5831,0.5395508,0.0109064905
1.85939,1859,816.5873,816.5831,0.5395508,0.0109064905
1.86126,1860,816.5873,816.5831,0.5395508,0
1.86128,1861,816.5873,816.5831,0.5395508,0
1.86248,1862,816.5873,816.5831,0.5395508,-0.0163597353
1.86433,1863,816.5873,816.5831,0.5395508,-0.0163597353
1.86435,1864,816.5873,816.5831,0.5395508,0
1.86559,1865,816.5873,816.5831,0.5395508,0
1.86562,1866,816.5873,816.5831,0.5395508,0
1.86738,1867,816.5873,816.5831,0.5395508,0
1.86923,1868,816.5873,816.5831,0.5395508,0
1.86925,1869,816.5873,816.5831,0.5395508,0
1.87071,1870,816.5873,816.5831,0.5395508,0
1.87237,1871,816.5873,816.5831,0.5395508,0
1.87240,1872,816.5873,816.5831,0.5395508,0
1.87358,1873,816.5873,816.5831,0.5395508,0
1.87359,1874,816.5873,816.5831,0.5395508,0.0109064905
1.87539,1875,816.5873,816.5831,0.5395508,0.0109064905
1.87724,1876,816.5873,816.5831,0.5395508,0.0109064905
1.87726,1877,816.5873,816.5832,0.4888916,0.0109064905
1.87853,1878,816.5873,816.5832,0.5316162,0.0109064905
1.88032,1879,816.5873,816.5833,0.430297852,0.0109064905
1.88035,1880,816.5873,816.5833,0.5157471,0.0109064905
1.88156,1881,816.5873,816.5833,0.5157471,0.0109064905
1.88158,1882,816.5873,816.5833,0.5157471,0.0109064905
1.88338,1883,816.5873,816.5833,0.5157471,0.0109064905
1.88521,1884,816.5873,816.5833,0.5157471,0.0109064905
1.88522,1885,816.5873,816.5833,0.5157471,0.0109064905
1.88649,1886,816.5873,816.5833,0.5157471,0.0109064905
1.88831,1887,816.5873,816.5833,0.5157471,0.0109064905
1.88832,1888,816.5873,816.5834,0.4650879,0.0109064905
1.88959,1889,816.5873,816.5834,0.5078125,0.0109064905
1.88961,1890,816.5873,816.5834,0.5078125,0.0109064905
1.89139,1891,816.5873,816.5834,0.5078125,0.0109064905
1.89322,1892,816.5873,816.5834,0.5078125,0
1.89323,1893,816.5873,816.5834,0.5078125,0
1.89451,1894,816.5873,816.5834,0.5078125,-0.0163597353
1.89631,1895,816.5873,816.5833,0.5584717,-0.0163597353
1.89634,1896,816.5873,816.5833,0.5157471,-0.0163597353
1.89756,1897,816.5873,816.5833,0.5157471,-0.0163597353
1.89758,1898,816.5873,816.5833,0.5157471,-0.0163597353
1.89940,1899,816.5873,816.5833,0.5157471,-0.0163597353
1.90126,1900,816.5873,816.5833,0.5157471,0
1.90129,1901,816.5873,816.5833,0.5157471,0
1.90247,1902,816.5873,816.5833,0.5157471,0
1.90436,1903,816.5873,816.5833,0.5157471,0
1.90440,1904,816.5873,816.5833,0.5157471,0
1.90562,1905,816.5873,816.583435,0.4144287,0
1.90565,1906,816.5873,816.583435,0.49987793,0.0109064905
1.90739,1907,816.5873,816.583435,0.49987793,0.0109064905
1.90922,1908,816.5873,816.583435,0.49987793,0.021812981
1.90924,1909,816.5873,816.583435,0.49987793,0.021812981
1.91049,1910,816.5873,816.5836,0.3479004,0.021812981
1.91229,1911,816.5873,816.5836,0.476074219,0.021812981
1.91233,1912,816.5873,816.5836,0.476074219,0.03271947
1.91358,1913,816.5873,816.5836,0.476074219,0.03271947
1.91361,1914,816.5873,816.5837,0.425415039,0.03271947
1.91538,1915,816.5873,816.58374,0.417480469,0.03271947
1.91720,1916,816.5873,816.58374,0.460205078,0.03271947
1.91722,1917,816.5873,816.58374,0.460205078,0.03271947
1.91848,1918,816.5873,816.583862,0.358886719,0.03271947
1.92030,1919,816.5873,816.583862,0.444335938,0.03271947
1.92034,1920,816.5873,816.583862,0.444335938,0.021812981
1.92162,1921,816.5873,816.5839,0.393676758,0.0109064905
1.92165,1922,816.5873,816.5839,0.436401367,0.0109064905
1.92340,1923,816.5873,816.5839,0.436401367,0
1.92522,1924,816.5873,816.5839,0.436401367,0.0109064905
1.92524,1925,816.5873,816.5839,0.436401367,0.0109064905
1.92646,1926,816.5873,816.5839,0.436401367,0
1.92830,1927,816.5873,816.5839,0.436401367,0
1.92832,1928,816.5873,816.5839,0.436401367,0
1.92956,1929,816.5873,816.5839,0.436401367,0
1.92958,1930,816.5873,816.5839,0.436401367,0
1.93138,1931,816.5873,816.5839,0.436401367,-0.0163597353
1.93322,1932,816.5873,816.5839,0.436401367,-0.0163597353
1.93323,1933,816.5873,816.5839,0.436401367,-0.0163597353
1.93446,1934,816.5873,816.5839,0.436401367,-0.0163597353
1.93629,1935,816.5873,816.5839,0.436401367,0
1.93632,1936,816.5873,816.5839,0.436401367,0
1.93765,1937,816.5873,816.5839,0.436401367,0
1.93769,1938,816.5873,816.5839,0.436401367,0
1.93940,1939,816.5873,816.5839,0.436401367,0
1.94123,1940,816.5873,816.5839,0.436401367,0
1.94127,1941,816.5873,816.5839,0.436401367,0
1.94247,1942,816.5873,816.5839,0.436401367,0
1.94429,1943,816.5873,816.5839,0.436401367,0.0109064905
1.94430,1944,816.5873,816.584,0.3857422,0.0109064905
1.94557,1945,816.5873,816.5841,0.327148438,0.021812981
1.94561,1946,816.5873,816.5841,0.412597656,0.03271947
1.94738,1947,816.5873,816.584167,0.361938477,0.03271947
1.94925,1948,816.5873,816.5842,0.3540039,0.043625962
1.94928,1949,816.5873,816.5842,0.396728516,0.043625962
1.95046,1950,816.5873,816.5843,0.346069336,0.043625962
1.95229,1951,816.5873,816.5844,0.2874756,0.043625962
1.95230,1952,816.5873,816.5844,0.3729248,0.0545324534
1.95356,1953,816.5873,816.584534,0.271606445,0.0545324534
1.95357,1954,816.5873,816.584534,0.357055664,0.0545324534
1.95540,1955,816.5873,816.584656,0.2557373,0.0545324534
1.95723,1956,816.5873,816.5847,0.290527344,0.0545324534
1.95725,1957,816.5873,816.5847,0.333251953,0.0545324534
1.95846,1958,816.5873,816.584839,0.2319336,0.0545324534
1.96031,1959,816.5873,816.584839,0.3173828,0.0545324534
1.96034,1960,816.5873,816.584839,0.3173828,0.0545324534
1.96156,1961,816.5873,816.584961,0.216064453,0.0545324534
1.96158,1962,816.5873,816.585,0.2508545,0.0545324534
1.96338,1963,816.5873,816.585,0.2935791,0.0545324534
1.96522,1964,816.5873,816.585144,0.192260742,0.043625962
1.96523,1965,816.5873,816.585144,0.277709961,0.043625962
1.96648,1966,816.5873,816.585144,0.277709961,0.021812981
1.96829,1967,816.5873,816.5852,0.227050781,0.021812981
1.96830,1968,816.5873,816.5852,0.2697754,0.0109064905
1.96957,1969,816.5873,816.585,0.42175293,0
1.96958,1970,816.5873,816.585144,0.192260742,-0.0163597353
1.97141,1971,816.5873,816.585,0.37902832,-0.0163597353
1.97325,1972,816.5873,816.585,0.2935791,-0.03817272
1.97328,1973,816.5873,816.585,0.2935791,-0.03817272
1.97447,1974,816.5873,816.585,0.2935791,-0.0272662267
1.97629,1975,816.5873,816.585,0.2935791,-0.03817272
1.97630,1976,816.5873,816.584961,0.344238281,-0.0163597353
1.97756,1977,816.5873,816.584961,0.301513672,-0.0272662267
1.97758,1978,816.5873,816.584961,0.301513672,-0.0163597353
1.97938,1979,816.5873,816.584961,0.301513672,-0.0163597353
1.98124,1980,816.5873,816.584961,0.301513672,-0.0163597353
1.98126,1981,816.5873,816.584961,0.301513672,0
1.98247,1982,816.5873,816.584961,0.301513672,0
1.98431,1983,816.5873,816.584961,0.301513672,0
1.98433,1984,816.5873,816.584961,0.301513672,0
1.98556,1985,816.5873,816.584961,0.301513672,0
1.98557,1986,816.5873,816.585,0.2508545,0
1.98746,1987,816.5873,816.585,0.2935791,0
1.98922,1988,816.5873,816.585,0.2935791,0.0109064905
1.98925,1989,816.5873,816.585,0.2935791,0.0109064905
1.99049,1990,816.5873,816.585,0.2935791,0.0109064905
1.99231,1991,816.5873,816.585,0.2935791,0.0109064905
1.99235,1992,816.5873,816.585,0.2935791,0.0109064905
1.99356,1993,816.5873,816.585,0.2935791,0
1.99358,1994,816.5873,816.585,0.2935791,0
1.99539,1995,816.5873,816.585,0.2935791,0
1.99723,1996,816.5873,816.585,0.2935791,0
1.99725,1997,816.5873,816.585,0.2935791,0
1.99852,1998,816.5873,816.585,0.2935791,0
2.00030,1999,816.5873,816.585,0.2935791,0
2.00031,2000,816.5873,816.585,0.2935791,0
2.00156,2001,816.5873,816.585,0.2935791,0
2.00158,2002,816.5873,816.585,0.2935791,0
2.00342,2003,816.5873,816.585,0.2935791,0
2.00524,2004,816.5873,816.585,0.2935791,0
2.00527,2005,816.5873,816.585,0.2935791,0
2.00648,2006,816.5873,816.585,0.2935791,0
2.00833,2007,816.5873,816.585,0.2935791,0
2.00836,2008,816.5873,816.585,0.2935791,0
2.00956,2009,816.5873,816.585,0.2935791,0
2.00957,2010,816.5873,816.585,0.2935791,0
2.01139,2011,816.5873,816.585,0.2935791,0
2.01323,2012,816.5873,816.585,0.2935791,0
2.01325,2013,816.5873,816.585,0.2935791,0
2.01449,2014,816.5873,816.585,0.2935791,0
2.01632,2015,816.5873,816.585,0.2935791,0
2.01634,2016,816.5873,816.585,0.2935791,0
2.01757,2017,816.5873,816.585,0.2935791,0
2.01760,2018,816.5873,816.585,0.2935791,0
2.01941,2019,816.5873,816.585,0.2935791,0
2.02129,2020,816.5873,816.585,0.2935791,0
2.02133,2021,816.5873,816.585,0.2935791,0
2.02249,2022,816.5873,816.585,0.2935791,0
2.02434,2023,816.5873,816.585,0.2935791,0
2.02436,2024,816.5873,816.585,0.2935791,0
2.02556,2025,816.5873,816.585,0.2935791,0
2.02558,2026,816.5873,816.585,0.2935791,0
2.02738,2027,816.5873,816.585,0.2935791,0
2.02925,2028,816.5873,816.585,0.2935791,0
2.02928,2029,816.5873,816.585,0.2935791,0
2.03047,2030,816.5873,816.585,0.2935791,0
2.03232,2031,816.5873,816.585,0.2935791,0
2.03234,2032,816.5873,816.585,0.2935791,0
2.03357,2033,816.5873,816.585144,0.192260742,0.0109064905
2.03358,2034,816.5873,816.585144,0.277709961,0.0109064905
2.03539,2035,816.5873,816.585144,0.277709961,0.0109064905
2.03757,2036,816.5873,816.585144,0.277709961,0.0109064905
2.03762,2037,816.5873,816.5852,0.227050781,0.0109064905
2.03852,2038,816.5873,816.5852,0.2697754,0.0109064905
2.04032,2039,816.5873,816.585144,0.32043457,-0.0163597353
2.04035,2040,816.5873,816.585144,0.277709961,-0.0163597353
2.04156,2041,816.5873,816.585144,0.277709961,-0.0163597353
2.04157,2042,816.5873,816.585144,0.277709961,-0.0272662267
2.04342,2043,816.5873,816.585144,0.277709961,0
2.04525,2044,816.5873,816.585144,0.277709961,0
2.04528,2045,816.5873,816.585144,0.277709961,0
2.04646,2046,816.5873,816.585144,0.277709961,0
2.04833,2047,816.5873,816.585144,0.277709961,0
2.04835,2048,816.5873,816.585144,0.277709961,0
2.04957,2049,816.5873,816.585144,0.277709961,0
2.04958,2050,816.5873,816.585144,0.277709961,0
2.05142,2051,816.5873,816.585144,0.277709961,0
2.05323,2052,816.5873,816.585144,0.277709961,0
2.05326,2053,816.5873,816.585144,0.277709961,0
2.05454,2054,816.5873,816.585144,0.277709961,0
2.05636,2055,816.5873,816.585144,0.277709961,0
2.05639,2056,816.5873,816.585144,0.277709961,0
2.05756,2057,816.5873,816.585144,0.277709961,0
2.05758,2058,816.5873,816.585144,0.277709961,0
2.05939,2059,816.5873,816.585144,0.277709961,0
2.06126,2060,816.5873,816.585144,0.277709961,0
2.06128,2061,816.5873,816.585144,0.277709961,0
2.06247,2062,816.5873,816.585144,0.277709961,0
2.06431,2063,816.5873,816.585144,0.277709961,0
2.06436,2064,816.5873,816.585144,0.277709961,0
2.06556,2065,816.5873,816.585144,0.277709961,0
2.06557,2066,816.5873,816.585144,0.277709961,0
2.06740,2067,816.5873,816.585144,0.277709961,0
2.06923,2068,816.5873,816.585144,0.277709961,0
2.06926,2069,816.5873,816.585144,0.277709961,0
2.07065,2070,816.5873,816.585144,0.277709961,0
2.07232,2071,816.5873,816.585144,0.277709961,0
2.07235,2072,816.5873,816.585144,0.277709961,0
2.07355,2073,816.5873,816.585144,0.277709961,0
2.07357,2074,816.5873,816.585144,0.277709961,0
2.07541,2075,816.5873,816.585144,0.277709961,0
2.07724,2076,816.5873,816.585144,0.277709961,0
2.07727,2077,816.5873,816.585144,0.277709961,0
2.07847,2078,816.5873,816.585144,0.277709961,0
2.08033,2079,816.5873,816.5852,0.227050781,0
2.08036,2080,816.5873,816.5852,0.2697754,0.0109064905
2.08155,2081,816.5873,816.5852,0.2697754,0.0109064905
2.08157,2082,816.5873,816.5852,0.2697754,0.0109064905
2.08340,2083,816.5873,816.5852,0.2697754,0.0109064905
2.08525,2084,816.5873,816.5852,0.2697754,0.0109064905
2.08529,2085,816.5873,816.5852,0.2697754,0.0109064905
2.08647,2086,816.5873,816.5852,0.2697754,0.0109064905
2.08831,2087,816.5873,816.5852,0.2697754,0.0109064905
2.08833,2088,816.5873,816.5852,0.2697754,0
2.08961,2089,816.5873,816.5852,0.2697754,0
2.08965,2090,816.5873,816.5852,0.2697754,-0.0163597353
2.09141,2091,816.5873,816.5852,0.2697754,-0.0163597353
2.09325,2092,816.5873,816.5852,0.2697754,0
2.09327,2093,816.5873,816.5852,0.2697754,0
2.09448,2094,816.5873,816.5852,0.2697754,0
2.09635,2095,816.5873,816.5852,0.2697754,0
2.09638,2096,816.5873,816.5852,0.2697754,0
2.09755,2097,816.5873,816.5852,0.2697754,0
2.09756,2098,816.5873,816.5852,0.2697754,0
2.09940,2099,816.5873,816.5852,0.2697754,0
2.10125,2100,816.5873,816.5852,0.2697754,0
2.10127,2101,816.5873,816.5852,0.2697754,0
2.10250,2102,816.5873,816.5852,0.2697754,0
2.10440,2103,816.5873,816.5852,0.2697754,0
2.10444,2104,816.5873,816.5852,0.2697754,0
2.10557,2105,816.5873,816.5852,0.2697754,0
2.10558,2106,816.5873,816.5852,0.2697754,0
2.10743,2107,816.5873,816.5852,0.2697754,0
2.10925,2108,816.5873,816.5852,0.2697754,0
2.10928,2109,816.5873,816.5852,0.2697754,0
2.11047,2110,816.5873,816.5852,0.2697754,0
2.11231,2111,816.5873,816.5852,0.2697754,0
2.11234,2112,816.5873,816.5852,0.2697754,0
2.11356,2113,816.5873,816.5852,0.2697754,0
2.11357,2114,816.5873,816.5852,0.2697754,0
2.11545,2115,816.5873,816.5852,0.2697754,0
2.11724,2116,816.5873,816.5852,0.2697754,0
2.11726,2117,816.5873,816.585266,0.219116211,0
2.11848,2118,816.5873,816.585266,0.26184082,0
2.12032,2119,816.5873,816.585266,0.26184082,0.0109064905
2.12035,2120,816.5873,816.5854,0.160522461,0.0109064905
2.12158,2121,816.5873,816.5854,0.24597168,0.0109064905
2.12166,2122,816.5873,816.5854,0.24597168,0.0109064905
2.12344,2123,816.5873,816.5854,0.24597168,0.0109064905
2.12526,2124,816.5873,816.5854,0.24597168,0
2.12529,2125,816.5873,816.5854,0.24597168,0
2.12649,2126,816.5873,816.5854,0.24597168,0
2.12834,2127,816.5873,816.5854,0.24597168,-0.0163597353
2.12837,2128,816.5873,816.5854,0.24597168,0
2.12956,2129,816.5873,816.5854,0.24597168,0
2.12957,2130,816.5873,816.5854,0.24597168,0
2.13142,2131,816.5873,816.5854,0.24597168,-0.0163597353
2.13323,2132,816.5873,816.5854,0.24597168,-0.0163597353
2.13327,2133,816.5873,816.5854,0.24597168,-0.0163597353
2.13448,2134,816.5873,816.5854,0.24597168,-0.0163597353
2.13631,2135,816.5873,816.5854,0.24597168,0
2.13635,2136,816.5873,816.5854,0.24597168,0
2.13767,2137,816.5873,816.5854,0.24597168,0
2.13770,2138,816.5873,816.5854,0.24597168,0
2.13941,2139,816.5873,816.5854,0.24597168,0
2.14124,2140,816.5873,816.5854,0.24597168,0
2.14127,2141,816.5873,816.5854,0.24597168,0
2.14248,2142,816.5873,816.5854,0.24597168,0
2.14434,2143,816.5873,816.5854,0.24597168,0
2.14436,2144,816.5873,816.5854,0.24597168,0
2.14555,2145,816.5873,816.5854,0.24597168,0
2.14556,2146,816.5873,816.5854,0.24597168,0
2.14739,2147,816.5873,816.5854,0.24597168,0
2.14924,2148,816.5873,816.5854,0.24597168,0
2.14927,2149,816.5873,816.5854,0.24597168,0
2.15047,2150,816.5873,816.5854,0.24597168,0
2.15234,2151,816.5873,816.5854,0.24597168,0
2.15237,2152,816.5873,816.5854,0.24597168,0
2.15361,2153,816.5873,816.5854,0.24597168,0
2.15364,2154,816.5873,816.5854,0.24597168,0
2.15544,2155,816.5873,816.5854,0.24597168,0
2.15724,2156,816.5873,816.5854,0.24597168,0
2.15727,2157,816.5873,816.5854,0.24597168,0
2.15847,2158,816.5873,816.5854,0.24597168,0
2.16033,2159,816.5873,816.5854,0.24597168,0
2.16035,2160,816.5873,816.5854,0.24597168,0
2.16155,2161,816.5873,816.5854,0.24597168,0
2.16157,2162,816.5873,816.5854,0.24597168,0
2.16340,2163,816.5873,816.5854,0.24597168,0
2.16523,2164,816.5873,816.5854,0.24597168,0
2.16527,2165,816.5873,816.5854,0.24597168,0
2.16651,2166,816.5873,816.5854,0.24597168,0
2.16831,2167,816.5873,816.5854,0.24597168,0
2.16835,2168,816.5873,816.5854,0.24597168,0
2.16958,2169,816.5873,816.5854,0.24597168,0
2.16960,2170,816.5873,816.5854,0.24597168,0
2.17141,2171,816.5873,816.5854,0.24597168,0
2.17322,2172,816.5873,816.5854,0.24597168,0
2.17325,2173,816.5873,816.5854,0.24597168,0
2.17447,2174,816.5873,816.5854,0.24597168,0
2.17634,2175,816.5873,816.5854,0.24597168,0
2.17637,2176,816.5873,816.5854,0.24597168,0
2.17756,2177,816.5873,816.5854,0.24597168,0
2.17757,2178,816.5873,816.5854,0.24597168,0
2.17940,2179,816.5873,816.5854,0.24597168,0
2.18124,2180,816.5873,816.5854,0.24597168,0
2.18126,2181,816.5873,816.5854,0.24597168,0
2.18247,2182,816.5873,816.5854,0.24597168,0
2.18432,2183,816.5873,816.5854,0.24597168,0
2.18435,2184,816.5873,816.5854,0.24597168,0
2.18556,2185,816.5873,816.5854,0.24597168,0
2.18559,2186,816.5873,816.5854,0.24597168,0
2.18757,2187,816.5873,816.5854,0.24597168,0
2.18923,2188,816.5873,816.5854,0.24597168,0
2.18925,2189,816.5873,816.5854,0.24597168,0
2.19050,2190,816.5873,816.5854,0.24597168,0
2.19233,2191,816.5873,816.5854,0.24597168,0
2.19237,2192,816.5873,816.5854,0.24597168,0.0109064905
2.19357,2193,816.5873,816.5854,0.24597168,0.0109064905
2.19359,2194,816.5873,816.5854,0.24597168,0.0109064905
2.19542,2195,816.5873,816.5854,0.24597168,0.0109064905
2.19723,2196,816.5873,816.5854,0.24597168,0.0109064905
2.19725,2197,816.5873,816.585449,0.1953125,0.0109064905
2.19847,2198,816.5873,816.585449,0.238037109,0.0109064905
2.20033,2199,816.5873,816.585449,0.238037109,0.0109064905
2.20036,2200,816.5873,816.5855,0.18737793,0.0109064905
2.20157,2201,816.5873,816.5855,0.230102539,0.0109064905
2.20160,2202,816.5873,816.5855,0.230102539,0
2.20342,2203,816.5873,816.5855,0.230102539,0
2.20524,2204,816.5873,816.5855,0.230102539,-0.0163597353
2.20526,2205,816.5873,816.5855,0.230102539,-0.0163597353
2.20648,2206,816.5873,816.585449,0.280761719,-0.0163597353
2.20834,2207,816.5873,816.585449,0.238037109,-0.0163597353
2.20838,2208,816.5873,816.585449,0.238037109,-0.0163597353
2.20955,2209,816.5873,816.585449,0.238037109,-0.0163597353
2.20957,2210,816.5873,816.585449,0.238037109,-0.0163597353
2.21142,2211,816.5873,816.585449,0.238037109,0
2.21325,2212,816.5873,816.585449,0.238037109,0
2.21327,2213,816.5873,816.585449,0.238037109,0
2.21449,2214,816.5873,816.585449,0.238037109,0
2.21631,2215,816.5873,816.585449,0.238037109,0
2.21632,2216,816.5873,816.585449,0.238037109,0
2.21762,2217,816.5873,816.585449,0.238037109,0
2.21765,2218,816.5873,816.585449,0.238037109,0
2.21942,2219,816.5873,816.585449,0.238037109,0
2.22124,2220,816.5873,816.585449,0.238037109,0
2.22125,2221,816.5873,816.585449,0.238037109,0
2.22249,2222,816.5873,816.585449,0.238037109,0
2.22434,2223,816.5873,816.585449,0.238037109,0
2.22436,2224,816.5873,816.585449,0.238037109,0
2.22557,2225,816.5873,816.585449,0.238037109,0
2.22561,2226,816.5873,816.5855,0.18737793,0
2.22740,2227,816.5873,816.5855,0.230102539,0
2.22924,2228,816.5873,816.5855,0.230102539,0.0109064905
2.22927,2229,816.5873,816.5855,0.230102539,0.0109064905
2.23047,2230,816.5873,816.5855,0.230102539,0.0109064905
2.23233,2231,816.5873,816.5855,0.230102539,0.0109064905
2.23236,2232,816.5873,816.5855,0.230102539,0.0109064905
2.23358,2233,816.5873,816.5855,0.230102539,0.0109064905
2.23360,2234,816.5873,816.5855,0.230102539,0.0109064905
2.23539,2235,816.5873,816.5855,0.230102539,0.0109064905
2.23754,2236,816.5873,816.5855,0.230102539,0
2.23759,2237,816.5873,816.5855,0.230102539,0
2.23848,2238,816.5873,816.5855,0.230102539,-0.0163597353
2.24035,2239,816.5873,816.5855,0.230102539,-0.0163597353
2.24037,2240,816.5873,816.5855,0.230102539,0
2.24156,2241,816.5873,816.5855,0.230102539,0
2.24157,2242,816.5873,816.5855,0.230102539,0
2.24343,2243,816.5873,816.5855,0.230102539,0
2.24522,2244,816.5873,816.5855,0.230102539,0
2.24525,2245,816.5873,816.5855,0.230102539,0
2.24647,2246,816.5873,816.5855,0.230102539,0
2.24832,2247,816.5873,816.5855,0.230102539,0
2.24834,2248,816.5873,816.5855,0.230102539,0
2.24956,2249,816.5873,816.5855,0.230102539,0
2.24957,2250,816.5873,816.5855,0.230102539,0
2.25141,2251,816.5873,816.5855,0.230102539,0
2.25324,2252,816.5873,816.5855,0.230102539,0
2.25327,2253,816.5873,816.5855,0.230102539,0
2.25448,2254,816.5873,816.5855,0.230102539,0
2.25633,2255,816.5873,816.5855,0.230102539,0
2.25635,2256,816.5873,816.5855,0.230102539,0
2.25757,2257,816.5873,816.5855,0.230102539,0
2.25758,2258,816.5873,816.5855,0.230102539,0
2.25945,2259,816.5873,816.5855,0.230102539,0
2.26124,2260,816.5873,816.5855,0.230102539,0
2.26127,2261,816.5873,816.5855,0.230102539,0
2.26246,2262,816.5873,816.5855,0.230102539,0
2.26433,2263,816.5873,816.5855,0.230102539,0
2.26435,2264,816.5873,816.5855,0.230102539,0
2.26560,2265,816.5873,816.5855,0.230102539,0
2.26564,2266,816.5873,816.5855,0.230102539,0
2.26743,2267,816.5873,816.5855,0.230102539,0
2.26921,2268,816.5873,816.5855,0.230102539,0
2.26923,2269,816.5873,816.5856,0.179443359,0.0109064905
2.27066,2270,816.5873,816.5856,0.222167969,0.0109064905
2.27233,2271,816.5873,816.5857,0.120849609,0.0109064905
2.27237,2272,816.5873,816.5857,0.206298828,0.0109064905
2.27360,2273,816.5873,816.5857,0.206298828,0.0109064905
2.27362,2274,816.5873,816.5857,0.206298828,0.0109064905
2.27543,2275,816.5873,816.5857,0.206298828,0
2.27722,2276,816.5873,816.5857,0.206298828,-0.0163597353
2.27724,2277,816.5873,816.5857,0.206298828,-0.0163597353
2.27847,2278,816.5873,816.5856,0.3076172,-0.0272662267
2.28033,2279,816.5873,816.5856,0.222167969,-0.0163597353
2.28035,2280,816.5873,816.5856,0.222167969,-0.0163597353
2.28157,2281,816.5873,816.5856,0.222167969,-0.0163597353
2.28158,2282,816.5873,816.5856,0.222167969,-0.0163597353
2.28342,2283,816.5873,816.5856,0.222167969,0
2.28522,2284,816.5873,816.5856,0.222167969,0
2.28523,2285,816.5873,816.5856,0.222167969,0
2.28649,2286,816.5873,816.5856,0.222167969,0
2.28837,2287,816.5873,816.5856,0.222167969,0
2.28841,2288,816.5873,816.5856,0.222167969,0
2.28956,2289,816.5873,816.5857,0.120849609,0
2.28958,2290,816.5873,816.5857,0.206298828,0
2.29142,2291,816.5873,816.5857,0.206298828,0
2.29321,2292,816.5873,816.5857,0.206298828,0
2.29323,2293,816.5873,816.5857,0.206298828,0
2.29450,2294,816.5873,816.5857,0.206298828,0
2.29635,2295,816.5873,816.5857,0.206298828,0
2.29638,2296,816.5873,816.5857,0.206298828,0
2.29759,2297,816.5873,816.5857,0.206298828,0
2.29760,2298,816.5873,816.5857,0.206298828,0
2.29942,2299,816.5873,816.5857,0.206298828,0
2.30122,2300,816.5873,816.5857,0.206298828,0
