t,n,A,B,C,D
0.00082,0,807.794434,807.794434,0,0
0.00196,1,807.794434,807.794434,0,0
0.00379,2,807.794434,807.794434,0,0
0.00383,3,807.794434,807.794434,0,0
0.00499,4,807.794434,807.794434,0,0
0.00501,5,807.794434,807.794434,0,0
0.00685,6,807.794434,807.794434,0,0
0.00866,7,807.794434,807.794434,0,0
0.00869,8,807.794434,807.794434,0,0
0.00997,9,807.794434,807.794434,0,0
0.01204,10,807.794434,807.794434,0,0
0.01210,11,807.794434,807.794434,0,0
0.01302,12,807.794434,807.794434,0,0
0.01305,13,807.794434,807.794434,0,0
0.01487,14,807.794434,807.794434,0,0
0.01667,15,807.794434,807.794434,0,0
0.01671,16,807.794434,807.794434,0,0
0.01796,17,807.794434,807.794434,0,0
0.01977,18,807.794434,807.794434,0,0
0.01979,19,807.794434,807.794434,0,0
0.02099,20,807.794434,807.794434,0,0
0.02101,21,807.794434,807.794434,0,0
0.02286,22,807.794434,807.794434,0,0
0.02469,23,807.794434,807.794434,0,0
0.02472,24,807.794434,807.794434,0,0
0.02595,25,807.794434,807.794434,0,0
0.02779,26,807.794434,807.794434,0,0
0.02782,27,807.794434,807.794434,0,0
0.02905,28,807.794434,807.794434,0,0
0.02909,29,807.794434,807.794434,0,0
0.03093,30,807.794434,807.794434,0,0
0.03267,31,807.794434,807.794434,0,0
0.03269,32,807.794434,807.794434,0,0
0.03396,33,807.794434,807.794434,0,0
0.03574,34,807.794434,807.794434,0,0
0.03577,35,807.794434,807.794434,0,0
0.03699,36,807.794434,807.794434,0,0
0.03700,37,807.794434,807.794434,0,0
0.03883,38,807.794434,807.794434,0,0
0.04070,39,807.794434,807.794434,0,0
0.04072,40,807.794434,807.794434,0,0
0.04196,41,807.794434,807.794434,0,0
0.04378,42,807.794434,807.794434,0,0
0.04383,43,807.794434,807.794434,0,0
0.04508,44,807.794434,807.794434,0,0
0.04514,45,807.794434,807.794434,0,0
0.04698,46,807.794434,807.794434,0,0
0.04864,47,807.794434,807.794434,0,0
0.04867,48,807.794434,807.794434,0,0
0.04995,49,807.794434,807.794434,0,0
0.05178,50,807.794434,807.794434,0,0
0.05181,51,807.794434,807.794434,0,0
0.05300,52,807.794434,807.794434,0,0
0.05303,53,807.794434,807.794434,0,0
0.05482,54,807.794434,807.794434,0,0
0.05667,55,807.794434,807.794434,0,0
0.05670,56,807.794434,807.794434,0,0
0.05795,57,807.794434,807.794434,0,0
0.05975,58,807.794434,807.794434,0,0
0.05977,59,807.794434,807.794434,0,0
0.06099,60,807.794434,807.794434,0,0
0.06101,61,807.794434,807.794434,0,0
0.06285,62,807.794434,807.794434,0,0
0.06465,63,807.794434,807.794434,0,0
0.06466,64,807.794434,807.794434,0,0
0.06597,65,807.794434,807.794434,0,0
0.06778,66,807.794434,807.794434,0,0
0.06780,67,807.794434,807.794434,0,0
0.06899,68,807.794434,807.794434,0,0
0.06900,69,807.794434,807.794434,0,0
0.07087,70,807.794434,807.794434,0,0
0.07271,71,807.794434,807.794434,0,0
0.07274,72,807.794434,807.794434,0,0
0.07396,73,807.794434,807.794434,0,0
0.07577,74,807.794434,807.794434,0,0
0.07579,75,807.794434,807.794434,0,0
0.07699,76,807.794434,807.794434,0,0
0.07701,77,807.794434,807.794434,0,0
0.07888,78,807.794434,807.794434,0,0
0.08067,79,807.794434,807.794434,0,0
0.08070,80,807.794434,807.794434,0,0
0.08196,81,807.794434,807.794434,0,0
0.08376,82,807.794434,807.794434,0,0
0.08378,83,807.794434,807.794434,0,0
0.08499,84,807.794434,807.794434,0,0
0.08501,85,807.794434,807.794434,0,0
0.08684,86,807.794434,807.794434,0,0
0.08868,87,807.794434,807.794434,0,0
0.08870,88,807.794434,807.794434,0,0
0.08996,89,807.794434,807.794434,0,0
0.09175,90,807.794434,807.7945,-0.006713867,0
0.09177,91,807.794434,807.7945,-0.006713867,0
0.09300,92,807.794434,807.7945,-0.006713867,0
0.09301,93,807.794434,807.794556,-0.0134277344,0.0109064905
0.09485,94,807.794434,807.794556,-0.0134277344,0.021812981
0.09667,95,807.794434,807.794556,-0.0134277344,0.021812981
0.09671,96,807.794434,807.794556,-0.0134277344,0.021812981
0.09799,97,807.794434,807.794556,-0.0134277344,0.0109064905
0.09976,98,807.794434,807.794556,-0.0134277344,0
0.09977,99,807.794434,807.794556,-0.0134277344,0
0.10099,100,807.794434,807.794556,-0.0134277344,0
0.10100,101,807.794434,807.794556,-0.0134277344,0
0.10281,102,807.794434,807.794556,-0.0134277344,0
0.10465,103,807.794434,807.794556,-0.0134277344,-0.0163597353
0.10468,104,807.794434,807.7945,-0.006713867,-0.0163597353
0.10599,105,807.794434,807.794434,0,-0.0272662267
0.10778,106,807.794434,807.794434,0,-0.03817272
0.10781,107,807.794434,807.794434,0,-0.03817272
0.10901,108,807.794434,807.794434,0,-0.03817272
0.10904,109,807.794434,807.794434,0,-0.03817272
0.11089,110,807.794434,807.794434,0,-0.0272662267
0.11265,111,807.794434,807.794434,0,-0.0272662267
0.11267,112,807.794434,807.7943,0.0134277344,-0.0272662267
0.11409,113,807.794434,807.794434,0,-0.0163597353
0.11578,114,807.794434,807.794434,0,0
0.11581,115,807.794434,807.794434,0,0
0.11699,116,807.794434,807.794434,0,0.0109064905
0.11700,117,807.794434,807.794434,0,0.0109064905
0.11882,118,807.794434,807.7945,-0.006713867,0
0.12068,119,807.794434,807.7945,-0.006713867,0.0109064905
0.12072,120,807.794434,807.7945,-0.006713867,0.0109064905
0.12196,121,807.794434,807.7945,-0.006713867,0.0109064905
0.12376,122,807.794434,807.7945,-0.006713867,0.0109064905
0.12380,123,807.794434,807.7945,-0.006713867,0
0.12499,124,807.794434,807.7945,-0.006713867,0
0.12501,125,807.794434,807.7945,-0.006713867,0
0.12684,126,807.794434,807.794434,0,0
0.12876,127,807.794434,807.794434,0,-0.0163597353
0.12881,128,807.794434,807.794434,0,-0.0163597353
0.13000,129,807.794434,807.794434,0,-0.0163597353
0.13177,130,807.794434,807.794434,0,-0.0163597353
0.13181,131,807.794434,807.794434,0,0
0.13301,132,807.794434,807.794434,0,0
0.13303,133,807.794434,807.794434,0,0
0.13486,134,807.794434,807.794434,0,0
0.13664,135,807.794434,807.794434,0,0
0.13666,136,807.794434,807.794434,0,0
0.13795,137,807.794434,807.794434,0,0
0.13979,138,807.794434,807.794434,0,0
0.13983,139,807.794434,807.794434,0,0
0.14099,140,807.794434,807.794434,0,0
0.14102,141,807.794434,807.794434,0,0
0.14286,142,807.794434,807.794434,0,0
0.14467,143,807.794434,807.794434,0,0
0.14470,144,807.794434,807.794434,0,0
0.14599,145,807.794434,807.794434,0,0
0.14777,146,807.794434,807.794434,0,0
0.14781,147,807.794434,807.794434,0,0
0.14900,148,807.794434,807.794434,0,0
0.14901,149,807.794434,807.794434,0,0
0.15083,150,807.794434,807.794434,0,0
0.15268,151,807.794434,807.794434,0,0
0.15272,152,807.794434,807.7945,-0.006713867,0
0.15395,153,807.794434,807.7945,-0.006713867,0
0.15574,154,807.794434,807.7945,-0.006713867,0
0.15575,155,807.794434,807.7945,-0.006713867,0
0.15701,156,807.794434,807.7945,-0.006713867,0
0.15704,157,807.794434,807.7945,-0.006713867,0
0.15885,158,807.794434,807.7945,-0.006713867,0
0.16064,159,807.794434,807.7945,-0.006713867,0
0.16066,160,807.794434,807.7945,-0.006713867,0
0.16199,161,807.794434,807.7945,-0.006713867,0
0.16380,162,807.794434,807.7945,-0.006713867,0
0.16383,163,807.794434,807.7945,-0.006713867,0
0.16500,164,807.794434,807.7945,-0.006713867,0
0.16504,165,807.794434,807.794434,0,0
0.16684,166,807.794434,807.794434,0,-0.0163597353
0.16866,167,807.794434,807.794434,0,-0.0163597353
0.16868,168,807.794434,807.794434,0,-0.0163597353
0.16996,169,807.794434,807.794434,0,-0.0163597353
0.17177,170,807.794434,807.794434,0,0
0.17180,171,807.794434,807.794434,0,0
0.17299,172,807.794434,807.794434,0,0
0.17300,173,807.794434,807.794434,0,0
0.17483,174,807.794434,807.794434,0,0
0.17664,175,807.794434,807.794434,0,0
0.17667,176,807.794434,807.794434,0,0
0.17795,177,807.794434,807.794434,0,0
0.17978,178,807.794434,807.794434,0,0
0.17984,179,807.794434,807.794434,0,0
0.18099,180,807.794434,807.794434,0,0
0.18101,181,807.794434,807.794434,0,0
0.18284,182,807.794434,807.794434,0,0
0.18464,183,807.794434,807.794434,0,0
0.18466,184,807.794434,807.794434,0,0
0.18596,185,807.794434,807.794434,0,0
0.18780,186,807.794434,807.794434,0,0
0.18783,187,807.794434,807.794434,0,0
0.18899,188,807.794434,807.794434,0,0
0.18906,189,807.794434,807.794434,0,0
0.19084,190,807.794434,807.794434,0,0
0.19265,191,807.794434,807.794434,0,0
0.19266,192,807.794434,807.794434,0,0
0.19396,193,807.794434,807.794434,0,0
0.19578,194,807.794434,807.794434,0,0
0.19581,195,807.794434,807.794434,0,0
0.19699,196,807.794434,807.794434,0,0
0.19701,197,807.794434,807.794434,0,0
0.19887,198,807.794434,807.794434,0,0
0.20064,199,807.794434,807.794434,0,0
0.20066,200,807.794434,807.794434,0,0
0.20197,201,807.794434,807.794434,0,0
0.20374,202,807.794434,807.794434,0,0
0.20377,203,807.794434,807.794434,0,0
0.20503,204,807.794434,807.794434,0,0
0.20508,205,807.794434,807.794434,0,0
0.20684,206,807.794434,807.794434,0,0
0.20866,207,807.794434,807.794434,0,0
0.20869,208,807.794434,807.794434,0,0
0.20998,209,807.794434,807.794434,0,0
0.21199,210,807.794434,807.794434,0,0
0.21206,211,807.794434,807.794434,0,0
0.21301,212,807.794434,807.794434,0,0
0.21304,213,807.794434,807.7943,0.0134277344,-0.0272662267
0.21489,214,807.794434,807.7943,0.0134277344,-0.03817272
0.21665,215,807.794434,807.79425,0.0201416016,-0.04907921
0.21666,216,807.794434,807.79425,0.0201416016,-0.0599856973
0.21797,217,807.794434,807.7942,0.0268554688,-0.0599856973
0.21974,218,807.794434,807.794067,0.0402832031,-0.04907921
0.21975,219,807.794434,807.794067,0.0402832031,-0.04907921
0.22099,220,807.794434,807.794067,0.0402832031,-0.03817272
0.22100,221,807.794434,807.794067,0.0402832031,-0.03817272
0.22286,222,807.794434,807.79425,0.0201416016,-0.0272662267
0.22465,223,807.794434,807.79425,0.0201416016,0.021812981
0.22467,224,807.794434,807.794434,0,0.03271947
0.22596,225,807.794434,807.794556,-0.0134277344,0.06543894
0.22772,226,807.794434,807.7946,-0.0201416016,0.09815842
0.22774,227,807.794434,807.794739,-0.0335693359,0.087251924
0.22906,228,807.794434,807.794861,-0.04699707,0.09815842
0.22909,229,807.794434,807.794861,-0.04699707,0.09815842
0.23086,230,807.794434,807.795044,-0.06713867,0.087251924
0.23269,231,807.794434,807.795044,-0.06713867,0.07634544
0.23271,232,807.794434,807.7951,-0.07385254,0.07634544
0.23397,233,807.794434,807.7951,-0.07385254,0.06543894
0.23577,234,807.794434,807.7951,-0.07385254,0.043625962
0.23580,235,807.794434,807.795044,-0.06713867,0.03271947
0.23699,236,807.794434,807.795044,-0.06713867,-0.0163597353
0.23700,237,807.794434,807.794861,-0.04699707,-0.04907921
0.23882,238,807.794434,807.7948,-0.0402832031,-0.07089219
0.24064,239,807.794434,807.794739,-0.0335693359,-0.103611663
0.24066,240,807.794434,807.794556,-0.0134277344,-0.09270517
0.24197,241,807.794434,807.794434,0,-0.114518143
0.24372,242,807.794434,807.794434,0,-0.114518143
0.24374,243,807.794434,807.79425,0.0201416016,-0.114518143
0.24504,244,807.794434,807.79425,0.0201416016,-0.103611663
0.24507,245,807.794434,807.794067,0.0402832031,-0.09270517
0.24685,246,807.794434,807.794067,0.0402832031,-0.08179868
0.24866,247,807.794434,807.794067,0.0402832031,-0.07089219
0.24868,248,807.794434,807.794067,0.0402832031,-0.04907921
0.24998,249,807.794434,807.79425,0.0201416016,-0.0272662267
0.25173,250,807.794434,807.79425,0.0201416016,0.0109064905
0.25175,251,807.794434,807.794434,0,0.03271947
0.25298,252,807.794434,807.794434,0,0.0545324534
0.25301,253,807.794434,807.794434,0,0.0545324534
0.25487,254,807.794434,807.7945,-0.006713867,0.0545324534
0.25664,255,807.794434,807.794556,-0.0134277344,0.043625962
0.25665,256,807.794434,807.794556,-0.0134277344,0.043625962
0.25800,257,807.794434,807.794556,-0.0134277344,0.03271947
0.25972,258,807.794434,807.7946,-0.0201416016,0.021812981
0.25973,259,807.794434,807.794556,-0.0134277344,0.021812981
0.26099,260,807.794434,807.794556,-0.0134277344,0
0.26101,261,807.794434,807.7945,-0.006713867,-0.0163597353
0.26285,262,807.794434,807.7945,-0.006713867,-0.03817272
0.26469,263,807.794434,807.794434,0,-0.04907921
0.26471,264,807.794434,807.794434,0,-0.03817272
0.26600,265,807.794434,807.794434,0,-0.04907921
0.26773,266,807.794434,807.7943,0.0134277344,-0.03817272
0.26775,267,807.794434,807.7943,0.0134277344,-0.04907921
0.26899,268,807.794434,807.79425,0.0201416016,-0.03817272
0.26901,269,807.794434,807.79425,0.0201416016,-0.03817272
0.27083,270,807.794434,807.7943,0.0134277344,-0.0272662267
0.27263,271,807.794434,807.7943,0.0134277344,-0.0163597353
0.27265,272,807.794434,807.794434,0,0
0.27397,273,807.794434,807.794434,0,0.021812981
0.27572,274,807.794434,807.7945,-0.006713867,0.021812981
0.27573,275,807.794434,807.7945,-0.006713867,0.03271947
0.27701,276,807.794434,807.794556,-0.0134277344,0.03271947
0.27703,277,807.794434,807.794556,-0.0134277344,0.021812981
0.27884,278,807.794434,807.794556,-0.0134277344,0.021812981
0.28065,279,807.794434,807.794556,-0.0134277344,0.0109064905
0.28067,280,807.794434,807.794556,-0.0134277344,0.0109064905
0.28198,281,807.794434,807.794556,-0.0134277344,0.0109064905
0.28373,282,807.794434,807.794556,-0.0134277344,0.0109064905
0.28374,283,807.794434,807.794556,-0.0134277344,0
0.28499,284,807.794434,807.794556,-0.0134277344,0
0.28501,285,807.794434,807.794556,-0.0134277344,-0.0163597353
0.28682,286,807.794434,807.794556,-0.0134277344,-0.0272662267
0.28864,287,807.794434,807.794556,-0.0134277344,-0.0272662267
0.28866,288,807.794434,807.7945,-0.006713867,-0.0272662267
0.28998,289,807.794434,807.7945,-0.006713867,-0.0272662267
0.29173,290,807.794434,807.7945,-0.006713867,-0.0163597353
0.29174,291,807.794434,807.7945,-0.006713867,-0.0163597353
0.29301,292,807.794434,807.7945,-0.006713867,-0.0163597353
0.29302,293,807.794434,807.7945,-0.006713867,0
0.29488,294,807.794434,807.7945,-0.006713867,0
0.29666,295,807.794434,807.7945,-0.006713867,0
0.29668,296,807.794434,807.7945,-0.006713867,0
0.29802,297,807.794434,807.7945,-0.006713867,0
0.29974,298,807.794434,807.7945,-0.006713867,0
0.29976,299,807.794434,807.7945,-0.006713867,0
0.30102,300,807.794434,807.7945,-0.006713867,0
0.30113,301,807.794434,807.7945,-0.006713867,0
0.30282,302,808.794434,807.7945,25,0
0.30464,303,808.794434,807.794434,25,-0.0272662267
0.30466,304,808.794434,807.794434,25,-0.03817272
0.30598,305,808.794434,807.7957,25,0.223583058
0.30772,306,808.794434,807.798,25,0.785267353
0.30775,307,808.794434,807.801453,25,1.63052034
0.30899,308,808.794434,807.8058,25,2.6775434
0.30901,309,808.794434,807.810364,25,3.5664227
0.31083,310,808.794434,807.816162,25,4.40076876
0.31267,311,808.794434,807.8233,25,5.33872747
0.31270,312,808.794434,807.8317,25,6.3748436
0.31398,313,808.794434,807.8396,25,7.198284
0.31572,314,808.794434,807.8494,25,8.168962
0.31575,315,808.794434,807.859436,25,9.128733
0.31699,316,808.794434,807.8698,25,9.592258
0.31700,317,808.794434,807.883057,25,10.9664764
0.31882,318,808.794434,807.8954,25,11.5935993
0.32065,319,808.794434,807.909668,25,12.4933853
0.32067,320,808.794434,807.924744,25,13.6549253
0.32196,321,808.794434,807.939758,25,14.0911865
0.32372,322,808.794434,807.9567,25,15.3236189
0.32373,323,808.794434,807.9744,25,16.1197929
0.32500,324,808.794434,807.992065,25,16.7360115
0.32502,325,808.794434,808.0101,25,17.5376377
0.32683,326,808.794434,808.029,25,18.0175228
0.32876,327,808.794434,808.049,25,18.33381
0.32878,328,808.794434,808.0672,25,18.824604
0.32999,329,808.794434,808.0867,25,19.1245327
0.33174,330,808.794434,808.1058,25,19.1463451
0.33176,331,808.794434,808.1243,25,19.0645466
0.33300,332,808.794434,808.1432,25,18.9882
0.33303,333,808.794434,808.162659,25,18.9991055
0.33482,334,808.794434,808.1813,25,18.873682
0.33666,335,808.794434,808.199341,25,18.770071
0.33668,336,808.794434,808.218262,25,18.770071
0.33795,337,808.794434,808.236938,25,18.5737534
0.33972,338,808.794434,808.2555,25,18.5737534
0.33973,339,808.794434,808.2735,25,18.51922
0.34102,340,808.794434,808.291931,25,18.3937969
0.34104,341,808.794434,808.3103,25,18.3229046
0.34283,342,808.794434,808.3288,25,18.33381
0.34466,343,808.794434,808.3472,25,18.4374218
0.34467,344,808.794434,808.36554,25,18.38289
0.34597,345,808.794434,808.3839,25,18.3719845
0.34775,346,808.794434,808.402,25,18.2683716
0.34778,347,808.794434,808.420349,25,18.3119984
0.34900,348,808.794434,808.4395,25,18.4974079
0.34902,349,808.794434,808.457764,25,18.4374218
0.35084,350,808.794434,808.494568,25,18.51922
0.35266,351,808.794434,808.5135,25,18.4974079
0.35267,352,808.794434,808.5317,25,18.4374218
0.35396,353,808.794434,808.549744,25,18.448328
0.35575,354,808.794434,808.5686,24.8413086,18.4974079
0.35577,355,808.794434,808.5873,22.7868652,18.4592361
0.35700,356,808.794434,808.605835,20.74585,18.5846615
0.35703,357,808.794434,808.6242,18.7249756,18.5737534
0.35881,358,808.794434,808.6421,16.7578125,18.3719845
0.36067,359,808.794434,808.6593,14.864502,17.979351
0.36068,360,808.794434,808.675537,13.0786133,17.444931
0.36202,361,808.794434,808.6907,11.4135742,16.70329
0.36374,362,808.794434,808.7045,9.889526,15.6399078
0.36375,363,808.794434,808.7177,8.439331,14.68559
0.36501,364,808.794434,808.73,7.08984375,13.6331139
0.36503,365,808.794434,808.74115,5.861206,12.6624355
0.36681,366,808.794434,808.750854,4.793701,11.6372261
0.36868,367,808.794434,808.7608,3.69934082,10.835598
0.36870,368,808.794434,808.76886,2.81311035,9.821295
0.36995,369,808.794434,808.7768,1.94030762,8.921509
0.37175,370,808.794434,808.783,1.25549316,8.119883
0.37176,371,808.794434,808.789246,0.5706787,7.116485
0.37298,372,808.794434,808.7937,0.0805664063,6.249419
0.37299,373,808.794434,808.79834,-0.4296875,5.44233847
0.37481,374,808.794434,808.802063,-0.8392334,4.777043
0.37669,375,808.794434,808.80426,-1.08093262,3.80636525
0.37672,376,808.794434,808.806152,-1.2890625,3.135616
0.37796,377,808.794434,808.8081,-1.50390625,2.47577333
0.37973,378,808.794434,808.8093,-1.63818359,1.8486501
0.37975,379,808.794434,808.809937,-1.70532227,1.43420351
0.38099,380,808.794434,808.81,-1.71203613,0.9652244
0.38100,381,808.794434,808.8095,-1.6583252,0.408993423
0.38283,382,808.794434,808.8088,-1.57775879,-0.114518143
0.38468,383,808.794434,808.8077,-1.45690918,-0.5507778
0.38470,384,808.794434,808.806335,-1.3092041,-0.8834258
0.38596,385,808.794434,808.805054,-1.16821289,-1.1233685
0.38773,386,808.794434,808.8038,-1.02722168,-1.24879324
0.38775,387,808.794434,808.8027,-0.9063721,-1.27060616
0.38900,388,808.794434,808.8015,-0.7788086,-1.221527
0.38904,389,808.794434,808.8006,-0.6781006,-1.14518154
0.39082,390,808.794434,808.7997,-0.5773926,-1.06338286
0.39268,391,808.794434,808.798767,-0.47668457,-0.981584132
0.39270,392,808.794434,808.798035,-0.396118164,-0.905238748
0.39396,393,808.794434,808.7974,-0.3289795,-0.82344
0.39576,394,808.794434,808.796753,-0.255126953,-0.7089219
0.39579,395,808.794434,808.7963,-0.208129883,-0.6053102
0.39700,396,808.794434,808.7961,-0.181274414,-0.490792066
0.39702,397,808.794434,808.795959,-0.16784668,-0.365367442
0.39882,398,808.794434,808.7958,-0.147705078,-0.2781155
0.40067,399,808.794434,808.7958,-0.147705078,-0.16359736
0.40070,400,808.794434,808.7958,-0.147705078,-0.09270517
0.40198,401,808.794434,808.7959,-0.161132813,-0.0272662267
0.40376,402,808.794434,808.795959,-0.16784668,0.03271947
0.40378,403,808.794434,808.7961,-0.181274414,0.07634544
0.40499,404,808.794434,808.7963,-0.208129883,0.09815842
0.40501,405,808.794434,808.796448,-0.221557617,0.136331126
0.40682,406,808.794434,808.796631,-0.241699219,0.136331126
0.40865,407,808.794434,808.796753,-0.255126953,0.158144116
0.40868,408,808.794434,808.796936,-0.275268555,0.169050619
0.40996,409,808.794434,808.797241,-0.3088379,0.179957092
0.41194,410,808.794434,808.7975,-0.335693359,0.21267657
0.41204,411,808.794434,808.7978,-0.3692627,0.2508493
0.41304,412,808.794434,808.798157,-0.4095459,0.305381745
0.41308,413,808.794434,808.7987,-0.4699707,0.3490077
0.41483,414,808.794434,808.799133,-0.5169678,0.408993423
0.41665,415,808.794434,808.7997,-0.5773926,0.4417129
0.41667,416,808.794434,808.8001,-0.624389648,0.474432319
0.41797,417,808.794434,808.8006,-0.6781006,0.474432319
0.41982,418,808.794434,808.800964,-0.7183838,0.452619374
0.41985,419,808.794434,808.8014,-0.765380859,0.419899881
0.42100,420,808.794434,808.8017,-0.7989502,0.387180418
0.42101,421,808.794434,808.801941,-0.825805664,0.338101238
0.42282,422,808.794434,808.8021,-0.845947266,0.28356877
0.42467,423,808.794434,808.8022,-0.852661133,0.21267657
0.42471,424,808.794434,808.802368,-0.872802734,0.136331126
0.42596,425,808.794434,808.8022,-0.852661133,0.06543894
0.42775,426,808.794434,808.8022,-0.852661133,0.0109064905
0.42778,427,808.794434,808.802063,-0.8392334,-0.04907921
0.42901,428,808.794434,808.8019,-0.8190918,-0.103611663
0.42904,429,808.794434,808.8017,-0.7989502,-0.152690873
0.43083,430,808.794434,808.8014,-0.765380859,-0.185410336
0.43269,431,808.794434,808.8012,-0.745239258,-0.207223326
0.43271,432,808.794434,808.8009,-0.7116699,-0.229036286
0.43396,433,808.794434,808.8008,-0.6982422,-0.239942789
0.43575,434,808.794434,808.8004,-0.657959,-0.256302536
0.43578,435,808.794434,808.8001,-0.624389648,-0.267209023
0.43699,436,808.794434,808.7998,-0.5908203,-0.289022
0.43700,437,808.794434,808.7997,-0.5773926,-0.289022
0.43883,438,808.794434,808.7993,-0.5371094,-0.2999285
0.44066,439,808.794434,808.799,-0.503540039,-0.289022
0.44068,440,808.794434,808.798767,-0.47668457,-0.289022
0.44197,441,808.794434,808.7985,-0.4498291,-0.2781155
0.44375,442,808.794434,808.79834,-0.4296875,-0.267209023
0.44376,443,808.794434,808.798157,-0.4095459,-0.229036286
0.44526,444,808.794434,808.798157,-0.4095459,-0.174503848
0.44533,445,808.794434,808.798035,-0.396118164,-0.114518143
0.44683,446,808.794434,808.798157,-0.4095459,-0.04907921
0.44870,447,808.794434,808.798157,-0.4095459,0
0.44876,448,808.794434,808.79834,-0.4296875,0.0545324534
0.44997,449,808.794434,808.7985,-0.4498291,0.09815842
0.45175,450,808.794434,808.7987,-0.4699707,0.125424653
0.45177,451,808.794434,808.799133,-0.5169678,0.179957092
0.45302,452,808.794434,808.7993,-0.5371094,0.179957092
0.45303,453,808.794434,808.799438,-0.5505371,0.179957092
0.45485,454,808.794434,808.7997,-0.5773926,0.179957092
0.45667,455,808.794434,808.7997,-0.5773926,0.147237629
0.45671,456,808.794434,808.7998,-0.5908203,0.136331126
0.45795,457,808.794434,808.8,-0.6109619,0.109064907
0.45974,458,808.794434,808.8,-0.6109619,0.087251924
0.45976,459,808.794434,808.8,-0.6109619,0.0545324534
0.46099,460,808.794434,808.8,-0.6109619,0.0109064905
0.46101,461,808.794434,808.7998,-0.5908203,-0.03817272
0.46285,462,808.794434,808.7997,-0.5773926,-0.0599856973
0.46468,463,808.794434,808.7997,-0.5773926,-0.09270517
0.46471,464,808.794434,808.799561,-0.563964844,-0.09270517
0.46595,465,808.794434,808.799438,-0.5505371,-0.103611663
0.46774,466,808.794434,808.7993,-0.5371094,-0.103611663
0.46778,467,808.794434,808.799255,-0.5303955,-0.103611663
0.46898,468,808.794434,808.799133,-0.5169678,-0.103611663
0.46900,469,808.794434,808.799133,-0.5169678,-0.09270517
0.47084,470,808.794434,808.7991,-0.5102539,-0.07089219
0.47267,471,808.794434,808.799,-0.503540039,-0.07089219
0.47271,472,808.794434,808.799,-0.503540039,-0.0599856973
0.47396,473,808.794434,808.7989,-0.4901123,-0.0599856973
0.47575,474,808.794434,808.799,-0.503540039,-0.04907921
0.47578,475,808.794434,808.799,-0.503540039,-0.0163597353
0.47698,476,808.794434,808.799,-0.503540039,0
0.47700,477,808.794434,808.799,-0.503540039,0.0109064905
0.47887,478,808.794434,808.7991,-0.5102539,0.021812981
0.48067,479,808.794434,808.7991,-0.5102539,0.021812981
0.48070,480,808.794434,808.799133,-0.5169678,0.021812981
0.48197,481,808.794434,808.799133,-0.5169678,0.03271947
0.48378,482,808.794434,808.799133,-0.5169678,0.021812981
0.48381,483,808.794434,808.799133,-0.5169678,0.021812981
0.48499,484,808.794434,808.799133,-0.5169678,0.021812981
0.48501,485,808.794434,808.799255,-0.5303955,0.0109064905
0.48683,486,808.794434,808.799255,-0.5303955,0.0109064905
0.48868,487,808.794434,808.799255,-0.5303955,0.0109064905
0.48871,488,808.794434,808.7993,-0.5371094,0.0109064905
0.48995,489,808.794434,808.7993,-0.5371094,0.0109064905
0.49176,490,808.794434,808.7993,-0.5371094,0
0.49178,491,808.794434,808.799255,-0.5303955,-0.0163597353
0.49300,492,808.794434,808.799255,-0.5303955,-0.0163597353
0.49302,493,808.794434,808.799133,-0.5169678,-0.03817272
0.49544,494,808.794434,808.799133,-0.5169678,-0.03817272
0.49665,495,808.794434,808.799133,-0.5169678,-0.03817272
0.49667,496,808.794434,808.799133,-0.5169678,-0.03817272
0.49799,497,808.794434,808.799133,-0.5169678,-0.0272662267
0.49977,498,808.794434,808.7991,-0.5102539,-0.0272662267
0.49979,499,808.794434,808.7991,-0.5102539,-0.0163597353
0.50100,500,808.794434,808.7991,-0.5102539,-0.0163597353
0.50102,501,808.794434,808.7991,-0.5102539,-0.0163597353
0.50286,502,808.794434,808.7991,-0.5102539,-0.0163597353
0.50468,503,808.794434,808.7991,-0.5102539,-0.0163597353
0.50472,504,808.794434,808.7991,-0.5102539,-0.0163597353
0.50596,505,808.794434,808.7991,-0.5102539,0
0.50775,506,808.794434,808.799133,-0.5169678,0.0109064905
0.50778,507,808.794434,808.799133,-0.5169678,0
0.50898,508,808.794434,808.799133,-0.5169678,0
0.50900,509,808.794434,808.799133,-0.5169678,0
0.51084,510,808.794434,808.799133,-0.5169678,0
0.51266,511,808.794434,808.799133,-0.5169678,0
0.51268,512,808.794434,808.799133,-0.5169678,0
0.51398,513,808.794434,808.799133,-0.5169678,0
0.51594,514,808.794434,808.799133,-0.5169678,0
0.51597,515,808.794434,808.799133,-0.5169678,0
0.51699,516,808.794434,808.799133,-0.5169678,0
0.51701,517,808.794434,808.799133,-0.5169678,0
0.51885,518,808.794434,808.799133,-0.5169678,0
0.52068,519,808.794434,808.7991,-0.5102539,-0.0163597353
0.52071,520,808.794434,808.7991,-0.5102539,-0.0163597353
0.52196,521,808.794434,808.7991,-0.5102539,-0.0163597353
0.52374,522,808.794434,808.7991,-0.5102539,-0.0163597353
0.52377,523,808.794434,808.7991,-0.5102539,0
0.52500,524,808.794434,808.7991,-0.5102539,0
0.52501,525,808.794434,808.7991,-0.5102539,-0.0163597353
0.52685,526,808.794434,808.7991,-0.5102539,-0.0163597353
0.52875,527,808.794434,808.7991,-0.5102539,-0.0163597353
0.52877,528,808.794434,808.7991,-0.5102539,-0.0163597353
0.52998,529,808.794434,808.799,-0.503540039,-0.0163597353
0.53174,530,808.794434,808.799,-0.503540039,-0.0163597353
0.53178,531,808.794434,808.799,-0.503540039,-0.0163597353
0.53298,532,808.794434,808.799,-0.503540039,-0.0272662267
0.53300,533,808.794434,808.799,-0.503540039,-0.0163597353
0.53485,534,808.794434,808.799,-0.503540039,-0.0163597353
0.53666,535,808.794434,808.799,-0.503540039,-0.0163597353
0.53667,536,808.794434,808.799,-0.503540039,-0.0163597353
0.53795,537,808.794434,808.799,-0.503540039,-0.0163597353
0.53975,538,808.794434,808.799,-0.503540039,-0.0163597353
0.53978,539,808.794434,808.799,-0.503540039,0
0.54099,540,808.794434,808.799,-0.503540039,0
0.54100,541,808.794434,808.799,-0.503540039,0
0.54284,542,808.794434,808.799,-0.503540039,0
0.54467,543,808.794434,808.799,-0.503540039,0
0.54469,544,808.794434,808.799,-0.503540039,0
0.54599,545,808.794434,808.799,-0.503540039,0
0.54778,546,808.794434,808.799,-0.503540039,0
0.54781,547,808.794434,808.799,-0.503540039,0
0.54901,548,808.794434,808.799,-0.503540039,0
0.54902,549,808.794434,808.799,-0.503540039,0
0.55086,550,808.794434,808.799,-0.503540039,0
0.55266,551,808.794434,808.799,-0.503540039,0
0.55269,552,808.794434,808.799,-0.503540039,0
0.55397,553,808.794434,808.799,-0.503540039,0
0.55577,554,808.794434,808.799,-0.503540039,0
0.55580,555,808.794434,808.799,-0.503540039,0
0.55699,556,808.794434,808.799,-0.503540039,0
0.55700,557,808.794434,808.799,-0.503540039,0
0.55886,558,808.794434,808.799,-0.503540039,0
0.56067,559,808.794434,808.799,-0.503540039,-0.0163597353
0.56069,560,808.794434,808.7989,-0.4901123,-0.0272662267
0.56198,561,808.794434,808.7989,-0.4901123,-0.0272662267
0.56377,562,808.794434,808.7989,-0.4901123,-0.0272662267
0.56380,563,808.794434,808.7988,-0.483398438,-0.0272662267
0.56499,564,808.794434,808.7988,-0.483398438,-0.0163597353
0.56501,565,808.794434,808.7988,-0.483398438,-0.0163597353
0.56687,566,808.794434,808.7988,-0.483398438,-0.0163597353
0.56866,567,808.794434,808.7988,-0.483398438,-0.0163597353
0.56868,568,808.794434,808.7988,-0.483398438,-0.0163597353
0.56999,569,808.794434,808.7988,-0.483398438,-0.0163597353
0.57177,570,808.794434,808.7988,-0.483398438,0
0.57180,571,808.794434,808.7988,-0.483398438,0
0.57299,572,808.794434,808.7988,-0.483398438,0
0.57300,573,808.794434,808.7988,-0.483398438,0
0.57487,574,808.794434,808.7988,-0.483398438,0
0.57666,575,808.794434,808.7988,-0.483398438,0
0.57669,576,808.794434,808.7988,-0.483398438,0
0.57790,577,808.794434,808.7988,-0.483398438,0
0.57976,578,808.794434,808.7988,-0.483398438,0
0.57979,579,808.794434,808.7988,-0.483398438,0
0.58100,580,808.794434,808.7988,-0.483398438,0
0.58101,581,808.794434,808.7988,-0.483398438,0
0.58286,582,808.794434,808.7988,-0.483398438,0
0.58465,583,808.794434,808.7988,-0.483398438,0
0.58468,584,808.794434,808.7988,-0.483398438,0
0.58599,585,808.794434,808.7988,-0.483398438,0
0.58776,586,808.794434,808.7988,-0.483398438,0
0.58778,587,808.794434,808.7988,-0.483398438,0
0.58899,588,808.794434,808.7988,-0.483398438,0
0.58900,589,808.794434,808.7988,-0.483398438,0
0.59085,590,808.794434,808.7988,-0.483398438,0
0.59270,591,808.794434,808.7988,-0.483398438,0
0.59272,592,808.794434,808.7988,-0.483398438,0
0.59396,593,808.794434,808.7988,-0.483398438,0
0.59574,594,808.794434,808.7988,-0.483398438,0
0.59576,595,808.794434,808.7988,-0.483398438,0
0.59699,596,808.794434,808.7988,-0.483398438,-0.0163597353
0.59701,597,808.794434,808.7988,-0.483398438,-0.0163597353
0.59885,598,808.794434,808.7988,-0.483398438,-0.0163597353
0.60066,599,808.794434,808.7988,-0.483398438,-0.0272662267
0.60069,600,808.794434,808.7988,-0.483398438,-0.0163597353
0.60198,601,808.794434,808.7988,-0.483398438,-0.0163597353
0.60376,602,808.794434,808.798767,-0.47668457,-0.0163597353
0.60378,603,808.794434,808.798767,-0.47668457,-0.0163597353
0.60499,604,808.794434,808.798767,-0.47668457,-0.0163597353
0.60509,605,808.794434,808.798767,-0.47668457,-0.0163597353
0.60685,606,808.794434,808.798767,-0.47668457,-0.0163597353
0.60869,607,808.794434,808.798767,-0.47668457,0
0.60871,608,808.794434,808.798767,-0.47668457,0
0.60996,609,808.794434,808.798767,-0.47668457,0
0.61202,610,808.794434,808.798767,-0.47668457,0
0.61208,611,808.794434,808.798767,-0.47668457,0
0.61301,612,808.794434,808.798767,-0.47668457,0
0.61304,613,808.794434,808.798767,-0.47668457,0
0.61487,614,808.794434,808.798767,-0.47668457,0
0.61666,615,808.794434,808.798767,-0.47668457,0
0.61667,616,808.794434,808.798767,-0.47668457,0
0.61798,617,808.794434,808.798767,-0.47668457,0
0.61975,618,808.794434,808.798767,-0.47668457,0
0.61980,619,808.794434,808.798767,-0.47668457,0
0.62099,620,808.794434,808.798767,-0.47668457,0
0.62100,621,808.794434,808.798767,-0.47668457,0
0.62287,622,808.794434,808.798767,-0.47668457,0
0.62470,623,808.794434,808.798767,-0.47668457,-0.0163597353
0.62474,624,808.794434,808.7987,-0.4699707,-0.0163597353
0.62597,625,808.794434,808.7987,-0.4699707,-0.0272662267
0.62775,626,808.794434,808.7987,-0.4699707,-0.0272662267
0.62778,627,808.794434,808.7987,-0.4699707,-0.0163597353
0.62901,628,808.794434,808.7987,-0.4699707,-0.0163597353
0.62902,629,808.794434,808.7987,-0.4699707,-0.0163597353
0.63086,630,808.794434,808.7987,-0.4699707,-0.0163597353
0.63266,631,808.794434,808.7987,-0.4699707,-0.0163597353
0.63270,632,808.794434,808.7987,-0.4699707,-0.0163597353
0.63397,633,808.794434,808.7987,-0.4699707,-0.0163597353
0.63577,634,808.794434,808.7987,-0.4699707,-0.0163597353
0.63580,635,808.794434,808.7987,-0.4699707,-0.0163597353
0.63701,636,808.794434,808.7987,-0.4699707,0
0.63703,637,808.794434,808.7987,-0.4699707,0
0.63884,638,808.794434,808.7987,-0.4699707,0
0.64070,639,808.794434,808.7987,-0.4699707,0
0.64073,640,808.794434,808.7987,-0.4699707,0
0.64197,641,808.794434,808.7987,-0.4699707,0
0.64376,642,808.794434,808.7987,-0.4699707,0
0.64378,643,808.794434,808.7987,-0.4699707,0
0.64527,644,808.794434,808.7987,-0.4699707,0
0.64529,645,808.794434,808.7987,-0.4699707,0
0.64683,646,808.794434,808.7987,-0.4699707,0
0.64868,647,808.794434,808.7987,-0.4699707,0
0.64871,648,808.794434,808.7987,-0.4699707,0
0.64999,649,808.794434,808.7987,-0.4699707,0
0.65175,650,808.794434,808.7987,-0.4699707,0
0.65179,651,808.794434,808.7987,-0.4699707,-0.0163597353
0.65299,652,808.794434,808.7986,-0.456542969,-0.0163597353
0.65301,653,808.794434,808.7986,-0.456542969,-0.0272662267
0.65485,654,808.794434,808.7986,-0.456542969,-0.0272662267
0.65668,655,808.794434,808.7985,-0.4498291,-0.0163597353
0.65672,656,808.794434,808.7985,-0.4498291,-0.0163597353
0.65797,657,808.794434,808.7985,-0.4498291,-0.0163597353
0.65974,658,808.794434,808.7985,-0.4498291,-0.0272662267
0.65977,659,808.794434,808.7985,-0.4498291,-0.0272662267
0.66100,660,808.794434,808.7985,-0.4498291,-0.0272662267
0.66103,661,808.794434,808.7985,-0.4498291,-0.0163597353
0.66285,662,808.794434,808.7985,-0.4498291,-0.0163597353
0.66464,663,808.794434,808.7985,-0.4498291,0
0.66467,664,808.794434,808.7985,-0.4498291,0
0.66596,665,808.794434,808.7985,-0.4498291,0
0.66776,666,808.794434,808.7985,-0.4498291,0
0.66779,667,808.794434,808.7985,-0.4498291,0
0.66900,668,808.794434,808.7985,-0.4498291,0
0.66902,669,808.794434,808.7985,-0.4498291,0
0.67084,670,808.794434,808.7985,-0.4498291,0
0.67265,671,808.794434,808.7985,-0.4498291,0
0.67267,672,808.794434,808.7985,-0.4498291,0
0.67397,673,808.794434,808.7985,-0.4498291,0
0.67576,674,808.794434,808.7985,-0.4498291,0
0.67579,675,808.794434,808.7985,-0.4498291,0
0.67700,676,808.794434,808.7985,-0.4498291,0
0.67703,677,808.794434,808.7985,-0.4498291,0
0.67886,678,808.794434,808.7985,-0.4498291,0
0.68065,679,808.794434,808.7985,-0.4498291,0
0.68069,680,808.794434,808.7985,-0.4498291,0
0.68197,681,808.794434,808.7985,-0.4498291,-0.0163597353
0.68374,682,808.794434,808.7985,-0.4498291,-0.0163597353
0.68376,683,808.794434,808.7985,-0.4498291,-0.0272662267
0.68502,684,808.794434,808.798462,-0.443115234,-0.0272662267
0.68503,685,808.794434,808.79834,-0.4296875,-0.0272662267
0.68685,686,808.794434,808.79834,-0.4296875,-0.0272662267
0.68866,687,808.794434,808.79834,-0.4296875,-0.0272662267
0.68869,688,808.794434,808.79834,-0.4296875,-0.0163597353
0.68998,689,808.794434,808.79834,-0.4296875,-0.0163597353
0.69176,690,808.794434,808.79834,-0.4296875,-0.0163597353
0.69179,691,808.794434,808.79834,-0.4296875,-0.0163597353
0.69299,692,808.794434,808.79834,-0.4296875,-0.0163597353
0.69300,693,808.794434,808.79834,-0.4296875,-0.0163597353
0.69486,694,808.794434,808.79834,-0.4296875,-0.0163597353
0.69666,695,808.794434,808.79834,-0.4296875,-0.0163597353
0.69667,696,808.794434,808.79834,-0.4296875,0
0.69800,697,808.794434,808.79834,-0.4296875,0
0.69976,698,808.794434,808.79834,-0.4296875,0.0109064905
0.69979,699,808.794434,808.79834,-0.4296875,0.0109064905
0.70101,700,808.794434,808.79834,-0.4296875,0
0.70102,701,808.794434,808.79834,-0.4296875,0
0.70286,702,808.794434,808.79834,-0.4296875,0
0.70464,703,808.794434,808.79834,-0.4296875,0
0.70466,704,808.794434,808.79834,-0.4296875,0
0.70596,705,808.794434,808.79834,-0.4296875,0
0.70776,706,808.794434,808.79834,-0.4296875,0
0.70779,707,808.794434,808.79834,-0.4296875,0
0.70900,708,808.794434,808.79834,-0.4296875,0
0.70902,709,808.794434,808.79834,-0.4296875,0
0.71085,710,808.794434,808.79834,-0.4296875,0
0.71267,711,808.794434,808.79834,-0.4296875,0
0.71269,712,808.794434,808.79834,-0.4296875,0
0.71397,713,808.794434,808.79834,-0.4296875,0
0.71577,714,808.794434,808.79834,-0.4296875,-0.0163597353
0.71581,715,808.794434,808.79834,-0.4296875,-0.0163597353
0.71699,716,808.794434,808.79834,-0.4296875,-0.0163597353
0.71702,717,808.794434,808.79834,-0.4296875,-0.0163597353
0.71887,718,808.794434,808.79834,-0.4296875,-0.0163597353
0.72065,719,808.794434,808.79834,-0.4296875,-0.0163597353
0.72067,720,808.794434,808.79834,-0.4296875,0
0.72198,721,808.794434,808.79834,-0.4296875,0
0.72373,722,808.794434,808.79834,-0.4296875,0
0.72374,723,808.794434,808.79834,-0.4296875,-0.0163597353
0.72500,724,808.794434,808.79834,-0.4296875,-0.0163597353
0.72503,725,808.794434,808.7983,-0.422973633,-0.0272662267
0.72684,726,808.794434,808.7983,-0.422973633,-0.0272662267
0.72875,727,808.794434,808.7983,-0.422973633,-0.0163597353
0.72878,728,808.794434,808.7983,-0.422973633,-0.0163597353
0.72999,729,808.794434,808.798157,-0.4095459,-0.0163597353
0.73173,730,808.794434,808.798157,-0.4095459,-0.0163597353
0.73175,731,808.794434,808.798157,-0.4095459,-0.0163597353
0.73300,732,808.794434,808.798157,-0.4095459,-0.0163597353
0.73302,733,808.794434,808.798157,-0.4095459,-0.0163597353
0.73484,734,808.794434,808.798157,-0.4095459,0
0.73664,735,808.794434,808.798157,-0.4095459,0
0.73665,736,808.794434,808.798157,-0.4095459,0
0.73796,737,808.794434,808.798157,-0.4095459,0
0.73973,738,808.794434,808.798157,-0.4095459,0
0.73974,739,808.794434,808.798157,-0.4095459,0
0.74099,740,808.794434,808.798157,-0.4095459,0
0.74100,741,808.794434,808.798157,-0.4095459,0
0.74285,742,808.794434,808.798157,-0.4095459,0
0.74464,743,808.794434,808.798157,-0.4095459,0
0.74465,744,808.794434,808.798157,-0.4095459,0
0.74600,745,808.794434,808.798157,-0.4095459,0
0.74778,746,808.794434,808.798157,-0.4095459,0
0.74780,747,808.794434,808.798157,-0.4095459,0
0.74900,748,808.794434,808.798157,-0.4095459,0
0.74901,749,808.794434,808.798157,-0.4095459,0
0.75086,750,808.794434,808.798157,-0.4095459,0
0.75264,751,808.794434,808.798157,-0.4095459,0
0.75265,752,808.794434,808.798157,-0.4095459,0
0.75398,753,808.794434,808.798157,-0.4095459,0
0.75574,754,808.794434,808.798157,-0.4095459,0
0.75575,755,808.794434,808.798157,-0.4095459,0
0.75699,756,808.794434,808.798157,-0.4095459,0
0.75702,757,808.794434,808.798157,-0.4095459,-0.0163597353
0.75881,758,808.794434,808.798157,-0.4095459,-0.0163597353
0.76064,759,808.794434,808.798157,-0.4095459,-0.0272662267
0.76065,760,808.794434,808.798157,-0.4095459,-0.0272662267
0.76194,761,808.794434,808.798157,-0.4095459,-0.0272662267
0.76373,762,808.794434,808.798157,-0.4095459,-0.0272662267
0.76375,763,808.794434,808.798157,-0.4095459,-0.0272662267
0.76501,764,808.794434,808.798157,-0.4095459,-0.0163597353
0.76502,765,808.794434,808.798157,-0.4095459,-0.0163597353
0.76685,766,808.794434,808.798035,-0.396118164,-0.0163597353
0.76866,767,808.794434,808.798035,-0.396118164,-0.0272662267
0.76868,768,808.794434,808.798035,-0.396118164,-0.0272662267
0.76997,769,808.794434,808.798035,-0.396118164,-0.03817272
0.77182,770,808.794434,808.798035,-0.396118164,-0.03817272
0.77184,771,808.794434,808.798,-0.3894043,-0.03817272
0.77299,772,808.794434,808.797852,-0.375976563,-0.03817272
0.77303,773,808.794434,808.797852,-0.375976563,-0.0272662267
0.77482,774,808.794434,808.797852,-0.375976563,-0.0272662267
0.77676,775,808.794434,808.797852,-0.375976563,-0.0272662267
0.77677,776,808.794434,808.797852,-0.375976563,-0.0272662267
0.77792,777,808.794434,808.797852,-0.375976563,-0.0272662267
0.77975,778,808.794434,808.797852,-0.375976563,-0.0272662267
0.77977,779,808.794434,808.797852,-0.375976563,-0.0272662267
0.78101,780,808.794434,808.797852,-0.375976563,0
0.78103,781,808.794434,808.797852,-0.375976563,0.0109064905
0.78282,782,808.794434,808.797852,-0.375976563,0.0109064905
0.78467,783,808.794434,808.797852,-0.375976563,0.0109064905
0.78470,784,808.794434,808.797852,-0.375976563,0.0109064905
0.78599,785,808.794434,808.797852,-0.375976563,0
0.78772,786,808.794434,808.797852,-0.375976563,0
0.78773,787,808.794434,808.797852,-0.375976563,0
0.78900,788,808.794434,808.797852,-0.375976563,0
0.78903,789,808.794434,808.797852,-0.375976563,0
0.79081,790,808.794434,808.797852,-0.375976563,0
0.79268,791,808.794434,808.797852,-0.375976563,0
0.79270,792,808.794434,808.797852,-0.375976563,0
0.79391,793,808.794434,808.797852,-0.375976563,0
0.79573,794,808.794434,808.797852,-0.375976563,0
0.79575,795,808.794434,808.797852,-0.375976563,0
0.79701,796,808.794434,808.797852,-0.375976563,0
0.79703,797,808.794434,808.797852,-0.375976563,0
0.79881,798,808.794434,808.797852,-0.375976563,-0.0163597353
0.80065,799,808.794434,808.797852,-0.375976563,-0.0163597353
0.80066,800,808.794434,808.797852,-0.375976563,-0.0163597353
0.80191,801,808.794434,808.7978,-0.3692627,-0.0163597353
0.80374,802,808.794434,808.7978,-0.3692627,-0.03817272
0.80376,803,808.794434,808.7977,-0.362548828,-0.03817272
0.80501,804,808.794434,808.7977,-0.362548828,-0.04907921
0.80504,805,808.794434,808.7977,-0.362548828,-0.04907921
0.80684,806,808.794434,808.7977,-0.362548828,-0.03817272
0.80865,807,808.794434,808.7976,-0.3491211,-0.03817272
0.80866,808,808.794434,808.797546,-0.342407227,-0.03817272
0.80994,809,808.794434,808.797546,-0.342407227,-0.03817272
0.81197,810,808.794434,808.797546,-0.342407227,-0.03817272
0.81203,811,808.794434,808.797546,-0.342407227,-0.03817272
0.81302,812,808.794434,808.7975,-0.335693359,-0.03817272
0.81304,813,808.794434,808.7974,-0.3289795,-0.04907921
0.81486,814,808.794434,808.7974,-0.3289795,-0.04907921
0.81664,815,808.794434,808.7974,-0.3289795,-0.04907921
0.81665,816,808.794434,808.7973,-0.315551758,-0.04907921
0.81790,817,808.794434,808.797241,-0.3088379,-0.03817272
0.81973,818,808.794434,808.797241,-0.3088379,-0.03817272
0.81977,819,808.794434,808.797241,-0.3088379,-0.03817272
0.82099,820,808.794434,808.797241,-0.3088379,-0.03817272
0.82101,821,808.794434,808.797058,-0.2886963,-0.04907921
0.82281,822,808.794434,808.797058,-0.2886963,-0.04907921
0.82467,823,808.794434,808.797,-0.281982422,-0.0599856973
0.82469,824,808.794434,808.796936,-0.275268555,-0.07089219
0.82591,825,808.794434,808.7969,-0.2685547,-0.08179868
0.82775,826,808.794434,808.796753,-0.255126953,-0.09270517
0.82776,827,808.794434,808.796631,-0.241699219,-0.09270517
0.82903,828,808.794434,808.796448,-0.221557617,-0.103611663
0.82906,829,808.794434,808.7963,-0.208129883,-0.103611663
0.83084,830,808.794434,808.7963,-0.208129883,-0.130877882
0.83265,831,808.794434,808.7961,-0.181274414,-0.130877882
0.83267,832,808.794434,808.795959,-0.16784668,-0.141784385
0.83390,833,808.794434,808.7958,-0.147705078,-0.141784385
0.83573,834,808.794434,808.795654,-0.134277344,-0.152690873
0.83576,835,808.794434,808.795532,-0.120849609,-0.152690873
0.83701,836,808.794434,808.7955,-0.114135742,-0.152690873
0.83704,837,808.794434,808.795349,-0.100708008,-0.141784385
0.83882,838,808.794434,808.795166,-0.0805664063,-0.141784385
0.84065,839,808.794434,808.795166,-0.0805664063,-0.130877882
0.84066,840,808.794434,808.7951,-0.07385254,-0.103611663
0.84190,841,808.794434,808.7951,-0.07385254,-0.08179868
0.84373,842,808.794434,808.795166,-0.0805664063,-0.03817272
0.84374,843,808.794434,808.795166,-0.0805664063,-0.0163597353
0.84527,844,808.794434,808.7952,-0.08728027,0.021812981
0.84532,845,808.794434,808.795349,-0.100708008,0.043625962
0.84686,846,808.794434,808.7954,-0.107421875,0.06543894
0.84865,847,808.794434,808.7955,-0.114135742,0.07634544
0.84868,848,808.794434,808.795654,-0.134277344,0.06543894
0.84991,849,808.794434,808.7958,-0.147705078,0.087251924
0.85175,850,808.794434,808.7958,-0.147705078,0.087251924
0.85178,851,808.794434,808.795959,-0.16784668,0.087251924
0.85300,852,808.794434,808.7961,-0.181274414,0.07634544
0.85302,853,808.794434,808.7961,-0.181274414,0.07634544
0.85483,854,808.794434,808.7962,-0.194702148,0.06543894
0.85666,855,808.794434,808.7963,-0.208129883,0.06543894
0.85668,856,808.794434,808.7963,-0.208129883,0.043625962
0.85792,857,808.794434,808.7963,-0.208129883,0.03271947
0.85973,858,808.794434,808.7963,-0.208129883,0.0109064905
0.85975,859,808.794434,808.7962,-0.194702148,-0.0163597353
0.86098,860,808.794434,808.7961,-0.181274414,-0.03817272
0.86099,861,808.794434,808.7961,-0.181274414,-0.04907921
0.86283,862,808.794434,808.795959,-0.16784668,-0.07089219
0.86469,863,808.794434,808.7959,-0.161132813,-0.07089219
0.86472,864,808.794434,808.7958,-0.147705078,-0.07089219
0.86591,865,808.794434,808.7958,-0.147705078,-0.08179868
0.86774,866,808.794434,808.795654,-0.134277344,-0.08179868
0.86777,867,808.794434,808.795654,-0.134277344,-0.08179868
0.86899,868,808.794434,808.795532,-0.120849609,-0.08179868
0.86901,869,808.794434,808.7955,-0.114135742,-0.07089219
0.87083,870,808.794434,808.7955,-0.114135742,-0.07089219
0.87269,871,808.794434,808.7954,-0.107421875,-0.0599856973
0.87273,872,808.794434,808.7954,-0.107421875,-0.0599856973
0.87391,873,808.794434,808.7955,-0.114135742,-0.03817272
0.87575,874,808.794434,808.7955,-0.114135742,-0.0163597353
0.87576,875,808.794434,808.7955,-0.114135742,0.0109064905
0.87698,876,808.794434,808.795532,-0.120849609,0.021812981
0.87699,877,808.794434,808.795654,-0.134277344,0.03271947
0.87885,878,808.794434,808.795654,-0.134277344,0.043625962
0.88066,879,808.794434,808.7957,-0.140991211,0.043625962
0.88068,880,808.794434,808.7958,-0.147705078,0.0545324534
0.88191,881,808.794434,808.7958,-0.147705078,0.043625962
0.88372,882,808.794434,808.7958,-0.147705078,0.03271947
0.88374,883,808.794434,808.7959,-0.161132813,0.03271947
0.88500,884,808.794434,808.795959,-0.16784668,0.03271947
0.88501,885,808.794434,808.795959,-0.16784668,0.03271947
0.88682,886,808.794434,808.795959,-0.16784668,0.03271947
0.88870,887,808.794434,808.795959,-0.16784668,0.021812981
0.88874,888,808.794434,808.7959,-0.161132813,-0.0163597353
0.88991,889,808.794434,808.7959,-0.161132813,-0.0272662267
0.89176,890,808.794434,808.7958,-0.147705078,-0.03817272
0.89180,891,808.794434,808.7958,-0.147705078,-0.04907921
0.89299,892,808.794434,808.7957,-0.140991211,-0.0272662267
0.89301,893,808.794434,808.795654,-0.134277344,-0.04907921
0.89483,894,808.794434,808.795654,-0.134277344,-0.04907921
0.89673,895,808.794434,808.795654,-0.134277344,-0.04907921
0.89675,896,808.794434,808.795654,-0.134277344,-0.04907921
0.89790,897,808.794434,808.795532,-0.120849609,-0.03817272
0.89977,898,808.794434,808.795532,-0.120849609,-0.03817272
0.89980,899,808.794434,808.7955,-0.114135742,-0.03817272
0.90100,900,808.794434,808.7955,-0.114135742,-0.03817272
0.90103,901,808.794434,808.7955,-0.114135742,-0.0272662267
0.90283,902,808.794434,808.7955,-0.114135742,-0.0163597353
0.90467,903,808.794434,808.795654,-0.134277344,0
0.90471,904,808.794434,808.795654,-0.134277344,0.0109064905
0.90592,905,808.794434,808.795654,-0.134277344,0.021812981
0.90775,906,808.794434,808.795654,-0.134277344,0.021812981
0.90776,907,808.794434,808.7957,-0.140991211,0.021812981
0.90901,908,808.794434,808.7957,-0.140991211,0.021812981
0.90902,909,808.794434,808.7958,-0.147705078,0.021812981
0.91081,910,808.794434,808.7958,-0.147705078,0.021812981
0.91267,911,808.794434,808.7958,-0.147705078,0.0109064905
0.91269,912,808.794434,808.7958,-0.147705078,0.0109064905
0.91390,913,808.794434,808.7958,-0.147705078,0.0109064905
0.91575,914,808.794434,808.7958,-0.147705078,0.0109064905
0.91578,915,808.794434,808.7958,-0.147705078,0.0109064905
0.91699,916,808.794434,808.7958,-0.147705078,0.0109064905
0.91701,917,808.794434,808.7958,-0.147705078,0
0.91883,918,808.794434,808.7958,-0.147705078,-0.0163597353
0.92068,919,808.794434,808.7957,-0.140991211,-0.0272662267
0.92071,920,808.794434,808.7957,-0.140991211,-0.03817272
0.92190,921,808.794434,808.795654,-0.134277344,-0.03817272
0.92375,922,808.794434,808.795654,-0.134277344,-0.03817272
0.92378,923,808.794434,808.795654,-0.134277344,-0.03817272
0.92499,924,808.794434,808.795654,-0.134277344,-0.03817272
0.92501,925,808.794434,808.795654,-0.134277344,-0.03817272
0.92682,926,808.794434,808.795532,-0.120849609,-0.0272662267
0.92874,927,808.794434,808.795532,-0.120849609,-0.0272662267
0.92878,928,808.794434,808.795532,-0.120849609,-0.0163597353
0.92994,929,808.794434,808.795532,-0.120849609,-0.0163597353
0.93176,930,808.794434,808.795532,-0.120849609,-0.0163597353
0.93179,931,808.794434,808.795654,-0.134277344,0
0.93301,932,808.794434,808.795654,-0.134277344,0.0109064905
0.93304,933,808.794434,808.795654,-0.134277344,0.0109064905
0.93485,934,808.794434,808.795654,-0.134277344,0.021812981
0.93667,935,808.794434,808.795654,-0.134277344,0.021812981
0.93670,936,808.794434,808.795654,-0.134277344,0.0109064905
0.93798,937,808.794434,808.795654,-0.134277344,0.0109064905
0.93975,938,808.794434,808.795654,-0.134277344,0.0109064905
0.93977,939,808.794434,808.7957,-0.140991211,0
0.94104,940,808.794434,808.7957,-0.140991211,0
0.94107,941,808.794434,808.7958,-0.147705078,0
0.94285,942,808.794434,808.7958,-0.147705078,0.0109064905
0.94469,943,808.794434,808.7957,-0.140991211,0.0109064905
0.94472,944,808.794434,808.7957,-0.140991211,0
0.94592,945,808.794434,808.795654,-0.134277344,-0.0163597353
0.94778,946,808.794434,808.795654,-0.134277344,-0.0272662267
0.94781,947,808.794434,808.795654,-0.134277344,-0.0272662267
0.94901,948,808.794434,808.795654,-0.134277344,-0.0272662267
0.94902,949,808.794434,808.795654,-0.134277344,-0.0272662267
0.95084,950,808.794434,808.795654,-0.134277344,-0.0163597353
0.95269,951,808.794434,808.795654,-0.134277344,-0.0163597353
0.95271,952,808.794434,808.795654,-0.134277344,-0.0272662267
0.95390,953,808.794434,808.795654,-0.134277344,-0.0272662267
0.95576,954,808.794434,808.795532,-0.120849609,-0.0272662267
0.95578,955,808.794434,808.795532,-0.120849609,-0.0163597353
0.95699,956,808.794434,808.795654,-0.134277344,-0.0163597353
0.95700,957,808.794434,808.795654,-0.134277344,0
0.95881,958,808.794434,808.795654,-0.134277344,0
0.96067,959,808.794434,808.795654,-0.134277344,0
0.96069,960,808.794434,808.795654,-0.134277344,0.021812981
0.96192,961,808.794434,808.795654,-0.134277344,0.0109064905
0.96378,962,808.794434,808.795654,-0.134277344,0.0109064905
0.96382,963,808.794434,808.795654,-0.134277344,0.0109064905
0.96500,964,808.794434,808.795654,-0.134277344,0
0.96501,965,808.794434,808.795654,-0.134277344,0
0.96686,966,808.794434,808.795654,-0.134277344,0
0.96867,967,808.794434,808.795654,-0.134277344,0
0.96870,968,808.794434,808.795654,-0.134277344,0
0.96993,969,808.794434,808.795654,-0.134277344,0
0.97176,970,808.794434,808.795654,-0.134277344,0
0.97180,971,808.794434,808.795654,-0.134277344,0
0.97299,972,808.794434,808.795654,-0.134277344,0
0.97300,973,808.794434,808.795654,-0.134277344,0
0.97483,974,808.794434,808.795654,-0.134277344,0
0.97665,975,808.794434,808.795654,-0.134277344,-0.0163597353
0.97668,976,808.794434,808.795654,-0.134277344,-0.0163597353
0.97790,977,808.794434,808.795654,-0.134277344,-0.0163597353
0.97976,978,808.794434,808.795654,-0.134277344,-0.0163597353
0.97980,979,808.794434,808.795654,-0.134277344,0
0.98101,980,808.794434,808.795654,-0.134277344,0
0.98103,981,808.794434,808.795654,-0.134277344,0
0.98284,982,808.794434,808.795654,-0.134277344,0
0.98468,983,808.794434,808.795654,-0.134277344,0
0.98472,984,808.794434,808.795654,-0.134277344,0
0.98592,985,808.794434,808.795654,-0.134277344,0
0.98775,986,808.794434,808.795654,-0.134277344,0
0.98777,987,808.794434,808.795654,-0.134277344,0
0.98899,988,808.794434,808.795654,-0.134277344,0
0.98900,989,808.794434,808.795654,-0.134277344,0
0.99084,990,808.794434,808.795654,-0.134277344,0
0.99268,991,808.794434,808.795654,-0.134277344,0
0.99270,992,808.794434,808.795654,-0.134277344,0
0.99390,993,808.794434,808.795654,-0.134277344,0
0.99577,994,808.794434,808.795654,-0.134277344,0
0.99583,995,808.794434,808.795654,-0.134277344,0
0.99700,996,808.794434,808.795654,-0.134277344,0
0.99702,997,808.794434,808.795654,-0.134277344,0
0.99884,998,808.794434,808.795654,-0.134277344,0
1.00066,999,808.794434,808.795654,-0.134277344,0
1.00070,1000,808.794434,808.795654,-0.134277344,0
1.00192,1001,808.794434,808.795654,-0.134277344,0
1.00376,1002,808.794434,808.795654,-0.134277344,0
1.00378,1003,808.794434,808.795654,-0.134277344,0
1.00499,1004,808.794434,808.795654,-0.134277344,0
1.00500,1005,808.794434,808.795654,-0.134277344,0
1.00690,1006,808.794434,808.795654,-0.134277344,0
1.00869,1007,808.794434,808.795654,-0.134277344,0
1.00872,1008,808.794434,808.795654,-0.134277344,0
1.00991,1009,808.794434,808.795654,-0.134277344,0
1.01196,1010,808.794434,808.795654,-0.134277344,0
1.01200,1011,808.794434,808.795654,-0.134277344,0
1.01300,1012,808.794434,808.795654,-0.134277344,0
1.01303,1013,808.794434,808.795654,-0.134277344,0
1.01487,1014,808.794434,808.795654,-0.134277344,0
1.01678,1015,808.794434,808.795654,-0.134277344,0
1.01682,1016,808.794434,808.795654,-0.134277344,0
1.01792,1017,808.794434,808.795654,-0.134277344,0
1.01977,1018,808.794434,808.795654,-0.134277344,0
1.01980,1019,808.794434,808.795654,-0.134277344,0
1.02101,1020,808.794434,808.795654,-0.134277344,0
1.02103,1021,808.794434,808.795654,-0.134277344,0
1.02286,1022,808.794434,808.795654,-0.134277344,0
1.02465,1023,808.794434,808.795654,-0.134277344,-0.0163597353
1.02466,1024,808.794434,808.795654,-0.134277344,-0.0163597353
1.02592,1025,808.794434,808.795654,-0.134277344,-0.0163597353
1.02777,1026,808.794434,808.795654,-0.134277344,-0.0163597353
1.02780,1027,808.794434,808.795654,-0.134277344,-0.0163597353
1.02905,1028,808.794434,808.795654,-0.134277344,0
1.02909,1029,808.794434,808.795654,-0.134277344,0
1.03088,1030,808.794434,808.795654,-0.134277344,0
1.03270,1031,808.794434,808.795654,-0.134277344,0
1.03273,1032,808.794434,808.795654,-0.134277344,0
1.03391,1033,808.794434,808.795654,-0.134277344,0
1.03576,1034,808.794434,808.795654,-0.134277344,0
1.03579,1035,808.794434,808.795654,-0.134277344,0
1.03700,1036,808.794434,808.795654,-0.134277344,0
1.03701,1037,808.794434,808.795654,-0.134277344,0
1.03886,1038,808.794434,808.795654,-0.134277344,0
1.04065,1039,808.794434,808.795654,-0.134277344,0
1.04068,1040,808.794434,808.795654,-0.134277344,0
1.04191,1041,808.794434,808.795654,-0.134277344,0
1.04374,1042,808.794434,808.795654,-0.134277344,0
1.04376,1043,808.794434,808.795654,-0.134277344,0
1.04513,1044,808.794434,808.795654,-0.134277344,0
1.04519,1045,808.794434,808.795654,-0.134277344,0
1.04684,1046,808.794434,808.795532,-0.120849609,-0.0163597353
1.04870,1047,808.794434,808.795532,-0.120849609,-0.0163597353
1.04873,1048,808.794434,808.795532,-0.120849609,-0.0163597353
1.04991,1049,808.794434,808.795532,-0.120849609,-0.0163597353
1.05175,1050,808.794434,808.795532,-0.120849609,-0.0163597353
1.05177,1051,808.794434,808.795532,-0.120849609,0
1.05299,1052,808.794434,808.795532,-0.120849609,0
1.05301,1053,808.794434,808.795532,-0.120849609,0
1.05486,1054,808.794434,808.795532,-0.120849609,0
1.05667,1055,808.794434,808.795532,-0.120849609,0
1.05669,1056,808.794434,808.795532,-0.120849609,0
1.05794,1057,808.794434,808.795532,-0.120849609,0
1.05981,1058,808.794434,808.795532,-0.120849609,0
1.05985,1059,808.794434,808.795532,-0.120849609,0
1.06100,1060,808.794434,808.795532,-0.120849609,0
1.06101,1061,808.794434,808.795532,-0.120849609,0
1.06283,1062,808.794434,808.795532,-0.120849609,0
1.06469,1063,808.794434,808.795532,-0.120849609,0
1.06474,1064,808.794434,808.795532,-0.120849609,0
1.06591,1065,808.794434,808.795532,-0.120849609,0
1.06777,1066,808.794434,808.795532,-0.120849609,0
1.06779,1067,808.794434,808.795532,-0.120849609,0
1.06898,1068,808.794434,808.795532,-0.120849609,0
1.06902,1069,808.794434,808.795532,-0.120849609,0
1.07083,1070,808.794434,808.795532,-0.120849609,0
1.07269,1071,808.794434,808.795532,-0.120849609,0
1.07272,1072,808.794434,808.795532,-0.120849609,0
1.07393,1073,808.794434,808.795532,-0.120849609,0
1.07578,1074,808.794434,808.795532,-0.120849609,0
1.07582,1075,808.794434,808.795532,-0.120849609,0
1.07700,1076,808.794434,808.795532,-0.120849609,0
1.07702,1077,808.794434,808.795532,-0.120849609,0
1.07889,1078,808.794434,808.795532,-0.120849609,0
1.08069,1079,808.794434,808.795532,-0.120849609,0
1.08073,1080,808.794434,808.795532,-0.120849609,0
1.08190,1081,808.794434,808.795532,-0.120849609,0
1.08375,1082,808.794434,808.795532,-0.120849609,0
1.08377,1083,808.794434,808.795532,-0.120849609,0
1.08500,1084,808.794434,808.795532,-0.120849609,0
1.08502,1085,808.794434,808.795532,-0.120849609,0
1.08686,1086,808.794434,808.795532,-0.120849609,0
1.08867,1087,808.794434,808.795532,-0.120849609,0
1.08870,1088,808.794434,808.795532,-0.120849609,0
1.08991,1089,808.794434,808.795532,-0.120849609,0
1.09178,1090,808.794434,808.795532,-0.120849609,0
1.09182,1091,808.794434,808.795532,-0.120849609,0
1.09298,1092,808.794434,808.795532,-0.120849609,0
1.09300,1093,808.794434,808.795532,-0.120849609,0
1.09485,1094,808.794434,808.795532,-0.120849609,0
1.09670,1095,808.794434,808.795532,-0.120849609,0
1.09673,1096,808.794434,808.795532,-0.120849609,0
1.09795,1097,808.794434,808.795532,-0.120849609,0
1.09976,1098,808.794434,808.795532,-0.120849609,0
1.09980,1099,808.794434,808.795532,-0.120849609,0
1.10101,1100,808.794434,808.795532,-0.120849609,0
1.10103,1101,808.794434,808.795532,-0.120849609,0
1.10286,1102,808.794434,808.795532,-0.120849609,0
1.10467,1103,808.794434,808.795532,-0.120849609,0
1.10469,1104,808.794434,808.795532,-0.120849609,0
1.10591,1105,808.794434,808.7955,-0.114135742,-0.0163597353
1.10778,1106,808.794434,808.7955,-0.114135742,-0.0272662267
1.10781,1107,808.794434,808.7955,-0.114135742,-0.0272662267
1.10901,1108,808.794434,808.7955,-0.114135742,-0.0272662267
1.10905,1109,808.794434,808.7955,-0.114135742,-0.0272662267
1.11086,1110,808.794434,808.7955,-0.114135742,-0.0163597353
1.11268,1111,808.794434,808.7955,-0.114135742,-0.0163597353
1.11271,1112,808.794434,808.7955,-0.114135742,-0.0163597353
1.11395,1113,808.794434,808.7955,-0.114135742,0
1.11578,1114,808.794434,808.7955,-0.114135742,0
1.11582,1115,808.794434,808.7955,-0.114135742,0
1.11699,1116,808.794434,808.7955,-0.114135742,0
1.11700,1117,808.794434,808.7955,-0.114135742,0
1.11884,1118,808.794434,808.7955,-0.114135742,0
1.12070,1119,808.794434,808.7955,-0.114135742,0
1.12072,1120,808.794434,808.7955,-0.114135742,0
1.12190,1121,808.794434,808.7955,-0.114135742,0
1.12377,1122,808.794434,808.7955,-0.114135742,0
1.12380,1123,808.794434,808.7955,-0.114135742,0
1.12499,1124,808.794434,808.7955,-0.114135742,0
1.12501,1125,808.794434,808.7955,-0.114135742,0
1.12686,1126,808.794434,808.7955,-0.114135742,0
1.12879,1127,808.794434,808.7955,-0.114135742,0
1.12883,1128,808.794434,808.7955,-0.114135742,0
1.12993,1129,808.794434,808.7955,-0.114135742,0
1.13179,1130,808.794434,808.7955,-0.114135742,0
1.13181,1131,808.794434,808.7955,-0.114135742,-0.0163597353
1.13300,1132,808.794434,808.7955,-0.114135742,-0.0163597353
1.13301,1133,808.794434,808.7955,-0.114135742,-0.0163597353
1.13485,1134,808.794434,808.7955,-0.114135742,-0.0163597353
1.13667,1135,808.794434,808.7955,-0.114135742,0
1.13668,1136,808.794434,808.7955,-0.114135742,0
1.13795,1137,808.794434,808.7955,-0.114135742,0
1.13976,1138,808.794434,808.7955,-0.114135742,0
1.13979,1139,808.794434,808.7955,-0.114135742,0
1.14101,1140,808.794434,808.7955,-0.114135742,0
1.14103,1141,808.794434,808.7955,-0.114135742,0
1.14287,1142,808.794434,808.7955,-0.114135742,0
1.14471,1143,808.794434,808.7955,-0.114135742,0
1.14474,1144,808.794434,808.7955,-0.114135742,0
1.14591,1145,808.794434,808.7955,-0.114135742,0
1.14777,1146,808.794434,808.7955,-0.114135742,0
1.14780,1147,808.794434,808.7955,-0.114135742,0
1.14901,1148,808.794434,808.7955,-0.114135742,0
1.14903,1149,808.794434,808.7955,-0.114135742,0
1.15084,1150,808.794434,808.7955,-0.114135742,0
1.15273,1151,808.794434,808.7955,-0.114135742,0
1.15275,1152,808.794434,808.7955,-0.114135742,0
1.15392,1153,808.794434,808.7955,-0.114135742,0
1.15577,1154,808.794434,808.7955,-0.114135742,0
1.15579,1155,808.794434,808.7955,-0.114135742,0
1.15699,1156,808.794434,808.7955,-0.114135742,0
1.15701,1157,808.794434,808.7955,-0.114135742,0
1.15886,1158,808.794434,808.7955,-0.114135742,0
1.16065,1159,808.794434,808.7955,-0.114135742,0
1.16069,1160,808.794434,808.7955,-0.114135742,0
1.16190,1161,808.794434,808.7955,-0.114135742,0
1.16377,1162,808.794434,808.7955,-0.114135742,0
1.16382,1163,808.794434,808.7955,-0.114135742,0
1.16499,1164,808.794434,808.7955,-0.114135742,0
1.16501,1165,808.794434,808.7955,-0.114135742,0
1.16688,1166,808.794434,808.7955,-0.114135742,0
1.16867,1167,808.794434,808.7955,-0.114135742,0
1.16871,1168,808.794434,808.7955,-0.114135742,0
1.16990,1169,808.794434,808.7955,-0.114135742,0
1.17177,1170,808.794434,808.7955,-0.114135742,0
1.17180,1171,808.794434,808.7955,-0.114135742,0
1.17303,1172,808.794434,808.7955,-0.114135742,0
1.17307,1173,808.794434,808.7955,-0.114135742,0
1.17483,1174,808.794434,808.7955,-0.114135742,0
1.17667,1175,808.794434,808.7955,-0.114135742,0
1.17669,1176,808.794434,808.7955,-0.114135742,0
1.17792,1177,808.794434,808.7955,-0.114135742,0
1.17974,1178,808.794434,808.7955,-0.114135742,0
1.17976,1179,808.794434,808.7955,-0.114135742,0
1.18105,1180,808.794434,808.7955,-0.114135742,0
1.18109,1181,808.794434,808.7955,-0.114135742,0
1.18287,1182,808.794434,808.7955,-0.114135742,0
1.18466,1183,808.794434,808.7955,-0.114135742,0
1.18469,1184,808.794434,808.7955,-0.114135742,0
1.18590,1185,808.794434,808.7955,-0.114135742,0
1.18776,1186,808.794434,808.7955,-0.114135742,0
1.18780,1187,808.794434,808.7955,-0.114135742,0
1.18900,1188,808.794434,808.7955,-0.114135742,0
1.18904,1189,808.794434,808.7955,-0.114135742,0
1.19086,1190,808.794434,808.7955,-0.114135742,0
1.19265,1191,808.794434,808.7955,-0.114135742,0
1.19267,1192,808.794434,808.7955,-0.114135742,0
1.19390,1193,808.794434,808.7955,-0.114135742,0
1.19576,1194,808.794434,808.7955,-0.114135742,-0.0163597353
1.19582,1195,808.794434,808.7955,-0.114135742,-0.0272662267
1.19701,1196,808.794434,808.7955,-0.114135742,-0.0272662267
1.19702,1197,808.794434,808.7954,-0.107421875,-0.0272662267
1.19889,1198,808.794434,808.7954,-0.107421875,-0.0272662267
1.20065,1199,808.794434,808.7954,-0.107421875,-0.0163597353
1.20067,1200,808.794434,808.7954,-0.107421875,-0.0163597353
1.20191,1201,808.794434,808.7954,-0.107421875,-0.0163597353
1.20376,1202,808.794434,808.7954,-0.107421875,-0.0163597353
1.20380,1203,808.794434,808.7955,-0.114135742,0
1.20501,1204,808.794434,808.7955,-0.114135742,0
1.20505,1205,808.794434,808.7955,-0.114135742,0
1.20693,1206,808.794434,808.7955,-0.114135742,0
1.20867,1207,808.794434,808.7955,-0.114135742,0
1.20870,1208,808.794434,808.7955,-0.114135742,0
1.20991,1209,808.794434,808.7955,-0.114135742,0
1.21198,1210,808.794434,808.7955,-0.114135742,0
1.21206,1211,808.794434,808.7955,-0.114135742,0
1.21302,1212,808.794434,808.7955,-0.114135742,0
1.21306,1213,808.794434,808.7955,-0.114135742,0
1.21484,1214,808.794434,808.7955,-0.114135742,0
1.21668,1215,808.794434,808.7955,-0.114135742,0
1.21672,1216,808.794434,808.7955,-0.114135742,0
1.21791,1217,808.794434,808.7955,-0.114135742,0
1.21978,1218,808.794434,808.7955,-0.114135742,0
1.21980,1219,808.794434,808.7955,-0.114135742,0
1.22101,1220,808.794434,808.7955,-0.114135742,0
1.22106,1221,808.794434,808.7955,-0.114135742,-0.0163597353
1.22286,1222,808.794434,808.7955,-0.114135742,-0.0163597353
1.22466,1223,808.794434,808.7955,-0.114135742,-0.0163597353
1.22469,1224,808.794434,808.7955,-0.114135742,-0.0163597353
1.22593,1225,808.794434,808.7954,-0.107421875,-0.0163597353
1.22779,1226,808.794434,808.795349,-0.100708008,-0.0163597353
1.22782,1227,808.794434,808.795349,-0.100708008,-0.0272662267
1.22902,1228,808.794434,808.795349,-0.100708008,-0.0272662267
1.22905,1229,808.794434,808.795349,-0.100708008,-0.0272662267
1.23085,1230,808.794434,808.795349,-0.100708008,-0.0163597353
1.23269,1231,808.794434,808.795349,-0.100708008,-0.0163597353
1.23271,1232,808.794434,808.795349,-0.100708008,-0.0163597353
1.23396,1233,808.794434,808.795349,-0.100708008,0
1.23576,1234,808.794434,808.795349,-0.100708008,0
1.23579,1235,808.794434,808.7954,-0.107421875,0.0109064905
1.23699,1236,808.794434,808.7954,-0.107421875,0.0109064905
1.23701,1237,808.794434,808.7954,-0.107421875,0
1.23885,1238,808.794434,808.7954,-0.107421875,0
1.24065,1239,808.794434,808.7954,-0.107421875,0
1.24068,1240,808.794434,808.7954,-0.107421875,0
1.24190,1241,808.794434,808.7954,-0.107421875,0
1.24372,1242,808.794434,808.7954,-0.107421875,0
1.24374,1243,808.794434,808.7954,-0.107421875,0
1.24511,1244,808.794434,808.7954,-0.107421875,0
1.24513,1245,808.794434,808.7954,-0.107421875,0
1.24684,1246,808.794434,808.795349,-0.100708008,0
1.24866,1247,808.794434,808.795349,-0.100708008,-0.0163597353
1.24867,1248,808.794434,808.795349,-0.100708008,-0.0163597353
1.24991,1249,808.794434,808.795349,-0.100708008,-0.0163597353
1.25173,1250,808.794434,808.795349,-0.100708008,-0.0163597353
1.25174,1251,808.794434,808.795349,-0.100708008,-0.0163597353
1.25299,1252,808.794434,808.795349,-0.100708008,-0.0163597353
1.25301,1253,808.794434,808.795349,-0.100708008,-0.0163597353
1.25485,1254,808.794434,808.795349,-0.100708008,0
1.25664,1255,808.794434,808.795349,-0.100708008,0
1.25666,1256,808.794434,808.795349,-0.100708008,0
1.25790,1257,808.794434,808.795349,-0.100708008,0
1.25975,1258,808.794434,808.795349,-0.100708008,0
1.25979,1259,808.794434,808.795349,-0.100708008,0
1.26100,1260,808.794434,808.795349,-0.100708008,0
1.26102,1261,808.794434,808.795349,-0.100708008,0
1.26286,1262,808.794434,808.795349,-0.100708008,0
1.26466,1263,808.794434,808.795349,-0.100708008,0
1.26469,1264,808.794434,808.795349,-0.100708008,0
1.26593,1265,808.794434,808.795349,-0.100708008,0
1.26775,1266,808.794434,808.795349,-0.100708008,0
1.26776,1267,808.794434,808.795349,-0.100708008,0
1.26900,1268,808.794434,808.795349,-0.100708008,0
1.26902,1269,808.794434,808.795349,-0.100708008,0
1.27088,1270,808.794434,808.795349,-0.100708008,0
1.27267,1271,808.794434,808.795349,-0.100708008,0
1.27270,1272,808.794434,808.795349,-0.100708008,0
1.27391,1273,808.794434,808.795349,-0.100708008,0
1.27574,1274,808.794434,808.795349,-0.100708008,0
1.27576,1275,808.794434,808.795349,-0.100708008,0
1.27705,1276,808.794434,808.795349,-0.100708008,0
1.27710,1277,808.794434,808.795349,-0.100708008,0
1.27887,1278,808.794434,808.795349,-0.100708008,0
1.28066,1279,808.794434,808.795349,-0.100708008,0
1.28068,1280,808.794434,808.795349,-0.100708008,0
1.28196,1281,808.794434,808.795349,-0.100708008,0
1.28375,1282,808.794434,808.795349,-0.100708008,0
1.28377,1283,808.794434,808.795349,-0.100708008,0
1.28501,1284,808.794434,808.795349,-0.100708008,0
1.28506,1285,808.794434,808.795349,-0.100708008,0
1.28682,1286,808.794434,808.795349,-0.100708008,0
1.28868,1287,808.794434,808.795349,-0.100708008,0
1.28871,1288,808.794434,808.795349,-0.100708008,0
1.28993,1289,808.794434,808.795349,-0.100708008,0
1.29174,1290,808.794434,808.795349,-0.100708008,0
1.29177,1291,808.794434,808.795349,-0.100708008,0
1.29300,1292,808.794434,808.795349,-0.100708008,0
1.29302,1293,808.794434,808.795349,-0.100708008,0
1.29487,1294,808.794434,808.795349,-0.100708008,0
1.29667,1295,808.794434,808.795349,-0.100708008,0
1.29671,1296,808.794434,808.795349,-0.100708008,0
1.29793,1297,808.794434,808.795349,-0.100708008,0
1.29974,1298,808.794434,808.795349,-0.100708008,0
1.29976,1299,808.794434,808.795349,-0.100708008,0
1.30101,1300,808.794434,808.795349,-0.100708008,0
1.30102,1301,808.794434,808.795349,-0.100708008,0
1.30281,1302,808.794434,808.795349,-0.100708008,0
1.30464,1303,808.794434,808.795349,-0.100708008,0
1.30465,1304,808.794434,808.795349,-0.100708008,0
1.30591,1305,808.794434,808.795349,-0.100708008,0
1.30775,1306,808.794434,808.795349,-0.100708008,0
1.30777,1307,808.794434,808.795349,-0.100708008,0
1.30900,1308,808.794434,808.795349,-0.100708008,0
1.30903,1309,808.794434,808.795349,-0.100708008,0
1.31082,1310,808.794434,808.795349,-0.100708008,0
1.31270,1311,808.794434,808.795349,-0.100708008,0
1.31275,1312,808.794434,808.795349,-0.100708008,0
1.31395,1313,808.794434,808.795349,-0.100708008,0
1.31572,1314,808.794434,808.795349,-0.100708008,0
1.31575,1315,808.794434,808.795349,-0.100708008,0
1.31700,1316,808.794434,808.795349,-0.100708008,0
1.31702,1317,808.794434,808.795349,-0.100708008,0
1.31882,1318,808.794434,808.795349,-0.100708008,0
1.32067,1319,808.794434,808.795349,-0.100708008,0
1.32069,1320,808.794434,808.795349,-0.100708008,0
1.32190,1321,808.794434,808.795349,-0.100708008,0
1.32374,1322,808.794434,808.795349,-0.100708008,0
1.32376,1323,808.794434,808.795349,-0.100708008,0
1.32504,1324,808.794434,808.795349,-0.100708008,0
1.32507,1325,808.794434,808.795349,-0.100708008,0
1.32683,1326,808.794434,808.795349,-0.100708008,0
1.32874,1327,808.794434,808.795349,-0.100708008,0
1.32876,1328,808.794434,808.795349,-0.100708008,0
1.32994,1329,808.794434,808.795349,-0.100708008,-0.0163597353
1.33178,1330,808.794434,808.795349,-0.100708008,-0.0163597353
1.33182,1331,808.794434,808.795349,-0.100708008,-0.0163597353
1.33302,1332,808.794434,808.795349,-0.100708008,-0.0163597353
1.33304,1333,808.794434,808.795349,-0.100708008,-0.0163597353
1.33482,1334,808.794434,808.795349,-0.100708008,0
1.33668,1335,808.794434,808.795349,-0.100708008,0
1.33672,1336,808.794434,808.795349,-0.100708008,0
1.33794,1337,808.794434,808.795349,-0.100708008,0
1.33974,1338,808.794434,808.795349,-0.100708008,0
1.33976,1339,808.794434,808.795349,-0.100708008,0
1.34104,1340,808.794434,808.795349,-0.100708008,0
1.34107,1341,808.794434,808.795349,-0.100708008,0
1.34283,1342,808.794434,808.795349,-0.100708008,0
1.34466,1343,808.794434,808.795349,-0.100708008,0
1.34468,1344,808.794434,808.795349,-0.100708008,0
1.34595,1345,808.794434,808.795349,-0.100708008,0
1.34775,1346,808.794434,808.795349,-0.100708008,0
1.34777,1347,808.794434,808.795349,-0.100708008,0
1.34906,1348,808.794434,808.795349,-0.100708008,0
1.34909,1349,808.794434,808.795349,-0.100708008,0
1.35082,1350,808.794434,808.795349,-0.100708008,0
1.35264,1351,808.794434,808.795349,-0.100708008,0
1.35266,1352,808.794434,808.795349,-0.100708008,0
1.35390,1353,808.794434,808.795349,-0.100708008,0
1.35575,1354,808.794434,808.795349,-0.100708008,0
1.35577,1355,808.794434,808.795349,-0.100708008,0
1.35703,1356,808.794434,808.795349,-0.100708008,0
1.35705,1357,808.794434,808.795349,-0.100708008,0
1.35882,1358,808.794434,808.795349,-0.100708008,0
1.36067,1359,808.794434,808.795349,-0.100708008,0
1.36069,1360,808.794434,808.795349,-0.100708008,0
1.36194,1361,808.794434,808.795349,-0.100708008,0
1.36375,1362,808.794434,808.795349,-0.100708008,0
1.36377,1363,808.794434,808.795349,-0.100708008,0
1.36502,1364,808.794434,808.795349,-0.100708008,0
1.36503,1365,808.794434,808.795349,-0.100708008,0
1.36682,1366,808.794434,808.795349,-0.100708008,0
1.36865,1367,808.794434,808.795349,-0.100708008,0
1.36867,1368,808.794434,808.795349,-0.100708008,0
1.36992,1369,808.794434,808.795349,-0.100708008,0
1.37173,1370,808.794434,808.795349,-0.100708008,0
1.37175,1371,808.794434,808.795349,-0.100708008,0
1.37303,1372,808.794434,808.795349,-0.100708008,0
1.37305,1373,808.794434,808.795349,-0.100708008,0
1.37481,1374,808.794434,808.795349,-0.100708008,0
1.37668,1375,808.794434,808.795349,-0.100708008,0
1.37671,1376,808.794434,808.795349,-0.100708008,0
1.37790,1377,808.794434,808.795349,-0.100708008,0
1.37976,1378,808.794434,808.795349,-0.100708008,0
1.37979,1379,808.794434,808.795349,-0.100708008,0
1.38101,1380,808.794434,808.795349,-0.100708008,0
1.38105,1381,808.794434,808.795349,-0.100708008,0
1.38282,1382,808.794434,808.795349,-0.100708008,0
1.38473,1383,808.794434,808.795349,-0.100708008,0
1.38476,1384,808.794434,808.795349,-0.100708008,0
1.38591,1385,808.794434,808.795349,-0.100708008,0
1.38773,1386,808.794434,808.795349,-0.100708008,0
1.38774,1387,808.794434,808.795349,-0.100708008,0
1.38898,1388,808.794434,808.795349,-0.100708008,0
1.38900,1389,808.794434,808.795349,-0.100708008,0
1.39082,1390,808.794434,808.795349,-0.100708008,0
1.39265,1391,808.794434,808.795349,-0.100708008,0
1.39268,1392,808.794434,808.795349,-0.100708008,0
1.39391,1393,808.794434,808.795349,-0.100708008,0
1.39573,1394,808.794434,808.795349,-0.100708008,0
1.39575,1395,808.794434,808.795349,-0.100708008,0
1.39701,1396,808.794434,808.795349,-0.100708008,0
1.39702,1397,808.794434,808.795349,-0.100708008,0
1.39882,1398,808.794434,808.795349,-0.100708008,0
1.40070,1399,808.794434,808.795349,-0.100708008,0
1.40073,1400,808.794434,808.795349,-0.100708008,0
1.40191,1401,808.794434,808.795349,-0.100708008,0
1.40375,1402,808.794434,808.795349,-0.100708008,0
1.40378,1403,808.794434,808.795349,-0.100708008,0
1.40499,1404,808.794434,808.795349,-0.100708008,0
1.40500,1405,808.794434,808.795349,-0.100708008,0
1.40682,1406,808.794434,808.795349,-0.100708008,-0.0163597353
1.40867,1407,808.794434,808.795349,-0.100708008,-0.0163597353
1.40870,1408,808.794434,808.795349,-0.100708008,-0.0272662267
1.40990,1409,808.794434,808.795349,-0.100708008,-0.0272662267
1.41197,1410,808.794434,808.7952,-0.08728027,-0.0272662267
1.41201,1411,808.794434,808.7952,-0.08728027,-0.0272662267
1.41302,1412,808.794434,808.7952,-0.08728027,-0.0163597353
1.41304,1413,808.794434,808.795166,-0.0805664063,-0.0163597353
1.41487,1414,808.794434,808.7952,-0.08728027,-0.0163597353
1.41669,1415,808.794434,808.7952,-0.08728027,-0.0163597353
1.41672,1416,808.794434,808.7952,-0.08728027,0
1.41791,1417,808.794434,808.7952,-0.08728027,0
1.41975,1418,808.794434,808.7952,-0.08728027,0
1.41978,1419,808.794434,808.7952,-0.08728027,0
1.42100,1420,808.794434,808.7952,-0.08728027,0
1.42104,1421,808.794434,808.795349,-0.100708008,0
1.42284,1422,808.794434,808.795349,-0.100708008,0
1.42467,1423,808.794434,808.795349,-0.100708008,0
1.42470,1424,808.794434,808.795349,-0.100708008,0
1.42594,1425,808.794434,808.795349,-0.100708008,0
1.42773,1426,808.794434,808.795349,-0.100708008,0
1.42776,1427,808.794434,808.795349,-0.100708008,0
1.42901,1428,808.794434,808.795349,-0.100708008,0
1.42903,1429,808.794434,808.795349,-0.100708008,0
1.43083,1430,808.794434,808.795349,-0.100708008,0
1.43264,1431,808.794434,808.795349,-0.100708008,0
1.43266,1432,808.794434,808.795349,-0.100708008,0
1.43392,1433,808.794434,808.795349,-0.100708008,0
1.43574,1434,808.794434,808.795349,-0.100708008,0
1.43576,1435,808.794434,808.795349,-0.100708008,0
1.43701,1436,808.794434,808.795349,-0.100708008,0
1.43704,1437,808.794434,808.7952,-0.08728027,-0.0163597353
1.43884,1438,808.794434,808.7952,-0.08728027,-0.0163597353
1.44068,1439,808.794434,808.7952,-0.08728027,-0.0163597353
1.44071,1440,808.794434,808.7952,-0.08728027,-0.0163597353
1.44191,1441,808.794434,808.7952,-0.08728027,-0.0163597353
1.44375,1442,808.794434,808.7952,-0.08728027,0
1.44377,1443,808.794434,808.7952,-0.08728027,0
1.44508,1444,808.794434,808.7952,-0.08728027,0
1.44511,1445,808.794434,808.7952,-0.08728027,0
1.44684,1446,808.794434,808.7952,-0.08728027,0
1.44871,1447,808.794434,808.7952,-0.08728027,0
1.44875,1448,808.794434,808.7952,-0.08728027,0
1.44992,1449,808.794434,808.7952,-0.08728027,0
1.45178,1450,808.794434,808.7952,-0.08728027,0
1.45184,1451,808.794434,808.7952,-0.08728027,0
1.45299,1452,808.794434,808.7952,-0.08728027,0
1.45300,1453,808.794434,808.7952,-0.08728027,0
1.45481,1454,808.794434,808.7952,-0.08728027,0
1.45668,1455,808.794434,808.7952,-0.08728027,0
1.45670,1456,808.794434,808.7952,-0.08728027,0
1.45791,1457,808.794434,808.7952,-0.08728027,0
1.45976,1458,808.794434,808.7952,-0.08728027,0
1.45980,1459,808.794434,808.7952,-0.08728027,0
1.46099,1460,808.794434,808.7952,-0.08728027,0
1.46101,1461,808.794434,808.7952,-0.08728027,0
1.46285,1462,808.794434,808.7952,-0.08728027,0
1.46467,1463,808.794434,808.7952,-0.08728027,0
1.46469,1464,808.794434,808.7952,-0.08728027,0
1.46592,1465,808.794434,808.7952,-0.08728027,0
1.46775,1466,808.794434,808.7952,-0.08728027,0
1.46777,1467,808.794434,808.7952,-0.08728027,0
1.46899,1468,808.794434,808.7952,-0.08728027,0
1.46900,1469,808.794434,808.7952,-0.08728027,0
1.47087,1470,808.794434,808.7952,-0.08728027,0
1.47267,1471,808.794434,808.7952,-0.08728027,0
1.47269,1472,808.794434,808.7952,-0.08728027,0
1.47390,1473,808.794434,808.7952,-0.08728027,0
1.47576,1474,808.794434,808.7952,-0.08728027,0
1.47579,1475,808.794434,808.7952,-0.08728027,0
1.47699,1476,808.794434,808.7952,-0.08728027,0
1.47701,1477,808.794434,808.7952,-0.08728027,0
1.47883,1478,808.794434,808.7952,-0.08728027,0
1.48065,1479,808.794434,808.7952,-0.08728027,0
1.48068,1480,808.794434,808.7952,-0.08728027,0
1.48191,1481,808.794434,808.7952,-0.08728027,0
1.48376,1482,808.794434,808.7952,-0.08728027,0
1.48379,1483,808.794434,808.7952,-0.08728027,0
1.48498,1484,808.794434,808.7952,-0.08728027,0
1.48500,1485,808.794434,808.7952,-0.08728027,0
1.48684,1486,808.794434,808.7952,-0.08728027,0
1.48866,1487,808.794434,808.7952,-0.08728027,0
1.48869,1488,808.794434,808.7952,-0.08728027,0
1.48992,1489,808.794434,808.7952,-0.08728027,0
1.49176,1490,808.794434,808.7952,-0.08728027,0
1.49179,1491,808.794434,808.7952,-0.08728027,0
1.49299,1492,808.794434,808.7952,-0.08728027,0
1.49300,1493,808.794434,808.7952,-0.08728027,0
1.49484,1494,808.794434,808.7952,-0.08728027,0
1.49665,1495,808.794434,808.7952,-0.08728027,0
1.49667,1496,808.794434,808.7952,-0.08728027,0
1.49791,1497,808.794434,808.7952,-0.08728027,0
1.49976,1498,808.794434,808.7952,-0.08728027,0
1.49979,1499,808.794434,808.7952,-0.08728027,0
1.50099,1500,808.794434,808.7952,-0.08728027,0
1.50100,1501,808.794434,808.7952,-0.08728027,0
1.50285,1502,808.794434,808.7952,-0.08728027,0
1.50464,1503,808.794434,808.7952,-0.08728027,0
1.50465,1504,808.794434,808.7952,-0.08728027,0
1.50590,1505,808.794434,808.7952,-0.08728027,0
1.50776,1506,808.794434,808.7952,-0.08728027,0
1.50779,1507,808.794434,808.7952,-0.08728027,0
1.50898,1508,808.794434,808.7952,-0.08728027,0
1.50899,1509,808.794434,808.7952,-0.08728027,0
1.51089,1510,808.794434,808.7952,-0.08728027,0
1.51268,1511,808.794434,808.7952,-0.08728027,0
1.51271,1512,808.794434,808.7952,-0.08728027,0
1.51391,1513,808.794434,808.7952,-0.08728027,0
1.51578,1514,808.794434,808.7952,-0.08728027,0
1.51581,1515,808.794434,808.7952,-0.08728027,0
1.51699,1516,808.794434,808.7952,-0.08728027,0
1.51701,1517,808.794434,808.7952,-0.08728027,0
1.51885,1518,808.794434,808.7952,-0.08728027,0
1.52069,1519,808.794434,808.7952,-0.08728027,0
1.52072,1520,808.794434,808.7952,-0.08728027,0
1.52192,1521,808.794434,808.7952,-0.08728027,-0.0163597353
1.52376,1522,808.794434,808.7952,-0.08728027,-0.0163597353
1.52380,1523,808.794434,808.7952,-0.08728027,-0.0163597353
1.52500,1524,808.794434,808.7952,-0.08728027,-0.0163597353
1.52501,1525,808.794434,808.7952,-0.08728027,0
1.52682,1526,808.794434,808.7952,-0.08728027,0
1.52884,1527,808.794434,808.7952,-0.08728027,0
1.52890,1528,808.794434,808.7952,-0.08728027,0
1.52997,1529,808.794434,808.7952,-0.08728027,0
1.53177,1530,808.794434,808.7952,-0.08728027,0
1.53180,1531,808.794434,808.7952,-0.08728027,0
1.53299,1532,808.794434,808.7952,-0.08728027,0
1.53301,1533,808.794434,808.7952,-0.08728027,0
1.53486,1534,808.794434,808.7952,-0.08728027,0
1.53664,1535,808.794434,808.7952,-0.08728027,0
1.53665,1536,808.794434,808.795166,-0.0805664063,-0.0163597353
1.53793,1537,808.794434,808.795166,-0.0805664063,-0.0163597353
1.53974,1538,808.794434,808.795166,-0.0805664063,-0.0272662267
1.53977,1539,808.794434,808.795166,-0.0805664063,-0.0272662267
1.54103,1540,808.794434,808.795166,-0.0805664063,-0.0163597353
1.54106,1541,808.794434,808.795166,-0.0805664063,-0.0163597353
1.54289,1542,808.794434,808.795166,-0.0805664063,-0.0163597353
1.54468,1543,808.794434,808.795166,-0.0805664063,-0.0163597353
1.54471,1544,808.794434,808.795166,-0.0805664063,-0.0163597353
1.54593,1545,808.794434,808.795166,-0.0805664063,0
1.54777,1546,808.794434,808.795166,-0.0805664063,0
1.54780,1547,808.794434,808.795166,-0.0805664063,0
1.54901,1548,808.794434,808.795166,-0.0805664063,0
1.54902,1549,808.794434,808.795166,-0.0805664063,0
1.55083,1550,808.794434,808.795166,-0.0805664063,0
1.55269,1551,808.794434,808.795166,-0.0805664063,0
1.55272,1552,808.794434,808.795166,-0.0805664063,0
1.55391,1553,808.794434,808.795166,-0.0805664063,0
1.55576,1554,808.794434,808.795166,-0.0805664063,0
1.55578,1555,808.794434,808.795166,-0.0805664063,0
1.55705,1556,808.794434,808.795166,-0.0805664063,0
1.55709,1557,808.794434,808.795166,-0.0805664063,0
1.55887,1558,808.794434,808.795166,-0.0805664063,0
1.56066,1559,808.794434,808.795166,-0.0805664063,0
1.56068,1560,808.794434,808.795166,-0.0805664063,0
1.56190,1561,808.794434,808.795166,-0.0805664063,0
1.56377,1562,808.794434,808.795166,-0.0805664063,0
1.56380,1563,808.794434,808.795166,-0.0805664063,0
1.56500,1564,808.794434,808.795166,-0.0805664063,0
1.56502,1565,808.794434,808.795166,-0.0805664063,0
1.56686,1566,808.794434,808.795166,-0.0805664063,0
1.56868,1567,808.794434,808.795166,-0.0805664063,0
1.56871,1568,808.794434,808.795166,-0.0805664063,0
1.56991,1569,808.794434,808.795166,-0.0805664063,0
1.57178,1570,808.794434,808.795166,-0.0805664063,0
1.57180,1571,808.794434,808.795166,-0.0805664063,0
1.57301,1572,808.794434,808.795166,-0.0805664063,0
1.57304,1573,808.794434,808.795166,-0.0805664063,0
1.57487,1574,808.794434,808.795166,-0.0805664063,-0.0163597353
1.57666,1575,808.794434,808.795166,-0.0805664063,-0.0163597353
1.57667,1576,808.794434,808.795166,-0.0805664063,-0.0163597353
1.57791,1577,808.794434,808.795166,-0.0805664063,-0.0163597353
1.57980,1578,808.794434,808.795166,-0.0805664063,-0.0163597353
1.57985,1579,808.794434,808.795166,-0.0805664063,0
1.58100,1580,808.794434,808.795166,-0.0805664063,0
1.58102,1581,808.794434,808.795166,-0.0805664063,0
1.58286,1582,808.794434,808.795166,-0.0805664063,0
1.58466,1583,808.794434,808.795166,-0.0805664063,0
1.58467,1584,808.794434,808.795166,-0.0805664063,0
1.58591,1585,808.794434,808.795166,-0.0805664063,0
1.58774,1586,808.794434,808.795166,-0.0805664063,0
1.58776,1587,808.794434,808.795166,-0.0805664063,0
1.58901,1588,808.794434,808.795166,-0.0805664063,0
1.58903,1589,808.794434,808.795166,-0.0805664063,0
1.59083,1590,808.794434,808.795166,-0.0805664063,0
1.59266,1591,808.794434,808.795166,-0.0805664063,0
1.59268,1592,808.794434,808.795166,-0.0805664063,0
1.59392,1593,808.794434,808.795166,-0.0805664063,0
1.59576,1594,808.794434,808.795166,-0.0805664063,-0.0272662267
1.59580,1595,808.794434,808.7951,-0.07385254,-0.0272662267
1.59702,1596,808.794434,808.7951,-0.07385254,-0.0272662267
1.59704,1597,808.794434,808.7951,-0.07385254,-0.0272662267
1.59885,1598,808.794434,808.795,-0.0604248047,-0.0163597353
1.60068,1599,808.794434,808.7951,-0.07385254,-0.0163597353
1.60071,1600,808.794434,808.7951,-0.07385254,-0.0163597353
1.60191,1601,808.794434,808.7951,-0.07385254,0
1.60375,1602,808.794434,808.7951,-0.07385254,0
1.60377,1603,808.794434,808.7951,-0.07385254,0
1.60502,1604,808.794434,808.7951,-0.07385254,0
1.60505,1605,808.794434,808.7951,-0.07385254,0
1.60685,1606,808.794434,808.7951,-0.07385254,0
1.60866,1607,808.794434,808.7951,-0.07385254,0
1.60868,1608,808.794434,808.7951,-0.07385254,0
1.60991,1609,808.794434,808.7951,-0.07385254,0
1.61201,1610,808.794434,808.7951,-0.07385254,0
1.61210,1611,808.794434,808.7951,-0.07385254,0
1.61303,1612,808.794434,808.7951,-0.07385254,0
1.61306,1613,808.794434,808.7951,-0.07385254,0
1.61488,1614,808.794434,808.7951,-0.07385254,0
1.61669,1615,808.794434,808.7951,-0.07385254,0
1.61672,1616,808.794434,808.7951,-0.07385254,0
1.61791,1617,808.794434,808.7951,-0.07385254,0
1.61978,1618,808.794434,808.7951,-0.07385254,0
1.61981,1619,808.794434,808.7951,-0.07385254,0
1.62100,1620,808.794434,808.7951,-0.07385254,0
1.62101,1621,808.794434,808.7951,-0.07385254,0
1.62285,1622,808.794434,808.7951,-0.07385254,0
1.62469,1623,808.794434,808.7951,-0.07385254,0
1.62472,1624,808.794434,808.7951,-0.07385254,0
1.62590,1625,808.794434,808.7951,-0.07385254,0
1.62777,1626,808.794434,808.7951,-0.07385254,0
1.62779,1627,808.794434,808.7951,-0.07385254,0
1.62902,1628,808.794434,808.7951,-0.07385254,0
1.62909,1629,808.794434,808.7951,-0.07385254,0
1.63084,1630,808.794434,808.7951,-0.07385254,0
1.63270,1631,808.794434,808.7951,-0.07385254,0
1.63272,1632,808.794434,808.7951,-0.07385254,0
1.63391,1633,808.794434,808.7951,-0.07385254,0
1.63581,1634,808.794434,808.7951,-0.07385254,0
1.63585,1635,808.794434,808.7951,-0.07385254,0
1.63701,1636,808.794434,808.7951,-0.07385254,0
1.63703,1637,808.794434,808.7951,-0.07385254,0
1.63886,1638,808.794434,808.7951,-0.07385254,0
1.64066,1639,808.794434,808.7951,-0.07385254,0
1.64069,1640,808.794434,808.7951,-0.07385254,0
1.64196,1641,808.794434,808.7951,-0.07385254,0
1.64379,1642,808.794434,808.7951,-0.07385254,0
1.64381,1643,808.794434,808.7951,-0.07385254,0
1.64512,1644,808.794434,808.7951,-0.07385254,0
1.64515,1645,808.794434,808.7951,-0.07385254,0
1.64686,1646,808.794434,808.7951,-0.07385254,0
1.64869,1647,808.794434,808.7951,-0.07385254,0
1.64892,1648,808.794434,808.7951,-0.07385254,0
1.64993,1649,808.794434,808.7951,-0.07385254,0
1.65178,1650,808.794434,808.7951,-0.07385254,0
1.65180,1651,808.794434,808.7951,-0.07385254,0
1.65301,1652,808.794434,808.7951,-0.07385254,0
1.65303,1653,808.794434,808.7951,-0.07385254,0
1.65485,1654,808.794434,808.7951,-0.07385254,0
1.65668,1655,808.794434,808.7951,-0.07385254,0
1.65670,1656,808.794434,808.7951,-0.07385254,0
1.65791,1657,808.794434,808.7951,-0.07385254,0
1.65976,1658,808.794434,808.7951,-0.07385254,0
1.65981,1659,808.794434,808.7951,-0.07385254,0
1.66099,1660,808.794434,808.7951,-0.07385254,0
1.66101,1661,808.794434,808.7951,-0.07385254,0
1.66284,1662,808.794434,808.7951,-0.07385254,0
1.66471,1663,808.794434,808.7951,-0.07385254,0
1.66475,1664,808.794434,808.7951,-0.07385254,0
1.66592,1665,808.794434,808.7951,-0.07385254,0
1.66776,1666,808.794434,808.7951,-0.07385254,0
1.66780,1667,808.794434,808.7951,-0.07385254,0
1.66901,1668,808.794434,808.7951,-0.07385254,0
1.66902,1669,808.794434,808.7951,-0.07385254,0
1.67088,1670,808.794434,808.7951,-0.07385254,0
1.67269,1671,808.794434,808.7951,-0.07385254,0
1.67272,1672,808.794434,808.7951,-0.07385254,0
1.67391,1673,808.794434,808.7951,-0.07385254,0
1.67578,1674,808.794434,808.7951,-0.07385254,0
1.67582,1675,808.794434,808.7951,-0.07385254,0
1.67699,1676,808.794434,808.7951,-0.07385254,0
1.67701,1677,808.794434,808.7951,-0.07385254,0
1.67885,1678,808.794434,808.7951,-0.07385254,0
1.68072,1679,808.794434,808.7951,-0.07385254,0
1.68074,1680,808.794434,808.7951,-0.07385254,0
1.68192,1681,808.794434,808.7951,-0.07385254,0
1.68379,1682,808.794434,808.7951,-0.07385254,0
1.68384,1683,808.794434,808.7951,-0.07385254,0
1.68499,1684,808.794434,808.7951,-0.07385254,0
1.68502,1685,808.794434,808.7951,-0.07385254,0
1.68688,1686,808.794434,808.7951,-0.07385254,0
1.68864,1687,808.794434,808.7951,-0.07385254,0
1.68868,1688,808.794434,808.7951,-0.07385254,0
1.68991,1689,808.794434,808.7951,-0.07385254,0
1.69175,1690,808.794434,808.7951,-0.07385254,0
1.69177,1691,808.794434,808.7951,-0.07385254,0
1.69299,1692,808.794434,808.7951,-0.07385254,0
1.69300,1693,808.794434,808.7951,-0.07385254,0
1.69543,1694,808.794434,808.7951,-0.07385254,0
1.69666,1695,808.794434,808.7951,-0.07385254,0
1.69669,1696,808.794434,808.7951,-0.07385254,0
1.69793,1697,808.794434,808.7951,-0.07385254,0
1.69977,1698,808.794434,808.7951,-0.07385254,0
1.69981,1699,808.794434,808.7951,-0.07385254,0
1.70099,1700,808.794434,808.7951,-0.07385254,0
1.70101,1701,808.794434,808.7951,-0.07385254,0
1.70285,1702,808.794434,808.7951,-0.07385254,0
1.70464,1703,808.794434,808.7951,-0.07385254,0
1.70466,1704,808.794434,808.795,-0.0604248047,-0.0163597353
1.70593,1705,808.794434,808.795,-0.0604248047,-0.0163597353
1.70775,1706,808.794434,808.795,-0.0604248047,-0.0163597353
1.70778,1707,808.794434,808.795,-0.0604248047,-0.0272662267
1.70898,1708,808.794434,808.795,-0.0604248047,-0.0163597353
1.70900,1709,808.794434,808.795,-0.0604248047,-0.0163597353
1.71087,1710,808.794434,808.795,-0.0604248047,0
1.71267,1711,808.794434,808.795,-0.0604248047,0
1.71269,1712,808.794434,808.795,-0.0604248047,0
1.71394,1713,808.794434,808.795,-0.0604248047,0
1.71580,1714,808.794434,808.795,-0.0604248047,0
1.71583,1715,808.794434,808.795,-0.0604248047,0
1.71700,1716,808.794434,808.795,-0.0604248047,0
1.71701,1717,808.794434,808.795,-0.0604248047,0
1.71887,1718,808.794434,808.795,-0.0604248047,0
1.72065,1719,808.794434,808.795,-0.0604248047,0
1.72066,1720,808.794434,808.795,-0.0604248047,0
1.72191,1721,808.794434,808.795,-0.0604248047,0
1.72376,1722,808.794434,808.795,-0.0604248047,0
1.72378,1723,808.794434,808.795,-0.0604248047,0
1.72498,1724,808.794434,808.795,-0.0604248047,0
1.72500,1725,808.794434,808.795,-0.0604248047,0
1.72685,1726,808.794434,808.795,-0.0604248047,0
1.72873,1727,808.794434,808.795,-0.0604248047,0
1.72878,1728,808.794434,808.795,-0.0604248047,0
1.72992,1729,808.794434,808.795,-0.0604248047,0
1.73178,1730,808.794434,808.795,-0.0604248047,0
1.73183,1731,808.794434,808.795,-0.0604248047,0
1.73299,1732,808.794434,808.795,-0.0604248047,0
1.73302,1733,808.794434,808.795,-0.0604248047,0
1.73483,1734,808.794434,808.795,-0.0604248047,0
1.73669,1735,808.794434,808.795,-0.0604248047,0
1.73672,1736,808.794434,808.795,-0.0604248047,0
1.73791,1737,808.794434,808.795,-0.0604248047,0
1.73973,1738,808.794434,808.795,-0.0604248047,0
1.73976,1739,808.794434,808.795,-0.0604248047,0
1.74098,1740,808.794434,808.795,-0.0604248047,0
1.74099,1741,808.794434,808.795,-0.0604248047,0
1.74285,1742,808.794434,808.795,-0.0604248047,0
1.74467,1743,808.794434,808.795,-0.0604248047,0
1.74469,1744,808.794434,808.795,-0.0604248047,0
1.74594,1745,808.794434,808.795,-0.0604248047,0
1.74777,1746,808.794434,808.795,-0.0604248047,0
1.74781,1747,808.794434,808.795,-0.0604248047,0
1.74912,1748,808.794434,808.795,-0.0604248047,0
1.74915,1749,808.794434,808.795,-0.0604248047,0
1.75086,1750,808.794434,808.795,-0.0604248047,0
1.75268,1751,808.794434,808.795,-0.0604248047,0
1.75272,1752,808.794434,808.795,-0.0604248047,0
1.75390,1753,808.794434,808.795,-0.0604248047,0
1.75576,1754,808.794434,808.795,-0.0604248047,0
1.75578,1755,808.794434,808.795,-0.0604248047,0
1.75699,1756,808.794434,808.795,-0.0604248047,0
1.75700,1757,808.794434,808.795,-0.0604248047,0
1.75884,1758,808.794434,808.795,-0.0604248047,0
1.76071,1759,808.794434,808.795,-0.0604248047,0
1.76073,1760,808.794434,808.795,-0.0604248047,0
1.76196,1761,808.794434,808.795,-0.0604248047,0
1.76374,1762,808.794434,808.795,-0.0604248047,0
1.76376,1763,808.794434,808.795,-0.0604248047,0
1.76501,1764,808.794434,808.795,-0.0604248047,0
1.76504,1765,808.794434,808.795,-0.0604248047,0
1.76689,1766,808.794434,808.795,-0.0604248047,0
1.76868,1767,808.794434,808.795,-0.0604248047,0
1.76871,1768,808.794434,808.795,-0.0604248047,0
1.76996,1769,808.794434,808.795,-0.0604248047,0
1.77175,1770,808.794434,808.795,-0.0604248047,0
1.77176,1771,808.794434,808.795,-0.0604248047,0
1.77300,1772,808.794434,808.795,-0.0604248047,0
1.77301,1773,808.794434,808.795,-0.0604248047,0
1.77484,1774,808.794434,808.795,-0.0604248047,0
1.77665,1775,808.794434,808.795,-0.0604248047,0
1.77666,1776,808.794434,808.795,-0.0604248047,0
1.77793,1777,808.794434,808.795,-0.0604248047,0
1.77975,1778,808.794434,808.795,-0.0604248047,0
1.77978,1779,808.794434,808.795,-0.0604248047,0
1.78100,1780,808.794434,808.795,-0.0604248047,0
1.78101,1781,808.794434,808.795,-0.0604248047,0
1.78284,1782,808.794434,808.795,-0.0604248047,0
1.78464,1783,808.794434,808.795,-0.0604248047,0
1.78466,1784,808.794434,808.795,-0.0604248047,0
1.78595,1785,808.794434,808.795,-0.0604248047,0
1.78773,1786,808.794434,808.795,-0.0604248047,0
1.78774,1787,808.794434,808.795,-0.0604248047,0
1.78899,1788,808.794434,808.795,-0.0604248047,0
1.78902,1789,808.794434,808.795,-0.0604248047,0
1.79081,1790,808.794434,808.795,-0.0604248047,0
1.79266,1791,808.794434,808.795,-0.0604248047,0
1.79268,1792,808.794434,808.795,-0.0604248047,0
1.79394,1793,808.794434,808.795,-0.0604248047,0
1.79576,1794,808.794434,808.795,-0.0604248047,0
1.79580,1795,808.794434,808.795,-0.0604248047,0
1.79700,1796,808.794434,808.795,-0.0604248047,0
1.79701,1797,808.794434,808.795,-0.0604248047,0
1.79883,1798,808.794434,808.795,-0.0604248047,0
1.80065,1799,808.794434,808.795,-0.0604248047,0
1.80067,1800,808.794434,808.795,-0.0604248047,0
1.80191,1801,808.794434,808.795,-0.0604248047,0
1.80376,1802,808.794434,808.795,-0.0604248047,0
1.80379,1803,808.794434,808.795,-0.0604248047,0
1.80499,1804,808.794434,808.795,-0.0604248047,0
1.80501,1805,808.794434,808.795,-0.0604248047,0
1.80681,1806,808.794434,808.795,-0.0604248047,0
1.80865,1807,808.794434,808.795,-0.0604248047,0
1.80866,1808,808.794434,808.795,-0.0604248047,0
1.80992,1809,808.794434,808.795,-0.0604248047,0
1.81204,1810,808.794434,808.795,-0.0604248047,0
1.81210,1811,808.794434,808.795,-0.0604248047,0
1.81302,1812,808.794434,808.795,-0.0604248047,0
1.81303,1813,808.794434,808.795,-0.0604248047,0
1.81483,1814,808.794434,808.795,-0.0604248047,0
1.81668,1815,808.794434,808.795,-0.0604248047,0
1.81671,1816,808.794434,808.795,-0.0604248047,0
1.81791,1817,808.794434,808.795,-0.0604248047,0
1.81974,1818,808.794434,808.795,-0.0604248047,0
1.81976,1819,808.794434,808.795,-0.0604248047,0
1.82099,1820,808.794434,808.795,-0.0604248047,0
1.82101,1821,808.794434,808.795,-0.0604248047,0
1.82283,1822,808.794434,808.795,-0.0604248047,0
1.82464,1823,808.794434,808.795,-0.0604248047,0
1.82466,1824,808.794434,808.795,-0.0604248047,0
1.82591,1825,808.794434,808.795,-0.0604248047,0
1.82773,1826,808.794434,808.795,-0.0604248047,0
1.82774,1827,808.794434,808.795,-0.0604248047,0
1.82901,1828,808.794434,808.795,-0.0604248047,0
1.82904,1829,808.794434,808.795,-0.0604248047,0
1.83083,1830,808.794434,808.795,-0.0604248047,0
1.83264,1831,808.794434,808.795,-0.0604248047,0
1.83266,1832,808.794434,808.795,-0.0604248047,0
1.83393,1833,808.794434,808.795,-0.0604248047,0
1.83573,1834,808.794434,808.795,-0.0604248047,0
1.83575,1835,808.794434,808.795,-0.0604248047,0
1.83703,1836,808.794434,808.795,-0.0604248047,0
1.83705,1837,808.794434,808.795,-0.0604248047,0
1.83883,1838,808.794434,808.795,-0.0604248047,0
1.84069,1839,808.794434,808.795,-0.0604248047,0
1.84071,1840,808.794434,808.795,-0.0604248047,0
1.84190,1841,808.794434,808.795,-0.0604248047,0
1.84375,1842,808.794434,808.795,-0.0604248047,0
1.84377,1843,808.794434,808.795,-0.0604248047,0
1.84509,1844,808.794434,808.795,-0.0604248047,0
1.84513,1845,808.794434,808.795,-0.0604248047,0
1.84683,1846,808.794434,808.795,-0.0604248047,0
1.84865,1847,808.794434,808.795,-0.0604248047,0
1.84867,1848,808.794434,808.795,-0.0604248047,0
1.84991,1849,808.794434,808.795,-0.0604248047,0
1.85174,1850,808.794434,808.795,-0.0604248047,0
1.85176,1851,808.794434,808.795,-0.0604248047,0
1.85300,1852,808.794434,808.795,-0.0604248047,0
1.85303,1853,808.794434,808.795,-0.0604248047,0
1.85482,1854,808.794434,808.795,-0.0604248047,0
1.85664,1855,808.794434,808.795,-0.0604248047,0
1.85666,1856,808.794434,808.795,-0.0604248047,0
1.85790,1857,808.794434,808.795,-0.0604248047,0
1.85973,1858,808.794434,808.795,-0.0604248047,0
1.85975,1859,808.794434,808.795,-0.0604248047,0
1.86105,1860,808.794434,808.795,-0.0604248047,0
1.86107,1861,808.794434,808.795,-0.0604248047,0
1.86286,1862,808.794434,808.795,-0.0604248047,0
1.86464,1863,808.794434,808.795,-0.0604248047,0
1.86466,1864,808.794434,808.795,-0.0604248047,0
1.86591,1865,808.794434,808.795,-0.0604248047,-0.0163597353
1.86773,1866,808.794434,808.795,-0.0604248047,-0.0163597353
1.86774,1867,808.794434,808.795,-0.0604248047,-0.0272662267
1.86903,1868,808.794434,808.795,-0.0604248047,-0.0272662267
1.86905,1869,808.794434,808.795,-0.0604248047,-0.0163597353
1.87083,1870,808.794434,808.795,-0.0604248047,-0.0163597353
1.87265,1871,808.794434,808.7949,-0.0537109375,-0.0163597353
1.87266,1872,808.794434,808.795,-0.0604248047,-0.0163597353
1.87391,1873,808.794434,808.795,-0.0604248047,0
1.87577,1874,808.794434,808.795,-0.0604248047,0.0109064905
1.87580,1875,808.794434,808.795,-0.0604248047,0.0109064905
1.87699,1876,808.794434,808.795,-0.0604248047,0
1.87700,1877,808.794434,808.795,-0.0604248047,0
1.87885,1878,808.794434,808.795,-0.0604248047,0
1.88067,1879,808.794434,808.795,-0.0604248047,0
1.88069,1880,808.794434,808.795,-0.0604248047,0
1.88191,1881,808.794434,808.795,-0.0604248047,0
1.88373,1882,808.794434,808.795,-0.0604248047,0
1.88375,1883,808.794434,808.795,-0.0604248047,0
1.88511,1884,808.794434,808.795,-0.0604248047,0
1.88515,1885,808.794434,808.795,-0.0604248047,0
1.88688,1886,808.794434,808.795,-0.0604248047,0
1.88866,1887,808.794434,808.795,-0.0604248047,0
1.88867,1888,808.794434,808.795,-0.0604248047,0
1.88990,1889,808.794434,808.795,-0.0604248047,0
1.89174,1890,808.794434,808.795,-0.0604248047,0
1.89176,1891,808.794434,808.795,-0.0604248047,0
1.89299,1892,808.794434,808.795,-0.0604248047,0
1.89300,1893,808.794434,808.795,-0.0604248047,0
1.89482,1894,808.794434,808.795,-0.0604248047,0
1.89668,1895,808.794434,808.795,-0.0604248047,0
1.89670,1896,808.794434,808.795,-0.0604248047,0
1.89791,1897,808.794434,808.795,-0.0604248047,0
1.89974,1898,808.794434,808.795,-0.0604248047,0
1.89977,1899,808.794434,808.795,-0.0604248047,0
1.90102,1900,808.794434,808.795,-0.0604248047,0
1.90103,1901,808.794434,808.795,-0.0604248047,0
1.90284,1902,808.794434,808.795,-0.0604248047,0
1.90468,1903,808.794434,808.795,-0.0604248047,0
1.90472,1904,808.794434,808.795,-0.0604248047,0
1.90593,1905,808.794434,808.795,-0.0604248047,0
1.90774,1906,808.794434,808.795,-0.0604248047,0
1.90776,1907,808.794434,808.795,-0.0604248047,0
1.90900,1908,808.794434,808.795,-0.0604248047,0
1.90901,1909,808.794434,808.795,-0.0604248047,0
1.91082,1910,808.794434,808.795,-0.0604248047,0
1.91270,1911,808.794434,808.795,-0.0604248047,0
1.91273,1912,808.794434,808.795,-0.0604248047,0
1.91392,1913,808.794434,808.795,-0.0604248047,0
1.91576,1914,808.794434,808.795,-0.0604248047,0
1.91579,1915,808.794434,808.795,-0.0604248047,0
1.91700,1916,808.794434,808.795,-0.0604248047,-0.0163597353
1.91702,1917,808.794434,808.795,-0.0604248047,-0.0163597353
1.91885,1918,808.794434,808.795,-0.0604248047,-0.0163597353
1.92068,1919,808.794434,808.795,-0.0604248047,-0.0163597353
1.92070,1920,808.794434,808.795,-0.0604248047,-0.0163597353
1.92190,1921,808.794434,808.795,-0.0604248047,0
1.92376,1922,808.794434,808.795,-0.0604248047,0
1.92378,1923,808.794434,808.795,-0.0604248047,0
1.92499,1924,808.794434,808.795,-0.0604248047,0
1.92501,1925,808.794434,808.795,-0.0604248047,0
1.92682,1926,808.794434,808.795,-0.0604248047,0
1.92893,1927,808.794434,808.795,-0.0604248047,0
1.92897,1928,808.794434,808.795,-0.0604248047,0
1.92994,1929,808.794434,808.795,-0.0604248047,0
1.93175,1930,808.794434,808.795,-0.0604248047,0
1.93179,1931,808.794434,808.795,-0.0604248047,0
1.93301,1932,808.794434,808.795,-0.0604248047,0
1.93306,1933,808.794434,808.795,-0.0604248047,0
1.93484,1934,808.794434,808.795,-0.0604248047,0
1.93666,1935,808.794434,808.795,-0.0604248047,0
1.93668,1936,808.794434,808.795,-0.0604248047,0
1.93796,1937,808.794434,808.795,-0.0604248047,0
1.93977,1938,808.794434,808.795,-0.0604248047,0
1.93981,1939,808.794434,808.795,-0.0604248047,0
1.94101,1940,808.794434,808.795,-0.0604248047,0
1.94103,1941,808.794434,808.795,-0.0604248047,0
1.94283,1942,808.794434,808.795,-0.0604248047,0
1.94467,1943,808.794434,808.795,-0.0604248047,0
1.94470,1944,808.794434,808.795,-0.0604248047,0
1.94595,1945,808.794434,808.795,-0.0604248047,0
1.94776,1946,808.794434,808.795,-0.0604248047,0
1.94777,1947,808.794434,808.795,-0.0604248047,0
1.94899,1948,808.794434,808.795,-0.0604248047,0
1.94904,1949,808.794434,808.795,-0.0604248047,0
1.95084,1950,808.794434,808.795,-0.0604248047,0
1.95271,1951,808.794434,808.795,-0.0604248047,0
1.95273,1952,808.794434,808.795,-0.0604248047,0
1.95393,1953,808.794434,808.795,-0.0604248047,0
1.95577,1954,808.794434,808.795,-0.0604248047,0
1.95580,1955,808.794434,808.795,-0.0604248047,0
1.95700,1956,808.794434,808.795,-0.0604248047,0
1.95702,1957,808.794434,808.795,-0.0604248047,0
1.95881,1958,808.794434,808.795,-0.0604248047,0
1.96068,1959,808.794434,808.795,-0.0604248047,0
1.96071,1960,808.794434,808.795,-0.0604248047,0
1.96198,1961,808.794434,808.795,-0.0604248047,0
1.96379,1962,808.794434,808.795,-0.0604248047,0
1.96381,1963,808.794434,808.795,-0.0604248047,0
1.96500,1964,808.794434,808.795,-0.0604248047,0
1.96502,1965,808.794434,808.795,-0.0604248047,0
1.96685,1966,808.794434,808.795,-0.0604248047,0
1.96865,1967,808.794434,808.7949,-0.0537109375,-0.0272662267
1.96868,1968,808.794434,808.7949,-0.0537109375,-0.0272662267
1.96991,1969,808.794434,808.7948,-0.0402832031,-0.0272662267
1.97176,1970,808.794434,808.7948,-0.0402832031,-0.0272662267
1.97178,1971,808.794434,808.7948,-0.0402832031,-0.0272662267
1.97299,1972,808.794434,808.7948,-0.0402832031,-0.0163597353
1.97301,1973,808.794434,808.7948,-0.0402832031,-0.0163597353
1.97482,1974,808.794434,808.7948,-0.0402832031,-0.0163597353
1.97669,1975,808.794434,808.7948,-0.0402832031,-0.0163597353
1.97676,1976,808.794434,808.7948,-0.0402832031,0
1.97792,1977,808.794434,808.7949,-0.0537109375,0
1.97976,1978,808.794434,808.7949,-0.0537109375,0
1.97978,1979,808.794434,808.7949,-0.0537109375,0
1.98104,1980,808.794434,808.7949,-0.0537109375,0
1.98107,1981,808.794434,808.7949,-0.0537109375,0
1.98285,1982,808.794434,808.7949,-0.0537109375,0
1.98472,1983,808.794434,808.7949,-0.0537109375,0
1.98476,1984,808.794434,808.7949,-0.0537109375,0
1.98590,1985,808.794434,808.7949,-0.0537109375,0
1.98777,1986,808.794434,808.7949,-0.0537109375,0
1.98779,1987,808.794434,808.7949,-0.0537109375,0
1.98900,1988,808.794434,808.7949,-0.0537109375,0
1.98902,1989,808.794434,808.7949,-0.0537109375,0
1.99082,1990,808.794434,808.7949,-0.0537109375,0
1.99267,1991,808.794434,808.7949,-0.0537109375,0
1.99269,1992,808.794434,808.7949,-0.0537109375,0
1.99392,1993,808.794434,808.7949,-0.0537109375,0
1.99576,1994,808.794434,808.7949,-0.0537109375,0
1.99578,1995,808.794434,808.7949,-0.0537109375,0
1.99700,1996,808.794434,808.7949,-0.0537109375,0
1.99702,1997,808.794434,808.7949,-0.0537109375,0
1.99884,1998,808.794434,808.7949,-0.0537109375,0
2.00067,1999,808.794434,808.7949,-0.0537109375,0
2.00069,2000,808.794434,808.7949,-0.0537109375,0
2.00191,2001,808.794434,808.7949,-0.0537109375,0
2.00375,2002,808.794434,808.7949,-0.0537109375,0
2.00378,2003,808.794434,808.7949,-0.0537109375,0
2.00501,2004,808.794434,808.7949,-0.0537109375,0
2.00503,2005,808.794434,808.7949,-0.0537109375,0
2.00684,2006,808.794434,808.7949,-0.0537109375,0
2.00866,2007,808.794434,808.7949,-0.0537109375,0
2.00870,2008,808.794434,808.7949,-0.0537109375,0
2.00993,2009,808.794434,808.7949,-0.0537109375,0
2.01198,2010,808.794434,808.7949,-0.0537109375,0
2.01207,2011,808.794434,808.7949,-0.0537109375,0
2.01303,2012,808.794434,808.7949,-0.0537109375,0
2.01306,2013,808.794434,808.7949,-0.0537109375,0
2.01489,2014,808.794434,808.7949,-0.0537109375,0
2.01668,2015,808.794434,808.7949,-0.0537109375,0
2.01673,2016,808.794434,808.7949,-0.0537109375,0
2.01791,2017,808.794434,808.7949,-0.0537109375,0
2.01975,2018,808.794434,808.7949,-0.0537109375,0
2.01979,2019,808.794434,808.7949,-0.0537109375,0
2.02099,2020,808.794434,808.7949,-0.0537109375,0
2.02101,2021,808.794434,808.7949,-0.0537109375,0
2.02285,2022,808.794434,808.7949,-0.0537109375,0
2.02467,2023,808.794434,808.7949,-0.0537109375,0
2.02470,2024,808.794434,808.7949,-0.0537109375,0
2.02592,2025,808.794434,808.7949,-0.0537109375,0
2.02774,2026,808.794434,808.7949,-0.0537109375,0
2.02777,2027,808.794434,808.7949,-0.0537109375,0
2.02899,2028,808.794434,808.7949,-0.0537109375,0
2.02905,2029,808.794434,808.7949,-0.0537109375,0
2.03084,2030,808.794434,808.7949,-0.0537109375,0
2.03265,2031,808.794434,808.7948,-0.0402832031,-0.0163597353
2.03267,2032,808.794434,808.7948,-0.0402832031,-0.0163597353
2.03392,2033,808.794434,808.7948,-0.0402832031,-0.0163597353
2.03579,2034,808.794434,808.7948,-0.0402832031,-0.0163597353
2.03584,2035,808.794434,808.7948,-0.0402832031,-0.0163597353
2.03700,2036,808.794434,808.7948,-0.0402832031,0
2.03702,2037,808.794434,808.7948,-0.0402832031,0
2.03884,2038,808.794434,808.7948,-0.0402832031,0
2.04070,2039,808.794434,808.7948,-0.0402832031,0
2.04075,2040,808.794434,808.7948,-0.0402832031,0
2.04191,2041,808.794434,808.7948,-0.0402832031,0
2.04375,2042,808.794434,808.7948,-0.0402832031,0
2.04378,2043,808.794434,808.7948,-0.0402832031,0
2.04522,2044,808.794434,808.7948,-0.0402832031,0
2.04525,2045,808.794434,808.7948,-0.0402832031,0
2.04684,2046,808.794434,808.7948,-0.0402832031,0
2.04871,2047,808.794434,808.7948,-0.0402832031,0
2.04875,2048,808.794434,808.7948,-0.0402832031,0
2.04990,2049,808.794434,808.7948,-0.0402832031,0
2.05174,2050,808.794434,808.7948,-0.0402832031,0
2.05176,2051,808.794434,808.7948,-0.0402832031,0
2.05300,2052,808.794434,808.7948,-0.0402832031,0
2.05302,2053,808.794434,808.7948,-0.0402832031,0
2.05485,2054,808.794434,808.7948,-0.0402832031,0
2.05672,2055,808.794434,808.7948,-0.0402832031,0
2.05675,2056,808.794434,808.7948,-0.0402832031,0
2.05792,2057,808.794434,808.7948,-0.0402832031,0
2.05976,2058,808.794434,808.7948,-0.0402832031,0
2.05979,2059,808.794434,808.7948,-0.0402832031,0
2.06102,2060,808.794434,808.7948,-0.0402832031,0
2.06105,2061,808.794434,808.7948,-0.0402832031,0
2.06285,2062,808.794434,808.7948,-0.0402832031,0
2.06471,2063,808.794434,808.7948,-0.0402832031,0
2.06473,2064,808.794434,808.7948,-0.0402832031,0
2.06591,2065,808.794434,808.7948,-0.0402832031,0
2.06777,2066,808.794434,808.7949,-0.0537109375,0
2.06779,2067,808.794434,808.7949,-0.0537109375,0
2.06900,2068,808.794434,808.7949,-0.0537109375,0
2.06901,2069,808.794434,808.7949,-0.0537109375,0
2.07089,2070,808.794434,808.7949,-0.0537109375,0
2.07270,2071,808.794434,808.7949,-0.0537109375,0
2.07273,2072,808.794434,808.7949,-0.0537109375,0
2.07392,2073,808.794434,808.7949,-0.0537109375,0
2.07575,2074,808.794434,808.7949,-0.0537109375,0
2.07577,2075,808.794434,808.7949,-0.0537109375,0
2.07699,2076,808.794434,808.7949,-0.0537109375,0
2.07701,2077,808.794434,808.7949,-0.0537109375,0
2.07891,2078,808.794434,808.7949,-0.0537109375,0
2.08068,2079,808.794434,808.7949,-0.0537109375,0
2.08071,2080,808.794434,808.7949,-0.0537109375,0
2.08191,2081,808.794434,808.7948,-0.0402832031,0
2.08375,2082,808.794434,808.7948,-0.0402832031,-0.0163597353
2.08377,2083,808.794434,808.7948,-0.0402832031,-0.0163597353
2.08501,2084,808.794434,808.7948,-0.0402832031,-0.0163597353
2.08503,2085,808.794434,808.7948,-0.0402832031,-0.0163597353
2.08682,2086,808.794434,808.7948,-0.0402832031,0
2.08869,2087,808.794434,808.7948,-0.0402832031,0
2.08871,2088,808.794434,808.7948,-0.0402832031,0
2.08991,2089,808.794434,808.7948,-0.0402832031,0
2.09177,2090,808.794434,808.7948,-0.0402832031,0
2.09179,2091,808.794434,808.7948,-0.0402832031,0
2.09299,2092,808.794434,808.7948,-0.0402832031,0
2.09302,2093,808.794434,808.7948,-0.0402832031,0
2.09483,2094,808.794434,808.7948,-0.0402832031,0
2.09666,2095,808.794434,808.7948,-0.0402832031,0
2.09669,2096,808.794434,808.7948,-0.0402832031,0
2.09791,2097,808.794434,808.7948,-0.0402832031,0
2.09974,2098,808.794434,808.7948,-0.0402832031,0
2.09977,2099,808.794434,808.7948,-0.0402832031,0
2.10110,2100,808.794434,808.7948,-0.0402832031,0
2.10112,2101,808.794434,808.7948,-0.0402832031,0
2.10285,2102,808.794434,808.7948,-0.0402832031,0
2.10470,2103,808.794434,808.7948,-0.0402832031,0
2.10472,2104,808.794434,808.7948,-0.0402832031,0
2.10591,2105,808.794434,808.7948,-0.0402832031,0
2.10778,2106,808.794434,808.7948,-0.0402832031,0
2.10780,2107,808.794434,808.7948,-0.0402832031,0
2.10901,2108,808.794434,808.7948,-0.0402832031,0
2.10902,2109,808.794434,808.7948,-0.0402832031,0
2.11085,2110,808.794434,808.7948,-0.0402832031,0
2.11267,2111,808.794434,808.7948,-0.0402832031,0
2.11271,2112,808.794434,808.7948,-0.0402832031,0
2.11391,2113,808.794434,808.7948,-0.0402832031,0
2.11577,2114,808.794434,808.7948,-0.0402832031,0
2.11581,2115,808.794434,808.7948,-0.0402832031,0
2.11702,2116,808.794434,808.7948,-0.0402832031,0
2.11704,2117,808.794434,808.7948,-0.0402832031,0
2.11885,2118,808.794434,808.7948,-0.0402832031,0
2.12069,2119,808.794434,808.7948,-0.0402832031,0
2.12071,2120,808.794434,808.7948,-0.0402832031,0
2.12194,2121,808.794434,808.7948,-0.0402832031,0
2.12376,2122,808.794434,808.7948,-0.0402832031,0
2.12378,2123,808.794434,808.7948,-0.0402832031,0
2.12511,2124,808.794434,808.7948,-0.0402832031,0
2.12513,2125,808.794434,808.7948,-0.0402832031,0
2.12685,2126,808.794434,808.7948,-0.0402832031,0
2.12890,2127,808.794434,808.7948,-0.0402832031,0
2.12897,2128,808.794434,808.7948,-0.0402832031,0
2.12995,2129,808.794434,808.7948,-0.0402832031,0
2.13179,2130,808.794434,808.7948,-0.0402832031,0
2.13183,2131,808.794434,808.7948,-0.0402832031,0
2.13301,2132,808.794434,808.7948,-0.0402832031,0
2.13302,2133,808.794434,808.7948,-0.0402832031,0
2.13484,2134,808.794434,808.7948,-0.0402832031,0
2.13669,2135,808.794434,808.7948,-0.0402832031,0
2.13671,2136,808.794434,808.7948,-0.0402832031,0
2.13793,2137,808.794434,808.7948,-0.0402832031,0
2.13975,2138,808.794434,808.7948,-0.0402832031,0
2.13978,2139,808.794434,808.7948,-0.0402832031,0
2.14100,2140,808.794434,808.7948,-0.0402832031,0
2.14102,2141,808.794434,808.7948,-0.0402832031,0
2.14281,2142,808.794434,808.7948,-0.0402832031,0
2.14466,2143,808.794434,808.7948,-0.0402832031,0
2.14468,2144,808.794434,808.7948,-0.0402832031,0
2.14592,2145,808.794434,808.7948,-0.0402832031,0
2.14775,2146,808.794434,808.7948,-0.0402832031,0
2.14777,2147,808.794434,808.7948,-0.0402832031,0
2.14901,2148,808.794434,808.7948,-0.0402832031,0
2.14902,2149,808.794434,808.7948,-0.0402832031,0
2.15088,2150,808.794434,808.7948,-0.0402832031,0
2.15270,2151,808.794434,808.7948,-0.0402832031,0
2.15275,2152,808.794434,808.7948,-0.0402832031,0
2.15391,2153,808.794434,808.7948,-0.0402832031,0
2.15580,2154,808.794434,808.7948,-0.0402832031,0
2.15585,2155,808.794434,808.7948,-0.0402832031,0
2.15701,2156,808.794434,808.7948,-0.0402832031,0
2.15702,2157,808.794434,808.7948,-0.0402832031,0
2.15885,2158,808.794434,808.7948,-0.0402832031,0
2.16066,2159,808.794434,808.7948,-0.0402832031,0
2.16068,2160,808.794434,808.7948,-0.0402832031,0
2.16191,2161,808.794434,808.7948,-0.0402832031,0
2.16375,2162,808.794434,808.7948,-0.0402832031,0
2.16378,2163,808.794434,808.7948,-0.0402832031,0
2.16505,2164,808.794434,808.7948,-0.0402832031,0
2.16508,2165,808.794434,808.7948,-0.0402832031,0
2.16689,2166,808.794434,808.7948,-0.0402832031,0
2.16868,2167,808.794434,808.7948,-0.0402832031,0
2.16872,2168,808.794434,808.7948,-0.0402832031,0
2.16990,2169,808.794434,808.7948,-0.0402832031,0
2.17179,2170,808.794434,808.7948,-0.0402832031,0
2.17183,2171,808.794434,808.7948,-0.0402832031,0
2.17301,2172,808.794434,808.7948,-0.0402832031,0
2.17303,2173,808.794434,808.7948,-0.0402832031,0
2.17484,2174,808.794434,808.7948,-0.0402832031,0
2.17666,2175,808.794434,808.7948,-0.0402832031,0
2.17668,2176,808.794434,808.7948,-0.0402832031,0
2.17790,2177,808.794434,808.7948,-0.0402832031,0
2.17975,2178,808.794434,808.7948,-0.0402832031,0
2.17978,2179,808.794434,808.7948,-0.0402832031,0
2.18100,2180,808.794434,808.7948,-0.0402832031,0
2.18102,2181,808.794434,808.7948,-0.0402832031,0
2.18284,2182,808.794434,808.7948,-0.0402832031,0
2.18466,2183,808.794434,808.7948,-0.0402832031,0
2.18468,2184,808.794434,808.7948,-0.0402832031,0
2.18591,2185,808.794434,808.7948,-0.0402832031,0
2.18781,2186,808.794434,808.7948,-0.0402832031,0
2.18785,2187,808.794434,808.7948,-0.0402832031,0
2.18901,2188,808.794434,808.7948,-0.0402832031,0
2.18903,2189,808.794434,808.7948,-0.0402832031,0
2.19084,2190,808.794434,808.7948,-0.0402832031,0
2.19268,2191,808.794434,808.7948,-0.0402832031,0
2.19271,2192,808.794434,808.7948,-0.0402832031,0
2.19393,2193,808.794434,808.7948,-0.0402832031,0
2.19577,2194,808.794434,808.7948,-0.0402832031,0
2.19580,2195,808.794434,808.7948,-0.0402832031,0
2.19702,2196,808.794434,808.7948,-0.0402832031,0
2.19704,2197,808.794434,808.7948,-0.0402832031,0
2.19891,2198,808.794434,808.7948,-0.0402832031,0
2.20069,2199,808.794434,808.7948,-0.0402832031,0
2.20073,2200,808.794434,808.7948,-0.0402832031,0
2.20191,2201,808.794434,808.7948,-0.0402832031,0
2.20379,2202,808.794434,808.7948,-0.0402832031,0
2.20382,2203,808.794434,808.7948,-0.0402832031,0
2.20500,2204,808.794434,808.7948,-0.0402832031,0
2.20505,2205,808.794434,808.7948,-0.0402832031,0
2.20686,2206,808.794434,808.7948,-0.0402832031,0
2.20870,2207,808.794434,808.7948,-0.0402832031,0
2.20873,2208,808.794434,808.7948,-0.0402832031,0
2.20996,2209,808.794434,808.7948,-0.0402832031,0
2.21202,2210,808.794434,808.7948,-0.0402832031,0
2.21208,2211,808.794434,808.7948,-0.0402832031,0
2.21304,2212,808.794434,808.7948,-0.0402832031,0
2.21306,2213,808.794434,808.7948,-0.0402832031,0
2.21483,2214,808.794434,808.7948,-0.0402832031,0
2.21667,2215,808.794434,808.7948,-0.0402832031,0
2.21671,2216,808.794434,808.7948,-0.0402832031,0
2.21792,2217,808.794434,808.7948,-0.0402832031,0
2.21977,2218,808.794434,808.7948,-0.0402832031,0
2.21980,2219,808.794434,808.7948,-0.0402832031,0
2.22100,2220,808.794434,808.7948,-0.0402832031,0
2.22102,2221,808.794434,808.7948,-0.0402832031,0
2.22286,2222,808.794434,808.7948,-0.0402832031,0
2.22465,2223,808.794434,808.7948,-0.0402832031,0
2.22468,2224,808.794434,808.7948,-0.0402832031,0
2.22592,2225,808.794434,808.7948,-0.0402832031,0
2.22782,2226,808.794434,808.7948,-0.0402832031,0
2.22785,2227,808.794434,808.7948,-0.0402832031,0
2.22901,2228,808.794434,808.7948,-0.0402832031,0
2.22904,2229,808.794434,808.7948,-0.0402832031,0
2.23085,2230,808.794434,808.7948,-0.0402832031,0
2.23268,2231,808.794434,808.7948,-0.0402832031,0
2.23271,2232,808.794434,808.7948,-0.0402832031,0
2.23392,2233,808.794434,808.7948,-0.0402832031,0
2.23579,2234,808.794434,808.7948,-0.0402832031,0
2.23582,2235,808.794434,808.7948,-0.0402832031,0
2.23702,2236,808.794434,808.7948,-0.0402832031,0
2.23705,2237,808.794434,808.7948,-0.0402832031,0
2.23885,2238,808.794434,808.7948,-0.0402832031,0
2.24071,2239,808.794434,808.7948,-0.0402832031,0
2.24074,2240,808.794434,808.7948,-0.0402832031,0
2.24192,2241,808.794434,808.7948,-0.0402832031,0
2.24378,2242,808.794434,808.7948,-0.0402832031,0
2.24382,2243,808.794434,808.7948,-0.0402832031,0
2.24508,2244,808.794434,808.7948,-0.0402832031,0
2.24512,2245,808.794434,808.7948,-0.0402832031,0
2.24688,2246,808.794434,808.7948,-0.0402832031,0
2.24867,2247,808.794434,808.7948,-0.0402832031,0
2.24869,2248,808.794434,808.7948,-0.0402832031,0
2.24992,2249,808.794434,808.7948,-0.0402832031,0
2.25176,2250,808.794434,808.7948,-0.0402832031,0
2.25179,2251,808.794434,808.7948,-0.0402832031,0
2.25302,2252,808.794434,808.7948,-0.0402832031,0
2.25305,2253,808.794434,808.7948,-0.0402832031,0
2.25485,2254,808.794434,808.7948,-0.0402832031,0
2.25667,2255,808.794434,808.7948,-0.0402832031,0
2.25668,2256,808.794434,808.7948,-0.0402832031,0
2.25791,2257,808.794434,808.7948,-0.0402832031,0
2.25974,2258,808.794434,808.7948,-0.0402832031,0
2.25977,2259,808.794434,808.7948,-0.0402832031,0
2.26102,2260,808.794434,808.7948,-0.0402832031,0
2.26105,2261,808.794434,808.7948,-0.0402832031,0
2.26288,2262,808.794434,808.7948,-0.0402832031,0
2.26467,2263,808.794434,808.7948,-0.0402832031,0
2.26469,2264,808.794434,808.7948,-0.0402832031,0
2.26591,2265,808.794434,808.7948,-0.0402832031,0
2.26776,2266,808.794434,808.7948,-0.0402832031,0
2.26780,2267,808.794434,808.7948,-0.0402832031,0
2.26901,2268,808.794434,808.7948,-0.0402832031,0
2.26902,2269,808.794434,808.7948,-0.0402832031,0
2.27086,2270,808.794434,808.7948,-0.0402832031,0
2.27265,2271,808.794434,808.7948,-0.0402832031,0
2.27269,2272,808.794434,808.7948,-0.0402832031,0
2.27392,2273,808.794434,808.7948,-0.0402832031,0
2.27573,2274,808.794434,808.7948,-0.0402832031,0
2.27574,2275,808.794434,808.7948,-0.0402832031,0
2.27700,2276,808.794434,808.7948,-0.0402832031,0
2.27701,2277,808.794434,808.7948,-0.0402832031,0
2.27884,2278,808.794434,808.7948,-0.0402832031,0
2.28066,2279,808.794434,808.7948,-0.0402832031,0
2.28067,2280,808.794434,808.7948,-0.0402832031,0
2.28191,2281,808.794434,808.7948,-0.0402832031,0
2.28373,2282,808.794434,808.7948,-0.0402832031,0
2.28375,2283,808.794434,808.7948,-0.0402832031,0
2.28502,2284,808.794434,808.7948,-0.0402832031,0
2.28503,2285,808.794434,808.7948,-0.0402832031,0
2.28683,2286,808.794434,808.7948,-0.0402832031,0
2.28870,2287,808.794434,808.7948,-0.0402832031,0
2.28873,2288,808.794434,808.7948,-0.0402832031,0
2.28992,2289,808.794434,808.7948,-0.0402832031,0
2.29178,2290,808.794434,808.7948,-0.0402832031,0
2.29181,2291,808.794434,808.7948,-0.0402832031,0
2.29301,2292,808.794434,808.7948,-0.0402832031,0
2.29302,2293,808.794434,808.7948,-0.0402832031,0
2.29548,2294,808.794434,808.7948,-0.0402832031,0
2.29666,2295,808.794434,808.7948,-0.0402832031,0
2.29667,2296,808.794434,808.7948,-0.0402832031,0
2.29791,2297,808.794434,808.7948,-0.0402832031,0
2.29972,2298,808.794434,808.7948,-0.0402832031,0
2.29974,2299,808.794434,808.7948,-0.0402832031,0
2.30101,2300,808.794434,808.7948,-0.0402832031,0
2.30103,2301,808.794434,808.7948,-0.0402832031,0
2.30283,2302,808.794434,808.7948,-0.0402832031,0
2.30464,2303,808.794434,808.7948,-0.0402832031,0
2.30466,2304,808.794434,808.7948,-0.0402832031,0
2.30592,2305,808.794434,808.7948,-0.0402832031,0
2.30774,2306,808.794434,808.7948,-0.0402832031,0
2.30776,2307,808.794434,808.7948,-0.0402832031,0
2.30900,2308,808.794434,808.7948,-0.0402832031,0
2.30902,2309,808.794434,808.7948,-0.0402832031,0
2.31081,2310,808.794434,808.7948,-0.0402832031,0
2.31267,2311,808.794434,808.7948,-0.0402832031,0
2.31271,2312,808.794434,808.7948,-0.0402832031,0
2.31401,2313,808.794434,808.7948,-0.0402832031,0
2.31577,2314,808.794434,808.7948,-0.0402832031,0
2.31578,2315,808.794434,808.7948,-0.0402832031,0
2.31706,2316,808.794434,808.7948,-0.0402832031,0
2.31708,2317,808.794434,808.7948,-0.0402832031,0
2.31883,2318,808.794434,808.7948,-0.0402832031,0
2.32064,2319,808.794434,808.7948,-0.0402832031,0
2.32066,2320,808.794434,808.7948,-0.0402832031,0
2.32192,2321,808.794434,808.7948,-0.0402832031,0
2.32373,2322,808.794434,808.7948,-0.0402832031,0
2.32376,2323,808.794434,808.7948,-0.0402832031,0
2.32500,2324,808.794434,808.7948,-0.0402832031,0
2.32501,2325,808.794434,808.7948,-0.0402832031,0
2.32681,2326,808.794434,808.7948,-0.0402832031,0
2.32877,2327,808.794434,808.7948,-0.0402832031,-0.0163597353
2.32881,2328,808.794434,808.7948,-0.0402832031,-0.0163597353
2.32993,2329,808.794434,808.7948,-0.0402832031,-0.0272662267
2.33173,2330,808.794434,808.7948,-0.0402832031,-0.0272662267
2.33175,2331,808.794434,808.7948,-0.0402832031,-0.0272662267
2.33301,2332,808.794434,808.7948,-0.0402832031,-0.0163597353
2.33302,2333,808.794434,808.7948,-0.0402832031,-0.0163597353
2.33484,2334,808.794434,808.7948,-0.0402832031,-0.0163597353
2.33666,2335,808.794434,808.7948,-0.0402832031,0
2.33668,2336,808.794434,808.7948,-0.0402832031,0
2.33795,2337,808.794434,808.7948,-0.0402832031,0
2.33974,2338,808.794434,808.7948,-0.0402832031,0
2.33975,2339,808.794434,808.7948,-0.0402832031,0
2.34099,2340,808.794434,808.7948,-0.0402832031,0
2.34101,2341,808.794434,808.7948,-0.0402832031,0
2.34284,2342,808.794434,808.7948,-0.0402832031,0
2.34470,2343,808.794434,808.7948,-0.0402832031,0
2.34472,2344,808.794434,808.7948,-0.0402832031,0
2.34596,2345,808.794434,808.7948,-0.0402832031,0
2.34775,2346,808.794434,808.7948,-0.0402832031,0
2.34777,2347,808.794434,808.7948,-0.0402832031,0
2.34904,2348,808.794434,808.7948,-0.0402832031,0
2.34906,2349,808.794434,808.7948,-0.0402832031,0
2.35089,2350,808.794434,808.7948,-0.0402832031,0
2.35266,2351,808.794434,808.7948,-0.0402832031,0
2.35267,2352,808.794434,808.7948,-0.0402832031,0
2.35391,2353,808.794434,808.7948,-0.0402832031,0
2.35575,2354,808.794434,808.7948,-0.0402832031,0
2.35578,2355,808.794434,808.7948,-0.0402832031,0
2.35702,2356,808.794434,808.7948,-0.0402832031,0
2.35704,2357,808.794434,808.7948,-0.0402832031,0
2.35884,2358,808.794434,808.7948,-0.0402832031,0
2.36066,2359,808.794434,808.7948,-0.0402832031,0
2.36067,2360,808.794434,808.7948,-0.0402832031,0
2.36200,2361,808.794434,808.7948,-0.0402832031,0
2.36374,2362,808.794434,808.7948,-0.0402832031,0
2.36376,2363,808.794434,808.7948,-0.0402832031,0
2.36501,2364,808.794434,808.7948,-0.0402832031,0
2.36503,2365,808.794434,808.7948,-0.0402832031,0
2.36684,2366,808.794434,808.7948,-0.0402832031,0
2.36864,2367,808.794434,808.7948,-0.0402832031,0
2.36865,2368,808.794434,808.7948,-0.0402832031,0
2.36998,2369,808.794434,808.7948,-0.0402832031,0
2.37175,2370,808.794434,808.7948,-0.0402832031,0
2.37177,2371,808.794434,808.7948,-0.0402832031,0
2.37302,2372,808.794434,808.7948,-0.0402832031,0
2.37304,2373,808.794434,808.7948,-0.0402832031,0
2.37481,2374,808.794434,808.7948,-0.0402832031,0
2.37665,2375,808.794434,808.7948,-0.0402832031,0
2.37667,2376,808.794434,808.7948,-0.0402832031,0
2.37792,2377,808.794434,808.7948,-0.0402832031,0
2.37974,2378,808.794434,808.7948,-0.0402832031,0
2.37976,2379,808.794434,808.7948,-0.0402832031,0
2.38104,2380,808.794434,808.7948,-0.0402832031,0
2.38108,2381,808.794434,808.7948,-0.0402832031,0
2.38283,2382,808.794434,808.7948,-0.0402832031,0
2.38466,2383,808.794434,808.7948,-0.0402832031,0
2.38469,2384,808.794434,808.7948,-0.0402832031,0
2.38592,2385,808.794434,808.7948,-0.0402832031,0
2.38776,2386,808.794434,808.7948,-0.0402832031,0
2.38779,2387,808.794434,808.7948,-0.0402832031,0
2.38903,2388,808.794434,808.7948,-0.0402832031,0
2.38905,2389,808.794434,808.7948,-0.0402832031,0
2.39082,2390,808.794434,808.7948,-0.0402832031,0
2.39266,2391,808.794434,808.7948,-0.0402832031,0
2.39269,2392,808.794434,808.7948,-0.0402832031,0
2.39391,2393,808.794434,808.7948,-0.0402832031,0
2.39576,2394,808.794434,808.7948,-0.0402832031,0
2.39578,2395,808.794434,808.7948,-0.0402832031,0
2.39704,2396,808.794434,808.7948,-0.0402832031,0
2.39706,2397,808.794434,808.7948,-0.0402832031,0
2.39882,2398,808.794434,808.7948,-0.0402832031,0
2.40064,2399,808.794434,808.7948,-0.0402832031,0
2.40067,2400,808.794434,808.7948,-0.0402832031,0
2.40191,2401,808.794434,808.7948,-0.0402832031,0
2.40375,2402,808.794434,808.7948,-0.0402832031,0
2.40379,2403,808.794434,808.7948,-0.0402832031,0
2.40502,2404,808.794434,808.7948,-0.0402832031,0
2.40505,2405,808.794434,808.7948,-0.0402832031,0
2.40682,2406,808.794434,808.7948,-0.0402832031,0
2.40867,2407,808.794434,808.7948,-0.0402832031,0
2.40869,2408,808.794434,808.7948,-0.0402832031,0
2.40991,2409,808.794434,808.7948,-0.0402832031,0
2.41197,2410,808.794434,808.7948,-0.0402832031,0
2.41201,2411,808.794434,808.7948,-0.0402832031,0
2.41307,2412,808.794434,808.7948,-0.0402832031,0
2.41311,2413,808.794434,808.7948,-0.0402832031,0
2.41484,2414,808.794434,808.7948,-0.0402832031,0
2.41665,2415,808.794434,808.7948,-0.0402832031,0
2.41668,2416,808.794434,808.7948,-0.0402832031,0
2.41792,2417,808.794434,808.7948,-0.0402832031,0
2.41975,2418,808.794434,808.7948,-0.0402832031,-0.0163597353
2.41977,2419,808.794434,808.7948,-0.0402832031,-0.0163597353
2.42101,2420,808.794434,808.7948,-0.0402832031,-0.0163597353
2.42102,2421,808.794434,808.7948,-0.0402832031,-0.0272662267
2.42283,2422,808.794434,808.7948,-0.0402832031,-0.0272662267
2.42464,2423,808.794434,808.7948,-0.0402832031,-0.0163597353
2.42466,2424,808.794434,808.7948,-0.0402832031,-0.0163597353
2.42594,2425,808.794434,808.7948,-0.0402832031,0
2.42773,2426,808.794434,808.7948,-0.0402832031,0
2.42777,2427,808.794434,808.7948,-0.0402832031,0
2.42904,2428,808.794434,808.7948,-0.0402832031,0
2.42906,2429,808.794434,808.7948,-0.0402832031,0
2.43084,2430,808.794434,808.7948,-0.0402832031,0
2.43267,2431,808.794434,808.7948,-0.0402832031,0
2.43270,2432,808.794434,808.7948,-0.0402832031,0
2.43396,2433,808.794434,808.7948,-0.0402832031,0
2.43574,2434,808.794434,808.7948,-0.0402832031,0
2.43576,2435,808.794434,808.7948,-0.0402832031,0
2.43701,2436,808.794434,808.7948,-0.0402832031,0
2.43703,2437,808.794434,808.7948,-0.0402832031,0
2.43881,2438,808.794434,808.7948,-0.0402832031,0
2.44067,2439,808.794434,808.7948,-0.0402832031,0
2.44069,2440,808.794434,808.7948,-0.0402832031,0
2.44191,2441,808.794434,808.7948,-0.0402832031,0
2.44374,2442,808.794434,808.7948,-0.0402832031,0
2.44375,2443,808.794434,808.7948,-0.0402832031,0
2.44510,2444,808.794434,808.7948,-0.0402832031,0
2.44513,2445,808.794434,808.7948,-0.0402832031,0
2.44684,2446,808.794434,808.7948,-0.0402832031,0
2.44867,2447,808.794434,808.7948,-0.0402832031,0
2.44871,2448,808.794434,808.7948,-0.0402832031,0
2.44993,2449,808.794434,808.7948,-0.0402832031,0
2.45176,2450,808.794434,808.7948,-0.0402832031,0
2.45178,2451,808.794434,808.7948,-0.0402832031,0
2.45300,2452,808.794434,808.7948,-0.0402832031,0
2.45301,2453,808.794434,808.7948,-0.0402832031,0
2.45483,2454,808.794434,808.7948,-0.0402832031,0
2.45668,2455,808.794434,808.7948,-0.0402832031,0
2.45672,2456,808.794434,808.7948,-0.0402832031,0
2.45792,2457,808.794434,808.7948,-0.0402832031,0
2.45976,2458,808.794434,808.7948,-0.0402832031,0
2.45979,2459,808.794434,808.7948,-0.0402832031,0
2.46101,2460,808.794434,808.7948,-0.0402832031,0
2.46105,2461,808.794434,808.7948,-0.0402832031,0
2.46284,2462,808.794434,808.7948,-0.0402832031,0
2.46468,2463,808.794434,808.7948,-0.0402832031,0
2.46472,2464,808.794434,808.7948,-0.0402832031,0
2.46593,2465,808.794434,808.7948,-0.0402832031,0
2.46780,2466,808.794434,808.7948,-0.0402832031,0
2.46783,2467,808.794434,808.7948,-0.0402832031,0
2.46900,2468,808.794434,808.7948,-0.0402832031,0
2.46903,2469,808.794434,808.7948,-0.0402832031,0
2.47083,2470,808.794434,808.7948,-0.0402832031,0
2.47270,2471,808.794434,808.7948,-0.0402832031,0
2.47273,2472,808.794434,808.7948,-0.0402832031,0
2.47391,2473,808.794434,808.7948,-0.0402832031,0
2.47575,2474,808.794434,808.7948,-0.0402832031,-0.0163597353
2.47579,2475,808.794434,808.7947,-0.0268554688,-0.0163597353
2.47701,2476,808.794434,808.7947,-0.0268554688,-0.0272662267
2.47702,2477,808.794434,808.7947,-0.0268554688,-0.0272662267
2.47885,2478,808.794434,808.7947,-0.0268554688,-0.0163597353
2.48069,2479,808.794434,808.7947,-0.0268554688,-0.0163597353
2.48073,2480,808.794434,808.7947,-0.0268554688,-0.0163597353
2.48191,2481,808.794434,808.7947,-0.0268554688,0
2.48377,2482,808.794434,808.7947,-0.0268554688,0
2.48381,2483,808.794434,808.7947,-0.0268554688,0
2.48501,2484,808.794434,808.7947,-0.0268554688,0
2.48503,2485,808.794434,808.7948,-0.0402832031,0
2.48682,2486,808.794434,808.7948,-0.0402832031,0
2.48867,2487,808.794434,808.7948,-0.0402832031,0
2.48870,2488,808.794434,808.7948,-0.0402832031,0
2.48991,2489,808.794434,808.7948,-0.0402832031,0
2.49177,2490,808.794434,808.7948,-0.0402832031,0
2.49179,2491,808.794434,808.7948,-0.0402832031,0
2.49301,2492,808.794434,808.7948,-0.0402832031,0
2.49302,2493,808.794434,808.7948,-0.0402832031,0
2.49483,2494,808.794434,808.7948,-0.0402832031,0
2.49666,2495,808.794434,808.7948,-0.0402832031,0
2.49668,2496,808.794434,808.7948,-0.0402832031,0
2.49794,2497,808.794434,808.7948,-0.0402832031,0
2.49976,2498,808.794434,808.7948,-0.0402832031,0
2.49978,2499,808.794434,808.7948,-0.0402832031,0
2.50101,2500,808.794434,808.7948,-0.0402832031,0
2.50102,2501,808.794434,808.7948,-0.0402832031,0
2.50284,2502,808.794434,808.7948,-0.0402832031,0
2.50466,2503,808.794434,808.7948,-0.0402832031,0
2.50467,2504,808.794434,808.7948,-0.0402832031,0
2.50590,2505,808.794434,808.7948,-0.0402832031,0
2.50776,2506,808.794434,808.7948,-0.0402832031,0
2.50777,2507,808.794434,808.7948,-0.0402832031,0
2.50900,2508,808.794434,808.7948,-0.0402832031,0
2.50902,2509,808.794434,808.7948,-0.0402832031,0
2.51084,2510,808.794434,808.7948,-0.0402832031,0
2.51268,2511,808.794434,808.7948,-0.0402832031,0
2.51271,2512,808.794434,808.7948,-0.0402832031,0
2.51391,2513,808.794434,808.7948,-0.0402832031,0
2.51575,2514,808.794434,808.7948,-0.0402832031,0
2.51577,2515,808.794434,808.7948,-0.0402832031,0
2.51701,2516,808.794434,808.7948,-0.0402832031,0
2.51703,2517,808.794434,808.7948,-0.0402832031,0
2.51883,2518,808.794434,808.7948,-0.0402832031,0
2.52069,2519,808.794434,808.7948,-0.0402832031,0
2.52073,2520,808.794434,808.7948,-0.0402832031,0
2.52191,2521,808.794434,808.7948,-0.0402832031,0
2.52374,2522,808.794434,808.7948,-0.0402832031,0
2.52378,2523,808.794434,808.7948,-0.0402832031,0
2.52501,2524,808.794434,808.7948,-0.0402832031,0
2.52502,2525,808.794434,808.7948,-0.0402832031,0
2.52684,2526,808.794434,808.7948,-0.0402832031,0
2.52873,2527,808.794434,808.7948,-0.0402832031,0
2.52876,2528,808.794434,808.7948,-0.0402832031,0
2.52992,2529,808.794434,808.7948,-0.0402832031,0
2.53175,2530,808.794434,808.7948,-0.0402832031,0
2.53177,2531,808.794434,808.7948,-0.0402832031,0
2.53301,2532,808.794434,808.7948,-0.0402832031,0
2.53302,2533,808.794434,808.7948,-0.0402832031,0
2.53484,2534,808.794434,808.7948,-0.0402832031,0
2.53669,2535,808.794434,808.7948,-0.0402832031,0
2.53672,2536,808.794434,808.7948,-0.0402832031,0
2.53791,2537,808.794434,808.7948,-0.0402832031,0
2.53976,2538,808.794434,808.7948,-0.0402832031,0
2.53979,2539,808.794434,808.7948,-0.0402832031,0
2.54101,2540,808.794434,808.7948,-0.0402832031,0
2.54102,2541,808.794434,808.7948,-0.0402832031,0
2.54284,2542,808.794434,808.7948,-0.0402832031,0
2.54468,2543,808.794434,808.7947,-0.0268554688,-0.0163597353
2.54471,2544,808.794434,808.7947,-0.0268554688,-0.0163597353
2.54591,2545,808.794434,808.7947,-0.0268554688,-0.0163597353
2.54775,2546,808.794434,808.7947,-0.0268554688,-0.0163597353
2.54778,2547,808.794434,808.7947,-0.0268554688,-0.0163597353
2.54903,2548,808.794434,808.7947,-0.0268554688,0
2.54904,2549,808.794434,808.7947,-0.0268554688,0
2.55088,2550,808.794434,808.7947,-0.0268554688,0
2.55266,2551,808.794434,808.7947,-0.0268554688,0
2.55269,2552,808.794434,808.7947,-0.0268554688,0
2.55390,2553,808.794434,808.7947,-0.0268554688,0
2.55578,2554,808.794434,808.7947,-0.0268554688,0
2.55582,2555,808.794434,808.7947,-0.0268554688,0
2.55702,2556,808.794434,808.7947,-0.0268554688,0
2.55704,2557,808.794434,808.7947,-0.0268554688,0
2.55886,2558,808.794434,808.7947,-0.0268554688,0
2.56067,2559,808.794434,808.7947,-0.0268554688,0
2.56069,2560,808.794434,808.7947,-0.0268554688,0
2.56195,2561,808.794434,808.7947,-0.0268554688,0
2.56376,2562,808.794434,808.7947,-0.0268554688,0
2.56378,2563,808.794434,808.7947,-0.0268554688,0
2.56503,2564,808.794434,808.7947,-0.0268554688,0
2.56505,2565,808.794434,808.7947,-0.0268554688,0
2.56684,2566,808.794434,808.7947,-0.0268554688,0
2.56871,2567,808.794434,808.7947,-0.0268554688,0
2.56873,2568,808.794434,808.7947,-0.0268554688,0
2.56991,2569,808.794434,808.7947,-0.0268554688,0
2.57177,2570,808.794434,808.7947,-0.0268554688,0
2.57179,2571,808.794434,808.7947,-0.0268554688,0
2.57301,2572,808.794434,808.7947,-0.0268554688,0
2.57302,2573,808.794434,808.7947,-0.0268554688,0
2.57485,2574,808.794434,808.7947,-0.0268554688,0
2.57667,2575,808.794434,808.7947,-0.0268554688,0
2.57669,2576,808.794434,808.7947,-0.0268554688,0
2.57791,2577,808.794434,808.7947,-0.0268554688,0
2.57977,2578,808.794434,808.7947,-0.0268554688,0
2.57980,2579,808.794434,808.7947,-0.0268554688,0
2.58105,2580,808.794434,808.7947,-0.0268554688,0
2.58107,2581,808.794434,808.7947,-0.0268554688,0
2.58285,2582,808.794434,808.7947,-0.0268554688,0
2.58471,2583,808.794434,808.7947,-0.0268554688,0
2.58473,2584,808.794434,808.7947,-0.0268554688,0
2.58590,2585,808.794434,808.7947,-0.0268554688,0
2.58777,2586,808.794434,808.7947,-0.0268554688,0
2.58779,2587,808.794434,808.7947,-0.0268554688,0
2.58901,2588,808.794434,808.7947,-0.0268554688,0
2.58902,2589,808.794434,808.7947,-0.0268554688,0
2.59086,2590,808.794434,808.7947,-0.0268554688,0
2.59266,2591,808.794434,808.7947,-0.0268554688,0
2.59268,2592,808.794434,808.7947,-0.0268554688,0
2.59395,2593,808.794434,808.7947,-0.0268554688,0
2.59575,2594,808.794434,808.7947,-0.0268554688,0
2.59576,2595,808.794434,808.7947,-0.0268554688,0
2.59701,2596,808.794434,808.7947,-0.0268554688,0
2.59703,2597,808.794434,808.7947,-0.0268554688,0
2.59886,2598,808.794434,808.7947,-0.0268554688,0
2.60069,2599,808.794434,808.7947,-0.0268554688,0
2.60073,2600,808.794434,808.7947,-0.0268554688,0
2.60192,2601,808.794434,808.7947,-0.0268554688,0
2.60378,2602,808.794434,808.7947,-0.0268554688,0
2.60380,2603,808.794434,808.7947,-0.0268554688,0
2.60500,2604,808.794434,808.7947,-0.0268554688,0
2.60501,2605,808.794434,808.7947,-0.0268554688,0
2.60685,2606,808.794434,808.7947,-0.0268554688,0
2.60866,2607,808.794434,808.7947,-0.0268554688,0
2.60869,2608,808.794434,808.7947,-0.0268554688,0
2.60990,2609,808.794434,808.7947,-0.0268554688,0
2.61189,2610,808.794434,808.7947,-0.0268554688,0
2.61194,2611,808.794434,808.7947,-0.0268554688,0
2.61302,2612,808.794434,808.7947,-0.0268554688,0
2.61305,2613,808.794434,808.7947,-0.0268554688,0
2.61485,2614,808.794434,808.7947,-0.0268554688,0
2.61666,2615,808.794434,808.7947,-0.0268554688,0
2.61667,2616,808.794434,808.7947,-0.0268554688,0
2.61791,2617,808.794434,808.7947,-0.0268554688,0
2.61975,2618,808.794434,808.7947,-0.0268554688,0
2.61977,2619,808.794434,808.7947,-0.0268554688,0
2.62100,2620,808.794434,808.7947,-0.0268554688,0
2.62102,2621,808.794434,808.7947,-0.0268554688,0
2.62286,2622,808.794434,808.7947,-0.0268554688,0
2.62467,2623,808.794434,808.7947,-0.0268554688,0
2.62469,2624,808.794434,808.7947,-0.0268554688,0
2.62591,2625,808.794434,808.7947,-0.0268554688,0
2.62775,2626,808.794434,808.7947,-0.0268554688,0
2.62777,2627,808.794434,808.7947,-0.0268554688,0
2.62906,2628,808.794434,808.7947,-0.0268554688,0
2.62908,2629,808.794434,808.7947,-0.0268554688,0
2.63084,2630,808.794434,808.7947,-0.0268554688,0
2.63267,2631,808.794434,808.7947,-0.0268554688,0
2.63271,2632,808.794434,808.7947,-0.0268554688,0
2.63390,2633,808.794434,808.7947,-0.0268554688,0
2.63577,2634,808.794434,808.7947,-0.0268554688,0
2.63580,2635,808.794434,808.7947,-0.0268554688,0
2.63701,2636,808.794434,808.7947,-0.0268554688,0
2.63702,2637,808.794434,808.7947,-0.0268554688,0
2.63887,2638,808.794434,808.7947,-0.0268554688,0
2.64068,2639,808.794434,808.7947,-0.0268554688,0
2.64070,2640,808.794434,808.7947,-0.0268554688,0
2.64190,2641,808.794434,808.7947,-0.0268554688,0
2.64375,2642,808.794434,808.7947,-0.0268554688,0
2.64378,2643,808.794434,808.7947,-0.0268554688,0
2.64529,2644,808.794434,808.7947,-0.0268554688,0
2.64532,2645,808.794434,808.7947,-0.0268554688,0
2.64688,2646,808.794434,808.7947,-0.0268554688,0
2.64868,2647,808.794434,808.7947,-0.0268554688,0
2.64871,2648,808.794434,808.7947,-0.0268554688,0
2.64992,2649,808.794434,808.7947,-0.0268554688,0
2.65175,2650,808.794434,808.7947,-0.0268554688,0
2.65178,2651,808.794434,808.7947,-0.0268554688,0
2.65302,2652,808.794434,808.7947,-0.0268554688,0
2.65304,2653,808.794434,808.7947,-0.0268554688,0
2.65487,2654,808.794434,808.7947,-0.0268554688,0
2.65664,2655,808.794434,808.7947,-0.0268554688,0
2.65666,2656,808.794434,808.7947,-0.0268554688,0
2.65792,2657,808.794434,808.7947,-0.0268554688,0
2.65973,2658,808.794434,808.7947,-0.0268554688,0
2.65974,2659,808.794434,808.7947,-0.0268554688,0
2.66103,2660,808.794434,808.7947,-0.0268554688,0
2.66104,2661,808.794434,808.7947,-0.0268554688,0
2.66284,2662,808.794434,808.7947,-0.0268554688,0
2.66471,2663,808.794434,808.7947,-0.0268554688,0
2.66476,2664,808.794434,808.7947,-0.0268554688,0
2.66592,2665,808.794434,808.7947,-0.0268554688,0
2.66778,2666,808.794434,808.7947,-0.0268554688,0
2.66782,2667,808.794434,808.7947,-0.0268554688,0
2.66901,2668,808.794434,808.7947,-0.0268554688,0
2.66902,2669,808.794434,808.7947,-0.0268554688,0
2.67087,2670,808.794434,808.7947,-0.0268554688,0
2.67266,2671,808.794434,808.7947,-0.0268554688,0
2.67267,2672,808.794434,808.7947,-0.0268554688,0
2.67394,2673,808.794434,808.7947,-0.0268554688,0
2.67575,2674,808.794434,808.7947,-0.0268554688,0
2.67577,2675,808.794434,808.7947,-0.0268554688,0
2.67701,2676,808.794434,808.7947,-0.0268554688,0
2.67703,2677,808.794434,808.7947,-0.0268554688,0
2.67887,2678,808.794434,808.7947,-0.0268554688,0
2.68068,2679,808.794434,808.7947,-0.0268554688,0
2.68071,2680,808.794434,808.7947,-0.0268554688,0
2.68196,2681,808.794434,808.7947,-0.0268554688,0
2.68376,2682,808.794434,808.7947,-0.0268554688,0
2.68379,2683,808.794434,808.7947,-0.0268554688,0
2.68504,2684,808.794434,808.7947,-0.0268554688,0
2.68505,2685,808.794434,808.7947,-0.0268554688,0
2.68682,2686,808.794434,808.7947,-0.0268554688,0
2.68867,2687,808.794434,808.7947,-0.0268554688,0
2.68870,2688,808.794434,808.7947,-0.0268554688,0
2.68990,2689,808.794434,808.7947,-0.0268554688,0
2.69177,2690,808.794434,808.7947,-0.0268554688,0
2.69181,2691,808.794434,808.7947,-0.0268554688,0
2.69301,2692,808.794434,808.7947,-0.0268554688,0
2.69303,2693,808.794434,808.7947,-0.0268554688,0
2.69485,2694,808.794434,808.7947,-0.0268554688,0
2.69672,2695,808.794434,808.7947,-0.0268554688,0
2.69677,2696,808.794434,808.7947,-0.0268554688,0
2.69792,2697,808.794434,808.7947,-0.0268554688,0
2.69975,2698,808.794434,808.7947,-0.0268554688,0
2.69977,2699,808.794434,808.7947,-0.0268554688,0
2.70102,2700,808.794434,808.7947,-0.0268554688,0
2.70106,2701,808.794434,808.7947,-0.0268554688,0
2.70286,2702,808.794434,808.7947,-0.0268554688,0
2.70468,2703,808.794434,808.7947,-0.0268554688,0
2.70472,2704,808.794434,808.7947,-0.0268554688,0
2.70591,2705,808.794434,808.7947,-0.0268554688,0
2.70777,2706,808.794434,808.7947,-0.0268554688,0
2.70781,2707,808.794434,808.7947,-0.0268554688,0
2.70901,2708,808.794434,808.7947,-0.0268554688,0
2.70905,2709,808.794434,808.7947,-0.0268554688,0
2.71089,2710,808.794434,808.7947,-0.0268554688,0
2.71269,2711,808.794434,808.7947,-0.0268554688,0
2.71271,2712,808.794434,808.7947,-0.0268554688,0
2.71392,2713,808.794434,808.7947,-0.0268554688,0
2.71576,2714,808.794434,808.7947,-0.0268554688,0
2.71580,2715,808.794434,808.7947,-0.0268554688,0
2.71702,2716,808.794434,808.7947,-0.0268554688,0
2.71704,2717,808.794434,808.7947,-0.0268554688,0
2.71885,2718,808.794434,808.7947,-0.0268554688,0
2.72066,2719,808.794434,808.7947,-0.0268554688,0
2.72068,2720,808.794434,808.7947,-0.0268554688,0
2.72191,2721,808.794434,808.7947,-0.0268554688,0
2.72376,2722,808.794434,808.7947,-0.0268554688,0
2.72379,2723,808.794434,808.7947,-0.0268554688,0
2.72500,2724,808.794434,808.7947,-0.0268554688,0
2.72502,2725,808.794434,808.7947,-0.0268554688,0
2.72686,2726,808.794434,808.7947,-0.0268554688,0
2.72871,2727,808.794434,808.7947,-0.0268554688,0
2.72874,2728,808.794434,808.7947,-0.0268554688,0
2.72992,2729,808.794434,808.7947,-0.0268554688,0
2.73176,2730,808.794434,808.7947,-0.0268554688,0
2.73178,2731,808.794434,808.7947,-0.0268554688,0
2.73305,2732,808.794434,808.7947,-0.0268554688,0
2.73308,2733,808.794434,808.7947,-0.0268554688,0
2.73489,2734,808.794434,808.7947,-0.0268554688,0
2.73665,2735,808.794434,808.7947,-0.0268554688,0
2.73666,2736,808.794434,808.7947,-0.0268554688,0
2.73792,2737,808.794434,808.7947,-0.0268554688,0
2.73979,2738,808.794434,808.7947,-0.0268554688,0
2.73981,2739,808.794434,808.7947,-0.0268554688,0
2.74104,2740,808.794434,808.7947,-0.0268554688,0
2.74108,2741,808.794434,808.7947,-0.0268554688,0
2.74287,2742,808.794434,808.7947,-0.0268554688,0
2.74464,2743,808.794434,808.7947,-0.0268554688,0
2.74467,2744,808.794434,808.7947,-0.0268554688,0
2.74593,2745,808.794434,808.7947,-0.0268554688,0
2.74782,2746,808.794434,808.7947,-0.0268554688,0
2.74786,2747,808.794434,808.7947,-0.0268554688,0
2.74902,2748,808.794434,808.7947,-0.0268554688,0
2.74903,2749,808.794434,808.7947,-0.0268554688,0
2.75083,2750,808.794434,808.7947,-0.0268554688,0
2.75266,2751,808.794434,808.7947,-0.0268554688,0
2.75268,2752,808.794434,808.7947,-0.0268554688,0
2.75391,2753,808.794434,808.7947,-0.0268554688,0
2.75576,2754,808.794434,808.7947,-0.0268554688,0
2.75580,2755,808.794434,808.7947,-0.0268554688,0
2.75702,2756,808.794434,808.7947,-0.0268554688,0
2.75705,2757,808.794434,808.7947,-0.0268554688,0
2.75884,2758,808.794434,808.7947,-0.0268554688,0
2.76064,2759,808.794434,808.7947,-0.0268554688,0
2.76065,2760,808.794434,808.7947,-0.0268554688,0
2.76198,2761,808.794434,808.7947,-0.0268554688,0
2.76379,2762,808.794434,808.7947,-0.0268554688,0
2.76382,2763,808.794434,808.7947,-0.0268554688,0
2.76503,2764,808.794434,808.7947,-0.0268554688,0
2.76504,2765,808.794434,808.7947,-0.0268554688,0
2.76687,2766,808.794434,808.7947,-0.0268554688,0
2.76869,2767,808.794434,808.7947,-0.0268554688,0
2.76875,2768,808.794434,808.7947,-0.0268554688,0
2.76993,2769,808.794434,808.7947,-0.0268554688,0
2.77177,2770,808.794434,808.7947,-0.0268554688,0
2.77179,2771,808.794434,808.7947,-0.0268554688,0
2.77302,2772,808.794434,808.7947,-0.0268554688,0
2.77304,2773,808.794434,808.7947,-0.0268554688,0
2.77484,2774,808.794434,808.7947,-0.0268554688,0
2.77664,2775,808.794434,808.7947,-0.0268554688,0
2.77665,2776,808.794434,808.7947,-0.0268554688,0
2.77792,2777,808.794434,808.7947,-0.0268554688,0
2.77979,2778,808.794434,808.7947,-0.0268554688,0
2.77981,2779,808.794434,808.7947,-0.0268554688,0
2.78102,2780,808.794434,808.7947,-0.0268554688,0
2.78106,2781,808.794434,808.7947,-0.0268554688,0
2.78287,2782,808.794434,808.7947,-0.0268554688,0
2.78466,2783,808.794434,808.7947,-0.0268554688,0
2.78467,2784,808.794434,808.7947,-0.0268554688,0
2.78591,2785,808.794434,808.7947,-0.0268554688,0
2.78773,2786,808.794434,808.7947,-0.0268554688,0
2.78774,2787,808.794434,808.7947,-0.0268554688,0
2.78902,2788,808.794434,808.7947,-0.0268554688,0
2.78903,2789,808.794434,808.7947,-0.0268554688,0
2.79085,2790,808.794434,808.7947,-0.0268554688,0
2.79266,2791,808.794434,808.7947,-0.0268554688,0
2.79270,2792,808.794434,808.7947,-0.0268554688,0
2.79390,2793,808.794434,808.7947,-0.0268554688,0
2.79575,2794,808.794434,808.7947,-0.0268554688,0
2.79580,2795,808.794434,808.7947,-0.0268554688,0
2.79705,2796,808.794434,808.7947,-0.0268554688,0
2.79708,2797,808.794434,808.7947,-0.0268554688,0
2.79887,2798,808.794434,808.7947,-0.0268554688,0
2.80072,2799,808.794434,808.7947,-0.0268554688,0
2.80076,2800,808.794434,808.7947,-0.0268554688,0
2.80192,2801,808.794434,808.7947,-0.0268554688,0
2.80375,2802,808.794434,808.7947,-0.0268554688,0
2.80377,2803,808.794434,808.7947,-0.0268554688,0
2.80503,2804,808.794434,808.7947,-0.0268554688,0
2.80505,2805,808.794434,808.7947,-0.0268554688,0
2.80684,2806,808.794434,808.7947,-0.0268554688,0
2.80865,2807,808.794434,808.7947,-0.0268554688,0
2.80867,2808,808.794434,808.7947,-0.0268554688,0
2.80989,2809,808.794434,808.7947,-0.0268554688,0
2.81204,2810,808.794434,808.7947,-0.0268554688,0
2.81212,2811,808.794434,808.7947,-0.0268554688,0
2.81306,2812,808.794434,808.7947,-0.0268554688,0
2.81307,2813,808.794434,808.7947,-0.0268554688,0
2.81485,2814,808.794434,808.7947,-0.0268554688,0
2.81665,2815,808.794434,808.7947,-0.0268554688,0
2.81667,2816,808.794434,808.7947,-0.0268554688,0
2.81800,2817,808.794434,808.7947,-0.0268554688,0
2.81973,2818,808.794434,808.7947,-0.0268554688,0
2.81975,2819,808.794434,808.7947,-0.0268554688,0
2.82101,2820,808.794434,808.7947,-0.0268554688,0
2.82103,2821,808.794434,808.7947,-0.0268554688,0
2.82282,2822,808.794434,808.7947,-0.0268554688,-0.0163597353
2.82464,2823,808.794434,808.7947,-0.0268554688,-0.0163597353
2.82465,2824,808.794434,808.7947,-0.0268554688,-0.0163597353
2.82592,2825,808.794434,808.7947,-0.0268554688,-0.0272662267
2.82774,2826,808.794434,808.7947,-0.0268554688,-0.0163597353
2.82776,2827,808.794434,808.7947,-0.0268554688,-0.0272662267
2.82903,2828,808.794434,808.7946,-0.0201416016,-0.0272662267
2.82905,2829,808.794434,808.7946,-0.0201416016,-0.0163597353
2.83084,2830,808.794434,808.7946,-0.0201416016,-0.0163597353
2.83270,2831,808.794434,808.7945,-0.006713867,-0.0163597353
2.83276,2832,808.794434,808.7946,-0.0201416016,-0.0163597353
2.83393,2833,808.794434,808.7946,-0.0201416016,-0.0163597353
2.83574,2834,808.794434,808.7946,-0.0201416016,-0.0163597353
2.83575,2835,808.794434,808.7947,-0.0268554688,0
2.83702,2836,808.794434,808.7947,-0.0268554688,0.0109064905
2.83704,2837,808.794434,808.7947,-0.0268554688,0
2.83883,2838,808.794434,808.7947,-0.0268554688,0
2.84069,2839,808.794434,808.7947,-0.0268554688,0
2.84072,2840,808.794434,808.7947,-0.0268554688,0
2.84193,2841,808.794434,808.7947,-0.0268554688,0
2.84374,2842,808.794434,808.7947,-0.0268554688,0
2.84376,2843,808.794434,808.7947,-0.0268554688,0
2.84517,2844,808.794434,808.7947,-0.0268554688,0
2.84523,2845,808.794434,808.7947,-0.0268554688,0
2.84683,2846,808.794434,808.7947,-0.0268554688,0
2.84870,2847,808.794434,808.7947,-0.0268554688,0
2.84872,2848,808.794434,808.7947,-0.0268554688,0
2.84992,2849,808.794434,808.7947,-0.0268554688,0
2.85174,2850,808.794434,808.7947,-0.0268554688,0
2.85177,2851,808.794434,808.7947,-0.0268554688,0
2.85304,2852,808.794434,808.7947,-0.0268554688,0
2.85306,2853,808.794434,808.7947,-0.0268554688,0
2.85482,2854,808.794434,808.7947,-0.0268554688,0
2.85664,2855,808.794434,808.7947,-0.0268554688,0
2.85666,2856,808.794434,808.7947,-0.0268554688,0
2.85793,2857,808.794434,808.7947,-0.0268554688,0
2.85973,2858,808.794434,808.7947,-0.0268554688,0
2.85975,2859,808.794434,808.7947,-0.0268554688,0
2.86101,2860,808.794434,808.7947,-0.0268554688,0
2.86103,2861,808.794434,808.7947,-0.0268554688,0
2.86284,2862,808.794434,808.7947,-0.0268554688,0
2.86467,2863,808.794434,808.7947,-0.0268554688,0
2.86469,2864,808.794434,808.7947,-0.0268554688,0
2.86593,2865,808.794434,808.7947,-0.0268554688,0
2.86774,2866,808.794434,808.7947,-0.0268554688,0
2.86775,2867,808.794434,808.7947,-0.0268554688,0
2.86902,2868,808.794434,808.7947,-0.0268554688,0
2.86904,2869,808.794434,808.7947,-0.0268554688,0
2.87088,2870,808.794434,808.7947,-0.0268554688,0
2.87269,2871,808.794434,808.7947,-0.0268554688,0
2.87270,2872,808.794434,808.7947,-0.0268554688,0
2.87394,2873,808.794434,808.7947,-0.0268554688,0
2.87573,2874,808.794434,808.7947,-0.0268554688,0
2.87575,2875,808.794434,808.7947,-0.0268554688,0
2.87707,2876,808.794434,808.7947,-0.0268554688,0
2.87709,2877,808.794434,808.7947,-0.0268554688,0
2.87884,2878,808.794434,808.7947,-0.0268554688,0
2.88065,2879,808.794434,808.7947,-0.0268554688,0
2.88067,2880,808.794434,808.7947,-0.0268554688,0
2.88192,2881,808.794434,808.7947,-0.0268554688,0
2.88375,2882,808.794434,808.7947,-0.0268554688,0
2.88378,2883,808.794434,808.7947,-0.0268554688,0
2.88503,2884,808.794434,808.7947,-0.0268554688,0
2.88506,2885,808.794434,808.7947,-0.0268554688,0
2.88682,2886,808.794434,808.7947,-0.0268554688,0
2.88865,2887,808.794434,808.7947,-0.0268554688,0
2.88867,2888,808.794434,808.7947,-0.0268554688,0
2.88990,2889,808.794434,808.7947,-0.0268554688,0
2.89173,2890,808.794434,808.7947,-0.0268554688,0
2.89175,2891,808.794434,808.7947,-0.0268554688,0
2.89302,2892,808.794434,808.7947,-0.0268554688,0
2.89304,2893,808.794434,808.7947,-0.0268554688,0
2.89483,2894,808.794434,808.7947,-0.0268554688,0
2.89666,2895,808.794434,808.7947,-0.0268554688,0
2.89668,2896,808.794434,808.7947,-0.0268554688,0
2.89790,2897,808.794434,808.7947,-0.0268554688,0
2.89978,2898,808.794434,808.7947,-0.0268554688,0
2.89981,2899,808.794434,808.7947,-0.0268554688,0
2.90108,2900,808.794434,808.7947,-0.0268554688,0
2.90111,2901,808.794434,808.7947,-0.0268554688,0
2.90281,2902,808.794434,808.7947,-0.0268554688,0
2.90466,2903,808.794434,808.7947,-0.0268554688,0
2.90467,2904,808.794434,808.7947,-0.0268554688,0
2.90590,2905,808.794434,808.7947,-0.0268554688,0
2.90772,2906,808.794434,808.7947,-0.0268554688,0
2.90773,2907,808.794434,808.7947,-0.0268554688,0
2.90906,2908,808.794434,808.7947,-0.0268554688,0
2.90910,2909,808.794434,808.7947,-0.0268554688,0
2.91084,2910,808.794434,808.7947,-0.0268554688,0
2.91266,2911,808.794434,808.7947,-0.0268554688,0
2.91268,2912,808.794434,808.7947,-0.0268554688,0
2.91391,2913,808.794434,808.7947,-0.0268554688,0
2.91575,2914,808.794434,808.7947,-0.0268554688,0
2.91577,2915,808.794434,808.7947,-0.0268554688,0
2.91703,2916,808.794434,808.7947,-0.0268554688,0
2.91708,2917,808.794434,808.7947,-0.0268554688,0
2.91884,2918,808.794434,808.7947,-0.0268554688,0
2.92070,2919,808.794434,808.7947,-0.0268554688,0
2.92073,2920,808.794434,808.7947,-0.0268554688,0
2.92190,2921,808.794434,808.7947,-0.0268554688,0
2.92373,2922,808.794434,808.7947,-0.0268554688,0
2.92375,2923,808.794434,808.7947,-0.0268554688,0
2.92504,2924,808.794434,808.7947,-0.0268554688,0
2.92507,2925,808.794434,808.7947,-0.0268554688,0
2.92682,2926,808.794434,808.7947,-0.0268554688,0
2.92868,2927,808.794434,808.7947,-0.0268554688,0
2.92873,2928,808.794434,808.7947,-0.0268554688,0
2.92991,2929,808.794434,808.7947,-0.0268554688,0
2.93173,2930,808.794434,808.7947,-0.0268554688,0
2.93175,2931,808.794434,808.7947,-0.0268554688,0
2.93302,2932,808.794434,808.7947,-0.0268554688,0
2.93303,2933,808.794434,808.7947,-0.0268554688,0
2.93481,2934,808.794434,808.7947,-0.0268554688,0
2.93665,2935,808.794434,808.7947,-0.0268554688,0
2.93667,2936,808.794434,808.7947,-0.0268554688,0
2.93793,2937,808.794434,808.7947,-0.0268554688,0
2.93974,2938,808.794434,808.7947,-0.0268554688,0
2.93976,2939,808.794434,808.7947,-0.0268554688,0
2.94103,2940,808.794434,808.7947,-0.0268554688,0
2.94106,2941,808.794434,808.7947,-0.0268554688,0
2.94299,2942,808.794434,808.7947,-0.0268554688,0
2.94480,2943,808.794434,808.7947,-0.0268554688,0
2.94482,2944,808.794434,808.7947,-0.0268554688,0
2.94595,2945,808.794434,808.7947,-0.0268554688,0
2.94782,2946,808.794434,808.7947,-0.0268554688,0
2.94784,2947,808.794434,808.7947,-0.0268554688,0
2.94906,2948,808.794434,808.7946,-0.0201416016,-0.0163597353
2.94911,2949,808.794434,808.7946,-0.0201416016,-0.0163597353
2.95086,2950,808.794434,808.7946,-0.0201416016,-0.0163597353
2.95269,2951,808.794434,808.7946,-0.0201416016,-0.0163597353
2.95271,2952,808.794434,808.7946,-0.0201416016,-0.0163597353
2.95391,2953,808.794434,808.7946,-0.0201416016,0
2.95574,2954,808.794434,808.7946,-0.0201416016,0
2.95576,2955,808.794434,808.7946,-0.0201416016,0
2.95702,2956,808.794434,808.7946,-0.0201416016,0
2.95704,2957,808.794434,808.7946,-0.0201416016,0
2.95882,2958,808.794434,808.7946,-0.0201416016,0
2.96066,2959,808.794434,808.7946,-0.0201416016,0
2.96069,2960,808.794434,808.7946,-0.0201416016,0
2.96195,2961,808.794434,808.7946,-0.0201416016,0
2.96378,2962,808.794434,808.7946,-0.0201416016,0
2.96380,2963,808.794434,808.7946,-0.0201416016,0
2.96502,2964,808.794434,808.7946,-0.0201416016,0
2.96503,2965,808.794434,808.7946,-0.0201416016,0
2.96682,2966,808.794434,808.7946,-0.0201416016,0
2.96868,2967,808.794434,808.7946,-0.0201416016,0
2.96870,2968,808.794434,808.7946,-0.0201416016,0
2.96991,2969,808.794434,808.7946,-0.0201416016,0
2.97174,2970,808.794434,808.7946,-0.0201416016,0
2.97176,2971,808.794434,808.7946,-0.0201416016,0
2.97303,2972,808.794434,808.7946,-0.0201416016,0
2.97306,2973,808.794434,808.7946,-0.0201416016,0
2.97483,2974,808.794434,808.7946,-0.0201416016,0
2.97670,2975,808.794434,808.7946,-0.0201416016,0
2.97672,2976,808.794434,808.7946,-0.0201416016,0
2.97791,2977,808.794434,808.7946,-0.0201416016,0
2.97977,2978,808.794434,808.7946,-0.0201416016,0
2.97979,2979,808.794434,808.7946,-0.0201416016,0
2.98103,2980,808.794434,808.7946,-0.0201416016,0
2.98104,2981,808.794434,808.7946,-0.0201416016,0
2.98282,2982,808.794434,808.7946,-0.0201416016,0
2.98466,2983,808.794434,808.7946,-0.0201416016,0
2.98468,2984,808.794434,808.7946,-0.0201416016,0
2.98594,2985,808.794434,808.7946,-0.0201416016,0
2.98778,2986,808.794434,808.7946,-0.0201416016,0
2.98782,2987,808.794434,808.7946,-0.0201416016,0
2.98903,2988,808.794434,808.7946,-0.0201416016,0
2.98905,2989,808.794434,808.7946,-0.0201416016,0
2.99082,2990,808.794434,808.7946,-0.0201416016,0
2.99493,2991,808.794434,808.7946,-0.0201416016,0
2.99496,2992,808.794434,808.7946,-0.0201416016,0
2.99499,2993,808.794434,808.7946,-0.0201416016,0
2.99578,2994,808.794434,808.7946,-0.0201416016,0
2.99581,2995,808.794434,808.7946,-0.0201416016,0
2.99703,2996,808.794434,808.7946,-0.0201416016,0
2.99706,2997,808.794434,808.7946,-0.0201416016,0
2.99883,2998,808.794434,808.7946,-0.0201416016,0
3.00066,2999,808.794434,808.7946,-0.0201416016,0
3.00067,3000,808.794434,808.7946,-0.0201416016,0
3.00192,3001,808.794434,808.7946,-0.0201416016,0
3.00378,3002,808.794434,808.7946,-0.0201416016,0
3.00381,3003,808.794434,808.7946,-0.0201416016,0
3.00502,3004,808.794434,808.7946,-0.0201416016,0
3.00503,3005,808.794434,808.7946,-0.0201416016,0
3.00681,3006,808.794434,808.7946,-0.0201416016,0
3.00867,3007,808.794434,808.7946,-0.0201416016,0
3.00870,3008,808.794434,808.7946,-0.0201416016,0
3.00990,3009,808.794434,808.7946,-0.0201416016,0
3.01198,3010,808.794434,808.7946,-0.0201416016,0
3.01204,3011,808.794434,808.7946,-0.0201416016,0
3.01305,3012,808.794434,808.7946,-0.0201416016,0
3.01307,3013,808.794434,808.7946,-0.0201416016,0
3.01483,3014,808.794434,808.7946,-0.0201416016,0
3.01672,3015,808.794434,808.7946,-0.0201416016,0
3.01676,3016,808.794434,808.7946,-0.0201416016,0
3.01793,3017,808.794434,808.7946,-0.0201416016,0
3.01977,3018,808.794434,808.7946,-0.0201416016,0
3.01979,3019,808.794434,808.7946,-0.0201416016,0
3.02103,3020,808.794434,808.7946,-0.0201416016,0
3.02105,3021,808.794434,808.7946,-0.0201416016,0
3.02284,3022,808.794434,808.7946,-0.0201416016,0
3.02466,3023,808.794434,808.7946,-0.0201416016,0
3.02468,3024,808.794434,808.7946,-0.0201416016,0
3.02590,3025,808.794434,808.7946,-0.0201416016,0
3.02777,3026,808.794434,808.7946,-0.0201416016,0
3.02779,3027,808.794434,808.7946,-0.0201416016,0
3.02903,3028,808.794434,808.7946,-0.0201416016,0
3.02907,3029,808.794434,808.7946,-0.0201416016,0
3.03085,3030,808.794434,808.7946,-0.0201416016,0
3.03270,3031,808.794434,808.7946,-0.0201416016,0
3.03272,3032,808.794434,808.7946,-0.0201416016,0
3.03390,3033,808.794434,808.7946,-0.0201416016,0
3.03577,3034,808.794434,808.7946,-0.0201416016,0
3.03581,3035,808.794434,808.7946,-0.0201416016,0
3.03702,3036,808.794434,808.7946,-0.0201416016,0
3.03703,3037,808.794434,808.7946,-0.0201416016,0
3.03884,3038,808.794434,808.7946,-0.0201416016,0
3.04066,3039,808.794434,808.7946,-0.0201416016,0
3.04068,3040,808.794434,808.7946,-0.0201416016,0
3.04191,3041,808.794434,808.7946,-0.0201416016,0
3.04376,3042,808.794434,808.7946,-0.0201416016,0
3.04378,3043,808.794434,808.7946,-0.0201416016,0
3.04511,3044,808.794434,808.7946,-0.0201416016,0
3.04516,3045,808.794434,808.7946,-0.0201416016,0
3.04684,3046,808.794434,808.7946,-0.0201416016,0
3.04871,3047,808.794434,808.7946,-0.0201416016,0
3.04875,3048,808.794434,808.7946,-0.0201416016,0
3.04991,3049,808.794434,808.7946,-0.0201416016,0
3.05179,3050,808.794434,808.7946,-0.0201416016,0
3.05182,3051,808.794434,808.7946,-0.0201416016,0
3.05303,3052,808.794434,808.7946,-0.0201416016,0
3.05305,3053,808.794434,808.7946,-0.0201416016,0
3.05484,3054,808.794434,808.7946,-0.0201416016,0
3.05669,3055,808.794434,808.7946,-0.0201416016,0
3.05672,3056,808.794434,808.7946,-0.0201416016,0
3.05791,3057,808.794434,808.7946,-0.0201416016,0
3.05978,3058,808.794434,808.7946,-0.0201416016,0
3.05981,3059,808.794434,808.7946,-0.0201416016,0
3.06101,3060,808.794434,808.7946,-0.0201416016,0
3.06103,3061,808.794434,808.7946,-0.0201416016,0
3.06287,3062,808.794434,808.7946,-0.0201416016,0
3.06468,3063,808.794434,808.7946,-0.0201416016,0
3.06471,3064,808.794434,808.7946,-0.0201416016,0
3.06591,3065,808.794434,808.7946,-0.0201416016,0
3.06776,3066,808.794434,808.7946,-0.0201416016,0
3.06779,3067,808.794434,808.7946,-0.0201416016,0
3.06902,3068,808.794434,808.7946,-0.0201416016,0
3.06904,3069,808.794434,808.7946,-0.0201416016,0
3.07086,3070,808.794434,808.7946,-0.0201416016,0
3.07269,3071,808.794434,808.7946,-0.0201416016,0
3.07273,3072,808.794434,808.7946,-0.0201416016,0
3.07391,3073,808.794434,808.7946,-0.0201416016,0
3.07578,3074,808.794434,808.7946,-0.0201416016,0
3.07580,3075,808.794434,808.7946,-0.0201416016,0
3.07702,3076,808.794434,808.7946,-0.0201416016,0
3.07703,3077,808.794434,808.7946,-0.0201416016,0
3.07886,3078,808.794434,808.7946,-0.0201416016,0
3.08070,3079,808.794434,808.7946,-0.0201416016,0
3.08072,3080,808.794434,808.7946,-0.0201416016,0
3.08191,3081,808.794434,808.7946,-0.0201416016,0
3.08378,3082,808.794434,808.7946,-0.0201416016,0
3.08381,3083,808.794434,808.7946,-0.0201416016,0
3.08503,3084,808.794434,808.7946,-0.0201416016,0
3.08505,3085,808.794434,808.7946,-0.0201416016,0
3.08684,3086,808.794434,808.7946,-0.0201416016,0
3.08867,3087,808.794434,808.7946,-0.0201416016,0
3.08870,3088,808.794434,808.7946,-0.0201416016,0
3.08993,3089,808.794434,808.7946,-0.0201416016,0
3.09176,3090,808.794434,808.7946,-0.0201416016,0
3.09179,3091,808.794434,808.7946,-0.0201416016,0
3.09301,3092,808.794434,808.7946,-0.0201416016,0
3.09303,3093,808.794434,808.7946,-0.0201416016,0
3.09486,3094,808.794434,808.7946,-0.0201416016,0
3.09671,3095,808.794434,808.7946,-0.0201416016,0
3.09673,3096,808.794434,808.7946,-0.0201416016,0
3.09795,3097,808.794434,808.7946,-0.0201416016,0
3.09978,3098,808.794434,808.7946,-0.0201416016,0
3.09981,3099,808.794434,808.7946,-0.0201416016,0
3.10103,3100,808.794434,808.7946,-0.0201416016,0
3.10106,3101,808.794434,808.7946,-0.0201416016,0
3.10286,3102,808.794434,808.7946,-0.0201416016,0
3.10466,3103,808.794434,808.7946,-0.0201416016,0
3.10468,3104,808.794434,808.7946,-0.0201416016,0
3.10592,3105,808.794434,808.7946,-0.0201416016,0
3.10775,3106,808.794434,808.7946,-0.0201416016,0
3.10777,3107,808.794434,808.7946,-0.0201416016,0
3.10903,3108,808.794434,808.7946,-0.0201416016,0
3.10904,3109,808.794434,808.7946,-0.0201416016,0
3.11084,3110,808.794434,808.7946,-0.0201416016,0
3.11266,3111,808.794434,808.7946,-0.0201416016,0
3.11267,3112,808.794434,808.7946,-0.0201416016,0
3.11392,3113,808.794434,808.7946,-0.0201416016,0
3.11579,3114,808.794434,808.7946,-0.0201416016,0
3.11582,3115,808.794434,808.7946,-0.0201416016,0
3.11702,3116,808.794434,808.7946,-0.0201416016,0
3.11704,3117,808.794434,808.7946,-0.0201416016,0
3.11886,3118,808.794434,808.7946,-0.0201416016,0
3.12067,3119,808.794434,808.7946,-0.0201416016,0
3.12070,3120,808.794434,808.7946,-0.0201416016,0
3.12193,3121,808.794434,808.7946,-0.0201416016,0
3.12375,3122,808.794434,808.7946,-0.0201416016,0
3.12377,3123,808.794434,808.7946,-0.0201416016,0
3.12503,3124,808.794434,808.7946,-0.0201416016,0
3.12505,3125,808.794434,808.7946,-0.0201416016,0
3.12688,3126,808.794434,808.7946,-0.0201416016,0
3.12881,3127,808.794434,808.7946,-0.0201416016,0
3.12884,3128,808.794434,808.7946,-0.0201416016,0
3.12993,3129,808.794434,808.7946,-0.0201416016,0
3.13174,3130,808.794434,808.7946,-0.0201416016,0
3.13176,3131,808.794434,808.7946,-0.0201416016,0
3.13303,3132,808.794434,808.7946,-0.0201416016,0
3.13304,3133,808.794434,808.7946,-0.0201416016,0
3.13487,3134,808.794434,808.7946,-0.0201416016,0
3.13668,3135,808.794434,808.7946,-0.0201416016,0
3.13673,3136,808.794434,808.7946,-0.0201416016,0
3.13792,3137,808.794434,808.7946,-0.0201416016,0
3.13975,3138,808.794434,808.7946,-0.0201416016,0
3.13980,3139,808.794434,808.7946,-0.0201416016,0
3.14102,3140,808.794434,808.7946,-0.0201416016,0
3.14104,3141,808.794434,808.7946,-0.0201416016,0
3.14289,3142,808.794434,808.7946,-0.0201416016,0
3.14467,3143,808.794434,808.7946,-0.0201416016,0
3.14471,3144,808.794434,808.7946,-0.0201416016,0
3.14592,3145,808.794434,808.7946,-0.0201416016,0
3.14779,3146,808.794434,808.7946,-0.0201416016,0
3.14784,3147,808.794434,808.7946,-0.0201416016,0
3.14903,3148,808.794434,808.7946,-0.0201416016,0
3.14904,3149,808.794434,808.7946,-0.0201416016,0
3.15091,3150,808.794434,808.7946,-0.0201416016,0
3.15267,3151,808.794434,808.7946,-0.0201416016,0
3.15269,3152,808.794434,808.7946,-0.0201416016,0
3.15392,3153,808.794434,808.7946,-0.0201416016,0
3.15575,3154,808.794434,808.7946,-0.0201416016,0
3.15578,3155,808.794434,808.7946,-0.0201416016,0
3.15711,3156,808.794434,808.7946,-0.0201416016,0
3.15715,3157,808.794434,808.7946,-0.0201416016,0
3.15888,3158,808.794434,808.7946,-0.0201416016,0
3.16070,3159,808.794434,808.7946,-0.0201416016,0
3.16073,3160,808.794434,808.7946,-0.0201416016,0
3.16192,3161,808.794434,808.7946,-0.0201416016,0
3.16379,3162,808.794434,808.7946,-0.0201416016,0
3.16383,3163,808.794434,808.7946,-0.0201416016,0
3.16503,3164,808.794434,808.7946,-0.0201416016,0
3.16504,3165,808.794434,808.7946,-0.0201416016,0
3.16686,3166,808.794434,808.7946,-0.0201416016,0
3.16868,3167,808.794434,808.7946,-0.0201416016,0
3.16871,3168,808.794434,808.7946,-0.0201416016,0
3.16990,3169,808.794434,808.7946,-0.0201416016,0
3.17178,3170,808.794434,808.7946,-0.0201416016,0
3.17181,3171,808.794434,808.7946,-0.0201416016,0
3.17303,3172,808.794434,808.7946,-0.0201416016,0
3.17304,3173,808.794434,808.7946,-0.0201416016,0
3.17488,3174,808.794434,808.7946,-0.0201416016,0
3.17669,3175,808.794434,808.7946,-0.0201416016,0
3.17671,3176,808.794434,808.7946,-0.0201416016,0
3.17791,3177,808.794434,808.7946,-0.0201416016,0
3.17977,3178,808.794434,808.7946,-0.0201416016,0
3.17979,3179,808.794434,808.7946,-0.0201416016,0
3.18103,3180,808.794434,808.7946,-0.0201416016,0
3.18105,3181,808.794434,808.7946,-0.0201416016,0
3.18286,3182,808.794434,808.7946,-0.0201416016,0
3.18471,3183,808.794434,808.7946,-0.0201416016,0
3.18474,3184,808.794434,808.7946,-0.0201416016,0
3.18593,3185,808.794434,808.7946,-0.0201416016,0
3.18776,3186,808.794434,808.7946,-0.0201416016,0
3.18778,3187,808.794434,808.7946,-0.0201416016,0
3.18906,3188,808.794434,808.7946,-0.0201416016,0
3.18908,3189,808.794434,808.7946,-0.0201416016,0
3.19089,3190,808.794434,808.7946,-0.0201416016,0
3.19268,3191,808.794434,808.7946,-0.0201416016,0
3.19272,3192,808.794434,808.7946,-0.0201416016,0
3.19394,3193,808.794434,808.7946,-0.0201416016,0
3.19579,3194,808.794434,808.7946,-0.0201416016,0
3.19583,3195,808.794434,808.7946,-0.0201416016,0
3.19704,3196,808.794434,808.7946,-0.0201416016,0
3.19705,3197,808.794434,808.7946,-0.0201416016,0
3.19886,3198,808.794434,808.7946,-0.0201416016,0
3.20065,3199,808.794434,808.7946,-0.0201416016,0
3.20068,3200,808.794434,808.7946,-0.0201416016,0
3.20191,3201,808.794434,808.7946,-0.0201416016,0
3.20377,3202,808.794434,808.7946,-0.0201416016,0
3.20379,3203,808.794434,808.7946,-0.0201416016,0
3.20501,3204,808.794434,808.7946,-0.0201416016,0
3.20503,3205,808.794434,808.7946,-0.0201416016,0
3.20686,3206,808.794434,808.7946,-0.0201416016,0
3.20865,3207,808.794434,808.7946,-0.0201416016,0
3.20867,3208,808.794434,808.7946,-0.0201416016,0
3.20993,3209,808.794434,808.7946,-0.0201416016,0
3.21199,3210,808.794434,808.7946,-0.0201416016,0
3.21203,3211,808.794434,808.7946,-0.0201416016,0
3.21304,3212,808.794434,808.7946,-0.0201416016,0
3.21306,3213,808.794434,808.7946,-0.0201416016,0
3.21486,3214,808.794434,808.7946,-0.0201416016,0
3.21669,3215,808.794434,808.7946,-0.0201416016,0
3.21672,3216,808.794434,808.7946,-0.0201416016,0
3.21791,3217,808.794434,808.7946,-0.0201416016,0
3.21977,3218,808.794434,808.7946,-0.0201416016,0
3.21981,3219,808.794434,808.7946,-0.0201416016,0
3.22103,3220,808.794434,808.7946,-0.0201416016,0
3.22104,3221,808.794434,808.7946,-0.0201416016,0
3.22285,3222,808.794434,808.7946,-0.0201416016,0
3.22467,3223,808.794434,808.7946,-0.0201416016,0
3.22469,3224,808.794434,808.7946,-0.0201416016,0
3.22591,3225,808.794434,808.7946,-0.0201416016,0
3.22777,3226,808.794434,808.7946,-0.0201416016,0
3.22780,3227,808.794434,808.7946,-0.0201416016,0
3.22903,3228,808.794434,808.7946,-0.0201416016,0
3.22906,3229,808.794434,808.7946,-0.0201416016,0
3.23089,3230,808.794434,808.7946,-0.0201416016,0
3.23270,3231,808.794434,808.7946,-0.0201416016,0
3.23273,3232,808.794434,808.7946,-0.0201416016,0
3.23390,3233,808.794434,808.7946,-0.0201416016,0
3.23576,3234,808.794434,808.7946,-0.0201416016,0
3.23579,3235,808.794434,808.7946,-0.0201416016,0
3.23703,3236,808.794434,808.7946,-0.0201416016,0
3.23705,3237,808.794434,808.7946,-0.0201416016,0
3.23889,3238,808.794434,808.7946,-0.0201416016,0
3.24068,3239,808.794434,808.7946,-0.0201416016,0
3.24071,3240,808.794434,808.7946,-0.0201416016,0
3.24190,3241,808.794434,808.7946,-0.0201416016,0
3.24379,3242,808.794434,808.7946,-0.0201416016,0
3.24383,3243,808.794434,808.7946,-0.0201416016,0
3.24523,3244,808.794434,808.7946,-0.0201416016,0
3.24527,3245,808.794434,808.7946,-0.0201416016,0
3.24689,3246,808.794434,808.7946,-0.0201416016,0
3.24870,3247,808.794434,808.7946,-0.0201416016,0
3.24872,3248,808.794434,808.7946,-0.0201416016,0
3.24991,3249,808.794434,808.7946,-0.0201416016,0
3.25178,3250,808.794434,808.7946,-0.0201416016,-0.0163597353
3.25180,3251,808.794434,808.7945,-0.006713867,-0.0163597353
3.25305,3252,808.794434,808.7945,-0.006713867,-0.0272662267
3.25306,3253,808.794434,808.7945,-0.006713867,-0.0272662267
3.25483,3254,808.794434,808.7945,-0.006713867,-0.0272662267
3.25667,3255,808.794434,808.7945,-0.006713867,-0.0272662267
3.25669,3256,808.794434,808.7945,-0.006713867,-0.0163597353
3.25792,3257,808.794434,808.7945,-0.006713867,-0.0163597353
3.25976,3258,808.794434,808.7945,-0.006713867,-0.0163597353
3.25980,3259,808.794434,808.7945,-0.006713867,0
3.26102,3260,808.794434,808.7945,-0.006713867,0
3.26103,3261,808.794434,808.7945,-0.006713867,0.0109064905
3.26286,3262,808.794434,808.7946,-0.0201416016,0.0109064905
3.26464,3263,808.794434,808.7946,-0.0201416016,0
3.26466,3264,808.794434,808.7946,-0.0201416016,0
3.26596,3265,808.794434,808.7946,-0.0201416016,0
3.26779,3266,808.794434,808.7946,-0.0201416016,0
3.26783,3267,808.794434,808.7946,-0.0201416016,0
3.26902,3268,808.794434,808.7946,-0.0201416016,0
3.26904,3269,808.794434,808.7946,-0.0201416016,0
3.27085,3270,808.794434,808.7946,-0.0201416016,0
3.27264,3271,808.794434,808.7946,-0.0201416016,0
3.27266,3272,808.794434,808.7946,-0.0201416016,0
3.27393,3273,808.794434,808.7946,-0.0201416016,0
3.27576,3274,808.794434,808.7946,-0.0201416016,0
3.27579,3275,808.794434,808.7946,-0.0201416016,0
3.27702,3276,808.794434,808.7945,-0.006713867,0
3.27703,3277,808.794434,808.7945,-0.006713867,-0.0163597353
3.27884,3278,808.794434,808.7945,-0.006713867,-0.0163597353
3.28067,3279,808.794434,808.7945,-0.006713867,-0.0163597353
3.28069,3280,808.794434,808.7945,-0.006713867,-0.0163597353
3.28192,3281,808.794434,808.7945,-0.006713867,0
3.28376,3282,808.794434,808.7945,-0.006713867,0
3.28379,3283,808.794434,808.7945,-0.006713867,0
3.28502,3284,808.794434,808.7945,-0.006713867,0
3.28505,3285,808.794434,808.7945,-0.006713867,0
3.28686,3286,808.794434,808.7945,-0.006713867,0
3.28865,3287,808.794434,808.7945,-0.006713867,0
3.28867,3288,808.794434,808.7945,-0.006713867,0
3.28991,3289,808.794434,808.7945,-0.006713867,0
3.29173,3290,808.794434,808.7945,-0.006713867,0
3.29176,3291,808.794434,808.7945,-0.006713867,0
3.29302,3292,808.794434,808.7945,-0.006713867,0
3.29303,3293,808.794434,808.7945,-0.006713867,0
3.29485,3294,808.794434,808.7945,-0.006713867,0
3.29667,3295,808.794434,808.7945,-0.006713867,0
3.29671,3296,808.794434,808.7946,-0.0201416016,0
3.29793,3297,808.794434,808.7946,-0.0201416016,0
3.29975,3298,808.794434,808.7946,-0.0201416016,0
3.29976,3299,808.794434,808.7946,-0.0201416016,0
3.30103,3300,808.794434,808.7946,-0.0201416016,0
