t,n,A,B,C,D
0.00044,0,283.1419,283.495636,-0.353729248,0
0.00222,1,283.1419,283.495636,-0.353729248,0
0.00225,2,283.1419,283.495636,-0.353729248,0
0.00350,3,283.1419,283.495636,-0.353729248,0
0.00530,4,283.1419,283.495636,-0.353729248,0
0.00532,5,283.1419,283.495636,-0.353729248,0
0.00654,6,283.1419,283.495636,-0.353729248,0
0.00839,7,283.1419,283.495636,-0.353729248,0
0.00841,8,283.1419,283.495636,-0.353729248,0
0.01025,9,283.1419,283.495636,-0.353729248,0
0.01028,10,283.1419,283.495636,-0.353729248,0
0.01147,11,283.1419,283.495636,-0.353729248,0
0.01328,12,283.1419,283.495575,-0.3536682,0
0.01330,13,283.1419,283.495575,-0.3536682,-0.0163597353
0.01457,14,283.1419,283.495575,-0.3536682,-0.0163597353
0.01638,15,283.1419,283.495575,-0.3536682,-0.0163597353
0.01639,16,283.1419,283.495575,-0.3536682,-0.0163597353
0.01822,17,283.1419,283.495575,-0.3536682,0
0.01824,18,283.1419,283.495575,-0.3536682,0
0.01945,19,283.1419,283.495575,-0.3536682,0
0.02127,20,283.1419,283.495575,-0.3536682,0
0.02129,21,283.1419,283.495575,-0.3536682,0
0.02256,22,283.1419,283.495575,-0.3536682,0
0.02437,23,283.1419,283.495575,-0.3536682,0
0.02439,24,283.1419,283.495575,-0.3536682,0
0.02621,25,283.1419,283.495575,-0.3536682,0
0.02623,26,283.1419,283.495575,-0.3536682,0
0.02745,27,283.1419,283.495575,-0.3536682,0
0.02928,28,283.1419,283.495575,-0.3536682,0
0.02930,29,283.1419,283.495575,-0.3536682,0
0.03056,30,283.1419,283.495544,-0.3536377,-0.0163597353
0.03240,31,283.1419,283.495544,-0.3536377,-0.0163597353
0.03242,32,283.1419,283.495544,-0.3536377,-0.0272662267
0.03420,33,283.1419,283.495483,-0.35357666,-0.0272662267
0.03424,34,283.1419,283.495483,-0.35357666,-0.0163597353
0.03545,35,283.1419,283.495483,-0.35357666,-0.0163597353
0.03730,36,283.1419,283.495483,-0.35357666,-0.0163597353
0.03732,37,283.1419,283.495453,-0.353546143,-0.0163597353
0.03858,38,283.1419,283.495453,-0.353546143,-0.0163597353
0.04036,39,283.1419,283.495453,-0.353546143,-0.0163597353
0.04038,40,283.1419,283.495453,-0.353546143,-0.0163597353
0.04220,41,283.1419,283.495453,-0.353546143,-0.0163597353
0.04221,42,283.1419,283.495453,-0.353546143,0
0.04345,43,283.1419,283.495453,-0.353546143,0
0.04547,44,283.1419,283.495483,-0.35357666,0
0.04550,45,283.1419,283.495483,-0.35357666,0
0.04663,46,283.1419,283.495483,-0.35357666,0
0.04838,47,283.1419,283.495483,-0.35357666,0
0.04840,48,283.1419,283.495483,-0.35357666,0
0.05023,49,283.1419,283.495483,-0.35357666,0
0.05025,50,283.1419,283.495483,-0.35357666,0
0.05148,51,283.1419,283.495483,-0.35357666,0
0.05327,52,283.1419,283.495483,-0.35357666,0
0.05328,53,283.1419,283.495483,-0.35357666,0
0.05455,54,283.1419,283.495483,-0.35357666,0
0.05636,55,283.1419,283.495483,-0.35357666,0
0.05637,56,283.1419,283.495483,-0.35357666,0
0.05822,57,283.1419,283.495483,-0.35357666,0
0.05823,58,283.1419,283.495483,-0.35357666,-0.0163597353
0.05945,59,283.1419,283.495483,-0.35357666,-0.0163597353
0.06131,60,283.1419,283.495483,-0.35357666,-0.0163597353
0.06134,61,283.1419,283.495483,-0.35357666,-0.0163597353
0.06254,62,283.1419,283.495483,-0.35357666,0
0.06439,63,283.1419,283.495483,-0.35357666,0
0.06440,64,283.1419,283.495453,-0.353546143,0
0.06621,65,283.1419,283.495453,-0.353546143,-0.0163597353
0.06623,66,283.1419,283.495453,-0.353546143,-0.0163597353
0.06746,67,283.1419,283.495422,-0.353515625,-0.0272662267
0.06928,68,283.1419,283.495422,-0.353515625,-0.0272662267
0.06930,69,283.1419,283.495422,-0.353515625,-0.0272662267
0.07054,70,283.1419,283.495361,-0.3534546,-0.0163597353
0.07238,71,283.1419,283.495361,-0.3534546,-0.0163597353
0.07240,72,283.1419,283.495361,-0.3534546,-0.0163597353
0.07421,73,283.1419,283.495361,-0.3534546,-0.0163597353
0.07424,74,283.1419,283.495361,-0.3534546,-0.0163597353
0.07545,75,283.1419,283.495361,-0.3534546,-0.0163597353
0.07728,76,283.1419,283.495361,-0.3534546,-0.0163597353
0.07729,77,283.1419,283.495361,-0.3534546,0
0.07873,78,283.1419,283.495361,-0.3534546,0
0.08038,79,283.1419,283.495361,-0.3534546,0
0.08040,80,283.1419,283.495361,-0.3534546,0
0.08222,81,283.1419,283.495361,-0.3534546,0
0.08225,82,283.1419,283.495361,-0.3534546,0
0.08345,83,283.1419,283.495361,-0.3534546,0
0.08529,84,283.1419,283.495361,-0.3534546,0
0.08530,85,283.1419,283.495361,-0.3534546,0
0.08654,86,283.1419,283.495361,-0.3534546,0
0.08837,87,283.1419,283.495361,-0.3534546,0
0.08838,88,283.1419,283.495361,-0.3534546,0
0.09021,89,283.1419,283.495361,-0.3534546,0
0.09023,90,283.1419,283.495361,-0.3534546,0
0.09146,91,283.1419,283.495361,-0.3534546,0
0.09332,92,283.1419,283.495361,-0.3534546,0
0.09334,93,283.1419,283.495331,-0.353424072,-0.0163597353
0.09455,94,283.1419,283.495331,-0.353424072,-0.0163597353
0.09638,95,283.1419,283.4953,-0.353393555,-0.0163597353
0.09640,96,283.1419,283.4953,-0.353393555,-0.0272662267
0.09823,97,283.1419,283.4953,-0.353393555,-0.0272662267
0.09826,98,283.1419,283.49527,-0.353363037,-0.0272662267
0.09948,99,283.1419,283.49527,-0.353363037,-0.0272662267
0.10128,100,283.1419,283.49527,-0.353363037,-0.0163597353
0.10130,101,283.1419,283.49527,-0.353363037,-0.0163597353
0.10256,102,283.1419,283.4952,-0.353302,-0.0163597353
0.10441,103,283.1419,283.4952,-0.353302,-0.0163597353
0.10443,104,283.1419,283.49527,-0.353363037,-0.0163597353
0.10622,105,283.1419,283.49527,-0.353363037,-0.0163597353
0.10625,106,283.1419,283.49527,-0.353363037,0
0.10747,107,283.1419,283.49527,-0.353363037,0
0.10928,108,283.1419,283.49527,-0.353363037,0
0.10931,109,283.1419,283.49527,-0.353363037,0
0.11054,110,283.1419,283.49527,-0.353363037,0
0.11241,111,283.1419,283.49527,-0.353363037,0
0.11244,112,283.1419,283.49527,-0.353363037,0
0.11424,113,283.1419,283.49527,-0.353363037,0
0.11426,114,283.1419,283.49527,-0.353363037,0
0.11546,115,283.1419,283.49527,-0.353363037,0
0.11731,116,283.1419,283.49527,-0.353363037,0
0.11733,117,283.1419,283.49527,-0.353363037,0
0.11854,118,283.1419,283.49527,-0.353363037,0
0.12038,119,283.1419,283.49527,-0.353363037,0
0.12041,120,283.1419,283.49527,-0.353363037,0
0.12223,121,283.1419,283.49527,-0.353363037,0
0.12226,122,283.1419,283.49527,-0.353363037,0
0.12345,123,283.1419,283.49527,-0.353363037,0
0.12529,124,283.1419,283.49527,-0.353363037,0
0.12530,125,283.1419,283.49527,-0.353363037,0
0.12654,126,283.1419,283.4952,-0.353302,-0.0163597353
0.12878,127,283.1419,283.4952,-0.353302,-0.0272662267
0.12883,128,283.1419,283.495178,-0.353271484,-0.0272662267
0.13020,129,283.1419,283.495178,-0.353271484,-0.0272662267
0.13023,130,283.1419,283.495178,-0.353271484,-0.0272662267
0.13149,131,283.1419,283.495178,-0.353271484,-0.0163597353
0.13331,132,283.1419,283.495148,-0.353240967,-0.0163597353
0.13333,133,283.1419,283.495148,-0.353240967,-0.0163597353
0.13455,134,283.1419,283.495148,-0.353240967,-0.0163597353
0.13638,135,283.1419,283.4951,-0.353179932,-0.0163597353
0.13639,136,283.1419,283.4951,-0.353179932,-0.0163597353
0.13826,137,283.1419,283.4951,-0.353179932,-0.0163597353
0.13831,138,283.1419,283.495148,-0.353240967,-0.0163597353
0.13947,139,283.1419,283.495148,-0.353240967,0
0.14132,140,283.1419,283.495148,-0.353240967,0
0.14135,141,283.1419,283.495148,-0.353240967,0.0109064905
0.14254,142,283.1419,283.495148,-0.353240967,0
0.14437,143,283.1419,283.495148,-0.353240967,0
0.14439,144,283.1419,283.495148,-0.353240967,0
0.14626,145,283.1419,283.495148,-0.353240967,0
0.14629,146,283.1419,283.495148,-0.353240967,0
0.14747,147,283.1419,283.495148,-0.353240967,0
0.14930,148,283.1419,283.495148,-0.353240967,0
0.14932,149,283.1419,283.495148,-0.353240967,0
0.15056,150,283.1419,283.495148,-0.353240967,0
0.15238,151,283.1419,283.495148,-0.353240967,0
0.15242,152,283.1419,283.495148,-0.353240967,0
0.15423,153,283.1419,283.495148,-0.353240967,0
0.15424,154,283.1419,283.495148,-0.353240967,0
0.15546,155,283.1419,283.495148,-0.353240967,0
0.15733,156,283.1419,283.495148,-0.353240967,0
0.15737,157,283.1419,283.495148,-0.353240967,-0.0163597353
0.15854,158,283.1419,283.495148,-0.353240967,-0.0163597353
0.16040,159,283.1419,283.495148,-0.353240967,-0.0163597353
0.16044,160,283.1419,283.4951,-0.353179932,-0.0163597353
0.16222,161,283.1419,283.4951,-0.353179932,-0.0163597353
0.16225,162,283.1419,283.4951,-0.353179932,-0.0163597353
0.16352,163,283.1419,283.4951,-0.353179932,-0.0163597353
0.16533,164,283.1419,283.495056,-0.3531494,-0.0272662267
0.16535,165,283.1419,283.495056,-0.3531494,-0.0272662267
0.16654,166,283.1419,283.495056,-0.3531494,-0.0272662267
0.16842,167,283.1419,283.495026,-0.3531189,-0.0163597353
0.16846,168,283.1419,283.495026,-0.3531189,-0.0163597353
0.17040,169,283.1419,283.495026,-0.3531189,-0.0163597353
0.17043,170,283.1419,283.495056,-0.3531494,-0.0163597353
0.17146,171,283.1419,283.495056,-0.3531494,0
0.17333,172,283.1419,283.495056,-0.3531494,0
0.17336,173,283.1419,283.495056,-0.3531494,0
0.17454,174,283.1419,283.495056,-0.3531494,0.0109064905
0.17638,175,283.1419,283.495056,-0.3531494,0
0.17641,176,283.1419,283.495056,-0.3531494,0
0.17825,177,283.1419,283.495056,-0.3531494,0
0.17829,178,283.1419,283.495056,-0.3531494,0
0.17947,179,283.1419,283.495056,-0.3531494,0
0.18130,180,283.1419,283.495056,-0.3531494,0
0.18133,181,283.1419,283.495056,-0.3531494,0
0.18256,182,283.1419,283.495056,-0.3531494,0
0.18439,183,283.1419,283.495056,-0.3531494,0
0.18442,184,283.1419,283.495056,-0.3531494,0
0.18621,185,283.1419,283.495056,-0.3531494,0
0.18623,186,283.1419,283.495056,-0.3531494,0
0.18746,187,283.1419,283.495056,-0.3531494,-0.0163597353
0.18931,188,283.1419,283.495056,-0.3531494,-0.0163597353
0.18934,189,283.1419,283.495026,-0.3531189,-0.0163597353
0.19056,190,283.1419,283.495,-0.353088379,-0.0163597353
0.19240,191,283.1419,283.495,-0.353088379,-0.0272662267
0.19243,192,283.1419,283.495,-0.353088379,-0.0272662267
0.19424,193,283.1419,283.494934,-0.353027344,-0.0272662267
0.19428,194,283.1419,283.494934,-0.353027344,-0.0272662267
0.19547,195,283.1419,283.494934,-0.353027344,-0.0163597353
0.19741,196,283.1419,283.494934,-0.353027344,-0.0163597353
0.19748,197,283.1419,283.494873,-0.3529663,-0.0163597353
0.19856,198,283.1419,283.494873,-0.3529663,-0.0163597353
0.20043,199,283.1419,283.494873,-0.3529663,-0.0163597353
0.20047,200,283.1419,283.494873,-0.3529663,-0.0163597353
0.20222,201,283.1419,283.494873,-0.3529663,-0.0163597353
0.20224,202,283.1419,283.494873,-0.3529663,-0.0163597353
0.20346,203,283.1419,283.494873,-0.3529663,-0.0163597353
0.20531,204,283.1419,283.494873,-0.3529663,-0.0163597353
0.20534,205,283.1419,283.494873,-0.3529663,0
0.20655,206,283.1419,283.494873,-0.3529663,0
0.20842,207,283.1419,283.494873,-0.3529663,0
0.20847,208,283.1419,283.494873,-0.3529663,0
0.21025,209,283.1419,283.494873,-0.3529663,0
0.21028,210,283.1419,283.494873,-0.3529663,0
0.21145,211,283.1419,283.494873,-0.3529663,0
0.21334,212,283.1419,283.494873,-0.3529663,0
0.21338,213,283.1419,283.494873,-0.3529663,0
0.21454,214,283.1419,283.494873,-0.3529663,0
0.21641,215,283.1419,283.494873,-0.3529663,0
0.21645,216,283.1419,283.494873,-0.3529663,0
0.21825,217,283.1419,283.494873,-0.3529663,0
0.21830,218,283.1419,283.494873,-0.3529663,0
0.21948,219,283.1419,283.494873,-0.3529663,0
0.22132,220,283.1419,283.494873,-0.3529663,0
0.22134,221,283.1419,283.494873,-0.3529663,0
0.22255,222,283.1419,283.494873,-0.3529663,0
0.22441,223,283.1419,283.494873,-0.3529663,0
0.22445,224,283.1419,283.494873,-0.3529663,-0.0163597353
0.22622,225,283.1419,283.4948,-0.352905273,-0.0272662267
0.22623,226,283.1419,283.494781,-0.352874756,-0.03817272
0.22748,227,283.1419,283.494781,-0.352874756,-0.03817272
0.22932,228,283.1419,283.494781,-0.352874756,-0.03817272
0.22937,229,283.1419,283.49472,-0.352813721,-0.0272662267
0.23056,230,283.1419,283.49472,-0.352813721,-0.0163597353
0.23239,231,283.1419,283.49472,-0.352813721,-0.0163597353
0.23240,232,283.1419,283.49472,-0.352813721,-0.0163597353
0.23427,233,283.1419,283.494659,-0.3527527,-0.0272662267
0.23430,234,283.1419,283.494659,-0.3527527,-0.0272662267
0.23544,235,283.1419,283.494659,-0.3527527,-0.03817272
0.23732,236,283.1419,283.494659,-0.3527527,-0.0272662267
0.23735,237,283.1419,283.494659,-0.3527527,-0.0163597353
0.23854,238,283.1419,283.494659,-0.3527527,-0.0163597353
0.24040,239,283.1419,283.494659,-0.3527527,0
0.24044,240,283.1419,283.494659,-0.3527527,0
0.24224,241,283.1419,283.494659,-0.3527527,0
0.24226,242,283.1419,283.49472,-0.352813721,0
0.24347,243,283.1419,283.49472,-0.352813721,0.0109064905
0.24549,244,283.1419,283.49472,-0.352813721,0
0.24554,245,283.1419,283.49472,-0.352813721,0
0.24656,246,283.1419,283.49472,-0.352813721,0
0.24838,247,283.1419,283.49472,-0.352813721,0
0.24840,248,283.1419,283.49472,-0.352813721,0
0.25026,249,283.1419,283.49472,-0.352813721,0
0.25031,250,283.1419,283.49472,-0.352813721,0
0.25147,251,283.1419,283.49472,-0.352813721,0
0.25333,252,283.1419,283.49472,-0.352813721,0
0.25335,253,283.1419,283.49472,-0.352813721,0
0.25455,254,283.1419,283.49472,-0.352813721,0
0.25642,255,283.1419,283.494659,-0.3527527,0
0.25646,256,283.1419,283.494659,-0.3527527,-0.0163597353
0.25824,257,283.1419,283.4946,-0.35269165,-0.0163597353
0.25826,258,283.1419,283.494568,-0.352661133,-0.0272662267
0.25945,259,283.1419,283.494568,-0.352661133,-0.03817272
0.26131,260,283.1419,283.494568,-0.352661133,-0.0272662267
0.26133,261,283.1419,283.494568,-0.352661133,-0.03817272
0.26263,262,283.1419,283.494537,-0.352630615,-0.0163597353
0.26442,263,283.1419,283.494537,-0.352630615,-0.0163597353
0.26445,264,283.1419,283.494537,-0.352630615,-0.0163597353
0.26623,265,283.1419,283.4945,-0.3526001,-0.0163597353
0.26625,266,283.1419,283.4945,-0.3526001,-0.0163597353
0.26746,267,283.1419,283.4945,-0.3526001,-0.0163597353
0.26933,268,283.1419,283.4945,-0.3526001,-0.0163597353
0.26940,269,283.1419,283.494446,-0.352539063,-0.0163597353
0.27055,270,283.1419,283.494446,-0.352539063,-0.0163597353
0.27240,271,283.1419,283.494446,-0.352539063,-0.0163597353
0.27242,272,283.1419,283.494415,-0.352508545,-0.0163597353
0.27422,273,283.1419,283.494415,-0.352508545,-0.0163597353
0.27424,274,283.1419,283.494415,-0.352508545,-0.0163597353
0.27547,275,283.1419,283.494415,-0.352508545,-0.0163597353
0.27732,276,283.1419,283.4944,-0.352478027,-0.0163597353
0.27734,277,283.1419,283.4944,-0.352478027,-0.0163597353
0.27871,278,283.1419,283.4944,-0.352478027,-0.0163597353
0.28042,279,283.1419,283.494324,-0.352417,-0.0163597353
0.28043,280,283.1419,283.494324,-0.352417,-0.0163597353
0.28223,281,283.1419,283.494324,-0.352417,-0.0163597353
0.28225,282,283.1419,283.494324,-0.352417,-0.0163597353
0.28346,283,283.1419,283.4943,-0.352386475,-0.0163597353
0.28532,284,283.1419,283.4943,-0.352386475,-0.0163597353
0.28535,285,283.1419,283.4943,-0.352386475,-0.0163597353
0.28655,286,283.1419,283.494263,-0.352355957,-0.0163597353
0.28842,287,283.1419,283.494263,-0.352355957,-0.0163597353
0.28844,288,283.1419,283.494263,-0.352355957,-0.0163597353
0.29027,289,283.1419,283.494263,-0.352355957,-0.0163597353
0.29031,290,283.1419,283.494232,-0.352325439,-0.0163597353
0.29148,291,283.1419,283.494232,-0.352325439,-0.0163597353
0.29331,292,283.1419,283.494171,-0.3522644,-0.0272662267
0.29335,293,283.1419,283.494141,-0.3522339,-0.0272662267
0.29456,294,283.1419,283.4941,-0.352203369,-0.0272662267
0.29642,295,283.1419,283.4941,-0.352203369,-0.03817272
0.29646,296,283.1419,283.494049,-0.352142334,-0.04907921
0.29826,297,283.1419,283.494019,-0.352111816,-0.03817272
0.29832,298,283.1419,283.493958,-0.352050781,-0.03817272
0.29946,299,283.1419,283.4939,-0.351989746,-0.04907921
0.30129,300,283.1419,283.493866,-0.351959229,-0.0599856973
0.30141,301,283.1419,283.4938,-0.3518982,-0.0599856973
0.30260,302,283.1419,283.493744,-0.351837158,-0.0599856973
0.30441,303,313.1419,283.493683,5,-0.0599856973
0.30445,304,313.1419,283.493622,5,-0.07089219
0.30627,305,313.1419,283.493958,5,-0.07089219
0.30631,306,313.1419,283.494781,5,0.03271947
0.30747,307,313.1419,283.496552,5,0.272662252
0.30932,308,313.1419,283.4992,5,0.741641343
0.30934,309,313.1419,283.5023,5,1.43420351
0.31057,310,313.1419,283.506042,5,2.12131238
0.31245,311,313.1419,283.510529,5,2.8520472
0.31250,312,313.1419,283.515869,5,3.52279663
0.31425,313,313.1419,283.522858,5,4.220812
0.31430,314,313.1419,283.529327,5,5.202396
0.31546,315,313.1419,283.53656,5,5.862239
0.31732,316,313.1419,283.543823,5,6.538441
0.31736,317,313.1419,283.55072,5,7.00196743
0.31854,318,313.1419,283.5577,5,6.947435
0.32042,319,313.1419,283.564484,5,7.105579
0.32044,320,313.1419,283.571,5,6.96924734
0.32225,321,313.1419,283.576416,5,6.762024
0.32229,322,313.1419,283.583252,5,6.413017
0.32345,323,313.1419,283.588776,5,6.353031
0.32532,324,313.1419,283.594025,5,6.047649
0.32537,325,313.1419,283.598267,5,5.715001
0.32655,326,313.1419,283.603882,5,5.43143225
0.32884,327,313.1419,283.609344,5,5.153317
0.32889,328,313.1419,283.614044,5,5.13150358
0.33021,329,313.1419,283.618652,5,5.006079
0.33024,330,313.1419,283.622833,5,5.07697153
0.34999,331,313.1419,283.629,5,4.74432325
0.35001,332,313.1419,283.63327,5,4.74432325
0.35003,333,313.1419,283.6384,5,4.798856
0.35004,334,313.1419,283.6432,5,4.94064
0.35005,335,313.1419,283.647827,5,5.07697153
0.35008,336,313.1419,283.653351,5,4.869748
0.35010,337,313.1419,283.6584,5,5.016986
0.35012,338,313.1419,283.664063,5,4.98426628
0.35015,339,313.1419,283.6688,5,5.224209
0.35017,340,313.1419,283.6738,5,5.21330261
0.35018,341,313.1419,283.678864,5,5.109691
0.35019,342,313.1419,283.6845,5,5.109691
0.35021,343,313.1419,283.6901,5,5.109691
0.35022,344,313.1419,283.694641,5,5.316914
0.35023,345,313.1419,283.699677,5,5.202396
0.35024,346,313.1419,283.704468,5,5.191489
0.35024,347,313.1419,283.7107,5,4.98426628
0.35025,348,313.1419,283.72052,5,5.246022
0.35026,349,313.1419,283.7251,5,5.21330261
0.35056,350,313.1419,283.730377,5,5.13150358
0.35242,351,313.1419,283.736176,5,4.913374
0.35246,352,313.1419,283.740753,5,5.038799
0.35423,353,313.1419,283.745636,5,5.13150358
0.35428,354,313.1419,283.750275,5,5.13150358
0.35547,355,313.1419,283.755981,5,4.94064
0.35736,356,313.1419,283.7612,5,4.96245337
0.35740,357,313.1419,283.766022,5,5.109691
0.35855,358,313.1419,283.771179,5,5.14241028
0.36044,359,313.1419,283.776276,5,4.97335958
0.36048,360,313.1419,283.782043,5,5.13150358
0.36230,361,313.1419,283.7868,5,5.109691
0.36233,362,313.1419,283.7919,5,5.25692844
0.36346,363,313.1419,283.7973,5,5.246022
0.36532,364,313.1419,283.80304,5,5.23511553
0.36536,365,313.1419,283.8081,5,5.316914
0.36657,366,313.1419,283.8131,5,5.21330261
0.36840,367,313.1419,283.8183,5,5.246022
0.36843,368,313.1419,283.823578,5,5.12059736
0.37024,369,313.1419,283.829346,5,5.306008
0.37026,370,313.1419,283.834167,5,5.25692844
0.37146,371,313.1419,283.839417,5,5.278742
0.37328,372,313.1419,283.8446,5,5.180583
0.37329,373,313.1419,283.850128,5,5.180583
0.37453,374,313.1419,283.8551,5,5.23511553
0.37641,375,313.1419,283.8602,5,5.191489
0.37645,376,313.1419,283.865448,5,5.267835
0.37826,377,313.1419,283.8706,5,5.12059736
0.37829,378,313.1419,283.876,5,5.224209
0.37946,379,313.1419,283.880554,5,5.07697153
0.38133,380,313.1419,283.886841,5,5.180583
0.38137,381,313.1419,283.891541,5,5.14241028
0.38254,382,313.1419,283.896881,5,5.12059736
0.38440,383,313.1419,283.9014,5,5.14241028
0.38442,384,313.1419,283.906647,5,5.006079
0.38625,385,313.1419,283.912354,5,5.202396
0.38627,386,313.1419,283.91745,5,5.14241028
0.38746,387,313.1419,283.922272,5,5.21330261
0.38933,388,313.1419,283.926666,5,5.006079
0.38937,389,313.1419,283.932678,5,5.066065
0.39055,390,313.1419,283.938,5,5.12059736
0.39241,391,313.1419,283.9431,5,5.191489
0.39244,392,313.1419,283.9476,5,5.246022
0.39424,393,313.1419,283.952637,5,4.98426628
0.39427,394,313.1419,283.9583,5,5.07697153
0.39546,395,313.1419,283.9634,5,5.05515862
0.39732,396,313.1419,283.96875,5,5.25692844
0.39737,397,313.1419,283.973572,5,5.153317
0.39854,398,313.1419,283.9791,5,5.087878
0.40042,399,313.1419,283.9842,5,5.12059736
0.40046,400,313.1419,283.989716,5,5.13150358
0.40221,401,313.1419,283.9948,5,5.306008
0.40225,402,313.1419,283.999542,5,5.12059736
0.40346,403,313.1419,284.004639,5,5.12059736
0.40536,404,313.1419,284.0098,5,5.006079
0.40539,405,313.1419,284.0157,5,5.191489
0.40656,406,313.1419,284.0203,5,5.191489
0.40839,407,313.1419,284.025269,5,5.14241028
0.40842,408,313.1419,284.0297,5,5.07697153
0.41022,409,313.1419,284.0355,5,5.006079
0.41026,410,313.1419,284.041229,5,5.306008
0.41145,411,313.1419,284.045959,5,5.23511553
0.41331,412,313.1419,284.0508,5,5.267835
0.41334,413,313.1419,284.055664,5,5.05515862
0.41457,414,313.1419,284.0618,5,5.12059736
0.41640,415,313.1419,284.06665,5,5.180583
0.41644,416,313.1419,284.071655,5,5.202396
0.41821,417,313.1419,284.076324,5,5.164223
0.41822,418,313.1419,284.081879,5,5.006079
0.41947,419,313.1419,284.087524,5,5.202396
0.42142,420,313.1419,284.0923,5,5.153317
0.42150,421,313.1419,284.097321,5,5.246022
0.42265,422,313.1419,284.102173,5,5.07697153
0.42446,423,313.1419,284.108063,5,5.12059736
0.42451,424,313.1419,284.112946,5,5.153317
0.42627,425,313.1419,284.118164,5,5.191489
0.42633,426,313.1419,284.12323,5,5.267835
0.42751,427,313.1419,284.1287,5,5.14241028
0.42931,428,313.1419,284.1341,5,5.278742
0.42933,429,313.1419,284.138855,5,5.180583
0.43057,430,313.1419,284.144073,5,5.202396
0.43247,431,313.1419,284.149048,5,5.07697153
0.43252,432,313.1419,284.154877,5,5.180583
0.43423,433,313.1419,284.15976,5,5.21330261
0.43426,434,313.1419,284.164856,5,5.180583
0.43546,435,313.1419,284.169769,5,5.191489
0.43732,436,313.1419,284.175232,5,5.07697153
0.43735,437,313.1419,284.180664,5,5.224209
0.43856,438,313.1419,284.185455,5,5.14241028
0.44045,439,313.1419,284.190826,5,5.246022
0.44047,440,313.1419,284.196136,5,5.14241028
0.44226,441,313.1419,284.201447,5,5.180583
0.44229,442,313.1419,284.206,5,5.14241028
0.44347,443,313.1419,284.211334,5,5.12059736
0.44550,444,313.1419,284.2167,5,5.224209
0.44555,445,313.1419,284.221954,5,5.109691
0.44658,446,313.1419,284.226929,5,5.224209
0.44842,447,313.1419,284.237549,5,5.191489
0.44845,448,313.1419,284.2428,5,5.21330261
0.45021,449,313.1419,284.247864,5,5.224209
0.45023,450,313.1419,284.2521,5,5.13150358
0.45151,451,313.1419,284.25766,5,4.995173
0.45328,452,313.1419,284.263458,5,5.153317
0.45330,453,313.1419,284.2685,5,5.14241028
0.45455,454,313.1419,284.273346,5,5.316914
0.45640,455,313.1419,284.277863,5,5.066065
0.45642,456,313.1419,284.2837,5,5.05515862
0.45825,457,313.1419,284.2888,5,5.07697153
0.45827,458,313.1419,284.29425,5,5.191489
0.45946,459,313.1419,284.298859,5,5.25692844
0.46128,460,313.1419,284.304,5,5.05515862
0.46129,461,313.1419,284.309357,5,5.14241028
0.46256,462,313.1419,284.3145,5,5.066065
0.46443,463,313.1419,284.32016,5,5.306008
0.46446,464,313.1419,284.324677,5,5.180583
0.46621,465,313.1419,284.3298,5,5.09878445
0.46623,466,313.1419,284.334778,5,5.05515862
0.46750,467,313.1419,284.340637,5,5.09878445
0.46929,468,313.1419,284.345734,5,5.25692844
0.46931,469,313.1419,284.350464,5,5.14241028
0.47055,470,313.1419,284.355316,5,5.13150358
0.47245,471,313.1419,284.3605,5,4.95154667
0.47249,472,313.1419,284.366669,5,5.21330261
0.47421,473,313.1419,284.3714,5,5.23511553
0.47423,474,313.1419,284.3764,5,5.267835
0.47546,475,313.1419,284.381073,5,5.153317
0.47727,476,313.1419,284.386963,5,5.05515862
0.47729,477,313.1419,284.392365,5,5.224209
0.47877,478,313.1419,284.397125,5,5.164223
0.48039,479,313.1419,284.402283,5,5.224209
0.48042,480,313.1419,284.407043,5,5.016986
0.48223,481,313.1419,284.413,5,5.14241028
0.48225,482,313.1419,284.417816,5,5.164223
0.48347,483,313.1419,284.423218,5,5.21330261
0.48530,484,313.1419,284.427917,5,5.14241028
0.48532,485,313.1419,284.433624,5,5.038799
0.48657,486,313.1419,284.4388,5,5.180583
0.48838,487,313.1419,284.4438,5,5.12059736
0.48841,488,313.1419,284.4491,5,5.289648
0.49022,489,313.1419,284.4542,5,5.14241028
0.49025,490,313.1419,284.4599,5,5.23511553
0.49145,491,313.1419,284.464569,5,5.202396
0.49327,492,313.1419,284.469757,5,5.14241028
0.49328,493,313.1419,284.47464,5,5.12059736
0.49455,494,313.1419,284.4807,5,5.07697153
0.49647,495,313.1419,284.475616,5,5.246022
0.49651,496,313.1419,284.490448,5,5.164223
0.49823,497,313.1419,284.495819,5,5.23511553
0.49826,498,313.1419,284.500946,5,5.066065
0.49949,499,313.1419,284.506683,5,5.180583
0.50127,500,313.1419,284.511383,5,5.153317
0.50129,501,313.1419,284.516754,5,5.180583
0.50255,502,313.1419,284.521729,5,5.224209
0.50439,503,313.1419,284.5273,5,5.13150358
0.50443,504,313.1419,284.5321,5,5.21330261
0.50621,505,313.1419,284.536774,5,5.07697153
0.50624,506,313.1419,284.5424,5,5.224209
0.50752,507,313.1419,284.547455,5,5.13150358
0.50928,508,313.1419,284.552765,5,5.202396
0.50931,509,313.1419,284.5572,5,5.13150358
0.51055,510,313.1419,284.563,5,5.109691
0.51242,511,313.1419,284.568481,5,5.25692844
0.51245,512,313.1419,284.573639,5,5.21330261
0.51422,513,313.1419,284.578064,5,5.23511553
0.51425,514,313.1419,284.58316,5,5.02789259
0.51547,515,313.1419,284.589264,5,5.164223
0.51729,516,313.1419,284.59436,5,5.164223
0.51731,517,313.1419,284.599457,5,5.316914
0.51855,518,313.1419,284.603821,5,5.202396
0.52041,519,313.1419,284.609467,5,5.02789259
0.52044,520,313.1419,284.614838,5,5.12059736
0.52221,521,313.1419,284.620148,5,5.13150358
0.52222,522,313.1419,284.625061,5,5.306008
0.52345,523,313.1419,284.6299,5,5.09878445
0.52527,524,313.1419,284.635437,5,5.14241028
0.52528,525,313.1419,284.640533,5,5.087878
0.52667,526,313.1419,284.6462,5,5.246022
0.52878,527,313.1419,284.650818,5,5.25692844
0.52883,528,313.1419,284.655884,5,5.09878445
0.53023,529,313.1419,284.660919,5,5.09878445
0.53024,530,313.1419,284.6666,5,5.066065
0.53151,531,313.1419,284.672028,5,5.278742
0.53328,532,313.1419,284.676636,5,5.164223
0.53331,533,313.1419,284.6816,5,5.180583
0.53457,534,313.1419,284.6865,5,4.98426628
0.53636,535,313.1419,284.692749,5,5.13150358
0.53638,536,313.1419,284.697662,5,5.278742
0.53820,537,313.1419,284.7026,5,5.246022
0.53822,538,313.1419,284.7072,5,5.21330261
0.53947,539,313.1419,284.7129,5,5.016986
0.54127,540,313.1419,284.7186,5,5.21330261
0.54128,541,313.1419,284.723267,5,5.14241028
0.54254,542,313.1419,284.728271,5,5.246022
0.54439,543,313.1419,284.7331,5,5.07697153
0.54442,544,313.1419,284.739075,5,5.087878
0.54628,545,313.1419,284.749084,5,5.180583
0.54631,546,313.1419,284.753784,5,5.191489
0.54745,547,313.1419,284.759216,5,5.016986
0.54928,548,313.1419,284.7648,5,5.164223
0.54930,549,313.1419,284.769867,5,5.109691
0.55055,550,313.1419,284.775269,5,5.267835
0.55237,551,313.1419,284.7802,5,5.191489
0.55238,552,313.1419,284.786,5,5.191489
0.55421,553,313.1419,284.790771,5,5.246022
0.55422,554,313.1419,284.795837,5,5.13150358
0.55545,555,313.1419,284.800842,5,5.164223
0.55728,556,313.1419,284.8063,5,5.02789259
0.55733,557,313.1419,284.811768,5,5.224209
0.55856,558,313.1419,284.8166,5,5.180583
0.56039,559,313.1419,284.8218,5,5.21330261
0.56040,560,313.1419,284.82663,5,5.109691
0.56227,561,313.1419,284.8325,5,5.13150358
0.56230,562,313.1419,284.8373,5,5.202396
0.56347,563,313.1419,284.8425,5,5.14241028
0.56531,564,313.1419,284.8476,5,5.267835
0.56534,565,313.1419,284.853,5,5.109691
0.56655,566,313.1419,284.8582,5,5.21330261
0.56837,567,313.1419,284.862823,5,5.087878
0.56838,568,313.1419,284.8685,5,5.180583
0.57023,569,313.1419,284.873627,5,5.180583
0.57026,570,313.1419,284.878876,5,5.13150358
0.57145,571,313.1419,284.883423,5,5.180583
0.57329,572,313.1419,284.888824,5,5.038799
0.57331,573,313.1419,284.894562,5,5.224209
0.57455,574,313.1419,284.8997,5,5.191489
0.57637,575,313.1419,284.904358,5,5.23511553
0.57640,576,313.1419,284.908966,5,5.05515862
0.57825,577,313.1419,284.915131,5,5.09878445
0.57827,578,313.1419,284.9203,5,5.153317
0.57947,579,313.1419,284.925476,5,5.224209
0.58130,580,313.1419,284.9299,5,5.267835
0.58132,581,313.1419,284.93515,5,4.995173
0.58254,582,313.1419,284.940735,5,5.09878445
0.58437,583,313.1419,284.9459,5,5.07697153
0.58439,584,313.1419,284.95108,5,5.278742
0.58624,585,313.1419,284.955627,5,5.153317
0.58628,586,313.1419,284.961243,5,5.087878
0.58745,587,313.1419,284.966278,5,5.109691
0.58929,588,313.1419,284.971863,5,5.13150358
0.58931,589,313.1419,284.976776,5,5.316914
0.59054,590,313.1419,284.981659,5,5.109691
0.59238,591,313.1419,284.987,5,5.109691
0.59239,592,313.1419,284.992371,5,5.006079
0.59422,593,313.1419,284.9981,5,5.202396
0.59425,594,313.1419,285.0026,5,5.191489
0.59551,595,313.1419,285.0077,5,5.14241028
0.59736,596,313.1419,285.01236,5,5.066065
0.59740,597,313.1419,285.018463,5,5.006079
0.59856,598,313.1419,285.0238,5,5.278742
0.60038,599,313.1419,285.028625,5,5.224209
0.60040,600,313.1419,285.0336,5,5.25692844
0.60226,601,313.1419,285.0389,5,5.038799
0.60228,602,313.1419,285.04422,5,5.13150358
0.60346,603,313.1419,285.04892,5,5.180583
0.60532,604,313.1419,285.053955,5,5.191489
0.60535,605,313.1419,285.058563,5,5.153317
0.60654,606,313.1419,285.0643,5,4.98426628
0.60837,607,313.1419,285.069672,5,5.164223
0.60840,608,313.1419,285.074463,5,5.12059736
0.61023,609,313.1419,285.07962,5,5.191489
0.61026,610,313.1419,285.0846,5,5.006079
0.61145,611,313.1419,285.090057,5,5.05515862
0.61331,612,313.1419,285.095032,5,5.087878
0.61334,613,313.1419,285.099945,5,5.109691
0.61456,614,313.1419,285.105316,5,5.21330261
0.61637,615,313.1419,285.110779,5,5.066065
0.61639,616,313.1419,285.116028,5,5.224209
0.61826,617,313.1419,285.120728,5,5.12059736
0.61829,618,313.1419,285.125916,5,5.12059736
0.61945,619,313.1419,285.1308,5,5.038799
0.62130,620,313.1419,285.1366,5,5.087878
0.62132,621,313.1419,285.141418,5,5.191489
0.62254,622,313.1419,285.146576,5,5.14241028
0.62439,623,313.1419,285.1514,5,5.180583
0.62441,624,313.1419,285.15686,5,5.02789259
0.62623,625,313.1419,285.162262,5,5.191489
0.62624,626,313.1419,285.167023,5,5.12059736
0.62748,627,313.1419,285.172363,5,5.21330261
0.62936,628,313.1419,285.177368,5,5.164223
0.62940,629,313.1419,285.182953,5,5.13150358
0.63057,630,313.1419,285.187531,5,5.164223
0.63239,631,313.1419,285.192841,5,5.07697153
0.63242,632,313.1419,285.198242,5,5.224209
0.63424,633,313.1419,285.2034,5,5.09878445
0.63429,634,313.1419,285.2084,5,5.21330261
0.63550,635,313.1419,285.213,5,5.087878
0.63731,636,313.1419,285.219055,5,5.12059736
0.63733,637,313.1419,285.224243,5,5.224209
0.63856,638,313.1419,285.2294,5,5.202396
0.64037,639,313.1419,285.233582,5,5.191489
0.64038,640,313.1419,285.239166,5,5.006079
0.64224,641,313.1419,285.244965,5,5.164223
0.64226,642,313.1419,285.250061,5,5.14241028
0.64347,643,313.1419,285.254883,5,5.316914
0.64548,644,313.1419,285.25946,5,5.14241028
0.64552,645,313.1419,285.265259,5,5.02789259
0.64661,646,313.1419,285.275757,5,5.14241028
0.64840,647,313.1419,285.2804,5,5.267835
0.64842,648,313.1419,285.285522,5,5.066065
0.65022,649,313.1419,285.2909,5,5.12059736
0.65024,650,313.1419,285.296021,5,5.05515862
0.65152,651,313.1419,285.3016,5,5.23511553
0.65328,652,313.1419,285.306152,5,5.21330261
0.65330,653,313.1419,285.311279,5,5.07697153
0.65453,654,313.1419,285.3162,5,5.066065
0.65640,655,313.1419,285.322021,5,5.038799
0.65642,656,313.1419,285.327179,5,5.25692844
0.65824,657,313.1419,285.331848,5,5.14241028
0.65827,658,313.1419,285.336731,5,5.153317
0.65945,659,313.1419,285.3418,5,4.95154667
0.66130,660,313.1419,285.348,5,5.12059736
0.66133,661,313.1419,285.352753,5,5.25692844
0.66254,662,313.1419,285.3578,5,5.224209
0.66438,663,313.1419,285.362335,5,5.191489
0.66439,664,313.1419,285.368134,5,4.995173
0.66625,665,313.1419,285.373627,5,5.191489
0.66627,666,313.1419,285.378357,5,5.13150358
0.66746,667,313.1419,285.38324,5,5.224209
0.66932,668,313.1419,285.388153,5,5.038799
0.66936,669,313.1419,285.394165,5,5.066065
0.67054,670,313.1419,285.399,5,5.191489
0.67240,671,313.1419,285.404022,5,5.153317
0.67243,672,313.1419,285.4087,5,5.180583
0.67427,673,313.1419,285.414246,5,4.995173
0.67429,674,313.1419,285.419922,5,5.14241028
0.67545,675,313.1419,285.424744,5,5.09878445
0.67731,676,313.1419,285.430145,5,5.23511553
0.67735,677,313.1419,285.435425,5,5.164223
0.67865,678,313.1419,285.440857,5,5.164223
0.68037,679,313.1419,285.445526,5,5.224209
0.68039,680,313.1419,285.450623,5,5.109691
0.68226,681,313.1419,285.455536,5,5.153317
0.68228,682,313.1419,285.46106,5,5.006079
0.68348,683,313.1419,285.466461,5,5.202396
0.68534,684,313.1419,285.471252,5,5.153317
0.68537,685,313.1419,285.476379,5,5.180583
0.68655,686,313.1419,285.481262,5,5.109691
0.68839,687,313.1419,285.487061,5,5.087878
0.68841,688,313.1419,285.491821,5,5.180583
0.69023,689,313.1419,285.49704,5,5.109691
0.69024,690,313.1419,285.502136,5,5.23511553
0.69146,691,313.1419,285.507477,5,5.087878
0.69331,692,313.1419,285.512634,5,5.191489
0.69334,693,313.1419,285.5172,5,5.066065
0.69454,694,313.1419,285.522858,5,5.12059736
0.69640,695,313.1419,285.528229,5,5.153317
0.69643,696,313.1419,285.5336,5,5.09878445
0.69828,697,313.1419,285.5383,5,5.180583
0.69832,698,313.1419,285.543457,5,5.006079
0.69945,699,313.1419,285.549438,5,5.202396
0.70134,700,313.1419,285.5546,5,5.180583
0.70138,701,313.1419,285.558838,5,5.21330261
0.70254,702,313.1419,285.563416,5,5.066065
0.70445,703,313.1419,285.56958,5,5.016986
0.70447,704,313.1419,285.5744,5,5.14241028
0.70624,705,313.1419,285.579559,5,5.164223
0.70626,706,313.1419,285.583954,5,5.278742
0.70748,707,313.1419,285.5891,5,4.995173
0.70928,708,313.1419,285.594727,5,5.05515862
0.70932,709,313.1419,285.599823,5,5.038799
0.71056,710,313.1419,285.605072,5,5.21330261
0.71241,711,313.1419,285.609558,5,5.191489
0.71244,712,313.1419,285.615082,5,5.02789259
0.71423,713,313.1419,285.620117,5,5.109691
0.71426,714,313.1419,285.6256,5,5.05515862
0.71548,715,313.1419,285.630646,5,5.278742
0.71731,716,313.1419,285.635376,5,5.109691
0.71734,717,313.1419,285.6407,5,5.05515862
0.71855,718,313.1419,285.645447,5,4.98426628
0.72040,719,313.1419,285.6514,5,5.09878445
0.72043,720,313.1419,285.655975,5,5.202396
0.72221,721,313.1419,285.6609,5,5.09878445
0.72222,722,313.1419,285.6656,5,5.087878
0.72347,723,313.1419,285.671326,5,4.90246725
0.72535,724,313.1419,285.677,5,5.191489
0.72537,725,313.1419,285.6817,5,5.202396
0.72657,726,313.1419,285.686584,5,5.23511553
0.72878,727,313.1419,285.6917,5,5.087878
0.72883,728,313.1419,285.697479,5,5.02789259
0.73031,729,313.1419,285.702332,5,5.202396
0.73034,730,313.1419,285.707245,5,5.13150358
0.73147,731,313.1419,285.711975,5,5.191489
0.73333,732,313.1419,285.717377,5,4.97335958
0.73337,733,313.1419,285.7231,5,5.109691
0.73454,734,313.1419,285.727783,5,5.13150358
0.73642,735,313.1419,285.732819,5,5.191489
0.73643,736,313.1419,285.737518,5,5.109691
0.73826,737,313.1419,285.743744,5,5.006079
0.73828,738,313.1419,285.748566,5,5.153317
0.73948,739,313.1419,285.753754,5,5.087878
0.74131,740,313.1419,285.75882,5,5.246022
0.74134,741,313.1419,285.763733,5,5.09878445
0.74254,742,313.1419,285.7696,5,5.202396
0.74439,743,313.1419,285.774231,5,5.180583
0.74441,744,313.1419,285.779419,5,5.109691
0.74623,745,313.1419,285.784271,5,5.109691
0.74626,746,313.1419,285.79007,5,5.02789259
0.74746,747,313.1419,285.799957,5,5.13150358
0.74933,748,313.1419,285.804962,5,5.191489
0.74937,749,313.1419,285.810181,5,5.038799
0.75055,750,313.1419,285.815765,5,5.12059736
0.75239,751,313.1419,285.820435,5,5.14241028
0.75243,752,313.1419,285.8258,5,5.13150358
0.75423,753,313.1419,285.83075,5,5.21330261
0.75427,754,313.1419,285.836334,5,5.07697153
0.75545,755,313.1419,285.841,5,5.191489
0.75732,756,313.1419,285.846039,5,5.038799
0.75735,757,313.1419,285.851532,5,5.153317
0.75854,758,313.1419,285.8566,5,5.12059736
0.76040,759,313.1419,285.861816,5,5.13150358
0.76042,760,313.1419,285.866272,5,5.13150358
0.76223,761,313.1419,285.87207,5,5.02789259
0.76225,762,313.1419,285.877441,5,5.21330261
0.76347,763,313.1419,285.8826,5,5.153317
0.76533,764,313.1419,285.886932,5,5.21330261
0.76535,765,313.1419,285.891937,5,5.006079
0.76655,766,313.1419,285.898,5,5.066065
0.76840,767,313.1419,285.903046,5,5.109691
0.76842,768,313.1419,285.9081,5,5.21330261
0.77022,769,313.1419,285.912445,5,5.23511553
0.77024,770,313.1419,285.917969,5,4.97335958
0.77145,771,313.1419,285.9233,5,5.07697153
0.77330,772,313.1419,285.928558,5,5.038799
0.77332,773,313.1419,285.933472,5,5.25692844
0.77455,774,313.1419,285.9382,5,5.12059736
0.77640,775,313.1419,285.943726,5,5.05515862
0.77643,776,313.1419,285.94873,5,5.087878
0.77828,777,313.1419,285.954376,5,5.09878445
0.77830,778,313.1419,285.959076,5,5.278742
0.77947,779,313.1419,285.963959,5,5.07697153
0.78133,780,313.1419,285.968933,5,5.07697153
0.78136,781,313.1419,285.974365,5,4.97335958
0.78256,782,313.1419,285.98,5,5.153317
0.78438,783,313.1419,285.984436,5,5.164223
0.78442,784,313.1419,285.989471,5,5.09878445
0.78627,785,313.1419,285.994141,5,5.02789259
0.78630,786,313.1419,286.000275,5,4.92973375
0.78745,787,313.1419,286.0055,5,5.246022
0.78935,788,313.1419,286.010284,5,5.191489
0.78938,789,313.1419,286.014954,5,5.246022
0.79055,790,313.1419,286.020569,5,5.02789259
0.79238,791,313.1419,286.026459,5,5.07697153
0.79240,792,313.1419,286.0311,5,5.164223
0.79425,793,313.1419,286.0361,5,5.153317
0.79428,794,313.1419,286.040771,5,5.153317
0.79552,795,313.1419,286.046936,5,4.96245337
0.79738,796,313.1419,286.0518,5,5.153317
0.79740,797,313.1419,286.056671,5,5.109691
0.79855,798,313.1419,286.061737,5,5.191489
0.80043,799,313.1419,286.066833,5,5.038799
0.80045,800,313.1419,286.072571,5,5.016986
0.80223,801,313.1419,286.077271,5,5.12059736
0.80226,802,313.1419,286.082581,5,5.09878445
0.80349,803,313.1419,286.087524,5,5.23511553
0.80532,804,313.1419,286.0924,5,5.07697153
0.80534,805,313.1419,286.09787,5,5.21330261
0.80660,806,313.1419,286.102722,5,5.14241028
0.80840,807,313.1419,286.107819,5,5.12059736
0.80843,808,313.1419,286.1128,5,5.066065
0.81028,809,313.1419,286.1186,5,5.066065
0.81031,810,313.1419,286.123322,5,5.202396
0.81147,811,313.1419,286.128479,5,5.13150358
0.81332,812,313.1419,286.1333,5,5.180583
0.81334,813,313.1419,286.138763,5,5.016986
0.81457,814,313.1419,286.144135,5,5.153317
0.81643,815,313.1419,286.1489,5,5.109691
0.81647,816,313.1419,286.154572,5,5.153317
0.81826,817,313.1419,286.159119,5,5.164223
0.81828,818,313.1419,286.164764,5,5.087878
0.81945,819,313.1419,286.16925,5,5.164223
0.82131,820,313.1419,286.174561,5,5.02789259
0.82133,821,313.1419,286.179871,5,5.180583
0.82255,822,313.1419,286.185028,5,5.07697153
0.82444,823,313.1419,286.189972,5,5.14241028
0.82446,824,313.1419,286.194519,5,5.07697153
0.82627,825,313.1419,286.20047,5,5.02789259
0.82629,826,313.1419,286.205658,5,5.191489
0.82745,827,313.1419,286.210754,5,5.13150358
0.82931,828,313.1419,286.214935,5,5.191489
0.82934,829,313.1419,286.220337,5,4.96245337
0.83057,830,313.1419,286.2262,5,5.07697153
0.83244,831,313.1419,286.2312,5,5.087878
0.83248,832,313.1419,286.2361,5,5.224209
0.83424,833,313.1419,286.240479,5,5.180583
0.83426,834,313.1419,286.246216,5,4.94064
0.83549,835,313.1419,286.251343,5,5.05515862
0.83734,836,313.1419,286.256683,5,5.02789259
0.83736,837,313.1419,286.2614,5,5.246022
0.83855,838,313.1419,286.266235,5,5.066065
0.84042,839,313.1419,286.2717,5,5.038799
0.84045,840,313.1419,286.276672,5,5.05515862
0.84224,841,313.1419,286.282349,5,5.109691
0.84227,842,313.1419,286.286865,5,5.25692844
0.84346,843,313.1419,286.29187,5,5.038799
0.84547,844,313.1419,286.2968,5,5.05515862
0.84551,845,313.1419,286.3078,5,5.153317
0.84655,846,313.1419,286.3123,5,5.14241028
0.84843,847,313.1419,286.317261,5,5.09878445
0.84846,848,313.1419,286.322,5,4.995173
0.85024,849,313.1419,286.328125,5,4.92973375
0.85026,850,313.1419,286.33313,5,5.224209
0.85147,851,313.1419,286.337952,5,5.153317
0.85331,852,313.1419,286.3426,5,5.21330261
0.85334,853,313.1419,286.3479,5,4.98426628
0.85456,854,313.1419,286.353729,5,5.038799
0.85643,855,313.1419,286.358337,5,5.13150358
0.85646,856,313.1419,286.3633,5,5.12059736
0.85826,857,313.1419,286.367981,5,5.13150358
0.85828,858,313.1419,286.373749,5,4.92973375
0.85945,859,313.1419,286.378967,5,5.13150358
0.86130,860,313.1419,286.38382,5,5.09878445
0.86132,861,313.1419,286.3889,5,5.180583
0.86257,862,313.1419,286.394,5,5.02789259
0.86441,863,313.1419,286.399384,5,5.006079
0.86444,864,313.1419,286.404083,5,5.109691
0.86625,865,313.1419,286.4097,5,5.087878
0.86627,866,313.1419,286.4146,5,5.224209
0.86745,867,313.1419,286.4202,5,5.066065
0.86928,868,313.1419,286.4253,5,5.202396
0.86930,869,313.1419,286.430054,5,5.12059736
0.87055,870,313.1419,286.435181,5,5.09878445
0.87239,871,313.1419,286.440125,5,5.05515862
0.87242,872,313.1419,286.445862,5,5.02789259
0.87424,873,313.1419,286.4506,5,5.191489
0.87428,874,313.1419,286.455719,5,5.109691
0.87545,875,313.1419,286.460815,5,5.164223
0.87733,876,313.1419,286.466,5,4.995173
0.87736,877,313.1419,286.4713,5,5.13150358
0.87871,878,313.1419,286.476074,5,5.09878445
0.88040,879,313.1419,286.481384,5,5.13150358
0.88043,880,313.1419,286.486328,5,5.164223
0.88225,881,313.1419,286.4919,5,5.066065
0.88228,882,313.1419,286.4964,5,5.164223
0.88346,883,313.1419,286.5017,5,5.016986
0.88531,884,313.1419,286.507019,5,5.164223
0.88533,885,313.1419,286.512482,5,5.087878
0.88659,886,313.1419,286.51712,5,5.13150358
0.88839,887,313.1419,286.5217,5,5.09878445
0.88842,888,313.1419,286.527649,5,5.016986
0.89025,889,313.1419,286.532837,5,5.191489
0.89027,890,313.1419,286.537933,5,5.13150358
0.89145,891,313.1419,286.542145,5,5.180583
0.89332,892,313.1419,286.547546,5,4.97335958
0.89335,893,313.1419,286.553345,5,5.066065
0.89456,894,313.1419,286.558716,5,5.09878445
0.89640,895,313.1419,286.563538,5,5.224209
0.89643,896,313.1419,286.568024,5,5.202396
0.89824,897,313.1419,286.573761,5,4.94064
0.89828,898,313.1419,286.578827,5,5.066065
0.89950,899,313.1419,286.5842,5,5.02789259
0.90132,900,313.1419,286.588867,5,5.246022
0.90134,901,313.1419,286.594177,5,5.09878445
0.90254,902,313.1419,286.599518,5,5.038799
0.90443,903,313.1419,286.603943,5,5.066065
0.90447,904,313.1419,286.6096,5,5.087878
0.90624,905,313.1419,286.6141,5,5.25692844
0.90626,906,313.1419,286.6191,5,5.05515862
0.90746,907,313.1419,286.624023,5,5.066065
0.90933,908,313.1419,286.629639,5,4.95154667
0.90935,909,313.1419,286.63504,5,5.14241028
0.91053,910,313.1419,286.639557,5,5.164223
0.91245,911,313.1419,286.644531,5,5.09878445
0.91250,912,313.1419,286.649353,5,5.02789259
0.91429,913,313.1419,286.655518,5,4.95154667
0.91433,914,313.1419,286.660522,5,5.25692844
0.91547,915,313.1419,286.665375,5,5.191489
0.91729,916,313.1419,286.669983,5,5.23511553
0.91731,917,313.1419,286.675446,5,5.006079
0.91858,918,313.1419,286.681244,5,5.05515862
0.92041,919,313.1419,286.6858,5,5.153317
0.92044,920,313.1419,286.690826,5,5.14241028
0.92225,921,313.1419,286.695465,5,5.14241028
0.92227,922,313.1419,286.701355,5,4.94064
0.92346,923,313.1419,286.706451,5,5.13150358
0.92529,924,313.1419,286.711334,5,5.109691
0.92532,925,313.1419,286.71637,5,5.180583
0.92655,926,313.1419,286.721558,5,5.02789259
0.92876,927,313.1419,286.727173,5,5.006079
0.92880,928,313.1419,286.7319,5,5.09878445
0.93026,929,313.1419,286.737152,5,5.07697153
0.93029,930,313.1419,286.742065,5,5.224209
0.93146,931,313.1419,286.747681,5,5.05515862
0.93329,932,313.1419,286.752655,5,5.202396
0.93331,933,313.1419,286.757446,5,5.109691
0.93455,934,313.1419,286.762573,5,5.087878
0.93641,935,313.1419,286.767517,5,5.05515862
0.93643,936,313.1419,286.7733,5,5.006079
0.93822,937,313.1419,286.777954,5,5.180583
0.93823,938,313.1419,286.783051,5,5.09878445
0.93946,939,313.1419,286.787842,5,5.153317
0.94132,940,313.1419,286.793365,5,4.97335958
0.94135,941,313.1419,286.798584,5,5.09878445
0.94255,942,313.1419,286.803345,5,5.087878
0.94443,943,313.1419,286.808624,5,5.09878445
0.94445,944,313.1419,286.813538,5,5.153317
0.94623,945,313.1419,286.819458,5,5.038799
0.94626,946,313.1419,286.8236,5,5.14241028
0.94746,947,313.1419,286.834229,5,5.14241028
0.94932,948,313.1419,286.8393,5,5.07697153
0.94934,949,313.1419,286.844238,5,5.09878445
0.95055,950,313.1419,286.848755,5,5.087878
0.95243,951,313.1419,286.854675,5,4.97335958
0.95247,952,313.1419,286.859863,5,5.164223
0.95423,953,313.1419,286.864929,5,5.12059736
0.95425,954,313.1419,286.869171,5,5.180583
0.95545,955,313.1419,286.874451,5,4.97335958
0.95735,956,313.1419,286.88028,5,5.016986
0.95740,957,313.1419,286.8853,5,5.09878445
0.95855,958,313.1419,286.890259,5,5.153317
0.96040,959,313.1419,286.894623,5,5.224209
0.96042,960,313.1419,286.900269,5,4.94064
0.96224,961,313.1419,286.905457,5,5.02789259
0.96226,962,313.1419,286.910767,5,5.016986
0.96347,963,313.1419,286.915527,5,5.224209
0.96530,964,313.1419,286.920654,5,5.12059736
0.96533,965,313.1419,286.925842,5,5.02789259
0.96656,966,313.1419,286.930756,5,5.066065
0.96840,967,313.1419,286.936432,5,5.05515862
0.96843,968,313.1419,286.941,5,5.267835
0.97022,969,313.1419,286.945984,5,5.066065
0.97024,970,313.1419,286.950928,5,5.05515862
0.97145,971,313.1419,286.956451,5,4.96245337
0.97331,972,313.1419,286.961945,5,5.109691
0.97335,973,313.1419,286.966431,5,5.164223
0.97453,974,313.1419,286.971436,5,5.087878
0.97640,975,313.1419,286.976135,5,5.05515862
0.97642,976,313.1419,286.982269,5,4.90246725
0.97826,977,313.1419,286.9874,5,5.21330261
0.97828,978,313.1419,286.9922,5,5.180583
0.97946,979,313.1419,286.996826,5,5.23511553
0.98131,980,313.1419,287.002136,5,5.05515862
0.98134,981,313.1419,287.008057,5,5.02789259
0.98256,982,313.1419,287.012634,5,5.180583
0.98443,983,313.1419,287.01767,5,5.12059736
0.98445,984,313.1419,287.0223,5,5.164223
0.98623,985,313.1419,287.0281,5,4.94064
0.98626,986,313.1419,287.033325,5,5.109691
0.98748,987,313.1419,287.038483,5,5.109691
0.98930,988,313.1419,287.043,5,5.180583
0.98932,989,313.1419,287.04834,5,5.07697153
0.99055,990,313.1419,287.054077,5,4.995173
0.99241,991,313.1419,287.058777,5,5.12059736
0.99244,992,313.1419,287.0641,5,5.066065
0.99423,993,313.1419,287.069,5,5.23511553
0.99426,994,313.1419,287.0746,5,5.07697153
0.99547,995,313.1419,287.07962,5,5.180583
0.99730,996,313.1419,287.0844,5,5.14241028
0.99732,997,313.1419,287.0898,5,5.07697153
0.99854,998,313.1419,287.0948,5,5.07697153
1.00040,999,313.1419,287.1005,5,5.006079
1.00044,1000,313.1419,287.105255,5,5.191489
1.00222,1001,313.1419,287.110352,5,5.12059736
1.00223,1002,313.1419,287.115173,5,5.180583
1.00345,1003,313.1419,287.1207,5,5.006079
1.00530,1004,313.1419,287.125641,5,5.09878445
1.00531,1005,313.1419,287.130371,5,5.109691
1.00655,1006,313.1419,287.135651,5,5.087878
1.00838,1007,313.1419,287.140564,5,5.180583
1.00840,1008,313.1419,287.1461,5,5.02789259
1.01026,1009,313.1419,287.150574,5,5.14241028
1.01029,1010,313.1419,287.155762,5,4.995173
1.01146,1011,313.1419,287.161133,5,5.09878445
1.01330,1012,313.1419,287.1661,5,5.05515862
1.01331,1013,313.1419,287.171143,5,5.038799
1.01455,1014,313.1419,287.175568,5,5.087878
1.01637,1015,313.1419,287.181366,5,4.913374
1.01639,1016,313.1419,287.1866,5,5.12059736
1.01822,1017,313.1419,287.19165,5,5.07697153
1.01824,1018,313.1419,287.195923,5,5.153317
1.01947,1019,313.1419,287.200958,5,4.97335958
1.02128,1020,313.1419,287.2069,5,4.95154667
1.02130,1021,313.1419,287.211884,5,5.07697153
1.02257,1022,313.1419,287.216919,5,5.109691
1.02437,1023,313.1419,287.2212,5,5.224209
1.02440,1024,313.1419,287.2267,5,4.94064
1.02625,1025,313.1419,287.232025,5,5.006079
1.02627,1026,313.1419,287.237274,5,5.006079
1.02749,1027,313.1419,287.2422,5,5.180583
1.02934,1028,313.1419,287.2468,5,5.164223
1.02937,1029,313.1419,287.252319,5,4.995173
1.03058,1030,313.1419,287.2573,5,5.07697153
1.03244,1031,313.1419,287.262939,5,5.016986
1.03247,1032,313.1419,287.267639,5,5.267835
1.03423,1033,313.1419,287.272522,5,5.09878445
1.03424,1034,313.1419,287.277527,5,5.05515862
1.03548,1035,313.1419,287.2829,5,4.995173
1.03728,1036,313.1419,287.288544,5,5.066065
1.03730,1037,313.1419,287.29303,5,5.21330261
1.03857,1038,313.1419,287.298065,5,5.09878445
1.04037,1039,313.1419,287.3027,5,5.087878
1.04039,1040,313.1419,287.308777,5,4.891561
1.04226,1041,313.1419,287.3141,5,5.164223
1.04232,1042,313.1419,287.318817,5,5.202396
1.04349,1043,313.1419,287.323547,5,5.224209
1.04538,1044,313.1419,287.334656,5,4.98426628
1.04539,1045,313.1419,287.3393,5,5.191489
1.04659,1046,313.1419,287.34433,5,5.109691
1.04838,1047,313.1419,287.348877,5,5.191489
1.04840,1048,313.1419,287.354553,5,4.97335958
1.05022,1049,313.1419,287.359955,5,5.066065
1.05023,1050,313.1419,287.364746,5,5.13150358
1.05147,1051,313.1419,287.369629,5,5.14241028
1.05330,1052,313.1419,287.374817,5,5.109691
1.05332,1053,313.1419,287.380646,5,4.97335958
1.05458,1054,313.1419,287.3853,5,5.13150358
1.05638,1055,313.1419,287.3906,5,5.05515862
1.05640,1056,313.1419,287.395538,5,5.21330261
1.05823,1057,313.1419,287.401031,5,5.09878445
1.05825,1058,313.1419,287.40625,5,5.13150358
1.05945,1059,313.1419,287.41095,5,5.180583
1.06127,1060,313.1419,287.4161,5,5.07697153
1.06128,1061,313.1419,287.4209,5,5.109691
1.06257,1062,313.1419,287.4267,5,4.96245337
1.06438,1063,313.1419,287.431519,5,5.164223
1.06441,1064,313.1419,287.436554,5,5.109691
1.06622,1065,313.1419,287.441437,5,5.13150358
1.06624,1066,313.1419,287.446716,5,5.05515862
1.06746,1067,313.1419,287.45224,5,5.038799
1.06927,1068,313.1419,287.456848,5,5.14241028
1.06929,1069,313.1419,287.462158,5,5.07697153
1.07054,1070,313.1419,287.467072,5,5.202396
1.07237,1071,313.1419,287.472656,5,5.038799
1.07239,1072,313.1419,287.477264,5,5.153317
1.07424,1073,313.1419,287.48233,5,5.038799
1.07426,1074,313.1419,287.487762,5,5.087878
1.07546,1075,313.1419,287.4928,5,5.13150358
1.07730,1076,313.1419,287.497955,5,5.05515862
1.07732,1077,313.1419,287.50238,5,5.153317
1.07876,1078,313.1419,287.508179,5,4.97335958
1.08038,1079,313.1419,287.513519,5,5.164223
1.08040,1080,313.1419,287.518616,5,5.13150358
1.08228,1081,313.1419,287.522919,5,5.180583
1.08230,1082,313.1419,287.527954,5,5.05515862
1.08347,1083,313.1419,287.533966,5,4.96245337
1.08529,1084,313.1419,287.538971,5,5.12059736
1.08530,1085,313.1419,287.544,5,5.109691
1.08656,1086,313.1419,287.548279,5,5.267835
1.08836,1087,313.1419,287.553833,5,4.98426628
1.08838,1088,313.1419,287.559143,5,5.006079
1.09025,1089,313.1419,287.5644,5,5.02789259
1.09028,1090,313.1419,287.5693,5,5.164223
1.09146,1091,313.1419,287.573975,5,5.191489
1.09329,1092,313.1419,287.579529,5,4.995173
1.09330,1093,313.1419,287.584778,5,5.087878
1.09458,1094,313.1419,287.590424,5,5.006079
1.09639,1095,313.1419,287.595062,5,5.246022
1.09641,1096,313.1419,287.599945,5,5.109691
1.09823,1097,313.1419,287.604919,5,5.02789259
1.09825,1098,313.1419,287.610352,5,4.995173
1.09945,1099,313.1419,287.615967,5,5.02789259
1.10128,1100,313.1419,287.6204,5,5.21330261
1.10130,1101,313.1419,287.6254,5,5.09878445
1.10255,1102,313.1419,287.629761,5,5.087878
1.10438,1103,313.1419,287.6357,5,4.88065434
1.10440,1104,313.1419,287.641083,5,5.13150358
1.10623,1105,313.1419,287.645844,5,5.191489
1.10625,1106,313.1419,287.650482,5,5.180583
1.10746,1107,313.1419,287.655518,5,5.09878445
1.10929,1108,313.1419,287.66153,5,4.95154667
1.10930,1109,313.1419,287.66626,5,5.164223
1.11056,1110,313.1419,287.671265,5,5.12059736
1.11238,1111,313.1419,287.67627,5,5.21330261
1.11239,1112,313.1419,287.6816,5,5.016986
1.11426,1113,313.1419,287.687073,5,5.07697153
1.11429,1114,313.1419,287.691864,5,5.164223
1.11547,1115,313.1419,287.697052,5,5.164223
1.11732,1116,313.1419,287.701965,5,5.153317
1.11735,1117,313.1419,287.7078,5,4.98426628
1.11854,1118,313.1419,287.712524,5,5.14241028
1.12038,1119,313.1419,287.717773,5,5.066065
1.12039,1120,313.1419,287.722748,5,5.224209
1.12224,1121,313.1419,287.7282,5,5.13150358
1.12227,1122,313.1419,287.733459,5,5.13150358
1.12346,1123,313.1419,287.738525,5,5.191489
1.12527,1124,313.1419,287.743347,5,5.087878
1.12529,1125,313.1419,287.7482,5,5.12059736
1.12655,1126,313.1419,287.753937,5,4.97335958
1.12881,1127,313.1419,287.758728,5,5.164223
1.12889,1128,313.1419,287.763763,5,5.109691
1.13026,1129,313.1419,287.768646,5,5.13150358
1.13028,1130,313.1419,287.774,5,5.05515862
1.13147,1131,313.1419,287.779419,5,5.038799
1.13336,1132,313.1419,287.7841,5,5.14241028
1.13338,1133,313.1419,287.789429,5,5.066065
1.13454,1134,313.1419,287.7943,5,5.202396
1.13638,1135,313.1419,287.799866,5,5.02789259
1.13640,1136,313.1419,287.8045,5,5.14241028
1.13825,1137,313.1419,287.80954,5,5.038799
1.13827,1138,313.1419,287.815,5,5.066065
1.13945,1139,313.1419,287.820038,5,5.14241028
1.14130,1140,313.1419,287.825134,5,5.038799
1.14133,1141,313.1419,287.829529,5,5.153317
1.14257,1142,313.1419,287.835327,5,4.96245337
1.14439,1143,313.1419,287.840668,5,5.13150358
1.14443,1144,313.1419,287.845825,5,5.13150358
1.14625,1145,313.1419,287.8501,5,5.180583
1.14629,1146,313.1419,287.861145,5,4.95154667
1.14753,1147,313.1419,287.866119,5,5.12059736
1.14930,1148,313.1419,287.871155,5,5.09878445
1.14934,1149,313.1419,287.875427,5,5.267835
1.15057,1150,313.1419,287.880951,5,4.995173
1.15238,1151,313.1419,287.886261,5,4.98426628
1.15239,1152,313.1419,287.8918,5,5.016986
1.15424,1153,313.1419,287.896423,5,5.13150358
1.15427,1154,313.1419,287.901,5,5.202396
1.15546,1155,313.1419,287.906555,5,4.98426628
1.15731,1156,313.1419,287.91153,5,5.07697153
1.15733,1157,313.1419,287.917145,5,4.995173
1.15856,1158,313.1419,287.9219,5,5.23511553
1.16037,1159,313.1419,287.926666,5,5.13150358
1.16039,1160,313.1419,287.931671,5,5.016986
1.16232,1161,313.1419,287.936981,5,4.995173
1.16246,1162,313.1419,287.942657,5,5.006079
1.16346,1163,313.1419,287.947144,5,5.21330261
1.16532,1164,313.1419,287.952179,5,5.087878
1.16535,1165,313.1419,287.956757,5,5.09878445
1.16658,1166,313.1419,287.962677,5,4.891561
1.16840,1167,313.1419,287.96814,5,5.087878
1.16842,1168,313.1419,287.9728,5,5.21330261
1.17028,1169,313.1419,287.97757,5,5.180583
1.17031,1170,313.1419,287.9825,5,5.13150358
1.17145,1171,313.1419,287.988556,5,4.94064
1.17332,1172,313.1419,287.993256,5,5.14241028
1.17335,1173,313.1419,287.99826,5,5.087878
1.17453,1174,313.1419,288.002838,5,5.180583
1.17641,1175,313.1419,288.0084,5,5.006079
1.17644,1176,313.1419,288.013977,5,5.006079
1.17825,1177,313.1419,288.019,5,5.153317
1.17828,1178,313.1419,288.023865,5,5.12059736
1.17950,1179,313.1419,288.0287,5,5.14241028
1.18132,1180,313.1419,288.034546,5,4.95154667
1.18134,1181,313.1419,288.039276,5,5.087878
1.18256,1182,313.1419,288.044434,5,5.05515862
1.18440,1183,313.1419,288.049469,5,5.180583
1.18443,1184,313.1419,288.0548,5,5.14241028
1.18627,1185,313.1419,288.06015,5,5.09878445
1.18630,1186,313.1419,288.06485,5,5.202396
1.18745,1187,313.1419,288.069946,5,5.066065
1.18931,1188,313.1419,288.0748,5,5.12059736
1.18934,1189,313.1419,288.080536,5,4.96245337
1.19055,1190,313.1419,288.085419,5,5.12059736
1.19240,1191,313.1419,288.090363,5,5.12059736
1.19242,1192,313.1419,288.0953,5,5.109691
1.19426,1193,313.1419,288.100464,5,5.087878
1.19429,1194,313.1419,288.106354,5,4.995173
1.19551,1195,313.1419,288.111023,5,5.153317
1.19733,1196,313.1419,288.116333,5,5.066065
1.19735,1197,313.1419,288.1212,5,5.191489
1.19855,1198,313.1419,288.12677,5,5.05515862
1.20041,1199,313.1419,288.1314,5,5.109691
1.20044,1200,313.1419,288.136383,5,5.066065
1.20227,1201,313.1419,288.141846,5,5.02789259
1.20230,1202,313.1419,288.146881,5,5.153317
1.20346,1203,313.1419,288.1521,5,5.016986
1.20532,1204,313.1419,288.1562,5,5.164223
1.20535,1205,313.1419,288.161774,5,4.98426628
1.20655,1206,313.1419,288.167236,5,5.09878445
1.20838,1207,313.1419,288.172333,5,5.153317
1.20839,1208,313.1419,288.176758,5,5.153317
1.21026,1209,313.1419,288.1815,5,5.09878445
1.21028,1210,313.1419,288.1876,5,4.913374
1.21146,1211,313.1419,288.192566,5,5.07697153
1.21332,1212,313.1419,288.197662,5,5.038799
1.21334,1213,313.1419,288.201935,5,5.23511553
1.21455,1214,313.1419,288.207153,5,5.02789259
1.21640,1215,313.1419,288.212646,5,4.913374
1.21642,1216,313.1419,288.217651,5,5.006079
1.21825,1217,313.1419,288.2228,5,5.038799
1.21829,1218,313.1419,288.227264,5,5.21330261
1.21947,1219,313.1419,288.232727,5,4.98426628
1.22129,1220,313.1419,288.2377,5,5.038799
1.22132,1221,313.1419,288.243225,5,4.98426628
1.22253,1222,313.1419,288.2482,5,5.153317
1.22442,1223,313.1419,288.252838,5,5.180583
1.22445,1224,313.1419,288.2579,5,5.006079
1.22625,1225,313.1419,288.2629,5,5.016986
1.22628,1226,313.1419,288.268829,5,4.92973375
1.22745,1227,313.1419,288.273376,5,5.180583
1.22931,1228,313.1419,288.278259,5,5.09878445
1.22934,1229,313.1419,288.282867,5,5.087878
1.23054,1230,313.1419,288.288483,5,4.94064
1.23250,1231,313.1419,288.29425,5,4.96245337
1.23253,1232,313.1419,288.298859,5,5.23511553
1.23426,1233,313.1419,288.303741,5,5.14241028
1.23429,1234,313.1419,288.3084,5,5.180583
1.23546,1235,313.1419,288.314423,5,4.94064
1.23733,1236,313.1419,288.319427,5,5.087878
1.23737,1237,313.1419,288.324249,5,5.109691
1.23854,1238,313.1419,288.328949,5,5.153317
1.24040,1239,313.1419,288.334167,5,5.087878
1.24044,1240,313.1419,288.339935,5,4.94064
1.24226,1241,313.1419,288.34494,5,5.153317
1.24228,1242,313.1419,288.349976,5,5.087878
1.24345,1243,313.1419,288.354675,5,5.180583
1.24546,1244,313.1419,288.3654,5,5.038799
1.24550,1245,313.1419,288.370361,5,5.087878
1.24656,1246,313.1419,288.375549,5,5.109691
1.24844,1247,313.1419,288.380585,5,5.191489
1.24846,1248,313.1419,288.3862,5,5.038799
1.25024,1249,313.1419,288.390778,5,5.202396
1.25026,1250,313.1419,288.395874,5,5.07697153
1.25146,1251,313.1419,288.4007,5,5.087878
1.25334,1252,313.1419,288.4062,5,4.995173
1.25337,1253,313.1419,288.4114,5,5.02789259
1.25454,1254,313.1419,288.4162,5,5.14241028
1.25639,1255,313.1419,288.421265,5,5.07697153
1.25642,1256,313.1419,288.426117,5,5.13150358
1.25827,1257,313.1419,288.4318,5,4.96245337
1.25830,1258,313.1419,288.436523,5,5.109691
1.25945,1259,313.1419,288.44165,5,5.066065
1.26133,1260,313.1419,288.446747,5,5.109691
1.26138,1261,313.1419,288.451935,5,5.12059736
1.26256,1262,313.1419,288.457123,5,5.05515862
1.26445,1263,313.1419,288.46167,5,5.13150358
1.26448,1264,313.1419,288.467255,5,4.98426628
1.26629,1265,313.1419,288.47226,5,5.13150358
1.26632,1266,313.1419,288.4775,5,5.05515862
1.26746,1267,313.1419,288.482025,5,5.109691
1.26933,1268,313.1419,288.487152,5,5.05515862
1.26937,1269,313.1419,288.49292,5,5.006079
1.27054,1270,313.1419,288.498,5,5.153317
1.27240,1271,313.1419,288.502747,5,5.109691
1.27242,1272,313.1419,288.5071,5,5.164223
1.27425,1273,313.1419,288.513031,5,4.94064
1.27427,1274,313.1419,288.518372,5,5.038799
1.27546,1275,313.1419,288.523438,5,5.066065
1.27730,1276,313.1419,288.527954,5,5.191489
1.27733,1277,313.1419,288.532745,5,5.180583
1.27873,1278,313.1419,288.538483,5,4.913374
1.28039,1279,313.1419,288.543457,5,5.02789259
1.28042,1280,313.1419,288.5488,5,5.006079
1.28230,1281,313.1419,288.553253,5,5.224209
1.28233,1282,313.1419,288.5585,5,5.07697153
1.28346,1283,313.1419,288.5637,5,5.016986
1.28533,1284,313.1419,288.568939,5,5.038799
1.28536,1285,313.1419,288.57428,5,5.05515862
1.28654,1286,313.1419,288.5788,5,5.246022
1.28839,1287,313.1419,288.583862,5,5.038799
1.28842,1288,313.1419,288.588745,5,5.038799
1.29030,1289,313.1419,288.5946,5,4.92973375
1.29034,1290,313.1419,288.599457,5,5.12059736
1.29149,1291,313.1419,288.6045,5,5.14241028
1.29334,1292,313.1419,288.609222,5,5.066065
1.29337,1293,313.1419,288.614471,5,5.016986
1.29455,1294,313.1419,288.6205,5,4.869748
1.29640,1295,313.1419,288.6254,5,5.14241028
1.29642,1296,313.1419,288.6303,5,5.191489
1.29827,1297,313.1419,288.634552,5,5.191489
1.29829,1298,313.1419,288.640778,5,4.98426628
1.29947,1299,313.1419,288.646,5,5.14241028
1.30133,1300,313.1419,288.6507,5,5.087878
1.30137,1301,313.1419,288.655426,5,5.13150358
1.30254,1302,313.1419,288.6604,5,4.90246725
1.30442,1303,313.1419,288.66626,5,5.05515862
1.30446,1304,313.1419,288.6707,5,5.066065
1.30628,1305,313.1419,288.675385,5,5.066065
1.30632,1306,313.1419,288.680267,5,5.13150358
1.30747,1307,313.1419,288.6853,5,5.038799
1.30934,1308,313.1419,288.690826,5,4.94064
1.30937,1309,313.1419,288.6958,5,5.087878
1.31055,1310,313.1419,288.70105,5,5.016986
1.31248,1311,313.1419,288.705872,5,5.191489
1.31254,1312,313.1419,288.711548,5,5.02789259
1.31425,1313,313.1419,288.7163,5,5.12059736
1.31427,1314,313.1419,288.721222,5,5.109691
1.31550,1315,313.1419,288.726166,5,5.02789259
1.31732,1316,313.1419,288.731262,5,5.05515862
1.31736,1317,313.1419,288.736877,5,4.92973375
1.31854,1318,313.1419,288.741516,5,5.14241028
1.32039,1319,313.1419,288.7466,5,5.066065
1.32040,1320,313.1419,288.751373,5,5.109691
1.32222,1321,313.1419,288.7569,5,5.006079
1.32224,1322,313.1419,288.762054,5,5.006079
1.32349,1323,313.1419,288.7668,5,5.109691
1.32529,1324,313.1419,288.772064,5,5.038799
1.32533,1325,313.1419,288.776947,5,5.153317
1.32657,1326,313.1419,288.7825,5,5.006079
1.32888,1327,313.1419,288.786926,5,5.12059736
1.32893,1328,313.1419,288.7923,5,5.016986
1.33025,1329,313.1419,288.7975,5,5.05515862
1.33028,1330,313.1419,288.802643,5,5.12059736
1.33147,1331,313.1419,288.807556,5,5.016986
1.33332,1332,313.1419,288.812042,5,5.13150358
1.33337,1333,313.1419,288.817963,5,4.92973375
1.33455,1334,313.1419,288.8231,5,5.12059736
1.33640,1335,313.1419,288.8282,5,5.109691
1.33642,1336,313.1419,288.832336,5,5.164223
1.33825,1337,313.1419,288.8377,5,5.05515862
1.33826,1338,313.1419,288.8435,5,4.92973375
1.33946,1339,313.1419,288.8485,5,5.09878445
1.34133,1340,313.1419,288.853424,5,5.07697153
1.34135,1341,313.1419,288.857727,5,5.25692844
1.34254,1342,313.1419,288.8634,5,4.98426628
1.34440,1343,313.1419,288.868622,5,4.97335958
1.34442,1344,313.1419,288.87384,5,5.016986
1.34625,1345,313.1419,288.878632,5,5.109691
1.34626,1346,313.1419,288.883331,5,5.202396
1.34747,1347,313.1419,288.8888,5,4.97335958
1.34935,1348,313.1419,288.893768,5,5.05515862
1.34937,1349,313.1419,288.904,5,5.191489
1.35054,1350,313.1419,288.908875,5,5.006079
1.35244,1351,313.1419,288.9138,5,5.006079
1.35246,1352,313.1419,288.919159,5,4.98426628
1.35429,1353,313.1419,288.924774,5,4.96245337
1.35432,1354,313.1419,288.929169,5,5.191489
1.35545,1355,313.1419,288.934143,5,5.066065
1.35730,1356,313.1419,288.938782,5,5.087878
1.35733,1357,313.1419,288.944763,5,4.869748
1.35854,1358,313.1419,288.950043,5,5.02789259
1.36040,1359,313.1419,288.954773,5,5.202396
1.36044,1360,313.1419,288.959442,5,5.14241028
1.36230,1361,313.1419,288.964447,5,5.14241028
1.36236,1362,313.1419,288.9704,5,4.90246725
1.36347,1363,313.1419,288.975067,5,5.09878445
1.36529,1364,313.1419,288.97998,5,5.066065
1.36531,1365,313.1419,288.9846,5,5.14241028
1.36656,1366,313.1419,288.990143,5,5.006079
1.36840,1367,313.1419,288.995667,5,4.94064
1.36844,1368,313.1419,289.0006,5,5.07697153
1.37027,1369,313.1419,289.0055,5,5.13150358
1.37031,1370,313.1419,289.010284,5,4.92973375
1.37145,1371,313.1419,289.016083,5,5.02789259
1.37332,1372,313.1419,289.0208,5,5.038799
1.37336,1373,313.1419,289.02597,5,5.109691
1.37455,1374,313.1419,289.030975,5,5.164223
1.37639,1375,313.1419,289.0363,5,5.038799
1.37641,1376,313.1419,289.0417,5,5.202396
1.37824,1377,313.1419,289.046265,5,5.066065
1.37826,1378,313.1419,289.051361,5,5.09878445
1.37947,1379,313.1419,289.056183,5,4.97335958
1.38133,1380,313.1419,289.0622,5,5.038799
1.38135,1381,313.1419,289.066742,5,5.12059736
1.38259,1382,313.1419,289.072,5,5.066065
1.38442,1383,313.1419,289.0769,5,5.09878445
1.38447,1384,313.1419,289.081635,5,4.94064
1.38628,1385,313.1419,289.08725,5,5.109691
1.38632,1386,313.1419,289.092133,5,5.02789259
1.38746,1387,313.1419,289.097443,5,5.109691
1.38933,1388,313.1419,289.102356,5,5.087878
1.38935,1389,313.1419,289.107758,5,5.02789259
1.39056,1390,313.1419,289.112579,5,5.09878445
1.39239,1391,313.1419,289.1173,5,4.96245337
1.39241,1392,313.1419,289.122833,5,5.12059736
1.39424,1393,313.1419,289.1278,5,5.006079
1.39425,1394,313.1419,289.133057,5,5.09878445
1.39547,1395,313.1419,289.13736,5,5.016986
1.39732,1396,313.1419,289.143219,5,4.98426628
1.39736,1397,313.1419,289.1487,5,5.13150358
1.39855,1398,313.1419,289.153717,5,5.087878
1.40046,1399,313.1419,289.1582,5,5.14241028
1.40050,1400,313.1419,289.1628,5,4.90246725
1.40229,1401,313.1419,289.1689,5,5.016986
1.40231,1402,313.1419,289.17392,5,5.038799
1.40345,1403,313.1419,289.179,5,5.153317
1.40543,1404,313.1419,289.1833,5,5.153317
1.40549,1405,313.1419,289.188446,5,4.88065434
1.40656,1406,313.1419,289.193939,5,4.995173
1.40844,1407,313.1419,289.198578,5,4.97335958
1.40848,1408,313.1419,289.2039,5,5.202396
1.41027,1409,313.1419,289.208282,5,5.05515862
1.41030,1410,313.1419,289.2144,5,4.995173
1.41145,1411,313.1419,289.218781,5,5.02789259
1.41332,1412,313.1419,289.224152,5,5.038799
1.41334,1413,313.1419,289.22934,5,5.267835
1.41456,1414,313.1419,289.233948,5,5.066065
1.41642,1415,313.1419,289.239,5,5.05515862
1.41645,1416,313.1419,289.243927,5,4.94064
1.41825,1417,313.1419,289.249847,5,5.09878445
1.41828,1418,313.1419,289.2545,5,5.14241028
1.41945,1419,313.1419,289.259247,5,5.05515862
1.42132,1420,313.1419,289.263947,5,5.016986
1.42135,1421,313.1419,289.269257,5,4.837029
1.42255,1422,313.1419,289.275177,5,5.14241028
1.42441,1423,313.1419,289.279755,5,5.109691
1.42442,1424,313.1419,289.284637,5,5.164223
1.42627,1425,313.1419,289.289185,5,4.98426628
1.42630,1426,313.1419,289.294983,5,4.92973375
1.42746,1427,313.1419,289.300232,5,5.12059736
1.42935,1428,313.1419,289.30484,5,5.02789259
1.42940,1429,313.1419,289.3096,5,5.109691
1.43056,1430,313.1419,289.314453,5,4.869748
1.43243,1431,313.1419,289.320343,5,4.995173
1.43245,1432,313.1419,289.325073,5,5.066065
1.43428,1433,313.1419,289.330048,5,5.087878
1.43430,1434,313.1419,289.334656,5,5.038799
1.43546,1435,313.1419,289.3399,5,4.88065434
1.43733,1436,313.1419,289.345367,5,5.066065
1.43736,1437,313.1419,289.35,5,4.98426628
1.43856,1438,313.1419,289.355255,5,5.14241028
1.44042,1439,313.1419,289.360077,5,5.038799
1.44046,1440,313.1419,289.365723,5,5.066065
1.44224,1441,313.1419,289.370544,5,5.13150358
1.44228,1442,313.1419,289.375366,5,5.016986
1.44345,1443,313.1419,289.380371,5,5.07697153
1.44547,1444,313.1419,289.385345,5,4.90246725
1.44552,1445,313.1419,289.391,5,5.09878445
1.44656,1446,313.1419,289.400726,5,5.066065
1.44843,1447,313.1419,289.4055,5,5.038799
1.44845,1448,313.1419,289.41095,5,4.97335958
1.45025,1449,313.1419,289.41095,5,4.97335958
1.45027,1450,313.1419,289.4209,5,5.02789259
1.45146,1451,313.1419,289.426117,5,5.14241028
1.45333,1452,313.1419,289.4311,5,5.02789259
1.45336,1453,313.1419,289.4366,5,5.09878445
1.45456,1454,313.1419,289.441071,5,5.05515862
1.45642,1455,313.1419,289.44635,5,5.02789259
1.45645,1456,313.1419,289.45166,5,5.14241028
1.45823,1457,313.1419,289.4567,5,5.006079
1.45826,1458,313.1419,289.461731,5,5.153317
1.45945,1459,313.1419,289.466156,5,4.96245337
1.46130,1460,313.1419,289.472076,5,5.07697153
1.46131,1461,313.1419,289.4773,5,5.14241028
1.46259,1462,313.1419,289.4824,5,5.14241028
1.46443,1463,313.1419,289.486572,5,5.09878445
1.46445,1464,313.1419,289.49173,5,4.90246725
1.46623,1465,313.1419,289.49762,5,5.07697153
1.46624,1466,313.1419,289.502625,5,5.05515862
1.46745,1467,313.1419,289.507568,5,5.246022
1.46929,1468,313.1419,289.5119,5,5.05515862
1.46933,1469,313.1419,289.5175,5,4.94064
1.47054,1470,313.1419,289.5226,5,5.006079
1.47241,1471,313.1419,289.527863,5,5.05515862
1.47245,1472,313.1419,289.532745,5,5.21330261
1.47424,1473,313.1419,289.537384,5,4.98426628
1.47427,1474,313.1419,289.5429,5,5.038799
1.47546,1475,313.1419,289.5478,5,4.97335958
1.47730,1476,313.1419,289.5534,5,5.13150358
1.47732,1477,313.1419,289.558075,5,5.164223
1.47870,1478,313.1419,289.5629,5,4.995173
1.48038,1479,313.1419,289.5678,5,4.995173
1.48040,1480,313.1419,289.57312,5,4.913374
1.48226,1481,313.1419,289.5788,5,5.164223
1.48228,1482,313.1419,289.5832,5,5.07697153
1.48348,1483,313.1419,289.588135,5,5.07697153
1.48535,1484,313.1419,289.592773,5,4.913374
1.48538,1485,313.1419,289.598663,5,4.94064
1.48654,1486,313.1419,289.604034,5,5.21330261
1.48840,1487,313.1419,289.609039,5,5.13150358
1.48842,1488,313.1419,289.6137,5,5.164223
1.49023,1489,313.1419,289.618683,5,4.913374
1.49026,1490,313.1419,289.6247,5,5.05515862
1.49145,1491,313.1419,289.629333,5,5.087878
1.49328,1492,313.1419,289.634216,5,5.109691
1.49330,1493,313.1419,289.638855,5,5.066065
1.49454,1494,313.1419,289.644379,5,4.891561
1.49639,1495,313.1419,289.649841,5,5.09878445
1.49641,1496,313.1419,289.6545,5,5.066065
1.49828,1497,313.1419,289.6597,5,5.14241028
1.49830,1498,313.1419,289.664459,5,4.97335958
1.49947,1499,313.1419,289.670258,5,4.995173
1.50130,1500,313.1419,289.675049,5,5.066065
1.50132,1501,313.1419,289.680176,5,5.05515862
1.50255,1502,313.1419,289.68515,5,5.191489
1.50440,1503,313.1419,289.6904,5,5.016986
1.50443,1504,313.1419,289.695526,5,5.180583
1.50624,1505,313.1419,289.700073,5,5.087878
1.50625,1506,313.1419,289.7052,5,5.066065
1.50748,1507,313.1419,289.709961,5,4.995173
1.50928,1508,313.1419,289.715546,5,4.96245337
1.50930,1509,313.1419,289.720581,5,5.13150358
1.51055,1510,313.1419,289.725372,5,5.02789259
1.51239,1511,313.1419,289.7303,5,5.087878
1.51240,1512,313.1419,289.7351,5,4.891561
1.51425,1513,313.1419,289.740753,5,5.006079
1.51428,1514,313.1419,289.745331,5,5.006079
1.51546,1515,313.1419,289.750427,5,4.995173
1.51728,1516,313.1419,289.7554,5,5.087878
1.51730,1517,313.1419,289.760559,5,4.92973375
1.51854,1518,313.1419,289.765717,5,5.087878
1.52039,1519,313.1419,289.7701,5,4.94064
1.52043,1520,313.1419,289.775665,5,5.02789259
1.52223,1521,313.1419,289.78067,5,5.038799
1.52224,1522,313.1419,289.785858,5,5.006079
1.52345,1523,313.1419,289.7904,5,5.087878
1.52528,1524,313.1419,289.795349,5,4.891561
1.52529,1525,313.1419,289.801117,5,5.09878445
1.52654,1526,313.1419,289.806152,5,5.066065
1.52893,1527,313.1419,289.811,5,5.14241028
1.52899,1528,313.1419,289.8152,5,4.98426628
1.53026,1529,313.1419,289.82135,5,4.913374
1.53028,1530,313.1419,289.826416,5,5.066065
1.53145,1531,313.1419,289.831421,5,5.066065
1.53332,1532,313.1419,289.8361,5,5.23511553
1.53335,1533,313.1419,289.840637,5,4.95154667
1.53454,1534,313.1419,289.8464,5,4.97335958
1.53637,1535,313.1419,289.8514,5,4.98426628
1.53639,1536,313.1419,289.85675,5,5.12059736
1.53823,1537,313.1419,289.861267,5,5.180583
1.53824,1538,313.1419,289.866333,5,4.96245337
1.53950,1539,313.1419,289.871643,5,5.05515862
1.54129,1540,313.1419,289.876678,5,4.96245337
1.54131,1541,313.1419,289.8822,5,5.202396
1.54255,1542,313.1419,289.8867,5,5.12059736
1.54437,1543,313.1419,289.896545,5,4.97335958
1.54439,1544,313.1419,289.902283,5,4.98426628
1.54625,1545,313.1419,289.9074,5,5.191489
1.54627,1546,313.1419,289.911957,5,5.066065
1.54746,1547,313.1419,289.91684,5,5.07697153
1.54929,1548,313.1419,289.9217,5,4.858842
1.54930,1549,313.1419,289.9278,5,5.02789259
1.55055,1550,313.1419,289.932648,5,5.180583
1.55238,1551,313.1419,289.9375,5,5.14241028
1.55240,1552,313.1419,289.9423,5,5.12059736
1.55423,1553,313.1419,289.947418,5,4.88065434
1.55425,1554,313.1419,289.953156,5,5.09878445
1.55548,1555,313.1419,289.957977,5,5.038799
1.55730,1556,313.1419,289.9629,5,5.13150358
1.55732,1557,313.1419,289.967529,5,4.98426628
1.55855,1558,313.1419,289.973755,5,4.92973375
1.56036,1559,313.1419,289.978149,5,5.12059736
1.56037,1560,313.1419,289.983276,5,5.05515862
1.56225,1561,313.1419,289.988,5,5.13150358
1.56227,1562,313.1419,289.993042,5,4.913374
1.56349,1563,313.1419,289.9987,5,5.02789259
1.56530,1564,313.1419,290.003357,5,5.02789259
1.56531,1565,313.1419,290.008575,5,5.109691
1.56656,1566,313.1419,290.0135,5,5.14241028
1.56838,1567,313.1419,290.019,5,5.038799
1.56840,1568,313.1419,290.0241,5,5.191489
1.57024,1569,313.1419,290.02887,5,5.066065
1.57026,1570,313.1419,290.0339,5,5.087878
1.57148,1571,313.1419,290.038757,5,4.95154667
1.57330,1572,313.1419,290.0445,5,5.05515862
1.57333,1573,313.1419,290.049225,5,5.12059736
1.57459,1574,313.1419,290.05426,5,5.066065
1.57636,1575,313.1419,290.059082,5,5.109691
1.57637,1576,313.1419,290.0644,5,4.94064
1.57826,1577,313.1419,290.0698,5,5.109691
1.57828,1578,313.1419,290.074432,5,5.05515862
1.57947,1579,313.1419,290.079742,5,5.12059736
1.58132,1580,313.1419,290.0846,5,5.087878
1.58135,1581,313.1419,290.090149,5,5.05515862
1.58257,1582,313.1419,290.094727,5,5.109691
1.58437,1583,313.1419,290.099762,5,4.98426628
1.58439,1584,313.1419,290.105225,5,5.13150358
1.58626,1585,313.1419,290.1102,5,5.016986
1.58628,1586,313.1419,290.115356,5,5.12059736
1.58748,1587,313.1419,290.11972,5,5.016986
1.58928,1588,313.1419,290.125427,5,4.995173
1.58929,1589,313.1419,290.130768,5,5.14241028
1.59057,1590,313.1419,290.136169,5,5.09878445
1.59238,1591,313.1419,290.140442,5,5.14241028
1.59239,1592,313.1419,290.145,5,4.913374
1.59426,1593,313.1419,290.151062,5,5.02789259
1.59428,1594,313.1419,290.156372,5,5.05515862
1.59551,1595,313.1419,290.1614,5,5.191489
1.59735,1596,313.1419,290.165649,5,5.153317
1.59737,1597,313.1419,290.171082,5,4.891561
1.59857,1598,313.1419,290.176727,5,5.006079
1.60038,1599,313.1419,290.181549,5,4.98426628
1.60039,1600,313.1419,290.186584,5,5.21330261
1.60226,1601,313.1419,290.190765,5,5.038799
1.60228,1602,313.1419,290.196259,5,4.995173
1.60347,1603,313.1419,290.201233,5,5.016986
1.60528,1604,313.1419,290.2067,5,5.02789259
1.60530,1605,313.1419,290.211578,5,5.224209
1.60655,1606,313.1419,290.216248,5,5.016986
1.60838,1607,313.1419,290.221283,5,5.006079
1.60841,1608,313.1419,290.226318,5,4.90246725
1.61028,1609,313.1419,290.232147,5,5.087878
1.61030,1610,313.1419,290.2367,5,5.13150358
1.61145,1611,313.1419,290.241577,5,5.05515862
1.61329,1612,313.1419,290.246216,5,5.016986
1.61331,1613,313.1419,290.251831,5,4.869748
1.61456,1614,313.1419,290.2576,5,5.180583
1.61637,1615,313.1419,290.262177,5,5.153317
1.61638,1616,313.1419,290.267059,5,5.202396
1.61825,1617,313.1419,290.271759,5,5.016986
1.61828,1618,313.1419,290.2778,5,4.995173
1.61946,1619,313.1419,290.2827,5,5.14241028
1.62128,1620,313.1419,290.287537,5,5.087878
1.62129,1621,313.1419,290.29248,5,5.13150358
1.62254,1622,313.1419,290.2978,5,4.90246725
1.62436,1623,313.1419,290.303467,5,5.066065
1.62439,1624,313.1419,290.308136,5,5.087878
1.62627,1625,313.1419,290.313141,5,5.13150358
1.62629,1626,313.1419,290.31778,5,5.05515862
1.62745,1627,313.1419,290.323456,5,4.94064
1.62933,1628,313.1419,290.328766,5,5.09878445
1.62937,1629,313.1419,290.3334,5,5.02789259
1.63055,1630,313.1419,290.3386,5,5.202396
1.63241,1631,313.1419,290.343536,5,5.038799
1.63243,1632,313.1419,290.3492,5,5.12059736
1.63429,1633,313.1419,290.35376,5,5.13150358
1.63436,1634,313.1419,290.358826,5,5.02789259
1.63548,1635,313.1419,290.363617,5,5.066065
1.63730,1636,313.1419,290.3691,5,4.92973375
1.63732,1637,313.1419,290.3744,5,5.13150358
1.63854,1638,313.1419,290.3791,5,5.066065
1.64037,1639,313.1419,290.384155,5,5.109691
1.64038,1640,313.1419,290.388947,5,5.006079
1.64227,1641,313.1419,290.394653,5,5.006079
1.64230,1642,313.1419,290.3994,5,5.09878445
1.64345,1643,313.1419,290.404449,5,5.02789259
1.64547,1644,313.1419,290.409515,5,5.153317
1.64551,1645,313.1419,290.414642,5,4.995173
1.64662,1646,313.1419,290.424377,5,4.995173
1.64843,1647,313.1419,290.429932,5,5.02789259
1.64846,1648,313.1419,290.434937,5,5.09878445
1.65029,1649,313.1419,290.440155,5,5.006079
1.65031,1650,313.1419,290.444733,5,5.13150358
1.65147,1651,313.1419,290.4497,5,4.94064
1.65331,1652,313.1419,290.455566,5,5.109691
1.65333,1653,313.1419,290.460571,5,5.109691
1.65456,1654,313.1419,290.465424,5,5.153317
1.65637,1655,313.1419,290.469635,5,5.05515862
1.65638,1656,313.1419,290.475372,5,4.90246725
1.65827,1657,313.1419,290.4809,5,5.087878
1.65829,1658,313.1419,290.48587,5,5.05515862
1.65946,1659,313.1419,290.49057,5,5.246022
1.66130,1660,313.1419,290.495117,5,4.995173
1.66133,1661,313.1419,290.500854,5,4.95154667
1.66258,1662,313.1419,290.505829,5,4.995173
1.66437,1663,313.1419,290.511169,5,5.07697153
1.66439,1664,313.1419,290.5157,5,5.191489
1.66629,1665,313.1419,290.520782,5,4.96245337
1.66632,1666,313.1419,290.526062,5,5.038799
1.66745,1667,313.1419,290.5311,5,4.97335958
1.66933,1668,313.1419,290.536621,5,5.180583
1.66936,1669,313.1419,290.541046,5,5.13150358
1.67057,1670,313.1419,290.546082,5,4.995173
1.67237,1671,313.1419,290.550964,5,4.97335958
1.67238,1672,313.1419,290.5566,5,4.92973375
1.67427,1673,313.1419,290.5618,5,5.180583
1.67429,1674,313.1419,290.566345,5,5.05515862
1.67546,1675,313.1419,290.571228,5,5.087878
1.67730,1676,313.1419,290.576,5,4.88065434
1.67732,1677,313.1419,290.58252,5,4.98426628
1.67870,1678,313.1419,290.587,5,5.202396
1.68038,1679,313.1419,290.5919,5,5.12059736
1.68041,1680,313.1419,290.5964,5,5.153317
1.68229,1681,313.1419,290.6018,5,4.891561
1.68232,1682,313.1419,290.607574,5,5.07697153
1.68345,1683,313.1419,290.6124,5,5.07697153
1.68530,1684,313.1419,290.61734,5,5.13150358
1.68533,1685,313.1419,290.621643,5,5.02789259
1.68654,1686,313.1419,290.627838,5,4.90246725
1.68837,1687,313.1419,290.632874,5,5.12059736
1.68841,1688,313.1419,290.6377,5,5.05515862
1.69025,1689,313.1419,290.642456,5,5.14241028
1.69028,1690,313.1419,290.6475,5,4.94064
1.69146,1691,313.1419,290.653168,5,5.006079
1.69331,1692,313.1419,290.6578,5,5.038799
1.69334,1693,313.1419,290.6634,5,5.07697153
1.69455,1694,313.1419,290.667877,5,5.153317
1.69639,1695,313.1419,290.6734,5,5.016986
1.69641,1696,313.1419,290.678772,5,5.180583
1.69832,1697,313.1419,290.683563,5,5.066065
1.69834,1698,313.1419,290.6886,5,5.07697153
1.69946,1699,313.1419,290.693481,5,4.98426628
1.70134,1700,313.1419,290.699219,5,5.006079
1.70137,1701,313.1419,290.7039,5,5.13150358
1.70255,1702,313.1419,290.708954,5,5.066065
1.70445,1703,313.1419,290.71344,5,5.109691
1.70448,1704,313.1419,290.71875,5,4.94064
1.70630,1705,313.1419,290.724121,5,5.087878
1.70633,1706,313.1419,290.728821,5,5.038799
1.70746,1707,313.1419,290.734039,5,5.087878
1.70931,1708,313.1419,290.7389,5,5.109691
1.70933,1709,313.1419,290.744415,5,5.016986
1.71057,1710,313.1419,290.749054,5,5.12059736
1.71241,1711,313.1419,290.754,5,4.96245337
1.71244,1712,313.1419,290.75946,5,5.09878445
1.71431,1713,313.1419,290.764374,5,5.02789259
1.71433,1714,313.1419,290.769531,5,5.066065
1.71546,1715,313.1419,290.773956,5,5.05515862
1.71730,1716,313.1419,290.779541,5,4.95154667
1.71734,1717,313.1419,290.784943,5,5.12059736
1.71854,1718,313.1419,290.789978,5,5.07697153
1.72038,1719,313.1419,290.794342,5,5.14241028
1.72040,1720,313.1419,290.799072,5,4.92973375
1.72230,1721,313.1419,290.805145,5,4.98426628
1.72233,1722,313.1419,290.81012,5,5.05515862
1.72346,1723,313.1419,290.8152,5,5.12059736
1.72532,1724,313.1419,290.819458,5,5.180583
1.72534,1725,313.1419,290.8247,5,4.88065434
1.72657,1726,313.1419,290.830139,5,4.98426628
1.72885,1727,313.1419,290.83548,5,4.96245337
1.72891,1728,313.1419,290.8403,5,5.164223
1.73026,1729,313.1419,290.844757,5,5.09878445
1.73028,1730,313.1419,290.8502,5,4.96245337
1.73145,1731,313.1419,290.8552,5,5.02789259
1.73335,1732,313.1419,290.860565,5,4.97335958
1.73342,1733,313.1419,290.8656,5,5.224209
1.73455,1734,313.1419,290.870178,5,5.038799
1.73641,1735,313.1419,290.875275,5,4.995173
1.73645,1736,313.1419,290.8802,5,4.92973375
1.73827,1737,313.1419,290.8861,5,5.006079
1.73829,1738,313.1419,290.890656,5,5.164223
1.73945,1739,313.1419,290.895477,5,5.05515862
1.74134,1740,313.1419,290.900146,5,5.05515862
1.74139,1741,313.1419,290.905548,5,4.82612228
1.74255,1742,313.1419,290.9114,5,5.09878445
1.74440,1743,313.1419,290.920837,5,5.153317
1.74442,1744,313.1419,290.925446,5,5.066065
1.74628,1745,313.1419,290.9317,5,4.90246725
1.74631,1746,313.1419,290.9317,5,4.90246725
1.74747,1747,313.1419,290.941528,5,5.05515862
1.74930,1748,313.1419,290.946228,5,5.153317
1.74932,1749,313.1419,290.950958,5,4.94064
1.75057,1750,313.1419,290.957153,5,4.995173
1.75242,1751,313.1419,290.961823,5,5.109691
1.75244,1752,313.1419,290.966858,5,5.09878445
1.75427,1753,313.1419,290.971436,5,5.12059736
1.75429,1754,313.1419,290.97702,5,4.92973375
1.75546,1755,313.1419,290.982269,5,5.07697153
1.75729,1756,313.1419,290.987061,5,5.016986
1.75731,1757,313.1419,290.992279,5,5.153317
1.75855,1758,313.1419,290.997162,5,5.109691
1.76039,1759,313.1419,291.0029,5,5.07697153
1.76041,1760,313.1419,291.007477,5,5.164223
1.76229,1761,313.1419,291.012482,5,5.02789259
1.76233,1762,313.1419,291.0174,5,5.087878
1.76347,1763,313.1419,291.022644,5,4.913374
1.76533,1764,313.1419,291.028076,5,5.087878
1.76535,1765,313.1419,291.032776,5,5.07697153
1.76656,1766,313.1419,291.037872,5,5.07697153
1.76839,1767,313.1419,291.042572,5,5.05515862
1.76841,1768,313.1419,291.0482,5,4.94064
1.77029,1769,313.1419,291.05307,5,5.109691
1.77033,1770,313.1419,291.057953,5,5.006079
1.77147,1771,313.1419,291.063141,5,5.13150358
1.77330,1772,313.1419,291.0681,5,5.016986
1.77332,1773,313.1419,291.073517,5,5.05515862
1.77455,1774,313.1419,291.0779,5,5.038799
1.77641,1775,313.1419,291.083282,5,4.96245337
1.77644,1776,313.1419,291.0884,5,5.109691
1.77826,1777,313.1419,291.0935,5,4.97335958
1.77828,1778,313.1419,291.0983,5,5.109691
1.77946,1779,313.1419,291.1029,5,4.95154667
1.78132,1780,313.1419,291.1088,5,4.995173
1.78134,1781,313.1419,291.1139,5,5.109691
1.78254,1782,313.1419,291.118835,5,5.07697153
1.78442,1783,313.1419,291.123,5,5.09878445
1.78445,1784,313.1419,291.128326,5,4.858842
1.78626,1785,313.1419,291.1341,5,5.016986
1.78628,1786,313.1419,291.139038,5,5.006079
1.78747,1787,313.1419,291.14386,5,5.180583
1.78933,1788,313.1419,291.1482,5,5.087878
1.78936,1789,313.1419,291.153839,5,4.858842
1.79054,1790,313.1419,291.15918,5,4.98426628
1.79240,1791,313.1419,291.164429,5,4.96245337
1.79242,1792,313.1419,291.1691,5,5.191489
1.79429,1793,313.1419,291.17392,5,4.995173
1.79432,1794,313.1419,291.1793,5,4.97335958
1.79546,1795,313.1419,291.18454,5,4.98426628
1.79730,1796,313.1419,291.1901,5,5.02789259
1.79736,1797,313.1419,291.194641,5,5.202396
1.79855,1798,313.1419,291.199249,5,4.98426628
1.80040,1799,313.1419,291.204437,5,5.006079
1.80042,1800,313.1419,291.209137,5,4.88065434
1.80226,1801,313.1419,291.214783,5,5.07697153
1.80229,1802,313.1419,291.219147,5,5.109691
1.80345,1803,313.1419,291.2241,5,5.02789259
1.80531,1804,313.1419,291.2287,5,4.995173
1.80533,1805,313.1419,291.2346,5,4.82612228
1.80659,1806,313.1419,291.23996,5,5.153317
1.80838,1807,313.1419,291.244965,5,5.12059736
1.80840,1808,313.1419,291.249634,5,5.180583
1.81026,1809,313.1419,291.254578,5,5.006079
1.81028,1810,313.1419,291.26062,5,4.97335958
1.81146,1811,313.1419,291.2653,5,5.14241028
1.81333,1812,313.1419,291.2702,5,5.07697153
1.81336,1813,313.1419,291.2748,5,5.13150358
1.81458,1814,313.1419,291.2803,5,4.90246725
1.81642,1815,313.1419,291.2858,5,5.038799
1.81648,1816,313.1419,291.290436,5,5.07697153
1.81829,1817,313.1419,291.29538,5,5.109691
1.81832,1818,313.1419,291.300079,5,5.038799
1.81947,1819,313.1419,291.305817,5,4.90246725
1.82131,1820,313.1419,291.310638,5,5.07697153
1.82136,1821,313.1419,291.3156,5,4.995173
1.82258,1822,313.1419,291.320679,5,5.153317
1.82440,1823,313.1419,291.325775,5,5.02789259
1.82443,1824,313.1419,291.3313,5,5.07697153
1.82629,1825,313.1419,291.335846,5,5.12059736
1.82632,1826,313.1419,291.340881,5,5.016986
1.82745,1827,313.1419,291.345642,5,5.05515862
1.82932,1828,313.1419,291.351227,5,4.88065434
1.82935,1829,313.1419,291.356323,5,5.09878445
1.83057,1830,313.1419,291.361053,5,5.038799
1.83242,1831,313.1419,291.366058,5,5.066065
1.83246,1832,313.1419,291.37085,5,4.995173
1.83424,1833,313.1419,291.376526,5,4.95154667
1.83426,1834,313.1419,291.3812,5,5.09878445
1.83545,1835,313.1419,291.38623,5,4.995173
1.83729,1836,313.1419,291.3916,5,5.12059736
1.83731,1837,313.1419,291.396423,5,4.97335958
1.83858,1838,313.1419,291.4016,5,5.066065
1.84041,1839,313.1419,291.406036,5,5.006079
1.84044,1840,313.1419,291.41156,5,4.97335958
1.84226,1841,313.1419,291.4165,5,5.087878
1.84230,1842,313.1419,291.4217,5,4.95154667
1.84349,1843,313.1419,291.426239,5,5.09878445
1.84545,1844,313.1419,291.431122,5,4.90246725
1.84552,1845,313.1419,291.441925,5,5.087878
1.84656,1846,313.1419,291.4468,5,5.087878
1.84840,1847,313.1419,291.4509,5,5.066065
1.84842,1848,313.1419,291.456543,5,4.837029
1.85029,1849,313.1419,291.462128,5,5.016986
1.85032,1850,313.1419,291.467041,5,4.995173
1.85152,1851,313.1419,291.471741,5,5.191489
1.85332,1852,313.1419,291.476135,5,5.02789259
1.85337,1853,313.1419,291.481873,5,4.858842
1.85456,1854,313.1419,291.486847,5,4.97335958
1.85639,1855,313.1419,291.492432,5,4.96245337
1.85640,1856,313.1419,291.496674,5,5.191489
1.85828,1857,313.1419,291.501526,5,4.97335958
1.85832,1858,313.1419,291.506866,5,4.96245337
1.85945,1859,313.1419,291.511749,5,4.96245337
1.86132,1860,313.1419,291.517365,5,5.02789259
1.86134,1861,313.1419,291.52182,5,5.164223
1.86256,1862,313.1419,291.526733,5,4.96245337
1.86443,1863,313.1419,291.531555,5,4.98426628
1.86446,1864,313.1419,291.536957,5,4.847935
1.86626,1865,313.1419,291.542419,5,5.066065
1.86628,1866,313.1419,291.5468,5,5.07697153
1.86747,1867,313.1419,291.5517,5,4.995173
1.86930,1868,313.1419,291.5566,5,4.95154667
1.86934,1869,313.1419,291.5622,5,4.798856
1.87058,1870,313.1419,291.567444,5,5.12059736
1.87241,1871,313.1419,291.5721,5,5.07697153
1.87244,1872,313.1419,291.5767,5,5.13150358
1.87425,1873,313.1419,291.58194,5,4.95154667
1.87429,1874,313.1419,291.587524,5,4.891561
1.87548,1875,313.1419,291.5925,5,5.07697153
1.87731,1876,313.1419,291.597321,5,5.006079
1.87733,1877,313.1419,291.601868,5,5.07697153
1.87870,1878,313.1419,291.6072,5,4.837029
1.88043,1879,313.1419,291.612732,5,4.96245337
1.88048,1880,313.1419,291.61734,5,5.016986
1.88231,1881,313.1419,291.6222,5,5.02789259
1.88234,1882,313.1419,291.6268,5,5.006079
1.88347,1883,313.1419,291.632416,5,4.837029
1.88536,1884,313.1419,291.63736,5,5.006079
1.88538,1885,313.1419,291.642181,5,4.95154667
1.88657,1886,313.1419,291.647278,5,5.09878445
1.88842,1887,313.1419,291.652252,5,5.016986
1.88844,1888,313.1419,291.657837,5,5.006079
1.89029,1889,313.1419,291.662354,5,5.12059736
1.89032,1890,313.1419,291.667328,5,4.97335958
1.89144,1891,313.1419,291.672424,5,5.038799
1.89331,1892,313.1419,291.677826,5,4.858842
1.89334,1893,313.1419,291.683044,5,5.02789259
1.89454,1894,313.1419,291.687653,5,5.038799
1.89642,1895,313.1419,291.6927,5,5.006079
1.89644,1896,313.1419,291.697418,5,5.016986
1.89830,1897,313.1419,291.703064,5,4.88065434
1.89833,1898,313.1419,291.707825,5,5.07697153
1.89946,1899,313.1419,291.7131,5,4.98426628
1.90130,1900,313.1419,291.71814,5,5.09878445
1.90132,1901,313.1419,291.723236,5,5.016986
1.90254,1902,313.1419,291.728516,5,5.006079
1.90443,1903,313.1419,291.73233,5,5.05515862
1.90447,1904,313.1419,291.737671,5,4.92973375
1.90630,1905,313.1419,291.7428,5,5.087878
1.90632,1906,313.1419,291.7479,5,4.96245337
1.90746,1907,313.1419,291.752655,5,5.07697153
1.90932,1908,313.1419,291.7573,5,4.97335958
1.90936,1909,313.1419,291.763184,5,4.96245337
1.91054,1910,313.1419,291.76828,5,5.12059736
1.91246,1911,313.1419,291.773315,5,5.07697153
1.91256,1912,313.1419,291.7774,5,5.13150358
1.91426,1913,313.1419,291.7828,5,4.90246725
1.91429,1914,313.1419,291.788574,5,5.016986
1.91552,1915,313.1419,291.793549,5,5.038799
1.91731,1916,313.1419,291.79837,5,5.180583
1.91733,1917,313.1419,291.802734,5,5.13150358
1.91855,1918,313.1419,291.80838,5,4.88065434
1.92041,1919,313.1419,291.813477,5,5.006079
1.92042,1920,313.1419,291.818726,5,4.96245337
1.92230,1921,313.1419,291.8235,5,5.202396
1.92233,1922,313.1419,291.828217,5,5.038799
1.92345,1923,313.1419,291.833649,5,4.98426628
1.92531,1924,313.1419,291.838562,5,5.006079
1.92534,1925,313.1419,291.844147,5,5.006079
1.92654,1926,313.1419,291.8487,5,5.21330261
1.92874,1927,313.1419,291.853638,5,5.006079
1.92888,1928,313.1419,291.8585,5,5.006079
1.93030,1929,313.1419,291.863861,5,4.88065434
1.93032,1930,313.1419,291.8694,5,5.05515862
1.93147,1931,313.1419,291.873779,5,5.109691
1.93346,1932,313.1419,291.878967,5,5.006079
1.93349,1933,313.1419,291.8833,5,4.995173
1.93455,1934,313.1419,291.8892,5,4.798856
1.93643,1935,313.1419,291.894531,5,5.13150358
1.93646,1936,313.1419,291.899475,5,5.109691
1.93827,1937,313.1419,291.9041,5,5.153317
1.93830,1938,313.1419,291.9091,5,5.006079
1.93946,1939,313.1419,291.915039,5,4.90246725
1.94134,1940,313.1419,291.919678,5,5.12059736
1.94136,1941,313.1419,291.924561,5,5.02789259
1.94255,1942,313.1419,291.9291,5,5.109691
1.94438,1943,313.1419,291.9346,5,4.88065434
1.94442,1944,313.1419,291.940063,5,4.97335958
1.94625,1945,313.1419,291.949646,5,5.066065
1.94627,1946,313.1419,291.9543,5,5.066065
1.94747,1947,313.1419,291.96,5,4.869748
1.94933,1948,313.1419,291.964844,5,5.05515862
1.94938,1949,313.1419,291.969818,5,4.995173
1.95056,1950,313.1419,291.9749,5,5.13150358
1.95242,1951,313.1419,291.98,5,5.066065
1.95244,1952,313.1419,291.985535,5,5.05515862
1.95426,1953,313.1419,291.990051,5,5.14241028
1.95428,1954,313.1419,291.995148,5,5.016986
1.95547,1955,313.1419,291.999969,5,5.07697153
1.95733,1956,313.1419,292.005432,5,4.90246725
1.95736,1957,313.1419,292.0106,5,5.07697153
1.95855,1958,313.1419,292.01535,5,5.07697153
1.96039,1959,313.1419,292.020416,5,5.05515862
1.96043,1960,313.1419,292.025146,5,5.02789259
1.96227,1961,313.1419,292.030884,5,4.94064
1.96229,1962,313.1419,292.035553,5,5.109691
1.96348,1963,313.1419,292.040558,5,5.006079
1.96535,1964,313.1419,292.045654,5,5.13150358
1.96539,1965,313.1419,292.0508,5,5.006079
1.96655,1966,313.1419,292.056,5,5.05515862
1.96842,1967,313.1419,292.060425,5,5.038799
1.96845,1968,313.1419,292.065948,5,4.96245337
1.97025,1969,313.1419,292.070923,5,5.09878445
1.97026,1970,313.1419,292.07608,5,4.97335958
1.97146,1971,313.1419,292.0807,5,5.09878445
1.97331,1972,313.1419,292.0856,5,4.95154667
1.97333,1973,313.1419,292.09137,5,4.995173
1.97454,1974,313.1419,292.096375,5,5.09878445
1.97642,1975,313.1419,292.101227,5,5.066065
1.97644,1976,313.1419,292.1054,5,5.09878445
1.97825,1977,313.1419,292.111084,5,4.858842
1.97827,1978,313.1419,292.1166,5,5.016986
1.97946,1979,313.1419,292.121521,5,5.016986
1.98134,1980,313.1419,292.126221,5,5.180583
1.98137,1981,313.1419,292.130676,5,5.087878
1.98255,1982,313.1419,292.1364,5,4.858842
1.98444,1983,313.1419,292.141357,5,4.98426628
1.98448,1984,313.1419,292.146942,5,4.94064
1.98626,1985,313.1419,292.151184,5,5.180583
1.98628,1986,313.1419,292.1561,5,4.995173
1.98745,1987,313.1419,292.161469,5,4.96245337
1.98928,1988,313.1419,292.166718,5,4.97335958
1.98931,1989,313.1419,292.172241,5,5.006079
1.99054,1990,313.1419,292.176361,5,5.191489
1.99240,1991,313.1419,292.181641,5,4.98426628
1.99242,1992,313.1419,292.186432,5,4.98426628
1.99424,1993,313.1419,292.192,5,4.869748
1.99426,1994,313.1419,292.1973,5,5.05515862
1.99547,1995,313.1419,292.2017,5,5.087878
1.99735,1996,313.1419,292.2066,5,5.006079
1.99739,1997,313.1419,292.2116,5,4.97335958
1.99856,1998,313.1419,292.217682,5,4.78794956
2.00040,1999,313.1419,292.222626,5,5.12059736
2.00044,2000,313.1419,292.2274,5,5.09878445
2.00226,2001,313.1419,292.231934,5,5.13150358
2.00228,2002,313.1419,292.237122,5,4.98426628
2.00349,2003,313.1419,292.242645,5,4.90246725
2.00529,2004,313.1419,292.247253,5,5.109691
2.00532,2005,313.1419,292.252136,5,5.02789259
2.00657,2006,313.1419,292.256653,5,5.109691
2.00841,2007,313.1419,292.262177,5,4.858842
2.00844,2008,313.1419,292.267517,5,4.96245337
2.01024,2009,313.1419,292.272156,5,5.02789259
2.01025,2010,313.1419,292.276978,5,5.02789259
2.01145,2011,313.1419,292.281616,5,5.016986
2.01327,2012,313.1419,292.287354,5,4.82612228
2.01330,2013,313.1419,292.292084,5,5.006079
2.01455,2014,313.1419,292.297058,5,4.95154667
2.01643,2015,313.1419,292.302124,5,5.09878445
2.01646,2016,313.1419,292.307159,5,5.02789259
2.01826,2017,313.1419,292.312653,5,4.995173
2.01828,2018,313.1419,292.317169,5,5.12059736
2.01946,2019,313.1419,292.3222,5,4.98426628
2.02130,2020,313.1419,292.327026,5,5.05515862
2.02131,2021,313.1419,292.332458,5,4.88065434
2.02255,2022,313.1419,292.337646,5,5.038799
2.02438,2023,313.1419,292.342377,5,5.066065
2.02440,2024,313.1419,292.3474,5,5.038799
2.02626,2025,313.1419,292.3522,5,5.05515862
2.02627,2026,313.1419,292.35788,5,4.92973375
2.02749,2027,313.1419,292.362579,5,5.109691
2.02930,2028,313.1419,292.3676,5,5.016986
2.02934,2029,313.1419,292.3727,5,5.12059736
2.03055,2030,313.1419,292.377838,5,5.038799
2.03239,2031,313.1419,292.3831,5,5.038799
2.03241,2032,313.1419,292.387482,5,5.066065
2.03430,2033,313.1419,292.393066,5,4.96245337
2.03433,2034,313.1419,292.398041,5,5.09878445
2.03549,2035,313.1419,292.4033,5,4.98426628
2.03739,2036,313.1419,292.407837,5,5.109691
2.03741,2037,313.1419,292.41275,5,4.98426628
2.03859,2038,313.1419,292.418579,5,4.995173
2.04038,2039,313.1419,292.4236,5,5.12059736
2.04041,2040,313.1419,292.4285,5,5.087878
2.04225,2041,313.1419,292.432617,5,5.12059736
2.04226,2042,313.1419,292.438354,5,4.88065434
2.04348,2043,313.1419,292.448822,5,5.02789259
2.04547,2044,313.1419,292.453522,5,5.180583
2.04550,2045,313.1419,292.458,5,5.12059736
2.04657,2046,313.1419,292.463745,5,4.88065434
2.04843,2047,313.1419,292.46875,5,4.995173
2.04845,2048,313.1419,292.47403,5,4.97335958
2.05024,2049,313.1419,292.478577,5,5.191489
2.05026,2050,313.1419,292.483551,5,5.016986
2.05147,2051,313.1419,292.488861,5,4.98426628
2.05328,2052,313.1419,292.4939,5,4.995173
2.05330,2053,313.1419,292.4997,5,5.02789259
2.05456,2054,313.1419,292.5039,5,5.21330261
2.05639,2055,313.1419,292.50882,5,4.995173
2.05641,2056,313.1419,292.5137,5,5.006079
2.05826,2057,313.1419,292.519318,5,4.88065434
2.05828,2058,313.1419,292.524628,5,5.07697153
2.05948,2059,313.1419,292.529053,5,5.12059736
2.06134,2060,313.1419,292.533966,5,5.038799
2.06137,2061,313.1419,292.5387,5,4.995173
2.06255,2062,313.1419,292.5448,5,4.837029
2.06439,2063,313.1419,292.550079,5,5.153317
2.06441,2064,313.1419,292.5549,5,5.12059736
2.06627,2065,313.1419,292.559448,5,5.180583
2.06629,2066,313.1419,292.5648,5,4.995173
2.06746,2067,313.1419,292.570557,5,4.94064
2.06928,2068,313.1419,292.5751,5,5.12059736
2.06929,2069,313.1419,292.580017,5,5.05515862
2.07056,2070,313.1419,292.5846,5,5.12059736
2.07237,2071,313.1419,292.590363,5,4.891561
2.07240,2072,313.1419,292.595581,5,5.016986
2.07424,2073,313.1419,292.6003,5,5.07697153
2.07426,2074,313.1419,292.6051,5,5.09878445
2.07546,2075,313.1419,292.610016,5,5.05515862
2.07728,2076,313.1419,292.615723,5,4.913374
2.07730,2077,313.1419,292.620361,5,5.07697153
2.07870,2078,313.1419,292.6256,5,5.006079
2.08040,2079,313.1419,292.630463,5,5.164223
2.08044,2080,313.1419,292.635864,5,5.038799
2.08226,2081,313.1419,292.641083,5,5.07697153
2.08228,2082,313.1419,292.645721,5,5.13150358
2.08358,2083,313.1419,292.650848,5,5.016986
2.08530,2084,313.1419,292.6556,5,5.066065
2.08533,2085,313.1419,292.661255,5,4.891561
2.08659,2086,313.1419,292.666138,5,5.109691
2.08837,2087,313.1419,292.671082,5,5.066065
2.08838,2088,313.1419,292.6759,5,5.087878
2.09026,2089,313.1419,292.68103,5,5.02789259
2.09027,2090,313.1419,292.6869,5,4.97335958
2.09148,2091,313.1419,292.6915,5,5.109691
2.09329,2092,313.1419,292.6964,5,5.016986
2.09330,2093,313.1419,292.70166,5,5.13150358
2.09458,2094,313.1419,292.707062,5,5.006079
2.09640,2095,313.1419,292.7118,5,5.07697153
2.09642,2096,313.1419,292.716583,5,5.016986
2.09828,2097,313.1419,292.722076,5,4.995173
2.09831,2098,313.1419,292.727051,5,5.109691
2.09947,2099,313.1419,292.732544,5,4.97335958
2.10131,2100,313.1419,292.736877,5,5.12059736
2.10134,2101,313.1419,292.7424,5,4.92973375
2.10255,2102,313.1419,292.747253,5,5.038799
2.10439,2103,313.1419,292.752258,5,5.109691
2.10442,2104,313.1419,292.7568,5,5.109691
2.10626,2105,313.1419,292.76123,5,5.066065
2.10627,2106,313.1419,292.7672,5,4.858842
2.10746,2107,313.1419,292.772339,5,5.02789259
2.10928,2108,313.1419,292.777374,5,5.006079
2.10930,2109,313.1419,292.781769,5,5.191489
2.11057,2110,313.1419,292.7866,5,5.006079
2.11238,2111,313.1419,292.7922,5,4.858842
2.11240,2112,313.1419,292.797119,5,4.97335958
2.11427,2113,313.1419,292.802429,5,4.97335958
2.11429,2114,313.1419,292.806763,5,5.191489
2.11547,2115,313.1419,292.812,5,4.96245337
2.11729,2116,313.1419,292.817139,5,4.97335958
2.11730,2117,313.1419,292.8223,5,4.96245337
2.11855,2118,313.1419,292.8276,5,5.066065
2.12037,2119,313.1419,292.832123,5,5.180583
2.12039,2120,313.1419,292.837158,5,4.97335958
2.12226,2121,313.1419,292.841949,5,4.995173
2.12228,2122,313.1419,292.847748,5,4.869748
2.12345,2123,313.1419,292.852936,5,5.09878445
2.12528,2124,313.1419,292.8573,5,5.07697153
2.12529,2125,313.1419,292.8621,5,5.02789259
2.12655,2126,313.1419,292.867,5,4.95154667
2.12878,2127,313.1419,292.873444,5,4.858842
2.12888,2128,313.1419,292.878143,5,5.191489
2.13026,2129,313.1419,292.883026,5,5.12059736
2.13027,2130,313.1419,292.8875,5,5.164223
2.13147,2131,313.1419,292.8932,5,4.95154667
2.13330,2132,313.1419,292.898651,5,4.97335958
2.13331,2133,313.1419,292.903259,5,5.109691
2.13455,2134,313.1419,292.908142,5,5.07697153
2.13636,2135,313.1419,292.912842,5,5.109691
2.13639,2136,313.1419,292.918732,5,4.869748
2.13826,2137,313.1419,292.9236,5,5.066065
2.13828,2138,313.1419,292.928528,5,5.066065
2.13949,2139,313.1419,292.933228,5,5.13150358
2.14128,2140,313.1419,292.9384,5,5.016986
2.14130,2141,313.1419,292.94397,5,4.94064
2.14254,2142,313.1419,292.9486,5,5.07697153
2.14436,2143,313.1419,292.953827,5,5.016986
2.14437,2144,313.1419,292.958679,5,5.180583
2.14626,2145,313.1419,292.969177,5,5.12059736
2.14630,2146,313.1419,292.973938,5,5.109691
2.14747,2147,313.1419,292.979034,5,5.038799
2.14930,2148,313.1419,292.983856,5,5.038799
2.14933,2149,313.1419,292.989624,5,4.913374
2.15055,2150,313.1419,292.9943,5,5.13150358
2.15243,2151,313.1419,292.999329,5,5.05515862
2.15245,2152,313.1419,293.0041,5,5.09878445
2.15428,2153,313.1419,293.00943,5,4.98426628
2.15431,2154,313.1419,293.01474,5,4.98426628
2.15545,2155,313.1419,293.019348,5,5.087878
2.15728,2156,313.1419,293.024658,5,5.016986
2.15731,2157,313.1419,293.029419,5,5.14241028
2.15856,2158,313.1419,293.035,5,4.97335958
2.16039,2159,313.1419,293.039581,5,5.087878
2.16040,2160,313.1419,293.0446,5,4.98426628
2.16239,2161,313.1419,293.05,5,5.006079
2.16246,2162,313.1419,293.054871,5,5.07697153
2.16347,2163,313.1419,293.060028,5,4.98426628
2.16529,2164,313.1419,293.0644,5,5.109691
2.16532,2165,313.1419,293.07,5,4.90246725
2.16653,2166,313.1419,293.0754,5,5.07697153
2.16842,2167,313.1419,293.080444,5,5.087878
2.16845,2168,313.1419,293.084778,5,5.12059736
2.17027,2169,313.1419,293.0895,5,5.038799
2.17031,2170,313.1419,293.095551,5,4.869748
2.17146,2171,313.1419,293.100525,5,5.05515862
2.17331,2172,313.1419,293.105621,5,5.02789259
2.17333,2173,313.1419,293.109833,5,5.224209
2.17453,2174,313.1419,293.115082,5,4.98426628
2.17638,2175,313.1419,293.1205,5,4.913374
2.17640,2176,313.1419,293.125549,5,4.98426628
2.17828,2177,313.1419,293.130676,5,5.02789259
2.17831,2178,313.1419,293.135132,5,5.191489
2.17949,2179,313.1419,293.140533,5,4.95154667
2.18130,2180,313.1419,293.1455,5,5.016986
2.18135,2181,313.1419,293.15094,5,4.95154667
2.18257,2182,313.1419,293.1559,5,5.13150358
2.18440,2183,313.1419,293.160553,5,5.14241028
2.18442,2184,313.1419,293.165527,5,4.98426628
2.18626,2185,313.1419,293.170837,5,4.97335958
2.18629,2186,313.1419,293.176361,5,4.891561
2.18745,2187,313.1419,293.1809,5,5.14241028
2.18931,2188,313.1419,293.18573,5,5.05515862
2.18935,2189,313.1419,293.190674,5,5.05515862
2.19054,2190,313.1419,293.196167,5,4.90246725
2.19239,2191,313.1419,293.201965,5,4.913374
2.19240,2192,313.1419,293.2065,5,5.202396
2.19429,2193,313.1419,293.211365,5,5.09878445
2.19432,2194,313.1419,293.215973,5,5.153317
2.19546,2195,313.1419,293.221863,5,4.90246725
2.19731,2196,313.1419,293.227234,5,5.016986
2.19737,2197,313.1419,293.231934,5,5.07697153
2.19854,2198,313.1419,293.2366,5,5.087878
2.20038,2199,313.1419,293.241669,5,5.05515862
2.20041,2200,313.1419,293.247467,5,4.858842
2.20229,2201,313.1419,293.252136,5,5.07697153
2.20233,2202,313.1419,293.256836,5,5.02789259
2.20346,2203,313.1419,293.2614,5,5.12059736
2.20533,2204,313.1419,293.266846,5,4.96245337
2.20537,2205,313.1419,293.272217,5,4.96245337
2.20663,2206,313.1419,293.276978,5,5.07697153
2.20838,2207,313.1419,293.282257,5,5.05515862
2.20839,2208,313.1419,293.2872,5,5.21330261
2.21028,2209,313.1419,293.29303,5,5.07697153
2.21031,2210,313.1419,293.2978,5,5.23511553
2.21147,2211,313.1419,293.302856,5,5.164223
2.21329,2212,313.1419,293.307861,5,5.153317
2.21331,2213,313.1419,293.3133,5,5.109691
2.21454,2214,313.1419,293.318726,5,5.087878
2.21640,2215,313.1419,293.323456,5,5.224209
2.21643,2216,313.1419,293.328644,5,5.13150358
2.21829,2217,313.1419,293.333435,5,5.180583
2.21832,2218,313.1419,293.339172,5,5.006079
2.21945,2219,313.1419,293.344025,5,5.13150358
2.22129,2220,313.1419,293.34906,5,5.087878
2.22130,2221,313.1419,293.354156,5,5.12059736
2.22256,2222,313.1419,293.359283,5,5.13150358
2.22439,2223,313.1419,293.3646,5,5.02789259
2.22443,2224,313.1419,293.369,5,5.12059736
2.22628,2225,313.1419,293.3745,5,4.97335958
2.22630,2226,313.1419,293.379517,5,5.109691
2.22748,2227,313.1419,293.3847,5,5.02789259
2.22934,2228,313.1419,293.3893,5,5.066065
2.22940,2229,313.1419,293.394135,5,5.02789259
2.23056,2230,313.1419,293.399963,5,4.92973375
2.23239,2231,313.1419,293.404968,5,5.109691
2.23241,2232,313.1419,293.409821,5,5.05515862
2.23431,2233,313.1419,293.41394,5,5.12059736
2.23433,2234,313.1419,293.4195,5,4.891561
2.23546,2235,313.1419,293.425049,5,4.92973375
2.23733,2236,313.1419,293.43,5,5.006079
2.23736,2237,313.1419,293.4347,5,5.07697153
2.23855,2238,313.1419,293.439026,5,5.14241028
2.24038,2239,313.1419,293.4447,5,4.82612228
2.24039,2240,313.1419,293.449677,5,4.92973375
2.24228,2241,313.1419,293.454865,5,4.913374
2.24232,2242,313.1419,293.464233,5,5.066065
2.24345,2243,313.1419,293.469666,5,4.891561
2.24549,2244,313.1419,293.474518,5,4.98426628
2.24554,2245,313.1419,293.4801,5,4.90246725
2.24656,2246,313.1419,293.48465,5,5.164223
2.24846,2247,313.1419,293.489838,5,5.038799
2.24850,2248,313.1419,293.4944,5,4.96245337
2.25028,2249,313.1419,293.5001,5,4.92973375
2.25031,2250,313.1419,293.505585,5,4.95154667
2.25146,2251,313.1419,293.509949,5,5.153317
2.25334,2252,313.1419,293.514954,5,5.02789259
2.25337,2253,313.1419,293.5195,5,5.05515862
2.25455,2254,313.1419,293.5255,5,4.82612228
2.25641,2255,313.1419,293.530731,5,5.016986
2.25643,2256,313.1419,293.5354,5,5.164223
2.25829,2257,313.1419,293.54007,5,5.12059736
2.25831,2258,313.1419,293.545044,5,5.09878445
2.25945,2259,313.1419,293.551,5,4.869748
2.26132,2260,313.1419,293.5556,5,5.07697153
2.26135,2261,313.1419,293.560516,5,5.02789259
2.26260,2262,313.1419,293.565063,5,5.109691
2.26442,2263,313.1419,293.570526,5,4.96245337
2.26447,2264,313.1419,293.576019,5,4.90246725
2.26627,2265,313.1419,293.5806,5,5.09878445
2.26631,2266,313.1419,293.585571,5,5.02789259
2.26746,2267,313.1419,293.590179,5,5.09878445
2.26932,2268,313.1419,293.595856,5,4.88065434
2.26935,2269,313.1419,293.600739,5,4.98426628
2.27056,2270,313.1419,293.6057,5,4.995173
2.27242,2271,313.1419,293.610779,5,5.05515862
2.27244,2272,313.1419,293.6158,5,5.109691
2.27427,2273,313.1419,293.621338,5,4.97335958
2.27429,2274,313.1419,293.6259,5,5.153317
2.27545,2275,313.1419,293.63092,5,5.02789259
2.27732,2276,313.1419,293.635651,5,5.05515862
2.27735,2277,313.1419,293.641174,5,4.92973375
2.27875,2278,313.1419,293.646362,5,4.97335958
2.28040,2279,313.1419,293.651031,5,5.09878445
2.28042,2280,313.1419,293.6561,5,5.02789259
2.28230,2281,313.1419,293.6608,5,5.087878
2.28233,2282,313.1419,293.666473,5,4.891561
2.28346,2283,313.1419,293.6712,5,5.05515862
2.28536,2284,313.1419,293.676239,5,5.006079
2.28539,2285,313.1419,293.6813,5,5.05515862
2.28655,2286,313.1419,293.6864,5,5.087878
2.28840,2287,313.1419,293.69165,5,4.98426628
2.28843,2288,313.1419,293.696045,5,5.09878445
2.29029,2289,313.1419,293.701874,5,4.92973375
2.29032,2290,313.1419,293.706818,5,5.07697153
2.29147,2291,313.1419,293.7117,5,5.006079
2.29331,2292,313.1419,293.716583,5,5.02789259
2.29334,2293,313.1419,293.721466,5,5.038799
2.29455,2294,313.1419,293.727264,5,4.891561
2.29640,2295,313.1419,293.732574,5,5.05515862
2.29643,2296,313.1419,293.7374,5,5.13150358
2.29828,2297,313.1419,293.7416,5,4.94064
2.29832,2298,313.1419,293.746918,5,4.94064
2.29945,2299,313.1419,293.7528,5,5.038799
2.30135,2300,313.1419,293.757141,5,5.087878
2.30139,2301,313.1419,293.762665,5,5.191489
2.30256,2302,313.1419,293.766266,5,5.191489
2.30443,2303,313.1419,293.7719,5,4.891561
2.30445,2304,313.1419,293.776947,5,4.95154667
2.30631,2305,313.1419,293.7822,5,4.95154667
2.30634,2306,313.1419,293.786835,5,5.109691
2.30746,2307,313.1419,293.791565,5,5.09878445
2.30933,2308,313.1419,293.796967,5,4.90246725
2.30935,2309,313.1419,293.801849,5,4.995173
2.31054,2310,313.1419,293.807373,5,4.90246725
2.31248,2311,313.1419,293.81192,5,5.153317
2.31258,2312,313.1419,293.8167,5,5.02789259
2.31428,2313,313.1419,293.821869,5,4.92973375
2.31431,2314,313.1419,293.8272,5,4.891561
2.31549,2315,313.1419,293.832428,5,4.88065434
2.31731,2316,313.1419,293.837036,5,5.13150358
2.31738,2317,313.1419,293.841949,5,4.995173
2.31855,2318,313.1419,293.846466,5,5.016986
2.32044,2319,313.1419,293.8524,5,4.78794956
2.32047,2320,313.1419,293.857635,5,4.94064
2.32227,2321,313.1419,293.862885,5,5.07697153
2.32230,2322,313.1419,293.8669,5,5.07697153
2.32348,2323,313.1419,293.871765,5,5.087878
2.32534,2324,313.1419,293.877777,5,4.837029
2.32538,2325,313.1419,293.882446,5,5.02789259
2.32654,2326,313.1419,293.8873,5,5.02789259
2.32880,2327,313.1419,293.891846,5,5.087878
2.32885,2328,313.1419,293.8972,5,4.995173
2.33032,2329,313.1419,293.902771,5,4.858842
2.33034,2330,313.1419,293.907379,5,5.07697153
2.33147,2331,313.1419,293.9123,5,5.016986
2.33330,2332,313.1419,293.91687,5,5.109691
2.33333,2333,313.1419,293.922516,5,4.90246725
2.33455,2334,313.1419,293.927521,5,4.94064
2.33641,2335,313.1419,293.932281,5,5.006079
2.33645,2336,313.1419,293.937469,5,5.006079
2.33828,2337,313.1419,293.942352,5,5.13150358
2.33830,2338,313.1419,293.947968,5,4.95154667
2.33945,2339,313.1419,293.952545,5,5.12059736
2.34132,2340,313.1419,293.95755,5,5.038799
2.34134,2341,313.1419,293.9623,5,5.006079
2.34255,2342,313.1419,293.967651,5,4.96245337
2.34440,2343,313.1419,293.972961,5,4.92973375
2.34442,2344,313.1419,293.97757,5,5.087878
2.34628,2345,313.1419,293.982666,5,5.006079
2.34630,2346,313.1419,293.9873,5,5.07697153
2.34749,2347,313.1419,293.9929,5,4.891561
2.34931,2348,313.1419,293.997772,5,4.995173
2.34934,2349,313.1419,294.007721,5,4.97335958
2.35057,2350,313.1419,294.012543,5,5.07697153
2.35243,2351,313.1419,294.018,5,4.90246725
2.35247,2352,313.1419,294.022278,5,5.066065
2.35429,2353,313.1419,294.027557,5,4.90246725
2.35432,2354,313.1419,294.032654,5,4.97335958
2.35545,2355,313.1419,294.03775,5,5.016986
2.35731,2356,313.1419,294.042572,5,4.94064
2.35733,2357,313.1419,294.047,5,5.05515862
2.35855,2358,313.1419,294.052765,5,4.847935
2.36042,2359,313.1419,294.0579,5,5.02789259
2.36045,2360,313.1419,294.062866,5,5.02789259
2.36228,2361,313.1419,294.067047,5,5.07697153
2.36229,2362,313.1419,294.072021,5,4.97335958
2.36347,2363,313.1419,294.077881,5,4.798856
2.36535,2364,313.1419,294.0828,5,4.995173
2.36537,2365,313.1419,294.087769,5,4.97335958
2.36654,2366,313.1419,294.091949,5,5.180583
2.36843,2367,313.1419,294.097351,5,4.95154667
2.36846,2368,313.1419,294.1026,5,4.858842
2.37029,2369,313.1419,294.107635,5,4.95154667
2.37031,2370,313.1419,294.112671,5,4.97335958
2.37145,2371,313.1419,294.1171,5,5.164223
2.37332,2372,313.1419,294.1225,5,4.92973375
2.37340,2373,313.1419,294.127441,5,4.96245337
2.37461,2374,313.1419,294.133179,5,5.066065
2.37641,2375,313.1419,294.138031,5,5.13150358
2.37643,2376,313.1419,294.142639,5,4.95154667
2.37829,2377,313.1419,294.147339,5,4.95154667
2.37831,2378,313.1419,294.152222,5,4.95154667
2.37950,2379,313.1419,294.15802,5,4.837029
2.38133,2380,313.1419,294.163116,5,5.038799
2.38137,2381,313.1419,294.167664,5,5.006079
2.38254,2382,313.1419,294.1723,5,4.913374
2.38440,2383,313.1419,294.177765,5,4.837029
2.38441,2384,313.1419,294.183563,5,5.164223
2.38630,2385,313.1419,294.1881,5,5.109691
2.38634,2386,313.1419,294.193,5,5.164223
2.38746,2387,313.1419,294.197571,5,4.95154667
2.38933,2388,313.1419,294.2035,5,4.97335958
2.38936,2389,313.1419,294.208527,5,5.09878445
2.39055,2390,313.1419,294.213562,5,5.05515862
2.39241,2391,313.1419,294.218231,5,5.087878
2.39243,2392,313.1419,294.223267,5,4.847935
2.39427,2393,313.1419,294.229065,5,5.038799
2.39429,2394,313.1419,294.233734,5,5.038799
2.39549,2395,313.1419,294.238678,5,5.09878445
2.39731,2396,313.1419,294.243561,5,4.995173
2.39736,2397,313.1419,294.2491,5,4.90246725
2.39856,2398,313.1419,294.2542,5,5.05515862
2.40041,2399,313.1419,294.258972,5,4.98426628
2.40044,2400,313.1419,294.2642,5,5.14241028
2.40231,2401,313.1419,294.269,5,4.995173
2.40234,2402,313.1419,294.274658,5,5.087878
2.40345,2403,313.1419,294.2793,5,5.09878445
2.40534,2404,313.1419,294.284241,5,5.006079
2.40536,2405,313.1419,294.289124,5,5.038799
2.40655,2406,313.1419,294.2943,5,4.88065434
2.40842,2407,313.1419,294.2995,5,5.09878445
2.40846,2408,313.1419,294.3041,5,5.02789259
2.41030,2409,313.1419,294.309174,5,5.066065
2.41034,2410,313.1419,294.313843,5,4.98426628
2.41150,2411,313.1419,294.319366,5,4.94064
2.41331,2412,313.1419,294.3244,5,5.07697153
2.41334,2413,313.1419,294.3291,5,4.97335958
2.41454,2414,313.1419,294.334381,5,5.12059736
2.41643,2415,313.1419,294.3392,5,4.96245337
2.41645,2416,313.1419,294.3447,5,5.066065
2.41831,2417,313.1419,294.34906,5,4.995173
2.41834,2418,313.1419,294.3543,5,4.96245337
2.41946,2419,313.1419,294.359558,5,5.087878
2.42129,2420,313.1419,294.3646,5,4.96245337
2.42131,2421,313.1419,294.369537,5,5.09878445
2.42258,2422,313.1419,294.373962,5,4.913374
2.42439,2423,313.1419,294.3797,5,5.016986
2.42441,2424,313.1419,294.3849,5,5.07697153
2.42631,2425,313.1419,294.389923,5,5.087878
2.42635,2426,313.1419,294.394165,5,5.066065
2.42747,2427,313.1419,294.39917,5,4.847935
2.42933,2428,313.1419,294.4051,5,5.02789259
2.42935,2429,313.1419,294.41,5,5.016986
2.43055,2430,313.1419,294.415039,5,5.202396
2.43241,2431,313.1419,294.41922,5,5.02789259
2.43245,2432,313.1419,294.424652,5,4.88065434
2.43427,2433,313.1419,294.429962,5,4.98426628
2.43430,2434,313.1419,294.435028,5,4.97335958
2.43547,2435,313.1419,294.440033,5,5.191489
2.43733,2436,313.1419,294.4445,5,4.96245337
2.43735,2437,313.1419,294.449951,5,4.98426628
2.43854,2438,313.1419,294.454865,5,4.96245337
2.44044,2439,313.1419,294.4604,5,5.05515862
2.44048,2440,313.1419,294.4652,5,5.191489
2.44234,2441,313.1419,294.4699,5,4.97335958
2.44237,2442,313.1419,294.4799,5,4.858842
2.44346,2443,313.1419,294.4799,5,4.858842
2.44553,2444,313.1419,294.485657,5,5.087878
2.44561,2445,313.1419,294.490173,5,5.07697153
2.44659,2446,313.1419,294.499634,5,4.95154667
2.44843,2447,313.1419,294.505219,5,4.847935
2.44847,2448,313.1419,294.510956,5,5.180583
2.45029,2449,313.1419,294.5155,5,5.12059736
2.45031,2450,313.1419,294.520355,5,5.180583
2.45149,2451,313.1419,294.524963,5,4.95154667
2.45332,2452,313.1419,294.5309,5,4.97335958
2.45335,2453,313.1419,294.535919,5,5.09878445
2.45457,2454,313.1419,294.540649,5,5.066065
2.45640,2455,313.1419,294.545349,5,5.09878445
2.45643,2456,313.1419,294.550354,5,4.847935
2.45832,2457,313.1419,294.556122,5,5.02789259
2.45835,2458,313.1419,294.5608,5,5.02789259
2.45946,2459,313.1419,294.5658,5,5.09878445
2.46132,2460,313.1419,294.5703,5,5.006079
2.46135,2461,313.1419,294.575836,5,4.90246725
2.46255,2462,313.1419,294.581055,5,5.05515862
2.46440,2463,313.1419,294.585754,5,4.98426628
2.46445,2464,313.1419,294.591,5,5.153317
2.46628,2465,313.1419,294.595825,5,5.006079
2.46630,2466,313.1419,294.601471,5,5.07697153
2.46747,2467,313.1419,294.60614,5,5.109691
2.46933,2468,313.1419,294.611053,5,5.006079
2.46935,2469,313.1419,294.615936,5,5.02789259
2.47054,2470,313.1419,294.621033,5,4.869748
2.47240,2471,313.1419,294.6266,5,5.087878
2.47242,2472,313.1419,294.6312,5,5.02789259
2.47430,2473,313.1419,294.63623,5,5.066065
2.47432,2474,313.1419,294.64093,5,4.98426628
2.47545,2475,313.1419,294.646423,5,4.95154667
2.47731,2476,313.1419,294.6515,5,5.087878
2.47733,2477,313.1419,294.656219,5,4.98426628
2.47867,2478,313.1419,294.661469,5,5.12059736
2.48041,2479,313.1419,294.666321,5,4.96245337
2.48046,2480,313.1419,294.671783,5,5.05515862
2.48228,2481,313.1419,294.676178,5,4.995173
2.48230,2482,313.1419,294.681427,5,4.96245337
2.48349,2483,313.1419,294.686676,5,5.087878
2.48532,2484,313.1419,294.6917,5,4.96245337
2.48534,2485,313.1419,294.696625,5,5.109691
2.48654,2486,313.1419,294.70108,5,4.913374
2.48843,2487,313.1419,294.707245,5,5.016986
2.48845,2488,313.1419,294.712341,5,5.087878
2.49030,2489,313.1419,294.7174,5,5.087878
2.49035,2490,313.1419,294.7216,5,5.066065
2.49148,2491,313.1419,294.726685,5,4.847935
2.49332,2492,313.1419,294.732574,5,5.02789259
2.49337,2493,313.1419,294.737457,5,5.006079
2.49458,2494,313.1419,294.742432,5,5.191489
2.49641,2495,313.1419,294.746979,5,5.038799
2.49644,2496,313.1419,294.752472,5,4.869748
2.49829,2497,313.1419,294.7577,5,4.97335958
2.49833,2498,313.1419,294.762878,5,4.98426628
2.49946,2499,313.1419,294.7677,5,5.191489
2.50129,2500,313.1419,294.771637,5,4.98426628
2.50131,2501,313.1419,294.777069,5,4.98426628
2.50255,2502,313.1419,294.782623,5,4.96245337
2.50445,2503,313.1419,294.787842,5,5.05515862
2.50448,2504,313.1419,294.792328,5,5.164223
2.50626,2505,313.1419,294.797028,5,4.97335958
2.50627,2506,313.1419,294.802277,5,4.98426628
2.50746,2507,313.1419,294.807373,5,4.869748
2.50931,2508,313.1419,294.813141,5,5.087878
2.50935,2509,313.1419,294.8176,5,5.07697153
2.51056,2510,313.1419,294.822449,5,5.02789259
2.51243,2511,313.1419,294.827057,5,4.95154667
2.51248,2512,313.1419,294.832642,5,4.837029
2.51426,2513,313.1419,294.838348,5,5.164223
2.51428,2514,313.1419,294.842926,5,5.109691
2.51549,2515,313.1419,294.847748,5,5.164223
2.51730,2516,313.1419,294.8524,5,4.96245337
2.51733,2517,313.1419,294.8583,5,4.95154667
2.51856,2518,313.1419,294.863281,5,5.09878445
2.52045,2519,313.1419,294.868042,5,5.05515862
2.52049,2520,313.1419,294.872681,5,5.09878445
2.52225,2521,313.1419,294.877777,5,4.858842
2.52227,2522,313.1419,294.8835,5,5.016986
2.52348,2523,313.1419,294.888184,5,5.05515862
2.52532,2524,313.1419,294.8932,5,5.09878445
2.52533,2525,313.1419,294.897736,5,5.016986
2.52656,2526,313.1419,294.903259,5,4.90246725
2.52878,2527,313.1419,294.908478,5,5.066065
2.52883,2528,313.1419,294.9132,5,4.98426628
2.53028,2529,313.1419,294.9185,5,5.164223
2.53031,2530,313.1419,294.923248,5,5.016986
2.53146,2531,313.1419,294.928925,5,5.087878
2.53328,2532,313.1419,294.933563,5,5.109691
2.53329,2533,313.1419,294.9385,5,4.995173
2.53458,2534,313.1419,294.9434,5,5.05515862
2.53640,2535,313.1419,294.948578,5,4.88065434
2.53646,2536,313.1419,294.9541,5,5.109691
2.53827,2537,313.1419,294.95874,5,5.05515862
2.53829,2538,313.1419,294.963776,5,5.066065
2.53947,2539,313.1419,294.968475,5,4.995173
2.54127,2540,313.1419,294.97403,5,4.95154667
2.54129,2541,313.1419,294.979034,5,5.087878
2.54255,2542,313.1419,294.9838,5,4.995173
2.54440,2543,313.1419,294.993927,5,4.97335958
2.54443,2544,313.1419,294.9994,5,5.066065
2.54629,2545,313.1419,295.003754,5,5.006079
2.54631,2546,313.1419,295.009064,5,4.98426628
2.54746,2547,313.1419,295.014252,5,5.09878445
2.54930,2548,313.1419,295.019348,5,4.97335958
2.54932,2549,313.1419,295.024231,5,5.12059736
2.55056,2550,313.1419,295.028717,5,4.913374
2.55241,2551,313.1419,295.034576,5,5.038799
2.55244,2552,313.1419,295.039734,5,5.09878445
2.55427,2553,313.1419,295.044739,5,5.109691
2.55429,2554,313.1419,295.04892,5,5.066065
2.55546,2555,313.1419,295.054047,5,4.858842
2.55728,2556,313.1419,295.059937,5,5.038799
2.55729,2557,313.1419,295.06488,5,5.006079
2.55854,2558,313.1419,295.0698,5,5.202396
2.56041,2559,313.1419,295.074036,5,5.02789259
2.56044,2560,313.1419,295.0796,5,4.88065434
2.56229,2561,313.1419,295.084778,5,4.98426628
2.56232,2562,313.1419,295.089935,5,4.995173
2.56351,2563,313.1419,295.094849,5,5.202396
2.56529,2564,313.1419,295.0994,5,4.97335958
2.56531,2565,313.1419,295.1049,5,4.995173
2.56654,2566,313.1419,295.1101,5,4.97335958
2.56838,2567,313.1419,295.115662,5,5.07697153
2.56839,2568,313.1419,295.120056,5,5.180583
2.57027,2569,313.1419,295.125122,5,4.97335958
2.57029,2570,313.1419,295.13,5,4.98426628
2.57146,2571,313.1419,295.135284,5,4.869748
2.57329,2572,313.1419,295.14093,5,5.109691
2.57330,2573,313.1419,295.145355,5,5.066065
2.57455,2574,313.1419,295.150238,5,5.02789259
2.57639,2575,313.1419,295.154846,5,4.94064
2.57642,2576,313.1419,295.1606,5,4.858842
2.57826,2577,313.1419,295.1661,5,5.180583
2.57828,2578,313.1419,295.170746,5,5.109691
2.57947,2579,313.1419,295.175446,5,5.164223
2.58129,2580,313.1419,295.1802,5,4.94064
2.58131,2581,313.1419,295.186218,5,4.97335958
2.58255,2582,313.1419,295.19104,5,5.087878
2.58439,2583,313.1419,295.1958,5,5.066065
2.58441,2584,313.1419,295.2004,5,5.087878
2.58625,2585,313.1419,295.2057,5,4.847935
2.58626,2586,313.1419,295.211365,5,5.038799
2.58749,2587,313.1419,295.215973,5,5.02789259
2.58928,2588,313.1419,295.220947,5,5.109691
2.58930,2589,313.1419,295.225555,5,5.016986
2.59056,2590,313.1419,295.231171,5,4.90246725
2.59238,2591,313.1419,295.236481,5,5.07697153
2.59241,2592,313.1419,295.2414,5,4.995173
2.59426,2593,313.1419,295.246521,5,5.164223
2.59428,2594,313.1419,295.2515,5,5.006079
2.59547,2595,313.1419,295.2571,5,5.09878445
2.59730,2596,313.1419,295.261658,5,5.109691
2.59732,2597,313.1419,295.267029,5,5.016986
2.59855,2598,313.1419,295.27182,5,5.05515862
2.60040,2599,313.1419,295.277344,5,4.913374
2.60043,2600,313.1419,295.2825,5,5.109691
2.60228,2601,313.1419,295.2872,5,5.038799
2.60231,2602,313.1419,295.2917,5,5.087878
2.60347,2603,313.1419,295.296356,5,4.97335958
2.60528,2604,313.1419,295.302063,5,4.97335958
2.60529,2605,313.1419,295.306854,5,5.087878
2.60657,2606,313.1419,295.311768,5,5.006079
2.60838,2607,313.1419,295.316864,5,5.13150358
2.60839,2608,313.1419,295.322174,5,4.95154667
2.61026,2609,313.1419,295.3272,5,5.05515862
2.61027,2610,313.1419,295.331482,5,4.96245337
2.61146,2611,313.1419,295.336884,5,4.95154667
2.61331,2612,313.1419,295.34198,5,5.05515862
2.61333,2613,313.1419,295.347076,5,4.95154667
2.61457,2614,313.1419,295.351837,5,5.087878
2.61640,2615,313.1419,295.3564,5,4.891561
2.61642,2616,313.1419,295.362274,5,5.016986
2.61827,2617,313.1419,295.3673,5,5.05515862
2.61829,2618,313.1419,295.372284,5,5.07697153
2.61948,2619,313.1419,295.3764,5,5.02789259
2.62130,2620,313.1419,295.381653,5,4.837029
2.62133,2621,313.1419,295.387421,5,5.016986
2.62255,2622,313.1419,295.392365,5,4.995173
2.62437,2623,313.1419,295.3972,5,5.191489
2.62439,2624,313.1419,295.40152,5,5.016986
2.62626,2625,313.1419,295.407074,5,4.869748
2.62628,2626,313.1419,295.412231,5,4.97335958
2.62749,2627,313.1419,295.4177,5,4.98426628
2.62931,2628,313.1419,295.4225,5,5.191489
2.62933,2629,313.1419,295.427155,5,4.96245337
2.63057,2630,313.1419,295.432617,5,4.995173
2.63239,2631,313.1419,295.4372,5,4.96245337
2.63241,2632,313.1419,295.442749,5,5.07697153
2.63432,2633,313.1419,295.4477,5,5.180583
2.63434,2634,313.1419,295.4525,5,4.97335958
2.63548,2635,313.1419,295.457428,5,4.995173
2.63729,2636,313.1419,295.4627,5,4.869748
2.63731,2637,313.1419,295.468353,5,5.09878445
2.63855,2638,313.1419,295.472748,5,5.07697153
2.64039,2639,313.1419,295.477661,5,5.02789259
2.64042,2640,313.1419,295.482239,5,4.94064
2.64227,2641,313.1419,295.4881,5,4.847935
2.64229,2642,313.1419,295.4935,5,5.180583
2.64347,2643,313.1419,295.498138,5,5.09878445
2.64550,2644,313.1419,295.502838,5,5.164223
2.64553,2645,313.1419,295.513641,5,4.95154667
2.64661,2646,313.1419,295.518372,5,5.087878
2.64840,2647,313.1419,295.523224,5,5.05515862
2.64842,2648,313.1419,295.527771,5,5.087878
2.65028,2649,313.1419,295.533081,5,4.847935
2.65029,2650,313.1419,295.538727,5,5.02789259
2.65147,2651,313.1419,295.5433,5,5.02789259
2.65329,2652,313.1419,295.548248,5,5.087878
2.65330,2653,313.1419,295.552856,5,4.995173
2.65453,2654,313.1419,295.558441,5,4.88065434
2.65638,2655,313.1419,295.563446,5,5.05515862
2.65641,2656,313.1419,295.5683,5,4.98426628
2.65828,2657,313.1419,295.57373,5,5.14241028
2.65831,2658,313.1419,295.578369,5,5.006079
2.65946,2659,313.1419,295.584,5,5.07697153
2.66129,2660,313.1419,295.5885,5,5.09878445
2.66130,2661,313.1419,295.5935,5,4.995173
2.66258,2662,313.1419,295.598358,5,5.02789259
2.66440,2663,313.1419,295.603668,5,4.869748
2.66442,2664,313.1419,295.609,5,5.087878
2.66633,2665,313.1419,295.6137,5,5.038799
2.66636,2666,313.1419,295.618744,5,5.066065
2.66748,2667,313.1419,295.623474,5,4.995173
2.66929,2668,313.1419,295.6291,5,4.96245337
2.66931,2669,313.1419,295.6339,5,5.087878
2.67057,2670,313.1419,295.638824,5,4.995173
2.67240,2671,313.1419,295.643982,5,5.13150358
2.67243,2672,313.1419,295.6489,5,4.97335958
2.67427,2673,313.1419,295.654327,5,5.066065
2.67428,2674,313.1419,295.6587,5,5.006079
2.67546,2675,313.1419,295.664124,5,4.97335958
2.67731,2676,313.1419,295.66925,5,5.09878445
2.67734,2677,313.1419,295.674316,5,4.96245337
2.67875,2678,313.1419,295.679047,5,5.109691
2.68041,2679,313.1419,295.6837,5,4.913374
2.68043,2680,313.1419,295.689545,5,5.016986
2.68224,2681,313.1419,295.69458,5,5.087878
2.68227,2682,313.1419,295.699615,5,5.087878
2.68346,2683,313.1419,295.7037,5,5.066065
2.68528,2684,313.1419,295.709076,5,4.847935
2.68531,2685,313.1419,295.714783,5,5.02789259
2.68653,2686,313.1419,295.719727,5,5.006079
2.68837,2687,313.1419,295.7246,5,5.191489
2.68839,2688,313.1419,295.7289,5,5.02789259
2.69029,2689,313.1419,295.734528,5,4.869748
2.69033,2690,313.1419,295.739563,5,4.97335958
2.69147,2691,313.1419,295.745117,5,4.97335958
2.69333,2692,313.1419,295.749847,5,5.191489
2.69335,2693,313.1419,295.754883,5,4.97335958
2.69455,2694,313.1419,295.760284,5,4.98426628
2.69638,2695,313.1419,295.764862,5,4.96245337
2.69644,2696,313.1419,295.770782,5,5.038799
2.69831,2697,313.1419,295.775269,5,5.164223
2.69835,2698,313.1419,295.780151,5,4.97335958
2.69948,2699,313.1419,295.785034,5,4.98426628
2.70130,2700,313.1419,295.790436,5,4.858842
2.70134,2701,313.1419,295.795929,5,5.087878
2.70254,2702,313.1419,295.800018,5,5.066065
2.70439,2703,313.1419,295.804932,5,5.016986
2.70441,2704,313.1419,295.8095,5,4.95154667
2.70631,2705,313.1419,295.815369,5,4.837029
2.70635,2706,313.1419,295.82074,5,5.153317
2.70747,2707,313.1419,295.825348,5,5.09878445
2.70933,2708,313.1419,295.83,5,5.14241028
2.70936,2709,313.1419,295.834747,5,4.92973375
2.71056,2710,313.1419,295.8407,5,4.90246725
2.71239,2711,313.1419,295.845428,5,5.05515862
2.71241,2712,313.1419,295.8502,5,4.995173
2.71432,2713,313.1419,295.854736,5,5.05515862
2.71435,2714,313.1419,295.859924,5,4.798856
2.71547,2715,313.1419,295.86554,5,4.96245337
2.71731,2716,313.1419,295.870148,5,5.006079
2.71734,2717,313.1419,295.875061,5,5.038799
2.71854,2718,313.1419,295.8796,5,4.995173
2.72039,2719,313.1419,295.885162,5,4.837029
2.72040,2720,313.1419,295.890228,5,5.02789259
2.72231,2721,313.1419,295.895,5,4.96245337
2.72234,2722,313.1419,295.900177,5,5.109691
2.72347,2723,313.1419,295.905,5,5.016986
2.72531,2724,313.1419,295.910645,5,5.016986
2.72532,2725,313.1419,295.915222,5,5.109691
2.72655,2726,313.1419,295.9202,5,4.98426628
2.72872,2727,313.1419,295.925018,5,5.05515862
2.72876,2728,313.1419,295.9302,5,4.869748
2.73028,2729,313.1419,295.9357,5,5.05515862
2.73031,2730,313.1419,295.940277,5,5.02789259
2.73148,2731,313.1419,295.945374,5,5.02789259
2.73330,2732,313.1419,295.950043,5,5.016986
2.73331,2733,313.1419,295.9556,5,4.90246725
2.73457,2734,313.1419,295.960571,5,5.087878
2.73638,2735,313.1419,295.965363,5,4.995173
2.73640,2736,313.1419,295.970551,5,5.109691
2.73833,2737,313.1419,295.975433,5,4.995173
2.73837,2738,313.1419,295.980927,5,5.016986
2.73946,2739,313.1419,295.98526,5,5.02789259
2.74132,2740,313.1419,295.9905,5,4.92973375
2.74136,2741,313.1419,295.995758,5,5.087878
2.74254,2742,313.1419,296.000732,5,4.95154667
2.74440,2743,313.1419,296.010132,5,4.96245337
2.74443,2744,313.1419,296.01593,5,4.96245337
2.74622,2745,313.1419,296.0211,5,5.09878445
2.74626,2746,313.1419,296.026123,5,5.05515862
2.74747,2747,313.1419,296.0303,5,5.09878445
2.74933,2748,313.1419,296.035339,5,4.858842
2.74937,2749,313.1419,296.041229,5,4.98426628
2.75055,2750,313.1419,296.0462,5,5.006079
2.75238,2751,313.1419,296.051147,5,5.14241028
2.75239,2752,313.1419,296.055664,5,5.109691
2.75430,2753,313.1419,296.06076,5,4.847935
2.75433,2754,313.1419,296.066071,5,4.97335958
2.75546,2755,313.1419,296.071167,5,4.94064
2.75732,2756,313.1419,296.07663,5,5.164223
2.75735,2757,313.1419,296.0809,5,5.016986
2.75854,2758,313.1419,296.086365,5,4.96245337
2.76042,2759,313.1419,296.091248,5,4.98426628
2.76044,2760,313.1419,296.0968,5,4.98426628
2.76223,2761,313.1419,296.101563,5,5.202396
2.76225,2762,313.1419,296.1063,5,4.995173
2.76346,2763,313.1419,296.111176,5,4.98426628
2.76533,2764,313.1419,296.116333,5,4.88065434
2.76537,2765,313.1419,296.12204,5,5.016986
2.76655,2766,313.1419,296.126465,5,5.12059736
2.76837,2767,313.1419,296.1314,5,5.016986
2.76838,2768,313.1419,296.135956,5,4.995173
2.77027,2769,313.1419,296.141632,5,4.798856
2.77029,2770,313.1419,296.147247,5,5.109691
2.77148,2771,313.1419,296.151764,5,5.109691
2.77332,2772,313.1419,296.156555,5,5.14241028
2.77335,2773,313.1419,296.161224,5,5.006079
2.77459,2774,313.1419,296.167175,5,4.88065434
2.77640,2775,313.1419,296.1721,5,5.109691
2.77643,2776,313.1419,296.176849,5,5.016986
2.77822,2777,313.1419,296.181519,5,5.12059736
2.77825,2778,313.1419,296.186584,5,4.88065434
2.77947,2779,313.1419,296.192352,5,4.95154667
2.78134,2780,313.1419,296.197,5,5.066065
2.78137,2781,313.1419,296.201935,5,5.038799
2.78255,2782,313.1419,296.206482,5,5.066065
2.78438,2783,313.1419,296.211945,5,4.858842
2.78440,2784,313.1419,296.2172,5,5.02789259
2.78623,2785,313.1419,296.2219,5,4.97335958
2.78627,2786,313.1419,296.227142,5,5.109691
2.78746,2787,313.1419,296.2319,5,5.066065
2.78931,2788,313.1419,296.237579,5,5.006079
2.78933,2789,313.1419,296.242249,5,5.14241028
2.79055,2790,313.1419,296.247467,5,4.995173
2.79239,2791,313.1419,296.252,5,5.05515862
2.79241,2792,313.1419,296.2571,5,4.88065434
2.79422,2793,313.1419,296.263,5,5.02789259
2.79423,2794,313.1419,296.267578,5,5.05515862
2.79549,2795,313.1419,296.272919,5,5.016986
2.79746,2796,313.1419,296.277618,5,5.038799
2.79749,2797,313.1419,296.282837,5,4.891561
2.79855,2798,313.1419,296.287842,5,5.07697153
2.80042,2799,313.1419,296.292572,5,4.995173
2.80045,2800,313.1419,296.2981,5,5.07697153
2.80222,2801,313.1419,296.302338,5,5.016986
2.80225,2802,313.1419,296.307831,5,4.995173
2.80348,2803,313.1419,296.312256,5,5.05515862
2.80533,2804,313.1419,296.317444,5,4.92973375
2.80538,2805,313.1419,296.322723,5,5.087878
2.80654,2806,313.1419,296.327759,5,4.97335958
2.80840,2807,313.1419,296.332672,5,5.07697153
2.80842,2808,313.1419,296.337128,5,4.98426628
2.81022,2809,313.1419,296.3429,5,4.95154667
2.81024,2810,313.1419,296.348083,5,5.09878445
2.81149,2811,313.1419,296.353149,5,5.05515862
2.81336,2812,313.1419,296.3573,5,5.109691
2.81343,2813,313.1419,296.362274,5,4.869748
2.81456,2814,313.1419,296.3682,5,4.97335958
2.81642,2815,313.1419,296.373169,5,5.006079
2.81644,2816,313.1419,296.378662,5,5.12059736
2.81824,2817,313.1419,296.382355,5,5.13150358
2.81828,2818,313.1419,296.387726,5,4.847935
2.81946,2819,313.1419,296.393,5,4.95154667
2.82134,2820,313.1419,296.398071,5,4.92973375
2.82139,2821,313.1419,296.403046,5,5.14241028
2.82254,2822,313.1419,296.4075,5,5.038799
2.82442,2823,313.1419,296.4133,5,4.94064
2.82445,2824,313.1419,296.418182,5,4.98426628
2.82624,2825,313.1419,296.423645,5,4.95154667
2.82627,2826,313.1419,296.428436,5,5.191489
2.82744,2827,313.1419,296.433075,5,4.995173
2.82931,2828,313.1419,296.438049,5,4.96245337
2.82933,2829,313.1419,296.443054,5,4.88065434
2.83067,2830,313.1419,296.448822,5,4.96245337
2.83239,2831,313.1419,296.453278,5,5.13150358
2.83241,2832,313.1419,296.45813,5,4.995173
2.83422,2833,313.1419,296.462677,5,4.995173
2.83424,2834,313.1419,296.46814,5,4.76613665
2.83546,2835,313.1419,296.473877,5,5.02789259
2.83733,2836,313.1419,296.4784,5,5.109691
2.83736,2837,313.1419,296.483246,5,5.09878445
2.83856,2838,313.1419,296.487732,5,5.02789259
2.84040,2839,313.1419,296.493622,5,4.82612228
2.84042,2840,313.1419,296.4987,5,5.066065
2.84222,2841,313.1419,296.503357,5,4.995173
2.84225,2842,313.1419,296.508026,5,5.09878445
2.84349,2843,313.1419,296.5129,5,4.913374
2.84559,2844,313.1419,296.523438,5,5.066065
2.84565,2845,313.1419,296.52832,5,5.006079
2.84657,2846,313.1419,296.532867,5,5.066065
2.84844,2847,313.1419,296.538147,5,4.847935
2.84849,2848,313.1419,296.543579,5,4.96245337
2.85020,2849,313.1419,296.548126,5,4.96245337
2.85024,2850,313.1419,296.553284,5,5.016986
2.85145,2851,313.1419,296.558075,5,5.07697153
2.85332,2852,313.1419,296.563629,5,4.92973375
2.85335,2853,313.1419,296.568481,5,5.12059736
2.85456,2854,313.1419,296.5732,5,4.995173
2.85640,2855,313.1419,296.578217,5,5.006079
2.85642,2856,313.1419,296.583,5,4.90246725
2.85824,2857,313.1419,296.588684,5,4.913374
2.85826,2858,313.1419,296.593323,5,5.066065
2.85947,2859,313.1419,296.598267,5,4.98426628
2.86131,2860,313.1419,296.603027,5,5.066065
2.86133,2861,313.1419,296.608246,5,4.88065434
2.86256,2862,313.1419,296.613617,5,5.016986
2.86443,2863,313.1419,296.618164,5,5.006079
2.86449,2864,313.1419,296.623352,5,4.995173
2.86625,2865,313.1419,296.628235,5,5.07697153
2.86628,2866,313.1419,296.633636,5,4.92973375
2.86748,2867,313.1419,296.6383,5,5.07697153
2.86932,2868,313.1419,296.643066,5,4.92973375
2.86935,2869,313.1419,296.648529,5,5.016986
2.87054,2870,313.1419,296.6534,5,5.006079
2.87241,2871,313.1419,296.6586,5,4.97335958
2.87244,2872,313.1419,296.662872,5,5.05515862
2.87422,2873,313.1419,296.668274,5,4.869748
2.87424,2874,313.1419,296.6738,5,5.07697153
2.87546,2875,313.1419,296.6791,5,5.038799
2.87732,2876,313.1419,296.683258,5,5.109691
2.87735,2877,313.1419,296.6877,5,4.96245337
2.87867,2878,313.1419,296.693726,5,4.858842
2.88039,2879,313.1419,296.699127,5,5.02789259
2.88041,2880,313.1419,296.7038,5,5.016986
2.88223,2881,313.1419,296.70816,5,5.202396
2.88225,2882,313.1419,296.7131,5,4.913374
2.88348,2883,313.1419,296.718964,5,4.90246725
2.88530,2884,313.1419,296.7239,5,4.94064
2.88532,2885,313.1419,296.729156,5,5.038799
2.88654,2886,313.1419,296.733459,5,5.14241028
2.88842,2887,313.1419,296.7388,5,4.913374
2.88845,2888,313.1419,296.743835,5,4.995173
2.89023,2889,313.1419,296.749084,5,4.92973375
2.89025,2890,313.1419,296.754333,5,5.12059736
2.89150,2891,313.1419,296.759064,5,5.09878445
2.89335,2892,313.1419,296.7641,5,4.95154667
2.89338,2893,313.1419,296.768951,5,4.95154667
2.89455,2894,313.1419,296.7748,5,4.88065434
2.89641,2895,313.1419,296.7798,5,5.14241028
2.89644,2896,313.1419,296.78418,5,5.02789259
2.89824,2897,313.1419,296.7889,5,5.038799
2.89828,2898,313.1419,296.794,5,4.858842
2.89947,2899,313.1419,296.800049,5,4.913374
2.90134,2900,313.1419,296.804626,5,5.164223
2.90136,2901,313.1419,296.8095,5,5.087878
2.90256,2902,313.1419,296.8137,5,5.13150358
2.90439,2903,313.1419,296.8192,5,4.869748
2.90441,2904,313.1419,296.8248,5,5.006079
2.90625,2905,313.1419,296.829285,5,5.038799
2.90627,2906,313.1419,296.8341,5,5.066065
2.90750,2907,313.1419,296.838654,5,5.006079
2.90934,2908,313.1419,296.8444,5,4.798856
2.90936,2909,313.1419,296.849365,5,5.016986
2.91054,2910,313.1419,296.854034,5,4.95154667
2.91240,2911,313.1419,296.858734,5,5.038799
2.91244,2912,313.1419,296.863556,5,4.88065434
2.91424,2913,313.1419,296.869232,5,4.837029
2.91426,2914,313.1419,296.873779,5,4.98426628
2.91546,2915,313.1419,296.878845,5,4.913374
2.91738,2916,313.1419,296.883728,5,5.087878
2.91741,2917,313.1419,296.888947,5,4.913374
2.91855,2918,313.1419,296.894226,5,5.038799
2.92042,2919,313.1419,296.898743,5,5.038799
2.92044,2920,313.1419,296.903778,5,4.96245337
2.92223,2921,313.1419,296.908478,5,4.995173
2.92226,2922,313.1419,296.914063,5,4.847935
2.92345,2923,313.1419,296.919037,5,5.07697153
2.92534,2924,313.1419,296.923828,5,5.006079
2.92538,2925,313.1419,296.928772,5,5.038799
2.92653,2926,313.1419,296.933655,5,4.96245337
2.92881,2927,313.1419,296.93927,5,4.92973375
2.92889,2928,313.1419,296.943878,5,5.07697153
2.93026,2929,313.1419,296.948975,5,4.98426628
2.93031,2930,313.1419,296.953949,5,5.12059736
2.93149,2931,313.1419,296.959167,5,4.96245337
2.93334,2932,313.1419,296.964233,5,5.05515862
2.93337,2933,313.1419,296.968719,5,5.006079
2.93456,2934,313.1419,296.974274,5,4.97335958
2.93642,2935,313.1419,296.979248,5,5.087878
2.93646,2936,313.1419,296.984467,5,4.96245337
2.93829,2937,313.1419,296.988922,5,5.109691
2.93832,2938,313.1419,296.993927,5,4.92973375
2.93950,2939,313.1419,296.999664,5,5.02789259
2.94131,2940,313.1419,297.0047,5,5.09878445
2.94134,2941,313.1419,297.0095,5,5.09878445
2.94253,2942,313.1419,297.01944,5,4.858842
2.94440,2943,313.1419,297.025146,5,5.02789259
2.94442,2944,313.1419,297.025146,5,5.02789259
2.94626,2945,313.1419,297.034454,5,5.202396
2.94631,2946,313.1419,297.039,5,5.02789259
2.94755,2947,313.1419,297.045,5,4.869748
2.94932,2948,313.1419,297.0499,5,4.96245337
2.94935,2949,313.1419,297.0552,5,4.96245337
2.95054,2950,313.1419,297.059631,5,5.180583
2.95240,2951,313.1419,297.064667,5,4.95154667
2.95244,2952,313.1419,297.069977,5,4.97335958
2.95426,2953,313.1419,297.0749,5,4.95154667
2.95429,2954,313.1419,297.080383,5,5.02789259
2.95547,2955,313.1419,297.0848,5,5.164223
2.95733,2956,313.1419,297.089783,5,4.95154667
2.95736,2957,313.1419,297.094543,5,4.96245337
2.95858,2958,313.1419,297.100159,5,4.837029
2.96043,2959,313.1419,297.105377,5,5.066065
2.96047,2960,313.1419,297.1098,5,5.066065
2.96226,2961,313.1419,297.1147,5,4.995173
2.96231,2962,313.1419,297.1194,5,4.94064
2.96360,2963,313.1419,297.1254,5,4.798856
2.96535,2964,313.1419,297.130371,5,5.13150358
2.96539,2965,313.1419,297.135132,5,5.09878445
2.96654,2966,313.1419,297.139679,5,5.153317
2.96844,2967,313.1419,297.144867,5,4.95154667
2.96848,2968,313.1419,297.150665,5,4.92973375
2.97024,2969,313.1419,297.1552,5,5.09878445
2.97028,2970,313.1419,297.160156,5,5.02789259
2.97146,2971,313.1419,297.1647,5,5.087878
2.97332,2972,313.1419,297.170258,5,4.847935
2.97335,2973,313.1419,297.1756,5,4.98426628
2.97454,2974,313.1419,297.180267,5,5.02789259
2.97640,2975,313.1419,297.1851,5,5.066065
2.97642,2976,313.1419,297.1898,5,5.016986
2.97821,2977,313.1419,297.195526,5,4.869748
2.97825,2978,313.1419,297.2003,5,5.038799
2.97946,2979,313.1419,297.205322,5,4.97335958
2.98130,2980,313.1419,297.210358,5,5.13150358
2.98133,2981,313.1419,297.215454,5,5.016986
2.98254,2982,313.1419,297.220917,5,5.05515862
2.98441,2983,313.1419,297.225464,5,5.12059736
2.98446,2984,313.1419,297.23053,5,4.995173
2.98621,2985,313.1419,297.23526,5,5.05515862
2.98623,2986,313.1419,297.240784,5,4.869748
2.98745,2987,313.1419,297.2459,5,5.066065
2.98935,2988,313.1419,297.250641,5,5.038799
2.98938,2989,313.1419,297.255646,5,5.038799
2.99054,2990,313.1419,297.260742,5,5.006079
2.99239,2991,313.1419,297.2664,5,4.92973375
2.99242,2992,313.1419,297.271027,5,5.087878
2.99421,2993,313.1419,297.276123,5,5.006079
2.99423,2994,313.1419,297.281128,5,5.109691
2.99551,2995,313.1419,297.286316,5,5.006079
2.99734,2996,313.1419,297.291718,5,5.038799
2.99738,2997,313.1419,297.296234,5,5.016986
2.99855,2998,313.1419,297.3018,5,4.95154667
3.00040,2999,313.1419,297.3061,5,5.087878
3.00042,3000,313.1419,297.311249,5,4.96245337
3.00219,3001,313.1419,297.3158,5,5.09878445
3.00220,3002,313.1419,297.3207,5,4.94064
3.00348,3003,313.1419,297.3265,5,4.98426628
3.00535,3004,313.1419,297.331818,5,5.09878445
3.00538,3005,313.1419,297.3363,5,5.05515862
3.00654,3006,313.1419,297.340729,5,5.07697153
3.00840,3007,313.1419,297.346375,5,4.82612228
3.00842,3008,313.1419,297.351837,5,4.97335958
3.01020,3009,313.1419,297.3564,5,4.97335958
3.01022,3010,313.1419,297.361359,5,5.13150358
3.01146,3011,313.1419,297.3658,5,5.05515862
3.01329,3012,313.1419,297.3715,5,4.798856
3.01331,3013,313.1419,297.3764,5,4.94064
3.01455,3014,313.1419,297.381653,5,4.913374
3.01641,3015,313.1419,297.3862,5,5.153317
3.01645,3016,313.1419,297.391022,5,4.98426628
3.01820,3017,313.1419,297.3964,5,4.92973375
3.01821,3018,313.1419,297.4013,5,4.96245337
3.01948,3019,313.1419,297.40686,5,4.96245337
3.02129,3020,313.1419,297.411316,5,5.191489
3.02133,3021,313.1419,297.41626,5,4.98426628
3.02256,3022,313.1419,297.4211,5,4.97335958
3.02442,3023,313.1419,297.4265,5,4.869748
3.02445,3024,313.1419,297.43222,5,5.016986
3.02619,3025,313.1419,297.43634,5,5.109691
3.02621,3026,313.1419,297.441284,5,5.006079
3.02750,3027,313.1419,297.445831,5,4.995173
3.02929,3028,313.1419,297.451843,5,4.78794956
3.02931,3029,313.1419,297.457062,5,5.09878445
3.03057,3030,313.1419,297.461761,5,5.12059736
3.03242,3031,313.1419,297.46637,5,5.14241028
3.03246,3032,313.1419,297.471375,5,5.016986
3.03421,3033,313.1419,297.477325,5,4.891561
3.03422,3034,313.1419,297.481934,5,5.109691
3.03547,3035,313.1419,297.486877,5,5.02789259
3.03729,3036,313.1419,297.491425,5,5.13150358
3.03730,3037,313.1419,297.4969,5,4.90246725
3.03854,3038,313.1419,297.50235,5,4.98426628
3.04041,3039,313.1419,297.50705,5,5.07697153
3.04045,3040,313.1419,297.511932,5,5.07697153
3.04220,3041,313.1419,297.516632,5,5.07697153
3.04221,3042,313.1419,297.527161,5,5.038799
3.04348,3043,313.1419,297.532166,5,4.98426628
3.04546,3044,313.1419,297.537231,5,5.12059736
3.04551,3045,313.1419,297.542267,5,5.066065
3.04656,3046,313.1419,297.54776,5,5.016986
3.04843,3047,313.1419,297.5523,5,5.13150358
3.04846,3048,313.1419,297.557343,5,4.995173
3.05022,3049,313.1419,297.562073,5,5.038799
3.05023,3050,313.1419,297.5675,5,4.869748
3.05149,3051,313.1419,297.5727,5,5.02789259
3.05329,3052,313.1419,297.577362,5,5.05515862
3.05331,3053,313.1419,297.582733,5,5.016986
3.05456,3054,313.1419,297.587158,5,5.038799
3.05640,3055,313.1419,297.592834,5,4.891561
3.05644,3056,313.1419,297.597534,5,5.087878
3.05820,3057,313.1419,297.602539,5,4.995173
3.05823,3058,313.1419,297.6076,5,5.087878
3.05949,3059,313.1419,297.612671,5,5.02789259
3.06130,3060,313.1419,297.61795,5,5.006079
3.06132,3061,313.1419,297.622284,5,5.05515862
3.06256,3062,313.1419,297.6278,5,4.92973375
3.06445,3063,313.1419,297.6328,5,5.087878
3.06449,3064,313.1419,297.63797,5,4.97335958
3.06620,3065,313.1419,297.642639,5,5.07697153
3.06622,3066,313.1419,297.6474,5,4.97335958
3.06751,3067,313.1419,297.653229,5,4.95154667
3.06929,3068,313.1419,297.658264,5,5.09878445
3.06930,3069,313.1419,297.663147,5,5.05515862
3.07059,3070,313.1419,297.667328,5,5.12059736
3.07238,3071,313.1419,297.672821,5,4.88065434
3.07241,3072,313.1419,297.6785,5,4.98426628
3.07419,3073,313.1419,297.683716,5,5.016986
3.07421,3074,313.1419,297.688446,5,5.14241028
3.07549,3075,313.1419,297.692871,5,5.14241028
3.07732,3076,313.1419,297.698578,5,4.858842
3.07733,3077,313.1419,297.703522,5,4.98426628
3.07873,3078,313.1419,297.708862,5,4.95154667
3.08039,3079,313.1419,297.71344,5,5.180583
3.08040,3080,313.1419,297.718323,5,5.05515862
3.08220,3081,313.1419,297.723663,5,4.95154667
3.08221,3082,313.1419,297.728638,5,5.006079
3.08349,3083,313.1419,297.7345,5,4.96245337
3.08529,3084,313.1419,297.738647,5,5.202396
3.08532,3085,313.1419,297.743561,5,5.006079
3.08655,3086,313.1419,297.748383,5,4.98426628
3.08837,3087,313.1419,297.753845,5,4.88065434
3.08838,3088,313.1419,297.7593,5,5.006079
3.09020,3089,313.1419,297.7637,5,5.12059736
3.09022,3090,313.1419,297.768616,5,5.016986
3.09148,3091,313.1419,297.773224,5,5.006079
3.09330,3092,313.1419,297.7796,5,4.78794956
3.09331,3093,313.1419,297.784668,5,5.087878
3.09455,3094,313.1419,297.789368,5,5.12059736
3.09637,3095,313.1419,297.793976,5,5.14241028
3.09640,3096,313.1419,297.799042,5,5.02789259
3.09821,3097,313.1419,297.804932,5,4.88065434
3.09823,3098,313.1419,297.80954,5,5.109691
3.09947,3099,313.1419,297.814453,5,5.02789259
3.10128,3100,313.1419,297.81897,5,5.12059736
3.10130,3101,313.1419,297.824158,5,4.90246725
3.10274,3102,313.1419,297.82962,5,4.95154667
3.10438,3103,313.1419,297.83432,5,5.07697153
3.10441,3104,313.1419,297.8392,5,5.05515862
3.10620,3105,313.1419,297.8438,5,5.087878
3.10621,3106,313.1419,297.849548,5,4.869748
3.10746,3107,313.1419,297.8544,5,5.02789259
3.10929,3108,313.1419,297.859344,5,4.98426628
3.10931,3109,313.1419,297.8644,5,5.09878445
3.11055,3110,313.1419,297.869446,5,5.07697153
3.11240,3111,313.1419,297.874969,5,5.006079
3.11243,3112,313.1419,297.879517,5,5.14241028
3.11421,3113,313.1419,297.884521,5,5.016986
3.11423,3114,313.1419,297.889343,5,5.05515862
3.11547,3115,313.1419,297.894775,5,4.90246725
3.11729,3116,313.1419,297.899963,5,5.038799
3.11730,3117,313.1419,297.9047,5,5.05515862
3.11857,3118,313.1419,297.909729,5,5.02789259
3.12036,3119,313.1419,297.9145,5,5.05515862
3.12038,3120,313.1419,297.920135,5,4.891561
3.12219,3121,313.1419,297.924866,5,5.087878
3.12220,3122,313.1419,297.92984,5,4.995173
3.12345,3123,313.1419,297.93515,5,5.087878
3.12530,3124,313.1419,297.939972,5,5.038799
3.12532,3125,313.1419,297.945221,5,4.995173
3.12659,3126,313.1419,297.949615,5,5.066065
3.12880,3127,313.1419,297.955078,5,4.94064
3.12884,3128,313.1419,297.9601,5,5.07697153
3.13021,3129,313.1419,297.965271,5,4.97335958
3.13023,3130,313.1419,297.9699,5,5.066065
3.13147,3131,313.1419,297.97467,5,4.98426628
3.13329,3132,313.1419,297.9805,5,4.94064
3.13330,3133,313.1419,297.98584,5,5.09878445
3.13457,3134,313.1419,297.990723,5,5.05515862
3.13637,3135,313.1419,297.994873,5,5.12059736
3.13641,3136,313.1419,298.0001,5,4.88065434
3.13820,3137,313.1419,298.006042,5,4.97335958
3.13822,3138,313.1419,298.011,5,5.016986
3.13946,3139,313.1419,298.0157,5,5.12059736
3.14129,3140,313.1419,298.025818,5,4.847935
3.14130,3141,313.1419,298.0308,5,4.97335958
3.14260,3142,313.1419,298.0308,5,4.97335958
3.14438,3143,313.1419,298.036377,5,4.95154667
3.14441,3144,313.1419,298.045563,5,5.066065
3.14622,3145,313.1419,298.0509,5,4.95154667
3.14624,3146,313.1419,298.055847,5,5.006079
3.14749,3147,313.1419,298.061432,5,4.97335958
3.14930,3148,313.1419,298.065918,5,5.21330261
3.14934,3149,313.1419,298.0709,5,5.02789259
3.15055,3150,313.1419,298.075745,5,4.995173
3.15243,3151,313.1419,298.081268,5,4.913374
3.15245,3152,313.1419,298.086639,5,5.016986
3.15421,3153,313.1419,298.091125,5,5.153317
3.15423,3154,313.1419,298.096,5,5.05515862
3.15545,3155,313.1419,298.100616,5,5.02789259
3.15729,3156,313.1419,298.10672,5,4.81521559
3.15731,3157,313.1419,298.111755,5,5.087878
3.15856,3158,313.1419,298.1165,5,5.12059736
3.16037,3159,313.1419,298.121063,5,5.14241028
3.16038,3160,313.1419,298.12616,5,5.02789259
3.16223,3161,313.1419,298.13205,5,4.88065434
3.16226,3162,313.1419,298.136658,5,5.109691
3.16347,3163,313.1419,298.141571,5,5.02789259
3.16529,3164,313.1419,298.146118,5,5.12059736
3.16531,3165,313.1419,298.151581,5,4.90246725
3.16657,3166,313.1419,298.157,5,4.94064
3.16838,3167,313.1419,298.1617,5,5.066065
3.16840,3168,313.1419,298.166534,5,5.038799
3.17022,3169,313.1419,298.1712,5,5.066065
3.17026,3170,313.1419,298.1769,5,4.858842
3.17146,3171,313.1419,298.181732,5,5.016986
3.17331,3172,313.1419,298.187042,5,4.97335958
3.17332,3173,313.1419,298.191742,5,5.087878
3.17456,3174,313.1419,298.1968,5,5.066065
3.17638,3175,313.1419,298.2023,5,4.995173
3.17639,3176,313.1419,298.206848,5,5.14241028
3.17824,3177,313.1419,298.211884,5,4.995173
3.17826,3178,313.1419,298.2166,5,5.05515862
3.17950,3179,313.1419,298.2221,5,4.891561
3.18129,3180,313.1419,298.227264,5,5.006079
3.18131,3181,313.1419,298.231964,5,5.05515862
3.18255,3182,313.1419,298.236938,5,5.006079
3.18439,3183,313.1419,298.2417,5,5.05515862
3.18441,3184,313.1419,298.247345,5,4.88065434
3.18622,3185,313.1419,298.252045,5,5.066065
3.18626,3186,313.1419,298.257019,5,4.995173
3.18747,3187,313.1419,298.262115,5,5.066065
3.18929,3188,313.1419,298.267151,5,5.038799
3.18931,3189,313.1419,298.2727,5,4.98426628
3.19055,3190,313.1419,298.277039,5,5.066065
3.19239,3191,313.1419,298.282623,5,4.90246725
3.19242,3192,313.1419,298.287872,5,5.066065
3.19422,3193,313.1419,298.2928,5,4.97335958
3.19424,3194,313.1419,298.2973,5,5.038799
3.19547,3195,313.1419,298.302521,5,5.006079
3.19736,3196,313.1419,298.308228,5,4.90246725
3.19741,3197,313.1419,298.313263,5,5.087878
3.19859,3198,313.1419,298.318085,5,5.038799
3.20042,3199,313.1419,298.322235,5,5.12059736
3.20044,3200,313.1419,298.3279,5,4.88065434
3.20222,3201,313.1419,298.333069,5,4.94064
3.20225,3202,313.1419,298.337952,5,5.006079
3.20353,3203,313.1419,298.3427,5,5.07697153
3.20530,3204,313.1419,298.3471,5,5.153317
3.20532,3205,313.1419,298.352783,5,4.847935
3.20655,3206,313.1419,298.3578,5,4.95154667
3.20837,3207,313.1419,298.363037,5,4.94064
3.20838,3208,313.1419,298.367645,5,5.13150358
3.21022,3209,313.1419,298.372467,5,5.087878
3.21026,3210,313.1419,298.3778,5,4.92973375
3.21146,3211,313.1419,298.382751,5,4.995173
3.21332,3212,313.1419,298.388275,5,4.92973375
3.21333,3213,313.1419,298.392761,5,5.191489
3.21455,3214,313.1419,298.397644,5,5.006079
3.21637,3215,313.1419,298.4025,5,4.95154667
3.21638,3216,313.1419,298.407867,5,4.90246725
3.21824,3217,313.1419,298.413361,5,4.913374
3.21827,3218,313.1419,298.4177,5,5.13150358
3.21948,3219,313.1419,298.422577,5,4.98426628
3.22131,3220,313.1419,298.4272,5,5.006079
3.22133,3221,313.1419,298.433,5,4.78794956
3.22255,3222,313.1419,298.438324,5,4.995173
3.22437,3223,313.1419,298.442932,5,5.13150358
3.22439,3224,313.1419,298.4476,5,5.09878445
3.22624,3225,313.1419,298.452454,5,5.066065
3.22626,3226,313.1419,298.4584,5,4.82612228
3.22746,3227,313.1419,298.4631,5,5.05515862
3.22931,3228,313.1419,298.4679,5,5.006079
3.22934,3229,313.1419,298.472473,5,5.09878445
3.23055,3230,313.1419,298.477753,5,4.95154667
3.23239,3231,313.1419,298.483337,5,4.869748
3.23241,3232,313.1419,298.487976,5,5.07697153
3.23422,3233,313.1419,298.4929,5,5.006079
3.23424,3234,313.1419,298.497437,5,5.087878
3.23553,3235,313.1419,298.503052,5,4.869748
3.23729,3236,313.1419,298.5081,5,4.95154667
3.23731,3237,313.1419,298.512817,5,4.98426628
3.23855,3238,313.1419,298.518,5,5.016986
3.24037,3239,313.1419,298.5229,5,5.12059736
3.24039,3240,313.1419,298.5285,5,4.95154667
3.24224,3241,313.1419,298.533081,5,5.13150358
3.24229,3242,313.1419,298.542847,5,5.016986
3.24346,3243,313.1419,298.548126,5,4.95154667
3.24552,3244,313.1419,298.5535,5,4.94064
3.24561,3245,313.1419,298.558167,5,5.09878445
3.24661,3246,313.1419,298.563232,5,5.016986
3.24840,3247,313.1419,298.5679,5,5.07697153
3.24843,3248,313.1419,298.5735,5,4.891561
3.25024,3249,313.1419,298.5784,5,5.016986
3.25029,3250,313.1419,298.5832,5,5.02789259
3.25146,3251,313.1419,298.5884,5,5.016986
3.25332,3252,313.1419,298.593262,5,5.09878445
3.25334,3253,313.1419,298.598724,5,4.95154667
3.25455,3254,313.1419,298.6031,5,5.087878
3.25642,3255,313.1419,298.6084,5,4.92973375
3.25644,3256,313.1419,298.613556,5,5.038799
3.25824,3257,313.1419,298.6186,5,5.016986
3.25826,3258,313.1419,298.623474,5,4.98426628
3.25945,3259,313.1419,298.62793,5,5.05515862
3.26131,3260,313.1419,298.633759,5,4.869748
3.26134,3261,313.1419,298.6392,5,5.07697153
3.26255,3262,313.1419,298.644135,5,5.05515862
3.26440,3263,313.1419,298.648315,5,5.12059736
3.26447,3264,313.1419,298.653534,5,4.96245337
3.26627,3265,313.1419,298.6593,5,4.869748
3.26632,3266,313.1419,298.664185,5,5.016986
3.26747,3267,313.1419,298.6691,5,5.016986
3.26933,3268,313.1419,298.67334,5,5.191489
3.26936,3269,313.1419,298.678864,5,4.913374
3.27055,3270,313.1419,298.684,5,4.913374
3.27238,3271,313.1419,298.689178,5,4.94064
3.27240,3272,313.1419,298.694,5,5.038799
3.27426,3273,313.1419,298.698578,5,5.12059736
3.27429,3274,313.1419,298.703979,5,4.90246725
3.27546,3275,313.1419,298.708832,5,4.98426628
3.27733,3276,313.1419,298.714325,5,4.90246725
3.27736,3277,313.1419,298.719055,5,5.109691
3.27873,3278,313.1419,298.723755,5,5.07697153
3.28040,3279,313.1419,298.7287,5,4.94064
3.28043,3280,313.1419,298.733765,5,4.94064
3.28220,3281,313.1419,298.739471,5,4.858842
3.28224,3282,313.1419,298.7439,5,5.12059736
3.28360,3283,313.1419,298.748779,5,5.016986
3.28533,3284,313.1419,298.753357,5,5.016986
3.28536,3285,313.1419,298.758881,5,4.847935
3.28654,3286,313.1419,298.764618,5,4.88065434
3.28839,3287,313.1419,298.769135,5,5.153317
3.28842,3288,313.1419,298.773926,5,5.07697153
3.29023,3289,313.1419,298.7788,5,5.12059736
3.29025,3290,313.1419,298.78476,5,4.858842
3.29146,3291,313.1419,298.789642,5,4.98426628
3.29334,3292,313.1419,298.7944,5,5.038799
3.29337,3293,313.1419,298.799042,5,5.05515862
3.29455,3294,313.1419,298.804474,5,4.81521559
3.29639,3295,313.1419,298.81015,5,5.038799
3.29641,3296,313.1419,298.814453,5,5.038799
3.29825,3297,313.1419,298.8194,5,5.006079
3.29826,3298,313.1419,298.823944,5,4.94064
3.29945,3299,313.1419,298.829041,5,4.94064
3.30134,3300,313.1419,298.834351,5,4.891561
