t,n,A,B,C,D
0.00115,0,700.283142,700.6407,-0.357543945,-0.03817272
0.00233,1,700.283142,700.6407,-0.357543945,-0.0272662267
0.00237,2,700.283142,700.640564,-0.357421875,-0.03817272
0.00423,3,700.283142,700.640564,-0.357421875,-0.03817272
0.00601,4,700.283142,700.640564,-0.357421875,-0.03817272
0.00605,5,700.283142,700.640564,-0.357421875,-0.03817272
0.00721,6,700.283142,700.640564,-0.357421875,-0.03817272
0.00906,7,700.283142,700.640564,-0.357421875,-0.03817272
0.00910,8,700.283142,700.640442,-0.3572998,-0.03817272
0.01029,9,700.283142,700.6404,-0.35723877,-0.0272662267
0.01033,10,700.283142,700.6404,-0.35723877,-0.0272662267
0.01218,11,700.283142,700.6404,-0.35723877,-0.0272662267
0.01399,12,700.283142,700.6404,-0.35723877,-0.0272662267
0.01402,13,700.283142,700.6404,-0.35723877,-0.0272662267
0.01521,14,700.283142,700.6404,-0.35723877,-0.0272662267
0.01714,15,700.283142,700.640259,-0.3571167,-0.0272662267
0.01719,16,700.283142,700.6402,-0.357055664,-0.0272662267
0.01847,17,700.283142,700.6402,-0.357055664,-0.0272662267
0.01850,18,700.283142,700.6402,-0.357055664,-0.0272662267
0.02020,19,700.283142,700.6402,-0.357055664,-0.0272662267
0.02198,20,700.283142,700.6402,-0.357055664,-0.0272662267
0.02200,21,700.283142,700.6402,-0.357055664,-0.0272662267
0.02321,22,700.283142,700.640137,-0.356994629,-0.0272662267
0.02505,23,700.283142,700.64,-0.356872559,-0.03817272
0.02507,24,700.283142,700.64,-0.356872559,-0.04907921
0.02631,25,700.283142,700.6399,-0.3567505,-0.04907921
0.02633,26,700.283142,700.6399,-0.3567505,-0.07089219
0.02820,27,700.283142,700.6397,-0.356567383,-0.08179868
0.03000,28,700.283142,700.639648,-0.356506348,-0.09270517
0.03003,29,700.283142,700.6396,-0.3564453,-0.103611663
0.03123,30,700.283142,700.6394,-0.3562622,-0.114518143
0.03308,31,700.283142,700.6393,-0.356140137,-0.141784385
0.03310,32,700.283142,700.639038,-0.355896,-0.152690873
0.03429,33,700.283142,700.638855,-0.3557129,-0.174503848
0.03431,34,700.283142,700.6386,-0.35546875,-0.207223326
0.03622,35,700.283142,700.6383,-0.355163574,-0.218129814
0.03798,36,700.283142,700.6381,-0.354980469,-0.256302536
0.03800,37,700.283142,700.6378,-0.3546753,-0.2781155
0.03924,38,700.283142,700.6375,-0.354370117,-0.2781155
0.04106,39,700.283142,700.6372,-0.354064941,-0.2781155
0.04109,40,700.283142,700.637,-0.353881836,-0.2781155
0.04229,41,700.283142,700.636658,-0.353515625,-0.2781155
0.04230,42,700.283142,700.6365,-0.35333252,-0.2781155
0.04420,43,700.283142,700.6362,-0.353088379,-0.2781155
0.04595,44,700.283142,700.6359,-0.3527832,-0.2781155
0.04597,45,700.283142,700.6357,-0.352539063,-0.267209023
0.04721,46,700.283142,700.6355,-0.352355957,-0.239942789
0.04907,47,700.283142,700.635254,-0.352111816,-0.239942789
0.04909,48,700.283142,700.6351,-0.3519287,-0.229036286
0.05029,49,700.283142,700.6346,-0.35144043,-0.229036286
0.05030,50,700.283142,700.6344,-0.351257324,-0.229036286
0.05220,51,700.283142,700.634155,-0.351013184,-0.239942789
0.05396,52,700.283142,700.63385,-0.350708,-0.256302536
0.05398,53,700.283142,700.633667,-0.3505249,-0.256302536
0.05520,54,700.283142,700.6333,-0.3501587,-0.256302536
0.05707,55,700.283142,700.6332,-0.350036621,-0.256302536
0.05710,56,700.283142,700.633,-0.349853516,-0.229036286
0.05829,57,700.283142,700.6329,-0.349731445,-0.196316838
0.05830,58,700.283142,700.6329,-0.349731445,-0.16359736
0.06021,59,700.283142,700.6327,-0.34954834,-0.114518143
0.06198,60,700.283142,700.632751,-0.349609375,-0.08179868
0.06203,61,700.283142,700.6327,-0.34954834,-0.0599856973
0.06322,62,700.283142,700.632751,-0.349609375,-0.0272662267
0.06506,63,700.283142,700.632751,-0.349609375,-0.0163597353
0.06509,64,700.283142,700.6329,-0.349731445,0.0109064905
0.06629,65,700.283142,700.6329,-0.349731445,0.0109064905
0.06631,66,700.283142,700.6329,-0.349731445,0.021812981
0.06857,67,700.283142,700.6329,-0.349731445,0.03271947
0.07000,68,700.283142,700.6329,-0.349731445,0.0109064905
0.07006,69,700.283142,700.6329,-0.349731445,0.0109064905
0.07121,70,700.283142,700.6329,-0.349731445,0.0109064905
0.07304,71,700.283142,700.6329,-0.349731445,-0.0163597353
0.07305,72,700.283142,700.6329,-0.349731445,-0.0163597353
0.07433,73,700.283142,700.6329,-0.349731445,-0.0163597353
0.07435,74,700.283142,700.632751,-0.349609375,-0.03817272
0.07619,75,700.283142,700.6327,-0.34954834,-0.03817272
0.07796,76,700.283142,700.6327,-0.34954834,-0.04907921
0.07797,77,700.283142,700.6326,-0.3494873,-0.0599856973
0.07923,78,700.283142,700.632568,-0.34942627,-0.0599856973
0.08107,79,700.283142,700.632446,-0.3493042,-0.08179868
0.08109,80,700.283142,700.6324,-0.349243164,-0.08179868
0.08230,81,700.283142,700.6324,-0.349243164,-0.08179868
0.08232,82,700.283142,700.6323,-0.349182129,-0.08179868
0.08422,83,700.283142,700.6322,-0.349060059,-0.08179868
0.08597,84,700.283142,700.6321,-0.348938,-0.08179868
0.08601,85,700.283142,700.6321,-0.348938,-0.09270517
0.08722,86,700.283142,700.6319,-0.348754883,-0.103611663
0.08908,87,700.283142,700.6318,-0.3486328,-0.103611663
0.08912,88,700.283142,700.6316,-0.3484497,-0.130877882
0.09029,89,700.283142,700.6315,-0.348327637,-0.141784385
0.09031,90,700.283142,700.6312,-0.3480835,-0.16359736
0.09224,91,700.283142,700.6309,-0.34777832,-0.185410336
0.09399,92,700.283142,700.6308,-0.34765625,-0.207223326
0.09402,93,700.283142,700.6305,-0.347351074,-0.239942789
0.09522,94,700.283142,700.6301,-0.346984863,-0.256302536
0.09708,95,700.283142,700.629944,-0.346801758,-0.289022
0.09711,96,700.283142,700.6296,-0.346435547,-0.289022
0.09834,97,700.283142,700.629333,-0.3461914,-0.289022
0.09837,98,700.283142,700.629,-0.34588623,-0.2999285
0.10019,99,700.283142,700.6287,-0.345581055,-0.289022
0.10196,100,700.283142,700.62854,-0.345397949,-0.289022
0.10198,101,700.283142,700.628235,-0.345092773,-0.2781155
0.10326,102,700.283142,700.627869,-0.344726563,-0.2781155
0.10506,103,700.283142,700.627563,-0.3444214,-0.289022
0.10509,104,700.283142,700.627258,-0.3441162,-0.2999285
0.10630,105,700.283142,700.6269,-0.34375,-0.332647949
0.10631,106,700.283142,700.626465,-0.343322754,-0.343554467
0.10824,107,700.283142,700.626038,-0.3428955,-0.3817272
0.10994,108,700.283142,700.6257,-0.3425293,-0.403540134
0.10996,109,700.283142,700.6253,-0.3421631,-0.414446652
0.11121,110,700.283142,700.6249,-0.34173584,-0.414446652
0.11307,111,700.283142,700.624451,-0.3413086,-0.42535314
0.11310,112,700.283142,700.6241,-0.340942383,-0.414446652
0.11428,113,700.283142,700.623657,-0.340515137,-0.403540134
0.11430,114,700.283142,700.6232,-0.3400879,-0.403540134
0.11621,115,700.283142,700.6229,-0.3397827,-0.392633677
0.11793,116,700.283142,700.6225,-0.339355469,-0.403540134
0.11794,117,700.283142,700.6221,-0.338928223,-0.414446652
0.11922,118,700.283142,700.6217,-0.338562,-0.42535314
0.12103,119,700.283142,700.6213,-0.338134766,-0.42535314
0.12107,120,700.283142,700.62085,-0.33770752,-0.414446652
0.12229,121,700.283142,700.620544,-0.337402344,-0.392633677
0.12230,122,700.283142,700.6203,-0.3371582,-0.354460955
0.12420,123,700.283142,700.6201,-0.3369751,-0.3217415
0.12597,124,700.283142,700.6199,-0.336730957,-0.267209023
0.12599,125,700.283142,700.619751,-0.3366089,-0.229036286
0.12721,126,700.283142,700.619568,-0.336425781,-0.207223326
0.12903,127,700.283142,700.6193,-0.336181641,-0.196316838
0.12906,128,700.283142,700.6192,-0.33605957,-0.185410336
0.13030,129,700.283142,700.618958,-0.33581543,-0.174503848
0.13031,130,700.283142,700.6188,-0.335632324,-0.185410336
0.13223,131,700.283142,700.618652,-0.335510254,-0.185410336
0.13396,132,700.283142,700.6184,-0.3352661,-0.196316838
0.13398,133,700.283142,700.618164,-0.335021973,-0.207223326
0.13525,134,700.283142,700.618042,-0.3348999,-0.207223326
0.13708,135,700.283142,700.617859,-0.3347168,-0.218129814
0.13711,136,700.283142,700.6176,-0.334472656,-0.207223326
0.13838,137,700.283142,700.617432,-0.334289551,-0.196316838
0.13841,138,700.283142,700.6174,-0.334228516,-0.185410336
0.14023,139,700.283142,700.6173,-0.33416748,-0.152690873
0.14197,140,700.283142,700.6172,-0.3340454,-0.130877882
0.14199,141,700.283142,700.6172,-0.3340454,-0.09270517
0.14323,142,700.283142,700.6172,-0.3340454,-0.0599856973
0.14504,143,700.283142,700.6172,-0.3340454,-0.04907921
0.14506,144,700.283142,700.6172,-0.3340454,-0.0163597353
0.14629,145,700.283142,700.6172,-0.3340454,0
0.14631,146,700.283142,700.6172,-0.3340454,0.0109064905
0.14820,147,700.283142,700.6173,-0.33416748,0.021812981
0.14994,148,700.283142,700.6173,-0.33416748,0.0109064905
0.14997,149,700.283142,700.6173,-0.33416748,0.0109064905
0.15121,150,700.283142,700.6174,-0.334228516,0.0109064905
0.15305,151,700.283142,700.6173,-0.33416748,0
0.15306,152,700.283142,700.6173,-0.33416748,-0.0163597353
0.15431,153,700.283142,700.6172,-0.3340454,-0.0272662267
0.15433,154,700.283142,700.6171,-0.333984375,-0.04907921
0.15619,155,700.283142,700.617065,-0.33392334,-0.0599856973
0.15798,156,700.283142,700.616943,-0.33380127,-0.08179868
0.15800,157,700.283142,700.6169,-0.333740234,-0.08179868
0.15924,158,700.283142,700.6169,-0.333740234,-0.08179868
0.16103,159,700.283142,700.61676,-0.333618164,-0.08179868
0.16105,160,700.283142,700.61676,-0.333618164,-0.08179868
0.16230,161,700.283142,700.616638,-0.3334961,-0.08179868
0.16232,162,700.283142,700.6165,-0.333374023,-0.07089219
0.16421,163,700.283142,700.6165,-0.333374023,-0.07089219
0.16593,164,700.283142,700.6164,-0.333251953,-0.0599856973
0.16594,165,700.283142,700.6164,-0.333251953,-0.0599856973
0.16725,166,700.283142,700.616333,-0.333190918,-0.0599856973
0.16906,167,700.283142,700.6162,-0.333068848,-0.07089219
0.16908,168,700.283142,700.6162,-0.333068848,-0.08179868
0.17033,169,700.283142,700.6161,-0.332946777,-0.08179868
0.17037,170,700.283142,700.6159,-0.332763672,-0.09270517
0.17224,171,700.283142,700.615845,-0.332702637,-0.103611663
0.17395,172,700.283142,700.615662,-0.332519531,-0.114518143
0.17397,173,700.283142,700.6154,-0.3322754,-0.141784385
0.17522,174,700.283142,700.6153,-0.33215332,-0.16359736
0.17702,175,700.283142,700.6151,-0.3319702,-0.185410336
0.17704,176,700.283142,700.614868,-0.331726074,-0.196316838
0.17831,177,700.283142,700.6147,-0.331542969,-0.207223326
0.17832,178,700.283142,700.6144,-0.3312378,-0.218129814
0.18020,179,700.283142,700.614136,-0.330993652,-0.229036286
0.18194,180,700.283142,700.614,-0.330871582,-0.239942789
0.18196,181,700.283142,700.6137,-0.3305664,-0.239942789
0.18321,182,700.283142,700.6135,-0.3303833,-0.239942789
0.18511,183,700.283142,700.6133,-0.33013916,-0.239942789
0.18516,184,700.283142,700.613037,-0.32989502,-0.229036286
0.18633,185,700.283142,700.612854,-0.3297119,-0.229036286
0.18635,186,700.283142,700.6126,-0.329467773,-0.218129814
0.18819,187,700.283142,700.6124,-0.329284668,-0.218129814
0.18994,188,700.283142,700.612244,-0.329101563,-0.207223326
0.18995,189,700.283142,700.612061,-0.328918457,-0.207223326
0.19122,190,700.283142,700.6119,-0.328735352,-0.207223326
0.19303,191,700.283142,700.611633,-0.3284912,-0.218129814
0.19304,192,700.283142,700.6112,-0.328063965,-0.239942789
0.19429,193,700.283142,700.6108,-0.327636719,-0.2781155
0.19431,194,700.283142,700.6105,-0.327331543,-0.3217415
0.19618,195,700.283142,700.6101,-0.326965332,-0.365367442
0.19794,196,700.283142,700.6097,-0.3265381,-0.3817272
0.19796,197,700.283142,700.6094,-0.3262329,-0.3817272
0.19923,198,700.283142,700.6091,-0.325927734,-0.3817272
0.20106,199,700.283142,700.608765,-0.325622559,-0.354460955
0.20108,200,700.283142,700.6084,-0.325256348,-0.343554467
0.20232,201,700.283142,700.6081,-0.324951172,-0.332647949
0.20236,202,700.283142,700.6078,-0.324646,-0.3217415
0.20422,203,700.283142,700.6074,-0.3242798,-0.3217415
0.20596,204,700.283142,700.6071,-0.3239746,-0.3217415
0.20598,205,700.283142,700.6068,-0.323669434,-0.3217415
0.20721,206,700.283142,700.6065,-0.323364258,-0.3217415
0.20904,207,700.283142,700.606262,-0.323120117,-0.310834974
0.20905,208,700.283142,700.606,-0.322875977,-0.2999285
0.21030,209,700.283142,700.6058,-0.322631836,-0.2781155
0.21031,210,700.283142,700.6055,-0.3223877,-0.239942789
0.21217,211,700.283142,700.605469,-0.32232666,-0.218129814
0.21394,212,700.283142,700.6053,-0.322143555,-0.196316838
0.21395,213,700.283142,700.605164,-0.322021484,-0.185410336
0.21525,214,700.283142,700.605042,-0.3218994,-0.16359736
0.21703,215,700.283142,700.6049,-0.321777344,-0.16359736
0.21705,216,700.283142,700.604736,-0.321594238,-0.141784385
0.21852,217,700.283142,700.6046,-0.321472168,-0.141784385
0.21856,218,700.283142,700.604431,-0.321289063,-0.152690873
0.22020,219,700.283142,700.6043,-0.321167,-0.152690873
0.22195,220,700.283142,700.604065,-0.320922852,-0.16359736
0.22197,221,700.283142,700.6039,-0.320739746,-0.185410336
0.22321,222,700.283142,700.6035,-0.320373535,-0.218129814
0.22505,223,700.283142,700.603149,-0.320007324,-0.256302536
0.22507,224,700.283142,700.6028,-0.3196411,-0.2999285
0.22629,225,700.283142,700.6025,-0.319335938,-0.332647949
0.22631,226,700.283142,700.6021,-0.318969727,-0.365367442
0.22817,227,700.283142,700.6017,-0.31854248,-0.3817272
0.22994,228,700.283142,700.601257,-0.318115234,-0.403540134
0.22995,229,700.283142,700.6007,-0.317565918,-0.436259627
0.23121,230,700.283142,700.6003,-0.317138672,-0.447166115
0.23307,231,700.283142,700.5998,-0.3166504,-0.479885578
0.23310,232,700.283142,700.5991,-0.315979,-0.507151842
0.23431,233,700.283142,700.5987,-0.315551758,-0.5289648
0.23433,234,700.283142,700.598145,-0.315002441,-0.5507778
0.23618,235,700.283142,700.5976,-0.314453125,-0.5398713
0.23794,236,700.283142,700.5972,-0.3140869,-0.5289648
0.23796,237,700.283142,700.5969,-0.313781738,-0.479885578
0.23919,238,700.283142,700.5966,-0.313476563,-0.42535314
0.24105,239,700.283142,700.596436,-0.313293457,-0.343554467
0.24108,240,700.283142,700.596252,-0.313110352,-0.2781155
0.24232,241,700.283142,700.596069,-0.312927246,-0.218129814
0.24234,242,700.283142,700.596069,-0.312927246,-0.16359736
0.24417,243,700.283142,700.595947,-0.312805176,-0.141784385
0.24595,244,700.283142,700.595947,-0.312805176,-0.114518143
0.24599,245,700.283142,700.595764,-0.31262207,-0.08179868
0.24721,246,700.283142,700.595764,-0.31262207,-0.08179868
0.24903,247,700.283142,700.595642,-0.3125,-0.08179868
0.24904,248,700.283142,700.5955,-0.31237793,-0.08179868
0.25029,249,700.283142,700.595337,-0.312194824,-0.114518143
0.25031,250,700.283142,700.595154,-0.312011719,-0.114518143
0.25218,251,700.283142,700.595,-0.3118286,-0.130877882
0.25398,252,700.283142,700.5949,-0.311767578,-0.141784385
0.25402,253,700.283142,700.594849,-0.311706543,-0.141784385
0.25521,254,700.283142,700.594666,-0.311523438,-0.141784385
0.25703,255,700.283142,700.594543,-0.311401367,-0.141784385
0.25705,256,700.283142,700.59436,-0.311218262,-0.152690873
0.25829,257,700.283142,700.594238,-0.3110962,-0.16359736
0.25830,258,700.283142,700.594,-0.310852051,-0.16359736
0.26016,259,700.283142,700.5939,-0.31072998,-0.16359736
0.26195,260,700.283142,700.5939,-0.31072998,-0.141784385
0.26196,261,700.283142,700.5937,-0.310546875,-0.114518143
0.26320,262,700.283142,700.5937,-0.310546875,-0.103611663
0.26502,263,700.283142,700.5937,-0.310546875,-0.07089219
0.26503,264,700.283142,700.5936,-0.31048584,-0.07089219
0.26629,265,700.283142,700.593567,-0.3104248,-0.0599856973
0.26631,266,700.283142,700.593567,-0.3104248,-0.04907921
0.26850,267,700.283142,700.593567,-0.3104248,-0.03817272
0.26998,268,700.283142,700.593445,-0.310302734,-0.03817272
0.27000,269,700.283142,700.5934,-0.3102417,-0.03817272
0.27122,270,700.283142,700.5934,-0.3102417,-0.04907921
0.27303,271,700.283142,700.5934,-0.3102417,-0.04907921
0.27305,272,700.283142,700.593262,-0.310119629,-0.0599856973
0.27429,273,700.283142,700.593262,-0.310119629,-0.0599856973
0.27430,274,700.283142,700.59314,-0.309997559,-0.0599856973
0.27618,275,700.283142,700.593,-0.3098755,-0.08179868
0.27795,276,700.283142,700.5929,-0.309753418,-0.09270517
0.27796,277,700.283142,700.5927,-0.3095703,-0.114518143
0.27921,278,700.283142,700.5926,-0.309448242,-0.141784385
0.28105,279,700.283142,700.592346,-0.3092041,-0.152690873
0.28108,280,700.283142,700.5921,-0.308959961,-0.174503848
0.28228,281,700.283142,700.592,-0.3088379,-0.185410336
0.28230,282,700.283142,700.5916,-0.30847168,-0.218129814
0.28417,283,700.283142,700.5915,-0.3083496,-0.229036286
0.28596,284,700.283142,700.5912,-0.308044434,-0.256302536
0.28598,285,700.283142,700.5909,-0.307739258,-0.2781155
0.28721,286,700.283142,700.5906,-0.307434082,-0.2781155
0.28907,287,700.283142,700.590332,-0.307189941,-0.289022
0.28910,288,700.283142,700.590149,-0.307006836,-0.2781155
0.29029,289,700.283142,700.5899,-0.3067627,-0.267209023
0.29031,290,700.283142,700.589661,-0.306518555,-0.256302536
0.29219,291,700.283142,700.589355,-0.306213379,-0.239942789
0.29397,292,700.283142,700.589233,-0.3060913,-0.229036286
0.29398,293,700.283142,700.58905,-0.3059082,-0.207223326
0.29520,294,700.283142,700.5889,-0.305786133,-0.196316838
0.29705,295,700.283142,700.5888,-0.305664063,-0.174503848
0.29707,296,700.283142,700.5887,-0.305542,-0.152690873
0.29829,297,700.283142,700.58844,-0.305297852,-0.16359736
0.29830,298,700.283142,700.588257,-0.305114746,-0.16359736
0.30022,299,700.283142,700.588135,-0.304992676,-0.174503848
0.30208,300,700.283142,700.587952,-0.30480957,-0.185410336
0.30214,301,730.283142,700.587646,5,-0.196316838
0.30322,302,730.283142,700.5875,5,-0.218129814
0.30510,303,730.283142,700.587341,5,-0.229036286
0.30514,304,730.283142,700.587952,5,-0.16359736
0.30629,305,730.283142,700.5892,5,0.09815842
0.30631,306,730.283142,700.5913,5,0.556231
0.30817,307,730.283142,700.5939,5,1.19426072
0.30995,308,730.283142,700.5979,5,2.017701
0.30997,309,730.283142,700.602966,5,2.93929935
0.31120,310,730.283142,700.608,5,3.8227253
0.31305,311,730.283142,700.613159,5,4.482568
0.31307,312,730.283142,700.619141,5,4.995173
0.31429,313,730.283142,700.627,5,5.54595041
0.31432,314,730.283142,700.6335,5,6.091275
0.31617,315,730.283142,700.640564,5,6.511175
0.31798,316,730.283142,700.6473,5,6.811104
0.31800,317,730.283142,700.653748,5,6.92562151
0.31921,318,730.283142,700.6598,5,6.58206749
0.32105,319,730.283142,700.6653,5,6.489362
0.32107,320,730.283142,700.671448,5,6.173074
0.32230,321,730.283142,700.676941,5,5.93313074
0.32231,322,730.283142,700.6819,5,5.693188
0.32418,323,730.283142,700.6869,5,5.41507244
0.32599,324,730.283142,700.691345,5,5.21330261
0.32602,325,730.283142,700.696655,5,4.891561
0.32720,326,730.283142,700.70105,5,4.94064
0.32906,327,730.283142,700.7056,5,4.68979073
0.32908,328,730.283142,700.7104,5,4.74432325
0.33029,329,730.283142,700.714844,5,4.640712
0.33030,330,730.283142,700.7198,5,4.52619362
0.33218,331,730.283142,700.724,5,4.711604
0.33396,332,730.283142,700.7286,5,4.5043807
0.33398,333,730.283142,700.733765,5,4.640712
0.33523,334,730.283142,700.738464,5,4.711604
0.33705,335,730.283142,700.743469,5,4.70069742
0.33707,336,730.283142,700.747742,5,4.90246725
0.33830,337,730.283142,700.7529,5,4.72251034
0.33831,338,730.283142,700.758545,5,4.90246725
0.34022,339,730.283142,700.76355,5,5.006079
0.34199,340,730.283142,700.7683,5,5.05515862
0.34202,341,730.283142,700.772644,5,5.07697153
0.34321,342,730.283142,700.7788,5,4.92973375
0.34504,343,730.283142,700.7842,5,5.13150358
0.34507,344,730.283142,700.7893,5,5.14241028
0.34630,345,730.283142,700.7937,5,5.316914
0.34632,346,730.283142,700.7988,5,5.14241028
0.34821,347,730.283142,700.8046,5,5.02789259
0.34998,348,730.283142,700.8095,5,5.087878
0.35000,349,730.283142,700.8148,5,5.12059736
0.35120,350,730.283142,700.8193,5,5.25692844
0.35307,351,730.283142,700.829651,5,5.05515862
0.35309,352,730.283142,700.834961,5,4.96245337
0.35429,353,730.283142,700.834961,5,4.96245337
0.35431,354,730.283142,700.8445,5,5.109691
0.35620,355,730.283142,700.8495,5,4.913374
0.35796,356,730.283142,700.8541,5,4.891561
0.35798,357,730.283142,700.859863,5,4.78794956
0.35921,358,730.283142,700.8646,5,5.038799
0.36103,359,730.283142,700.869141,5,4.95154667
0.36106,360,730.283142,700.8738,5,4.94064
0.36231,361,730.283142,700.8786,5,4.798856
0.36233,362,730.283142,700.884644,5,4.74432325
0.36422,363,730.283142,700.8893,5,5.087878
0.36600,364,730.283142,700.894043,5,5.006079
0.36602,365,730.283142,700.8985,5,5.087878
0.36720,366,730.283142,700.9038,5,4.858842
0.36913,367,730.283142,700.9095,5,4.869748
0.36916,368,730.283142,700.914,5,5.038799
0.37037,369,730.283142,700.9188,5,4.98426628
0.37039,370,730.283142,700.9234,5,5.05515862
0.37225,371,730.283142,700.929,5,4.81521559
0.37401,372,730.283142,700.9342,5,4.97335958
0.37403,373,730.283142,700.9392,5,5.006079
0.37520,374,730.283142,700.9436,5,5.038799
0.37707,375,730.283142,700.9483,5,4.98426628
0.37711,376,730.283142,700.9543,5,4.81521559
0.37829,377,730.283142,700.9589,5,4.995173
0.37832,378,730.283142,700.964,5,4.90246725
0.38020,379,730.283142,700.9689,5,5.066065
0.38197,380,730.283142,700.973633,5,4.96245337
0.38200,381,730.283142,700.979065,5,4.95154667
0.38320,382,730.283142,700.9837,5,5.05515862
0.38526,383,730.283142,700.988647,5,4.913374
0.38533,384,730.283142,700.9933,5,4.97335958
0.38631,385,730.283142,700.9987,5,4.76613665
0.38632,386,730.283142,701.003845,5,4.94064
0.38825,387,730.283142,701.0085,5,4.96245337
0.38997,388,730.283142,701.013367,5,4.913374
0.39000,389,730.283142,701.018,5,4.96245337
0.39120,390,730.283142,701.0236,5,4.798856
0.39306,391,730.283142,701.028259,5,5.006079
0.39308,392,730.283142,701.033264,5,4.94064
0.39431,393,730.283142,701.038269,5,5.006079
0.39434,394,730.283142,701.0431,5,4.995173
0.39622,395,730.283142,701.0485,5,4.92973375
0.39797,396,730.283142,701.052856,5,5.038799
0.39798,397,730.283142,701.0583,5,4.891561
0.39920,398,730.283142,701.063354,5,5.05515862
0.40106,399,730.283142,701.0684,5,4.98426628
0.40108,400,730.283142,701.0735,5,5.02789259
0.40232,401,730.283142,701.0781,5,5.016986
0.40235,402,730.283142,701.084045,5,4.913374
0.40421,403,730.283142,701.08905,5,5.09878445
0.40599,404,730.283142,701.094,5,5.05515862
0.40601,405,730.283142,701.0984,5,5.12059736
0.40721,406,730.283142,701.103943,5,4.913374
0.40906,407,730.283142,701.109558,5,4.94064
0.40909,408,730.283142,701.114258,5,5.038799
0.41030,409,730.283142,701.119263,5,5.087878
0.41032,410,730.283142,701.123,5,5.180583
0.41219,411,730.283142,701.1286,5,4.869748
0.41396,412,730.283142,701.1337,5,4.94064
0.41399,413,730.283142,701.1388,5,4.94064
0.41520,414,730.283142,701.1436,5,5.09878445
0.41706,415,730.283142,701.148132,5,5.066065
0.41708,416,730.283142,701.153442,5,4.869748
0.41840,417,730.283142,701.158264,5,4.94064
0.41843,418,730.283142,701.1636,5,4.837029
0.42019,419,730.283142,701.168335,5,5.087878
0.42199,420,730.283142,701.172852,5,4.95154667
0.42202,421,730.283142,701.177734,5,4.837029
0.42321,422,730.283142,701.182556,5,4.81521559
0.42506,423,730.283142,701.1882,5,4.75523
0.42508,424,730.283142,701.1927,5,5.038799
0.42629,425,730.283142,701.197266,5,4.90246725
0.42631,426,730.283142,701.2019,5,4.92973375
0.42822,427,730.283142,701.207031,5,4.74432325
0.42999,428,730.283142,701.212952,5,4.78794956
0.43002,429,730.283142,701.2174,5,5.087878
0.43120,430,730.283142,701.2222,5,5.006079
0.43310,431,730.283142,701.2267,5,5.07697153
0.43315,432,730.283142,701.2323,5,4.798856
0.43431,433,730.283142,701.2376,5,4.913374
0.43434,434,730.283142,701.2422,5,5.016986
0.43620,435,730.283142,701.246948,5,4.995173
0.43800,436,730.283142,701.2515,5,5.006079
0.43803,437,730.283142,701.2573,5,4.777043
0.43925,438,730.283142,701.2623,5,4.995173
0.44106,439,730.283142,701.266968,5,4.98426628
0.44109,440,730.283142,701.271667,5,5.05515862
0.44229,441,730.283142,701.27655,5,4.94064
0.44230,442,730.283142,701.2821,5,4.837029
0.44422,443,730.283142,701.286743,5,5.006079
0.44600,444,730.283142,701.2919,5,4.92973375
0.44603,445,730.283142,701.297,5,5.09878445
0.44723,446,730.283142,701.3024,5,4.96245337
0.44904,447,730.283142,701.307556,5,5.016986
0.44906,448,730.283142,701.3121,5,5.07697153
0.45030,449,730.283142,701.3171,5,4.96245337
0.45033,450,730.283142,701.32196,5,5.006079
0.45228,451,730.283142,701.3275,5,4.837029
0.45396,452,730.283142,701.332336,5,5.05515862
0.45399,453,730.283142,701.342041,5,5.02789259
0.45521,454,730.283142,701.347,5,4.97335958
0.45707,455,730.283142,701.3526,5,4.90246725
0.45709,456,730.283142,701.3571,5,5.07697153
0.45830,457,730.283142,701.3623,5,4.97335958
0.45831,458,730.283142,701.3671,5,5.09878445
0.46021,459,730.283142,701.3724,5,4.96245337
0.46199,460,730.283142,701.3774,5,5.006079
0.46202,461,730.283142,701.381836,5,4.98426628
0.46321,462,730.283142,701.387634,5,4.90246725
0.46509,463,730.283142,701.3923,5,5.05515862
0.46512,464,730.283142,701.3975,5,4.913374
0.46630,465,730.283142,701.4018,5,5.066065
0.46632,466,730.283142,701.4069,5,4.92973375
0.46836,467,730.283142,701.412537,5,4.94064
0.47005,468,730.283142,701.4174,5,5.066065
0.47008,469,730.283142,701.422241,5,5.016986
0.47121,470,730.283142,701.4264,5,5.066065
0.47305,471,730.283142,701.4321,5,4.798856
0.47308,472,730.283142,701.4375,5,4.94064
0.47429,473,730.283142,701.4424,5,4.97335958
0.47431,474,730.283142,701.44696,5,5.09878445
0.47621,475,730.283142,701.4515,5,5.09878445
0.47799,476,730.283142,701.4573,5,4.81521559
0.47801,477,730.283142,701.4621,5,4.94064
0.47921,478,730.283142,701.4674,5,4.913374
0.48108,479,730.283142,701.471863,5,5.13150358
0.48111,480,730.283142,701.476746,5,5.006079
0.48230,481,730.283142,701.482,5,4.90246725
0.48231,482,730.283142,701.486938,5,4.97335958
0.48421,483,730.283142,701.492432,5,4.92973375
0.48601,484,730.283142,701.496948,5,5.180583
0.48604,485,730.283142,701.501831,5,4.98426628
0.48722,486,730.283142,701.5066,5,4.94064
0.48907,487,730.283142,701.512,5,4.858842
0.48909,488,730.283142,701.517456,5,4.95154667
0.49029,489,730.283142,701.5218,5,5.109691
0.49031,490,730.283142,701.526733,5,4.98426628
0.49221,491,730.283142,701.5313,5,4.995173
0.49399,492,730.283142,701.537231,5,4.76613665
0.49403,493,730.283142,701.5425,5,5.02789259
0.49520,494,730.283142,701.5471,5,5.109691
0.49709,495,730.283142,701.551758,5,5.109691
0.49712,496,730.283142,701.556641,5,5.038799
0.49829,497,730.283142,701.5625,5,4.837029
0.49832,498,730.283142,701.5672,5,5.07697153
0.50021,499,730.283142,701.5723,5,5.006079
0.50199,500,730.283142,701.5769,5,5.09878445
0.50204,501,730.283142,701.582336,5,4.92973375
0.50321,502,730.283142,701.5881,5,4.891561
0.50508,503,730.283142,701.5928,5,5.066065
0.50511,504,730.283142,701.597656,5,5.02789259
0.50630,505,730.283142,701.602234,5,5.07697153
0.50632,506,730.283142,701.608,5,4.847935
0.50824,507,730.283142,701.6128,5,4.98426628
0.50996,508,730.283142,701.6177,5,4.96245337
0.50998,509,730.283142,701.6222,5,5.038799
0.51125,510,730.283142,701.6274,5,5.09878445
0.51306,511,730.283142,701.632935,5,4.96245337
0.51310,512,730.283142,701.6381,5,5.14241028
0.51430,513,730.283142,701.6426,5,4.995173
0.51432,514,730.283142,701.6473,5,5.02789259
0.51620,515,730.283142,701.652649,5,4.913374
0.51798,516,730.283142,701.6579,5,4.95154667
0.51800,517,730.283142,701.662537,5,5.07697153
0.51922,518,730.283142,701.667542,5,4.995173
0.52108,519,730.283142,701.672241,5,5.038799
0.52112,520,730.283142,701.677856,5,4.847935
0.52230,521,730.283142,701.6826,5,5.016986
0.52231,522,730.283142,701.6875,5,4.96245337
0.52423,523,730.283142,701.692566,5,4.98426628
0.52600,524,730.283142,701.6973,5,5.038799
0.52603,525,730.283142,701.702759,5,4.891561
0.52721,526,730.283142,701.7071,5,5.038799
0.52905,527,730.283142,701.7124,5,4.88065434
0.52908,528,730.283142,701.717468,5,5.006079
0.53030,529,730.283142,701.722534,5,4.97335958
0.53033,530,730.283142,701.7274,5,4.97335958
0.53218,531,730.283142,701.7319,5,5.02789259
0.53395,532,730.283142,701.7376,5,4.847935
0.53397,533,730.283142,701.742737,5,5.066065
0.53520,534,730.283142,701.7477,5,5.02789259
0.53707,535,730.283142,701.751831,5,5.09878445
0.53709,536,730.283142,701.756958,5,4.95154667
0.53829,537,730.283142,701.7628,5,4.858842
0.53831,538,730.283142,701.7678,5,5.02789259
0.54023,539,730.283142,701.772766,5,5.02789259
0.54196,540,730.283142,701.7769,5,5.202396
0.54199,541,730.283142,701.7824,5,4.913374
0.54323,542,730.283142,701.7876,5,4.913374
0.54505,543,730.283142,701.7927,5,4.95154667
0.54508,544,730.283142,701.797668,5,5.05515862
0.54629,545,730.283142,701.8021,5,5.14241028
0.54631,546,730.283142,701.8077,5,4.913374
0.54821,547,730.283142,701.8125,5,5.006079
0.54998,548,730.283142,701.8181,5,4.92973375
0.55002,549,730.283142,701.8229,5,5.14241028
0.55120,550,730.283142,701.8276,5,5.109691
0.55306,551,730.283142,701.8325,5,4.96245337
0.55309,552,730.283142,701.8434,5,4.891561
0.55429,553,730.283142,701.8478,5,5.14241028
0.55431,554,730.283142,701.852661,5,5.016986
0.55620,555,730.283142,701.8573,5,5.038799
0.55798,556,730.283142,701.8628,5,4.858842
0.55801,557,730.283142,701.868469,5,4.913374
0.55921,558,730.283142,701.873,5,5.164223
0.56104,559,730.283142,701.8778,5,5.087878
0.56106,560,730.283142,701.8823,5,5.109691
0.56230,561,730.283142,701.8883,5,4.858842
0.56232,562,730.283142,701.8933,5,5.006079
0.56423,563,730.283142,701.8983,5,5.02789259
0.56599,564,730.283142,701.902649,5,5.066065
0.56603,565,730.283142,701.907654,5,5.016986
0.56722,566,730.283142,701.9135,5,4.837029
0.56910,567,730.283142,701.918152,5,5.07697153
0.56914,568,730.283142,701.923462,5,5.006079
0.57039,569,730.283142,701.9279,5,5.109691
0.57041,570,730.283142,701.9334,5,4.92973375
0.57221,571,730.283142,701.9386,5,4.913374
0.57397,572,730.283142,701.9433,5,5.02789259
0.57398,573,730.283142,701.9485,5,4.98426628
0.57525,574,730.283142,701.9533,5,5.14241028
0.57710,575,730.283142,701.959,5,4.95154667
0.57713,576,730.283142,701.9637,5,5.109691
0.57829,577,730.283142,701.968567,5,5.066065
0.57830,578,730.283142,701.97345,5,5.006079
0.58025,579,730.283142,701.9786,5,4.995173
0.58199,580,730.283142,701.984131,5,4.90246725
0.58203,581,730.283142,701.988953,5,5.109691
0.58322,582,730.283142,701.9937,5,5.016986
0.58527,583,730.283142,701.9985,5,5.07697153
0.58532,584,730.283142,702.003967,5,4.94064
0.58630,585,730.283142,702.0091,5,4.98426628
0.58633,586,730.283142,702.013733,5,5.05515862
0.58819,587,730.283142,702.0189,5,5.006079
0.58999,588,730.283142,702.0238,5,5.12059736
0.59003,589,730.283142,702.0293,5,4.94064
0.59122,590,730.283142,702.0336,5,5.07697153
0.59305,591,730.283142,702.0388,5,4.95154667
0.59311,592,730.283142,702.044067,5,4.995173
0.59429,593,730.283142,702.049133,5,5.05515862
0.59431,594,730.283142,702.0541,5,4.96245337
0.59624,595,730.283142,702.0584,5,5.087878
0.59794,596,730.283142,702.064148,5,4.88065434
0.59798,597,730.283142,702.069458,5,5.05515862
0.59923,598,730.283142,702.0744,5,5.038799
0.60109,599,730.283142,702.0787,5,5.09878445
0.60111,600,730.283142,702.083557,5,5.006079
0.60232,601,730.283142,702.0895,5,4.837029
0.60233,602,730.283142,702.094666,5,5.02789259
0.60423,603,730.283142,702.0997,5,4.995173
0.60596,604,730.283142,702.103943,5,5.202396
0.60597,605,730.283142,702.109741,5,4.88065434
0.60721,606,730.283142,702.1146,5,4.88065434
0.60907,607,730.283142,702.12,5,4.995173
0.60910,608,730.283142,702.1249,5,5.164223
0.61029,609,730.283142,702.129456,5,4.92973375
0.61030,610,730.283142,702.1342,5,4.92973375
0.61222,611,730.283142,702.1391,5,4.98426628
0.61395,612,730.283142,702.144531,5,4.92973375
0.61398,613,730.283142,702.1495,5,5.07697153
0.61520,614,730.283142,702.154,5,5.13150358
0.61707,615,730.283142,702.1589,5,4.92973375
0.61710,616,730.283142,702.1637,5,4.94064
0.61848,617,730.283142,702.1695,5,4.78794956
0.61852,618,730.283142,702.1741,5,5.016986
0.62022,619,730.283142,702.1787,5,4.98426628
0.62197,620,730.283142,702.1832,5,4.92973375
0.62201,621,730.283142,702.1887,5,4.837029
0.62322,622,730.283142,702.1942,5,4.733417
0.62504,623,730.283142,702.198853,5,5.07697153
0.62507,624,730.283142,702.2037,5,5.006079
0.62630,625,730.283142,702.207947,5,5.07697153
0.62631,626,730.283142,702.213867,5,4.869748
0.62826,627,730.283142,702.2193,5,4.837029
0.62994,628,730.283142,702.223755,5,5.038799
0.62996,629,730.283142,702.2286,5,4.97335958
0.63122,630,730.283142,702.2329,5,5.066065
0.63306,631,730.283142,702.2391,5,4.81521559
0.63309,632,730.283142,702.243958,5,4.95154667
0.63429,633,730.283142,702.2488,5,5.038799
0.63430,634,730.283142,702.2535,5,5.038799
0.63622,635,730.283142,702.2585,5,5.02789259
0.63796,636,730.283142,702.264038,5,4.847935
0.63798,637,730.283142,702.2687,5,5.02789259
0.63922,638,730.283142,702.273865,5,4.97335958
0.64106,639,730.283142,702.278748,5,5.12059736
0.64109,640,730.283142,702.2841,5,5.038799
0.64230,641,730.283142,702.2893,5,5.02789259
0.64232,642,730.283142,702.2939,5,5.13150358
0.64422,643,730.283142,702.2991,5,4.995173
0.64594,644,730.283142,702.303833,5,5.066065
0.64595,645,730.283142,702.3096,5,4.88065434
0.64720,646,730.283142,702.314331,5,5.066065
0.64902,647,730.283142,702.319153,5,5.066065
0.64903,648,730.283142,702.3241,5,5.038799
0.65031,649,730.283142,702.3292,5,5.038799
0.65033,650,730.283142,702.334656,5,4.92973375
0.65220,651,730.283142,702.3393,5,5.109691
0.65397,652,730.283142,702.344543,5,5.016986
0.65402,653,730.283142,702.349365,5,5.12059736
0.65522,654,730.283142,702.354858,5,5.016986
0.65702,655,730.283142,702.359558,5,5.038799
0.65704,656,730.283142,702.3643,5,5.038799
0.65829,657,730.283142,702.3699,5,4.95154667
0.65830,658,730.283142,702.38,5,4.96245337
0.66023,659,730.283142,702.384338,5,5.109691
0.66193,660,730.283142,702.3898,5,4.96245337
0.66196,661,730.283142,702.3952,5,4.97335958
0.66321,662,730.283142,702.400269,5,5.109691
0.66505,663,730.283142,702.4048,5,5.066065
0.66507,664,730.283142,702.409241,5,5.09878445
0.66631,665,730.283142,702.4152,5,4.858842
0.66633,666,730.283142,702.4203,5,5.006079
0.66842,667,730.283142,702.4254,5,5.006079
0.66996,668,730.283142,702.4297,5,5.153317
0.66998,669,730.283142,702.4347,5,5.09878445
0.67121,670,730.283142,702.440247,5,4.847935
0.67303,671,730.283142,702.4452,5,4.97335958
0.67304,672,730.283142,702.4505,5,4.95154667
0.67430,673,730.283142,702.454834,5,5.164223
0.67431,674,730.283142,702.4601,5,5.006079
0.67624,675,730.283142,702.4652,5,4.95154667
0.67794,676,730.283142,702.4704,5,4.97335958
0.67796,677,730.283142,702.475647,5,4.98426628
0.67923,678,730.283142,702.480042,5,5.202396
0.68104,679,730.283142,702.485168,5,4.98426628
0.68106,680,730.283142,702.4899,5,4.97335958
0.68231,681,730.283142,702.4957,5,4.869748
0.68233,682,730.283142,702.5006,5,5.016986
0.68423,683,730.283142,702.5051,5,5.09878445
0.68598,684,730.283142,702.5099,5,4.995173
0.68601,685,730.283142,702.5149,5,4.97335958
0.68724,686,730.283142,702.520935,5,4.78794956
0.68903,687,730.283142,702.5256,5,5.109691
0.68905,688,730.283142,702.530457,5,5.109691
0.69029,689,730.283142,702.5352,5,4.995173
0.69030,690,730.283142,702.5408,5,4.869748
0.69222,691,730.283142,702.546,5,4.869748
0.69395,692,730.283142,702.5505,5,5.09878445
0.69396,693,730.283142,702.5555,5,5.016986
0.69520,694,730.283142,702.560364,5,4.90246725
0.69703,695,730.283142,702.5663,5,4.98426628
0.69705,696,730.283142,702.5713,5,5.087878
0.69830,697,730.283142,702.57605,5,5.07697153
0.69833,698,730.283142,702.5808,5,5.07697153
0.70012,699,730.283142,702.5859,5,4.891561
0.70198,700,730.283142,702.591858,5,5.066065
0.70200,701,730.283142,702.596436,5,5.006079
0.70323,702,730.283142,702.6017,5,5.14241028
0.70503,703,730.283142,702.606567,5,5.07697153
0.70505,704,730.283142,702.6122,5,5.05515862
0.70630,705,730.283142,702.617065,5,5.153317
0.70633,706,730.283142,702.621765,5,5.016986
0.70821,707,730.283142,702.627136,5,5.07697153
0.70995,708,730.283142,702.632,5,4.891561
0.70996,709,730.283142,702.637756,5,5.05515862
0.71123,710,730.283142,702.6424,5,5.05515862
0.71304,711,730.283142,702.6473,5,5.038799
0.71308,712,730.283142,702.6521,5,5.02789259
0.71429,713,730.283142,702.656738,5,4.913374
0.71430,714,730.283142,702.6627,5,5.09878445
0.71620,715,730.283142,702.667358,5,4.995173
0.71797,716,730.283142,702.672241,5,5.109691
0.71798,717,730.283142,702.6771,5,5.006079
0.71921,718,730.283142,702.6826,5,5.006079
0.72104,719,730.283142,702.6872,5,5.038799
0.72106,720,730.283142,702.6921,5,4.92973375
0.72231,721,730.283142,702.6975,5,5.07697153
0.72233,722,730.283142,702.702454,5,4.96245337
0.72418,723,730.283142,702.707642,5,5.09878445
0.72594,724,730.283142,702.711853,5,4.96245337
0.72595,725,730.283142,702.7174,5,4.97335958
0.72721,726,730.283142,702.722839,5,5.109691
0.72904,727,730.283142,702.7279,5,5.066065
0.72907,728,730.283142,702.7323,5,5.109691
0.73032,729,730.283142,702.736938,5,4.858842
0.73034,730,730.283142,702.7429,5,4.98426628
0.73219,731,730.283142,702.7479,5,5.006079
0.73399,732,730.283142,702.753,5,5.153317
0.73402,733,730.283142,702.757263,5,5.109691
0.73523,734,730.283142,702.7623,5,4.847935
0.73705,735,730.283142,702.7679,5,4.96245337
0.73707,736,730.283142,702.7727,5,4.92973375
0.73833,737,730.283142,702.778,5,5.153317
0.73836,738,730.283142,702.7823,5,5.006079
0.74018,739,730.283142,702.787659,5,4.94064
0.74195,740,730.283142,702.792664,5,4.98426628
0.74197,741,730.283142,702.798,5,4.96245337
0.74321,742,730.283142,702.80304,5,5.191489
0.74503,743,730.283142,702.807556,5,4.98426628
0.74506,744,730.283142,702.812561,5,4.96245337
0.74629,745,730.283142,702.817444,5,4.869748
0.74631,746,730.283142,702.8232,5,4.995173
0.74813,747,730.283142,702.828,5,5.109691
0.74995,748,730.283142,702.8326,5,4.98426628
0.74996,749,730.283142,702.8373,5,4.98426628
0.75121,750,730.283142,702.842346,5,4.76613665
0.75304,751,730.283142,702.8484,5,5.07697153
0.75306,752,730.283142,702.853,5,5.109691
0.75431,753,730.283142,702.862366,5,5.016986
0.75434,754,730.283142,702.862366,5,5.016986
0.75619,755,730.283142,702.8734,5,5.087878
0.75794,756,730.283142,702.878052,5,5.006079
0.75795,757,730.283142,702.8828,5,5.109691
0.75920,758,730.283142,702.887451,5,4.891561
0.76103,759,730.283142,702.8932,5,4.92973375
0.76105,760,730.283142,702.8982,5,5.066065
0.76232,761,730.283142,702.903,5,5.038799
0.76235,762,730.283142,702.9077,5,5.066065
0.76412,763,730.283142,702.912659,5,4.847935
0.76595,764,730.283142,702.9183,5,4.995173
0.76598,765,730.283142,702.922852,5,4.96245337
0.76721,766,730.283142,702.92804,5,5.066065
0.76904,767,730.283142,702.9329,5,5.07697153
0.76907,768,730.283142,702.938354,5,4.98426628
0.77030,769,730.283142,702.943665,5,5.14241028
0.77032,770,730.283142,702.948059,5,4.995173
0.77212,771,730.283142,702.953064,5,5.038799
0.77395,772,730.283142,702.9578,5,4.88065434
0.77397,773,730.283142,702.96344,5,4.995173
0.77521,774,730.283142,702.968262,5,5.05515862
0.77704,775,730.283142,702.9732,5,5.016986
0.77705,776,730.283142,702.978,5,5.066065
0.77830,777,730.283142,702.983154,5,4.88065434
0.77832,778,730.283142,702.9886,5,5.066065
0.78013,779,730.283142,702.9932,5,4.995173
0.78196,780,730.283142,702.9984,5,5.066065
0.78198,781,730.283142,703.0033,5,5.038799
0.78320,782,730.283142,703.008545,5,4.97335958
0.78519,783,730.283142,703.0135,5,5.066065
0.78521,784,730.283142,703.017944,5,4.90246725
0.78631,785,730.283142,703.02356,5,5.066065
0.78632,786,730.283142,703.0285,5,4.98426628
0.78813,787,730.283142,703.0336,5,5.02789259
0.78996,788,730.283142,703.038,5,5.006079
0.78998,789,730.283142,703.0432,5,4.891561
0.79121,790,730.283142,703.048767,5,5.07697153
0.79304,791,730.283142,703.0537,5,5.02789259
0.79305,792,730.283142,703.058533,5,5.109691
0.79430,793,730.283142,703.0627,5,4.891561
0.79432,794,730.283142,703.0686,5,4.913374
0.79611,795,730.283142,703.073853,5,5.016986
0.79798,796,730.283142,703.078857,5,5.066065
0.79801,797,730.283142,703.0836,5,5.164223
0.79920,798,730.283142,703.0884,5,4.869748
0.80120,799,730.283142,703.094,5,4.94064
0.80123,800,730.283142,703.099,5,4.94064
0.80233,801,730.283142,703.104248,5,5.09878445
0.80236,802,730.283142,703.108643,5,5.087878
0.80414,803,730.283142,703.1137,5,4.90246725
0.80597,804,730.283142,703.1192,5,4.995173
0.80599,805,730.283142,703.123962,5,4.913374
0.80722,806,730.283142,703.1294,5,5.164223
0.80905,807,730.283142,703.1338,5,5.038799
0.80908,808,730.283142,703.13916,5,4.95154667
0.81031,809,730.283142,703.14386,5,4.913374
0.81034,810,730.283142,703.1488,5,4.913374
0.81211,811,730.283142,703.154053,5,5.14241028
0.81397,812,730.283142,703.1585,5,4.995173
0.81399,813,730.283142,703.1634,5,5.02789259
0.81521,814,730.283142,703.168,5,4.798856
0.81707,815,730.283142,703.174133,5,4.98426628
0.81709,816,730.283142,703.1792,5,5.164223
0.81847,817,730.283142,703.183838,5,5.109691
0.81851,818,730.283142,703.1887,5,5.109691
0.82022,819,730.283142,703.194031,5,4.858842
0.82196,820,730.283142,703.199768,5,5.066065
0.82199,821,730.283142,703.2043,5,5.02789259
0.82322,822,730.283142,703.209167,5,5.109691
0.82504,823,730.283142,703.2138,5,4.98426628
0.82508,824,730.283142,703.2195,5,4.891561
0.82630,825,730.283142,703.2247,5,5.09878445
0.82631,826,730.283142,703.229431,5,5.02789259
0.82811,827,730.283142,703.234253,5,5.109691
0.82999,828,730.283142,703.239,5,4.891561
0.83002,829,730.283142,703.2447,5,4.96245337
0.83120,830,730.283142,703.2494,5,4.995173
0.83307,831,730.283142,703.2544,5,5.016986
0.83310,832,730.283142,703.2594,5,5.109691
0.83429,833,730.283142,703.2646,5,4.95154667
0.83430,834,730.283142,703.27,5,5.13150358
0.83611,835,730.283142,703.274536,5,5.016986
0.83802,836,730.283142,703.279541,5,5.016986
0.83805,837,730.283142,703.2843,5,4.94064
0.83922,838,730.283142,703.2899,5,4.92973375
0.84106,839,730.283142,703.2948,5,5.087878
0.84108,840,730.283142,703.2996,5,4.995173
0.84231,841,730.283142,703.304565,5,5.07697153
0.84233,842,730.283142,703.3094,5,4.88065434
0.84412,843,730.283142,703.314941,5,5.006079
0.84598,844,730.283142,703.3196,5,5.016986
0.84601,845,730.283142,703.3247,5,5.006079
0.84720,846,730.283142,703.329651,5,5.07697153
0.84907,847,730.283142,703.3348,5,4.92973375
0.84909,848,730.283142,703.3399,5,5.066065
0.85029,849,730.283142,703.34436,5,4.913374
0.85030,850,730.283142,703.3498,5,5.016986
0.85219,851,730.283142,703.354858,5,5.016986
0.85396,852,730.283142,703.360046,5,4.98426628
0.85397,853,730.283142,703.3694,5,4.858842
0.85522,854,730.283142,703.3752,5,5.07697153
0.85706,855,730.283142,703.3802,5,5.02789259
0.85709,856,730.283142,703.384949,5,5.109691
0.85829,857,730.283142,703.3891,5,4.96245337
0.85830,858,730.283142,703.3947,5,4.847935
0.86011,859,730.283142,703.400269,5,5.02789259
0.86195,860,730.283142,703.4052,5,5.016986
0.86197,861,730.283142,703.409851,5,5.202396
0.86320,862,730.283142,703.4143,5,4.92973375
0.86504,863,730.283142,703.420044,5,4.90246725
0.86506,864,730.283142,703.425,5,4.94064
0.86629,865,730.283142,703.4302,5,5.02789259
0.86630,866,730.283142,703.434753,5,5.14241028
0.86854,867,730.283142,703.4396,5,4.90246725
0.86997,868,730.283142,703.445,5,4.995173
0.86998,869,730.283142,703.4499,5,4.913374
0.87122,870,730.283142,703.4554,5,5.12059736
0.87310,871,730.283142,703.459961,5,5.109691
0.87312,872,730.283142,703.464844,5,4.95154667
0.87430,873,730.283142,703.4696,5,4.95154667
0.87432,874,730.283142,703.475037,5,4.858842
0.87615,875,730.283142,703.480469,5,5.109691
0.87797,876,730.283142,703.484863,5,5.006079
0.87800,877,730.283142,703.489746,5,5.016986
0.87920,878,730.283142,703.4944,5,4.858842
0.88106,879,730.283142,703.5003,5,4.88065434
0.88108,880,730.283142,703.5058,5,5.153317
0.88229,881,730.283142,703.5102,5,5.087878
0.88230,882,730.283142,703.514832,5,5.12059736
0.88417,883,730.283142,703.5196,5,4.858842
0.88598,884,730.283142,703.5259,5,4.97335958
0.88602,885,730.283142,703.530457,5,5.02789259
0.88726,886,730.283142,703.5354,5,5.038799
0.88906,887,730.283142,703.5399,5,5.02789259
0.88909,888,730.283142,703.545349,5,4.82612228
0.89028,889,730.283142,703.5509,5,5.038799
0.89029,890,730.283142,703.5554,5,5.006079
0.89214,891,730.283142,703.560364,5,5.087878
0.89397,892,730.283142,703.564941,5,4.95154667
0.89399,893,730.283142,703.570557,5,4.891561
0.89522,894,730.283142,703.575439,5,5.016986
0.89706,895,730.283142,703.5803,5,4.96245337
0.89709,896,730.283142,703.585449,5,5.12059736
0.89830,897,730.283142,703.5904,5,4.96245337
0.89831,898,730.283142,703.5959,5,5.07697153
0.90014,899,730.283142,703.600464,5,5.066065
0.90201,900,730.283142,703.6054,5,4.98426628
0.90204,901,730.283142,703.610535,5,4.995173
0.90321,902,730.283142,703.6155,5,4.847935
0.90507,903,730.283142,703.62085,5,5.07697153
0.90511,904,730.283142,703.6257,5,4.995173
0.90629,905,730.283142,703.6308,5,5.038799
0.90631,906,730.283142,703.635742,5,4.95154667
0.90816,907,730.283142,703.6411,5,4.92973375
0.90997,908,730.283142,703.6458,5,5.066065
0.91001,909,730.283142,703.6508,5,4.98426628
0.91120,910,730.283142,703.6559,5,5.109691
0.91305,911,730.283142,703.6608,5,4.94064
0.91309,912,730.283142,703.665833,5,5.02789259
0.91430,913,730.283142,703.670166,5,4.97335958
0.91432,914,730.283142,703.6756,5,4.94064
0.91613,915,730.283142,703.680664,5,5.05515862
0.91798,916,730.283142,703.685669,5,4.92973375
0.91802,917,730.283142,703.6905,5,5.066065
0.91923,918,730.283142,703.6949,5,4.858842
0.92106,919,730.283142,703.7006,5,4.94064
0.92108,920,730.283142,703.70575,5,5.016986
0.92230,921,730.283142,703.710632,5,4.995173
0.92232,922,730.283142,703.714661,5,5.006079
0.92414,923,730.283142,703.719666,5,4.75523
0.92595,924,730.283142,703.7256,5,4.94064
0.92597,925,730.283142,703.730469,5,4.94064
0.92721,926,730.283142,703.735352,5,5.12059736
0.92906,927,730.283142,703.7396,5,5.02789259
0.92908,928,730.283142,703.7449,5,4.78794956
0.93030,929,730.283142,703.7502,5,4.92973375
0.93032,930,730.283142,703.7551,5,4.88065434
0.93215,931,730.283142,703.760132,5,5.13150358
0.93398,932,730.283142,703.7645,5,4.96245337
0.93401,933,730.283142,703.769958,5,4.913374
0.93524,934,730.283142,703.774963,5,4.97335958
0.93711,935,730.283142,703.780151,5,4.95154667
0.93713,936,730.283142,703.7852,5,5.180583
0.93829,937,730.283142,703.7898,5,4.97335958
0.93830,938,730.283142,703.795044,5,4.95154667
0.94016,939,730.283142,703.7996,5,4.858842
0.94197,940,730.283142,703.8055,5,4.98426628
0.94203,941,730.283142,703.810059,5,5.09878445
0.94321,942,730.283142,703.8147,5,4.98426628
0.94508,943,730.283142,703.819763,5,4.98426628
0.94510,944,730.283142,703.8251,5,4.777043
0.94629,945,730.283142,703.830566,5,5.066065
0.94631,946,730.283142,703.835144,5,5.109691
0.94817,947,730.283142,703.8401,5,5.13150358
0.94999,948,730.283142,703.8448,5,5.016986
0.95001,949,730.283142,703.850647,5,4.858842
0.95121,950,730.283142,703.855835,5,5.087878
0.95308,951,730.283142,703.865234,5,5.109691
0.95310,952,730.283142,703.87,5,4.891561
0.95431,953,730.283142,703.87,5,4.891561
0.95432,954,730.283142,703.875854,5,4.913374
0.95617,955,730.283142,703.8855,5,5.02789259
0.95797,956,730.283142,703.890137,5,5.066065
0.95800,957,730.283142,703.890137,5,5.066065
0.95921,958,730.283142,703.9008,5,4.995173
0.96107,959,730.283142,703.9054,5,4.96245337
0.96109,960,730.283142,703.9106,5,5.066065
0.96229,961,730.283142,703.915344,5,5.066065
0.96232,962,730.283142,703.920959,5,4.97335958
0.96415,963,730.283142,703.9257,5,5.13150358
0.96596,964,730.283142,703.930542,5,4.98426628
0.96598,965,730.283142,703.9355,5,5.02789259
0.96721,966,730.283142,703.940247,5,4.869748
0.96907,967,730.283142,703.946,5,4.97335958
0.96912,968,730.283142,703.950562,5,5.05515862
0.97031,969,730.283142,703.9556,5,4.98426628
0.97033,970,730.283142,703.960266,5,5.038799
0.97214,971,730.283142,703.9655,5,4.847935
0.97398,972,730.283142,703.9709,5,5.02789259
0.97400,973,730.283142,703.9754,5,4.98426628
0.97522,974,730.283142,703.9806,5,5.02789259
0.97716,975,730.283142,703.9855,5,5.038799
0.97720,976,730.283142,703.990845,5,4.94064
0.97829,977,730.283142,703.995544,5,5.05515862
0.97831,978,730.283142,704.000244,5,4.88065434
0.98017,979,730.283142,704.0056,5,5.038799
0.98196,980,730.283142,704.010559,5,4.97335958
0.98198,981,730.283142,704.0158,5,5.006079
0.98320,982,730.283142,704.0201,5,5.016986
0.98526,983,730.283142,704.025452,5,4.88065434
0.98529,984,730.283142,704.030945,5,5.066065
0.98630,985,730.283142,704.0359,5,5.016986
0.98632,986,730.283142,704.040466,5,5.09878445
0.98815,987,730.283142,704.0448,5,4.90246725
0.98998,988,730.283142,704.0508,5,4.88065434
0.99000,989,730.283142,704.055969,5,5.016986
0.99121,990,730.283142,704.0609,5,5.05515862
0.99306,991,730.283142,704.065369,5,5.191489
0.99309,992,730.283142,704.0701,5,4.88065434
0.99431,993,730.283142,704.075745,5,4.913374
0.99433,994,730.283142,704.08075,5,4.92973375
0.99617,995,730.283142,704.085938,5,5.066065
0.99798,996,730.283142,704.0903,5,5.09878445
0.99801,997,730.283142,704.095459,5,4.891561
0.99920,998,730.283142,704.100647,5,4.995173
1.00106,999,730.283142,704.1061,5,4.913374
1.00108,1000,730.283142,704.1114,5,5.153317
1.00229,1001,730.283142,704.115845,5,5.07697153
1.00230,1002,730.283142,704.1209,5,4.96245337
1.00413,1003,730.283142,704.1257,5,4.92973375
1.00597,1004,730.283142,704.131348,5,4.90246725
1.00600,1005,730.283142,704.1363,5,5.13150358
1.00721,1006,730.283142,704.1409,5,5.006079
1.00903,1007,730.283142,704.14624,5,5.02789259
1.00905,1008,730.283142,704.1509,5,4.82612228
1.01029,1009,730.283142,704.1563,5,4.95154667
1.01031,1010,730.283142,704.1617,5,5.153317
1.01215,1011,730.283142,704.1665,5,5.09878445
1.01397,1012,730.283142,704.170349,5,5.09878445
1.01400,1013,730.283142,704.176,5,4.82612228
1.01521,1014,730.283142,704.181641,5,5.006079
1.01705,1015,730.283142,704.186157,5,4.995173
1.01708,1016,730.283142,704.1909,5,5.038799
1.01844,1017,730.283142,704.195557,5,4.96245337
1.01845,1018,730.283142,704.2012,5,4.78794956
1.02018,1019,730.283142,704.2063,5,5.016986
1.02200,1020,730.283142,704.210938,5,4.96245337
1.02202,1021,730.283142,704.2157,5,5.05515862
1.02321,1022,730.283142,704.2204,5,4.869748
1.02506,1023,730.283142,704.2261,5,4.869748
1.02508,1024,730.283142,704.2308,5,4.98426628
1.02632,1025,730.283142,704.2358,5,4.95154667
1.02634,1026,730.283142,704.2407,5,5.109691
1.02813,1027,730.283142,704.2459,5,4.92973375
1.02998,1028,730.283142,704.2512,5,5.07697153
1.03000,1029,730.283142,704.2558,5,5.05515862
1.03121,1030,730.283142,704.260864,5,4.98426628
1.03307,1031,730.283142,704.2655,5,4.98426628
1.03310,1032,730.283142,704.271057,5,4.88065434
1.03429,1033,730.283142,704.2761,5,5.09878445
1.03431,1034,730.283142,704.2809,5,5.006079
1.03619,1035,730.283142,704.2858,5,5.066065
1.03798,1036,730.283142,704.290649,5,4.94064
1.03801,1037,730.283142,704.296265,5,4.95154667
1.03922,1038,730.283142,704.300842,5,5.05515862
1.04108,1039,730.283142,704.305969,5,4.98426628
1.04113,1040,730.283142,704.3109,5,5.109691
1.04229,1041,730.283142,704.31604,5,4.94064
1.04230,1042,730.283142,704.3213,5,5.05515862
1.04415,1043,730.283142,704.3256,5,4.96245337
1.04600,1044,730.283142,704.3311,5,4.97335958
1.04607,1045,730.283142,704.3362,5,5.066065
1.04721,1046,730.283142,704.3413,5,4.95154667
1.04909,1047,730.283142,704.345947,5,5.09878445
1.04911,1048,730.283142,704.3507,5,4.891561
1.05030,1049,730.283142,704.356567,5,5.02789259
1.05032,1050,730.283142,704.3616,5,5.07697153
1.05213,1051,730.283142,704.3664,5,5.09878445
1.05400,1052,730.283142,704.3705,5,5.02789259
1.05403,1053,730.283142,704.381653,5,5.02789259
1.05522,1054,730.283142,704.386658,5,4.995173
1.05710,1055,730.283142,704.3913,5,5.191489
1.05713,1056,730.283142,704.3957,5,4.995173
1.05829,1057,730.283142,704.401367,5,4.847935
1.05831,1058,730.283142,704.4063,5,4.94064
1.06014,1059,730.283142,704.41156,5,4.95154667
1.06200,1060,730.283142,704.4162,5,5.153317
1.06202,1061,730.283142,704.420837,5,4.913374
1.06320,1062,730.283142,704.4263,5,4.95154667
1.06506,1063,730.283142,704.431152,5,4.92973375
1.06510,1064,730.283142,704.436646,5,5.02789259
1.06630,1065,730.283142,704.4412,5,5.153317
1.06631,1066,730.283142,704.446045,5,4.94064
1.06853,1067,730.283142,704.450867,5,4.96245337
1.06997,1068,730.283142,704.4561,5,4.837029
1.07001,1069,730.283142,704.461731,5,5.05515862
1.07123,1070,730.283142,704.466064,5,5.05515862
1.07306,1071,730.283142,704.471,5,4.98426628
1.07311,1072,730.283142,704.475647,5,4.92973375
1.07437,1073,730.283142,704.4814,5,4.81521559
1.07440,1074,730.283142,704.487,5,5.13150358
1.07617,1075,730.283142,704.4917,5,5.087878
1.07795,1076,730.283142,704.4963,5,5.14241028
1.07798,1077,730.283142,704.50116,5,4.92973375
1.07921,1078,730.283142,704.507141,5,4.891561
1.08106,1079,730.283142,704.5118,5,5.07697153
1.08109,1080,730.283142,704.5166,5,5.006079
1.08229,1081,730.283142,704.5212,5,5.087878
1.08230,1082,730.283142,704.5265,5,4.82612228
1.08415,1083,730.283142,704.532043,5,4.97335958
1.08596,1084,730.283142,704.5367,5,5.02789259
1.08598,1085,730.283142,704.5416,5,5.05515862
1.08723,1086,730.283142,704.5461,5,5.016986
1.08910,1087,730.283142,704.5517,5,4.847935
1.08912,1088,730.283142,704.5567,5,5.016986
1.09029,1089,730.283142,704.561462,5,4.95154667
1.09030,1090,730.283142,704.5667,5,5.109691
1.09215,1091,730.283142,704.571533,5,5.02789259
1.09398,1092,730.283142,704.577148,5,5.016986
1.09401,1093,730.283142,704.5817,5,5.109691
1.09524,1094,730.283142,704.5867,5,4.98426628
1.09707,1095,730.283142,704.591431,5,5.02789259
1.09710,1096,730.283142,704.596741,5,4.847935
1.09829,1097,730.283142,704.6022,5,5.038799
1.09830,1098,730.283142,704.6067,5,5.02789259
1.10017,1099,730.283142,704.611755,5,5.016986
1.10198,1100,730.283142,704.616455,5,5.016986
1.10201,1101,730.283142,704.6225,5,4.891561
1.10331,1102,730.283142,704.627258,5,5.087878
1.10508,1103,730.283142,704.6322,5,4.995173
1.10511,1104,730.283142,704.6373,5,5.09878445
1.10630,1105,730.283142,704.6423,5,5.006079
1.10632,1106,730.283142,704.647644,5,5.016986
1.10812,1107,730.283142,704.6519,5,5.02789259
1.10999,1108,730.283142,704.657654,5,4.92973375
1.11003,1109,730.283142,704.6624,5,5.07697153
1.11120,1110,730.283142,704.667542,5,4.96245337
1.11307,1111,730.283142,704.672058,5,5.087878
1.11310,1112,730.283142,704.676636,5,4.96245337
1.11430,1113,730.283142,704.6824,5,4.96245337
1.11432,1114,730.283142,704.687439,5,5.087878
1.11614,1115,730.283142,704.6925,5,5.038799
1.11795,1116,730.283142,704.6966,5,5.09878445
1.11798,1117,730.283142,704.701843,5,4.858842
1.11922,1118,730.283142,704.7076,5,4.98426628
1.12110,1119,730.283142,704.712646,5,5.016986
1.12112,1120,730.283142,704.717651,5,5.153317
1.12230,1121,730.283142,704.721863,5,5.14241028
1.12232,1122,730.283142,704.7274,5,4.88065434
1.12416,1123,730.283142,704.732544,5,4.995173
1.12594,1124,730.283142,704.7378,5,4.97335958
1.12595,1125,730.283142,704.7426,5,5.191489
1.12720,1126,730.283142,704.747559,5,5.02789259
1.12906,1127,730.283142,704.7527,5,4.97335958
1.12908,1128,730.283142,704.7576,5,5.006079
1.13029,1129,730.283142,704.7631,5,4.995173
1.13031,1130,730.283142,704.7679,5,5.21330261
1.13212,1131,730.283142,704.7725,5,4.995173
1.13398,1132,730.283142,704.7777,5,4.98426628
1.13401,1133,730.283142,704.783,5,4.869748
1.13524,1134,730.283142,704.7883,5,5.016986
1.13705,1135,730.283142,704.7928,5,5.09878445
1.13709,1136,730.283142,704.797852,5,4.995173
1.13831,1137,730.283142,704.8024,5,4.97335958
1.13833,1138,730.283142,704.808167,5,4.777043
1.14020,1139,730.283142,704.81366,5,5.087878
1.14194,1140,730.283142,704.818237,5,5.09878445
1.14195,1141,730.283142,704.822937,5,5.13150358
1.14320,1142,730.283142,704.8277,5,4.995173
1.14503,1143,730.283142,704.8337,5,4.869748
1.14506,1144,730.283142,704.83844,5,5.09878445
1.14630,1145,730.283142,704.843262,5,5.006079
1.14632,1146,730.283142,704.8479,5,5.09878445
1.14815,1147,730.283142,704.852966,5,4.88065434
1.14993,1148,730.283142,704.858765,5,4.94064
1.14995,1149,730.283142,704.863342,5,5.066065
1.15121,1150,730.283142,704.868347,5,5.05515862
1.15305,1151,730.283142,704.8728,5,5.05515862
1.15307,1152,730.283142,704.8784,5,4.847935
1.15431,1153,730.283142,704.8835,5,5.016986
1.15434,1154,730.283142,704.888245,5,4.96245337
1.15617,1155,730.283142,704.893433,5,5.09878445
1.15795,1156,730.283142,704.903931,5,4.98426628
1.15796,1157,730.283142,704.9085,5,5.13150358
1.15920,1158,730.283142,704.9134,5,4.98426628
1.16104,1159,730.283142,704.918335,5,5.05515862
1.16107,1160,730.283142,704.923462,5,4.88065434
1.16232,1161,730.283142,704.9289,5,5.006079
1.16236,1162,730.283142,704.9335,5,5.066065
1.16417,1163,730.283142,704.93866,5,5.006079
1.16593,1164,730.283142,704.943237,5,5.05515862
1.16594,1165,730.283142,704.948853,5,4.891561
1.16720,1166,730.283142,704.9538,5,5.07697153
1.16908,1167,730.283142,704.9586,5,4.995173
1.16909,1168,730.283142,704.963867,5,5.087878
1.17033,1169,730.283142,704.9687,5,5.038799
1.17035,1170,730.283142,704.97406,5,4.98426628
1.17217,1171,730.283142,704.9785,5,5.05515862
1.17394,1172,730.283142,704.9837,5,4.913374
1.17396,1173,730.283142,704.988953,5,5.07697153
1.17523,1174,730.283142,704.994,5,4.97335958
1.17704,1175,730.283142,704.99884,5,5.05515862
1.17707,1176,730.283142,705.0033,5,4.98426628
1.17833,1177,730.283142,705.0091,5,4.913374
1.17834,1178,730.283142,705.0142,5,5.087878
1.18019,1179,730.283142,705.0192,5,5.038799
1.18195,1180,730.283142,705.023438,5,5.09878445
1.18197,1181,730.283142,705.028442,5,4.869748
1.18322,1182,730.283142,705.034363,5,4.92973375
1.18512,1183,730.283142,705.039246,5,5.006079
1.18516,1184,730.283142,705.04425,5,5.087878
1.18629,1185,730.283142,705.0484,5,5.14241028
1.18631,1186,730.283142,705.0537,5,4.847935
1.18816,1187,730.283142,705.0591,5,4.94064
1.18995,1188,730.283142,705.064,5,4.92973375
1.18996,1189,730.283142,705.069153,5,5.109691
1.19125,1190,730.283142,705.073547,5,5.066065
1.19304,1191,730.283142,705.079,5,4.90246725
1.19306,1192,730.283142,705.083862,5,4.995173
1.19429,1193,730.283142,705.0893,5,4.92973375
1.19431,1194,730.283142,705.094238,5,5.180583
1.19612,1195,730.283142,705.098755,5,5.016986
1.19794,1196,730.283142,705.1042,5,4.95154667
1.19795,1197,730.283142,705.109,5,4.891561
1.19921,1198,730.283142,705.114868,5,4.913374
1.20104,1199,730.283142,705.1193,5,5.12059736
1.20105,1200,730.283142,705.1241,5,4.98426628
1.20230,1201,730.283142,705.1287,5,5.016986
1.20232,1202,730.283142,705.1341,5,4.78794956
1.20412,1203,730.283142,705.140259,5,4.98426628
1.20593,1204,730.283142,705.1444,5,5.13150358
1.20594,1205,730.283142,705.1493,5,5.09878445
1.20725,1206,730.283142,705.154053,5,5.066065
1.20903,1207,730.283142,705.16,5,4.82612228
1.20904,1208,730.283142,705.165039,5,5.05515862
1.21030,1209,730.283142,705.1697,5,4.995173
1.21031,1210,730.283142,705.174438,5,5.09878445
1.21214,1211,730.283142,705.1793,5,4.96245337
1.21395,1212,730.283142,705.1851,5,4.869748
1.21396,1213,730.283142,705.1896,5,5.07697153
1.21524,1214,730.283142,705.194458,5,5.006079
1.21702,1215,730.283142,705.199,5,5.07697153
1.21703,1216,730.283142,705.204163,5,4.869748
1.21849,1217,730.283142,705.2097,5,4.95154667
1.21853,1218,730.283142,705.214233,5,4.98426628
1.22013,1219,730.283142,705.2195,5,5.02789259
1.22194,1220,730.283142,705.2243,5,5.12059736
1.22196,1221,730.283142,705.229858,5,4.96245337
1.22324,1222,730.283142,705.234741,5,5.14241028
1.22503,1223,730.283142,705.239563,5,5.02789259
1.22505,1224,730.283142,705.2445,5,5.02789259
1.22631,1225,730.283142,705.2497,5,4.94064
1.22636,1226,730.283142,705.255066,5,4.94064
1.22814,1227,730.283142,705.2597,5,5.09878445
1.22995,1228,730.283142,705.2647,5,5.016986
1.22996,1229,730.283142,705.2695,5,5.07697153
1.23122,1230,730.283142,705.2748,5,4.90246725
1.23305,1231,730.283142,705.2801,5,5.02789259
1.23307,1232,730.283142,705.284668,5,5.016986
1.23430,1233,730.283142,705.2899,5,5.02789259
1.23433,1234,730.283142,705.294739,5,5.087878
1.23612,1235,730.283142,705.3002,5,4.94064
1.23797,1236,730.283142,705.3048,5,5.087878
1.23799,1237,730.283142,705.3097,5,4.913374
1.23921,1238,730.283142,705.315063,5,5.02789259
1.24105,1239,730.283142,705.32,5,5.016986
1.24108,1240,730.283142,705.3251,5,4.995173
1.24234,1241,730.283142,705.3294,5,5.05515862
1.24237,1242,730.283142,705.335,5,4.869748
1.24412,1243,730.283142,705.340332,5,5.07697153
1.24594,1244,730.283142,705.345337,5,5.038799
1.24595,1245,730.283142,705.3498,5,5.109691
1.24720,1246,730.283142,705.3543,5,4.95154667
1.24905,1247,730.283142,705.3604,5,4.858842
1.24909,1248,730.283142,705.365356,5,5.02789259
1.25031,1249,730.283142,705.370361,5,5.016986
1.25033,1250,730.283142,705.3747,5,5.202396
1.25213,1251,730.283142,705.379761,5,4.913374
1.25396,1252,730.283142,705.385254,5,4.90246725
1.25398,1253,730.283142,705.3954,5,5.038799
1.25522,1254,730.283142,705.3997,5,5.13150358
1.25703,1255,730.283142,705.404968,5,4.891561
1.25706,1256,730.283142,705.4101,5,4.98426628
1.25831,1257,730.283142,705.4153,5,4.913374
1.25834,1258,730.283142,705.4205,5,5.12059736
1.26011,1259,730.283142,705.4249,5,5.09878445
1.26196,1260,730.283142,705.4299,5,4.95154667
1.26198,1261,730.283142,705.4347,5,4.94064
1.26320,1262,730.283142,705.4405,5,4.858842
1.26504,1263,730.283142,705.4454,5,5.12059736
1.26505,1264,730.283142,705.450256,5,5.006079
1.26630,1265,730.283142,705.455,5,5.016986
1.26633,1266,730.283142,705.46,5,4.858842
1.26865,1267,730.283142,705.466,5,4.891561
1.27000,1268,730.283142,705.470642,5,5.164223
1.27002,1269,730.283142,705.4756,5,5.087878
1.27123,1270,730.283142,705.48,5,5.12059736
1.27304,1271,730.283142,705.4856,5,4.858842
1.27306,1272,730.283142,705.4911,5,4.98426628
1.27433,1273,730.283142,705.4956,5,5.038799
1.27437,1274,730.283142,705.5004,5,5.05515862
1.27611,1275,730.283142,705.505066,5,5.016986
1.27799,1276,730.283142,705.5109,5,4.82612228
1.27802,1277,730.283142,705.515869,5,5.038799
1.27921,1278,730.283142,705.5206,5,5.006079
1.28103,1279,730.283142,705.525269,5,5.09878445
1.28104,1280,730.283142,705.5302,5,4.94064
1.28230,1281,730.283142,705.5359,5,4.90246725
1.28235,1282,730.283142,705.540466,5,5.038799
1.28411,1283,730.283142,705.545654,5,4.97335958
1.28597,1284,730.283142,705.550842,5,5.13150358
1.28599,1285,730.283142,705.555969,5,4.95154667
1.28720,1286,730.283142,705.5611,5,5.07697153
1.28903,1287,730.283142,705.565735,5,5.05515862
1.28904,1288,730.283142,705.5707,5,4.995173
1.29031,1289,730.283142,705.575439,5,5.006079
1.29035,1290,730.283142,705.5811,5,4.88065434
1.29214,1291,730.283142,705.5859,5,5.087878
1.29396,1292,730.283142,705.590759,5,5.006079
1.29399,1293,730.283142,705.595642,5,5.066065
1.29521,1294,730.283142,705.6007,5,4.95154667
1.29703,1295,730.283142,705.6062,5,4.96245337
1.29705,1296,730.283142,705.6108,5,5.066065
1.29830,1297,730.283142,705.615967,5,4.98426628
1.29832,1298,730.283142,705.62085,5,5.109691
1.30011,1299,730.283142,705.6261,5,4.95154667
1.30217,1300,730.283142,705.6313,5,5.05515862
1.30224,1301,730.283142,705.636,5,4.96245337
1.30321,1302,730.283142,705.6414,5,4.96245337
1.30505,1303,730.283142,705.646362,5,5.066065
1.30506,1304,730.283142,705.65155,5,4.95154667
1.30629,1305,730.283142,705.6558,5,5.09878445
1.30630,1306,730.283142,705.6612,5,4.88065434
1.30812,1307,730.283142,705.667053,5,5.016986
1.30996,1308,730.283142,705.671936,5,5.05515862
1.30999,1309,730.283142,705.6766,5,5.07697153
1.31121,1310,730.283142,705.6809,5,5.02789259
1.31303,1311,730.283142,705.686157,5,4.81521559
1.31304,1312,730.283142,705.6914,5,5.006079
1.31428,1313,730.283142,705.6964,5,4.97335958
1.31429,1314,730.283142,705.700867,5,5.180583
1.31611,1315,730.283142,705.7054,5,4.98426628
1.31797,1316,730.283142,705.7111,5,4.82612228
1.31800,1317,730.283142,705.715942,5,4.92973375
1.31921,1318,730.283142,705.7211,5,4.913374
1.32105,1319,730.283142,705.7256,5,5.13150358
1.32107,1320,730.283142,705.730469,5,4.90246725
1.32230,1321,730.283142,705.7358,5,4.90246725
1.32231,1322,730.283142,705.740662,5,4.90246725
1.32412,1323,730.283142,705.746155,5,4.97335958
1.32596,1324,730.283142,705.750549,5,5.14241028
1.32599,1325,730.283142,705.7558,5,4.913374
1.32719,1326,730.283142,705.760559,5,4.94064
1.32905,1327,730.283142,705.766052,5,4.81521559
1.32906,1328,730.283142,705.7713,5,4.995173
1.33029,1329,730.283142,705.7757,5,5.066065
1.33030,1330,730.283142,705.7806,5,4.96245337
1.33211,1331,730.283142,705.7852,5,4.94064
1.33396,1332,730.283142,705.7912,5,4.76613665
1.33398,1333,730.283142,705.796265,5,5.09878445
1.33526,1334,730.283142,705.8013,5,5.087878
1.33705,1335,730.283142,705.8056,5,5.13150358
1.33706,1336,730.283142,705.810547,5,4.97335958
1.33830,1337,730.283142,705.8164,5,4.858842
1.33832,1338,730.283142,705.821,5,5.087878
1.34011,1339,730.283142,705.8259,5,5.006079
1.34197,1340,730.283142,705.8304,5,5.09878445
1.34200,1341,730.283142,705.8359,5,4.869748
1.34319,1342,730.283142,705.8414,5,4.95154667
1.34505,1343,730.283142,705.846,5,5.05515862
1.34506,1344,730.283142,705.8508,5,5.038799
1.34629,1345,730.283142,705.8555,5,5.05515862
1.34630,1346,730.283142,705.8612,5,4.847935
1.34812,1347,730.283142,705.8661,5,5.006079
1.34997,1348,730.283142,705.87085,5,4.96245337
1.34999,1349,730.283142,705.876,5,5.087878
1.35120,1350,730.283142,705.881042,5,5.05515862
1.35304,1351,730.283142,705.8866,5,4.995173
1.35306,1352,730.283142,705.891052,5,5.12059736
1.35430,1353,730.283142,705.8961,5,4.995173
1.35431,1354,730.283142,705.9009,5,5.038799
1.35612,1355,730.283142,705.911438,5,5.016986
1.35798,1356,730.283142,705.916138,5,5.038799
1.35800,1357,730.283142,705.9212,5,5.006079
1.35921,1358,730.283142,705.925842,5,5.038799
1.36105,1359,730.283142,705.9316,5,4.88065434
1.36107,1360,730.283142,705.9362,5,5.066065
1.36230,1361,730.283142,705.9411,5,4.98426628
1.36232,1362,730.283142,705.9462,5,5.066065
1.36411,1363,730.283142,705.9512,5,5.006079
1.36598,1364,730.283142,705.9566,5,4.96245337
1.36601,1365,730.283142,705.9609,5,5.038799
1.36721,1366,730.283142,705.966248,5,4.88065434
1.36905,1367,730.283142,705.9713,5,5.05515862
1.36908,1368,730.283142,705.97644,5,4.95154667
1.37031,1369,730.283142,705.98114,5,5.02789259
1.37033,1370,730.283142,705.9857,5,4.995173
1.37212,1371,730.283142,705.991638,5,4.891561
1.37402,1372,730.283142,705.9966,5,5.087878
1.37404,1373,730.283142,706.001831,5,5.038799
1.37521,1374,730.283142,706.005737,5,5.109691
1.37707,1375,730.283142,706.0109,5,4.88065434
1.37709,1376,730.283142,706.016663,5,4.913374
1.37830,1377,730.283142,706.021667,5,5.016986
1.37831,1378,730.283142,706.02655,5,5.07697153
1.38013,1379,730.283142,706.030762,5,5.14241028
1.38198,1380,730.283142,706.0362,5,4.847935
1.38201,1381,730.283142,706.0414,5,4.92973375
1.38321,1382,730.283142,706.0466,5,4.92973375
1.38526,1383,730.283142,706.0514,5,5.09878445
1.38532,1384,730.283142,706.055969,5,5.066065
1.38632,1385,730.283142,706.06134,5,4.90246725
1.38634,1386,730.283142,706.0666,5,4.995173
1.38817,1387,730.283142,706.072144,5,4.913374
1.38999,1388,730.283142,706.0764,5,5.180583
1.39002,1389,730.283142,706.0812,5,5.016986
1.39121,1390,730.283142,706.086365,5,4.95154667
1.39306,1391,730.283142,706.0915,5,4.913374
1.39308,1392,730.283142,706.0972,5,4.913374
1.39430,1393,730.283142,706.1016,5,5.13150358
1.39432,1394,730.283142,706.1065,5,4.98426628
1.39615,1395,730.283142,706.1111,5,5.006079
1.39799,1396,730.283142,706.1167,5,4.78794956
1.39803,1397,730.283142,706.1223,5,4.995173
1.39920,1398,730.283142,706.1269,5,5.14241028
1.40104,1399,730.283142,706.1316,5,5.109691
1.40107,1400,730.283142,706.136169,5,5.087878
1.40230,1401,730.283142,706.1422,5,4.837029
1.40234,1402,730.283142,706.1474,5,5.038799
1.40411,1403,730.283142,706.152161,5,5.006079
1.40598,1404,730.283142,706.156738,5,5.087878
1.40601,1405,730.283142,706.1619,5,4.96245337
1.40726,1406,730.283142,706.1676,5,4.869748
1.40906,1407,730.283142,706.1722,5,5.07697153
1.40910,1408,730.283142,706.1771,5,5.006079
1.41030,1409,730.283142,706.181763,5,5.087878
1.41033,1410,730.283142,706.1875,5,4.869748
1.41212,1411,730.283142,706.192566,5,4.94064
1.41397,1412,730.283142,706.197449,5,4.98426628
1.41399,1413,730.283142,706.2025,5,5.006079
1.41521,1414,730.283142,706.206665,5,5.109691
1.41710,1415,730.283142,706.2124,5,4.95154667
1.41713,1416,730.283142,706.217041,5,5.13150358
1.41830,1417,730.283142,706.2219,5,5.02789259
1.41835,1418,730.283142,706.2268,5,5.016986
1.42022,1419,730.283142,706.231934,5,4.95154667
1.42198,1420,730.283142,706.2374,5,4.92973375
1.42202,1421,730.283142,706.242,5,5.087878
1.42321,1422,730.283142,706.247131,5,5.006079
1.42510,1423,730.283142,706.252136,5,5.09878445
1.42512,1424,730.283142,706.2573,5,4.913374
1.42629,1425,730.283142,706.2624,5,5.02789259
1.42630,1426,730.283142,706.267,5,5.038799
1.42814,1427,730.283142,706.272339,5,5.006079
1.42997,1428,730.283142,706.2771,5,5.087878
1.42999,1429,730.283142,706.282532,5,4.94064
1.43122,1430,730.283142,706.287048,5,5.07697153
1.43307,1431,730.283142,706.2922,5,4.92973375
1.43311,1432,730.283142,706.2974,5,5.016986
1.43429,1433,730.283142,706.302368,5,5.016986
1.43430,1434,730.283142,706.307434,5,4.97335958
1.43613,1435,730.283142,706.3118,5,5.05515862
1.43801,1436,730.283142,706.3174,5,4.858842
1.43804,1437,730.283142,706.3227,5,5.066065
1.43921,1438,730.283142,706.3277,5,5.02789259
1.44107,1439,730.283142,706.3319,5,5.09878445
1.44109,1440,730.283142,706.336731,5,4.95154667
1.44228,1441,730.283142,706.3427,5,4.837029
1.44230,1442,730.283142,706.3476,5,5.016986
1.44419,1443,730.283142,706.352661,5,5.006079
1.44597,1444,730.283142,706.3569,5,5.191489
1.44599,1445,730.283142,706.362061,5,4.913374
1.44723,1446,730.283142,706.3674,5,4.88065434
1.44907,1447,730.283142,706.3724,5,4.92973375
1.44911,1448,730.283142,706.377441,5,5.016986
1.45030,1449,730.283142,706.3819,5,5.13150358
1.45032,1450,730.283142,706.3872,5,4.891561
1.45220,1451,730.283142,706.392456,5,4.97335958
1.45398,1452,730.283142,706.4025,5,5.09878445
1.45401,1453,730.283142,706.4074,5,5.109691
1.45520,1454,730.283142,706.4124,5,4.95154667
1.45706,1455,730.283142,706.417236,5,4.92973375
1.45708,1456,730.283142,706.423,5,4.837029
1.45830,1457,730.283142,706.4277,5,5.09878445
1.45831,1458,730.283142,706.4323,5,5.006079
1.46019,1459,730.283142,706.436951,5,5.006079
1.46200,1460,730.283142,706.442139,5,4.858842
1.46203,1461,730.283142,706.448059,5,4.837029
1.46325,1462,730.283142,706.4527,5,5.153317
1.46509,1463,730.283142,706.4575,5,5.066065
1.46511,1464,730.283142,706.462,5,5.12059736
1.46629,1465,730.283142,706.467651,5,4.869748
1.46631,1466,730.283142,706.473,5,4.94064
1.46854,1467,730.283142,706.477539,5,5.05515862
1.47004,1468,730.283142,706.482361,5,5.02789259
1.47007,1469,730.283142,706.487061,5,5.05515862
1.47121,1470,730.283142,706.4929,5,4.81521559
1.47306,1471,730.283142,706.497742,5,5.016986
1.47307,1472,730.283142,706.502563,5,5.016986
1.47430,1473,730.283142,706.5072,5,5.07697153
1.47432,1474,730.283142,706.5123,5,4.96245337
1.47616,1475,730.283142,706.5179,5,4.869748
1.47802,1476,730.283142,706.522461,5,5.016986
1.47804,1477,730.283142,706.527649,5,4.96245337
1.47921,1478,730.283142,706.5324,5,5.13150358
1.48107,1479,730.283142,706.537842,5,4.97335958
1.48109,1480,730.283142,706.542969,5,5.07697153
1.48230,1481,730.283142,706.5476,5,5.087878
1.48231,1482,730.283142,706.5527,5,4.995173
1.48416,1483,730.283142,706.557434,5,5.02789259
1.48597,1484,730.283142,706.5631,5,4.858842
1.48599,1485,730.283142,706.567749,5,5.07697153
1.48722,1486,730.283142,706.5727,5,5.016986
1.48907,1487,730.283142,706.5776,5,5.038799
1.48909,1488,730.283142,706.5827,5,4.96245337
1.49030,1489,730.283142,706.5882,5,4.92973375
1.49032,1490,730.283142,706.592651,5,5.07697153
1.49218,1491,730.283142,706.597961,5,4.97335958
1.49397,1492,730.283142,706.6027,5,5.109691
1.49400,1493,730.283142,706.608154,5,4.96245337
1.49520,1494,730.283142,706.612854,5,5.02789259
1.49707,1495,730.283142,706.617554,5,4.98426628
1.49709,1496,730.283142,706.623047,5,4.94064
1.49830,1497,730.283142,706.6279,5,5.066065
1.49832,1498,730.283142,706.6331,5,4.94064
1.50016,1499,730.283142,706.637451,5,5.09878445
1.50204,1500,730.283142,706.6428,5,4.90246725
1.50208,1501,730.283142,706.6487,5,4.995173
1.50322,1502,730.283142,706.653564,5,5.087878
1.50504,1503,730.283142,706.658142,5,5.05515862
1.50506,1504,730.283142,706.662537,5,5.066065
1.50632,1505,730.283142,706.6685,5,4.82612228
1.50635,1506,730.283142,706.6739,5,4.995173
1.50817,1507,730.283142,706.6789,5,4.98426628
1.51000,1508,730.283142,706.6831,5,5.164223
1.51003,1509,730.283142,706.687866,5,5.05515862
1.51121,1510,730.283142,706.6932,5,4.837029
1.51309,1511,730.283142,706.698059,5,4.96245337
1.51312,1512,730.283142,706.703857,5,4.92973375
1.51428,1513,730.283142,706.7077,5,5.153317
1.51430,1514,730.283142,706.712769,5,4.96245337
1.51617,1515,730.283142,706.7182,5,4.92973375
1.51797,1516,730.283142,706.7234,5,4.95154667
1.51800,1517,730.283142,706.7287,5,4.97335958
1.51922,1518,730.283142,706.7331,5,5.164223
1.52108,1519,730.283142,706.7381,5,4.96245337
1.52111,1520,730.283142,706.7429,5,4.97335958
1.52230,1521,730.283142,706.7486,5,4.847935
1.52232,1522,730.283142,706.7536,5,5.016986
1.52416,1523,730.283142,706.7581,5,5.087878
1.52600,1524,730.283142,706.763,5,4.98426628
1.52603,1525,730.283142,706.767761,5,4.97335958
1.52722,1526,730.283142,706.7738,5,4.777043
1.52906,1527,730.283142,706.7786,5,5.09878445
1.52908,1528,730.283142,706.783447,5,5.09878445
1.53029,1529,730.283142,706.7879,5,5.13150358
1.53031,1530,730.283142,706.7932,5,4.995173
1.53214,1531,730.283142,706.79895,5,4.869748
1.53398,1532,730.283142,706.803467,5,5.087878
1.53400,1533,730.283142,706.80835,5,5.006079
1.53522,1534,730.283142,706.813,5,5.09878445
1.53706,1535,730.283142,706.818542,5,4.869748
1.53708,1536,730.283142,706.823853,5,4.95154667
1.53831,1537,730.283142,706.828552,5,5.05515862
1.53834,1538,730.283142,706.833252,5,5.05515862
1.54017,1539,730.283142,706.838,5,5.05515862
1.54197,1540,730.283142,706.8438,5,4.847935
1.54199,1541,730.283142,706.84845,5,5.016986
1.54321,1542,730.283142,706.8535,5,4.95154667
1.54506,1543,730.283142,706.858459,5,5.087878
1.54509,1544,730.283142,706.8636,5,5.05515862
1.54629,1545,730.283142,706.8691,5,4.995173
1.54631,1546,730.283142,706.873535,5,5.13150358
1.54815,1547,730.283142,706.8786,5,4.98426628
1.54997,1548,730.283142,706.88324,5,5.038799
1.55000,1549,730.283142,706.888855,5,4.869748
1.55120,1550,730.283142,706.89386,5,5.016986
1.55307,1551,730.283142,706.8986,5,5.05515862
1.55309,1552,730.283142,706.903564,5,4.995173
1.55430,1553,730.283142,706.908447,5,5.02789259
1.55431,1554,730.283142,706.91864,5,5.066065
1.55615,1555,730.283142,706.923645,5,4.98426628
1.55802,1556,730.283142,706.92865,5,5.066065
1.55806,1557,730.283142,706.933838,5,5.016986
1.55921,1558,730.283142,706.9389,5,4.96245337
1.56107,1559,730.283142,706.943359,5,5.038799
1.56109,1560,730.283142,706.9487,5,4.88065434
1.56229,1561,730.283142,706.953735,5,5.038799
1.56230,1562,730.283142,706.9588,5,4.95154667
1.56416,1563,730.283142,706.96344,5,5.016986
1.56597,1564,730.283142,706.968262,5,4.97335958
1.56600,1565,730.283142,706.974,5,4.88065434
1.56721,1566,730.283142,706.978943,5,5.066065
1.56905,1567,730.283142,706.983948,5,5.016986
1.56909,1568,730.283142,706.9879,5,5.09878445
1.57029,1569,730.283142,706.993469,5,4.869748
1.57031,1570,730.283142,706.9991,5,4.891561
1.57218,1571,730.283142,707.003845,5,4.995173
1.57401,1572,730.283142,707.0087,5,5.05515862
1.57403,1573,730.283142,707.013,5,5.153317
1.57521,1574,730.283142,707.0187,5,4.847935
1.57708,1575,730.283142,707.0237,5,4.92973375
1.57711,1576,730.283142,707.0292,5,4.913374
1.57829,1577,730.283142,707.033752,5,5.087878
1.57832,1578,730.283142,707.0386,5,5.07697153
1.58012,1579,730.283142,707.044,5,4.88065434
1.58198,1580,730.283142,707.048462,5,4.98426628
1.58201,1581,730.283142,707.0544,5,4.90246725
1.58322,1582,730.283142,707.058838,5,5.153317
1.58516,1583,730.283142,707.0637,5,5.02789259
1.58522,1584,730.283142,707.0686,5,4.94064
1.58632,1585,730.283142,707.073853,5,4.913374
1.58635,1586,730.283142,707.079468,5,4.90246725
1.58816,1587,730.283142,707.08374,5,5.13150358
1.59001,1588,730.283142,707.088745,5,4.995173
1.59003,1589,730.283142,707.093262,5,5.02789259
1.59125,1590,730.283142,707.0991,5,4.798856
1.59308,1591,730.283142,707.1045,5,4.96245337
1.59311,1592,730.283142,707.109,5,5.14241028
1.59430,1593,730.283142,707.113831,5,5.09878445
1.59432,1594,730.283142,707.118469,5,5.09878445
1.59616,1595,730.283142,707.1245,5,4.837029
1.59797,1596,730.283142,707.1292,5,5.038799
1.59800,1597,730.283142,707.134033,5,5.006079
1.59920,1598,730.283142,707.1386,5,5.07697153
1.60110,1599,730.283142,707.1438,5,4.98426628
1.60113,1600,730.283142,707.149536,5,4.858842
1.60232,1601,730.283142,707.154053,5,5.07697153
1.60236,1602,730.283142,707.159058,5,5.006079
1.60413,1603,730.283142,707.1636,5,5.087878
1.60596,1604,730.283142,707.1691,5,4.88065434
1.60598,1605,730.283142,707.174561,5,4.92973375
1.60721,1606,730.283142,707.1793,5,5.006079
1.60906,1607,730.283142,707.1844,5,4.995173
1.60908,1608,730.283142,707.1894,5,5.13150358
1.61029,1609,730.283142,707.195,5,4.95154667
1.61031,1610,730.283142,707.199768,5,5.038799
1.61216,1611,730.283142,707.204834,5,5.016986
1.61399,1612,730.283142,707.209656,5,4.97335958
1.61402,1613,730.283142,707.2143,5,4.97335958
1.61521,1614,730.283142,707.2197,5,4.92973375
1.61708,1615,730.283142,707.224365,5,5.109691
1.61710,1616,730.283142,707.229431,5,5.016986
1.61844,1617,730.283142,707.2341,5,5.087878
1.61846,1618,730.283142,707.2397,5,4.913374
1.62012,1619,730.283142,707.2447,5,5.02789259
1.62197,1620,730.283142,707.249451,5,5.05515862
1.62199,1621,730.283142,707.254761,5,5.02789259
1.62321,1622,730.283142,707.2596,5,5.13150358
1.62508,1623,730.283142,707.265,5,4.96245337
1.62512,1624,730.283142,707.2694,5,5.09878445
1.62629,1625,730.283142,707.2748,5,4.95154667
1.62631,1626,730.283142,707.279968,5,5.038799
1.62814,1627,730.283142,707.2851,5,5.038799
1.62998,1628,730.283142,707.289856,5,4.995173
1.63001,1629,730.283142,707.2944,5,5.07697153
1.63120,1630,730.283142,707.300232,5,4.88065434
1.63306,1631,730.283142,707.3053,5,5.087878
1.63308,1632,730.283142,707.3103,5,5.05515862
1.63434,1633,730.283142,707.3144,5,5.12059736
1.63436,1634,730.283142,707.3196,5,4.96245337
1.63614,1635,730.283142,707.325439,5,4.858842
1.63797,1636,730.283142,707.3303,5,5.02789259
1.63799,1637,730.283142,707.335266,5,5.016986
1.63932,1638,730.283142,707.3397,5,5.202396
1.64107,1639,730.283142,707.345337,5,4.913374
1.64110,1640,730.283142,707.3501,5,4.891561
1.64230,1641,730.283142,707.3555,5,4.92973375
1.64231,1642,730.283142,707.3603,5,5.02789259
1.64414,1643,730.283142,707.3649,5,5.12059736
1.64595,1644,730.283142,707.370361,5,4.891561
1.64596,1645,730.283142,707.3752,5,4.97335958
1.64722,1646,730.283142,707.380737,5,4.90246725
1.64910,1647,730.283142,707.3854,5,5.109691
1.64914,1648,730.283142,707.3902,5,5.09878445
1.65029,1649,730.283142,707.3951,5,4.95154667
1.65030,1650,730.283142,707.4002,5,4.95154667
1.65213,1651,730.283142,707.4059,5,4.858842
1.65398,1652,730.283142,707.410339,5,5.12059736
1.65402,1653,730.283142,707.4151,5,5.006079
1.65520,1654,730.283142,707.419739,5,5.006079
1.65708,1655,730.283142,707.425354,5,4.858842
1.65712,1656,730.283142,707.430969,5,4.88065434
1.65830,1657,730.283142,707.4355,5,5.164223
1.65831,1658,730.283142,707.4448,5,5.12059736
1.66015,1659,730.283142,707.4508,5,4.858842
1.66194,1660,730.283142,707.45575,5,4.97335958
1.66195,1661,730.283142,707.4605,5,5.05515862
1.66322,1662,730.283142,707.465149,5,5.05515862
1.66503,1663,730.283142,707.4703,5,5.038799
1.66506,1664,730.283142,707.4759,5,4.837029
1.66629,1665,730.283142,707.480652,5,5.038799
1.66630,1666,730.283142,707.485535,5,5.016986
1.66860,1667,730.283142,707.4901,5,5.109691
1.66997,1668,730.283142,707.4956,5,4.96245337
1.66999,1669,730.283142,707.5008,5,4.913374
1.67122,1670,730.283142,707.505432,5,5.038799
1.67306,1671,730.283142,707.5106,5,4.97335958
1.67309,1672,730.283142,707.5155,5,5.13150358
1.67432,1673,730.283142,707.52124,5,4.97335958
1.67434,1674,730.283142,707.5258,5,5.09878445
1.67615,1675,730.283142,707.53064,5,5.066065
1.67795,1676,730.283142,707.5356,5,4.98426628
1.67797,1677,730.283142,707.5407,5,4.995173
1.67922,1678,730.283142,707.5462,5,4.869748
1.68108,1679,730.283142,707.5508,5,5.087878
1.68111,1680,730.283142,707.5559,5,5.05515862
1.68229,1681,730.283142,707.560547,5,5.05515862
1.68231,1682,730.283142,707.5659,5,4.94064
1.68415,1683,730.283142,707.571045,5,4.95154667
1.68597,1684,730.283142,707.5758,5,5.05515862
1.68599,1685,730.283142,707.581,5,4.98426628
1.68721,1686,730.283142,707.585754,5,5.109691
1.68905,1687,730.283142,707.591248,5,4.92973375
1.68906,1688,730.283142,707.595642,5,5.038799
1.69029,1689,730.283142,707.600769,5,4.95154667
1.69030,1690,730.283142,707.606,5,4.94064
1.69216,1691,730.283142,707.610962,5,5.05515862
1.69394,1692,730.283142,707.616,5,4.92973375
1.69395,1693,730.283142,707.6203,5,5.07697153
1.69521,1694,730.283142,707.626038,5,4.88065434
1.69707,1695,730.283142,707.6313,5,4.995173
1.69708,1696,730.283142,707.6362,5,5.066065
1.69828,1697,730.283142,707.640564,5,5.066065
1.69831,1698,730.283142,707.6453,5,4.81521559
1.70014,1699,730.283142,707.651245,5,4.98426628
1.70197,1700,730.283142,707.656555,5,4.98426628
1.70201,1701,730.283142,707.6612,5,4.98426628
1.70319,1702,730.283142,707.6658,5,5.016986
1.70503,1703,730.283142,707.6714,5,4.858842
1.70505,1704,730.283142,707.6767,5,4.96245337
1.70630,1705,730.283142,707.681763,5,4.96245337
1.70632,1706,730.283142,707.686768,5,5.180583
1.70813,1707,730.283142,707.691162,5,4.96245337
1.71001,1708,730.283142,707.6967,5,4.98426628
1.71004,1709,730.283142,707.70166,5,4.96245337
1.71120,1710,730.283142,707.7071,5,5.038799
1.71304,1711,730.283142,707.712,5,5.180583
1.71306,1712,730.283142,707.7169,5,4.96245337
1.71432,1713,730.283142,707.721863,5,4.97335958
1.71434,1714,730.283142,707.7268,5,4.847935
1.71616,1715,730.283142,707.732666,5,5.066065
1.71794,1716,730.283142,707.7366,5,5.066065
1.71795,1717,730.283142,707.741333,5,5.006079
1.71923,1718,730.283142,707.746,5,4.95154667
1.72105,1719,730.283142,707.7517,5,4.81521559
1.72106,1720,730.283142,707.7572,5,5.13150358
1.72230,1721,730.283142,707.761963,5,5.07697153
1.72231,1722,730.283142,707.7667,5,5.13150358
1.72417,1723,730.283142,707.7713,5,4.92973375
1.72595,1724,730.283142,707.7767,5,4.869748
1.72597,1725,730.283142,707.7819,5,5.05515862
1.72720,1726,730.283142,707.7868,5,4.98426628
1.72905,1727,730.283142,707.7915,5,5.05515862
1.72907,1728,730.283142,707.7963,5,4.81521559
1.73029,1729,730.283142,707.802063,5,4.95154667
1.73031,1730,730.283142,707.8069,5,5.016986
1.73212,1731,730.283142,707.811768,5,5.02789259
1.73394,1732,730.283142,707.8163,5,5.006079
1.73395,1733,730.283142,707.8214,5,4.82612228
1.73522,1734,730.283142,707.8269,5,4.995173
1.73704,1735,730.283142,707.8315,5,4.94064
1.73707,1736,730.283142,707.836731,5,5.087878
1.73832,1737,730.283142,707.841553,5,5.02789259
1.73834,1738,730.283142,707.847046,5,5.006079
1.74014,1739,730.283142,707.852,5,5.12059736
1.74196,1740,730.283142,707.8567,5,4.995173
1.74197,1741,730.283142,707.861755,5,5.038799
1.74324,1742,730.283142,707.8665,5,4.869748
1.74503,1743,730.283142,707.8722,5,5.02789259
1.74504,1744,730.283142,707.876831,5,5.038799
1.74629,1745,730.283142,707.8818,5,5.006079
1.74631,1746,730.283142,707.8866,5,5.02789259
1.74812,1747,730.283142,707.891846,5,4.891561
1.74994,1748,730.283142,707.8973,5,5.07697153
1.74995,1749,730.283142,707.901855,5,4.995173
1.75124,1750,730.283142,707.907043,5,5.087878
1.75304,1751,730.283142,707.9119,5,5.016986
1.75305,1752,730.283142,707.917236,5,4.995173
1.75429,1753,730.283142,707.921936,5,5.038799
1.75432,1754,730.283142,707.926758,5,4.90246725
1.75613,1755,730.283142,707.932251,5,5.07697153
1.75799,1756,730.283142,707.937256,5,4.96245337
1.75802,1757,730.283142,707.9423,5,5.07697153
1.75923,1758,730.283142,707.946655,5,4.98426628
1.76103,1759,730.283142,707.9575,5,5.087878
1.76105,1760,730.283142,707.9625,5,5.02789259
1.76230,1761,730.283142,707.967,5,5.09878445
1.76233,1762,730.283142,707.971436,5,4.847935
1.76413,1763,730.283142,707.9774,5,4.94064
1.76594,1764,730.283142,707.9825,5,4.995173
1.76595,1765,730.283142,707.987549,5,5.09878445
1.76720,1766,730.283142,707.9919,5,5.12059736
1.76905,1767,730.283142,707.996765,5,4.837029
1.76908,1768,730.283142,708.0023,5,4.94064
1.77037,1769,730.283142,708.0072,5,4.92973375
1.77041,1770,730.283142,708.012451,5,5.13150358
1.77215,1771,730.283142,708.0169,5,5.02789259
1.77399,1772,730.283142,708.0221,5,4.913374
1.77403,1773,730.283142,708.027161,5,4.995173
1.77520,1774,730.283142,708.0323,5,4.94064
1.77703,1775,730.283142,708.0377,5,5.191489
1.77704,1776,730.283142,708.042,5,5.006079
1.77831,1777,730.283142,708.047058,5,4.95154667
1.77836,1778,730.283142,708.0519,5,4.88065434
1.78013,1779,730.283142,708.0575,5,4.94064
1.78194,1780,730.283142,708.062561,5,5.12059736
1.78196,1781,730.283142,708.067139,5,4.98426628
1.78321,1782,730.283142,708.0719,5,5.006079
1.78512,1783,730.283142,708.0767,5,4.777043
1.78513,1784,730.283142,708.082764,5,5.02789259
1.78631,1785,730.283142,708.0876,5,5.13150358
1.78633,1786,730.283142,708.092346,5,5.09878445
1.78816,1787,730.283142,708.0968,5,5.05515862
1.78998,1788,730.283142,708.1022,5,4.837029
1.79001,1789,730.283142,708.107849,5,5.05515862
1.79122,1790,730.283142,708.112366,5,4.995173
1.79305,1791,730.283142,708.117249,5,5.087878
1.79307,1792,730.283142,708.1218,5,4.913374
1.79432,1793,730.283142,708.1275,5,4.88065434
1.79435,1794,730.283142,708.1326,5,5.07697153
1.79614,1795,730.283142,708.1374,5,5.016986
1.79797,1796,730.283142,708.142151,5,5.07697153
1.79799,1797,730.283142,708.1469,5,4.858842
1.79920,1798,730.283142,708.1526,5,4.97335958
1.80102,1799,730.283142,708.157532,5,4.96245337
1.80104,1800,730.283142,708.162659,5,5.02789259
1.80233,1801,730.283142,708.1676,5,5.09878445
1.80235,1802,730.283142,708.172852,5,4.95154667
1.80415,1803,730.283142,708.17804,5,5.13150358
1.80599,1804,730.283142,708.1826,5,5.006079
1.80601,1805,730.283142,708.187744,5,5.016986
1.80721,1806,730.283142,708.1924,5,4.913374
1.80905,1807,730.283142,708.198,5,4.92973375
1.80907,1808,730.283142,708.202942,5,5.066065
1.81028,1809,730.283142,708.2084,5,4.98426628
1.81030,1810,730.283142,708.2126,5,5.05515862
1.81214,1811,730.283142,708.217468,5,4.869748
1.81397,1812,730.283142,708.2227,5,5.016986
1.81400,1813,730.283142,708.227356,5,5.006079
1.81521,1814,730.283142,708.2325,5,5.006079
1.81704,1815,730.283142,708.2374,5,5.07697153
1.81705,1816,730.283142,708.242554,5,4.94064
1.81852,1817,730.283142,708.2478,5,5.087878
1.81856,1818,730.283142,708.2523,5,4.95154667
1.82014,1819,730.283142,708.2582,5,5.07697153
1.82198,1820,730.283142,708.2628,5,5.07697153
1.82201,1821,730.283142,708.2681,5,5.05515862
1.82323,1822,730.283142,708.272644,5,5.109691
1.82509,1823,730.283142,708.277649,5,4.95154667
1.82513,1824,730.283142,708.2834,5,5.14241028
1.82629,1825,730.283142,708.2886,5,5.09878445
1.82630,1826,730.283142,708.293335,5,5.153317
1.82813,1827,730.283142,708.2975,5,4.96245337
1.82999,1828,730.283142,708.3034,5,4.94064
1.83003,1829,730.283142,708.3091,5,5.05515862
1.83121,1830,730.283142,708.3138,5,5.087878
1.83307,1831,730.283142,708.318359,5,5.202396
1.83310,1832,730.283142,708.323242,5,4.891561
1.83430,1833,730.283142,708.329,5,4.95154667
1.83432,1834,730.283142,708.333862,5,4.94064
1.83615,1835,730.283142,708.3392,5,5.09878445
1.83800,1836,730.283142,708.3435,5,5.09878445
1.83804,1837,730.283142,708.348633,5,4.90246725
1.83922,1838,730.283142,708.3539,5,4.995173
1.84107,1839,730.283142,708.3588,5,4.913374
1.84111,1840,730.283142,708.364258,5,5.164223
1.84230,1841,730.283142,708.3688,5,5.038799
1.84232,1842,730.283142,708.373657,5,4.94064
1.84411,1843,730.283142,708.37854,5,4.913374
1.84598,1844,730.283142,708.3841,5,4.891561
1.84601,1845,730.283142,708.38916,5,5.12059736
1.84720,1846,730.283142,708.3937,5,4.98426628
1.84906,1847,730.283142,708.398438,5,5.006079
1.84909,1848,730.283142,708.4032,5,4.78794956
1.85032,1849,730.283142,708.4096,5,4.94064
1.85033,1850,730.283142,708.4142,5,5.14241028
1.85216,1851,730.283142,708.4189,5,5.087878
1.85398,1852,730.283142,708.423462,5,5.087878
1.85400,1853,730.283142,708.4285,5,4.82612228
1.85521,1854,730.283142,708.4344,5,5.016986
1.85708,1855,730.283142,708.4389,5,5.006079
1.85710,1856,730.283142,708.4438,5,5.066065
1.85829,1857,730.283142,708.453857,5,4.837029
1.85831,1858,730.283142,708.4593,5,5.066065
1.86011,1859,730.283142,708.4639,5,5.006079
1.86196,1860,730.283142,708.46875,5,5.109691
1.86198,1861,730.283142,708.4734,5,4.90246725
1.86320,1862,730.283142,708.4791,5,4.94064
1.86504,1863,730.283142,708.4838,5,5.006079
1.86506,1864,730.283142,708.488831,5,4.98426628
1.86629,1865,730.283142,708.493835,5,5.109691
1.86630,1866,730.283142,708.4989,5,4.94064
1.86857,1867,730.283142,708.5044,5,5.09878445
1.86997,1868,730.283142,708.50885,5,5.02789259
1.86999,1869,730.283142,708.514,5,4.995173
1.87122,1870,730.283142,708.5186,5,4.96245337
1.87306,1871,730.283142,708.524048,5,4.891561
1.87309,1872,730.283142,708.5293,5,5.09878445
1.87429,1873,730.283142,708.533936,5,5.006079
1.87431,1874,730.283142,708.53894,5,5.066065
1.87613,1875,730.283142,708.5437,5,4.913374
1.87797,1876,730.283142,708.549255,5,4.97335958
1.87799,1877,730.283142,708.5541,5,5.038799
1.87921,1878,730.283142,708.559,5,4.995173
1.88105,1879,730.283142,708.564148,5,5.109691
1.88107,1880,730.283142,708.5691,5,4.94064
1.88230,1881,730.283142,708.574341,5,5.07697153
1.88231,1882,730.283142,708.5788,5,4.94064
1.88415,1883,730.283142,708.5843,5,4.995173
1.88598,1884,730.283142,708.5893,5,5.05515862
1.88600,1885,730.283142,708.59436,5,4.97335958
1.88723,1886,730.283142,708.5991,5,5.087878
1.88906,1887,730.283142,708.60376,5,4.88065434
1.88908,1888,730.283142,708.6096,5,5.05515862
1.89030,1889,730.283142,708.6146,5,5.05515862
1.89031,1890,730.283142,708.619568,5,5.09878445
1.89214,1891,730.283142,708.6239,5,5.006079
1.89401,1892,730.283142,708.6294,5,4.837029
1.89405,1893,730.283142,708.6351,5,5.016986
1.89524,1894,730.283142,708.639648,5,4.995173
1.89709,1895,730.283142,708.644653,5,5.191489
1.89712,1896,730.283142,708.649048,5,4.96245337
1.89829,1897,730.283142,708.6547,5,4.88065434
1.89830,1898,730.283142,708.659668,5,4.94064
1.90015,1899,730.283142,708.6649,5,4.995173
1.90203,1900,730.283142,708.6696,5,5.153317
1.90208,1901,730.283142,708.6744,5,4.90246725
1.90330,1902,730.283142,708.679749,5,4.98426628
1.90505,1903,730.283142,708.684631,5,4.92973375
1.90507,1904,730.283142,708.6902,5,5.07697153
1.90630,1905,730.283142,708.694946,5,5.14241028
1.90632,1906,730.283142,708.6998,5,4.95154667
1.90818,1907,730.283142,708.7047,5,4.96245337
1.90997,1908,730.283142,708.709961,5,4.837029
1.91000,1909,730.283142,708.7155,5,5.087878
1.91123,1910,730.283142,708.7199,5,5.02789259
1.91308,1911,730.283142,708.724854,5,4.995173
1.91311,1912,730.283142,708.7294,5,4.891561
1.91431,1913,730.283142,708.7352,5,4.82612228
1.91432,1914,730.283142,708.7403,5,5.153317
1.91617,1915,730.283142,708.7448,5,5.07697153
1.91798,1916,730.283142,708.7496,5,5.13150358
1.91801,1917,730.283142,708.754333,5,4.90246725
1.91921,1918,730.283142,708.7603,5,4.96245337
1.92106,1919,730.283142,708.7651,5,5.087878
1.92110,1920,730.283142,708.7701,5,5.07697153
1.92231,1921,730.283142,708.7747,5,5.13150358
1.92235,1922,730.283142,708.7802,5,4.94064
1.92413,1923,730.283142,708.7859,5,5.13150358
1.92597,1924,730.283142,708.7906,5,5.13150358
1.92600,1925,730.283142,708.7956,5,5.202396
1.92722,1926,730.283142,708.800232,5,5.05515862
1.92908,1927,730.283142,708.805969,5,5.006079
1.92910,1928,730.283142,708.811,5,5.09878445
1.93029,1929,730.283142,708.8159,5,5.038799
1.93031,1930,730.283142,708.821045,5,5.202396
1.93213,1931,730.283142,708.8261,5,5.016986
1.93398,1932,730.283142,708.831665,5,5.14241028
1.93401,1933,730.283142,708.8362,5,5.07697153
1.93521,1934,730.283142,708.841248,5,5.02789259
1.93707,1935,730.283142,708.845947,5,4.995173
1.93710,1936,730.283142,708.85144,5,4.90246725
1.93829,1937,730.283142,708.856567,5,5.109691
1.93831,1938,730.283142,708.861633,5,5.006079
1.94016,1939,730.283142,708.866333,5,5.087878
1.94198,1940,730.283142,708.871033,5,4.913374
1.94201,1941,730.283142,708.876648,5,4.96245337
1.94321,1942,730.283142,708.8814,5,5.038799
1.94507,1943,730.283142,708.8863,5,4.96245337
1.94509,1944,730.283142,708.8913,5,5.09878445
1.94629,1945,730.283142,708.896362,5,4.90246725
1.94631,1946,730.283142,708.9017,5,5.038799
1.94816,1947,730.283142,708.9059,5,4.92973375
1.94997,1948,730.283142,708.9114,5,4.95154667
1.95000,1949,730.283142,708.9164,5,5.02789259
1.95120,1950,730.283142,708.9215,5,4.92973375
1.95304,1951,730.283142,708.926147,5,5.07697153
1.95306,1952,730.283142,708.9308,5,4.858842
1.95430,1953,730.283142,708.936951,5,5.006079
1.95431,1954,730.283142,708.9468,5,5.066065
1.95616,1955,730.283142,708.9509,5,5.006079
1.95798,1956,730.283142,708.956238,5,4.798856
1.95800,1957,730.283142,708.962,5,4.995173
1.95922,1958,730.283142,708.9669,5,4.98426628
1.96107,1959,730.283142,708.9717,5,5.180583
1.96110,1960,730.283142,708.976,5,4.995173
1.96230,1961,730.283142,708.981567,5,4.858842
1.96232,1962,730.283142,708.986633,5,4.95154667
1.96416,1963,730.283142,708.9918,5,4.96245337
1.96596,1964,730.283142,708.9965,5,5.153317
1.96601,1965,730.283142,709.0013,5,4.94064
1.96721,1966,730.283142,709.006653,5,4.96245337
1.96909,1967,730.283142,709.0115,5,4.94064
1.96911,1968,730.283142,709.0171,5,5.038799
1.97031,1969,730.283142,709.0217,5,5.153317
1.97034,1970,730.283142,709.0265,5,4.95154667
1.97213,1971,730.283142,709.03125,5,4.97335958
1.97399,1972,730.283142,709.036438,5,4.837029
1.97402,1973,730.283142,709.0422,5,5.05515862
1.97522,1974,730.283142,709.0465,5,5.05515862
1.97708,1975,730.283142,709.0514,5,4.995173
1.97711,1976,730.283142,709.055969,5,4.92973375
1.97829,1977,730.283142,709.061646,5,4.798856
1.97830,1978,730.283142,709.0672,5,5.14241028
1.98015,1979,730.283142,709.0717,5,5.07697153
1.98200,1980,730.283142,709.0765,5,5.13150358
1.98203,1981,730.283142,709.0811,5,4.94064
1.98321,1982,730.283142,709.087036,5,4.891561
1.98522,1983,730.283142,709.0919,5,5.07697153
1.98525,1984,730.283142,709.0966,5,5.006079
1.98631,1985,730.283142,709.101257,5,5.066065
1.98633,1986,730.283142,709.1064,5,4.837029
1.98816,1987,730.283142,709.1121,5,4.97335958
1.98996,1988,730.283142,709.11676,5,5.016986
1.98999,1989,730.283142,709.1217,5,5.066065
1.99121,1990,730.283142,709.12616,5,5.016986
1.99313,1991,730.283142,709.1316,5,4.837029
1.99317,1992,730.283142,709.1369,5,5.016986
1.99429,1993,730.283142,709.141541,5,4.95154667
1.99433,1994,730.283142,709.1468,5,5.09878445
1.99616,1995,730.283142,709.1515,5,5.016986
1.99798,1996,730.283142,709.157166,5,5.016986
1.99802,1997,730.283142,709.1618,5,5.12059736
1.99920,1998,730.283142,709.1667,5,4.98426628
2.00107,1999,730.283142,709.1715,5,5.038799
2.00109,2000,730.283142,709.177,5,4.847935
2.00230,2001,730.283142,709.1821,5,5.02789259
2.00232,2002,730.283142,709.1867,5,5.016986
2.00416,2003,730.283142,709.1922,5,5.006079
2.00596,2004,730.283142,709.1968,5,5.006079
2.00598,2005,730.283142,709.2023,5,4.88065434
2.00722,2006,730.283142,709.2076,5,5.07697153
2.00909,2007,730.283142,709.212,5,4.97335958
2.00911,2008,730.283142,709.2172,5,5.087878
2.01029,2009,730.283142,709.222046,5,4.995173
2.01030,2010,730.283142,709.2275,5,4.98426628
2.01212,2011,730.283142,709.2316,5,5.016986
2.01398,2012,730.283142,709.236755,5,4.90246725
2.01400,2013,730.283142,709.242,5,5.066065
2.01522,2014,730.283142,709.2473,5,4.95154667
2.01706,2015,730.283142,709.251953,5,5.066065
2.01708,2016,730.283142,709.256531,5,4.95154667
2.01851,2017,730.283142,709.262,5,4.913374
2.01855,2018,730.283142,709.2675,5,5.066065
2.02017,2019,730.283142,709.2722,5,5.006079
2.02198,2020,730.283142,709.2764,5,5.07697153
2.02201,2021,730.283142,709.2815,5,4.81521559
2.02321,2022,730.283142,709.2875,5,4.90246725
2.02509,2023,730.283142,709.2923,5,4.97335958
2.02512,2024,730.283142,709.297363,5,5.07697153
2.02630,2025,730.283142,709.301636,5,5.12059736
2.02632,2026,730.283142,709.3067,5,4.81521559
2.02818,2027,730.283142,709.312134,5,4.913374
2.03002,2028,730.283142,709.3171,5,4.90246725
2.03005,2029,730.283142,709.3222,5,5.109691
2.03122,2030,730.283142,709.326538,5,5.02789259
2.03306,2031,730.283142,709.331848,5,4.88065434
2.03310,2032,730.283142,709.3368,5,4.96245337
2.03429,2033,730.283142,709.3421,5,4.891561
2.03432,2034,730.283142,709.3471,5,5.164223
2.03620,2035,730.283142,709.3516,5,4.995173
2.03800,2036,730.283142,709.35675,5,4.94064
2.03803,2037,730.283142,709.36145,5,4.88065434
2.03921,2038,730.283142,709.367249,5,4.913374
2.04107,2039,730.283142,709.372,5,5.12059736
2.04110,2040,730.283142,709.376648,5,4.97335958
2.04230,2041,730.283142,709.3813,5,5.006079
2.04231,2042,730.283142,709.386353,5,4.76613665
2.04415,2043,730.283142,709.392334,5,4.97335958
2.04601,2044,730.283142,709.397,5,5.12059736
2.04604,2045,730.283142,709.401733,5,5.087878
2.04722,2046,730.283142,709.40625,5,5.066065
2.04907,2047,730.283142,709.4118,5,4.81521559
2.04910,2048,730.283142,709.417236,5,5.02789259
2.05030,2049,730.283142,709.4218,5,4.995173
2.05031,2050,730.283142,709.4267,5,5.07697153
2.05218,2051,730.283142,709.431335,5,4.95154667
2.05402,2052,730.283142,709.4371,5,4.858842
2.05407,2053,730.283142,709.442,5,5.066065
2.05522,2054,730.283142,709.4468,5,5.006079
2.05706,2055,730.283142,709.4564,5,4.869748
2.05708,2056,730.283142,709.462036,5,4.92973375
2.05831,2057,730.283142,709.4666,5,4.98426628
2.05833,2058,730.283142,709.4718,5,5.006079
2.06015,2059,730.283142,709.4766,5,5.109691
2.06200,2060,730.283142,709.482,5,4.94064
2.06208,2061,730.283142,709.487244,5,5.12059736
2.06321,2062,730.283142,709.4918,5,5.016986
2.06507,2063,730.283142,709.4968,5,5.006079
2.06509,2064,730.283142,709.501465,5,4.94064
2.06628,2065,730.283142,709.5072,5,4.913374
2.06629,2066,730.283142,709.5123,5,5.07697153
2.06848,2067,730.283142,709.5169,5,4.98426628
2.06999,2068,730.283142,709.5218,5,5.07697153
2.07002,2069,730.283142,709.5267,5,4.891561
2.07123,2070,730.283142,709.5323,5,4.995173
2.07307,2071,730.283142,709.536865,5,5.02789259
2.07310,2072,730.283142,709.541931,5,4.98426628
2.07429,2073,730.283142,709.5468,5,5.09878445
2.07431,2074,730.283142,709.5521,5,4.92973375
2.07615,2075,730.283142,709.557068,5,5.07697153
2.07797,2076,730.283142,709.5615,5,4.92973375
2.07800,2077,730.283142,709.567139,5,5.006079
2.07922,2078,730.283142,709.5724,5,5.02789259
2.08106,2079,730.283142,709.5772,5,4.96245337
2.08109,2080,730.283142,709.581665,5,5.07697153
2.08229,2081,730.283142,709.586731,5,4.869748
2.08231,2082,730.283142,709.5928,5,5.066065
2.08416,2083,730.283142,709.5977,5,5.038799
2.08598,2084,730.283142,709.6024,5,5.09878445
2.08601,2085,730.283142,709.606567,5,4.97335958
2.08726,2086,730.283142,709.6125,5,4.837029
2.08906,2087,730.283142,709.6178,5,5.016986
2.08909,2088,730.283142,709.6227,5,4.995173
2.09032,2089,730.283142,709.627258,5,5.202396
2.09033,2090,730.283142,709.6319,5,4.94064
2.09215,2091,730.283142,709.6376,5,4.88065434
2.09396,2092,730.283142,709.6425,5,4.94064
2.09399,2093,730.283142,709.6477,5,4.995173
2.09522,2094,730.283142,709.6521,5,5.14241028
2.09708,2095,730.283142,709.6572,5,4.891561
2.09711,2096,730.283142,709.6624,5,4.97335958
2.09830,2097,730.283142,709.6675,5,4.913374
2.09832,2098,730.283142,709.6729,5,5.087878
2.10014,2099,730.283142,709.677368,5,5.13150358
2.10202,2100,730.283142,709.6823,5,4.94064
2.10208,2101,730.283142,709.6871,5,4.95154667
2.10322,2102,730.283142,709.693054,5,4.837029
2.10506,2103,730.283142,709.6981,5,5.09878445
2.10511,2104,730.283142,709.7026,5,5.02789259
2.10634,2105,730.283142,709.7074,5,5.016986
2.10637,2106,730.283142,709.7122,5,4.891561
2.10817,2107,730.283142,709.718262,5,4.847935
2.10997,2108,730.283142,709.7232,5,5.164223
2.11000,2109,730.283142,709.7282,5,5.07697153
2.11121,2110,730.283142,709.7327,5,5.13150358
2.11308,2111,730.283142,709.738,5,4.88065434
2.11310,2112,730.283142,709.7437,5,4.95154667
2.11430,2113,730.283142,709.7477,5,5.05515862
2.11431,2114,730.283142,709.752563,5,5.038799
2.11615,2115,730.283142,709.7571,5,5.066065
2.11801,2116,730.283142,709.762634,5,4.837029
2.11804,2117,730.283142,709.768066,5,5.038799
2.11922,2118,730.283142,709.7727,5,5.02789259
2.12104,2119,730.283142,709.7776,5,5.09878445
2.12108,2120,730.283142,709.7822,5,4.98426628
2.12231,2121,730.283142,709.787964,5,4.891561
2.12233,2122,730.283142,709.7927,5,5.038799
2.12415,2123,730.283142,709.7977,5,4.96245337
2.12596,2124,730.283142,709.8028,5,5.14241028
2.12598,2125,730.283142,709.807861,5,4.98426628
2.12721,2126,730.283142,709.8133,5,5.087878
2.12906,2127,730.283142,709.8179,5,5.09878445
2.12909,2128,730.283142,709.822937,5,4.98426628
2.13032,2129,730.283142,709.8277,5,5.016986
2.13034,2130,730.283142,709.8331,5,4.869748
2.13214,2131,730.283142,709.838257,5,5.07697153
2.13399,2132,730.283142,709.842957,5,5.016986
2.13401,2133,730.283142,709.848,5,5.038799
2.13522,2134,730.283142,709.8528,5,4.96245337
2.13704,2135,730.283142,709.858337,5,4.94064
2.13707,2136,730.283142,709.8631,5,5.07697153
2.13835,2137,730.283142,709.868042,5,4.98426628
2.13837,2138,730.283142,709.873047,5,5.09878445
2.14016,2139,730.283142,709.8782,5,4.95154667
2.14194,2140,730.283142,709.883362,5,5.038799
2.14196,2141,730.283142,709.8877,5,4.97335958
2.14322,2142,730.283142,709.8932,5,4.94064
2.14505,2143,730.283142,709.8985,5,5.066065
2.14507,2144,730.283142,709.903259,5,4.92973375
2.14632,2145,730.283142,709.9079,5,5.087878
2.14634,2146,730.283142,709.913,5,4.891561
2.14819,2147,730.283142,709.918762,5,4.97335958
2.14994,2148,730.283142,709.9237,5,5.05515862
2.14995,2149,730.283142,709.92865,5,5.038799
2.15121,2150,730.283142,709.932739,5,5.038799
2.15308,2151,730.283142,709.938232,5,4.81521559
2.15313,2152,730.283142,709.943848,5,4.98426628
2.15430,2153,730.283142,709.9487,5,4.97335958
2.15432,2154,730.283142,709.9578,5,5.038799
2.15618,2155,730.283142,709.9578,5,5.038799
2.15795,2156,730.283142,709.968445,5,4.95154667
2.15797,2157,730.283142,709.9737,5,4.92973375
2.15924,2158,730.283142,709.978333,5,5.153317
2.16104,2159,730.283142,709.983032,5,4.96245337
2.16106,2160,730.283142,709.9884,5,4.95154667
2.16229,2161,730.283142,709.9934,5,4.95154667
2.16231,2162,730.283142,709.9989,5,4.98426628
2.16414,2163,730.283142,710.0035,5,5.180583
2.16594,2164,730.283142,710.00824,5,4.96245337
2.16595,2165,730.283142,710.0131,5,4.97335958
2.16722,2166,730.283142,710.0183,5,4.847935
2.16906,2167,730.283142,710.0239,5,5.016986
2.16910,2168,730.283142,710.028259,5,5.07697153
2.17030,2169,730.283142,710.033142,5,4.97335958
2.17032,2170,730.283142,710.0378,5,4.96245337
2.17219,2171,730.283142,710.0435,5,4.777043
2.17395,2172,730.283142,710.04895,5,5.09878445
2.17397,2173,730.283142,710.0536,5,5.09878445
2.17526,2174,730.283142,710.0582,5,5.13150358
2.17710,2175,730.283142,710.063049,5,4.995173
2.17715,2176,730.283142,710.069,5,4.869748
2.17830,2177,730.283142,710.0737,5,5.087878
2.17832,2178,730.283142,710.0785,5,5.006079
2.18017,2179,730.283142,710.0831,5,5.087878
2.18194,2180,730.283142,710.088257,5,4.869748
2.18197,2181,730.283142,710.094055,5,4.95154667
2.18322,2182,730.283142,710.098633,5,5.05515862
2.18518,2183,730.283142,710.103638,5,5.038799
2.18522,2184,730.283142,710.108032,5,5.05515862
2.18631,2185,730.283142,710.113647,5,4.847935
2.18633,2186,730.283142,710.1188,5,5.006079
2.18817,2187,730.283142,710.1234,5,4.96245337
2.18995,2188,730.283142,710.1287,5,5.087878
2.18996,2189,730.283142,710.1335,5,5.05515862
2.19123,2190,730.283142,710.13916,5,5.006079
2.19305,2191,730.283142,710.143738,5,5.14241028
2.19307,2192,730.283142,710.1486,5,5.006079
2.19431,2193,730.283142,710.1535,5,5.05515862
2.19434,2194,730.283142,710.1587,5,4.869748
2.19618,2195,730.283142,710.1641,5,5.016986
2.19796,2196,730.283142,710.168762,5,5.038799
2.19799,2197,730.283142,710.1738,5,5.006079
2.19923,2198,730.283142,710.178833,5,5.038799
2.20103,2199,730.283142,710.184448,5,4.88065434
2.20105,2200,730.283142,710.189331,5,5.07697153
2.20230,2201,730.283142,710.1942,5,4.995173
2.20232,2202,730.283142,710.1993,5,5.087878
2.20414,2203,730.283142,710.2043,5,5.02789259
2.20595,2204,730.283142,710.2097,5,4.98426628
2.20596,2205,730.283142,710.214,5,5.05515862
2.20725,2206,730.283142,710.2193,5,4.90246725
2.20903,2207,730.283142,710.224731,5,5.066065
2.20905,2208,730.283142,710.2298,5,4.97335958
2.21029,2209,730.283142,710.2346,5,5.05515862
2.21031,2210,730.283142,710.2385,5,4.995173
2.21216,2211,730.283142,710.245,5,4.92973375
2.21394,2212,730.283142,710.2501,5,5.087878
2.21396,2213,730.283142,710.2547,5,5.038799
2.21522,2214,730.283142,710.2589,5,5.109691
2.21704,2215,730.283142,710.2648,5,4.858842
2.21705,2216,730.283142,710.269958,5,4.95154667
2.21848,2217,730.283142,710.274841,5,5.016986
2.21855,2218,730.283142,710.279846,5,5.09878445
2.22013,2219,730.283142,710.283936,5,5.153317
2.22195,2220,730.283142,710.2894,5,4.837029
2.22197,2221,730.283142,710.2947,5,4.95154667
2.22324,2222,730.283142,710.2996,5,4.913374
2.22503,2223,730.283142,710.3046,5,5.109691
2.22505,2224,730.283142,710.3091,5,5.02789259
2.22629,2225,730.283142,710.314453,5,4.869748
2.22631,2226,730.283142,710.319336,5,4.96245337
2.22813,2227,730.283142,710.3247,5,4.891561
2.22994,2228,730.283142,710.3296,5,5.153317
2.22996,2229,730.283142,710.334167,5,4.995173
2.23122,2230,730.283142,710.3391,5,4.94064
2.23303,2231,730.283142,710.344055,5,4.869748
2.23304,2232,730.283142,710.349854,5,4.90246725
2.23428,2233,730.283142,710.3544,5,5.109691
2.23430,2234,730.283142,710.3591,5,4.97335958
2.23612,2235,730.283142,710.3637,5,5.006079
2.23794,2236,730.283142,710.369141,5,4.777043
2.23795,2237,730.283142,710.3749,5,4.98426628
2.23923,2238,730.283142,710.3795,5,5.13150358
2.24103,2239,730.283142,710.3843,5,5.087878
2.24105,2240,730.283142,710.3888,5,5.07697153
2.24230,2241,730.283142,710.394653,5,4.82612228
2.24232,2242,730.283142,710.399841,5,5.038799
2.24411,2243,730.283142,710.4044,5,5.006079
2.24593,2244,730.283142,710.4092,5,5.087878
2.24595,2245,730.283142,710.414063,5,4.97335958
2.24727,2246,730.283142,710.4198,5,4.869748
2.24904,2247,730.283142,710.424561,5,5.07697153
2.24907,2248,730.283142,710.4295,5,5.016986
2.25029,2249,730.283142,710.4341,5,5.09878445
2.25031,2250,730.283142,710.4393,5,4.891561
2.25217,2251,730.283142,710.4447,5,4.96245337
2.25397,2252,730.283142,710.449341,5,4.995173
2.25399,2253,730.283142,710.454651,5,5.016986
2.25525,2254,730.283142,710.465,5,4.96245337
2.25707,2255,730.283142,710.4699,5,5.14241028
2.25710,2256,730.283142,710.474548,5,5.016986
2.25829,2257,730.283142,710.4796,5,5.02789259
2.25830,2258,730.283142,710.4845,5,4.94064
2.26011,2259,730.283142,710.490051,5,4.94064
2.26194,2260,730.283142,710.4948,5,5.109691
2.26195,2261,730.283142,710.4998,5,5.016986
2.26325,2262,730.283142,710.504639,5,5.087878
2.26507,2263,730.283142,710.5099,5,4.90246725
2.26508,2264,730.283142,710.515137,5,5.02789259
2.26632,2265,730.283142,710.5198,5,5.02789259
2.26634,2266,730.283142,710.5251,5,5.016986
2.26856,2267,730.283142,710.529846,5,5.09878445
2.26997,2268,730.283142,710.5353,5,4.94064
2.27007,2269,730.283142,710.540039,5,5.07697153
2.27125,2270,730.283142,710.5451,5,4.913374
2.27305,2271,730.283142,710.5505,5,5.016986
2.27306,2272,730.283142,710.5551,5,5.006079
2.27434,2273,730.283142,710.5605,5,4.98426628
2.27436,2274,730.283142,710.5648,5,5.05515862
2.27613,2275,730.283142,710.570435,5,4.869748
2.27795,2276,730.283142,710.575745,5,5.07697153
2.27796,2277,730.283142,710.58075,5,5.038799
2.27922,2278,730.283142,710.585144,5,5.109691
2.28105,2279,730.283142,710.5897,5,4.95154667
2.28106,2280,730.283142,710.5957,5,4.847935
2.28230,2281,730.283142,710.6007,5,5.016986
2.28231,2282,730.283142,710.6058,5,5.006079
2.28412,2283,730.283142,710.610046,5,5.191489
2.28595,2284,730.283142,710.615051,5,4.90246725
2.28597,2285,730.283142,710.6206,5,4.891561
2.28724,2286,730.283142,710.6254,5,4.94064
2.28903,2287,730.283142,710.6307,5,5.016986
2.28905,2288,730.283142,710.634949,5,5.12059736
2.29033,2289,730.283142,710.640259,5,4.88065434
2.29035,2290,730.283142,710.6454,5,4.97335958
2.29212,2291,730.283142,710.6506,5,4.90246725
2.29395,2292,730.283142,710.655762,5,5.109691
2.29397,2293,730.283142,710.6602,5,5.09878445
2.29521,2294,730.283142,710.665161,5,4.94064
2.29704,2295,730.283142,710.6699,5,4.94064
2.29706,2296,730.283142,710.6758,5,4.858842
2.29832,2297,730.283142,710.6806,5,5.109691
2.29835,2298,730.283142,710.6852,5,5.006079
2.30012,2299,730.283142,710.689941,5,5.016986
2.30198,2300,730.283142,710.694946,5,4.858842
2.30201,2301,730.283142,710.701,5,4.869748
2.30331,2302,730.283142,710.705933,5,5.164223
2.30504,2303,730.283142,710.710754,5,5.07697153
2.30506,2304,730.283142,710.7152,5,5.12059736
2.30632,2305,730.283142,710.720764,5,4.869748
2.30634,2306,730.283142,710.7262,5,4.97335958
2.30812,2307,730.283142,710.7312,5,5.038799
2.30997,2308,730.283142,710.735962,5,5.05515862
2.30999,2309,730.283142,710.7406,5,5.02789259
2.31124,2310,730.283142,710.7461,5,4.82612228
2.31303,2311,730.283142,710.751,5,5.038799
2.31304,2312,730.283142,710.755554,5,5.006079
2.31433,2313,730.283142,710.7602,5,5.087878
2.31437,2314,730.283142,710.766235,5,4.95154667
2.31613,2315,730.283142,710.7708,5,4.891561
2.31799,2316,730.283142,710.7754,5,5.038799
2.31802,2317,730.283142,710.7806,5,4.97335958
2.31921,2318,730.283142,710.785461,5,5.14241028
2.32103,2319,730.283142,710.7907,5,4.97335958
2.32105,2320,730.283142,710.796,5,5.07697153
2.32231,2321,730.283142,710.8006,5,5.07697153
2.32233,2322,730.283142,710.8056,5,4.97335958
2.32412,2323,730.283142,710.810242,5,4.995173
2.32596,2324,730.283142,710.816,5,4.847935
2.32598,2325,730.283142,710.8208,5,5.066065
2.32722,2326,730.283142,710.825562,5,4.995173
2.32904,2327,730.283142,710.830444,5,5.038799
2.32907,2328,730.283142,710.835449,5,4.94064
2.33029,2329,730.283142,710.840942,5,4.92973375
2.33032,2330,730.283142,710.8458,5,5.05515862
2.33214,2331,730.283142,710.8507,5,4.96245337
2.33399,2332,730.283142,710.8555,5,5.09878445
2.33401,2333,730.283142,710.8608,5,4.92973375
2.33523,2334,730.283142,710.8657,5,5.02789259
2.33704,2335,730.283142,710.8706,5,4.96245337
2.33706,2336,730.283142,710.876038,5,4.94064
2.33832,2337,730.283142,710.8807,5,5.066065
2.33835,2338,730.283142,710.8862,5,4.92973375
2.34012,2339,730.283142,710.8906,5,5.087878
2.34198,2340,730.283142,710.895752,5,4.891561
2.34201,2341,730.283142,710.9013,5,4.98426628
2.34324,2342,730.283142,710.90625,5,5.066065
2.34502,2343,730.283142,710.9111,5,5.05515862
2.34503,2344,730.283142,710.9152,5,5.038799
2.34630,2345,730.283142,710.920959,5,4.81521559
2.34632,2346,730.283142,710.9264,5,4.995173
2.34812,2347,730.283142,710.931335,5,4.98426628
2.34998,2348,730.283142,710.9359,5,5.153317
2.35001,2349,730.283142,710.9404,5,5.038799
2.35122,2350,730.283142,710.946167,5,4.837029
2.35306,2351,730.283142,710.95105,5,4.96245337
2.35307,2352,730.283142,710.956238,5,4.94064
2.35430,2353,730.283142,710.960754,5,5.164223
2.35431,2354,730.283142,710.966064,5,4.96245337
2.35612,2355,730.283142,710.976,5,4.96245337
2.35800,2356,730.283142,710.9815,5,4.995173
2.35803,2357,730.283142,710.9859,5,5.180583
2.35923,2358,730.283142,710.990967,5,4.96245337
2.36103,2359,730.283142,710.995667,5,4.96245337
2.36105,2360,730.283142,711.00116,5,4.847935
2.36231,2361,730.283142,711.0065,5,5.016986
2.36234,2362,730.283142,711.0108,5,5.07697153
2.36417,2363,730.283142,711.0157,5,4.97335958
2.36598,2364,730.283142,711.0203,5,4.96245337
2.36601,2365,730.283142,711.026367,5,4.76613665
2.36723,2366,730.283142,711.0314,5,5.087878
2.36907,2367,730.283142,711.036133,5,5.087878
2.36910,2368,730.283142,711.0407,5,5.12059736
2.37031,2369,730.283142,711.045654,5,4.97335958
2.37032,2370,730.283142,711.0516,5,4.858842
2.37213,2371,730.283142,711.056152,5,5.07697153
2.37399,2372,730.283142,711.061,5,4.995173
2.37402,2373,730.283142,711.065552,5,5.087878
2.37522,2374,730.283142,711.071,5,4.858842
2.37707,2375,730.283142,711.0764,5,4.94064
2.37709,2376,730.283142,711.081055,5,5.038799
2.37830,2377,730.283142,711.085938,5,5.02789259
2.37832,2378,730.283142,711.090454,5,5.038799
2.38012,2379,730.283142,711.0961,5,4.82612228
2.38199,2380,730.283142,711.101,5,4.995173
2.38201,2381,730.283142,711.1059,5,4.95154667
2.38323,2382,730.283142,711.111,5,5.07697153
2.38528,2383,730.283142,711.115967,5,5.038799
2.38533,2384,730.283142,711.12146,5,4.98426628
2.38630,2385,730.283142,711.126038,5,5.12059736
2.38632,2386,730.283142,711.131042,5,4.97335958
2.38817,2387,730.283142,711.1358,5,5.038799
2.39001,2388,730.283142,711.1411,5,4.869748
2.39004,2389,730.283142,711.1464,5,4.995173
2.39123,2390,730.283142,711.151,5,5.05515862
2.39310,2391,730.283142,711.1561,5,4.995173
2.39314,2392,730.283142,711.160767,5,5.02789259
2.39430,2393,730.283142,711.1663,5,4.869748
2.39431,2394,730.283142,711.171448,5,5.05515862
2.39614,2395,730.283142,711.176331,5,4.98426628
2.39798,2396,730.283142,711.181152,5,5.05515862
2.39800,2397,730.283142,711.186035,5,5.016986
2.39922,2398,730.283142,711.1918,5,4.96245337
2.40107,2399,730.283142,711.1961,5,5.05515862
2.40111,2400,730.283142,711.201538,5,4.88065434
2.40233,2401,730.283142,711.2065,5,5.05515862
2.40236,2402,730.283142,711.211548,5,4.96245337
2.40415,2403,730.283142,711.216553,5,5.016986
2.40602,2404,730.283142,711.2213,5,4.995173
2.40606,2405,730.283142,711.227051,5,4.891561
2.40723,2406,730.283142,711.232056,5,5.07697153
2.40905,2407,730.283142,711.237,5,5.016986
2.40907,2408,730.283142,711.24115,5,5.09878445
2.41030,2409,730.283142,711.24646,5,4.88065434
2.41031,2410,730.283142,711.252136,5,4.891561
2.41219,2411,730.283142,711.2571,5,5.006079
2.41399,2412,730.283142,711.2619,5,5.05515862
2.41401,2413,730.283142,711.2659,5,5.14241028
2.41522,2414,730.283142,711.2713,5,4.837029
2.41707,2415,730.283142,711.2764,5,4.913374
2.41710,2416,730.283142,711.2815,5,4.913374
2.41831,2417,730.283142,711.2864,5,5.07697153
2.41833,2418,730.283142,711.290955,5,5.07697153
2.42014,2419,730.283142,711.296448,5,4.88065434
2.42199,2420,730.283142,711.3012,5,4.97335958
2.42201,2421,730.283142,711.306641,5,4.88065434
2.42329,2422,730.283142,711.3114,5,5.13150358
2.42509,2423,730.283142,711.31604,5,5.016986
2.42513,2424,730.283142,711.321,5,4.90246725
2.42630,2425,730.283142,711.326,5,4.88065434
2.42631,2426,730.283142,711.3317,5,4.858842
2.42813,2427,730.283142,711.33606,5,5.109691
2.42994,2428,730.283142,711.340942,5,4.97335958
2.42997,2429,730.283142,711.345459,5,5.006079
2.43122,2430,730.283142,711.3509,5,4.798856
2.43307,2431,730.283142,711.3566,5,4.90246725
2.43311,2432,730.283142,711.3612,5,5.14241028
2.43430,2433,730.283142,711.366,5,5.066065
2.43432,2434,730.283142,711.370544,5,5.087878
2.43614,2435,730.283142,711.3763,5,4.82612228
2.43799,2436,730.283142,711.3815,5,4.995173
2.43802,2437,730.283142,711.386047,5,5.016986
2.43922,2438,730.283142,711.3908,5,5.05515862
2.44108,2439,730.283142,711.3956,5,4.995173
2.44110,2440,730.283142,711.4014,5,4.82612228
2.44228,2441,730.283142,711.4062,5,5.05515862
2.44230,2442,730.283142,711.4111,5,4.995173
2.44416,2443,730.283142,711.415955,5,5.087878
2.44598,2444,730.283142,711.420837,5,4.90246725
2.44600,2445,730.283142,711.426331,5,4.891561
2.44724,2446,730.283142,711.4309,5,5.006079
2.44906,2447,730.283142,711.436035,5,4.96245337
2.44909,2448,730.283142,711.440857,5,5.12059736
2.45029,2449,730.283142,711.4464,5,4.95154667
2.45030,2450,730.283142,711.451355,5,5.087878
2.45219,2451,730.283142,711.456,5,5.05515862
2.45405,2452,730.283142,711.4611,5,4.995173
2.45409,2453,730.283142,711.471558,5,4.891561
2.45524,2454,730.283142,711.4762,5,5.09878445
2.45708,2455,730.283142,711.4812,5,5.016986
2.45710,2456,730.283142,711.4861,5,5.07697153
2.45831,2457,730.283142,711.4913,5,4.95154667
2.45833,2458,730.283142,711.4969,5,4.97335958
2.46018,2459,730.283142,711.5015,5,5.05515862
2.46196,2460,730.283142,711.5065,5,4.98426628
2.46199,2461,730.283142,711.5113,5,5.109691
2.46322,2462,730.283142,711.517334,5,4.94064
2.46506,2463,730.283142,711.5215,5,5.05515862
2.46510,2464,730.283142,711.5265,5,4.95154667
2.46630,2465,730.283142,711.53186,5,4.97335958
2.46632,2466,730.283142,711.536743,5,5.05515862
2.46853,2467,730.283142,711.541931,5,4.95154667
2.46999,2468,730.283142,711.5462,5,5.087878
2.47001,2469,730.283142,711.5517,5,4.869748
2.47125,2470,730.283142,711.5571,5,5.02789259
2.47310,2471,730.283142,711.5621,5,5.066065
2.47312,2472,730.283142,711.5665,5,5.087878
2.47429,2473,730.283142,711.571045,5,5.016986
2.47431,2474,730.283142,711.5771,5,4.82612228
2.47612,2475,730.283142,711.5821,5,5.006079
2.47799,2476,730.283142,711.587158,5,4.98426628
2.47801,2477,730.283142,711.5915,5,5.191489
2.47923,2478,730.283142,711.596436,5,4.97335958
2.48106,2479,730.283142,711.601868,5,4.858842
2.48108,2480,730.283142,711.6068,5,4.94064
2.48232,2481,730.283142,711.612061,5,4.96245337
2.48234,2482,730.283142,711.6164,5,5.153317
2.48415,2483,730.283142,711.6217,5,4.92973375
2.48599,2484,730.283142,711.6268,5,4.96245337
2.48602,2485,730.283142,711.6319,5,4.92973375
2.48725,2486,730.283142,711.6372,5,5.038799
2.48907,2487,730.283142,711.641663,5,5.153317
2.48910,2488,730.283142,711.6466,5,4.95154667
2.49036,2489,730.283142,711.651367,5,4.96245337
2.49039,2490,730.283142,711.6572,5,4.837029
2.49216,2491,730.283142,711.662,5,5.066065
2.49397,2492,730.283142,711.6669,5,5.05515862
2.49402,2493,730.283142,711.6714,5,4.995173
2.49522,2494,730.283142,711.676331,5,4.92973375
2.49710,2495,730.283142,711.682434,5,4.798856
2.49713,2496,730.283142,711.6871,5,5.14241028
2.49829,2497,730.283142,711.6919,5,5.087878
2.49830,2498,730.283142,711.6964,5,5.14241028
2.50015,2499,730.283142,711.7019,5,4.94064
2.50202,2500,730.283142,711.707458,5,4.90246725
2.50210,2501,730.283142,711.7123,5,5.087878
2.50325,2502,730.283142,711.7174,5,5.02789259
2.50511,2503,730.283142,711.721741,5,5.07697153
2.50515,2504,730.283142,711.7276,5,4.837029
2.50631,2505,730.283142,711.732544,5,5.006079
2.50633,2506,730.283142,711.7377,5,5.02789259
2.50814,2507,730.283142,711.7423,5,5.066065
2.50998,2508,730.283142,711.7473,5,5.006079
2.51001,2509,730.283142,711.7529,5,4.847935
2.51122,2510,730.283142,711.757446,5,5.02789259
2.51306,2511,730.283142,711.7621,5,4.95154667
2.51309,2512,730.283142,711.7669,5,5.12059736
2.51430,2513,730.283142,711.772339,5,5.016986
2.51431,2514,730.283142,711.7776,5,5.05515862
2.51617,2515,730.283142,711.7822,5,5.13150358
2.51797,2516,730.283142,711.787354,5,5.006079
2.51801,2517,730.283142,711.7922,5,5.087878
2.51924,2518,730.283142,711.7979,5,4.94064
2.52107,2519,730.283142,711.8028,5,5.13150358
2.52109,2520,730.283142,711.8078,5,5.12059736
2.52230,2521,730.283142,711.812866,5,5.13150358
2.52231,2522,730.283142,711.8179,5,5.07697153
2.52415,2523,730.283142,711.8235,5,5.02789259
2.52597,2524,730.283142,711.8284,5,5.153317
2.52599,2525,730.283142,711.8337,5,5.066065
2.52721,2526,730.283142,711.8386,5,5.180583
2.52908,2527,730.283142,711.844055,5,5.016986
2.52912,2528,730.283142,711.8487,5,5.087878
2.53031,2529,730.283142,711.8536,5,5.006079
2.53034,2530,730.283142,711.859,5,5.006079
2.53216,2531,730.283142,711.863953,5,5.09878445
2.53394,2532,730.283142,711.869141,5,4.97335958
2.53396,2533,730.283142,711.873352,5,5.109691
2.53523,2534,730.283142,711.8789,5,4.90246725
2.53710,2535,730.283142,711.884338,5,5.016986
2.53716,2536,730.283142,711.8893,5,5.066065
2.53830,2537,730.283142,711.893738,5,5.066065
2.53832,2538,730.283142,711.898254,5,5.02789259
2.54015,2539,730.283142,711.9043,5,4.81521559
2.54199,2540,730.283142,711.909241,5,4.995173
2.54201,2541,730.283142,711.9143,5,4.98426628
2.54321,2542,730.283142,711.9185,5,5.164223
2.54504,2543,730.283142,711.923462,5,4.995173
2.54505,2544,730.283142,711.929,5,4.82612228
2.54630,2545,730.283142,711.9339,5,4.94064
2.54631,2546,730.283142,711.9391,5,4.92973375
2.54819,2547,730.283142,711.9434,5,5.14241028
2.55002,2548,730.283142,711.9487,5,4.913374
2.55005,2549,730.283142,711.953735,5,4.92973375
2.55123,2550,730.283142,711.958862,5,4.92973375
2.55306,2551,730.283142,711.9642,5,4.98426628
2.55308,2552,730.283142,711.9685,5,5.153317
2.55429,2553,730.283142,711.9735,5,4.92973375
2.55431,2554,730.283142,711.9783,5,4.95154667
2.55616,2555,730.283142,711.988953,5,5.016986
2.55798,2556,730.283142,711.9935,5,5.07697153
2.55801,2557,730.283142,711.9982,5,4.98426628
2.55923,2558,730.283142,712.003052,5,4.94064
2.56108,2559,730.283142,712.0092,5,4.76613665
2.56113,2560,730.283142,712.0139,5,5.087878
2.56230,2561,730.283142,712.0187,5,5.07697153
2.56231,2562,730.283142,712.0232,5,5.12059736
2.56415,2563,730.283142,712.0285,5,4.96245337
2.56601,2564,730.283142,712.034241,5,4.869748
2.56606,2565,730.283142,712.038635,5,5.07697153
2.56722,2566,730.283142,712.04364,5,4.995173
2.56906,2567,730.283142,712.0481,5,5.087878
2.56909,2568,730.283142,712.053833,5,4.858842
2.57030,2569,730.283142,712.059,5,4.95154667
2.57032,2570,730.283142,712.0638,5,5.038799
2.57218,2571,730.283142,712.068542,5,5.038799
2.57399,2572,730.283142,712.0733,5,5.038799
2.57401,2573,730.283142,712.0789,5,4.847935
2.57525,2574,730.283142,712.0836,5,5.006079
2.57708,2575,730.283142,712.0887,5,4.96245337
2.57712,2576,730.283142,712.0936,5,5.09878445
2.57831,2577,730.283142,712.0989,5,5.05515862
2.57833,2578,730.283142,712.104248,5,5.006079
2.58013,2579,730.283142,712.1088,5,5.13150358
2.58197,2580,730.283142,712.113831,5,4.995173
2.58199,2581,730.283142,712.1185,5,5.05515862
2.58324,2582,730.283142,712.124146,5,4.869748
2.58526,2583,730.283142,712.1291,5,5.02789259
2.58531,2584,730.283142,712.1339,5,5.038799
2.58632,2585,730.283142,712.13916,5,5.016986
2.58634,2586,730.283142,712.1441,5,5.038799
2.58816,2587,730.283142,712.1497,5,4.891561
2.59000,2588,730.283142,712.154053,5,5.087878
2.59003,2589,730.283142,712.1595,5,4.995173
2.59123,2590,730.283142,712.1643,5,5.07697153
2.59307,2591,730.283142,712.1696,5,5.02789259
2.59310,2592,730.283142,712.1746,5,4.98426628
2.59430,2593,730.283142,712.1791,5,5.05515862
2.59432,2594,730.283142,712.1847,5,4.913374
2.59616,2595,730.283142,712.1896,5,5.07697153
2.59798,2596,730.283142,712.194763,5,4.96245337
2.59800,2597,730.283142,712.1992,5,5.05515862
2.59922,2598,730.283142,712.2043,5,4.98426628
2.60107,2599,730.283142,712.2099,5,4.92973375
2.60109,2600,730.283142,712.214966,5,5.09878445
2.60234,2601,730.283142,712.2199,5,5.038799
2.60236,2602,730.283142,712.2242,5,5.09878445
2.60414,2603,730.283142,712.230042,5,4.869748
2.60602,2604,730.283142,712.235,5,4.94064
2.60604,2605,730.283142,712.2403,5,5.006079
2.60725,2606,730.283142,712.244751,5,5.109691
2.60907,2607,730.283142,712.2494,5,5.13150358
2.60910,2608,730.283142,712.255066,5,4.837029
2.61031,2609,730.283142,712.259949,5,4.94064
2.61033,2610,730.283142,712.2652,5,4.90246725
2.61219,2611,730.283142,712.269653,5,5.12059736
2.61398,2612,730.283142,712.275,5,4.90246725
2.61400,2613,730.283142,712.2803,5,4.98426628
2.61523,2614,730.283142,712.2846,5,4.98426628
2.61704,2615,730.283142,712.2901,5,4.92973375
2.61706,2616,730.283142,712.2946,5,5.191489
2.61839,2617,730.283142,712.299561,5,5.016986
2.61842,2618,730.283142,712.3043,5,4.97335958
2.62019,2619,730.283142,712.309937,5,4.90246725
2.62198,2620,730.283142,712.315247,5,4.96245337
2.62202,2621,730.283142,712.3197,5,5.153317
2.62323,2622,730.283142,712.324646,5,5.016986
2.62506,2623,730.283142,712.3293,5,5.05515862
2.62510,2624,730.283142,712.3353,5,4.82612228
2.62630,2625,730.283142,712.340454,5,5.07697153
2.62635,2626,730.283142,712.3452,5,5.164223
2.62813,2627,730.283142,712.349731,5,5.153317
2.62999,2628,730.283142,712.3549,5,5.07697153
2.63010,2629,730.283142,712.3607,5,4.869748
2.63124,2630,730.283142,712.365356,5,5.09878445
2.63308,2631,730.283142,712.3705,5,5.016986
2.63310,2632,730.283142,712.374756,5,5.12059736
2.63430,2633,730.283142,712.3804,5,4.92973375
2.63432,2634,730.283142,712.385742,5,4.92973375
2.63615,2635,730.283142,712.3904,5,5.087878
2.63800,2636,730.283142,712.395264,5,5.02789259
2.63803,2637,730.283142,712.3999,5,5.087878
2.63923,2638,730.283142,712.40564,5,4.858842
2.64109,2639,730.283142,712.410339,5,4.98426628
2.64112,2640,730.283142,712.415344,5,4.96245337
2.64230,2641,730.283142,712.420349,5,5.038799
2.64231,2642,730.283142,712.4254,5,5.07697153
2.64418,2643,730.283142,712.430847,5,4.96245337
2.64595,2644,730.283142,712.435364,5,5.13150358
2.64597,2645,730.283142,712.4405,5,4.995173
2.64725,2646,730.283142,712.4452,5,5.02789259
2.64909,2647,730.283142,712.4506,5,4.90246725
2.64910,2648,730.283142,712.456055,5,4.96245337
2.65029,2649,730.283142,712.460754,5,5.066065
2.65032,2650,730.283142,712.4657,5,4.98426628
2.65214,2651,730.283142,712.4702,5,5.038799
2.65398,2652,730.283142,712.4761,5,4.858842
2.65402,2653,730.283142,712.48584,5,4.995173
2.65523,2654,730.283142,712.48584,5,4.995173
2.65705,2655,730.283142,712.4908,5,5.016986
2.65707,2656,730.283142,712.4959,5,5.066065
2.65829,2657,730.283142,712.5055,5,5.066065
2.65831,2658,730.283142,712.5109,5,4.891561
2.66015,2659,730.283142,712.515869,5,5.02789259
2.66195,2660,730.283142,712.5211,5,4.995173
2.66197,2661,730.283142,712.525635,5,4.995173
2.66324,2662,730.283142,712.5304,5,5.02789259
2.66508,2663,730.283142,712.536255,5,4.869748
2.66510,2664,730.283142,712.5412,5,5.07697153
2.66628,2665,730.283142,712.5461,5,5.02789259
2.66630,2666,730.283142,712.550232,5,5.109691
2.66863,2667,730.283142,712.555664,5,4.913374
2.67001,2668,730.283142,712.56134,5,4.869748
2.67005,2669,730.283142,712.5662,5,5.016986
2.67129,2670,730.283142,712.571,5,5.038799
2.67308,2671,730.283142,712.5753,5,5.180583
2.67311,2672,730.283142,712.5809,5,4.88065434
2.67430,2673,730.283142,712.58606,5,4.90246725
2.67432,2674,730.283142,712.5911,5,4.913374
2.67617,2675,730.283142,712.5958,5,5.05515862
2.67794,2676,730.283142,712.6005,5,5.109691
2.67795,2677,730.283142,712.605957,5,4.891561
2.67923,2678,730.283142,712.6108,5,4.995173
2.68105,2679,730.283142,712.616333,5,4.90246725
2.68108,2680,730.283142,712.6209,5,5.13150358
2.68229,2681,730.283142,712.6258,5,5.07697153
2.68231,2682,730.283142,712.630554,5,4.94064
2.68414,2683,730.283142,712.635864,5,4.92973375
2.68602,2684,730.283142,712.6415,5,4.88065434
2.68604,2685,730.283142,712.6458,5,5.13150358
2.68723,2686,730.283142,712.6507,5,5.006079
2.68908,2687,730.283142,712.6553,5,5.016986
2.68912,2688,730.283142,712.6611,5,4.837029
2.69032,2689,730.283142,712.6665,5,4.913374
2.69036,2690,730.283142,712.6711,5,5.164223
2.69217,2691,730.283142,712.6758,5,5.087878
2.69395,2692,730.283142,712.680542,5,5.12059736
2.69398,2693,730.283142,712.6865,5,4.847935
2.69523,2694,730.283142,712.6913,5,5.006079
2.69707,2695,730.283142,712.6961,5,5.02789259
2.69710,2696,730.283142,712.7007,5,5.066065
2.69828,2697,730.283142,712.7059,5,5.006079
2.69830,2698,730.283142,712.7115,5,4.82612228
2.70015,2699,730.283142,712.7164,5,5.006079
2.70194,2700,730.283142,712.721,5,5.006079
2.70196,2701,730.283142,712.725647,5,5.087878
2.70325,2702,730.283142,712.731445,5,4.90246725
2.70504,2703,730.283142,712.7365,5,5.006079
2.70506,2704,730.283142,712.7416,5,4.97335958
2.70631,2705,730.283142,712.7467,5,5.13150358
2.70633,2706,730.283142,712.751648,5,4.95154667
2.70816,2707,730.283142,712.757263,5,5.087878
2.70995,2708,730.283142,712.7617,5,5.05515862
2.70996,2709,730.283142,712.7668,5,4.995173
2.71122,2710,730.283142,712.7715,5,4.97335958
2.71304,2711,730.283142,712.776,5,4.869748
2.71306,2712,730.283142,712.781555,5,4.869748
2.71432,2713,730.283142,712.7862,5,5.07697153
2.71434,2714,730.283142,712.791138,5,5.05515862
2.71612,2715,730.283142,712.796143,5,4.92973375
2.71797,2716,730.283142,712.801331,5,4.96245337
2.71799,2717,730.283142,712.806641,5,5.05515862
2.71924,2718,730.283142,712.8114,5,4.98426628
2.72104,2719,730.283142,712.8166,5,5.09878445
2.72107,2720,730.283142,712.8215,5,4.913374
2.72230,2721,730.283142,712.8269,5,5.02789259
2.72231,2722,730.283142,712.8312,5,4.92973375
2.72417,2723,730.283142,712.836365,5,4.92973375
2.72594,2724,730.283142,712.841553,5,5.016986
2.72596,2725,730.283142,712.8465,5,4.913374
2.72722,2726,730.283142,712.85144,5,5.066065
2.72903,2727,730.283142,712.855835,5,4.847935
2.72905,2728,730.283142,712.861938,5,4.98426628
2.73029,2729,730.283142,712.867065,5,5.02789259
2.73030,2730,730.283142,712.872,5,5.05515862
2.73218,2731,730.283142,712.87616,5,5.016986
2.73397,2732,730.283142,712.8811,5,4.78794956
2.73399,2733,730.283142,712.886963,5,4.98426628
2.73528,2734,730.283142,712.891968,5,4.97335958
2.73704,2735,730.283142,712.8969,5,5.164223
2.73706,2736,730.283142,712.901062,5,5.006079
2.73833,2737,730.283142,712.9063,5,4.837029
2.73834,2738,730.283142,712.911743,5,4.95154667
2.74014,2739,730.283142,712.916748,5,4.94064
2.74195,2740,730.283142,712.9217,5,5.153317
2.74198,2741,730.283142,712.926147,5,4.95154667
2.74323,2742,730.283142,712.9316,5,4.95154667
2.74503,2743,730.283142,712.936462,5,4.94064
2.74504,2744,730.283142,712.941833,5,5.006079
2.74630,2745,730.283142,712.946838,5,5.164223
2.74632,2746,730.283142,712.951355,5,4.95154667
2.74813,2747,730.283142,712.95636,5,4.97335958
2.74996,2748,730.283142,712.961243,5,4.82612228
2.74998,2749,730.283142,712.967041,5,5.02789259
2.75124,2750,730.283142,712.9717,5,5.05515862
2.75304,2751,730.283142,712.976257,5,4.98426628
2.75306,2752,730.283142,712.980957,5,4.95154667
2.75431,2753,730.283142,712.9862,5,4.777043
2.75433,2754,730.283142,712.9921,5,5.109691
2.75612,2755,730.283142,712.996765,5,5.087878
2.75793,2756,730.283142,713.0016,5,5.14241028
2.75795,2757,730.283142,713.006042,5,4.96245337
2.75924,2758,730.283142,713.0171,5,5.07697153
2.76107,2759,730.283142,713.0216,5,4.995173
2.76109,2760,730.283142,713.026367,5,5.087878
2.76229,2761,730.283142,713.0311,5,4.837029
2.76230,2762,730.283142,713.036865,5,4.92973375
2.76412,2763,730.283142,713.0416,5,5.016986
2.76594,2764,730.283142,713.0465,5,5.016986
2.76595,2765,730.283142,713.051147,5,5.016986
2.76724,2766,730.283142,713.056152,5,4.81521559
2.76906,2767,730.283142,713.0617,5,4.98426628
2.76908,2768,730.283142,713.0662,5,4.92973375
2.77030,2769,730.283142,713.071533,5,5.066065
2.77032,2770,730.283142,713.0763,5,5.016986
2.77212,2771,730.283142,713.081665,5,4.96245337
2.77395,2772,730.283142,713.0867,5,5.109691
2.77397,2773,730.283142,713.0913,5,4.96245337
2.77523,2774,730.283142,713.0964,5,5.02789259
2.77704,2775,730.283142,713.1011,5,4.847935
2.77705,2776,730.283142,713.1067,5,4.97335958
2.77829,2777,730.283142,713.11145,5,5.02789259
2.77832,2778,730.283142,713.116333,5,4.97335958
2.78012,2779,730.283142,713.1211,5,5.016986
2.78196,2780,730.283142,713.12616,5,4.858842
2.78197,2781,730.283142,713.1317,5,5.038799
2.78327,2782,730.283142,713.1362,5,4.96245337
2.78513,2783,730.283142,713.141357,5,5.038799
2.78515,2784,730.283142,713.14624,5,5.016986
2.78634,2785,730.283142,713.15155,5,4.95154667
2.78636,2786,730.283142,713.1564,5,5.05515862
2.78813,2787,730.283142,713.161,5,4.88065434
2.78995,2788,730.283142,713.166443,5,5.05515862
2.78997,2789,730.283142,713.1714,5,4.97335958
2.79128,2790,730.283142,713.176636,5,5.02789259
2.79303,2791,730.283142,713.180969,5,5.006079
2.79305,2792,730.283142,713.186035,5,4.891561
2.79432,2793,730.283142,713.1918,5,5.07697153
2.79434,2794,730.283142,713.1968,5,5.02789259
2.79612,2795,730.283142,713.2014,5,5.109691
2.79797,2796,730.283142,713.2056,5,4.891561
2.79799,2797,730.283142,713.2115,5,4.90246725
2.79926,2798,730.283142,713.2168,5,5.006079
2.80104,2799,730.283142,713.2217,5,5.05515862
2.80106,2800,730.283142,713.2265,5,5.164223
2.80233,2801,730.283142,713.2312,5,4.847935
2.80235,2802,730.283142,713.2369,5,4.92973375
2.80413,2803,730.283142,713.2418,5,4.92973375
2.80595,2804,730.283142,713.247,5,5.07697153
2.80596,2805,730.283142,713.2514,5,5.087878
2.80723,2806,730.283142,713.256531,5,4.891561
2.80904,2807,730.283142,713.2617,5,4.98426628
2.80906,2808,730.283142,713.2671,5,4.90246725
2.81031,2809,730.283142,713.2725,5,5.153317
2.81032,2810,730.283142,713.276855,5,5.038799
2.81212,2811,730.283142,713.2816,5,4.94064
2.81396,2812,730.283142,713.2861,5,4.913374
2.81398,2813,730.283142,713.2915,5,4.891561
2.81523,2814,730.283142,713.2968,5,5.13150358
2.81706,2815,730.283142,713.3012,5,4.98426628
2.81708,2816,730.283142,713.3061,5,5.006079
2.81840,2817,730.283142,713.3106,5,4.777043
2.81844,2818,730.283142,713.3166,5,4.90246725
2.82015,2819,730.283142,713.3217,5,5.12059736
2.82195,2820,730.283142,713.326355,5,5.038799
2.82197,2821,730.283142,713.3309,5,5.07697153
2.82324,2822,730.283142,713.335754,5,4.78794956
2.82507,2823,730.283142,713.3417,5,4.97335958
2.82511,2824,730.283142,713.3463,5,4.995173
2.82631,2825,730.283142,713.351135,5,5.038799
2.82632,2826,730.283142,713.3556,5,4.97335958
2.82813,2827,730.283142,713.361,5,4.81521559
2.82995,2828,730.283142,713.3665,5,5.038799
2.82998,2829,730.283142,713.3711,5,4.98426628
2.83123,2830,730.283142,713.376038,5,5.087878
2.83305,2831,730.283142,713.380554,5,4.913374
2.83306,2832,730.283142,713.386169,5,4.891561
2.83430,2833,730.283142,713.3912,5,5.006079
2.83434,2834,730.283142,713.395935,5,4.96245337
2.83614,2835,730.283142,713.401367,5,5.12059736
2.83798,2836,730.283142,713.4059,5,4.95154667
2.83804,2837,730.283142,713.4115,5,5.087878
2.83924,2838,730.283142,713.416138,5,5.038799
2.84104,2839,730.283142,713.4214,5,4.995173
2.84105,2840,730.283142,713.4262,5,4.98426628
2.84229,2841,730.283142,713.431458,5,4.88065434
2.84231,2842,730.283142,713.436768,5,5.09878445
2.84412,2843,730.283142,713.441467,5,4.995173
2.84595,2844,730.283142,713.4465,5,5.05515862
2.84597,2845,730.283142,713.451233,5,4.94064
2.84723,2846,730.283142,713.4568,5,4.96245337
2.84905,2847,730.283142,713.4617,5,5.05515862
2.84908,2848,730.283142,713.4665,5,4.98426628
2.85031,2849,730.283142,713.4717,5,5.109691
2.85033,2850,730.283142,713.476563,5,4.94064
2.85212,2851,730.283142,713.482,5,5.066065
2.85396,2852,730.283142,713.486267,5,4.95154667
2.85400,2853,730.283142,713.4917,5,4.96245337
2.85524,2854,730.283142,713.4968,5,5.066065
2.85703,2855,730.283142,713.506531,5,5.09878445
2.85704,2856,730.283142,713.5112,5,4.891561
2.85829,2857,730.283142,713.517,5,5.02789259
2.85830,2858,730.283142,713.522034,5,5.05515862
2.86032,2859,730.283142,713.527039,5,5.087878
2.86197,2860,730.283142,713.5311,5,5.016986
2.86201,2861,730.283142,713.5363,5,4.81521559
2.86324,2862,730.283142,713.5421,5,5.006079
2.86505,2863,730.283142,713.547,5,4.97335958
2.86509,2864,730.283142,713.551941,5,5.180583
2.87779,2865,730.283142,713.5561,5,4.995173
2.87784,2866,730.283142,713.561646,5,4.847935
2.87786,2867,730.283142,713.566833,5,4.95154667
2.87788,2868,730.283142,713.5719,5,4.95154667
2.87789,2869,730.283142,713.5767,5,5.14241028
2.87791,2870,730.283142,713.5812,5,4.913374
2.87795,2871,730.283142,713.5867,5,4.95154667
2.87798,2872,730.283142,713.591553,5,4.92973375
2.87800,2873,730.283142,713.597,5,5.016986
2.87802,2874,730.283142,713.6018,5,5.153317
2.87806,2875,730.283142,713.606445,5,4.92973375
2.87808,2876,730.283142,713.6113,5,4.96245337
2.87810,2877,730.283142,713.616333,5,4.82612228
2.87923,2878,730.283142,713.622131,5,5.05515862
2.88105,2879,730.283142,713.6266,5,5.05515862
2.88107,2880,730.283142,713.631348,5,4.98426628
2.88230,2881,730.283142,713.636,5,4.92973375
2.88233,2882,730.283142,713.6414,5,4.777043
2.88412,2883,730.283142,713.647156,5,5.109691
2.88600,2884,730.283142,713.651733,5,5.07697153
2.88603,2885,730.283142,713.656555,5,5.13150358
2.88724,2886,730.283142,713.661,5,4.95154667
2.88902,2887,730.283142,713.6669,5,4.891561
2.88904,2888,730.283142,713.671936,5,5.07697153
2.89029,2889,730.283142,713.676636,5,4.995173
2.89033,2890,730.283142,713.681335,5,5.07697153
2.89212,2891,730.283142,713.686157,5,4.82612228
2.89399,2892,730.283142,713.6921,5,4.97335958
2.89404,2893,730.283142,713.6967,5,5.02789259
2.89525,2894,730.283142,713.7016,5,5.05515862
2.89704,2895,730.283142,713.7062,5,5.02789259
2.89707,2896,730.283142,713.7115,5,4.837029
2.89829,2897,730.283142,713.7171,5,5.016986
2.89830,2898,730.283142,713.721741,5,4.95154667
2.90012,2899,730.283142,713.727051,5,5.09878445
2.90201,2900,730.283142,713.7318,5,5.02789259
2.90206,2901,730.283142,713.7374,5,5.016986
2.90325,2902,730.283142,713.7422,5,5.12059736
2.90506,2903,730.283142,713.747,5,4.995173
2.90508,2904,730.283142,713.7522,5,5.038799
2.90630,2905,730.283142,713.7569,5,4.858842
2.90631,2906,730.283142,713.7628,5,5.02789259
2.90812,2907,730.283142,713.767456,5,5.02789259
2.90999,2908,730.283142,713.7724,5,5.006079
2.91002,2909,730.283142,713.777161,5,5.016986
2.91123,2910,730.283142,713.782654,5,4.891561
2.91309,2911,730.283142,713.7878,5,5.087878
2.91313,2912,730.283142,713.7924,5,4.995173
2.91429,2913,730.283142,713.7973,5,5.09878445
2.91431,2914,730.283142,713.8021,5,5.016986
2.91613,2915,730.283142,713.807556,5,4.995173
2.91812,2916,730.283142,713.812134,5,5.02789259
2.91815,2917,730.283142,713.817139,5,4.90246725
2.91928,2918,730.283142,713.823059,5,5.066065
2.92108,2919,730.283142,713.8274,5,4.94064
2.92111,2920,730.283142,713.832458,5,5.066065
2.92232,2921,730.283142,713.8368,5,4.94064
2.92236,2922,730.283142,713.8423,5,4.913374
2.92414,2923,730.283142,713.847656,5,5.066065
2.92597,2924,730.283142,713.8526,5,5.016986
2.92599,2925,730.283142,713.856934,5,5.087878
2.92723,2926,730.283142,713.8616,5,4.82612228
2.92909,2927,730.283142,713.867554,5,4.92973375
2.92912,2928,730.283142,713.8726,5,4.98426628
2.93029,2929,730.283142,713.8775,5,5.087878
2.93031,2930,730.283142,713.881836,5,5.13150358
2.93215,2931,730.283142,713.8869,5,4.837029
2.93398,2932,730.283142,713.8924,5,4.94064
2.93401,2933,730.283142,713.897339,5,4.913374
2.93526,2934,730.283142,713.902466,5,5.12059736
2.93709,2935,730.283142,713.90686,5,5.038799
2.93711,2936,730.283142,713.912231,5,4.90246725
2.93830,2937,730.283142,713.917236,5,4.995173
2.93832,2938,730.283142,713.9224,5,4.94064
2.94014,2939,730.283142,713.927734,5,5.191489
2.94197,2940,730.283142,713.9322,5,5.016986
2.94199,2941,730.283142,713.937134,5,4.96245337
2.94322,2942,730.283142,713.9419,5,4.90246725
2.94505,2943,730.283142,713.947754,5,4.95154667
2.94508,2944,730.283142,713.952637,5,5.13150358
2.94628,2945,730.283142,713.957153,5,4.995173
2.94630,2946,730.283142,713.9619,5,5.016986
2.94814,2947,730.283142,713.9669,5,4.78794956
2.95000,2948,730.283142,713.9729,5,5.02789259
2.95002,2949,730.283142,713.9776,5,5.13150358
2.95124,2950,730.283142,713.9825,5,5.109691
2.95305,2951,730.283142,713.986938,5,5.066065
2.95307,2952,730.283142,713.9925,5,4.847935
2.95429,2953,730.283142,714.002563,5,5.006079
2.95431,2954,730.283142,714.0074,5,5.09878445
2.95614,2955,730.283142,714.012,5,4.92973375
2.95797,2956,730.283142,714.0179,5,4.90246725
2.95800,2957,730.283142,714.0228,5,5.087878
2.95922,2958,730.283142,714.0277,5,5.038799
2.96106,2959,730.283142,714.032349,5,5.09878445
2.96109,2960,730.283142,714.0373,5,4.88065434
2.96229,2961,730.283142,714.043335,5,4.98426628
2.96230,2962,730.283142,714.047852,5,4.97335958
2.96415,2963,730.283142,714.0531,5,5.05515862
2.96597,2964,730.283142,714.0576,5,5.09878445
2.96600,2965,730.283142,714.063049,5,4.98426628
2.96723,2966,730.283142,714.0684,5,5.153317
2.96909,2967,730.283142,714.0731,5,5.016986
2.96913,2968,730.283142,714.0782,5,5.05515862
2.97034,2969,730.283142,714.082947,5,4.913374
2.97036,2970,730.283142,714.088562,5,4.96245337
2.97215,2971,730.283142,714.0933,5,5.07697153
2.97397,2972,730.283142,714.0983,5,4.995173
2.97399,2973,730.283142,714.1031,5,5.066065
2.97526,2974,730.283142,714.1083,5,4.88065434
2.97705,2975,730.283142,714.113647,5,5.038799
2.97707,2976,730.283142,714.118347,5,5.006079
2.97829,2977,730.283142,714.123535,5,5.038799
2.97830,2978,730.283142,714.128357,5,5.07697153
2.98016,2979,730.283142,714.1337,5,4.96245337
2.98196,2980,730.283142,714.1384,5,5.07697153
2.98199,2981,730.283142,714.14325,5,4.913374
2.98323,2982,730.283142,714.1486,5,5.05515862
2.98520,2983,730.283142,714.1536,5,5.006079
2.98521,2984,730.283142,714.1587,5,5.016986
2.98632,2985,730.283142,714.163,5,5.038799
2.98634,2986,730.283142,714.168457,5,4.891561
2.98815,2987,730.283142,714.17395,5,5.087878
2.98996,2988,730.283142,714.179,5,5.038799
2.98999,2989,730.283142,714.1835,5,5.109691
2.99123,2990,730.283142,714.187866,5,4.913374
2.99306,2991,730.283142,714.1939,5,4.891561
2.99308,2992,730.283142,714.199,5,5.02789259
2.99431,2993,730.283142,714.2039,5,5.038799
2.99432,2994,730.283142,714.2084,5,5.180583
2.99616,2995,730.283142,714.2132,5,4.869748
2.99797,2996,730.283142,714.2189,5,4.92973375
2.99799,2997,730.283142,714.22406,5,4.94064
2.99923,2998,730.283142,714.229,5,5.066065
3.00108,2999,730.283142,714.2334,5,5.109691
3.00111,3000,730.283142,714.2386,5,4.891561
3.00231,3001,730.283142,714.2437,5,4.995173
3.00235,3002,730.283142,714.2488,5,4.913374
3.00414,3003,730.283142,714.2544,5,5.14241028
3.00601,3004,730.283142,714.25885,5,5.066065
3.00604,3005,730.283142,714.2642,5,4.95154667
3.00724,3006,730.283142,714.2686,5,4.92973375
3.00905,3007,730.283142,714.2748,5,4.891561
3.00907,3008,730.283142,714.279663,5,5.13150358
3.01029,3009,730.283142,714.2842,5,4.995173
3.01031,3010,730.283142,714.28894,5,5.02789259
3.01216,3011,730.283142,714.2933,5,4.82612228
3.01395,3012,730.283142,714.2993,5,4.94064
3.01397,3013,730.283142,714.3041,5,5.153317
3.01524,3014,730.283142,714.3089,5,5.087878
3.01706,3015,730.283142,714.313354,5,5.09878445
3.01709,3016,730.283142,714.3186,5,4.82612228
3.01852,3017,730.283142,714.3247,5,5.006079
3.01855,3018,730.283142,714.328857,5,5.016986
3.02011,3019,730.283142,714.333862,5,5.066065
3.02201,3020,730.283142,714.3383,5,4.995173
3.02204,3021,730.283142,714.344055,5,4.847935
3.02323,3022,730.283142,714.349243,5,5.07697153
3.02505,3023,730.283142,714.353943,5,5.016986
3.02508,3024,730.283142,714.358765,5,5.12059736
3.02630,3025,730.283142,714.3635,5,4.92973375
3.02631,3026,730.283142,714.369263,5,4.92973375
3.02815,3027,730.283142,714.3739,5,5.016986
3.02996,3028,730.283142,714.379,5,4.995173
3.02999,3029,730.283142,714.384,5,5.13150358
3.03131,3030,730.283142,714.3896,5,4.96245337
3.03308,3031,730.283142,714.394836,5,5.12059736
3.03311,3032,730.283142,714.3994,5,5.05515862
3.03431,3033,730.283142,714.4044,5,5.006079
3.03433,3034,730.283142,714.4092,5,4.97335958
3.03617,3035,730.283142,714.4148,5,4.913374
3.03797,3036,730.283142,714.4198,5,5.109691
3.03800,3037,730.283142,714.424561,5,5.006079
3.03923,3038,730.283142,714.429443,5,5.087878
3.04107,3039,730.283142,714.4344,5,4.913374
3.04112,3040,730.283142,714.439941,5,4.995173
3.04229,3041,730.283142,714.4445,5,5.038799
3.04231,3042,730.283142,714.4497,5,4.995173
3.04415,3043,730.283142,714.4546,5,5.09878445
3.04597,3044,730.283142,714.459839,5,4.92973375
3.04599,3045,730.283142,714.4649,5,5.07697153
3.04725,3046,730.283142,714.46936,5,4.94064
3.04908,3047,730.283142,714.4749,5,5.006079
3.04911,3048,730.283142,714.479858,5,5.038799
3.05032,3049,730.283142,714.485046,5,4.97335958
3.05034,3050,730.283142,714.4895,5,5.087878
3.05223,3051,730.283142,714.4945,5,4.88065434
3.05402,3052,730.283142,714.5003,5,5.07697153
3.05405,3053,730.283142,714.505249,5,5.05515862
3.05525,3054,730.283142,714.509949,5,5.109691
3.05705,3055,730.283142,714.519958,5,4.837029
3.05708,3056,730.283142,714.5253,5,5.016986
3.05830,3057,730.283142,714.530334,5,5.006079
3.05831,3058,730.283142,714.534851,5,5.202396
3.06016,3059,730.283142,714.5394,5,4.95154667
3.06195,3060,730.283142,714.5451,5,4.891561
3.06198,3061,730.283142,714.55,5,4.94064
3.06323,3062,730.283142,714.555237,5,4.995173
3.06506,3063,730.283142,714.559753,5,5.14241028
3.06509,3064,730.283142,714.564636,5,4.90246725
3.06629,3065,730.283142,714.569946,5,4.98426628
3.06631,3066,730.283142,714.5749,5,4.913374
3.06853,3067,730.283142,714.5805,5,5.087878
3.06997,3068,730.283142,714.584961,5,5.13150358
3.06999,3069,730.283142,714.589844,5,4.94064
3.07123,3070,730.283142,714.5946,5,4.96245337
3.07319,3071,730.283142,714.600159,5,4.837029
3.07326,3072,730.283142,714.6054,5,5.09878445
3.07431,3073,730.283142,714.609863,5,5.02789259
3.07435,3074,730.283142,714.614868,5,5.006079
3.07615,3075,730.283142,714.6193,5,4.891561
3.07799,3076,730.283142,714.625366,5,4.858842
3.07802,3077,730.283142,714.6305,5,5.164223
3.07925,3078,730.283142,714.6352,5,5.087878
3.08107,3079,730.283142,714.6398,5,5.14241028
3.08110,3080,730.283142,714.6447,5,4.891561
3.08230,3081,730.283142,714.650635,5,4.95154667
3.08232,3082,730.283142,714.6552,5,5.05515862
3.08415,3083,730.283142,714.6601,5,5.038799
3.08598,3084,730.283142,714.6647,5,5.05515862
3.08600,3085,730.283142,714.670166,5,4.82612228
3.08727,3086,730.283142,714.6759,5,5.02789259
3.08910,3087,730.283142,714.6802,5,5.006079
3.08913,3088,730.283142,714.6851,5,5.087878
3.09030,3089,730.283142,714.689636,5,4.97335958
3.09032,3090,730.283142,714.6954,5,4.88065434
3.09217,3091,730.283142,714.700256,5,5.02789259
3.09399,3092,730.283142,714.7055,5,4.96245337
3.09401,3093,730.283142,714.7105,5,5.14241028
3.09526,3094,730.283142,714.7153,5,4.98426628
3.09706,3095,730.283142,714.721069,5,5.07697153
3.09709,3096,730.283142,714.7256,5,5.087878
3.09829,3097,730.283142,714.730652,5,4.98426628
3.09830,3098,730.283142,714.7354,5,5.016986
3.10013,3099,730.283142,714.740845,5,4.858842
3.10207,3100,730.283142,714.746033,5,5.066065
3.10215,3101,730.283142,714.7506,5,5.016986
3.10326,3102,730.283142,714.7557,5,5.038799
3.10509,3103,730.283142,714.7604,5,4.96245337
3.10512,3104,730.283142,714.766052,5,4.92973375
3.10629,3105,730.283142,714.771057,5,5.066065
3.10631,3106,730.283142,714.776062,5,4.97335958
3.10815,3107,730.283142,714.7811,5,5.109691
3.10997,3108,730.283142,714.7861,5,4.95154667
3.11001,3109,730.283142,714.7914,5,5.02789259
3.11124,3110,730.283142,714.7957,5,4.98426628
3.11307,3111,730.283142,714.8012,5,4.92973375
3.11311,3112,730.283142,714.8062,5,5.066065
3.11430,3113,730.283142,714.811035,5,4.92973375
3.11432,3114,730.283142,714.8157,5,5.087878
3.11615,3115,730.283142,714.8203,5,4.90246725
3.11802,3116,730.283142,714.826233,5,4.98426628
3.11806,3117,730.283142,714.831238,5,5.087878
3.11925,3118,730.283142,714.8362,5,5.05515862
3.12106,3119,730.283142,714.8403,5,5.07697153
3.12109,3120,730.283142,714.8457,5,4.847935
3.12234,3121,730.283142,714.85144,5,5.006079
3.12237,3122,730.283142,714.856445,5,5.016986
3.12418,3123,730.283142,714.8612,5,5.191489
3.12599,3124,730.283142,714.86554,5,5.07697153
3.12603,3125,730.283142,714.8711,5,4.869748
3.12725,3126,730.283142,714.8762,5,4.97335958
3.12905,3127,730.283142,714.8814,5,4.95154667
3.12908,3128,730.283142,714.8861,5,5.180583
3.13030,3129,730.283142,714.890747,5,4.97335958
3.13031,3130,730.283142,714.8962,5,4.96245337
3.13219,3131,730.283142,714.901062,5,4.96245337
3.13397,3132,730.283142,714.906555,5,5.006079
3.13399,3133,730.283142,714.9112,5,5.164223
3.13525,3134,730.283142,714.916,5,4.95154667
3.13709,3135,730.283142,714.920837,5,4.97335958
3.13713,3136,730.283142,714.9264,5,4.837029
3.13829,3137,730.283142,714.931641,5,5.02789259
3.13831,3138,730.283142,714.936035,5,5.07697153
3.14024,3139,730.283142,714.9409,5,4.98426628
3.14200,3140,730.283142,714.945435,5,4.95154667
3.14203,3141,730.283142,714.9512,5,4.75523
3.14324,3142,730.283142,714.9567,5,5.09878445
3.14507,3143,730.283142,714.961243,5,5.07697153
3.14509,3144,730.283142,714.966,5,5.12059736
3.14629,3145,730.283142,714.970642,5,4.96245337
3.14630,3146,730.283142,714.976563,5,4.858842
3.14815,3147,730.283142,714.9815,5,5.07697153
3.14999,3148,730.283142,714.986145,5,4.995173
3.15002,3149,730.283142,714.9908,5,5.087878
3.15123,3150,730.283142,714.99585,5,4.858842
3.15306,3151,730.283142,715.001953,5,4.94064
3.15308,3152,730.283142,715.0112,5,5.038799
3.15435,3153,730.283142,715.0157,5,5.038799
3.15440,3154,730.283142,715.0211,5,4.837029
3.15622,3155,730.283142,715.0266,5,4.995173
3.15800,3156,730.283142,715.0314,5,4.94064
3.15803,3157,730.283142,715.0366,5,5.087878
3.15925,3158,730.283142,715.041443,5,5.05515862
3.16107,3159,730.283142,715.047058,5,5.006079
3.16111,3160,730.283142,715.051636,5,5.14241028
3.16229,3161,730.283142,715.0566,5,4.995173
3.16231,3162,730.283142,715.061462,5,5.05515862
3.16416,3163,730.283142,715.06665,5,4.869748
3.16596,3164,730.283142,715.0721,5,5.006079
3.16599,3165,730.283142,715.0767,5,5.05515862
3.16724,3166,730.283142,715.081665,5,5.006079
3.16907,3167,730.283142,715.0865,5,5.038799
3.16908,3168,730.283142,715.091858,5,4.891561
3.17037,3169,730.283142,715.0969,5,5.07697153
3.17040,3170,730.283142,715.1016,5,4.98426628
3.17214,3171,730.283142,715.106934,5,5.087878
3.17398,3172,730.283142,715.1117,5,5.016986
3.17401,3173,730.283142,715.1171,5,4.98426628
3.17524,3174,730.283142,715.121643,5,5.05515862
3.17704,3175,730.283142,715.127136,5,4.891561
3.17706,3176,730.283142,715.132,5,5.066065
3.17829,3177,730.283142,715.137,5,4.96245337
3.17831,3178,730.283142,715.141968,5,5.038799
3.18016,3179,730.283142,715.146362,5,4.98426628
3.18195,3180,730.283142,715.152161,5,4.913374
3.18196,3181,730.283142,715.1572,5,5.087878
3.18323,3182,730.283142,715.162231,5,5.02789259
3.18517,3183,730.283142,715.1665,5,5.09878445
3.18522,3184,730.283142,715.1713,5,4.858842
3.18632,3185,730.283142,715.1773,5,4.913374
3.18634,3186,730.283142,715.182251,5,4.995173
3.18813,3187,730.283142,715.187256,5,5.087878
3.18999,3188,730.283142,715.191467,5,5.14241028
3.19002,3189,730.283142,715.196655,5,4.837029
3.19124,3190,730.283142,715.2021,5,4.94064
3.19309,3191,730.283142,715.2071,5,4.913374
3.19312,3192,730.283142,715.212158,5,5.087878
3.19429,3193,730.283142,715.2165,5,5.05515862
3.19431,3194,730.283142,715.222,5,4.891561
3.19615,3195,730.283142,715.226868,5,4.98426628
3.19797,3196,730.283142,715.232239,5,4.92973375
3.19799,3197,730.283142,715.2372,5,5.180583
3.19924,3198,730.283142,715.24176,5,5.016986
3.20105,3199,730.283142,715.247,5,4.94064
3.20108,3200,730.283142,715.251953,5,4.891561
3.20233,3201,730.283142,715.2577,5,4.913374
3.20235,3202,730.283142,715.2622,5,5.12059736
3.20421,3203,730.283142,715.267,5,4.98426628
3.20596,3204,730.283142,715.271667,5,5.006079
3.20597,3205,730.283142,715.2774,5,4.777043
3.20729,3206,730.283142,715.283142,5,4.97335958
3.20906,3207,730.283142,715.287354,5,5.13150358
3.20909,3208,730.283142,715.292236,5,5.09878445
3.21030,3209,730.283142,715.2967,5,5.07697153
3.21032,3210,730.283142,715.302063,5,4.82612228
3.21216,3211,730.283142,715.3074,5,5.02789259
3.21394,3212,730.283142,715.3126,5,4.995173
3.21396,3213,730.283142,715.317,5,5.066065
3.21524,3214,730.283142,715.32135,5,4.94064
3.21703,3215,730.283142,715.3275,5,4.82612228
3.21705,3216,730.283142,715.332031,5,5.038799
3.21849,3217,730.283142,715.337158,5,4.98426628
3.21854,3218,730.283142,715.3418,5,5.066065
3.22016,3219,730.283142,715.3464,5,4.858842
3.22195,3220,730.283142,715.352,5,4.90246725
3.22196,3221,730.283142,715.35675,5,4.96245337
3.22325,3222,730.283142,715.362061,5,4.96245337
3.22504,3223,730.283142,715.3668,5,5.087878
3.22505,3224,730.283142,715.372253,5,4.913374
3.22630,3225,730.283142,715.3772,5,5.087878
3.22632,3226,730.283142,715.381836,5,5.006079
3.22815,3227,730.283142,715.386963,5,4.98426628
3.22995,3228,730.283142,715.3916,5,4.94064
3.22996,3229,730.283142,715.397339,5,4.88065434
3.23124,3230,730.283142,715.402,5,5.07697153
3.23304,3231,730.283142,715.407,5,4.98426628
3.23305,3232,730.283142,715.411743,5,5.066065
3.23431,3233,730.283142,715.4168,5,4.891561
3.23433,3234,730.283142,715.422241,5,4.97335958
3.23616,3235,730.283142,715.4271,5,5.02789259
3.23795,3236,730.283142,715.432,5,4.97335958
3.23797,3237,730.283142,715.4368,5,5.09878445
3.23926,3238,730.283142,715.442139,5,4.913374
3.24104,3239,730.283142,715.44696,5,5.05515862
3.24106,3240,730.283142,715.4516,5,4.92973375
3.24230,3241,730.283142,715.4571,5,4.96245337
3.24231,3242,730.283142,715.462,5,5.038799
3.24415,3243,730.283142,715.467163,5,4.94064
3.24596,3244,730.283142,715.4715,5,5.07697153
3.24598,3245,730.283142,715.4768,5,4.858842
3.24724,3246,730.283142,715.482361,5,5.02789259
3.24905,3247,730.283142,715.4873,5,5.038799
3.24909,3248,730.283142,715.491943,5,5.087878
3.25030,3249,730.283142,715.496155,5,5.006079
3.25032,3250,730.283142,715.502,5,4.81521559
3.25216,3251,730.283142,715.5073,5,5.006079
3.25396,3252,730.283142,715.5122,5,4.97335958
3.25397,3253,730.283142,715.5168,5,5.180583
3.25527,3254,730.283142,715.521362,5,4.97335958
3.25704,3255,730.283142,715.53186,5,4.94064
3.25706,3256,730.283142,715.5372,5,4.96245337
3.25833,3257,730.283142,715.5416,5,5.14241028
3.25835,3258,730.283142,715.5466,5,4.913374
3.26015,3259,730.283142,715.5518,5,4.94064
3.26195,3260,730.283142,715.5567,5,4.90246725
3.26196,3261,730.283142,715.5622,5,5.006079
3.26326,3262,730.283142,715.5665,5,5.12059736
3.26504,3263,730.283142,715.571533,5,4.913374
3.26506,3264,730.283142,715.5763,5,4.94064
3.26629,3265,730.283142,715.5817,5,4.798856
3.26630,3266,730.283142,715.587,5,5.02789259
3.26852,3267,730.283142,715.591431,5,5.02789259
3.26998,3268,730.283142,715.596252,5,4.96245337
3.27001,3269,730.283142,715.6009,5,4.913374
3.27126,3270,730.283142,715.6068,5,4.76613665
3.27308,3271,730.283142,715.6119,5,5.109691
3.27311,3272,730.283142,715.61676,5,5.07697153
3.27431,3273,730.283142,715.6213,5,5.12059736
3.27433,3274,730.283142,715.62616,5,4.94064
3.27611,3275,730.283142,715.632141,5,4.88065434
3.27795,3276,730.283142,715.636658,5,5.07697153
3.27797,3277,730.283142,715.641663,5,5.006079
3.27927,3278,730.283142,715.6464,5,5.087878
3.28104,3279,730.283142,715.65155,5,4.847935
3.28106,3280,730.283142,715.657,5,4.97335958
3.28231,3281,730.283142,715.66156,5,5.02789259
3.28233,3282,730.283142,715.666748,5,5.038799
3.28414,3283,730.283142,715.6713,5,5.016986
3.28597,3284,730.283142,715.6771,5,4.837029
3.28598,3285,730.283142,715.6819,5,5.016986
3.28727,3286,730.283142,715.6869,5,4.95154667
3.28904,3287,730.283142,715.691956,5,5.09878445
3.28906,3288,730.283142,715.69696,5,5.02789259
3.29030,3289,730.283142,715.7025,5,5.006079
3.29031,3290,730.283142,715.707031,5,5.12059736
3.29214,3291,730.283142,715.7119,5,4.98426628
3.29395,3292,730.283142,715.716736,5,5.038799
3.29397,3293,730.283142,715.722168,5,4.858842
3.29525,3294,730.283142,715.727356,5,5.02789259
3.29708,3295,730.283142,715.732,5,5.02789259
3.29710,3296,730.283142,715.737,5,5.006079
3.29829,3297,730.283142,715.74176,5,5.016986
3.29831,3298,730.283142,715.7474,5,4.88065434
3.30012,3299,730.283142,715.7522,5,5.07697153
