t,n,A,B,C,D
0.00197,0,666.975769,667.2631,-0.287353516,-0.343554467
0.00309,1,666.975769,667.262756,-0.2869873,-0.354460955
0.00493,2,666.975769,667.2624,-0.2866211,-0.354460955
0.00498,3,666.975769,667.2621,-0.286315918,-0.343554467
0.00618,4,666.975769,667.2618,-0.286010742,-0.343554467
0.00620,5,666.975769,667.2615,-0.285705566,-0.332647949
0.00801,6,666.975769,667.261169,-0.2854004,-0.3217415
0.00984,7,666.975769,667.260864,-0.2850952,-0.332647949
0.00988,8,666.975769,667.2605,-0.284729,-0.332647949
0.01110,9,666.975769,667.260132,-0.2843628,-0.332647949
0.01294,10,666.975769,667.259766,-0.283996582,-0.354460955
0.01298,11,666.975769,667.2594,-0.283630371,-0.354460955
0.01418,12,666.975769,667.2591,-0.2833252,-0.354460955
0.01419,13,666.975769,667.25885,-0.283081055,-0.343554467
0.01604,14,666.975769,667.258667,-0.282897949,-0.310834974
0.01786,15,666.975769,667.2585,-0.282714844,-0.2781155
0.01788,16,666.975769,667.2583,-0.282531738,-0.229036286
0.01908,17,666.975769,667.2582,-0.282409668,-0.174503848
0.02094,18,666.975769,667.2581,-0.282348633,-0.16359736
0.02098,19,666.975769,667.258057,-0.2822876,-0.130877882
0.02216,20,666.975769,667.257935,-0.282165527,-0.114518143
0.02217,21,666.975769,667.2578,-0.282043457,-0.114518143
0.02399,22,666.975769,667.257751,-0.281982422,-0.09270517
0.02581,23,666.975769,667.257568,-0.281799316,-0.103611663
0.02583,24,666.975769,667.2575,-0.281738281,-0.103611663
0.02710,25,666.975769,667.2574,-0.2816162,-0.114518143
0.02912,26,666.975769,667.2572,-0.2814331,-0.141784385
0.02916,27,666.975769,667.257,-0.28125,-0.141784385
0.03017,28,666.975769,667.256836,-0.2810669,-0.16359736
0.03018,29,666.975769,667.2566,-0.280822754,-0.196316838
0.03202,30,666.975769,667.2563,-0.280517578,-0.218129814
0.03387,31,666.975769,667.256,-0.2802124,-0.267209023
0.03390,32,666.975769,667.2557,-0.279907227,-0.2781155
0.03509,33,666.975769,667.255432,-0.2796631,-0.2781155
0.03693,34,666.975769,667.2551,-0.2793579,-0.289022
0.03696,35,666.975769,667.254944,-0.2791748,-0.2781155
0.03817,36,666.975769,667.254639,-0.278869629,-0.2781155
0.03819,37,666.975769,667.2544,-0.2786255,-0.2781155
0.04007,38,666.975769,667.25415,-0.278381348,-0.267209023
0.04185,39,666.975769,667.253845,-0.278076172,-0.2781155
0.04188,40,666.975769,667.2535,-0.277709961,-0.289022
0.04309,41,666.975769,667.253052,-0.2772827,-0.310834974
0.04494,42,666.975769,667.2526,-0.276855469,-0.343554467
0.04497,43,666.975769,667.252258,-0.276489258,-0.3817272
0.04617,44,666.975769,667.251831,-0.276062,-0.403540134
0.04623,45,666.975769,667.2514,-0.275634766,-0.42535314
0.04806,46,666.975769,667.2509,-0.275146484,-0.436259627
0.04987,47,666.975769,667.2505,-0.274719238,-0.447166115
0.04989,48,666.975769,667.2501,-0.274353027,-0.436259627
0.05107,49,666.975769,667.2497,-0.273925781,-0.436259627
0.05295,50,666.975769,667.249268,-0.273498535,-0.436259627
0.05297,51,666.975769,667.2488,-0.273010254,-0.436259627
0.05418,52,666.975769,667.248352,-0.272583,-0.447166115
0.05419,53,666.975769,667.247864,-0.272094727,-0.46897912
0.05602,54,666.975769,667.247437,-0.27166748,-0.46897912
0.05781,55,666.975769,667.246948,-0.2711792,-0.46897912
0.05783,56,666.975769,667.2465,-0.270751953,-0.458072573
0.05910,57,666.975769,667.2462,-0.270446777,-0.436259627
0.06096,58,666.975769,667.246,-0.270202637,-0.3817272
0.06099,59,666.975769,667.245667,-0.269897461,-0.343554467
0.06239,60,666.975769,667.2455,-0.269714355,-0.2999285
0.06241,61,666.975769,667.2453,-0.26953125,-0.2781155
0.06402,62,666.975769,667.245,-0.269226074,-0.267209023
0.06582,63,666.975769,667.2448,-0.269042969,-0.239942789
0.06584,64,666.975769,667.244568,-0.268798828,-0.229036286
0.06708,65,666.975769,667.2444,-0.268615723,-0.229036286
0.06895,66,666.975769,667.244141,-0.268371582,-0.218129814
0.06898,67,666.975769,667.243958,-0.268188477,-0.218129814
0.07016,68,666.975769,667.2438,-0.268005371,-0.218129814
0.07018,69,666.975769,667.243652,-0.2678833,-0.196316838
0.07202,70,666.975769,667.243469,-0.2677002,-0.185410336
0.07381,71,666.975769,667.243469,-0.2677002,-0.16359736
0.07383,72,666.975769,667.243347,-0.267578125,-0.130877882
0.07507,73,666.975769,667.2432,-0.267456055,-0.114518143
0.07696,74,666.975769,667.2433,-0.2675171,-0.08179868
0.07700,75,666.975769,667.2432,-0.267456055,-0.0599856973
0.07817,76,666.975769,667.2433,-0.2675171,-0.03817272
0.07819,77,666.975769,667.2433,-0.2675171,-0.0272662267
0.08003,78,666.975769,667.243347,-0.267578125,0
0.08182,79,666.975769,667.243347,-0.267578125,0.0109064905
0.08185,80,666.975769,667.2434,-0.26763916,0.0109064905
0.08307,81,666.975769,667.2434,-0.26763916,0.0109064905
0.08493,82,666.975769,667.2434,-0.26763916,0.0109064905
0.08496,83,666.975769,667.243347,-0.267578125,0
0.08616,84,666.975769,667.243347,-0.267578125,-0.0163597353
0.08618,85,666.975769,667.2433,-0.2675171,-0.0272662267
0.08802,86,666.975769,667.2432,-0.267456055,-0.0272662267
0.08982,87,666.975769,667.243164,-0.26739502,-0.03817272
0.08983,88,666.975769,667.243164,-0.26739502,-0.04907921
0.09108,89,666.975769,667.243042,-0.267272949,-0.0599856973
0.09294,90,666.975769,667.243,-0.2672119,-0.08179868
0.09297,91,666.975769,667.242859,-0.267089844,-0.09270517
0.09417,92,666.975769,667.2428,-0.2670288,-0.09270517
0.09419,93,666.975769,667.2427,-0.266906738,-0.09270517
0.09607,94,666.975769,667.2426,-0.2668457,-0.09270517
0.09782,95,666.975769,667.2425,-0.266723633,-0.09270517
0.09784,96,666.975769,667.2424,-0.266601563,-0.103611663
0.09909,97,666.975769,667.2422,-0.266418457,-0.103611663
0.10092,98,666.975769,667.242065,-0.2662964,-0.114518143
0.10095,99,666.975769,667.241943,-0.266174316,-0.114518143
0.10221,100,666.975769,667.2417,-0.265930176,-0.141784385
0.10223,101,666.975769,667.2416,-0.2658081,-0.16359736
0.10403,102,666.975769,667.2414,-0.265625,-0.174503848
0.10583,103,666.975769,667.2411,-0.265319824,-0.196316838
0.10585,104,666.975769,667.240845,-0.265075684,-0.207223326
0.10708,105,666.975769,667.2406,-0.264831543,-0.229036286
0.10892,106,666.975769,667.2404,-0.264648438,-0.239942789
0.10895,107,666.975769,667.2402,-0.2644043,-0.256302536
0.11020,108,666.975769,667.239868,-0.264099121,-0.256302536
0.11024,109,666.975769,667.2396,-0.26385498,-0.256302536
0.11228,110,666.975769,667.239441,-0.263671875,-0.256302536
0.11386,111,666.975769,667.239136,-0.2633667,-0.256302536
0.11388,112,666.975769,667.238953,-0.2631836,-0.256302536
0.11508,113,666.975769,667.238647,-0.262878418,-0.239942789
0.11694,114,666.975769,667.2384,-0.262634277,-0.256302536
0.11698,115,666.975769,667.2382,-0.262451172,-0.239942789
0.11817,116,666.975769,667.238,-0.262207031,-0.239942789
0.11819,117,666.975769,667.2376,-0.26184082,-0.256302536
0.12005,118,666.975769,667.237244,-0.2614746,-0.2781155
0.12181,119,666.975769,667.2369,-0.2611084,-0.3217415
0.12183,120,666.975769,667.2365,-0.2607422,-0.354460955
0.12307,121,666.975769,667.2361,-0.260314941,-0.3817272
0.12490,122,666.975769,667.2357,-0.25994873,-0.403540134
0.12491,123,666.975769,667.2353,-0.259521484,-0.403540134
0.12619,124,666.975769,667.235,-0.2592163,-0.392633677
0.12621,125,666.975769,667.2347,-0.258911133,-0.3817272
0.12804,126,666.975769,667.2343,-0.258544922,-0.365367442
0.12983,127,666.975769,667.233948,-0.2581787,-0.354460955
0.12984,128,666.975769,667.2336,-0.2578125,-0.354460955
0.13109,129,666.975769,667.2333,-0.257507324,-0.343554467
0.13291,130,666.975769,667.2329,-0.2571411,-0.343554467
0.13293,131,666.975769,667.2326,-0.256835938,-0.343554467
0.13416,132,666.975769,667.232361,-0.2565918,-0.332647949
0.13417,133,666.975769,667.232056,-0.256286621,-0.3217415
0.13602,134,666.975769,667.2319,-0.256103516,-0.2999285
0.13781,135,666.975769,667.2317,-0.2559204,-0.267209023
0.13783,136,666.975769,667.2315,-0.2557373,-0.229036286
0.13911,137,666.975769,667.2313,-0.2555542,-0.218129814
0.14090,138,666.975769,667.23114,-0.2553711,-0.196316838
0.14092,139,666.975769,667.230957,-0.255188,-0.174503848
0.14219,140,666.975769,667.2308,-0.255004883,-0.185410336
0.14222,141,666.975769,667.2306,-0.254821777,-0.174503848
0.14404,142,666.975769,667.2304,-0.254638672,-0.185410336
0.14583,143,666.975769,667.230164,-0.254394531,-0.196316838
0.14587,144,666.975769,667.229858,-0.254089355,-0.207223326
0.14710,145,666.975769,667.229553,-0.25378418,-0.239942789
0.14890,146,666.975769,667.2292,-0.253417969,-0.289022
0.14894,147,666.975769,667.2288,-0.253051758,-0.3217415
0.15016,148,666.975769,667.2284,-0.2526245,-0.354460955
0.15018,149,666.975769,667.227966,-0.252197266,-0.392633677
0.15204,150,666.975769,667.2275,-0.251708984,-0.403540134
0.15381,151,666.975769,667.227051,-0.251281738,-0.436259627
0.15383,152,666.975769,667.226563,-0.250793457,-0.458072573
0.15508,153,666.975769,667.225952,-0.2501831,-0.479885578
0.15691,154,666.975769,667.225464,-0.249694824,-0.5180583
0.15692,155,666.975769,667.224854,-0.249084473,-0.5398713
0.15817,156,666.975769,667.2243,-0.248535156,-0.561684251
0.15819,157,666.975769,667.2237,-0.2479248,-0.572590768
0.16002,158,666.975769,667.2233,-0.2475586,-0.5507778
0.16182,159,666.975769,667.222961,-0.247192383,-0.5289648
0.16185,160,666.975769,667.222656,-0.2468872,-0.46897912
0.16310,161,666.975769,667.2225,-0.2467041,-0.392633677
0.16491,162,666.975769,667.2222,-0.246459961,-0.3217415
0.16493,163,666.975769,667.222168,-0.246398926,-0.239942789
0.16619,164,666.975769,667.222,-0.24621582,-0.196316838
0.16621,165,666.975769,667.221863,-0.24609375,-0.16359736
0.16804,166,666.975769,667.2218,-0.246032715,-0.141784385
0.16981,167,666.975769,667.2217,-0.245910645,-0.130877882
0.16983,168,666.975769,667.221558,-0.245788574,-0.130877882
0.17108,169,666.975769,667.221436,-0.2456665,-0.130877882
0.17290,170,666.975769,667.2214,-0.245605469,-0.130877882
0.17292,171,666.975769,667.221252,-0.2454834,-0.130877882
0.17421,172,666.975769,667.221069,-0.2453003,-0.130877882
0.17424,173,666.975769,667.220947,-0.245178223,-0.130877882
0.17601,174,666.975769,667.2208,-0.245056152,-0.141784385
0.17784,175,666.975769,667.220642,-0.244873047,-0.152690873
0.17786,176,666.975769,667.2205,-0.244750977,-0.152690873
0.17910,177,666.975769,667.220337,-0.244567871,-0.152690873
0.18091,178,666.975769,667.2203,-0.244506836,-0.152690873
0.18092,179,666.975769,667.220154,-0.244384766,-0.141784385
0.18221,180,666.975769,667.2201,-0.24432373,-0.114518143
0.18223,181,666.975769,667.220032,-0.2442627,-0.114518143
0.18398,182,666.975769,667.22,-0.24420166,-0.09270517
0.18582,183,666.975769,667.22,-0.24420166,-0.07089219
0.18583,184,666.975769,667.2199,-0.244140625,-0.07089219
0.18710,185,666.975769,667.219849,-0.24407959,-0.0599856973
0.18890,186,666.975769,667.2198,-0.244018555,-0.04907921
0.18891,187,666.975769,667.2198,-0.244018555,-0.03817272
0.19018,188,666.975769,667.2198,-0.244018555,-0.0272662267
0.19023,189,666.975769,667.2197,-0.24395752,-0.0272662267
0.19203,190,666.975769,667.2197,-0.24395752,-0.0272662267
0.19384,191,666.975769,667.2197,-0.24395752,-0.0272662267
0.19386,192,666.975769,667.219666,-0.243896484,-0.04907921
0.19512,193,666.975769,667.2196,-0.243835449,-0.04907921
0.19693,194,666.975769,667.2196,-0.243835449,-0.04907921
0.19695,195,666.975769,667.219543,-0.243774414,-0.04907921
0.19819,196,666.975769,667.2194,-0.243652344,-0.04907921
0.19821,197,666.975769,667.21936,-0.243591309,-0.07089219
0.20000,198,666.975769,667.2191,-0.243347168,-0.09270517
0.20181,199,666.975769,667.218933,-0.243164063,-0.114518143
0.20182,200,666.975769,667.2188,-0.243041992,-0.130877882
0.20309,201,666.975769,667.2186,-0.242858887,-0.152690873
0.20490,202,666.975769,667.218445,-0.242675781,-0.16359736
0.20492,203,666.975769,667.2182,-0.242431641,-0.185410336
0.20617,204,666.975769,667.2179,-0.242126465,-0.207223326
0.20619,205,666.975769,667.217651,-0.241882324,-0.229036286
0.20800,206,666.975769,667.217346,-0.241577148,-0.256302536
0.20982,207,666.975769,667.2171,-0.241333008,-0.267209023
0.20984,208,666.975769,667.2168,-0.241027832,-0.289022
0.21107,209,666.975769,667.2166,-0.240844727,-0.2781155
0.21293,210,666.975769,667.2164,-0.240600586,-0.289022
0.21297,211,666.975769,667.216064,-0.24029541,-0.2781155
0.21419,212,666.975769,667.2158,-0.24005127,-0.267209023
0.21421,213,666.975769,667.2156,-0.239807129,-0.256302536
0.21604,214,666.975769,667.215454,-0.239685059,-0.256302536
0.21782,215,666.975769,667.2152,-0.239440918,-0.229036286
0.21784,216,666.975769,667.2151,-0.239318848,-0.207223326
0.21909,217,666.975769,667.2149,-0.239135742,-0.185410336
0.22093,218,666.975769,667.2148,-0.239013672,-0.174503848
0.22096,219,666.975769,667.214539,-0.238769531,-0.174503848
0.22220,220,666.975769,667.2144,-0.238647461,-0.174503848
0.22225,221,666.975769,667.214233,-0.238464355,-0.185410336
0.22399,222,666.975769,667.214,-0.238220215,-0.185410336
0.22583,223,666.975769,667.2137,-0.237915039,-0.207223326
0.22584,224,666.975769,667.21344,-0.2376709,-0.229036286
0.22709,225,666.975769,667.2132,-0.237426758,-0.256302536
0.22900,226,666.975769,667.212952,-0.237182617,-0.267209023
0.22903,227,666.975769,667.2127,-0.236938477,-0.2781155
0.23019,228,666.975769,667.2124,-0.2366333,-0.267209023
0.23021,229,666.975769,667.212158,-0.23638916,-0.256302536
0.23202,230,666.975769,667.212036,-0.23626709,-0.256302536
0.23383,231,666.975769,667.211853,-0.236083984,-0.218129814
0.23384,232,666.975769,667.211731,-0.235961914,-0.207223326
0.23508,233,666.975769,667.211548,-0.235778809,-0.174503848
0.23690,234,666.975769,667.2114,-0.235656738,-0.16359736
0.23692,235,666.975769,667.2113,-0.235534668,-0.152690873
0.23818,236,666.975769,667.2112,-0.2354126,-0.152690873
0.23820,237,666.975769,667.211,-0.235229492,-0.16359736
0.24001,238,666.975769,667.2108,-0.235046387,-0.16359736
0.24182,239,666.975769,667.2106,-0.234802246,-0.174503848
0.24184,240,666.975769,667.210266,-0.23449707,-0.185410336
0.24308,241,666.975769,667.21,-0.23425293,-0.218129814
0.24492,242,666.975769,667.2097,-0.233947754,-0.256302536
0.24495,243,666.975769,667.209351,-0.233581543,-0.289022
0.24618,244,666.975769,667.209045,-0.233276367,-0.310834974
0.24621,245,666.975769,667.20874,-0.232971191,-0.310834974
0.24800,246,666.975769,667.208435,-0.232666016,-0.3217415
0.24986,247,666.975769,667.2082,-0.232421875,-0.310834974
0.24989,248,666.975769,667.2079,-0.2321167,-0.2999285
0.25107,249,666.975769,667.207642,-0.231872559,-0.2999285
0.25294,250,666.975769,667.2073,-0.231506348,-0.289022
0.25296,251,666.975769,667.207031,-0.2312622,-0.289022
0.25419,252,666.975769,667.206665,-0.230896,-0.2999285
0.25422,253,666.975769,667.20636,-0.23059082,-0.3217415
0.25600,254,666.975769,667.206,-0.230224609,-0.332647949
0.25785,255,666.975769,667.2056,-0.2298584,-0.354460955
0.25787,256,666.975769,667.2052,-0.229431152,-0.3817272
0.25909,257,666.975769,667.2049,-0.229125977,-0.3817272
0.26097,258,666.975769,667.204468,-0.22869873,-0.3817272
0.26099,259,666.975769,667.204163,-0.228393555,-0.3817272
0.26236,260,666.975769,667.2038,-0.228027344,-0.365367442
0.26241,261,666.975769,667.2035,-0.227722168,-0.365367442
0.26399,262,666.975769,667.203064,-0.227294922,-0.354460955
0.26586,263,666.975769,667.202759,-0.226989746,-0.354460955
0.26589,264,666.975769,667.202332,-0.2265625,-0.354460955
0.26710,265,666.975769,667.2019,-0.226135254,-0.392633677
0.26892,266,666.975769,667.2014,-0.225646973,-0.414446652
0.26894,267,666.975769,667.201,-0.225219727,-0.436259627
0.27017,268,666.975769,667.200562,-0.22479248,-0.447166115
0.27018,269,666.975769,667.2002,-0.22442627,-0.436259627
0.27203,270,666.975769,667.1998,-0.224060059,-0.42535314
0.27387,271,666.975769,667.1995,-0.223754883,-0.403540134
0.27391,272,666.975769,667.1993,-0.223510742,-0.365367442
0.27509,273,666.975769,667.199036,-0.2232666,-0.332647949
0.27692,274,666.975769,667.1988,-0.223022461,-0.289022
0.27694,275,666.975769,667.198547,-0.22277832,-0.267209023
0.27816,276,666.975769,667.198364,-0.222595215,-0.239942789
0.27817,277,666.975769,667.1982,-0.222412109,-0.229036286
0.28000,278,666.975769,667.198,-0.222229,-0.218129814
0.28185,279,666.975769,667.197754,-0.221984863,-0.218129814
0.28187,280,666.975769,667.1975,-0.221740723,-0.218129814
0.28310,281,666.975769,667.1974,-0.221618652,-0.207223326
0.28491,282,666.975769,667.1972,-0.221435547,-0.207223326
0.28493,283,666.975769,667.1971,-0.221313477,-0.196316838
0.28617,284,666.975769,667.19696,-0.2211914,-0.174503848
0.28618,285,666.975769,667.196838,-0.221069336,-0.152690873
0.28798,286,666.975769,667.196838,-0.221069336,-0.130877882
0.28985,287,666.975769,667.1968,-0.2210083,-0.103611663
0.28987,288,666.975769,667.1968,-0.2210083,-0.07089219
0.29107,289,666.975769,667.1968,-0.2210083,-0.0599856973
0.29293,290,666.975769,667.196838,-0.221069336,-0.0272662267
0.29295,291,666.975769,667.196838,-0.221069336,0
0.29415,292,666.975769,667.196838,-0.221069336,0.021812981
0.29417,293,666.975769,667.1969,-0.221130371,0.03271947
0.29600,294,666.975769,667.19696,-0.2211914,0.043625962
0.29788,295,666.975769,667.19696,-0.2211914,0.021812981
0.29794,296,666.975769,667.19696,-0.2211914,0.0109064905
0.29909,297,666.975769,667.19696,-0.2211914,0
0.30093,298,666.975769,667.1969,-0.221130371,-0.0163597353
0.30104,299,666.975769,667.196838,-0.221069336,-0.0163597353
0.30217,300,666.975769,667.1968,-0.2210083,-0.03817272
0.30218,301,696.975769,667.1967,5,-0.0599856973
0.30401,302,696.975769,667.1967,5,-0.07089219
0.30586,303,696.975769,667.197,5,-0.07089219
0.30588,304,696.975769,667.1982,5,0.07634544
0.30709,305,696.975769,667.200439,5,0.408993423
0.30893,306,696.975769,667.203064,5,0.9652244
0.30897,307,696.975769,667.2069,5,1.755945
0.31016,308,696.975769,667.2106,5,2.54121232
0.31018,309,696.975769,667.214539,5,3.135616
0.31220,310,696.975769,667.219055,5,3.62640834
0.31386,311,696.975769,667.22406,5,3.94815
0.31389,312,696.975769,667.230042,5,4.34623671
0.31509,313,696.975769,667.235046,5,4.913374
0.31694,314,696.975769,667.240234,5,5.13150358
0.31696,315,696.975769,667.2452,5,5.316914
0.31821,316,696.975769,667.251,5,5.246022
0.31827,317,696.975769,667.2562,5,5.23511553
0.32002,318,696.975769,667.2611,5,5.25692844
0.32187,319,696.975769,667.2663,5,5.224209
0.32191,320,696.975769,667.2711,5,5.267835
0.32308,321,696.975769,667.276733,5,5.02789259
0.32493,322,696.975769,667.2812,5,5.13150358
0.32497,323,696.975769,667.28595,5,4.97335958
0.32617,324,696.975769,667.290649,5,4.90246725
0.32618,325,696.975769,667.2955,5,4.82612228
0.32800,326,696.975769,667.300842,5,4.711604
0.32988,327,696.975769,667.305237,5,4.92973375
0.32991,328,696.975769,667.3102,5,4.82612228
0.33113,329,696.975769,667.3148,5,4.891561
0.33293,330,696.975769,667.32,5,4.798856
0.33295,331,696.975769,667.325256,5,4.81521559
0.33417,332,696.975769,667.3299,5,4.995173
0.33418,333,696.975769,667.3351,5,4.913374
0.33599,334,696.975769,667.34,5,5.066065
0.33785,335,696.975769,667.3455,5,4.96245337
0.33788,336,696.975769,667.3502,5,5.07697153
0.33908,337,696.975769,667.3553,5,5.066065
0.34093,338,696.975769,667.3608,5,5.066065
0.34095,339,696.975769,667.3659,5,5.191489
0.34215,340,696.975769,667.371155,5,5.09878445
0.34217,341,696.975769,667.3756,5,5.224209
0.34400,342,696.975769,667.3819,5,5.066065
0.34585,343,696.975769,667.3872,5,5.21330261
0.34587,344,696.975769,667.392334,5,5.21330261
0.34709,345,696.975769,667.396545,5,5.23511553
0.34891,346,696.975769,667.401855,5,5.13150358
0.34892,347,696.975769,667.4078,5,4.98426628
0.35022,348,696.975769,667.413,5,5.09878445
0.35024,349,696.975769,667.4176,5,5.09878445
0.35202,350,696.975769,667.4219,5,5.25692844
0.35385,351,696.975769,667.4275,5,4.97335958
0.35387,352,696.975769,667.4325,5,4.94064
0.35507,353,696.975769,667.4373,5,4.94064
0.35692,354,696.975769,667.4422,5,5.006079
0.35694,355,696.975769,667.4466,5,5.109691
0.35817,356,696.975769,667.451965,5,4.847935
0.35818,357,696.975769,667.4567,5,4.92973375
0.36002,358,696.975769,667.4621,5,4.837029
0.36182,359,696.975769,667.4669,5,5.016986
0.36184,360,696.975769,667.4714,5,5.038799
0.36310,361,696.975769,667.4764,5,4.847935
0.36493,362,696.975769,667.4811,5,4.88065434
0.36499,363,696.975769,667.4868,5,4.74432325
0.36617,364,696.975769,667.4914,5,5.016986
0.36618,365,696.975769,667.496033,5,4.97335958
0.36804,366,696.975769,667.5007,5,4.92973375
0.36986,367,696.975769,667.5058,5,4.847935
0.36989,368,696.975769,667.5118,5,4.75523
0.37108,369,696.975769,667.5163,5,5.109691
0.37292,370,696.975769,667.5215,5,5.05515862
0.37294,371,696.975769,667.5259,5,5.109691
0.37416,372,696.975769,667.531555,5,4.891561
0.37418,373,696.975769,667.536865,5,4.869748
0.37601,374,696.975769,667.5414,5,5.05515862
0.37788,375,696.975769,667.546143,5,4.98426628
0.37790,376,696.975769,667.5508,5,5.05515862
0.37912,377,696.975769,667.5566,5,4.798856
0.38093,378,696.975769,667.561462,5,4.94064
0.38097,379,696.975769,667.566162,5,4.995173
0.38217,380,696.975769,667.5708,5,5.006079
0.38218,381,696.975769,667.5758,5,4.97335958
0.38403,382,696.975769,667.5813,5,4.78794956
0.38584,383,696.975769,667.5859,5,4.97335958
0.38587,384,696.975769,667.591,5,4.913374
0.38707,385,696.975769,667.5964,5,4.98426628
0.38894,386,696.975769,667.601135,5,4.98426628
0.38897,387,696.975769,667.606262,5,4.95154667
0.39017,388,696.975769,667.61084,5,5.07697153
0.39019,389,696.975769,667.6158,5,4.95154667
0.39201,390,696.975769,667.620544,5,5.016986
0.39386,391,696.975769,667.6262,5,4.847935
0.39389,392,696.975769,667.631,5,4.995173
0.39508,393,696.975769,667.635864,5,5.02789259
0.39694,394,696.975769,667.640747,5,5.006079
0.39696,395,696.975769,667.6458,5,5.038799
0.39817,396,696.975769,667.651367,5,4.891561
0.39818,397,696.975769,667.655945,5,5.07697153
0.40003,398,696.975769,667.6661,5,5.09878445
0.40186,399,696.975769,667.6661,5,5.09878445
0.40188,400,696.975769,667.6714,5,5.038799
0.40307,401,696.975769,667.680847,5,5.07697153
0.40494,402,696.975769,667.686462,5,4.92973375
0.40496,403,696.975769,667.691345,5,5.09878445
0.40616,404,696.975769,667.6966,5,4.98426628
0.40617,405,696.975769,667.701,5,5.07697153
0.40801,406,696.975769,667.7062,5,5.006079
0.40988,407,696.975769,667.7118,5,4.94064
0.40990,408,696.975769,667.716858,5,5.09878445
0.41107,409,696.975769,667.721558,5,5.05515862
0.41295,410,696.975769,667.7258,5,5.12059736
0.41297,411,696.975769,667.7316,5,4.88065434
0.41417,412,696.975769,667.737,5,4.96245337
0.41419,413,696.975769,667.741943,5,5.016986
0.41603,414,696.975769,667.7465,5,5.109691
0.41785,415,696.975769,667.7511,5,5.14241028
0.41788,416,696.975769,667.7568,5,4.847935
0.41907,417,696.975769,667.7618,5,4.96245337
0.42096,418,696.975769,667.766968,5,4.94064
0.42098,419,696.975769,667.7714,5,5.13150358
0.42216,420,696.975769,667.7764,5,5.038799
0.42217,421,696.975769,667.7817,5,4.913374
0.42404,422,696.975769,667.786743,5,4.98426628
0.42585,423,696.975769,667.7922,5,4.94064
0.42589,424,696.975769,667.7965,5,5.191489
0.42708,425,696.975769,667.8016,5,5.006079
0.42914,426,696.975769,667.806335,5,4.95154667
0.42918,427,696.975769,667.8119,5,4.88065434
0.43018,428,696.975769,667.8171,5,4.95154667
0.43020,429,696.975769,667.8215,5,5.12059736
0.43204,430,696.975769,667.8264,5,4.98426628
0.43386,431,696.975769,667.831055,5,4.995173
0.43389,432,696.975769,667.8371,5,4.777043
0.43508,433,696.975769,667.842346,5,5.13150358
0.43695,434,696.975769,667.8471,5,5.09878445
0.43698,435,696.975769,667.8516,5,5.038799
0.43821,436,696.975769,667.8569,5,4.82612228
0.43823,437,696.975769,667.8626,5,5.066065
0.44005,438,696.975769,667.8671,5,4.995173
0.44185,439,696.975769,667.8721,5,5.09878445
0.44189,440,696.975769,667.8766,5,4.94064
0.44309,441,696.975769,667.8822,5,4.88065434
0.44492,442,696.975769,667.887451,5,5.087878
0.44495,443,696.975769,667.892456,5,5.016986
0.44617,444,696.975769,667.8972,5,5.087878
0.44619,445,696.975769,667.902039,5,4.869748
0.44804,446,696.975769,667.9078,5,4.98426628
0.44985,447,696.975769,667.9124,5,4.98426628
0.44987,448,696.975769,667.917847,5,5.05515862
0.45108,449,696.975769,667.9227,5,5.109691
0.45294,450,696.975769,667.928162,5,4.97335958
0.45297,451,696.975769,667.93335,5,5.153317
0.45417,452,696.975769,667.938,5,5.016986
0.45418,453,696.975769,667.943,5,5.038799
0.45602,454,696.975769,667.947754,5,4.92973375
0.45786,455,696.975769,667.953369,5,4.96245337
0.45789,456,696.975769,667.958252,5,5.087878
0.45908,457,696.975769,667.963135,5,5.016986
0.46091,458,696.975769,667.968,5,5.07697153
0.46093,459,696.975769,667.9726,5,4.891561
0.46231,460,696.975769,667.9782,5,5.05515862
0.46238,461,696.975769,667.982849,5,5.006079
0.46403,462,696.975769,667.988,5,5.038799
0.46589,463,696.975769,667.992859,5,5.07697153
0.46591,464,696.975769,667.9981,5,4.95154667
0.46708,465,696.975769,668.0031,5,5.066065
0.46893,466,696.975769,668.0076,5,4.90246725
0.46894,467,696.975769,668.0132,5,5.038799
0.47021,468,696.975769,668.0181,5,4.995173
0.47023,469,696.975769,668.023254,5,5.006079
0.47200,470,696.975769,668.0277,5,5.02789259
0.47385,471,696.975769,668.0327,5,4.88065434
0.47387,472,696.975769,668.038452,5,5.07697153
0.47508,473,696.975769,668.043457,5,5.02789259
0.47694,474,696.975769,668.0485,5,5.12059736
0.47697,475,696.975769,668.052368,5,4.92973375
0.47816,476,696.975769,668.0581,5,4.891561
0.47817,477,696.975769,668.0636,5,5.02789259
0.48004,478,696.975769,668.0685,5,5.038799
0.48194,479,696.975769,668.0731,5,5.191489
0.48196,480,696.975769,668.077637,5,4.88065434
0.48309,481,696.975769,668.0834,5,4.92973375
0.48494,482,696.975769,668.088257,5,4.94064
0.48497,483,696.975769,668.0935,5,5.07697153
0.48617,484,696.975769,668.098,5,5.109691
0.48619,485,696.975769,668.1029,5,4.891561
0.48804,486,696.975769,668.1083,5,4.995173
0.48983,487,696.975769,668.113159,5,4.90246725
0.48985,488,696.975769,668.1187,5,5.14241028
0.49108,489,696.975769,668.123169,5,5.066065
0.49293,490,696.975769,668.1281,5,4.94064
0.49295,491,696.975769,668.1329,5,4.92973375
0.49417,492,696.975769,668.138367,5,4.891561
0.49418,493,696.975769,668.1438,5,5.13150358
0.49602,494,696.975769,668.1481,5,4.995173
0.49786,495,696.975769,668.1531,5,5.02789259
0.49789,496,696.975769,668.157654,5,4.837029
0.49908,497,696.975769,668.1636,5,4.92973375
0.50097,498,696.975769,668.173462,5,5.087878
0.50100,499,696.975769,668.1781,5,5.109691
0.50216,500,696.975769,668.183044,5,4.847935
0.50219,501,696.975769,668.188965,5,5.02789259
0.50403,502,696.975769,668.1936,5,5.02789259
0.50586,503,696.975769,668.1985,5,5.087878
0.50588,504,696.975769,668.203064,5,5.016986
0.50707,505,696.975769,668.2085,5,4.858842
0.50894,506,696.975769,668.214,5,5.087878
0.50896,507,696.975769,668.2186,5,5.02789259
0.51016,508,696.975769,668.2236,5,5.12059736
0.51018,509,696.975769,668.2282,5,4.94064
0.51245,510,696.975769,668.233948,5,4.95154667
0.51388,511,696.975769,668.2388,5,5.016986
0.51391,512,696.975769,668.2437,5,5.016986
0.51510,513,696.975769,668.2488,5,5.14241028
0.51695,514,696.975769,668.253845,5,4.97335958
0.51698,515,696.975769,668.259338,5,5.13150358
0.51817,516,696.975769,668.2639,5,5.038799
0.51819,517,696.975769,668.2689,5,5.016986
0.52002,518,696.975769,668.2737,5,4.97335958
0.52186,519,696.975769,668.2791,5,4.913374
0.52189,520,696.975769,668.2843,5,5.09878445
0.52307,521,696.975769,668.289,5,5.006079
0.52494,522,696.975769,668.294067,5,5.087878
0.52496,523,696.975769,668.298767,5,4.913374
0.52617,524,696.975769,668.304443,5,5.006079
0.52618,525,696.975769,668.3091,5,5.038799
0.52801,526,696.975769,668.314148,5,5.006079
0.52989,527,696.975769,668.319153,5,5.109691
0.52993,528,696.975769,668.3242,5,4.94064
0.53109,529,696.975769,668.3295,5,5.087878
0.53292,530,696.975769,668.333862,5,4.92973375
0.53293,531,696.975769,668.3393,5,5.006079
0.53419,532,696.975769,668.34436,5,5.02789259
0.53421,533,696.975769,668.3495,5,4.97335958
0.53601,534,696.975769,668.3541,5,5.07697153
0.53787,535,696.975769,668.3588,5,4.869748
0.53792,536,696.975769,668.3647,5,5.07697153
0.53908,537,696.975769,668.3697,5,5.05515862
0.54098,538,696.975769,668.3746,5,5.09878445
0.54100,539,696.975769,668.3787,5,4.98426628
0.54216,540,696.975769,668.3845,5,4.847935
0.54218,541,696.975769,668.390137,5,5.02789259
0.54402,542,696.975769,668.3951,5,5.016986
0.54592,543,696.975769,668.399841,5,5.202396
0.54596,544,696.975769,668.4042,5,4.94064
0.54709,545,696.975769,668.409851,5,4.90246725
0.54894,546,696.975769,668.4148,5,4.94064
0.54898,547,696.975769,668.4204,5,5.016986
0.55017,548,696.975769,668.425,5,5.14241028
0.55018,549,696.975769,668.4298,5,4.90246725
0.55205,550,696.975769,668.4352,5,4.98426628
0.55387,551,696.975769,668.439453,5,4.913374
0.55390,552,696.975769,668.445,5,5.109691
0.55508,553,696.975769,668.4496,5,5.12059736
0.55694,554,696.975769,668.454468,5,4.96245337
0.55696,555,696.975769,668.459351,5,4.97335958
0.55815,556,696.975769,668.4646,5,4.891561
0.55818,557,696.975769,668.4706,5,5.14241028
0.56003,558,696.975769,668.4747,5,5.066065
0.56185,559,696.975769,668.4797,5,5.07697153
0.56187,560,696.975769,668.4843,5,4.92973375
0.56334,561,696.975769,668.4906,5,4.95154667
0.56497,562,696.975769,668.4959,5,5.224209
0.56501,563,696.975769,668.500854,5,5.13150358
0.56617,564,696.975769,668.505249,5,5.164223
0.56618,565,696.975769,668.510254,5,4.913374
0.56803,566,696.975769,668.5162,5,5.02789259
0.56990,567,696.975769,668.5208,5,5.066065
0.56992,568,696.975769,668.525757,5,5.109691
0.57108,569,696.975769,668.530334,5,5.05515862
0.57295,570,696.975769,668.5358,5,4.88065434
0.57298,571,696.975769,668.5413,5,5.109691
0.57416,572,696.975769,668.545959,5,5.038799
0.57418,573,696.975769,668.5511,5,5.14241028
0.57604,574,696.975769,668.555542,5,4.95154667
0.57786,575,696.975769,668.5612,5,4.94064
0.57788,576,696.975769,668.56604,5,5.038799
0.57912,577,696.975769,668.571,5,5.006079
0.58093,578,696.975769,668.5761,5,5.153317
0.58095,579,696.975769,668.5812,5,4.97335958
0.58218,580,696.975769,668.5867,5,5.13150358
0.58221,581,696.975769,668.5911,5,5.038799
0.58405,582,696.975769,668.5962,5,5.006079
0.58586,583,696.975769,668.600952,5,4.97335958
0.58589,584,696.975769,668.6064,5,4.891561
0.58709,585,696.975769,668.6115,5,5.087878
0.58894,586,696.975769,668.6162,5,4.995173
0.58896,587,696.975769,668.6212,5,5.066065
0.59016,588,696.975769,668.626,5,4.90246725
0.59017,589,696.975769,668.6316,5,4.995173
0.59201,590,696.975769,668.6363,5,5.038799
0.59385,591,696.975769,668.6413,5,4.97335958
0.59389,592,696.975769,668.646362,5,5.109691
0.59514,593,696.975769,668.6517,5,4.913374
0.59695,594,696.975769,668.6566,5,5.066065
0.59699,595,696.975769,668.66095,5,4.94064
0.59816,596,696.975769,668.671448,5,5.038799
0.59818,597,696.975769,668.6766,5,4.95154667
0.60005,598,696.975769,668.6813,5,5.07697153
0.60183,599,696.975769,668.685852,5,4.858842
0.60185,600,696.975769,668.6917,5,5.038799
0.60308,601,696.975769,668.6968,5,5.038799
0.60495,602,696.975769,668.70166,5,5.087878
0.60498,603,696.975769,668.7057,5,4.995173
0.60616,604,696.975769,668.7111,5,4.82612228
0.60617,605,696.975769,668.716858,5,5.006079
0.60804,606,696.975769,668.721741,5,4.98426628
0.60983,607,696.975769,668.726563,5,5.202396
0.60985,608,696.975769,668.730835,5,4.97335958
0.61108,609,696.975769,668.73645,5,4.869748
0.61293,610,696.975769,668.7415,5,4.95154667
0.61295,611,696.975769,668.746643,5,4.98426628
0.61417,612,696.975769,668.751465,5,5.153317
0.61420,613,696.975769,668.756042,5,4.92973375
0.61603,614,696.975769,668.7615,5,4.97335958
0.61784,615,696.975769,668.766357,5,4.92973375
0.61786,616,696.975769,668.7719,5,5.066065
0.61908,617,696.975769,668.77655,5,5.13150358
0.62095,618,696.975769,668.78125,5,4.94064
0.62098,619,696.975769,668.786133,5,4.96245337
0.62216,620,696.975769,668.7913,5,4.82612228
0.62217,621,696.975769,668.7973,5,5.07697153
0.62402,622,696.975769,668.801636,5,5.02789259
0.62583,623,696.975769,668.8066,5,5.006079
0.62584,624,696.975769,668.8111,5,4.913374
0.62710,625,696.975769,668.816467,5,4.82612228
0.62901,626,696.975769,668.8224,5,5.153317
0.62907,627,696.975769,668.8269,5,5.066065
0.63018,628,696.975769,668.8316,5,5.14241028
0.63020,629,696.975769,668.8363,5,4.891561
0.63203,630,696.975769,668.8422,5,4.913374
0.63384,631,696.975769,668.8471,5,5.066065
0.63385,632,696.975769,668.8518,5,5.006079
0.63508,633,696.975769,668.856445,5,5.07697153
0.63691,634,696.975769,668.8616,5,4.82612228
0.63693,635,696.975769,668.867249,5,4.995173
0.63817,636,696.975769,668.8719,5,5.02789259
0.63818,637,696.975769,668.876831,5,5.07697153
0.64000,638,696.975769,668.8814,5,4.995173
0.64184,639,696.975769,668.886841,5,4.858842
0.64187,640,696.975769,668.892,5,5.02789259
0.64308,641,696.975769,668.8967,5,4.96245337
0.64490,642,696.975769,668.902,5,5.12059736
0.64492,643,696.975769,668.9068,5,5.006079
0.64618,644,696.975769,668.9124,5,5.038799
0.64620,645,696.975769,668.9173,5,5.09878445
0.64801,646,696.975769,668.922241,5,4.97335958
0.64987,647,696.975769,668.927063,5,5.02789259
0.64989,648,696.975769,668.932251,5,4.847935
0.65108,649,696.975769,668.938,5,5.05515862
0.65292,650,696.975769,668.9426,5,5.016986
0.65295,651,696.975769,668.9477,5,5.016986
0.65418,652,696.975769,668.9527,5,4.995173
0.65420,653,696.975769,668.957642,5,4.913374
0.65600,654,696.975769,668.962341,5,5.087878
0.65787,655,696.975769,668.967,5,4.98426628
0.65791,656,696.975769,668.9722,5,5.09878445
0.65911,657,696.975769,668.977051,5,4.98426628
0.66090,658,696.975769,668.9825,5,5.016986
0.66093,659,696.975769,668.986938,5,5.006079
0.66234,660,696.975769,668.9922,5,4.94064
0.66237,661,696.975769,668.9974,5,5.087878
0.66407,662,696.975769,669.002747,5,4.95154667
0.66583,663,696.975769,669.007446,5,5.09878445
0.66585,664,696.975769,669.0118,5,4.94064
0.66711,665,696.975769,669.0175,5,4.97335958
0.66891,666,696.975769,669.0227,5,5.09878445
0.66892,667,696.975769,669.0278,5,5.066065
0.67016,668,696.975769,669.032,5,5.087878
0.67018,669,696.975769,669.036865,5,4.837029
0.67200,670,696.975769,669.042847,5,4.995173
0.67384,671,696.975769,669.0478,5,4.995173
0.67385,672,696.975769,669.0528,5,5.164223
0.67509,673,696.975769,669.056946,5,5.087878
0.67690,674,696.975769,669.0623,5,4.82612228
0.67692,675,696.975769,669.0676,5,4.95154667
0.67817,676,696.975769,669.072632,5,4.913374
0.67818,677,696.975769,669.077637,5,5.153317
0.67999,678,696.975769,669.0821,5,4.98426628
0.68184,679,696.975769,669.087463,5,4.92973375
0.68187,680,696.975769,669.092468,5,4.97335958
0.68311,681,696.975769,669.097839,5,4.97335958
0.68490,682,696.975769,669.1027,5,5.180583
0.68492,683,696.975769,669.107361,5,4.97335958
0.68616,684,696.975769,669.112366,5,4.96245337
0.68617,685,696.975769,669.117249,5,4.858842
0.68800,686,696.975769,669.123352,5,4.995173
0.68983,687,696.975769,669.127869,5,5.087878
0.68985,688,696.975769,669.1326,5,4.98426628
0.69110,689,696.975769,669.136963,5,4.97335958
0.69291,690,696.975769,669.1426,5,4.76613665
0.69292,691,696.975769,669.148438,5,5.07697153
0.69416,692,696.975769,669.152954,5,5.09878445
0.69417,693,696.975769,669.1578,5,5.12059736
0.69604,694,696.975769,669.162354,5,4.995173
0.69788,695,696.975769,669.1681,5,4.847935
0.69790,696,696.975769,669.17334,5,5.07697153
0.69910,697,696.975769,669.1826,5,5.09878445
0.70090,698,696.975769,669.187439,5,4.88065434
0.70092,699,696.975769,669.1933,5,4.913374
0.70217,700,696.975769,669.198,5,5.05515862
0.70219,701,696.975769,669.202942,5,5.02789259
0.70399,702,696.975769,669.207458,5,5.038799
0.70584,703,696.975769,669.212646,5,4.847935
0.70585,704,696.975769,669.21814,5,4.98426628
0.70709,705,696.975769,669.2227,5,4.95154667
0.70890,706,696.975769,669.227966,5,5.07697153
0.70891,707,696.975769,669.2328,5,5.05515862
0.71017,708,696.975769,669.2383,5,4.98426628
0.71018,709,696.975769,669.2432,5,5.13150358
0.71249,710,696.975769,669.2479,5,4.98426628
0.71394,711,696.975769,669.2529,5,5.02789259
0.71396,712,696.975769,669.257751,5,4.869748
0.71508,713,696.975769,669.263367,5,4.97335958
0.71692,714,696.975769,669.268,5,5.05515862
0.71693,715,696.975769,669.273,5,5.006079
0.71823,716,696.975769,669.2778,5,5.05515862
0.71826,717,696.975769,669.2831,5,4.869748
0.72000,718,696.975769,669.2884,5,5.05515862
0.72183,719,696.975769,669.292969,5,4.98426628
0.72185,720,696.975769,669.298157,5,5.05515862
0.72308,721,696.975769,669.3029,5,5.05515862
0.72490,722,696.975769,669.3084,5,4.95154667
0.72493,723,696.975769,669.313,5,5.05515862
0.72624,724,696.975769,669.3178,5,4.891561
0.72626,725,696.975769,669.323242,5,5.038799
0.72799,726,696.975769,669.3282,5,4.97335958
0.72985,727,696.975769,669.3334,5,5.016986
0.72987,728,696.975769,669.337646,5,5.006079
0.73109,729,696.975769,669.343,5,4.88065434
0.73291,730,696.975769,669.3485,5,5.066065
0.73293,731,696.975769,669.353455,5,5.006079
0.73421,732,696.975769,669.358,5,5.09878445
0.73423,733,696.975769,669.362366,5,4.88065434
0.73599,734,696.975769,669.3683,5,4.869748
0.73783,735,696.975769,669.373352,5,5.006079
0.73785,736,696.975769,669.378357,5,5.02789259
0.73910,737,696.975769,669.382751,5,5.153317
0.74091,738,696.975769,669.3876,5,4.847935
0.74092,739,696.975769,669.3931,5,4.90246725
0.74221,740,696.975769,669.3983,5,4.90246725
0.74223,741,696.975769,669.403564,5,5.05515862
0.74399,742,696.975769,669.4076,5,5.087878
0.74585,743,696.975769,669.4131,5,4.858842
0.74587,744,696.975769,669.418152,5,4.97335958
0.74709,745,696.975769,669.423645,5,4.891561
0.74891,746,696.975769,669.4289,5,5.12059736
0.74893,747,696.975769,669.4333,5,5.05515862
0.75021,748,696.975769,669.438,5,4.92973375
0.75024,749,696.975769,669.4431,5,4.90246725
0.75200,750,696.975769,669.4488,5,4.858842
0.75384,751,696.975769,669.453735,5,5.109691
0.75387,752,696.975769,669.4582,5,4.98426628
0.75509,753,696.975769,669.463,5,4.995173
0.75690,754,696.975769,669.467834,5,4.81521559
0.75693,755,696.975769,669.4736,5,4.88065434
0.75831,756,696.975769,669.478333,5,5.14241028
0.75835,757,696.975769,669.4831,5,5.066065
0.75999,758,696.975769,669.4876,5,5.087878
0.76183,759,696.975769,669.4928,5,4.81521559
0.76184,760,696.975769,669.4986,5,4.96245337
0.76311,761,696.975769,669.503,5,4.995173
0.76496,762,696.975769,669.507935,5,5.02789259
0.76499,763,696.975769,669.5124,5,5.006079
0.76617,764,696.975769,669.518,5,4.798856
0.76619,765,696.975769,669.5233,5,5.02789259
0.76799,766,696.975769,669.527954,5,4.995173
0.76985,767,696.975769,669.5328,5,5.07697153
0.76986,768,696.975769,669.5374,5,4.92973375
0.77107,769,696.975769,669.543152,5,4.891561
0.77290,770,696.975769,669.5479,5,5.016986
0.77291,771,696.975769,669.5529,5,4.96245337
0.77417,772,696.975769,669.5579,5,5.13150358
0.77418,773,696.975769,669.563,5,4.95154667
0.77598,774,696.975769,669.5685,5,5.087878
0.77785,775,696.975769,669.573,5,5.066065
0.77788,776,696.975769,669.578,5,4.98426628
0.77908,777,696.975769,669.5827,5,4.995173
0.78094,778,696.975769,669.5882,5,4.858842
0.78096,779,696.975769,669.5933,5,5.087878
0.78218,780,696.975769,669.597961,5,4.995173
0.78221,781,696.975769,669.603,5,5.038799
0.78399,782,696.975769,669.6078,5,4.95154667
0.78585,783,696.975769,669.6134,5,4.95154667
0.78587,784,696.975769,669.6181,5,5.066065
0.78709,785,696.975769,669.623047,5,4.97335958
0.78890,786,696.975769,669.6281,5,5.109691
0.78891,787,696.975769,669.6331,5,4.92973375
0.79016,788,696.975769,669.638367,5,5.038799
0.79017,789,696.975769,669.6427,5,4.96245337
0.79199,790,696.975769,669.6482,5,4.94064
0.79387,791,696.975769,669.6532,5,5.05515862
0.79391,792,696.975769,669.6583,5,4.92973375
0.79509,793,696.975769,669.662964,5,5.087878
0.79691,794,696.975769,669.6676,5,4.88065434
0.79693,795,696.975769,669.678467,5,5.066065
0.79817,796,696.975769,669.6834,5,5.05515862
0.79820,797,696.975769,669.687439,5,5.02789259
0.79999,798,696.975769,669.6928,5,4.81521559
0.80185,799,696.975769,669.6985,5,4.98426628
0.80188,800,696.975769,669.7034,5,4.97335958
0.80312,801,696.975769,669.708252,5,5.164223
0.80492,802,696.975769,669.7125,5,5.016986
0.80493,803,696.975769,669.71814,5,4.837029
0.80616,804,696.975769,669.723145,5,4.95154667
0.80617,805,696.975769,669.728333,5,4.94064
0.80798,806,696.975769,669.7331,5,5.164223
0.80988,807,696.975769,669.737732,5,4.96245337
0.80989,808,696.975769,669.743164,5,4.95154667
0.81109,809,696.975769,669.748,5,4.95154667
0.81292,810,696.975769,669.75354,5,4.995173
0.81296,811,696.975769,669.7582,5,5.164223
0.81427,812,696.975769,669.763245,5,4.95154667
0.81429,813,696.975769,669.768066,5,4.96245337
0.81601,814,696.975769,669.7733,5,4.837029
0.81787,815,696.975769,669.778931,5,5.02789259
0.81791,816,696.975769,669.783264,5,5.05515862
0.81910,817,696.975769,669.788147,5,4.98426628
0.82091,818,696.975769,669.792664,5,4.95154667
0.82092,819,696.975769,669.7984,5,4.76613665
0.82217,820,696.975769,669.8039,5,5.09878445
0.82219,821,696.975769,669.8084,5,5.07697153
0.82404,822,696.975769,669.8132,5,5.12059736
0.82585,823,696.975769,669.8179,5,4.97335958
0.82586,824,696.975769,669.823853,5,4.869748
0.82709,825,696.975769,669.8286,5,5.07697153
0.82900,826,696.975769,669.8334,5,4.98426628
0.82904,827,696.975769,669.837952,5,5.07697153
0.83018,828,696.975769,669.8431,5,4.847935
0.83020,829,696.975769,669.848755,5,4.92973375
0.83200,830,696.975769,669.853333,5,5.02789259
0.83389,831,696.975769,669.8583,5,5.016986
0.83391,832,696.975769,669.8628,5,5.016986
0.83513,833,696.975769,669.868164,5,4.81521559
0.83692,834,696.975769,669.8734,5,4.98426628
0.83694,835,696.975769,669.878052,5,4.92973375
0.83817,836,696.975769,669.88324,5,5.066065
0.83819,837,696.975769,669.888,5,5.02789259
0.84001,838,696.975769,669.8937,5,4.97335958
0.84184,839,696.975769,669.8983,5,5.12059736
0.84186,840,696.975769,669.903137,5,4.97335958
0.84308,841,696.975769,669.908,5,5.006079
0.84493,842,696.975769,669.912964,5,4.847935
0.84497,843,696.975769,669.9186,5,4.97335958
0.84617,844,696.975769,669.923462,5,5.02789259
0.84619,845,696.975769,669.928467,5,4.98426628
0.84801,846,696.975769,669.9331,5,5.02789259
0.84987,847,696.975769,669.938538,5,4.847935
0.84991,848,696.975769,669.944,5,5.038799
0.85108,849,696.975769,669.9486,5,4.97335958
0.85292,850,696.975769,669.954163,5,5.038799
0.85295,851,696.975769,669.9584,5,5.02789259
0.85416,852,696.975769,669.9642,5,4.95154667
0.85417,853,696.975769,669.9685,5,5.066065
0.85602,854,696.975769,669.973,5,4.90246725
0.85790,855,696.975769,669.9784,5,5.05515862
0.85792,856,696.975769,669.983337,5,4.98426628
0.85910,857,696.975769,669.9884,5,5.016986
0.86094,858,696.975769,669.992737,5,5.006079
0.86097,859,696.975769,669.9983,5,4.891561
0.86233,860,696.975769,670.0037,5,5.087878
0.86238,861,696.975769,670.008667,5,5.05515862
0.86399,862,696.975769,670.013062,5,5.13150358
0.86590,863,696.975769,670.0178,5,4.913374
0.86593,864,696.975769,670.0238,5,4.94064
0.86711,865,696.975769,670.0288,5,5.02789259
0.86895,866,696.975769,670.0338,5,5.087878
0.86897,867,696.975769,670.038147,5,5.180583
0.87016,868,696.975769,670.0433,5,4.88065434
0.87018,869,696.975769,670.048767,5,4.96245337
0.87204,870,696.975769,670.0537,5,4.95154667
0.87391,871,696.975769,670.058838,5,5.109691
0.87394,872,696.975769,670.063232,5,5.087878
0.87511,873,696.975769,670.069,5,4.90246725
0.87693,874,696.975769,670.073547,5,4.995173
0.87695,875,696.975769,670.078857,5,4.913374
0.87817,876,696.975769,670.0843,5,5.164223
0.87818,877,696.975769,670.0888,5,5.02789259
0.88001,878,696.975769,670.09375,5,4.94064
0.88187,879,696.975769,670.098633,5,4.90246725
0.88189,880,696.975769,670.104431,5,4.913374
0.88308,881,696.975769,670.109,5,5.13150358
0.88495,882,696.975769,670.113831,5,4.995173
0.88499,883,696.975769,670.1184,5,5.016986
0.88617,884,696.975769,670.1237,5,4.78794956
0.88619,885,696.975769,670.129639,5,4.98426628
0.88806,886,696.975769,670.1341,5,5.14241028
0.88986,887,696.975769,670.139038,5,5.09878445
0.88988,888,696.975769,670.1435,5,5.07697153
0.89108,889,696.975769,670.149231,5,4.82612228
0.89294,890,696.975769,670.154541,5,5.05515862
0.89297,891,696.975769,670.159058,5,5.006079
0.89418,892,696.975769,670.1638,5,5.09878445
0.89420,893,696.975769,670.1686,5,4.97335958
0.89610,894,696.975769,670.1745,5,4.858842
0.89789,895,696.975769,670.1793,5,5.087878
0.89793,896,696.975769,670.1841,5,5.006079
0.89912,897,696.975769,670.193848,5,4.88065434
0.90094,898,696.975769,670.199463,5,4.95154667
0.90098,899,696.975769,670.204,5,4.995173
0.90216,900,696.975769,670.209167,5,5.016986
0.90217,901,696.975769,670.214,5,5.12059736
0.90399,902,696.975769,670.2196,5,4.95154667
0.90587,903,696.975769,670.224548,5,5.13150358
0.90589,904,696.975769,670.229248,5,5.02789259
0.90709,905,696.975769,670.234253,5,5.016986
0.90893,906,696.975769,670.2391,5,4.95154667
0.90895,907,696.975769,670.2448,5,4.94064
0.91017,908,696.975769,670.249451,5,5.09878445
0.91018,909,696.975769,670.2544,5,5.006079
0.91243,910,696.975769,670.2592,5,5.087878
0.91386,911,696.975769,670.264465,5,4.913374
0.91388,912,696.975769,670.2699,5,5.016986
0.91517,913,696.975769,670.274353,5,5.02789259
0.91695,914,696.975769,670.279663,5,5.016986
0.91698,915,696.975769,670.2844,5,5.09878445
0.91817,916,696.975769,670.289856,5,4.95154667
0.91819,917,696.975769,670.2946,5,5.087878
0.92001,918,696.975769,670.2994,5,4.92973375
0.92184,919,696.975769,670.3049,5,5.02789259
0.92186,920,696.975769,670.309753,5,5.02789259
0.92308,921,696.975769,670.314941,5,4.995173
0.92492,922,696.975769,670.3193,5,5.066065
0.92494,923,696.975769,670.3247,5,4.88065434
0.92617,924,696.975769,670.330139,5,5.07697153
0.92619,925,696.975769,670.3352,5,5.05515862
0.92800,926,696.975769,670.3397,5,5.109691
0.92986,927,696.975769,670.344055,5,4.95154667
0.92988,928,696.975769,670.3501,5,4.869748
0.93107,929,696.975769,670.3552,5,5.02789259
0.93293,930,696.975769,670.360168,5,5.016986
0.93295,931,696.975769,670.3646,5,5.202396
0.93419,932,696.975769,670.3694,5,4.90246725
0.93421,933,696.975769,670.375,5,4.90246725
0.93600,934,696.975769,670.38,5,4.94064
0.93788,935,696.975769,670.3852,5,5.02789259
0.93792,936,696.975769,670.3895,5,5.13150358
0.93908,937,696.975769,670.3947,5,4.891561
0.94094,938,696.975769,670.399841,5,4.98426628
0.94097,939,696.975769,670.405334,5,4.913374
0.94217,940,696.975769,670.410645,5,5.12059736
0.94219,941,696.975769,670.415039,5,5.09878445
0.94403,942,696.975769,670.420044,5,4.94064
0.94592,943,696.975769,670.424866,5,4.94064
0.94597,944,696.975769,670.4306,5,4.858842
0.94708,945,696.975769,670.4357,5,5.12059736
0.94893,946,696.975769,670.440369,5,5.006079
0.94897,947,696.975769,670.445068,5,5.016986
0.95017,948,696.975769,670.450134,5,4.858842
0.95019,949,696.975769,670.4562,5,4.869748
0.95200,950,696.975769,670.4608,5,5.164223
0.95387,951,696.975769,670.465637,5,5.07697153
0.95389,952,696.975769,670.4701,5,5.109691
0.95507,953,696.975769,670.4757,5,4.858842
0.95694,954,696.975769,670.4811,5,4.98426628
0.95696,955,696.975769,670.485352,5,5.038799
0.95817,956,696.975769,670.4902,5,5.05515862
0.95822,957,696.975769,670.4949,5,5.02789259
0.96005,958,696.975769,670.5006,5,4.837029
0.96190,959,696.975769,670.5057,5,5.066065
0.96193,960,696.975769,670.5105,5,5.038799
0.96312,961,696.975769,670.5153,5,5.14241028
0.96498,962,696.975769,670.5203,5,4.995173
0.96501,963,696.975769,670.526,5,4.96245337
0.96617,964,696.975769,670.53064,5,5.07697153
0.96618,965,696.975769,670.5359,5,5.038799
0.96800,966,696.975769,670.540833,5,5.202396
0.96992,967,696.975769,670.546265,5,5.02789259
0.96995,968,696.975769,670.5514,5,5.153317
0.97108,969,696.975769,670.5561,5,5.09878445
0.97294,970,696.975769,670.5612,5,5.038799
0.97296,971,696.975769,670.566,5,5.006079
0.97417,972,696.975769,670.5717,5,4.92973375
0.97418,973,696.975769,670.576355,5,5.12059736
0.97602,974,696.975769,670.58136,5,5.02789259
0.97787,975,696.975769,670.5861,5,5.09878445
0.97789,976,696.975769,670.5913,5,4.92973375
0.97908,977,696.975769,670.5968,5,4.98426628
0.98092,978,696.975769,670.601257,5,5.05515862
0.98098,979,696.975769,670.6065,5,4.98426628
0.98223,980,696.975769,670.6113,5,5.109691
0.98225,981,696.975769,670.616638,5,4.913374
0.98401,982,696.975769,670.62146,5,5.066065
0.98589,983,696.975769,670.626038,5,4.92973375
0.98592,984,696.975769,670.6316,5,4.98426628
0.98708,985,696.975769,670.636536,5,5.038799
0.98895,986,696.975769,670.641663,5,4.94064
0.98899,987,696.975769,670.645935,5,5.07697153
0.99017,988,696.975769,670.651245,5,4.847935
0.99019,989,696.975769,670.65686,5,5.02789259
0.99203,990,696.975769,670.6618,5,5.02789259
0.99388,991,696.975769,670.6663,5,5.087878
0.99390,992,696.975769,670.670654,5,4.98426628
0.99509,993,696.975769,670.6765,5,4.81521559
0.99697,994,696.975769,670.6867,5,4.97335958
0.99699,995,696.975769,670.6912,5,5.191489
0.99816,996,696.975769,670.695862,5,4.96245337
0.99818,997,696.975769,670.7015,5,4.869748
1.00004,998,696.975769,670.706665,5,4.95154667
1.00189,999,696.975769,670.7117,5,4.97335958
1.00193,1000,696.975769,670.7161,5,5.153317
1.00309,1001,696.975769,670.7212,5,4.913374
1.00492,1002,696.975769,670.7266,5,4.97335958
1.00495,1003,696.975769,670.7318,5,4.92973375
1.00617,1004,696.975769,670.7371,5,5.05515862
1.00619,1005,696.975769,670.7412,5,5.14241028
1.00801,1006,696.975769,670.7465,5,4.94064
1.00987,1007,696.975769,670.7513,5,4.96245337
1.00991,1008,696.975769,670.757,5,4.837029
1.01108,1009,696.975769,670.7621,5,5.087878
1.01292,1010,696.975769,670.766541,5,5.05515862
1.01294,1011,696.975769,670.7714,5,4.995173
1.01418,1012,696.975769,670.7762,5,4.913374
1.01420,1013,696.975769,670.7822,5,4.82612228
1.01606,1014,696.975769,670.787048,5,5.153317
1.01786,1015,696.975769,670.7919,5,5.09878445
1.01789,1016,696.975769,670.796448,5,5.14241028
1.01907,1017,696.975769,670.801636,5,4.913374
1.02095,1018,696.975769,670.8075,5,4.92973375
1.02097,1019,696.975769,670.812,5,5.07697153
1.02217,1020,696.975769,670.8169,5,5.02789259
1.02218,1021,696.975769,670.8214,5,5.087878
1.02405,1022,696.975769,670.826965,5,4.837029
1.02587,1023,696.975769,670.8323,5,5.006079
1.02590,1024,696.975769,670.837,5,5.016986
1.02707,1025,696.975769,670.8418,5,5.07697153
1.02911,1026,696.975769,670.846436,5,4.995173
1.02925,1027,696.975769,670.852234,5,4.869748
1.03018,1028,696.975769,670.8568,5,5.02789259
1.03020,1029,696.975769,670.862,5,4.96245337
1.03205,1030,696.975769,670.8669,5,5.13150358
1.03386,1031,696.975769,670.8722,5,5.006079
1.03389,1032,696.975769,670.877563,5,5.066065
1.03507,1033,696.975769,670.882,5,5.109691
1.03696,1034,696.975769,670.887,5,4.98426628
1.03698,1035,696.975769,670.891846,5,5.038799
1.03818,1036,696.975769,670.8974,5,4.858842
1.03819,1037,696.975769,670.9024,5,5.066065
1.04006,1038,696.975769,670.9075,5,5.02789259
1.04186,1039,696.975769,670.9121,5,5.038799
1.04188,1040,696.975769,670.917,5,4.98426628
1.04308,1041,696.975769,670.9226,5,4.92973375
1.04495,1042,696.975769,670.9273,5,5.087878
1.04501,1043,696.975769,670.9324,5,4.98426628
1.04617,1044,696.975769,670.9376,5,5.109691
1.04619,1045,696.975769,670.9428,5,4.97335958
1.04803,1046,696.975769,670.947937,5,5.02789259
1.04986,1047,696.975769,670.9524,5,4.995173
1.04990,1048,696.975769,670.958435,5,4.94064
1.05108,1049,696.975769,670.962769,5,5.07697153
1.05293,1050,696.975769,670.9684,5,4.94064
1.05295,1051,696.975769,670.9728,5,5.09878445
1.05417,1052,696.975769,670.977844,5,4.94064
1.05418,1053,696.975769,670.9829,5,4.97335958
1.05602,1054,696.975769,670.9879,5,5.087878
1.05787,1055,696.975769,670.9927,5,5.05515862
1.05790,1056,696.975769,670.996765,5,5.066065
1.05908,1057,696.975769,671.0024,5,4.81521559
1.06092,1058,696.975769,671.007935,5,4.97335958
1.06093,1059,696.975769,671.0128,5,4.97335958
1.06242,1060,696.975769,671.0175,5,5.13150358
1.06248,1061,696.975769,671.0219,5,5.05515862
1.06402,1062,696.975769,671.027832,5,4.798856
1.06585,1063,696.975769,671.0327,5,4.92973375
1.06587,1064,696.975769,671.038,5,4.891561
1.06711,1065,696.975769,671.0425,5,5.13150358
1.06894,1066,696.975769,671.0473,5,4.97335958
1.06896,1067,696.975769,671.0526,5,4.90246725
1.07017,1068,696.975769,671.057861,5,4.95154667
1.07019,1069,696.975769,671.0631,5,4.94064
1.07202,1070,696.975769,671.067566,5,5.180583
1.07387,1071,696.975769,671.0724,5,4.97335958
1.07389,1072,696.975769,671.077332,5,4.96245337
1.07508,1073,696.975769,671.0826,5,4.858842
1.07694,1074,696.975769,671.0882,5,4.98426628
1.07696,1075,696.975769,671.092468,5,5.09878445
1.07818,1076,696.975769,671.0975,5,4.98426628
1.07822,1077,696.975769,671.1019,5,4.995173
1.08003,1078,696.975769,671.107849,5,4.777043
1.08187,1079,696.975769,671.113159,5,5.07697153
1.08190,1080,696.975769,671.1178,5,5.109691
1.08312,1081,696.975769,671.122437,5,5.12059736
1.08494,1082,696.975769,671.1273,5,5.016986
1.08497,1083,696.975769,671.13324,5,4.847935
1.08616,1084,696.975769,671.137939,5,5.087878
1.08618,1085,696.975769,671.1428,5,5.006079
1.08803,1086,696.975769,671.1474,5,5.109691
1.08986,1087,696.975769,671.1528,5,4.90246725
1.08988,1088,696.975769,671.1583,5,4.94064
1.09110,1089,696.975769,671.162964,5,5.07697153
1.09296,1090,696.975769,671.1679,5,5.05515862
1.09299,1091,696.975769,671.1725,5,5.07697153
1.09417,1092,696.975769,671.1781,5,4.858842
1.09418,1093,696.975769,671.1831,5,5.006079
1.09601,1094,696.975769,671.1879,5,4.96245337
1.09789,1095,696.975769,671.1931,5,5.087878
1.09792,1096,696.975769,671.198,5,5.07697153
1.09908,1097,696.975769,671.208069,5,5.153317
1.10094,1098,696.975769,671.213135,5,4.995173
1.10096,1099,696.975769,671.2179,5,5.05515862
1.10216,1100,696.975769,671.223267,5,4.891561
1.10217,1101,696.975769,671.228638,5,5.006079
1.10402,1102,696.975769,671.2333,5,5.066065
1.10586,1103,696.975769,671.2383,5,5.016986
1.10588,1104,696.975769,671.243042,5,5.05515862
1.10709,1105,696.975769,671.2486,5,4.88065434
1.10894,1106,696.975769,671.2534,5,5.07697153
1.10898,1107,696.975769,671.258362,5,5.006079
1.11016,1108,696.975769,671.2635,5,5.07697153
1.11018,1109,696.975769,671.268433,5,5.038799
1.11245,1110,696.975769,671.273743,5,4.97335958
1.11387,1111,696.975769,671.278137,5,5.05515862
1.11394,1112,696.975769,671.2834,5,4.90246725
1.11509,1113,696.975769,671.2885,5,5.07697153
1.11696,1114,696.975769,671.2937,5,4.98426628
1.11699,1115,696.975769,671.298462,5,5.038799
1.11816,1116,696.975769,671.303,5,5.006079
1.11817,1117,696.975769,671.308838,5,4.90246725
1.12003,1118,696.975769,671.3139,5,5.087878
1.12183,1119,696.975769,671.3189,5,5.038799
1.12184,1120,696.975769,671.323059,5,5.109691
1.12309,1121,696.975769,671.328247,5,4.88065434
1.12494,1122,696.975769,671.334045,5,4.92973375
1.12497,1123,696.975769,671.3389,5,5.006079
1.12617,1124,696.975769,671.3438,5,5.07697153
1.12618,1125,696.975769,671.348145,5,5.153317
1.12802,1126,696.975769,671.3539,5,4.847935
1.12988,1127,696.975769,671.358948,5,4.94064
1.12991,1128,696.975769,671.363831,5,4.92973375
1.13113,1129,696.975769,671.369,5,5.09878445
1.13293,1130,696.975769,671.373535,5,5.066065
1.13296,1131,696.975769,671.378967,5,4.90246725
1.13420,1132,696.975769,671.384,5,4.98426628
1.13423,1133,696.975769,671.389343,5,4.913374
1.13603,1134,696.975769,671.394043,5,5.164223
1.13785,1135,696.975769,671.3988,5,5.016986
1.13786,1136,696.975769,671.403748,5,4.95154667
1.13911,1137,696.975769,671.4089,5,4.90246725
1.14093,1138,696.975769,671.4145,5,4.913374
1.14096,1139,696.975769,671.418945,5,5.13150358
1.14216,1140,696.975769,671.423767,5,4.995173
1.14217,1141,696.975769,671.428345,5,5.016986
1.14402,1142,696.975769,671.43396,5,4.78794956
1.14586,1143,696.975769,671.4396,5,4.98426628
1.14590,1144,696.975769,671.444458,5,5.14241028
1.14713,1145,696.975769,671.4489,5,5.087878
1.14892,1146,696.975769,671.453552,5,5.087878
1.14895,1147,696.975769,671.459839,5,4.837029
1.15018,1148,696.975769,671.4647,5,5.038799
1.15020,1149,696.975769,671.46936,5,5.006079
1.15205,1150,696.975769,671.474,5,5.087878
1.15385,1151,696.975769,671.4792,5,4.97335958
1.15387,1152,696.975769,671.484863,5,4.869748
1.15508,1153,696.975769,671.4898,5,5.087878
1.15691,1154,696.975769,671.4948,5,5.006079
1.15695,1155,696.975769,671.4988,5,5.09878445
1.15817,1156,696.975769,671.5042,5,4.88065434
1.15820,1157,696.975769,671.5094,5,4.95154667
1.16004,1158,696.975769,671.51416,5,4.995173
1.16186,1159,696.975769,671.5192,5,5.016986
1.16187,1160,696.975769,671.524048,5,5.109691
1.16309,1161,696.975769,671.5298,5,4.95154667
1.16490,1162,696.975769,671.5344,5,5.13150358
1.16492,1163,696.975769,671.5393,5,5.016986
1.16618,1164,696.975769,671.5442,5,5.016986
1.16619,1165,696.975769,671.549255,5,4.96245337
1.16804,1166,696.975769,671.5549,5,4.94064
1.16988,1167,696.975769,671.5595,5,5.109691
1.16990,1168,696.975769,671.564453,5,5.02789259
1.17109,1169,696.975769,671.5693,5,5.09878445
1.17292,1170,696.975769,671.5747,5,4.913374
1.17297,1171,696.975769,671.5798,5,5.02789259
1.17418,1172,696.975769,671.584534,5,5.02789259
1.17421,1173,696.975769,671.5897,5,5.006079
1.17604,1174,696.975769,671.5946,5,5.09878445
1.17784,1175,696.975769,671.600037,5,4.95154667
1.17785,1176,696.975769,671.6044,5,5.07697153
1.17909,1177,696.975769,671.609558,5,4.92973375
1.18089,1178,696.975769,671.614868,5,5.02789259
1.18092,1179,696.975769,671.619934,5,5.016986
1.18216,1180,696.975769,671.6248,5,4.995173
1.18217,1181,696.975769,671.62915,5,5.05515862
1.18399,1182,696.975769,671.6349,5,4.869748
1.18590,1183,696.975769,671.6402,5,5.066065
1.18592,1184,696.975769,671.645142,5,5.02789259
1.18711,1185,696.975769,671.6495,5,5.109691
1.18892,1186,696.975769,671.654236,5,4.95154667
1.18893,1187,696.975769,671.660156,5,4.858842
1.19017,1188,696.975769,671.6654,5,5.016986
1.19019,1189,696.975769,671.670166,5,5.006079
1.19200,1190,696.975769,671.6744,5,5.191489
1.19384,1191,696.975769,671.679565,5,4.90246725
1.19385,1192,696.975769,671.685242,5,4.891561
1.19508,1193,696.975769,671.6903,5,4.92973375
1.19691,1194,696.975769,671.6997,5,5.12059736
1.19693,1195,696.975769,671.7047,5,4.891561
1.19816,1196,696.975769,671.71,5,4.97335958
1.19817,1197,696.975769,671.7154,5,4.90246725
1.20001,1198,696.975769,671.7204,5,5.109691
1.20185,1199,696.975769,671.7249,5,5.087878
1.20187,1200,696.975769,671.73,5,4.95154667
1.20311,1201,696.975769,671.734741,5,4.94064
1.20490,1202,696.975769,671.7406,5,4.847935
1.20491,1203,696.975769,671.7452,5,5.109691
1.20616,1204,696.975769,671.749939,5,4.995173
1.20618,1205,696.975769,671.7546,5,5.006079
1.20799,1206,696.975769,671.7598,5,4.858842
1.20984,1207,696.975769,671.765747,5,4.858842
1.20985,1208,696.975769,671.7702,5,5.164223
1.21110,1209,696.975769,671.7751,5,5.07697153
1.21296,1210,696.975769,671.7796,5,5.12059736
1.21300,1211,696.975769,671.7852,5,4.858842
1.21420,1212,696.975769,671.7905,5,4.95154667
1.21424,1213,696.975769,671.795166,5,5.038799
1.21601,1214,696.975769,671.799866,5,5.02789259
1.21787,1215,696.975769,671.804565,5,5.02789259
1.21790,1216,696.975769,671.8105,5,4.798856
1.21908,1217,696.975769,671.8153,5,5.016986
1.22090,1218,696.975769,671.820068,5,4.995173
1.22091,1219,696.975769,671.8247,5,5.07697153
1.22217,1220,696.975769,671.829834,5,4.95154667
1.22218,1221,696.975769,671.835266,5,4.869748
1.22399,1222,696.975769,671.8399,5,5.016986
1.22584,1223,696.975769,671.8451,5,4.94064
1.22586,1224,696.975769,671.849854,5,5.109691
1.22709,1225,696.975769,671.855347,5,4.96245337
1.22897,1226,696.975769,671.860352,5,5.05515862
1.22898,1227,696.975769,671.865,5,5.066065
1.23018,1228,696.975769,671.870056,5,4.98426628
1.23020,1229,696.975769,671.8747,5,5.006079
1.23199,1230,696.975769,671.8805,5,4.837029
1.23385,1231,696.975769,671.885132,5,5.066065
1.23386,1232,696.975769,671.89,5,4.995173
1.23511,1233,696.975769,671.894836,5,5.02789259
1.23694,1234,696.975769,671.899963,5,4.96245337
1.23696,1235,696.975769,671.905457,5,4.913374
1.23818,1236,696.975769,671.910034,5,5.066065
1.23819,1237,696.975769,671.9151,5,4.96245337
1.23999,1238,696.975769,671.92,5,5.087878
1.24185,1239,696.975769,671.925354,5,4.95154667
1.24186,1240,696.975769,671.9302,5,5.016986
1.24307,1241,696.975769,671.9348,5,4.97335958
1.24490,1242,696.975769,671.9403,5,4.92973375
1.24491,1243,696.975769,671.9455,5,5.066065
1.24618,1244,696.975769,671.9507,5,4.92973375
1.24621,1245,696.975769,671.954956,5,5.087878
1.24801,1246,696.975769,671.9603,5,4.913374
1.24988,1247,696.975769,671.9659,5,4.96245337
1.24993,1248,696.975769,671.9708,5,5.07697153
1.25108,1249,696.975769,671.9754,5,5.05515862
1.25290,1250,696.975769,671.9797,5,5.066065
1.25292,1251,696.975769,671.9861,5,4.81521559
1.25418,1252,696.975769,671.99054,5,4.98426628
1.25421,1253,696.975769,671.996155,5,4.98426628
1.25599,1254,696.975769,672.0004,5,5.153317
1.25795,1255,696.975769,672.005249,5,5.066065
1.25798,1256,696.975769,672.0102,5,4.798856
1.25921,1257,696.975769,672.015442,5,4.94064
1.26094,1258,696.975769,672.0202,5,4.891561
1.26096,1259,696.975769,672.024963,5,5.12059736
1.26244,1260,696.975769,672.029968,5,4.94064
1.26247,1261,696.975769,672.035156,5,4.869748
1.26401,1262,696.975769,672.040039,5,4.90246725
1.26585,1263,696.975769,672.045532,5,4.891561
1.26587,1264,696.975769,672.0498,5,5.12059736
1.26708,1265,696.975769,672.0547,5,4.90246725
1.26891,1266,696.975769,672.0594,5,4.88065434
1.26892,1267,696.975769,672.0648,5,4.78794956
1.27019,1268,696.975769,672.0701,5,4.891561
1.27022,1269,696.975769,672.0744,5,5.066065
1.27201,1270,696.975769,672.079346,5,4.92973375
1.27387,1271,696.975769,672.083862,5,4.95154667
1.27388,1272,696.975769,672.0897,5,4.733417
1.27508,1273,696.975769,672.095032,5,4.995173
1.27690,1274,696.975769,672.099548,5,5.09878445
1.27692,1275,696.975769,672.1041,5,5.07697153
1.27818,1276,696.975769,672.1091,5,5.02789259
1.27820,1277,696.975769,672.115,5,4.78794956
1.28002,1278,696.975769,672.1196,5,5.038799
1.28189,1279,696.975769,672.124451,5,4.98426628
1.28191,1280,696.975769,672.129,5,5.07697153
1.28308,1281,696.975769,672.134338,5,4.92973375
1.28492,1282,696.975769,672.139832,5,4.858842
1.28494,1283,696.975769,672.144348,5,5.07697153
1.28621,1284,696.975769,672.149353,5,4.995173
1.28623,1285,696.975769,672.1539,5,5.066065
1.28800,1286,696.975769,672.1594,5,4.837029
1.28986,1287,696.975769,672.1644,5,4.92973375
1.28988,1288,696.975769,672.1691,5,4.96245337
1.29107,1289,696.975769,672.1744,5,4.995173
1.29290,1290,696.975769,672.1792,5,5.087878
1.29291,1291,696.975769,672.1848,5,4.913374
1.29418,1292,696.975769,672.1893,5,5.09878445
1.29420,1293,696.975769,672.1943,5,4.995173
1.29603,1294,696.975769,672.199036,5,4.995173
1.29786,1295,696.975769,672.2042,5,4.913374
1.29788,1296,696.975769,672.2099,5,4.891561
1.29908,1297,696.975769,672.219238,5,4.97335958
1.30091,1298,696.975769,672.223938,5,5.05515862
1.30092,1299,696.975769,672.2294,5,4.869748
1.30218,1300,696.975769,672.2343,5,4.97335958
1.30219,1301,696.975769,672.239136,5,4.995173
1.30400,1302,696.975769,672.244263,5,4.96245337
1.30588,1303,696.975769,672.249,5,5.07697153
1.30590,1304,696.975769,672.254456,5,4.90246725
1.30708,1305,696.975769,672.25885,5,5.05515862
1.30890,1306,696.975769,672.264,5,4.913374
1.30891,1307,696.975769,672.2693,5,4.97335958
1.31017,1308,696.975769,672.2742,5,5.006079
1.31019,1309,696.975769,672.279236,5,4.94064
1.31248,1310,696.975769,672.283569,5,5.05515862
1.31388,1311,696.975769,672.2891,5,4.847935
1.31392,1312,696.975769,672.2944,5,5.02789259
1.31510,1313,696.975769,672.2994,5,5.016986
1.31692,1314,696.975769,672.3037,5,5.066065
1.31694,1315,696.975769,672.30835,5,4.96245337
1.31817,1316,696.975769,672.314331,5,4.78794956
1.31818,1317,696.975769,672.319153,5,4.98426628
1.31999,1318,696.975769,672.324463,5,4.96245337
1.32185,1319,696.975769,672.3287,5,5.153317
1.32187,1320,696.975769,672.333862,5,4.92973375
1.32307,1321,696.975769,672.339233,5,4.82612228
1.32491,1322,696.975769,672.344055,5,4.90246725
1.32492,1323,696.975769,672.3492,5,4.92973375
1.32617,1324,696.975769,672.3535,5,5.12059736
1.32618,1325,696.975769,672.3589,5,4.88065434
1.32801,1326,696.975769,672.363831,5,4.92973375
1.32986,1327,696.975769,672.3691,5,4.90246725
1.32987,1328,696.975769,672.374146,5,4.995173
1.33108,1329,696.975769,672.3786,5,5.12059736
1.33291,1330,696.975769,672.383545,5,4.913374
1.33293,1331,696.975769,672.388367,5,4.92973375
1.33416,1332,696.975769,672.3941,5,4.798856
1.33417,1333,696.975769,672.398865,5,5.016986
1.33599,1334,696.975769,672.403442,5,5.016986
1.33789,1335,696.975769,672.4084,5,4.96245337
1.33792,1336,696.975769,672.413147,5,4.90246725
1.33908,1337,696.975769,672.419067,5,4.74432325
1.34091,1338,696.975769,672.423767,5,5.087878
1.34094,1339,696.975769,672.4286,5,5.05515862
1.34218,1340,696.975769,672.433,5,5.109691
1.34220,1341,696.975769,672.4385,5,4.92973375
1.34399,1342,696.975769,672.444031,5,4.858842
1.34590,1343,696.975769,672.448853,5,5.066065
1.34594,1344,696.975769,672.453735,5,4.98426628
1.34709,1345,696.975769,672.4583,5,5.07697153
1.34896,1346,696.975769,672.4637,5,4.837029
1.34898,1347,696.975769,672.469,5,4.94064
1.35019,1348,696.975769,672.4738,5,5.038799
1.35021,1349,696.975769,672.478455,5,5.016986
1.35199,1350,696.975769,672.4834,5,5.016986
1.35388,1351,696.975769,672.489,5,4.82612228
1.35391,1352,696.975769,672.493652,5,4.995173
1.35510,1353,696.975769,672.4991,5,5.087878
1.35696,1354,696.975769,672.5034,5,5.087878
1.35700,1355,696.975769,672.5086,5,5.038799
1.35816,1356,696.975769,672.5139,5,4.995173
1.35817,1357,696.975769,672.5184,5,5.13150358
1.35999,1358,696.975769,672.5235,5,4.98426628
1.36187,1359,696.975769,672.528137,5,5.02789259
1.36189,1360,696.975769,672.533752,5,4.858842
1.36310,1361,696.975769,672.5387,5,4.98426628
1.36491,1362,696.975769,672.543457,5,5.02789259
1.36493,1363,696.975769,672.54834,5,4.98426628
1.36617,1364,696.975769,672.5532,5,5.016986
1.36618,1365,696.975769,672.558838,5,4.847935
1.36801,1366,696.975769,672.563354,5,5.038799
1.36991,1367,696.975769,672.568359,5,4.96245337
1.36994,1368,696.975769,672.573364,5,5.05515862
1.37109,1369,696.975769,672.5784,5,5.006079
1.37292,1370,696.975769,672.5836,5,4.95154667
1.37293,1371,696.975769,672.5881,5,5.038799
1.37417,1372,696.975769,672.593567,5,4.891561
1.37418,1373,696.975769,672.5985,5,5.05515862
1.37603,1374,696.975769,672.60376,5,4.97335958
1.37787,1375,696.975769,672.6082,5,5.038799
1.37789,1376,696.975769,672.613159,5,4.995173
1.37911,1377,696.975769,672.6189,5,4.90246725
1.38095,1378,696.975769,672.62384,5,5.07697153
1.38098,1379,696.975769,672.628662,5,5.02789259
1.38217,1380,696.975769,672.632751,5,5.109691
1.38218,1381,696.975769,672.6385,5,4.891561
1.38402,1382,696.975769,672.6443,5,4.92973375
1.38590,1383,696.975769,672.649231,5,5.016986
1.38592,1384,696.975769,672.6536,5,5.07697153
1.38709,1385,696.975769,672.6583,5,5.164223
1.38892,1386,696.975769,672.6641,5,4.858842
1.38894,1387,696.975769,672.669,5,4.95154667
1.39016,1388,696.975769,672.6743,5,4.94064
1.39018,1389,696.975769,672.6788,5,5.109691
1.39204,1390,696.975769,672.6838,5,5.087878
1.39403,1391,696.975769,672.689,5,4.90246725
1.39410,1392,696.975769,672.694,5,5.006079
1.39520,1393,696.975769,672.6996,5,4.92973375
1.39697,1394,696.975769,672.704041,5,5.191489
1.39699,1395,696.975769,672.709,5,5.038799
1.39820,1396,696.975769,672.7138,5,4.96245337
1.39822,1397,696.975769,672.719238,5,4.92973375
1.40003,1398,696.975769,672.7247,5,4.94064
1.40194,1399,696.975769,672.733948,5,5.006079
1.40199,1400,696.975769,672.7385,5,5.016986
1.40311,1401,696.975769,672.744568,5,4.78794956
1.40501,1402,696.975769,672.749634,5,4.995173
1.40507,1403,696.975769,672.754333,5,5.13150358
1.40619,1404,696.975769,672.7589,5,5.109691
1.40621,1405,696.975769,672.764,5,5.087878
1.40803,1406,696.975769,672.7699,5,4.847935
1.40987,1407,696.975769,672.7745,5,5.05515862
1.40989,1408,696.975769,672.779358,5,5.016986
1.41108,1409,696.975769,672.783936,5,5.109691
1.41296,1410,696.975769,672.789368,5,4.96245337
1.41300,1411,696.975769,672.794861,5,4.891561
1.41419,1412,696.975769,672.799438,5,5.087878
1.41421,1413,696.975769,672.8043,5,5.02789259
1.41604,1414,696.975769,672.809,5,5.09878445
1.41790,1415,696.975769,672.8147,5,4.869748
1.41792,1416,696.975769,672.8196,5,4.96245337
1.41908,1417,696.975769,672.824463,5,4.995173
1.42093,1418,696.975769,672.829468,5,5.02789259
1.42096,1419,696.975769,672.834534,5,5.109691
1.42216,1420,696.975769,672.8401,5,4.96245337
1.42218,1421,696.975769,672.8446,5,5.13150358
1.42401,1422,696.975769,672.849548,5,5.016986
1.42588,1423,696.975769,672.8544,5,5.02789259
1.42591,1424,696.975769,672.8598,5,4.92973375
1.42708,1425,696.975769,672.865,5,4.94064
1.42904,1426,696.975769,672.8697,5,5.087878
1.42907,1427,696.975769,672.8747,5,5.006079
1.43018,1428,696.975769,672.879456,5,5.07697153
1.43020,1429,696.975769,672.8851,5,4.891561
1.43200,1430,696.975769,672.889832,5,5.02789259
1.43385,1431,696.975769,672.8947,5,5.016986
1.43387,1432,696.975769,672.8998,5,5.006079
1.43511,1433,696.975769,672.9048,5,5.07697153
1.43693,1434,696.975769,672.910645,5,5.066065
1.43696,1435,696.975769,672.9144,5,5.066065
1.43817,1436,696.975769,672.919861,5,4.90246725
1.43818,1437,696.975769,672.9248,5,5.016986
1.44002,1438,696.975769,672.929932,5,5.006079
1.44189,1439,696.975769,672.934753,5,4.97335958
1.44192,1440,696.975769,672.9393,5,5.05515862
1.44308,1441,696.975769,672.9451,5,4.847935
1.44495,1442,696.975769,672.9501,5,5.066065
1.44498,1443,696.975769,672.9553,5,5.09878445
1.44618,1444,696.975769,672.9598,5,4.95154667
1.44621,1445,696.975769,672.9653,5,4.837029
1.44802,1446,696.975769,672.9708,5,5.016986
1.44988,1447,696.975769,672.975769,5,5.006079
1.44991,1448,696.975769,672.9805,5,5.191489
1.45109,1449,696.975769,672.984863,5,4.90246725
1.45297,1450,696.975769,672.9905,5,4.90246725
1.45299,1451,696.975769,672.9955,5,4.94064
1.45416,1452,696.975769,673.0007,5,5.016986
1.45418,1453,696.975769,673.0057,5,5.14241028
1.45602,1454,696.975769,673.010437,5,4.891561
1.45792,1455,696.975769,673.0159,5,4.995173
1.45796,1456,696.975769,673.0207,5,4.913374
1.45908,1457,696.975769,673.0257,5,5.109691
1.46091,1458,696.975769,673.030762,5,5.109691
1.46092,1459,696.975769,673.0357,5,4.94064
1.46238,1460,696.975769,673.039856,5,4.94064
1.46246,1461,696.975769,673.045044,5,4.858842
1.46400,1462,696.975769,673.050964,5,5.09878445
1.46590,1463,696.975769,673.055054,5,4.995173
1.46593,1464,696.975769,673.0601,5,4.98426628
1.46711,1465,696.975769,673.064636,5,4.82612228
1.46897,1466,696.975769,673.0704,5,4.81521559
1.46900,1467,696.975769,673.0758,5,5.109691
1.47016,1468,696.975769,673.080261,5,5.016986
1.47018,1469,696.975769,673.085,5,5.07697153
1.47205,1470,696.975769,673.089539,5,4.82612228
1.47391,1471,696.975769,673.095459,5,4.891561
1.47394,1472,696.975769,673.100342,5,5.006079
1.47509,1473,696.975769,673.105042,5,4.995173
1.47695,1474,696.975769,673.1097,5,5.016986
1.47698,1475,696.975769,673.1146,5,4.78794956
1.47817,1476,696.975769,673.120361,5,4.995173
1.47819,1477,696.975769,673.125061,5,5.006079
1.48001,1478,696.975769,673.129944,5,5.07697153
1.48187,1479,696.975769,673.1346,5,4.97335958
1.48191,1480,696.975769,673.139954,5,4.869748
1.48310,1481,696.975769,673.1453,5,5.038799
1.48494,1482,696.975769,673.149963,5,4.95154667
1.48498,1483,696.975769,673.155151,5,5.13150358
1.48617,1484,696.975769,673.160034,5,5.006079
1.48618,1485,696.975769,673.1656,5,5.07697153
1.48802,1486,696.975769,673.1703,5,5.109691
1.48988,1487,696.975769,673.1752,5,5.006079
1.48991,1488,696.975769,673.1801,5,5.038799
1.49109,1489,696.975769,673.185242,5,4.88065434
1.49293,1490,696.975769,673.190735,5,5.087878
1.49296,1491,696.975769,673.1953,5,5.038799
1.49416,1492,696.975769,673.2004,5,5.066065
1.49418,1493,696.975769,673.205261,5,4.995173
1.49607,1494,696.975769,673.210632,5,4.95154667
1.49787,1495,696.975769,673.215759,5,5.087878
1.49790,1496,696.975769,673.2205,5,5.006079
1.49911,1497,696.975769,673.225647,5,5.12059736
1.50094,1498,696.975769,673.2305,5,4.98426628
1.50096,1499,696.975769,673.236,5,5.05515862
1.50217,1500,696.975769,673.2456,5,4.97335958
1.50218,1501,696.975769,673.2509,5,5.09878445
1.50402,1502,696.975769,673.256042,5,4.97335958
1.50586,1503,696.975769,673.261,5,5.109691
1.50588,1504,696.975769,673.2653,5,4.913374
1.50710,1505,696.975769,673.2711,5,5.016986
1.50891,1506,696.975769,673.2763,5,5.087878
1.50894,1507,696.975769,673.2814,5,5.07697153
1.51016,1508,696.975769,673.2856,5,5.066065
1.51018,1509,696.975769,673.290466,5,4.837029
1.51247,1510,696.975769,673.296448,5,5.016986
1.51391,1511,696.975769,673.3014,5,4.995173
1.51393,1512,696.975769,673.306335,5,5.191489
1.51509,1513,696.975769,673.3108,5,5.038799
1.51697,1514,696.975769,673.3159,5,4.858842
1.51700,1515,696.975769,673.321167,5,4.96245337
1.51816,1516,696.975769,673.3263,5,4.96245337
1.51819,1517,696.975769,673.331238,5,5.164223
1.52002,1518,696.975769,673.335754,5,4.96245337
1.52187,1519,696.975769,673.3412,5,4.97335958
1.52189,1520,696.975769,673.3461,5,4.96245337
1.52308,1521,696.975769,673.351563,5,5.02789259
1.52494,1522,696.975769,673.356445,5,5.180583
1.52496,1523,696.975769,673.361,5,4.96245337
1.52616,1524,696.975769,673.3661,5,4.97335958
1.52617,1525,696.975769,673.371,5,4.847935
1.52808,1526,696.975769,673.376831,5,5.066065
1.52988,1527,696.975769,673.381348,5,5.07697153
1.52993,1528,696.975769,673.386169,5,5.006079
1.53111,1529,696.975769,673.3908,5,4.96245337
1.53296,1530,696.975769,673.3961,5,4.82612228
1.53298,1531,696.975769,673.402039,5,5.14241028
1.53418,1532,696.975769,673.4065,5,5.09878445
1.53420,1533,696.975769,673.4114,5,5.153317
1.53604,1534,696.975769,673.4159,5,4.95154667
1.53792,1535,696.975769,673.4217,5,4.913374
1.53795,1536,696.975769,673.4269,5,5.087878
1.53908,1537,696.975769,673.4315,5,5.016986
1.54092,1538,696.975769,673.4362,5,5.087878
1.54094,1539,696.975769,673.4412,5,4.847935
1.54217,1540,696.975769,673.44696,5,4.995173
1.54218,1541,696.975769,673.452,5,5.038799
1.54402,1542,696.975769,673.457031,5,5.066065
1.54589,1543,696.975769,673.4615,5,5.016986
1.54594,1544,696.975769,673.466858,5,4.858842
1.54709,1545,696.975769,673.472168,5,5.038799
1.54896,1546,696.975769,673.4768,5,4.96245337
1.54901,1547,696.975769,673.482056,5,5.12059736
1.55016,1548,696.975769,673.4869,5,5.02789259
1.55018,1549,696.975769,673.4928,5,5.038799
1.55203,1550,696.975769,673.4976,5,5.12059736
1.55388,1551,696.975769,673.5021,5,4.995173
1.55391,1552,696.975769,673.507,5,5.05515862
1.55508,1553,696.975769,673.5123,5,4.869748
1.55691,1554,696.975769,673.517334,5,5.066065
1.55692,1555,696.975769,673.522,5,5.038799
1.55816,1556,696.975769,673.527,5,5.02789259
1.55818,1557,696.975769,673.531738,5,5.016986
1.56001,1558,696.975769,673.537048,5,4.90246725
1.56188,1559,696.975769,673.5423,5,5.087878
1.56191,1560,696.975769,673.547,5,4.98426628
1.56307,1561,696.975769,673.5522,5,5.087878
1.56495,1562,696.975769,673.5568,5,4.97335958
1.56497,1563,696.975769,673.5624,5,4.995173
1.56619,1564,696.975769,673.5669,5,5.006079
1.56623,1565,696.975769,673.5718,5,4.90246725
1.56802,1566,696.975769,673.577148,5,5.066065
1.56988,1567,696.975769,673.5821,5,4.94064
1.56991,1568,696.975769,673.5876,5,5.07697153
1.57107,1569,696.975769,673.5918,5,4.95154667
1.57296,1570,696.975769,673.5974,5,4.94064
1.57300,1571,696.975769,673.602539,5,5.087878
1.57418,1572,696.975769,673.6078,5,5.02789259
1.57420,1573,696.975769,673.6121,5,5.087878
1.57603,1574,696.975769,673.61676,5,4.837029
1.57794,1575,696.975769,673.622864,5,4.96245337
1.57799,1576,696.975769,673.6278,5,4.995173
1.57913,1577,696.975769,673.6328,5,5.13150358
1.58098,1578,696.975769,673.637,5,5.12059736
1.58102,1579,696.975769,673.6422,5,4.847935
1.58221,1580,696.975769,673.647644,5,4.96245337
1.58224,1581,696.975769,673.6527,5,4.94064
1.58404,1582,696.975769,673.657837,5,5.153317
1.58589,1583,696.975769,673.662231,5,5.016986
1.58592,1584,696.975769,673.667542,5,4.95154667
1.58707,1585,696.975769,673.672546,5,4.995173
1.58893,1586,696.975769,673.678,5,4.97335958
1.58895,1587,696.975769,673.683044,5,5.21330261
1.59016,1588,696.975769,673.687561,5,5.006079
1.59017,1589,696.975769,673.6925,5,4.97335958
1.59201,1590,696.975769,673.697449,5,4.869748
1.59388,1591,696.975769,673.7032,5,4.995173
1.59390,1592,696.975769,673.708,5,5.109691
1.59509,1593,696.975769,673.7126,5,5.006079
1.59693,1594,696.975769,673.717346,5,5.006079
1.59695,1595,696.975769,673.7225,5,4.78794956
1.59817,1596,696.975769,673.7284,5,5.087878
1.59819,1597,696.975769,673.733032,5,5.12059736
1.60004,1598,696.975769,673.742432,5,5.016986
1.60187,1599,696.975769,673.7481,5,4.858842
1.60190,1600,696.975769,673.75354,5,5.09878445
1.60308,1601,696.975769,673.7582,5,5.016986
1.60493,1602,696.975769,673.762939,5,5.13150358
1.60496,1603,696.975769,673.7677,5,4.913374
1.60618,1604,696.975769,673.7735,5,4.96245337
1.60620,1605,696.975769,673.778442,5,5.07697153
1.60805,1606,696.975769,673.7833,5,5.07697153
1.60989,1607,696.975769,673.787842,5,5.087878
1.60993,1608,696.975769,673.793,5,4.869748
1.61107,1609,696.975769,673.7986,5,5.02789259
1.61297,1610,696.975769,673.8032,5,4.97335958
1.61300,1611,696.975769,673.8085,5,5.109691
1.61417,1612,696.975769,673.8133,5,5.07697153
1.61419,1613,696.975769,673.8189,5,5.016986
1.61605,1614,696.975769,673.823853,5,5.153317
1.61791,1615,696.975769,673.8286,5,5.016986
1.61794,1616,696.975769,673.8336,5,5.066065
1.61908,1617,696.975769,673.8384,5,4.891561
1.62093,1618,696.975769,673.844,5,5.02789259
1.62096,1619,696.975769,673.848755,5,5.05515862
1.62218,1620,696.975769,673.8537,5,5.016986
1.62220,1621,696.975769,673.8585,5,5.05515862
1.62402,1622,696.975769,673.8638,5,4.90246725
1.62585,1623,696.975769,673.8692,5,5.087878
1.62588,1624,696.975769,673.8738,5,5.006079
1.62708,1625,696.975769,673.878967,5,5.09878445
1.62900,1626,696.975769,673.88385,5,5.02789259
1.62905,1627,696.975769,673.889343,5,4.995173
1.63017,1628,696.975769,673.8941,5,5.05515862
1.63019,1629,696.975769,673.8991,5,4.913374
1.63203,1630,696.975769,673.9045,5,5.07697153
1.63387,1631,696.975769,673.9092,5,4.97335958
1.63391,1632,696.975769,673.914246,5,5.066065
1.63508,1633,696.975769,673.9189,5,4.98426628
1.63694,1634,696.975769,673.924438,5,4.94064
1.63697,1635,696.975769,673.9298,5,5.087878
1.63817,1636,696.975769,673.9348,5,5.038799
1.63820,1637,696.975769,673.939148,5,5.09878445
1.64003,1638,696.975769,673.9438,5,4.858842
1.64186,1639,696.975769,673.949768,5,4.95154667
1.64189,1640,696.975769,673.954834,5,5.006079
1.64307,1641,696.975769,673.959839,5,5.09878445
1.64493,1642,696.975769,673.96405,5,5.14241028
1.64496,1643,696.975769,673.969238,5,4.847935
1.64617,1644,696.975769,673.974731,5,4.96245337
1.64619,1645,696.975769,673.9799,5,4.94064
1.64806,1646,696.975769,673.9851,5,5.12059736
1.64985,1647,696.975769,673.9895,5,5.038799
1.64987,1648,696.975769,673.9949,5,4.92973375
1.65113,1649,696.975769,673.9999,5,4.98426628
1.65295,1650,696.975769,674.0052,5,4.94064
1.65298,1651,696.975769,674.010254,5,5.191489
1.65416,1652,696.975769,674.0147,5,5.006079
1.65417,1653,696.975769,674.019836,5,4.96245337
1.65603,1654,696.975769,674.024658,5,4.891561
1.65785,1655,696.975769,674.0301,5,4.95154667
1.65787,1656,696.975769,674.034851,5,5.12059736
1.65908,1657,696.975769,674.0395,5,4.98426628
1.66090,1658,696.975769,674.04425,5,5.016986
1.66092,1659,696.975769,674.049255,5,4.798856
1.66236,1660,696.975769,674.0553,5,5.05515862
1.66242,1661,696.975769,674.060059,5,5.153317
1.66400,1662,696.975769,674.064941,5,5.14241028
1.66587,1663,696.975769,674.0696,5,5.087878
1.66590,1664,696.975769,674.075134,5,4.90246725
1.66708,1665,696.975769,674.0806,5,5.13150358
1.66893,1666,696.975769,674.0852,5,5.066065
1.66895,1667,696.975769,674.090149,5,5.153317
1.67018,1668,696.975769,674.0948,5,4.96245337
1.67020,1669,696.975769,674.100647,5,4.96245337
1.67203,1670,696.975769,674.105652,5,5.109691
1.67385,1671,696.975769,674.1104,5,5.066065
1.67386,1672,696.975769,674.1152,5,5.109691
1.67510,1673,696.975769,674.120361,5,4.891561
1.67690,1674,696.975769,674.125854,5,5.02789259
1.67692,1675,696.975769,674.130432,5,4.98426628
1.67816,1676,696.975769,674.1357,5,5.087878
1.67817,1677,696.975769,674.1405,5,5.07697153
1.68001,1678,696.975769,674.146057,5,4.995173
1.68186,1679,696.975769,674.151,5,5.14241028
1.68188,1680,696.975769,674.15564,5,4.995173
1.68308,1681,696.975769,674.160767,5,5.05515862
1.68495,1682,696.975769,674.1656,5,4.891561
1.68499,1683,696.975769,674.171143,5,4.995173
1.68620,1684,696.975769,674.1758,5,5.05515862
1.68623,1685,696.975769,674.180847,5,4.995173
1.68804,1686,696.975769,674.1855,5,5.038799
1.68985,1687,696.975769,674.1908,5,4.88065434
1.68988,1688,696.975769,674.1962,5,5.066065
1.69109,1689,696.975769,674.2007,5,4.98426628
1.69290,1690,696.975769,674.206,5,5.05515862
1.69292,1691,696.975769,674.210754,5,5.02789259
1.69416,1692,696.975769,674.2162,5,4.95154667
1.69417,1693,696.975769,674.2208,5,5.05515862
1.69602,1694,696.975769,674.225647,5,4.88065434
1.69786,1695,696.975769,674.236,5,4.96245337
1.69787,1696,696.975769,674.241455,5,5.02789259
1.69909,1697,696.975769,674.245667,5,4.995173
1.70091,1698,696.975769,674.2511,5,4.88065434
1.70093,1699,696.975769,674.2566,5,5.07697153
1.70216,1700,696.975769,674.2616,5,5.016986
1.70218,1701,696.975769,674.266052,5,5.09878445
1.70400,1702,696.975769,674.2705,5,4.891561
1.70586,1703,696.975769,674.2764,5,4.891561
1.70587,1704,696.975769,674.281555,5,5.006079
1.70708,1705,696.975769,674.2865,5,5.05515862
1.70890,1706,696.975769,674.290955,5,5.164223
1.70891,1707,696.975769,674.2958,5,4.869748
1.71016,1708,696.975769,674.301331,5,4.92973375
1.71017,1709,696.975769,674.306335,5,4.94064
1.71227,1710,696.975769,674.3115,5,5.07697153
1.71387,1711,696.975769,674.3162,5,5.087878
1.71389,1712,696.975769,674.3211,5,4.891561
1.71511,1713,696.975769,674.326233,5,4.98426628
1.71694,1714,696.975769,674.3314,5,4.913374
1.71696,1715,696.975769,674.3366,5,5.164223
1.71817,1716,696.975769,674.3411,5,5.038799
1.71818,1717,696.975769,674.346069,5,4.96245337
1.71998,1718,696.975769,674.3509,5,4.913374
1.72185,1719,696.975769,674.3566,5,4.891561
1.72187,1720,696.975769,674.361633,5,5.13150358
1.72308,1721,696.975769,674.366,5,4.995173
1.72490,1722,696.975769,674.3709,5,5.02789259
1.72491,1723,696.975769,674.375732,5,4.81521559
1.72617,1724,696.975769,674.381836,5,4.96245337
1.72618,1725,696.975769,674.386658,5,5.153317
1.72799,1726,696.975769,674.391357,5,5.087878
1.72988,1727,696.975769,674.395935,5,5.087878
1.72990,1728,696.975769,674.401245,5,4.837029
1.73110,1729,696.975769,674.407,5,5.02789259
1.73291,1730,696.975769,674.411438,5,5.006079
1.73295,1731,696.975769,674.4163,5,5.07697153
1.73416,1732,696.975769,674.420837,5,4.98426628
1.73418,1733,696.975769,674.4266,5,4.847935
1.73599,1734,696.975769,674.431763,5,5.066065
1.73786,1735,696.975769,674.4364,5,5.006079
1.73787,1736,696.975769,674.441162,5,5.087878
1.73908,1737,696.975769,674.446045,5,4.891561
1.74091,1738,696.975769,674.45166,5,4.94064
1.74093,1739,696.975769,674.4563,5,5.006079
1.74218,1740,696.975769,674.4614,5,5.006079
1.74219,1741,696.975769,674.4664,5,5.12059736
1.74399,1742,696.975769,674.472,5,4.95154667
1.74587,1743,696.975769,674.477234,5,5.12059736
1.74588,1744,696.975769,674.4818,5,5.02789259
1.74711,1745,696.975769,674.4869,5,5.006079
1.74891,1746,696.975769,674.491638,5,4.96245337
1.74893,1747,696.975769,674.497253,5,4.90246725
1.75017,1748,696.975769,674.5023,5,5.09878445
1.75019,1749,696.975769,674.5073,5,5.006079
1.75201,1750,696.975769,674.5121,5,5.07697153
1.75388,1751,696.975769,674.5167,5,4.90246725
1.75389,1752,696.975769,674.522,5,5.006079
1.75508,1753,696.975769,674.5266,5,5.02789259
1.75691,1754,696.975769,674.531738,5,4.995173
1.75692,1755,696.975769,674.5367,5,5.09878445
1.75821,1756,696.975769,674.541931,5,4.94064
1.75824,1757,696.975769,674.547,5,5.07697153
1.75999,1758,696.975769,674.551453,5,4.95154667
1.76186,1759,696.975769,674.5573,5,5.02789259
1.76187,1760,696.975769,674.562256,5,5.066065
1.76314,1761,696.975769,674.5682,5,4.995173
1.76493,1762,696.975769,674.571655,5,5.09878445
1.76494,1763,696.975769,674.577148,5,4.891561
1.76618,1764,696.975769,674.582764,5,5.087878
1.76620,1765,696.975769,674.5878,5,5.066065
1.76800,1766,696.975769,674.5924,5,5.12059736
1.76985,1767,696.975769,674.596741,5,4.995173
1.76986,1768,696.975769,674.6026,5,4.869748
1.77107,1769,696.975769,674.608,5,5.038799
1.77292,1770,696.975769,674.612854,5,5.016986
1.77294,1771,696.975769,674.6174,5,5.202396
1.77419,1772,696.975769,674.622,5,4.92973375
1.77421,1773,696.975769,674.627747,5,4.891561
1.77603,1774,696.975769,674.632568,5,4.92973375
1.77786,1775,696.975769,674.6378,5,5.016986
1.77788,1776,696.975769,674.6423,5,5.14241028
1.77912,1777,696.975769,674.6473,5,4.891561
1.78094,1778,696.975769,674.652466,5,4.98426628
1.78097,1779,696.975769,674.6575,5,4.90246725
1.78219,1780,696.975769,674.662964,5,5.09878445
1.78222,1781,696.975769,674.6677,5,5.109691
1.78399,1782,696.975769,674.6723,5,4.92973375
1.78586,1783,696.975769,674.6771,5,4.94064
1.78587,1784,696.975769,674.6827,5,4.837029
1.78708,1785,696.975769,674.688,5,5.09878445
1.78889,1786,696.975769,674.6923,5,5.006079
1.78891,1787,696.975769,674.697266,5,5.006079
1.79017,1788,696.975769,674.701843,5,4.869748
1.79022,1789,696.975769,674.7079,5,4.847935
1.79200,1790,696.975769,674.7129,5,5.153317
1.79389,1791,696.975769,674.717651,5,5.07697153
1.79392,1792,696.975769,674.722168,5,5.12059736
1.79509,1793,696.975769,674.7272,5,4.869748
1.79697,1794,696.975769,674.733032,5,4.96245337
1.79699,1795,696.975769,674.7377,5,5.05515862
1.79818,1796,696.975769,674.742554,5,5.02789259
1.79820,1797,696.975769,674.7525,5,4.81521559
1.80000,1798,696.975769,674.757935,5,5.02789259
1.80191,1799,696.975769,674.7626,5,5.006079
1.80193,1800,696.975769,674.7675,5,5.087878
1.80308,1801,696.975769,674.772156,5,4.97335958
1.80492,1802,696.975769,674.7778,5,4.88065434
1.80494,1803,696.975769,674.782654,5,5.038799
1.80617,1804,696.975769,674.787537,5,4.96245337
1.80619,1805,696.975769,674.792664,5,5.13150358
1.80801,1806,696.975769,674.7976,5,4.98426628
1.80987,1807,696.975769,674.803162,5,5.07697153
1.80989,1808,696.975769,674.8077,5,5.07697153
1.81108,1809,696.975769,674.8127,5,4.98426628
1.81299,1810,696.975769,674.8174,5,5.016986
1.81303,1811,696.975769,674.8228,5,4.858842
1.81420,1812,696.975769,674.828064,5,5.066065
1.81422,1813,696.975769,674.8327,5,5.016986
1.81604,1814,696.975769,674.8378,5,5.038799
1.81786,1815,696.975769,674.842468,5,4.96245337
1.81788,1816,696.975769,674.848145,5,4.94064
1.81908,1817,696.975769,674.852844,5,5.07697153
1.82091,1818,696.975769,674.8578,5,4.98426628
1.82092,1819,696.975769,674.8632,5,5.109691
1.82216,1820,696.975769,674.8682,5,4.95154667
1.82217,1821,696.975769,674.8735,5,5.02789259
1.82399,1822,696.975769,674.877869,5,4.97335958
1.82588,1823,696.975769,674.883362,5,4.95154667
1.82590,1824,696.975769,674.8883,5,5.07697153
1.82708,1825,696.975769,674.8931,5,4.94064
1.82901,1826,696.975769,674.8981,5,5.09878445
1.82905,1827,696.975769,674.902832,5,4.90246725
1.83019,1828,696.975769,674.908569,5,4.995173
1.83022,1829,696.975769,674.913635,5,5.07697153
1.83202,1830,696.975769,674.9185,5,5.066065
1.83387,1831,696.975769,674.922668,5,5.05515862
1.83390,1832,696.975769,674.9281,5,4.82612228
1.83507,1833,696.975769,674.9337,5,4.995173
1.83693,1834,696.975769,674.93866,5,4.98426628
1.83696,1835,696.975769,674.9434,5,5.164223
1.83817,1836,696.975769,674.947754,5,5.038799
1.83821,1837,696.975769,674.953369,5,4.837029
1.84001,1838,696.975769,674.9585,5,4.96245337
1.84189,1839,696.975769,674.963562,5,4.94064
1.84193,1840,696.975769,674.9683,5,5.164223
1.84307,1841,696.975769,674.972961,5,4.96245337
1.84496,1842,696.975769,674.9784,5,4.94064
1.84498,1843,696.975769,674.9832,5,4.95154667
1.84618,1844,696.975769,674.989136,5,4.98426628
1.84621,1845,696.975769,674.993469,5,5.180583
1.84801,1846,696.975769,674.9982,5,4.95154667
1.84989,1847,696.975769,675.003357,5,4.97335958
1.84993,1848,696.975769,675.0086,5,4.837029
1.85108,1849,696.975769,675.0142,5,5.02789259
1.85292,1850,696.975769,675.01886,5,5.087878
1.85294,1851,696.975769,675.0235,5,4.98426628
1.85419,1852,696.975769,675.0284,5,4.97335958
1.85421,1853,696.975769,675.0342,5,4.777043
1.85599,1854,696.975769,675.0394,5,5.109691
1.85790,1855,696.975769,675.0435,5,5.087878
1.85794,1856,696.975769,675.0482,5,5.13150358
1.85907,1857,696.975769,675.053,5,4.97335958
1.86093,1858,696.975769,675.059,5,4.891561
1.86095,1859,696.975769,675.0639,5,5.13150358
1.86242,1860,696.975769,675.068848,5,5.07697153
1.86248,1861,696.975769,675.0735,5,5.191489
1.86404,1862,696.975769,675.079,5,4.995173
1.86586,1863,696.975769,675.0848,5,5.109691
1.86588,1864,696.975769,675.0895,5,5.164223
1.86708,1865,696.975769,675.0944,5,5.191489
1.86895,1866,696.975769,675.0992,5,5.14241028
1.86897,1867,696.975769,675.1049,5,4.995173
1.87017,1868,696.975769,675.1099,5,5.13150358
1.87019,1869,696.975769,675.114868,5,5.05515862
1.87203,1870,696.975769,675.12,5,5.202396
1.87390,1871,696.975769,675.125061,5,5.066065
1.87392,1872,696.975769,675.1307,5,5.12059736
1.87508,1873,696.975769,675.135132,5,5.13150358
1.87694,1874,696.975769,675.140259,5,5.016986
1.87696,1875,696.975769,675.144958,5,5.05515862
1.87816,1876,696.975769,675.1505,5,4.88065434
1.87818,1877,696.975769,675.1556,5,5.087878
1.88003,1878,696.975769,675.1602,5,5.016986
1.88189,1879,696.975769,675.1653,5,5.038799
1.88192,1880,696.975769,675.17,5,4.96245337
1.88309,1881,696.975769,675.175659,5,4.92973375
1.88495,1882,696.975769,675.180359,5,5.066065
1.88497,1883,696.975769,675.185669,5,4.96245337
1.88618,1884,696.975769,675.190247,5,5.087878
1.88620,1885,696.975769,675.1956,5,4.92973375
1.88801,1886,696.975769,675.2008,5,4.995173
1.88988,1887,696.975769,675.205139,5,4.95154667
1.88991,1888,696.975769,675.2106,5,4.90246725
1.89108,1889,696.975769,675.2155,5,5.02789259
1.89293,1890,696.975769,675.220642,5,4.891561
1.89295,1891,696.975769,675.2253,5,5.05515862
1.89417,1892,696.975769,675.2299,5,4.88065434
1.89419,1893,696.975769,675.235657,5,4.92973375
1.89606,1894,696.975769,675.2406,5,5.038799
1.89790,1895,696.975769,675.245544,5,5.006079
1.89793,1896,696.975769,675.249634,5,5.038799
1.89909,1897,696.975769,675.254944,5,4.78794956
1.90096,1898,696.975769,675.265564,5,4.95154667
1.90099,1899,696.975769,675.265564,5,4.95154667
1.90222,1900,696.975769,675.274536,5,5.066065
1.90224,1901,696.975769,675.2801,5,4.798856
1.90404,1902,696.975769,675.285156,5,4.92973375
1.90588,1903,696.975769,675.2903,5,4.90246725
1.90591,1904,696.975769,675.2951,5,5.13150358
1.90708,1905,696.975769,675.299744,5,4.995173
1.90893,1906,696.975769,675.3052,5,4.92973375
1.90895,1907,696.975769,675.310059,5,4.97335958
1.91016,1908,696.975769,675.315552,5,4.96245337
1.91018,1909,696.975769,675.320251,5,5.191489
1.91236,1910,696.975769,675.324951,5,4.98426628
1.91389,1911,696.975769,675.3299,5,4.96245337
1.91391,1912,696.975769,675.335,5,4.858842
1.91509,1913,696.975769,675.3407,5,4.97335958
1.91694,1914,696.975769,675.3451,5,5.09878445
1.91697,1915,696.975769,675.35,5,4.995173
1.91818,1916,696.975769,675.354553,5,4.98426628
1.91819,1917,696.975769,675.3601,5,4.76613665
1.92002,1918,696.975769,675.365662,5,5.05515862
1.92190,1919,696.975769,675.370361,5,5.09878445
1.92192,1920,696.975769,675.3751,5,5.109691
1.92308,1921,696.975769,675.3796,5,5.016986
1.92494,1922,696.975769,675.3855,5,4.837029
1.92496,1923,696.975769,675.390442,5,5.066065
1.92616,1924,696.975769,675.395264,5,4.98426628
1.92618,1925,696.975769,675.3999,5,5.09878445
1.92801,1926,696.975769,675.404846,5,4.891561
1.92987,1927,696.975769,675.4106,5,4.90246725
1.92989,1928,696.975769,675.4153,5,5.066065
1.93109,1929,696.975769,675.420166,5,5.02789259
1.93296,1930,696.975769,675.4248,5,5.066065
1.93298,1931,696.975769,675.430054,5,4.847935
1.93420,1932,696.975769,675.4355,5,4.98426628
1.93422,1933,696.975769,675.440063,5,4.96245337
1.93602,1934,696.975769,675.445251,5,5.05515862
1.93788,1935,696.975769,675.45,5,5.07697153
1.93790,1936,696.975769,675.45575,5,4.96245337
1.93908,1937,696.975769,675.4604,5,5.13150358
1.94095,1938,696.975769,675.4653,5,4.98426628
1.94097,1939,696.975769,675.470154,5,5.02789259
1.94217,1940,696.975769,675.475464,5,4.891561
1.94219,1941,696.975769,675.4811,5,4.96245337
1.94404,1942,696.975769,675.4856,5,5.066065
1.94593,1943,696.975769,675.4906,5,4.98426628
1.94598,1944,696.975769,675.495239,5,5.05515862
1.94709,1945,696.975769,675.5008,5,4.869748
1.94898,1946,696.975769,675.505859,5,5.02789259
1.94901,1947,696.975769,675.5106,5,4.995173
1.95017,1948,696.975769,675.5157,5,5.02789259
1.95019,1949,696.975769,675.5209,5,5.066065
1.95202,1950,696.975769,675.5263,5,4.94064
1.95390,1951,696.975769,675.530762,5,5.066065
1.95393,1952,696.975769,675.53595,5,4.90246725
1.95507,1953,696.975769,675.541138,5,5.038799
1.95694,1954,696.975769,675.5462,5,4.995173
1.95696,1955,696.975769,675.5509,5,5.006079
1.95816,1956,696.975769,675.5552,5,5.02789259
1.95818,1957,696.975769,675.5609,5,4.88065434
1.96002,1958,696.975769,675.566162,5,5.07697153
1.96189,1959,696.975769,675.5718,5,5.038799
1.96191,1960,696.975769,675.575439,5,5.12059736
1.96309,1961,696.975769,675.580261,5,4.92973375
1.96492,1962,696.975769,675.5862,5,4.891561
1.96495,1963,696.975769,675.5911,5,5.02789259
1.96618,1964,696.975769,675.596252,5,5.038799
1.96620,1965,696.975769,675.600342,5,5.180583
1.96802,1966,696.975769,675.605652,5,4.869748
1.96990,1967,696.975769,675.6111,5,4.913374
1.96993,1968,696.975769,675.616,5,4.94064
1.97110,1969,696.975769,675.621155,5,5.07697153
1.97294,1970,696.975769,675.6255,5,5.109691
1.97297,1971,696.975769,675.630859,5,4.891561
1.97416,1972,696.975769,675.635864,5,4.995173
1.97418,1973,696.975769,675.6412,5,4.90246725
1.97603,1974,696.975769,675.64624,5,5.153317
1.97788,1975,696.975769,675.6508,5,5.066065
1.97790,1976,696.975769,675.6558,5,4.94064
1.97914,1977,696.975769,675.660645,5,4.94064
1.98096,1978,696.975769,675.6665,5,4.90246725
1.98099,1979,696.975769,675.6714,5,5.13150358
1.98220,1980,696.975769,675.6758,5,5.006079
1.98223,1981,696.975769,675.6805,5,5.016986
1.98407,1982,696.975769,675.685669,5,4.82612228
1.98591,1983,696.975769,675.6916,5,4.94064
1.98594,1984,696.975769,675.6962,5,5.153317
1.98708,1985,696.975769,675.70105,5,5.087878
1.98895,1986,696.975769,675.705566,5,5.109691
1.98898,1987,696.975769,675.7112,5,4.837029
1.99016,1988,696.975769,675.7166,5,5.016986
1.99017,1989,696.975769,675.7211,5,5.016986
1.99202,1990,696.975769,675.725952,5,5.066065
1.99388,1991,696.975769,675.7306,5,4.995173
1.99391,1992,696.975769,675.7365,5,4.837029
1.99510,1993,696.975769,675.7413,5,5.066065
1.99693,1994,696.975769,675.746155,5,5.006079
1.99696,1995,696.975769,675.7558,5,4.90246725
1.99817,1996,696.975769,675.7614,5,4.913374
1.99819,1997,696.975769,675.766052,5,4.995173
2.00003,1998,696.975769,675.766052,5,4.995173
2.00191,1999,696.975769,675.776062,5,5.12059736
2.00194,2000,696.975769,675.781433,5,4.95154667
2.00310,2001,696.975769,675.7865,5,5.109691
2.00494,2002,696.975769,675.791138,5,5.05515862
2.00497,2003,696.975769,675.796265,5,4.995173
2.00617,2004,696.975769,675.800964,5,4.97335958
2.00618,2005,696.975769,675.806641,5,4.891561
2.00803,2006,696.975769,675.8114,5,5.109691
2.00988,2007,696.975769,675.8164,5,5.016986
2.00991,2008,696.975769,675.8214,5,5.07697153
2.01109,2009,696.975769,675.8263,5,4.92973375
2.01298,2010,696.975769,675.8317,5,4.97335958
2.01301,2011,696.975769,675.8363,5,5.038799
2.01417,2012,696.975769,675.8418,5,4.995173
2.01420,2013,696.975769,675.8467,5,5.09878445
2.01601,2014,696.975769,675.852,5,4.92973375
2.01792,2015,696.975769,675.8568,5,5.066065
2.01795,2016,696.975769,675.86145,5,4.94064
2.01910,2017,696.975769,675.8669,5,4.97335958
2.02094,2018,696.975769,675.8718,5,5.038799
2.02096,2019,696.975769,675.877136,5,4.95154667
2.02216,2020,696.975769,675.881348,5,5.07697153
2.02217,2021,696.975769,675.886658,5,4.869748
2.02401,2022,696.975769,675.8922,5,5.038799
2.02589,2023,696.975769,675.8973,5,5.038799
2.02592,2024,696.975769,675.9017,5,5.087878
2.02710,2025,696.975769,675.9061,5,5.006079
2.02912,2026,696.975769,675.9121,5,4.82612228
2.02917,2027,696.975769,675.9172,5,5.016986
2.03018,2028,696.975769,675.922241,5,4.995173
2.03019,2029,696.975769,675.926636,5,5.191489
2.03205,2030,696.975769,675.9314,5,4.97335958
2.03390,2031,696.975769,675.937,5,4.869748
2.03392,2032,696.975769,675.941956,5,4.94064
2.03509,2033,696.975769,675.947266,5,4.98426628
2.03697,2034,696.975769,675.951538,5,5.153317
2.03699,2035,696.975769,675.956665,5,4.913374
2.03817,2036,696.975769,675.961853,5,4.97335958
2.03819,2037,696.975769,675.966858,5,4.913374
2.04005,2038,696.975769,675.9723,5,5.05515862
2.04188,2039,696.975769,675.9767,5,5.14241028
2.04190,2040,696.975769,675.9817,5,4.92973375
2.04309,2041,696.975769,675.98645,5,4.95154667
2.04493,2042,696.975769,675.992432,5,4.82612228
2.04496,2043,696.975769,675.9975,5,5.066065
2.04617,2044,696.975769,676.002,5,5.02789259
2.04619,2045,696.975769,676.006836,5,4.995173
2.04802,2046,696.975769,676.0116,5,4.90246725
2.04990,2047,696.975769,676.0177,5,4.81521559
2.04992,2048,696.975769,676.0225,5,5.14241028
2.05109,2049,696.975769,676.0273,5,5.066065
2.05294,2050,696.975769,676.032,5,5.13150358
2.05296,2051,696.975769,676.037354,5,4.90246725
2.05417,2052,696.975769,676.0427,5,4.90246725
2.05418,2053,696.975769,676.046936,5,5.066065
2.05602,2054,696.975769,676.0519,5,5.016986
2.05790,2055,696.975769,676.0564,5,5.07697153
2.05793,2056,696.975769,676.0619,5,4.82612228
2.05909,2057,696.975769,676.0673,5,4.995173
2.06094,2058,696.975769,676.07196,5,5.02789259
2.06096,2059,696.975769,676.076843,5,5.07697153
2.06229,2060,696.975769,676.0815,5,5.016986
2.06232,2061,696.975769,676.087341,5,4.891561
2.06401,2062,696.975769,676.092,5,5.066065
2.06590,2063,696.975769,676.0971,5,4.98426628
2.06592,2064,696.975769,676.102051,5,5.153317
2.06708,2065,696.975769,676.1073,5,5.02789259
2.06895,2066,696.975769,676.1128,5,5.07697153
2.06898,2067,696.975769,676.1172,5,5.12059736
2.07017,2068,696.975769,676.1223,5,5.006079
2.07018,2069,696.975769,676.127136,5,5.038799
2.07202,2070,696.975769,676.1327,5,4.869748
2.07390,2071,696.975769,676.1377,5,5.087878
2.07394,2072,696.975769,676.142456,5,5.02789259
2.07509,2073,696.975769,676.147766,5,5.038799
2.07696,2074,696.975769,676.1526,5,4.98426628
2.07701,2075,696.975769,676.1582,5,4.92973375
2.07818,2076,696.975769,676.1625,5,5.087878
2.07820,2077,696.975769,676.167542,5,4.98426628
2.08000,2078,696.975769,676.172852,5,5.109691
2.08192,2079,696.975769,676.17804,5,4.96245337
2.08197,2080,696.975769,676.183044,5,5.02789259
2.08312,2081,696.975769,676.1875,5,4.995173
2.08495,2082,696.975769,676.1931,5,4.94064
2.08497,2083,696.975769,676.198059,5,5.07697153
2.08619,2084,696.975769,676.2032,5,4.92973375
2.08621,2085,696.975769,676.207642,5,5.087878
2.08801,2086,696.975769,676.2126,5,4.913374
2.08997,2087,696.975769,676.2183,5,4.96245337
2.09001,2088,696.975769,676.223633,5,5.066065
2.09108,2089,696.975769,676.2281,5,5.038799
2.09295,2090,696.975769,676.232239,5,5.066065
2.09298,2091,696.975769,676.2379,5,4.81521559
2.09416,2092,696.975769,676.243347,5,4.97335958
2.09418,2093,696.975769,676.2482,5,4.97335958
2.09602,2094,696.975769,676.252869,5,5.13150358
2.09789,2095,696.975769,676.2573,5,5.066065
2.09793,2096,696.975769,676.2631,5,4.82612228
2.09910,2097,696.975769,676.2732,5,4.913374
2.10094,2098,696.975769,676.2778,5,5.153317
2.10097,2099,696.975769,676.2826,5,4.98426628
2.10217,2100,696.975769,676.287842,5,4.913374
2.10219,2101,696.975769,676.2928,5,4.96245337
2.10406,2102,696.975769,676.2984,5,4.95154667
2.10592,2103,696.975769,676.302856,5,5.164223
2.10595,2104,696.975769,676.3076,5,4.95154667
2.10708,2105,696.975769,676.3125,5,4.96245337
2.10893,2106,696.975769,676.3179,5,4.847935
2.10896,2107,696.975769,676.3233,5,4.98426628
2.11017,2108,696.975769,676.327759,5,5.09878445
2.11019,2109,696.975769,676.3326,5,4.97335958
2.11240,2110,696.975769,676.3372,5,4.98426628
2.11389,2111,696.975769,676.34314,5,4.76613665
2.11391,2112,696.975769,676.3484,5,5.07697153
2.11513,2113,696.975769,676.353,5,5.109691
2.11696,2114,696.975769,676.357666,5,5.109691
2.11699,2115,696.975769,676.3625,5,5.006079
2.11817,2116,696.975769,676.368469,5,4.847935
2.11819,2117,696.975769,676.373657,5,5.087878
2.12001,2118,696.975769,676.378,5,5.006079
2.12190,2119,696.975769,676.3825,5,5.09878445
2.12192,2120,696.975769,676.3878,5,4.88065434
2.12310,2121,696.975769,676.393433,5,4.913374
2.12494,2122,696.975769,676.3981,5,5.05515862
2.12497,2123,696.975769,676.4029,5,5.02789259
2.12616,2124,696.975769,676.407532,5,5.066065
2.12617,2125,696.975769,676.4131,5,4.837029
2.12801,2126,696.975769,676.418,5,4.995173
2.12988,2127,696.975769,676.423157,5,4.96245337
2.12991,2128,696.975769,676.4281,5,5.066065
2.13109,2129,696.975769,676.4329,5,5.07697153
2.13295,2130,696.975769,676.4385,5,4.98426628
2.13298,2131,696.975769,676.4431,5,5.13150358
2.13417,2132,696.975769,676.4481,5,4.995173
2.13418,2133,696.975769,676.4529,5,5.038799
2.13601,2134,696.975769,676.4582,5,4.88065434
2.13790,2135,696.975769,676.4635,5,4.98426628
2.13794,2136,696.975769,676.468,5,5.066065
2.13908,2137,696.975769,676.47345,5,4.995173
2.14094,2138,696.975769,676.4781,5,5.05515862
2.14096,2139,696.975769,676.4837,5,4.869748
2.14216,2140,696.975769,676.4883,5,5.038799
2.14218,2141,696.975769,676.493469,5,4.98426628
2.14404,2142,696.975769,676.498535,5,5.038799
2.14587,2143,696.975769,676.5034,5,5.038799
2.14589,2144,696.975769,676.509155,5,4.95154667
2.14709,2145,696.975769,676.5134,5,5.066065
2.14893,2146,696.975769,676.51886,5,4.891561
2.14895,2147,696.975769,676.524,5,5.05515862
2.15019,2148,696.975769,676.5291,5,4.97335958
2.15020,2149,696.975769,676.533752,5,5.006079
2.15207,2150,696.975769,676.5384,5,5.016986
2.15387,2151,696.975769,676.5442,5,4.88065434
2.15389,2152,696.975769,676.5492,5,5.07697153
2.15508,2153,696.975769,676.5542,5,5.016986
2.15693,2154,696.975769,676.5583,5,5.109691
2.15696,2155,696.975769,676.5632,5,4.891561
2.15816,2156,696.975769,676.569031,5,4.891561
2.15818,2157,696.975769,676.5739,5,5.016986
2.16000,2158,696.975769,676.5788,5,5.05515862
2.16187,2159,696.975769,676.583,5,5.180583
2.16191,2160,696.975769,676.5885,5,4.858842
2.16312,2161,696.975769,676.5936,5,4.913374
2.16492,2162,696.975769,676.598755,5,4.913374
2.16495,2163,696.975769,676.6037,5,5.05515862
2.16621,2164,696.975769,676.6081,5,5.087878
2.16623,2165,696.975769,676.6135,5,4.869748
2.16805,2166,696.975769,676.6184,5,4.97335958
2.16986,2167,696.975769,676.6238,5,4.891561
2.16989,2168,696.975769,676.628662,5,5.13150358
2.17107,2169,696.975769,676.63324,5,5.038799
2.17294,2170,696.975769,676.6382,5,4.913374
2.17296,2171,696.975769,676.6432,5,4.90246725
2.17416,2172,696.975769,676.6489,5,4.858842
2.17417,2173,696.975769,676.6534,5,5.12059736
2.17606,2174,696.975769,676.6582,5,4.98426628
2.17788,2175,696.975769,676.6628,5,5.016986
2.17792,2176,696.975769,676.6683,5,4.81521559
2.17909,2177,696.975769,676.674,5,4.90246725
2.18096,2178,696.975769,676.678467,5,5.153317
2.18099,2179,696.975769,676.68335,5,5.07697153
2.18219,2180,696.975769,676.687866,5,5.109691
2.18222,2181,696.975769,676.6936,5,4.82612228
2.18403,2182,696.975769,676.6988,5,4.995173
2.18587,2183,696.975769,676.703369,5,5.016986
2.18588,2184,696.975769,676.7082,5,5.066065
2.18713,2185,696.975769,676.712952,5,4.995173
2.18894,2186,696.975769,676.7189,5,4.82612228
2.18897,2187,696.975769,676.7235,5,5.05515862
2.19018,2188,696.975769,676.728455,5,4.995173
2.19020,2189,696.975769,676.7329,5,5.09878445
2.19200,2190,696.975769,676.7382,5,4.90246725
2.19388,2191,696.975769,676.743652,5,4.891561
2.19390,2192,696.975769,676.7483,5,5.016986
2.19510,2193,696.975769,676.753357,5,4.96245337
2.19691,2194,696.975769,676.7638,5,4.94064
2.19695,2195,696.975769,676.768738,5,5.087878
2.19819,2196,696.975769,676.7737,5,5.038799
2.19820,2197,696.975769,676.7785,5,4.98426628
2.20004,2198,696.975769,676.783264,5,4.98426628
2.20186,2199,696.975769,676.7893,5,4.891561
2.20187,2200,696.975769,676.7939,5,5.109691
2.20307,2201,696.975769,676.79895,5,5.016986
2.20490,2202,696.975769,676.8034,5,5.07697153
2.20491,2203,696.975769,676.808655,5,4.95154667
2.20617,2204,696.975769,676.8143,5,4.97335958
2.20618,2205,696.975769,676.8189,5,5.066065
2.20802,2206,696.975769,676.824158,5,5.006079
2.20987,2207,696.975769,676.8289,5,5.109691
2.20990,2208,696.975769,676.8344,5,4.94064
2.21110,2209,696.975769,676.839,5,5.066065
2.21296,2210,696.975769,676.8438,5,4.95154667
2.21299,2211,696.975769,676.849243,5,4.97335958
2.21422,2212,696.975769,676.854248,5,5.05515862
2.21425,2213,696.975769,676.8593,5,4.95154667
2.21605,2214,696.975769,676.863647,5,5.087878
2.21786,2215,696.975769,676.8692,5,4.869748
2.21788,2216,696.975769,676.8748,5,5.02789259
2.21908,2217,696.975769,676.8796,5,5.05515862
2.22090,2218,696.975769,676.8839,5,5.07697153
2.22092,2219,696.975769,676.8885,5,5.016986
2.22216,2220,696.975769,676.8945,5,4.81521559
2.22218,2221,696.975769,676.8995,5,5.006079
2.22398,2222,696.975769,676.904541,5,4.98426628
2.22586,2223,696.975769,676.9088,5,5.191489
2.22587,2224,696.975769,676.9139,5,4.98426628
2.22712,2225,696.975769,676.9194,5,4.858842
2.22906,2226,696.975769,676.924255,5,4.94064
2.22907,2227,696.975769,676.929443,5,4.97335958
2.23018,2228,696.975769,676.9338,5,5.153317
2.23020,2229,696.975769,676.9391,5,4.92973375
2.23208,2230,696.975769,676.944153,5,4.97335958
2.23387,2231,696.975769,676.9494,5,4.94064
2.23389,2232,696.975769,676.9545,5,5.038799
2.23508,2233,696.975769,676.959045,5,5.14241028
2.23690,2234,696.975769,676.964,5,4.94064
2.23692,2235,696.975769,676.96875,5,4.96245337
2.23816,2236,696.975769,676.9746,5,4.82612228
2.23817,2237,696.975769,676.9795,5,5.07697153
2.23998,2238,696.975769,676.984,5,5.038799
2.24186,2239,696.975769,676.9887,5,4.995173
2.24187,2240,696.975769,676.993652,5,4.92973375
2.24309,2241,696.975769,677.000061,5,4.798856
2.24494,2242,696.975769,677.0044,5,5.14241028
2.24497,2243,696.975769,677.0093,5,5.07697153
2.24620,2244,696.975769,677.014038,5,5.13150358
2.24626,2245,696.975769,677.019531,5,4.92973375
2.24804,2246,696.975769,677.0251,5,4.90246725
2.24987,2247,696.975769,677.029541,5,5.066065
2.24990,2248,696.975769,677.0344,5,5.006079
2.25111,2249,696.975769,677.039,5,5.066065
2.25292,2250,696.975769,677.0451,5,4.82612228
2.25294,2251,696.975769,677.050049,5,4.98426628
2.25416,2252,696.975769,677.05426,5,5.016986
2.25418,2253,696.975769,677.05896,5,5.05515862
2.25598,2254,696.975769,677.0638,5,5.006079
2.25786,2255,696.975769,677.0695,5,4.847935
2.25787,2256,696.975769,677.0741,5,5.02789259
2.25914,2257,696.975769,677.0793,5,4.95154667
2.26091,2258,696.975769,677.0841,5,5.109691
2.26093,2259,696.975769,677.089355,5,5.006079
2.26239,2260,696.975769,677.095,5,5.016986
2.26242,2261,696.975769,677.0993,5,5.109691
2.26400,2262,696.975769,677.104248,5,4.97335958
2.26588,2263,696.975769,677.108948,5,5.016986
2.26589,2264,696.975769,677.114563,5,4.837029
2.26709,2265,696.975769,677.119446,5,5.016986
2.26892,2266,696.975769,677.1245,5,5.006079
2.26894,2267,696.975769,677.1294,5,4.995173
2.27017,2268,696.975769,677.1343,5,4.995173
2.27452,2269,696.975769,677.1399,5,4.869748
2.27454,2270,696.975769,677.1445,5,5.066065
2.27457,2271,696.975769,677.149536,5,4.96245337
2.27459,2272,696.975769,677.1545,5,5.066065
2.27510,2273,696.975769,677.159668,5,4.995173
2.27695,2274,696.975769,677.1646,5,4.97335958
2.27698,2275,696.975769,677.1691,5,5.016986
2.27821,2276,696.975769,677.1747,5,4.891561
2.27824,2277,696.975769,677.1796,5,5.038799
2.28001,2278,696.975769,677.184753,5,4.94064
2.28187,2279,696.975769,677.1893,5,5.05515862
2.28188,2280,696.975769,677.194153,5,4.95154667
2.28308,2281,696.975769,677.199951,5,4.913374
2.28491,2282,696.975769,677.204834,5,5.066065
2.28492,2283,696.975769,677.2097,5,5.02789259
2.28621,2284,696.975769,677.2138,5,5.087878
2.28624,2285,696.975769,677.2194,5,4.837029
2.28800,2286,696.975769,677.225,5,4.94064
2.28988,2287,696.975769,677.229858,5,4.995173
2.28990,2288,696.975769,677.234436,5,5.087878
2.29110,2289,696.975769,677.238953,5,5.13150358
2.29291,2290,696.975769,677.2447,5,4.82612228
2.29293,2291,696.975769,677.249634,5,4.92973375
2.29419,2292,696.975769,677.254761,5,4.913374
2.29423,2293,696.975769,677.2594,5,5.109691
2.29601,2294,696.975769,677.26416,5,5.038799
2.29786,2295,696.975769,677.2695,5,4.90246725
2.29788,2296,696.975769,677.279968,5,4.913374
2.29909,2297,696.975769,677.2844,5,5.180583
2.30092,2298,696.975769,677.289246,5,4.995173
2.30094,2299,696.975769,677.2941,5,4.94064
2.30218,2300,696.975769,677.299438,5,4.88065434
2.30221,2301,696.975769,677.3049,5,4.913374
2.30400,2302,696.975769,677.309265,5,5.12059736
2.30588,2303,696.975769,677.314148,5,4.98426628
2.30590,2304,696.975769,677.3187,5,4.995173
2.30709,2305,696.975769,677.3245,5,4.76613665
2.30893,2306,696.975769,677.3299,5,4.995173
2.30896,2307,696.975769,677.3344,5,5.12059736
2.31018,2308,696.975769,677.3392,5,5.087878
2.31020,2309,696.975769,677.343933,5,5.05515862
2.31241,2310,696.975769,677.35,5,4.81521559
2.31392,2311,696.975769,677.354553,5,5.038799
2.31395,2312,696.975769,677.3594,5,4.995173
2.31510,2313,696.975769,677.364,5,5.087878
2.31695,2314,696.975769,677.3692,5,4.94064
2.31698,2315,696.975769,677.3748,5,4.858842
2.31818,2316,696.975769,677.379333,5,5.066065
2.31822,2317,696.975769,677.3843,5,4.995173
2.31999,2318,696.975769,677.389,5,5.066065
2.32188,2319,696.975769,677.3945,5,4.858842
2.32190,2320,696.975769,677.3995,5,4.94064
2.32309,2321,696.975769,677.404236,5,4.98426628
2.32493,2322,696.975769,677.4094,5,4.995173
2.32495,2323,696.975769,677.4142,5,5.09878445
2.32618,2324,696.975769,677.4198,5,4.94064
2.32621,2325,696.975769,677.4247,5,5.109691
2.32800,2326,696.975769,677.4297,5,5.016986
2.32989,2327,696.975769,677.434143,5,5.006079
2.32992,2328,696.975769,677.4394,5,4.94064
2.33108,2329,696.975769,677.445068,5,4.913374
2.33291,2330,696.975769,677.449646,5,5.07697153
2.33293,2331,696.975769,677.4548,5,4.98426628
2.33418,2332,696.975769,677.4594,5,5.066065
2.33419,2333,696.975769,677.464966,5,4.88065434
2.33599,2334,696.975769,677.4699,5,4.995173
2.33788,2335,696.975769,677.474731,5,5.02789259
2.33790,2336,696.975769,677.479858,5,4.995173
2.33908,2337,696.975769,677.484741,5,5.09878445
2.34091,2338,696.975769,677.4902,5,4.92973375
2.34093,2339,696.975769,677.4945,5,5.07697153
2.34216,2340,696.975769,677.4998,5,4.92973375
2.34217,2341,696.975769,677.5049,5,5.006079
2.34399,2342,696.975769,677.51,5,5.02789259
2.34593,2343,696.975769,677.515137,5,4.97335958
2.34596,2344,696.975769,677.5196,5,5.066065
2.34710,2345,696.975769,677.525,5,4.869748
2.34892,2346,696.975769,677.530457,5,5.05515862
2.34894,2347,696.975769,677.5354,5,5.038799
2.35018,2348,696.975769,677.5396,5,5.087878
2.35020,2349,696.975769,677.5448,5,4.96245337
2.35199,2350,696.975769,677.5506,5,4.837029
2.35388,2351,696.975769,677.5554,5,5.006079
2.35392,2352,696.975769,677.560669,5,5.180583
2.35508,2353,696.975769,677.5648,5,4.913374
2.35691,2354,696.975769,677.569641,5,4.913374
2.35693,2355,696.975769,677.5749,5,4.858842
2.35817,2356,696.975769,677.579834,5,4.913374
2.35818,2357,696.975769,677.5848,5,4.97335958
2.36000,2358,696.975769,677.5893,5,5.12059736
2.36190,2359,696.975769,677.5947,5,4.869748
2.36193,2360,696.975769,677.5995,5,4.95154667
2.36309,2361,696.975769,677.6049,5,4.88065434
2.36496,2362,696.975769,677.609863,5,5.05515862
2.36503,2363,696.975769,677.6143,5,5.109691
2.36622,2364,696.975769,677.6194,5,4.913374
2.36623,2365,696.975769,677.6242,5,4.94064
2.36800,2366,696.975769,677.63,5,4.81521559
2.36989,2367,696.975769,677.6346,5,5.066065
2.36991,2368,696.975769,677.6393,5,5.016986
2.37108,2369,696.975769,677.6439,5,4.97335958
2.37297,2370,696.975769,677.649048,5,4.88065434
2.37299,2371,696.975769,677.6549,5,4.78794956
2.37420,2372,696.975769,677.659546,5,5.12059736
2.37423,2373,696.975769,677.664368,5,5.05515862
2.37601,2374,696.975769,677.668762,5,5.109691
2.37790,2375,696.975769,677.674744,5,4.869748
2.37793,2376,696.975769,677.6797,5,4.869748
2.37910,2377,696.975769,677.684265,5,5.038799
2.38099,2378,696.975769,677.689,5,4.98426628
2.38102,2379,696.975769,677.6936,5,5.038799
2.38218,2380,696.975769,677.6995,5,4.78794956
2.38219,2381,696.975769,677.7043,5,4.96245337
2.38402,2382,696.975769,677.7091,5,4.995173
2.38592,2383,696.975769,677.7137,5,5.02789259
2.38595,2384,696.975769,677.7187,5,4.98426628
2.38710,2385,696.975769,677.7243,5,4.81521559
2.38895,2386,696.975769,677.728943,5,4.995173
2.38897,2387,696.975769,677.734,5,4.92973375
2.39017,2388,696.975769,677.738831,5,5.087878
2.39019,2389,696.975769,677.744568,5,4.995173
2.39205,2390,696.975769,677.749634,5,4.98426628
2.39392,2391,696.975769,677.7539,5,5.09878445
2.39396,2392,696.975769,677.7589,5,4.96245337
2.39507,2393,696.975769,677.769348,5,4.847935
2.39692,2394,696.975769,677.7744,5,5.006079
2.39694,2395,696.975769,677.7744,5,5.006079
2.39817,2396,696.975769,677.7841,5,4.995173
2.39819,2397,696.975769,677.7841,5,4.995173
2.40000,2398,696.975769,677.7947,5,4.869748
2.40191,2399,696.975769,677.7992,5,5.066065
2.40193,2400,696.975769,677.8043,5,4.97335958
2.40308,2401,696.975769,677.8092,5,5.066065
2.40491,2402,696.975769,677.814453,5,4.995173
2.40493,2403,696.975769,677.819336,5,4.96245337
2.40617,2404,696.975769,677.8239,5,5.016986
2.40619,2405,696.975769,677.8294,5,4.88065434
2.40802,2406,696.975769,677.834351,5,5.038799
2.40990,2407,696.975769,677.8395,5,4.94064
2.40992,2408,696.975769,677.8438,5,5.02789259
2.41108,2409,696.975769,677.8489,5,4.96245337
2.41294,2410,696.975769,677.8546,5,4.88065434
2.41300,2411,696.975769,677.8595,5,5.066065
2.41418,2412,696.975769,677.864258,5,5.006079
2.41420,2413,696.975769,677.868347,5,5.087878
2.41604,2414,696.975769,677.874146,5,4.847935
2.41793,2415,696.975769,677.8795,5,4.891561
2.41795,2416,696.975769,677.8844,5,4.98426628
2.41908,2417,696.975769,677.889038,5,5.066065
2.42094,2418,696.975769,677.893555,5,5.14241028
2.42096,2419,696.975769,677.899231,5,4.82612228
2.42217,2420,696.975769,677.9042,5,4.913374
2.42219,2421,696.975769,677.909363,5,4.913374
2.42403,2422,696.975769,677.91394,5,5.087878
2.42590,2423,696.975769,677.9187,5,5.05515862
2.42593,2424,696.975769,677.9241,5,4.88065434
2.42707,2425,696.975769,677.9289,5,4.98426628
2.42904,2426,696.975769,677.9345,5,4.90246725
2.42907,2427,696.975769,677.938965,5,5.164223
2.43019,2428,696.975769,677.943848,5,5.016986
2.43020,2429,696.975769,677.9487,5,4.94064
2.43202,2430,696.975769,677.9541,5,4.913374
2.43388,2431,696.975769,677.959534,5,4.90246725
2.43390,2432,696.975769,677.9639,5,5.13150358
2.43512,2433,696.975769,677.9688,5,4.995173
2.43694,2434,696.975769,677.9734,5,5.016986
2.43697,2435,696.975769,677.9793,5,4.78794956
2.43817,2436,696.975769,677.9845,5,4.97335958
2.43819,2437,696.975769,677.9892,5,5.14241028
2.44003,2438,696.975769,677.993835,5,5.087878
2.44192,2439,696.975769,677.9987,5,4.837029
2.44194,2440,696.975769,678.004639,5,4.837029
2.44308,2441,696.975769,678.0093,5,5.038799
2.44493,2442,696.975769,678.01416,5,5.016986
2.44495,2443,696.975769,678.019043,5,4.98426628
2.44619,2444,696.975769,678.024963,5,4.891561
2.44621,2445,696.975769,678.0303,5,5.09878445
2.44801,2446,696.975769,678.035034,5,5.05515862
2.44990,2447,696.975769,678.0399,5,5.12059736
2.44992,2448,696.975769,678.0446,5,4.92973375
2.45108,2449,696.975769,678.050354,5,4.995173
2.45292,2450,696.975769,678.0551,5,5.016986
2.45295,2451,696.975769,678.059448,5,5.016986
2.45417,2452,696.975769,678.0652,5,5.13150358
2.45419,2453,696.975769,678.0703,5,4.97335958
2.45602,2454,696.975769,678.0761,5,5.153317
2.45789,2455,696.975769,678.0798,5,5.153317
2.45792,2456,696.975769,678.0848,5,5.038799
2.45908,2457,696.975769,678.089844,5,4.95154667
2.46095,2458,696.975769,678.095337,5,4.95154667
2.46097,2459,696.975769,678.100342,5,5.09878445
2.46232,2460,696.975769,678.105164,5,5.006079
2.46234,2461,696.975769,678.1101,5,5.07697153
2.46400,2462,696.975769,678.1148,5,4.858842
2.46593,2463,696.975769,678.120361,5,4.995173
2.46595,2464,696.975769,678.1251,5,4.97335958
2.46708,2465,696.975769,678.13,5,4.96245337
2.46897,2466,696.975769,678.1353,5,5.038799
2.46900,2467,696.975769,678.140259,5,4.88065434
2.47018,2468,696.975769,678.145569,5,5.038799
2.47020,2469,696.975769,678.1499,5,4.869748
2.47203,2470,696.975769,678.1549,5,4.97335958
2.47390,2471,696.975769,678.1603,5,4.98426628
2.47393,2472,696.975769,678.1654,5,4.94064
2.47508,2473,696.975769,678.169739,5,5.038799
2.47695,2474,696.975769,678.1746,5,4.837029
2.47697,2475,696.975769,678.1805,5,5.038799
2.47818,2476,696.975769,678.185547,5,5.016986
2.47820,2477,696.975769,678.190369,5,5.087878
2.48004,2478,696.975769,678.194458,5,4.97335958
2.48194,2479,696.975769,678.1999,5,4.837029
2.48197,2480,696.975769,678.205566,5,5.016986
2.48308,2481,696.975769,678.2105,5,5.006079
2.48496,2482,696.975769,678.2153,5,5.202396
2.48500,2483,696.975769,678.2197,5,4.95154667
2.48617,2484,696.975769,678.2256,5,4.891561
2.48619,2485,696.975769,678.2302,5,4.94064
2.48803,2486,696.975769,678.235535,5,5.016986
2.48990,2487,696.975769,678.240234,5,5.153317
2.48992,2488,696.975769,678.244934,5,4.913374
2.49107,2489,696.975769,678.250366,5,4.995173
2.49294,2490,696.975769,678.255249,5,4.94064
2.49296,2491,696.975769,678.260742,5,5.109691
2.49418,2492,696.975769,678.2654,5,5.13150358
2.49419,2493,696.975769,678.2702,5,4.96245337
2.49606,2494,696.975769,678.275146,5,4.96245337
2.49789,2495,696.975769,678.280457,5,4.869748
2.49791,2496,696.975769,678.2903,5,5.02789259
2.49910,2497,696.975769,678.2953,5,5.02789259
2.50093,2498,696.975769,678.2999,5,4.891561
2.50095,2499,696.975769,678.305664,5,4.891561
2.50216,2500,696.975769,678.311157,5,5.202396
2.50217,2501,696.975769,678.3158,5,5.109691
2.50406,2502,696.975769,678.3205,5,5.153317
2.50593,2503,696.975769,678.3205,5,5.153317
2.50598,2504,696.975769,678.331238,5,4.995173
2.50708,2505,696.975769,678.336,5,5.066065
2.50894,2506,696.975769,678.3408,5,5.066065
2.50896,2507,696.975769,678.3454,5,5.038799
2.51020,2508,696.975769,678.3506,5,4.82612228
2.51024,2509,696.975769,678.3563,5,5.038799
2.51251,2510,696.975769,678.36084,5,4.995173
2.51388,2511,696.975769,678.3658,5,5.087878
2.51390,2512,696.975769,678.370361,5,4.94064
2.51510,2513,696.975769,678.3758,5,4.88065434
2.51694,2514,696.975769,678.3809,5,5.006079
2.51699,2515,696.975769,678.3857,5,4.95154667
2.51817,2516,696.975769,678.3908,5,5.12059736
2.51821,2517,696.975769,678.3957,5,4.96245337
2.52004,2518,696.975769,678.401367,5,5.07697153
2.52193,2519,696.975769,678.406,5,5.066065
2.52196,2520,696.975769,678.4109,5,4.98426628
2.52308,2521,696.975769,678.415649,5,4.995173
2.52495,2522,696.975769,678.420837,5,4.858842
2.52497,2523,696.975769,678.4263,5,5.07697153
2.52618,2524,696.975769,678.4309,5,5.006079
2.52622,2525,696.975769,678.436035,5,5.066065
2.52804,2526,696.975769,678.4407,5,4.96245337
2.52990,2527,696.975769,678.4463,5,4.96245337
2.52992,2528,696.975769,678.4512,5,5.066065
2.53109,2529,696.975769,678.456,5,4.98426628
2.53310,2530,696.975769,678.4611,5,5.109691
2.53315,2531,696.975769,678.466,5,4.94064
2.53417,2532,696.975769,678.4715,5,5.05515862
2.53418,2533,696.975769,678.4758,5,4.97335958
2.53604,2534,696.975769,678.481,5,4.96245337
2.53793,2535,696.975769,678.486267,5,5.07697153
2.53796,2536,696.975769,678.491333,5,4.95154667
2.53908,2537,696.975769,678.4963,5,5.09878445
2.54091,2538,696.975769,678.500732,5,4.90246725
2.54092,2539,696.975769,678.5065,5,5.016986
2.54221,2540,696.975769,678.5116,5,5.07697153
2.54223,2541,696.975769,678.516968,5,5.07697153
2.54403,2542,696.975769,678.521,5,5.038799
2.54592,2543,696.975769,678.5261,5,4.82612228
2.54596,2544,696.975769,678.532043,5,5.016986
2.54709,2545,696.975769,678.537,5,4.995173
2.54893,2546,696.975769,678.541931,5,5.202396
2.54897,2547,696.975769,678.5462,5,5.02789259
2.55017,2548,696.975769,678.552,5,4.869748
2.55019,2549,696.975769,678.5571,5,4.97335958
2.55204,2550,696.975769,678.5622,5,4.97335958
2.55388,2551,696.975769,678.5672,5,5.180583
2.55390,2552,696.975769,678.571655,5,4.95154667
2.55508,2553,696.975769,678.576538,5,4.97335958
2.55693,2554,696.975769,678.58136,5,4.95154667
2.55695,2555,696.975769,678.586853,5,5.038799
2.55816,2556,696.975769,678.5918,5,5.180583
2.55818,2557,696.975769,678.596436,5,4.96245337
2.56003,2558,696.975769,678.6014,5,4.98426628
2.56189,2559,696.975769,678.6063,5,4.858842
2.56191,2560,696.975769,678.612244,5,5.087878
2.56309,2561,696.975769,678.6167,5,5.07697153
2.56493,2562,696.975769,678.6215,5,5.016986
2.56496,2563,696.975769,678.62616,5,4.97335958
2.56618,2564,696.975769,678.6317,5,4.858842
2.56619,2565,696.975769,678.637451,5,5.180583
2.56802,2566,696.975769,678.642,5,5.12059736
2.56993,2567,696.975769,678.6469,5,5.180583
2.56996,2568,696.975769,678.65155,5,4.95154667
2.57113,2569,696.975769,678.6575,5,4.96245337
2.57300,2570,696.975769,678.6624,5,5.09878445
2.57304,2571,696.975769,678.6672,5,5.038799
2.57418,2572,696.975769,678.6719,5,5.09878445
2.57419,2573,696.975769,678.6769,5,4.858842
2.57604,2574,696.975769,678.6827,5,5.02789259
2.57792,2575,696.975769,678.6873,5,5.038799
2.57794,2576,696.975769,678.6923,5,5.09878445
2.57908,2577,696.975769,678.697144,5,4.995173
2.58100,2578,696.975769,678.7027,5,4.88065434
2.58104,2579,696.975769,678.707764,5,5.05515862
2.58217,2580,696.975769,678.7126,5,4.96245337
2.58219,2581,696.975769,678.7178,5,5.13150358
2.58410,2582,696.975769,678.722656,5,5.006079
2.58591,2583,696.975769,678.7286,5,5.066065
2.58594,2584,696.975769,678.732849,5,5.09878445
2.58712,2585,696.975769,678.7378,5,4.995173
2.58894,2586,696.975769,678.7426,5,5.02789259
2.58896,2587,696.975769,678.747742,5,4.869748
2.59017,2588,696.975769,678.7533,5,5.087878
2.59018,2589,696.975769,678.757935,5,5.02789259
2.59204,2590,696.975769,678.763,5,5.05515862
2.59392,2591,696.975769,678.7677,5,4.98426628
2.59396,2592,696.975769,678.773132,5,4.92973375
2.59508,2593,696.975769,678.778259,5,5.087878
2.59696,2594,696.975769,678.782837,5,4.98426628
2.59699,2595,696.975769,678.788147,5,5.09878445
2.59819,2596,696.975769,678.7984,5,5.02789259
2.59820,2597,696.975769,678.802856,5,4.995173
2.60003,2598,696.975769,678.808044,5,4.95154667
2.60192,2599,696.975769,678.813232,5,5.07697153
2.60196,2600,696.975769,678.818237,5,4.95154667
2.60309,2601,696.975769,678.8232,5,5.087878
2.60496,2602,696.975769,678.827637,5,4.90246725
2.60499,2603,696.975769,678.8334,5,4.98426628
2.60618,2604,696.975769,678.838562,5,5.07697153
2.60619,2605,696.975769,678.843567,5,5.05515862
2.60803,2606,696.975769,678.8477,5,5.066065
2.60992,2607,696.975769,678.852661,5,4.82612228
2.60997,2608,696.975769,678.8586,5,4.995173
2.61108,2609,696.975769,678.8635,5,4.98426628
2.61295,2610,696.975769,678.8685,5,5.153317
2.61301,2611,696.975769,678.872742,5,5.05515862
2.61418,2612,696.975769,678.878052,5,4.837029
2.61419,2613,696.975769,678.883362,5,4.96245337
2.61606,2614,696.975769,678.888367,5,4.94064
2.61790,2615,696.975769,678.893433,5,5.164223
2.61792,2616,696.975769,678.8979,5,4.98426628
2.61909,2617,696.975769,678.9033,5,4.94064
2.62094,2618,696.975769,678.9082,5,4.96245337
2.62097,2619,696.975769,678.913635,5,4.995173
2.62221,2620,696.975769,678.9186,5,5.180583
2.62225,2621,696.975769,678.9231,5,4.97335958
2.62404,2622,696.975769,678.928162,5,4.97335958
2.62588,2623,696.975769,678.933044,5,4.858842
2.62590,2624,696.975769,678.9388,5,5.02789259
2.62708,2625,696.975769,678.9434,5,5.087878
2.62905,2626,696.975769,678.948242,5,4.995173
2.62909,2627,696.975769,678.9529,5,4.97335958
2.63018,2628,696.975769,678.9581,5,4.78794956
2.63023,2629,696.975769,678.96405,5,5.109691
2.63201,2630,696.975769,678.968567,5,5.109691
2.63392,2631,696.975769,678.97345,5,5.14241028
2.63396,2632,696.975769,678.977966,5,4.97335958
2.63509,2633,696.975769,678.9837,5,4.88065434
2.63696,2634,696.975769,678.988953,5,5.087878
2.63699,2635,696.975769,678.9936,5,4.995173
2.63818,2636,696.975769,678.9984,5,5.109691
2.63820,2637,696.975769,679.0031,5,4.869748
2.64005,2638,696.975769,679.0089,5,4.95154667
2.64191,2639,696.975769,679.014038,5,5.05515862
2.64194,2640,696.975769,679.018555,5,5.038799
2.64310,2641,696.975769,679.023132,5,5.038799
2.64498,2642,696.975769,679.028748,5,4.837029
2.64501,2643,696.975769,679.0342,5,5.006079
2.64622,2644,696.975769,679.0388,5,4.95154667
2.64627,2645,696.975769,679.044,5,5.087878
2.64804,2646,696.975769,679.048767,5,5.05515862
2.64991,2647,696.975769,679.0547,5,4.995173
2.64994,2648,696.975769,679.0594,5,5.13150358
2.65112,2649,696.975769,679.0642,5,4.97335958
2.65294,2650,696.975769,679.069153,5,5.038799
2.65298,2651,696.975769,679.0741,5,4.869748
2.65418,2652,696.975769,679.0797,5,5.006079
2.65420,2653,696.975769,679.084351,5,5.038799
2.65602,2654,696.975769,679.0889,5,4.995173
2.65790,2655,696.975769,679.09375,5,5.02789259
2.65792,2656,696.975769,679.099,5,4.869748
2.65912,2657,696.975769,679.1043,5,5.05515862
2.66095,2658,696.975769,679.108948,5,4.97335958
2.66099,2659,696.975769,679.114,5,5.05515862
2.66232,2660,696.975769,679.118835,5,4.995173
2.66234,2661,696.975769,679.1243,5,4.95154667
2.66406,2662,696.975769,679.1289,5,5.016986
2.66588,2663,696.975769,679.1337,5,4.869748
2.66590,2664,696.975769,679.139038,5,5.02789259
2.66715,2665,696.975769,679.1439,5,4.92973375
2.66897,2666,696.975769,679.1491,5,5.006079
2.66899,2667,696.975769,679.1533,5,4.97335958
2.67017,2668,696.975769,679.158752,5,4.869748
2.67021,2669,696.975769,679.164246,5,5.066065
2.67202,2670,696.975769,679.1691,5,5.006079
2.67387,2671,696.975769,679.1737,5,5.09878445
2.67391,2672,696.975769,679.1781,5,4.869748
2.67510,2673,696.975769,679.184,5,4.891561
2.67693,2674,696.975769,679.189148,5,5.006079
2.67697,2675,696.975769,679.194153,5,5.05515862
2.67816,2676,696.975769,679.198547,5,5.164223
2.67818,2677,696.975769,679.203369,5,4.858842
2.68003,2678,696.975769,679.209045,5,4.94064
2.68190,2679,696.975769,679.2139,5,4.94064
2.68192,2680,696.975769,679.2192,5,5.087878
2.68307,2681,696.975769,679.2236,5,5.087878
2.68496,2682,696.975769,679.22876,5,4.891561
2.68501,2683,696.975769,679.2339,5,4.98426628
2.68616,2684,696.975769,679.238953,5,4.913374
2.68619,2685,696.975769,679.2443,5,5.153317
2.68802,2686,696.975769,679.2488,5,5.038799
2.68987,2687,696.975769,679.253845,5,4.96245337
2.68990,2688,696.975769,679.258667,5,4.913374
2.69111,2689,696.975769,679.2643,5,4.92973375
2.69293,2690,696.975769,679.269348,5,5.14241028
2.69297,2691,696.975769,679.2738,5,5.006079
2.69417,2692,696.975769,679.2787,5,5.038799
2.69418,2693,696.975769,679.283447,5,4.82612228
2.69603,2694,696.975769,679.294434,5,5.153317
2.69797,2695,696.975769,679.299255,5,5.109691
2.69801,2696,696.975769,679.3037,5,5.087878
2.69909,2697,696.975769,679.30896,5,4.837029
2.70090,2698,696.975769,679.3147,5,5.05515862
2.70092,2699,696.975769,679.319153,5,5.006079
2.70218,2700,696.975769,679.324158,5,5.087878
2.70220,2701,696.975769,679.3288,5,4.97335958
2.70403,2702,696.975769,679.3348,5,4.858842
2.70588,2703,696.975769,679.339844,5,5.087878
2.70589,2704,696.975769,679.3443,5,5.016986
2.70708,2705,696.975769,679.34906,5,5.09878445
2.70891,2706,696.975769,679.3539,5,4.891561
2.70893,2707,696.975769,679.3596,5,4.95154667
2.71017,2708,696.975769,679.3645,5,4.995173
2.71019,2709,696.975769,679.369568,5,5.006079
2.71242,2710,696.975769,679.374451,5,5.12059736
2.71392,2711,696.975769,679.3798,5,4.94064
2.71394,2712,696.975769,679.385,5,5.12059736
2.71512,2713,696.975769,679.389648,5,5.016986
2.71690,2714,696.975769,679.3946,5,5.006079
2.71692,2715,696.975769,679.399353,5,4.95154667
2.71817,2716,696.975769,679.404968,5,4.913374
2.71818,2717,696.975769,679.41,5,5.087878
2.72003,2718,696.975769,679.414734,5,5.006079
2.72189,2719,696.975769,679.4197,5,5.07697153
2.72192,2720,696.975769,679.424561,5,4.891561
2.72308,2721,696.975769,679.4301,5,5.016986
2.72490,2722,696.975769,679.4347,5,5.016986
2.72492,2723,696.975769,679.4398,5,4.995173
2.72617,2724,696.975769,679.444763,5,5.09878445
2.72619,2725,696.975769,679.45,5,4.92973375
2.72801,2726,696.975769,679.455,5,5.07697153
2.72990,2727,696.975769,679.4595,5,4.92973375
2.72993,2728,696.975769,679.4651,5,5.006079
2.73108,2729,696.975769,679.4699,5,5.016986
2.73291,2730,696.975769,679.4751,5,4.96245337
2.73293,2731,696.975769,679.479553,5,5.066065
2.73418,2732,696.975769,679.484558,5,4.858842
2.73419,2733,696.975769,679.4903,5,5.066065
2.73603,2734,696.975769,679.495239,5,5.05515862
2.73789,2735,696.975769,679.500061,5,5.09878445
2.73791,2736,696.975769,679.5042,5,4.97335958
2.73910,2737,696.975769,679.509949,5,4.837029
2.74092,2738,696.975769,679.5154,5,5.006079
2.74095,2739,696.975769,679.5203,5,5.006079
2.74222,2740,696.975769,679.524963,5,5.191489
2.74224,2741,696.975769,679.529358,5,4.92973375
2.74400,2742,696.975769,679.535034,5,4.88065434
2.74592,2743,696.975769,679.54,5,4.92973375
2.74595,2744,696.975769,679.5456,5,5.006079
2.74709,2745,696.975769,679.550049,5,5.14241028
2.74893,2746,696.975769,679.555,5,4.891561
2.74895,2747,696.975769,679.5606,5,4.97335958
2.75017,2748,696.975769,679.565552,5,4.913374
2.75018,2749,696.975769,679.5708,5,5.087878
2.75199,2750,696.975769,679.575134,5,5.12059736
2.75390,2751,696.975769,679.5804,5,4.94064
2.75394,2752,696.975769,679.5852,5,4.95154667
2.75508,2753,696.975769,679.589966,5,4.837029
2.75691,2754,696.975769,679.5954,5,5.109691
2.75692,2755,696.975769,679.5998,5,5.016986
2.75819,2756,696.975769,679.6047,5,5.016986
2.75821,2757,696.975769,679.6093,5,4.88065434
2.76000,2758,696.975769,679.615234,5,4.847935
2.76188,2759,696.975769,679.6205,5,5.153317
2.76189,2760,696.975769,679.625061,5,5.066065
2.76311,2761,696.975769,679.629944,5,5.12059736
2.76492,2762,696.975769,679.6346,5,4.858842
2.76493,2763,696.975769,679.640442,5,4.913374
2.76618,2764,696.975769,679.6451,5,5.02789259
2.76619,2765,696.975769,679.6499,5,5.006079
2.76800,2766,696.975769,679.6547,5,5.02789259
2.76988,2767,696.975769,679.660034,5,4.78794956
2.76989,2768,696.975769,679.6652,5,4.98426628
2.77108,2769,696.975769,679.669861,5,4.98426628
2.77294,2770,696.975769,679.675,5,5.05515862
2.77297,2771,696.975769,679.6796,5,4.96245337
2.77420,2772,696.975769,679.685242,5,4.837029
2.77422,2773,696.975769,679.6902,5,5.006079
2.77599,2774,696.975769,679.6949,5,4.92973375
2.77788,2775,696.975769,679.7001,5,5.09878445
2.77790,2776,696.975769,679.704834,5,4.97335958
2.77913,2777,696.975769,679.710449,5,5.02789259
2.78092,2778,696.975769,679.7151,5,5.087878
2.78094,2779,696.975769,679.720032,5,4.97335958
2.78220,2780,696.975769,679.724731,5,5.006079
2.78221,2781,696.975769,679.7304,5,4.837029
2.78400,2782,696.975769,679.735352,5,5.02789259
2.78587,2783,696.975769,679.74,5,4.995173
2.78589,2784,696.975769,679.745,5,5.006079
2.78708,2785,696.975769,679.749634,5,4.98426628
2.78890,2786,696.975769,679.7552,5,4.891561
2.78892,2787,696.975769,679.760132,5,5.066065
2.79018,2788,696.975769,679.7649,5,4.97335958
2.79019,2789,696.975769,679.77,5,5.07697153
2.79201,2790,696.975769,679.774841,5,4.96245337
2.79391,2791,696.975769,679.780334,5,4.995173
2.79393,2792,696.975769,679.784668,5,4.995173
2.79511,2793,696.975769,679.789856,5,4.90246725
2.79691,2794,696.975769,679.7951,5,5.05515862
2.79693,2795,696.975769,679.800049,5,4.92973375
2.79817,2796,696.975769,679.805054,5,5.066065
2.79820,2797,696.975769,679.8152,5,4.92973375
2.79999,2798,696.975769,679.8203,5,5.07697153
2.80189,2799,696.975769,679.8253,5,5.016986
2.80192,2800,696.975769,679.829468,5,5.07697153
2.80309,2801,696.975769,679.8344,5,4.81521559
2.80494,2802,696.975769,679.8403,5,4.92973375
2.80496,2803,696.975769,679.8452,5,4.97335958
2.80621,2804,696.975769,679.850159,5,5.09878445
2.80625,2805,696.975769,679.854431,5,5.09878445
2.80799,2806,696.975769,679.8597,5,4.81521559
2.80989,2807,696.975769,679.8649,5,4.92973375
2.80991,2808,696.975769,679.8699,5,4.90246725
2.81108,2809,696.975769,679.875,5,5.12059736
2.81298,2810,696.975769,679.8794,5,5.006079
2.81301,2811,696.975769,679.884766,5,4.891561
2.81428,2812,696.975769,679.8897,5,4.97335958
2.81430,2813,696.975769,679.895,5,4.913374
2.81600,2814,696.975769,679.9,5,5.180583
2.81789,2815,696.975769,679.904541,5,4.98426628
2.81792,2816,696.975769,679.9095,5,4.94064
2.81909,2817,696.975769,679.914368,5,4.869748
2.82093,2818,696.975769,679.9202,5,4.94064
2.82096,2819,696.975769,679.924866,5,5.109691
2.82220,2820,696.975769,679.9295,5,4.98426628
2.82224,2821,696.975769,679.9342,5,4.995173
2.82400,2822,696.975769,679.9394,5,4.777043
2.82593,2823,696.975769,679.9453,5,5.02789259
2.82596,2824,696.975769,679.9499,5,5.13150358
2.82709,2825,696.975769,679.9548,5,5.109691
2.82904,2826,696.975769,679.9593,5,5.066065
2.82909,2827,696.975769,679.965332,5,4.847935
2.83019,2828,696.975769,679.970337,5,5.066065
2.83021,2829,696.975769,679.974854,5,5.006079
2.83202,2830,696.975769,679.98,5,5.09878445
2.83388,2831,696.975769,679.984741,5,4.92973375
2.83390,2832,696.975769,679.9902,5,4.891561
2.83508,2833,696.975769,679.995056,5,5.07697153
2.83692,2834,696.975769,680.000244,5,5.016986
2.83693,2835,696.975769,680.0049,5,5.087878
2.83818,2836,696.975769,680.01,5,4.858842
2.83820,2837,696.975769,680.0155,5,4.97335958
2.84001,2838,696.975769,680.02,5,4.97335958
2.84187,2839,696.975769,680.0253,5,5.02789259
2.84189,2840,696.975769,680.0301,5,5.09878445
2.84308,2841,696.975769,680.0357,5,4.96245337
2.84490,2842,696.975769,680.0405,5,5.14241028
2.84491,2843,696.975769,680.045349,5,5.006079
2.84618,2844,696.975769,680.050537,5,5.02789259
2.84620,2845,696.975769,680.0554,5,4.913374
2.84799,2846,696.975769,680.061157,5,4.95154667
2.84990,2847,696.975769,680.065735,5,5.07697153
2.84993,2848,696.975769,680.0707,5,4.995173
2.85127,2849,696.975769,680.0755,5,5.066065
2.85292,2850,696.975769,680.08075,5,4.869748
2.85294,2851,696.975769,680.08606,5,5.02789259
2.85417,2852,696.975769,680.0907,5,5.016986
2.85418,2853,696.975769,680.0959,5,5.016986
2.85599,2854,696.975769,680.100464,5,5.07697153
2.85790,2855,696.975769,680.1058,5,4.94064
2.85792,2856,696.975769,680.110535,5,5.066065
2.85909,2857,696.975769,680.1153,5,4.90246725
2.86093,2858,696.975769,680.1207,5,5.038799
2.86094,2859,696.975769,680.1257,5,5.006079
2.86242,2860,696.975769,680.1308,5,5.006079
2.86248,2861,696.975769,680.1351,5,5.05515862
2.86408,2862,696.975769,680.1405,5,4.869748
2.86590,2863,696.975769,680.145935,5,5.07697153
2.86592,2864,696.975769,680.1509,5,5.016986
2.86709,2865,696.975769,680.1554,5,5.09878445
2.86891,2866,696.975769,680.159851,5,4.92973375
2.86893,2867,696.975769,680.1658,5,4.858842
2.87017,2868,696.975769,680.1709,5,5.016986
2.87018,2869,696.975769,680.175842,5,5.016986
2.87200,2870,696.975769,680.1803,5,5.180583
2.87390,2871,696.975769,680.1851,5,4.891561
2.87392,2872,696.975769,680.190735,5,4.891561
2.87508,2873,696.975769,680.1956,5,4.94064
2.87696,2874,696.975769,680.2008,5,5.02789259
2.87699,2875,696.975769,680.205261,5,5.109691
2.87816,2876,696.975769,680.2103,5,4.891561
2.87818,2877,696.975769,680.215454,5,4.97335958
2.88001,2878,696.975769,680.2206,5,4.90246725
2.88191,2879,696.975769,680.226,5,5.12059736
2.88193,2880,696.975769,680.230347,5,5.07697153
2.88310,2881,696.975769,680.2354,5,4.94064
2.88493,2882,696.975769,680.2402,5,4.94064
2.88494,2883,696.975769,680.24585,5,4.858842
2.88617,2884,696.975769,680.2508,5,5.12059736
2.88619,2885,696.975769,680.2553,5,5.006079
2.88799,2886,696.975769,680.2602,5,5.016986
2.88991,2887,696.975769,680.265,5,4.847935
2.88993,2888,696.975769,680.271057,5,4.88065434
2.89108,2889,696.975769,680.2758,5,5.164223
2.89293,2890,696.975769,680.28064,5,5.07697153
2.89295,2891,696.975769,680.2851,5,5.109691
2.89418,2892,696.975769,680.2904,5,4.858842
2.89419,2893,696.975769,680.3006,5,5.038799
2.89605,2894,696.975769,680.305542,5,5.05515862
2.89790,2895,696.975769,680.31,5,5.02789259
2.89794,2896,696.975769,680.3161,5,4.82612228
2.89910,2897,696.975769,680.3212,5,5.038799
2.90093,2898,696.975769,680.3259,5,5.006079
2.90095,2899,696.975769,680.3259,5,5.006079
2.90216,2900,696.975769,680.335449,5,4.94064
2.90217,2901,696.975769,680.3412,5,4.891561
2.90404,2902,696.975769,680.3458,5,5.016986
2.90590,2903,696.975769,680.350952,5,4.96245337
2.90592,2904,696.975769,680.3559,5,5.13150358
2.90708,2905,696.975769,680.3612,5,4.97335958
2.90894,2906,696.975769,680.3664,5,5.087878
2.90895,2907,696.975769,680.371,5,5.07697153
2.91018,2908,696.975769,680.376038,5,4.995173
2.91019,2909,696.975769,680.3808,5,4.995173
2.91236,2910,696.975769,680.3864,5,4.88065434
2.91391,2911,696.975769,680.391357,5,5.09878445
2.91394,2912,696.975769,680.3962,5,5.006079
2.91514,2913,696.975769,680.4011,5,5.066065
2.91692,2914,696.975769,680.4059,5,4.95154667
2.91694,2915,696.975769,680.41156,5,4.96245337
2.91816,2916,696.975769,680.4161,5,5.066065
2.91818,2917,696.975769,680.4213,5,4.98426628
2.92002,2918,696.975769,680.426147,5,5.13150358
2.92190,2919,696.975769,680.431458,5,4.94064
2.92193,2920,696.975769,680.436462,5,5.066065
2.92309,2921,696.975769,680.441,5,4.97335958
2.92497,2922,696.975769,680.4465,5,4.96245337
2.92501,2923,696.975769,680.4514,5,5.07697153
2.92618,2924,696.975769,680.456665,5,4.95154667
2.92619,2925,696.975769,680.4612,5,5.09878445
2.92802,2926,696.975769,680.4661,5,4.90246725
2.92989,2927,696.975769,680.471863,5,5.02789259
2.92991,2928,696.975769,680.4768,5,5.07697153
2.93114,2929,696.975769,680.4816,5,5.087878
2.93292,2930,696.975769,680.4858,5,5.02789259
2.93294,2931,696.975769,680.4915,5,4.82612228
2.93417,2932,696.975769,680.496948,5,5.016986
2.93419,2933,696.975769,680.5019,5,5.006079
2.93601,2934,696.975769,680.5066,5,5.202396
2.93796,2935,696.975769,680.511047,5,5.006079
2.93798,2936,696.975769,680.5168,5,4.858842
2.93909,2937,696.975769,680.5217,5,4.95154667
2.94092,2938,696.975769,680.5269,5,4.96245337
2.94096,2939,696.975769,680.5315,5,5.164223
2.94216,2940,696.975769,680.536743,5,4.95154667
2.94217,2941,696.975769,680.542,5,4.97335958
2.94401,2942,696.975769,680.546936,5,4.95154667
2.94596,2943,696.975769,680.5525,5,5.05515862
2.94599,2944,696.975769,680.5569,5,5.153317
2.94708,2945,696.975769,680.5618,5,4.95154667
2.94897,2946,696.975769,680.566956,5,4.97335958
2.94900,2947,696.975769,680.5722,5,4.837029
2.95018,2948,696.975769,680.577454,5,5.07697153
2.95020,2949,696.975769,680.5819,5,5.05515862
2.95202,2950,696.975769,680.5868,5,4.995173
2.95389,2951,696.975769,680.591064,5,4.92973375
2.95393,2952,696.975769,680.597168,5,4.81521559
2.95509,2953,696.975769,680.602234,5,5.153317
2.95695,2954,696.975769,680.607544,5,5.087878
2.95699,2955,696.975769,680.6115,5,5.14241028
2.95817,2956,696.975769,680.616455,5,4.92973375
2.95819,2957,696.975769,680.622742,5,4.90246725
2.96001,2958,696.975769,680.627258,5,5.07697153
2.96194,2959,696.975769,680.632141,5,5.006079
2.96197,2960,696.975769,680.6366,5,5.066065
2.96310,2961,696.975769,680.6421,5,4.82612228
2.96496,2962,696.975769,680.647461,5,4.97335958
2.96499,2963,696.975769,680.6521,5,5.02789259
2.96618,2964,696.975769,680.657043,5,5.066065
2.96620,2965,696.975769,680.6617,5,5.006079
2.96802,2966,696.975769,680.6674,5,4.858842
2.96992,2967,696.975769,680.6722,5,5.038799
2.96995,2968,696.975769,680.6772,5,4.96245337
2.97110,2969,696.975769,680.6822,5,5.13150358
2.97296,2970,696.975769,680.687256,5,5.016986
2.97300,2971,696.975769,680.6929,5,5.038799
2.97419,2972,696.975769,680.6973,5,5.12059736
2.97421,2973,696.975769,680.702332,5,4.995173
2.97605,2974,696.975769,680.707031,5,5.05515862
2.97789,2975,696.975769,680.7126,5,4.858842
2.97791,2976,696.975769,680.7178,5,5.066065
2.97908,2977,696.975769,680.7224,5,5.038799
2.98096,2978,696.975769,680.7275,5,5.02789259
2.98100,2979,696.975769,680.732239,5,5.016986
2.98217,2980,696.975769,680.7379,5,4.92973375
2.98218,2981,696.975769,680.742554,5,5.09878445
2.98405,2982,696.975769,680.7476,5,4.995173
2.98592,2983,696.975769,680.7526,5,5.109691
2.98596,2984,696.975769,680.7577,5,4.995173
2.98709,2985,696.975769,680.763,5,5.016986
2.98894,2986,696.975769,680.7673,5,5.016986
2.98896,2987,696.975769,680.7729,5,4.94064
2.99017,2988,696.975769,680.777832,5,5.07697153
2.99019,2989,696.975769,680.783264,5,4.96245337
2.99204,2990,696.975769,680.787659,5,5.09878445
2.99389,2991,696.975769,680.792358,5,4.94064
2.99391,2992,696.975769,680.7982,5,4.97335958
2.99510,2993,696.975769,680.8032,5,5.087878
2.99698,2994,696.975769,680.8081,5,5.038799
2.99703,2995,696.975769,680.817566,5,4.82612228
2.99818,2996,696.975769,680.823364,5,4.97335958
2.99821,2997,696.975769,680.8282,5,4.995173
3.00002,2998,696.975769,680.8282,5,4.995173
3.00196,2999,696.975769,680.837341,5,5.09878445
3.00198,3000,696.975769,680.843,5,4.847935
3.00308,3001,696.975769,680.8481,5,4.97335958
3.00494,3002,696.975769,680.8533,5,4.95154667
3.00496,3003,696.975769,680.858032,5,5.164223
3.00617,3004,696.975769,680.8627,5,5.016986
3.00618,3005,696.975769,680.8681,5,4.96245337
3.00807,3006,696.975769,680.873047,5,4.995173
3.00993,3007,696.975769,680.8786,5,4.995173
3.00995,3008,696.975769,680.8832,5,5.21330261
3.01108,3009,696.975769,680.888062,5,4.995173
3.01299,3010,696.975769,680.8929,5,4.995173
3.01304,3011,696.975769,680.8982,5,4.869748
3.01418,3012,696.975769,680.903748,5,5.016986
3.01421,3013,696.975769,680.9082,5,5.09878445
3.01605,3014,696.975769,680.913147,5,4.995173
3.01792,3015,696.975769,680.9176,5,4.995173
3.01794,3016,696.975769,680.9235,5,4.798856
3.01908,3017,696.975769,680.928833,5,5.109691
3.02096,3018,696.975769,680.9337,5,5.109691
3.02099,3019,696.975769,680.938354,5,5.14241028
3.02217,3020,696.975769,680.943359,5,4.995173
3.02218,3021,696.975769,680.9493,5,4.88065434
3.02402,3022,696.975769,680.953857,5,5.09878445
3.02594,3023,696.975769,680.95874,5,4.995173
3.02597,3024,696.975769,680.9633,5,5.109691
3.02708,3025,696.975769,680.96875,5,4.869748
3.02903,3026,696.975769,680.9743,5,4.95154667
3.02908,3027,696.975769,680.9789,5,5.066065
3.03020,3028,696.975769,680.983765,5,5.05515862
3.03022,3029,696.975769,680.9884,5,5.05515862
3.03207,3030,696.975769,680.994,5,4.847935
3.03396,3031,696.975769,680.998962,5,5.016986
3.03400,3032,696.975769,681.003845,5,4.96245337
3.03508,3033,696.975769,681.009033,5,5.087878
3.03693,3034,696.975769,681.0139,5,5.05515862
3.03697,3035,696.975769,681.019531,5,5.006079
3.03817,3036,696.975769,681.024,5,5.14241028
3.03818,3037,696.975769,681.029,5,4.995173
3.04006,3038,696.975769,681.033752,5,5.05515862
3.04190,3039,696.975769,681.0392,5,4.869748
3.04194,3040,696.975769,681.044434,5,5.016986
3.04310,3041,696.975769,681.0491,5,5.05515862
3.04492,3042,696.975769,681.054138,5,5.016986
3.04494,3043,696.975769,681.058838,5,5.038799
3.04618,3044,696.975769,681.0648,5,4.891561
3.04620,3045,696.975769,681.0696,5,5.07697153
3.04805,3046,696.975769,681.0745,5,4.995173
3.04992,3047,696.975769,681.0796,5,5.07697153
3.04995,3048,696.975769,681.0846,5,5.016986
3.05109,3049,696.975769,681.0899,5,4.98426628
3.05295,3050,696.975769,681.09436,5,5.05515862
3.05299,3051,696.975769,681.1001,5,4.913374
3.05417,3052,696.975769,681.104736,5,5.07697153
3.05419,3053,696.975769,681.1102,5,4.97335958
3.05601,3054,696.975769,681.114258,5,5.05515862
3.05794,3055,696.975769,681.1189,5,4.98426628
3.05797,3056,696.975769,681.124634,5,4.92973375
3.05908,3057,696.975769,681.129761,5,5.087878
3.06095,3058,696.975769,681.1347,5,5.02789259
3.06097,3059,696.975769,681.1389,5,5.09878445
3.06236,3060,696.975769,681.144043,5,4.858842
3.06239,3061,696.975769,681.1499,5,4.92973375
3.06403,3062,696.975769,681.1547,5,4.995173
3.06595,3063,696.975769,681.159668,5,5.087878
3.06606,3064,696.975769,681.1638,5,5.13150358
3.06709,3065,696.975769,681.1694,5,4.82612228
3.06894,3066,696.975769,681.174561,5,4.94064
3.06897,3067,696.975769,681.1796,5,4.92973375
3.07017,3068,696.975769,681.1845,5,5.12059736
3.07019,3069,696.975769,681.189,5,5.05515862
3.07207,3070,696.975769,681.194458,5,4.90246725
3.07393,3071,696.975769,681.199463,5,4.98426628
3.07396,3072,696.975769,681.2049,5,4.913374
3.07508,3073,696.975769,681.209656,5,5.191489
3.07695,3074,696.975769,681.2143,5,5.016986
3.07698,3075,696.975769,681.219238,5,4.95154667
3.07817,3076,696.975769,681.224365,5,4.90246725
3.07819,3077,696.975769,681.2301,5,4.94064
3.08004,3078,696.975769,681.2345,5,5.13150358
3.08192,3079,696.975769,681.2394,5,4.995173
3.08194,3080,696.975769,681.244,5,5.016986
3.08314,3081,696.975769,681.249451,5,4.78794956
3.08497,3082,696.975769,681.2555,5,5.006079
3.08500,3083,696.975769,681.259949,5,5.13150358
3.08619,3084,696.975769,681.264465,5,5.109691
3.08621,3085,696.975769,681.2691,5,5.066065
3.08803,3086,696.975769,681.2753,5,4.837029
3.08992,3087,696.975769,681.2803,5,5.05515862
3.08994,3088,696.975769,681.2851,5,5.006079
3.09108,3089,696.975769,681.289734,5,5.09878445
3.09298,3090,696.975769,681.2947,5,4.95154667
3.09300,3091,696.975769,681.3004,5,4.88065434
3.09418,3092,696.975769,681.3051,5,5.07697153
3.09421,3093,696.975769,681.310059,5,5.02789259
3.09603,3094,696.975769,681.314636,5,5.087878
3.09794,3095,696.975769,681.320068,5,4.869748
3.09798,3096,696.975769,681.329956,5,4.98426628
3.09909,3097,696.975769,681.335144,5,5.038799
3.10093,3098,696.975769,681.339966,5,5.109691
3.10096,3099,696.975769,681.3456,5,4.95154667
3.10221,3100,696.975769,681.3502,5,5.14241028
3.10225,3101,696.975769,681.3552,5,5.006079
3.10405,3102,696.975769,681.36,5,5.016986
3.10590,3103,696.975769,681.3651,5,4.92973375
3.10592,3104,696.975769,681.3706,5,4.92973375
3.10709,3105,696.975769,681.3752,5,5.07697153
3.10893,3106,696.975769,681.3803,5,4.995173
3.10895,3107,696.975769,681.384949,5,5.066065
3.11018,3108,696.975769,681.3904,5,4.891561
3.11020,3109,696.975769,681.395447,5,5.016986
3.11217,3110,696.975769,681.400146,5,5.006079
3.11390,3111,696.975769,681.405334,5,5.006079
3.11392,3112,696.975769,681.410156,5,5.07697153
3.11510,3113,696.975769,681.4157,5,4.94064
3.11694,3114,696.975769,681.420044,5,5.07697153
3.11697,3115,696.975769,681.4252,5,4.913374
3.11818,3116,696.975769,681.4304,5,5.016986
3.11819,3117,696.975769,681.4354,5,5.006079
3.12005,3118,696.975769,681.4405,5,4.98426628
3.12191,3119,696.975769,681.4448,5,5.038799
3.12194,3120,696.975769,681.4505,5,4.869748
3.12309,3121,696.975769,681.45575,5,5.07697153
3.12495,3122,696.975769,681.4608,5,5.02789259
3.12498,3123,696.975769,681.4651,5,5.109691
3.12617,3124,696.975769,681.4697,5,4.94064
3.12618,3125,696.975769,681.475769,5,4.847935
3.12803,3126,696.975769,681.480652,5,5.016986
3.12990,3127,696.975769,681.4857,5,5.016986
3.12992,3128,696.975769,681.49,5,5.202396
3.13108,3129,696.975769,681.4952,5,4.90246725
3.13303,3130,696.975769,681.5006,5,4.90246725
3.13306,3131,696.975769,681.505554,5,4.92973375
3.13418,3132,696.975769,681.5107,5,5.016986
3.13420,3133,696.975769,681.514954,5,5.12059736
3.13602,3134,696.975769,681.5203,5,4.869748
3.13792,3135,696.975769,681.525269,5,4.97335958
3.13795,3136,696.975769,681.53064,5,4.90246725
3.13908,3137,696.975769,681.535645,5,5.09878445
3.14096,3138,696.975769,681.5401,5,5.087878
3.14101,3139,696.975769,681.545166,5,4.92973375
3.14217,3140,696.975769,681.5499,5,4.92973375
3.14219,3141,696.975769,681.556,5,4.837029
3.14404,3142,696.975769,681.560669,5,5.09878445
3.14592,3143,696.975769,681.5653,5,4.995173
3.14596,3144,696.975769,681.57,5,4.995173
3.14709,3145,696.975769,681.575134,5,4.837029
3.14894,3146,696.975769,681.5811,5,4.847935
3.14898,3147,696.975769,681.5859,5,5.14241028
3.15017,3148,696.975769,681.590759,5,5.05515862
3.15018,3149,696.975769,681.595337,5,5.109691
3.15202,3150,696.975769,681.600952,5,4.847935
3.15392,3151,696.975769,681.6062,5,4.95154667
3.15395,3152,696.975769,681.61084,5,5.038799
3.15508,3153,696.975769,681.615662,5,5.02789259
3.15695,3154,696.975769,681.6203,5,5.02789259
3.15698,3155,696.975769,681.6258,5,4.798856
3.15817,3156,696.975769,681.6307,5,5.016986
3.15818,3157,696.975769,681.635437,5,4.995173
3.16000,3158,696.975769,681.6401,5,5.07697153
3.16188,3159,696.975769,681.645,5,4.95154667
3.16190,3160,696.975769,681.650635,5,4.847935
3.16313,3161,696.975769,681.655151,5,5.006079
3.16495,3162,696.975769,681.660339,5,4.913374
3.16498,3163,696.975769,681.6651,5,5.09878445
3.16622,3164,696.975769,681.670532,5,4.95154667
3.16625,3165,696.975769,681.6757,5,5.02789259
3.16802,3166,696.975769,681.6802,5,5.066065
3.16992,3167,696.975769,681.685242,5,4.96245337
3.16995,3168,696.975769,681.6899,5,5.006079
3.17108,3169,696.975769,681.6956,5,4.82612228
3.17294,3170,696.975769,681.7005,5,5.05515862
3.17296,3171,696.975769,681.705261,5,4.995173
3.17416,3172,696.975769,681.7102,5,5.016986
3.17418,3173,696.975769,681.7151,5,4.98426628
3.17605,3174,696.975769,681.720642,5,4.90246725
3.17789,3175,696.975769,681.7252,5,5.087878
3.17793,3176,696.975769,681.730347,5,4.98426628
3.17911,3177,696.975769,681.7353,5,5.09878445
3.18096,3178,696.975769,681.74054,5,4.97335958
3.18099,3179,696.975769,681.745544,5,5.016986
3.18219,3180,696.975769,681.75,5,4.995173
3.18220,3181,696.975769,681.7556,5,4.92973375
3.18402,3182,696.975769,681.760559,5,5.07697153
3.18592,3183,696.975769,681.7656,5,4.95154667
3.18594,3184,696.975769,681.7701,5,5.087878
3.18710,3185,696.975769,681.7752,5,4.913374
3.18896,3186,696.975769,681.7808,5,4.96245337
3.18900,3187,696.975769,681.7858,5,5.07697153
3.19017,3188,696.975769,681.7906,5,5.05515862
3.19019,3189,696.975769,681.7947,5,5.07697153
3.19202,3190,696.975769,681.8005,5,4.82612228
3.19389,3191,696.975769,681.8059,5,4.97335958
3.19393,3192,696.975769,681.810852,5,4.995173
3.19508,3193,696.975769,681.8155,5,5.14241028
3.19695,3194,696.975769,681.82,5,5.07697153
3.19699,3195,696.975769,681.8306,5,4.95154667
3.19818,3196,696.975769,681.8358,5,4.92973375
3.19820,3197,696.975769,681.8403,5,5.153317
3.20002,3198,696.975769,681.8452,5,4.995173
3.20190,3199,696.975769,681.850464,5,4.913374
3.20194,3200,696.975769,681.8554,5,4.95154667
3.20308,3201,696.975769,681.86084,5,4.94064
3.20494,3202,696.975769,681.865356,5,5.153317
3.20497,3203,696.975769,681.8703,5,4.95154667
3.20617,3204,696.975769,681.875,5,4.95154667
3.20618,3205,696.975769,681.880432,5,4.837029
3.20805,3206,696.975769,681.8858,5,4.96245337
3.20981,3207,696.975769,681.890137,5,5.07697153
3.20983,3208,696.975769,681.895,5,4.96245337
3.21109,3209,696.975769,681.8996,5,4.97335958
3.21294,3210,696.975769,681.9054,5,4.74432325
3.21296,3211,696.975769,681.911,5,5.038799
3.21420,3212,696.975769,681.915649,5,5.087878
3.21424,3213,696.975769,681.9203,5,5.09878445
3.21606,3214,696.975769,681.9252,5,5.016986
3.21790,3215,696.975769,681.9311,5,4.82612228
3.21795,3216,696.975769,681.9356,5,5.066065
3.21909,3217,696.975769,681.9406,5,4.98426628
3.22092,3218,696.975769,681.945,5,5.087878
3.22095,3219,696.975769,681.9505,5,4.891561
3.22217,3220,696.975769,681.956,5,4.891561
3.22218,3221,696.975769,681.960632,5,5.066065
3.22404,3222,696.975769,681.9655,5,5.016986
3.22581,3223,696.975769,681.970032,5,5.07697153
3.22583,3224,696.975769,681.975769,5,4.847935
3.22710,3225,696.975769,681.980652,5,4.98426628
3.22905,3226,696.975769,681.9855,5,4.96245337
3.22909,3227,696.975769,681.9906,5,5.038799
3.23019,3228,696.975769,681.995544,5,5.07697153
3.23021,3229,696.975769,682.0011,5,4.96245337
3.23200,3230,696.975769,682.0056,5,5.13150358
3.23385,3231,696.975769,682.010559,5,4.995173
3.23389,3232,696.975769,682.0154,5,5.02789259
3.23509,3233,696.975769,682.020569,5,4.891561
3.23691,3234,696.975769,682.026062,5,4.95154667
3.23692,3235,696.975769,682.03064,5,5.066065
3.23818,3236,696.975769,682.035645,5,4.995173
3.23820,3237,696.975769,682.0403,5,5.038799
3.24006,3238,696.975769,682.0459,5,4.858842
3.24182,3239,696.975769,682.050659,5,5.016986
3.24184,3240,696.975769,682.055542,5,4.98426628
3.24308,3241,696.975769,682.0607,5,4.995173
3.24491,3242,696.975769,682.0655,5,5.05515862
3.24494,3243,696.975769,682.0709,5,4.92973375
3.24618,3244,696.975769,682.075562,5,5.05515862
3.24620,3245,696.975769,682.0809,5,4.90246725
3.24806,3246,696.975769,682.085938,5,5.006079
3.24982,3247,696.975769,682.090942,5,4.97335958
3.24984,3248,696.975769,682.096,5,4.96245337
3.25109,3249,696.975769,682.100464,5,5.006079
3.25291,3250,696.975769,682.106262,5,4.82612228
3.25293,3251,696.975769,682.1111,5,5.02789259
3.25417,3252,696.975769,682.116333,5,4.995173
3.25418,3253,696.975769,682.1203,5,5.07697153
3.25603,3254,696.975769,682.1248,5,4.913374
3.25782,3255,696.975769,682.1306,5,4.81521559
3.25786,3256,696.975769,682.1355,5,4.98426628
3.25909,3257,696.975769,682.1405,5,4.98426628
3.26091,3258,696.975769,682.144653,5,5.164223
3.26093,3259,696.975769,682.149841,5,4.88065434
3.26238,3260,696.975769,682.155334,5,4.858842
3.26242,3261,696.975769,682.1602,5,4.90246725
3.26402,3262,696.975769,682.1652,5,4.98426628
3.26583,3263,696.975769,682.1697,5,5.109691
3.26585,3264,696.975769,682.1749,5,4.869748
3.26710,3265,696.975769,682.179932,5,4.95154667
3.26893,3266,696.975769,682.185242,5,4.891561
3.26897,3267,696.975769,682.1903,5,5.07697153
3.27017,3268,696.975769,682.194763,5,5.09878445
3.27018,3269,696.975769,682.1998,5,4.92973375
3.27199,3270,696.975769,682.2046,5,4.95154667
3.27385,3271,696.975769,682.210449,5,4.837029
3.27388,3272,696.975769,682.2151,5,5.087878
3.27517,3273,696.975769,682.22,5,5.016986
3.27691,3274,696.975769,682.2244,5,4.995173
3.27693,3275,696.975769,682.2296,5,4.88065434
3.27818,3276,696.975769,682.23584,5,4.847935
3.27820,3277,696.975769,682.2404,5,5.153317
3.28001,3278,696.975769,682.2453,5,5.07697153
3.28186,3279,696.975769,682.249756,5,5.13150358
3.28190,3280,696.975769,682.2555,5,4.88065434
3.28311,3281,696.975769,682.260742,5,4.94064
3.28492,3282,696.975769,682.2654,5,5.066065
3.28494,3283,696.975769,682.2702,5,5.038799
3.28618,3284,696.975769,682.274841,5,5.05515862
3.28620,3285,696.975769,682.2807,5,4.82612228
3.28799,3286,696.975769,682.2855,5,5.02789259
3.28985,3287,696.975769,682.290466,5,5.016986
3.28987,3288,696.975769,682.295,5,5.087878
3.29112,3289,696.975769,682.3002,5,4.97335958
3.29291,3290,696.975769,682.305664,5,4.869748
3.29292,3291,696.975769,682.310242,5,5.02789259
3.29418,3292,696.975769,682.3154,5,4.96245337
3.29420,3293,696.975769,682.3203,5,5.13150358
3.29602,3294,696.975769,682.325745,5,4.98426628
3.29789,3295,696.975769,682.3308,5,5.066065
3.29790,3296,696.975769,682.3355,5,5.09878445
3.29911,3297,696.975769,682.345337,5,5.02789259
3.30091,3298,696.975769,682.351,5,4.869748
