t,n,A,B,C,D
0.00076,0,650.382,650.682,-0.2999878,-0.354460955
0.00241,1,650.382,650.6816,-0.299560547,-0.365367442
0.00427,2,650.382,650.6812,-0.299194336,-0.3817272
0.00430,3,650.382,650.680847,-0.298828125,-0.365367442
0.00550,4,650.382,650.6805,-0.2984619,-0.3817272
0.00732,5,650.382,650.6801,-0.2980957,-0.3817272
0.00736,6,650.382,650.6797,-0.297668457,-0.3817272
0.00863,7,650.382,650.6793,-0.297302246,-0.392633677
0.00865,8,650.382,650.6789,-0.296875,-0.403540134
0.01039,9,650.382,650.6784,-0.296386719,-0.42535314
0.01225,10,650.382,650.67804,-0.2960205,-0.447166115
0.01227,11,650.382,650.677551,-0.295532227,-0.447166115
0.01350,12,650.382,650.6771,-0.29510498,-0.447166115
0.01533,13,650.382,650.6767,-0.294677734,-0.436259627
0.01535,14,650.382,650.676331,-0.294311523,-0.414446652
0.01657,15,650.382,650.6761,-0.294067383,-0.392633677
0.01661,16,650.382,650.6757,-0.293701172,-0.365367442
0.01840,17,650.382,650.6754,-0.293396,-0.332647949
0.02022,18,650.382,650.675232,-0.2932129,-0.310834974
0.02023,19,650.382,650.6749,-0.2929077,-0.2999285
0.02150,20,650.382,650.6747,-0.292663574,-0.2781155
0.02332,21,650.382,650.674438,-0.292419434,-0.256302536
0.02334,22,650.382,650.674255,-0.292236328,-0.239942789
0.02461,23,650.382,650.674133,-0.292114258,-0.207223326
0.02465,24,650.382,650.6741,-0.292053223,-0.16359736
0.02641,25,650.382,650.674,-0.2919922,-0.130877882
0.02824,26,650.382,650.674,-0.2919922,-0.08179868
0.02827,27,650.382,650.674,-0.2919922,-0.04907921
0.02951,28,650.382,650.6741,-0.292053223,-0.0163597353
0.03136,29,650.382,650.6741,-0.292053223,0.0109064905
0.03137,30,650.382,650.6741,-0.292053223,0.03271947
0.03261,31,650.382,650.674133,-0.292114258,0.043625962
0.03265,32,650.382,650.674255,-0.292236328,0.043625962
0.03440,33,650.382,650.6742,-0.2921753,0.03271947
0.03623,34,650.382,650.674255,-0.292236328,0.021812981
0.03624,35,650.382,650.674255,-0.292236328,0.0109064905
0.03749,36,650.382,650.674255,-0.292236328,0
0.03931,37,650.382,650.674255,-0.292236328,0
0.03933,38,650.382,650.674255,-0.292236328,-0.0163597353
0.04059,39,650.382,650.674133,-0.292114258,-0.0272662267
0.04061,40,650.382,650.6741,-0.292053223,-0.0599856973
0.04240,41,650.382,650.6741,-0.292053223,-0.0599856973
0.04423,42,650.382,650.674,-0.2919922,-0.07089219
0.04424,43,650.382,650.6739,-0.291870117,-0.07089219
0.04551,44,650.382,650.6738,-0.291809082,-0.0599856973
0.04733,45,650.382,650.673767,-0.291748047,-0.07089219
0.04735,46,650.382,650.673767,-0.291748047,-0.0599856973
0.04857,47,650.382,650.6737,-0.291687,-0.0599856973
0.04858,48,650.382,650.6737,-0.291687,-0.04907921
0.05039,49,650.382,650.6737,-0.291687,-0.04907921
0.05225,50,650.382,650.673645,-0.291625977,-0.03817272
0.05228,51,650.382,650.673645,-0.291625977,-0.03817272
0.05348,52,650.382,650.673645,-0.291625977,-0.0272662267
0.05531,53,650.382,650.6736,-0.291564941,-0.0272662267
0.05532,54,650.382,650.673645,-0.291625977,-0.0163597353
0.05657,55,650.382,650.6736,-0.291564941,-0.0163597353
0.05658,56,650.382,650.6736,-0.291564941,-0.0163597353
0.05840,57,650.382,650.6736,-0.291564941,-0.0163597353
0.06025,58,650.382,650.6735,-0.2915039,-0.0272662267
0.06027,59,650.382,650.6735,-0.2915039,-0.03817272
0.06151,60,650.382,650.673462,-0.291442871,-0.03817272
0.06336,61,650.382,650.6734,-0.291381836,-0.0599856973
0.06340,62,650.382,650.67334,-0.2913208,-0.0599856973
0.06457,63,650.382,650.6733,-0.291259766,-0.0599856973
0.06459,64,650.382,650.6733,-0.291259766,-0.0599856973
0.06641,65,650.382,650.6732,-0.29119873,-0.04907921
0.06823,66,650.382,650.673157,-0.2911377,-0.04907921
0.06826,67,650.382,650.673157,-0.2911377,-0.04907921
0.06948,68,650.382,650.673035,-0.291015625,-0.0599856973
0.07130,69,650.382,650.673,-0.2909546,-0.0599856973
0.07132,70,650.382,650.673,-0.2909546,-0.0599856973
0.07257,71,650.382,650.672852,-0.29083252,-0.07089219
0.07259,72,650.382,650.6728,-0.290771484,-0.07089219
0.07440,73,650.382,650.6727,-0.290710449,-0.08179868
0.07625,74,650.382,650.6726,-0.290588379,-0.09270517
0.07627,75,650.382,650.672546,-0.290527344,-0.09270517
0.07748,76,650.382,650.672363,-0.290344238,-0.103611663
0.07932,77,650.382,650.672241,-0.290222168,-0.130877882
0.07934,78,650.382,650.672058,-0.290039063,-0.141784385
0.08060,79,650.382,650.6719,-0.289855957,-0.16359736
0.08062,80,650.382,650.671631,-0.289611816,-0.174503848
0.08240,81,650.382,650.6715,-0.289489746,-0.185410336
0.08425,82,650.382,650.671265,-0.2892456,-0.218129814
0.08428,83,650.382,650.670959,-0.28894043,-0.229036286
0.08548,84,650.382,650.6707,-0.2886963,-0.256302536
0.08732,85,650.382,650.6705,-0.288452148,-0.267209023
0.08733,86,650.382,650.6702,-0.288208,-0.267209023
0.08857,87,650.382,650.67,-0.287963867,-0.267209023
0.08858,88,650.382,650.6698,-0.287780762,-0.256302536
0.09039,89,650.382,650.6695,-0.2874756,-0.256302536
0.09225,90,650.382,650.66925,-0.287231445,-0.256302536
0.09229,91,650.382,650.669,-0.2869873,-0.239942789
0.09348,92,650.382,650.668762,-0.286743164,-0.256302536
0.09537,93,650.382,650.6686,-0.286560059,-0.239942789
0.09543,94,650.382,650.6683,-0.286254883,-0.256302536
0.09658,95,650.382,650.668,-0.286010742,-0.256302536
0.09659,96,650.382,650.6677,-0.285705566,-0.267209023
0.09844,97,650.382,650.667358,-0.285339355,-0.2999285
0.10031,98,650.382,650.667053,-0.28503418,-0.3217415
0.10033,99,650.382,650.6666,-0.284606934,-0.343554467
0.10154,100,650.382,650.6663,-0.284301758,-0.354460955
0.10331,101,650.382,650.6659,-0.2838745,-0.365367442
0.10333,102,650.382,650.6656,-0.283569336,-0.354460955
0.10457,103,650.382,650.6653,-0.28326416,-0.354460955
0.10459,104,650.382,650.665039,-0.28302002,-0.3217415
0.10639,105,650.382,650.6649,-0.282897949,-0.289022
0.10825,106,650.382,650.6647,-0.2826538,-0.239942789
0.10828,107,650.382,650.6646,-0.282592773,-0.185410336
0.10949,108,650.382,650.664551,-0.282531738,-0.152690873
0.11137,109,650.382,650.6644,-0.282409668,-0.114518143
0.11140,110,650.382,650.664368,-0.282348633,-0.09270517
0.11259,111,650.382,650.6643,-0.2822876,-0.08179868
0.11261,112,650.382,650.664246,-0.282226563,-0.07089219
0.11447,113,650.382,650.6642,-0.282165527,-0.07089219
0.11626,114,650.382,650.664063,-0.282043457,-0.08179868
0.11630,115,650.382,650.664,-0.281982422,-0.09270517
0.11748,116,650.382,650.6639,-0.281860352,-0.09270517
0.11934,117,650.382,650.663757,-0.281738281,-0.114518143
0.11937,118,650.382,650.6637,-0.281677246,-0.114518143
0.12057,119,650.382,650.663452,-0.2814331,-0.130877882
0.12059,120,650.382,650.6633,-0.281311035,-0.152690873
0.12242,121,650.382,650.6631,-0.2810669,-0.174503848
0.12426,122,650.382,650.662842,-0.280822754,-0.207223326
0.12428,123,650.382,650.662659,-0.280639648,-0.218129814
0.12548,124,650.382,650.6624,-0.2803955,-0.239942789
0.12733,125,650.382,650.6622,-0.280151367,-0.229036286
0.12736,126,650.382,650.662,-0.279968262,-0.229036286
0.12861,127,650.382,650.6618,-0.279785156,-0.229036286
0.12867,128,650.382,650.66156,-0.279541016,-0.218129814
0.13045,129,650.382,650.6614,-0.2793579,-0.218129814
0.13224,130,650.382,650.661255,-0.27923584,-0.207223326
0.13226,131,650.382,650.661,-0.2789917,-0.196316838
0.13348,132,650.382,650.6609,-0.278869629,-0.185410336
0.13535,133,650.382,650.660645,-0.2786255,-0.174503848
0.13538,134,650.382,650.6605,-0.278503418,-0.174503848
0.13657,135,650.382,650.660339,-0.2783203,-0.174503848
0.13659,136,650.382,650.660156,-0.2781372,-0.174503848
0.13839,137,650.382,650.659851,-0.277832031,-0.207223326
0.14024,138,650.382,650.659546,-0.277526855,-0.229036286
0.14025,139,650.382,650.6592,-0.277160645,-0.289022
0.14149,140,650.382,650.6588,-0.276794434,-0.343554467
0.14335,141,650.382,650.6583,-0.276306152,-0.3817272
0.14337,142,650.382,650.6579,-0.2758789,-0.414446652
0.14477,143,650.382,650.6574,-0.275390625,-0.436259627
0.14483,144,650.382,650.657,-0.274963379,-0.458072573
0.14642,145,650.382,650.6564,-0.274353027,-0.479885578
0.14830,146,650.382,650.6559,-0.273864746,-0.5180583
0.14832,147,650.382,650.655334,-0.27331543,-0.5289648
0.14949,148,650.382,650.654846,-0.272827148,-0.5398713
0.15134,149,650.382,650.654236,-0.2722168,-0.5507778
0.15136,150,650.382,650.6538,-0.271789551,-0.5398713
0.15258,151,650.382,650.6533,-0.27130127,-0.507151842
0.15259,152,650.382,650.653,-0.2709961,-0.458072573
0.15446,153,650.382,650.6528,-0.270751953,-0.392633677
0.15627,154,650.382,650.6525,-0.2705078,-0.332647949
0.15631,155,650.382,650.652344,-0.2703247,-0.267209023
0.15748,156,650.382,650.6522,-0.270202637,-0.229036286
0.15932,157,650.382,650.6519,-0.269897461,-0.174503848
0.15935,158,650.382,650.6518,-0.2697754,-0.16359736
0.16057,159,650.382,650.6516,-0.2695923,-0.16359736
0.16059,160,650.382,650.6515,-0.2694702,-0.152690873
0.16242,161,650.382,650.6513,-0.2692871,-0.16359736
0.16426,162,650.382,650.6512,-0.269165039,-0.174503848
0.16427,163,650.382,650.65094,-0.2689209,-0.174503848
0.16548,164,650.382,650.6508,-0.268798828,-0.174503848
0.16733,165,650.382,650.650635,-0.268615723,-0.174503848
0.16736,166,650.382,650.6505,-0.268493652,-0.152690873
0.16857,167,650.382,650.6504,-0.268371582,-0.152690873
0.16860,168,650.382,650.650269,-0.2682495,-0.152690873
0.17040,169,650.382,650.6502,-0.268188477,-0.130877882
0.17228,170,650.382,650.6501,-0.2680664,-0.114518143
0.17230,171,650.382,650.6501,-0.2680664,-0.09270517
0.17349,172,650.382,650.65,-0.268005371,-0.07089219
0.17534,173,650.382,650.649963,-0.267944336,-0.07089219
0.17538,174,650.382,650.649963,-0.267944336,-0.04907921
0.17657,175,650.382,650.6499,-0.2678833,-0.04907921
0.17659,176,650.382,650.6499,-0.2678833,-0.04907921
0.17845,177,650.382,650.6498,-0.26776123,-0.03817272
0.18027,178,650.382,650.6498,-0.26776123,-0.04907921
0.18030,179,650.382,650.649658,-0.26763916,-0.0599856973
0.18148,180,650.382,650.649658,-0.26763916,-0.0599856973
0.18337,181,650.382,650.6496,-0.267578125,-0.0599856973
0.18341,182,650.382,650.649536,-0.2675171,-0.0599856973
0.18458,183,650.382,650.6495,-0.267456055,-0.07089219
0.18459,184,650.382,650.649353,-0.267333984,-0.08179868
0.18642,185,650.382,650.6492,-0.267150879,-0.103611663
0.18825,186,650.382,650.649048,-0.2670288,-0.130877882
0.18828,187,650.382,650.648743,-0.266723633,-0.16359736
0.18953,188,650.382,650.64856,-0.266540527,-0.185410336
0.19136,189,650.382,650.6484,-0.266357422,-0.218129814
0.19139,190,650.382,650.6481,-0.266052246,-0.239942789
0.19258,191,650.382,650.647766,-0.26574707,-0.267209023
0.19259,192,650.382,650.647461,-0.2654419,-0.289022
0.19469,193,650.382,650.647156,-0.265136719,-0.2999285
0.19625,194,650.382,650.6469,-0.264892578,-0.310834974
0.19627,195,650.382,650.6466,-0.2645874,-0.2999285
0.19750,196,650.382,650.6463,-0.264282227,-0.289022
0.19937,197,650.382,650.6461,-0.264099121,-0.2781155
0.19939,198,650.382,650.6458,-0.263793945,-0.267209023
0.20061,199,650.382,650.6456,-0.26361084,-0.267209023
0.20063,200,650.382,650.6455,-0.26348877,-0.229036286
0.20244,201,650.382,650.6454,-0.2633667,-0.207223326
0.20423,202,650.382,650.6452,-0.2631836,-0.174503848
0.20425,203,650.382,650.6451,-0.263061523,-0.141784385
0.20550,204,650.382,650.644958,-0.262939453,-0.141784385
0.20736,205,650.382,650.6448,-0.262756348,-0.141784385
0.20738,206,650.382,650.644653,-0.262634277,-0.152690873
0.20857,207,650.382,650.6445,-0.262451172,-0.174503848
0.20859,208,650.382,650.6442,-0.262207031,-0.174503848
0.21045,209,650.382,650.6439,-0.261901855,-0.207223326
0.21224,210,650.382,650.6437,-0.2616577,-0.229036286
0.21226,211,650.382,650.6434,-0.261352539,-0.267209023
0.21348,212,650.382,650.643,-0.260986328,-0.2999285
0.21534,213,650.382,650.642761,-0.2607422,-0.310834974
0.21536,214,650.382,650.642456,-0.260437,-0.310834974
0.21659,215,650.382,650.6422,-0.260192871,-0.310834974
0.21661,216,650.382,650.6419,-0.2598877,-0.310834974
0.21844,217,650.382,650.641663,-0.259643555,-0.2999285
0.22024,218,650.382,650.641357,-0.259338379,-0.2999285
0.22026,219,650.382,650.6411,-0.259094238,-0.289022
0.22149,220,650.382,650.640869,-0.2588501,-0.267209023
0.22337,221,650.382,650.640564,-0.258544922,-0.267209023
0.22341,222,650.382,650.6404,-0.258361816,-0.256302536
0.22456,223,650.382,650.6401,-0.258056641,-0.256302536
0.22458,224,650.382,650.639832,-0.2578125,-0.267209023
0.22642,225,650.382,650.6395,-0.257507324,-0.2781155
0.22836,226,650.382,650.6392,-0.257202148,-0.2781155
0.22844,227,650.382,650.6389,-0.256896973,-0.2999285
0.22950,228,650.382,650.6387,-0.256652832,-0.2999285
0.23134,229,650.382,650.638367,-0.256347656,-0.310834974
0.23138,230,650.382,650.638062,-0.25604248,-0.310834974
0.23259,231,650.382,650.637756,-0.2557373,-0.2999285
0.23263,232,650.382,650.6376,-0.2555542,-0.2781155
0.23441,233,650.382,650.637451,-0.255432129,-0.256302536
0.23622,234,650.382,650.6372,-0.255188,-0.239942789
0.23624,235,650.382,650.636963,-0.254943848,-0.207223326
0.23751,236,650.382,650.6367,-0.2546997,-0.218129814
0.23934,237,650.382,650.6365,-0.254455566,-0.229036286
0.23938,238,650.382,650.6363,-0.254272461,-0.229036286
0.24061,239,650.382,650.636,-0.2539673,-0.239942789
0.24065,240,650.382,650.635742,-0.253723145,-0.256302536
0.24244,241,650.382,650.6354,-0.253356934,-0.2781155
0.24424,242,650.382,650.635132,-0.2531128,-0.289022
0.24425,243,650.382,650.634766,-0.252746582,-0.310834974
0.24550,244,650.382,650.63446,-0.2524414,-0.332647949
0.24733,245,650.382,650.6341,-0.2520752,-0.332647949
0.24736,246,650.382,650.6337,-0.251708984,-0.343554467
0.24861,247,650.382,650.633362,-0.251342773,-0.354460955
0.24863,248,650.382,650.632935,-0.250915527,-0.365367442
0.25045,249,650.382,650.632568,-0.250549316,-0.392633677
0.25225,250,650.382,650.632,-0.25,-0.414446652
0.25230,251,650.382,650.631531,-0.249511719,-0.447166115
0.25350,252,650.382,650.6311,-0.249084473,-0.46897912
0.25538,253,650.382,650.630554,-0.248535156,-0.490792066
0.25542,254,650.382,650.6301,-0.24810791,-0.490792066
0.25658,255,650.382,650.629639,-0.247619629,-0.479885578
0.25662,256,650.382,650.6293,-0.247253418,-0.46897912
0.25843,257,650.382,650.628967,-0.246948242,-0.414446652
0.26024,258,650.382,650.628662,-0.246643066,-0.365367442
0.26027,259,650.382,650.6285,-0.246459961,-0.332647949
0.26150,260,650.382,650.628052,-0.246032715,-0.256302536
0.26334,261,650.382,650.627869,-0.245849609,-0.229036286
0.26337,262,650.382,650.627747,-0.245727539,-0.196316838
0.26460,263,650.382,650.627563,-0.245544434,-0.196316838
0.26462,264,650.382,650.627441,-0.245422363,-0.174503848
0.26643,265,650.382,650.6273,-0.2453003,-0.141784385
0.26826,266,650.382,650.6272,-0.245178223,-0.141784385
0.26830,267,650.382,650.627136,-0.245117188,-0.114518143
0.26952,268,650.382,650.627136,-0.245117188,-0.09270517
0.27134,269,650.382,650.6271,-0.245056152,-0.08179868
0.27138,270,650.382,650.6271,-0.245056152,-0.04907921
0.27258,271,650.382,650.6271,-0.245056152,-0.03817272
0.27260,272,650.382,650.6271,-0.245056152,-0.0163597353
0.27445,273,650.382,650.6271,-0.245056152,-0.0163597353
0.27625,274,650.382,650.6271,-0.245056152,-0.0163597353
0.27629,275,650.382,650.627136,-0.245117188,0.0109064905
0.27748,276,650.382,650.627136,-0.245117188,0.0109064905
0.27934,277,650.382,650.627136,-0.245117188,0.0109064905
0.27937,278,650.382,650.627136,-0.245117188,0
0.28058,279,650.382,650.627136,-0.245117188,-0.0163597353
0.28061,280,650.382,650.627136,-0.245117188,-0.0163597353
0.28241,281,650.382,650.627136,-0.245117188,-0.0163597353
0.30695,282,650.382,650.6271,-0.245056152,-0.0163597353
0.30716,283,650.382,650.6271,-0.245056152,-0.0163597353
0.30719,284,650.382,650.627,-0.244995117,-0.0272662267
0.30721,285,650.382,650.627,-0.244995117,-0.03817272
0.30724,286,650.382,650.626953,-0.244934082,-0.03817272
0.30726,287,650.382,650.6269,-0.244873047,-0.04907921
0.30727,288,650.382,650.626831,-0.244812012,-0.04907921
0.30730,289,650.382,650.626831,-0.244812012,-0.04907921
0.30731,290,650.382,650.6268,-0.244750977,-0.0599856973
0.30734,291,650.382,650.6267,-0.244689941,-0.0599856973
0.30737,292,650.382,650.626648,-0.2446289,-0.0599856973
0.30739,293,650.382,650.6266,-0.244567871,-0.0599856973
0.30741,294,650.382,650.6265,-0.244506836,-0.0599856973
0.30743,295,650.382,650.6265,-0.244506836,-0.04907921
0.30745,296,650.382,650.626465,-0.2444458,-0.04907921
0.30746,297,650.382,650.626465,-0.2444458,-0.04907921
0.30747,298,650.382,650.626465,-0.2444458,-0.03817272
0.30749,299,650.382,650.626465,-0.2444458,-0.0272662267
0.30751,300,650.382,650.626465,-0.2444458,-0.0272662267
0.30753,301,650.382,650.626465,-0.2444458,-0.0272662267
0.30755,302,650.382,650.6264,-0.244384766,-0.0272662267
0.30757,303,650.382,650.6264,-0.244384766,-0.0272662267
0.30758,304,650.382,650.6264,-0.244384766,-0.0272662267
0.30760,305,650.382,650.626343,-0.24432373,-0.0272662267
0.30827,306,650.382,650.6263,-0.2442627,-0.0272662267
0.30830,307,650.382,650.6263,-0.2442627,-0.0272662267
0.30950,308,680.382,650.6262,5,-0.0272662267
0.31145,309,680.382,650.6262,5,-0.0272662267
0.31149,310,680.382,650.626465,5,-0.0163597353
0.31259,311,680.382,650.6273,5,0.109064907
0.31261,312,680.382,650.629,5,0.430806369
0.31443,313,680.382,650.6316,5,0.9761309
0.31625,314,680.382,650.6348,5,1.70686567
0.31628,315,680.382,650.638367,5,2.43760061
0.31750,316,680.382,650.6423,5,3.03200436
0.31935,317,680.382,650.646545,5,3.5664227
0.31938,318,680.382,650.6514,5,4.024495
0.32058,319,680.382,650.657166,5,4.482568
0.32061,320,680.382,650.6625,5,5.016986
0.32245,321,680.382,650.668152,5,5.224209
0.32425,322,680.382,650.6747,5,5.622296
0.32428,323,680.382,650.681335,5,5.95494366
0.32550,324,680.382,650.6872,5,6.113088
0.32738,325,680.382,650.694,5,6.331218
0.32741,326,680.382,650.700439,5,6.50026846
0.32859,327,680.382,650.7063,5,6.34212446
0.32863,328,680.382,650.7111,5,6.03128958
0.33044,329,680.382,650.7176,5,5.94403744
0.33225,330,680.382,650.723145,5,5.76953363
0.33229,331,680.382,650.728333,5,5.529591
0.33350,332,680.382,650.7327,5,5.485965
0.33536,333,680.382,650.7374,5,5.14241028
0.33541,334,680.382,650.743,5,4.90246725
0.33658,335,680.382,650.7475,5,4.869748
0.33662,336,680.382,650.7526,5,4.847935
0.33842,337,680.382,650.7567,5,4.95154667
0.34027,338,680.382,650.7613,5,4.618899
0.34030,339,680.382,650.7664,5,4.6734314
0.34151,340,680.382,650.771,5,4.618899
0.34336,341,680.382,650.7762,5,4.72251034
0.34339,342,680.382,650.7807,5,4.92973375
0.34480,343,680.382,650.7852,5,4.711604
0.34484,344,680.382,650.79,5,4.74432325
0.34643,345,680.382,650.794861,5,4.6625247
0.34827,346,680.382,650.800537,5,4.81521559
0.34831,347,680.382,650.805,5,5.006079
0.34951,348,680.382,650.809753,5,4.90246725
0.35134,349,680.382,650.814331,5,4.95154667
0.35138,350,680.382,650.819763,5,4.733417
0.35258,351,680.382,650.825562,5,5.006079
0.35260,352,680.382,650.830139,5,5.13150358
0.35442,353,680.382,650.835,5,5.12059736
0.35624,354,680.382,650.839539,5,5.087878
0.35625,355,680.382,650.8454,5,4.858842
0.35752,356,680.382,650.855164,5,5.006079
0.35935,357,680.382,650.859863,5,5.09878445
0.35939,358,680.382,650.8646,5,4.913374
0.36058,359,680.382,650.8704,5,4.858842
0.36061,360,680.382,650.875061,5,5.038799
0.36244,361,680.382,650.8799,5,4.96245337
0.36425,362,680.382,650.8844,5,5.016986
0.36427,363,680.382,650.8898,5,4.76613665
0.36550,364,680.382,650.895142,5,4.847935
0.36734,365,680.382,650.8996,5,4.869748
0.36738,366,680.382,650.904663,5,4.88065434
0.36858,367,680.382,650.909363,5,5.006079
0.36861,368,680.382,650.9143,5,4.798856
0.37042,369,680.382,650.9196,5,4.98426628
0.37224,370,680.382,650.924133,5,4.90246725
0.37226,371,680.382,650.9291,5,4.858842
0.37351,372,680.382,650.933655,5,4.858842
0.37534,373,680.382,650.9392,5,4.75523
0.37536,374,680.382,650.944,5,4.98426628
0.37658,375,680.382,650.9487,5,4.913374
0.37661,376,680.382,650.9536,5,4.98426628
0.37843,377,680.382,650.958435,5,4.869748
0.38025,378,680.382,650.964,5,4.869748
0.38027,379,680.382,650.968567,5,5.006079
0.38150,380,680.382,650.9735,5,4.90246725
0.38335,381,680.382,650.978455,5,5.05515862
0.38339,382,680.382,650.9836,5,4.891561
0.38458,383,680.382,650.988647,5,4.98426628
0.38460,384,680.382,650.993,5,4.94064
0.38642,385,680.382,650.9984,5,4.869748
0.38824,386,680.382,651.003357,5,5.006079
0.38827,387,680.382,651.008362,5,4.858842
0.38950,388,680.382,651.0129,5,5.016986
0.39135,389,680.382,651.017456,5,4.837029
0.39138,390,680.382,651.0232,5,4.858842
0.39259,391,680.382,651.0281,5,4.98426628
0.39261,392,680.382,651.032959,5,4.94064
0.39479,393,680.382,651.037,5,4.98426628
0.39627,394,680.382,651.042053,5,4.711604
0.39630,395,680.382,651.0478,5,4.82612228
0.39750,396,680.382,651.052551,5,4.88065434
0.39933,397,680.382,651.0574,5,4.995173
0.39936,398,680.382,651.0616,5,5.038799
0.40060,399,680.382,651.0668,5,4.72251034
0.40062,400,680.382,651.07196,5,4.847935
0.40243,401,680.382,651.0769,5,4.837029
0.40424,402,680.382,651.0819,5,5.016986
0.40426,403,680.382,651.086243,5,4.995173
0.40549,404,680.382,651.0919,5,4.81521559
0.40735,405,680.382,651.096741,5,4.913374
0.40738,406,680.382,651.1021,5,4.847935
0.40858,407,680.382,651.107,5,5.09878445
0.40860,408,680.382,651.1115,5,4.995173
0.41044,409,680.382,651.11676,5,4.88065434
0.41223,410,680.382,651.121643,5,4.869748
0.41225,411,680.382,651.1271,5,4.837029
0.41348,412,680.382,651.131958,5,5.087878
0.41533,413,680.382,651.1363,5,4.96245337
0.41536,414,680.382,651.1407,5,4.98426628
0.41661,415,680.382,651.1457,5,4.777043
0.41663,416,680.382,651.1516,5,4.858842
0.41843,417,680.382,651.1562,5,5.109691
0.42024,418,680.382,651.16095,5,5.016986
0.42026,419,680.382,651.1654,5,5.05515862
0.42149,420,680.382,651.1707,5,4.76613665
0.42332,421,680.382,651.1762,5,4.913374
0.42333,422,680.382,651.1807,5,4.96245337
0.42460,423,680.382,651.1855,5,4.97335958
0.42462,424,680.382,651.189941,5,4.96245337
0.42645,425,680.382,651.1956,5,4.72251034
0.42823,426,680.382,651.2007,5,4.96245337
0.42825,427,680.382,651.205261,5,4.94064
0.42951,428,680.382,651.21,5,5.006079
0.43132,429,680.382,651.2147,5,4.891561
0.43135,430,680.382,651.220337,5,4.78794956
0.43259,431,680.382,651.225,5,4.96245337
0.43263,432,680.382,651.2302,5,4.891561
0.43444,433,680.382,651.235168,5,5.05515862
0.43624,434,680.382,651.240234,5,4.92973375
0.43626,435,680.382,651.245667,5,4.97335958
0.43748,436,680.382,651.250061,5,5.02789259
0.43932,437,680.382,651.255066,5,4.913374
0.43936,438,680.382,651.2597,5,4.97335958
0.44057,439,680.382,651.265137,5,4.777043
0.44058,440,680.382,651.2702,5,4.98426628
0.44243,441,680.382,651.2748,5,4.97335958
0.44425,442,680.382,651.2798,5,4.95154667
0.44426,443,680.382,651.2844,5,4.95154667
0.44551,444,680.382,651.290039,5,4.82612228
0.44739,445,680.382,651.2948,5,5.02789259
0.44743,446,680.382,651.2996,5,4.92973375
0.44858,447,680.382,651.3046,5,5.02789259
0.44860,448,680.382,651.3095,5,4.95154667
0.45042,449,680.382,651.3149,5,4.92973375
0.45228,450,680.382,651.319153,5,4.995173
0.45231,451,680.382,651.324463,5,4.847935
0.45355,452,680.382,651.3295,5,5.016986
0.45530,453,680.382,651.3346,5,4.913374
0.45531,454,680.382,651.339355,5,5.006079
0.45659,455,680.382,651.3438,5,4.95154667
0.45660,456,680.382,651.349548,5,4.858842
0.45844,457,680.382,651.3546,5,5.038799
0.46022,458,680.382,651.3637,5,5.07697153
0.46023,459,680.382,651.3687,5,4.847935
0.46152,460,680.382,651.3746,5,4.869748
0.46331,461,680.382,651.379456,5,4.98426628
0.46333,462,680.382,651.3844,5,5.038799
0.46460,463,680.382,651.3886,5,5.14241028
0.46463,464,680.382,651.3939,5,4.82612228
0.46646,465,680.382,651.3992,5,4.891561
0.46822,466,680.382,651.404236,5,4.90246725
0.46823,467,680.382,651.4092,5,5.05515862
0.46950,468,680.382,651.4136,5,5.066065
0.47131,469,680.382,651.418945,5,4.858842
0.47133,470,680.382,651.4238,5,4.96245337
0.47258,471,680.382,651.42926,5,4.88065434
0.47259,472,680.382,651.434143,5,5.13150358
0.47440,473,680.382,651.43866,5,5.02789259
0.47621,474,680.382,651.443665,5,4.913374
0.47623,475,680.382,651.4484,5,4.891561
0.47751,476,680.382,651.4543,5,4.847935
0.47933,477,680.382,651.458862,5,5.109691
0.47935,478,680.382,651.4635,5,4.96245337
0.48058,479,680.382,651.4682,5,4.995173
0.48059,480,680.382,651.473267,5,4.78794956
0.48243,481,680.382,651.479248,5,4.869748
0.48422,482,680.382,651.4838,5,5.13150358
0.48424,483,680.382,651.488647,5,5.05515862
0.48551,484,680.382,651.493042,5,5.07697153
0.48731,485,680.382,651.4986,5,4.798856
0.48732,486,680.382,651.504,5,4.95154667
0.48857,487,680.382,651.5085,5,4.995173
0.48858,488,680.382,651.5133,5,5.016986
0.49042,489,680.382,651.517944,5,4.98426628
0.49223,490,680.382,651.523743,5,4.777043
0.49226,491,680.382,651.528931,5,5.006079
0.49352,492,680.382,651.5337,5,4.97335958
0.49534,493,680.382,651.5381,5,5.066065
0.49536,494,680.382,651.5429,5,4.90246725
0.49659,495,680.382,651.5488,5,4.858842
0.49660,496,680.382,651.5534,5,4.995173
0.49840,497,680.382,651.5585,5,4.92973375
0.50023,498,680.382,651.563354,5,5.09878445
0.50024,499,680.382,651.5687,5,4.92973375
0.50159,500,680.382,651.5737,5,5.038799
0.50331,501,680.382,651.578369,5,5.038799
0.50333,502,680.382,651.583435,5,4.95154667
0.50458,503,680.382,651.5881,5,4.98426628
0.50460,504,680.382,651.5937,5,4.81521559
0.50639,505,680.382,651.5985,5,5.038799
0.50822,506,680.382,651.603333,5,4.98426628
0.50823,507,680.382,651.5982,5,5.006079
0.50954,508,680.382,651.6134,5,4.94064
0.51139,509,680.382,651.618958,5,4.891561
0.51141,510,680.382,651.6235,5,5.038799
0.51259,511,680.382,651.628967,5,4.96245337
0.51261,512,680.382,651.6335,5,5.087878
0.51445,513,680.382,651.638733,5,4.94064
0.51623,514,680.382,651.6437,5,5.006079
0.51624,515,680.382,651.6482,5,4.97335958
0.51751,516,680.382,651.654,5,4.90246725
0.51931,517,680.382,651.658936,5,5.038799
0.51933,518,680.382,651.663452,5,4.913374
0.52061,519,680.382,651.667969,5,5.07697153
0.52063,520,680.382,651.672852,5,4.90246725
0.52239,521,680.382,651.6786,5,4.95154667
0.52422,522,680.382,651.683533,5,5.066065
0.52424,523,680.382,651.688354,5,5.016986
0.52549,524,680.382,651.6925,5,5.066065
0.52734,525,680.382,651.6981,5,4.82612228
0.52736,526,680.382,651.7037,5,4.98426628
0.52859,527,680.382,651.708557,5,4.995173
0.52862,528,680.382,651.7133,5,5.14241028
0.53040,529,680.382,651.717651,5,5.087878
0.53222,530,680.382,651.72345,5,4.837029
0.53224,531,680.382,651.728638,5,4.96245337
0.53349,532,680.382,651.7336,5,4.913374
0.53532,533,680.382,651.7381,5,5.153317
0.53534,534,680.382,651.7429,5,4.98426628
0.53660,535,680.382,651.748352,5,4.92973375
0.53662,536,680.382,651.7532,5,4.96245337
0.53844,537,680.382,651.7587,5,4.94064
0.54023,538,680.382,651.7632,5,5.180583
0.54024,539,680.382,651.768,5,4.96245337
0.54148,540,680.382,651.7728,5,4.94064
0.54333,541,680.382,651.7782,5,4.837029
0.54337,542,680.382,651.7837,5,4.97335958
0.54468,543,680.382,651.788,5,5.07697153
0.54470,544,680.382,651.7929,5,4.97335958
0.54641,545,680.382,651.7974,5,4.97335958
0.54823,546,680.382,651.8033,5,4.733417
0.54825,547,680.382,651.808533,5,5.038799
0.54949,548,680.382,651.8131,5,5.087878
0.55131,549,680.382,651.817749,5,5.087878
0.55134,550,680.382,651.8225,5,4.995173
0.55260,551,680.382,651.8284,5,4.798856
0.55262,552,680.382,651.833435,5,5.038799
0.55439,553,680.382,651.838257,5,4.97335958
0.55623,554,680.382,651.8428,5,5.07697153
0.55625,555,680.382,651.847656,5,4.88065434
0.55748,556,680.382,651.8582,5,5.038799
0.55933,557,680.382,651.8631,5,4.98426628
0.55934,558,680.382,651.8631,5,4.98426628
0.56060,559,680.382,651.8731,5,4.81521559
0.56063,560,680.382,651.8782,5,4.94064
0.56241,561,680.382,651.8829,5,4.95154667
0.56426,562,680.382,651.888062,5,5.006079
0.56429,563,680.382,651.8928,5,5.066065
0.56548,564,680.382,651.898438,5,4.92973375
0.56734,565,680.382,651.903,5,5.109691
0.56735,566,680.382,651.907959,5,4.97335958
0.56857,567,680.382,651.9128,5,4.995173
0.56858,568,680.382,651.9179,5,4.90246725
0.57040,569,680.382,651.9234,5,4.913374
0.57224,570,680.382,651.928,5,5.066065
0.57225,571,680.382,651.9329,5,4.97335958
0.57348,572,680.382,651.9376,5,5.05515862
0.57534,573,680.382,651.9431,5,4.858842
0.57536,574,680.382,651.9481,5,5.006079
0.57657,575,680.382,651.9529,5,4.995173
0.57659,576,680.382,651.958069,5,4.995173
0.57847,577,680.382,651.962769,5,5.066065
0.58030,578,680.382,651.968262,5,4.913374
0.58035,579,680.382,651.972656,5,5.066065
0.58150,580,680.382,651.9778,5,4.90246725
0.58332,581,680.382,651.983032,5,4.995173
0.58334,582,680.382,651.988,5,4.995173
0.58457,583,680.382,651.993,5,4.96245337
0.58458,584,680.382,651.9973,5,5.038799
0.58640,585,680.382,652.003,5,4.837029
0.58825,586,680.382,652.0082,5,5.038799
0.58826,587,680.382,652.0132,5,5.016986
0.58949,588,680.382,652.017456,5,5.087878
0.59132,589,680.382,652.022156,5,4.94064
0.59135,590,680.382,652.0281,5,4.81521559
0.59257,591,680.382,652.0331,5,4.995173
0.59259,592,680.382,652.0381,5,4.98426628
0.59480,593,680.382,652.0423,5,5.164223
0.59624,594,680.382,652.047363,5,4.913374
0.59626,595,680.382,652.052856,5,4.858842
0.59752,596,680.382,652.0577,5,4.913374
0.59934,597,680.382,652.062866,5,4.98426628
0.59937,598,680.382,652.067139,5,5.12059736
0.60059,599,680.382,652.0725,5,4.88065434
0.60062,600,680.382,652.077454,5,4.95154667
0.60240,601,680.382,652.082642,5,4.891561
0.60424,602,680.382,652.0878,5,5.05515862
0.60426,603,680.382,652.0923,5,5.109691
0.60551,604,680.382,652.0973,5,4.913374
0.60732,605,680.382,652.102356,5,4.92973375
0.60733,606,680.382,652.108154,5,4.798856
0.60857,607,680.382,652.112854,5,5.066065
0.60858,608,680.382,652.117432,5,5.006079
0.61040,609,680.382,652.1222,5,4.97335958
0.61226,610,680.382,652.1275,5,4.88065434
0.61228,611,680.382,652.1335,5,4.78794956
0.61350,612,680.382,652.138062,5,5.13150358
0.61534,613,680.382,652.142944,5,5.05515862
0.61536,614,680.382,652.1468,5,5.109691
0.61658,615,680.382,652.1521,5,4.891561
0.61659,616,680.382,652.1578,5,4.88065434
0.61839,617,680.382,652.162537,5,5.038799
0.62024,618,680.382,652.1673,5,4.995173
0.62025,619,680.382,652.1716,5,5.02789259
0.62151,620,680.382,652.1783,5,4.78794956
0.62336,621,680.382,652.1824,5,4.95154667
0.62339,622,680.382,652.1874,5,4.98426628
0.62457,623,680.382,652.192,5,5.02789259
0.62458,624,680.382,652.1969,5,4.98426628
0.62641,625,680.382,652.2025,5,4.81521559
0.62833,626,680.382,652.2072,5,5.006079
0.62840,627,680.382,652.2123,5,4.92973375
0.62951,628,680.382,652.217163,5,5.087878
0.63134,629,680.382,652.2224,5,5.006079
0.63135,630,680.382,652.2277,5,4.995173
0.63258,631,680.382,652.232239,5,5.09878445
0.63260,632,680.382,652.237244,5,4.96245337
0.63440,633,680.382,652.242,5,5.016986
0.63626,634,680.382,652.2475,5,4.837029
0.63628,635,680.382,652.252441,5,5.006079
0.63748,636,680.382,652.257263,5,5.016986
0.63932,637,680.382,652.262146,5,4.995173
0.63934,638,680.382,652.267,5,4.995173
0.64057,639,680.382,652.2726,5,4.869748
0.64058,640,680.382,652.277161,5,5.066065
0.64239,641,680.382,652.2822,5,4.95154667
0.64425,642,680.382,652.2871,5,5.066065
0.64428,643,680.382,652.2923,5,4.98426628
0.64551,644,680.382,652.2974,5,4.96245337
0.64735,645,680.382,652.3018,5,5.016986
0.64744,646,680.382,652.307251,5,4.891561
0.64857,647,680.382,652.312256,5,5.05515862
0.64860,648,680.382,652.3174,5,4.92973375
0.65042,649,680.382,652.32196,5,5.038799
0.65225,650,680.382,652.3267,5,4.96245337
0.65229,651,680.382,652.3325,5,4.891561
0.65350,652,680.382,652.337463,5,5.066065
0.65533,653,680.382,652.342346,5,5.006079
0.65536,654,680.382,652.346436,5,5.087878
0.65659,655,680.382,652.3519,5,4.847935
0.65662,656,680.382,652.357544,5,4.90246725
0.65842,657,680.382,652.362366,5,4.98426628
0.66026,658,680.382,652.3714,5,5.12059736
0.66030,659,680.382,652.3771,5,4.81521559
0.66150,660,680.382,652.382,5,4.90246725
0.66333,661,680.382,652.387146,5,4.891561
0.66336,662,680.382,652.3919,5,5.07697153
0.66459,663,680.382,652.396545,5,5.038799
0.66461,664,680.382,652.402,5,4.88065434
0.66641,665,680.382,652.4068,5,4.97335958
0.66826,666,680.382,652.4123,5,4.88065434
0.66828,667,680.382,652.4169,5,5.153317
0.66949,668,680.382,652.4216,5,5.006079
0.67134,669,680.382,652.426758,5,4.913374
0.67138,670,680.382,652.4316,5,4.88065434
0.67259,671,680.382,652.4372,5,4.869748
0.67264,672,680.382,652.44165,5,5.09878445
0.67442,673,680.382,652.4464,5,4.96245337
0.67626,674,680.382,652.4509,5,4.98426628
0.67628,675,680.382,652.456543,5,4.76613665
0.67749,676,680.382,652.462158,5,4.913374
0.67935,677,680.382,652.4667,5,5.13150358
0.67939,678,680.382,652.4714,5,5.05515862
0.68060,679,680.382,652.475952,5,5.066065
0.68062,680,680.382,652.4818,5,4.78794956
0.68242,681,680.382,652.4868,5,4.98426628
0.68427,682,680.382,652.4914,5,4.995173
0.68431,683,680.382,652.4961,5,5.02789259
0.68549,684,680.382,652.5014,5,4.96245337
0.68734,685,680.382,652.5071,5,4.798856
0.68737,686,680.382,652.5117,5,5.02789259
0.68858,687,680.382,652.516663,5,4.98426628
0.68859,688,680.382,652.5211,5,5.066065
0.69041,689,680.382,652.5265,5,4.891561
0.69227,690,680.382,652.531738,5,4.869748
0.69232,691,680.382,652.5364,5,4.98426628
0.69350,692,680.382,652.541565,5,4.95154667
0.69537,693,680.382,652.5463,5,5.09878445
0.69542,694,680.382,652.5519,5,4.92973375
0.69660,695,680.382,652.556641,5,5.066065
0.69662,696,680.382,652.561462,5,5.02789259
0.69841,697,680.382,652.566345,5,4.96245337
0.70025,698,680.382,652.5712,5,4.97335958
0.70029,699,680.382,652.576843,5,4.837029
0.70149,700,680.382,652.58136,5,5.066065
0.70333,701,680.382,652.586365,5,4.98426628
0.70334,702,680.382,652.591064,5,5.02789259
0.70459,703,680.382,652.5964,5,4.913374
0.70463,704,680.382,652.6017,5,4.913374
0.70643,705,680.382,652.606567,5,5.038799
0.70825,706,680.382,652.611755,5,4.96245337
0.70829,707,680.382,652.6166,5,5.087878
0.70950,708,680.382,652.621948,5,4.92973375
0.71149,709,680.382,652.626465,5,5.02789259
0.71154,710,680.382,652.6314,5,4.95154667
0.71260,711,680.382,652.6371,5,4.92973375
0.71261,712,680.382,652.642,5,5.038799
0.71444,713,680.382,652.6468,5,4.90246725
0.71625,714,680.382,652.651,5,5.07697153
0.71628,715,680.382,652.656555,5,4.869748
0.71749,716,680.382,652.6616,5,4.97335958
0.71934,717,680.382,652.6666,5,5.038799
0.71938,718,680.382,652.6711,5,5.038799
0.72059,719,680.382,652.6755,5,5.038799
0.72062,720,680.382,652.6814,5,4.78794956
0.72243,721,680.382,652.6865,5,4.995173
0.72426,722,680.382,652.6916,5,4.98426628
0.72429,723,680.382,652.696,5,5.164223
0.72548,724,680.382,652.700867,5,5.066065
0.72734,725,680.382,652.706543,5,4.869748
0.72737,726,680.382,652.7115,5,4.98426628
0.72859,727,680.382,652.7167,5,4.97335958
0.72862,728,680.382,652.7211,5,5.191489
0.73042,729,680.382,652.7264,5,4.98426628
0.73224,730,680.382,652.731445,5,4.97335958
0.73228,731,680.382,652.736633,5,4.97335958
0.73349,732,680.382,652.741943,5,5.016986
0.73534,733,680.382,652.746338,5,5.180583
0.73538,734,680.382,652.7514,5,4.96245337
0.73659,735,680.382,652.756165,5,4.97335958
0.73661,736,680.382,652.761841,5,4.837029
0.73846,737,680.382,652.7667,5,5.038799
0.74026,738,680.382,652.7713,5,5.066065
0.74030,739,680.382,652.776367,5,4.97335958
0.74150,740,680.382,652.780945,5,4.94064
0.74333,741,680.382,652.787,5,4.75523
0.74337,742,680.382,652.7917,5,5.087878
0.74484,743,680.382,652.796448,5,5.066065
0.74490,744,680.382,652.8012,5,5.109691
0.74646,745,680.382,652.806641,5,4.94064
0.74826,746,680.382,652.8122,5,4.837029
0.74828,747,680.382,652.8167,5,5.066065
0.74953,748,680.382,652.8216,5,4.98426628
0.75135,749,680.382,652.8261,5,5.07697153
0.75137,750,680.382,652.8317,5,4.837029
0.75259,751,680.382,652.836853,5,4.90246725
0.75262,752,680.382,652.841553,5,5.006079
0.75442,753,680.382,652.846252,5,5.006079
0.75627,754,680.382,652.851,5,5.016986
0.75631,755,680.382,652.8566,5,4.78794956
0.75749,756,680.382,652.8613,5,4.97335958
0.75933,757,680.382,652.866333,5,4.92973375
0.75936,758,680.382,652.8713,5,5.038799
0.76059,759,680.382,652.8764,5,5.02789259
0.76061,760,680.382,652.8862,5,5.09878445
0.76242,761,680.382,652.8913,5,4.96245337
0.76424,762,680.382,652.896,5,5.006079
0.76425,763,680.382,652.9015,5,4.858842
0.76548,764,680.382,652.906555,5,4.95154667
0.76733,765,680.382,652.9112,5,5.02789259
0.76735,766,680.382,652.9162,5,4.98426628
0.76861,767,680.382,652.920959,5,5.02789259
0.76864,768,680.382,652.9266,5,4.847935
0.77044,769,680.382,652.9312,5,5.02789259
0.77225,770,680.382,652.936157,5,4.97335958
0.77229,771,680.382,652.941162,5,5.006079
0.77350,772,680.382,652.9462,5,5.02789259
0.77534,773,680.382,652.9514,5,4.913374
0.77538,774,680.382,652.95575,5,5.038799
0.77665,775,680.382,652.9612,5,4.869748
0.77668,776,680.382,652.9661,5,5.016986
0.77843,777,680.382,652.9713,5,4.96245337
0.78027,778,680.382,652.975952,5,4.98426628
0.78031,779,680.382,652.9806,5,5.006079
0.78150,780,680.382,652.9864,5,4.847935
0.78334,781,680.382,652.991333,5,5.05515862
0.78338,782,680.382,652.9963,5,4.995173
0.78459,783,680.382,653.000366,5,5.07697153
0.78461,784,680.382,653.0056,5,4.891561
0.78646,785,680.382,653.0113,5,4.837029
0.78825,786,680.382,653.0162,5,4.98426628
0.78828,787,680.382,653.021,5,5.006079
0.78951,788,680.382,653.025269,5,5.164223
0.79135,789,680.382,653.030762,5,4.858842
0.79138,790,680.382,653.0359,5,4.88065434
0.79259,791,680.382,653.040955,5,4.891561
0.79262,792,680.382,653.0458,5,5.006079
0.79477,793,680.382,653.050232,5,5.09878445
0.79625,794,680.382,653.0557,5,4.847935
0.79628,795,680.382,653.060547,5,4.95154667
0.79750,796,680.382,653.06604,5,4.869748
0.79933,797,680.382,653.0707,5,5.07697153
0.79939,798,680.382,653.0753,5,5.07697153
0.80058,799,680.382,653.0803,5,4.913374
0.80061,800,680.382,653.085266,5,4.913374
0.80241,801,680.382,653.091,5,4.81521559
0.80426,802,680.382,653.095459,5,5.087878
0.80428,803,680.382,653.1005,5,4.995173
0.80549,804,680.382,653.1051,5,4.995173
0.80733,805,680.382,653.110168,5,4.847935
0.80735,806,680.382,653.116333,5,4.82612228
0.80858,807,680.382,653.1208,5,5.13150358
0.80860,808,680.382,653.125854,5,5.109691
0.81042,809,680.382,653.130432,5,4.858842
0.81224,810,680.382,653.136353,5,4.92973375
0.81228,811,680.382,653.1413,5,5.02789259
0.81350,812,680.382,653.145935,5,5.006079
0.81534,813,680.382,653.150635,5,5.038799
0.81537,814,680.382,653.1556,5,4.798856
0.81658,815,680.382,653.1613,5,5.006079
0.81660,816,680.382,653.166,5,5.006079
0.81844,817,680.382,653.170959,5,5.066065
0.82028,818,680.382,653.1752,5,5.066065
0.82031,819,680.382,653.1804,5,4.96245337
0.82148,820,680.382,653.185852,5,4.858842
0.82337,821,680.382,653.1905,5,5.02789259
0.82340,822,680.382,653.1957,5,4.95154667
0.82458,823,680.382,653.200439,5,5.12059736
0.82460,824,680.382,653.206,5,4.98426628
0.82643,825,680.382,653.2108,5,5.038799
0.82828,826,680.382,653.2155,5,5.066065
0.82831,827,680.382,653.2205,5,4.96245337
0.82950,828,680.382,653.2253,5,5.006079
0.83135,829,680.382,653.230957,5,4.82612228
0.83139,830,680.382,653.2356,5,5.05515862
0.83257,831,680.382,653.24054,5,4.995173
0.83259,832,680.382,653.2453,5,5.016986
0.83444,833,680.382,653.2505,5,4.97335958
0.83627,834,680.382,653.255859,5,4.891561
0.83630,835,680.382,653.2604,5,5.066065
0.83748,836,680.382,653.265564,5,4.95154667
0.83935,837,680.382,653.2704,5,5.087878
0.83937,838,680.382,653.2758,5,4.96245337
0.84058,839,680.382,653.280457,5,4.995173
0.84059,840,680.382,653.2853,5,4.98426628
0.84245,841,680.382,653.2907,5,4.90246725
0.84426,842,680.382,653.2956,5,5.05515862
0.84429,843,680.382,653.3008,5,4.92973375
0.84550,844,680.382,653.305054,5,5.07697153
0.84738,845,680.382,653.3104,5,4.92973375
0.84742,846,680.382,653.315857,5,4.95154667
0.84857,847,680.382,653.320862,5,5.07697153
0.84858,848,680.382,653.3254,5,5.016986
0.85042,849,680.382,653.3298,5,5.066065
0.85227,850,680.382,653.3357,5,4.82612228
0.85230,851,680.382,653.3409,5,4.96245337
0.85349,852,680.382,653.3458,5,4.995173
0.85545,853,680.382,653.3502,5,5.12059736
0.85549,854,680.382,653.355042,5,5.087878
0.85658,855,680.382,653.3606,5,4.81521559
0.85660,856,680.382,653.3655,5,4.94064
0.85842,857,680.382,653.3707,5,4.913374
0.86025,858,680.382,653.3751,5,5.13150358
0.86027,859,680.382,653.385437,5,4.913374
0.86151,860,680.382,653.385437,5,4.913374
0.86339,861,680.382,653.3905,5,4.96245337
0.86342,862,680.382,653.400269,5,5.191489
0.86459,863,680.382,653.4053,5,4.98426628
0.86461,864,680.382,653.410034,5,4.869748
0.86642,865,680.382,653.415649,5,4.869748
0.86825,866,680.382,653.4208,5,4.95154667
0.86827,867,680.382,653.425232,5,4.98426628
0.86950,868,680.382,653.4301,5,4.98426628
0.87137,869,680.382,653.4351,5,4.76613665
0.87140,870,680.382,653.4413,5,5.05515862
0.87258,871,680.382,653.44574,5,5.05515862
0.87260,872,680.382,653.450562,5,5.12059736
0.87445,873,680.382,653.4554,5,5.05515862
0.87628,874,680.382,653.4607,5,4.847935
0.87630,875,680.382,653.4664,5,5.07697153
0.87750,876,680.382,653.470947,5,5.006079
0.87933,877,680.382,653.4758,5,5.09878445
0.87935,878,680.382,653.4804,5,4.913374
0.88058,879,680.382,653.4861,5,4.913374
0.88061,880,680.382,653.4913,5,5.07697153
0.88243,881,680.382,653.496,5,5.02789259
0.88424,882,680.382,653.5007,5,5.066065
0.88427,883,680.382,653.505432,5,4.847935
0.88549,884,680.382,653.511169,5,4.97335958
0.88732,885,680.382,653.5158,5,4.96245337
0.88734,886,680.382,653.520935,5,5.05515862
0.88857,887,680.382,653.5261,5,5.07697153
0.88859,888,680.382,653.5314,5,4.96245337
0.89043,889,680.382,653.5367,5,5.14241028
0.89226,890,680.382,653.5412,5,4.98426628
0.89229,891,680.382,653.545959,5,5.02789259
0.89349,892,680.382,653.5509,5,4.891561
0.89535,893,680.382,653.5566,5,4.94064
0.89538,894,680.382,653.561462,5,5.05515862
0.89658,895,680.382,653.5662,5,4.97335958
0.89661,896,680.382,653.571167,5,5.05515862
0.89845,897,680.382,653.5764,5,4.858842
0.90028,898,680.382,653.5816,5,5.016986
0.90031,899,680.382,653.5862,5,4.98426628
0.90148,900,680.382,653.591248,5,5.006079
0.90336,901,680.382,653.5962,5,5.05515862
0.90338,902,680.382,653.6014,5,4.92973375
0.90459,903,680.382,653.6064,5,5.05515862
0.90461,904,680.382,653.61084,5,4.891561
0.90645,905,680.382,653.6164,5,5.02789259
0.90823,906,680.382,653.6213,5,4.98426628
0.90827,907,680.382,653.6268,5,4.98426628
0.90950,908,680.382,653.6309,5,5.02789259
0.91144,909,680.382,653.636169,5,4.858842
0.91147,910,680.382,653.6419,5,5.066065
0.91260,911,680.382,653.646851,5,5.016986
0.91265,912,680.382,653.6516,5,5.09878445
0.91443,913,680.382,653.6558,5,4.92973375
0.91624,914,680.382,653.661438,5,4.847935
0.91628,915,680.382,653.666931,5,5.006079
0.91750,916,680.382,653.6719,5,5.006079
0.91937,917,680.382,653.676453,5,5.180583
0.91939,918,680.382,653.6809,5,4.88065434
0.92058,919,680.382,653.6866,5,4.891561
0.92059,920,680.382,653.6915,5,4.913374
0.92244,921,680.382,653.6964,5,5.02789259
0.92424,922,680.382,653.7011,5,5.12059736
0.92426,923,680.382,653.7058,5,4.88065434
0.92550,924,680.382,653.7112,5,4.98426628
0.92733,925,680.382,653.716064,5,4.913374
0.92736,926,680.382,653.7217,5,5.13150358
0.92863,927,680.382,653.7262,5,5.109691
0.92866,928,680.382,653.7311,5,4.97335958
0.93046,929,680.382,653.736,5,4.97335958
0.93222,930,680.382,653.7414,5,4.891561
0.93223,931,680.382,653.7469,5,5.153317
0.93349,932,680.382,653.7512,5,5.02789259
0.93538,933,680.382,653.7562,5,5.038799
0.93540,934,680.382,653.7608,5,4.869748
0.93657,935,680.382,653.766663,5,4.92973375
0.93658,936,680.382,653.772,5,5.180583
0.93840,937,680.382,653.7766,5,5.087878
0.94026,938,680.382,653.7813,5,5.12059736
0.94030,939,680.382,653.786133,5,4.847935
0.94149,940,680.382,653.792053,5,4.995173
0.94335,941,680.382,653.796753,5,5.02789259
0.94339,942,680.382,653.8016,5,5.05515862
0.94483,943,680.382,653.8061,5,5.006079
0.94486,944,680.382,653.811462,5,4.82612228
0.94647,945,680.382,653.816956,5,5.05515862
0.94823,946,680.382,653.821533,5,5.006079
0.94825,947,680.382,653.8265,5,5.087878
0.94948,948,680.382,653.831,5,4.913374
0.95133,949,680.382,653.8367,5,4.891561
0.95136,950,680.382,653.8416,5,5.006079
0.95259,951,680.382,653.8464,5,4.96245337
0.95260,952,680.382,653.851563,5,5.12059736
0.95443,953,680.382,653.8564,5,4.94064
0.95624,954,680.382,653.862061,5,5.07697153
0.95626,955,680.382,653.8665,5,5.038799
0.95749,956,680.382,653.8715,5,4.96245337
0.95930,957,680.382,653.8762,5,4.97335958
0.95932,958,680.382,653.8815,5,4.847935
0.96058,959,680.382,653.8869,5,5.07697153
0.96059,960,680.382,653.8914,5,4.98426628
0.96246,961,680.382,653.9011,5,4.92973375
0.96425,962,680.382,653.9067,5,4.913374
0.96426,963,680.382,653.9116,5,5.038799
0.96552,964,680.382,653.9164,5,4.96245337
0.96734,965,680.382,653.9216,5,5.09878445
0.96736,966,680.382,653.9267,5,4.92973375
0.96857,967,680.382,653.9318,5,5.02789259
0.96858,968,680.382,653.936157,5,4.96245337
0.97046,969,680.382,653.941345,5,4.94064
0.97223,970,680.382,653.9466,5,5.05515862
0.97224,971,680.382,653.9516,5,4.94064
0.97349,972,680.382,653.9566,5,5.087878
0.97531,973,680.382,653.9609,5,4.891561
0.97532,974,680.382,653.9667,5,4.995173
0.97657,975,680.382,653.971863,5,5.066065
0.97658,976,680.382,653.976868,5,5.05515862
0.97843,977,680.382,653.981,5,5.02789259
0.98024,978,680.382,653.985962,5,4.81521559
0.98026,979,680.382,653.9919,5,4.98426628
0.98154,980,680.382,653.9968,5,4.98426628
0.98332,981,680.382,654.001831,5,5.164223
0.98333,982,680.382,654.006,5,5.016986
0.98461,983,680.382,654.0113,5,4.837029
0.98462,984,680.382,654.0166,5,4.95154667
0.98643,985,680.382,654.0216,5,4.92973375
0.98822,986,680.382,654.0267,5,5.153317
0.98824,987,680.382,654.031,5,4.95154667
0.98950,988,680.382,654.0365,5,4.94064
0.99131,989,680.382,654.0414,5,4.95154667
0.99132,990,680.382,654.046753,5,4.995173
0.99257,991,680.382,654.051758,5,5.164223
0.99258,992,680.382,654.0563,5,4.94064
0.99494,993,680.382,654.0612,5,4.95154667
0.99629,994,680.382,654.0664,5,4.82612228
0.99630,995,680.382,654.0722,5,5.016986
0.99749,996,680.382,654.0767,5,5.066065
0.99930,997,680.382,654.0815,5,4.97335958
0.99932,998,680.382,654.0862,5,4.95154667
1.00057,999,680.382,654.091064,5,4.76613665
1.00058,1000,680.382,654.0973,5,5.087878
1.00240,1001,680.382,654.1018,5,5.087878
1.00422,1002,680.382,654.1067,5,5.13150358
1.00425,1003,680.382,654.1112,5,4.96245337
1.00553,1004,680.382,654.116943,5,4.869748
1.00731,1005,680.382,654.122131,5,5.07697153
1.00733,1006,680.382,654.127,5,4.98426628
1.00858,1007,680.382,654.131531,5,5.087878
1.00859,1008,680.382,654.1362,5,4.847935
1.01041,1009,680.382,654.1421,5,4.94064
1.01224,1010,680.382,654.147156,5,5.05515862
1.01227,1011,680.382,654.152039,5,5.02789259
1.01351,1012,680.382,654.1566,5,5.038799
1.01533,1013,680.382,654.1618,5,4.82612228
1.01536,1014,680.382,654.1673,5,4.995173
1.01658,1015,680.382,654.1719,5,4.94064
1.01660,1016,680.382,654.177,5,5.066065
1.01844,1017,680.382,654.1818,5,5.02789259
1.02022,1018,680.382,654.187,5,4.97335958
1.02024,1019,680.382,654.191956,5,5.12059736
1.02153,1020,680.382,654.1966,5,4.97335958
1.02331,1021,680.382,654.20166,5,5.02789259
1.02333,1022,680.382,654.20636,5,4.847935
1.02458,1023,680.382,654.212,5,4.97335958
1.02459,1024,680.382,654.2167,5,5.016986
1.02639,1025,680.382,654.221558,5,4.97335958
1.02824,1026,680.382,654.2263,5,5.006079
1.02830,1027,680.382,654.2313,5,4.82612228
1.02954,1028,680.382,654.2368,5,5.006079
1.03133,1029,680.382,654.241333,5,4.94064
1.03135,1030,680.382,654.2464,5,5.006079
1.03258,1031,680.382,654.2512,5,4.995173
1.03262,1032,680.382,654.256531,5,4.891561
1.03440,1033,680.382,654.2614,5,5.02789259
1.03625,1034,680.382,654.2659,5,4.858842
1.03627,1035,680.382,654.271362,5,5.016986
1.03749,1036,680.382,654.2763,5,4.95154667
1.03931,1037,680.382,654.281433,5,4.97335958
1.03933,1038,680.382,654.2859,5,5.006079
1.04060,1039,680.382,654.2909,5,4.847935
1.04062,1040,680.382,654.2966,5,5.05515862
1.04241,1041,680.382,654.3015,5,5.016986
1.04423,1042,680.382,654.3062,5,5.09878445
1.04425,1043,680.382,654.3104,5,4.90246725
1.04551,1044,680.382,654.316162,5,4.858842
1.04732,1045,680.382,654.321533,5,4.995173
1.04736,1046,680.382,654.3264,5,5.016986
1.04860,1047,680.382,654.331055,5,5.164223
1.04863,1048,680.382,654.3356,5,4.869748
1.05040,1049,680.382,654.341248,5,4.90246725
1.05224,1050,680.382,654.3461,5,4.913374
1.05225,1051,680.382,654.35144,5,5.038799
1.05348,1052,680.382,654.355957,5,5.109691
1.05531,1053,680.382,654.3609,5,4.88065434
1.05532,1054,680.382,654.36615,5,4.995173
1.05660,1055,680.382,654.3711,5,4.90246725
1.05662,1056,680.382,654.3766,5,5.13150358
1.05842,1057,680.382,654.386,5,4.94064
1.06023,1058,680.382,654.391052,5,4.92973375
1.06025,1059,680.382,654.39624,5,4.869748
1.06150,1060,680.382,654.4016,5,5.13150358
1.06332,1061,680.382,654.406,5,5.006079
1.06333,1062,680.382,654.4109,5,5.02789259
1.06458,1063,680.382,654.415833,5,4.847935
1.06462,1064,680.382,654.4219,5,4.90246725
1.06640,1065,680.382,654.426941,5,5.164223
1.06824,1066,680.382,654.4316,5,5.087878
1.06827,1067,680.382,654.436157,5,5.109691
1.06949,1068,680.382,654.4412,5,4.847935
1.07131,1069,680.382,654.4471,5,4.995173
1.07132,1070,680.382,654.4517,5,5.02789259
1.07261,1071,680.382,654.456543,5,5.05515862
1.07265,1072,680.382,654.46106,5,5.006079
1.07439,1073,680.382,654.466553,5,4.82612228
1.07624,1074,680.382,654.4719,5,5.038799
1.07626,1075,680.382,654.4766,5,4.995173
1.07748,1076,680.382,654.481445,5,5.087878
1.07933,1077,680.382,654.4861,5,4.913374
1.07934,1078,680.382,654.4917,5,4.90246725
1.08058,1079,680.382,654.4965,5,5.006079
1.08059,1080,680.382,654.501465,5,4.96245337
1.08240,1081,680.382,654.5066,5,5.13150358
1.08427,1082,680.382,654.5115,5,4.95154667
1.08431,1083,680.382,654.517,5,5.087878
1.08549,1084,680.382,654.521545,5,5.05515862
1.08731,1085,680.382,654.52655,5,4.98426628
1.08732,1086,680.382,654.5313,5,4.97335958
1.08858,1087,680.382,654.536743,5,4.869748
1.08863,1088,680.382,654.541931,5,5.07697153
1.09042,1089,680.382,654.5466,5,4.995173
1.09226,1090,680.382,654.551636,5,5.05515862
1.09229,1091,680.382,654.5563,5,4.92973375
1.09348,1092,680.382,654.5619,5,4.95154667
1.09532,1093,680.382,654.56665,5,5.038799
1.09534,1094,680.382,654.571533,5,4.96245337
1.09657,1095,680.382,654.5767,5,5.09878445
1.09659,1096,680.382,654.5816,5,4.913374
1.09840,1097,680.382,654.587,5,5.02789259
1.10024,1098,680.382,654.591248,5,4.95154667
1.10026,1099,680.382,654.5966,5,4.94064
1.10148,1100,680.382,654.6017,5,5.05515862
1.10331,1101,680.382,654.6068,5,4.94064
1.10333,1102,680.382,654.6116,5,5.087878
1.10459,1103,680.382,654.6161,5,4.891561
1.10461,1104,680.382,654.621948,5,5.006079
1.10640,1105,680.382,654.6273,5,5.05515862
1.10826,1106,680.382,654.631958,5,5.066065
1.10828,1107,680.382,654.6361,5,5.02789259
1.10948,1108,680.382,654.641663,5,4.81521559
1.11144,1109,680.382,654.6474,5,4.995173
1.11147,1110,680.382,654.6526,5,4.97335958
1.11259,1111,680.382,654.657349,5,5.164223
1.11260,1112,680.382,654.6614,5,5.006079
1.11442,1113,680.382,654.666931,5,4.837029
1.11624,1114,680.382,654.672,5,4.95154667
1.11625,1115,680.382,654.6768,5,4.94064
1.11750,1116,680.382,654.6817,5,5.153317
1.11936,1117,680.382,654.686157,5,4.94064
1.11938,1118,680.382,654.69165,5,4.95154667
1.12059,1119,680.382,654.696533,5,4.96245337
1.12062,1120,680.382,654.702,5,5.016986
1.12240,1121,680.382,654.706848,5,5.191489
1.12426,1122,680.382,654.7115,5,4.97335958
1.12429,1123,680.382,654.7168,5,4.98426628
1.12548,1124,680.382,654.7219,5,4.858842
1.12735,1125,680.382,654.7276,5,5.066065
1.12738,1126,680.382,654.732,5,5.07697153
1.12861,1127,680.382,654.736938,5,5.016986
1.12865,1128,680.382,654.741455,5,4.95154667
1.13042,1129,680.382,654.747131,5,4.798856
1.13226,1130,680.382,654.752747,5,5.13150358
1.13230,1131,680.382,654.757263,5,5.087878
1.13350,1132,680.382,654.7621,5,5.14241028
1.13534,1133,680.382,654.766663,5,4.95154667
1.13537,1134,680.382,654.7726,5,4.891561
1.13658,1135,680.382,654.7775,5,5.07697153
1.13660,1136,680.382,654.7822,5,5.006079
1.13840,1137,680.382,654.786865,5,5.087878
1.14026,1138,680.382,654.791931,5,4.837029
1.14028,1139,680.382,654.797668,5,4.97335958
1.14148,1140,680.382,654.8023,5,5.02789259
1.14337,1141,680.382,654.8072,5,5.038799
1.14340,1142,680.382,654.811768,5,5.016986
1.14478,1143,680.382,654.8172,5,4.837029
1.14483,1144,680.382,654.822449,5,5.016986
1.14640,1145,680.382,654.827,5,4.94064
1.14823,1146,680.382,654.8322,5,5.087878
1.14824,1147,680.382,654.837036,5,5.006079
1.14950,1148,680.382,654.842651,5,4.995173
1.15139,1149,680.382,654.847351,5,5.109691
1.15149,1150,680.382,654.8522,5,4.97335958
1.15258,1151,680.382,654.857056,5,5.02789259
1.15260,1152,680.382,654.862061,5,4.847935
1.15440,1153,680.382,654.867554,5,5.006079
1.15625,1154,680.382,654.872131,5,5.016986
1.15628,1155,680.382,654.8772,5,4.98426628
1.15748,1156,680.382,654.8819,5,5.016986
1.15935,1157,680.382,654.887268,5,4.869748
1.15937,1158,680.382,654.892456,5,5.066065
1.16057,1159,680.382,654.9023,5,5.066065
1.16058,1160,680.382,654.9071,5,4.995173
1.16245,1161,680.382,654.912537,5,4.96245337
1.16429,1162,680.382,654.917,5,5.02789259
1.16431,1163,680.382,654.922,5,4.88065434
1.16549,1164,680.382,654.922,5,4.88065434
1.16736,1165,680.382,654.932251,5,4.95154667
1.16739,1166,680.382,654.9374,5,5.038799
1.16857,1167,680.382,654.9417,5,4.98426628
1.16859,1168,680.382,654.9473,5,4.913374
1.17040,1169,680.382,654.9527,5,5.087878
1.17228,1170,680.382,654.957642,5,5.038799
1.17232,1171,680.382,654.962036,5,5.109691
1.17349,1172,680.382,654.9667,5,4.88065434
1.17534,1173,680.382,654.9727,5,4.95154667
1.17536,1174,680.382,654.977661,5,5.016986
1.17656,1175,680.382,654.9827,5,5.09878445
1.17658,1176,680.382,654.987,5,5.153317
1.17846,1177,680.382,654.9921,5,4.847935
1.18024,1178,680.382,654.997559,5,4.95154667
1.18027,1179,680.382,655.0025,5,4.913374
1.18150,1180,680.382,655.0077,5,5.12059736
1.18338,1181,680.382,655.0121,5,5.05515862
1.18340,1182,680.382,655.017334,5,4.90246725
1.18459,1183,680.382,655.022644,5,4.995173
1.18460,1184,680.382,655.0283,5,4.913374
1.18641,1185,680.382,655.0328,5,5.180583
1.18825,1186,680.382,655.0373,5,5.006079
1.18828,1187,680.382,655.042542,5,4.95154667
1.18948,1188,680.382,655.047363,5,4.88065434
1.19136,1189,680.382,655.0532,5,4.92973375
1.19138,1190,680.382,655.057861,5,5.12059736
1.19257,1191,680.382,655.0625,5,4.98426628
1.19258,1192,680.382,655.0672,5,5.006079
1.19490,1193,680.382,655.0723,5,4.777043
1.19624,1194,680.382,655.0783,5,4.995173
1.19625,1195,680.382,655.0828,5,5.12059736
1.19749,1196,680.382,655.0877,5,5.087878
1.19931,1197,680.382,655.092163,5,5.05515862
1.19933,1198,680.382,655.0977,5,4.81521559
1.20058,1199,680.382,655.1032,5,5.038799
1.20059,1200,680.382,655.1077,5,4.995173
1.20244,1201,680.382,655.112549,5,5.087878
1.20425,1202,680.382,655.1172,5,4.94064
1.20428,1203,680.382,655.123,5,4.858842
1.20548,1204,680.382,655.1279,5,5.066065
1.20734,1205,680.382,655.1327,5,4.995173
1.20737,1206,680.382,655.1373,5,5.07697153
1.20857,1207,680.382,655.142639,5,4.858842
1.20858,1208,680.382,655.148254,5,4.94064
1.21041,1209,680.382,655.152832,5,4.97335958
1.21226,1210,680.382,655.157959,5,4.995173
1.21229,1211,680.382,655.1628,5,5.109691
1.21350,1212,680.382,655.1682,5,4.94064
1.21533,1213,680.382,655.1733,5,5.12059736
1.21535,1214,680.382,655.1782,5,5.006079
1.21660,1215,680.382,655.1832,5,4.995173
1.21662,1216,680.382,655.188,5,4.92973375
1.21844,1217,680.382,655.1937,5,4.90246725
1.22029,1218,680.382,655.1978,5,5.087878
1.22035,1219,680.382,655.202637,5,4.995173
1.22149,1220,680.382,655.2075,5,5.05515862
1.22336,1221,680.382,655.2125,5,4.891561
1.22338,1222,680.382,655.21814,5,5.006079
1.22457,1223,680.382,655.2227,5,5.02789259
1.22460,1224,680.382,655.2279,5,5.02789259
1.22644,1225,680.382,655.2328,5,5.12059736
1.22833,1226,680.382,655.238159,5,4.97335958
1.22840,1227,680.382,655.243042,5,5.109691
1.22950,1228,680.382,655.247742,5,4.95154667
1.23134,1229,680.382,655.253235,5,5.05515862
1.23138,1230,680.382,655.2581,5,5.038799
1.23261,1231,680.382,655.2633,5,5.006079
1.23263,1232,680.382,655.267761,5,5.07697153
1.23445,1233,680.382,655.273,5,4.88065434
1.23625,1234,680.382,655.2789,5,5.087878
1.23627,1235,680.382,655.283569,5,5.05515862
1.23748,1236,680.382,655.288147,5,5.109691
1.23934,1237,680.382,655.2925,5,4.95154667
1.23938,1238,680.382,655.29834,5,4.847935
1.24057,1239,680.382,655.3035,5,5.016986
1.24059,1240,680.382,655.308533,5,5.016986
1.24244,1241,680.382,655.313049,5,5.191489
1.24425,1242,680.382,655.3177,5,4.90246725
1.24429,1243,680.382,655.323364,5,4.891561
1.24551,1244,680.382,655.328247,5,4.913374
1.24744,1245,680.382,655.3335,5,5.016986
1.24747,1246,680.382,655.337952,5,5.12059736
1.24859,1247,680.382,655.342957,5,4.88065434
1.24861,1248,680.382,655.3482,5,4.98426628
1.25043,1249,680.382,655.3535,5,4.90246725
1.25225,1250,680.382,655.3586,5,5.087878
1.25230,1251,680.382,655.363,5,5.087878
1.25348,1252,680.382,655.3683,5,4.92973375
1.25536,1253,680.382,655.373047,5,4.913374
1.25539,1254,680.382,655.3786,5,4.837029
1.25657,1255,680.382,655.3837,5,5.09878445
1.25659,1256,680.382,655.3882,5,4.995173
1.25844,1257,680.382,655.393066,5,5.006079
1.26026,1258,680.382,655.3977,5,4.858842
1.26029,1259,680.382,655.4037,5,4.837029
1.26150,1260,680.382,655.4087,5,5.14241028
1.26334,1261,680.382,655.417847,5,5.09878445
1.26338,1262,680.382,655.4229,5,4.847935
1.26461,1263,680.382,655.4288,5,4.92973375
1.26462,1264,680.382,655.43335,5,5.038799
1.26643,1265,680.382,655.4382,5,5.016986
1.26827,1266,680.382,655.442749,5,5.02789259
1.26830,1267,680.382,655.4482,5,4.798856
1.26948,1268,680.382,655.453552,5,5.006079
1.27135,1269,680.382,655.4582,5,5.006079
1.27138,1270,680.382,655.463,5,5.07697153
1.27257,1271,680.382,655.467651,5,4.96245337
1.27258,1272,680.382,655.4733,5,4.858842
1.27445,1273,680.382,655.478149,5,5.016986
1.27627,1274,680.382,655.4831,5,4.95154667
1.27631,1275,680.382,655.488159,5,5.12059736
1.27749,1276,680.382,655.493164,5,4.97335958
1.27935,1277,680.382,655.498657,5,5.038799
1.27936,1278,680.382,655.5032,5,5.07697153
1.28057,1279,680.382,655.5082,5,4.97335958
1.28059,1280,680.382,655.512939,5,5.016986
1.28242,1281,680.382,655.5183,5,4.837029
1.28427,1282,680.382,655.5235,5,5.05515862
1.28430,1283,680.382,655.528137,5,4.995173
1.28548,1284,680.382,655.533142,5,5.016986
1.28734,1285,680.382,655.537842,5,4.96245337
1.28736,1286,680.382,655.543457,5,4.891561
1.28858,1287,680.382,655.5482,5,5.066065
1.28860,1288,680.382,655.5531,5,4.96245337
1.29045,1289,680.382,655.558167,5,5.087878
1.29224,1290,680.382,655.5631,5,4.95154667
1.29227,1291,680.382,655.5685,5,4.995173
1.29348,1292,680.382,655.572754,5,4.98426628
1.29535,1293,680.382,655.5781,5,4.90246725
1.29537,1294,680.382,655.5832,5,5.05515862
1.29659,1295,680.382,655.588257,5,4.913374
1.29660,1296,680.382,655.5931,5,5.066065
1.29841,1297,680.382,655.5976,5,4.913374
1.30026,1298,680.382,655.603333,5,4.94064
1.30027,1299,680.382,655.6084,5,5.07697153
1.30148,1300,680.382,655.6134,5,5.02789259
1.30336,1301,680.382,655.617554,5,5.07697153
1.30340,1302,680.382,655.622742,5,4.82612228
1.30458,1303,680.382,655.6285,5,4.96245337
1.30460,1304,680.382,655.6334,5,4.98426628
1.30643,1305,680.382,655.6383,5,5.12059736
1.30829,1306,680.382,655.6429,5,5.087878
1.30832,1307,680.382,655.6483,5,4.82612228
1.30950,1308,680.382,655.6535,5,4.94064
1.31139,1309,680.382,655.6586,5,4.913374
1.31143,1310,680.382,655.6637,5,5.14241028
1.31258,1311,680.382,655.668335,5,4.995173
1.31260,1312,680.382,655.6737,5,4.913374
1.31444,1313,680.382,655.6786,5,4.96245337
1.31628,1314,680.382,655.684143,5,4.94064
1.31631,1315,680.382,655.6888,5,5.191489
1.31749,1316,680.382,655.6935,5,4.97335958
1.31934,1317,680.382,655.6984,5,4.95154667
1.31937,1318,680.382,655.703552,5,4.858842
1.32062,1319,680.382,655.708862,5,4.96245337
1.32065,1320,680.382,655.7133,5,5.109691
1.32245,1321,680.382,655.71814,5,4.98426628
1.32428,1322,680.382,655.7227,5,4.98426628
1.32432,1323,680.382,655.7282,5,4.76613665
1.32548,1324,680.382,655.733948,5,5.038799
1.32736,1325,680.382,655.738464,5,5.109691
1.32739,1326,680.382,655.7433,5,5.12059736
1.32859,1327,680.382,655.747864,5,5.02789259
1.32860,1328,680.382,655.7538,5,4.847935
1.33044,1329,680.382,655.7587,5,5.087878
1.33224,1330,680.382,655.7635,5,5.006079
1.33226,1331,680.382,655.7681,5,5.109691
1.33351,1332,680.382,655.773132,5,4.913374
1.33534,1333,680.382,655.778931,5,4.913374
1.33536,1334,680.382,655.7836,5,5.087878
1.33656,1335,680.382,655.7886,5,5.016986
1.33658,1336,680.382,655.7931,5,5.07697153
1.33844,1337,680.382,655.7984,5,4.858842
1.34026,1338,680.382,655.8038,5,4.97335958
1.34030,1339,680.382,655.8084,5,4.97335958
1.34149,1340,680.382,655.8136,5,5.05515862
1.34338,1341,680.382,655.8184,5,5.07697153
1.34341,1342,680.382,655.824,5,4.97335958
1.34477,1343,680.382,655.828735,5,5.14241028
1.34481,1344,680.382,655.833557,5,4.995173
1.34643,1345,680.382,655.8385,5,5.02789259
1.34826,1346,680.382,655.843445,5,4.891561
1.34828,1347,680.382,655.849,5,4.95154667
1.34949,1348,680.382,655.853638,5,5.066065
1.35137,1349,680.382,655.858643,5,4.995173
1.35140,1350,680.382,655.863342,5,5.05515862
1.35256,1351,680.382,655.8688,5,4.869748
1.35258,1352,680.382,655.873962,5,5.02789259
1.35440,1353,680.382,655.87854,5,4.98426628
1.35623,1354,680.382,655.8837,5,5.02789259
1.35625,1355,680.382,655.88855,5,5.05515862
1.35755,1356,680.382,655.894043,5,4.94064
1.35937,1357,680.382,655.89856,5,5.066065
1.35939,1358,680.382,655.9035,5,4.891561
1.36058,1359,680.382,655.9138,5,4.98426628
1.36060,1360,680.382,655.918945,5,5.006079
1.36243,1361,680.382,655.9232,5,5.02789259
1.36425,1362,680.382,655.928833,5,4.88065434
1.36427,1363,680.382,655.934143,5,5.07697153
1.36549,1364,680.382,655.939148,5,5.02789259
1.36744,1365,680.382,655.943542,5,5.109691
1.36746,1366,680.382,655.9481,5,4.913374
1.36858,1367,680.382,655.9541,5,4.88065434
1.36861,1368,680.382,655.9591,5,5.016986
1.37043,1369,680.382,655.9642,5,5.038799
1.37229,1370,680.382,655.968445,5,5.191489
1.37231,1371,680.382,655.9735,5,4.869748
1.37348,1372,680.382,655.978943,5,4.913374
1.37535,1373,680.382,655.983948,5,4.94064
1.37538,1374,680.382,655.989136,5,5.066065
1.37657,1375,680.382,655.9938,5,5.109691
1.37659,1376,680.382,655.999146,5,4.891561
1.37845,1377,680.382,656.003845,5,4.98426628
1.38028,1378,680.382,656.009338,5,4.90246725
1.38031,1379,680.382,656.014465,5,5.13150358
1.38150,1380,680.382,656.019,5,5.066065
1.38337,1381,680.382,656.024,5,4.94064
1.38340,1382,680.382,656.0288,5,4.913374
1.38458,1383,680.382,656.0346,5,4.869748
1.38461,1384,680.382,656.0393,5,5.12059736
1.38643,1385,680.382,656.043945,5,4.995173
1.38824,1386,680.382,656.048645,5,5.016986
1.38825,1387,680.382,656.0537,5,4.82612228
1.38948,1388,680.382,656.0597,5,4.913374
1.39135,1389,680.382,656.064331,5,5.153317
1.39137,1390,680.382,656.0692,5,5.07697153
1.39258,1391,680.382,656.0736,5,5.09878445
1.39260,1392,680.382,656.0791,5,4.82612228
1.39490,1393,680.382,656.0846,5,4.98426628
1.39625,1394,680.382,656.0892,5,5.006079
1.39629,1395,680.382,656.094,5,5.038799
1.39751,1396,680.382,656.098633,5,4.995173
1.39934,1397,680.382,656.1044,5,4.81521559
1.39938,1398,680.382,656.1093,5,5.038799
1.40058,1399,680.382,656.114136,5,4.995173
1.40060,1400,680.382,656.1188,5,5.087878
1.40246,1401,680.382,656.1237,5,4.92973375
1.40424,1402,680.382,656.129333,5,4.90246725
1.40427,1403,680.382,656.134,5,5.006079
1.40552,1404,680.382,656.1391,5,4.97335958
1.40737,1405,680.382,656.1439,5,5.12059736
1.40739,1406,680.382,656.1493,5,4.94064
1.40857,1407,680.382,656.1548,5,5.087878
1.40859,1408,680.382,656.159363,5,5.038799
1.41044,1409,680.382,656.1641,5,4.995173
1.41225,1410,680.382,656.1691,5,4.98426628
1.41230,1411,680.382,656.174866,5,4.869748
1.41353,1412,680.382,656.179565,5,5.087878
1.41539,1413,680.382,656.1848,5,5.006079
1.41541,1414,680.382,656.1896,5,5.05515862
1.41657,1415,680.382,656.194336,5,4.92973375
1.41660,1416,680.382,656.1998,5,4.96245337
1.41846,1417,680.382,656.2047,5,5.05515862
1.42022,1418,680.382,656.209351,5,4.98426628
1.42025,1419,680.382,656.2142,5,5.12059736
1.42149,1420,680.382,656.2195,5,4.92973375
1.42334,1421,680.382,656.2244,5,5.066065
1.42336,1422,680.382,656.229,5,4.96245337
1.42458,1423,680.382,656.2345,5,4.97335958
1.42459,1424,680.382,656.2395,5,5.087878
1.42641,1425,680.382,656.2447,5,4.97335958
1.42826,1426,680.382,656.249146,5,5.12059736
1.42830,1427,680.382,656.254333,5,4.913374
1.42950,1428,680.382,656.259949,5,5.066065
1.43133,1429,680.382,656.265,5,5.09878445
1.43135,1430,680.382,656.269653,5,5.109691
1.43258,1431,680.382,656.2739,5,5.038799
1.43261,1432,680.382,656.2803,5,4.858842
1.43443,1433,680.382,656.285156,5,5.038799
1.43623,1434,680.382,656.2901,5,5.006079
1.43624,1435,680.382,656.2947,5,5.21330261
1.43750,1436,680.382,656.2997,5,4.995173
1.43933,1437,680.382,656.305359,5,4.88065434
1.43936,1438,680.382,656.310242,5,4.96245337
1.44059,1439,680.382,656.315552,5,4.995173
1.44060,1440,680.382,656.319946,5,5.164223
1.44241,1441,680.382,656.325134,5,4.92973375
1.44422,1442,680.382,656.330261,5,4.98426628
1.44423,1443,680.382,656.334961,5,4.94064
1.44553,1444,680.382,656.3407,5,5.07697153
1.44737,1445,680.382,656.345154,5,5.14241028
1.44739,1446,680.382,656.350159,5,4.95154667
1.44857,1447,680.382,656.3549,5,4.96245337
1.44858,1448,680.382,656.360535,5,4.837029
1.45044,1449,680.382,656.365662,5,5.087878
1.45224,1450,680.382,656.3701,5,5.02789259
1.45226,1451,680.382,656.374939,5,4.995173
1.45349,1452,680.382,656.3797,5,4.90246725
1.45533,1453,680.382,656.3858,5,4.81521559
1.45536,1454,680.382,656.3906,5,5.153317
1.45657,1455,680.382,656.3953,5,5.07697153
1.45658,1456,680.382,656.3999,5,5.13150358
1.45846,1457,680.382,656.4051,5,4.90246725
1.46022,1458,680.382,656.4109,5,4.913374
1.46023,1459,680.382,656.4154,5,5.066065
1.46151,1460,680.382,656.4203,5,5.016986
1.46339,1461,680.382,656.424866,5,5.066065
1.46341,1462,680.382,656.435669,5,4.995173
1.46458,1463,680.382,656.440369,5,5.006079
1.46460,1464,680.382,656.4451,5,5.066065
1.46643,1465,680.382,656.4498,5,4.98426628
1.46828,1466,680.382,656.4555,5,4.837029
1.46831,1467,680.382,656.4602,5,5.016986
1.46949,1468,680.382,656.4652,5,4.92973375
1.47131,1469,680.382,656.470154,5,5.09878445
1.47132,1470,680.382,656.4752,5,4.97335958
1.47257,1471,680.382,656.4807,5,5.016986
1.47259,1472,680.382,656.4852,5,5.087878
1.47442,1473,680.382,656.4902,5,4.97335958
1.47622,1474,680.382,656.494934,5,5.016986
1.47623,1475,680.382,656.5004,5,4.837029
1.47748,1476,680.382,656.5055,5,5.038799
1.47933,1477,680.382,656.5102,5,5.006079
1.47935,1478,680.382,656.5152,5,5.016986
1.48057,1479,680.382,656.519958,5,4.995173
1.48059,1480,680.382,656.525635,5,4.891561
1.48240,1481,680.382,656.5303,5,5.07697153
1.48425,1482,680.382,656.5353,5,4.97335958
1.48427,1483,680.382,656.540344,5,5.087878
1.48549,1484,680.382,656.545349,5,4.98426628
1.48732,1485,680.382,656.5506,5,4.995173
1.48733,1486,680.382,656.555,5,5.016986
1.48857,1487,680.382,656.5604,5,4.913374
1.48858,1488,680.382,656.565369,5,5.05515862
1.49043,1489,680.382,656.570557,5,4.95154667
1.49222,1490,680.382,656.5752,5,5.07697153
1.49224,1491,680.382,656.5803,5,4.95154667
1.49349,1492,680.382,656.585754,5,4.95154667
1.49534,1493,680.382,656.5907,5,5.07697153
1.49539,1494,680.382,656.595642,5,5.02789259
1.49658,1495,680.382,656.599731,5,5.087878
1.49660,1496,680.382,656.605164,5,4.837029
1.49841,1497,680.382,656.611145,5,4.95154667
1.50024,1498,680.382,656.6157,5,4.995173
1.50029,1499,680.382,656.620544,5,5.109691
1.50150,1500,680.382,656.6248,5,5.109691
1.50332,1501,680.382,656.630859,5,4.837029
1.50335,1502,680.382,656.6358,5,4.94064
1.50457,1503,680.382,656.641,5,4.913374
1.50459,1504,680.382,656.6456,5,5.13150358
1.50642,1505,680.382,656.650452,5,5.016986
1.50822,1506,680.382,656.655762,5,4.913374
1.50823,1507,680.382,656.6607,5,4.98426628
1.50950,1508,680.382,656.66626,5,4.94064
1.51151,1509,680.382,656.6711,5,5.191489
1.51154,1510,680.382,656.6759,5,4.995173
1.51260,1511,680.382,656.6804,5,4.95154667
1.51264,1512,680.382,656.6861,5,4.88065434
1.51441,1513,680.382,656.6916,5,4.96245337
1.51624,1514,680.382,656.6959,5,5.109691
1.51625,1515,680.382,656.700867,5,4.995173
1.51752,1516,680.382,656.705444,5,4.98426628
1.51931,1517,680.382,656.7113,5,4.76613665
1.51932,1518,680.382,656.7166,5,5.05515862
1.52058,1519,680.382,656.7209,5,5.109691
1.52060,1520,680.382,656.7256,5,5.09878445
1.52241,1521,680.382,656.730347,5,5.02789259
1.52423,1522,680.382,656.736267,5,4.82612228
1.52424,1523,680.382,656.741,5,5.07697153
1.52550,1524,680.382,656.74585,5,5.006079
1.52732,1525,680.382,656.7504,5,5.109691
1.52733,1526,680.382,656.7556,5,4.913374
1.52859,1527,680.382,656.7612,5,4.88065434
1.52862,1528,680.382,656.7658,5,5.05515862
1.53041,1529,680.382,656.7708,5,4.995173
1.53223,1530,680.382,656.7753,5,5.066065
1.53225,1531,680.382,656.7811,5,4.837029
1.53354,1532,680.382,656.7859,5,4.96245337
1.53530,1533,680.382,656.7906,5,4.96245337
1.53532,1534,680.382,656.795837,5,5.016986
1.53658,1535,680.382,656.8006,5,5.07697153
1.53659,1536,680.382,656.8062,5,4.95154667
1.53839,1537,680.382,656.810852,5,5.13150358
1.54022,1538,680.382,656.815735,5,5.006079
1.54024,1539,680.382,656.8206,5,5.02789259
1.54152,1540,680.382,656.825745,5,4.913374
1.54333,1541,680.382,656.831238,5,4.95154667
1.54335,1542,680.382,656.8358,5,5.07697153
1.54487,1543,680.382,656.840942,5,4.995173
1.54491,1544,680.382,656.8456,5,5.066065
1.54642,1545,680.382,656.8511,5,4.869748
1.54824,1546,680.382,656.8561,5,5.02789259
1.54826,1547,680.382,656.86084,5,5.006079
1.54952,1548,680.382,656.866,5,5.016986
1.55131,1549,680.382,656.87085,5,5.07697153
1.55132,1550,680.382,656.876343,5,4.94064
1.55259,1551,680.382,656.880737,5,5.07697153
1.55262,1552,680.382,656.8859,5,4.913374
1.55439,1553,680.382,656.8912,5,5.05515862
1.55626,1554,680.382,656.8962,5,5.006079
1.55629,1555,680.382,656.9011,5,5.006079
1.55750,1556,680.382,656.9056,5,5.038799
1.55930,1557,680.382,656.911255,5,4.869748
1.55932,1558,680.382,656.9165,5,5.07697153
1.56061,1559,680.382,656.9257,5,5.109691
1.56064,1560,680.382,656.9306,5,4.92973375
1.56241,1561,680.382,656.9365,5,4.869748
1.56422,1562,680.382,656.941467,5,5.02789259
1.56424,1563,680.382,656.9468,5,5.038799
1.56550,1564,680.382,656.951,5,5.180583
1.56735,1565,680.382,656.955933,5,4.88065434
1.56736,1566,680.382,656.9613,5,4.90246725
1.56860,1567,680.382,656.9663,5,4.92973375
1.56862,1568,680.382,656.9717,5,5.05515862
1.57040,1569,680.382,656.9761,5,5.12059736
1.57223,1570,680.382,656.9815,5,4.88065434
1.57225,1571,680.382,656.9864,5,4.98426628
1.57348,1572,680.382,656.99176,5,4.90246725
1.57531,1573,680.382,656.9967,5,5.12059736
1.57533,1574,680.382,657.0013,5,5.07697153
1.57658,1575,680.382,657.0062,5,4.94064
1.57660,1576,680.382,657.0111,5,4.913374
1.57843,1577,680.382,657.0169,5,4.858842
1.58024,1578,680.382,657.0215,5,5.12059736
1.58026,1579,680.382,657.0262,5,4.995173
1.58149,1580,680.382,657.0309,5,5.016986
1.58333,1581,680.382,657.036133,5,4.82612228
1.58334,1582,680.382,657.042053,5,4.891561
1.58461,1583,680.382,657.0466,5,5.153317
1.58464,1584,680.382,657.051331,5,5.066065
1.58642,1585,680.382,657.0559,5,5.109691
1.58825,1586,680.382,657.0616,5,4.837029
1.58826,1587,680.382,657.066833,5,4.98426628
1.58948,1588,680.382,657.0715,5,5.02789259
1.59131,1589,680.382,657.0762,5,5.038799
1.59133,1590,680.382,657.0813,5,5.006079
1.59258,1591,680.382,657.086731,5,4.81521559
1.59262,1592,680.382,657.091553,5,5.02789259
1.59454,1593,680.382,657.096436,5,4.995173
1.59622,1594,680.382,657.101,5,5.087878
1.59624,1595,680.382,657.10614,5,4.92973375
1.59749,1596,680.382,657.111633,5,4.891561
1.59935,1597,680.382,657.1163,5,5.016986
1.59937,1598,680.382,657.12146,5,4.96245337
1.60057,1599,680.382,657.1262,5,5.12059736
1.60059,1600,680.382,657.1317,5,4.95154667
1.60252,1601,680.382,657.1367,5,5.07697153
1.60423,1602,680.382,657.1414,5,5.05515862
1.60424,1603,680.382,657.146362,5,4.97335958
1.60548,1604,680.382,657.151062,5,4.98426628
1.60733,1605,680.382,657.1568,5,4.858842
1.60734,1606,680.382,657.161743,5,5.066065
1.60858,1607,680.382,657.166748,5,4.995173
1.60861,1608,680.382,657.171448,5,5.038799
1.61042,1609,680.382,657.1767,5,4.94064
1.61223,1610,680.382,657.182068,5,4.94064
1.61225,1611,680.382,657.187,5,5.05515862
1.61350,1612,680.382,657.192139,5,4.97335958
1.61531,1613,680.382,657.19696,5,5.09878445
1.61532,1614,680.382,657.2024,5,4.92973375
1.61657,1615,680.382,657.207,5,5.038799
1.61658,1616,680.382,657.2118,5,4.96245337
1.61842,1617,680.382,657.2166,5,4.94064
1.62029,1618,680.382,657.2215,5,5.05515862
1.62033,1619,680.382,657.2267,5,4.92973375
1.62149,1620,680.382,657.230957,5,5.07697153
1.62331,1621,680.382,657.236267,5,4.891561
1.62333,1622,680.382,657.2419,5,4.98426628
1.62457,1623,680.382,657.246765,5,5.066065
1.62459,1624,680.382,657.251648,5,5.066065
1.62640,1625,680.382,657.256042,5,5.038799
1.62829,1626,680.382,657.262,5,4.82612228
1.62832,1627,680.382,657.2672,5,4.995173
1.62950,1628,680.382,657.271851,5,4.98426628
1.63135,1629,680.382,657.276367,5,5.180583
1.63137,1630,680.382,657.2814,5,5.02789259
1.63258,1631,680.382,657.287048,5,4.837029
1.63259,1632,680.382,657.2919,5,4.96245337
1.63445,1633,680.382,657.2971,5,4.94064
1.63623,1634,680.382,657.301453,5,5.164223
1.63626,1635,680.382,657.306641,5,4.96245337
1.63748,1636,680.382,657.311768,5,4.94064
1.63932,1637,680.382,657.3169,5,4.92973375
1.63933,1638,680.382,657.322266,5,4.98426628
1.64057,1639,680.382,657.3266,5,5.153317
1.64058,1640,680.382,657.331543,5,4.94064
1.64242,1641,680.382,657.336365,5,4.95154667
1.64427,1642,680.382,657.3419,5,4.82612228
1.64429,1643,680.382,657.3471,5,5.006079
1.64549,1644,680.382,657.3515,5,5.066065
1.64732,1645,680.382,657.356262,5,4.97335958
1.64733,1646,680.382,657.360962,5,4.94064
1.64857,1647,680.382,657.367,5,4.74432325
1.64858,1648,680.382,657.371948,5,5.07697153
1.65041,1649,680.382,657.376648,5,5.07697153
1.65226,1650,680.382,657.381165,5,5.109691
1.65229,1651,680.382,657.3863,5,4.95154667
1.65349,1652,680.382,657.3921,5,4.837029
1.65532,1653,680.382,657.3966,5,5.066065
1.65534,1654,680.382,657.40155,5,4.98426628
1.65657,1655,680.382,657.406067,5,5.087878
1.65659,1656,680.382,657.4115,5,4.847935
1.65840,1657,680.382,657.4169,5,4.913374
1.66027,1658,680.382,657.4215,5,5.038799
1.66029,1659,680.382,657.426331,5,5.016986
1.66149,1660,680.382,657.430969,5,5.038799
1.66331,1661,680.382,657.436646,5,4.81521559
1.66333,1662,680.382,657.44635,5,4.94064
1.66458,1663,680.382,657.451355,5,5.05515862
1.66459,1664,680.382,657.4564,5,5.05515862
1.66641,1665,680.382,657.4619,5,4.96245337
1.66828,1666,680.382,657.466431,5,5.13150358
1.66830,1667,680.382,657.471436,5,4.98426628
1.66949,1668,680.382,657.4762,5,5.02789259
1.67134,1669,680.382,657.481567,5,4.88065434
1.67136,1670,680.382,657.4868,5,4.97335958
1.67257,1671,680.382,657.4915,5,5.038799
1.67258,1672,680.382,657.49646,5,4.995173
1.67440,1673,680.382,657.50116,5,5.038799
1.67622,1674,680.382,657.506836,5,4.869748
1.67624,1675,680.382,657.5116,5,5.05515862
1.67750,1676,680.382,657.5165,5,4.98426628
1.67936,1677,680.382,657.521545,5,5.038799
1.67940,1678,680.382,657.52655,5,5.038799
1.68062,1679,680.382,657.53186,5,4.95154667
1.68066,1680,680.382,657.5362,5,5.05515862
1.68243,1681,680.382,657.5416,5,4.90246725
1.68427,1682,680.382,657.5467,5,5.05515862
1.68430,1683,680.382,657.551758,5,4.97335958
1.68548,1684,680.382,657.5565,5,5.016986
1.68735,1685,680.382,657.5611,5,5.006079
1.68738,1686,680.382,657.567261,5,4.88065434
1.68856,1687,680.382,657.572266,5,5.07697153
1.68858,1688,680.382,657.5772,5,5.02789259
1.69045,1689,680.382,657.581238,5,5.109691
1.69225,1690,680.382,657.5867,5,4.891561
1.69227,1691,680.382,657.592346,5,4.891561
1.69352,1692,680.382,657.5972,5,5.006079
1.69538,1693,680.382,657.6018,5,5.038799
1.69541,1694,680.382,657.6063,5,5.164223
1.69659,1695,680.382,657.611938,5,4.858842
1.69661,1696,680.382,657.617,5,4.92973375
1.69844,1697,680.382,657.622131,5,4.913374
1.70027,1698,680.382,657.626953,5,5.066065
1.70030,1699,680.382,657.631531,5,5.087878
1.70150,1700,680.382,657.636963,5,4.88065434
1.70333,1701,680.382,657.641846,5,4.995173
1.70336,1702,680.382,657.6474,5,4.90246725
1.70457,1703,680.382,657.652,5,5.14241028
1.70459,1704,680.382,657.656738,5,5.038799
1.70643,1705,680.382,657.6616,5,4.94064
1.70823,1706,680.382,657.6668,5,4.913374
1.70825,1707,680.382,657.672363,5,4.88065434
1.70951,1708,680.382,657.677063,5,5.12059736
1.71154,1709,680.382,657.682,5,4.98426628
1.71161,1710,680.382,657.6865,5,5.006079
1.71258,1711,680.382,657.6919,5,4.798856
1.71260,1712,680.382,657.6977,5,4.92973375
1.71445,1713,680.382,657.702332,5,5.14241028
1.71626,1714,680.382,657.707031,5,5.07697153
1.71628,1715,680.382,657.711731,5,5.09878445
1.71749,1716,680.382,657.718,5,4.82612228
1.71933,1717,680.382,657.7227,5,5.006079
1.71937,1718,680.382,657.727539,5,5.006079
1.72058,1719,680.382,657.7321,5,5.066065
1.72059,1720,680.382,657.736633,5,4.98426628
1.72243,1721,680.382,657.7424,5,4.82612228
1.72425,1722,680.382,657.746948,5,5.066065
1.72427,1723,680.382,657.7519,5,4.995173
1.72549,1724,680.382,657.756348,5,5.087878
1.72737,1725,680.382,657.7617,5,4.891561
1.72740,1726,680.382,657.766968,5,4.88065434
1.72858,1727,680.382,657.771545,5,4.98426628
1.72861,1728,680.382,657.7768,5,4.92973375
1.73044,1729,680.382,657.7818,5,5.09878445
1.73228,1730,680.382,657.787048,5,4.90246725
1.73231,1731,680.382,657.7918,5,5.05515862
1.73349,1732,680.382,657.7965,5,5.006079
1.73534,1733,680.382,657.801453,5,4.94064
1.73537,1734,680.382,657.806335,5,4.94064
1.73657,1735,680.382,657.811951,5,4.82612228
1.73658,1736,680.382,657.8165,5,5.05515862
1.73841,1737,680.382,657.8215,5,4.97335958
1.74026,1738,680.382,657.8262,5,5.02789259
1.74029,1739,680.382,657.831543,5,4.90246725
1.74150,1740,680.382,657.836731,5,4.92973375
1.74340,1741,680.382,657.8413,5,5.02789259
1.74345,1742,680.382,657.846558,5,4.95154667
1.74474,1743,680.382,657.8513,5,5.09878445
1.74476,1744,680.382,657.8568,5,4.913374
1.74643,1745,680.382,657.8613,5,5.02789259
1.74828,1746,680.382,657.8662,5,4.96245337
1.74831,1747,680.382,657.871643,5,4.94064
1.74949,1748,680.382,657.8765,5,5.066065
1.75135,1749,680.382,657.881653,5,4.92973375
1.75137,1750,680.382,657.886,5,5.087878
1.75258,1751,680.382,657.8914,5,4.891561
1.75259,1752,680.382,657.897156,5,4.98426628
1.75442,1753,680.382,657.902161,5,5.066065
1.75626,1754,680.382,657.9065,5,5.05515862
1.75629,1755,680.382,657.9111,5,5.038799
1.75748,1756,680.382,657.9172,5,4.81521559
1.75932,1757,680.382,657.9221,5,5.006079
1.75933,1758,680.382,657.9272,5,4.98426628
1.76063,1759,680.382,657.936462,5,5.038799
1.76067,1760,680.382,657.941956,5,4.837029
1.76247,1761,680.382,657.9469,5,4.95154667
1.76428,1762,680.382,657.952148,5,4.95154667
1.76434,1763,680.382,657.956543,5,5.164223
1.76550,1764,680.382,657.9618,5,4.97335958
1.76737,1765,680.382,657.966858,5,4.97335958
1.76739,1766,680.382,657.9721,5,4.96245337
1.76858,1767,680.382,657.977356,5,5.016986
1.76859,1768,680.382,657.9818,5,5.180583
1.77045,1769,680.382,657.9868,5,4.97335958
1.77226,1770,680.382,657.9916,5,4.97335958
1.77229,1771,680.382,657.997437,5,4.858842
1.77349,1772,680.382,658.002258,5,5.05515862
1.77535,1773,680.382,658.006836,5,5.07697153
1.77537,1774,680.382,658.011658,5,5.006079
1.77657,1775,680.382,658.0166,5,4.96245337
1.77658,1776,680.382,658.0227,5,4.798856
1.77850,1777,680.382,658.027344,5,5.13150358
1.78031,1778,680.382,658.032166,5,5.087878
1.78036,1779,680.382,658.0367,5,5.13150358
1.78150,1780,680.382,658.0422,5,4.96245337
1.78335,1781,680.382,658.047668,5,4.88065434
1.78339,1782,680.382,658.052246,5,5.087878
1.78458,1783,680.382,658.057068,5,5.006079
1.78459,1784,680.382,658.0617,5,5.087878
1.78645,1785,680.382,658.0675,5,4.847935
1.78827,1786,680.382,658.072449,5,4.97335958
1.78830,1787,680.382,658.0773,5,5.038799
1.78950,1788,680.382,658.0819,5,5.05515862
1.79136,1789,680.382,658.086853,5,5.02789259
1.79138,1790,680.382,658.092468,5,4.837029
1.79257,1791,680.382,658.0971,5,5.016986
1.79259,1792,680.382,658.102234,5,4.95154667
1.79488,1793,680.382,658.1071,5,5.09878445
1.79625,1794,680.382,658.1124,5,5.02789259
1.79627,1795,680.382,658.1177,5,5.006079
1.79750,1796,680.382,658.122253,5,5.12059736
1.79936,1797,680.382,658.127258,5,4.995173
1.79938,1798,680.382,658.131958,5,5.038799
1.80058,1799,680.382,658.137634,5,4.858842
1.80060,1800,680.382,658.142456,5,5.016986
1.80241,1801,680.382,658.147339,5,5.016986
1.80429,1802,680.382,658.1522,5,5.006079
1.80435,1803,680.382,658.1571,5,5.016986
1.80549,1804,680.382,658.1627,5,4.88065434
1.80736,1805,680.382,658.1676,5,5.07697153
1.80738,1806,680.382,658.1725,5,4.98426628
1.80858,1807,680.382,658.1773,5,5.087878
1.80859,1808,680.382,658.18335,5,4.98426628
1.81042,1809,680.382,658.187866,5,4.98426628
1.81224,1810,680.382,658.192444,5,5.02789259
1.81228,1811,680.382,658.1983,5,5.07697153
1.81354,1812,680.382,658.2032,5,4.96245337
1.81541,1813,680.382,658.208069,5,4.96245337
1.81544,1814,680.382,658.2124,5,4.97335958
1.81659,1815,680.382,658.218,5,4.92973375
1.81662,1816,680.382,658.2236,5,5.087878
1.81842,1817,680.382,658.2279,5,5.087878
1.82028,1818,680.382,658.233337,5,5.109691
1.82030,1819,680.382,658.2374,5,4.847935
1.82151,1820,680.382,658.243042,5,4.847935
1.82335,1821,680.382,658.2483,5,4.95154667
1.82338,1822,680.382,658.2533,5,4.995173
1.82457,1823,680.382,658.257751,5,5.109691
1.82458,1824,680.382,658.262451,5,5.14241028
1.82642,1825,680.382,658.2681,5,4.847935
1.82827,1826,680.382,658.273132,5,4.97335958
1.82832,1827,680.382,658.278442,5,4.95154667
1.82951,1828,680.382,658.2828,5,5.153317
1.83136,1829,680.382,658.2879,5,5.066065
1.83139,1830,680.382,658.2931,5,4.92973375
1.83259,1831,680.382,658.298157,5,4.995173
1.83261,1832,680.382,658.3036,5,4.95154667
1.83445,1833,680.382,658.308,5,5.191489
1.83626,1834,680.382,658.313,5,4.995173
1.83629,1835,680.382,658.3178,5,4.95154667
1.83749,1836,680.382,658.323364,5,4.88065434
1.83935,1837,680.382,658.3285,5,4.95154667
1.83938,1838,680.382,658.332947,5,5.109691
1.84057,1839,680.382,658.337769,5,4.98426628
1.84058,1840,680.382,658.342468,5,4.995173
1.84244,1841,680.382,658.3486,5,4.75523
1.84424,1842,680.382,658.353455,5,5.02789259
1.84426,1843,680.382,658.3582,5,5.12059736
1.84552,1844,680.382,658.3627,5,5.09878445
1.84737,1845,680.382,658.3678,5,5.038799
1.84740,1846,680.382,658.3736,5,4.81521559
1.84857,1847,680.382,658.3782,5,5.038799
1.84858,1848,680.382,658.383057,5,4.98426628
1.85044,1849,680.382,658.387634,5,5.087878
1.85230,1850,680.382,658.393066,5,4.913374
1.85235,1851,680.382,658.3985,5,4.869748
1.85348,1852,680.382,658.403137,5,5.066065
1.85533,1853,680.382,658.407959,5,5.006079
1.85535,1854,680.382,658.4126,5,5.07697153
1.85658,1855,680.382,658.418335,5,4.847935
1.85660,1856,680.382,658.423035,5,4.96245337
1.85842,1857,680.382,658.42804,5,4.96245337
1.86025,1858,680.382,658.433044,5,5.02789259
1.86027,1859,680.382,658.4381,5,5.09878445
1.86149,1860,680.382,658.4436,5,4.95154667
1.86337,1861,680.382,658.4481,5,5.13150358
1.86339,1862,680.382,658.4531,5,5.006079
1.86463,1863,680.382,658.4578,5,5.016986
1.86466,1864,680.382,658.4633,5,4.913374
1.86644,1865,680.382,658.4732,5,5.087878
1.86827,1866,680.382,658.478149,5,4.995173
1.86830,1867,680.382,658.483,5,5.07697153
1.86949,1868,680.382,658.4885,5,4.88065434
1.87135,1869,680.382,658.4933,5,5.016986
1.87139,1870,680.382,658.4982,5,5.006079
1.87259,1871,680.382,658.5033,5,5.006079
1.87261,1872,680.382,658.5083,5,5.07697153
1.87443,1873,680.382,658.5136,5,4.92973375
1.87625,1874,680.382,658.517944,5,5.066065
1.87627,1875,680.382,658.5233,5,5.016986
1.87748,1876,680.382,658.5284,5,5.016986
1.87933,1877,680.382,658.5335,5,5.006079
1.87935,1878,680.382,658.5382,5,4.98426628
1.88061,1879,680.382,658.543152,5,4.858842
1.88063,1880,680.382,658.549,5,5.066065
1.88242,1881,680.382,658.5541,5,5.038799
1.88428,1882,680.382,658.5589,5,5.109691
1.88432,1883,680.382,658.563,5,4.95154667
1.88549,1884,680.382,658.5684,5,4.858842
1.88732,1885,680.382,658.5741,5,5.006079
1.88734,1886,680.382,658.579041,5,5.016986
1.88858,1887,680.382,658.5838,5,5.191489
1.88862,1888,680.382,658.588135,5,4.913374
1.89043,1889,680.382,658.5937,5,4.90246725
1.89226,1890,680.382,658.598755,5,4.92973375
1.89228,1891,680.382,658.603943,5,5.02789259
1.89347,1892,680.382,658.608643,5,5.12059736
1.89536,1893,680.382,658.613342,5,4.891561
1.89540,1894,680.382,658.6187,5,4.98426628
1.89659,1895,680.382,658.6236,5,4.913374
1.89661,1896,680.382,658.629456,5,5.12059736
1.89841,1897,680.382,658.634033,5,5.09878445
1.90028,1898,680.382,658.638855,5,4.95154667
1.90032,1899,680.382,658.643433,5,4.94064
1.90148,1900,680.382,658.6487,5,4.869748
1.90335,1901,680.382,658.6546,5,5.12059736
1.90338,1902,680.382,658.658936,5,5.016986
1.90457,1903,680.382,658.6638,5,5.016986
1.90459,1904,680.382,658.668457,5,4.858842
1.90641,1905,680.382,658.674255,5,4.891561
1.90822,1906,680.382,658.6797,5,5.164223
1.90825,1907,680.382,658.684265,5,5.07697153
1.90951,1908,680.382,658.688965,5,5.12059736
1.91158,1909,680.382,658.6937,5,4.869748
1.91166,1910,680.382,658.6997,5,4.98426628
1.91260,1911,680.382,658.7044,5,5.038799
1.91262,1912,680.382,658.7092,5,5.05515862
1.91444,1913,680.382,658.7141,5,5.02789259
1.91627,1914,680.382,658.7194,5,4.82612228
1.91631,1915,680.382,658.725,5,5.038799
1.91749,1916,680.382,658.7296,5,5.016986
1.91935,1917,680.382,658.734558,5,5.09878445
1.91937,1918,680.382,658.739136,5,4.95154667
1.92057,1919,680.382,658.744751,5,4.913374
1.92059,1920,680.382,658.7497,5,5.02789259
1.92244,1921,680.382,658.7545,5,4.97335958
1.92427,1922,680.382,658.7597,5,5.13150358
1.92430,1923,680.382,658.7642,5,4.96245337
1.92549,1924,680.382,658.7699,5,5.09878445
1.92738,1925,680.382,658.7745,5,5.07697153
1.92742,1926,680.382,658.7794,5,5.006079
1.92863,1927,680.382,658.784851,5,5.016986
1.92867,1928,680.382,658.789551,5,4.891561
1.93047,1929,680.382,658.795,5,5.109691
1.93228,1930,680.382,658.7996,5,5.038799
1.93233,1931,680.382,658.8047,5,5.09878445
1.93351,1932,680.382,658.809448,5,4.97335958
1.93534,1933,680.382,658.815063,5,4.995173
1.93537,1934,680.382,658.819946,5,5.087878
1.93659,1935,680.382,658.8248,5,5.016986
1.93663,1936,680.382,658.83,5,5.14241028
1.93846,1937,680.382,658.8349,5,4.96245337
1.94024,1938,680.382,658.8404,5,5.09878445
1.94025,1939,680.382,658.8447,5,4.97335958
1.94149,1940,680.382,658.8501,5,4.995173
1.94334,1941,680.382,658.8552,5,5.07697153
1.94337,1942,680.382,658.860352,5,4.97335958
1.94479,1943,680.382,658.8651,5,5.09878445
1.94481,1944,680.382,658.8697,5,4.891561
1.94646,1945,680.382,658.875549,5,5.066065
1.94824,1946,680.382,658.880554,5,5.05515862
1.94827,1947,680.382,658.885559,5,5.09878445
1.94949,1948,680.382,658.889648,5,5.006079
1.95134,1949,680.382,658.8949,5,4.82612228
1.95138,1950,680.382,658.900635,5,5.006079
1.95258,1951,680.382,658.9056,5,4.98426628
1.95260,1952,680.382,658.910461,5,5.191489
1.95443,1953,680.382,658.914734,5,4.96245337
1.95622,1954,680.382,658.9202,5,4.869748
1.95623,1955,680.382,658.925354,5,4.94064
1.95751,1956,680.382,658.9305,5,4.97335958
1.95936,1957,680.382,658.935242,5,5.14241028
1.95938,1958,680.382,658.9398,5,4.90246725
1.96058,1959,680.382,658.945251,5,4.96245337
1.96059,1960,680.382,658.950134,5,4.913374
1.96246,1961,680.382,658.9556,5,5.05515862
1.96423,1962,680.382,658.9603,5,5.13150358
1.96425,1963,680.382,658.97,5,4.95154667
1.96548,1964,680.382,658.975037,5,4.82612228
1.96731,1965,680.382,658.9808,5,5.07697153
1.96733,1966,680.382,658.985168,5,5.02789259
1.96857,1967,680.382,658.990051,5,4.995173
1.96858,1968,680.382,658.9946,5,4.913374
1.97043,1969,680.382,659.0001,5,4.81521559
1.97222,1970,680.382,659.0058,5,5.14241028
1.97223,1971,680.382,659.0103,5,5.066065
1.97348,1972,680.382,659.015137,5,5.13150358
1.97533,1973,680.382,659.019653,5,4.90246725
1.97535,1974,680.382,659.0256,5,4.913374
1.97658,1975,680.382,659.0306,5,5.066065
1.97659,1976,680.382,659.0353,5,5.016986
1.97845,1977,680.382,659.04,5,5.07697153
1.98024,1978,680.382,659.044861,5,4.82612228
1.98026,1979,680.382,659.0507,5,4.995173
1.98150,1980,680.382,659.055359,5,5.02789259
1.98333,1981,680.382,659.060242,5,5.066065
1.98336,1982,680.382,659.0648,5,4.995173
1.98458,1983,680.382,659.0702,5,4.858842
1.98459,1984,680.382,659.0755,5,5.02789259
1.98646,1985,680.382,659.0802,5,4.96245337
1.98822,1986,680.382,659.0857,5,5.12059736
1.98823,1987,680.382,659.0902,5,5.016986
1.98949,1988,680.382,659.0958,5,5.038799
1.99130,1989,680.382,659.1006,5,5.109691
1.99132,1990,680.382,659.105347,5,4.98426628
1.99269,1991,680.382,659.110352,5,5.02789259
1.99270,1992,680.382,659.1153,5,4.847935
1.99483,1993,680.382,659.12085,5,5.05515862
1.99633,1994,680.382,659.1255,5,5.02789259
1.99636,1995,680.382,659.130554,5,5.038799
1.99752,1996,680.382,659.135254,5,5.006079
1.99931,1997,680.382,659.1406,5,4.92973375
1.99933,1998,680.382,659.1459,5,5.087878
2.00057,1999,680.382,659.1505,5,4.98426628
2.00059,2000,680.382,659.155762,5,5.109691
2.00246,2001,680.382,659.1606,5,4.995173
2.00423,2002,680.382,659.1661,5,5.02789259
2.00426,2003,680.382,659.1706,5,5.016986
2.00548,2004,680.382,659.1756,5,4.94064
2.00732,2005,680.382,659.1812,5,5.087878
2.00734,2006,680.382,659.1863,5,4.95154667
2.00857,2007,680.382,659.1913,5,5.09878445
2.00859,2008,680.382,659.1957,5,4.95154667
2.01042,2009,680.382,659.2013,5,4.97335958
2.01228,2010,680.382,659.2066,5,5.087878
2.01231,2011,680.382,659.212,5,5.05515862
2.01351,2012,680.382,659.2161,5,5.07697153
2.01533,2013,680.382,659.221069,5,4.837029
2.01534,2014,680.382,659.227,5,4.995173
2.01657,2015,680.382,659.231934,5,4.995173
2.01658,2016,680.382,659.236938,5,5.153317
2.01843,2017,680.382,659.24115,5,5.07697153
2.02022,2018,680.382,659.2464,5,4.837029
2.02023,2019,680.382,659.2518,5,4.96245337
2.02153,2020,680.382,659.2568,5,4.92973375
2.02332,2021,680.382,659.261841,5,5.153317
2.02335,2022,680.382,659.2659,5,4.98426628
2.02459,2023,680.382,659.271362,5,4.94064
2.02462,2024,680.382,659.2763,5,4.97335958
2.02639,2025,680.382,659.281738,5,4.98426628
2.02828,2026,680.382,659.286743,5,5.21330261
2.02835,2027,680.382,659.29126,5,4.995173
2.02951,2028,680.382,659.2964,5,5.006079
2.03133,2029,680.382,659.3013,5,4.88065434
2.03134,2030,680.382,659.307068,5,5.038799
2.03257,2031,680.382,659.3117,5,5.12059736
2.03258,2032,680.382,659.3165,5,5.016986
2.03440,2033,680.382,659.321167,5,5.006079
2.03622,2034,680.382,659.3265,5,4.81521559
2.03623,2035,680.382,659.3324,5,5.13150358
2.03750,2036,680.382,659.337,5,5.12059736
2.03933,2037,680.382,659.341858,5,5.153317
2.03934,2038,680.382,659.3463,5,4.995173
2.04060,2039,680.382,659.3521,5,4.891561
2.04062,2040,680.382,659.357361,5,5.09878445
2.04240,2041,680.382,659.362,5,5.016986
2.04422,2042,680.382,659.36676,5,5.09878445
2.04423,2043,680.382,659.3715,5,4.858842
2.04550,2044,680.382,659.3774,5,4.96245337
2.04732,2045,680.382,659.382141,5,5.05515862
2.04733,2046,680.382,659.387,5,5.05515862
2.04860,2047,680.382,659.3916,5,5.038799
2.04863,2048,680.382,659.3968,5,4.837029
2.05040,2049,680.382,659.4023,5,5.016986
2.05223,2050,680.382,659.40686,5,4.95154667
2.05225,2051,680.382,659.412048,5,5.09878445
2.05350,2052,680.382,659.4169,5,5.038799
2.05531,2053,680.382,659.4224,5,4.995173
2.05533,2054,680.382,659.4273,5,5.13150358
2.05659,2055,680.382,659.432068,5,4.98426628
2.05660,2056,680.382,659.437,5,5.038799
2.05840,2057,680.382,659.441833,5,4.858842
2.06022,2058,680.382,659.4475,5,5.006079
2.06023,2059,680.382,659.4522,5,5.02789259
2.06152,2060,680.382,659.457153,5,5.006079
2.06332,2061,680.382,659.467163,5,4.88065434
2.06333,2062,680.382,659.472534,5,5.07697153
2.06459,2063,680.382,659.4771,5,4.98426628
2.06461,2064,680.382,659.482361,5,5.07697153
2.06640,2065,680.382,659.4871,5,5.016986
2.06822,2066,680.382,659.492554,5,4.97335958
2.06823,2067,680.382,659.497437,5,5.038799
2.06950,2068,680.382,659.5024,5,4.90246725
2.07134,2069,680.382,659.507751,5,5.07697153
2.07137,2070,680.382,659.5124,5,4.96245337
2.07262,2071,680.382,659.5178,5,5.05515862
2.07264,2072,680.382,659.5221,5,4.98426628
2.07440,2073,680.382,659.527649,5,4.913374
2.07622,2074,680.382,659.5331,5,5.087878
2.07623,2075,680.382,659.5381,5,5.038799
2.07748,2076,680.382,659.5425,5,5.109691
2.07933,2077,680.382,659.547058,5,4.858842
2.07934,2078,680.382,659.55304,5,4.94064
2.08062,2079,680.382,659.558044,5,4.995173
2.08065,2080,680.382,659.5631,5,5.087878
2.08240,2081,680.382,659.567444,5,5.14241028
2.08422,2082,680.382,659.5724,5,4.837029
2.08423,2083,680.382,659.5779,5,4.94064
2.08550,2084,680.382,659.5828,5,4.92973375
2.08733,2085,680.382,659.5881,5,5.109691
2.08735,2086,680.382,659.5924,5,5.05515862
2.08861,2087,680.382,659.597656,5,4.90246725
2.08863,2088,680.382,659.6028,5,4.98426628
2.09040,2089,680.382,659.6079,5,4.913374
2.09222,2090,680.382,659.613159,5,5.180583
2.09223,2091,680.382,659.6176,5,5.006079
2.09349,2092,680.382,659.6226,5,4.95154667
2.09533,2093,680.382,659.6274,5,4.891561
2.09537,2094,680.382,659.6331,5,4.92973375
2.09658,2095,680.382,659.6383,5,5.13150358
2.09660,2096,680.382,659.6426,5,4.98426628
2.09840,2097,680.382,659.647339,5,5.016986
2.10022,2098,680.382,659.6523,5,4.78794956
2.10024,2099,680.382,659.6583,5,5.006079
2.10149,2100,680.382,659.6631,5,5.13150358
2.10332,2101,680.382,659.6679,5,5.09878445
2.10333,2102,680.382,659.672363,5,5.066065
2.10458,2103,680.382,659.6778,5,4.82612228
2.10461,2104,680.382,659.68335,5,5.038799
2.10641,2105,680.382,659.687866,5,4.995173
2.10824,2106,680.382,659.692749,5,5.087878
2.10826,2107,680.382,659.6973,5,4.94064
2.10949,2108,680.382,659.703064,5,4.858842
2.11142,2109,680.382,659.7084,5,5.07697153
2.11146,2110,680.382,659.7132,5,5.016986
2.11258,2111,680.382,659.717834,5,5.087878
2.11262,2112,680.382,659.7228,5,4.869748
2.11442,2113,680.382,659.728455,5,4.95154667
2.11623,2114,680.382,659.733337,5,4.97335958
2.11625,2115,680.382,659.738464,5,5.006079
2.11749,2116,680.382,659.743347,5,5.09878445
2.11931,2117,680.382,659.7487,5,4.92973375
2.11932,2118,680.382,659.75354,5,5.12059736
2.12060,2119,680.382,659.7581,5,5.006079
2.12062,2120,680.382,659.7629,5,5.006079
2.12240,2121,680.382,659.7675,5,4.92973375
2.12423,2122,680.382,659.773132,5,4.90246725
2.12425,2123,680.382,659.778,5,5.07697153
2.12549,2124,680.382,659.7828,5,4.97335958
2.12731,2125,680.382,659.7885,5,5.038799
2.12732,2126,680.382,659.7925,5,4.847935
2.12861,2127,680.382,659.798035,5,4.95154667
2.12864,2128,680.382,659.802551,5,4.97335958
2.13042,2129,680.382,659.807556,5,4.92973375
2.13225,2130,680.382,659.8125,5,5.02789259
2.13228,2131,680.382,659.8175,5,4.847935
2.13352,2132,680.382,659.822632,5,5.006079
2.13531,2133,680.382,659.826965,5,4.869748
2.13532,2134,680.382,659.8324,5,4.92973375
2.13657,2135,680.382,659.837646,5,4.98426628
2.13658,2136,680.382,659.8428,5,4.913374
2.13839,2137,680.382,659.847351,5,5.05515862
2.14026,2138,680.382,659.8522,5,4.837029
2.14028,2139,680.382,659.8579,5,5.016986
2.14149,2140,680.382,659.862854,5,5.02789259
2.14332,2141,680.382,659.867737,5,5.07697153
2.14334,2142,680.382,659.8719,5,4.995173
2.14474,2143,680.382,659.8774,5,4.81521559
2.14477,2144,680.382,659.883,5,5.006079
2.14641,2145,680.382,659.8879,5,4.98426628
2.14826,2146,680.382,659.892639,5,5.191489
2.14828,2147,680.382,659.897034,5,4.97335958
2.14949,2148,680.382,659.902649,5,4.858842
2.15132,2149,680.382,659.907654,5,4.95154667
2.15133,2150,680.382,659.9129,5,4.97335958
2.15259,2151,680.382,659.9175,5,5.164223
2.15261,2152,680.382,659.922241,5,4.92973375
2.15441,2153,680.382,659.9277,5,4.97335958
2.15628,2154,680.382,659.9326,5,4.95154667
2.15630,2155,680.382,659.9381,5,5.05515862
2.15750,2156,680.382,659.9426,5,5.153317
2.15933,2157,680.382,659.9475,5,4.95154667
2.15935,2158,680.382,659.952332,5,4.96245337
2.16057,2159,680.382,659.9576,5,4.837029
2.16058,2160,680.382,659.9632,5,5.07697153
2.16241,2161,680.382,659.9675,5,5.038799
2.16423,2162,680.382,659.9724,5,4.995173
2.16425,2163,680.382,659.977,5,4.913374
2.16548,2164,680.382,659.9828,5,4.81521559
2.16735,2165,680.382,659.992737,5,5.07697153
2.16738,2166,680.382,659.9975,5,5.14241028
2.16857,2167,680.382,660.0022,5,4.913374
2.16859,2168,680.382,660.0082,5,4.913374
2.17039,2169,680.382,660.013,5,5.07697153
2.17226,2170,680.382,660.017761,5,5.016986
2.17228,2171,680.382,660.022339,5,5.07697153
2.17349,2172,680.382,660.0275,5,4.837029
2.17533,2173,680.382,660.033264,5,5.006079
2.17535,2174,680.382,660.0379,5,5.038799
2.17657,2175,680.382,660.0428,5,5.087878
2.17658,2176,680.382,660.047363,5,5.006079
2.17843,2177,680.382,660.052856,5,4.858842
2.18027,2178,680.382,660.058,5,5.038799
2.18030,2179,680.382,660.062744,5,4.96245337
2.18149,2180,680.382,660.067932,5,5.13150358
2.18336,2181,680.382,660.072754,5,5.006079
2.18339,2182,680.382,660.0784,5,5.038799
2.18457,2183,680.382,660.083,5,5.09878445
2.18459,2184,680.382,660.0882,5,4.97335958
2.18639,2185,680.382,660.0928,5,5.02789259
2.18826,2186,680.382,660.0979,5,4.847935
2.18828,2187,680.382,660.1034,5,5.05515862
2.18948,2188,680.382,660.108,5,5.016986
2.19135,2189,680.382,660.113,5,5.016986
2.19138,2190,680.382,660.117737,5,4.995173
2.19257,2191,680.382,660.123169,5,4.891561
2.19258,2192,680.382,660.1282,5,5.07697153
2.19482,2193,680.382,660.1329,5,4.97335958
2.19623,2194,680.382,660.1384,5,5.087878
2.19624,2195,680.382,660.1432,5,4.96245337
2.19751,2196,680.382,660.1487,5,4.995173
2.19933,2197,680.382,660.152954,5,4.995173
2.19937,2198,680.382,660.158264,5,4.891561
2.20057,2199,680.382,660.163452,5,5.05515862
2.20058,2200,680.382,660.1684,5,4.92973375
2.20242,2201,680.382,660.1733,5,5.066065
2.20425,2202,680.382,660.177734,5,4.92973375
2.20429,2203,680.382,660.1835,5,4.92973375
2.20548,2204,680.382,660.1886,5,5.066065
2.20737,2205,680.382,660.193665,5,5.02789259
2.20739,2206,680.382,660.1978,5,5.07697153
2.20858,2207,680.382,660.2027,5,4.82612228
2.20859,2208,680.382,660.2086,5,4.94064
2.21047,2209,680.382,660.2135,5,4.97335958
2.21224,2210,680.382,660.218445,5,5.09878445
2.21226,2211,680.382,660.222656,5,5.09878445
2.21353,2212,680.382,660.228333,5,4.81521559
2.21534,2213,680.382,660.2336,5,4.94064
2.21536,2214,680.382,660.238953,5,4.913374
2.21657,2215,680.382,660.2436,5,5.12059736
2.21658,2216,680.382,660.248047,5,5.006079
2.21843,2217,680.382,660.2534,5,4.90246725
2.22028,2218,680.382,660.2583,5,4.97335958
2.22031,2219,680.382,660.2638,5,4.92973375
2.22148,2220,680.382,660.2689,5,5.180583
2.22334,2221,680.382,660.27356,5,4.98426628
2.22336,2222,680.382,660.2782,5,4.95154667
2.22459,2223,680.382,660.2827,5,4.869748
2.22461,2224,680.382,660.2886,5,4.92973375
2.22643,2225,680.382,660.2931,5,5.109691
2.22829,2226,680.382,660.297852,5,4.96245337
2.22834,2227,680.382,660.3025,5,4.98426628
2.22950,2228,680.382,660.3076,5,4.75523
2.23133,2229,680.382,660.313538,5,4.995173
2.23137,2230,680.382,660.3181,5,5.09878445
2.23258,2231,680.382,660.322937,5,5.07697153
2.23260,2232,680.382,660.3274,5,5.02789259
2.23440,2233,680.382,660.333,5,4.798856
2.23626,2234,680.382,660.3384,5,5.02789259
2.23629,2235,680.382,660.3429,5,4.97335958
2.23749,2236,680.382,660.347656,5,5.066065
2.23935,2237,680.382,660.3523,5,4.913374
2.23938,2238,680.382,660.3582,5,4.858842
2.24058,2239,680.382,660.3631,5,5.05515862
2.24059,2240,680.382,660.367859,5,4.995173
2.24247,2241,680.382,660.3725,5,5.066065
2.24430,2242,680.382,660.3775,5,4.847935
2.24433,2243,680.382,660.383057,5,4.94064
2.24552,2244,680.382,660.387634,5,4.96245337
2.24737,2245,680.382,660.3928,5,5.006079
2.24739,2246,680.382,660.397644,5,5.09878445
2.24858,2247,680.382,660.4031,5,4.92973375
2.24859,2248,680.382,660.4082,5,5.12059736
2.25043,2249,680.382,660.4128,5,5.006079
2.25228,2250,680.382,660.4178,5,5.006079
2.25231,2251,680.382,660.422546,5,4.94064
2.25349,2252,680.382,660.4282,5,4.913374
2.25534,2253,680.382,660.433,5,5.087878
2.25537,2254,680.382,660.4382,5,4.995173
2.25659,2255,680.382,660.4427,5,5.066065
2.25660,2256,680.382,660.4477,5,4.88065434
2.25857,2257,680.382,660.453247,5,5.006079
2.26038,2258,680.382,660.4578,5,5.016986
2.26041,2259,680.382,660.463257,5,4.995173
2.26151,2260,680.382,660.46814,5,5.087878
2.26335,2261,680.382,660.4735,5,4.913374
2.26339,2262,680.382,660.4783,5,5.066065
2.26458,2263,680.382,660.4829,5,4.92973375
2.26459,2264,680.382,660.4884,5,5.006079
2.26645,2265,680.382,660.498535,5,4.97335958
2.26823,2266,680.382,660.5028,5,5.066065
2.26825,2267,680.382,660.5081,5,4.858842
2.26948,2268,680.382,660.513733,5,5.07697153
2.27134,2269,680.382,660.5187,5,5.038799
2.27136,2270,680.382,660.5233,5,5.09878445
2.27258,2271,680.382,660.5276,5,4.97335958
2.27260,2272,680.382,660.5335,5,4.847935
2.27442,2273,680.382,660.538757,5,5.016986
2.27626,2274,680.382,660.5437,5,5.006079
2.27629,2275,680.382,660.5482,5,5.202396
2.27750,2276,680.382,660.5529,5,4.92973375
2.27933,2277,680.382,660.5586,5,4.90246725
2.27935,2278,680.382,660.5635,5,4.95154667
2.28058,2279,680.382,660.5687,5,5.016986
2.28060,2280,680.382,660.573242,5,5.14241028
2.28243,2281,680.382,660.578247,5,4.90246725
2.28424,2282,680.382,660.5835,5,4.98426628
2.28426,2283,680.382,660.58844,5,4.913374
2.28550,2284,680.382,660.594,5,5.109691
2.28734,2285,680.382,660.5983,5,5.12059736
2.28735,2286,680.382,660.6034,5,4.95154667
2.28857,2287,680.382,660.608154,5,4.96245337
2.28859,2288,680.382,660.6138,5,4.858842
2.29044,2289,680.382,660.618958,5,5.12059736
2.29223,2290,680.382,660.6234,5,5.016986
2.29227,2291,680.382,660.628235,5,5.016986
2.29348,2292,680.382,660.632935,5,4.869748
2.29534,2293,680.382,660.639038,5,4.869748
2.29538,2294,680.382,660.644,5,5.164223
2.29658,2295,680.382,660.6487,5,5.07697153
2.29659,2296,680.382,660.6532,5,5.13150358
2.29844,2297,680.382,660.6583,5,4.869748
2.30025,2298,680.382,660.6641,5,4.96245337
2.30028,2299,680.382,660.66864,5,5.038799
2.30152,2300,680.382,660.6736,5,5.038799
2.30348,2301,680.382,660.6781,5,5.038799
2.30352,2302,680.382,660.6837,5,4.81521559
2.30457,2303,680.382,660.6891,5,5.038799
2.30459,2304,680.382,660.693665,5,5.006079
2.30644,2305,680.382,660.6985,5,5.087878
2.30826,2306,680.382,660.7032,5,4.96245337
2.30828,2307,680.382,660.7089,5,4.88065434
2.30949,2308,680.382,660.7137,5,5.02789259
2.31152,2309,680.382,660.719,5,4.96245337
2.31156,2310,680.382,660.723938,5,5.13150358
2.31259,2311,680.382,660.72876,5,4.97335958
2.31262,2312,680.382,660.734558,5,5.087878
2.31444,2313,680.382,660.7391,5,5.07697153
2.31627,2314,680.382,660.744141,5,4.995173
2.31630,2315,680.382,660.749146,5,5.016986
2.31749,2316,680.382,660.754761,5,4.858842
2.31937,2317,680.382,660.7597,5,5.087878
2.31940,2318,680.382,660.764465,5,5.016986
2.32058,2319,680.382,660.769348,5,5.038799
2.32059,2320,680.382,660.7743,5,4.96245337
2.32244,2321,680.382,660.7799,5,4.94064
2.32426,2322,680.382,660.7845,5,5.066065
2.32430,2323,680.382,660.7896,5,4.97335958
2.32549,2324,680.382,660.793945,5,5.109691
2.32733,2325,680.382,660.7993,5,4.95154667
2.32736,2326,680.382,660.804565,5,5.038799
2.32862,2327,680.382,660.8089,5,4.97335958
2.32865,2328,680.382,660.8144,5,4.95154667
2.33045,2329,680.382,660.819336,5,5.05515862
2.33225,2330,680.382,660.824463,5,4.92973375
2.33228,2331,680.382,660.829041,5,5.07697153
2.33350,2332,680.382,660.833862,5,4.88065434
2.33537,2333,680.382,660.8399,5,4.98426628
2.33539,2334,680.382,660.844543,5,5.05515862
2.33658,2335,680.382,660.8494,5,5.038799
2.33659,2336,680.382,660.853455,5,5.02789259
2.33844,2337,680.382,660.858948,5,4.78794956
2.34023,2338,680.382,660.864563,5,4.96245337
2.34025,2339,680.382,660.8694,5,4.95154667
2.34149,2340,680.382,660.874146,5,5.13150358
2.34335,2341,680.382,660.8784,5,5.016986
2.34337,2342,680.382,660.884033,5,4.798856
2.34482,2343,680.382,660.8891,5,4.92973375
2.34486,2344,680.382,660.8942,5,4.90246725
2.34646,2345,680.382,660.8989,5,5.14241028
2.34824,2346,680.382,660.903564,5,4.95154667
2.34826,2347,680.382,660.908936,5,4.913374
2.34950,2348,680.382,660.9138,5,4.95154667
2.35137,2349,680.382,660.9194,5,4.96245337
2.35140,2350,680.382,660.924,5,5.164223
2.35257,2351,680.382,660.9287,5,4.96245337
2.35258,2352,680.382,660.933655,5,4.96245337
2.35444,2353,680.382,660.9388,5,4.847935
2.35625,2354,680.382,660.9445,5,5.006079
2.35627,2355,680.382,660.948853,5,5.087878
2.35751,2356,680.382,660.953735,5,4.97335958
2.35938,2357,680.382,660.958252,5,4.98426628
2.35941,2358,680.382,660.96405,5,4.777043
2.36057,2359,680.382,660.969543,5,5.087878
2.36059,2360,680.382,660.9741,5,5.109691
2.36248,2361,680.382,660.9788,5,5.12059736
2.36429,2362,680.382,660.9835,5,4.995173
2.36433,2363,680.382,660.989868,5,4.858842
2.36551,2364,680.382,660.9944,5,5.087878
2.36736,2365,680.382,661.0037,5,5.109691
2.36739,2366,680.382,661.0089,5,4.88065434
2.36858,2367,680.382,661.0146,5,4.94064
2.36860,2368,680.382,661.0192,5,5.066065
2.37043,2369,680.382,661.0242,5,5.038799
2.37226,2370,680.382,661.0287,5,5.066065
2.37228,2371,680.382,661.0342,5,4.847935
2.37348,2372,680.382,661.039368,5,5.006079
2.37534,2373,680.382,661.044067,5,4.97335958
2.37536,2374,680.382,661.0493,5,5.09878445
2.37657,2375,680.382,661.054138,5,5.066065
2.37659,2376,680.382,661.0598,5,5.006079
2.37849,2377,680.382,661.0644,5,5.14241028
2.38027,2378,680.382,661.069336,5,4.995173
2.38029,2379,680.382,661.0742,5,5.066065
2.38150,2380,680.382,661.0793,5,4.88065434
2.38338,2381,680.382,661.084839,5,5.006079
2.38341,2382,680.382,661.089661,5,5.05515862
2.38458,2383,680.382,661.0948,5,4.995173
2.38459,2384,680.382,661.0994,5,5.05515862
2.38643,2385,680.382,661.1047,5,4.88065434
2.38826,2386,680.382,661.109741,5,5.066065
2.38829,2387,680.382,661.1148,5,4.995173
2.38950,2388,680.382,661.119934,5,5.07697153
2.39134,2389,680.382,661.124756,5,5.02789259
2.39138,2390,680.382,661.130249,5,4.98426628
2.39258,2391,680.382,661.134644,5,5.05515862
2.39260,2392,680.382,661.1399,5,4.90246725
2.39497,2393,680.382,661.145142,5,5.07697153
2.39627,2394,680.382,661.150146,5,4.97335958
2.39629,2395,680.382,661.155,5,5.038799
2.39748,2396,680.382,661.1595,5,4.995173
2.39937,2397,680.382,661.1653,5,4.90246725
2.39940,2398,680.382,661.1704,5,5.087878
2.40057,2399,680.382,661.1754,5,5.038799
2.40058,2400,680.382,661.179565,5,5.109691
2.40243,2401,680.382,661.184631,5,4.88065434
2.40424,2402,680.382,661.190552,5,4.92973375
2.40426,2403,680.382,661.195435,5,5.006079
2.40550,2404,680.382,661.2004,5,5.087878
2.40735,2405,680.382,661.2046,5,5.153317
2.40737,2406,680.382,661.2101,5,4.847935
2.40857,2407,680.382,661.2153,5,4.95154667
2.40859,2408,680.382,661.2204,5,4.94064
2.41044,2409,680.382,661.225342,5,5.12059736
2.41227,2410,680.382,661.2298,5,5.066065
2.41229,2411,680.382,661.2352,5,4.913374
2.41351,2412,680.382,661.2401,5,4.98426628
2.41536,2413,680.382,661.2456,5,4.92973375
2.41540,2414,680.382,661.2507,5,5.180583
2.41658,2415,680.382,661.2553,5,5.006079
2.41659,2416,680.382,661.2604,5,4.96245337
2.41843,2417,680.382,661.2654,5,4.90246725
2.42026,2418,680.382,661.2714,5,4.94064
2.42028,2419,680.382,661.2758,5,5.14241028
2.42149,2420,680.382,661.280762,5,4.995173
2.42335,2421,680.382,661.2853,5,5.016986
2.42337,2422,680.382,661.29126,5,4.78794956
2.42462,2423,680.382,661.2959,5,5.006079
2.42465,2424,680.382,661.3004,5,5.13150358
2.42644,2425,680.382,661.305237,5,5.09878445
2.42840,2426,680.382,661.3098,5,5.066065
2.42848,2427,680.382,661.3156,5,4.81521559
2.42951,2428,680.382,661.32074,5,5.038799
2.43135,2429,680.382,661.3253,5,4.98426628
2.43138,2430,680.382,661.33,5,5.07697153
2.43257,2431,680.382,661.334839,5,4.94064
2.43258,2432,680.382,661.3407,5,4.858842
2.43445,2433,680.382,661.345459,5,5.066065
2.43626,2434,680.382,661.350342,5,4.995173
2.43629,2435,680.382,661.3549,5,5.07697153
2.43748,2436,680.382,661.3601,5,4.858842
2.43933,2437,680.382,661.36554,5,4.94064
2.43936,2438,680.382,661.3702,5,4.97335958
2.44057,2439,680.382,661.375366,5,5.006079
2.44058,2440,680.382,661.3801,5,5.109691
2.44249,2441,680.382,661.3857,5,4.94064
2.44427,2442,680.382,661.390564,5,5.13150358
2.44429,2443,680.382,661.395264,5,5.016986
2.44550,2444,680.382,661.4006,5,5.006079
2.44737,2445,680.382,661.4055,5,4.94064
2.44739,2446,680.382,661.4111,5,4.913374
2.44859,2447,680.382,661.4157,5,5.087878
2.44861,2448,680.382,661.4208,5,5.006079
2.45045,2449,680.382,661.4254,5,5.07697153
2.45224,2450,680.382,661.430847,5,4.891561
2.45226,2451,680.382,661.4358,5,5.006079
2.45348,2452,680.382,661.4407,5,5.016986
2.45537,2453,680.382,661.4459,5,5.006079
2.45540,2454,680.382,661.4507,5,5.09878445
2.45659,2455,680.382,661.4561,5,4.94064
2.45661,2456,680.382,661.4607,5,5.07697153
2.45844,2457,680.382,661.465637,5,4.92973375
2.46024,2458,680.382,661.471069,5,5.016986
2.46027,2459,680.382,661.476,5,5.02789259
2.46150,2460,680.382,661.48114,5,4.98426628
2.46336,2461,680.382,661.4855,5,5.07697153
2.46341,2462,680.382,661.490967,5,4.88065434
2.46458,2463,680.382,661.4964,5,5.07697153
2.46459,2464,680.382,661.5014,5,5.05515862
2.46649,2465,680.382,661.5058,5,5.12059736
2.46825,2466,680.382,661.5104,5,4.96245337
2.46827,2467,680.382,661.5214,5,5.016986
2.46949,2468,680.382,661.5265,5,5.016986
2.47136,2469,680.382,661.530762,5,5.202396
2.47139,2470,680.382,661.535767,5,4.913374
2.47259,2471,680.382,661.5412,5,4.90246725
2.47260,2472,680.382,661.546143,5,4.92973375
2.47444,2473,680.382,661.551331,5,5.006079
2.47623,2474,680.382,661.5557,5,5.12059736
2.47624,2475,680.382,661.561,5,4.88065434
2.47748,2476,680.382,661.5659,5,4.97335958
2.47933,2477,680.382,661.571167,5,4.90246725
2.47936,2478,680.382,661.5764,5,5.09878445
2.48058,2479,680.382,661.5809,5,5.09878445
2.48061,2480,680.382,661.5859,5,4.94064
2.48242,2481,680.382,661.5906,5,4.94064
2.48422,2482,680.382,661.5964,5,4.837029
2.48423,2483,680.382,661.601257,5,5.09878445
2.48548,2484,680.382,661.605835,5,5.006079
2.48734,2485,680.382,661.6106,5,5.006079
2.48739,2486,680.382,661.61554,5,4.869748
2.48857,2487,680.382,661.6216,5,4.858842
2.48859,2488,680.382,661.6263,5,5.164223
2.49043,2489,680.382,661.6311,5,5.07697153
2.49223,2490,680.382,661.635559,5,5.13150358
2.49224,2491,680.382,661.641052,5,4.88065434
2.49348,2492,680.382,661.646667,5,4.97335958
2.49533,2493,680.382,661.6512,5,5.066065
2.49535,2494,680.382,661.656067,5,5.05515862
2.49659,2495,680.382,661.6607,5,5.05515862
2.49661,2496,680.382,661.666443,5,4.82612228
2.49844,2497,680.382,661.671448,5,5.038799
2.50023,2498,680.382,661.6763,5,5.006079
2.50024,2499,680.382,661.680969,5,5.09878445
2.50150,2500,680.382,661.685852,5,4.96245337
2.50333,2501,680.382,661.6915,5,4.90246725
2.50336,2502,680.382,661.6961,5,5.038799
2.50458,2503,680.382,661.701233,5,4.97335958
2.50460,2504,680.382,661.7061,5,5.13150358
2.50643,2505,680.382,661.7115,5,4.97335958
2.50823,2506,680.382,661.716736,5,5.087878
2.50824,2507,680.382,661.7214,5,5.07697153
2.50949,2508,680.382,661.7264,5,4.995173
2.51141,2509,680.382,661.7311,5,5.016986
2.51143,2510,680.382,661.7368,5,4.869748
2.51258,2511,680.382,661.7416,5,5.087878
2.51259,2512,680.382,661.746765,5,5.016986
2.51448,2513,680.382,661.7516,5,5.05515862
2.51624,2514,680.382,661.757,5,4.96245337
2.51625,2515,680.382,661.7625,5,4.95154667
2.51751,2516,680.382,661.7671,5,5.07697153
2.51936,2517,680.382,661.772,5,4.98426628
2.51938,2518,680.382,661.777161,5,5.12059736
2.52063,2519,680.382,661.782532,5,4.95154667
2.52067,2520,680.382,661.787231,5,5.05515862
2.52244,2521,680.382,661.792,5,4.97335958
2.52426,2522,680.382,661.7975,5,4.95154667
2.52429,2523,680.382,661.802368,5,5.07697153
2.52550,2524,680.382,661.807556,5,4.95154667
2.52733,2525,680.382,661.8116,5,5.087878
2.52734,2526,680.382,661.816833,5,4.891561
2.52859,2527,680.382,661.822449,5,5.006079
2.52860,2528,680.382,661.8274,5,5.066065
2.53045,2529,680.382,661.832031,5,5.066065
2.53222,2530,680.382,661.836243,5,5.038799
2.53223,2531,680.382,661.8421,5,4.798856
2.53353,2532,680.382,661.847351,5,4.98426628
2.53533,2533,680.382,661.8523,5,4.96245337
2.53534,2534,680.382,661.8568,5,5.153317
2.53658,2535,680.382,661.8613,5,4.995173
2.53659,2536,680.382,661.867065,5,4.81521559
2.53841,2537,680.382,661.871948,5,4.94064
2.54022,2538,680.382,661.877136,5,4.913374
2.54023,2539,680.382,661.8816,5,5.14241028
2.54150,2540,680.382,661.886536,5,4.94064
2.54331,2541,680.382,661.8918,5,4.92973375
2.54332,2542,680.382,661.8967,5,4.94064
2.54478,2543,680.382,661.9022,5,4.97335958
2.54480,2544,680.382,661.9067,5,5.153317
2.54648,2545,680.382,661.9116,5,4.94064
2.54825,2546,680.382,661.9164,5,4.95154667
2.54827,2547,680.382,661.9218,5,4.837029
2.54949,2548,680.382,661.9272,5,5.006079
2.55133,2549,680.382,661.9316,5,5.07697153
2.55135,2550,680.382,661.936462,5,4.98426628
2.55258,2551,680.382,661.94104,5,4.96245337
2.55260,2552,680.382,661.947,5,4.76613665
2.55443,2553,680.382,661.952148,5,5.09878445
2.55626,2554,680.382,661.956848,5,5.087878
2.55628,2555,680.382,661.9614,5,5.13150358
2.55750,2556,680.382,661.966431,5,4.98426628
2.55931,2557,680.382,661.972351,5,4.869748
2.55933,2558,680.382,661.9769,5,5.09878445
2.56057,2559,680.382,661.9819,5,5.016986
2.56058,2560,680.382,661.9864,5,5.109691
2.56243,2561,680.382,661.9918,5,4.88065434
2.56428,2562,680.382,661.9973,5,4.95154667
2.56430,2563,680.382,662.0019,5,5.066065
2.56553,2564,680.382,662.0114,5,5.038799
2.56731,2565,680.382,662.0171,5,4.837029
2.56733,2566,680.382,662.022,5,5.006079
2.56857,2567,680.382,662.026855,5,4.96245337
2.56859,2568,680.382,662.032,5,5.09878445
2.57041,2569,680.382,662.037,5,5.066065
2.57222,2570,680.382,662.042542,5,5.016986
2.57225,2571,680.382,662.047058,5,5.14241028
2.57349,2572,680.382,662.052368,5,4.995173
2.57532,2573,680.382,662.057068,5,5.038799
2.57533,2574,680.382,662.062561,5,4.869748
2.57657,2575,680.382,662.0677,5,5.006079
2.57658,2576,680.382,662.0724,5,5.038799
2.57843,2577,680.382,662.077454,5,5.006079
2.58026,2578,680.382,662.082153,5,5.02789259
2.58029,2579,680.382,662.0878,5,4.88065434
2.58157,2580,680.382,662.0925,5,5.066065
2.58331,2581,680.382,662.097534,5,4.98426628
2.58333,2582,680.382,662.1025,5,5.07697153
2.58459,2583,680.382,662.107544,5,5.016986
2.58461,2584,680.382,662.112854,5,4.97335958
2.58640,2585,680.382,662.1172,5,5.038799
2.58823,2586,680.382,662.1226,5,4.891561
2.58826,2587,680.382,662.1276,5,5.066065
2.58950,2588,680.382,662.132751,5,4.95154667
2.59132,2589,680.382,662.137451,5,5.038799
2.59133,2590,680.382,662.1421,5,4.98426628
2.59260,2591,680.382,662.1479,5,4.891561
2.59263,2592,680.382,662.1529,5,5.087878
2.59479,2593,680.382,662.157837,5,5.016986
2.59624,2594,680.382,662.1619,5,5.09878445
2.59625,2595,680.382,662.1673,5,4.869748
2.59752,2596,680.382,662.173035,5,4.913374
2.59932,2597,680.382,662.1779,5,5.006079
2.59933,2598,680.382,662.182739,5,5.087878
2.60060,2599,680.382,662.187,5,5.14241028
2.60064,2600,680.382,662.1926,5,4.847935
2.60240,2601,680.382,662.197632,5,4.94064
2.60425,2602,680.382,662.2028,5,4.913374
2.60428,2603,680.382,662.207642,5,5.109691
2.60549,2604,680.382,662.2122,5,5.066065
2.60731,2605,680.382,662.217651,5,4.891561
2.60732,2606,680.382,662.222534,5,4.98426628
2.60859,2607,680.382,662.2281,5,4.913374
2.60860,2608,680.382,662.232666,5,5.164223
2.61039,2609,680.382,662.2374,5,5.016986
2.61224,2610,680.382,662.2423,5,4.94064
2.61226,2611,680.382,662.2475,5,4.90246725
2.61350,2612,680.382,662.2534,5,4.913374
2.61533,2613,680.382,662.2578,5,5.13150358
2.61537,2614,680.382,662.262756,5,4.995173
2.61659,2615,680.382,662.2673,5,5.016986
2.61662,2616,680.382,662.273,5,4.798856
2.61839,2617,680.382,662.2785,5,4.98426628
2.62024,2618,680.382,662.2831,5,5.14241028
2.62025,2619,680.382,662.2881,5,5.09878445
2.62149,2620,680.382,662.292847,5,5.07697153
2.62335,2621,680.382,662.298462,5,4.837029
2.62338,2622,680.382,662.293335,5,5.038799
2.62456,2623,680.382,662.307739,5,4.995173
2.62458,2624,680.382,662.3124,5,5.087878
2.62640,2625,680.382,662.317444,5,4.96245337
2.62827,2626,680.382,662.3232,5,4.88065434
2.62829,2627,680.382,662.3279,5,5.09878445
2.62950,2628,680.382,662.332947,5,5.02789259
2.63132,2629,680.382,662.3374,5,5.12059736
2.63134,2630,680.382,662.3429,5,4.90246725
2.63258,2631,680.382,662.348145,5,4.97335958
2.63261,2632,680.382,662.3528,5,4.995173
2.63441,2633,680.382,662.358337,5,5.02789259
2.63624,2634,680.382,662.362854,5,5.12059736
2.63627,2635,680.382,662.368469,5,4.96245337
2.63749,2636,680.382,662.373169,5,5.14241028
2.63932,2637,680.382,662.378357,5,5.016986
2.63933,2638,680.382,662.3832,5,5.02789259
2.64059,2639,680.382,662.3884,5,4.95154667
2.64061,2640,680.382,662.3938,5,4.94064
2.64239,2641,680.382,662.398438,5,5.09878445
2.64427,2642,680.382,662.403442,5,5.006079
2.64428,2643,680.382,662.408142,5,5.066065
2.64551,2644,680.382,662.413757,5,4.88065434
2.64731,2645,680.382,662.41864,5,5.006079
2.64732,2646,680.382,662.4234,5,5.006079
2.64859,2647,680.382,662.4286,5,4.995173
2.64861,2648,680.382,662.4334,5,5.07697153
2.65040,2649,680.382,662.438843,5,4.92973375
2.65228,2650,680.382,662.443237,5,5.066065
2.65231,2651,680.382,662.4484,5,4.913374
2.65351,2652,680.382,662.4537,5,5.016986
2.65532,2653,680.382,662.4586,5,5.006079
2.65534,2654,680.382,662.463562,5,4.97335958
2.65657,2655,680.382,662.467957,5,5.05515862
2.65659,2656,680.382,662.4737,5,4.847935
2.65841,2657,680.382,662.4788,5,5.05515862
2.66030,2658,680.382,662.4838,5,5.016986
2.66032,2659,680.382,662.4881,5,5.087878
2.66150,2660,680.382,662.493347,5,4.95154667
2.66331,2661,680.382,662.4989,5,4.837029
2.66332,2662,680.382,662.5038,5,5.016986
2.66457,2663,680.382,662.50885,5,5.006079
2.66459,2664,680.382,662.513,5,5.191489
2.66640,2665,680.382,662.5183,5,4.913374
2.66824,2666,680.382,662.5237,5,4.891561
2.66828,2667,680.382,662.5287,5,4.92973375
2.66950,2668,680.382,662.5381,5,5.13150358
2.67134,2669,680.382,662.5435,5,4.891561
2.67136,2670,680.382,662.548462,5,4.98426628
2.67257,2671,680.382,662.553833,5,4.90246725
2.67258,2672,680.382,662.558838,5,5.09878445
2.67440,2673,680.382,662.563354,5,5.109691
2.67628,2674,680.382,662.568359,5,4.94064
2.67632,2675,680.382,662.5732,5,4.95154667
2.67749,2676,680.382,662.579,5,4.847935
2.67931,2677,680.382,662.5836,5,5.109691
2.67933,2678,680.382,662.5883,5,5.016986
2.68058,2679,680.382,662.592957,5,5.006079
2.68061,2680,680.382,662.5982,5,4.869748
2.68240,2681,680.382,662.6041,5,4.858842
2.68425,2682,680.382,662.608643,5,5.153317
2.68428,2683,680.382,662.6135,5,5.066065
2.68548,2684,680.382,662.618,5,5.12059736
2.68735,2685,680.382,662.623657,5,4.858842
2.68737,2686,680.382,662.628967,5,4.95154667
2.68858,2687,680.382,662.633545,5,5.038799
2.68859,2688,680.382,662.638367,5,5.02789259
2.69041,2689,680.382,662.643,5,5.038799
2.69223,2690,680.382,662.6488,5,4.798856
2.69224,2691,680.382,662.6537,5,5.006079
2.69349,2692,680.382,662.6585,5,4.995173
2.69536,2693,680.382,662.663147,5,5.07697153
2.69539,2694,680.382,662.6682,5,4.95154667
2.69659,2695,680.382,662.6737,5,4.869748
2.69661,2696,680.382,662.67865,5,5.016986
2.69840,2697,680.382,662.683838,5,4.95154667
2.70027,2698,680.382,662.6883,5,5.109691
2.70030,2699,680.382,662.6938,5,4.96245337
2.70150,2700,680.382,662.6991,5,5.05515862
2.70332,2701,680.382,662.703735,5,5.07697153
2.70335,2702,680.382,662.7085,5,4.97335958
2.70458,2703,680.382,662.7135,5,5.006079
2.70459,2704,680.382,662.7192,5,4.837029
2.70642,2705,680.382,662.7238,5,5.05515862
2.70827,2706,680.382,662.72876,5,4.995173
2.70830,2707,680.382,662.7335,5,5.016986
2.70949,2708,680.382,662.7387,5,4.95154667
2.71156,2709,680.382,662.7441,5,4.891561
2.71159,2710,680.382,662.7486,5,5.038799
2.71259,2711,680.382,662.7538,5,4.95154667
2.71261,2712,680.382,662.758545,5,5.087878
2.71440,2713,680.382,662.764,5,4.94064
2.71626,2714,680.382,662.768738,5,4.995173
2.71629,2715,680.382,662.7733,5,4.97335958
2.71750,2716,680.382,662.7788,5,4.90246725
2.71935,2717,680.382,662.7837,5,5.038799
2.71939,2718,680.382,662.7892,5,4.913374
2.72057,2719,680.382,662.793457,5,5.066065
2.72059,2720,680.382,662.798767,5,4.90246725
2.72243,2721,680.382,662.8043,5,4.94064
2.72428,2722,680.382,662.8092,5,5.066065
2.72431,2723,680.382,662.813843,5,5.016986
2.72548,2724,680.382,662.8181,5,5.066065
2.72735,2725,680.382,662.8241,5,4.81521559
2.72737,2726,680.382,662.829,5,4.95154667
2.72858,2727,680.382,662.8339,5,4.98426628
2.72860,2728,680.382,662.83844,5,5.12059736
2.73043,2729,680.382,662.842957,5,5.07697153
2.73228,2730,680.382,662.8486,5,4.798856
2.73230,2731,680.382,662.8535,5,4.913374
2.73348,2732,680.382,662.8587,5,4.88065434
2.73534,2733,680.382,662.863159,5,5.109691
2.73538,2734,680.382,662.868042,5,4.98426628
2.73657,2735,680.382,662.8734,5,4.891561
2.73659,2736,680.382,662.878357,5,4.96245337
2.73842,2737,680.382,662.88385,5,4.92973375
2.74031,2738,680.382,662.888245,5,5.180583
2.74034,2739,680.382,662.8932,5,4.98426628
2.74149,2740,680.382,662.897949,5,4.94064
2.74337,2741,680.382,662.903442,5,4.869748
2.74340,2742,680.382,662.9088,5,4.96245337
2.74472,2743,680.382,662.913147,5,5.109691
2.74473,2744,680.382,662.9181,5,4.98426628
2.74642,2745,680.382,662.922668,5,4.995173
2.74830,2746,680.382,662.92865,5,4.777043
2.74834,2747,680.382,662.933838,5,5.038799
2.74949,2748,680.382,662.9385,5,5.12059736
2.75135,2749,680.382,662.943054,5,5.109691
2.75138,2750,680.382,662.948059,5,5.038799
2.75259,2751,680.382,662.954,5,4.837029
2.75260,2752,680.382,662.958557,5,5.07697153
2.75442,2753,680.382,662.9635,5,5.006079
2.75628,2754,680.382,662.968,5,5.109691
2.75632,2755,680.382,662.97345,5,4.92973375
2.75749,2756,680.382,662.978943,5,4.90246725
2.75934,2757,680.382,662.9836,5,5.07697153
2.75937,2758,680.382,662.9884,5,5.02789259
2.76058,2759,680.382,662.993042,5,5.07697153
2.76059,2760,680.382,662.9988,5,4.858842
2.76244,2761,680.382,663.003662,5,4.995173
2.76426,2762,680.382,663.008545,5,4.97335958
2.76429,2763,680.382,663.0137,5,5.05515862
2.76549,2764,680.382,663.0186,5,5.09878445
2.76733,2765,680.382,663.024536,5,4.97335958
2.76736,2766,680.382,663.029,5,5.153317
2.76858,2767,680.382,663.0341,5,5.016986
2.76859,2768,680.382,663.038757,5,5.038799
2.77043,2769,680.382,663.0494,5,4.97335958
2.77226,2770,680.382,663.054138,5,5.07697153
2.77229,2771,680.382,663.059143,5,5.006079
2.77348,2772,680.382,663.063843,5,5.066065
2.77534,2773,680.382,663.0695,5,4.869748
2.77536,2774,680.382,663.0742,5,5.038799
2.77657,2775,680.382,663.0792,5,4.98426628
2.77658,2776,680.382,663.0842,5,5.016986
2.77847,2777,680.382,663.089233,5,5.05515862
2.78029,2778,680.382,663.0945,5,4.94064
2.78032,2779,680.382,663.0988,5,5.066065
2.78149,2780,680.382,663.1043,5,4.90246725
2.78334,2781,680.382,663.1093,5,5.038799
2.78336,2782,680.382,663.114441,5,4.98426628
2.78458,2783,680.382,663.1191,5,5.006079
2.78459,2784,680.382,663.1238,5,5.02789259
2.78644,2785,680.382,663.129639,5,4.88065434
2.78828,2786,680.382,663.1346,5,5.07697153
2.78830,2787,680.382,663.1396,5,5.02789259
2.78949,2788,680.382,663.1436,5,5.109691
2.79135,2789,680.382,663.149048,5,4.913374
2.79138,2790,680.382,663.1548,5,4.88065434
2.79258,2791,680.382,663.1596,5,5.02789259
2.79259,2792,680.382,663.1644,5,5.02789259
2.79483,2793,680.382,663.1687,5,5.180583
2.79623,2794,680.382,663.1744,5,4.869748
2.79624,2795,680.382,663.1794,5,4.913374
2.79749,2796,680.382,663.1846,5,4.94064
2.79937,2797,680.382,663.189331,5,5.066065
2.79941,2798,680.382,663.194,5,5.109691
2.80058,2799,680.382,663.1994,5,4.88065434
2.80059,2800,680.382,663.2043,5,4.98426628
2.80242,2801,680.382,663.2098,5,4.90246725
2.80427,2802,680.382,663.2144,5,5.14241028
2.80432,2803,680.382,663.2192,5,5.066065
2.80550,2804,680.382,663.22406,5,4.95154667
2.80738,2805,680.382,663.229248,5,4.94064
2.80742,2806,680.382,663.235,5,4.891561
2.80859,2807,680.382,663.2393,5,5.13150358
2.80860,2808,680.382,663.2442,5,5.006079
2.81042,2809,680.382,663.2488,5,5.02789259
2.81226,2810,680.382,663.2545,5,4.837029
2.81229,2811,680.382,663.26,5,4.92973375
2.81349,2812,680.382,663.2649,5,5.153317
2.81537,2813,680.382,663.269531,5,5.087878
2.81539,2814,680.382,663.2739,5,5.09878445
2.81659,2815,680.382,663.2803,5,4.837029
2.81660,2816,680.382,663.285034,5,5.006079
2.81844,2817,680.382,663.2898,5,5.016986
2.82023,2818,680.382,663.2947,5,4.995173
2.82025,2819,680.382,663.3,5,4.837029
2.82151,2820,680.382,663.305542,5,5.05515862
2.82333,2821,680.382,663.3098,5,5.05515862
2.82336,2822,680.382,663.3151,5,5.109691
2.82460,2823,680.382,663.319153,5,5.109691
2.82463,2824,680.382,663.3246,5,4.92973375
2.82645,2825,680.382,663.3298,5,5.02789259
2.82831,2826,680.382,663.3345,5,4.98426628
2.82835,2827,680.382,663.3396,5,4.98426628
2.82951,2828,680.382,663.3445,5,5.12059736
2.83132,2829,680.382,663.3504,5,4.95154667
2.83134,2830,680.382,663.355042,5,5.09878445
2.83262,2831,680.382,663.3599,5,5.038799
2.83267,2832,680.382,663.364746,5,4.98426628
2.83443,2833,680.382,663.369934,5,4.96245337
2.83625,2834,680.382,663.375366,5,4.88065434
2.83627,2835,680.382,663.38,5,5.09878445
2.83749,2836,680.382,663.3851,5,5.016986
2.83934,2837,680.382,663.3897,5,5.07697153
2.83937,2838,680.382,663.3953,5,4.92973375
2.84058,2839,680.382,663.400269,5,4.98426628
2.84059,2840,680.382,663.4051,5,5.05515862
2.84245,2841,680.382,663.4102,5,5.006079
2.84423,2842,680.382,663.4151,5,5.12059736
2.84425,2843,680.382,663.4206,5,4.94064
2.84551,2844,680.382,663.425,5,5.07697153
2.84732,2845,680.382,663.430237,5,4.95154667
2.84734,2846,680.382,663.4354,5,4.995173
2.84858,2847,680.382,663.4405,5,5.05515862
2.84860,2848,680.382,663.4454,5,4.96245337
2.85044,2849,680.382,663.4498,5,5.087878
2.85223,2850,680.382,663.4556,5,4.88065434
2.85226,2851,680.382,663.460754,5,5.05515862
2.85350,2852,680.382,663.4658,5,5.05515862
2.85533,2853,680.382,663.4699,5,5.09878445
2.85535,2854,680.382,663.475,5,5.006079
2.85658,2855,680.382,663.480835,5,4.837029
2.85660,2856,680.382,663.4858,5,5.02789259
2.85844,2857,680.382,663.4908,5,4.995173
2.86025,2858,680.382,663.494934,5,5.202396
2.86027,2859,680.382,663.5003,5,4.96245337
2.86150,2860,680.382,663.5056,5,4.88065434
2.86338,2861,680.382,663.5107,5,4.95154667
2.86343,2862,680.382,663.5156,5,4.995173
2.86458,2863,680.382,663.5201,5,5.164223
2.86460,2864,680.382,663.5256,5,4.913374
2.86645,2865,680.382,663.530457,5,4.98426628
2.86828,2866,680.382,663.53595,5,4.94064
2.86830,2867,680.382,663.540833,5,5.07697153
2.86948,2868,680.382,663.5454,5,5.14241028
2.87136,2869,680.382,663.555359,5,4.96245337
2.87139,2870,680.382,663.555359,5,4.96245337
2.87257,2871,680.382,663.561157,5,4.847935
2.87259,2872,680.382,663.570435,5,5.038799
2.87442,2873,680.382,663.575,5,5.006079
2.87626,2874,680.382,663.580444,5,4.891561
2.87629,2875,680.382,663.586243,5,4.837029
2.87749,2876,680.382,663.5908,5,5.153317
2.87935,2877,680.382,663.5957,5,5.07697153
2.87937,2878,680.382,663.6002,5,5.153317
2.88058,2879,680.382,663.6061,5,4.90246725
2.88060,2880,680.382,663.6112,5,4.96245337
2.88244,2881,680.382,663.615845,5,5.07697153
2.88424,2882,680.382,663.6206,5,5.038799
2.88425,2883,680.382,663.6255,5,5.087878
2.88549,2884,680.382,663.6313,5,4.847935
2.88735,2885,680.382,663.636047,5,5.02789259
2.88739,2886,680.382,663.6409,5,5.09878445
2.88857,2887,680.382,663.6458,5,4.995173
2.88858,2888,680.382,663.6512,5,4.891561
2.89041,2889,680.382,663.656555,5,5.038799
2.89224,2890,680.382,663.6612,5,4.97335958
2.89227,2891,680.382,663.666443,5,5.14241028
2.89349,2892,680.382,663.6712,5,4.98426628
2.89535,2893,680.382,663.6769,5,5.07697153
2.89537,2894,680.382,663.6816,5,5.087878
2.89659,2895,680.382,663.6864,5,4.98426628
2.89661,2896,680.382,663.691345,5,5.02789259
2.89845,2897,680.382,663.69635,5,4.869748
2.90029,2898,680.382,663.7019,5,5.087878
2.90032,2899,680.382,663.7065,5,5.016986
2.90149,2900,680.382,663.711548,5,5.05515862
2.90337,2901,680.382,663.7166,5,4.97335958
2.90340,2902,680.382,663.721741,5,4.94064
2.90458,2903,680.382,663.726868,5,5.087878
2.90460,2904,680.382,663.7316,5,4.995173
2.90641,2905,680.382,663.7371,5,5.12059736
2.90828,2906,680.382,663.741943,5,4.96245337
2.90831,2907,680.382,663.747437,5,5.038799
2.90950,2908,680.382,663.751831,5,4.98426628
2.91155,2909,680.382,663.757,5,4.94064
2.91160,2910,680.382,663.7622,5,5.066065
2.91261,2911,680.382,663.7672,5,4.95154667
2.91263,2912,680.382,663.7722,5,5.09878445
2.91446,2913,680.382,663.77655,5,4.90246725
2.91629,2914,680.382,663.7823,5,4.995173
2.91632,2915,680.382,663.7875,5,5.07697153
2.91749,2916,680.382,663.7925,5,5.05515862
2.91936,2917,680.382,663.796753,5,5.05515862
2.91938,2918,680.382,663.8016,5,4.81521559
2.92058,2919,680.382,663.8079,5,5.006079
2.92059,2920,680.382,663.8128,5,4.98426628
2.92246,2921,680.382,663.817749,5,5.180583
2.92423,2922,680.382,663.82196,5,5.05515862
2.92425,2923,680.382,663.8274,5,4.837029
2.92551,2924,680.382,663.832642,5,4.96245337
2.92733,2925,680.382,663.8377,5,4.92973375
2.92737,2926,680.382,663.842651,5,5.164223
2.92860,2927,680.382,663.8471,5,4.95154667
2.92862,2928,680.382,663.852539,5,4.95154667
2.93042,2929,680.382,663.8574,5,4.94064
2.93226,2930,680.382,663.8625,5,4.995173
2.93228,2931,680.382,663.867432,5,5.180583
2.93349,2932,680.382,663.872,5,4.95154667
2.93535,2933,680.382,663.8771,5,4.97335958
2.93538,2934,680.382,663.8819,5,4.847935
2.93657,2935,680.382,663.887756,5,5.038799
2.93659,2936,680.382,663.8924,5,5.09878445
2.93844,2937,680.382,663.8971,5,5.006079
2.94029,2938,680.382,663.9018,5,4.98426628
2.94034,2939,680.382,663.9071,5,4.81521559
2.94151,2940,680.382,663.9131,5,5.14241028
2.94335,2941,680.382,663.9176,5,5.12059736
2.94338,2942,680.382,663.922546,5,5.153317
2.94476,2943,680.382,663.927,5,4.995173
2.94480,2944,680.382,663.9328,5,4.90246725
2.94643,2945,680.382,663.938049,5,5.109691
2.94828,2946,680.382,663.9427,5,5.016986
2.94830,2947,680.382,663.947449,5,5.09878445
2.94951,2948,680.382,663.9522,5,4.869748
2.95134,2949,680.382,663.958069,5,4.98426628
2.95138,2950,680.382,663.9628,5,5.05515862
2.95258,2951,680.382,663.9677,5,5.066065
2.95260,2952,680.382,663.9723,5,5.02789259
2.95445,2953,680.382,663.977539,5,4.858842
2.95628,2954,680.382,663.983032,5,5.02789259
2.95631,2955,680.382,663.9876,5,4.96245337
2.95751,2956,680.382,663.9928,5,5.109691
2.95935,2957,680.382,663.9976,5,5.02789259
2.95940,2958,680.382,664.0031,5,5.006079
2.96062,2959,680.382,664.008057,5,5.12059736
2.96065,2960,680.382,664.012756,5,4.995173
2.96245,2961,680.382,664.017761,5,5.02789259
2.96426,2962,680.382,664.0226,5,4.858842
2.96428,2963,680.382,664.028259,5,5.016986
2.96549,2964,680.382,664.0329,5,5.016986
2.96736,2965,680.382,664.0379,5,5.016986
2.96738,2966,680.382,664.0426,5,5.006079
2.96857,2967,680.382,664.047852,5,4.88065434
2.96858,2968,680.382,664.0532,5,5.07697153
2.97043,2969,680.382,664.063049,5,5.087878
2.97227,2970,680.382,664.0679,5,5.006079
2.97229,2971,680.382,664.073242,5,4.98426628
2.97351,2972,680.382,664.0779,5,5.02789259
2.97536,2973,680.382,664.0826,5,4.891561
2.97540,2974,680.382,664.0881,5,5.066065
2.97658,2975,680.382,664.093,5,4.95154667
2.97659,2976,680.382,664.0985,5,5.066065
2.97844,2977,680.382,664.1025,5,4.97335958
2.98025,2978,680.382,664.1079,5,4.92973375
2.98027,2979,680.382,664.1134,5,5.087878
2.98150,2980,680.382,664.1184,5,5.038799
2.98336,2981,680.382,664.122864,5,5.09878445
2.98338,2982,680.382,664.1273,5,4.858842
2.98457,2983,680.382,664.13324,5,4.95154667
2.98458,2984,680.382,664.138367,5,4.995173
2.98643,2985,680.382,664.1434,5,5.09878445
2.98824,2986,680.382,664.1478,5,5.13150358
2.98826,2987,680.382,664.152649,5,4.837029
2.98949,2988,680.382,664.1582,5,4.95154667
2.99135,2989,680.382,664.163147,5,4.92973375
2.99138,2990,680.382,664.1684,5,5.12059736
2.99257,2991,680.382,664.1727,5,5.038799
2.99259,2992,680.382,664.178,5,4.913374
2.99463,2993,680.382,664.1831,5,4.98426628
2.99625,2994,680.382,664.1882,5,4.92973375
2.99627,2995,680.382,664.193542,5,5.191489
2.99750,2996,680.382,664.198,5,5.006079
2.99937,2997,680.382,664.203,5,4.95154667
2.99940,2998,680.382,664.2077,5,4.88065434
3.00060,2999,680.382,664.21344,5,4.94064
3.00063,3000,680.382,664.2185,5,5.12059736
3.00242,3001,680.382,664.2229,5,4.98426628
3.00435,3002,680.382,664.2278,5,5.006079
3.00438,3003,680.382,664.2326,5,4.78794956
3.00550,3004,680.382,664.2387,5,5.02789259
3.00733,3005,680.382,664.243469,5,5.13150358
3.00735,3006,680.382,664.2483,5,5.109691
3.00858,3007,680.382,664.2527,5,5.05515862
3.00861,3008,680.382,664.2581,5,4.837029
3.01045,3009,680.382,664.2638,5,5.05515862
3.01224,3010,680.382,664.268555,5,4.995173
3.01227,3011,680.382,664.273438,5,5.09878445
3.01349,3012,680.382,664.278,5,4.92973375
3.01535,3013,680.382,664.2838,5,4.88065434
3.01538,3014,680.382,664.2889,5,5.07697153
3.01657,3015,680.382,664.29364,5,5.016986
3.01659,3016,680.382,664.29834,5,5.087878
3.01844,3017,680.382,664.3035,5,4.858842
3.02023,3018,680.382,664.309143,5,4.96245337
3.02025,3019,680.382,664.3135,5,4.97335958
3.02149,3020,680.382,664.3186,5,5.02789259
3.02332,3021,680.382,664.3238,5,5.09878445
3.02333,3022,680.382,664.329163,5,4.96245337
3.02459,3023,680.382,664.334351,5,5.14241028
3.02461,3024,680.382,664.3389,5,5.006079
3.02645,3025,680.382,664.343933,5,5.016986
3.02825,3026,680.382,664.348633,5,4.90246725
3.02828,3027,680.382,664.353943,5,4.92973375
3.02950,3028,680.382,664.3588,5,5.07697153
3.03132,3029,680.382,664.3637,5,4.98426628
3.03134,3030,680.382,664.3686,5,5.066065
3.03260,3031,680.382,664.3734,5,4.869748
3.03262,3032,680.382,664.379,5,5.006079
3.03445,3033,680.382,664.3836,5,4.995173
3.03623,3034,680.382,664.3887,5,4.995173
3.03625,3035,680.382,664.393555,5,5.05515862
3.03749,3036,680.382,664.398743,5,4.90246725
3.03931,3037,680.382,664.4039,5,5.05515862
3.03933,3038,680.382,664.4082,5,4.891561
3.04058,3039,680.382,664.4137,5,5.006079
3.04059,3040,680.382,664.4187,5,4.995173
3.04243,3041,680.382,664.4238,5,4.97335958
3.04422,3042,680.382,664.428345,5,5.038799
3.04424,3043,680.382,664.4332,5,4.847935
3.04552,3044,680.382,664.438965,5,5.05515862
3.04733,3045,680.382,664.4439,5,5.016986
3.04736,3046,680.382,664.4487,5,5.09878445
3.04860,3047,680.382,664.4529,5,4.95154667
3.04863,3048,680.382,664.4585,5,4.847935
3.05044,3049,680.382,664.464,5,5.016986
3.05229,3050,680.382,664.468933,5,5.006079
3.05232,3051,680.382,664.4737,5,5.202396
3.05350,3052,680.382,664.4781,5,4.92973375
3.05535,3053,680.382,664.483765,5,4.90246725
3.05537,3054,680.382,664.4887,5,4.94064
3.05657,3055,680.382,664.4939,5,5.016986
3.05659,3056,680.382,664.498535,5,5.13150358
3.05843,3057,680.382,664.503357,5,4.90246725
3.06024,3058,680.382,664.5087,5,4.995173
3.06025,3059,680.382,664.5137,5,4.913374
3.06150,3060,680.382,664.519165,5,5.109691
3.06332,3061,680.382,664.5237,5,5.09878445
3.06334,3062,680.382,664.5285,5,4.92973375
3.06459,3063,680.382,664.5333,5,4.94064
3.06461,3064,680.382,664.538635,5,4.847935
3.06645,3065,680.382,664.5442,5,5.09878445
3.06823,3066,680.382,664.548462,5,5.006079
3.06825,3067,680.382,664.5579,5,4.858842
3.06952,3068,680.382,664.5638,5,4.858842
3.07132,3069,680.382,664.569153,5,5.153317
3.07134,3070,680.382,664.5737,5,5.066065
3.07259,3071,680.382,664.5784,5,5.12059736
3.07261,3072,680.382,664.5832,5,4.858842
3.07441,3073,680.382,664.5891,5,4.95154667
3.07623,3074,680.382,664.5939,5,5.02789259
3.07625,3075,680.382,664.5989,5,5.016986
3.07751,3076,680.382,664.603455,5,5.02789259
3.07933,3077,680.382,664.608765,5,4.798856
3.07934,3078,680.382,664.614,5,5.016986
3.08059,3079,680.382,664.6186,5,4.995173
3.08061,3080,680.382,664.62384,5,5.07697153
3.08241,3081,680.382,664.6283,5,4.94064
3.08425,3082,680.382,664.6339,5,4.858842
3.08426,3083,680.382,664.639,5,5.02789259
3.08552,3084,680.382,664.643738,5,4.94064
3.08732,3085,680.382,664.648865,5,5.12059736
3.08734,3086,680.382,664.653748,5,4.96245337
3.08857,3087,680.382,664.659363,5,5.05515862
3.08858,3088,680.382,664.66394,5,5.07697153
3.09041,3089,680.382,664.6689,5,4.97335958
3.09223,3090,680.382,664.673645,5,5.016986
3.09224,3091,680.382,664.6789,5,4.847935
3.09350,3092,680.382,664.6843,5,5.066065
3.09534,3093,680.382,664.688843,5,5.006079
3.09542,3094,680.382,664.693848,5,5.02789259
3.09659,3095,680.382,664.698547,5,4.96245337
3.09660,3096,680.382,664.7041,5,4.913374
3.09840,3097,680.382,664.7091,5,5.066065
3.10023,3098,680.382,664.7138,5,4.96245337
3.10024,3099,680.382,664.719,5,5.09878445
3.10150,3100,680.382,664.7238,5,4.95154667
3.10332,3101,680.382,664.729248,5,5.006079
3.10334,3102,680.382,664.733643,5,4.98426628
3.10460,3103,680.382,664.7389,5,4.92973375
3.10465,3104,680.382,664.7441,5,5.066065
3.10643,3105,680.382,664.7491,5,4.94064
3.10825,3106,680.382,664.754,5,5.087878
3.10828,3107,680.382,664.7584,5,4.913374
3.10952,3108,680.382,664.76416,5,4.97335958
3.11138,3109,680.382,664.7694,5,5.066065
3.11142,3110,680.382,664.774353,5,5.038799
3.11260,3111,680.382,664.7785,5,5.05515862
3.11261,3112,680.382,664.7835,5,4.82612228
3.11443,3113,680.382,664.7894,5,4.98426628
3.11622,3114,680.382,664.7943,5,4.98426628
3.11623,3115,680.382,664.7993,5,5.14241028
3.11750,3116,680.382,664.803467,5,5.066065
3.11931,3117,680.382,664.809143,5,4.82612228
3.11933,3118,680.382,664.8144,5,4.95154667
3.12062,3119,680.382,664.819458,5,4.913374
3.12064,3120,680.382,664.8244,5,5.14241028
3.12240,3121,680.382,664.8289,5,4.98426628
3.12423,3122,680.382,664.8343,5,4.92973375
3.12424,3123,680.382,664.839539,5,4.96245337
3.12554,3124,680.382,664.845,5,4.96245337
3.12735,3125,680.382,664.85,5,5.180583
3.12738,3126,680.382,664.85376,5,4.96245337
3.12862,3127,680.382,664.858765,5,4.96245337
3.12864,3128,680.382,664.863647,5,4.847935
3.13041,3129,680.382,664.869446,5,4.995173
3.13227,3130,680.382,664.874,5,5.09878445
3.13230,3131,680.382,664.8788,5,4.995173
3.13348,3132,680.382,664.8835,5,4.98426628
3.13531,3133,680.382,664.888733,5,4.78794956
3.13533,3134,680.382,664.894653,5,5.09878445
3.13659,3135,680.382,664.8992,5,5.109691
3.13661,3136,680.382,664.9041,5,5.13150358
3.13840,3137,680.382,664.908569,5,5.006079
3.14024,3138,680.382,664.9143,5,4.869748
3.14026,3139,680.382,664.919556,5,5.09878445
3.14149,3140,680.382,664.924438,5,4.995173
3.14334,3141,680.382,664.9292,5,5.09878445
3.14336,3142,680.382,664.9337,5,4.869748
3.14469,3143,680.382,664.9396,5,4.94064
3.14472,3144,680.382,664.944641,5,5.066065
3.14641,3145,680.382,664.9495,5,5.02789259
3.14824,3146,680.382,664.9541,5,5.066065
3.14825,3147,680.382,664.959351,5,4.847935
3.14950,3148,680.382,664.9648,5,4.995173
3.15131,3149,680.382,664.96936,5,4.95154667
3.15133,3150,680.382,664.9746,5,5.066065
3.15257,3151,680.382,664.9794,5,5.05515862
3.15260,3152,680.382,664.9849,5,4.98426628
3.15440,3153,680.382,664.9898,5,5.13150358
3.15626,3154,680.382,664.9945,5,4.98426628
3.15628,3155,680.382,664.9995,5,5.038799
3.15750,3156,680.382,665.004333,5,4.869748
3.15937,3157,680.382,665.01,5,4.98426628
3.15939,3158,680.382,665.0146,5,5.038799
3.16059,3159,680.382,665.0196,5,4.995173
3.16062,3160,680.382,665.024353,5,5.038799
3.16239,3161,680.382,665.029541,5,4.869748
3.16425,3162,680.382,665.035,5,5.038799
3.16427,3163,680.382,665.039551,5,4.98426628
3.16551,3164,680.382,665.044739,5,5.05515862
3.16732,3165,680.382,665.0495,5,5.02789259
3.16733,3166,680.382,665.055,5,4.96245337
3.16858,3167,680.382,665.0596,5,5.05515862
3.16860,3168,680.382,665.064331,5,4.891561
3.17039,3169,680.382,665.069763,5,5.05515862
3.17225,3170,680.382,665.0799,5,5.016986
3.17228,3171,680.382,665.084167,5,5.006079
3.17348,3172,680.382,665.0896,5,4.88065434
3.17533,3173,680.382,665.0951,5,5.07697153
3.17537,3174,680.382,665.100037,5,5.016986
3.17657,3175,680.382,665.104553,5,5.09878445
3.17658,3176,680.382,665.108948,5,4.88065434
3.17843,3177,680.382,665.1149,5,4.891561
3.18029,3178,680.382,665.120056,5,5.006079
3.18032,3179,680.382,665.125,5,5.05515862
3.18150,3180,680.382,665.1294,5,5.164223
3.18332,3181,680.382,665.1343,5,4.858842
3.18333,3182,680.382,665.139832,5,4.913374
3.18457,3183,680.382,665.1448,5,4.913374
3.18459,3184,680.382,665.149963,5,5.087878
3.18641,3185,680.382,665.1543,5,5.087878
3.18829,3186,680.382,665.159546,5,4.891561
3.18832,3187,680.382,665.1647,5,4.995173
3.18949,3188,680.382,665.169739,5,4.891561
3.19131,3189,680.382,665.1751,5,5.153317
3.19134,3190,680.382,665.1795,5,5.038799
3.19258,3191,680.382,665.1845,5,4.92973375
3.19259,3192,680.382,665.1893,5,4.90246725
3.19488,3193,680.382,665.195,5,4.891561
3.19625,3194,680.382,665.199951,5,5.13150358
3.19626,3195,680.382,665.2045,5,4.995173
3.19750,3196,680.382,665.209351,5,5.016986
3.19936,3197,680.382,665.21405,5,4.798856
3.19939,3198,680.382,665.220154,5,4.92973375
3.20058,3199,680.382,665.225,5,5.153317
3.20059,3200,680.382,665.2298,5,5.087878
3.20240,3201,680.382,665.234253,5,5.09878445
3.20426,3202,680.382,665.2395,5,4.837029
3.20428,3203,680.382,665.2453,5,5.016986
3.20549,3204,680.382,665.249756,5,5.006079
3.20731,3205,680.382,665.254639,5,5.066065
3.20733,3206,680.382,665.2592,5,4.98426628
3.20858,3207,680.382,665.2652,5,4.837029
3.20860,3208,680.382,665.2704,5,5.066065
3.21040,3209,680.382,665.275,5,5.006079
3.21229,3210,680.382,665.279846,5,5.087878
3.21232,3211,680.382,665.2846,5,4.90246725
3.21349,3212,680.382,665.2903,5,4.913374
3.21534,3213,680.382,665.295,5,5.006079
3.21535,3214,680.382,665.300049,5,4.98426628
3.21657,3215,680.382,665.305,5,5.12059736
3.21659,3216,680.382,665.310242,5,4.94064
3.21840,3217,680.382,665.3158,5,5.109691
3.22024,3218,680.382,665.3204,5,5.038799
3.22026,3219,680.382,665.325134,5,4.995173
3.22150,3220,680.382,665.330139,5,4.97335958
3.22336,3221,680.382,665.3358,5,4.891561
3.22338,3222,680.382,665.340637,5,5.087878
3.22457,3223,680.382,665.3455,5,5.006079
3.22459,3224,680.382,665.3504,5,5.07697153
3.22641,3225,680.382,665.3554,5,4.92973375
3.22836,3226,680.382,665.361267,5,4.995173
3.22841,3227,680.382,665.365234,5,5.05515862
3.22949,3228,680.382,665.370361,5,4.995173
3.23132,3229,680.382,665.3753,5,5.109691
3.23134,3230,680.382,665.380554,5,4.94064
3.23257,3231,680.382,665.3856,5,5.087878
3.23259,3232,680.382,665.3901,5,4.95154667
3.23443,3233,680.382,665.3957,5,5.006079
3.23625,3234,680.382,665.400635,5,5.066065
3.23628,3235,680.382,665.4058,5,4.98426628
3.23749,3236,680.382,665.410339,5,5.109691
3.23932,3237,680.382,665.4154,5,4.90246725
3.23934,3238,680.382,665.4211,5,5.087878
3.24059,3239,680.382,665.4261,5,5.066065
3.24060,3240,680.382,665.430847,5,5.12059736
3.24240,3241,680.382,665.435059,5,5.006079
3.24428,3242,680.382,665.440857,5,4.869748
3.24431,3243,680.382,665.4463,5,5.05515862
3.24552,3244,680.382,665.451233,5,5.02789259
3.24733,3245,680.382,665.4558,5,5.21330261
3.24735,3246,680.382,665.4604,5,4.95154667
3.24860,3247,680.382,665.4661,5,4.90246725
3.24862,3248,680.382,665.471,5,4.95154667
3.25049,3249,680.382,665.476257,5,5.016986
3.25228,3250,680.382,665.4807,5,5.153317
3.25230,3251,680.382,665.4857,5,4.90246725
3.25349,3252,680.382,665.491,5,4.98426628
3.25534,3253,680.382,665.496,5,4.92973375
3.25536,3254,680.382,665.501465,5,5.109691
3.25658,3255,680.382,665.5059,5,5.12059736
3.25659,3256,680.382,665.510864,5,4.95154667
3.25844,3257,680.382,665.5157,5,4.95154667
3.26026,3258,680.382,665.5212,5,4.847935
3.26028,3259,680.382,665.5265,5,5.109691
3.26149,3260,680.382,665.5309,5,5.016986
3.26332,3261,680.382,665.535767,5,5.016986
3.26334,3262,680.382,665.5404,5,4.869748
3.26458,3263,680.382,665.5464,5,4.847935
3.26459,3264,680.382,665.551453,5,5.164223
3.26642,3265,680.382,665.556152,5,5.066065
3.26844,3266,680.382,665.561035,5,5.13150358
3.26848,3267,680.382,665.5661,5,4.869748
3.26963,3268,680.382,665.5765,5,5.05515862
3.27136,3269,680.382,665.58136,5,5.038799
3.27138,3270,680.382,665.585938,5,5.05515862
3.27257,3271,680.382,665.591431,5,4.81521559
3.27259,3272,680.382,665.596863,5,5.016986
3.27442,3273,680.382,665.60144,5,5.006079
3.27627,3274,680.382,665.6063,5,5.087878
3.27630,3275,680.382,665.610962,5,4.96245337
3.27748,3276,680.382,665.6167,5,4.88065434
3.27938,3277,680.382,665.6214,5,5.02789259
3.27941,3278,680.382,665.626465,5,4.95154667
3.28058,3279,680.382,665.6315,5,5.13150358
3.28060,3280,680.382,665.636536,5,4.98426628
3.28245,3281,680.382,665.642,5,5.07697153
3.28428,3282,680.382,665.6466,5,5.09878445
3.28431,3283,680.382,665.65155,5,4.995173
3.28549,3284,680.382,665.6563,5,5.02789259
3.28736,3285,680.382,665.6618,5,4.869748
3.28738,3286,680.382,665.667,5,5.07697153
3.28857,3287,680.382,665.671631,5,5.016986
3.28858,3288,680.382,665.6767,5,5.05515862
3.29044,3289,680.382,665.6814,5,4.96245337
3.29224,3290,680.382,665.687134,5,4.94064
3.29228,3291,680.382,665.6917,5,5.07697153
3.29348,3292,680.382,665.6968,5,4.97335958
3.29539,3293,680.382,665.7018,5,5.12059736
3.29543,3294,680.382,665.706848,5,4.96245337
3.29659,3295,680.382,665.7121,5,5.038799
3.29661,3296,680.382,665.7165,5,4.98426628
3.29844,3297,680.382,665.7219,5,4.95154667
3.30029,3298,680.382,665.7269,5,5.066065
