t,n,A,B,C,D
0.00142,0,550.3914,550.623169,-0.231750488,-0.130877882
0.00243,1,550.3914,550.6231,-0.231689453,-0.130877882
0.00431,2,550.3914,550.623047,-0.231628418,-0.103611663
0.00436,3,550.3914,550.623,-0.231567383,-0.103611663
0.00551,4,550.3914,550.6229,-0.231506348,-0.09270517
0.00552,5,550.3914,550.622864,-0.231445313,-0.08179868
0.00739,6,550.3914,550.6228,-0.231384277,-0.07089219
0.00919,7,550.3914,550.6228,-0.231384277,-0.0599856973
0.00922,8,550.3914,550.622742,-0.231323242,-0.04907921
0.01044,9,550.3914,550.622742,-0.231323242,-0.03817272
0.01227,10,550.3914,550.622742,-0.231323242,-0.0272662267
0.01229,11,550.3914,550.622742,-0.231323242,-0.0163597353
0.01360,12,550.3914,550.622742,-0.231323242,-0.0163597353
0.01362,13,550.3914,550.622742,-0.231323242,0
0.01537,14,550.3914,550.622742,-0.231323242,-0.0163597353
0.01719,15,550.3914,550.622742,-0.231323242,-0.0163597353
0.01721,16,550.3914,550.622742,-0.231323242,-0.0272662267
0.01844,17,550.3914,550.622742,-0.231323242,-0.0272662267
0.02025,18,550.3914,550.622742,-0.231323242,-0.0272662267
0.02028,19,550.3914,550.6227,-0.2312622,-0.0272662267
0.02151,20,550.3914,550.6226,-0.231201172,-0.03817272
0.02153,21,550.3914,550.622559,-0.231140137,-0.04907921
0.02336,22,550.3914,550.6225,-0.2310791,-0.0599856973
0.02518,23,550.3914,550.622437,-0.231018066,-0.07089219
0.02521,24,550.3914,550.6224,-0.230957031,-0.08179868
0.02644,25,550.3914,550.622253,-0.230834961,-0.08179868
0.02825,26,550.3914,550.6222,-0.230773926,-0.08179868
0.02828,27,550.3914,550.622131,-0.230712891,-0.08179868
0.02952,28,550.3914,550.622131,-0.230712891,-0.07089219
0.02953,29,550.3914,550.622,-0.23059082,-0.07089219
0.03136,30,550.3914,550.621948,-0.230529785,-0.07089219
0.03321,31,550.3914,550.6219,-0.23046875,-0.07089219
0.03323,32,550.3914,550.6218,-0.230407715,-0.07089219
0.03444,33,550.3914,550.6218,-0.230407715,-0.07089219
0.03626,34,550.3914,550.6217,-0.230285645,-0.07089219
0.03628,35,550.3914,550.621643,-0.230224609,-0.0599856973
0.03753,36,550.3914,550.621643,-0.230224609,-0.0599856973
0.03758,37,550.3914,550.6215,-0.230102539,-0.0599856973
0.03937,38,550.3914,550.6215,-0.230102539,-0.0599856973
0.04119,39,550.3914,550.62146,-0.2300415,-0.0599856973
0.04122,40,550.3914,550.621338,-0.229919434,-0.07089219
0.04245,41,550.3914,550.6212,-0.229797363,-0.08179868
0.04426,42,550.3914,550.6211,-0.2296753,-0.103611663
0.04427,43,550.3914,550.6209,-0.229492188,-0.114518143
0.04554,44,550.3914,550.6207,-0.229309082,-0.141784385
0.04557,45,550.3914,550.6205,-0.229064941,-0.16359736
0.04735,46,550.3914,550.6202,-0.228759766,-0.196316838
0.04916,47,550.3914,550.619934,-0.228515625,-0.229036286
0.04919,48,550.3914,550.619568,-0.228149414,-0.256302536
0.05044,49,550.3914,550.6192,-0.2277832,-0.2999285
0.05225,50,550.3914,550.618835,-0.227416992,-0.310834974
0.05227,51,550.3914,550.618469,-0.227050781,-0.354460955
0.05354,52,550.3914,550.618164,-0.2267456,-0.343554467
0.05356,53,550.3914,550.617859,-0.22644043,-0.354460955
0.05537,54,550.3914,550.617554,-0.226135254,-0.354460955
0.05718,55,550.3914,550.6172,-0.225769043,-0.354460955
0.05721,56,550.3914,550.6169,-0.225463867,-0.343554467
0.05843,57,550.3914,550.6166,-0.225158691,-0.343554467
0.06027,58,550.3914,550.6163,-0.224853516,-0.310834974
0.06029,59,550.3914,550.6159,-0.2244873,-0.310834974
0.06152,60,550.3914,550.615662,-0.224243164,-0.310834974
0.06154,61,550.3914,550.615356,-0.223937988,-0.310834974
0.06337,62,550.3914,550.615,-0.223571777,-0.3217415
0.06517,63,550.3914,550.6147,-0.2232666,-0.3217415
0.06518,64,550.3914,550.6144,-0.222961426,-0.3217415
0.06645,65,550.3914,550.6141,-0.22265625,-0.3217415
0.06825,66,550.3914,550.6139,-0.222473145,-0.289022
0.06826,67,550.3914,550.613647,-0.222229,-0.256302536
0.06951,68,550.3914,550.6136,-0.222167969,-0.207223326
0.06953,69,550.3914,550.613464,-0.2220459,-0.152690873
0.07134,70,550.3914,550.6134,-0.221984863,-0.08179868
0.07318,71,550.3914,550.6134,-0.221984863,-0.04907921
0.07321,72,550.3914,550.6134,-0.221984863,-0.04907921
0.07446,73,550.3914,550.6134,-0.221984863,-0.0272662267
0.07634,74,550.3914,550.613464,-0.2220459,0
0.07636,75,550.3914,550.613464,-0.2220459,0
0.07753,76,550.3914,550.613464,-0.2220459,0.0109064905
0.07755,77,550.3914,550.613464,-0.2220459,0.0109064905
0.07938,78,550.3914,550.613464,-0.2220459,0
0.08116,79,550.3914,550.613464,-0.2220459,-0.0163597353
0.08118,80,550.3914,550.6134,-0.221984863,-0.0272662267
0.08245,81,550.3914,550.613342,-0.221923828,-0.0272662267
0.08425,82,550.3914,550.6133,-0.2218628,-0.03817272
0.08427,83,550.3914,550.6133,-0.2218628,-0.04907921
0.08551,84,550.3914,550.613159,-0.221740723,-0.0599856973
0.08553,85,550.3914,550.6131,-0.221679688,-0.07089219
0.08733,86,550.3914,550.613,-0.221557617,-0.09270517
0.08918,87,550.3914,550.6128,-0.221374512,-0.114518143
0.08921,88,550.3914,550.6127,-0.221252441,-0.130877882
0.09043,89,550.3914,550.612549,-0.221130371,-0.152690873
0.09235,90,550.3914,550.612366,-0.220947266,-0.16359736
0.09237,91,550.3914,550.6121,-0.220703125,-0.174503848
0.09378,92,550.3914,550.6119,-0.220458984,-0.196316838
0.09381,93,550.3914,550.611633,-0.220214844,-0.229036286
0.09535,94,550.3914,550.6114,-0.2199707,-0.256302536
0.09716,95,550.3914,550.6111,-0.219665527,-0.2781155
0.09718,96,550.3914,550.61084,-0.219421387,-0.2781155
0.09845,97,550.3914,550.610535,-0.219116211,-0.289022
0.10029,98,550.3914,550.6102,-0.218811035,-0.289022
0.10031,99,550.3914,550.6099,-0.218505859,-0.289022
0.10151,100,550.3914,550.6097,-0.218261719,-0.289022
0.10153,101,550.3914,550.609436,-0.218017578,-0.2781155
0.10333,102,550.3914,550.6092,-0.217773438,-0.267209023
0.10517,103,550.3914,550.6089,-0.217468262,-0.2781155
0.10519,104,550.3914,550.608643,-0.217224121,-0.2781155
0.10643,105,550.3914,550.6083,-0.21685791,-0.310834974
0.10826,106,550.3914,550.607849,-0.216430664,-0.332647949
0.10829,107,550.3914,550.6075,-0.216064453,-0.365367442
0.10957,108,550.3914,550.6071,-0.215698242,-0.3817272
0.10959,109,550.3914,550.6067,-0.215271,-0.392633677
0.11133,110,550.3914,550.6063,-0.214904785,-0.392633677
0.11318,111,550.3914,550.6059,-0.214477539,-0.403540134
0.11320,112,550.3914,550.6055,-0.214111328,-0.392633677
0.11443,113,550.3914,550.6051,-0.213684082,-0.403540134
0.11628,114,550.3914,550.604736,-0.213317871,-0.403540134
0.11631,115,550.3914,550.6044,-0.21295166,-0.403540134
0.11754,116,550.3914,550.6039,-0.212463379,-0.414446652
0.11757,117,550.3914,550.603455,-0.212036133,-0.42535314
0.11933,118,550.3914,550.603,-0.211608887,-0.42535314
0.12117,119,550.3914,550.602661,-0.211242676,-0.42535314
0.12118,120,550.3914,550.6023,-0.210876465,-0.403540134
0.12242,121,550.3914,550.602051,-0.210632324,-0.354460955
0.12424,122,550.3914,550.6018,-0.210388184,-0.332647949
0.12427,123,550.3914,550.601563,-0.210144043,-0.2999285
0.12566,124,550.3914,550.6014,-0.209960938,-0.256302536
0.12570,125,550.3914,550.6011,-0.209655762,-0.256302536
0.12737,126,550.3914,550.6009,-0.209472656,-0.229036286
0.12917,127,550.3914,550.600647,-0.209228516,-0.229036286
0.12920,128,550.3914,550.600464,-0.20904541,-0.229036286
0.13043,129,550.3914,550.6002,-0.20880127,-0.218129814
0.13231,130,550.3914,550.600037,-0.208618164,-0.218129814
0.13233,131,550.3914,550.599854,-0.208435059,-0.207223326
0.13352,132,550.3914,550.5998,-0.208374023,-0.185410336
0.13357,133,550.3914,550.5996,-0.208190918,-0.174503848
0.13538,134,550.3914,550.599548,-0.208129883,-0.141784385
0.13721,135,550.3914,550.5995,-0.208068848,-0.103611663
0.13723,136,550.3914,550.5995,-0.208068848,-0.08179868
0.13843,137,550.3914,550.5995,-0.208068848,-0.04907921
0.14027,138,550.3914,550.5995,-0.208068848,-0.03817272
0.14029,139,550.3914,550.5995,-0.208068848,0
0.14154,140,550.3914,550.599548,-0.208129883,0.021812981
0.14158,141,550.3914,550.599548,-0.208129883,0.021812981
0.14336,142,550.3914,550.5996,-0.208190918,0.03271947
0.14521,143,550.3914,550.5997,-0.208251953,0.03271947
0.14524,144,550.3914,550.5996,-0.208190918,0.0109064905
0.14643,145,550.3914,550.5997,-0.208251953,0.0109064905
0.14826,146,550.3914,550.5996,-0.208190918,0
0.14829,147,550.3914,550.5997,-0.208251953,-0.0163597353
0.14953,148,550.3914,550.5996,-0.208190918,-0.0163597353
0.14955,149,550.3914,550.5996,-0.208190918,-0.0163597353
0.15136,150,550.3914,550.599548,-0.208129883,-0.0272662267
0.15320,151,550.3914,550.599548,-0.208129883,-0.0272662267
0.15322,152,550.3914,550.5995,-0.208068848,-0.03817272
0.15443,153,550.3914,550.5995,-0.208068848,-0.04907921
0.15627,154,550.3914,550.5994,-0.208007813,-0.04907921
0.15632,155,550.3914,550.599365,-0.207946777,-0.0599856973
0.15755,156,550.3914,550.5993,-0.207885742,-0.0599856973
0.15758,157,550.3914,550.5993,-0.207885742,-0.04907921
0.15937,158,550.3914,550.599243,-0.2078247,-0.04907921
0.16118,159,550.3914,550.599243,-0.2078247,-0.04907921
0.16120,160,550.3914,550.5992,-0.207763672,-0.03817272
0.16243,161,550.3914,550.5991,-0.207702637,-0.03817272
0.16426,162,550.3914,550.5991,-0.207702637,-0.03817272
0.16428,163,550.3914,550.59906,-0.2076416,-0.03817272
0.16552,164,550.3914,550.59906,-0.2076416,-0.03817272
0.16556,165,550.3914,550.59906,-0.2076416,-0.03817272
0.16733,166,550.3914,550.599,-0.207580566,-0.0163597353
0.16919,167,550.3914,550.599,-0.207580566,-0.0163597353
0.16921,168,550.3914,550.598938,-0.207519531,-0.0272662267
0.17042,169,550.3914,550.598938,-0.207519531,-0.0272662267
0.17228,170,550.3914,550.598938,-0.207519531,-0.0272662267
0.17230,171,550.3914,550.598938,-0.207519531,-0.0272662267
0.17352,172,550.3914,550.598938,-0.207519531,-0.0272662267
0.17353,173,550.3914,550.598938,-0.207519531,-0.0163597353
0.17578,174,550.3914,550.598938,-0.207519531,-0.0163597353
0.17720,175,550.3914,550.598938,-0.207519531,-0.0163597353
0.17722,176,550.3914,550.598938,-0.207519531,-0.0163597353
0.17843,177,550.3914,550.5988,-0.207397461,-0.0272662267
0.18027,178,550.3914,550.598755,-0.207336426,-0.03817272
0.18028,179,550.3914,550.598755,-0.207336426,-0.03817272
0.18151,180,550.3914,550.598755,-0.207336426,-0.04907921
0.18153,181,550.3914,550.5987,-0.207275391,-0.04907921
0.18335,182,550.3914,550.598633,-0.207214355,-0.04907921
0.18520,183,550.3914,550.5986,-0.20715332,-0.04907921
0.18523,184,550.3914,550.5986,-0.20715332,-0.04907921
0.18643,185,550.3914,550.5985,-0.207092285,-0.04907921
0.18826,186,550.3914,550.59845,-0.20703125,-0.04907921
0.18828,187,550.3914,550.5984,-0.206970215,-0.04907921
0.18951,188,550.3914,550.5984,-0.206970215,-0.04907921
0.18952,189,550.3914,550.5983,-0.20690918,-0.0599856973
0.19137,190,550.3914,550.598267,-0.206848145,-0.0599856973
0.19319,191,550.3914,550.5982,-0.206787109,-0.0599856973
0.19323,192,550.3914,550.5981,-0.206665039,-0.07089219
0.19444,193,550.3914,550.598,-0.206604,-0.08179868
0.19625,194,550.3914,550.597961,-0.206542969,-0.09270517
0.19627,195,550.3914,550.597839,-0.2064209,-0.09270517
0.19752,196,550.3914,550.597656,-0.2062378,-0.114518143
0.19753,197,550.3914,550.597534,-0.206115723,-0.130877882
0.19935,198,550.3914,550.5974,-0.205993652,-0.141784385
0.20120,199,550.3914,550.5972,-0.205810547,-0.16359736
0.20124,200,550.3914,550.597046,-0.205627441,-0.174503848
0.20243,201,550.3914,550.596863,-0.205444336,-0.185410336
0.20427,202,550.3914,550.5967,-0.20526123,-0.196316838
0.20429,203,550.3914,550.596436,-0.20501709,-0.196316838
0.20552,204,550.3914,550.5962,-0.204772949,-0.207223326
0.20554,205,550.3914,550.596,-0.204589844,-0.218129814
0.20734,206,550.3914,550.595764,-0.2043457,-0.218129814
0.20922,207,550.3914,550.5956,-0.2041626,-0.207223326
0.20926,208,550.3914,550.5954,-0.203979492,-0.207223326
0.21044,209,550.3914,550.5953,-0.203857422,-0.196316838
0.21232,210,550.3914,550.595032,-0.203613281,-0.185410336
0.21235,211,550.3914,550.595,-0.203552246,-0.174503848
0.21352,212,550.3914,550.5949,-0.203491211,-0.141784385
0.21353,213,550.3914,550.5948,-0.203369141,-0.130877882
0.21535,214,550.3914,550.5947,-0.2033081,-0.09270517
0.21718,215,550.3914,550.594666,-0.20324707,-0.08179868
0.21720,216,550.3914,550.594666,-0.20324707,-0.08179868
0.21843,217,550.3914,550.5946,-0.203186035,-0.0599856973
0.22028,218,550.3914,550.5945,-0.203063965,-0.0599856973
0.22031,219,550.3914,550.5944,-0.20300293,-0.07089219
0.22152,220,550.3914,550.59436,-0.2029419,-0.07089219
0.22154,221,550.3914,550.5943,-0.202880859,-0.09270517
0.22334,222,550.3914,550.5942,-0.202758789,-0.09270517
0.22519,223,550.3914,550.594055,-0.202636719,-0.09270517
0.22521,224,550.3914,550.594,-0.202575684,-0.09270517
0.22642,225,550.3914,550.593933,-0.202514648,-0.09270517
0.22825,226,550.3914,550.59375,-0.202331543,-0.114518143
0.22828,227,550.3914,550.593567,-0.202148438,-0.130877882
0.22952,228,550.3914,550.5934,-0.201965332,-0.16359736
0.22954,229,550.3914,550.5931,-0.201660156,-0.207223326
0.23135,230,550.3914,550.592834,-0.201416016,-0.256302536
0.23320,231,550.3914,550.5924,-0.20098877,-0.289022
0.23324,232,550.3914,550.592041,-0.200622559,-0.3217415
0.23444,233,550.3914,550.5917,-0.200256348,-0.354460955
0.23629,234,550.3914,550.5913,-0.199890137,-0.3817272
0.23632,235,550.3914,550.590942,-0.199523926,-0.392633677
0.23752,236,550.3914,550.5906,-0.199157715,-0.392633677
0.23753,237,550.3914,550.5902,-0.1987915,-0.3817272
0.23933,238,550.3914,550.5899,-0.198486328,-0.343554467
0.24121,239,550.3914,550.589661,-0.198242188,-0.3217415
0.24125,240,550.3914,550.5895,-0.198059082,-0.289022
0.24243,241,550.3914,550.589233,-0.197814941,-0.256302536
0.24427,242,550.3914,550.5891,-0.197692871,-0.218129814
0.24430,243,550.3914,550.5889,-0.197509766,-0.185410336
0.24552,244,550.3914,550.5888,-0.1973877,-0.174503848
0.24553,245,550.3914,550.5886,-0.19720459,-0.16359736
0.24737,246,550.3914,550.5885,-0.19708252,-0.174503848
0.24923,247,550.3914,550.588257,-0.196838379,-0.174503848
0.24926,248,550.3914,550.588135,-0.196716309,-0.174503848
0.25043,249,550.3914,550.587952,-0.1965332,-0.185410336
0.25232,250,550.3914,550.587646,-0.196228027,-0.196316838
0.25235,251,550.3914,550.587463,-0.196044922,-0.207223326
0.25352,252,550.3914,550.5872,-0.195800781,-0.218129814
0.25354,253,550.3914,550.587036,-0.195617676,-0.218129814
0.25536,254,550.3914,550.586853,-0.19543457,-0.218129814
0.25724,255,550.3914,550.5867,-0.195251465,-0.218129814
0.25728,256,550.3914,550.5865,-0.195068359,-0.196316838
0.25842,257,550.3914,550.5864,-0.195007324,-0.174503848
0.26029,258,550.3914,550.5863,-0.194885254,-0.152690873
0.26032,259,550.3914,550.5862,-0.194763184,-0.114518143
0.26153,260,550.3914,550.5862,-0.194763184,-0.09270517
0.26155,261,550.3914,550.5861,-0.194702148,-0.07089219
0.26335,262,550.3914,550.5861,-0.194702148,-0.0599856973
0.26517,263,550.3914,550.5861,-0.194702148,-0.03817272
0.26519,264,550.3914,550.5861,-0.194702148,-0.03817272
0.26645,265,550.3914,550.5861,-0.194702148,-0.0272662267
0.26829,266,550.3914,550.58606,-0.194641113,-0.0272662267
0.26832,267,550.3914,550.58606,-0.194641113,-0.03817272
0.26951,268,550.3914,550.586,-0.194580078,-0.0272662267
0.26953,269,550.3914,550.585938,-0.194519043,-0.03817272
0.27136,270,550.3914,550.5859,-0.194458008,-0.03817272
0.27320,271,550.3914,550.5858,-0.194396973,-0.04907921
0.27324,272,550.3914,550.5858,-0.194396973,-0.04907921
0.27442,273,550.3914,550.5857,-0.1942749,-0.0599856973
0.27626,274,550.3914,550.5856,-0.194152832,-0.08179868
0.27630,275,550.3914,550.585449,-0.194030762,-0.103611663
0.27752,276,550.3914,550.5853,-0.193908691,-0.130877882
0.27755,277,550.3914,550.585144,-0.193725586,-0.152690873
0.27937,278,550.3914,550.5849,-0.193481445,-0.185410336
0.28118,279,550.3914,550.5846,-0.19317627,-0.207223326
0.28120,280,550.3914,550.584351,-0.192932129,-0.229036286
0.28243,281,550.3914,550.584045,-0.192626953,-0.267209023
0.28430,282,550.3914,550.58374,-0.192321777,-0.289022
0.28433,283,550.3914,550.583435,-0.1920166,-0.310834974
0.28551,284,550.3914,550.583069,-0.191650391,-0.3217415
0.28553,285,550.3914,550.582764,-0.191345215,-0.332647949
0.28736,286,550.3914,550.582336,-0.190917969,-0.354460955
0.28919,287,550.3914,550.582,-0.190551758,-0.3817272
0.28921,288,550.3914,550.5815,-0.190063477,-0.403540134
0.29042,289,550.3914,550.581,-0.1895752,-0.447166115
0.29243,290,550.3914,550.580444,-0.189025879,-0.46897912
0.29246,291,550.3914,550.579956,-0.1885376,-0.490792066
0.29353,292,550.3914,550.579468,-0.188049316,-0.507151842
0.29355,293,550.3914,550.579041,-0.18762207,-0.490792066
0.29537,294,550.3914,550.5787,-0.187255859,-0.46897912
0.29722,295,550.3914,550.578247,-0.186828613,-0.436259627
0.29724,296,550.3914,550.578,-0.186584473,-0.3817272
0.29843,297,550.3914,550.577759,-0.186340332,-0.332647949
0.30030,298,550.3914,550.5776,-0.186157227,-0.289022
0.30043,299,550.3914,550.577332,-0.185913086,-0.256302536
0.30152,300,550.3914,550.577148,-0.18572998,-0.229036286
0.30154,301,580.3914,550.577,5,-0.207223326
0.30336,302,580.3914,550.5768,5,-0.196316838
0.30518,303,580.3914,550.577148,5,-0.08179868
0.30520,304,580.3914,550.578064,5,0.125424653
0.30643,305,580.3914,550.5798,5,0.5453245
0.30829,306,580.3914,550.582,5,1.15063477
0.30831,307,580.3914,550.5847,5,1.76685154
0.30953,308,580.3914,550.5881,5,2.35034871
0.30954,309,580.3914,550.5925,5,2.999285
0.31135,310,580.3914,550.597961,5,3.76273918
0.31322,311,580.3914,550.603149,5,4.40076876
0.31325,312,580.3914,550.6083,5,4.97335958
0.31445,313,580.3914,550.612854,5,5.087878
0.31632,314,580.3914,550.618652,5,5.12059736
0.31636,315,580.3914,550.624,5,5.224209
0.31751,316,580.3914,550.629761,5,5.224209
0.31753,317,580.3914,550.63446,5,5.34963369
0.31935,318,580.3914,550.63916,5,5.09878445
0.32118,319,580.3914,550.644531,5,5.02789259
0.32120,320,580.3914,550.649536,5,4.913374
0.32245,321,580.3914,550.6546,5,4.96245337
0.32426,322,580.3914,550.659058,5,5.066065
0.32428,323,580.3914,550.6636,5,4.777043
0.32571,324,580.3914,550.6684,5,4.78794956
0.32574,325,580.3914,550.673035,5,4.629805
0.32736,326,580.3914,550.668762,5,4.78794956
0.32919,327,580.3914,550.6828,5,4.90246725
0.32921,328,580.3914,550.6873,5,4.798856
0.33043,329,580.3914,550.691956,5,4.837029
0.33230,330,580.3914,550.697,5,4.629805
0.33233,331,580.3914,550.703,5,4.96245337
0.33351,332,580.3914,550.707764,5,5.109691
0.33353,333,580.3914,550.712646,5,5.13150358
0.33534,334,580.3914,550.7173,5,5.13150358
0.33720,335,580.3914,550.7231,5,4.97335958
0.33723,336,580.3914,550.7286,5,5.202396
0.33842,337,580.3914,550.733337,5,5.153317
0.34028,338,580.3914,550.7383,5,5.246022
0.34031,339,580.3914,550.743164,5,5.066065
0.34151,340,580.3914,550.7492,5,5.087878
0.34152,341,580.3914,550.754,5,5.202396
0.34334,342,580.3914,550.759033,5,5.164223
0.34525,343,580.3914,550.7637,5,5.164223
0.34529,344,580.3914,550.769165,5,4.96245337
0.34643,345,580.3914,550.7745,5,5.09878445
0.34836,346,580.3914,550.7792,5,5.02789259
0.34838,347,580.3914,550.7844,5,5.14241028
0.34951,348,580.3914,550.7892,5,5.05515862
0.34953,349,580.3914,550.7948,5,5.006079
0.35140,350,580.3914,550.799438,5,5.09878445
0.35319,351,580.3914,550.8042,5,4.95154667
0.35321,352,580.3914,550.809,5,4.995173
0.35443,353,580.3914,550.8139,5,4.777043
0.35628,354,580.3914,550.8194,5,4.92973375
0.35630,355,580.3914,550.8239,5,4.94064
0.35753,356,580.3914,550.8288,5,4.891561
0.35754,357,580.3914,550.8334,5,4.913374
0.35941,358,580.3914,550.8385,5,4.733417
0.36123,359,580.3914,550.84375,5,4.94064
0.36131,360,580.3914,550.8482,5,4.869748
0.36243,361,580.3914,550.853333,5,4.92973375
0.36428,362,580.3914,550.858032,5,4.94064
0.36431,363,580.3914,550.8633,5,4.82612228
0.36551,364,580.3914,550.868,5,4.97335958
0.36553,365,580.3914,550.8725,5,4.81521559
0.36736,366,580.3914,550.8828,5,4.913374
0.36917,367,580.3914,550.887939,5,4.913374
0.36921,368,580.3914,550.8922,5,4.98426628
0.37045,369,580.3914,550.897644,5,4.78794956
0.37230,370,580.3914,550.9032,5,5.006079
0.37233,371,580.3914,550.908142,5,4.98426628
0.37351,372,580.3914,550.9128,5,5.066065
0.37353,373,580.3914,550.917,5,4.913374
0.37574,374,580.3914,550.922668,5,4.777043
0.37721,375,580.3914,550.928,5,4.95154667
0.37723,376,580.3914,550.932861,5,4.95154667
0.37846,377,580.3914,550.937439,5,5.14241028
0.38036,378,580.3914,550.9419,5,4.88065434
0.38040,379,580.3914,550.9478,5,4.81521559
0.38152,380,580.3914,550.952332,5,4.869748
0.38154,381,580.3914,550.957458,5,4.913374
0.38339,382,580.3914,550.962036,5,5.087878
0.38521,383,580.3914,550.9667,5,4.82612228
0.38524,384,580.3914,550.972,5,4.88065434
0.38643,385,580.3914,550.9768,5,4.847935
0.38829,386,580.3914,550.982239,5,4.96245337
0.38832,387,580.3914,550.986755,5,5.07697153
0.38951,388,580.3914,550.991455,5,4.858842
0.38952,389,580.3914,550.9963,5,4.891561
0.39141,390,580.3914,551.0014,5,4.74432325
0.39318,391,580.3914,551.0069,5,4.97335958
0.39319,392,580.3914,551.0113,5,4.995173
0.39444,393,580.3914,551.016052,5,4.913374
0.39628,394,580.3914,551.020569,5,4.88065434
0.39633,395,580.3914,551.026062,5,4.70069742
0.39752,396,580.3914,551.0317,5,5.038799
0.39754,397,580.3914,551.036133,5,5.02789259
0.39938,398,580.3914,551.0409,5,5.07697153
0.40118,399,580.3914,551.045349,5,4.92973375
0.40120,400,580.3914,551.0512,5,4.78794956
0.40247,401,580.3914,551.0562,5,5.016986
0.40426,402,580.3914,551.0608,5,4.92973375
0.40428,403,580.3914,551.0654,5,5.038799
0.40552,404,580.3914,551.070251,5,4.81521559
0.40554,405,580.3914,551.076,5,4.847935
0.40740,406,580.3914,551.0807,5,5.006079
0.40921,407,580.3914,551.0855,5,4.97335958
0.40925,408,580.3914,551.0901,5,5.016986
0.41043,409,580.3914,551.095154,5,4.777043
0.41226,410,580.3914,551.100647,5,4.92973375
0.41229,411,580.3914,551.105164,5,4.913374
0.41351,412,580.3914,551.1103,5,4.995173
0.41352,413,580.3914,551.115356,5,5.038799
0.41536,414,580.3914,551.12085,5,4.891561
0.41723,415,580.3914,551.125732,5,5.09878445
0.41727,416,580.3914,551.1304,5,4.95154667
0.41842,417,580.3914,551.1353,5,4.97335958
0.42033,418,580.3914,551.1401,5,4.869748
0.42038,419,580.3914,551.1457,5,4.88065434
0.42154,420,580.3914,551.1503,5,5.02789259
0.42157,421,580.3914,551.1553,5,4.95154667
0.42338,422,580.3914,551.16,5,5.016986
0.42521,423,580.3914,551.1654,5,4.837029
0.42523,424,580.3914,551.170166,5,4.96245337
0.42645,425,580.3914,551.1747,5,4.96245337
0.42830,426,580.3914,551.179749,5,4.95154667
0.42838,427,580.3914,551.184631,5,5.038799
0.42951,428,580.3914,551.1898,5,4.869748
0.42953,429,580.3914,551.195068,5,5.02789259
0.43140,430,580.3914,551.1993,5,4.891561
0.43319,431,580.3914,551.2048,5,4.98426628
0.43321,432,580.3914,551.2101,5,5.02789259
0.43442,433,580.3914,551.2153,5,4.96245337
0.43631,434,580.3914,551.219666,5,5.07697153
0.43634,435,580.3914,551.2244,5,4.869748
0.43752,436,580.3914,551.2304,5,5.05515862
0.43754,437,580.3914,551.235352,5,5.02789259
0.43939,438,580.3914,551.240051,5,5.087878
0.44118,439,580.3914,551.2442,5,4.96245337
0.44122,440,580.3914,551.249939,5,4.798856
0.44244,441,580.3914,551.2553,5,4.98426628
0.44430,442,580.3914,551.2602,5,4.95154667
0.44432,443,580.3914,551.2647,5,5.14241028
0.44551,444,580.3914,551.2691,5,4.891561
0.44553,445,580.3914,551.2748,5,4.798856
0.44737,446,580.3914,551.2796,5,4.869748
0.44918,447,580.3914,551.2847,5,4.90246725
0.44921,448,580.3914,551.289246,5,5.087878
0.45046,449,580.3914,551.294,5,4.837029
0.45230,450,580.3914,551.299255,5,4.88065434
0.45233,451,580.3914,551.304138,5,4.847935
0.45351,452,580.3914,551.3096,5,4.95154667
0.45354,453,580.3914,551.313965,5,5.087878
0.45539,454,580.3914,551.3187,5,4.869748
0.45720,455,580.3914,551.323547,5,4.891561
0.45722,456,580.3914,551.3287,5,4.74432325
0.45842,457,580.3914,551.3343,5,4.96245337
0.46029,458,580.3914,551.338562,5,4.995173
0.46031,459,580.3914,551.3433,5,4.891561
0.46152,460,580.3914,551.347839,5,4.891561
0.46155,461,580.3914,551.3534,5,4.68979073
0.46339,462,580.3914,551.359,5,5.02789259
0.46521,463,580.3914,551.363464,5,5.038799
0.46523,464,580.3914,551.368164,5,5.066065
0.46642,465,580.3914,551.3727,5,4.94064
0.46831,466,580.3914,551.37854,5,4.78794956
0.46835,467,580.3914,551.3882,5,4.96245337
0.46952,468,580.3914,551.3928,5,5.066065
0.46953,469,580.3914,551.3977,5,4.837029
0.47137,470,580.3914,551.403442,5,4.858842
0.47318,471,580.3914,551.408142,5,5.02789259
0.47321,472,580.3914,551.412964,5,4.98426628
0.47442,473,580.3914,551.417542,5,5.038799
0.47628,474,580.3914,551.4227,5,4.81521559
0.47631,475,580.3914,551.4282,5,4.95154667
0.47754,476,580.3914,551.432739,5,4.94064
0.47756,477,580.3914,551.4379,5,5.016986
0.47939,478,580.3914,551.442566,5,5.05515862
0.48120,479,580.3914,551.4482,5,4.913374
0.48122,480,580.3914,551.453,5,5.109691
0.48243,481,580.3914,551.4577,5,4.96245337
0.48434,482,580.3914,551.4627,5,4.995173
0.48437,483,580.3914,551.467468,5,4.88065434
0.48552,484,580.3914,551.4731,5,4.891561
0.48553,485,580.3914,551.4777,5,5.05515862
0.48735,486,580.3914,551.482666,5,4.96245337
0.48919,487,580.3914,551.487366,5,5.02789259
0.48923,488,580.3914,551.492859,5,4.847935
0.49044,489,580.3914,551.497864,5,4.98426628
0.49234,490,580.3914,551.502441,5,4.97335958
0.49239,491,580.3914,551.5076,5,4.97335958
0.49356,492,580.3914,551.5124,5,5.038799
0.49365,493,580.3914,551.517761,5,4.891561
0.49544,494,580.3914,551.522461,5,5.038799
0.49721,495,580.3914,551.5271,5,4.869748
0.49725,496,580.3914,551.5325,5,4.97335958
0.49849,497,580.3914,551.5377,5,4.98426628
0.50031,498,580.3914,551.542847,5,4.92973375
0.50036,499,580.3914,551.5471,5,5.038799
0.50152,500,580.3914,551.552368,5,4.82612228
0.50153,501,580.3914,551.5579,5,5.006079
0.50339,502,580.3914,551.562866,5,5.006079
0.50517,503,580.3914,551.567444,5,5.05515862
0.50519,504,580.3914,551.571655,5,4.94064
0.50643,505,580.3914,551.5775,5,4.777043
0.50826,506,580.3914,551.5827,5,4.96245337
0.50828,507,580.3914,551.587646,5,4.95154667
0.50960,508,580.3914,551.5924,5,5.153317
0.50964,509,580.3914,551.5967,5,4.913374
0.51136,510,580.3914,551.6023,5,4.82612228
0.51318,511,580.3914,551.6072,5,4.90246725
0.51320,512,580.3914,551.612366,5,4.94064
0.51450,513,580.3914,551.6169,5,5.12059736
0.51630,514,580.3914,551.621765,5,4.869748
0.51634,515,580.3914,551.6273,5,4.92973375
0.51751,516,580.3914,551.632263,5,4.891561
0.51753,517,580.3914,551.637634,5,5.006079
0.51937,518,580.3914,551.6421,5,5.12059736
0.52117,519,580.3914,551.647,5,4.90246725
0.52120,520,580.3914,551.652,5,4.92973375
0.52241,521,580.3914,551.657532,5,4.78794956
0.52428,522,580.3914,551.6628,5,5.016986
0.52431,523,580.3914,551.6669,5,5.016986
0.52580,524,580.3914,551.671936,5,4.95154667
0.52588,525,580.3914,551.6766,5,4.90246725
0.52739,526,580.3914,551.681763,5,4.74432325
0.52919,527,580.3914,551.687,5,5.087878
0.52922,528,580.3914,551.6916,5,5.038799
0.53055,529,580.3914,551.6963,5,5.09878445
0.53229,530,580.3914,551.701,5,4.913374
0.53232,531,580.3914,551.706848,5,4.82612228
0.53352,532,580.3914,551.7116,5,5.038799
0.53355,533,580.3914,551.7163,5,4.95154667
0.53536,534,580.3914,551.7209,5,5.038799
0.53717,535,580.3914,551.726,5,4.798856
0.53720,536,580.3914,551.731567,5,4.891561
0.53845,537,580.3914,551.7362,5,4.995173
0.54028,538,580.3914,551.74115,5,4.995173
0.54032,539,580.3914,551.7456,5,5.006079
0.54154,540,580.3914,551.751038,5,4.78794956
0.54155,541,580.3914,551.7562,5,4.96245337
0.54335,542,580.3914,551.7608,5,4.913374
0.54521,543,580.3914,551.766,5,5.02789259
0.54525,544,580.3914,551.770752,5,5.016986
0.54643,545,580.3914,551.776367,5,4.94064
0.54825,546,580.3914,551.781,5,5.109691
0.54827,547,580.3914,551.7858,5,4.96245337
0.54952,548,580.3914,551.7907,5,5.006079
0.54953,549,580.3914,551.795654,5,4.858842
0.55136,550,580.3914,551.8012,5,4.94064
0.55321,551,580.3914,551.8058,5,5.02789259
0.55323,552,580.3914,551.8108,5,4.97335958
0.55445,553,580.3914,551.815369,5,5.016986
0.55625,554,580.3914,551.8208,5,4.837029
0.55626,555,580.3914,551.82605,5,5.016986
0.55751,556,580.3914,551.830933,5,4.97335958
0.55753,557,580.3914,551.8361,5,5.006079
0.55936,558,580.3914,551.8412,5,5.02789259
0.56117,559,580.3914,551.8463,5,4.90246725
0.56118,560,580.3914,551.850769,5,5.038799
0.56244,561,580.3914,551.8558,5,4.88065434
0.56425,562,580.3914,551.8611,5,5.016986
0.56427,563,580.3914,551.865967,5,4.97335958
0.56555,564,580.3914,551.871033,5,4.97335958
0.56558,565,580.3914,551.875366,5,5.016986
0.56737,566,580.3914,551.8809,5,4.847935
0.56918,567,580.3914,551.8863,5,5.05515862
0.56919,568,580.3914,551.8913,5,5.016986
0.57042,569,580.3914,551.900146,5,4.913374
0.57226,570,580.3914,551.9062,5,4.847935
0.57227,571,580.3914,551.911133,5,4.995173
0.57351,572,580.3914,551.916138,5,5.006079
0.57353,573,580.3914,551.9205,5,5.180583
0.57575,574,580.3914,551.9254,5,4.88065434
0.57719,575,580.3914,551.930969,5,4.891561
0.57721,576,580.3914,551.935852,5,4.92973375
0.57844,577,580.3914,551.94104,5,5.02789259
0.58025,578,580.3914,551.945435,5,5.12059736
0.58027,579,580.3914,551.950745,5,4.88065434
0.58152,580,580.3914,551.9557,5,4.97335958
0.58153,581,580.3914,551.9609,5,4.88065434
0.58336,582,580.3914,551.9661,5,5.09878445
0.58516,583,580.3914,551.9706,5,5.07697153
0.58517,584,580.3914,551.975464,5,4.913374
0.58644,585,580.3914,551.9803,5,4.92973375
0.58828,586,580.3914,551.986,5,4.837029
0.58831,587,580.3914,551.9909,5,5.087878
0.58953,588,580.3914,551.9954,5,4.995173
0.58955,589,580.3914,552.0002,5,5.006079
0.59134,590,580.3914,552.005,5,4.847935
0.59320,591,580.3914,552.0111,5,4.847935
0.59323,592,580.3914,552.0158,5,5.13150358
0.59446,593,580.3914,552.020569,5,5.05515862
0.59626,594,580.3914,552.025,5,5.09878445
0.59627,595,580.3914,552.030334,5,4.847935
0.59752,596,580.3914,552.036,5,4.94064
0.59754,597,580.3914,552.0405,5,5.02789259
0.59934,598,580.3914,552.0454,5,5.016986
0.60116,599,580.3914,552.049866,5,5.016986
0.60118,600,580.3914,552.055542,5,4.78794956
0.60243,601,580.3914,552.0607,5,4.995173
0.60427,602,580.3914,552.065369,5,4.98426628
0.60429,603,580.3914,552.0702,5,5.066065
0.60554,604,580.3914,552.0748,5,4.95154667
0.60557,605,580.3914,552.080566,5,4.847935
0.60734,606,580.3914,552.0852,5,5.006079
0.60920,607,580.3914,552.0903,5,4.92973375
0.60922,608,580.3914,552.0952,5,5.109691
0.61046,609,580.3914,552.100342,5,4.96245337
0.61226,610,580.3914,552.1057,5,5.02789259
0.61229,611,580.3914,552.110535,5,5.07697153
0.61351,612,580.3914,552.1156,5,4.96245337
0.61353,613,580.3914,552.119934,5,4.995173
0.61533,614,580.3914,552.125732,5,4.82612228
0.61719,615,580.3914,552.130737,5,5.038799
0.61724,616,580.3914,552.1355,5,4.98426628
0.61845,617,580.3914,552.1407,5,5.006079
0.62027,618,580.3914,552.145569,5,4.96245337
0.62029,619,580.3914,552.1508,5,4.891561
0.62152,620,580.3914,552.155762,5,5.066065
0.62156,621,580.3914,552.1608,5,4.95154667
0.62337,622,580.3914,552.1657,5,5.07697153
0.62517,623,580.3914,552.170837,5,4.95154667
0.62519,624,580.3914,552.175964,5,4.995173
0.62648,625,580.3914,552.180359,5,4.98426628
0.62827,626,580.3914,552.185547,5,4.90246725
0.62829,627,580.3914,552.1905,5,5.038799
0.62958,628,580.3914,552.1956,5,4.913374
0.62961,629,580.3914,552.2002,5,5.05515862
0.63135,630,580.3914,552.204956,5,4.913374
0.63320,631,580.3914,552.2107,5,4.92973375
0.63322,632,580.3914,552.2157,5,5.066065
0.63444,633,580.3914,552.2206,5,5.016986
0.63627,634,580.3914,552.2247,5,5.07697153
0.63629,635,580.3914,552.2301,5,4.81521559
0.63755,636,580.3914,552.2358,5,4.96245337
0.63757,637,580.3914,552.240662,5,4.98426628
0.63936,638,580.3914,552.2455,5,5.109691
0.64116,639,580.3914,552.2498,5,5.09878445
0.64118,640,580.3914,552.2554,5,4.82612228
0.64243,641,580.3914,552.2604,5,4.94064
0.64428,642,580.3914,552.2656,5,4.92973375
0.64430,643,580.3914,552.270264,5,5.13150358
0.64554,644,580.3914,552.2749,5,4.995173
0.64558,645,580.3914,552.280334,5,4.90246725
0.64734,646,580.3914,552.285156,5,4.96245337
0.64917,647,580.3914,552.2907,5,4.92973375
0.64919,648,580.3914,552.2953,5,5.180583
0.65042,649,580.3914,552.300049,5,4.97335958
0.65225,650,580.3914,552.304932,5,4.94064
0.65226,651,580.3914,552.31,5,4.858842
0.65354,652,580.3914,552.3157,5,4.94064
0.65356,653,580.3914,552.320068,5,5.09878445
0.65537,654,580.3914,552.3249,5,4.97335958
0.65718,655,580.3914,552.3294,5,4.98426628
0.65719,656,580.3914,552.335,5,4.74432325
0.65843,657,580.3914,552.341,5,5.006079
0.66026,658,580.3914,552.3452,5,5.09878445
0.66028,659,580.3914,552.3499,5,5.087878
0.66157,660,580.3914,552.354431,5,5.02789259
0.66159,661,580.3914,552.3604,5,4.798856
0.66334,662,580.3914,552.365356,5,5.038799
0.66517,663,580.3914,552.37,5,4.98426628
0.66518,664,580.3914,552.3747,5,5.07697153
0.66642,665,580.3914,552.379639,5,4.92973375
0.66824,666,580.3914,552.385437,5,4.858842
0.66826,667,580.3914,552.394958,5,5.006079
0.66958,668,580.3914,552.399536,5,5.066065
0.66962,669,580.3914,552.404846,5,4.847935
0.67136,670,580.3914,552.4102,5,4.95154667
0.67323,671,580.3914,552.4148,5,4.96245337
0.67327,672,580.3914,552.420044,5,5.016986
0.67446,673,580.3914,552.4248,5,5.09878445
0.67630,674,580.3914,552.4304,5,4.94064
0.67634,675,580.3914,552.4352,5,5.13150358
0.67751,676,580.3914,552.44,5,5.006079
0.67754,677,580.3914,552.444946,5,5.016986
0.67934,678,580.3914,552.4498,5,4.92973375
0.68116,679,580.3914,552.455444,5,4.913374
0.68118,680,580.3914,552.46,5,5.07697153
0.68244,681,580.3914,552.4651,5,4.995173
0.68426,682,580.3914,552.4697,5,5.066065
0.68429,683,580.3914,552.475464,5,4.88065434
0.68559,684,580.3914,552.4806,5,5.006079
0.68563,685,580.3914,552.4852,5,5.006079
0.68735,686,580.3914,552.4908,5,4.995173
0.68917,687,580.3914,552.494934,5,5.07697153
0.68919,688,580.3914,552.500732,5,4.913374
0.69042,689,580.3914,552.5051,5,5.07697153
0.69227,690,580.3914,552.5102,5,4.891561
0.69229,691,580.3914,552.5155,5,5.006079
0.69352,692,580.3914,552.5204,5,4.995173
0.69354,693,580.3914,552.525452,5,4.95154667
0.69539,694,580.3914,552.5298,5,5.05515862
0.69720,695,580.3914,552.535339,5,4.847935
0.69723,696,580.3914,552.540649,5,5.038799
0.69843,697,580.3914,552.5456,5,5.006079
0.70026,698,580.3914,552.55,5,5.087878
0.70028,699,580.3914,552.554565,5,4.95154667
0.70151,700,580.3914,552.560547,5,4.81521559
0.70154,701,580.3914,552.565552,5,4.995173
0.70338,702,580.3914,552.5705,5,4.97335958
0.70516,703,580.3914,552.5748,5,5.180583
0.70517,704,580.3914,552.5798,5,4.913374
0.70643,705,580.3914,552.585266,5,4.847935
0.70830,706,580.3914,552.590149,5,4.913374
0.70834,707,580.3914,552.5954,5,4.97335958
0.70957,708,580.3914,552.5997,5,5.12059736
0.70959,709,580.3914,552.6049,5,4.88065434
0.71137,710,580.3914,552.6099,5,4.95154667
0.71318,711,580.3914,552.6151,5,4.891561
0.71322,712,580.3914,552.620361,5,5.05515862
0.71443,713,580.3914,552.6248,5,5.109691
0.71626,714,580.3914,552.6298,5,4.913374
0.71629,715,580.3914,552.6345,5,4.94064
0.71752,716,580.3914,552.640259,5,4.81521559
0.71754,717,580.3914,552.6455,5,5.066065
0.71939,718,580.3914,552.649963,5,5.016986
0.72119,719,580.3914,552.655,5,4.98426628
0.72121,720,580.3914,552.6596,5,4.88065434
0.72243,721,580.3914,552.6657,5,4.798856
0.72429,722,580.3914,552.6704,5,5.13150358
0.72431,723,580.3914,552.6754,5,5.05515862
0.72565,724,580.3914,552.679932,5,5.12059736
0.72569,725,580.3914,552.684631,5,4.891561
0.72735,726,580.3914,552.690369,5,4.90246725
0.72921,727,580.3914,552.6948,5,5.05515862
0.72923,728,580.3914,552.6997,5,5.006079
0.73042,729,580.3914,552.7042,5,5.05515862
0.73229,730,580.3914,552.709839,5,4.798856
0.73231,731,580.3914,552.715,5,4.96245337
0.73351,732,580.3914,552.7196,5,4.98426628
0.73353,733,580.3914,552.724365,5,5.016986
0.73534,734,580.3914,552.729065,5,4.96245337
0.73721,735,580.3914,552.734741,5,4.78794956
0.73724,736,580.3914,552.739441,5,4.98426628
0.73842,737,580.3914,552.7444,5,4.913374
0.74028,738,580.3914,552.7493,5,5.066065
0.74031,739,580.3914,552.7544,5,4.97335958
0.74151,740,580.3914,552.7599,5,4.97335958
0.74152,741,580.3914,552.764343,5,5.087878
0.74335,742,580.3914,552.769348,5,4.95154667
0.74520,743,580.3914,552.774048,5,5.006079
0.74523,744,580.3914,552.7795,5,4.82612228
0.74646,745,580.3914,552.784546,5,4.995173
0.74827,746,580.3914,552.789246,5,5.016986
0.74828,747,580.3914,552.79425,5,4.98426628
0.74951,748,580.3914,552.799255,5,4.995173
0.74953,749,580.3914,552.804932,5,4.847935
0.75137,750,580.3914,552.8096,5,5.05515862
0.75320,751,580.3914,552.8145,5,4.96245337
0.75324,752,580.3914,552.8195,5,5.05515862
0.75442,753,580.3914,552.8245,5,4.995173
0.75626,754,580.3914,552.829834,5,4.96245337
0.75628,755,580.3914,552.834167,5,5.016986
0.75752,756,580.3914,552.8396,5,4.891561
0.75753,757,580.3914,552.8446,5,5.038799
0.75938,758,580.3914,552.849731,5,4.94064
0.76122,759,580.3914,552.8544,5,5.02789259
0.76124,760,580.3914,552.858948,5,4.97335958
0.76245,761,580.3914,552.8648,5,4.891561
0.76431,762,580.3914,552.8698,5,5.066065
0.76433,763,580.3914,552.874756,5,5.006079
0.76552,764,580.3914,552.8788,5,5.087878
0.76554,765,580.3914,552.884155,5,4.858842
0.76739,766,580.3914,552.889832,5,4.90246725
0.76919,767,580.3914,552.8947,5,4.995173
0.76923,768,580.3914,552.899536,5,5.05515862
0.77042,769,580.3914,552.9093,5,4.81521559
0.77228,770,580.3914,552.9144,5,4.913374
0.77231,771,580.3914,552.919556,5,4.891561
0.77350,772,580.3914,552.9243,5,5.07697153
0.77352,773,580.3914,552.9289,5,5.066065
0.77571,774,580.3914,552.9343,5,4.88065434
0.77718,775,580.3914,552.9392,5,4.98426628
0.77721,776,580.3914,552.9447,5,4.90246725
0.77843,777,580.3914,552.9494,5,5.153317
0.78028,778,580.3914,552.9541,5,5.02789259
0.78030,779,580.3914,552.959,5,4.94064
0.78152,780,580.3914,552.96405,5,4.891561
0.78154,781,580.3914,552.9697,5,4.891561
0.78338,782,580.3914,552.9742,5,5.109691
0.78521,783,580.3914,552.979,5,4.97335958
0.78523,784,580.3914,552.9836,5,5.006079
0.78642,785,580.3914,552.9891,5,4.78794956
0.78829,786,580.3914,552.994751,5,4.92973375
0.78832,787,580.3914,552.9992,5,5.12059736
0.78951,788,580.3914,553.0041,5,5.066065
0.78953,789,580.3914,553.0086,5,5.07697153
0.79135,790,580.3914,553.0144,5,4.798856
0.79321,791,580.3914,553.0194,5,4.995173
0.79323,792,580.3914,553.0241,5,4.995173
0.79450,793,580.3914,553.028748,5,5.038799
0.79628,794,580.3914,553.0336,5,4.96245337
0.79630,795,580.3914,553.0394,5,4.81521559
0.79752,796,580.3914,553.0441,5,5.038799
0.79753,797,580.3914,553.04895,5,4.98426628
0.79936,798,580.3914,553.053467,5,5.07697153
0.80122,799,580.3914,553.058838,5,4.88065434
0.80126,800,580.3914,553.0642,5,4.90246725
0.80242,801,580.3914,553.0688,5,4.995173
0.80427,802,580.3914,553.074,5,4.97335958
0.80429,803,580.3914,553.0788,5,5.12059736
0.80551,804,580.3914,553.0843,5,4.92973375
0.80552,805,580.3914,553.0897,5,5.087878
0.80737,806,580.3914,553.0938,5,5.016986
0.80924,807,580.3914,553.0989,5,4.96245337
0.80928,808,580.3914,553.103638,5,4.95154667
0.81044,809,580.3914,553.109253,5,4.858842
0.81233,810,580.3914,553.1142,5,5.07697153
0.81238,811,580.3914,553.1192,5,4.995173
0.81353,812,580.3914,553.1239,5,5.05515862
0.81354,813,580.3914,553.1292,5,4.913374
0.81537,814,580.3914,553.1345,5,4.95154667
0.81722,815,580.3914,553.139038,5,5.038799
0.81725,816,580.3914,553.1443,5,4.96245337
0.81843,817,580.3914,553.1491,5,5.09878445
0.82028,818,580.3914,553.1545,5,4.90246725
0.82030,819,580.3914,553.1593,5,5.02789259
0.82153,820,580.3914,553.1643,5,4.95154667
0.82156,821,580.3914,553.1696,5,4.94064
0.82339,822,580.3914,553.174561,5,5.05515862
0.82517,823,580.3914,553.1797,5,4.94064
0.82520,824,580.3914,553.18396,5,5.07697153
0.82645,825,580.3914,553.189453,5,4.88065434
0.82831,826,580.3914,553.1949,5,5.006079
0.82834,827,580.3914,553.1995,5,5.05515862
0.82951,828,580.3914,553.204041,5,5.066065
0.82953,829,580.3914,553.2085,5,5.016986
0.83139,830,580.3914,553.2144,5,4.81521559
0.83318,831,580.3914,553.2196,5,4.995173
0.83319,832,580.3914,553.2246,5,5.006079
0.83443,833,580.3914,553.229,5,5.202396
0.83625,834,580.3914,553.233948,5,5.02789259
0.83627,835,580.3914,553.239563,5,4.891561
0.83752,836,580.3914,553.244568,5,4.98426628
0.83753,837,580.3914,553.2498,5,4.995173
0.83937,838,580.3914,553.25415,5,5.21330261
0.84122,839,580.3914,553.25946,5,4.97335958
0.84126,840,580.3914,553.264465,5,4.995173
0.84244,841,580.3914,553.2698,5,4.96245337
0.84436,842,580.3914,553.275,5,5.066065
0.84439,843,580.3914,553.2794,5,5.164223
0.84554,844,580.3914,553.2844,5,4.95154667
0.84556,845,580.3914,553.289246,5,4.96245337
0.84738,846,580.3914,553.295,5,4.837029
0.84920,847,580.3914,553.2998,5,5.07697153
0.84923,848,580.3914,553.3044,5,5.038799
0.85042,849,580.3914,553.309143,5,4.98426628
0.85231,850,580.3914,553.314,5,4.90246725
0.85234,851,580.3914,553.320068,5,4.777043
0.85351,852,580.3914,553.324768,5,5.109691
0.85352,853,580.3914,553.3295,5,5.05515862
0.85536,854,580.3914,553.3339,5,5.109691
0.85718,855,580.3914,553.339355,5,4.891561
0.85722,856,580.3914,553.345,5,4.858842
0.85857,857,580.3914,553.3495,5,5.05515862
0.86027,858,580.3914,553.3543,5,4.98426628
0.86028,859,580.3914,553.3589,5,5.05515862
0.86154,860,580.3914,553.364441,5,4.798856
0.86157,861,580.3914,553.3696,5,4.94064
0.86337,862,580.3914,553.374268,5,5.006079
0.86518,863,580.3914,553.379,5,5.02789259
0.86521,864,580.3914,553.3837,5,4.995173
0.86642,865,580.3914,553.394043,5,4.98426628
0.86830,866,580.3914,553.3991,5,4.913374
0.86832,867,580.3914,553.404053,5,5.066065
0.86951,868,580.3914,553.4091,5,4.995173
0.86953,869,580.3914,553.4145,5,4.95154667
0.87135,870,580.3914,553.409,5,5.087878
0.87320,871,580.3914,553.424255,5,4.94064
0.87324,872,580.3914,553.42865,5,4.995173
0.87442,873,580.3914,553.4344,5,4.81521559
0.87630,874,580.3914,553.439453,5,4.96245337
0.87634,875,580.3914,553.4441,5,5.006079
0.87752,876,580.3914,553.4491,5,4.96245337
0.87754,877,580.3914,553.453735,5,4.995173
0.87939,878,580.3914,553.4594,5,4.837029
0.88120,879,580.3914,553.46405,5,5.02789259
0.88123,880,580.3914,553.469,5,4.96245337
0.88242,881,580.3914,553.47406,5,5.02789259
0.88430,882,580.3914,553.479065,5,5.006079
0.88432,883,580.3914,553.484253,5,4.94064
0.88552,884,580.3914,553.4886,5,5.038799
0.88556,885,580.3914,553.4941,5,4.869748
0.88737,886,580.3914,553.499,5,5.02789259
0.88917,887,580.3914,553.5042,5,4.94064
0.88921,888,580.3914,553.5088,5,4.995173
0.89045,889,580.3914,553.5134,5,4.995173
0.89243,890,580.3914,553.5193,5,4.858842
0.89246,891,580.3914,553.524231,5,5.066065
0.89353,892,580.3914,553.5291,5,5.006079
0.89356,893,580.3914,553.533264,5,5.087878
0.89538,894,580.3914,553.5385,5,4.88065434
0.89716,895,580.3914,553.54425,5,4.858842
0.89718,896,580.3914,553.549133,5,4.98426628
0.89843,897,580.3914,553.553955,5,5.016986
0.90030,898,580.3914,553.558167,5,5.153317
0.90032,899,580.3914,553.5638,5,4.837029
0.90153,900,580.3914,553.5688,5,4.90246725
0.90156,901,580.3914,553.574,5,4.90246725
0.90334,902,580.3914,553.578735,5,5.038799
0.90525,903,580.3914,553.5833,5,5.09878445
0.90528,904,580.3914,553.5887,5,4.858842
0.90645,905,580.3914,553.5935,5,4.97335958
0.90825,906,580.3914,553.599,5,4.869748
0.90827,907,580.3914,553.60376,5,5.109691
0.90953,908,580.3914,553.608337,5,5.05515862
0.90956,909,580.3914,553.6133,5,4.90246725
0.91140,910,580.3914,553.6183,5,4.90246725
0.91318,911,580.3914,553.6241,5,4.847935
0.91321,912,580.3914,553.6285,5,5.09878445
0.91442,913,580.3914,553.633545,5,4.98426628
0.91629,914,580.3914,553.638062,5,4.995173
0.91631,915,580.3914,553.6436,5,4.81521559
0.91753,916,580.3914,553.6493,5,4.858842
0.91761,917,580.3914,553.653748,5,5.14241028
0.91935,918,580.3914,553.6585,5,5.05515862
0.92121,919,580.3914,553.6634,5,5.087878
0.92124,920,580.3914,553.668945,5,4.82612228
0.92245,921,580.3914,553.67395,5,4.95154667
0.92435,922,580.3914,553.6786,5,5.016986
0.92437,923,580.3914,553.6833,5,5.016986
0.92561,924,580.3914,553.687744,5,5.006079
0.92564,925,580.3914,553.6936,5,4.78794956
0.92735,926,580.3914,553.6983,5,5.006079
0.92921,927,580.3914,553.7031,5,4.98426628
0.92923,928,580.3914,553.7077,5,5.066065
0.93045,929,580.3914,553.7129,5,4.913374
0.93229,930,580.3914,553.7183,5,4.837029
0.93232,931,580.3914,553.722839,5,4.995173
0.93358,932,580.3914,553.727966,5,4.913374
0.93360,933,580.3914,553.7327,5,5.087878
0.93540,934,580.3914,553.7385,5,4.92973375
0.93722,935,580.3914,553.743164,5,5.016986
0.93725,936,580.3914,553.7478,5,5.038799
0.93843,937,580.3914,553.7528,5,4.95154667
0.94037,938,580.3914,553.7575,5,4.98426628
0.94042,939,580.3914,553.7632,5,4.81521559
0.94150,940,580.3914,553.7678,5,5.02789259
0.94151,941,580.3914,553.7731,5,4.98426628
0.94337,942,580.3914,553.777832,5,5.006079
0.94520,943,580.3914,553.783,5,4.95154667
0.94524,944,580.3914,553.7884,5,4.88065434
0.94650,945,580.3914,553.7929,5,5.066065
0.94831,946,580.3914,553.7981,5,4.95154667
0.94833,947,580.3914,553.8029,5,5.087878
0.94951,948,580.3914,553.80835,5,4.95154667
0.94953,949,580.3914,553.813,5,4.995173
0.95141,950,580.3914,553.817749,5,4.995173
0.95322,951,580.3914,553.823242,5,4.913374
0.95324,952,580.3914,553.8281,5,5.05515862
0.95442,953,580.3914,553.833252,5,4.94064
0.95628,954,580.3914,553.8379,5,5.066065
0.95631,955,580.3914,553.8429,5,4.913374
0.95753,956,580.3914,553.84845,5,4.94064
0.95754,957,580.3914,553.8534,5,5.066065
0.95943,958,580.3914,553.858,5,5.016986
0.96122,959,580.3914,553.8623,5,5.066065
0.96127,960,580.3914,553.868164,5,4.81521559
0.96243,961,580.3914,553.873352,5,4.96245337
0.96429,962,580.3914,553.878357,5,4.98426628
0.96431,963,580.3914,553.882751,5,5.13150358
0.96554,964,580.3914,553.8875,5,5.087878
0.96558,965,580.3914,553.893066,5,4.81521559
0.96739,966,580.3914,553.898,5,4.94064
0.96919,967,580.3914,553.903259,5,4.90246725
0.96923,968,580.3914,553.9127,5,5.006079
0.97043,969,580.3914,553.917969,5,4.913374
0.97230,970,580.3914,553.923,5,4.96245337
0.97234,971,580.3914,553.928467,5,4.94064
0.97351,972,580.3914,553.9328,5,5.180583
0.97353,973,580.3914,553.937866,5,4.98426628
0.97581,974,580.3914,553.942566,5,4.96245337
0.97718,975,580.3914,553.948242,5,4.869748
0.97722,976,580.3914,553.953369,5,4.97335958
0.97844,977,580.3914,553.9578,5,5.12059736
0.98032,978,580.3914,553.962646,5,4.995173
0.98035,979,580.3914,553.967346,5,4.995173
0.98155,980,580.3914,553.9734,5,4.76613665
0.98156,981,580.3914,553.9784,5,5.05515862
0.98336,982,580.3914,553.9831,5,5.109691
0.98522,983,580.3914,553.9876,5,5.109691
0.98525,984,580.3914,553.992737,5,5.016986
0.98642,985,580.3914,553.998535,5,4.82612228
0.98830,986,580.3914,554.003052,5,5.05515862
0.98832,987,580.3914,554.008,5,4.98426628
0.98953,988,580.3914,554.0125,5,5.087878
0.98954,989,580.3914,554.018,5,4.891561
0.99138,990,580.3914,554.0233,5,4.88065434
0.99324,991,580.3914,554.027954,5,5.05515862
0.99328,992,580.3914,554.0328,5,4.995173
0.99444,993,580.3914,554.037354,5,5.05515862
0.99630,994,580.3914,554.043,5,4.82612228
0.99634,995,580.3914,554.047852,5,4.95154667
0.99752,996,580.3914,554.052734,5,4.95154667
0.99754,997,580.3914,554.057739,5,5.016986
0.99939,998,580.3914,554.0631,5,5.07697153
1.00116,999,580.3914,554.0686,5,4.92973375
1.00119,1000,580.3914,554.073059,5,5.12059736
1.00243,1001,580.3914,554.077759,5,4.98426628
1.00428,1002,580.3914,554.082764,5,4.995173
1.00432,1003,580.3914,554.088257,5,4.891561
1.00551,1004,580.3914,554.0934,5,4.92973375
1.00553,1005,580.3914,554.098,5,5.066065
1.00740,1006,580.3914,554.1031,5,4.98426628
1.00920,1007,580.3914,554.1078,5,5.05515862
1.00922,1008,580.3914,554.1134,5,4.858842
1.01045,1009,580.3914,554.1181,5,5.006079
1.01229,1010,580.3914,554.123,5,4.995173
1.01232,1011,580.3914,554.1281,5,4.995173
1.01353,1012,580.3914,554.133,5,5.066065
1.01356,1013,580.3914,554.138367,5,4.90246725
1.01537,1014,580.3914,554.142639,5,5.066065
1.01716,1015,580.3914,554.1484,5,4.995173
1.01719,1016,580.3914,554.1531,5,4.995173
1.01842,1017,580.3914,554.1582,5,4.98426628
1.02029,1018,580.3914,554.1629,5,5.02789259
1.02032,1019,580.3914,554.1678,5,4.847935
1.02151,1020,580.3914,554.1739,5,5.038799
1.02153,1021,580.3914,554.1789,5,5.006079
1.02335,1022,580.3914,554.1838,5,5.087878
1.02520,1023,580.3914,554.1882,5,4.94064
1.02524,1024,580.3914,554.1933,5,4.81521559
1.02644,1025,580.3914,554.198853,5,4.995173
1.02834,1026,580.3914,554.203735,5,4.98426628
1.02837,1027,580.3914,554.208,5,4.98426628
1.02953,1028,580.3914,554.2122,5,5.180583
1.02955,1029,580.3914,554.217651,5,4.90246725
1.03138,1030,580.3914,554.222839,5,4.858842
1.03317,1031,580.3914,554.227844,5,4.913374
1.03318,1032,580.3914,554.2327,5,4.97335958
1.03443,1033,580.3914,554.2372,5,5.109691
1.03626,1034,580.3914,554.2425,5,4.858842
1.03627,1035,580.3914,554.247253,5,4.913374
1.03753,1036,580.3914,554.252563,5,4.82612228
1.03755,1037,580.3914,554.2574,5,4.97335958
1.03939,1038,580.3914,554.2618,5,5.016986
1.04118,1039,580.3914,554.2666,5,4.81521559
1.04121,1040,580.3914,554.27124,5,4.82612228
1.04249,1041,580.3914,554.2769,5,4.651618
1.04438,1042,580.3914,554.2815,5,4.90246725
1.04441,1043,580.3914,554.286,5,4.90246725
1.04551,1044,580.3914,554.290649,5,4.837029
1.04555,1045,580.3914,554.2955,5,4.82612228
1.04736,1046,580.3914,554.3014,5,4.629805
1.04919,1047,580.3914,554.3061,5,4.995173
1.04924,1048,580.3914,554.3108,5,5.006079
1.05043,1049,580.3914,554.3153,5,5.05515862
1.05226,1050,580.3914,554.3205,5,4.94064
1.05231,1051,580.3914,554.3263,5,4.777043
1.05352,1052,580.3914,554.33075,5,5.038799
1.05353,1053,580.3914,554.335632,5,4.97335958
1.05537,1054,580.3914,554.340149,5,5.087878
1.05718,1055,580.3914,554.3458,5,4.88065434
1.05721,1056,580.3914,554.351,5,4.891561
1.05843,1057,580.3914,554.3557,5,5.066065
1.06027,1058,580.3914,554.360535,5,5.07697153
1.06029,1059,580.3914,554.365662,5,4.847935
1.06153,1060,580.3914,554.371033,5,4.847935
1.06156,1061,580.3914,554.3757,5,4.97335958
1.06340,1062,580.3914,554.3808,5,4.97335958
1.06519,1063,580.3914,554.386047,5,5.087878
1.06524,1064,580.3914,554.3913,5,4.98426628
1.06644,1065,580.3914,554.396667,5,5.164223
1.06826,1066,580.3914,554.40094,5,5.164223
1.06827,1067,580.3914,554.4063,5,5.07697153
1.06955,1068,580.3914,554.4111,5,4.92973375
1.06957,1069,580.3914,554.416748,5,5.006079
1.07139,1070,580.3914,554.421631,5,5.087878
1.07316,1071,580.3914,554.431458,5,5.07697153
1.07317,1072,580.3914,554.43634,5,4.90246725
1.07442,1073,580.3914,554.441956,5,5.066065
1.07635,1074,580.3914,554.446533,5,5.006079
1.07637,1075,580.3914,554.4517,5,5.066065
1.07754,1076,580.3914,554.4569,5,5.05515862
1.07757,1077,580.3914,554.451965,5,4.97335958
1.07939,1078,580.3914,554.4671,5,5.05515862
1.08117,1079,580.3914,554.4713,5,4.891561
1.08119,1080,580.3914,554.476868,5,5.05515862
1.08243,1081,580.3914,554.4821,5,4.96245337
1.08425,1082,580.3914,554.4873,5,5.02789259
1.08427,1083,580.3914,554.491333,5,5.006079
1.08551,1084,580.3914,554.496765,5,4.891561
1.08553,1085,580.3914,554.502441,5,5.07697153
1.08737,1086,580.3914,554.5074,5,5.02789259
1.08915,1087,580.3914,554.5121,5,5.109691
1.08917,1088,580.3914,554.5163,5,4.88065434
1.09051,1089,580.3914,554.522156,5,4.90246725
1.09235,1090,580.3914,554.527466,5,5.006079
1.09237,1091,580.3914,554.5324,5,5.05515862
1.09354,1092,580.3914,554.537,5,5.153317
1.09356,1093,580.3914,554.541565,5,4.858842
1.09537,1094,580.3914,554.5472,5,4.913374
1.09721,1095,580.3914,554.5521,5,4.913374
1.09724,1096,580.3914,554.5574,5,5.087878
1.09845,1097,580.3914,554.5618,5,5.07697153
1.10025,1098,580.3914,554.566833,5,4.891561
1.10027,1099,580.3914,554.5721,5,4.98426628
1.10151,1100,580.3914,554.5771,5,4.90246725
1.10153,1101,580.3914,554.5826,5,5.153317
1.10334,1102,580.3914,554.587,5,5.038799
1.10519,1103,580.3914,554.5919,5,4.95154667
1.10521,1104,580.3914,554.596741,5,4.913374
1.10653,1105,580.3914,554.602234,5,4.90246725
1.10826,1106,580.3914,554.6075,5,5.13150358
1.10828,1107,580.3914,554.611938,5,4.995173
1.10953,1108,580.3914,554.6168,5,5.02789259
1.10954,1109,580.3914,554.62146,5,4.798856
1.11135,1110,580.3914,554.6275,5,4.95154667
1.11318,1111,580.3914,554.6325,5,5.14241028
1.11320,1112,580.3914,554.6376,5,5.087878
1.11447,1113,580.3914,554.6418,5,5.09878445
1.11626,1114,580.3914,554.6468,5,4.82612228
1.11627,1115,580.3914,554.6527,5,5.016986
1.11754,1116,580.3914,554.6573,5,5.006079
1.11755,1117,580.3914,554.6624,5,5.07697153
1.11934,1118,580.3914,554.667,5,4.97335958
1.12116,1119,580.3914,554.6725,5,4.837029
1.12117,1120,580.3914,554.677856,5,5.066065
1.12243,1121,580.3914,554.6825,5,4.995173
1.12428,1122,580.3914,554.6873,5,5.087878
1.12429,1123,580.3914,554.692,5,4.891561
1.12573,1124,580.3914,554.6977,5,4.92973375
1.12576,1125,580.3914,554.702454,5,4.995173
1.12735,1126,580.3914,554.7074,5,4.995173
1.12920,1127,580.3914,554.712463,5,5.12059736
1.12924,1128,580.3914,554.717163,5,4.94064
1.13045,1129,580.3914,554.7227,5,5.12059736
1.13226,1130,580.3914,554.727234,5,5.02789259
1.13227,1131,580.3914,554.7323,5,5.006079
1.13352,1132,580.3914,554.737,5,4.97335958
1.13354,1133,580.3914,554.742432,5,4.90246725
1.13534,1134,580.3914,554.7476,5,5.109691
1.13715,1135,580.3914,554.7524,5,5.016986
1.13717,1136,580.3914,554.7574,5,5.09878445
1.13842,1137,580.3914,554.762146,5,4.94064
1.14026,1138,580.3914,554.7678,5,5.016986
1.14027,1139,580.3914,554.7726,5,5.05515862
1.14154,1140,580.3914,554.7775,5,5.016986
1.14159,1141,580.3914,554.782654,5,5.12059736
1.14335,1142,580.3914,554.787659,5,4.94064
1.14517,1143,580.3914,554.792969,5,5.07697153
1.14519,1144,580.3914,554.7973,5,4.94064
1.14643,1145,580.3914,554.8028,5,5.006079
1.14826,1146,580.3914,554.8078,5,5.038799
1.14830,1147,580.3914,554.813,5,4.98426628
1.14953,1148,580.3914,554.8176,5,5.07697153
1.14958,1149,580.3914,554.8223,5,4.88065434
1.15135,1150,580.3914,554.8281,5,5.07697153
1.15317,1151,580.3914,554.8332,5,5.05515862
1.15318,1152,580.3914,554.838135,5,5.109691
1.15444,1153,580.3914,554.842163,5,4.97335958
1.15625,1154,580.3914,554.847656,5,4.847935
1.15627,1155,580.3914,554.853333,5,5.016986
1.15755,1156,580.3914,554.8582,5,4.995173
1.15758,1157,580.3914,554.863,5,5.191489
1.15938,1158,580.3914,554.8673,5,4.92973375
1.16118,1159,580.3914,554.8729,5,4.88065434
1.16120,1160,580.3914,554.8779,5,4.94064
1.16244,1161,580.3914,554.8831,5,5.006079
1.16425,1162,580.3914,554.8878,5,5.13150358
1.16427,1163,580.3914,554.892456,5,4.891561
1.16555,1164,580.3914,554.897949,5,4.98426628
1.16560,1165,580.3914,554.9028,5,4.913374
1.16736,1166,580.3914,554.9083,5,5.087878
1.16917,1167,580.3914,554.9177,5,4.92973375
1.16919,1168,580.3914,554.9226,5,4.95154667
1.17043,1169,580.3914,554.9278,5,4.847935
1.17226,1170,580.3914,554.9334,5,5.109691
1.17227,1171,580.3914,554.937866,5,5.02789259
1.17354,1172,580.3914,554.9427,5,5.016986
1.17356,1173,580.3914,554.9473,5,4.891561
1.17575,1174,580.3914,554.953064,5,4.88065434
1.17723,1175,580.3914,554.958557,5,5.164223
1.17725,1176,580.3914,554.963135,5,5.09878445
1.17843,1177,580.3914,554.9679,5,5.14241028
1.18028,1178,580.3914,554.9726,5,4.88065434
1.18031,1179,580.3914,554.9786,5,4.97335958
1.18151,1180,580.3914,554.983337,5,5.066065
1.18152,1181,580.3914,554.988159,5,5.038799
1.18335,1182,580.3914,554.992737,5,5.05515862
1.18519,1183,580.3914,554.9979,5,4.82612228
1.18521,1184,580.3914,555.0036,5,5.038799
1.18644,1185,580.3914,555.00824,5,5.016986
1.18825,1186,580.3914,555.0135,5,5.09878445
1.18828,1187,580.3914,555.018066,5,4.96245337
1.18951,1188,580.3914,555.02356,5,4.88065434
1.18953,1189,580.3914,555.0287,5,5.02789259
1.19134,1190,580.3914,555.033447,5,4.96245337
1.19323,1191,580.3914,555.038635,5,5.13150358
1.19325,1192,580.3914,555.043457,5,4.98426628
1.19443,1193,580.3914,555.049133,5,5.07697153
1.19626,1194,580.3914,555.05365,5,5.07697153
1.19628,1195,580.3914,555.0586,5,4.98426628
1.19751,1196,580.3914,555.0635,5,5.006079
1.19753,1197,580.3914,555.068665,5,4.858842
1.19934,1198,580.3914,555.0741,5,5.087878
1.20120,1199,580.3914,555.078735,5,5.016986
1.20123,1200,580.3914,555.0838,5,5.05515862
1.20242,1201,580.3914,555.08844,5,4.95154667
1.20427,1202,580.3914,555.094,5,4.94064
1.20428,1203,580.3914,555.098938,5,5.07697153
1.20551,1204,580.3914,555.1037,5,4.97335958
1.20552,1205,580.3914,555.1089,5,5.12059736
1.20733,1206,580.3914,555.1138,5,4.95154667
1.20924,1207,580.3914,555.1192,5,5.02789259
1.20929,1208,580.3914,555.123535,5,4.98426628
1.21045,1209,580.3914,555.1288,5,4.95154667
1.21226,1210,580.3914,555.134033,5,5.07697153
1.21227,1211,580.3914,555.1391,5,4.94064
1.21352,1212,580.3914,555.1439,5,5.087878
1.21354,1213,580.3914,555.1483,5,4.90246725
1.21535,1214,580.3914,555.1541,5,4.995173
1.21718,1215,580.3914,555.159241,5,5.066065
1.21722,1216,580.3914,555.1646,5,5.066065
1.21842,1217,580.3914,555.1687,5,5.038799
1.22028,1218,580.3914,555.1738,5,4.81521559
1.22030,1219,580.3914,555.1797,5,5.006079
1.22152,1220,580.3914,555.1846,5,4.98426628
1.22153,1221,580.3914,555.1895,5,5.180583
1.22334,1222,580.3914,555.1937,5,5.038799
1.22519,1223,580.3914,555.199158,5,4.837029
1.22521,1224,580.3914,555.2047,5,4.96245337
1.22646,1225,580.3914,555.209839,5,4.94064
1.22829,1226,580.3914,555.2141,5,5.164223
1.22830,1227,580.3914,555.218567,5,4.95154667
1.22952,1228,580.3914,555.224,5,4.95154667
1.22955,1229,580.3914,555.228943,5,4.95154667
1.23140,1230,580.3914,555.2343,5,4.995173
1.23322,1231,580.3914,555.2392,5,5.164223
1.23326,1232,580.3914,555.243835,5,4.95154667
1.23446,1233,580.3914,555.2488,5,4.96245337
1.23629,1234,580.3914,555.2537,5,4.837029
1.23632,1235,580.3914,555.25946,5,5.02789259
1.23754,1236,580.3914,555.264038,5,5.066065
1.23755,1237,580.3914,555.268738,5,4.97335958
1.23935,1238,580.3914,555.2734,5,4.95154667
1.24120,1239,580.3914,555.2787,5,4.76613665
1.24123,1240,580.3914,555.284546,5,5.09878445
1.24244,1241,580.3914,555.289063,5,5.087878
1.24427,1242,580.3914,555.293945,5,5.13150358
1.24429,1243,580.3914,555.2984,5,4.96245337
1.24552,1244,580.3914,555.3042,5,4.869748
1.24554,1245,580.3914,555.309448,5,5.087878
1.24739,1246,580.3914,555.314,5,4.995173
1.24919,1247,580.3914,555.3188,5,5.09878445
1.24921,1248,580.3914,555.323547,5,4.847935
1.25042,1249,580.3914,555.3298,5,4.96245337
1.25230,1250,580.3914,555.3345,5,5.05515862
1.25234,1251,580.3914,555.33905,5,5.05515862
1.25351,1252,580.3914,555.3436,5,5.05515862
1.25352,1253,580.3914,555.3488,5,4.837029
1.25533,1254,580.3914,555.3543,5,5.006079
1.25718,1255,580.3914,555.3592,5,4.95154667
1.25720,1256,580.3914,555.364441,5,5.087878
1.25842,1257,580.3914,555.3692,5,5.02789259
1.26027,1258,580.3914,555.374756,5,4.995173
1.26033,1259,580.3914,555.379639,5,5.12059736
1.26152,1260,580.3914,555.384338,5,4.97335958
1.26153,1261,580.3914,555.389343,5,5.038799
1.26337,1262,580.3914,555.3942,5,4.847935
1.26521,1263,580.3914,555.399841,5,5.006079
1.26526,1264,580.3914,555.4044,5,5.038799
1.26644,1265,580.3914,555.4095,5,4.995173
1.26831,1266,580.3914,555.4141,5,5.02789259
1.26834,1267,580.3914,555.419434,5,4.858842
1.26951,1268,580.3914,555.424744,5,5.066065
1.26954,1269,580.3914,555.4293,5,4.97335958
1.27136,1270,580.3914,555.4345,5,5.066065
1.27320,1271,580.3914,555.444763,5,4.96245337
1.27324,1272,580.3914,555.4494,5,5.038799
1.27442,1273,580.3914,555.454163,5,4.891561
1.27627,1274,580.3914,555.4596,5,5.05515862
1.27633,1275,580.3914,555.464539,5,4.96245337
1.27754,1276,580.3914,555.469666,5,5.02789259
1.27756,1277,580.3914,555.473938,5,4.98426628
1.27935,1278,580.3914,555.4794,5,4.891561
1.28123,1279,580.3914,555.4848,5,5.066065
1.28127,1280,580.3914,555.4898,5,5.016986
1.28243,1281,580.3914,555.4943,5,5.09878445
1.28429,1282,580.3914,555.4987,5,4.869748
1.28432,1283,580.3914,555.5047,5,4.913374
1.28551,1284,580.3914,555.5098,5,5.006079
1.28554,1285,580.3914,555.514832,5,5.07697153
1.28736,1286,580.3914,555.5192,5,5.153317
1.28920,1287,580.3914,555.524048,5,4.847935
1.28922,1288,580.3914,555.5296,5,4.92973375
1.29043,1289,580.3914,555.5345,5,4.913374
1.29242,1290,580.3914,555.5398,5,5.09878445
1.29245,1291,580.3914,555.5441,5,5.07697153
1.29352,1292,580.3914,555.5493,5,4.891561
1.29355,1293,580.3914,555.554443,5,4.995173
1.29534,1294,580.3914,555.5596,5,4.913374
1.29722,1295,580.3914,555.5649,5,5.164223
1.29724,1296,580.3914,555.569336,5,5.02789259
1.29842,1297,580.3914,555.574341,5,4.95154667
1.30029,1298,580.3914,555.579041,5,4.891561
1.30032,1299,580.3914,555.584839,5,4.90246725
1.30150,1300,580.3914,555.59,5,5.12059736
1.30152,1301,580.3914,555.594238,5,4.98426628
1.30337,1302,580.3914,555.5991,5,5.016986
1.30522,1303,580.3914,555.603943,5,4.798856
1.30525,1304,580.3914,555.610046,5,4.97335958
1.30643,1305,580.3914,555.614746,5,5.14241028
1.30833,1306,580.3914,555.619568,5,5.09878445
1.30837,1307,580.3914,555.6241,5,5.087878
1.30956,1308,580.3914,555.6294,5,4.82612228
1.30958,1309,580.3914,555.635132,5,5.02789259
1.31139,1310,580.3914,555.639648,5,5.006079
1.31321,1311,580.3914,555.6446,5,5.087878
1.31325,1312,580.3914,555.649048,5,4.97335958
1.31444,1313,580.3914,555.6547,5,4.858842
1.31630,1314,580.3914,555.660156,5,5.07697153
1.31633,1315,580.3914,555.665,5,5.006079
1.31752,1316,580.3914,555.6697,5,5.087878
1.31754,1317,580.3914,555.6745,5,4.869748
1.31936,1318,580.3914,555.6805,5,4.92973375
1.32120,1319,580.3914,555.6851,5,4.98426628
1.32122,1320,580.3914,555.6903,5,5.006079
1.32245,1321,580.3914,555.6951,5,5.12059736
1.32426,1322,580.3914,555.700439,5,4.95154667
1.32428,1323,580.3914,555.7056,5,5.109691
1.32566,1324,580.3914,555.7102,5,5.016986
1.32568,1325,580.3914,555.7153,5,5.006079
1.32743,1326,580.3914,555.72,5,4.95154667
1.32921,1327,580.3914,555.725342,5,4.90246725
1.32926,1328,580.3914,555.7302,5,5.087878
1.33045,1329,580.3914,555.735,5,5.006079
1.33227,1330,580.3914,555.7399,5,5.066065
1.33230,1331,580.3914,555.7448,5,4.891561
1.33352,1332,580.3914,555.750366,5,4.98426628
1.33355,1333,580.3914,555.754944,5,5.016986
1.33536,1334,580.3914,555.7601,5,4.98426628
1.33722,1335,580.3914,555.765,5,5.087878
1.33725,1336,580.3914,555.7702,5,4.913374
1.33852,1337,580.3914,555.7752,5,5.05515862
1.34029,1338,580.3914,555.7796,5,4.913374
1.34031,1339,580.3914,555.7851,5,4.97335958
1.34152,1340,580.3914,555.790039,5,5.016986
1.34153,1341,580.3914,555.7952,5,4.95154667
1.34338,1342,580.3914,555.799744,5,5.066065
1.34526,1343,580.3914,555.8046,5,4.858842
1.34531,1344,580.3914,555.810364,5,5.038799
1.34644,1345,580.3914,555.8153,5,5.02789259
1.34830,1346,580.3914,555.8202,5,5.087878
1.34832,1347,580.3914,555.824341,5,4.98426628
1.34951,1348,580.3914,555.829956,5,4.82612228
1.34952,1349,580.3914,555.8354,5,5.006079
1.35137,1350,580.3914,555.840332,5,4.98426628
1.35318,1351,580.3914,555.845032,5,5.180583
1.35320,1352,580.3914,555.8494,5,4.95154667
1.35442,1353,580.3914,555.855042,5,4.869748
1.35631,1354,580.3914,555.8601,5,4.92973375
1.35633,1355,580.3914,555.8653,5,4.98426628
1.35752,1356,580.3914,555.8699,5,5.153317
1.35754,1357,580.3914,555.874634,5,4.90246725
1.35936,1358,580.3914,555.879944,5,4.96245337
1.36120,1359,580.3914,555.8848,5,4.913374
1.36124,1360,580.3914,555.890442,5,5.05515862
1.36247,1361,580.3914,555.8949,5,5.12059736
1.36430,1362,580.3914,555.8997,5,4.94064
1.36434,1363,580.3914,555.9046,5,4.95154667
1.36552,1364,580.3914,555.9099,5,4.82612228
1.36555,1365,580.3914,555.915466,5,5.07697153
1.36739,1366,580.3914,555.9198,5,5.02789259
1.36921,1367,580.3914,555.92926,5,4.891561
1.36923,1368,580.3914,555.935059,5,4.81521559
1.37045,1369,580.3914,555.9405,5,5.14241028
1.37226,1370,580.3914,555.945,5,5.07697153
1.37228,1371,580.3914,555.9497,5,5.14241028
1.37353,1372,580.3914,555.9544,5,4.891561
1.37355,1373,580.3914,555.9604,5,4.90246725
1.37572,1374,580.3914,555.9552,5,5.05515862
1.37721,1375,580.3914,555.9699,5,5.006079
1.37724,1376,580.3914,555.974731,5,5.066065
1.37843,1377,580.3914,555.9797,5,4.81521559
1.38028,1378,580.3914,555.985352,5,4.995173
1.38031,1379,580.3914,555.9903,5,5.006079
1.38152,1380,580.3914,555.9952,5,5.05515862
1.38154,1381,580.3914,555.9997,5,4.98426628
1.38336,1382,580.3914,556.005249,5,4.837029
1.38520,1383,580.3914,556.010254,5,5.016986
1.38523,1384,580.3914,556.0151,5,4.95154667
1.38643,1385,580.3914,556.0202,5,5.109691
1.38828,1386,580.3914,556.025,5,4.995173
1.38833,1387,580.3914,556.03064,5,5.016986
1.38952,1388,580.3914,556.0352,5,5.087878
1.38953,1389,580.3914,556.0402,5,4.96245337
1.39138,1390,580.3914,556.045,5,5.02789259
1.39320,1391,580.3914,556.0502,5,4.837029
1.39326,1392,580.3914,556.0556,5,5.038799
1.39445,1393,580.3914,556.0601,5,5.016986
1.39630,1394,580.3914,556.065247,5,5.006079
1.39632,1395,580.3914,556.0699,5,4.995173
1.39751,1396,580.3914,556.0754,5,4.88065434
1.39754,1397,580.3914,556.0804,5,5.07697153
1.39939,1398,580.3914,556.0851,5,4.96245337
1.40117,1399,580.3914,556.0903,5,5.087878
1.40119,1400,580.3914,556.095154,5,4.98426628
1.40248,1401,580.3914,556.100647,5,4.995173
1.40431,1402,580.3914,556.105,5,5.006079
1.40434,1403,580.3914,556.110168,5,4.913374
1.40552,1404,580.3914,556.115356,5,5.066065
1.40554,1405,580.3914,556.1204,5,4.94064
1.40742,1406,580.3914,556.1253,5,5.066065
1.40923,1407,580.3914,556.1297,5,4.94064
1.40926,1408,580.3914,556.135437,5,4.92973375
1.41043,1409,580.3914,556.140564,5,5.07697153
1.41229,1410,580.3914,556.1456,5,5.02789259
1.41233,1411,580.3914,556.149841,5,5.087878
1.41351,1412,580.3914,556.1547,5,4.837029
1.41353,1413,580.3914,556.160645,5,4.95154667
1.41536,1414,580.3914,556.1656,5,4.995173
1.41719,1415,580.3914,556.170837,5,5.109691
1.41721,1416,580.3914,556.175049,5,5.109691
1.41845,1417,580.3914,556.1805,5,4.82612228
1.42027,1418,580.3914,556.1857,5,4.95154667
1.42030,1419,580.3914,556.190735,5,4.913374
1.42151,1420,580.3914,556.196,5,5.13150358
1.42152,1421,580.3914,556.200439,5,5.016986
1.42340,1422,580.3914,556.2059,5,4.913374
1.42520,1423,580.3914,556.2105,5,4.97335958
1.42524,1424,580.3914,556.2159,5,4.94064
1.42647,1425,580.3914,556.220764,5,5.191489
1.42838,1426,580.3914,556.225037,5,4.98426628
1.42844,1427,580.3914,556.230042,5,4.95154667
1.42952,1428,580.3914,556.2349,5,4.869748
1.42954,1429,580.3914,556.240845,5,4.96245337
1.43136,1430,580.3914,556.2454,5,5.13150358
1.43318,1431,580.3914,556.2501,5,5.006079
1.43320,1432,580.3914,556.2548,5,5.016986
1.43447,1433,580.3914,556.2601,5,4.78794956
1.43626,1434,580.3914,556.266,5,5.05515862
1.43628,1435,580.3914,556.270569,5,5.13150358
1.43754,1436,580.3914,556.275452,5,5.12059736
1.43756,1437,580.3914,556.2799,5,5.05515862
1.43939,1438,580.3914,556.2857,5,4.847935
1.44120,1439,580.3914,556.2912,5,5.087878
1.44122,1440,580.3914,556.295532,5,5.006079
1.44247,1441,580.3914,556.3006,5,5.109691
1.44436,1442,580.3914,556.3054,5,4.913374
1.44441,1443,580.3914,556.3112,5,4.891561
1.44552,1444,580.3914,556.3157,5,5.066065
1.44555,1445,580.3914,556.320862,5,5.016986
1.44742,1446,580.3914,556.3254,5,5.066065
1.44923,1447,580.3914,556.3307,5,4.847935
1.44926,1448,580.3914,556.3361,5,4.97335958
1.45045,1449,580.3914,556.3407,5,4.96245337
1.45232,1450,580.3914,556.3459,5,5.038799
1.45235,1451,580.3914,556.350647,5,5.087878
1.45351,1452,580.3914,556.356262,5,4.96245337
1.45352,1453,580.3914,556.3611,5,5.13150358
1.45538,1454,580.3914,556.365845,5,4.98426628
1.45719,1455,580.3914,556.3708,5,5.02789259
1.45721,1456,580.3914,556.3757,5,4.90246725
1.45842,1457,580.3914,556.381348,5,4.95154667
1.46028,1458,580.3914,556.3859,5,5.07697153
1.46030,1459,580.3914,556.390869,5,4.995173
1.46151,1460,580.3914,556.3956,5,5.05515862
1.46153,1461,580.3914,556.40094,5,4.858842
1.46341,1462,580.3914,556.40625,5,5.016986
1.46532,1463,580.3914,556.410767,5,4.98426628
1.46536,1464,580.3914,556.415955,5,5.016986
1.46644,1465,580.3914,556.4208,5,5.05515862
1.46829,1466,580.3914,556.4263,5,4.92973375
1.46832,1467,580.3914,556.430847,5,5.066065
1.46951,1468,580.3914,556.4356,5,4.891561
1.46953,1469,580.3914,556.44104,5,5.016986
1.47137,1470,580.3914,556.4511,5,4.97335958
1.47319,1471,580.3914,556.455444,5,5.02789259
1.47321,1472,580.3914,556.460754,5,4.858842
1.47442,1473,580.3914,556.466248,5,5.05515862
1.47629,1474,580.3914,556.471252,5,5.02789259
1.47632,1475,580.3914,556.4757,5,5.09878445
1.47753,1476,580.3914,556.480164,5,4.92973375
1.47758,1477,580.3914,556.486,5,4.847935
1.47937,1478,580.3914,556.4915,5,5.006079
1.48123,1479,580.3914,556.496155,5,5.006079
1.48126,1480,580.3914,556.5006,5,5.180583
1.48244,1481,580.3914,556.5054,5,4.891561
1.48429,1482,580.3914,556.511,5,4.891561
1.48433,1483,580.3914,556.515869,5,4.913374
1.48553,1484,580.3914,556.521057,5,5.016986
1.48555,1485,580.3914,556.525452,5,5.109691
1.48738,1486,580.3914,556.5306,5,4.88065434
1.48918,1487,580.3914,556.535767,5,4.97335958
1.48920,1488,580.3914,556.540833,5,4.891561
1.49046,1489,580.3914,556.5462,5,5.09878445
1.49241,1490,580.3914,556.5506,5,5.087878
1.49247,1491,580.3914,556.555542,5,4.92973375
1.49354,1492,580.3914,556.5603,5,4.913374
1.49356,1493,580.3914,556.565857,5,4.837029
1.49542,1494,580.3914,556.571045,5,5.087878
1.49722,1495,580.3914,556.575439,5,4.995173
1.49728,1496,580.3914,556.5803,5,4.995173
1.49842,1497,580.3914,556.584961,5,4.837029
1.50032,1498,580.3914,556.591,5,4.847935
1.50036,1499,580.3914,556.595947,5,5.14241028
1.50152,1500,580.3914,556.600952,5,5.066065
1.50154,1501,580.3914,556.6052,5,5.109691
1.50338,1502,580.3914,556.610657,5,4.847935
1.50518,1503,580.3914,556.6164,5,4.92973375
1.50520,1504,580.3914,556.62085,5,5.02789259
1.50643,1505,580.3914,556.625732,5,5.006079
1.50830,1506,580.3914,556.630249,5,5.006079
1.50833,1507,580.3914,556.635742,5,4.777043
1.50957,1508,580.3914,556.641,5,4.98426628
1.50961,1509,580.3914,556.6457,5,4.97335958
1.51142,1510,580.3914,556.650452,5,5.038799
1.51320,1511,580.3914,556.655,5,4.92973375
1.51322,1512,580.3914,556.6607,5,4.81521559
1.51446,1513,580.3914,556.665466,5,4.98426628
1.51631,1514,580.3914,556.670349,5,4.913374
1.51634,1515,580.3914,556.675354,5,5.07697153
1.51751,1516,580.3914,556.6803,5,4.94064
1.51753,1517,580.3914,556.685852,5,4.995173
1.51939,1518,580.3914,556.690552,5,5.066065
1.52118,1519,580.3914,556.6956,5,4.94064
1.52122,1520,580.3914,556.7003,5,4.995173
1.52243,1521,580.3914,556.70575,5,4.81521559
1.52428,1522,580.3914,556.7109,5,5.016986
1.52431,1523,580.3914,556.7156,5,4.995173
1.52565,1524,580.3914,556.7205,5,4.995173
1.52568,1525,580.3914,556.7252,5,4.97335958
1.52737,1526,580.3914,556.730835,5,4.869748
1.52931,1527,580.3914,556.7356,5,5.05515862
1.52935,1528,580.3914,556.7402,5,4.95154667
1.53045,1529,580.3914,556.745239,5,5.07697153
1.53231,1530,580.3914,556.7502,5,4.98426628
1.53238,1531,580.3914,556.7556,5,4.995173
1.53353,1532,580.3914,556.759949,5,5.02789259
1.53355,1533,580.3914,556.7654,5,4.94064
1.53537,1534,580.3914,556.770569,5,5.09878445
1.53716,1535,580.3914,556.775757,5,5.006079
1.53717,1536,580.3914,556.7806,5,5.14241028
1.53843,1537,580.3914,556.7853,5,5.016986
1.54032,1538,580.3914,556.7912,5,5.066065
1.54036,1539,580.3914,556.7963,5,5.164223
1.54152,1540,580.3914,556.8013,5,5.13150358
1.54153,1541,580.3914,556.8055,5,5.14241028
1.54336,1542,580.3914,556.811,5,4.90246725
1.54519,1543,580.3914,556.81665,5,5.05515862
1.54521,1544,580.3914,556.821655,5,5.038799
1.54644,1545,580.3914,556.826355,5,5.202396
1.54831,1546,580.3914,556.83075,5,5.087878
1.54835,1547,580.3914,556.8364,5,4.858842
1.54954,1548,580.3914,556.841431,5,4.97335958
1.54959,1549,580.3914,556.8467,5,4.94064
1.55139,1550,580.3914,556.851257,5,5.164223
1.55316,1551,580.3914,556.855957,5,4.96245337
1.55317,1552,580.3914,556.8613,5,4.94064
1.55442,1553,580.3914,556.8662,5,4.95154667
1.55627,1554,580.3914,556.871765,5,4.98426628
1.55629,1555,580.3914,556.876343,5,5.164223
1.55755,1556,580.3914,556.8811,5,4.95154667
1.55758,1557,580.3914,556.886,5,4.96245337
1.55937,1558,580.3914,556.8912,5,4.837029
1.56120,1559,580.3914,556.896851,5,5.006079
1.56121,1560,580.3914,556.9012,5,5.066065
1.56246,1561,580.3914,556.906067,5,4.97335958
1.56428,1562,580.3914,556.910645,5,4.95154667
1.56432,1563,580.3914,556.9163,5,4.75523
1.56552,1564,580.3914,556.9218,5,5.087878
1.56553,1565,580.3914,556.9263,5,5.07697153
1.56736,1566,580.3914,556.931335,5,5.109691
1.56918,1567,580.3914,556.942,5,4.837029
1.56919,1568,580.3914,556.9468,5,5.07697153
1.57044,1569,580.3914,556.951538,5,4.995173
1.57226,1570,580.3914,556.9561,5,5.09878445
1.57228,1571,580.3914,556.9613,5,4.858842
1.57351,1572,580.3914,556.967,5,4.913374
1.57353,1573,580.3914,556.971558,5,5.038799
1.57580,1574,580.3914,556.9765,5,5.016986
1.57718,1575,580.3914,556.981,5,5.038799
1.57721,1576,580.3914,556.9866,5,4.82612228
1.57844,1577,580.3914,556.9919,5,4.995173
1.58026,1578,580.3914,556.996338,5,4.95154667
1.58029,1579,580.3914,557.0015,5,5.07697153
1.58151,1580,580.3914,557.0064,5,5.066065
1.58153,1581,580.3914,557.012,5,4.98426628
1.58338,1582,580.3914,557.0166,5,5.13150358
1.58516,1583,580.3914,557.0216,5,4.98426628
1.58518,1584,580.3914,557.0264,5,5.05515862
1.58643,1585,580.3914,557.031555,5,4.88065434
1.58828,1586,580.3914,557.037048,5,4.995173
1.58829,1587,580.3914,557.0416,5,5.05515862
1.58954,1588,580.3914,557.0467,5,4.995173
1.58956,1589,580.3914,557.0514,5,5.038799
1.59140,1590,580.3914,557.0569,5,4.869748
1.59320,1591,580.3914,557.0619,5,5.066065
1.59322,1592,580.3914,557.0666,5,4.98426628
1.59450,1593,580.3914,557.071838,5,5.066065
1.59627,1594,580.3914,557.07666,5,5.02789259
1.59628,1595,580.3914,557.0821,5,4.96245337
1.59754,1596,580.3914,557.0865,5,5.066065
1.59757,1597,580.3914,557.091736,5,4.891561
1.59937,1598,580.3914,557.0969,5,5.05515862
1.60116,1599,580.3914,557.1019,5,4.97335958
1.60117,1600,580.3914,557.1069,5,5.02789259
1.60244,1601,580.3914,557.1113,5,5.006079
1.60425,1602,580.3914,557.117065,5,4.90246725
1.60428,1603,580.3914,557.1222,5,5.07697153
1.60552,1604,580.3914,557.127136,5,5.02789259
1.60555,1605,580.3914,557.1314,5,5.09878445
1.60738,1606,580.3914,557.1363,5,4.88065434
1.60923,1607,580.3914,557.1422,5,4.90246725
1.60926,1608,580.3914,557.147156,5,5.016986
1.61044,1609,580.3914,557.152161,5,5.066065
1.61227,1610,580.3914,557.1564,5,5.164223
1.61228,1611,580.3914,557.1617,5,4.858842
1.61351,1612,580.3914,557.167053,5,4.94064
1.61353,1613,580.3914,557.172058,5,4.92973375
1.61536,1614,580.3914,557.177368,5,5.09878445
1.61717,1615,580.3914,557.181458,5,5.087878
1.61718,1616,580.3914,557.1869,5,4.891561
1.61844,1617,580.3914,557.192139,5,4.995173
1.62026,1618,580.3914,557.1976,5,4.913374
1.62028,1619,580.3914,557.202454,5,5.164223
1.62151,1620,580.3914,557.207031,5,5.02789259
1.62153,1621,580.3914,557.212036,5,4.94064
1.62333,1622,580.3914,557.217,5,4.90246725
1.62516,1623,580.3914,557.2228,5,4.90246725
1.62518,1624,580.3914,557.227051,5,5.13150358
1.62645,1625,580.3914,557.23175,5,4.995173
1.62825,1626,580.3914,557.2364,5,5.02789259
1.62827,1627,580.3914,557.2417,5,4.798856
1.62954,1628,580.3914,557.2479,5,4.97335958
1.62958,1629,580.3914,557.2522,5,5.153317
1.63135,1630,580.3914,557.2574,5,5.12059736
1.63316,1631,580.3914,557.261658,5,5.12059736
1.63318,1632,580.3914,557.2675,5,4.891561
1.63448,1633,580.3914,557.2729,5,5.109691
1.63628,1634,580.3914,557.2779,5,5.087878
1.63629,1635,580.3914,557.282654,5,5.180583
1.63752,1636,580.3914,557.2877,5,5.066065
1.63754,1637,580.3914,557.2936,5,4.98426628
1.63934,1638,580.3914,557.29834,5,5.153317
1.64122,1639,580.3914,557.303345,5,5.09878445
1.64127,1640,580.3914,557.3079,5,5.14241028
1.64245,1641,580.3914,557.3134,5,4.94064
1.64438,1642,580.3914,557.3186,5,5.038799
1.64440,1643,580.3914,557.323364,5,5.016986
1.64553,1644,580.3914,557.3287,5,5.087878
1.64556,1645,580.3914,557.333435,5,5.12059736
1.64735,1646,580.3914,557.3391,5,4.995173
1.64919,1647,580.3914,557.344,5,5.153317
1.64921,1648,580.3914,557.348633,5,5.006079
1.65046,1649,580.3914,557.3535,5,5.038799
1.65228,1650,580.3914,557.358643,5,4.90246725
1.65231,1651,580.3914,557.3642,5,4.97335958
1.65352,1652,580.3914,557.3687,5,5.066065
1.65354,1653,580.3914,557.3738,5,5.006079
1.65535,1654,580.3914,557.3784,5,5.05515862
1.65716,1655,580.3914,557.384,5,4.869748
1.65718,1656,580.3914,557.389038,5,5.038799
1.65842,1657,580.3914,557.3936,5,4.995173
1.66026,1658,580.3914,557.398865,5,5.02789259
1.66028,1659,580.3914,557.4037,5,5.038799
1.66155,1660,580.3914,557.4092,5,4.95154667
1.66157,1661,580.3914,557.4136,5,5.066065
1.66334,1662,580.3914,557.4187,5,4.90246725
1.66516,1663,580.3914,557.42395,5,5.038799
1.66518,1664,580.3914,557.428955,5,4.98426628
1.66644,1665,580.3914,557.433838,5,4.995173
1.66826,1666,580.3914,557.4383,5,5.016986
1.66829,1667,580.3914,557.4439,5,4.869748
1.66954,1668,580.3914,557.449158,5,5.07697153
1.66958,1669,580.3914,557.454163,5,5.016986
1.67134,1670,580.3914,557.463257,5,4.90246725
1.67316,1671,580.3914,557.469238,5,4.869748
1.67318,1672,580.3914,557.4741,5,5.016986
1.67442,1673,580.3914,557.4792,5,5.02789259
1.67627,1674,580.3914,557.4834,5,5.191489
1.67631,1675,580.3914,557.4887,5,4.891561
1.67757,1676,580.3914,557.494,5,4.92973375
1.67762,1677,580.3914,557.499,5,4.95154667
1.67935,1678,580.3914,557.50415,5,5.07697153
1.68119,1679,580.3914,557.508545,5,5.109691
1.68122,1680,580.3914,557.514,5,4.90246725
1.68245,1681,580.3914,557.5189,5,5.006079
1.68426,1682,580.3914,557.5243,5,4.913374
1.68427,1683,580.3914,557.5293,5,5.153317
1.68554,1684,580.3914,557.5339,5,5.066065
1.68557,1685,580.3914,557.5388,5,4.96245337
1.68733,1686,580.3914,557.5437,5,4.94064
1.68916,1687,580.3914,557.549561,5,4.88065434
1.68917,1688,580.3914,557.554138,5,5.13150358
1.69042,1689,580.3914,557.559143,5,4.995173
1.69232,1690,580.3914,557.5635,5,5.016986
1.69234,1691,580.3914,557.5687,5,4.82612228
1.69354,1692,580.3914,557.5747,5,4.92973375
1.69358,1693,580.3914,557.5792,5,5.153317
1.69535,1694,580.3914,557.584351,5,5.087878
1.69717,1695,580.3914,557.588867,5,5.09878445
1.69718,1696,580.3914,557.594666,5,4.82612228
1.69844,1697,580.3914,557.599854,5,5.006079
1.70025,1698,580.3914,557.604431,5,5.016986
1.70027,1699,580.3914,557.609131,5,5.066065
1.70152,1700,580.3914,557.614,5,4.995173
1.70155,1701,580.3914,557.6198,5,4.82612228
1.70335,1702,580.3914,557.6246,5,5.05515862
1.70519,1703,580.3914,557.629456,5,5.006079
1.70521,1704,580.3914,557.634033,5,5.087878
1.70642,1705,580.3914,557.6392,5,4.90246725
1.70825,1706,580.3914,557.645,5,4.913374
1.70827,1707,580.3914,557.6493,5,5.006079
1.70954,1708,580.3914,557.6545,5,4.98426628
1.70958,1709,580.3914,557.659241,5,5.13150358
1.71136,1710,580.3914,557.664856,5,4.95154667
1.71319,1711,580.3914,557.669739,5,5.09878445
1.71323,1712,580.3914,557.674438,5,5.038799
1.71444,1713,580.3914,557.679443,5,4.995173
1.71627,1714,580.3914,557.6842,5,4.96245337
1.71628,1715,580.3914,557.689941,5,4.891561
1.71752,1716,580.3914,557.6951,5,5.087878
1.71753,1717,580.3914,557.6995,5,5.006079
1.71934,1718,580.3914,557.7043,5,5.07697153
1.72121,1719,580.3914,557.709839,5,4.913374
1.72125,1720,580.3914,557.7153,5,4.97335958
1.72242,1721,580.3914,557.7198,5,5.038799
1.72425,1722,580.3914,557.725,5,4.97335958
1.72426,1723,580.3914,557.7298,5,5.109691
1.72573,1724,580.3914,557.7356,5,4.92973375
1.72577,1725,580.3914,557.7401,5,5.05515862
1.72736,1726,580.3914,557.745056,5,4.94064
1.72918,1727,580.3914,557.750366,5,4.97335958
1.72921,1728,580.3914,557.7547,5,5.038799
1.73043,1729,580.3914,557.7599,5,4.95154667
1.73227,1730,580.3914,557.76416,5,5.087878
1.73230,1731,580.3914,557.7696,5,4.869748
1.73352,1732,580.3914,557.7751,5,5.038799
1.73353,1733,580.3914,557.7801,5,5.05515862
1.73534,1734,580.3914,557.7846,5,5.09878445
1.73719,1735,580.3914,557.789,5,5.02789259
1.73722,1736,580.3914,557.7954,5,4.847935
1.73842,1737,580.3914,557.8002,5,5.02789259
1.74025,1738,580.3914,557.8052,5,5.006079
1.74028,1739,580.3914,557.8096,5,5.202396
1.74151,1740,580.3914,557.814453,5,4.995173
1.74152,1741,580.3914,557.820068,5,4.869748
1.74336,1742,580.3914,557.824951,5,4.95154667
1.74520,1743,580.3914,557.8302,5,4.98426628
1.74523,1744,580.3914,557.834534,5,5.153317
1.74643,1745,580.3914,557.8398,5,4.913374
1.74828,1746,580.3914,557.844849,5,4.96245337
1.74830,1747,580.3914,557.85,5,4.92973375
1.74953,1748,580.3914,557.855347,5,5.05515862
1.74955,1749,580.3914,557.8597,5,5.14241028
1.75135,1750,580.3914,557.8647,5,4.94064
1.75320,1751,580.3914,557.8695,5,4.95154667
1.75323,1752,580.3914,557.875549,5,4.837029
1.75442,1753,580.3914,557.8802,5,5.066065
1.75627,1754,580.3914,557.884949,5,5.02789259
1.75630,1755,580.3914,557.8897,5,4.98426628
1.75752,1756,580.3914,557.894958,5,4.891561
1.75755,1757,580.3914,557.9003,5,4.798856
1.75946,1758,580.3914,557.905151,5,5.153317
1.76119,1759,580.3914,557.9102,5,5.07697153
1.76122,1760,580.3914,557.9146,5,5.12059736
1.76243,1761,580.3914,557.920044,5,4.90246725
1.76427,1762,580.3914,557.9257,5,4.891561
1.76429,1763,580.3914,557.9302,5,5.066065
1.76562,1764,580.3914,557.935059,5,5.016986
1.76563,1765,580.3914,557.939636,5,5.066065
1.76736,1766,580.3914,557.9454,5,4.82612228
1.76920,1767,580.3914,557.9505,5,4.98426628
1.76924,1768,580.3914,557.9552,5,5.02789259
1.77042,1769,580.3914,557.959961,5,5.066065
1.77228,1770,580.3914,557.9648,5,4.995173
1.77231,1771,580.3914,557.9751,5,5.02789259
1.77351,1772,580.3914,557.980164,5,4.96245337
1.77352,1773,580.3914,557.9851,5,5.12059736
1.77576,1774,580.3914,557.990356,5,4.995173
1.77722,1775,580.3914,557.995667,5,5.016986
1.77724,1776,580.3914,558.0002,5,5.09878445
1.77845,1777,580.3914,558.0052,5,4.96245337
1.78027,1778,580.3914,558.0099,5,5.016986
1.78030,1779,580.3914,558.0155,5,4.847935
1.78151,1780,580.3914,558.020447,5,5.02789259
1.78153,1781,580.3914,558.0252,5,5.016986
1.78337,1782,580.3914,558.030151,5,5.016986
1.78519,1783,580.3914,558.035034,5,4.995173
1.78521,1784,580.3914,558.040649,5,4.891561
1.78644,1785,580.3914,558.0452,5,5.07697153
1.78828,1786,580.3914,558.0503,5,4.97335958
1.78832,1787,580.3914,558.0553,5,5.09878445
1.78954,1788,580.3914,558.0605,5,4.995173
1.78957,1789,580.3914,558.065552,5,5.006079
1.79139,1790,580.3914,558.070068,5,5.016986
1.79322,1791,580.3914,558.0756,5,4.92973375
1.79325,1792,580.3914,558.0805,5,5.087878
1.79444,1793,580.3914,558.0857,5,4.95154667
1.79626,1794,580.3914,558.0902,5,5.087878
1.79628,1795,580.3914,558.0951,5,4.95154667
1.79752,1796,580.3914,558.1009,5,4.95154667
1.79754,1797,580.3914,558.1059,5,5.087878
1.79937,1798,580.3914,558.110657,5,5.038799
1.80122,1799,580.3914,558.114868,5,5.087878
1.80126,1800,580.3914,558.1205,5,4.847935
1.80243,1801,580.3914,558.126,5,4.97335958
1.80429,1802,580.3914,558.1309,5,4.995173
1.80432,1803,580.3914,558.1356,5,5.13150358
1.80552,1804,580.3914,558.14,5,5.109691
1.80553,1805,580.3914,558.145752,5,4.837029
1.80734,1806,580.3914,558.150635,5,4.96245337
1.80926,1807,580.3914,558.1559,5,4.92973375
1.80933,1808,580.3914,558.160461,5,5.14241028
1.81043,1809,580.3914,558.1653,5,5.006079
1.81231,1810,580.3914,558.1707,5,4.92973375
1.81233,1811,580.3914,558.1756,5,4.97335958
1.81352,1812,580.3914,558.1811,5,4.95154667
1.81353,1813,580.3914,558.185852,5,5.191489
1.81541,1814,580.3914,558.1905,5,4.98426628
1.81720,1815,580.3914,558.1956,5,4.96245337
1.81722,1816,580.3914,558.20105,5,4.858842
1.81842,1817,580.3914,558.2064,5,4.97335958
1.82029,1818,580.3914,558.2108,5,5.109691
1.82032,1819,580.3914,558.2157,5,4.98426628
1.82152,1820,580.3914,558.2203,5,4.98426628
1.82154,1821,580.3914,558.2267,5,4.76613665
1.82336,1822,580.3914,558.2317,5,5.05515862
1.82518,1823,580.3914,558.2364,5,5.09878445
1.82521,1824,580.3914,558.2409,5,5.12059736
1.82644,1825,580.3914,558.246,5,5.016986
1.82830,1826,580.3914,558.251831,5,4.837029
1.82832,1827,580.3914,558.2564,5,5.07697153
1.82952,1828,580.3914,558.261,5,4.98426628
1.82953,1829,580.3914,558.265564,5,5.09878445
1.83136,1830,580.3914,558.270935,5,4.90246725
1.83316,1831,580.3914,558.2764,5,4.891561
1.83319,1832,580.3914,558.281067,5,5.07697153
1.83443,1833,580.3914,558.2859,5,5.016986
1.83629,1834,580.3914,558.2904,5,5.05515862
1.83631,1835,580.3914,558.296,5,4.81521559
1.83762,1836,580.3914,558.300964,5,4.95154667
1.83768,1837,580.3914,558.3057,5,4.92973375
1.83938,1838,580.3914,558.310852,5,5.006079
1.84119,1839,580.3914,558.3157,5,5.05515862
1.84124,1840,580.3914,558.3213,5,4.913374
1.84244,1841,580.3914,558.3258,5,5.09878445
1.84430,1842,580.3914,558.33075,5,4.96245337
1.84433,1843,580.3914,558.335449,5,4.995173
1.84558,1844,580.3914,558.3407,5,4.88065434
1.84563,1845,580.3914,558.346069,5,4.913374
1.84736,1846,580.3914,558.350647,5,5.05515862
1.84919,1847,580.3914,558.3557,5,4.97335958
1.84921,1848,580.3914,558.360352,5,5.05515862
1.85042,1849,580.3914,558.3659,5,4.858842
1.85230,1850,580.3914,558.37085,5,5.006079
1.85234,1851,580.3914,558.3756,5,4.995173
1.85353,1852,580.3914,558.3808,5,4.995173
1.85354,1853,580.3914,558.3856,5,5.07697153
1.85539,1854,580.3914,558.391052,5,4.92973375
1.85722,1855,580.3914,558.395447,5,5.07697153
1.85724,1856,580.3914,558.4007,5,4.913374
1.85845,1857,580.3914,558.4059,5,5.02789259
1.86028,1858,580.3914,558.41095,5,5.016986
1.86032,1859,580.3914,558.415833,5,4.98426628
1.86154,1860,580.3914,558.4203,5,5.05515862
1.86155,1861,580.3914,558.426147,5,4.88065434
1.86336,1862,580.3914,558.4313,5,5.087878
1.86521,1863,580.3914,558.4363,5,5.05515862
1.86524,1864,580.3914,558.4404,5,5.12059736
1.86643,1865,580.3914,558.445557,5,4.96245337
1.86828,1866,580.3914,558.4514,5,4.88065434
1.86831,1867,580.3914,558.4564,5,5.038799
1.86950,1868,580.3914,558.4613,5,5.05515862
1.86953,1869,580.3914,558.471,5,4.913374
1.87135,1870,580.3914,558.4762,5,4.92973375
1.87318,1871,580.3914,558.4813,5,4.94064
1.87322,1872,580.3914,558.486267,5,5.066065
1.87443,1873,580.3914,558.490845,5,5.14241028
1.87629,1874,580.3914,558.490845,5,5.14241028
1.87632,1875,580.3914,558.5012,5,5.02789259
1.87751,1876,580.3914,558.5067,5,4.92973375
1.87753,1877,580.3914,558.5115,5,5.153317
1.87938,1878,580.3914,558.5162,5,5.09878445
1.88120,1879,580.3914,558.511169,5,4.95154667
1.88123,1880,580.3914,558.5265,5,4.94064
1.88242,1881,580.3914,558.532166,5,4.88065434
1.88428,1882,580.3914,558.53656,5,5.13150358
1.88430,1883,580.3914,558.541443,5,5.006079
1.88552,1884,580.3914,558.546,5,5.02789259
1.88553,1885,580.3914,558.5516,5,4.82612228
1.88737,1886,580.3914,558.557251,5,4.90246725
1.88917,1887,580.3914,558.5617,5,5.153317
1.88921,1888,580.3914,558.5665,5,5.066065
1.89044,1889,580.3914,558.571045,5,5.09878445
1.89240,1890,580.3914,558.576965,5,4.837029
1.89242,1891,580.3914,558.582,5,4.98426628
1.89354,1892,580.3914,558.5867,5,5.016986
1.89356,1893,580.3914,558.5913,5,5.05515862
1.89536,1894,580.3914,558.5963,5,4.995173
1.89722,1895,580.3914,558.602051,5,4.81521559
1.89727,1896,580.3914,558.6067,5,5.038799
1.89843,1897,580.3914,558.6116,5,4.995173
1.90028,1898,580.3914,558.61615,5,5.087878
1.90031,1899,580.3914,558.6215,5,4.92973375
1.90151,1900,580.3914,558.626831,5,4.90246725
1.90153,1901,580.3914,558.631531,5,5.016986
1.90339,1902,580.3914,558.6367,5,4.97335958
1.90517,1903,580.3914,558.641541,5,5.13150358
1.90519,1904,580.3914,558.647156,5,4.96245337
1.90642,1905,580.3914,558.651855,5,5.09878445
1.90828,1906,580.3914,558.6567,5,5.066065
1.90831,1907,580.3914,558.6616,5,4.995173
1.90956,1908,580.3914,558.6666,5,4.995173
1.90959,1909,580.3914,558.672241,5,4.88065434
1.91137,1910,580.3914,558.6768,5,5.09878445
1.91319,1911,580.3914,558.6818,5,5.006079
1.91321,1912,580.3914,558.6865,5,5.066065
1.91445,1913,580.3914,558.691956,5,4.92973375
1.91625,1914,580.3914,558.697449,5,4.96245337
1.91626,1915,580.3914,558.7021,5,5.05515862
1.91755,1916,580.3914,558.7073,5,4.98426628
1.91758,1917,580.3914,558.712158,5,5.12059736
1.91939,1918,580.3914,558.717651,5,4.92973375
1.92121,1919,580.3914,558.722046,5,5.066065
1.92124,1920,580.3914,558.7272,5,4.96245337
1.92243,1921,580.3914,558.7327,5,4.97335958
1.92425,1922,580.3914,558.737732,5,5.066065
1.92427,1923,580.3914,558.742432,5,4.95154667
1.92561,1924,580.3914,558.746765,5,5.087878
1.92563,1925,580.3914,558.752441,5,4.88065434
1.92740,1926,580.3914,558.758,5,5.016986
1.92922,1927,580.3914,558.7624,5,5.05515862
1.92926,1928,580.3914,558.7667,5,5.087878
1.93043,1929,580.3914,558.771362,5,5.016986
1.93231,1930,580.3914,558.7774,5,4.82612228
1.93233,1931,580.3914,558.7825,5,5.016986
1.93360,1932,580.3914,558.7875,5,4.995173
1.93363,1933,580.3914,558.7918,5,5.21330261
1.93536,1934,580.3914,558.797,5,5.038799
1.93722,1935,580.3914,558.8025,5,4.913374
1.93724,1936,580.3914,558.807556,5,4.995173
1.93847,1937,580.3914,558.812744,5,5.02789259
1.94030,1938,580.3914,558.8171,5,5.202396
1.94032,1939,580.3914,558.8226,5,4.97335958
1.94152,1940,580.3914,558.8275,5,5.02789259
1.94154,1941,580.3914,558.8329,5,4.97335958
1.94337,1942,580.3914,558.838257,5,5.109691
1.94529,1943,580.3914,558.8425,5,5.180583
1.94532,1944,580.3914,558.8476,5,4.97335958
1.94650,1945,580.3914,558.8524,5,4.98426628
1.94834,1946,580.3914,558.8583,5,4.858842
1.94837,1947,580.3914,558.862854,5,5.109691
1.94952,1948,580.3914,558.8679,5,5.05515862
1.94955,1949,580.3914,558.872253,5,5.006079
1.95140,1950,580.3914,558.8779,5,4.891561
1.95319,1951,580.3914,558.8837,5,4.847935
1.95322,1952,580.3914,558.888245,5,5.153317
1.95442,1953,580.3914,558.8931,5,5.07697153
1.95628,1954,580.3914,558.8976,5,5.12059736
1.95631,1955,580.3914,558.9033,5,4.869748
1.95751,1956,580.3914,558.908569,5,4.92973375
1.95752,1957,580.3914,558.913147,5,5.05515862
1.95947,1958,580.3914,558.9179,5,5.02789259
1.96122,1959,580.3914,558.9226,5,5.05515862
1.96126,1960,580.3914,558.928467,5,4.798856
1.96244,1961,580.3914,558.9332,5,5.006079
1.96431,1962,580.3914,558.9381,5,4.995173
1.96439,1963,580.3914,558.9427,5,5.066065
1.96551,1964,580.3914,558.9478,5,4.96245337
1.96552,1965,580.3914,558.9533,5,4.847935
1.96735,1966,580.3914,558.9579,5,5.016986
1.96920,1967,580.3914,558.9631,5,4.94064
1.96924,1968,580.3914,558.967834,5,5.09878445
1.97049,1969,580.3914,558.9733,5,4.96245337
1.97230,1970,580.3914,558.978333,5,5.016986
1.97234,1971,580.3914,558.988,5,4.97335958
1.97352,1972,580.3914,558.992737,5,5.016986
1.97354,1973,580.3914,558.9985,5,4.847935
1.97575,1974,580.3914,559.0031,5,5.05515862
1.97719,1975,580.3914,559.008057,5,5.006079
1.97722,1976,580.3914,559.0128,5,5.02789259
1.97844,1977,580.3914,559.018,5,4.995173
1.98027,1978,580.3914,559.023438,5,4.90246725
1.98029,1979,580.3914,559.028,5,5.087878
1.98153,1980,580.3914,559.0332,5,4.98426628
1.98156,1981,580.3914,559.0381,5,5.09878445
1.98339,1982,580.3914,559.043457,5,4.97335958
1.98520,1983,580.3914,559.048157,5,5.016986
1.98522,1984,580.3914,559.0529,5,4.995173
1.98643,1985,580.3914,559.0584,5,4.94064
1.98829,1986,580.3914,559.0633,5,5.07697153
1.98833,1987,580.3914,559.0685,5,4.92973375
1.98951,1988,580.3914,559.0728,5,5.087878
1.98952,1989,580.3914,559.078064,5,4.92973375
1.99134,1990,580.3914,559.0836,5,4.95154667
1.99320,1991,580.3914,559.0886,5,5.07697153
1.99322,1992,580.3914,559.0932,5,5.02789259
1.99443,1993,580.3914,559.097534,5,5.066065
1.99630,1994,580.3914,559.1034,5,4.82612228
1.99634,1995,580.3914,559.1085,5,4.97335958
1.99753,1996,580.3914,559.1136,5,4.98426628
1.99756,1997,580.3914,559.118,5,5.13150358
1.99940,1998,580.3914,559.1227,5,5.07697153
2.00121,1999,580.3914,559.1283,5,4.81521559
2.00123,2000,580.3914,559.1332,5,4.92973375
2.00243,2001,580.3914,559.1384,5,4.891561
2.00428,2002,580.3914,559.1428,5,5.13150358
2.00432,2003,580.3914,559.1479,5,4.98426628
2.00551,2004,580.3914,559.1534,5,4.90246725
2.00552,2005,580.3914,559.158142,5,4.96245337
2.00735,2006,580.3914,559.1636,5,4.94064
2.00923,2007,580.3914,559.1679,5,5.180583
2.00928,2008,580.3914,559.173157,5,4.97335958
2.01044,2009,580.3914,559.17804,5,4.94064
2.06393,2010,580.3914,559.183655,5,4.858842
2.06399,2011,580.3914,559.1887,5,4.96245337
2.06403,2012,580.3914,559.1932,5,5.109691
2.06405,2013,580.3914,559.198,5,4.98426628
2.06407,2014,580.3914,559.2027,5,4.97335958
2.06408,2015,580.3914,559.2088,5,4.75523
2.06410,2016,580.3914,559.2137,5,5.02789259
2.06412,2017,580.3914,559.2184,5,5.109691
2.06413,2018,580.3914,559.223145,5,5.016986
2.06415,2019,580.3914,559.228455,5,4.82612228
2.06417,2020,580.3914,559.2342,5,5.066065
2.06418,2021,580.3914,559.2387,5,4.995173
2.06420,2022,580.3914,559.2439,5,5.09878445
2.06421,2023,580.3914,559.2485,5,4.913374
2.06421,2024,580.3914,559.2542,5,4.90246725
2.06422,2025,580.3914,559.259338,5,5.07697153
2.06423,2026,580.3914,559.2641,5,5.02789259
2.06424,2027,580.3914,559.2688,5,5.087878
2.06425,2028,580.3914,559.272949,5,5.087878
2.06426,2029,580.3914,559.2787,5,4.858842
2.06427,2030,580.3914,559.2834,5,4.98426628
2.06429,2031,580.3914,559.2884,5,4.96245337
2.06431,2032,580.3914,559.293335,5,5.05515862
2.06433,2033,580.3914,559.298462,5,5.07697153
2.06433,2034,580.3914,559.303955,5,4.95154667
2.06435,2035,580.3914,559.3084,5,5.12059736
2.06436,2036,580.3914,559.3134,5,4.98426628
2.06437,2037,580.3914,559.3181,5,5.006079
2.06438,2038,580.3914,559.3236,5,4.88065434
2.06439,2039,580.3914,559.3287,5,4.92973375
2.06440,2040,580.3914,559.3334,5,5.05515862
2.06441,2041,580.3914,559.3384,5,4.98426628
2.06442,2042,580.3914,559.3431,5,5.05515862
2.06442,2043,580.3914,559.348755,5,4.858842
2.06443,2044,580.3914,559.3534,5,5.016986
2.06444,2045,580.3914,559.3584,5,4.98426628
2.06445,2046,580.3914,559.3634,5,5.006079
2.06446,2047,580.3914,559.368469,5,5.066065
2.06447,2048,580.3914,559.3737,5,4.92973375
2.06449,2049,580.3914,559.378,5,5.066065
2.06450,2050,580.3914,559.3835,5,4.90246725
2.06451,2051,580.3914,559.3885,5,5.02789259
2.06452,2052,580.3914,559.3936,5,4.995173
2.06453,2053,580.3914,559.3983,5,4.98426628
2.06454,2054,580.3914,559.402954,5,5.038799
2.06455,2055,580.3914,559.4088,5,4.858842
2.06455,2056,580.3914,559.413757,5,5.07697153
2.06456,2057,580.3914,559.4187,5,5.016986
2.06457,2058,580.3914,559.422852,5,5.09878445
2.06459,2059,580.3914,559.4282,5,4.94064
2.06460,2060,580.3914,559.433838,5,4.847935
2.06461,2061,580.3914,559.4388,5,5.016986
2.06461,2062,580.3914,559.4436,5,5.016986
2.06517,2063,580.3914,559.4479,5,5.191489
2.06520,2064,580.3914,559.453552,5,4.90246725
2.06647,2065,580.3914,559.458557,5,4.90246725
2.06828,2066,580.3914,559.463745,5,4.94064
2.06832,2067,580.3914,559.4685,5,5.038799
2.06954,2068,580.3914,559.473145,5,5.13150358
2.06956,2069,580.3914,559.4788,5,4.97335958
2.07136,2070,580.3914,559.483459,5,4.97335958
2.07319,2071,580.3914,559.488953,5,4.90246725
2.07322,2072,580.3914,559.4986,5,4.94064
2.07445,2073,580.3914,559.503235,5,4.94064
2.07627,2074,580.3914,559.508667,5,4.847935
2.07628,2075,580.3914,559.5143,5,5.109691
2.07754,2076,580.3914,559.5187,5,5.006079
2.07756,2077,580.3914,559.52356,5,5.016986
2.07939,2078,580.3914,559.528137,5,4.858842
2.08117,2079,580.3914,559.533936,5,4.891561
2.08118,2080,580.3914,559.539368,5,5.180583
2.08243,2081,580.3914,559.544,5,5.09878445
2.08426,2082,580.3914,559.5487,5,5.13150358
2.08428,2083,580.3914,559.553345,5,4.847935
2.08550,2084,580.3914,559.5597,5,4.98426628
2.08552,2085,580.3914,559.564453,5,5.02789259
2.08742,2086,580.3914,559.5692,5,5.05515862
2.08916,2087,580.3914,559.5738,5,5.02789259
2.08917,2088,580.3914,559.579041,5,4.82612228
2.09044,2089,580.3914,559.584351,5,5.02789259
2.09230,2090,580.3914,559.589,5,5.006079
2.09233,2091,580.3914,559.5942,5,5.087878
2.09354,2092,580.3914,559.598755,5,4.92973375
2.09357,2093,580.3914,559.604248,5,4.88065434
2.09540,2094,580.3914,559.6094,5,5.006079
2.09717,2095,580.3914,559.6141,5,4.95154667
2.09718,2096,580.3914,559.6192,5,5.12059736
2.09844,2097,580.3914,559.624,5,4.95154667
2.10027,2098,580.3914,559.629639,5,5.066065
2.10029,2099,580.3914,559.6343,5,5.05515862
2.10151,2100,580.3914,559.63916,5,4.97335958
2.10153,2101,580.3914,559.644,5,4.98426628
2.10335,2102,580.3914,559.6491,5,4.847935
2.10519,2103,580.3914,559.654541,5,5.07697153
2.10521,2104,580.3914,559.6592,5,4.995173
2.10644,2105,580.3914,559.664246,5,5.038799
2.10825,2106,580.3914,559.6689,5,4.95154667
2.10828,2107,580.3914,559.6744,5,4.92973375
2.10953,2108,580.3914,559.6794,5,5.05515862
2.10955,2109,580.3914,559.6841,5,4.96245337
2.11141,2110,580.3914,559.6893,5,5.087878
2.11317,2111,580.3914,559.6941,5,4.92973375
2.11318,2112,580.3914,559.6996,5,5.02789259
2.11446,2113,580.3914,559.7039,5,4.96245337
2.11633,2114,580.3914,559.7091,5,4.94064
2.11637,2115,580.3914,559.7143,5,5.05515862
2.11752,2116,580.3914,559.71936,5,4.92973375
2.11754,2117,580.3914,559.724365,5,5.087878
2.11938,2118,580.3914,559.728638,5,4.90246725
2.12119,2119,580.3914,559.734741,5,4.98426628
2.12121,2120,580.3914,559.739868,5,5.066065
2.12243,2121,580.3914,559.7449,5,5.05515862
2.12429,2122,580.3914,559.7491,5,5.038799
2.12438,2123,580.3914,559.7541,5,4.82612228
2.12572,2124,580.3914,559.76,5,4.995173
2.12576,2125,580.3914,559.7649,5,4.98426628
2.12738,2126,580.3914,559.769836,5,5.164223
2.12917,2127,580.3914,559.774048,5,5.02789259
2.12919,2128,580.3914,559.7795,5,4.837029
2.13050,2129,580.3914,559.7844,5,4.96245337
2.13227,2130,580.3914,559.789368,5,4.94064
2.13229,2131,580.3914,559.7945,5,5.153317
2.13352,2132,580.3914,559.7988,5,4.96245337
2.13355,2133,580.3914,559.8042,5,4.92973375
2.13534,2134,580.3914,559.809143,5,4.94064
2.13716,2135,580.3914,559.814453,5,4.97335958
2.13718,2136,580.3914,559.819458,5,5.153317
2.13845,2137,580.3914,559.824,5,4.94064
2.14026,2138,580.3914,559.829,5,4.94064
2.14027,2139,580.3914,559.8338,5,4.82612228
2.14151,2140,580.3914,559.8396,5,5.006079
2.14154,2141,580.3914,559.844238,5,5.07697153
2.14339,2142,580.3914,559.8493,5,4.98426628
2.14520,2143,580.3914,559.8536,5,4.96245337
2.14522,2144,580.3914,559.858765,5,4.76613665
2.14645,2145,580.3914,559.8647,5,5.087878
2.14826,2146,580.3914,559.8693,5,5.087878
2.14827,2147,580.3914,559.874146,5,5.13150358
2.14952,2148,580.3914,559.8786,5,4.98426628
2.14953,2149,580.3914,559.8843,5,4.869748
2.15135,2150,580.3914,559.889648,5,5.09878445
2.15317,2151,580.3914,559.8942,5,5.006079
2.15319,2152,580.3914,559.899048,5,5.09878445
2.15446,2153,580.3914,559.903748,5,4.869748
2.15626,2154,580.3914,559.909546,5,4.94064
2.15628,2155,580.3914,559.9145,5,5.066065
2.15753,2156,580.3914,559.9193,5,5.038799
2.15755,2157,580.3914,559.92395,5,5.066065
2.15936,2158,580.3914,559.929,5,4.847935
2.16118,2159,580.3914,559.934631,5,5.016986
2.16120,2160,580.3914,559.939148,5,4.96245337
2.16244,2161,580.3914,559.9444,5,5.087878
2.16433,2162,580.3914,559.9495,5,5.05515862
2.16436,2163,580.3914,559.9547,5,5.006079
2.16551,2164,580.3914,559.9597,5,5.14241028
2.16553,2165,580.3914,559.9645,5,5.006079
2.16735,2166,580.3914,559.9695,5,5.05515862
2.16918,2167,580.3914,559.9741,5,4.869748
2.16920,2168,580.3914,559.9799,5,5.016986
2.17043,2169,580.3914,559.984558,5,5.038799
2.17224,2170,580.3914,559.9943,5,5.038799
2.17226,2171,580.3914,559.999451,5,4.88065434
2.17352,2172,580.3914,560.004944,5,5.066065
2.17358,2173,580.3914,560.0095,5,4.98426628
2.17576,2174,580.3914,560.0147,5,5.07697153
2.17722,2175,580.3914,560.019531,5,5.02789259
2.17725,2176,580.3914,560.024963,5,4.98426628
2.17844,2177,580.3914,560.029663,5,5.038799
2.18026,2178,580.3914,560.034363,5,4.90246725
2.18027,2179,580.3914,560.039856,5,5.05515862
2.18154,2180,580.3914,560.044739,5,4.96245337
2.18157,2181,580.3914,560.0499,5,5.038799
2.18334,2182,580.3914,560.05426,5,4.98426628
2.18520,2183,580.3914,560.0596,5,4.92973375
2.18522,2184,580.3914,560.0652,5,5.087878
2.18643,2185,580.3914,560.0701,5,5.038799
2.18825,2186,580.3914,560.0747,5,5.109691
2.18828,2187,580.3914,560.079041,5,4.88065434
2.18957,2188,580.3914,560.084961,5,4.92973375
2.18960,2189,580.3914,560.090149,5,5.006079
2.19134,2190,580.3914,560.0951,5,5.087878
2.19319,2191,580.3914,560.0996,5,5.14241028
2.19321,2192,580.3914,560.1043,5,4.847935
2.19445,2193,580.3914,560.11,5,4.94064
2.19625,2194,580.3914,560.114868,5,4.92973375
2.19627,2195,580.3914,560.1204,5,5.109691
2.19756,2196,580.3914,560.1248,5,5.066065
2.19760,2197,580.3914,560.13,5,4.90246725
2.19934,2198,580.3914,560.135132,5,4.995173
2.20116,2199,580.3914,560.1399,5,4.913374
2.20117,2200,580.3914,560.145569,5,5.180583
2.20242,2201,580.3914,560.149963,5,5.006079
2.20424,2202,580.3914,560.155,5,4.95154667
2.20426,2203,580.3914,560.1598,5,4.90246725
2.20553,2204,580.3914,560.165466,5,4.913374
2.20556,2205,580.3914,560.1705,5,5.12059736
2.20735,2206,580.3914,560.1749,5,4.995173
2.20924,2207,580.3914,560.1798,5,5.006079
2.20926,2208,580.3914,560.1846,5,4.78794956
2.21043,2209,580.3914,560.1907,5,4.995173
2.21225,2210,580.3914,560.195435,5,5.13150358
2.21227,2211,580.3914,560.200256,5,5.09878445
2.21356,2212,580.3914,560.2048,5,5.066065
2.21359,2213,580.3914,560.21,5,4.82612228
2.21534,2214,580.3914,560.215759,5,5.038799
2.21718,2215,580.3914,560.2203,5,4.995173
2.21720,2216,580.3914,560.225464,5,5.087878
2.21843,2217,580.3914,560.23,5,4.94064
2.22025,2218,580.3914,560.2353,5,4.869748
2.22026,2219,580.3914,560.24054,5,5.07697153
2.22151,2220,580.3914,560.245544,5,5.006079
2.22157,2221,580.3914,560.2503,5,5.09878445
2.22334,2222,580.3914,560.2555,5,4.869748
2.22518,2223,580.3914,560.261169,5,4.94064
2.22520,2224,580.3914,560.2658,5,4.98426628
2.22646,2225,580.3914,560.2709,5,5.006079
2.22825,2226,580.3914,560.275757,5,5.109691
2.22826,2227,580.3914,560.281067,5,4.94064
2.22951,2228,580.3914,560.2857,5,5.12059736
2.22953,2229,580.3914,560.2902,5,5.016986
2.23133,2230,580.3914,560.2953,5,5.006079
2.23317,2231,580.3914,560.3,5,4.94064
2.23319,2232,580.3914,560.305542,5,4.90246725
2.23441,2233,580.3914,560.310547,5,5.07697153
2.23629,2234,580.3914,560.315247,5,4.98426628
2.23632,2235,580.3914,560.3201,5,5.038799
2.23753,2236,580.3914,560.324951,5,4.858842
2.23759,2237,580.3914,560.3305,5,4.96245337
2.23933,2238,580.3914,560.335144,5,4.98426628
2.24116,2239,580.3914,560.3401,5,4.95154667
2.24117,2240,580.3914,560.3451,5,5.066065
2.24243,2241,580.3914,560.3501,5,4.88065434
2.24426,2242,580.3914,560.355347,5,5.02789259
2.24428,2243,580.3914,560.3597,5,4.891561
2.24551,2244,580.3914,560.3651,5,4.96245337
2.24552,2245,580.3914,560.370056,5,5.006079
2.24733,2246,580.3914,560.375244,5,4.94064
2.24917,2247,580.3914,560.3798,5,5.05515862
2.24919,2248,580.3914,560.3845,5,4.847935
2.25044,2249,580.3914,560.3903,5,5.02789259
2.25226,2250,580.3914,560.3953,5,5.02789259
2.25228,2251,580.3914,560.400269,5,5.087878
2.25353,2252,580.3914,560.404358,5,4.995173
2.25359,2253,580.3914,560.4097,5,4.837029
2.25549,2254,580.3914,560.415466,5,5.02789259
2.25723,2255,580.3914,560.420349,5,4.995173
2.25726,2256,580.3914,560.425232,5,5.202396
2.25843,2257,580.3914,560.4295,5,4.97335958
2.26027,2258,580.3914,560.4355,5,4.88065434
2.26030,2259,580.3914,560.4402,5,4.95154667
2.26152,2260,580.3914,560.4454,5,4.995173
2.26154,2261,580.3914,560.4506,5,5.164223
2.26338,2262,580.3914,560.455139,5,4.92973375
2.26517,2263,580.3914,560.4606,5,4.995173
2.26519,2264,580.3914,560.465149,5,4.94064
2.26642,2265,580.3914,560.471,5,5.087878
2.26827,2266,580.3914,560.4755,5,5.153317
2.26828,2267,580.3914,560.4804,5,4.95154667
2.26952,2268,580.3914,560.4852,5,4.96245337
2.26953,2269,580.3914,560.49054,5,4.847935
2.27141,2270,580.3914,560.5005,5,5.02789259
2.27317,2271,580.3914,560.505432,5,5.016986
2.27320,2272,580.3914,560.509949,5,4.891561
2.27442,2273,580.3914,560.515747,5,4.847935
2.27626,2274,580.3914,560.5212,5,5.164223
2.27629,2275,580.3914,560.5258,5,5.087878
2.27752,2276,580.3914,560.530457,5,5.153317
2.27755,2277,580.3914,560.5353,5,4.90246725
2.27934,2278,580.3914,560.54126,5,4.95154667
2.28117,2279,580.3914,560.545959,5,5.066065
2.28118,2280,580.3914,560.550842,5,5.038799
2.28245,2281,580.3914,560.5554,5,5.066065
2.28428,2282,580.3914,560.5606,5,4.82612228
2.28430,2283,580.3914,560.5662,5,5.02789259
2.28550,2284,580.3914,560.570862,5,5.016986
2.28552,2285,580.3914,560.5758,5,5.087878
2.28735,2286,580.3914,560.5803,5,4.97335958
2.28920,2287,580.3914,560.585938,5,4.869748
2.28922,2288,580.3914,560.590942,5,5.02789259
2.29043,2289,580.3914,560.5957,5,4.95154667
2.29231,2290,580.3914,560.6009,5,5.13150358
2.29234,2291,580.3914,560.6057,5,4.98426628
2.29354,2292,580.3914,560.6113,5,5.05515862
2.29355,2293,580.3914,560.615967,5,5.087878
2.29541,2294,580.3914,560.6209,5,4.97335958
2.29721,2295,580.3914,560.625732,5,5.006079
2.29724,2296,580.3914,560.6309,5,4.847935
2.29843,2297,580.3914,560.636353,5,5.066065
2.30028,2298,580.3914,560.641,5,5.016986
2.30033,2299,580.3914,560.646,5,5.038799
2.30151,2300,580.3914,560.6507,5,4.98426628
2.30152,2301,580.3914,560.65625,5,4.92973375
2.30338,2302,580.3914,560.6612,5,5.07697153
2.30520,2303,580.3914,560.665955,5,4.97335958
2.30525,2304,580.3914,560.671143,5,5.09878445
2.30642,2305,580.3914,560.675964,5,4.96245337
2.30831,2306,580.3914,560.6814,5,5.016986
2.30835,2307,580.3914,560.6858,5,4.98426628
2.30956,2308,580.3914,560.69104,5,4.92973375
2.30960,2309,580.3914,560.6962,5,5.066065
2.31137,2310,580.3914,560.701233,5,4.94064
2.31319,2311,580.3914,560.7061,5,5.087878
2.31322,2312,580.3914,560.710632,5,4.913374
2.31443,2313,580.3914,560.7167,5,4.97335958
2.31630,2314,580.3914,560.7218,5,5.07697153
2.31633,2315,580.3914,560.726746,5,5.05515862
2.31751,2316,580.3914,560.7309,5,5.05515862
2.31752,2317,580.3914,560.736,5,4.82612228
2.31937,2318,580.3914,560.7419,5,4.97335958
2.32121,2319,580.3914,560.7471,5,4.97335958
2.32125,2320,580.3914,560.752258,5,5.14241028
2.32242,2321,580.3914,560.755859,5,5.05515862
2.32428,2322,580.3914,560.7617,5,4.82612228
2.32431,2323,580.3914,560.766846,5,4.95154667
2.32563,2324,580.3914,560.7719,5,4.913374
2.32565,2325,580.3914,560.7768,5,5.153317
2.32738,2326,580.3914,560.7813,5,4.97335958
2.32917,2327,580.3914,560.7868,5,4.92973375
2.32919,2328,580.3914,560.7913,5,4.96245337
2.33046,2329,580.3914,560.7968,5,4.96245337
2.33227,2330,580.3914,560.8021,5,5.180583
2.33230,2331,580.3914,560.8062,5,4.96245337
2.33350,2332,580.3914,560.811157,5,4.96245337
2.33352,2333,580.3914,560.8161,5,4.837029
2.33535,2334,580.3914,560.821838,5,4.97335958
2.33721,2335,580.3914,560.8263,5,5.066065
2.33723,2336,580.3914,560.831055,5,4.95154667
2.33843,2337,580.3914,560.835632,5,4.92973375
2.34028,2338,580.3914,560.8408,5,4.711604
2.34030,2339,580.3914,560.8466,5,5.006079
2.34151,2340,580.3914,560.851135,5,5.038799
2.34154,2341,580.3914,560.855957,5,5.05515862
2.34335,2342,580.3914,560.8604,5,4.96245337
2.34521,2343,580.3914,560.866,5,4.76613665
2.34524,2344,580.3914,560.8713,5,5.016986
2.34646,2345,580.3914,560.875854,5,4.95154667
2.34832,2346,580.3914,560.8806,5,5.05515862
2.34835,2347,580.3914,560.885254,5,4.88065434
2.34954,2348,580.3914,560.891052,5,4.847935
2.34956,2349,580.3914,560.895935,5,5.038799
2.35136,2350,580.3914,560.9007,5,4.995173
2.35320,2351,580.3914,560.905334,5,5.05515862
2.35322,2352,580.3914,560.9103,5,4.837029
2.35442,2353,580.3914,560.915955,5,4.95154667
2.35629,2354,580.3914,560.920532,5,4.96245337
2.35631,2355,580.3914,560.9257,5,5.02789259
2.35752,2356,580.3914,560.9305,5,5.09878445
2.35754,2357,580.3914,560.9359,5,4.95154667
2.35936,2358,580.3914,560.9411,5,5.13150358
2.36120,2359,580.3914,560.9457,5,5.006079
2.36123,2360,580.3914,560.9507,5,5.016986
2.36244,2361,580.3914,560.955444,5,4.913374
2.36429,2362,580.3914,560.9611,5,4.92973375
2.36432,2363,580.3914,560.9658,5,5.07697153
2.36554,2364,580.3914,560.9707,5,4.995173
2.36556,2365,580.3914,560.9756,5,5.066065
2.36737,2366,580.3914,560.980652,5,4.88065434
2.36918,2367,580.3914,560.986145,5,5.016986
2.36920,2368,580.3914,560.9959,5,5.006079
2.37045,2369,580.3914,561.000732,5,5.07697153
2.37229,2370,580.3914,561.006042,5,4.94064
2.37231,2371,580.3914,561.0109,5,5.066065
2.37351,2372,580.3914,561.0155,5,4.913374
2.37353,2373,580.3914,561.021,5,5.02789259
2.37576,2374,580.3914,561.0259,5,5.006079
2.37720,2375,580.3914,561.031067,5,4.995173
2.37723,2376,580.3914,561.0355,5,5.05515862
2.37843,2377,580.3914,561.040649,5,4.869748
2.38025,2378,580.3914,561.046265,5,5.07697153
2.38028,2379,580.3914,561.0516,5,5.02789259
2.38153,2380,580.3914,561.055969,5,5.09878445
2.38154,2381,580.3914,561.0602,5,4.95154667
2.38339,2382,580.3914,561.06604,5,4.858842
2.38525,2383,580.3914,561.071655,5,5.016986
2.38528,2384,580.3914,561.076355,5,5.02789259
2.38643,2385,580.3914,561.0808,5,5.191489
2.38830,2386,580.3914,561.085449,5,4.90246725
2.38833,2387,580.3914,561.0911,5,4.90246725
2.38951,2388,580.3914,561.0964,5,4.94064
2.38952,2389,580.3914,561.1016,5,5.038799
2.39138,2390,580.3914,561.1057,5,5.13150358
2.39317,2391,580.3914,561.1108,5,4.891561
2.39320,2392,580.3914,561.116333,5,4.98426628
2.39446,2393,580.3914,561.121338,5,4.90246725
2.39630,2394,580.3914,561.1268,5,5.109691
2.39636,2395,580.3914,561.131165,5,5.087878
2.39753,2396,580.3914,561.1362,5,4.94064
2.39754,2397,580.3914,561.141,5,4.94064
2.39938,2398,580.3914,561.146545,5,4.858842
2.40119,2399,580.3914,561.151733,5,5.12059736
2.40120,2400,580.3914,561.1562,5,5.006079
2.40243,2401,580.3914,561.161,5,5.016986
2.40431,2402,580.3914,561.1657,5,4.847935
2.40434,2403,580.3914,561.1718,5,4.891561
2.40551,2404,580.3914,561.1767,5,5.164223
2.40554,2405,580.3914,561.181458,5,5.07697153
2.40737,2406,580.3914,561.186,5,5.12059736
2.40920,2407,580.3914,561.191162,5,4.858842
2.40922,2408,580.3914,561.19696,5,4.97335958
2.41044,2409,580.3914,561.2015,5,5.038799
2.41230,2410,580.3914,561.2064,5,5.05515862
2.41234,2411,580.3914,561.2109,5,5.02789259
2.41352,2412,580.3914,561.2165,5,4.82612228
2.41353,2413,580.3914,561.221863,5,5.05515862
2.41539,2414,580.3914,561.2265,5,5.006079
2.41720,2415,580.3914,561.2316,5,5.09878445
2.41722,2416,580.3914,561.2364,5,4.95154667
2.41845,2417,580.3914,561.242065,5,4.90246725
2.42029,2418,580.3914,561.246765,5,5.016986
2.42032,2419,580.3914,561.251831,5,4.97335958
2.42151,2420,580.3914,561.2568,5,5.13150358
2.42154,2421,580.3914,561.2623,5,4.96245337
2.42338,2422,580.3914,561.2676,5,5.087878
2.42521,2423,580.3914,561.271851,5,5.066065
2.42522,2424,580.3914,561.276855,5,4.98426628
2.42647,2425,580.3914,561.2819,5,4.995173
2.42832,2426,580.3914,561.2868,5,4.869748
2.42834,2427,580.3914,561.2919,5,5.087878
2.42952,2428,580.3914,561.2966,5,5.006079
2.42954,2429,580.3914,561.3016,5,5.05515862
2.43138,2430,580.3914,561.306335,5,4.94064
2.43321,2431,580.3914,561.311951,5,4.95154667
2.43323,2432,580.3914,561.31665,5,5.05515862
2.43443,2433,580.3914,561.321655,5,4.98426628
2.43628,2434,580.3914,561.3267,5,5.109691
2.43631,2435,580.3914,561.3317,5,4.92973375
2.43752,2436,580.3914,561.337036,5,5.05515862
2.43753,2437,580.3914,561.3414,5,4.96245337
2.43937,2438,580.3914,561.346863,5,4.96245337
2.44120,2439,580.3914,561.351868,5,5.07697153
2.44122,2440,580.3914,561.357,5,4.95154667
2.44242,2441,580.3914,561.361633,5,5.09878445
2.44426,2442,580.3914,561.3664,5,4.891561
2.44428,2443,580.3914,561.3722,5,5.016986
2.44552,2444,580.3914,561.3772,5,5.066065
2.44554,2445,580.3914,561.382141,5,5.07697153
2.44738,2446,580.3914,561.3862,5,5.038799
2.44919,2447,580.3914,561.391663,5,4.82612228
2.44922,2448,580.3914,561.3976,5,5.006079
2.45043,2449,580.3914,561.4022,5,4.98426628
2.45230,2450,580.3914,561.407,5,5.180583
2.45235,2451,580.3914,561.41156,5,5.006079
2.45352,2452,580.3914,561.4173,5,4.858842
2.45353,2453,580.3914,561.422241,5,4.95154667
2.45540,2454,580.3914,561.4275,5,4.95154667
2.45719,2455,580.3914,561.432068,5,5.164223
2.45720,2456,580.3914,561.4368,5,4.94064
2.45844,2457,580.3914,561.442261,5,4.95154667
2.46027,2458,580.3914,561.4471,5,4.94064
2.46029,2459,580.3914,561.452942,5,5.006079
2.46155,2460,580.3914,561.457153,5,5.153317
2.46158,2461,580.3914,561.462,5,4.94064
2.46339,2462,580.3914,561.4668,5,4.96245337
2.46521,2463,580.3914,561.472168,5,4.837029
2.46524,2464,580.3914,561.477661,5,5.05515862
2.46645,2465,580.3914,561.482,5,5.05515862
2.46827,2466,580.3914,561.4869,5,4.98426628
2.46831,2467,580.3914,561.491455,5,4.94064
2.46952,2468,580.3914,561.497253,5,4.76613665
2.46953,2469,580.3914,561.507263,5,5.07697153
2.47137,2470,580.3914,561.5119,5,5.12059736
2.47320,2471,580.3914,561.516663,5,4.95154667
2.47323,2472,580.3914,561.522644,5,4.88065434
2.47442,2473,580.3914,561.527344,5,5.087878
2.47627,2474,580.3914,561.5322,5,5.006079
2.47628,2475,580.3914,561.5368,5,5.09878445
2.47755,2476,580.3914,561.542,5,4.847935
2.47757,2477,580.3914,561.5477,5,4.97335958
2.47939,2478,580.3914,561.5523,5,5.05515862
2.48121,2479,580.3914,561.557251,5,5.066065
2.48124,2480,580.3914,561.5618,5,5.038799
2.48243,2481,580.3914,561.5673,5,4.847935
2.48425,2482,580.3914,561.572449,5,5.02789259
2.48427,2483,580.3914,561.577148,5,4.95154667
2.48553,2484,580.3914,561.5824,5,5.109691
2.48555,2485,580.3914,561.5872,5,5.038799
2.48738,2486,580.3914,561.5929,5,5.006079
2.48921,2487,580.3914,561.5975,5,5.12059736
2.48926,2488,580.3914,561.602356,5,4.995173
2.49044,2489,580.3914,561.607239,5,5.038799
2.49252,2490,580.3914,561.6124,5,4.869748
2.49260,2491,580.3914,561.6179,5,5.02789259
2.49354,2492,580.3914,561.6225,5,5.02789259
2.49356,2493,580.3914,561.627563,5,5.016986
2.49543,2494,580.3914,561.6322,5,5.02789259
2.49718,2495,580.3914,561.637756,5,4.891561
2.49720,2496,580.3914,561.642639,5,5.07697153
2.49844,2497,580.3914,561.647461,5,4.98426628
2.50028,2498,580.3914,561.652649,5,5.087878
2.50032,2499,580.3914,561.657532,5,5.006079
2.50151,2500,580.3914,561.663,5,4.995173
2.50152,2501,580.3914,561.6673,5,5.02789259
2.50338,2502,580.3914,561.6726,5,4.90246725
2.50519,2503,580.3914,561.677856,5,5.087878
2.50521,2504,580.3914,561.682861,5,4.95154667
2.50642,2505,580.3914,561.687744,5,5.07697153
2.50829,2506,580.3914,561.6922,5,4.97335958
2.50831,2507,580.3914,561.698,5,4.92973375
2.50953,2508,580.3914,561.7031,5,5.09878445
2.50956,2509,580.3914,561.7081,5,5.038799
2.51136,2510,580.3914,561.712341,5,5.09878445
2.51322,2511,580.3914,561.7173,5,4.858842
2.51325,2512,580.3914,561.7236,5,4.96245337
2.51445,2513,580.3914,561.728149,5,5.006079
2.51628,2514,580.3914,561.733459,5,5.12059736
2.51630,2515,580.3914,561.7377,5,5.13150358
2.51752,2516,580.3914,561.743164,5,4.847935
2.51755,2517,580.3914,561.748352,5,4.96245337
2.51934,2518,580.3914,561.7538,5,4.92973375
2.52119,2519,580.3914,561.7586,5,5.14241028
2.52122,2520,580.3914,561.7631,5,5.02789259
2.52243,2521,580.3914,561.7686,5,4.92973375
2.52431,2522,580.3914,561.7735,5,4.98426628
2.52437,2523,580.3914,561.779053,5,4.95154667
2.52566,2524,580.3914,561.783752,5,5.191489
2.52567,2525,580.3914,561.7884,5,4.995173
2.52739,2526,580.3914,561.7934,5,4.96245337
2.52921,2527,580.3914,561.798462,5,4.88065434
2.52925,2528,580.3914,561.8039,5,4.97335958
2.53048,2529,580.3914,561.80835,5,5.12059736
2.53233,2530,580.3914,561.8132,5,4.995173
2.53236,2531,580.3914,561.817749,5,5.006079
2.53351,2532,580.3914,561.823242,5,4.777043
2.53353,2533,580.3914,561.829,5,5.05515862
2.53536,2534,580.3914,561.8335,5,5.12059736
2.53720,2535,580.3914,561.8383,5,5.12059736
2.53726,2536,580.3914,561.8429,5,5.05515862
2.53844,2537,580.3914,561.8489,5,4.858842
2.54031,2538,580.3914,561.8539,5,5.09878445
2.54036,2539,580.3914,561.858643,5,5.02789259
2.54152,2540,580.3914,561.863342,5,5.12059736
2.54154,2541,580.3914,561.8683,5,4.94064
2.54337,2542,580.3914,561.8741,5,4.92973375
2.54522,2543,580.3914,561.878845,5,5.087878
2.54525,2544,580.3914,561.8837,5,5.05515862
2.54644,2545,580.3914,561.8883,5,5.087878
2.54829,2546,580.3914,561.893738,5,4.869748
2.54832,2547,580.3914,561.899,5,5.006079
2.54951,2548,580.3914,561.9036,5,4.96245337
2.54952,2549,580.3914,561.9089,5,5.066065
2.55138,2550,580.3914,561.913635,5,5.087878
2.55318,2551,580.3914,561.9193,5,4.98426628
2.55319,2552,580.3914,561.924,5,5.14241028
2.55443,2553,580.3914,561.9289,5,5.006079
2.55628,2554,580.3914,561.9338,5,5.038799
2.55630,2555,580.3914,561.9388,5,4.891561
2.55754,2556,580.3914,561.9444,5,4.98426628
2.55757,2557,580.3914,561.949,5,5.066065
2.55939,2558,580.3914,561.954041,5,5.006079
2.56123,2559,580.3914,561.95874,5,5.05515862
2.56126,2560,580.3914,561.9641,5,4.869748
2.56243,2561,580.3914,561.9693,5,5.05515862
2.56430,2562,580.3914,561.974,5,4.995173
2.56432,2563,580.3914,561.9792,5,5.038799
2.56551,2564,580.3914,561.984,5,5.038799
2.56552,2565,580.3914,561.989441,5,4.96245337
2.56739,2566,580.3914,561.9939,5,5.066065
2.56917,2567,580.3914,562.0043,5,5.05515862
2.56919,2568,580.3914,562.0093,5,4.97335958
2.57045,2569,580.3914,562.014343,5,5.016986
2.57234,2570,580.3914,562.0186,5,5.006079
2.57237,2571,580.3914,562.0243,5,4.891561
2.57351,2572,580.3914,562.029846,5,5.087878
2.57353,2573,580.3914,562.034851,5,5.02789259
2.57547,2574,580.3914,562.03894,5,5.109691
2.57719,2575,580.3914,562.0435,5,4.891561
2.57723,2576,580.3914,562.049561,5,4.891561
2.57843,2577,580.3914,562.0548,5,5.006079
2.58028,2578,580.3914,562.0599,5,5.05515862
2.58031,2579,580.3914,562.064,5,5.180583
2.58151,2580,580.3914,562.069336,5,4.869748
2.58153,2581,580.3914,562.0747,5,4.94064
2.58337,2582,580.3914,562.0797,5,4.92973375
2.58520,2583,580.3914,562.0848,5,5.087878
2.58522,2584,580.3914,562.089233,5,5.09878445
2.58644,2585,580.3914,562.0946,5,4.90246725
2.58829,2586,580.3914,562.0996,5,5.006079
2.58832,2587,580.3914,562.1053,5,4.913374
2.58953,2588,580.3914,562.1099,5,5.153317
2.58955,2589,580.3914,562.1145,5,5.05515862
2.59138,2590,580.3914,562.1195,5,4.94064
2.59317,2591,580.3914,562.1243,5,4.913374
2.59319,2592,580.3914,562.1301,5,4.913374
2.59444,2593,580.3914,562.1348,5,5.14241028
2.59626,2594,580.3914,562.1395,5,5.006079
2.59628,2595,580.3914,562.144165,5,5.02789259
2.59754,2596,580.3914,562.1495,5,4.82612228
2.59756,2597,580.3914,562.1554,5,4.96245337
2.59936,2598,580.3914,562.16,5,5.153317
2.60117,2599,580.3914,562.1648,5,5.09878445
2.60118,2600,580.3914,562.16925,5,5.09878445
2.60242,2601,580.3914,562.175,5,4.847935
2.60427,2602,580.3914,562.180359,5,5.038799
2.60428,2603,580.3914,562.1849,5,5.016986
2.60552,2604,580.3914,562.189636,5,5.087878
2.60554,2605,580.3914,562.1944,5,4.97335958
2.60739,2606,580.3914,562.200256,5,4.858842
2.60919,2607,580.3914,562.2051,5,5.07697153
2.60921,2608,580.3914,562.209961,5,5.016986
2.61045,2609,580.3914,562.214539,5,5.09878445
2.61226,2610,580.3914,562.2197,5,4.891561
2.61227,2611,580.3914,562.2252,5,4.94064
2.61351,2612,580.3914,562.2298,5,5.006079
2.61353,2613,580.3914,562.235,5,5.006079
2.61538,2614,580.3914,562.239868,5,5.12059736
2.61718,2615,580.3914,562.245667,5,4.95154667
2.61721,2616,580.3914,562.250549,5,5.109691
2.61844,2617,580.3914,562.2553,5,5.02789259
2.62029,2618,580.3914,562.2603,5,5.006079
2.62032,2619,580.3914,562.265137,5,4.96245337
2.62152,2620,580.3914,562.2712,5,4.92973375
2.62154,2621,580.3914,562.2758,5,5.109691
2.62337,2622,580.3914,562.280762,5,5.006079
2.62516,2623,580.3914,562.2855,5,5.087878
2.62518,2624,580.3914,562.290466,5,4.90246725
2.62644,2625,580.3914,562.2956,5,4.995173
2.62827,2626,580.3914,562.3002,5,5.02789259
2.62829,2627,580.3914,562.3053,5,4.995173
2.62953,2628,580.3914,562.3101,5,5.09878445
2.62954,2629,580.3914,562.3155,5,4.913374
2.63140,2630,580.3914,562.3202,5,5.066065
2.63316,2631,580.3914,562.3249,5,4.913374
2.63319,2632,580.3914,562.3304,5,4.97335958
2.63446,2633,580.3914,562.335266,5,5.006079
2.63625,2634,580.3914,562.340454,5,4.94064
2.63630,2635,580.3914,562.345032,5,5.066065
2.63751,2636,580.3914,562.350037,5,4.847935
2.63752,2637,580.3914,562.3556,5,5.038799
2.63935,2638,580.3914,562.360535,5,5.038799
2.64116,2639,580.3914,562.3651,5,5.07697153
2.64117,2640,580.3914,562.369751,5,4.97335958
2.64246,2641,580.3914,562.3758,5,4.82612228
2.64430,2642,580.3914,562.380554,5,5.006079
2.64432,2643,580.3914,562.385864,5,4.98426628
2.64551,2644,580.3914,562.390259,5,5.191489
2.64552,2645,580.3914,562.3951,5,4.95154667
2.64741,2646,580.3914,562.400757,5,4.88065434
2.64916,2647,580.3914,562.4056,5,4.95154667
2.64918,2648,580.3914,562.4109,5,5.006079
2.65045,2649,580.3914,562.4152,5,5.153317
2.65229,2650,580.3914,562.4205,5,4.913374
2.65233,2651,580.3914,562.425537,5,4.98426628
2.65355,2652,580.3914,562.430664,5,4.913374
2.65357,2653,580.3914,562.4361,5,5.07697153
2.65536,2654,580.3914,562.4404,5,5.13150358
2.65719,2655,580.3914,562.445435,5,4.94064
2.65721,2656,580.3914,562.4502,5,4.96245337
2.65846,2657,580.3914,562.456,5,4.847935
2.66027,2658,580.3914,562.460938,5,5.087878
2.66029,2659,580.3914,562.465454,5,5.02789259
2.66153,2660,580.3914,562.4703,5,5.006079
2.66158,2661,580.3914,562.4751,5,4.891561
2.66335,2662,580.3914,562.4812,5,4.847935
2.66519,2663,580.3914,562.4859,5,5.153317
2.66524,2664,580.3914,562.4907,5,5.07697153
2.66645,2665,580.3914,562.4953,5,5.13150358
2.66825,2666,580.3914,562.500549,5,4.891561
2.66827,2667,580.3914,562.5063,5,4.94064
2.66955,2668,580.3914,562.510742,5,5.066065
2.66958,2669,580.3914,562.520264,5,5.066065
2.67138,2670,580.3914,562.52594,5,4.82612228
2.67317,2671,580.3914,562.531067,5,5.016986
2.67319,2672,580.3914,562.5359,5,5.016986
2.67446,2673,580.3914,562.5406,5,5.087878
2.67627,2674,580.3914,562.545349,5,4.98426628
2.67631,2675,580.3914,562.5511,5,4.88065434
2.67753,2676,580.3914,562.5557,5,5.038799
2.67755,2677,580.3914,562.560852,5,4.97335958
2.67935,2678,580.3914,562.5658,5,5.13150358
2.68117,2679,580.3914,562.571045,5,4.995173
2.68118,2680,580.3914,562.576355,5,5.066065
2.68247,2681,580.3914,562.5809,5,5.07697153
2.68425,2682,580.3914,562.585938,5,4.995173
2.68426,2683,580.3914,562.590637,5,5.016986
2.68554,2684,580.3914,562.5963,5,4.858842
2.68556,2685,580.3914,562.601135,5,5.07697153
2.68735,2686,580.3914,562.606,5,5.006079
2.68916,2687,580.3914,562.6109,5,5.02789259
2.68918,2688,580.3914,562.6158,5,4.97335958
2.69044,2689,580.3914,562.62146,5,4.913374
2.69229,2690,580.3914,562.626,5,5.07697153
2.69230,2691,580.3914,562.6311,5,4.98426628
2.69354,2692,580.3914,562.636047,5,5.09878445
2.69356,2693,580.3914,562.641235,5,4.96245337
2.69536,2694,580.3914,562.6463,5,5.02789259
2.69716,2695,580.3914,562.650757,5,4.98426628
2.69717,2696,580.3914,562.6563,5,4.94064
2.69842,2697,580.3914,562.6612,5,5.066065
2.70025,2698,580.3914,562.6664,5,4.92973375
2.70026,2699,580.3914,562.6709,5,5.087878
2.70154,2700,580.3914,562.676147,5,4.913374
2.70157,2701,580.3914,562.6819,5,4.96245337
2.70334,2702,580.3914,562.686768,5,5.07697153
2.70517,2703,580.3914,562.6916,5,5.038799
2.70518,2704,580.3914,562.6957,5,5.05515862
2.70642,2705,580.3914,562.7014,5,4.81521559
2.70827,2706,580.3914,562.7069,5,4.97335958
2.70828,2707,580.3914,562.7118,5,4.97335958
2.70953,2708,580.3914,562.7164,5,5.14241028
2.70960,2709,580.3914,562.7209,5,5.05515862
2.71137,2710,580.3914,562.726563,5,4.81521559
2.71317,2711,580.3914,562.731445,5,4.95154667
2.71319,2712,580.3914,562.7367,5,4.90246725
2.71443,2713,580.3914,562.7413,5,5.14241028
2.71625,2714,580.3914,562.7461,5,4.97335958
2.71627,2715,580.3914,562.7514,5,4.92973375
2.71753,2716,580.3914,562.7563,5,4.96245337
2.71756,2717,580.3914,562.7618,5,4.96245337
2.71934,2718,580.3914,562.766663,5,5.180583
2.72119,2719,580.3914,562.771545,5,4.96245337
2.72122,2720,580.3914,562.7763,5,4.96245337
2.72244,2721,580.3914,562.7818,5,4.847935
2.72426,2722,580.3914,562.7871,5,4.995173
2.72428,2723,580.3914,562.791565,5,5.09878445
2.72570,2724,580.3914,562.7964,5,4.98426628
2.72573,2725,580.3914,562.801,5,4.97335958
2.72737,2726,580.3914,562.8074,5,4.76613665
2.72920,2727,580.3914,562.8118,5,5.07697153
2.72925,2728,580.3914,562.816467,5,5.09878445
2.73046,2729,580.3914,562.8211,5,5.109691
2.73231,2730,580.3914,562.825867,5,4.98426628
2.73235,2731,580.3914,562.8318,5,4.82612228
2.73355,2732,580.3914,562.8365,5,5.05515862
2.73357,2733,580.3914,562.8414,5,4.98426628
2.73534,2734,580.3914,562.845947,5,5.087878
2.73717,2735,580.3914,562.851257,5,4.88065434
2.73719,2736,580.3914,562.8569,5,4.92973375
2.73844,2737,580.3914,562.86145,5,5.066065
2.74026,2738,580.3914,562.866333,5,5.038799
2.74027,2739,580.3914,562.871,5,5.07697153
2.74155,2740,580.3914,562.876648,5,4.858842
2.74158,2741,580.3914,562.8816,5,5.006079
2.74334,2742,580.3914,562.8864,5,4.97335958
2.74522,2743,580.3914,562.891541,5,5.087878
2.74524,2744,580.3914,562.896545,5,5.07697153
2.74643,2745,580.3914,562.9021,5,5.006079
2.74827,2746,580.3914,562.9067,5,5.153317
2.74830,2747,580.3914,562.9116,5,5.016986
2.74952,2748,580.3914,562.916443,5,5.05515862
2.74954,2749,580.3914,562.9218,5,4.891561
2.75134,2750,580.3914,562.927063,5,4.995173
2.75320,2751,580.3914,562.9317,5,5.05515862
2.75323,2752,580.3914,562.936768,5,5.006079
2.75443,2753,580.3914,562.941467,5,5.038799
2.75626,2754,580.3914,562.9471,5,4.88065434
2.75627,2755,580.3914,562.9519,5,5.05515862
2.75752,2756,580.3914,562.9571,5,4.995173
2.75753,2757,580.3914,562.9619,5,5.066065
2.75933,2758,580.3914,562.9668,5,5.02789259
2.76119,2759,580.3914,562.9722,5,4.97335958
2.76122,2760,580.3914,562.976563,5,5.05515862
2.76244,2761,580.3914,562.9819,5,4.90246725
2.76426,2762,580.3914,562.987061,5,5.066065
2.76427,2763,580.3914,562.992065,5,4.97335958
2.76552,2764,580.3914,562.9968,5,5.02789259
2.76554,2765,580.3914,563.0017,5,4.995173
2.76740,2766,580.3914,563.0123,5,5.07697153
2.76919,2767,580.3914,563.0176,5,5.038799
2.76923,2768,580.3914,563.0216,5,5.109691
2.77043,2769,580.3914,563.0269,5,4.88065434
2.77225,2770,580.3914,563.0326,5,4.891561
2.77226,2771,580.3914,563.037537,5,4.995173
2.77351,2772,580.3914,563.0424,5,5.038799
2.77352,2773,580.3914,563.046631,5,5.153317
2.77580,2774,580.3914,563.0521,5,4.837029
2.77718,2775,580.3914,563.0573,5,4.913374
2.77721,2776,580.3914,563.0624,5,4.913374
2.77843,2777,580.3914,563.067261,5,5.07697153
2.78028,2778,580.3914,563.0718,5,5.07697153
2.78030,2779,580.3914,563.0772,5,4.88065434
2.78151,2780,580.3914,563.0821,5,4.98426628
2.78155,2781,580.3914,563.0876,5,4.90246725
2.78334,2782,580.3914,563.0923,5,5.14241028
2.78519,2783,580.3914,563.097,5,5.038799
2.78521,2784,580.3914,563.1019,5,4.95154667
2.78644,2785,580.3914,563.106934,5,4.913374
2.78828,2786,580.3914,563.112732,5,4.90246725
2.78830,2787,580.3914,563.1171,5,5.14241028
2.78952,2788,580.3914,563.122,5,4.995173
2.78954,2789,580.3914,563.1266,5,5.016986
2.79137,2790,580.3914,563.1321,5,4.798856
2.79320,2791,580.3914,563.137756,5,4.94064
2.79322,2792,580.3914,563.142334,5,5.14241028
2.79442,2793,580.3914,563.1471,5,5.087878
2.79627,2794,580.3914,563.1517,5,5.09878445
2.79629,2795,580.3914,563.1575,5,4.82612228
2.79753,2796,580.3914,563.1626,5,5.006079
2.79756,2797,580.3914,563.167236,5,5.006079
2.79937,2798,580.3914,563.171936,5,5.066065
2.80120,2799,580.3914,563.1768,5,4.98426628
2.80122,2800,580.3914,563.1826,5,4.837029
2.80243,2801,580.3914,563.1873,5,5.066065
2.80429,2802,580.3914,563.192261,5,5.006079
2.80431,2803,580.3914,563.1968,5,5.087878
2.80552,2804,580.3914,563.202148,5,4.891561
2.80554,2805,580.3914,563.2075,5,4.92973375
2.80735,2806,580.3914,563.2121,5,4.995173
2.80921,2807,580.3914,563.2173,5,4.98426628
2.80926,2808,580.3914,563.222046,5,5.12059736
2.81044,2809,580.3914,563.2276,5,4.94064
2.81230,2810,580.3914,563.2325,5,5.09878445
2.81234,2811,580.3914,563.237244,5,5.02789259
2.81352,2812,580.3914,563.242432,5,4.995173
2.81354,2813,580.3914,563.247437,5,4.96245337
2.81537,2814,580.3914,563.2527,5,4.88065434
2.81717,2815,580.3914,563.2579,5,5.087878
2.81718,2816,580.3914,563.262634,5,4.995173
2.81842,2817,580.3914,563.2673,5,5.066065
2.82028,2818,580.3914,563.2731,5,4.90246725
2.82030,2819,580.3914,563.278137,5,4.96245337
2.82152,2820,580.3914,563.2828,5,5.02789259
2.82155,2821,580.3914,563.287659,5,4.97335958
2.82338,2822,580.3914,563.292542,5,5.087878
2.82519,2823,580.3914,563.2976,5,4.913374
2.82523,2824,580.3914,563.3022,5,5.05515862
2.82646,2825,580.3914,563.307739,5,4.92973375
2.82830,2826,580.3914,563.313,5,4.96245337
2.82832,2827,580.3914,563.3173,5,5.02789259
2.82952,2828,580.3914,563.322754,5,4.94064
2.82954,2829,580.3914,563.3267,5,5.07697153
2.83136,2830,580.3914,563.3326,5,4.858842
2.83321,2831,580.3914,563.338,5,5.02789259
2.83324,2832,580.3914,563.342957,5,5.05515862
2.83442,2833,580.3914,563.347351,5,5.087878
2.83629,2834,580.3914,563.352,5,5.016986
2.83631,2835,580.3914,563.358,5,4.837029
2.83752,2836,580.3914,563.363,5,5.016986
2.83756,2837,580.3914,563.368,5,4.995173
2.83936,2838,580.3914,563.3723,5,5.191489
2.84121,2839,580.3914,563.3773,5,4.97335958
2.84123,2840,580.3914,563.3828,5,4.858842
2.84247,2841,580.3914,563.387756,5,4.95154667
2.84426,2842,580.3914,563.392944,5,4.97335958
2.84428,2843,580.3914,563.397339,5,5.153317
2.84553,2844,580.3914,563.4026,5,4.92973375
2.84555,2845,580.3914,563.4076,5,4.97335958
2.84742,2846,580.3914,563.412842,5,4.92973375
2.84922,2847,580.3914,563.418,5,5.05515862
2.84925,2848,580.3914,563.4225,5,5.14241028
2.85042,2849,580.3914,563.427551,5,4.94064
2.85229,2850,580.3914,563.432251,5,4.96245337
2.85232,2851,580.3914,563.438049,5,4.82612228
2.85352,2852,580.3914,563.4429,5,5.066065
2.85354,2853,580.3914,563.447449,5,5.038799
2.85536,2854,580.3914,563.4522,5,4.98426628
2.85719,2855,580.3914,563.4575,5,4.913374
2.85721,2856,580.3914,563.463257,5,4.798856
2.85843,2857,580.3914,563.4679,5,5.13150358
2.86027,2858,580.3914,563.4727,5,5.066065
2.86029,2859,580.3914,563.4772,5,5.12059736
2.86153,2860,580.3914,563.4826,5,4.913374
2.86154,2861,580.3914,563.4883,5,4.90246725
2.86336,2862,580.3914,563.492737,5,5.07697153
2.86522,2863,580.3914,563.4976,5,5.016986
2.86524,2864,580.3914,563.5022,5,5.07697153
2.86643,2865,580.3914,563.507935,5,4.837029
2.86830,2866,580.3914,563.513,5,4.995173
2.86833,2867,580.3914,563.522461,5,5.066065
2.86952,2868,580.3914,563.527344,5,5.006079
2.86954,2869,580.3914,563.5331,5,4.858842
2.87137,2870,580.3914,563.537659,5,5.02789259
2.87321,2871,580.3914,563.542847,5,4.96245337
2.87325,2872,580.3914,563.5477,5,5.13150358
2.87442,2873,580.3914,563.5531,5,5.016986
2.87630,2874,580.3914,563.55835,5,5.038799
2.87634,2875,580.3914,563.562866,5,5.109691
2.87753,2876,580.3914,563.568,5,4.98426628
2.87754,2877,580.3914,563.5727,5,5.038799
2.87942,2878,580.3914,563.578369,5,4.858842
2.88122,2879,580.3914,563.5832,5,5.066065
2.88125,2880,580.3914,563.5881,5,5.038799
2.88243,2881,580.3914,563.592957,5,5.038799
2.88428,2882,580.3914,563.597961,5,5.006079
2.88430,2883,580.3914,563.6035,5,4.913374
2.88551,2884,580.3914,563.6081,5,5.09878445
2.88554,2885,580.3914,563.6133,5,4.98426628
2.88737,2886,580.3914,563.618164,5,5.109691
2.88918,2887,580.3914,563.6234,5,4.98426628
2.88920,2888,580.3914,563.628357,5,5.006079
2.89043,2889,580.3914,563.6329,5,5.016986
2.89228,2890,580.3914,563.6384,5,4.92973375
2.89230,2891,580.3914,563.643433,5,5.066065
2.89354,2892,580.3914,563.648865,5,4.95154667
2.89356,2893,580.3914,563.6532,5,5.087878
2.89539,2894,580.3914,563.658447,5,4.94064
2.89721,2895,580.3914,563.664063,5,4.96245337
2.89724,2896,580.3914,563.669067,5,5.07697153
2.89842,2897,580.3914,563.673645,5,5.038799
2.90028,2898,580.3914,563.6779,5,5.07697153
2.90031,2899,580.3914,563.6838,5,4.837029
2.90152,2900,580.3914,563.689,5,4.98426628
2.90155,2901,580.3914,563.6941,5,4.98426628
2.90339,2902,580.3914,563.698547,5,5.13150358
2.90519,2903,580.3914,563.7032,5,5.087878
2.90523,2904,580.3914,563.708862,5,4.82612228
2.90643,2905,580.3914,563.713745,5,4.95154667
2.90831,2906,580.3914,563.719055,5,4.913374
2.90834,2907,580.3914,563.72345,5,5.14241028
2.90952,2908,580.3914,563.7285,5,4.995173
2.90956,2909,580.3914,563.7337,5,4.92973375
2.91139,2910,580.3914,563.7387,5,4.97335958
2.91319,2911,580.3914,563.7442,5,4.96245337
2.91322,2912,580.3914,563.7486,5,5.191489
2.91443,2913,580.3914,563.7536,5,4.97335958
2.91632,2914,580.3914,563.758667,5,4.97335958
2.91635,2915,580.3914,563.7639,5,4.858842
2.91752,2916,580.3914,563.7691,5,4.98426628
2.91754,2917,580.3914,563.7739,5,5.109691
2.91940,2918,580.3914,563.778748,5,4.98426628
2.92119,2919,580.3914,563.783447,5,4.98426628
2.92120,2920,580.3914,563.789856,5,4.76613665
2.92242,2921,580.3914,563.7947,5,5.066065
2.92430,2922,580.3914,563.799438,5,5.109691
2.92433,2923,580.3914,563.80365,5,5.12059736
2.92560,2924,580.3914,563.8089,5,5.016986
2.92564,2925,580.3914,563.8144,5,4.847935
2.92736,2926,580.3914,563.8189,5,5.087878
2.92922,2927,580.3914,563.8238,5,5.006079
2.92925,2928,580.3914,563.8283,5,5.109691
2.93043,2929,580.3914,563.8338,5,4.88065434
2.93228,2930,580.3914,563.8392,5,4.891561
2.93230,2931,580.3914,563.84375,5,5.038799
2.93352,2932,580.3914,563.848633,5,4.995173
2.93354,2933,580.3914,563.8532,5,5.038799
2.93538,2934,580.3914,563.8589,5,4.798856
2.93722,2935,580.3914,563.863647,5,4.95154667
2.93725,2936,580.3914,563.8685,5,4.94064
2.93844,2937,580.3914,563.8736,5,5.016986
2.94028,2938,580.3914,563.87854,5,5.05515862
2.94030,2939,580.3914,563.884033,5,4.94064
2.94153,2940,580.3914,563.88855,5,5.12059736
2.94154,2941,580.3914,563.893555,5,4.98426628
2.94340,2942,580.3914,563.8983,5,5.006079
2.94522,2943,580.3914,563.9036,5,4.891561
2.94524,2944,580.3914,563.9092,5,4.94064
2.94644,2945,580.3914,563.9135,5,5.05515862
2.94829,2946,580.3914,563.9186,5,4.995173
2.94831,2947,580.3914,563.9233,5,5.05515862
2.94951,2948,580.3914,563.9289,5,4.869748
2.94953,2949,580.3914,563.9337,5,5.016986
2.95138,2950,580.3914,563.9386,5,5.006079
2.95321,2951,580.3914,563.944031,5,5.016986
2.95323,2952,580.3914,563.949,5,5.066065
2.95443,2953,580.3914,563.954346,5,4.95154667
2.95627,2954,580.3914,563.9587,5,5.07697153
2.95630,2955,580.3914,563.9641,5,4.913374
2.95752,2956,580.3914,563.9691,5,5.05515862
2.95755,2957,580.3914,563.973938,5,4.995173
2.95946,2958,580.3914,563.978943,5,5.006079
2.96120,2959,580.3914,563.983643,5,5.02789259
2.96122,2960,580.3914,563.989441,5,4.88065434
2.96243,2961,580.3914,563.9944,5,5.087878
2.96432,2962,580.3914,563.9994,5,5.038799
2.96436,2963,580.3914,564.00354,5,5.12059736
2.96551,2964,580.3914,564.0089,5,4.94064
2.96552,2965,580.3914,564.0145,5,4.88065434
2.96738,2966,580.3914,564.019531,5,5.016986
2.96919,2967,580.3914,564.024353,5,5.038799
2.96921,2968,580.3914,564.034241,5,4.891561
2.97044,2969,580.3914,564.0393,5,4.913374
2.97229,2970,580.3914,564.0445,5,4.94064
2.97231,2971,580.3914,564.049255,5,5.066065
2.97352,2972,580.3914,564.0539,5,5.12059736
2.97357,2973,580.3914,564.0594,5,4.913374
2.97577,2974,580.3914,564.0642,5,5.006079
2.97724,2975,580.3914,564.0698,5,4.92973375
2.97727,2976,580.3914,564.074463,5,5.164223
2.97844,2977,580.3914,564.0792,5,5.087878
2.98030,2978,580.3914,564.0841,5,4.96245337
2.98034,2979,580.3914,564.0894,5,4.95154667
2.98153,2980,580.3914,564.095032,5,4.913374
2.98154,2981,580.3914,564.0994,5,5.153317
2.98339,2982,580.3914,564.1044,5,5.016986
2.98520,2983,580.3914,564.1089,5,5.05515862
2.98523,2984,580.3914,564.1147,5,4.837029
2.98649,2985,580.3914,564.1201,5,4.95154667
2.98832,2986,580.3914,564.1247,5,5.164223
2.98834,2987,580.3914,564.129456,5,5.087878
2.98954,2988,580.3914,564.134155,5,5.09878445
2.98956,2989,580.3914,564.140137,5,4.837029
2.99134,2990,580.3914,564.1449,5,5.016986
2.99320,2991,580.3914,564.1497,5,5.016986
2.99323,2992,580.3914,564.1543,5,5.07697153
2.99445,2993,580.3914,564.1595,5,4.98426628
2.99635,2994,580.3914,564.1651,5,4.837029
2.99641,2995,580.3914,564.169739,5,5.07697153
2.99752,2996,580.3914,564.1747,5,5.006079
2.99754,2997,580.3914,564.17926,5,5.09878445
2.99937,2998,580.3914,564.1848,5,4.90246725
3.00122,2999,580.3914,564.1899,5,4.92973375
3.00126,3000,580.3914,564.1947,5,5.006079
3.00249,3001,580.3914,564.1998,5,4.995173
3.00433,3002,580.3914,564.204651,5,5.13150358
3.00436,3003,580.3914,564.2103,5,4.95154667
3.00551,3004,580.3914,564.2149,5,5.109691
3.00552,3005,580.3914,564.219849,5,5.02789259
3.00739,3006,580.3914,564.2247,5,5.006079
3.00925,3007,580.3914,564.229858,5,4.96245337
3.00929,3008,580.3914,564.235352,5,4.90246725
3.01042,3009,580.3914,564.2399,5,5.09878445
3.01233,3010,580.3914,564.245,5,5.006079
3.01237,3011,580.3914,564.249634,5,5.087878
3.01354,3012,580.3914,564.2552,5,4.913374
3.01358,3013,580.3914,564.2605,5,4.995173
3.01537,3014,580.3914,564.265259,5,5.038799
3.01719,3015,580.3914,564.2705,5,4.995173
3.01722,3016,580.3914,564.2757,5,4.92973375
3.01844,3017,580.3914,564.281067,5,5.07697153
3.02030,3018,580.3914,564.2854,5,4.94064
3.02033,3019,580.3914,564.2908,5,4.995173
3.02151,3020,580.3914,564.2959,5,5.05515862
3.02153,3021,580.3914,564.301,5,4.97335958
3.02338,3022,580.3914,564.3058,5,5.09878445
3.02518,3023,580.3914,564.3104,5,4.891561
3.02520,3024,580.3914,564.3162,5,5.07697153
3.02642,3025,580.3914,564.321045,5,5.07697153
3.02826,3026,580.3914,564.32605,5,5.066065
3.02829,3027,580.3914,564.3302,5,5.12059736
3.02957,3028,580.3914,564.3353,5,4.995173
3.02960,3029,580.3914,564.3412,5,4.858842
3.03137,3030,580.3914,564.346,5,5.02789259
3.03321,3031,580.3914,564.351,5,4.995173
3.03324,3032,580.3914,564.355164,5,5.202396
3.03444,3033,580.3914,564.3606,5,4.94064
3.03629,3034,580.3914,564.3657,5,4.869748
3.03631,3035,580.3914,564.37085,5,4.913374
3.03753,3036,580.3914,564.375732,5,4.97335958
3.03755,3037,580.3914,564.3801,5,5.12059736
3.03938,3038,580.3914,564.385559,5,4.869748
3.04119,3039,580.3914,564.3904,5,4.94064
3.04121,3040,580.3914,564.3959,5,4.88065434
3.04249,3041,580.3914,564.4007,5,5.038799
3.04427,3042,580.3914,564.4053,5,5.09878445
3.04429,3043,580.3914,564.4102,5,4.90246725
3.04554,3044,580.3914,564.4151,5,4.92973375
3.04556,3045,580.3914,564.4209,5,4.81521559
3.04739,3046,580.3914,564.4254,5,5.066065
3.04921,3047,580.3914,564.4301,5,5.016986
3.04924,3048,580.3914,564.4348,5,4.995173
3.05044,3049,580.3914,564.440063,5,4.891561
3.05228,3050,580.3914,564.446,5,4.81521559
3.05230,3051,580.3914,564.450562,5,5.153317
3.05354,3052,580.3914,564.4554,5,5.087878
3.05357,3053,580.3914,564.4599,5,5.14241028
3.05537,3054,580.3914,564.4657,5,4.913374
3.05720,3055,580.3914,564.4709,5,4.92973375
3.05723,3056,580.3914,564.4755,5,5.07697153
3.05842,3057,580.3914,564.4803,5,5.038799
3.06029,3058,580.3914,564.4851,5,5.07697153
3.06032,3059,580.3914,564.491,5,4.847935
3.06154,3060,580.3914,564.4957,5,5.02789259
3.06160,3061,580.3914,564.5007,5,5.038799
3.06341,3062,580.3914,564.505249,5,5.09878445
3.06519,3063,580.3914,564.5105,5,5.006079
3.06521,3064,580.3914,564.516,5,4.88065434
3.06647,3065,580.3914,564.520569,5,5.05515862
3.06832,3066,580.3914,564.53064,5,5.14241028
3.06836,3067,580.3914,564.5362,5,5.006079
3.06952,3068,580.3914,564.5362,5,5.006079
3.06954,3069,580.3914,564.5459,5,5.09878445
3.07139,3070,580.3914,564.550842,5,4.995173
3.07318,3071,580.3914,564.5557,5,5.038799
3.07322,3072,580.3914,564.5614,5,4.869748
3.07442,3073,580.3914,564.566,5,5.087878
3.07628,3074,580.3914,564.571045,5,5.02789259
3.07631,3075,580.3914,564.575745,5,5.05515862
3.07770,3076,580.3914,564.5811,5,4.98426628
3.07774,3077,580.3914,564.5864,5,4.94064
3.07939,3078,580.3914,564.591064,5,5.09878445
3.08117,3079,580.3914,564.596558,5,5.12059736
3.08121,3080,580.3914,564.6014,5,4.96245337
3.08243,3081,580.3914,564.6069,5,5.02789259
3.08429,3082,580.3914,564.6114,5,4.995173
3.08431,3083,580.3914,564.6164,5,4.94064
3.08553,3084,580.3914,564.621765,5,5.07697153
3.08555,3085,580.3914,564.626648,5,4.94064
3.08738,3086,580.3914,564.6318,5,5.087878
3.08918,3087,580.3914,564.6361,5,4.913374
3.08922,3088,580.3914,564.641663,5,4.97335958
3.09044,3089,580.3914,564.647,5,5.07697153
3.09240,3090,580.3914,564.652,5,5.05515862
3.09243,3091,580.3914,564.6563,5,5.05515862
3.09355,3092,580.3914,564.661,5,4.82612228
3.09356,3093,580.3914,564.667053,5,4.995173
3.09542,3094,580.3914,564.672058,5,4.995173
3.09717,3095,580.3914,564.677063,5,5.164223
3.09719,3096,580.3914,564.6813,5,5.066065
3.09844,3097,580.3914,564.6864,5,4.837029
3.10028,3098,580.3914,564.6922,5,4.96245337
3.10031,3099,580.3914,564.697144,5,4.94064
3.10154,3100,580.3914,564.7023,5,5.164223
3.10156,3101,580.3914,564.706665,5,4.97335958
3.10340,3102,580.3914,564.712036,5,4.95154667
3.10517,3103,580.3914,564.717041,5,4.96245337
3.10518,3104,580.3914,564.722351,5,4.995173
3.10642,3105,580.3914,564.727356,5,5.180583
3.10827,3106,580.3914,564.731934,5,4.96245337
3.10831,3107,580.3914,564.737,5,4.97335958
3.10952,3108,580.3914,564.74176,5,4.847935
3.10953,3109,580.3914,564.7476,5,5.02789259
3.11136,3110,580.3914,564.752258,5,5.087878
3.11318,3111,580.3914,564.756958,5,4.98426628
3.11319,3112,580.3914,564.761963,5,4.97335958
3.11444,3113,580.3914,564.766846,5,4.777043
3.11627,3114,580.3914,564.772766,5,5.109691
3.11636,3115,580.3914,564.777344,5,5.09878445
3.11753,3116,580.3914,564.7822,5,5.14241028
3.11755,3117,580.3914,564.787048,5,4.98426628
3.11939,3118,580.3914,564.7928,5,4.88065434
3.12118,3119,580.3914,564.798035,5,5.09878445
3.12120,3120,580.3914,564.8026,5,5.006079
3.12242,3121,580.3914,564.8074,5,5.09878445
3.12425,3122,580.3914,564.8122,5,4.869748
3.12426,3123,580.3914,564.818,5,4.95154667
3.12573,3124,580.3914,564.8228,5,5.05515862
3.12577,3125,580.3914,564.827637,5,5.05515862
3.12742,3126,580.3914,564.8323,5,5.038799
3.12921,3127,580.3914,564.8371,5,4.837029
3.12924,3128,580.3914,564.842651,5,5.006079
3.13043,3129,580.3914,564.8472,5,4.95154667
3.13226,3130,580.3914,564.8524,5,5.07697153
3.13227,3131,580.3914,564.8572,5,5.02789259
3.13357,3132,580.3914,564.8627,5,4.97335958
3.13359,3133,580.3914,564.8676,5,5.109691
3.13539,3134,580.3914,564.8723,5,4.96245337
3.13717,3135,580.3914,564.877258,5,5.016986
3.13719,3136,580.3914,564.882,5,4.847935
3.13843,3137,580.3914,564.887634,5,4.98426628
3.14025,3138,580.3914,564.8924,5,5.02789259
3.14027,3139,580.3914,564.8973,5,4.98426628
3.14152,3140,580.3914,564.9021,5,5.02789259
3.14153,3141,580.3914,564.907166,5,4.858842
3.14337,3142,580.3914,564.912659,5,5.066065
3.14520,3143,580.3914,564.917236,5,4.98426628
3.14522,3144,580.3914,564.9224,5,5.066065
3.14648,3145,580.3914,564.927246,5,5.02789259
3.14830,3146,580.3914,564.9326,5,4.97335958
3.14832,3147,580.3914,564.937439,5,5.038799
3.14952,3148,580.3914,564.942,5,4.891561
3.14953,3149,580.3914,564.9475,5,5.05515862
3.15138,3150,580.3914,564.9525,5,4.97335958
3.15318,3151,580.3914,564.957642,5,5.038799
3.15319,3152,580.3914,564.962036,5,5.006079
3.15445,3153,580.3914,564.9672,5,4.90246725
3.15626,3154,580.3914,564.972839,5,5.087878
3.15628,3155,580.3914,564.9779,5,5.038799
3.15750,3156,580.3914,564.9825,5,5.109691
3.15752,3157,580.3914,564.986755,5,4.891561
3.15936,3158,580.3914,564.9927,5,4.92973375
3.16117,3159,580.3914,564.998,5,5.016986
3.16119,3160,580.3914,565.002869,5,5.07697153
3.16244,3161,580.3914,565.0074,5,5.153317
3.16425,3162,580.3914,565.0121,5,4.847935
3.16426,3163,580.3914,565.0177,5,4.94064
3.16557,3164,580.3914,565.022644,5,4.92973375
3.16560,3165,580.3914,565.0279,5,5.09878445
3.16734,3166,580.3914,565.032349,5,5.07697153
3.16918,3167,580.3914,565.0426,5,4.995173
3.16920,3168,580.3914,565.047668,5,4.913374
3.17047,3169,580.3914,565.05304,5,5.164223
3.17227,3170,580.3914,565.057434,5,5.016986
3.17229,3171,580.3914,565.057434,5,5.016986
3.17352,3172,580.3914,565.0672,5,4.891561
3.17353,3173,580.3914,565.072754,5,4.90246725
3.17579,3174,580.3914,565.077942,5,5.12059736
3.17722,3175,580.3914,565.0824,5,4.97335958
3.17724,3176,580.3914,565.0872,5,5.006079
3.17848,3177,580.3914,565.091858,5,4.76613665
3.18025,3178,580.3914,565.0979,5,4.95154667
3.18027,3179,580.3914,565.1029,5,5.13150358
3.18153,3180,580.3914,565.1076,5,5.07697153
3.18156,3181,580.3914,565.112061,5,5.07697153
3.18333,3182,580.3914,565.1171,5,4.798856
3.18516,3183,580.3914,565.123,5,5.006079
3.18518,3184,580.3914,565.127563,5,4.98426628
3.18645,3185,580.3914,565.132446,5,5.066065
3.18826,3186,580.3914,565.136963,5,4.96245337
3.18828,3187,580.3914,565.1424,5,4.82612228
3.18953,3188,580.3914,565.147766,5,5.05515862
3.18955,3189,580.3914,565.1524,5,4.98426628
3.19136,3190,580.3914,565.1573,5,5.07697153
3.19319,3191,580.3914,565.161865,5,4.88065434
3.19321,3192,580.3914,565.167542,5,4.913374
3.19444,3193,580.3914,565.172363,5,4.995173
3.19627,3194,580.3914,565.177246,5,4.98426628
3.19631,3195,580.3914,565.1824,5,5.109691
3.19755,3196,580.3914,565.1873,5,4.94064
3.19757,3197,580.3914,565.1928,5,5.109691
3.19934,3198,580.3914,565.1974,5,5.02789259
3.20116,3199,580.3914,565.2024,5,4.995173
3.20118,3200,580.3914,565.207153,5,4.95154667
3.20245,3201,580.3914,565.2125,5,4.891561
3.20429,3202,580.3914,565.2178,5,5.087878
3.20431,3203,580.3914,565.2224,5,4.995173
3.20556,3204,580.3914,565.2275,5,5.066065
3.20559,3205,580.3914,565.2321,5,4.90246725
3.20737,3206,580.3914,565.2381,5,4.97335958
3.20921,3207,580.3914,565.2428,5,5.02789259
3.20924,3208,580.3914,565.2477,5,4.98426628
3.21046,3209,580.3914,565.252869,5,5.09878445
3.21226,3210,580.3914,565.2578,5,4.92973375
3.21228,3211,580.3914,565.2631,5,5.066065
3.21357,3212,580.3914,565.267456,5,4.94064
3.21361,3213,580.3914,565.2729,5,4.98426628
3.21534,3214,580.3914,565.2782,5,5.038799
3.21717,3215,580.3914,565.2834,5,4.95154667
3.21718,3216,580.3914,565.2877,5,5.07697153
3.21844,3217,580.3914,565.2928,5,4.869748
3.22029,3218,580.3914,565.2986,5,5.02789259
3.22032,3219,580.3914,565.3035,5,5.038799
3.22157,3220,580.3914,565.3084,5,5.087878
3.22160,3221,580.3914,565.312561,5,5.006079
3.22334,3222,580.3914,565.318,5,4.82612228
3.22516,3223,580.3914,565.323669,5,5.006079
3.22518,3224,580.3914,565.3282,5,4.995173
3.22644,3225,580.3914,565.333069,5,5.191489
3.22826,3226,580.3914,565.337341,5,4.96245337
3.22827,3227,580.3914,565.3429,5,4.869748
3.22955,3228,580.3914,565.348,5,4.94064
3.22958,3229,580.3914,565.3532,5,4.98426628
3.23134,3230,580.3914,565.3579,5,5.153317
3.23317,3231,580.3914,565.362549,5,4.913374
3.23319,3232,580.3914,565.368,5,4.97335958
3.23443,3233,580.3914,565.3728,5,4.913374
3.23629,3234,580.3914,565.3783,5,5.05515862
3.23631,3235,580.3914,565.383057,5,5.13150358
3.23752,3236,580.3914,565.3877,5,4.92973375
3.23755,3237,580.3914,565.3926,5,4.95154667
3.23934,3238,580.3914,565.3977,5,4.82612228
3.24116,3239,580.3914,565.4034,5,5.066065
3.24117,3240,580.3914,565.4078,5,5.02789259
3.24244,3241,580.3914,565.412659,5,4.98426628
3.24427,3242,580.3914,565.4172,5,4.90246725
3.24429,3243,580.3914,565.4228,5,4.81521559
3.24556,3244,580.3914,565.428467,5,5.14241028
3.24559,3245,580.3914,565.433,5,5.07697153
3.24733,3246,580.3914,565.437744,5,5.13150358
3.24919,3247,580.3914,565.4423,5,4.913374
3.24922,3248,580.3914,565.4483,5,4.913374
3.25044,3249,580.3914,565.4532,5,5.07697153
3.25226,3250,580.3914,565.4579,5,5.016986
3.25227,3251,580.3914,565.4629,5,5.07697153
3.25352,3252,580.3914,565.4675,5,4.82612228
3.25357,3253,580.3914,565.4733,5,4.995173
3.25534,3254,580.3914,565.477966,5,5.016986
3.25721,3255,580.3914,565.4829,5,5.066065
3.25724,3256,580.3914,565.4874,5,4.98426628
3.25846,3257,580.3914,565.4928,5,4.847935
3.26026,3258,580.3914,565.4981,5,5.02789259
3.26031,3259,580.3914,565.502747,5,4.95154667
3.26155,3260,580.3914,565.507935,5,5.109691
3.26157,3261,580.3914,565.5127,5,4.995173
3.26338,3262,580.3914,565.5184,5,5.016986
3.26522,3263,580.3914,565.523,5,5.087878
3.26526,3264,580.3914,565.5328,5,5.016986
3.26645,3265,580.3914,565.5377,5,4.847935
3.26827,3266,580.3914,565.5437,5,5.038799
3.26829,3267,580.3914,565.5483,5,5.016986
3.26952,3268,580.3914,565.5533,5,5.016986
3.26953,3269,580.3914,565.5576,5,4.98426628
3.27134,3270,580.3914,565.563,5,4.891561
3.27320,3271,580.3914,565.568237,5,5.07697153
3.27323,3272,580.3914,565.5732,5,4.97335958
3.27443,3273,580.3914,565.5784,5,5.087878
3.27630,3274,580.3914,565.5831,5,4.97335958
3.27632,3275,580.3914,565.5886,5,4.995173
3.27758,3276,580.3914,565.5931,5,5.006079
3.27760,3277,580.3914,565.598145,5,4.90246725
3.27935,3278,580.3914,565.6034,5,5.05515862
3.28120,3279,580.3914,565.6084,5,4.95154667
3.28122,3280,580.3914,565.6137,5,5.066065
3.28250,3281,580.3914,565.6178,5,4.94064
3.28429,3282,580.3914,565.623352,5,4.94064
3.28431,3283,580.3914,565.6287,5,5.066065
3.28552,3284,580.3914,565.633667,5,5.02789259
3.28553,3285,580.3914,565.637939,5,5.07697153
3.28734,3286,580.3914,565.642639,5,4.82612228
3.28919,3287,580.3914,565.6486,5,4.95154667
3.28921,3288,580.3914,565.653564,5,4.98426628
3.29043,3289,580.3914,565.6586,5,5.09878445
3.29233,3290,580.3914,565.663147,5,5.109691
3.29239,3291,580.3914,565.667969,5,4.82612228
3.29353,3292,580.3914,565.6734,5,4.94064
3.29356,3293,580.3914,565.678345,5,4.913374
3.29537,3294,580.3914,565.683533,5,5.13150358
3.29721,3295,580.3914,565.6879,5,5.016986
3.29723,3296,580.3914,565.6932,5,4.913374
3.29844,3297,580.3914,565.6982,5,4.97335958
3.30029,3298,580.3914,565.7035,5,4.92973375
