t,n,A,B,C,D
0.00322,0,449.714142,450.04953,-0.335388184,-0.0272662267
0.00326,1,449.714142,450.04953,-0.335388184,-0.0163597353
0.00453,2,449.714142,450.049561,-0.3354187,-0.0163597353
0.00458,3,449.714142,450.049561,-0.3354187,0
0.00641,4,449.714142,450.049561,-0.3354187,0
0.00806,5,449.714142,450.049561,-0.3354187,0
0.00810,6,449.714142,450.049561,-0.3354187,0
0.00934,7,449.714142,450.049561,-0.3354187,0
0.01114,8,449.714142,450.049561,-0.3354187,0
0.01118,9,449.714142,450.049561,-0.3354187,0
0.01235,10,449.714142,450.049561,-0.3354187,0
0.01237,11,449.714142,450.049561,-0.3354187,0
0.01426,12,449.714142,450.049561,-0.3354187,0
0.01604,13,449.714142,450.049561,-0.3354187,0
0.01606,14,449.714142,450.049561,-0.3354187,0
0.01728,15,449.714142,450.049561,-0.3354187,0
0.01910,16,449.714142,450.049561,-0.3354187,0
0.01911,17,449.714142,450.049561,-0.3354187,0
0.02034,18,449.714142,450.049561,-0.3354187,0
0.02036,19,449.714142,450.049561,-0.3354187,0
0.02223,20,449.714142,450.049561,-0.3354187,0
0.02401,21,449.714142,450.049561,-0.3354187,0
0.02403,22,449.714142,450.049561,-0.3354187,0
0.02529,23,449.714142,450.049561,-0.3354187,0
0.02712,24,449.714142,450.04953,-0.335388184,0
0.02714,25,449.714142,450.04953,-0.335388184,-0.0163597353
0.02836,26,449.714142,450.04953,-0.335388184,-0.0163597353
0.02838,27,449.714142,450.04953,-0.335388184,-0.0163597353
0.03028,28,449.714142,450.04953,-0.335388184,-0.0163597353
0.03205,29,449.714142,450.04953,-0.335388184,0
0.03208,30,449.714142,450.04953,-0.335388184,0
0.03329,31,449.714142,450.04953,-0.335388184,0
0.03510,32,449.714142,450.04953,-0.335388184,0
0.03512,33,449.714142,450.04953,-0.335388184,0
0.03639,34,449.714142,450.04953,-0.335388184,0
0.03642,35,449.714142,450.04953,-0.335388184,0
0.03831,36,449.714142,450.04953,-0.335388184,0
0.04005,37,449.714142,450.04953,-0.335388184,0
0.04009,38,449.714142,450.04953,-0.335388184,0
0.04134,39,449.714142,450.04953,-0.335388184,0
0.04312,40,449.714142,450.04953,-0.335388184,0
0.04316,41,449.714142,450.04953,-0.335388184,0
0.04436,42,449.714142,450.04953,-0.335388184,0
0.04438,43,449.714142,450.04953,-0.335388184,0
0.04626,44,449.714142,450.04953,-0.335388184,0
0.04803,45,449.714142,450.04953,-0.335388184,0
0.04805,46,449.714142,450.04953,-0.335388184,0
0.04927,47,449.714142,450.04953,-0.335388184,0
0.05110,48,449.714142,450.04953,-0.335388184,0
0.05112,49,449.714142,450.049469,-0.335327148,-0.0163597353
0.05238,50,449.714142,450.049469,-0.335327148,-0.0272662267
0.05241,51,449.714142,450.0494,-0.3352661,-0.0272662267
0.05461,52,449.714142,450.0494,-0.3352661,-0.0272662267
0.05604,53,449.714142,450.0494,-0.3352661,-0.0163597353
0.05606,54,449.714142,450.049377,-0.3352356,-0.0163597353
0.05727,55,449.714142,450.049377,-0.3352356,-0.0163597353
0.05911,56,449.714142,450.049377,-0.3352356,-0.0163597353
0.05913,57,449.714142,450.049377,-0.3352356,-0.0163597353
0.06039,58,449.714142,450.049377,-0.3352356,-0.0163597353
0.06041,59,449.714142,450.049377,-0.3352356,0
0.06225,60,449.714142,450.049377,-0.3352356,0
0.06403,61,449.714142,450.049377,-0.3352356,0
0.06407,62,449.714142,450.049377,-0.3352356,0
0.06525,63,449.714142,450.049377,-0.3352356,0
0.06711,64,449.714142,450.049377,-0.3352356,0
0.06713,65,449.714142,450.049377,-0.3352356,0
0.06836,66,449.714142,450.049377,-0.3352356,0
0.06837,67,449.714142,450.049377,-0.3352356,0
0.07028,68,449.714142,450.049377,-0.3352356,0
0.07204,69,449.714142,450.049377,-0.3352356,0
0.07206,70,449.714142,450.049377,-0.3352356,0
0.07326,71,449.714142,450.049377,-0.3352356,0
0.07511,72,449.714142,450.049377,-0.3352356,0
0.07515,73,449.714142,450.049377,-0.3352356,0
0.07635,74,449.714142,450.049377,-0.3352356,0
0.07639,75,449.714142,450.049377,-0.3352356,0
0.07826,76,449.714142,450.049377,-0.3352356,0
0.08003,77,449.714142,450.049377,-0.3352356,0
0.08007,78,449.714142,450.049377,-0.3352356,0
0.08127,79,449.714142,450.049377,-0.3352356,0
0.08312,80,449.714142,450.049377,-0.3352356,0
0.08317,81,449.714142,450.049377,-0.3352356,0
0.08438,82,449.714142,450.049377,-0.3352356,-0.0163597353
0.08440,83,449.714142,450.049377,-0.3352356,-0.0163597353
0.08630,84,449.714142,450.049377,-0.3352356,-0.0272662267
0.08804,85,449.714142,450.049377,-0.3352356,-0.0272662267
0.08807,86,449.714142,450.049316,-0.335174561,-0.0163597353
0.08927,87,449.714142,450.049316,-0.335174561,-0.0163597353
0.09112,88,449.714142,450.049316,-0.335174561,-0.0163597353
0.09115,89,449.714142,450.049316,-0.335174561,-0.0163597353
0.09236,90,449.714142,450.049316,-0.335174561,-0.0163597353
0.09237,91,449.714142,450.049316,-0.335174561,-0.0163597353
0.09427,92,449.714142,450.049316,-0.335174561,0
0.09603,93,449.714142,450.049316,-0.335174561,0
0.09608,94,449.714142,450.049316,-0.335174561,0
0.09727,95,449.714142,450.049316,-0.335174561,0
0.09912,96,449.714142,450.049316,-0.335174561,0
0.09915,97,449.714142,450.049316,-0.335174561,0
0.10040,98,449.714142,450.049316,-0.335174561,0
0.10044,99,449.714142,450.049316,-0.335174561,0
0.10228,100,449.714142,450.049316,-0.335174561,0
0.10400,101,449.714142,450.049316,-0.335174561,0
0.10405,102,449.714142,450.049316,-0.335174561,0
0.10528,103,449.714142,450.049316,-0.335174561,0
0.10712,104,449.714142,450.049316,-0.335174561,0
0.10715,105,449.714142,450.049316,-0.335174561,0
0.10836,106,449.714142,450.049316,-0.335174561,0
0.10837,107,449.714142,450.049316,-0.335174561,0
0.11029,108,449.714142,450.049316,-0.335174561,0
0.11201,109,449.714142,450.049316,-0.335174561,0
0.11203,110,449.714142,450.049316,-0.335174561,0
0.11330,111,449.714142,450.049316,-0.335174561,0
0.11515,112,449.714142,450.049316,-0.335174561,0
0.11519,113,449.714142,450.049316,-0.335174561,0
0.11637,114,449.714142,450.049316,-0.335174561,0
0.11639,115,449.714142,450.049316,-0.335174561,0
0.11831,116,449.714142,450.049255,-0.335113525,0
0.12000,117,449.714142,450.049255,-0.335113525,-0.0163597353
0.12001,118,449.714142,450.049255,-0.335113525,-0.0163597353
0.12127,119,449.714142,450.049255,-0.335113525,-0.0272662267
0.12311,120,449.714142,450.049225,-0.335083,-0.0272662267
0.12314,121,449.714142,450.049225,-0.335083,-0.0163597353
0.12438,122,449.714142,450.049225,-0.335083,-0.0163597353
0.12440,123,449.714142,450.049225,-0.335083,-0.0163597353
0.12623,124,449.714142,450.049225,-0.335083,-0.0163597353
0.12805,125,449.714142,450.049225,-0.335083,-0.0163597353
0.12808,126,449.714142,450.049225,-0.335083,-0.0163597353
0.12928,127,449.714142,450.049225,-0.335083,-0.0163597353
0.13116,128,449.714142,450.049225,-0.335083,0
0.13121,129,449.714142,450.049225,-0.335083,0
0.13235,130,449.714142,450.049225,-0.335083,0
0.13236,131,449.714142,450.049225,-0.335083,0
0.13431,132,449.714142,450.049225,-0.335083,0
0.13599,133,449.714142,450.049225,-0.335083,0
0.13601,134,449.714142,450.049225,-0.335083,0
0.13726,135,449.714142,450.049225,-0.335083,0
0.13912,136,449.714142,450.049225,-0.335083,0
0.13914,137,449.714142,450.049225,-0.335083,0
0.14039,138,449.714142,450.049225,-0.335083,0
0.14041,139,449.714142,450.049225,-0.335083,0
0.14228,140,449.714142,450.049225,-0.335083,0
0.14401,141,449.714142,450.049225,-0.335083,0
0.14403,142,449.714142,450.049225,-0.335083,0
0.14527,143,449.714142,450.049225,-0.335083,0
0.14712,144,449.714142,450.049225,-0.335083,0
0.14715,145,449.714142,450.049225,-0.335083,0
0.14835,146,449.714142,450.049225,-0.335083,0
0.14837,147,449.714142,450.049225,-0.335083,0
0.15026,148,449.714142,450.049225,-0.335083,0
0.15199,149,449.714142,450.049225,-0.335083,0
0.15200,150,449.714142,450.049225,-0.335083,0
0.15325,151,449.714142,450.049225,-0.335083,0
0.15511,152,449.714142,450.049225,-0.335083,0
0.15515,153,449.714142,450.049225,-0.335083,0
0.15636,154,449.714142,450.049225,-0.335083,0
0.15637,155,449.714142,450.049225,-0.335083,0
0.15826,156,449.714142,450.049225,-0.335083,0
0.16002,157,449.714142,450.049225,-0.335083,-0.0163597353
0.16004,158,449.714142,450.049164,-0.335021973,-0.0163597353
0.16127,159,449.714142,450.049164,-0.335021973,-0.0272662267
0.16310,160,449.714142,450.049164,-0.335021973,-0.0272662267
0.16312,161,449.714142,450.049164,-0.335021973,-0.0163597353
0.16438,162,449.714142,450.0491,-0.334960938,-0.0163597353
0.16440,163,449.714142,450.0491,-0.334960938,-0.0163597353
0.16627,164,449.714142,450.0491,-0.334960938,-0.0163597353
0.16799,165,449.714142,450.0491,-0.334960938,-0.0163597353
0.16801,166,449.714142,450.0491,-0.334960938,-0.0163597353
0.16925,167,449.714142,450.0491,-0.334960938,0
0.17115,168,449.714142,450.0491,-0.334960938,0
0.17119,169,449.714142,450.0491,-0.334960938,0
0.17239,170,449.714142,450.0491,-0.334960938,0
0.17240,171,449.714142,450.0491,-0.334960938,0
0.17428,172,449.714142,450.0491,-0.334960938,0
0.17601,173,449.714142,450.0491,-0.334960938,0
0.17603,174,449.714142,450.0491,-0.334960938,0
0.17734,175,449.714142,450.0491,-0.334960938,0
0.17911,176,449.714142,450.0491,-0.334960938,0
0.17912,177,449.714142,450.0491,-0.334960938,0
0.18037,178,449.714142,450.0491,-0.334960938,0
0.18039,179,449.714142,450.0491,-0.334960938,0
0.18226,180,449.714142,450.0491,-0.334960938,0
0.18400,181,449.714142,450.0491,-0.334960938,0
0.18402,182,449.714142,450.0491,-0.334960938,0
0.18525,183,449.714142,450.0491,-0.334960938,0
0.18709,184,449.714142,450.0491,-0.334960938,0
0.18711,185,449.714142,450.0491,-0.334960938,0
0.18836,186,449.714142,450.0491,-0.334960938,0
0.18837,187,449.714142,450.0491,-0.334960938,0
0.19028,188,449.714142,450.0491,-0.334960938,0
0.19202,189,449.714142,450.0491,-0.334960938,0
0.19204,190,449.714142,450.0491,-0.334960938,-0.0163597353
0.19329,191,449.714142,450.049072,-0.33493042,-0.0163597353
0.19510,192,449.714142,450.049072,-0.33493042,-0.0163597353
0.19513,193,449.714142,450.049072,-0.33493042,-0.0272662267
0.19637,194,449.714142,450.049,-0.334869385,-0.0272662267
0.19638,195,449.714142,450.049,-0.334869385,-0.0163597353
0.19827,196,449.714142,450.049,-0.334869385,-0.0163597353
0.20000,197,449.714142,450.049,-0.334869385,-0.0163597353
0.20001,198,449.714142,450.049,-0.334869385,-0.0163597353
0.20128,199,449.714142,450.049,-0.334869385,-0.0163597353
0.20311,200,449.714142,450.049,-0.334869385,-0.0163597353
0.20314,201,449.714142,450.049,-0.334869385,0
0.20454,202,449.714142,450.049,-0.334869385,0
0.20458,203,449.714142,450.049,-0.334869385,0
0.20630,204,449.714142,450.049,-0.334869385,0
0.20801,205,449.714142,450.049,-0.334869385,0
0.20803,206,449.714142,450.049,-0.334869385,0
0.20927,207,449.714142,450.049,-0.334869385,0
0.21109,208,449.714142,450.049,-0.334869385,0
0.21111,209,449.714142,450.049,-0.334869385,0
0.21236,210,449.714142,450.049,-0.334869385,0
0.21237,211,449.714142,450.049,-0.334869385,0
0.21427,212,449.714142,450.049,-0.334869385,0
0.21599,213,449.714142,450.049,-0.334869385,0
0.21601,214,449.714142,450.049,-0.334869385,0
0.21727,215,449.714142,450.049,-0.334869385,0
0.21909,216,449.714142,450.049,-0.334869385,0
0.21911,217,449.714142,450.049,-0.334869385,0
0.22036,218,449.714142,450.049,-0.334869385,0
0.22038,219,449.714142,450.049,-0.334869385,-0.0163597353
0.22228,220,449.714142,450.049,-0.334869385,-0.0163597353
0.22400,221,449.714142,450.049,-0.334869385,-0.0163597353
0.22403,222,449.714142,450.049,-0.334869385,-0.0163597353
0.22527,223,449.714142,450.049,-0.334869385,0
0.22711,224,449.714142,450.049,-0.334869385,0
0.22713,225,449.714142,450.049,-0.334869385,0
0.22837,226,449.714142,450.049,-0.334869385,0
0.22839,227,449.714142,450.049,-0.334869385,0
0.23024,228,449.714142,450.049,-0.334869385,0
0.23201,229,449.714142,450.049,-0.334869385,0
0.23204,230,449.714142,450.049,-0.334869385,0
0.23326,231,449.714142,450.049,-0.334869385,0
0.23513,232,449.714142,450.049,-0.334869385,0
0.23515,233,449.714142,450.049,-0.334869385,0
0.23636,234,449.714142,450.049,-0.334869385,0
0.23637,235,449.714142,450.049,-0.334869385,0
0.23824,236,449.714142,450.049,-0.334869385,0
0.24002,237,449.714142,450.049,-0.334869385,0
0.24004,238,449.714142,450.049,-0.334869385,0
0.24129,239,449.714142,450.04895,-0.33480835,-0.0163597353
0.24309,240,449.714142,450.04895,-0.33480835,-0.0163597353
0.24310,241,449.714142,450.04895,-0.33480835,-0.0272662267
0.24437,242,449.714142,450.04895,-0.33480835,-0.0272662267
0.24439,243,449.714142,450.04892,-0.334777832,-0.0163597353
0.24623,244,449.714142,450.04892,-0.334777832,-0.0163597353
0.24801,245,449.714142,450.04892,-0.334777832,-0.0163597353
0.24803,246,449.714142,450.048859,-0.3347168,-0.0163597353
0.24926,247,449.714142,450.048859,-0.3347168,-0.0163597353
0.25108,248,449.714142,450.048859,-0.3347168,-0.0163597353
0.25110,249,449.714142,450.048859,-0.3347168,-0.0163597353
0.25235,250,449.714142,450.0488,-0.334655762,-0.0163597353
0.25237,251,449.714142,450.048859,-0.3347168,-0.0163597353
0.25457,252,449.714142,450.048859,-0.3347168,-0.0163597353
0.25600,253,449.714142,450.048859,-0.3347168,0
0.25602,254,449.714142,450.048859,-0.3347168,0
0.25727,255,449.714142,450.04892,-0.334777832,0
0.25908,256,449.714142,450.04892,-0.334777832,0
0.25910,257,449.714142,450.04892,-0.334777832,0
0.26040,258,449.714142,450.04892,-0.334777832,0
0.26043,259,449.714142,450.04892,-0.334777832,0
0.26223,260,449.714142,450.04892,-0.334777832,0
0.26400,261,449.714142,450.04892,-0.334777832,0
0.26401,262,449.714142,450.04892,-0.334777832,0
0.26527,263,449.714142,450.04892,-0.334777832,0
0.26708,264,449.714142,450.04892,-0.334777832,0
0.26710,265,449.714142,450.04892,-0.334777832,0
0.26835,266,449.714142,450.04892,-0.334777832,0
0.26836,267,449.714142,450.04892,-0.334777832,0
0.27023,268,449.714142,450.04892,-0.334777832,0
0.27201,269,449.714142,450.04892,-0.334777832,0
0.27202,270,449.714142,450.048859,-0.3347168,0
0.27327,271,449.714142,450.048859,-0.3347168,-0.0163597353
0.27510,272,449.714142,450.048859,-0.3347168,-0.0163597353
0.27512,273,449.714142,450.048859,-0.3347168,-0.0163597353
0.27638,274,449.714142,450.048859,-0.3347168,-0.0163597353
0.27642,275,449.714142,450.048859,-0.3347168,0
0.27822,276,449.714142,450.048859,-0.3347168,0
0.28001,277,449.714142,450.048859,-0.3347168,0
0.28002,278,449.714142,450.048859,-0.3347168,-0.0163597353
0.28126,279,449.714142,450.0488,-0.334655762,-0.0163597353
0.28309,280,449.714142,450.0488,-0.334655762,-0.0163597353
0.28310,281,449.714142,450.0488,-0.334655762,-0.0272662267
0.28443,282,449.714142,450.0488,-0.334655762,-0.0272662267
0.28450,283,449.714142,450.0488,-0.334655762,-0.0272662267
0.28629,284,449.714142,450.0488,-0.334655762,-0.0163597353
0.28808,285,449.714142,450.048767,-0.334625244,-0.0163597353
0.28814,286,449.714142,450.048767,-0.334625244,-0.0163597353
0.28944,287,449.714142,450.048767,-0.334625244,-0.0163597353
0.29111,288,449.714142,450.048767,-0.334625244,-0.0163597353
0.29115,289,449.714142,450.048767,-0.334625244,-0.0163597353
0.29236,290,449.714142,450.048767,-0.334625244,-0.0163597353
0.29238,291,449.714142,450.048767,-0.334625244,0
0.29424,292,449.714142,450.048767,-0.334625244,0
0.29603,293,449.714142,450.048767,-0.334625244,0
0.29605,294,449.714142,450.048767,-0.334625244,0
0.29726,295,449.714142,450.048767,-0.334625244,0
0.29909,296,449.714142,450.048767,-0.334625244,0
0.29915,297,449.714142,450.048767,-0.334625244,0
0.30036,298,449.714142,450.048767,-0.334625244,0
0.30046,299,449.714142,450.048767,-0.334625244,0
0.30227,300,479.714142,450.048767,5,0
0.30400,301,479.714142,450.048767,5,0
0.30403,302,479.714142,450.049072,5,0
0.30527,303,479.714142,450.049927,5,0.09815842
0.30715,304,479.714142,450.051666,5,0.3490077
0.30719,305,479.714142,450.054,5,0.774360836
0.30836,306,479.714142,450.057037,5,1.39057755
0.30837,307,479.714142,450.0616,5,2.132219
0.31022,308,479.714142,450.0665,5,2.999285
0.31203,309,479.714142,450.071167,5,3.78455234
0.31207,310,479.714142,450.076569,5,4.3571434
0.31326,311,479.714142,450.08252,5,4.88065434
0.31510,312,479.714142,450.088776,5,5.153317
0.31511,313,479.714142,450.0936,5,5.50777769
0.31635,314,479.714142,450.099976,5,5.61138964
0.31638,315,479.714142,450.106323,5,5.76953363
0.31823,316,479.714142,450.11142,5,5.76953363
0.32000,317,479.714142,450.116241,5,5.644109
0.32002,318,479.714142,450.121735,5,5.567764
0.32128,319,479.714142,450.1276,5,5.43143225
0.32316,320,479.714142,450.132355,5,5.453245
0.32326,321,479.714142,450.1371,5,5.306008
0.32436,322,479.714142,450.141418,5,5.25692844
0.32438,323,479.714142,450.1473,5,4.98426628
0.32624,324,479.714142,450.1525,5,5.02789259
0.32803,325,479.714142,450.158234,5,5.087878
0.32805,326,479.714142,450.161743,5,5.087878
0.32927,327,479.714142,450.166138,5,5.02789259
0.33110,328,479.714142,450.171661,5,4.68979073
0.33112,329,479.714142,450.176453,5,4.798856
0.33237,330,479.714142,450.181549,5,4.76613665
0.33239,331,479.714142,450.186,5,4.98426628
0.33426,332,479.714142,450.190735,5,4.92973375
0.33601,333,479.714142,450.196,5,4.777043
0.33603,334,479.714142,450.200958,5,4.891561
0.33726,335,479.714142,450.206543,5,4.858842
0.33910,336,479.714142,450.211121,5,5.153317
0.33912,337,479.714142,450.216125,5,5.05515862
0.34036,338,479.714142,450.2211,5,5.006079
0.34038,339,479.714142,450.226685,5,5.006079
0.34223,340,479.714142,450.232239,5,5.066065
0.34402,341,479.714142,450.236816,5,5.267835
0.34405,342,479.714142,450.241852,5,5.153317
0.34526,343,479.714142,450.246674,5,5.180583
0.34710,344,479.714142,450.253,5,4.98426628
0.34713,345,479.714142,450.258026,5,5.224209
0.34836,346,479.714142,450.2629,5,5.278742
0.34838,347,479.714142,450.267517,5,5.267835
0.35025,348,479.714142,450.273071,5,5.164223
0.35202,349,479.714142,450.2788,5,5.016986
0.35203,350,479.714142,450.283356,5,5.202396
0.35327,351,479.714142,450.28833,5,5.109691
0.35512,352,479.714142,450.292969,5,5.180583
0.35516,353,479.714142,450.298767,5,4.94064
0.35637,354,479.714142,450.3038,5,5.016986
0.35638,355,479.714142,450.308563,5,5.07697153
0.35826,356,479.714142,450.313232,5,5.066065
0.36003,357,479.714142,450.3181,5,5.02789259
0.36005,358,479.714142,450.323761,5,4.837029
0.36127,359,479.714142,450.328339,5,5.016986
0.36311,360,479.714142,450.338379,5,5.087878
0.36314,361,479.714142,450.343719,5,5.02789259
0.36439,362,479.714142,450.348938,5,4.995173
0.36442,363,479.714142,450.353516,5,5.13150358
0.36623,364,479.714142,450.358673,5,4.995173
0.36803,365,479.714142,450.3634,5,5.066065
0.36807,366,479.714142,450.369141,5,4.891561
0.36926,367,479.714142,450.373962,5,5.066065
0.37128,368,479.714142,450.379,5,5.09878445
0.37131,369,479.714142,450.38382,5,5.07697153
0.37236,370,479.714142,450.389435,5,5.087878
0.37238,371,479.714142,450.394928,5,4.97335958
0.37424,372,479.714142,450.399536,5,5.14241028
0.37606,373,479.714142,450.404877,5,5.05515862
0.37608,374,479.714142,450.40976,5,5.180583
0.37727,375,479.714142,450.4153,5,5.07697153
0.37913,376,479.714142,450.419952,5,5.087878
0.37918,377,479.714142,450.424866,5,5.07697153
0.38036,378,479.714142,450.430328,5,5.006079
0.38037,379,479.714142,450.435333,5,5.13150358
0.38229,380,479.714142,450.4405,5,5.006079
0.38403,381,479.714142,450.4448,5,5.13150358
0.38405,382,479.714142,450.4504,5,4.96245337
0.38527,383,479.714142,450.455841,5,5.02789259
0.38711,384,479.714142,450.460815,5,5.109691
0.38714,385,479.714142,450.46524,5,5.087878
0.38842,386,479.714142,450.469818,5,5.087878
0.38845,387,479.714142,450.475922,5,4.858842
0.39025,388,479.714142,450.480927,5,5.02789259
0.39201,389,479.714142,450.486,5,5.016986
0.39204,390,479.714142,450.490326,5,5.191489
0.39327,391,479.714142,450.495453,5,5.07697153
0.39542,392,479.714142,450.500946,5,4.88065434
0.39546,393,479.714142,450.50592,5,4.995173
0.39640,394,479.714142,450.5111,5,4.98426628
0.39645,395,479.714142,450.5156,5,5.21330261
0.39824,396,479.714142,450.521,5,5.006079
0.40003,397,479.714142,450.526031,5,5.006079
0.40005,398,479.714142,450.5314,5,5.006079
0.40128,399,479.714142,450.53656,5,5.087878
0.40310,400,479.714142,450.541168,5,5.224209
0.40312,401,479.714142,450.5462,5,5.016986
0.40453,402,479.714142,450.551147,5,5.038799
0.40457,403,479.714142,450.5571,5,4.92973375
0.40626,404,479.714142,450.561676,5,5.14241028
0.40807,405,479.714142,450.5665,5,5.109691
0.40811,406,479.714142,450.571228,5,5.07697153
0.40926,407,479.714142,450.577179,5,4.92973375
0.41115,408,479.714142,450.5826,5,4.92973375
0.41117,409,479.714142,450.58725,5,5.246022
0.41237,410,479.714142,450.592438,5,5.21330261
0.41240,411,479.714142,450.597534,5,4.995173
0.41426,412,479.714142,450.603638,5,5.066065
0.41605,413,479.714142,450.608459,5,5.14241028
0.41607,414,479.714142,450.6134,5,5.153317
0.41727,415,479.714142,450.618073,5,5.14241028
0.41912,416,479.714142,450.6235,5,4.96245337
0.41916,417,479.714142,450.62915,5,5.153317
0.42036,418,479.714142,450.6332,5,5.153317
0.42040,419,479.714142,450.6383,5,5.12059736
0.42226,420,479.714142,450.642944,5,5.202396
0.42404,421,479.714142,450.648682,5,5.02789259
0.42407,422,479.714142,450.653778,5,5.02789259
0.42529,423,479.714142,450.658661,5,5.109691
0.42712,424,479.714142,450.66394,5,5.09878445
0.42716,425,479.714142,450.6689,5,5.224209
0.42835,426,479.714142,450.674561,5,5.05515862
0.42837,427,479.714142,450.6792,5,5.21330261
0.43025,428,479.714142,450.6844,5,5.12059736
0.43202,429,479.714142,450.6892,5,5.109691
0.43204,430,479.714142,450.6948,5,5.05515862
0.43329,431,479.714142,450.700043,5,5.05515862
0.43512,432,479.714142,450.705231,5,5.12059736
0.43516,433,479.714142,450.710266,5,5.191489
0.43634,434,479.714142,450.714935,5,5.191489
0.43636,435,479.714142,450.7207,5,5.153317
0.43831,436,479.714142,450.725739,5,5.12059736
0.44004,437,479.714142,450.730957,5,5.164223
0.44006,438,479.714142,450.735962,5,5.164223
0.44127,439,479.714142,450.7414,5,5.087878
0.44313,440,479.714142,450.746368,5,5.14241028
0.44315,441,479.714142,450.751038,5,5.016986
0.44435,442,479.714142,450.756653,5,5.153317
0.44437,443,479.714142,450.7617,5,5.066065
0.44625,444,479.714142,450.7669,5,5.13150358
0.44806,445,479.714142,450.771332,5,5.066065
0.44809,446,479.714142,450.776733,5,5.016986
0.44928,447,479.714142,450.782684,5,5.164223
0.45113,448,479.714142,450.787781,5,5.12059736
0.45116,449,479.714142,450.792,5,5.153317
0.45236,450,479.714142,450.796478,5,4.92973375
0.45238,451,479.714142,450.8026,5,5.038799
0.45457,452,479.714142,450.808044,5,5.07697153
0.45605,453,479.714142,450.8132,5,5.21330261
0.45607,454,479.714142,450.81778,5,5.180583
0.45731,455,479.714142,450.8227,5,4.92973375
0.45916,456,479.714142,450.828247,5,5.02789259
0.45918,457,479.714142,450.833221,5,5.006079
0.46035,458,479.714142,450.83847,5,5.23511553
0.46037,459,479.714142,450.8429,5,5.066065
0.46227,460,479.714142,450.8484,5,5.016986
0.46403,461,479.714142,450.853424,5,5.038799
0.46405,462,479.714142,450.858826,5,5.066065
0.46526,463,479.714142,450.8639,5,5.246022
0.46712,464,479.714142,450.86853,5,5.02789259
0.46714,465,479.714142,450.8736,5,5.038799
0.46834,466,479.714142,450.87854,5,4.92973375
0.46836,467,479.714142,450.889069,5,5.13150358
0.47028,468,479.714142,450.893951,5,5.066065
0.47204,469,479.714142,450.8986,5,5.006079
0.47207,470,479.714142,450.904175,5,4.90246725
0.47330,471,479.714142,450.910034,5,5.224209
0.47513,472,479.714142,450.914642,5,5.164223
0.47518,473,479.714142,450.919525,5,5.23511553
0.47637,474,479.714142,450.9242,5,5.016986
0.47639,475,479.714142,450.930267,5,5.02789259
0.47828,476,479.714142,450.935242,5,5.153317
0.48006,477,479.714142,450.940063,5,5.12059736
0.48009,478,479.714142,450.9448,5,5.14241028
0.48127,479,479.714142,450.949982,5,4.94064
0.48312,480,479.714142,450.95578,5,5.12059736
0.48315,481,479.714142,450.96048,5,5.09878445
0.48436,482,479.714142,450.965546,5,5.180583
0.48437,483,479.714142,450.970184,5,5.038799
0.48627,484,479.714142,450.97583,5,4.98426628
0.48806,485,479.714142,450.980927,5,5.109691
0.48809,486,479.714142,450.98584,5,5.05515862
0.48929,487,479.714142,450.991028,5,5.21330261
0.49116,488,479.714142,450.996063,5,5.05515862
0.49120,489,479.714142,451.0017,5,5.180583
0.49236,490,479.714142,451.0063,5,5.12059736
0.49237,491,479.714142,451.0114,5,5.07697153
0.49428,492,479.714142,451.016266,5,5.05515862
0.49604,493,479.714142,451.021759,5,4.98426628
0.49606,494,479.714142,451.027039,5,5.180583
0.49726,495,479.714142,451.031769,5,5.09878445
0.49911,496,479.714142,451.0369,5,5.153317
0.49914,497,479.714142,451.041748,5,4.995173
0.50036,498,479.714142,451.047424,5,5.07697153
0.50037,499,479.714142,451.052155,5,5.09878445
0.50228,500,479.714142,451.057281,5,5.087878
0.50406,501,479.714142,451.062378,5,5.153317
0.50409,502,479.714142,451.067566,5,5.016986
0.50528,503,479.714142,451.0728,5,5.14241028
0.50713,504,479.714142,451.077271,5,4.995173
0.50717,505,479.714142,451.0829,5,5.109691
0.50835,506,479.714142,451.08786,5,5.07697153
0.50837,507,479.714142,451.09314,5,5.066065
0.51025,508,479.714142,451.097931,5,5.09878445
0.51207,509,479.714142,451.103119,5,4.95154667
0.51209,510,479.714142,451.108856,5,5.153317
0.51326,511,479.714142,451.1139,5,5.109691
0.51510,512,479.714142,451.118622,5,5.164223
0.51512,513,479.714142,451.122955,5,4.995173
0.51635,514,479.714142,451.1289,5,4.97335958
0.51637,515,479.714142,451.134247,5,5.087878
0.51826,516,479.714142,451.139282,5,5.13150358
0.52005,517,479.714142,451.1438,5,5.224209
0.52008,518,479.714142,451.148621,5,4.94064
0.52130,519,479.714142,451.1544,5,5.006079
0.52313,520,479.714142,451.159,5,5.006079
0.52316,521,479.714142,451.164337,5,5.180583
0.52438,522,479.714142,451.168823,5,5.14241028
0.52440,523,479.714142,451.1741,5,4.995173
0.52631,524,479.714142,451.179352,5,5.087878
0.52806,525,479.714142,451.184631,5,5.05515862
0.52809,526,479.714142,451.190063,5,5.306008
0.52926,527,479.714142,451.1947,5,5.153317
0.53113,528,479.714142,451.199829,5,5.109691
0.53117,529,479.714142,451.204834,5,5.038799
0.53235,530,479.714142,451.210876,5,5.164223
0.53236,531,479.714142,451.215668,5,5.246022
0.53428,532,479.714142,451.2205,5,5.153317
0.53601,533,479.714142,451.225281,5,5.12059736
0.53602,534,479.714142,451.2307,5,4.95154667
0.53728,535,479.714142,451.2367,5,5.246022
0.53911,536,479.714142,451.2414,5,5.21330261
0.53914,537,479.714142,451.2463,5,5.25692844
0.54035,538,479.714142,451.251,5,5.07697153
0.54037,539,479.714142,451.256958,5,5.02789259
0.54226,540,479.714142,451.2621,5,5.180583
0.54403,541,479.714142,451.266876,5,5.109691
0.54405,542,479.714142,451.2716,5,5.153317
0.54526,543,479.714142,451.276672,5,4.94064
0.54712,544,479.714142,451.282532,5,5.087878
0.54714,545,479.714142,451.287262,5,5.09878445
0.54837,546,479.714142,451.2923,5,5.164223
0.54840,547,479.714142,451.2969,5,5.066065
0.55026,548,479.714142,451.302521,5,4.97335958
0.55201,549,479.714142,451.3077,5,5.109691
0.55203,550,479.714142,451.312531,5,5.038799
0.55326,551,479.714142,451.3178,5,5.21330261
0.55510,552,479.714142,451.322754,5,5.066065
0.55513,553,479.714142,451.328461,5,5.153317
0.55636,554,479.714142,451.333069,5,5.14241028
0.55638,555,479.714142,451.338165,5,5.07697153
0.55829,556,479.714142,451.343,5,5.066065
0.56005,557,479.714142,451.3484,5,4.97335958
0.56009,558,479.714142,451.353821,5,5.164223
0.56127,559,479.714142,451.363953,5,5.13150358
0.56313,560,479.714142,451.3687,5,5.006079
0.56316,561,479.714142,451.3687,5,5.006079
0.56435,562,479.714142,451.3792,5,5.109691
0.56436,563,479.714142,451.384277,5,5.07697153
0.56626,564,479.714142,451.389435,5,5.180583
0.56806,565,479.714142,451.394623,5,5.016986
0.56811,566,479.714142,451.399841,5,5.153317
0.56926,567,479.714142,451.404327,5,5.016986
0.57125,568,479.714142,451.4099,5,5.09878445
0.57128,569,479.714142,451.414948,5,5.109691
0.57237,570,479.714142,451.4203,5,5.066065
0.57238,571,479.714142,451.4248,5,5.13150358
0.57428,572,479.714142,451.429962,5,4.97335958
0.57604,573,479.714142,451.43576,5,5.164223
0.57607,574,479.714142,451.440826,5,5.13150358
0.57726,575,479.714142,451.445618,5,5.191489
0.57912,576,479.714142,451.4499,5,5.02789259
0.57914,577,479.714142,451.4559,5,4.995173
0.58035,578,479.714142,451.461273,5,5.109691
0.58037,579,479.714142,451.4663,5,5.14241028
0.58227,580,479.714142,451.4709,5,5.25692844
0.58402,581,479.714142,451.4757,5,4.97335958
0.58404,582,479.714142,451.4814,5,5.02789259
0.58528,583,479.714142,451.4864,5,5.016986
0.58711,584,479.714142,451.4918,5,5.180583
0.58713,585,479.714142,451.496277,5,5.153317
0.58835,586,479.714142,451.501556,5,5.006079
0.58836,587,479.714142,451.506744,5,5.07697153
0.59030,588,479.714142,451.512,5,5.02789259
0.59203,589,479.714142,451.517365,5,5.267835
0.59206,590,479.714142,451.5219,5,5.087878
0.59326,591,479.714142,451.526978,5,5.038799
0.59513,592,479.714142,451.53186,5,4.97335958
0.59515,593,479.714142,451.53775,5,5.038799
0.59635,594,479.714142,451.5426,5,5.202396
0.59637,595,479.714142,451.547272,5,5.07697153
0.59838,596,479.714142,451.5521,5,5.066065
0.60004,597,479.714142,451.557281,5,4.869748
0.60007,598,479.714142,451.5634,5,5.153317
0.60128,599,479.714142,451.568024,5,5.191489
0.60311,600,479.714142,451.573,5,5.21330261
0.60316,601,479.714142,451.577576,5,5.09878445
0.60459,602,479.714142,451.583374,5,4.96245337
0.60461,603,479.714142,451.5887,5,5.164223
0.60626,604,479.714142,451.5934,5,5.087878
0.60806,605,479.714142,451.598236,5,5.180583
0.60816,606,479.714142,451.603516,5,4.95154667
0.60926,607,479.714142,451.6094,5,5.05515862
0.61110,608,479.714142,451.614136,5,5.12059736
0.61112,609,479.714142,451.619141,5,5.12059736
0.61237,610,479.714142,451.623749,5,5.09878445
0.61239,611,479.714142,451.6293,5,4.94064
0.61425,612,479.714142,451.634583,5,5.109691
0.61599,613,479.714142,451.639374,5,5.038799
0.61601,614,479.714142,451.6447,5,5.202396
0.61728,615,479.714142,451.6496,5,5.087878
0.61913,616,479.714142,451.654938,5,5.12059736
0.61915,617,479.714142,451.6597,5,5.180583
0.62034,618,479.714142,451.664642,5,5.066065
0.62036,619,479.714142,451.6702,5,5.109691
0.62227,620,479.714142,451.675232,5,4.95154667
0.62405,621,479.714142,451.68045,5,5.164223
0.62407,622,479.714142,451.6855,5,5.109691
0.62526,623,479.714142,451.690216,5,5.13150358
0.62713,624,479.714142,451.695,5,5.066065
0.62717,625,479.714142,451.7011,5,5.038799
0.62844,626,479.714142,451.706,5,5.14241028
0.62847,627,479.714142,451.711029,5,5.087878
0.63031,628,479.714142,451.716217,5,5.21330261
0.63202,629,479.714142,451.721252,5,5.038799
0.63204,630,479.714142,451.726685,5,5.153317
0.63327,631,479.714142,451.7311,5,5.05515862
0.63512,632,479.714142,451.7367,5,5.07697153
0.63514,633,479.714142,451.74173,5,5.14241028
0.63634,634,479.714142,451.74704,5,5.05515862
0.63636,635,479.714142,451.751648,5,5.164223
0.63829,636,479.714142,451.756653,5,4.97335958
0.64004,637,479.714142,451.762482,5,5.14241028
0.64008,638,479.714142,451.767639,5,5.14241028
0.64129,639,479.714142,451.772461,5,5.180583
0.64312,640,479.714142,451.776733,5,5.066065
0.64314,641,479.714142,451.782532,5,4.96245337
0.64435,642,479.714142,451.788055,5,5.09878445
0.64436,643,479.714142,451.7931,5,5.109691
0.64631,644,479.714142,451.797729,5,5.267835
0.64800,645,479.714142,451.802368,5,4.995173
0.64804,646,479.714142,451.808167,5,5.006079
0.64926,647,479.714142,451.8132,5,5.016986
0.65112,648,479.714142,451.818481,5,5.14241028
0.65117,649,479.714142,451.823,5,5.202396
0.65234,650,479.714142,451.8282,5,4.995173
0.65236,651,479.714142,451.8335,5,5.087878
0.65463,652,479.714142,451.838623,5,4.995173
0.65602,653,479.714142,451.844116,5,5.23511553
0.65605,654,479.714142,451.848572,5,5.12059736
0.65731,655,479.714142,451.8536,5,5.016986
0.65911,656,479.714142,451.8585,5,4.995173
0.65912,657,479.714142,451.864349,5,4.995173
0.66037,658,479.714142,451.8693,5,5.202396
0.66039,659,479.714142,451.873962,5,5.07697153
0.66229,660,479.714142,451.878784,5,5.087878
0.66400,661,479.714142,451.889923,5,5.09878445
0.66401,662,479.714142,451.8947,5,5.202396
0.66527,663,479.714142,451.8996,5,5.180583
0.66709,664,479.714142,451.904053,5,5.12059736
0.66711,665,479.714142,451.9097,5,4.90246725
0.66834,666,479.714142,451.915253,5,5.12059736
0.66836,667,479.714142,451.91983,5,5.05515862
0.67026,668,479.714142,451.9247,5,5.14241028
0.67202,669,479.714142,451.929443,5,4.97335958
0.67204,670,479.714142,451.935333,5,4.96245337
0.67327,671,479.714142,451.940277,5,5.13150358
0.67512,672,479.714142,451.94516,5,5.07697153
0.67514,673,479.714142,451.949829,5,5.13150358
0.67636,674,479.714142,451.955017,5,4.92973375
0.67639,675,479.714142,451.960663,5,5.05515862
0.67827,676,479.714142,451.9653,5,5.02789259
0.68001,677,479.714142,451.970581,5,5.14241028
0.68003,678,479.714142,451.975464,5,5.14241028
0.68126,679,479.714142,451.9811,5,5.066065
0.68309,680,479.714142,451.986053,5,5.202396
0.68311,681,479.714142,451.990875,5,5.066065
0.68435,682,479.714142,451.995972,5,5.12059736
0.68437,683,479.714142,452.001251,5,4.95154667
0.68627,684,479.714142,452.006958,5,5.087878
0.68802,685,479.714142,452.011627,5,5.109691
0.68803,686,479.714142,452.016754,5,5.087878
0.68927,687,479.714142,452.021484,5,5.09878445
0.69109,688,479.714142,452.026672,5,4.98426628
0.69112,689,479.714142,452.032227,5,5.153317
0.69237,690,479.714142,452.037,5,5.07697153
0.69240,691,479.714142,452.042328,5,5.180583
0.69427,692,479.714142,452.0472,5,5.07697153
0.69603,693,479.714142,452.0527,5,5.087878
0.69607,694,479.714142,452.0572,5,5.087878
0.69728,695,479.714142,452.062531,5,5.006079
0.69911,696,479.714142,452.0678,5,5.153317
0.69916,697,479.714142,452.0729,5,5.02789259
0.70035,698,479.714142,452.07785,5,5.153317
0.70037,699,479.714142,452.082428,5,4.995173
0.70228,700,479.714142,452.088318,5,5.066065
0.70399,701,479.714142,452.0935,5,5.153317
0.70400,702,479.714142,452.098541,5,5.13150358
0.70528,703,479.714142,452.1027,5,5.12059736
0.70710,704,479.714142,452.108032,5,4.90246725
0.70712,705,479.714142,452.1139,5,5.07697153
0.70838,706,479.714142,452.118835,5,5.05515862
0.70840,707,479.714142,452.1238,5,5.246022
0.71027,708,479.714142,452.128448,5,5.087878
0.71201,709,479.714142,452.13382,5,4.94064
0.71202,710,479.714142,452.138916,5,5.02789259
0.71327,711,479.714142,452.1445,5,5.02789259
0.71511,712,479.714142,452.14917,5,5.224209
0.71513,713,479.714142,452.154053,5,5.006079
0.71636,714,479.714142,452.159821,5,5.038799
0.71638,715,479.714142,452.1645,5,4.995173
0.71827,716,479.714142,452.170441,5,5.13150358
0.72001,717,479.714142,452.174927,5,5.21330261
0.72004,718,479.714142,452.179962,5,5.016986
0.72127,719,479.714142,452.184174,5,5.02789259
0.72312,720,479.714142,452.189667,5,4.913374
0.72315,721,479.714142,452.19516,5,5.153317
0.72438,722,479.714142,452.199524,5,5.087878
0.72440,723,479.714142,452.204529,5,5.066065
0.72626,724,479.714142,452.209137,5,4.92973375
0.72800,725,479.714142,452.21524,5,4.913374
0.72802,726,479.714142,452.220428,5,5.224209
0.72929,727,479.714142,452.22522,5,5.153317
0.73113,728,479.714142,452.229828,5,5.202396
0.73118,729,479.714142,452.235,5,4.96245337
0.73237,730,479.714142,452.240936,5,5.066065
0.73239,731,479.714142,452.245544,5,5.109691
0.73425,732,479.714142,452.25058,5,5.13150358
0.73600,733,479.714142,452.255219,5,5.09878445
0.73602,734,479.714142,452.260864,5,4.92973375
0.73728,735,479.714142,452.2662,5,5.13150358
0.73914,736,479.714142,452.270966,5,5.087878
0.73917,737,479.714142,452.275818,5,5.164223
0.74037,738,479.714142,452.2807,5,4.995173
0.74040,739,479.714142,452.286438,5,4.995173
0.74224,740,479.714142,452.291168,5,5.07697153
0.74400,741,479.714142,452.296356,5,5.066065
0.74401,742,479.714142,452.3013,5,5.191489
0.74526,743,479.714142,452.306671,5,5.02789259
0.74709,744,479.714142,452.312,5,5.191489
0.74710,745,479.714142,452.31665,5,5.09878445
0.74835,746,479.714142,452.322052,5,5.07697153
0.74837,747,479.714142,452.3268,5,5.006079
0.75026,748,479.714142,452.3326,5,4.98426628
0.75202,749,479.714142,452.3374,5,5.14241028
0.75206,750,479.714142,452.342316,5,5.066065
0.75327,751,479.714142,452.3472,5,5.13150358
0.75512,752,479.714142,452.3524,5,4.95154667
0.75516,753,479.714142,452.358,5,5.07697153
0.75640,754,479.714142,452.362579,5,5.066065
0.75644,755,479.714142,452.3678,5,5.07697153
0.75824,756,479.714142,452.372681,5,5.12059736
0.76000,757,479.714142,452.378143,5,4.995173
0.76002,758,479.714142,452.3829,5,5.12059736
0.76126,759,479.714142,452.387756,5,4.96245337
0.76309,760,479.714142,452.3932,5,5.09878445
0.76312,761,479.714142,452.398163,5,5.038799
0.76437,762,479.714142,452.4077,5,5.07697153
0.76440,763,479.714142,452.413269,5,4.95154667
0.76623,764,479.714142,452.418762,5,5.13150358
0.76801,765,479.714142,452.423859,5,5.087878
0.76802,766,479.714142,452.428284,5,5.153317
0.76927,767,479.714142,452.4329,5,4.96245337
0.77113,768,479.714142,452.438965,5,4.97335958
0.77114,769,479.714142,452.444031,5,5.07697153
0.77237,770,479.714142,452.449463,5,5.12059736
0.77240,771,479.714142,452.45343,5,5.21330261
0.77425,772,479.714142,452.458618,5,4.92973375
0.77600,773,479.714142,452.4641,5,4.995173
0.77601,774,479.714142,452.469147,5,4.995173
0.77726,775,479.714142,452.474335,5,5.164223
0.77908,776,479.714142,452.47876,5,5.12059736
0.77910,777,479.714142,452.484222,5,4.98426628
0.78036,778,479.714142,452.489258,5,5.038799
0.78038,779,479.714142,452.4947,5,4.995173
0.78224,780,479.714142,452.4998,5,5.246022
0.78402,781,479.714142,452.504364,5,5.066065
0.78406,782,479.714142,452.50943,5,5.02789259
0.78526,783,479.714142,452.514374,5,4.95154667
0.78711,784,479.714142,452.520264,5,5.02789259
0.78712,785,479.714142,452.5249,5,5.180583
0.78838,786,479.714142,452.529663,5,5.05515862
0.78839,787,479.714142,452.534363,5,5.066065
0.79024,788,479.714142,452.5398,5,4.847935
0.79203,789,479.714142,452.545746,5,5.12059736
0.79205,790,479.714142,452.550262,5,5.164223
0.79326,791,479.714142,452.5552,5,5.191489
0.79511,792,479.714142,452.559723,5,5.07697153
0.79514,793,479.714142,452.565735,5,4.92973375
0.79636,794,479.714142,452.570831,5,5.14241028
0.79638,795,479.714142,452.5756,5,5.066065
0.79823,796,479.714142,452.580322,5,5.153317
0.80003,797,479.714142,452.585358,5,4.94064
0.80006,798,479.714142,452.591156,5,5.006079
0.80126,799,479.714142,452.5959,5,5.09878445
0.80309,800,479.714142,452.600861,5,5.09878445
0.80310,801,479.714142,452.6055,5,5.09878445
0.80450,802,479.714142,452.611,5,4.90246725
0.80453,803,479.714142,452.616272,5,5.07697153
0.80627,804,479.714142,452.620972,5,5.006079
0.80803,805,479.714142,452.626251,5,5.14241028
0.80805,806,479.714142,452.6315,5,5.087878
0.80926,807,479.714142,452.637177,5,5.066065
0.81113,808,479.714142,452.6418,5,5.180583
0.81116,809,479.714142,452.6468,5,5.038799
0.81235,810,479.714142,452.651978,5,5.087878
0.81237,811,479.714142,452.656952,5,4.913374
0.81426,812,479.714142,452.6624,5,5.087878
0.81602,813,479.714142,452.6674,5,5.07697153
0.81604,814,479.714142,452.6725,5,5.07697153
0.81728,815,479.714142,452.677216,5,5.05515862
0.81909,816,479.714142,452.682953,5,4.97335958
0.81910,817,479.714142,452.687744,5,5.13150358
0.82036,818,479.714142,452.692719,5,5.02789259
0.82038,819,479.714142,452.69754,5,5.153317
0.82224,820,479.714142,452.7025,5,5.02789259
0.82400,821,479.714142,452.707916,5,5.066065
0.82402,822,479.714142,452.71228,5,5.038799
0.82526,823,479.714142,452.717743,5,4.97335958
0.82709,824,479.714142,452.722778,5,5.09878445
0.82710,825,479.714142,452.7279,5,4.96245337
0.82834,826,479.714142,452.732635,5,5.09878445
0.82835,827,479.714142,452.7372,5,4.92973375
0.83023,828,479.714142,452.743073,5,4.96245337
0.83202,829,479.714142,452.748047,5,5.066065
0.83204,830,479.714142,452.753021,5,5.038799
0.83325,831,479.714142,452.757141,5,5.066065
0.83510,832,479.714142,452.762421,5,4.81521559
0.83511,833,479.714142,452.7682,5,4.98426628
0.83635,834,479.714142,452.7731,5,4.98426628
0.83639,835,479.714142,452.777985,5,5.153317
0.83829,836,479.714142,452.782257,5,5.07697153
0.84002,837,479.714142,452.787872,5,4.847935
0.84004,838,479.714142,452.792938,5,4.97335958
0.84127,839,479.714142,452.798126,5,4.95154667
0.84311,840,479.714142,452.802979,5,5.180583
0.84312,841,479.714142,452.807648,5,5.016986
0.84434,842,479.714142,452.813049,5,4.97335958
0.84436,843,479.714142,452.818024,5,4.995173
0.84623,844,479.714142,452.823547,5,5.02789259
0.84803,845,479.714142,452.828247,5,5.21330261
0.84808,846,479.714142,452.833,5,5.006079
0.84927,847,479.714142,452.837952,5,5.006079
0.85112,848,479.714142,452.8432,5,4.891561
0.85114,849,479.714142,452.848877,5,5.07697153
0.85235,850,479.714142,452.8532,5,5.109691
0.85236,851,479.714142,452.8582,5,5.02789259
0.85457,852,479.714142,452.862762,5,4.98426628
0.85600,853,479.714142,452.868622,5,4.82612228
0.85602,854,479.714142,452.874054,5,5.14241028
0.85728,855,479.714142,452.8787,5,5.109691
0.85909,856,479.714142,452.883362,5,5.164223
0.85910,857,479.714142,452.888153,5,4.97335958
0.86040,858,479.714142,452.894135,5,4.90246725
0.86043,859,479.714142,452.903717,5,5.02789259
0.86229,860,479.714142,452.9083,5,5.09878445
0.86404,861,479.714142,452.913574,5,4.858842
0.86407,862,479.714142,452.91922,5,4.98426628
0.86526,863,479.714142,452.923859,5,5.05515862
0.86710,864,479.714142,452.928772,5,5.07697153
0.86712,865,479.714142,452.93335,5,5.038799
0.86834,866,479.714142,452.938934,5,4.869748
0.86836,867,479.714142,452.944031,5,5.038799
0.87023,868,479.714142,452.948822,5,4.97335958
0.87203,869,479.714142,452.954,5,5.13150358
0.87205,870,479.714142,452.959229,5,5.038799
0.87327,871,479.714142,452.964874,5,5.05515862
0.87514,872,479.714142,452.969116,5,5.13150358
0.87516,873,479.714142,452.9741,5,5.006079
0.87635,874,479.714142,452.978882,5,5.05515862
0.87636,875,479.714142,452.984222,5,4.869748
0.87825,876,479.714142,452.9896,5,5.066065
0.88004,877,479.714142,452.994537,5,5.038799
0.88007,878,479.714142,452.9996,5,5.038799
0.88126,879,479.714142,453.004333,5,5.02789259
0.88309,880,479.714142,453.009979,5,4.94064
0.88312,881,479.714142,453.014832,5,5.12059736
0.88436,882,479.714142,453.019745,5,5.016986
0.88438,883,479.714142,453.024841,5,5.13150358
0.88626,884,479.714142,453.029877,5,5.016986
0.88801,885,479.714142,453.035278,5,5.05515862
0.88804,886,479.714142,453.0397,5,5.038799
0.88928,887,479.714142,453.045135,5,4.97335958
0.89113,888,479.714142,453.050171,5,5.109691
0.89116,889,479.714142,453.055359,5,4.97335958
0.89234,890,479.714142,453.0601,5,5.12059736
0.89236,891,479.714142,453.064819,5,4.96245337
0.89425,892,479.714142,453.070648,5,5.016986
0.89603,893,479.714142,453.075684,5,5.13150358
0.89606,894,479.714142,453.0807,5,5.087878
0.89726,895,479.714142,453.0848,5,5.09878445
0.89912,896,479.714142,453.090332,5,4.869748
0.89914,897,479.714142,453.095978,5,5.02789259
0.90035,898,479.714142,453.100922,5,5.02789259
0.90037,899,479.714142,453.105743,5,5.202396
0.90226,900,479.714142,453.110138,5,5.087878
0.90406,901,479.714142,453.1158,5,4.891561
0.90409,902,479.714142,453.12085,5,4.995173
0.90527,903,479.714142,453.126129,5,4.98426628
0.90712,904,479.714142,453.130829,5,5.202396
0.90714,905,479.714142,453.135651,5,5.006079
0.90836,906,479.714142,453.141052,5,5.006079
0.90837,907,479.714142,453.146332,5,4.995173
0.91025,908,479.714142,453.151917,5,5.07697153
0.91203,909,479.714142,453.1564,5,5.21330261
0.91206,910,479.714142,453.161438,5,5.006079
0.91325,911,479.714142,453.16626,5,5.016986
0.91513,912,479.714142,453.171875,5,4.891561
0.91519,913,479.714142,453.177155,5,5.109691
0.91636,914,479.714142,453.1816,5,5.09878445
0.91638,915,479.714142,453.186554,5,5.038799
0.91828,916,479.714142,453.191223,5,4.97335958
0.92001,917,479.714142,453.197,5,4.858842
0.92002,918,479.714142,453.202057,5,5.191489
0.92128,919,479.714142,453.206848,5,5.12059736
0.92311,920,479.714142,453.211426,5,5.180583
0.92312,921,479.714142,453.216522,5,4.96245337
0.92437,922,479.714142,453.222473,5,4.97335958
0.92438,923,479.714142,453.227081,5,5.109691
0.92627,924,479.714142,453.2321,5,5.087878
0.92801,925,479.714142,453.2367,5,5.13150358
0.92802,926,479.714142,453.2424,5,4.92973375
0.92927,927,479.714142,453.247772,5,5.09878445
0.93110,928,479.714142,453.2525,5,5.09878445
0.93114,929,479.714142,453.257355,5,5.164223
0.93235,930,479.714142,453.262238,5,5.05515862
0.93237,931,479.714142,453.267975,5,4.97335958
0.93427,932,479.714142,453.2727,5,5.109691
0.93605,933,479.714142,453.2779,5,5.038799
0.93611,934,479.714142,453.282837,5,5.202396
0.93727,935,479.714142,453.288177,5,5.02789259
0.93913,936,479.714142,453.293518,5,5.14241028
0.93916,937,479.714142,453.2981,5,5.109691
0.94036,938,479.714142,453.303528,5,5.02789259
0.94037,939,479.714142,453.308258,5,5.038799
0.94229,940,479.714142,453.314,5,4.92973375
0.94405,941,479.714142,453.3188,5,5.13150358
0.94409,942,479.714142,453.3237,5,5.05515862
0.94528,943,479.714142,453.328583,5,5.109691
0.94711,944,479.714142,453.33374,5,4.97335958
0.94716,945,479.714142,453.339264,5,5.006079
0.94835,946,479.714142,453.3438,5,5.087878
0.94838,947,479.714142,453.34903,5,5.016986
0.95024,948,479.714142,453.3539,5,5.14241028
0.95203,949,479.714142,453.359375,5,4.96245337
0.95206,950,479.714142,453.364136,5,5.09878445
0.95326,951,479.714142,453.368927,5,4.98426628
0.95510,952,479.714142,453.37442,5,5.02789259
0.95512,953,479.714142,453.379333,5,5.07697153
0.95641,954,479.714142,453.384583,5,4.995173
0.95643,955,479.714142,453.388916,5,5.12059736
0.95829,956,479.714142,453.3943,5,4.90246725
0.96004,957,479.714142,453.3999,5,5.09878445
0.96008,958,479.714142,453.404938,5,5.087878
0.96126,959,479.714142,453.409515,5,5.12059736
0.96313,960,479.714142,453.413971,5,5.02789259
0.96316,961,479.714142,453.419922,5,4.891561
0.96434,962,479.714142,453.4302,5,5.05515862
0.96435,963,479.714142,453.43457,5,5.23511553
0.96627,964,479.714142,453.4395,5,4.97335958
0.96803,965,479.714142,453.44516,5,4.94064
0.96805,966,479.714142,453.450073,5,4.97335958
0.96926,967,479.714142,453.455322,5,5.066065
0.97119,968,479.714142,453.459747,5,5.180583
0.97127,969,479.714142,453.465027,5,4.95154667
0.97236,970,479.714142,453.470184,5,5.038799
0.97242,971,479.714142,453.4754,5,4.96245337
0.97425,972,479.714142,453.4807,5,5.153317
0.97605,973,479.714142,453.485168,5,5.13150358
0.97609,974,479.714142,453.4903,5,4.98426628
0.97729,975,479.714142,453.4951,5,4.97335958
0.97910,976,479.714142,453.500946,5,4.92973375
0.97914,977,479.714142,453.5057,5,5.164223
0.98037,978,479.714142,453.5104,5,5.05515862
0.98038,979,479.714142,453.515167,5,5.07697153
0.98226,980,479.714142,453.520264,5,4.88065434
0.98404,981,479.714142,453.526367,5,4.96245337
0.98406,982,479.714142,453.531,5,5.202396
0.98526,983,479.714142,453.5359,5,5.12059736
0.98713,984,479.714142,453.5404,5,5.14241028
0.98716,985,479.714142,453.5461,5,4.891561
0.98838,986,479.714142,453.551544,5,5.05515862
0.98840,987,479.714142,453.556152,5,5.05515862
0.99027,988,479.714142,453.560944,5,5.109691
0.99203,989,479.714142,453.565735,5,5.02789259
0.99206,990,479.714142,453.571625,5,4.90246725
0.99330,991,479.714142,453.576447,5,5.109691
0.99513,992,479.714142,453.5814,5,5.05515862
0.99516,993,479.714142,453.586029,5,5.13150358
0.99635,994,479.714142,453.591248,5,4.95154667
0.99636,995,479.714142,453.5968,5,4.995173
0.99821,996,479.714142,453.60144,5,5.038799
1.00006,997,479.714142,453.60672,5,5.066065
1.00010,998,479.714142,453.611542,5,5.153317
1.00127,999,479.714142,453.6172,5,5.006079
1.00323,1000,479.714142,453.622375,5,5.180583
1.00327,1001,479.714142,453.6272,5,5.066065
1.00446,1002,479.714142,453.6322,5,5.066065
1.00450,1003,479.714142,453.637177,5,4.98426628
1.00629,1004,479.714142,453.642883,5,4.98426628
1.00807,1005,479.714142,453.6475,5,5.12059736
1.00812,1006,479.714142,453.6526,5,5.05515862
1.00930,1007,479.714142,453.657379,5,5.12059736
1.01113,1008,479.714142,453.6632,5,4.95154667
1.01117,1009,479.714142,453.6683,5,5.09878445
1.01235,1010,479.714142,453.673126,5,5.066065
1.01236,1011,479.714142,453.678375,5,5.087878
1.01423,1012,479.714142,453.683258,5,5.12059736
1.01603,1013,479.714142,453.688782,5,5.006079
1.01605,1014,479.714142,453.693176,5,5.12059736
1.01727,1015,479.714142,453.698547,5,4.96245337
1.01912,1016,479.714142,453.7038,5,5.109691
1.01914,1017,479.714142,453.7089,5,5.066065
1.02035,1018,479.714142,453.7135,5,5.07697153
1.02037,1019,479.714142,453.718,5,5.07697153
1.02225,1020,479.714142,453.723877,5,4.96245337
1.02401,1021,479.714142,453.729065,5,5.14241028
1.02405,1022,479.714142,453.7341,5,5.09878445
1.02529,1023,479.714142,453.7383,5,5.153317
1.02711,1024,479.714142,453.7435,5,4.95154667
1.02714,1025,479.714142,453.749359,5,4.98426628
1.02836,1026,479.714142,453.7544,5,5.066065
1.02837,1027,479.714142,453.759338,5,5.13150358
1.03022,1028,479.714142,453.7636,5,5.202396
1.03206,1029,479.714142,453.7692,5,4.913374
1.03209,1030,479.714142,453.774384,5,5.006079
1.03327,1031,479.714142,453.779633,5,4.98426628
1.03512,1032,479.714142,453.784454,5,5.191489
1.03515,1033,479.714142,453.789124,5,5.109691
1.03634,1034,479.714142,453.794556,5,4.98426628
1.03636,1035,479.714142,453.799561,5,5.05515862
1.03827,1036,479.714142,453.805145,5,4.995173
1.04007,1037,479.714142,453.8098,5,5.246022
1.04010,1038,479.714142,453.814667,5,5.05515862
1.04127,1039,479.714142,453.81958,5,5.006079
1.04312,1040,479.714142,453.8249,5,4.94064
1.04314,1041,479.714142,453.830566,5,5.038799
1.04436,1042,479.714142,453.835,5,5.153317
1.04438,1043,479.714142,453.839935,5,5.066065
1.04621,1044,479.714142,453.8445,5,5.038799
1.04802,1045,479.714142,453.8504,5,4.837029
1.04803,1046,479.714142,453.855835,5,5.12059736
1.04927,1047,479.714142,453.860474,5,5.153317
1.05112,1048,479.714142,453.8652,5,5.164223
1.05115,1049,479.714142,453.8701,5,5.05515862
1.05236,1050,479.714142,453.8761,5,4.913374
1.05237,1051,479.714142,453.880829,5,5.13150358
1.05458,1052,479.714142,453.885742,5,5.05515862
1.05602,1053,479.714142,453.8903,5,5.14241028
1.05605,1054,479.714142,453.895782,5,4.92973375
1.05730,1055,479.714142,453.901367,5,4.995173
1.05912,1056,479.714142,453.906,5,5.09878445
1.05915,1057,479.714142,453.910919,5,5.09878445
1.06036,1058,479.714142,453.921356,5,4.90246725
1.06038,1059,479.714142,453.926239,5,5.07697153
1.06225,1060,479.714142,453.93158,5,5.016986
1.06404,1061,479.714142,453.9364,5,5.153317
1.06406,1062,479.714142,453.941437,5,5.09878445
1.06527,1063,479.714142,453.947021,5,5.07697153
1.06715,1064,479.714142,453.9519,5,5.180583
1.06717,1065,479.714142,453.957,5,5.05515862
1.06835,1066,479.714142,453.9618,5,5.09878445
1.06837,1067,479.714142,453.967438,5,4.92973375
1.07020,1068,479.714142,453.972473,5,5.09878445
1.07203,1069,479.714142,453.9773,5,5.07697153
1.07207,1070,479.714142,453.982269,5,5.07697153
1.07327,1071,479.714142,453.9872,5,5.05515862
1.07510,1072,479.714142,453.992859,5,4.97335958
1.07512,1073,479.714142,453.997467,5,5.13150358
1.07637,1074,479.714142,454.002655,5,5.038799
1.07640,1075,479.714142,454.00766,5,5.153317
1.07820,1076,479.714142,454.013,5,5.02789259
1.08004,1077,479.714142,454.01828,5,5.07697153
1.08006,1078,479.714142,454.0226,5,5.038799
1.08126,1079,479.714142,454.0282,5,5.006079
1.08314,1080,479.714142,454.033173,5,5.12059736
1.08316,1081,479.714142,454.038361,5,4.995173
1.08436,1082,479.714142,454.0428,5,5.14241028
1.08438,1083,479.714142,454.048065,5,4.96245337
1.08623,1084,479.714142,454.0537,5,5.05515862
1.08803,1085,479.714142,454.058746,5,5.12059736
1.08806,1086,479.714142,454.063446,5,5.109691
1.08926,1087,479.714142,454.0678,5,5.09878445
1.09116,1088,479.714142,454.073761,5,4.88065434
1.09146,1089,479.714142,454.079,5,5.05515862
1.09235,1090,479.714142,454.084045,5,5.038799
1.09236,1091,479.714142,454.088562,5,5.224209
1.09420,1092,479.714142,454.093353,5,5.066065
1.09611,1093,479.714142,454.09903,5,4.913374
1.09615,1094,479.714142,454.103973,5,5.006079
1.09728,1095,479.714142,454.1093,5,5.016986
1.09914,1096,479.714142,454.113678,5,5.21330261
1.09918,1097,479.714142,454.118958,5,4.98426628
1.10037,1098,479.714142,454.124146,5,5.016986
1.10039,1099,479.714142,454.129333,5,4.97335958
1.10223,1100,479.714142,454.134644,5,5.109691
1.10405,1101,479.714142,454.13916,5,5.191489
1.10408,1102,479.714142,454.144257,5,5.006079
1.10528,1103,479.714142,454.149017,5,5.016986
1.10745,1104,479.714142,454.154877,5,4.891561
1.10748,1105,479.714142,454.1598,5,5.14241028
1.10835,1106,479.714142,454.164429,5,5.07697153
1.10836,1107,479.714142,454.16925,5,5.05515862
1.11020,1108,479.714142,454.174652,5,4.95154667
1.11206,1109,479.714142,454.1807,5,4.90246725
1.11210,1110,479.714142,454.185638,5,5.202396
1.11326,1111,479.714142,454.190521,5,5.12059736
1.11519,1112,479.714142,454.1951,5,5.180583
1.11526,1113,479.714142,454.2009,5,4.94064
1.11635,1114,479.714142,454.206177,5,5.016986
1.11638,1115,479.714142,454.210815,5,5.09878445
1.11821,1116,479.714142,454.2151,5,5.09878445
1.12003,1117,479.714142,454.219757,5,5.087878
1.12008,1118,479.714142,454.225647,5,4.88065434
1.12130,1119,479.714142,454.230652,5,5.087878
1.12314,1120,479.714142,454.235535,5,5.066065
1.12315,1121,479.714142,454.240143,5,5.14241028
1.12436,1122,479.714142,454.2453,5,4.995173
1.12438,1123,479.714142,454.2512,5,4.95154667
1.12622,1124,479.714142,454.255768,5,5.05515862
1.12802,1125,479.714142,454.261047,5,5.006079
1.12806,1126,479.714142,454.2656,5,5.153317
1.12931,1127,479.714142,454.2711,5,4.98426628
1.13114,1128,479.714142,454.276367,5,5.12059736
1.13117,1129,479.714142,454.2812,5,5.087878
1.13238,1130,479.714142,454.286163,5,5.02789259
1.13241,1131,479.714142,454.2911,5,5.016986
1.13420,1132,479.714142,454.2968,5,4.94064
1.13600,1133,479.714142,454.301422,5,5.13150358
1.13602,1134,479.714142,454.30658,5,5.05515862
1.13726,1135,479.714142,454.311249,5,5.12059736
1.13911,1136,479.714142,454.316681,5,4.96245337
1.13914,1137,479.714142,454.322235,5,5.02789259
1.14040,1138,479.714142,454.326721,5,5.07697153
1.14043,1139,479.714142,454.3319,5,5.038799
1.14220,1140,479.714142,454.336823,5,5.153317
1.14401,1141,479.714142,454.342316,5,4.995173
1.14404,1142,479.714142,454.346832,5,5.13150358
1.14527,1143,479.714142,454.35202,5,4.995173
1.14713,1144,479.714142,454.357361,5,5.07697153
1.14716,1145,479.714142,454.3624,5,5.087878
1.14837,1146,479.714142,454.3675,5,5.038799
1.14839,1147,479.714142,454.371918,5,5.12059736
1.15021,1148,479.714142,454.377716,5,4.94064
1.15200,1149,479.714142,454.382965,5,5.13150358
1.15201,1150,479.714142,454.388031,5,5.09878445
1.15329,1151,479.714142,454.3923,5,5.164223
1.15511,1152,479.714142,454.3973,5,5.006079
1.15513,1153,479.714142,454.4033,5,4.92973375
1.15638,1154,479.714142,454.408264,5,5.087878
1.15640,1155,479.714142,454.413361,5,5.087878
1.15818,1156,479.714142,454.417572,5,5.246022
1.15999,1157,479.714142,454.423065,5,4.96245337
1.16001,1158,479.714142,454.428375,5,4.98426628
1.16127,1159,479.714142,454.433563,5,4.98426628
1.16316,1160,479.714142,454.443024,5,5.153317
1.16319,1161,479.714142,454.448517,5,4.95154667
1.16436,1162,479.714142,454.45343,5,5.038799
1.16439,1163,479.714142,454.459045,5,4.97335958
1.16619,1164,479.714142,454.4638,5,5.21330261
1.16803,1165,479.714142,454.4686,5,5.09878445
1.16805,1166,479.714142,454.4735,5,5.016986
1.16926,1167,479.714142,454.4787,5,4.97335958
1.17121,1168,479.714142,454.484467,5,4.97335958
1.17126,1169,479.714142,454.4889,5,5.191489
1.17240,1170,479.714142,454.493866,5,5.05515862
1.17241,1171,479.714142,454.4985,5,5.07697153
1.17425,1172,479.714142,454.504242,5,4.847935
1.17601,1173,479.714142,454.5098,5,5.038799
1.17602,1174,479.714142,454.5144,5,5.191489
1.17731,1175,479.714142,454.5192,5,5.153317
1.17911,1176,479.714142,454.524,5,5.12059736
1.17914,1177,479.714142,454.529968,5,4.891561
1.18035,1178,479.714142,454.5348,5,5.09878445
1.18036,1179,479.714142,454.539642,5,5.038799
1.18222,1180,479.714142,454.54425,5,5.14241028
1.18400,1181,479.714142,454.5496,5,4.98426628
1.18401,1182,479.714142,454.555237,5,4.95154667
1.18527,1183,479.714142,454.559937,5,5.12059736
1.18709,1184,479.714142,454.5649,5,5.07697153
1.18711,1185,479.714142,454.56955,5,5.12059736
1.18837,1186,479.714142,454.5752,5,4.913374
1.18840,1187,479.714142,454.580231,5,5.038799
1.19022,1188,479.714142,454.5851,5,5.016986
1.19200,1189,479.714142,454.590576,5,5.12059736
1.19201,1190,479.714142,454.5956,5,5.13150358
1.19326,1191,479.714142,454.601227,5,5.02789259
1.19508,1192,479.714142,454.6055,5,5.191489
1.19510,1193,479.714142,454.61087,5,5.05515862
1.19634,1194,479.714142,454.615723,5,5.09878445
1.19635,1195,479.714142,454.621216,5,4.94064
1.19823,1196,479.714142,454.6264,5,5.05515862
1.20000,1197,479.714142,454.631165,5,5.09878445
1.20001,1198,479.714142,454.6362,5,5.066065
1.20127,1199,479.714142,454.641052,5,5.09878445
1.20312,1200,479.714142,454.646667,5,4.94064
1.20314,1201,479.714142,454.6514,5,5.109691
1.20452,1202,479.714142,454.6565,5,5.02789259
1.20457,1203,479.714142,454.66153,5,5.12059736
1.20626,1204,479.714142,454.666718,5,5.066065
1.20801,1205,479.714142,454.6719,5,5.02789259
1.20803,1206,479.714142,454.6764,5,5.07697153
1.20926,1207,479.714142,454.68222,5,4.95154667
1.21108,1208,479.714142,454.68692,5,5.12059736
1.21109,1209,479.714142,454.692139,5,4.995173
1.21234,1210,479.714142,454.69693,5,5.109691
1.21236,1211,479.714142,454.702057,5,5.006079
1.21424,1212,479.714142,454.707764,5,4.98426628
1.21600,1213,479.714142,454.7128,5,5.13150358
1.21601,1214,479.714142,454.717529,5,5.07697153
1.21728,1215,479.714142,454.722137,5,5.13150358
1.21908,1216,479.714142,454.728058,5,4.891561
1.21910,1217,479.714142,454.733337,5,5.006079
1.22044,1218,479.714142,454.7377,5,5.02789259
1.22055,1219,479.714142,454.74234,5,5.164223
1.22221,1220,479.714142,454.746918,5,5.14241028
1.22400,1221,479.714142,454.752655,5,4.88065434
1.22401,1222,479.714142,454.7576,5,4.995173
1.22528,1223,479.714142,454.762939,5,4.96245337
1.22709,1224,479.714142,454.767456,5,5.202396
1.22711,1225,479.714142,454.772552,5,5.05515862
1.22834,1226,479.714142,454.777832,5,4.995173
1.22835,1227,479.714142,454.782867,5,5.02789259
1.23020,1228,479.714142,454.788452,5,5.02789259
1.23203,1229,479.714142,454.792877,5,5.23511553
1.23207,1230,479.714142,454.7979,5,5.02789259
1.23331,1231,479.714142,454.802765,5,5.016986
1.23509,1232,479.714142,454.808441,5,4.913374
1.23511,1233,479.714142,454.8136,5,5.07697153
1.23636,1234,479.714142,454.8181,5,5.13150358
1.23638,1235,479.714142,454.823,5,5.038799
1.23822,1236,479.714142,454.8278,5,5.006079
1.24002,1237,479.714142,454.833923,5,4.837029
1.24004,1238,479.714142,454.8388,5,5.153317
1.24132,1239,479.714142,454.843628,5,5.13150358
1.24310,1240,479.714142,454.848175,5,5.180583
1.24316,1241,479.714142,454.853546,5,4.995173
1.24436,1242,479.714142,454.8593,5,4.94064
1.24437,1243,479.714142,454.863831,5,5.12059736
1.24618,1244,479.714142,454.868774,5,5.038799
1.24801,1245,479.714142,454.873352,5,5.13150358
1.24802,1246,479.714142,454.87915,5,4.891561
1.24929,1247,479.714142,454.884338,5,5.02789259
1.25108,1248,479.714142,454.8891,5,5.07697153
1.25110,1249,479.714142,454.893768,5,5.09878445
1.25241,1250,479.714142,454.8987,5,5.05515862
1.25246,1251,479.714142,454.904419,5,4.891561
1.25461,1252,479.714142,454.9091,5,5.07697153
1.25601,1253,479.714142,454.914276,5,5.006079
1.25603,1254,479.714142,454.919464,5,5.14241028
1.25729,1255,479.714142,454.924957,5,5.05515862
1.25908,1256,479.714142,454.9304,5,5.07697153
1.25910,1257,479.714142,454.934418,5,5.13150358
1.26038,1258,479.714142,454.94458,5,5.07697153
1.26040,1259,479.714142,454.950378,5,4.891561
1.26217,1260,479.714142,454.9551,5,5.09878445
1.26399,1261,479.714142,454.960083,5,5.066065
1.26400,1262,479.714142,454.964935,5,5.07697153
1.26527,1263,479.714142,454.970154,5,5.02789259
1.26709,1264,479.714142,454.975616,5,4.97335958
1.26713,1265,479.714142,454.980225,5,5.109691
1.26836,1266,479.714142,454.985535,5,5.016986
1.26838,1267,479.714142,454.990356,5,5.153317
1.27020,1268,479.714142,454.9958,5,4.995173
1.27201,1269,479.714142,455.0005,5,5.07697153
1.27202,1270,479.714142,455.005371,5,5.02789259
1.27328,1271,479.714142,455.010864,5,4.98426628
1.27509,1272,479.714142,455.015778,5,5.12059736
1.27511,1273,479.714142,455.020966,5,4.97335958
1.27639,1274,479.714142,455.02533,5,5.12059736
1.27641,1275,479.714142,455.030823,5,4.95154667
1.27818,1276,479.714142,455.036316,5,5.038799
1.27999,1277,479.714142,455.041351,5,5.12059736
1.28001,1278,479.714142,455.045837,5,5.109691
1.28126,1279,479.714142,455.0504,5,5.07697153
1.28308,1280,479.714142,455.056458,5,4.869748
1.28309,1281,479.714142,455.0615,5,5.05515862
1.28437,1282,479.714142,455.066528,5,5.016986
1.28439,1283,479.714142,455.070923,5,5.224209
1.28622,1284,479.714142,455.076,5,5.038799
1.28802,1285,479.714142,455.081543,5,4.891561
1.28804,1286,479.714142,455.086456,5,5.006079
1.28930,1287,479.714142,455.0917,5,5.006079
1.29109,1288,479.714142,455.096069,5,5.202396
1.29110,1289,479.714142,455.101532,5,4.97335958
1.29240,1290,479.714142,455.1065,5,5.006079
1.29243,1291,479.714142,455.111847,5,4.97335958
1.29418,1292,479.714142,455.116974,5,5.07697153
1.29601,1293,479.714142,455.12146,5,5.180583
1.29603,1294,479.714142,455.126556,5,4.96245337
1.29725,1295,479.714142,455.131378,5,4.98426628
1.29909,1296,479.714142,455.1372,5,4.869748
1.29911,1297,479.714142,455.141937,5,5.09878445
1.30038,1298,479.714142,455.146667,5,5.07697153
1.30042,1299,479.714142,455.151367,5,5.02789259
1.30220,1300,479.714142,455.1566,5,4.94064
1.30400,1301,479.714142,455.162537,5,4.869748
1.30402,1302,479.714142,455.167175,5,5.180583
1.30527,1303,479.714142,455.172058,5,5.109691
1.30710,1304,479.714142,455.17688,5,5.164223
1.30711,1305,479.714142,455.182678,5,4.92973375
1.30839,1306,479.714142,455.187927,5,4.97335958
1.30843,1307,479.714142,455.192566,5,5.087878
1.31018,1308,479.714142,455.197327,5,5.066065
1.31202,1309,479.714142,455.202148,5,5.087878
1.31204,1310,479.714142,455.208,5,4.847935
1.31325,1311,479.714142,455.2128,5,5.038799
1.31508,1312,479.714142,455.217682,5,5.038799
1.31510,1313,479.714142,455.222565,5,5.109691
1.31637,1314,479.714142,455.227936,5,4.98426628
1.31639,1315,479.714142,455.232727,5,4.90246725
1.31821,1316,479.714142,455.237976,5,5.05515862
1.32003,1317,479.714142,455.2432,5,4.98426628
1.32006,1318,479.714142,455.247437,5,5.153317
1.32127,1319,479.714142,455.253326,5,4.995173
1.32312,1320,479.714142,455.258148,5,5.087878
1.32314,1321,479.714142,455.262939,5,5.09878445
1.32435,1322,479.714142,455.2679,5,5.006079
1.32438,1323,479.714142,455.272858,5,5.016986
1.32619,1324,479.714142,455.2785,5,4.88065434
1.32800,1325,479.714142,455.2831,5,5.09878445
1.32801,1326,479.714142,455.288147,5,5.02789259
1.32925,1327,479.714142,455.292877,5,5.07697153
1.33111,1328,479.714142,455.298279,5,4.98426628
1.33113,1329,479.714142,455.303528,5,4.96245337
1.33237,1330,479.714142,455.308258,5,5.087878
1.33238,1331,479.714142,455.313477,5,5.006079
1.33418,1332,479.714142,455.318268,5,5.13150358
1.33603,1333,479.714142,455.3238,5,4.96245337
1.33606,1334,479.714142,455.328278,5,5.07697153
1.33727,1335,479.714142,455.3333,5,4.98426628
1.33910,1336,479.714142,455.338654,5,4.97335958
1.33912,1337,479.714142,455.343628,5,5.087878
1.34036,1338,479.714142,455.348724,5,4.95154667
1.34037,1339,479.714142,455.3531,5,5.109691
1.34219,1340,479.714142,455.3587,5,4.913374
1.34402,1341,479.714142,455.363983,5,5.02789259
1.34403,1342,479.714142,455.368958,5,5.07697153
1.34525,1343,479.714142,455.373352,5,5.07697153
1.34711,1344,479.714142,455.37796,5,5.02789259
1.34712,1345,479.714142,455.384,5,4.81521559
1.34835,1346,479.714142,455.388947,5,5.006079
1.34836,1347,479.714142,455.393982,5,4.98426628
1.35017,1348,479.714142,455.3982,5,5.180583
1.35202,1349,479.714142,455.403351,5,4.995173
1.35204,1350,479.714142,455.408783,5,4.837029
1.35326,1351,479.714142,455.413727,5,4.95154667
1.35511,1352,479.714142,455.4189,5,4.95154667
1.35513,1353,479.714142,455.423218,5,5.164223
1.35636,1354,479.714142,455.428558,5,4.94064
1.35637,1355,479.714142,455.433563,5,4.95154667
1.35817,1356,479.714142,455.438843,5,4.95154667
1.36002,1357,479.714142,455.44397,5,5.016986
1.36004,1358,479.714142,455.4485,5,5.164223
1.36126,1359,479.714142,455.458252,5,4.96245337
1.36312,1360,479.714142,455.464172,5,4.847935
1.36318,1361,479.714142,455.4689,5,5.066065
1.36441,1362,479.714142,455.4735,5,5.066065
1.36444,1363,479.714142,455.478241,5,5.006079
1.36618,1364,479.714142,455.483276,5,4.95154667
1.36805,1365,479.714142,455.48938,5,4.798856
1.36808,1366,479.714142,455.493958,5,5.14241028
1.36926,1367,479.714142,455.49884,5,5.087878
1.37122,1368,479.714142,455.503265,5,5.14241028
1.37125,1369,479.714142,455.50885,5,4.95154667
1.37235,1370,479.714142,455.514343,5,4.891561
1.37237,1371,479.714142,455.5189,5,5.09878445
1.37419,1372,479.714142,455.523773,5,5.006079
1.37604,1373,479.714142,455.528381,5,5.087878
1.37608,1374,479.714142,455.53418,5,4.847935
1.37727,1375,479.714142,455.539124,5,4.98426628
1.37909,1376,479.714142,455.543945,5,5.038799
1.37911,1377,479.714142,455.5489,5,5.066065
1.38035,1378,479.714142,455.554,5,5.016986
1.38036,1379,479.714142,455.5592,5,4.847935
1.38217,1380,479.714142,455.563782,5,5.02789259
1.38405,1381,479.714142,455.569031,5,4.96245337
1.38407,1382,479.714142,455.574158,5,5.12059736
1.38526,1383,479.714142,455.579651,5,5.02789259
1.38713,1384,479.714142,455.5847,5,5.02789259
1.38715,1385,479.714142,455.589355,5,5.12059736
1.38836,1386,479.714142,455.5944,5,4.995173
1.38838,1387,479.714142,455.599182,5,5.038799
1.39018,1388,479.714142,455.6049,5,4.869748
1.39210,1389,479.714142,455.609619,5,5.05515862
1.39213,1390,479.714142,455.6145,5,5.038799
1.39327,1391,479.714142,455.619263,5,5.02789259
1.39510,1392,479.714142,455.6245,5,5.006079
1.39512,1393,479.714142,455.629944,5,4.90246725
1.39636,1394,479.714142,455.634521,5,5.087878
1.39638,1395,479.714142,455.6397,5,4.995173
1.39819,1396,479.714142,455.6446,5,5.109691
1.40002,1397,479.714142,455.65,5,4.995173
1.40006,1398,479.714142,455.654724,5,5.016986
1.40126,1399,479.714142,455.659454,5,5.016986
1.40312,1400,479.714142,455.6649,5,4.92973375
1.40315,1401,479.714142,455.669861,5,5.07697153
1.40450,1402,479.714142,455.675049,5,4.95154667
1.40454,1403,479.714142,455.679382,5,5.087878
1.40622,1404,479.714142,455.684753,5,4.96245337
1.40805,1405,479.714142,455.6903,5,4.96245337
1.40807,1406,479.714142,455.695251,5,5.09878445
1.40937,1407,479.714142,455.700073,5,5.09878445
1.41113,1408,479.714142,455.704559,5,4.858842
1.41114,1409,479.714142,455.7106,5,4.995173
1.41235,1410,479.714142,455.7157,5,5.016986
1.41236,1411,479.714142,455.720734,5,5.153317
1.41421,1412,479.714142,455.725342,5,5.12059736
1.41602,1413,479.714142,455.730438,5,4.858842
1.41605,1414,479.714142,455.736,5,4.98426628
1.41728,1415,479.714142,455.7409,5,4.96245337
1.41913,1416,479.714142,455.7461,5,5.180583
1.41916,1417,479.714142,455.7499,5,5.016986
1.42035,1418,479.714142,455.755157,5,5.016986
1.42039,1419,479.714142,455.760223,5,4.96245337
1.42219,1420,479.714142,455.7654,5,4.98426628
1.42406,1421,479.714142,455.770721,5,4.98426628
1.42408,1422,479.714142,455.7751,5,5.191489
1.42527,1423,479.714142,455.78006,5,4.96245337
1.42713,1424,479.714142,455.784851,5,4.95154667
1.42716,1425,479.714142,455.790558,5,4.837029
1.42835,1426,479.714142,455.795532,5,4.97335958
1.42836,1427,479.714142,455.800018,5,5.07697153
1.43021,1428,479.714142,455.804749,5,4.96245337
1.43203,1429,479.714142,455.8095,5,4.96245337
1.43205,1430,479.714142,455.8156,5,4.74432325
1.43327,1431,479.714142,455.8204,5,5.038799
1.43512,1432,479.714142,455.825134,5,5.07697153
1.43514,1433,479.714142,455.8296,5,5.09878445
1.43636,1434,479.714142,455.83493,5,4.995173
1.43638,1435,479.714142,455.8407,5,4.837029
1.43824,1436,479.714142,455.8452,5,5.07697153
1.44004,1437,479.714142,455.8501,5,5.109691
1.44008,1438,479.714142,455.854675,5,5.109691
1.44127,1439,479.714142,455.8604,5,4.90246725
1.44311,1440,479.714142,455.86557,5,4.94064
1.44313,1441,479.714142,455.870331,5,5.087878
1.44435,1442,479.714142,455.875366,5,5.087878
1.44436,1443,479.714142,455.8802,5,4.858842
1.44620,1444,479.714142,455.885956,5,5.016986
1.44803,1445,479.714142,455.890564,5,4.97335958
1.44806,1446,479.714142,455.895416,5,5.087878
1.44928,1447,479.714142,455.900635,5,5.087878
1.45112,1448,479.714142,455.906036,5,5.006079
1.45114,1449,479.714142,455.9113,5,5.164223
1.45245,1450,479.714142,455.915863,5,5.016986
1.45247,1451,479.714142,455.921,5,5.07697153
1.45459,1452,479.714142,455.925659,5,4.913374
1.45604,1453,479.714142,455.9314,5,5.02789259
1.45605,1454,479.714142,455.936249,5,5.087878
1.45727,1455,479.714142,455.941132,5,5.038799
1.45913,1456,479.714142,455.946259,5,5.07697153
1.45916,1457,479.714142,455.951447,5,4.913374
1.46035,1458,479.714142,455.956635,5,5.09878445
1.46036,1459,479.714142,455.961273,5,5.016986
1.46220,1460,479.714142,455.9665,5,5.109691
1.46403,1461,479.714142,455.971649,5,5.05515862
1.46405,1462,479.714142,455.977081,5,5.006079
1.46526,1463,479.714142,455.9866,5,4.92973375
1.46712,1464,479.714142,455.992065,5,5.09878445
1.46717,1465,479.714142,455.99707,5,4.995173
1.46836,1466,479.714142,456.002258,5,5.087878
1.46838,1467,479.714142,456.006561,5,5.016986
1.47022,1468,479.714142,456.011963,5,4.96245337
1.47204,1469,479.714142,456.017548,5,5.12059736
1.47207,1470,479.714142,456.022583,5,5.066065
1.47327,1471,479.714142,456.027069,5,5.12059736
1.47511,1472,479.714142,456.031555,5,4.891561
1.47513,1473,479.714142,456.037537,5,4.97335958
1.47636,1474,479.714142,456.0427,5,5.016986
1.47638,1475,479.714142,456.047729,5,5.13150358
1.47821,1476,479.714142,456.0521,5,5.14241028
1.48001,1477,479.714142,456.057,5,4.869748
1.48003,1478,479.714142,456.062622,5,4.98426628
1.48126,1479,479.714142,456.0676,5,4.95154667
1.48312,1480,479.714142,456.072845,5,5.164223
1.48314,1481,479.714142,456.0772,5,5.05515862
1.48435,1482,479.714142,456.0825,5,4.96245337
1.48437,1483,479.714142,456.087646,5,5.016986
1.48621,1484,479.714142,456.092865,5,4.98426628
1.48806,1485,479.714142,456.098175,5,5.224209
1.48809,1486,479.714142,456.102631,5,5.016986
1.48928,1487,479.714142,456.107666,5,4.995173
1.49113,1488,479.714142,456.1125,5,4.90246725
1.49118,1489,479.714142,456.1183,5,5.016986
1.49235,1490,479.714142,456.123138,5,5.13150358
1.49236,1491,479.714142,456.1278,5,5.02789259
1.49422,1492,479.714142,456.132538,5,5.016986
1.49604,1493,479.714142,456.137634,5,4.81521559
1.49606,1494,479.714142,456.143677,5,5.109691
1.49728,1495,479.714142,456.148346,5,5.13150358
1.49912,1496,479.714142,456.153229,5,5.164223
1.49915,1497,479.714142,456.157776,5,5.038799
1.50035,1498,479.714142,456.163361,5,4.90246725
1.50039,1499,479.714142,456.168854,5,5.13150358
1.50219,1500,479.714142,456.173462,5,5.038799
1.50407,1501,479.714142,456.1783,5,5.13150358
1.50410,1502,479.714142,456.183044,5,4.913374
1.50528,1503,479.714142,456.188873,5,4.97335958
1.50722,1504,479.714142,456.193817,5,5.087878
1.50724,1505,479.714142,456.198639,5,5.07697153
1.50835,1506,479.714142,456.203339,5,5.087878
1.50837,1507,479.714142,456.208862,5,4.891561
1.51023,1508,479.714142,456.214355,5,5.038799
1.51203,1509,479.714142,456.219,5,4.995173
1.51206,1510,479.714142,456.224274,5,5.13150358
1.51325,1511,479.714142,456.229065,5,5.07697153
1.51511,1512,479.714142,456.2347,5,5.05515862
1.51514,1513,479.714142,456.239838,5,5.153317
1.51635,1514,479.714142,456.244354,5,5.016986
1.51636,1515,479.714142,456.2494,5,5.087878
1.51819,1516,479.714142,456.254272,5,4.891561
1.52001,1517,479.714142,456.259979,5,5.066065
1.52003,1518,479.714142,456.264618,5,5.066065
1.52128,1519,479.714142,456.269348,5,5.05515862
1.52314,1520,479.714142,456.2741,5,5.05515862
1.52319,1521,479.714142,456.279449,5,4.94064
1.52438,1522,479.714142,456.2848,5,5.12059736
1.52440,1523,479.714142,456.2895,5,5.02789259
1.52623,1524,479.714142,456.2947,5,5.14241028
1.52803,1525,479.714142,456.29953,5,5.02789259
1.52806,1526,479.714142,456.305023,5,5.038799
1.52926,1527,479.714142,456.3096,5,5.038799
1.53110,1528,479.714142,456.3146,5,4.95154667
1.53111,1529,479.714142,456.319977,5,5.09878445
1.53238,1530,479.714142,456.324982,5,4.97335958
1.53240,1531,479.714142,456.33017,5,5.12059736
1.53422,1532,479.714142,456.334473,5,4.97335958
1.53603,1533,479.714142,456.3401,5,4.995173
1.53604,1534,479.714142,456.34552,5,5.12059736
1.53726,1535,479.714142,456.3505,5,5.066065
1.53911,1536,479.714142,456.354919,5,5.12059736
1.53914,1537,479.714142,456.35965,5,4.88065434
1.54038,1538,479.714142,456.365662,5,5.02789259
1.54041,1539,479.714142,456.370636,5,5.038799
1.54223,1540,479.714142,456.375732,5,5.180583
1.54404,1541,479.714142,456.38,5,5.109691
1.54408,1542,479.714142,456.385223,5,4.88065434
1.54527,1543,479.714142,456.390717,5,4.995173
1.54714,1544,479.714142,456.395721,5,4.97335958
1.54717,1545,479.714142,456.400848,5,5.202396
1.54835,1546,479.714142,456.4052,5,5.016986
1.54836,1547,479.714142,456.4107,5,4.98426628
1.55019,1548,479.714142,456.415649,5,4.995173
1.55203,1549,479.714142,456.421082,5,5.02789259
1.55206,1550,479.714142,456.426117,5,5.21330261
1.55327,1551,479.714142,456.430756,5,4.995173
1.55513,1552,479.714142,456.4358,5,5.016986
1.55516,1553,479.714142,456.440674,5,4.88065434
1.55642,1554,479.714142,456.446564,5,5.07697153
1.55646,1555,479.714142,456.451141,5,5.109691
1.55824,1556,479.714142,456.455933,5,5.02789259
1.56004,1557,479.714142,456.460541,5,4.98426628
1.56007,1558,479.714142,456.465942,5,4.837029
1.56126,1559,479.714142,456.4764,5,5.109691
1.56312,1560,479.714142,456.4813,5,5.180583
1.56315,1561,479.714142,456.4858,5,4.98426628
1.56436,1562,479.714142,456.49173,5,4.94064
1.56438,1563,479.714142,456.496948,5,5.13150358
1.56622,1564,479.714142,456.501953,5,5.066065
1.56804,1565,479.714142,456.506683,5,5.13150358
1.56806,1566,479.714142,456.5113,5,4.891561
1.56926,1567,479.714142,456.5172,5,5.038799
1.57127,1568,479.714142,456.521942,5,5.07697153
1.57134,1569,479.714142,456.527161,5,5.12059736
1.57237,1570,479.714142,456.5318,5,5.05515862
1.57239,1571,479.714142,456.537231,5,4.90246725
1.57425,1572,479.714142,456.542572,5,5.07697153
1.57604,1573,479.714142,456.547241,5,5.006079
1.57606,1574,479.714142,456.5525,5,5.164223
1.57728,1575,479.714142,456.5573,5,5.02789259
1.57913,1576,479.714142,456.56308,5,5.087878
1.57917,1577,479.714142,456.5677,5,5.12059736
1.58040,1578,479.714142,456.5727,5,5.02789259
1.58045,1579,479.714142,456.577576,5,5.066065
1.58225,1580,479.714142,456.582764,5,4.90246725
1.58403,1581,479.714142,456.588257,5,5.109691
1.58407,1582,479.714142,456.592865,5,5.05515862
1.58527,1583,479.714142,456.598022,5,5.087878
1.58713,1584,479.714142,456.6027,5,5.006079
1.58717,1585,479.714142,456.608276,5,4.97335958
1.58836,1586,479.714142,456.6133,5,5.109691
1.58838,1587,479.714142,456.618134,5,5.016986
1.59021,1588,479.714142,456.623383,5,5.14241028
1.59205,1589,479.714142,456.6282,5,4.98426628
1.59208,1590,479.714142,456.633759,5,5.087878
1.59326,1591,479.714142,456.6381,5,5.006079
1.59515,1592,479.714142,456.643829,5,4.995173
1.59518,1593,479.714142,456.648651,5,5.109691
1.59636,1594,479.714142,456.653748,5,4.98426628
1.59638,1595,479.714142,456.65863,5,5.13150358
1.59823,1596,479.714142,456.6632,5,4.94064
1.60004,1597,479.714142,456.669037,5,5.066065
1.60006,1598,479.714142,456.6742,5,5.109691
1.60126,1599,479.714142,456.67923,5,5.12059736
1.60309,1600,479.714142,456.68335,5,5.066065
1.60312,1601,479.714142,456.688629,5,4.869748
1.60455,1602,479.714142,456.6945,5,5.05515862
1.60460,1603,479.714142,456.699371,5,5.02789259
1.60619,1604,479.714142,456.704285,5,5.224209
1.60806,1605,479.714142,456.708923,5,5.02789259
1.60809,1606,479.714142,456.714569,5,4.913374
1.60927,1607,479.714142,456.71936,5,4.98426628
1.61111,1608,479.714142,456.724823,5,5.016986
1.61113,1609,479.714142,456.7296,5,5.191489
1.61236,1610,479.714142,456.734344,5,4.95154667
1.61238,1611,479.714142,456.740051,5,5.016986
1.61424,1612,479.714142,456.74472,5,4.97335958
1.61603,1613,479.714142,456.7503,5,5.109691
1.61606,1614,479.714142,456.755157,5,5.180583
1.61726,1615,479.714142,456.760071,5,4.98426628
1.61911,1616,479.714142,456.764343,5,4.98426628
1.61913,1617,479.714142,456.769653,5,4.88065434
1.62038,1618,479.714142,456.775238,5,5.12059736
1.62040,1619,479.714142,456.779572,5,5.05515862
1.62220,1620,479.714142,456.784546,5,5.02789259
1.62407,1621,479.714142,456.789,5,4.88065434
1.62410,1622,479.714142,456.794769,5,4.837029
1.62527,1623,479.714142,456.80014,5,5.13150358
1.62711,1624,479.714142,456.8047,5,5.02789259
1.62714,1625,479.714142,456.809357,5,5.087878
1.62837,1626,479.714142,456.813934,5,4.82612228
1.62840,1627,479.714142,456.8199,5,4.88065434
1.63024,1628,479.714142,456.8247,5,5.016986
1.63200,1629,479.714142,456.8294,5,4.98426628
1.63204,1630,479.714142,456.8343,5,5.02789259
1.63325,1631,479.714142,456.83902,5,4.777043
1.63514,1632,479.714142,456.8451,5,4.98426628
1.63516,1633,479.714142,456.84967,5,5.006079
1.63635,1634,479.714142,456.854675,5,5.066065
1.63637,1635,479.714142,456.8592,5,4.995173
1.63820,1636,479.714142,456.864746,5,4.869748
1.64004,1637,479.714142,456.869934,5,5.038799
1.64006,1638,479.714142,456.8746,5,4.97335958
1.64127,1639,479.714142,456.879883,5,5.153317
1.64310,1640,479.714142,456.884735,5,5.016986
1.64312,1641,479.714142,456.8904,5,5.087878
1.64438,1642,479.714142,456.895416,5,5.13150358
1.64441,1643,479.714142,456.900024,5,5.016986
1.64623,1644,479.714142,456.904968,5,5.07697153
1.64803,1645,479.714142,456.910156,5,4.90246725
1.64805,1646,479.714142,456.915649,5,5.109691
1.64927,1647,479.714142,456.920258,5,5.066065
1.65111,1648,479.714142,456.9254,5,5.087878
1.65114,1649,479.714142,456.930084,5,5.016986
1.65236,1650,479.714142,456.93573,5,4.97335958
1.65239,1651,479.714142,456.9407,5,5.12059736
1.65464,1652,479.714142,456.945557,5,5.02789259
1.65602,1653,479.714142,456.950745,5,5.153317
1.65604,1654,479.714142,456.955719,5,4.995173
1.65731,1655,479.714142,456.961151,5,5.087878
1.65911,1656,479.714142,456.965546,5,5.016986
1.65913,1657,479.714142,456.970978,5,5.006079
1.66035,1658,479.714142,456.9761,5,5.12059736
1.66036,1659,479.714142,456.9812,5,4.98426628
1.66222,1660,479.714142,456.986023,5,5.13150358
1.66400,1661,479.714142,456.990662,5,4.94064
1.66401,1662,479.714142,457.0016,5,5.109691
1.66526,1663,479.714142,457.006622,5,5.109691
1.66710,1664,479.714142,457.010742,5,5.066065
1.66712,1665,479.714142,457.016144,5,4.869748
1.66835,1666,479.714142,457.021881,5,5.038799
1.66837,1667,479.714142,457.026855,5,5.02789259
1.67021,1668,479.714142,457.031677,5,5.224209
1.67204,1669,479.714142,457.036,5,5.016986
1.67207,1670,479.714142,457.0416,5,4.891561
1.67327,1671,479.714142,457.047,5,4.98426628
1.67509,1672,479.714142,457.051941,5,5.006079
1.67511,1673,479.714142,457.056671,5,5.191489
1.67645,1674,479.714142,457.06134,5,4.96245337
1.67648,1675,479.714142,457.066772,5,4.995173
1.67822,1676,479.714142,457.071716,5,4.96245337
1.68001,1677,479.714142,457.0773,5,5.087878
1.68003,1678,479.714142,457.08194,5,5.164223
1.68126,1679,479.714142,457.086731,5,4.97335958
1.68312,1680,479.714142,457.091644,5,4.98426628
1.68315,1681,479.714142,457.0973,5,4.88065434
1.68436,1682,479.714142,457.10257,5,5.12059736
1.68438,1683,479.714142,457.1069,5,5.066065
1.68623,1684,479.714142,457.111877,5,5.038799
1.68802,1685,479.714142,457.116516,5,4.92973375
1.68805,1686,479.714142,457.122375,5,4.869748
1.68927,1687,479.714142,457.127747,5,5.191489
1.69111,1688,479.714142,457.1324,5,5.109691
1.69113,1689,479.714142,457.137054,5,5.153317
1.69238,1690,479.714142,457.1419,5,4.913374
1.69240,1691,479.714142,457.1482,5,4.98426628
1.69419,1692,479.714142,457.152618,5,5.07697153
1.69600,1693,479.714142,457.1575,5,5.066065
1.69601,1694,479.714142,457.162323,5,5.087878
1.69726,1695,479.714142,457.1678,5,4.847935
1.69908,1696,479.714142,457.1733,5,5.066065
1.69910,1697,479.714142,457.177643,5,5.038799
1.70036,1698,479.714142,457.1829,5,5.12059736
1.70038,1699,479.714142,457.187561,5,4.995173
1.70221,1700,479.714142,457.193268,5,4.913374
1.70400,1701,479.714142,457.1981,5,5.05515862
1.70402,1702,479.714142,457.203064,5,4.98426628
1.70534,1703,479.714142,457.20816,5,5.153317
1.70710,1704,479.714142,457.2132,5,4.995173
1.70713,1705,479.714142,457.218719,5,5.109691
1.70838,1706,479.714142,457.2233,5,5.09878445
1.70840,1707,479.714142,457.228333,5,5.016986
1.71020,1708,479.714142,457.233063,5,5.016986
1.71202,1709,479.714142,457.238922,5,4.90246725
1.71205,1710,479.714142,457.244049,5,5.12059736
1.71329,1711,479.714142,457.248779,5,5.038799
1.71510,1712,479.714142,457.253784,5,5.087878
1.71512,1713,479.714142,457.2586,5,4.96245337
1.71634,1714,479.714142,457.2643,5,4.97335958
1.71636,1715,479.714142,457.268982,5,5.07697153
1.71822,1716,479.714142,457.273956,5,5.006079
1.71999,1717,479.714142,457.279053,5,5.13150358
1.72001,1718,479.714142,457.2838,5,4.96245337
1.72127,1719,479.714142,457.289124,5,5.07697153
1.72310,1720,479.714142,457.293427,5,4.97335958
1.72313,1721,479.714142,457.298981,5,4.995173
1.72437,1722,479.714142,457.304016,5,5.087878
1.72440,1723,479.714142,457.309143,5,4.97335958
1.72621,1724,479.714142,457.313721,5,5.09878445
1.72799,1725,479.714142,457.3185,5,4.891561
1.72800,1726,479.714142,457.3244,5,5.038799
1.72928,1727,479.714142,457.3294,5,5.07697153
1.73110,1728,479.714142,457.33432,5,5.109691
1.73112,1729,479.714142,457.33844,5,5.02789259
1.73236,1730,479.714142,457.344,5,4.858842
1.73237,1731,479.714142,457.349579,5,5.038799
1.73417,1732,479.714142,457.3546,5,5.016986
1.73601,1733,479.714142,457.359344,5,5.224209
1.73603,1734,479.714142,457.3637,5,4.995173
1.73729,1735,479.714142,457.3695,5,4.913374
1.73911,1736,479.714142,457.374451,5,4.98426628
1.73912,1737,479.714142,457.37973,5,5.016986
1.74039,1738,479.714142,457.384369,5,5.180583
1.74041,1739,479.714142,457.389252,5,4.95154667
1.74220,1740,479.714142,457.394623,5,5.006079
1.74401,1741,479.714142,457.3995,5,4.96245337
1.74403,1742,479.714142,457.405121,5,5.12059736
1.74528,1743,479.714142,457.409637,5,5.164223
1.74710,1744,479.714142,457.414581,5,4.97335958
1.74712,1745,479.714142,457.4194,5,4.995173
1.74834,1746,479.714142,457.4249,5,4.88065434
1.74835,1747,479.714142,457.430328,5,5.13150358
1.75018,1748,479.714142,457.434723,5,5.066065
1.75202,1749,479.714142,457.4397,5,5.038799
1.75203,1750,479.714142,457.444275,5,4.90246725
1.75327,1751,479.714142,457.450317,5,4.90246725
1.75517,1752,479.714142,457.455444,5,5.191489
1.75522,1753,479.714142,457.46048,5,5.12059736
1.75639,1754,479.714142,457.4648,5,5.153317
1.75642,1755,479.714142,457.4698,5,4.90246725
1.75819,1756,479.714142,457.4761,5,5.006079
1.76003,1757,479.714142,457.480682,5,5.066065
1.76005,1758,479.714142,457.4899,5,5.066065
1.76126,1759,479.714142,457.495331,5,4.858842
1.76310,1760,479.714142,457.501068,5,5.066065
1.76311,1761,479.714142,457.505768,5,5.02789259
1.76435,1762,479.714142,457.510651,5,5.12059736
1.76437,1763,479.714142,457.515381,5,4.97335958
1.76619,1764,479.714142,457.521118,5,4.92973375
1.76800,1765,479.714142,457.525848,5,5.066065
1.76802,1766,479.714142,457.5309,5,5.006079
1.76926,1767,479.714142,457.535919,5,5.164223
1.77117,1768,479.714142,457.5411,5,4.995173
1.77119,1769,479.714142,457.5466,5,5.12059736
1.77235,1770,479.714142,457.551117,5,5.087878
1.77238,1771,479.714142,457.5562,5,5.016986
1.77417,1772,479.714142,457.560944,5,5.006079
1.77601,1773,479.714142,457.566528,5,4.913374
1.77603,1774,479.714142,457.571564,5,5.12059736
1.77730,1775,479.714142,457.576355,5,5.038799
1.77909,1776,479.714142,457.581329,5,5.087878
1.77912,1777,479.714142,457.586151,5,4.96245337
1.78037,1778,479.714142,457.591858,5,5.006079
1.78038,1779,479.714142,457.596527,5,5.07697153
1.78218,1780,479.714142,457.601654,5,5.02789259
1.78401,1781,479.714142,457.6066,5,5.14241028
1.78403,1782,479.714142,457.611847,5,4.96245337
1.78527,1783,479.714142,457.616882,5,5.087878
1.78709,1784,479.714142,457.621338,5,4.96245337
1.78710,1785,479.714142,457.626953,5,5.016986
1.78837,1786,479.714142,457.631927,5,5.07697153
1.78839,1787,479.714142,457.637115,5,4.98426628
1.79018,1788,479.714142,457.641571,5,5.109691
1.79201,1789,479.714142,457.646667,5,4.90246725
1.79203,1790,479.714142,457.6527,5,5.087878
1.79326,1791,479.714142,457.6574,5,5.07697153
1.79510,1792,479.714142,457.66217,5,5.13150358
1.79513,1793,479.714142,457.6664,5,5.006079
1.79639,1794,479.714142,457.6722,5,4.869748
1.79641,1795,479.714142,457.677582,5,5.038799
1.79819,1796,479.714142,457.6826,5,5.016986
1.80001,1797,479.714142,457.6872,5,5.224209
1.80004,1798,479.714142,457.691772,5,4.97335958
1.80126,1799,479.714142,457.697479,5,4.92973375
1.80310,1800,479.714142,457.702759,5,4.97335958
1.80312,1801,479.714142,457.7077,5,5.038799
1.80452,1802,479.714142,457.712158,5,5.153317
1.80457,1803,479.714142,457.717255,5,4.94064
1.80620,1804,479.714142,457.722534,5,5.006079
1.80805,1805,479.714142,457.727875,5,4.94064
1.80809,1806,479.714142,457.733368,5,5.13150358
1.80928,1807,479.714142,457.737762,5,5.13150358
1.81109,1808,479.714142,457.7428,5,4.97335958
1.81110,1809,479.714142,457.74762,5,4.97335958
1.81236,1810,479.714142,457.753265,5,4.891561
1.81238,1811,479.714142,457.7584,5,5.14241028
1.81419,1812,479.714142,457.7629,5,5.038799
1.81603,1813,479.714142,457.7678,5,5.038799
1.81605,1814,479.714142,457.772949,5,4.891561
1.81728,1815,479.714142,457.779083,5,4.913374
1.81909,1816,479.714142,457.7832,5,5.191489
1.81910,1817,479.714142,457.788666,5,5.109691
1.82037,1818,479.714142,457.792633,5,5.14241028
1.82040,1819,479.714142,457.797852,5,4.891561
1.82219,1820,479.714142,457.803955,5,5.02789259
1.82400,1821,479.714142,457.8082,5,5.05515862
1.82402,1822,479.714142,457.8131,5,5.07697153
1.82528,1823,479.714142,457.817963,5,5.02789259
1.82710,1824,479.714142,457.823639,5,4.82612228
1.82712,1825,479.714142,457.828766,5,5.05515862
1.82837,1826,479.714142,457.8335,5,4.995173
1.82841,1827,479.714142,457.8382,5,5.087878
1.83017,1828,479.714142,457.843018,5,4.92973375
1.83203,1829,479.714142,457.848755,5,4.891561
1.83204,1830,479.714142,457.8534,5,5.016986
1.83326,1831,479.714142,457.858429,5,4.97335958
1.83508,1832,479.714142,457.8634,5,5.13150358
1.83510,1833,479.714142,457.868652,5,4.96245337
1.83635,1834,479.714142,457.874054,5,5.109691
1.83637,1835,479.714142,457.878571,5,5.066065
1.83820,1836,479.714142,457.883636,5,5.006079
1.84001,1837,479.714142,457.888367,5,5.006079
1.84002,1838,479.714142,457.894,5,4.90246725
1.84127,1839,479.714142,457.899017,5,5.12059736
1.84310,1840,479.714142,457.903839,5,5.038799
1.84312,1841,479.714142,457.908783,5,5.087878
1.84435,1842,479.714142,457.9137,5,4.96245337
1.84437,1843,479.714142,457.919342,5,5.006079
1.84619,1844,479.714142,457.923981,5,5.07697153
1.84803,1845,479.714142,457.929169,5,5.02789259
1.84807,1846,479.714142,457.9341,5,5.153317
1.84926,1847,479.714142,457.9394,5,4.97335958
1.85108,1848,479.714142,457.944427,5,5.109691
1.85110,1849,479.714142,457.948944,5,4.98426628
1.85234,1850,479.714142,457.954529,5,5.02789259
1.85236,1851,479.714142,457.959473,5,5.087878
1.85458,1852,479.714142,457.964722,5,4.995173
1.85603,1853,479.714142,457.969177,5,5.109691
1.85605,1854,479.714142,457.974365,5,4.913374
1.85728,1855,479.714142,457.980072,5,5.109691
1.85909,1856,479.714142,457.985016,5,5.07697153
1.85910,1857,479.714142,457.989777,5,5.14241028
1.86037,1858,479.714142,457.9941,5,5.016986
1.86039,1859,479.714142,458.00528,5,5.07697153
1.86219,1860,479.714142,458.010284,5,5.05515862
1.86403,1861,479.714142,458.0148,5,5.23511553
1.86406,1862,479.714142,458.0196,5,4.97335958
1.86526,1863,479.714142,458.025177,5,4.92973375
1.86711,1864,479.714142,458.030121,5,4.96245337
1.86712,1865,479.714142,458.035461,5,5.05515862
1.86834,1866,479.714142,458.039825,5,5.153317
1.86837,1867,479.714142,458.045,5,4.913374
1.87022,1868,479.714142,458.0502,5,5.006079
1.87202,1869,479.714142,458.0553,5,4.94064
1.87203,1870,479.714142,458.06073,5,5.13150358
1.87329,1871,479.714142,458.065155,5,5.12059736
1.87510,1872,479.714142,458.0702,5,4.96245337
1.87512,1873,479.714142,458.074951,5,4.96245337
1.87636,1874,479.714142,458.080658,5,4.88065434
1.87638,1875,479.714142,458.085754,5,5.153317
1.87823,1876,479.714142,458.0902,5,5.02789259
1.88002,1877,479.714142,458.0951,5,5.038799
1.88005,1878,479.714142,458.099945,5,4.88065434
1.88126,1879,479.714142,458.106384,5,4.92973375
1.88311,1880,479.714142,458.11087,5,5.191489
1.88314,1881,479.714142,458.1157,5,5.109691
1.88435,1882,479.714142,458.120239,5,5.14241028
1.88436,1883,479.714142,458.1256,5,4.88065434
1.88618,1884,479.714142,458.131653,5,5.02789259
1.88804,1885,479.714142,458.136139,5,5.05515862
1.88810,1886,479.714142,458.141022,5,5.087878
1.88928,1887,479.714142,458.14566,5,5.038799
1.89110,1888,479.714142,458.1515,5,4.869748
1.89112,1889,479.714142,458.156525,5,5.087878
1.89237,1890,479.714142,458.161316,5,5.038799
1.89240,1891,479.714142,458.166046,5,5.12059736
1.89420,1892,479.714142,458.171021,5,4.95154667
1.89604,1893,479.714142,458.176666,5,4.96245337
1.89607,1894,479.714142,458.1813,5,5.038799
1.89726,1895,479.714142,458.186554,5,5.016986
1.89910,1896,479.714142,458.191376,5,5.153317
1.89912,1897,479.714142,458.196869,5,4.98426628
1.90035,1898,479.714142,458.202,5,5.14241028
1.90035,1899,479.714142,458.206665,5,5.05515862
1.90218,1900,479.714142,458.2117,5,5.02789259
1.90406,1901,479.714142,458.2165,5,4.995173
1.90410,1902,479.714142,458.222229,5,4.94064
1.90529,1903,479.714142,458.226959,5,5.13150358
1.90713,1904,479.714142,458.2319,5,5.038799
1.90715,1905,479.714142,458.236725,5,5.09878445
1.90835,1906,479.714142,458.242279,5,4.94064
1.90836,1907,479.714142,458.2477,5,5.016986
1.91019,1908,479.714142,458.252045,5,5.05515862
1.91204,1909,479.714142,458.257843,5,5.02789259
1.91207,1910,479.714142,458.262421,5,5.12059736
1.91327,1911,479.714142,458.2679,5,4.96245337
1.91512,1912,479.714142,458.272522,5,5.109691
1.91513,1913,479.714142,458.277374,5,4.95154667
1.91635,1914,479.714142,458.2828,5,5.038799
1.91636,1915,479.714142,458.2881,5,5.066065
1.91821,1916,479.714142,458.293243,5,5.006079
1.92003,1917,479.714142,458.297,5,5.087878
1.92005,1918,479.714142,458.302429,5,4.90246725
1.92130,1919,479.714142,458.307922,5,5.09878445
1.92314,1920,479.714142,458.312958,5,5.07697153
1.92319,1921,479.714142,458.317535,5,5.14241028
1.92436,1922,479.714142,458.322052,5,4.995173
1.92437,1923,479.714142,458.328064,5,4.913374
1.92619,1924,479.714142,458.3332,5,5.07697153
1.92801,1925,479.714142,458.338226,5,5.07697153
1.92803,1926,479.714142,458.3427,5,5.246022
1.92926,1927,479.714142,458.347748,5,4.97335958
1.93110,1928,479.714142,458.353333,5,4.98426628
1.93114,1929,479.714142,458.358337,5,5.006079
1.93235,1930,479.714142,458.363556,5,5.12059736
1.93237,1931,479.714142,458.367981,5,5.164223
1.93420,1932,479.714142,458.3734,5,4.96245337
1.93604,1933,479.714142,458.378448,5,5.05515862
1.93607,1934,479.714142,458.383759,5,4.96245337
1.93725,1935,479.714142,458.3889,5,5.191489
1.93910,1936,479.714142,458.393524,5,5.087878
1.93912,1937,479.714142,458.3985,5,4.98426628
1.94036,1938,479.714142,458.40332,5,4.95154667
1.94037,1939,479.714142,458.409546,5,4.94064
1.94222,1940,479.714142,458.4139,5,5.164223
1.94402,1941,479.714142,458.418579,5,5.016986
1.94406,1942,479.714142,458.423523,5,5.038799
1.94526,1943,479.714142,458.428467,5,4.82612228
1.94711,1944,479.714142,458.4344,5,4.97335958
1.94714,1945,479.714142,458.439026,5,5.153317
1.94835,1946,479.714142,458.444153,5,5.09878445
1.94837,1947,479.714142,458.448639,5,5.087878
1.95022,1948,479.714142,458.454376,5,4.847935
1.95204,1949,479.714142,458.4597,5,5.038799
1.95206,1950,479.714142,458.4643,5,5.016986
1.95326,1951,479.714142,458.4691,5,5.09878445
1.95518,1952,479.714142,458.473877,5,4.98426628
1.95522,1953,479.714142,458.479767,5,4.869748
1.95636,1954,479.714142,458.484558,5,5.087878
1.95637,1955,479.714142,458.489441,5,5.016986
1.95821,1956,479.714142,458.494,5,5.109691
1.96002,1957,479.714142,458.5048,5,4.96245337
1.96006,1958,479.714142,458.5048,5,4.96245337
1.96127,1959,479.714142,458.509369,5,5.006079
1.96310,1960,479.714142,458.51944,5,5.14241028
1.96312,1961,479.714142,458.524933,5,4.96245337
1.96435,1962,479.714142,458.5299,5,5.14241028
1.96437,1963,479.714142,458.534637,5,5.038799
1.96619,1964,479.714142,458.5396,5,5.02789259
1.96803,1965,479.714142,458.5445,5,4.96245337
1.96804,1966,479.714142,458.5502,5,4.95154667
1.96926,1967,479.714142,458.554871,5,5.12059736
1.97125,1968,479.714142,458.5599,5,5.02789259
1.97127,1969,479.714142,458.564636,5,5.109691
1.97236,1970,479.714142,458.570038,5,4.92973375
1.97239,1971,479.714142,458.575378,5,5.038799
1.97424,1972,479.714142,458.58,5,5.038799
1.97605,1973,479.714142,458.585236,5,5.038799
1.97609,1974,479.714142,458.590057,5,5.109691
1.97726,1975,479.714142,458.595551,5,4.97335958
1.97914,1976,479.714142,458.6001,5,5.109691
1.97917,1977,479.714142,458.605133,5,4.94064
1.98035,1978,479.714142,458.6105,5,5.07697153
1.98036,1979,479.714142,458.615479,5,5.038799
1.98220,1980,479.714142,458.620575,5,5.02789259
1.98409,1981,479.714142,458.6249,5,5.07697153
1.98415,1982,479.714142,458.630585,5,4.90246725
1.98526,1983,479.714142,458.635925,5,5.109691
1.98717,1984,479.714142,458.64093,5,5.05515862
1.98719,1985,479.714142,458.645355,5,5.13150358
1.98837,1986,479.714142,458.650024,5,4.95154667
1.98839,1987,479.714142,458.656067,5,4.913374
1.99023,1988,479.714142,458.661316,5,5.05515862
1.99203,1989,479.714142,458.666138,5,5.066065
1.99205,1990,479.714142,458.67038,5,5.202396
1.99326,1991,479.714142,458.6755,5,4.90246725
1.99514,1992,479.714142,458.681,5,4.94064
1.99516,1993,479.714142,458.685974,5,4.95154667
1.99635,1994,479.714142,458.6911,5,5.087878
1.99636,1995,479.714142,458.695526,5,5.12059736
1.99822,1996,479.714142,458.700928,5,4.913374
2.00003,1997,479.714142,458.705872,5,5.006079
2.00006,1998,479.714142,458.7112,5,4.92973375
2.00127,1999,479.714142,458.716278,5,5.164223
2.00321,2000,479.714142,458.720856,5,5.07697153
2.00327,2001,479.714142,458.7259,5,4.97335958
2.00441,2002,479.714142,458.730743,5,4.94064
2.00446,2003,479.714142,458.736938,5,4.913374
2.00620,2004,479.714142,458.741516,5,5.153317
2.00805,2005,479.714142,458.746246,5,5.016986
2.00807,2006,479.714142,458.750916,5,5.038799
2.00925,2007,479.714142,458.756256,5,4.82612228
2.01112,2008,479.714142,458.762146,5,4.96245337
2.01114,2009,479.714142,458.766724,5,5.164223
2.01235,2010,479.714142,458.771881,5,5.109691
2.01237,2011,479.714142,458.7764,5,5.109691
2.01421,2012,479.714142,458.7823,5,4.858842
2.01604,2013,479.714142,458.787384,5,5.05515862
2.01606,2014,479.714142,458.792053,5,5.02789259
2.01726,2015,479.714142,458.796783,5,5.09878445
2.01912,2016,479.714142,458.801727,5,4.995173
2.01914,2017,479.714142,458.807526,5,4.869748
2.02038,2018,479.714142,458.811951,5,5.087878
2.02040,2019,479.714142,458.816864,5,5.02789259
2.02221,2020,479.714142,458.821442,5,5.109691
2.02404,2021,479.714142,458.826782,5,4.90246725
2.02406,2022,479.714142,458.832245,5,4.96245337
2.02526,2023,479.714142,458.836853,5,5.006079
2.02711,2024,479.714142,458.842041,5,5.02789259
2.02714,2025,479.714142,458.846832,5,5.13150358
2.02836,2026,479.714142,458.852478,5,4.96245337
2.02837,2027,479.714142,458.8573,5,5.14241028
2.03023,2028,479.714142,458.8621,5,5.02789259
2.03205,2029,479.714142,458.867065,5,5.02789259
2.03208,2030,479.714142,458.872,5,4.96245337
2.03326,2031,479.714142,458.877655,5,4.94064
2.03512,2032,479.714142,458.882263,5,5.109691
2.03514,2033,479.714142,458.8873,5,5.02789259
2.03635,2034,479.714142,458.892029,5,5.087878
2.03637,2035,479.714142,458.89743,5,4.913374
2.03821,2036,479.714142,458.9027,5,5.02789259
2.04002,2037,479.714142,458.907349,5,5.038799
2.04004,2038,479.714142,458.9126,5,5.02789259
2.04126,2039,479.714142,458.917419,5,5.09878445
2.04310,2040,479.714142,458.922852,5,4.95154667
2.04312,2041,479.714142,458.927368,5,5.087878
2.04438,2042,479.714142,458.9324,5,4.94064
2.04440,2043,479.714142,458.937744,5,5.038799
2.04621,2044,479.714142,458.942749,5,5.02789259
2.04804,2045,479.714142,458.9478,5,5.006079
2.04806,2046,479.714142,458.9522,5,5.066065
2.04929,2047,479.714142,458.9578,5,4.891561
2.05116,2048,479.714142,458.963074,5,5.087878
2.05120,2049,479.714142,458.9681,5,5.05515862
2.05235,2050,479.714142,458.9725,5,5.12059736
2.05238,2051,479.714142,458.977173,5,4.95154667
2.05437,2052,479.714142,458.983154,5,4.88065434
2.05601,2053,479.714142,458.988159,5,5.02789259
2.05604,2054,479.714142,458.9932,5,5.038799
2.05729,2055,479.714142,458.997467,5,5.202396
2.05916,2056,479.714142,459.0026,5,4.90246725
2.05920,2057,479.714142,459.0081,5,4.92973375
2.06035,2058,479.714142,459.018158,5,5.05515862
2.06037,2059,479.714142,459.0225,5,5.13150358
2.06221,2060,479.714142,459.027863,5,4.891561
2.06403,2061,479.714142,459.032867,5,4.995173
2.06408,2062,479.714142,459.038147,5,4.913374
2.06528,2063,479.714142,459.0432,5,5.12059736
2.06711,2064,479.714142,459.0477,5,5.07697153
2.06714,2065,479.714142,459.0528,5,4.94064
2.06838,2066,479.714142,459.057556,5,4.92973375
2.06842,2067,479.714142,459.063416,5,4.858842
2.07019,2068,479.714142,459.068085,5,5.13150358
2.07203,2069,479.714142,459.072723,5,5.006079
2.07205,2070,479.714142,459.0775,5,5.016986
2.07327,2071,479.714142,459.08255,5,4.847935
2.07515,2072,479.714142,459.0889,5,4.891561
2.07517,2073,479.714142,459.093475,5,5.164223
2.07635,2074,479.714142,459.098358,5,5.087878
2.07637,2075,479.714142,459.102783,5,5.12059736
2.07822,2076,479.714142,459.108459,5,4.858842
2.08005,2077,479.714142,459.1138,5,4.995173
2.08007,2078,479.714142,459.118378,5,5.038799
2.08126,2079,479.714142,459.12323,5,5.05515862
2.08311,2080,479.714142,459.1279,5,5.02789259
2.08314,2081,479.714142,459.1338,5,4.837029
2.08435,2082,479.714142,459.138641,5,5.05515862
2.08436,2083,479.714142,459.143524,5,5.016986
2.08623,2084,479.714142,459.148132,5,5.09878445
2.08802,2085,479.714142,459.153229,5,4.94064
2.08805,2086,479.714142,459.1588,5,4.92973375
2.08927,2087,479.714142,459.1637,5,5.02789259
2.09113,2088,479.714142,459.16864,5,4.98426628
2.09116,2089,479.714142,459.1734,5,5.153317
2.09236,2090,479.714142,459.178955,5,4.96245337
2.09237,2091,479.714142,459.183929,5,5.109691
2.09423,2092,479.714142,459.188629,5,5.066065
2.09607,2093,479.714142,459.193665,5,4.995173
2.09609,2094,479.714142,459.1985,5,4.995173
2.09728,2095,479.714142,459.2042,5,4.891561
2.09914,2096,479.714142,459.208862,5,5.09878445
2.09917,2097,479.714142,459.2138,5,5.016986
2.10049,2098,479.714142,459.218567,5,5.07697153
2.10051,2099,479.714142,459.223816,5,4.94064
2.10222,2100,479.714142,459.2292,5,4.97335958
2.10404,2101,479.714142,459.233826,5,5.066065
2.10407,2102,479.714142,459.239,5,4.995173
2.10528,2103,479.714142,459.2439,5,5.12059736
2.10711,2104,479.714142,459.2493,5,4.94064
2.10715,2105,479.714142,459.254272,5,5.07697153
2.10836,2106,479.714142,459.259155,5,4.96245337
2.10838,2107,479.714142,459.264557,5,4.995173
2.11023,2108,479.714142,459.269531,5,5.07697153
2.11208,2109,479.714142,459.274658,5,4.97335958
2.11212,2110,479.714142,459.279,5,5.09878445
2.11327,2111,479.714142,459.284882,5,4.891561
2.11512,2112,479.714142,459.290222,5,5.05515862
2.11515,2113,479.714142,459.295319,5,5.07697153
2.11635,2114,479.714142,459.299622,5,5.109691
2.11636,2115,479.714142,459.304321,5,5.02789259
2.11822,2116,479.714142,459.3096,5,4.858842
2.12005,2117,479.714142,459.3147,5,5.038799
2.12007,2118,479.714142,459.319763,5,5.016986
2.12126,2119,479.714142,459.3241,5,5.202396
2.12312,2120,479.714142,459.328979,5,4.96245337
2.12316,2121,479.714142,459.334534,5,4.858842
2.12435,2122,479.714142,459.339417,5,4.94064
2.12436,2123,479.714142,459.3446,5,4.97335958
2.12620,2124,479.714142,459.348969,5,5.14241028
2.12805,2125,479.714142,459.354156,5,4.891561
2.12808,2126,479.714142,459.359283,5,4.95154667
2.12928,2127,479.714142,459.36438,5,4.90246725
2.13115,2128,479.714142,459.36972,5,5.038799
2.13118,2129,479.714142,459.374146,5,5.13150358
2.13235,2130,479.714142,459.37912,5,4.92973375
2.13236,2131,479.714142,459.38385,5,4.95154667
2.13423,2132,479.714142,459.3896,5,4.82612228
2.13603,2133,479.714142,459.394623,5,5.087878
2.13606,2134,479.714142,459.39917,5,5.05515862
2.13726,2135,479.714142,459.4042,5,5.016986
2.13912,2136,479.714142,459.409119,5,4.913374
2.13916,2137,479.714142,459.415527,5,4.837029
2.14035,2138,479.714142,459.4197,5,5.153317
2.14036,2139,479.714142,459.424774,5,5.087878
2.14219,2140,479.714142,459.42926,5,5.153317
2.14405,2141,479.714142,459.4348,5,4.92973375
2.14407,2142,479.714142,459.4404,5,4.95154667
2.14528,2143,479.714142,459.444916,5,5.087878
2.14710,2144,479.714142,459.4498,5,5.05515862
2.14711,2145,479.714142,459.454376,5,5.087878
2.14837,2146,479.714142,459.460236,5,4.847935
2.14840,2147,479.714142,459.465271,5,5.02789259
2.15021,2148,479.714142,459.470032,5,5.02789259
2.15203,2149,479.714142,459.474731,5,5.09878445
2.15205,2150,479.714142,459.4797,5,4.995173
2.15326,2151,479.714142,459.485352,5,4.891561
2.15511,2152,479.714142,459.49,5,5.05515862
2.15515,2153,479.714142,459.495178,5,4.97335958
2.15636,2154,479.714142,459.500061,5,5.153317
2.15638,2155,479.714142,459.505432,5,5.016986
2.15820,2156,479.714142,459.51062,5,5.07697153
2.16001,2157,479.714142,459.515259,5,5.109691
2.16002,2158,479.714142,459.520355,5,5.006079
2.16129,2159,479.714142,459.5251,5,5.038799
2.16311,2160,479.714142,459.535583,5,5.09878445
2.16313,2161,479.714142,459.540527,5,5.038799
2.16437,2162,479.714142,459.545349,5,5.066065
2.16438,2163,479.714142,459.550385,5,4.98426628
2.16620,2164,479.714142,459.556,5,4.95154667
2.16805,2165,479.714142,459.560516,5,5.087878
2.16808,2166,479.714142,459.5657,5,4.98426628
2.16931,2167,479.714142,459.570526,5,5.109691
2.17121,2168,479.714142,459.575928,5,4.96245337
2.17125,2169,479.714142,459.580719,5,5.02789259
2.17236,2170,479.714142,459.5854,5,4.98426628
2.17237,2171,479.714142,459.590881,5,4.95154667
2.17421,2172,479.714142,459.5958,5,5.07697153
2.17611,2173,479.714142,459.600983,5,4.95154667
2.17616,2174,479.714142,459.605316,5,5.09878445
2.17737,2175,479.714142,459.6106,5,4.92973375
2.17919,2176,479.714142,459.6162,5,5.006079
2.17923,2177,479.714142,459.6212,5,5.087878
2.18041,2178,479.714142,459.625824,5,5.07697153
2.18046,2179,479.714142,459.630127,5,5.05515862
2.18227,2180,479.714142,459.636078,5,4.837029
2.18403,2181,479.714142,459.641266,5,5.016986
2.18405,2182,479.714142,459.6463,5,5.006079
2.18536,2183,479.714142,459.6508,5,5.191489
2.18714,2184,479.714142,459.655548,5,5.05515862
2.18718,2185,479.714142,459.6612,5,4.869748
2.18837,2186,479.714142,459.6662,5,4.97335958
2.18839,2187,479.714142,459.671417,5,4.97335958
2.19024,2188,479.714142,459.675842,5,5.191489
2.19202,2189,479.714142,459.681,5,4.97335958
2.19204,2190,479.714142,459.686218,5,4.98426628
2.19330,2191,479.714142,459.6913,5,4.97335958
2.19511,2192,479.714142,459.696716,5,5.038799
2.19522,2193,479.714142,459.701141,5,5.191489
2.19640,2194,479.714142,459.706177,5,4.97335958
2.19644,2195,479.714142,459.711,5,4.98426628
2.19818,2196,479.714142,459.716644,5,4.858842
2.20006,2197,479.714142,459.7217,5,5.066065
2.20009,2198,479.714142,459.726257,5,5.07697153
2.20136,2199,479.714142,459.731079,5,5.016986
2.20310,2200,479.714142,459.736267,5,4.96245337
2.20313,2201,479.714142,459.742371,5,4.837029
2.20450,2202,479.714142,459.7471,5,5.153317
2.20453,2203,479.714142,459.751923,5,5.09878445
2.20620,2204,479.714142,459.75647,5,5.153317
2.20805,2205,479.714142,459.7619,5,4.95154667
2.20808,2206,479.714142,459.7678,5,4.92973375
2.20927,2207,479.714142,459.772064,5,5.09878445
2.21110,2208,479.714142,459.7769,5,5.038799
2.21114,2209,479.714142,459.7819,5,5.109691
2.21236,2210,479.714142,459.7877,5,4.858842
2.21237,2211,479.714142,459.792664,5,5.016986
2.21422,2212,479.714142,459.7975,5,5.038799
2.21600,2213,479.714142,459.8022,5,5.087878
2.21602,2214,479.714142,459.80722,5,5.02789259
2.21727,2215,479.714142,459.812866,5,4.88065434
2.21909,2216,479.714142,459.817444,5,5.05515862
2.21910,2217,479.714142,459.822327,5,4.97335958
2.22036,2218,479.714142,459.827148,5,5.13150358
2.22037,2219,479.714142,459.832581,5,5.02789259
2.22223,2220,479.714142,459.837769,5,5.066065
2.22401,2221,479.714142,459.8425,5,5.13150358
2.22403,2222,479.714142,459.847626,5,5.038799
2.22527,2223,479.714142,459.852478,5,5.087878
2.22710,2224,479.714142,459.8583,5,4.95154667
2.22713,2225,479.714142,459.8631,5,5.164223
2.22835,2226,479.714142,459.868134,5,5.12059736
2.22836,2227,479.714142,459.873077,5,5.153317
2.23020,2228,479.714142,459.878357,5,5.09878445
2.23202,2229,479.714142,459.88385,5,5.05515862
2.23204,2230,479.714142,459.888519,5,5.164223
2.23327,2231,479.714142,459.893829,5,5.07697153
2.23510,2232,479.714142,459.898682,5,5.202396
2.23511,2233,479.714142,459.904236,5,5.02789259
2.23639,2234,479.714142,459.908875,5,5.13150358
2.23641,2235,479.714142,459.913849,5,5.016986
2.23823,2236,479.714142,459.919281,5,5.02789259
2.24001,2237,479.714142,459.924225,5,5.109691
2.24004,2238,479.714142,459.929352,5,4.995173
2.24130,2239,479.714142,459.933746,5,5.12059736
2.24310,2240,479.714142,459.9394,5,4.913374
2.24312,2241,479.714142,459.944672,5,5.07697153
2.24435,2242,479.714142,459.9497,5,5.07697153
2.24437,2243,479.714142,459.954071,5,5.12059736
2.24618,2244,479.714142,459.95874,5,5.016986
2.24805,2245,479.714142,459.964752,5,4.847935
2.24807,2246,479.714142,459.969727,5,5.02789259
2.24930,2247,479.714142,459.974762,5,4.995173
2.25109,2248,479.714142,459.979034,5,5.202396
2.25111,2249,479.714142,459.984131,5,4.96245337
2.25235,2250,479.714142,459.989624,5,4.869748
2.25236,2251,479.714142,459.994568,5,4.94064
2.25458,2252,479.714142,459.9997,5,4.995173
2.25605,2253,479.714142,460.004059,5,5.153317
2.25609,2254,479.714142,460.0094,5,4.913374
2.25727,2255,479.714142,460.0144,5,4.98426628
2.25909,2256,479.714142,460.024872,5,5.07697153
2.25911,2257,479.714142,460.029327,5,5.153317
2.26037,2258,479.714142,460.034668,5,4.95154667
2.26041,2259,479.714142,460.03952,5,4.96245337
2.26221,2260,479.714142,460.045319,5,4.847935
2.26400,2261,479.714142,460.049927,5,5.087878
2.26402,2262,479.714142,460.054657,5,5.02789259
2.26536,2263,479.714142,460.059357,5,5.006079
2.26709,2264,479.714142,460.064545,5,4.90246725
2.26711,2265,479.714142,460.064545,5,4.90246725
2.26835,2266,479.714142,460.075073,5,5.164223
2.26836,2267,479.714142,460.08,5,5.087878
2.27018,2268,479.714142,460.084473,5,5.153317
2.27201,2269,479.714142,460.090149,5,4.90246725
2.27202,2270,479.714142,460.0955,5,4.95154667
2.27328,2271,479.714142,460.100067,5,5.07697153
2.27511,2272,479.714142,460.104858,5,5.038799
2.27513,2273,479.714142,460.10965,5,5.07697153
2.27636,2274,479.714142,460.115479,5,4.837029
2.27638,2275,479.714142,460.120331,5,5.02789259
2.27822,2276,479.714142,460.1252,5,5.02789259
2.28004,2277,479.714142,460.129822,5,5.09878445
2.28008,2278,479.714142,460.135,5,4.995173
2.28135,2279,479.714142,460.140564,5,4.891561
2.28310,2280,479.714142,460.145142,5,5.05515862
2.28312,2281,479.714142,460.15036,5,4.97335958
2.28435,2282,479.714142,460.155151,5,5.14241028
2.28437,2283,479.714142,460.160736,5,4.995173
2.28617,2284,479.714142,460.16568,5,5.087878
2.28802,2285,479.714142,460.170471,5,5.09878445
2.28804,2286,479.714142,460.175446,5,5.006079
2.28929,2287,479.714142,460.180267,5,5.038799
2.29109,2288,479.714142,460.185974,5,4.88065434
2.29110,2289,479.714142,460.190643,5,5.09878445
2.29235,2290,479.714142,460.195679,5,5.02789259
2.29237,2291,479.714142,460.2004,5,5.066065
2.29417,2292,479.714142,460.2057,5,4.97335958
2.29600,2293,479.714142,460.211029,5,4.95154667
2.29602,2294,479.714142,460.215668,5,5.087878
2.29728,2295,479.714142,460.220917,5,4.995173
2.29909,2296,479.714142,460.225739,5,5.13150358
2.29911,2297,479.714142,460.231232,5,4.96245337
2.30037,2298,479.714142,460.2358,5,5.05515862
2.30038,2299,479.714142,460.2407,5,4.98426628
2.30218,2300,479.714142,460.246124,5,4.97335958
2.30401,2301,479.714142,460.251068,5,5.087878
2.30405,2302,479.714142,460.2562,5,4.96245337
2.30528,2303,479.714142,460.260529,5,5.109691
2.30710,2304,479.714142,460.266052,5,4.913374
2.30711,2305,479.714142,460.27182,5,5.02789259
2.30839,2306,479.714142,460.2768,5,5.087878
2.30841,2307,479.714142,460.281219,5,5.087878
2.31018,2308,479.714142,460.285858,5,5.05515862
2.31207,2309,479.714142,460.2919,5,4.837029
2.31209,2310,479.714142,460.29718,5,5.02789259
2.31328,2311,479.714142,460.302216,5,5.006079
2.31509,2312,479.714142,460.306458,5,5.202396
2.31511,2313,479.714142,460.31134,5,5.02789259
2.31637,2314,479.714142,460.316528,5,4.858842
2.31639,2315,479.714142,460.321442,5,4.97335958
2.31817,2316,479.714142,460.32663,5,4.97335958
2.32001,2317,479.714142,460.330963,5,5.180583
2.32003,2318,479.714142,460.336334,5,4.95154667
2.32131,2319,479.714142,460.34137,5,4.97335958
2.32311,2320,479.714142,460.346619,5,4.95154667
2.32313,2321,479.714142,460.3518,5,5.038799
2.32441,2322,479.714142,460.3563,5,5.164223
2.32444,2323,479.714142,460.361633,5,4.96245337
2.32618,2324,479.714142,460.366455,5,4.97335958
2.32804,2325,479.714142,460.3723,5,4.858842
2.32807,2326,479.714142,460.377045,5,5.087878
2.32927,2327,479.714142,460.3817,5,5.07697153
2.33110,2328,479.714142,460.386444,5,5.016986
2.33112,2329,479.714142,460.391632,5,4.95154667
2.33238,2330,479.714142,460.3976,5,4.837029
2.33241,2331,479.714142,460.4022,5,5.164223
2.33417,2332,479.714142,460.407074,5,5.109691
2.33602,2333,479.714142,460.41156,5,5.164223
2.33604,2334,479.714142,460.417267,5,4.94064
2.33727,2335,479.714142,460.422638,5,4.94064
2.33914,2336,479.714142,460.427216,5,5.09878445
2.33916,2337,479.714142,460.432068,5,5.038799
2.34035,2338,479.714142,460.436829,5,5.087878
2.34037,2339,479.714142,460.442627,5,4.858842
2.34218,2340,479.714142,460.447449,5,5.016986
2.34401,2341,479.714142,460.452332,5,5.038799
2.34402,2342,479.714142,460.45697,5,5.09878445
2.34527,2343,479.714142,460.462158,5,5.016986
2.34709,2344,479.714142,460.4677,5,4.88065434
2.34710,2345,479.714142,460.4723,5,5.05515862
2.34835,2346,479.714142,460.4775,5,4.97335958
2.34838,2347,479.714142,460.4824,5,5.14241028
2.35019,2348,479.714142,460.487946,5,5.016986
2.35202,2349,479.714142,460.4929,5,5.07697153
2.35204,2350,479.714142,460.49765,5,5.109691
2.35327,2351,479.714142,460.502655,5,5.016986
2.35510,2352,479.714142,460.5075,5,5.038799
2.35512,2353,479.714142,460.513153,5,4.88065434
2.35635,2354,479.714142,460.517853,5,5.09878445
2.35637,2355,479.714142,460.5229,5,5.038799
2.35819,2356,479.714142,460.527649,5,5.066065
2.36006,2357,479.714142,460.532959,5,4.995173
2.36011,2358,479.714142,460.5429,5,5.09878445
2.36126,2359,479.714142,460.548157,5,4.995173
2.36308,2360,479.714142,460.552979,5,5.12059736
2.36309,2361,479.714142,460.558441,5,4.96245337
2.36435,2362,479.714142,460.563049,5,5.038799
2.36437,2363,479.714142,460.5679,5,4.995173
2.36617,2364,479.714142,460.573334,5,4.95154667
2.36803,2365,479.714142,460.578247,5,5.087878
2.36805,2366,479.714142,460.583435,5,4.95154667
2.36926,2367,479.714142,460.5877,5,5.09878445
2.37111,2368,479.714142,460.593262,5,4.913374
2.37114,2369,479.714142,460.598663,5,4.995173
2.37237,2370,479.714142,460.603638,5,5.087878
2.37240,2371,479.714142,460.608124,5,5.066065
2.37418,2372,479.714142,460.6127,5,5.066065
2.37602,2373,479.714142,460.618683,5,4.837029
2.37603,2374,479.714142,460.623718,5,5.016986
2.37727,2375,479.714142,460.628754,5,5.006079
2.37909,2376,479.714142,460.6331,5,5.180583
2.37910,2377,479.714142,460.638123,5,5.05515862
2.38035,2378,479.714142,460.643646,5,4.847935
2.38036,2379,479.714142,460.6486,5,4.97335958
2.38218,2380,479.714142,460.653778,5,4.96245337
2.38403,2381,479.714142,460.658142,5,5.180583
2.38407,2382,479.714142,460.663483,5,4.97335958
2.38527,2383,479.714142,460.668518,5,4.97335958
2.38708,2384,479.714142,460.673828,5,4.96245337
2.38709,2385,479.714142,460.679016,5,5.02789259
2.38835,2386,479.714142,460.683746,5,5.180583
2.38837,2387,479.714142,460.6888,5,4.96245337
2.39019,2388,479.714142,460.693237,5,4.98426628
2.39203,2389,479.714142,460.699432,5,4.847935
2.39204,2390,479.714142,460.704132,5,5.066065
2.39327,2391,479.714142,460.7088,5,5.07697153
2.39510,2392,479.714142,460.713531,5,4.995173
2.39512,2393,479.714142,460.718658,5,4.96245337
2.39635,2394,479.714142,460.724976,5,5.13150358
2.39637,2395,479.714142,460.729248,5,5.13150358
2.39820,2396,479.714142,460.734131,5,5.09878445
2.40005,2397,479.714142,460.738556,5,5.14241028
2.40008,2398,479.714142,460.744141,5,4.95154667
2.40127,2399,479.714142,460.749542,5,4.88065434
2.40312,2400,479.714142,460.754059,5,5.066065
2.40317,2401,479.714142,460.758881,5,4.995173
2.40446,2402,479.714142,460.763519,5,5.07697153
2.40449,2403,479.714142,460.769318,5,4.82612228
2.40620,2404,479.714142,460.774261,5,4.95154667
2.40802,2405,479.714142,460.779022,5,5.016986
2.40808,2406,479.714142,460.783661,5,5.02789259
2.40928,2407,479.714142,460.789,5,4.82612228
2.41112,2408,479.714142,460.7946,5,5.006079
2.41116,2409,479.714142,460.799133,5,4.95154667
2.41235,2410,479.714142,460.804657,5,5.09878445
2.41236,2411,479.714142,460.8095,5,5.038799
2.41418,2412,479.714142,460.814972,5,5.006079
2.41603,2413,479.714142,460.819977,5,5.13150358
2.41605,2414,479.714142,460.824646,5,4.98426628
2.41726,2415,479.714142,460.829681,5,5.038799
2.41912,2416,479.714142,460.8344,5,4.858842
2.41916,2417,479.714142,460.8395,5,4.858842
2.42036,2418,479.714142,460.844269,5,5.016986
2.42037,2419,479.714142,460.849121,5,5.038799
2.42225,2420,479.714142,460.853943,5,4.995173
2.42402,2421,479.714142,460.858978,5,5.02789259
2.42404,2422,479.714142,460.864471,5,4.869748
2.42529,2423,479.714142,460.869049,5,5.05515862
2.42708,2424,479.714142,460.874176,5,4.97335958
2.42709,2425,479.714142,460.879,5,5.05515862
2.42835,2426,479.714142,460.8843,5,4.98426628
2.42837,2427,479.714142,460.88913,5,4.95154667
2.43021,2428,479.714142,460.893616,5,5.016986
2.43203,2429,479.714142,460.899139,5,4.858842
2.43204,2430,479.714142,460.904022,5,5.02789259
2.43326,2431,479.714142,460.90918,5,4.92973375
2.43513,2432,479.714142,460.9136,5,5.006079
2.43516,2433,479.714142,460.91864,5,4.96245337
2.43635,2434,479.714142,460.924316,5,4.88065434
2.43636,2435,479.714142,460.92926,5,5.066065
2.43820,2436,479.714142,460.934,5,5.016986
2.44002,2437,479.714142,460.9382,5,5.09878445
2.44004,2438,479.714142,460.9439,5,4.869748
2.44128,2439,479.714142,460.949341,5,4.913374
2.44314,2440,479.714142,460.954285,5,5.006079
2.44316,2441,479.714142,460.958954,5,5.07697153
2.44435,2442,479.714142,460.963379,5,5.164223
2.44436,2443,479.714142,460.969116,5,4.847935
2.44621,2444,479.714142,460.97406,5,4.94064
2.44805,2445,479.714142,460.9793,5,4.94064
2.44807,2446,479.714142,460.983826,5,5.087878
2.44926,2447,479.714142,460.98877,5,5.087878
2.45114,2448,479.714142,460.994354,5,4.98426628
2.45117,2449,479.714142,460.999023,5,4.98426628
2.45235,2450,479.714142,461.004517,5,4.92973375
2.45237,2451,479.714142,461.009,5,5.180583
2.45455,2452,479.714142,461.014221,5,4.96245337
2.45601,2453,479.714142,461.019073,5,4.913374
2.45603,2454,479.714142,461.0246,5,4.92973375
2.45730,2455,479.714142,461.029846,5,5.13150358
2.45915,2456,479.714142,461.034332,5,5.006079
2.45917,2457,479.714142,461.0392,5,5.02789259
2.46034,2458,479.714142,461.043884,5,4.81521559
2.46036,2459,479.714142,461.049927,5,5.006079
2.46219,2460,479.714142,461.0597,5,5.109691
2.46403,2461,479.714142,461.06427,5,5.087878
2.46406,2462,479.714142,461.069366,5,4.847935
2.46527,2463,479.714142,461.069366,5,4.847935
2.46711,2464,479.714142,461.080078,5,5.02789259
2.46713,2465,479.714142,461.085083,5,5.12059736
2.46838,2466,479.714142,461.089355,5,4.995173
2.46840,2467,479.714142,461.095,5,4.92973375
2.47022,2468,479.714142,461.100342,5,5.12059736
2.47201,2469,479.714142,461.105377,5,5.066065
2.47204,2470,479.714142,461.110138,5,5.12059736
2.47329,2471,479.714142,461.115,5,4.90246725
2.47512,2472,479.714142,461.120728,5,5.006079
2.47514,2473,479.714142,461.1254,5,5.006079
2.47635,2474,479.714142,461.130524,5,5.07697153
2.47636,2475,479.714142,461.135468,5,5.12059736
2.47823,2476,479.714142,461.140747,5,4.98426628
2.48006,2477,479.714142,461.1461,5,5.164223
2.48010,2478,479.714142,461.150635,5,5.02789259
2.48127,2479,479.714142,461.1557,5,5.05515862
2.48313,2480,479.714142,461.1604,5,4.92973375
2.48316,2481,479.714142,461.166077,5,4.96245337
2.48436,2482,479.714142,461.170959,5,5.087878
2.48438,2483,479.714142,461.1758,5,5.016986
2.48619,2484,479.714142,461.180725,5,5.07697153
2.48808,2485,479.714142,461.1856,5,4.891561
2.48810,2486,479.714142,461.191254,5,5.05515862
2.48928,2487,479.714142,461.195831,5,5.006079
2.49114,2488,479.714142,461.201019,5,5.05515862
2.49116,2489,479.714142,461.2059,5,5.07697153
2.49235,2490,479.714142,461.211151,5,4.96245337
2.49237,2491,479.714142,461.216125,5,5.07697153
2.49418,2492,479.714142,461.220642,5,4.913374
2.49606,2493,479.714142,461.2262,5,5.038799
2.49608,2494,479.714142,461.23114,5,4.995173
2.49727,2495,479.714142,461.236328,5,5.016986
2.49914,2496,479.714142,461.240723,5,5.02789259
2.49916,2497,479.714142,461.245758,5,4.891561
2.50040,2498,479.714142,461.251526,5,5.087878
2.50042,2499,479.714142,461.256439,5,5.02789259
2.50219,2500,479.714142,461.26123,5,5.109691
2.50402,2501,479.714142,461.265442,5,4.92973375
2.50405,2502,479.714142,461.2712,5,4.891561
2.50530,2503,479.714142,461.276642,5,5.02789259
2.50716,2504,479.714142,461.2816,5,5.05515862
2.50719,2505,479.714142,461.286163,5,5.180583
2.50835,2506,479.714142,461.291,5,4.869748
2.50836,2507,479.714142,461.296722,5,4.92973375
2.51020,2508,479.714142,461.3016,5,4.92973375
2.51201,2509,479.714142,461.3069,5,5.07697153
2.51203,2510,479.714142,461.311371,5,5.12059736
2.51329,2511,479.714142,461.3164,5,4.90246725
2.51512,2512,479.714142,461.321655,5,4.995173
2.51516,2513,479.714142,461.3267,5,4.92973375
2.51636,2514,479.714142,461.332184,5,5.164223
2.51637,2515,479.714142,461.336548,5,5.07697153
2.51822,2516,479.714142,461.341522,5,4.96245337
2.52002,2517,479.714142,461.346069,5,4.92973375
2.52006,2518,479.714142,461.3516,5,4.90246725
2.52129,2519,479.714142,461.3569,5,5.14241028
2.52316,2520,479.714142,461.361328,5,5.016986
2.52319,2521,479.714142,461.36618,5,5.02789259
2.52435,2522,479.714142,461.370819,5,4.82612228
2.52439,2523,479.714142,461.376923,5,4.96245337
2.52623,2524,479.714142,461.381958,5,5.164223
2.52804,2525,479.714142,461.386749,5,5.12059736
2.52806,2526,479.714142,461.391266,5,5.12059736
2.52928,2527,479.714142,461.3964,5,4.869748
2.53115,2528,479.714142,461.4023,5,5.066065
2.53117,2529,479.714142,461.4069,5,5.02789259
2.53238,2530,479.714142,461.4118,5,5.109691
2.53240,2531,479.714142,461.416382,5,5.006079
2.53422,2532,479.714142,461.421936,5,4.88065434
2.53603,2533,479.714142,461.427582,5,5.09878445
2.53605,2534,479.714142,461.432,5,5.02789259
2.53729,2535,479.714142,461.436829,5,5.109691
2.53912,2536,479.714142,461.4415,5,4.90246725
2.53914,2537,479.714142,461.4473,5,4.97335958
2.54037,2538,479.714142,461.452026,5,5.006079
2.54039,2539,479.714142,461.457031,5,5.02789259
2.54220,2540,479.714142,461.462067,5,5.13150358
2.54405,2541,479.714142,461.4672,5,4.97335958
2.54407,2542,479.714142,461.4727,5,5.153317
2.54527,2543,479.714142,461.4775,5,5.038799
2.54711,2544,479.714142,461.4823,5,5.02789259
2.54715,2545,479.714142,461.486969,5,4.95154667
2.54836,2546,479.714142,461.492523,5,4.94064
2.54837,2547,479.714142,461.4976,5,5.09878445
2.55019,2548,479.714142,461.502319,5,5.006079
2.55203,2549,479.714142,461.507324,5,5.087878
2.55206,2550,479.714142,461.5121,5,4.891561
2.55329,2551,479.714142,461.517731,5,5.016986
2.55510,2552,479.714142,461.522461,5,5.02789259
2.55512,2553,479.714142,461.5275,5,5.016986
2.55636,2554,479.714142,461.5325,5,5.087878
2.55638,2555,479.714142,461.537567,5,4.94064
2.55822,2556,479.714142,461.542755,5,5.07697153
2.56003,2557,479.714142,461.552673,5,5.02789259
2.56005,2558,479.714142,461.557648,5,5.016986
2.56127,2559,479.714142,461.562836,5,4.995173
2.56313,2560,479.714142,461.567383,5,5.05515862
2.56315,2561,479.714142,461.5722,5,4.88065434
2.56435,2562,479.714142,461.578,5,5.07697153
2.56436,2563,479.714142,461.583038,5,5.038799
2.56620,2564,479.714142,461.587921,5,5.109691
2.56800,2565,479.714142,461.59198,5,4.95154667
2.56803,2566,479.714142,461.5976,5,4.869748
2.56927,2567,479.714142,461.60318,5,5.02789259
2.57114,2568,479.714142,461.6081,5,5.016986
2.57116,2569,479.714142,461.612823,5,5.202396
2.57236,2570,479.714142,461.617218,5,4.913374
2.57239,2571,479.714142,461.6229,5,4.913374
2.57422,2572,479.714142,461.6279,5,4.95154667
2.57600,2573,479.714142,461.633118,5,5.05515862
2.57601,2574,479.714142,461.637756,5,5.153317
2.57727,2575,479.714142,461.642548,5,4.913374
2.57914,2576,479.714142,461.647919,5,4.995173
2.57918,2577,479.714142,461.652924,5,4.92973375
2.58038,2578,479.714142,461.658722,5,5.13150358
2.58040,2579,479.714142,461.663239,5,5.109691
2.58223,2580,479.714142,461.668152,5,4.96245337
2.58403,2581,479.714142,461.6727,5,4.95154667
2.58405,2582,479.714142,461.678436,5,4.891561
2.58527,2583,479.714142,461.683838,5,5.14241028
2.58711,2584,479.714142,461.688263,5,5.016986
2.58713,2585,479.714142,461.693237,5,5.038799
2.58840,2586,479.714142,461.6978,5,4.858842
2.58843,2587,479.714142,461.703827,5,4.92973375
2.59019,2588,479.714142,461.708954,5,5.180583
2.59208,2589,479.714142,461.713623,5,5.09878445
2.59211,2590,479.714142,461.718262,5,5.13150358
2.59332,2591,479.714142,461.7233,5,4.869748
2.59512,2592,479.714142,461.7295,5,5.016986
2.59516,2593,479.714142,461.733826,5,5.05515862
2.59635,2594,479.714142,461.7387,5,5.07697153
2.59636,2595,479.714142,461.743225,5,5.016986
2.59821,2596,479.714142,461.748718,5,4.858842
2.60004,2597,479.714142,461.7542,5,5.07697153
2.60006,2598,479.714142,461.75885,5,5.02789259
2.60127,2599,479.714142,461.763733,5,5.12059736
2.60313,2600,479.714142,461.768341,5,4.92973375
2.60316,2601,479.714142,461.7741,5,4.92973375
2.60447,2602,479.714142,461.778931,5,5.016986
2.60449,2603,479.714142,461.7838,5,4.995173
2.60625,2604,479.714142,461.78894,5,5.14241028
2.60802,2605,479.714142,461.793976,5,4.96245337
2.60804,2606,479.714142,461.799774,5,5.12059736
2.60928,2607,479.714142,461.804352,5,5.066065
2.61114,2608,479.714142,461.8094,5,5.006079
2.61118,2609,479.714142,461.814117,5,4.98426628
2.61235,2610,479.714142,461.82,5,4.90246725
2.61237,2611,479.714142,461.825043,5,5.109691
2.61421,2612,479.714142,461.829834,5,5.02789259
2.61604,2613,479.714142,461.8348,5,5.09878445
2.61606,2614,479.714142,461.839,5,4.94064
2.61728,2615,479.714142,461.844635,5,5.006079
2.61913,2616,479.714142,461.849365,5,5.05515862
2.61916,2617,479.714142,461.85434,5,5.006079
2.62034,2618,479.714142,461.859375,5,5.12059736
2.62036,2619,479.714142,461.864471,5,4.94064
2.62220,2620,479.714142,461.869751,5,5.087878
2.62405,2621,479.714142,461.874084,5,4.94064
2.62409,2622,479.714142,461.879578,5,4.995173
2.62528,2623,479.714142,461.884552,5,5.02789259
2.62713,2624,479.714142,461.889679,5,4.96245337
2.62716,2625,479.714142,461.894379,5,5.087878
2.62835,2626,479.714142,461.8991,5,4.88065434
2.62837,2627,479.714142,461.904938,5,5.066065
2.63024,2628,479.714142,461.909943,5,5.05515862
2.63201,2629,479.714142,461.914856,5,5.09878445
2.63204,2630,479.714142,461.918976,5,4.995173
2.63327,2631,479.714142,461.924469,5,4.847935
2.63512,2632,479.714142,461.930054,5,5.02789259
2.63514,2633,479.714142,461.935059,5,5.016986
2.63636,2634,479.714142,461.939819,5,5.21330261
2.63637,2635,479.714142,461.9442,5,4.96245337
2.63820,2636,479.714142,461.9498,5,4.891561
2.64008,2637,479.714142,461.954834,5,4.95154667
2.64011,2638,479.714142,461.960083,5,5.016986
2.64127,2639,479.714142,461.964752,5,5.153317
2.64317,2640,479.714142,461.969482,5,4.913374
2.64323,2641,479.714142,461.975159,5,4.995173
2.64438,2642,479.714142,461.980164,5,4.92973375
2.64440,2643,479.714142,461.985657,5,5.09878445
2.64619,2644,479.714142,461.990173,5,5.13150358
2.64805,2645,479.714142,461.995056,5,4.96245337
2.64808,2646,479.714142,461.999878,5,4.95154667
2.64928,2647,479.714142,462.00528,5,4.858842
2.65112,2648,479.714142,462.010773,5,5.12059736
2.65114,2649,479.714142,462.015137,5,5.02789259
2.65235,2650,479.714142,462.020081,5,5.016986
2.65236,2651,479.714142,462.024658,5,4.88065434
2.65462,2652,479.714142,462.0306,5,4.869748
2.65603,2653,479.714142,462.035828,5,5.180583
2.65606,2654,479.714142,462.040527,5,5.109691
2.65732,2655,479.714142,462.0451,5,5.13150358
2.65911,2656,479.714142,462.050018,5,4.88065434
2.65913,2657,479.714142,462.05603,5,4.97335958
2.66036,2658,479.714142,462.0655,5,5.05515862
2.66038,2659,479.714142,462.070068,5,5.05515862
2.66222,2660,479.714142,462.07547,5,4.837029
2.66405,2661,479.714142,462.081,5,5.05515862
2.66407,2662,479.714142,462.085571,5,5.016986
2.66527,2663,479.714142,462.090576,5,5.109691
2.66713,2664,479.714142,462.095123,5,4.97335958
2.66716,2665,479.714142,462.100769,5,4.90246725
2.66837,2666,479.714142,462.105774,5,5.05515862
2.66838,2667,479.714142,462.1106,5,4.97335958
2.67019,2668,479.714142,462.115723,5,5.153317
2.67205,2669,479.714142,462.120667,5,4.98426628
2.67208,2670,479.714142,462.126251,5,5.087878
2.67328,2671,479.714142,462.1308,5,5.087878
2.67517,2672,479.714142,462.135834,5,4.995173
2.67520,2673,479.714142,462.1406,5,5.016986
2.67634,2674,479.714142,462.146,5,4.88065434
2.67636,2675,479.714142,462.151276,5,5.09878445
2.67822,2676,479.714142,462.1559,5,5.016986
2.68006,2677,479.714142,462.16098,5,5.07697153
2.68008,2678,479.714142,462.1657,5,4.97335958
2.68128,2679,479.714142,462.171326,5,4.95154667
2.68314,2680,479.714142,462.176147,5,5.07697153
2.68317,2681,479.714142,462.18103,5,4.98426628
2.68436,2682,479.714142,462.186157,5,5.12059736
2.68437,2683,479.714142,462.191162,5,4.96245337
2.68620,2684,479.714142,462.1965,5,5.05515862
2.68803,2685,479.714142,462.2008,5,4.97335958
2.68807,2686,479.714142,462.206268,5,4.97335958
2.68929,2687,479.714142,462.211334,5,5.07697153
2.69115,2688,479.714142,462.216461,5,4.96245337
2.69117,2689,479.714142,462.2212,5,5.109691
2.69235,2690,479.714142,462.22583,5,4.90246725
2.69237,2691,479.714142,462.2317,5,5.02789259
2.69424,2692,479.714142,462.236725,5,5.07697153
2.69602,2693,479.714142,462.2417,5,5.087878
2.69606,2694,479.714142,462.245758,5,5.02789259
2.69729,2695,479.714142,462.2511,5,4.837029
2.69914,2696,479.714142,462.2569,5,5.02789259
2.69918,2697,479.714142,462.261749,5,4.995173
2.70035,2698,479.714142,462.266632,5,5.191489
2.70036,2699,479.714142,462.270935,5,5.006079
2.70222,2700,479.714142,462.276855,5,4.869748
2.70400,2701,479.714142,462.281921,5,4.97335958
2.70401,2702,479.714142,462.2871,5,4.97335958
2.70530,2703,479.714142,462.29184,5,5.180583
2.70715,2704,479.714142,462.2965,5,4.94064
2.70717,2705,479.714142,462.301971,5,4.97335958
2.70835,2706,479.714142,462.307159,5,4.95154667
2.70837,2707,479.714142,462.312378,5,5.05515862
2.71021,2708,479.714142,462.316956,5,5.164223
2.71202,2709,479.714142,462.3221,5,4.95154667
2.71203,2710,479.714142,462.326935,5,4.98426628
2.71328,2711,479.714142,462.332275,5,4.847935
2.71511,2712,479.714142,462.33786,5,5.087878
2.71513,2713,479.714142,462.3422,5,5.066065
2.71636,2714,479.714142,462.347168,5,5.006079
2.71637,2715,479.714142,462.351379,5,4.92973375
2.71820,2716,479.714142,462.357178,5,4.82612228
2.72000,2717,479.714142,462.36264,5,5.153317
2.72002,2718,479.714142,462.367218,5,5.087878
2.72131,2719,479.714142,462.371948,5,5.14241028
2.72318,2720,479.714142,462.376617,5,4.913374
2.72321,2721,479.714142,462.382568,5,4.913374
2.72436,2722,479.714142,462.38736,5,5.07697153
2.72438,2723,479.714142,462.392181,5,5.02789259
2.72622,2724,479.714142,462.39682,5,5.087878
2.72801,2725,479.714142,462.401978,5,4.847935
2.72803,2726,479.714142,462.407684,5,5.016986
2.72928,2727,479.714142,462.412323,5,5.038799
2.73114,2728,479.714142,462.4173,5,5.087878
2.73118,2729,479.714142,462.421875,5,5.016986
2.73234,2730,479.714142,462.427429,5,4.88065434
2.73235,2731,479.714142,462.432556,5,5.066065
2.73419,2732,479.714142,462.437347,5,4.98426628
2.73606,2733,479.714142,462.442535,5,5.153317
2.73610,2734,479.714142,462.447418,5,5.016986
2.73728,2735,479.714142,462.453064,5,5.066065
2.73911,2736,479.714142,462.457672,5,5.109691
2.73915,2737,479.714142,462.462616,5,4.995173
2.74036,2738,479.714142,462.467377,5,5.038799
2.74037,2739,479.714142,462.4727,5,4.869748
2.74223,2740,479.714142,462.478058,5,5.07697153
2.74401,2741,479.714142,462.482758,5,5.02789259
2.74402,2742,479.714142,462.4878,5,5.05515862
2.74531,2743,479.714142,462.492523,5,4.995173
2.74709,2744,479.714142,462.4981,5,4.94064
2.74711,2745,479.714142,462.503,5,5.087878
2.74836,2746,479.714142,462.507874,5,4.98426628
2.74840,2747,479.714142,462.513,5,5.12059736
2.75021,2748,479.714142,462.517883,5,4.97335958
2.75199,2749,479.714142,462.523376,5,5.038799
2.75200,2750,479.714142,462.5277,5,5.006079
2.75327,2751,479.714142,462.533051,5,4.95154667
2.75512,2752,479.714142,462.538177,5,5.087878
2.75513,2753,479.714142,462.543274,5,4.95154667
2.75636,2754,479.714142,462.5481,5,5.09878445
2.75638,2755,479.714142,462.5584,5,4.995173
2.75819,2756,479.714142,462.5635,5,5.07697153
2.76004,2757,479.714142,462.568481,5,5.066065
2.76008,2758,479.714142,462.5726,5,5.066065
2.76129,2759,479.714142,462.577759,5,4.81521559
2.76310,2760,479.714142,462.5836,5,4.995173
2.76311,2761,479.714142,462.58847,5,4.97335958
2.76435,2762,479.714142,462.5934,5,5.153317
2.76436,2763,479.714142,462.597931,5,5.05515862
2.76619,2764,479.714142,462.603424,5,4.82612228
2.76800,2765,479.714142,462.6083,5,4.95154667
2.76802,2766,479.714142,462.6134,5,4.92973375
2.76930,2767,479.714142,462.61853,5,5.153317
2.77114,2768,479.714142,462.623047,5,4.97335958
2.77116,2769,479.714142,462.6285,5,4.94064
2.77236,2770,479.714142,462.633728,5,4.95154667
2.77238,2771,479.714142,462.638916,5,4.98426628
2.77419,2772,479.714142,462.643646,5,5.180583
2.77602,2773,479.714142,462.648315,5,4.96245337
2.77603,2774,479.714142,462.653259,5,4.97335958
2.77730,2775,479.714142,462.6583,5,4.847935
2.77912,2776,479.714142,462.664,5,5.006079
2.77916,2777,479.714142,462.668427,5,5.087878
2.78037,2778,479.714142,462.6733,5,4.98426628
2.78040,2779,479.714142,462.6779,5,4.96245337
2.78218,2780,479.714142,462.6834,5,4.777043
2.78400,2781,479.714142,462.689117,5,5.09878445
2.78402,2782,479.714142,462.693634,5,5.09878445
2.78532,2783,479.714142,462.698425,5,5.13150358
2.78709,2784,479.714142,462.703,5,4.98426628
2.78711,2785,479.714142,462.708954,5,4.858842
2.78837,2786,479.714142,462.713928,5,5.087878
2.78839,2787,479.714142,462.7186,5,4.995173
2.79020,2788,479.714142,462.7233,5,5.09878445
2.79201,2789,479.714142,462.728271,5,4.869748
2.79202,2790,479.714142,462.734375,5,4.94064
2.79333,2791,479.714142,462.738739,5,5.05515862
2.79509,2792,479.714142,462.743622,5,5.038799
2.79510,2793,479.714142,462.7482,5,5.05515862
2.79639,2794,479.714142,462.7536,5,4.847935
2.79642,2795,479.714142,462.75885,5,5.006079
2.79819,2796,479.714142,462.763519,5,4.95154667
2.80005,2797,479.714142,462.7687,5,5.087878
2.80008,2798,479.714142,462.7736,5,5.05515862
2.80140,2799,479.714142,462.7791,5,4.995173
2.80311,2800,479.714142,462.7839,5,5.14241028
2.80312,2801,479.714142,462.7887,5,4.995173
2.80448,2802,479.714142,462.793976,5,5.038799
2.80449,2803,479.714142,462.799,5,4.869748
2.80619,2804,479.714142,462.804565,5,5.006079
2.80800,2805,479.714142,462.808838,5,5.05515862
2.80804,2806,479.714142,462.814178,5,5.006079
2.80931,2807,479.714142,462.818848,5,5.038799
2.81109,2808,479.714142,462.824738,5,4.88065434
2.81111,2809,479.714142,462.8297,5,5.07697153
2.81237,2810,479.714142,462.834137,5,4.98426628
2.81239,2811,479.714142,462.8394,5,5.087878
2.81418,2812,479.714142,462.8442,5,5.02789259
2.81600,2813,479.714142,462.849365,5,4.98426628
2.81602,2814,479.714142,462.853821,5,5.066065
2.81729,2815,479.714142,462.858917,5,4.913374
2.81909,2816,479.714142,462.8642,5,5.066065
2.81910,2817,479.714142,462.8692,5,4.97335958
2.82040,2818,479.714142,462.874237,5,5.038799
2.82044,2819,479.714142,462.8785,5,4.97335958
2.82219,2820,479.714142,462.8841,5,4.891561
2.82401,2821,479.714142,462.889435,5,5.05515862
2.82402,2822,479.714142,462.894348,5,5.006079
2.82530,2823,479.714142,462.898682,5,5.087878
2.82712,2824,479.714142,462.90332,5,4.858842
2.82714,2825,479.714142,462.909271,5,4.90246725
2.82836,2826,479.714142,462.914246,5,4.98426628
2.82837,2827,479.714142,462.919281,5,5.05515862
2.83020,2828,479.714142,462.9238,5,5.14241028
2.83201,2829,479.714142,462.928955,5,4.837029
2.83203,2830,479.714142,462.934082,5,4.92973375
2.83329,2831,479.714142,462.939026,5,4.913374
2.83509,2832,479.714142,462.944244,5,5.087878
2.83511,2833,479.714142,462.948883,5,5.07697153
2.83638,2834,479.714142,462.954254,5,4.90246725
2.83642,2835,479.714142,462.959259,5,4.995173
2.83818,2836,479.714142,462.964539,5,4.92973375
2.84004,2837,479.714142,462.969635,5,5.164223
2.84007,2838,479.714142,462.9742,5,5.038799
2.84129,2839,479.714142,462.979248,5,4.95154667
2.84312,2840,479.714142,462.984,5,4.913374
2.84314,2841,479.714142,462.9898,5,4.92973375
2.84438,2842,479.714142,462.994537,5,5.14241028
2.84440,2843,479.714142,462.999237,5,5.006079
2.84618,2844,479.714142,463.003967,5,5.02789259
2.84803,2845,479.714142,463.0091,5,4.81521559
2.84806,2846,479.714142,463.015076,5,4.995173
2.84928,2847,479.714142,463.019653,5,5.14241028
2.85109,2848,479.714142,463.0246,5,5.109691
2.85110,2849,479.714142,463.029083,5,5.09878445
2.85239,2850,479.714142,463.034729,5,4.847935
2.85240,2851,479.714142,463.0401,5,5.07697153
2.85464,2852,479.714142,463.044678,5,5.016986
2.85604,2853,479.714142,463.04953,5,5.109691
2.85608,2854,479.714142,463.0542,5,4.98426628
2.85728,2855,479.714142,463.0601,5,4.88065434
2.85911,2856,479.714142,463.064941,5,5.087878
2.85912,2857,479.714142,463.069824,5,5.016986
2.86039,2858,479.714142,463.079529,5,4.88065434
2.86041,2859,479.714142,463.0851,5,4.97335958
2.86217,2860,479.714142,463.089752,5,5.006079
2.86403,2861,479.714142,463.09494,5,5.038799
2.86405,2862,479.714142,463.099762,5,5.12059736
2.86528,2863,479.714142,463.105255,5,4.96245337
2.86708,2864,479.714142,463.110229,5,5.153317
2.86710,2865,479.714142,463.11496,5,5.016986
2.86838,2866,479.714142,463.12,5,5.02789259
2.86840,2867,479.714142,463.1248,5,4.95154667
2.87017,2868,479.714142,463.1305,5,4.94064
2.87204,2869,479.714142,463.135162,5,5.09878445
2.87206,2870,479.714142,463.140137,5,5.016986
2.87329,2871,479.714142,463.144928,5,5.07697153
2.87510,2872,479.714142,463.150146,5,4.90246725
2.87511,2873,479.714142,463.155548,5,5.038799
2.87637,2874,479.714142,463.160126,5,5.016986
2.87639,2875,479.714142,463.165375,5,5.02789259
2.87818,2876,479.714142,463.1702,5,5.087878
2.88003,2877,479.714142,463.175629,5,4.95154667
2.88006,2878,479.714142,463.180328,5,5.087878
2.88128,2879,479.714142,463.185059,5,4.94064
2.88310,2880,479.714142,463.190552,5,5.038799
2.88311,2881,479.714142,463.195465,5,5.016986
2.88436,2882,479.714142,463.200653,5,4.995173
2.88437,2883,479.714142,463.205,5,5.05515862
2.88619,2884,479.714142,463.210358,5,4.869748
2.88805,2885,479.714142,463.215851,5,5.07697153
2.88809,2886,479.714142,463.220856,5,5.038799
2.88928,2887,479.714142,463.225372,5,5.109691
2.89110,2888,479.714142,463.229736,5,4.94064
2.89113,2889,479.714142,463.225922,5,4.88065434
2.89235,2890,479.714142,463.24118,5,5.016986
2.89237,2891,479.714142,463.2459,5,5.02789259
2.89418,2892,479.714142,463.2503,5,5.191489
2.89603,2893,479.714142,463.255157,5,4.891561
2.89606,2894,479.714142,463.261078,5,4.913374
2.89728,2895,479.714142,463.265961,5,4.94064
2.89912,2896,479.714142,463.271179,5,5.05515862
2.89914,2897,479.714142,463.2755,5,5.12059736
2.90036,2898,479.714142,463.2808,5,4.891561
2.90038,2899,479.714142,463.2859,5,4.98426628
2.90220,2900,479.714142,463.291077,5,4.90246725
2.90403,2901,479.714142,463.296326,5,5.13150358
2.90405,2902,479.714142,463.300751,5,5.087878
2.90528,2903,479.714142,463.305817,5,4.94064
2.90710,2904,479.714142,463.310852,5,4.94064
2.90712,2905,479.714142,463.3167,5,4.869748
2.90836,2906,479.714142,463.321472,5,5.13150358
2.90837,2907,479.714142,463.3261,5,5.016986
2.91024,2908,479.714142,463.33078,5,5.02789259
2.91201,2909,479.714142,463.335815,5,4.837029
2.91204,2910,479.714142,463.3419,5,4.90246725
2.91328,2911,479.714142,463.3465,5,5.164223
2.91511,2912,479.714142,463.351349,5,5.07697153
2.91513,2913,479.714142,463.3558,5,5.109691
2.91636,2914,479.714142,463.361359,5,4.847935
2.91637,2915,479.714142,463.367218,5,4.995173
2.91821,2916,479.714142,463.371063,5,5.038799
2.92006,2917,479.714142,463.376,5,5.066065
2.92010,2918,479.714142,463.3806,5,5.02789259
2.92131,2919,479.714142,463.3864,5,4.847935
2.92317,2920,479.714142,463.3915,5,5.07697153
2.92319,2921,479.714142,463.396332,5,5.05515862
2.92437,2922,479.714142,463.401123,5,5.153317
2.92439,2923,479.714142,463.406158,5,5.006079
2.92620,2924,479.714142,463.4119,5,4.995173
2.92804,2925,479.714142,463.4166,5,5.087878
2.92806,2926,479.714142,463.4218,5,5.07697153
2.92929,2927,479.714142,463.4267,5,5.202396
2.93116,2928,479.714142,463.432251,5,5.038799
2.93118,2929,479.714142,463.437317,5,5.191489
2.93235,2930,479.714142,463.442047,5,5.087878
2.93237,2931,479.714142,463.447144,5,5.066065
2.93419,2932,479.714142,463.451935,5,4.995173
2.93600,2933,479.714142,463.457672,5,4.96245337
2.93603,2934,479.714142,463.462341,5,5.12059736
2.93728,2935,479.714142,463.467346,5,5.038799
2.93911,2936,479.714142,463.4721,5,5.09878445
2.93912,2937,479.714142,463.4773,5,4.913374
2.94037,2938,479.714142,463.482758,5,5.02789259
2.94039,2939,479.714142,463.487335,5,5.02789259
2.94220,2940,479.714142,463.492523,5,5.006079
2.94405,2941,479.714142,463.497345,5,5.09878445
2.94408,2942,479.714142,463.502777,5,4.94064
2.94528,2943,479.714142,463.507446,5,5.07697153
2.94713,2944,479.714142,463.512238,5,4.92973375
2.94717,2945,479.714142,463.51767,5,5.016986
2.94835,2946,479.714142,463.5226,5,5.016986
2.94836,2947,479.714142,463.52774,5,4.97335958
2.95019,2948,479.714142,463.532074,5,5.066065
2.95204,2949,479.714142,463.537476,5,4.858842
2.95208,2950,479.714142,463.542969,5,5.066065
2.95328,2951,479.714142,463.547943,5,5.02789259
2.95513,2952,479.714142,463.55246,5,5.09878445
2.95520,2953,479.714142,463.556854,5,4.96245337
2.95637,2954,479.714142,463.568268,5,5.02789259
2.95639,2955,479.714142,463.5729,5,5.006079
2.95822,2956,479.714142,463.577332,5,5.191489
2.96006,2957,479.714142,463.582123,5,4.913374
2.96010,2958,479.714142,463.588,5,4.88065434
2.96128,2959,479.714142,463.592957,5,4.92973375
2.96313,2960,479.714142,463.598175,5,5.006079
2.96315,2961,479.714142,463.6025,5,5.12059736
2.96437,2962,479.714142,463.607758,5,4.88065434
2.96439,2963,479.714142,463.612823,5,4.98426628
2.96618,2964,479.714142,463.617981,5,4.913374
2.96804,2965,479.714142,463.6233,5,5.09878445
2.96807,2966,479.714142,463.627716,5,5.109691
2.96928,2967,479.714142,463.63266,5,4.94064
2.97128,2968,479.714142,463.6378,5,4.94064
2.97130,2969,479.714142,463.64325,5,4.858842
2.97235,2970,479.714142,463.648224,5,5.109691
2.97237,2971,479.714142,463.65274,5,5.02789259
2.97420,2972,479.714142,463.6576,5,5.016986
2.97603,2973,479.714142,463.662476,5,4.88065434
2.97606,2974,479.714142,463.668579,5,4.88065434
2.97729,2975,479.714142,463.673248,5,5.180583
2.97911,2976,479.714142,463.67807,5,5.09878445
2.97915,2977,479.714142,463.6826,5,5.14241028
2.98037,2978,479.714142,463.688,5,4.88065434
2.98038,2979,479.714142,463.6937,5,4.98426628
2.98223,2980,479.714142,463.698151,5,5.066065
2.98405,2981,479.714142,463.7031,5,5.05515862
2.98409,2982,479.714142,463.707672,5,5.05515862
2.98528,2983,479.714142,463.7134,5,4.837029
2.98711,2984,479.714142,463.718445,5,5.05515862
2.98714,2985,479.714142,463.7233,5,5.016986
2.98838,2986,479.714142,463.727966,5,5.09878445
2.98840,2987,479.714142,463.732849,5,4.95154667
2.99021,2988,479.714142,463.738556,5,4.891561
2.99205,2989,479.714142,463.743164,5,5.02789259
2.99208,2990,479.714142,463.748352,5,4.97335958
2.99328,2991,479.714142,463.753174,5,5.14241028
2.99511,2992,479.714142,463.7585,5,4.97335958
2.99513,2993,479.714142,463.763824,5,5.09878445
2.99635,2994,479.714142,463.7684,5,5.087878
2.99637,2995,479.714142,463.773438,5,4.995173
2.99820,2996,479.714142,463.778168,5,5.016986
3.00004,2997,479.714142,463.783844,5,4.88065434
3.00007,2998,479.714142,463.7887,5,5.09878445
3.00129,2999,479.714142,463.793518,5,5.016986
3.00314,3000,479.714142,463.798462,5,5.066065
3.00317,3001,479.714142,463.803375,5,4.95154667
3.00441,3002,479.714142,463.809265,5,4.96245337
3.00446,3003,479.714142,463.813843,5,5.07697153
3.00620,3004,479.714142,463.819031,5,4.995173
3.00806,3005,479.714142,463.823975,5,5.12059736
3.00809,3006,479.714142,463.829254,5,4.95154667
3.00928,3007,479.714142,463.8344,5,5.066065
3.01116,3008,479.714142,463.839081,5,4.97335958
3.01121,3009,479.714142,463.844635,5,4.97335958
3.01236,3010,479.714142,463.8492,5,5.066065
3.01238,3011,479.714142,463.8541,5,4.95154667
3.01420,3012,479.714142,463.858521,5,5.09878445
3.01602,3013,479.714142,463.863647,5,4.891561
3.01606,3014,479.714142,463.8693,5,5.02789259
3.01731,3015,479.714142,463.874268,5,5.066065
3.01913,3016,479.714142,463.879,5,5.07697153
3.01916,3017,479.714142,463.883179,5,5.02789259
3.02035,3018,479.714142,463.889,5,4.837029
3.02036,3019,479.714142,463.8947,5,5.02789259
3.02219,3020,479.714142,463.89975,5,5.016986
3.02402,3021,479.714142,463.904266,5,5.21330261
3.02404,3022,479.714142,463.9087,5,5.02789259
3.02528,3023,479.714142,463.914642,5,4.90246725
3.02711,3024,479.714142,463.919678,5,4.995173
3.02712,3025,479.714142,463.925,5,5.016986
3.02835,3026,479.714142,463.929352,5,5.202396
3.02837,3027,479.714142,463.93454,5,4.96245337
3.03021,3028,479.714142,463.939758,5,5.006079
3.03206,3029,479.714142,463.944855,5,4.97335958
3.03209,3030,479.714142,463.950256,5,5.09878445
3.03329,3031,479.714142,463.954681,5,5.180583
3.03512,3032,479.714142,463.959717,5,4.97335958
3.03514,3033,479.714142,463.964539,5,4.97335958
3.03635,3034,479.714142,463.970245,5,4.858842
3.03637,3035,479.714142,463.975281,5,5.09878445
3.03824,3036,479.714142,463.9798,5,5.05515862
3.04022,3037,479.714142,463.984619,5,5.02789259
3.04026,3038,479.714142,463.9894,5,4.913374
3.04131,3039,479.714142,463.9955,5,4.847935
3.04311,3040,479.714142,464.000275,5,5.164223
3.04315,3041,479.714142,464.005066,5,5.087878
3.04439,3042,479.714142,464.009552,5,5.14241028
3.04445,3043,479.714142,464.014923,5,4.891561
3.04623,3044,479.714142,464.0207,5,4.95154667
3.04805,3045,479.714142,464.0252,5,5.066065
3.04808,3046,479.714142,464.030029,5,5.038799
3.04929,3047,479.714142,464.0346,5,5.07697153
3.05113,3048,479.714142,464.04068,5,4.82612228
3.05116,3049,479.714142,464.0455,5,5.016986
3.05236,3050,479.714142,464.050232,5,5.02789259
3.05237,3051,479.714142,464.054962,5,5.087878
3.05456,3052,479.714142,464.059784,5,4.98426628
3.05602,3053,479.714142,464.065521,5,4.88065434
3.05605,3054,479.714142,464.07016,5,5.038799
3.05732,3055,479.714142,464.075256,5,4.97335958
3.05913,3056,479.714142,464.08548,5,4.98426628
3.05917,3057,479.714142,464.09082,5,5.066065
3.06037,3058,479.714142,464.095337,5,5.087878
3.06040,3059,479.714142,464.100433,5,4.995173
3.06222,3060,479.714142,464.105164,5,5.038799
3.06404,3061,479.714142,464.110779,5,4.88065434
3.06406,3062,479.714142,464.115784,5,5.087878
3.06528,3063,479.714142,464.1206,5,5.038799
3.06713,3064,479.714142,464.1255,5,5.07697153
3.06716,3065,479.714142,464.130432,5,4.995173
3.06835,3066,479.714142,464.1361,5,4.96245337
3.06836,3067,479.714142,464.1407,5,5.09878445
3.07022,3068,479.714142,464.145844,5,4.995173
3.07202,3069,479.714142,464.150757,5,5.12059736
3.07204,3070,479.714142,464.156,5,4.97335958
3.07329,3071,479.714142,464.161041,5,5.05515862
3.07515,3072,479.714142,464.165558,5,4.995173
3.07519,3073,479.714142,464.1711,5,4.97335958
3.07636,3074,479.714142,464.1761,5,5.087878
3.07637,3075,479.714142,464.181274,5,4.96245337
3.07823,3076,479.714142,464.185638,5,5.109691
3.08001,3077,479.714142,464.190826,5,4.913374
3.08004,3078,479.714142,464.196777,5,5.016986
3.08128,3079,479.714142,464.2018,5,5.087878
3.08314,3080,479.714142,464.206451,5,5.087878
3.08318,3081,479.714142,464.210724,5,5.05515862
3.08436,3082,479.714142,464.2166,5,4.837029
3.08437,3083,479.714142,464.221863,5,5.016986
3.08619,3084,479.714142,464.2266,5,4.98426628
3.08802,3085,479.714142,464.231354,5,5.191489
3.08804,3086,479.714142,464.236053,5,5.02789259
3.08931,3087,479.714142,464.24173,5,4.858842
3.09115,3088,479.714142,464.2466,5,4.96245337
3.09118,3089,479.714142,464.251862,5,4.95154667
3.09237,3090,479.714142,464.2563,5,5.164223
3.09239,3091,479.714142,464.261383,5,4.95154667
3.09421,3092,479.714142,464.2666,5,4.96245337
3.09604,3093,479.714142,464.271637,5,4.95154667
3.09607,3094,479.714142,464.2771,5,5.016986
3.09728,3095,479.714142,464.281464,5,5.164223
3.09913,3096,479.714142,464.2865,5,4.96245337
3.09916,3097,479.714142,464.291321,5,4.98426628
3.10035,3098,479.714142,464.2969,5,4.858842
3.10037,3099,479.714142,464.3021,5,5.066065
3.10221,3100,479.714142,464.306519,5,5.066065
3.10403,3101,479.714142,464.3114,5,4.995173
3.10406,3102,479.714142,464.3161,5,4.95154667
3.10532,3103,479.714142,464.32254,5,4.798856
3.10716,3104,479.714142,464.3274,5,5.13150358
3.10719,3105,479.714142,464.331848,5,5.09878445
3.10835,3106,479.714142,464.3367,5,5.14241028
3.10837,3107,479.714142,464.342346,5,4.95154667
3.11024,3108,479.714142,464.347717,5,4.90246725
3.11207,3109,479.714142,464.352264,5,5.087878
3.11210,3110,479.714142,464.357117,5,5.016986
3.11328,3111,479.714142,464.361755,5,5.09878445
3.11514,3112,479.714142,464.3678,5,4.858842
3.11517,3113,479.714142,464.372833,5,4.995173
3.11635,3114,479.714142,464.377625,5,5.038799
3.11637,3115,479.714142,464.3818,5,5.07697153
3.11822,3116,479.714142,464.386566,5,5.016986
3.12005,3117,479.714142,464.39328,5,4.858842
3.12008,3118,479.714142,464.397,5,5.05515862
3.12136,3119,479.714142,464.4021,5,4.97335958
3.12316,3120,479.714142,464.407074,5,5.13150358
3.12325,3121,479.714142,464.4122,5,5.02789259
3.12436,3122,479.714142,464.417633,5,5.02789259
3.12437,3123,479.714142,464.422119,5,5.109691
3.12622,3124,479.714142,464.427216,5,4.98426628
3.12803,3125,479.714142,464.4319,5,5.038799
3.12806,3126,479.714142,464.437439,5,4.858842
3.12930,3127,479.714142,464.442474,5,5.038799
3.13113,3128,479.714142,464.4472,5,5.016986
3.13117,3129,479.714142,464.452179,5,5.006079
3.13235,3130,479.714142,464.45697,5,5.006079
3.13237,3131,479.714142,464.462616,5,4.90246725
3.13419,3132,479.714142,464.467224,5,5.087878
3.13604,3133,479.714142,464.472321,5,4.98426628
3.13607,3134,479.714142,464.4773,5,5.087878
3.13729,3135,479.714142,464.482422,5,4.98426628
3.13913,3136,479.714142,464.487579,5,5.006079
3.13915,3137,479.714142,464.491943,5,5.016986
3.14038,3138,479.714142,464.4975,5,4.913374
3.14041,3139,479.714142,464.5024,5,5.066065
3.14220,3140,479.714142,464.5076,5,4.94064
3.14405,3141,479.714142,464.512177,5,5.07697153
3.14409,3142,479.714142,464.517029,5,4.95154667
3.14529,3143,479.714142,464.523132,5,4.95154667
3.14713,3144,479.714142,464.5281,5,5.09878445
3.14715,3145,479.714142,464.532928,5,5.02789259
3.14836,3146,479.714142,464.537048,5,5.087878
3.14840,3147,479.714142,464.5427,5,4.847935
3.15018,3148,479.714142,464.5482,5,4.96245337
3.15205,3149,479.714142,464.553131,5,4.995173
3.15208,3150,479.714142,464.557861,5,5.12059736
3.15330,3151,479.714142,464.5623,5,5.109691
3.15511,3152,479.714142,464.567932,5,4.837029
3.15513,3153,479.714142,464.5729,5,4.95154667
3.15639,3154,479.714142,464.582733,5,5.153317
3.15640,3155,479.714142,464.582733,5,5.153317
3.15823,3156,479.714142,464.587616,5,5.016986
3.16006,3157,479.714142,464.597778,5,4.98426628
3.16008,3158,479.714142,464.6033,5,4.94064
3.16128,3159,479.714142,464.6078,5,5.180583
3.16314,3160,479.714142,464.612671,5,4.98426628
3.16316,3161,479.714142,464.617462,5,4.94064
3.16435,3162,479.714142,464.6228,5,4.847935
3.16436,3163,479.714142,464.6283,5,4.95154667
3.16620,3164,479.714142,464.63266,5,5.087878
3.16803,3165,479.714142,464.637543,5,4.97335958
3.16806,3166,479.714142,464.642059,5,4.98426628
3.16929,3167,479.714142,464.647919,5,4.75523
3.17121,3168,479.714142,464.6532,5,5.02789259
3.17124,3169,479.714142,464.657837,5,5.09878445
3.17238,3170,479.714142,464.6625,5,5.109691
3.17240,3171,479.714142,464.6673,5,5.02789259
3.17424,3172,479.714142,464.673248,5,4.837029
3.17607,3173,479.714142,464.678,5,5.07697153
3.17610,3174,479.714142,464.6828,5,4.995173
3.17741,3175,479.714142,464.687378,5,5.09878445
3.17916,3176,479.714142,464.692627,5,4.92973375
3.17919,3177,479.714142,464.698273,5,4.891561
3.18035,3178,479.714142,464.70285,5,5.07697153
3.18037,3179,479.714142,464.707825,5,5.016986
3.18220,3180,479.714142,464.7124,5,5.07697153
3.18401,3181,479.714142,464.717957,5,4.858842
3.18403,3182,479.714142,464.722961,5,4.97335958
3.18530,3183,479.714142,464.727753,5,4.97335958
3.18715,3184,479.714142,464.732941,5,5.05515862
3.18720,3185,479.714142,464.737823,5,5.09878445
3.18837,3186,479.714142,464.743469,5,4.97335958
3.18840,3187,479.714142,464.748,5,5.153317
3.19025,3188,479.714142,464.753,5,5.016986
3.19203,3189,479.714142,464.7578,5,5.038799
3.19205,3190,479.714142,464.7631,5,4.913374
3.19330,3191,479.714142,464.7685,5,4.96245337
3.19514,3192,479.714142,464.773132,5,5.07697153
3.19516,3193,479.714142,464.778168,5,5.016986
3.19636,3194,479.714142,464.782867,5,5.07697153
3.19638,3195,479.714142,464.788422,5,4.88065434
3.19819,3196,479.714142,464.7933,5,5.05515862
3.20003,3197,479.714142,464.798126,5,5.006079
3.20005,3198,479.714142,464.8033,5,5.038799
3.20133,3199,479.714142,464.808258,5,5.07697153
3.20311,3200,479.714142,464.8137,5,4.97335958
3.20314,3201,479.714142,464.818024,5,5.087878
3.20452,3202,479.714142,464.823364,5,4.913374
3.20455,3203,479.714142,464.828857,5,5.05515862
3.20623,3204,479.714142,464.8339,5,4.995173
3.20807,3205,479.714142,464.838928,5,5.016986
3.20811,3206,479.714142,464.8436,5,5.02789259
3.20929,3207,479.714142,464.849457,5,4.891561
3.21114,3208,479.714142,464.854126,5,5.087878
3.21116,3209,479.714142,464.859375,5,5.038799
3.21237,3210,479.714142,464.8635,5,5.109691
3.21239,3211,479.714142,464.8681,5,4.913374
3.21422,3212,479.714142,464.873962,5,4.90246725
3.21605,3213,479.714142,464.879517,5,5.016986
3.21607,3214,479.714142,464.884338,5,5.066065
3.21731,3215,479.714142,464.888367,5,5.180583
3.21914,3216,479.714142,464.89386,5,4.869748
3.21916,3217,479.714142,464.899,5,4.92973375
3.22036,3218,479.714142,464.904175,5,4.94064
3.22038,3219,479.714142,464.909,5,5.087878
3.22222,3220,479.714142,464.9135,5,5.109691
3.22401,3221,479.714142,464.919,5,4.90246725
3.22403,3222,479.714142,464.923859,5,4.995173
3.22530,3223,479.714142,464.929382,5,4.90246725
3.22713,3224,479.714142,464.934082,5,5.14241028
3.22715,3225,479.714142,464.9388,5,5.05515862
3.22835,3226,479.714142,464.9437,5,4.94064
3.22837,3227,479.714142,464.948761,5,4.92973375
3.23026,3228,479.714142,464.954529,5,4.891561
3.23202,3229,479.714142,464.958954,5,5.13150358
3.23203,3230,479.714142,464.963776,5,4.995173
3.23329,3231,479.714142,464.9683,5,5.006079
3.23522,3232,479.714142,464.973877,5,4.798856
3.23526,3233,479.714142,464.979584,5,4.94064
3.23636,3234,479.714142,464.98407,5,5.14241028
3.23638,3235,479.714142,464.9889,5,5.087878
3.23821,3236,479.714142,464.9934,5,5.09878445
3.24001,3237,479.714142,464.999359,5,4.82612228
3.24002,3238,479.714142,465.004364,5,5.016986
3.24128,3239,479.714142,465.009033,5,5.016986
3.24308,3240,479.714142,465.013672,5,5.066065
3.24310,3241,479.714142,465.0187,5,4.995173
3.24435,3242,479.714142,465.024445,5,4.837029
3.24436,3243,479.714142,465.0291,5,5.066065
3.24618,3244,479.714142,465.034058,5,5.006079
3.24801,3245,479.714142,465.038574,5,5.087878
3.24802,3246,479.714142,465.043976,5,4.891561
3.24931,3247,479.714142,465.049316,5,4.913374
3.25109,3248,479.714142,465.053925,5,5.006079
3.25111,3249,479.714142,465.0591,5,4.98426628
3.25237,3250,479.714142,465.0639,5,5.12059736
3.25239,3251,479.714142,465.06955,5,4.95154667
3.25461,3252,479.714142,465.07428,5,5.109691
3.25603,3253,479.714142,465.0791,5,5.038799
3.25608,3254,479.714142,465.084045,5,5.006079
3.25729,3255,479.714142,465.0946,5,4.90246725
3.25908,3256,479.714142,465.099182,5,5.09878445
3.25910,3257,479.714142,465.104218,5,5.006079
3.26035,3258,479.714142,465.108948,5,5.07697153
3.26036,3259,479.714142,465.114349,5,4.913374
3.26218,3260,479.714142,465.119537,5,4.97335958
3.26403,3261,479.714142,465.124176,5,5.038799
3.26405,3262,479.714142,465.1294,5,4.98426628
3.26530,3263,479.714142,465.1342,5,5.09878445
3.26710,3264,479.714142,465.139618,5,4.92973375
3.26712,3265,479.714142,465.1441,5,5.066065
3.26839,3266,479.714142,465.149139,5,4.94064
3.26843,3267,479.714142,465.154419,5,4.97335958
3.27022,3268,479.714142,465.159363,5,5.038799
3.27204,3269,479.714142,465.1648,5,4.95154667
3.27207,3270,479.714142,465.169067,5,5.07697153
3.27329,3271,479.714142,465.174347,5,4.858842
3.27508,3272,479.714142,465.179749,5,5.038799
3.27509,3273,479.714142,465.184723,5,5.05515862
3.27635,3274,479.714142,465.189362,5,5.09878445
3.27636,3275,479.714142,465.194031,5,5.006079
3.27819,3276,479.714142,465.2001,5,4.82612228
3.28002,3277,479.714142,465.205,5,5.016986
3.28003,3278,479.714142,465.210052,5,4.995173
3.28129,3279,479.714142,465.214264,5,5.202396
3.28310,3280,479.714142,465.2195,5,4.97335958
3.28311,3281,479.714142,465.2249,5,4.869748
3.28436,3282,479.714142,465.2299,5,4.95154667
3.28438,3283,479.714142,465.235,5,4.995173
3.28620,3284,479.714142,465.2394,5,5.164223
3.28801,3285,479.714142,465.244781,5,4.92973375
3.28802,3286,479.714142,465.249725,5,4.98426628
3.28930,3287,479.714142,465.255066,5,4.92973375
3.29109,3288,479.714142,465.260162,5,5.066065
3.29111,3289,479.714142,465.264679,5,5.14241028
3.29235,3290,479.714142,465.269653,5,4.95154667
3.29236,3291,479.714142,465.274475,5,4.97335958
3.29420,3292,479.714142,465.280334,5,4.847935
3.29604,3293,479.714142,465.285,5,5.09878445
3.29606,3294,479.714142,465.2897,5,5.038799
3.29730,3295,479.714142,465.294373,5,5.006079
3.29909,3296,479.714142,465.299561,5,4.913374
3.29911,3297,479.714142,465.305573,5,4.837029
3.30035,3298,479.714142,465.31015,5,5.164223
