t,n,A,B,C,D
0.00026,0,827.176147,827.1762,-0.00793457,0
0.00199,1,827.176147,827.1762,-0.00793457,0
0.00202,2,827.176147,827.1762,-0.00793457,0
0.00320,3,827.176147,827.1762,-0.00793457,0
0.00503,4,827.176147,827.1762,-0.00793457,0
0.00508,5,827.176147,827.1762,-0.00793457,0
0.00628,6,827.176147,827.1762,-0.00793457,0
0.00813,7,827.176147,827.1762,-0.00793457,0
0.00816,8,827.176147,827.1762,-0.00793457,0
0.00995,9,827.176147,827.1762,-0.00793457,0
0.01000,10,827.176147,827.1762,-0.00793457,0
0.01114,11,827.176147,827.1762,-0.00793457,0
0.01299,12,827.176147,827.1762,-0.00793457,0
0.01301,13,827.176147,827.1762,-0.00793457,0
0.01429,14,827.176147,827.1762,-0.00793457,0
0.01611,15,827.176147,827.1762,-0.00793457,0
0.01614,16,827.176147,827.1762,-0.00793457,0
0.01792,17,827.176147,827.1762,-0.00793457,0
0.01794,18,827.176147,827.1762,-0.00793457,0
0.01916,19,827.176147,827.1762,-0.00793457,0
0.02099,20,827.176147,827.1762,-0.00793457,0
0.02101,21,827.176147,827.1762,-0.00793457,0
0.02230,22,827.176147,827.1762,-0.00793457,0
0.02407,23,827.176147,827.1762,-0.00793457,0
0.02409,24,827.176147,827.1762,-0.00793457,0
0.02593,25,827.176147,827.1762,-0.00793457,0
0.02595,26,827.176147,827.1762,-0.00793457,0
0.02715,27,827.176147,827.1762,-0.00793457,0
0.02898,28,827.176147,827.1762,-0.00793457,0
0.02902,29,827.176147,827.1762,-0.00793457,0
0.03031,30,827.176147,827.1762,-0.00793457,0
0.03211,31,827.176147,827.1762,-0.00793457,0
0.03213,32,827.176147,827.1762,-0.00793457,0
0.03388,33,827.176147,827.1762,-0.00793457,0
0.03391,34,827.176147,827.1762,-0.00793457,0
0.03515,35,827.176147,827.1762,-0.00793457,0
0.03701,36,827.176147,827.1762,-0.00793457,0
0.03703,37,827.176147,827.1762,-0.00793457,0
0.03828,38,827.176147,827.1762,-0.00793457,0
0.04007,39,827.176147,827.1762,-0.00793457,0
0.04009,40,827.176147,827.1762,-0.00793457,0
0.04188,41,827.176147,827.1762,-0.00793457,0
0.04191,42,827.176147,827.1762,-0.00793457,0
0.04316,43,827.176147,827.1762,-0.00793457,0
0.04503,44,827.176147,827.1762,-0.00793457,0
0.04505,45,827.176147,827.1762,-0.00793457,0
0.04628,46,827.176147,827.1762,-0.00793457,0
0.04808,47,827.176147,827.1762,-0.00793457,0
0.04811,48,827.176147,827.1762,-0.00793457,0
0.04990,49,827.176147,827.1762,-0.00793457,0
0.04991,50,827.176147,827.1762,-0.00793457,0
0.05119,51,827.176147,827.1762,-0.00793457,0
0.05299,52,827.176147,827.1762,-0.00793457,0
0.05302,53,827.176147,827.1762,-0.00793457,0
0.05428,54,827.176147,827.1762,-0.00793457,0
0.05609,55,827.176147,827.1762,-0.00793457,0
0.05612,56,827.176147,827.1762,-0.00793457,0
0.05788,57,827.176147,827.1762,-0.00793457,0
0.05789,58,827.176147,827.1762,-0.00793457,0
0.05917,59,827.176147,827.1762,-0.00793457,0
0.06103,60,827.176147,827.1762,-0.00793457,0
0.06107,61,827.176147,827.1762,-0.00793457,0
0.06229,62,827.176147,827.1762,-0.00793457,0
0.06409,63,827.176147,827.1762,-0.00793457,0
0.06412,64,827.176147,827.1762,-0.00793457,0
0.06589,65,827.176147,827.1762,-0.00793457,0
0.06591,66,827.176147,827.1762,-0.00793457,0
0.06714,67,827.176147,827.1762,-0.00793457,0
0.06900,68,827.176147,827.1762,-0.00793457,0
0.06903,69,827.176147,827.1762,-0.00793457,0
0.07029,70,827.176147,827.1762,-0.00793457,0
0.07210,71,827.176147,827.1762,-0.00793457,0
0.07212,72,827.176147,827.1762,-0.00793457,0
0.07390,73,827.176147,827.1762,-0.00793457,0
0.07393,74,827.176147,827.1762,-0.00793457,0
0.07533,75,827.176147,827.1762,-0.00793457,0
0.07703,76,827.176147,827.1762,-0.00793457,0
0.07706,77,827.176147,827.1762,-0.00793457,0
0.07831,78,827.176147,827.1762,-0.00793457,0
0.08008,79,827.176147,827.1762,-0.00793457,0
0.08011,80,827.176147,827.1762,-0.00793457,0
0.08192,81,827.176147,827.1762,-0.00793457,0
0.08197,82,827.176147,827.1762,-0.00793457,0
0.08317,83,827.176147,827.1762,-0.00793457,0
0.08500,84,827.176147,827.1762,-0.00793457,0
0.08503,85,827.176147,827.1762,-0.00793457,0
0.08630,86,827.176147,827.1762,-0.00793457,0
0.08811,87,827.176147,827.1762,-0.00793457,0
0.08813,88,827.176147,827.1762,-0.00793457,0
0.08990,89,827.176147,827.1762,-0.00793457,0
0.08992,90,827.176147,827.1762,-0.00793457,0
0.09116,91,827.176147,827.1762,-0.00793457,0
0.09300,92,827.176147,827.1762,-0.00793457,0
0.09303,93,827.176147,827.1762,-0.00793457,0
0.09430,94,827.176147,827.1762,-0.00793457,0
0.09610,95,827.176147,827.1762,-0.00793457,0
0.09612,96,827.176147,827.1762,-0.00793457,0
0.09789,97,827.176147,827.1762,-0.00793457,0
0.09791,98,827.176147,827.1762,-0.00793457,0
0.09914,99,827.176147,827.1762,-0.00793457,0
0.10099,100,827.176147,827.1762,-0.00793457,0
0.10100,101,827.176147,827.1762,-0.00793457,0
0.10228,102,827.176147,827.1762,-0.00793457,0
0.10410,103,827.176147,827.1762,-0.00793457,0
0.10412,104,827.176147,827.1762,-0.00793457,0
0.10591,105,827.176147,827.1762,-0.00793457,0
0.10594,106,827.176147,827.1762,-0.00793457,0
0.10718,107,827.176147,827.1762,-0.00793457,0
0.10909,108,827.176147,827.1762,-0.00793457,0
0.10912,109,827.176147,827.1762,-0.00793457,0
0.11030,110,827.176147,827.1762,-0.00793457,0
0.11209,111,827.176147,827.1762,-0.00793457,0
0.11212,112,827.176147,827.1762,-0.00793457,0
0.11391,113,827.176147,827.1762,-0.00793457,0
0.11394,114,827.176147,827.1762,-0.00793457,0
0.11518,115,827.176147,827.1762,-0.00793457,0
0.11698,116,827.176147,827.1762,-0.00793457,0
0.11700,117,827.176147,827.1762,-0.00793457,0
0.11827,118,827.176147,827.1762,-0.00793457,0
0.12007,119,827.176147,827.1762,-0.00793457,0
0.12010,120,827.176147,827.1762,-0.00793457,0
0.12188,121,827.176147,827.1762,-0.00793457,0
0.12190,122,827.176147,827.1762,-0.00793457,0
0.12317,123,827.176147,827.1762,-0.00793457,0
0.12536,124,827.176147,827.1762,-0.00793457,0
0.12541,125,827.176147,827.1762,-0.00793457,0
0.12632,126,827.176147,827.1762,-0.00793457,0
0.12810,127,827.176147,827.1762,-0.00793457,0
0.12813,128,827.176147,827.1762,-0.00793457,0
0.12989,129,827.176147,827.1762,-0.00793457,0
0.12992,130,827.176147,827.1762,-0.00793457,0
0.13114,131,827.176147,827.1762,-0.00793457,0
0.13298,132,827.176147,827.1762,-0.00793457,0
0.13299,133,827.176147,827.1762,-0.00793457,0
0.13428,134,827.176147,827.1762,-0.00793457,0
0.13609,135,827.176147,827.1762,-0.00793457,0
0.13612,136,827.176147,827.1762,-0.00793457,0
0.13789,137,827.176147,827.1762,-0.00793457,0
0.13791,138,827.176147,827.1762,-0.00793457,0
0.13915,139,827.176147,827.1762,-0.00793457,0
0.14097,140,827.176147,827.1762,-0.00793457,0
0.14098,141,827.176147,827.1762,-0.00793457,0
0.14229,142,827.176147,827.1762,-0.00793457,0
0.14406,143,827.176147,827.1762,-0.00793457,0
0.14410,144,827.176147,827.1762,-0.00793457,0
0.14589,145,827.176147,827.1762,-0.00793457,0
0.14592,146,827.176147,827.1762,-0.00793457,0
0.14716,147,827.176147,827.1762,-0.00793457,0
0.14897,148,827.176147,827.1762,-0.00793457,0
0.14899,149,827.176147,827.1762,-0.00793457,0
0.15028,150,827.176147,827.1762,-0.00793457,0
0.15207,151,827.176147,827.1762,-0.00793457,0
0.15209,152,827.176147,827.1762,-0.00793457,0
0.15392,153,827.176147,827.1762,-0.00793457,0
0.15393,154,827.176147,827.1762,-0.00793457,0
0.15519,155,827.176147,827.1762,-0.00793457,0
0.15698,156,827.176147,827.1762,-0.00793457,0
0.15699,157,827.176147,827.1762,-0.00793457,0
0.15851,158,827.176147,827.1762,-0.00793457,0
0.16010,159,827.176147,827.1762,-0.00793457,0
0.16014,160,827.176147,827.1762,-0.00793457,0
0.16192,161,827.176147,827.1762,-0.00793457,0
0.16194,162,827.176147,827.1762,-0.00793457,0
0.16317,163,827.176147,827.1762,-0.00793457,0
0.16499,164,827.176147,827.1762,-0.00793457,0
0.16501,165,827.176147,827.1762,-0.00793457,0
0.16630,166,827.176147,827.1762,-0.00793457,0
0.16810,167,827.176147,827.1762,-0.00793457,0
0.16813,168,827.176147,827.1762,-0.00793457,0
0.16990,169,827.176147,827.1762,-0.00793457,0
0.16992,170,827.176147,827.1762,-0.00793457,0
0.17117,171,827.176147,827.1762,-0.00793457,0
0.17299,172,827.176147,827.1762,-0.00793457,0
0.17301,173,827.176147,827.1762,-0.00793457,0
0.17431,174,827.176147,827.1762,-0.00793457,0
0.17609,175,827.176147,827.1762,-0.00793457,0
0.17610,176,827.176147,827.1762,-0.00793457,0
0.17793,177,827.176147,827.1762,-0.00793457,0
0.17797,178,827.176147,827.1762,-0.00793457,0
0.17915,179,827.176147,827.1762,-0.00793457,0
0.18097,180,827.176147,827.1762,-0.00793457,0
0.18099,181,827.176147,827.1762,-0.00793457,0
0.18233,182,827.176147,827.1762,-0.00793457,0
0.18407,183,827.176147,827.1762,-0.00793457,0
0.18409,184,827.176147,827.1762,-0.00793457,0
0.18589,185,827.176147,827.1762,-0.00793457,0
0.18591,186,827.176147,827.1762,-0.00793457,0
0.18716,187,827.176147,827.1762,-0.00793457,0
0.18898,188,827.176147,827.1762,-0.00793457,0
0.18900,189,827.176147,827.1762,-0.00793457,0
0.19031,190,827.176147,827.1762,-0.00793457,0
0.19207,191,827.176147,827.1762,-0.00793457,0
0.19209,192,827.176147,827.1762,-0.00793457,0
0.19392,193,827.176147,827.1762,-0.00793457,0
0.19394,194,827.176147,827.1762,-0.00793457,0
0.19514,195,827.176147,827.1762,-0.00793457,0
0.19697,196,827.176147,827.1762,-0.00793457,0
0.19699,197,827.176147,827.1762,-0.00793457,0
0.19829,198,827.176147,827.1762,-0.00793457,0
0.20008,199,827.176147,827.1762,-0.00793457,0
0.20010,200,827.176147,827.1762,-0.00793457,0
0.20192,201,827.176147,827.1762,-0.00793457,0
0.20195,202,827.176147,827.1762,-0.00793457,0
0.20316,203,827.176147,827.1762,-0.00793457,0
0.20497,204,827.176147,827.1762,-0.00793457,0
0.20499,205,827.176147,827.1762,-0.00793457,0
0.20630,206,827.176147,827.1762,-0.00793457,0
0.20805,207,827.176147,827.1762,-0.00793457,0
0.20807,208,827.176147,827.1762,-0.00793457,0
0.20994,209,827.176147,827.1762,-0.00793457,0
0.20995,210,827.176147,827.1762,-0.00793457,0
0.21121,211,827.176147,827.1762,-0.00793457,0
0.21300,212,827.176147,827.1762,-0.00793457,0
0.21303,213,827.176147,827.1762,-0.00793457,0
0.21434,214,827.176147,827.1762,-0.00793457,0
0.21607,215,827.176147,827.1762,-0.00793457,0
0.21609,216,827.176147,827.1762,-0.00793457,0
0.21793,217,827.176147,827.1762,-0.00793457,0
0.21795,218,827.176147,827.1762,-0.00793457,0
0.21915,219,827.176147,827.1762,-0.00793457,0
0.22098,220,827.176147,827.1762,-0.00793457,0
0.22099,221,827.176147,827.1762,-0.00793457,0
0.22230,222,827.176147,827.1762,-0.00793457,0
0.22407,223,827.176147,827.1762,-0.00793457,0
0.22408,224,827.176147,827.1762,-0.00793457,0
0.22589,225,827.176147,827.1762,-0.00793457,0
0.22595,226,827.176147,827.1762,-0.00793457,0
0.22722,227,827.176147,827.1762,-0.00793457,0
0.22898,228,827.176147,827.1762,-0.00793457,0
0.22900,229,827.176147,827.1762,-0.00793457,0
0.23030,230,827.176147,827.1762,-0.00793457,0
0.23207,231,827.176147,827.1762,-0.00793457,0
0.23209,232,827.176147,827.1762,-0.00793457,0
0.23392,233,827.176147,827.1762,-0.00793457,0
0.23395,234,827.176147,827.1762,-0.00793457,0
0.23515,235,827.176147,827.1762,-0.00793457,0
0.23696,236,827.176147,827.1762,-0.00793457,0
0.23698,237,827.176147,827.1762,-0.00793457,0
0.23828,238,827.176147,827.1762,-0.00793457,0
0.24008,239,827.176147,827.1762,-0.00793457,0
0.24011,240,827.176147,827.1762,-0.00793457,0
0.24196,241,827.176147,827.1762,-0.00793457,0
0.24200,242,827.176147,827.1762,-0.00793457,0
0.24316,243,827.176147,827.1762,-0.00793457,0
0.24499,244,827.176147,827.1762,-0.00793457,0
0.24501,245,827.176147,827.1762,-0.00793457,0
0.24629,246,827.176147,827.1762,-0.00793457,0
0.24808,247,827.176147,827.1762,-0.00793457,0
0.24811,248,827.176147,827.1762,-0.00793457,0
0.24992,249,827.176147,827.1762,-0.00793457,0
0.24995,250,827.176147,827.1762,-0.00793457,0
0.25115,251,827.176147,827.1762,-0.00793457,0
0.25302,252,827.176147,827.1762,-0.00793457,0
0.25304,253,827.176147,827.1762,-0.00793457,0
0.25427,254,827.176147,827.1762,-0.00793457,0
0.25607,255,827.176147,827.1762,-0.00793457,0
0.25610,256,827.176147,827.1762,-0.00793457,0
0.25792,257,827.176147,827.1762,-0.00793457,0
0.25795,258,827.176147,827.1762,-0.00793457,0
0.25916,259,827.176147,827.1762,-0.00793457,0
0.26102,260,827.176147,827.1762,-0.00793457,0
0.26105,261,827.176147,827.1762,-0.00793457,0
0.26229,262,827.176147,827.1762,-0.00793457,0
0.26407,263,827.176147,827.1762,-0.00793457,0
0.26408,264,827.176147,827.1762,-0.00793457,0
0.26596,265,827.176147,827.1762,-0.00793457,0
0.26598,266,827.176147,827.1762,-0.00793457,0
0.26715,267,827.176147,827.1762,-0.00793457,0
0.26899,268,827.176147,827.1762,-0.00793457,0
0.26903,269,827.176147,827.1762,-0.00793457,0
0.27028,270,827.176147,827.1762,-0.00793457,0
0.27208,271,827.176147,827.1762,-0.00793457,0
0.27210,272,827.176147,827.1762,-0.00793457,0
0.27393,273,827.176147,827.1762,-0.00793457,0
0.27395,274,827.176147,827.1762,-0.00793457,0
0.27522,275,827.176147,827.1762,-0.00793457,0
0.27699,276,827.176147,827.1762,-0.00793457,0
0.27701,277,827.176147,827.1762,-0.00793457,0
0.27828,278,827.176147,827.1762,-0.00793457,0
0.28006,279,827.176147,827.1762,-0.00793457,0
0.28007,280,827.176147,827.1762,-0.00793457,0
0.28190,281,827.176147,827.1762,-0.00793457,0
0.28192,282,827.176147,827.1762,-0.00793457,0
0.28315,283,827.176147,827.1762,-0.00793457,0
0.28500,284,827.176147,827.1762,-0.00793457,0
0.28502,285,827.176147,827.1762,-0.00793457,0
0.28628,286,827.176147,827.1762,-0.00793457,0
0.28806,287,827.176147,827.1762,-0.00793457,0
0.28807,288,827.176147,827.1762,-0.00793457,0
0.28990,289,827.176147,827.1762,-0.00793457,0
0.28991,290,827.176147,827.1762,-0.00793457,0
0.29115,291,827.176147,827.1762,-0.00793457,0
0.29305,292,827.176147,827.1762,-0.00793457,0
0.29306,293,827.176147,827.1762,-0.00793457,0
0.29430,294,827.176147,827.1762,-0.00793457,0
0.29607,295,827.176147,827.1762,-0.00793457,0
0.29608,296,827.176147,827.1762,-0.00793457,0
0.29792,297,827.176147,827.1762,-0.00793457,0
0.29794,298,827.176147,827.1762,-0.00793457,0
0.29914,299,827.176147,827.1762,-0.00793457,0
0.30102,300,827.176147,827.1762,-0.00793457,0
0.30117,301,827.176147,827.1762,-0.00793457,0
0.30228,302,827.176147,827.1762,-0.00793457,0
0.30406,303,828.176147,827.1762,25,0
0.30408,304,828.176147,827.1762,25,0
0.30591,305,828.176147,827.176941,25,0.136331126
0.30594,306,828.176147,827.178467,25,0.474432319
0.30714,307,828.176147,827.180969,25,1.090649
0.30901,308,828.176147,827.1843,25,1.89227617
0.30904,309,828.176147,827.188232,25,2.68845
0.31030,310,828.176147,827.192749,25,3.47917032
0.31207,311,828.176147,827.199036,25,4.36804962
0.31209,312,828.176147,827.207,25,5.529591
0.31391,313,828.176147,827.2142,25,6.38575029
0.31394,314,828.176147,827.2235,25,7.356428
0.31519,315,828.176147,827.2333,25,8.474343
0.31700,316,828.176147,827.243,25,8.88879
0.31702,317,828.176147,827.2559,25,10.1430359
0.31829,318,828.176147,827.2679,25,10.9392109
0.32008,319,828.176147,827.2817,25,11.79537
0.32010,320,828.176147,827.2957,25,12.7551413
0.32191,321,828.176147,827.310547,25,13.5185957
0.32195,322,828.176147,827.3271,25,14.6746836
0.32323,323,828.176147,827.3439,25,15.2636337
0.32543,324,828.176147,827.361145,25,16.2343121
0.32549,325,828.176147,827.377747,25,16.8996067
0.32637,326,828.176147,827.396362,25,17.55945
0.32809,327,828.176147,827.415955,25,18.2683716
0.32811,328,828.176147,827.435,25,18.68827
0.32994,329,828.176147,827.4545,25,19.086359
0.32998,330,828.176147,827.474243,25,19.3372078
0.33116,331,828.176147,827.494141,25,19.57715
0.33300,332,828.176147,827.5143,25,19.8061867
0.33303,333,828.176147,827.5336,25,19.718935
0.33428,334,828.176147,827.5525,25,19.5444317
0.33609,335,828.176147,827.571655,25,19.3535671
0.33612,336,828.176147,827.590637,25,19.1245327
0.33795,337,828.176147,827.6095,25,19.1027184
0.33798,338,828.176147,827.6281,25,18.8954964
0.33915,339,828.176147,827.6474,25,18.6228333
0.34098,340,828.176147,827.6646,25,18.51922
0.34100,341,828.176147,827.6838,25,18.2574654
0.34233,342,828.176147,827.700867,25,18.2792778
0.34407,343,828.176147,827.7206,25,18.33381
0.34410,344,828.176147,827.7388,25,18.2083855
0.34594,345,828.176147,827.7553,25,18.1047745
0.34597,346,828.176147,827.775635,25,18.1211357
0.34715,347,828.176147,827.7934,25,18.1320419
0.34900,348,828.176147,827.8113,25,18.082962
0.34903,349,828.176147,827.829163,25,18.2683716
0.35029,350,828.176147,827.8481,25,18.3719845
0.35208,351,828.176147,827.8667,25,18.38289
0.35210,352,828.176147,827.8852,24.87854,18.448328
0.35394,353,828.176147,827.903259,22.82898,18.4701424
0.35398,354,828.176147,827.9221,19.8217773,18.448328
0.35516,355,828.176147,827.940857,17.4713135,18.51922
0.35700,356,828.176147,827.959351,15.2380371,18.6555538
0.35702,357,828.176147,827.9771,13.4417725,18.4592361
0.35839,358,828.176147,827.9942,11.6900635,18.1047745
0.36007,359,828.176147,828.0097,10.7855225,17.3195076
0.36009,360,828.176147,828.0247,9.175415,16.496067
0.36193,361,828.176147,828.0391,7.73010254,15.6290016
0.36198,362,828.176147,828.0509,8.035889,14.4074736
0.36316,363,828.176147,828.0636,5.744629,13.6549253
0.36502,364,828.176147,828.073669,6.272583,12.4606657
0.36505,365,828.176147,828.084167,4.60876465,11.4790812
0.36628,366,828.176147,828.093,4.61181641,10.573842
0.36807,367,828.176147,828.101,4.170532,9.505007
0.36809,368,828.176147,828.109131,3.02978516,9.003308
0.36992,369,828.176147,828.116333,2.734375,8.147149
0.36994,370,828.176147,828.128662,-2.45727539,7.00196743
0.37117,371,828.176147,828.133362,2.27233887,6.134901
0.37300,372,828.176147,828.1389,0.952148438,5.725908
0.37302,373,828.176147,828.1434,1.14196777,5.278742
0.37430,374,828.176147,828.1469,1.32263184,4.651618
0.37608,375,828.176147,828.151062,0.355834961,4.46075439
0.37611,376,828.176147,828.1546,0.322875977,4.035402
0.37794,377,828.176147,828.1588,-0.6945801,3.80636525
0.37799,378,828.176147,828.163635,-1.74865723,4.13901329
0.37914,379,828.176147,828.167053,-1.21032715,4.035402
0.38101,380,828.176147,828.1701,-1.350708,3.88816381
0.38104,381,828.176147,828.173157,-1.74743652,3.65912771
0.38228,382,828.176147,828.1754,-1.4855957,3.04291081
0.38409,383,828.176147,828.177246,-1.42456055,2.573932
0.38412,384,828.176147,828.178955,-1.5612793,2.26855016
0.38591,385,828.176147,828.1808,-1.88476563,1.95771515
0.38593,386,828.176147,828.182556,-2.07214355,1.799571
0.38715,387,828.176147,828.184143,-2.15026855,1.74503851
0.38899,388,828.176147,828.1855,-2.15393066,1.65233338
0.38902,389,828.176147,828.1864,-1.973877,1.44511008
0.39030,390,828.176147,828.1872,-1.99157715,1.18335426
0.39210,391,828.176147,828.1877,-1.84143066,0.9215985
0.39215,392,828.176147,828.1882,-1.90490723,0.7034687
0.39391,393,828.176147,828.1885,-1.81640625,0.5453245
0.39395,394,828.176147,828.188843,-1.90673828,0.430806369
0.39516,395,828.176147,828.1893,-2.005005,0.37627393
0.39701,396,828.176147,828.1896,-1.95922852,0.3490077
0.39705,397,828.176147,828.189941,-2.04956055,0.3490077
0.39828,398,828.176147,828.1903,-2.097168,0.3490077
0.40007,399,828.176147,828.1907,-2.14477539,0.3490077
0.40011,400,828.176147,828.19104,-2.19238281,0.3490077
0.40191,401,828.176147,828.191345,-2.189331,0.3490077
0.40193,402,828.176147,828.191833,-2.38098145,0.359914184
0.40315,403,828.176147,828.1922,-2.34313965,0.37627393
0.40503,404,828.176147,828.1926,-2.44140625,0.387180418
0.40505,405,828.176147,828.1931,-2.54760742,0.408993423
0.40630,406,828.176147,828.1936,-2.611084,0.419899881
0.40809,407,828.176147,828.194031,-2.62390137,0.430806369
0.40811,408,828.176147,828.194336,-2.578125,0.430806369
0.40995,409,828.176147,828.1947,-2.668457,0.3980869
0.40999,410,828.176147,828.195,-2.66540527,0.37627393
0.41115,411,828.176147,828.1953,-2.70507813,0.327194721
0.41302,412,828.176147,828.1955,-2.64343262,0.294475257
0.41305,413,828.176147,828.19574,-2.71789551,0.2508493
0.41429,414,828.176147,828.196,-2.74963379,0.23448956
0.41609,415,828.176147,828.196167,-2.730713,0.223583058
0.41614,416,828.176147,828.1963,-2.70385742,0.1908636
0.41792,417,828.176147,828.1965,-2.77038574,0.179957092
0.41797,418,828.176147,828.1966,-2.74353027,0.147237629
0.41918,419,828.176147,828.1967,-2.75939941,0.125424653
0.42100,420,828.176147,828.1968,-2.72460938,0.09815842
0.42103,421,828.176147,828.1968,-2.68188477,0.07634544
0.42228,422,828.176147,828.1968,-2.68188477,0.043625962
0.42408,423,828.176147,828.1968,-2.68188477,0.021812981
0.42412,424,828.176147,828.1968,-2.68188477,0.0109064905
0.42590,425,828.176147,828.1968,-2.68188477,-0.0163597353
0.42593,426,828.176147,828.1968,-2.68188477,-0.0163597353
0.42717,427,828.176147,828.1968,-2.68188477,-0.0272662267
0.42902,428,828.176147,828.1967,-2.63122559,-0.03817272
0.42904,429,828.176147,828.1966,-2.57263184,-0.03817272
0.43028,430,828.176147,828.1966,-2.658081,-0.04907921
0.43211,431,828.176147,828.1966,-2.658081,-0.04907921
0.43214,432,828.176147,828.1966,-2.658081,-0.03817272
0.43391,433,828.176147,828.1966,-2.658081,-0.0272662267
0.43393,434,828.176147,828.196533,-2.60742188,-0.0272662267
0.43515,435,828.176147,828.196533,-2.65014648,-0.0163597353
0.43703,436,828.176147,828.196533,-2.65014648,-0.0163597353
0.43707,437,828.176147,828.196533,-2.65014648,-0.0163597353
0.43828,438,828.176147,828.196533,-2.65014648,0
0.44008,439,828.176147,828.196533,-2.65014648,0
0.44011,440,828.176147,828.1966,-2.70080566,0
0.44202,441,828.176147,828.1966,-2.658081,0
0.44207,442,828.176147,828.1966,-2.658081,0
0.44318,443,828.176147,828.1966,-2.658081,0.0109064905
0.44498,444,828.176147,828.1966,-2.658081,0.0109064905
0.44501,445,828.176147,828.1966,-2.658081,0.0109064905
0.44629,446,828.176147,828.1966,-2.658081,0.0109064905
0.44807,447,828.176147,828.1966,-2.658081,0.0109064905
0.44811,448,828.176147,828.1966,-2.658081,-0.0163597353
0.44994,449,828.176147,828.1966,-2.658081,-0.0163597353
0.44998,450,828.176147,828.1966,-2.658081,-0.0272662267
0.45115,451,828.176147,828.196533,-2.60742188,-0.03817272
0.45302,452,828.176147,828.196533,-2.65014648,-0.0272662267
0.45306,453,828.176147,828.196533,-2.65014648,-0.0272662267
0.45428,454,828.176147,828.1965,-2.5994873,-0.0272662267
0.45609,455,828.176147,828.1965,-2.642212,-0.0272662267
0.45611,456,828.176147,828.1965,-2.642212,-0.0272662267
0.45791,457,828.176147,828.1965,-2.642212,-0.0272662267
0.45793,458,828.176147,828.1965,-2.642212,-0.0163597353
0.45917,459,828.176147,828.1965,-2.642212,-0.0163597353
0.46103,460,828.176147,828.1965,-2.642212,-0.0163597353
0.46106,461,828.176147,828.1965,-2.642212,-0.0272662267
0.46230,462,828.176147,828.1964,-2.59155273,-0.0272662267
0.46409,463,828.176147,828.1964,-2.63427734,-0.0272662267
0.46412,464,828.176147,828.1964,-2.63427734,-0.0272662267
0.46593,465,828.176147,828.1964,-2.63427734,-0.0163597353
0.46595,466,828.176147,828.1963,-2.532959,-0.0163597353
0.46717,467,828.176147,828.1963,-2.6184082,-0.0272662267
0.46903,468,828.176147,828.1963,-2.6184082,-0.03817272
0.46906,469,828.176147,828.1962,-2.567749,-0.03817272
0.47028,470,828.176147,828.196167,-2.55981445,-0.03817272
0.47210,471,828.176147,828.196167,-2.602539,-0.03817272
0.47212,472,828.176147,828.196167,-2.602539,-0.03817272
0.47389,473,828.176147,828.196167,-2.602539,-0.03817272
0.47391,474,828.176147,828.196167,-2.602539,-0.0272662267
0.47523,475,828.176147,828.196167,-2.602539,-0.0272662267
0.47706,476,828.176147,828.196167,-2.602539,-0.0163597353
0.47709,477,828.176147,828.196167,-2.602539,0
0.47830,478,828.176147,828.196167,-2.602539,0
0.48008,479,828.176147,828.196167,-2.602539,0.0109064905
0.48012,480,828.176147,828.196167,-2.602539,0.0109064905
0.48192,481,828.176147,828.196167,-2.602539,0
0.48194,482,828.176147,828.196167,-2.602539,0
0.48317,483,828.176147,828.196167,-2.602539,-0.0163597353
0.48501,484,828.176147,828.196167,-2.602539,-0.0163597353
0.48505,485,828.176147,828.196167,-2.602539,-0.0163597353
0.48628,486,828.176147,828.196045,-2.5012207,-0.0272662267
0.48808,487,828.176147,828.196,-2.53601074,-0.03817272
0.48811,488,828.176147,828.196,-2.57873535,-0.04907921
0.48991,489,828.176147,828.196,-2.57873535,-0.04907921
0.48994,490,828.176147,828.195862,-2.477417,-0.04907921
0.49115,491,828.176147,828.195862,-2.56286621,-0.03817272
0.49300,492,828.176147,828.195862,-2.56286621,-0.04907921
0.49302,493,828.176147,828.195862,-2.56286621,-0.03817272
0.49428,494,828.176147,828.19574,-2.46154785,-0.04907921
0.49609,495,828.176147,828.1957,-2.496338,-0.0599856973
0.49611,496,828.176147,828.1957,-2.5390625,-0.04907921
0.49794,497,828.176147,828.1957,-2.5390625,-0.04907921
0.49796,498,828.176147,828.195557,-2.43774414,-0.03817272
0.49916,499,828.176147,828.1955,-2.47253418,-0.03817272
0.50099,500,828.176147,828.1955,-2.51525879,-0.03817272
0.50101,501,828.176147,828.1955,-2.51525879,-0.03817272
0.50230,502,828.176147,828.1955,-2.51525879,-0.03817272
0.50410,503,828.176147,828.195435,-2.46459961,-0.03817272
0.50412,504,828.176147,828.1953,-2.40600586,-0.03817272
0.50593,505,828.176147,828.1953,-2.491455,-0.03817272
0.50597,506,828.176147,828.1953,-2.491455,-0.03817272
0.50714,507,828.176147,828.1953,-2.491455,-0.03817272
0.50904,508,828.176147,828.195251,-2.440796,-0.03817272
0.50911,509,828.176147,828.1952,-2.43286133,-0.03817272
0.51033,510,828.176147,828.1952,-2.475586,-0.04907921
0.51215,511,828.176147,828.1951,-2.42492676,-0.0599856973
0.51218,512,828.176147,828.195,-2.366333,-0.0599856973
0.51391,513,828.176147,828.194946,-2.401123,-0.07089219
0.51395,514,828.176147,828.194763,-2.29187,-0.09270517
0.51516,515,828.176147,828.1947,-2.36938477,-0.09270517
0.51698,516,828.176147,828.1946,-2.310791,-0.114518143
0.51700,517,828.176147,828.194458,-2.29492188,-0.114518143
0.51831,518,828.176147,828.194336,-2.27905273,-0.114518143
0.52007,519,828.176147,828.1942,-2.26318359,-0.130877882
0.52009,520,828.176147,828.194031,-2.19665527,-0.130877882
0.52192,521,828.176147,828.194031,-2.324829,-0.141784385
0.52195,522,828.176147,828.1939,-2.22351074,-0.130877882
0.52314,523,828.176147,828.1937,-2.15698242,-0.130877882
0.52530,524,828.176147,828.1936,-2.183838,-0.130877882
0.52544,525,828.176147,828.1936,-2.269287,-0.114518143
0.52630,526,828.176147,828.1935,-2.16796875,-0.103611663
0.52809,527,828.176147,828.1934,-2.20275879,-0.09270517
0.52811,528,828.176147,828.1934,-2.2454834,-0.0599856973
0.52991,529,828.176147,828.1934,-2.2454834,-0.03817272
0.52993,530,828.176147,828.1935,-2.29614258,0
0.53117,531,828.176147,828.1936,-2.35473633,0.021812981
0.53301,532,828.176147,828.1936,-2.269287,0.03271947
0.53305,533,828.176147,828.1937,-2.37060547,0.043625962
0.53429,534,828.176147,828.1937,-2.28515625,0.043625962
0.53615,535,828.176147,828.1937,-2.28515625,0.043625962
0.53619,536,828.176147,828.1938,-2.33581543,0.043625962
0.53792,537,828.176147,828.1938,-2.29309082,0.03271947
0.53795,538,828.176147,828.1939,-2.39440918,0.021812981
0.53915,539,828.176147,828.1939,-2.30896,0.021812981
0.54102,540,828.176147,828.1937,-2.15698242,0
0.54104,541,828.176147,828.1937,-2.28515625,-0.0272662267
0.54233,542,828.176147,828.1937,-2.28515625,-0.03817272
0.54412,543,828.176147,828.1936,-2.183838,-0.0599856973
0.54418,544,828.176147,828.1936,-2.269287,-0.07089219
0.54593,545,828.176147,828.1935,-2.16796875,-0.07089219
0.54596,546,828.176147,828.1934,-2.20275879,-0.07089219
0.54717,547,828.176147,828.1934,-2.2454834,-0.0599856973
0.54904,548,828.176147,828.1934,-2.2454834,-0.0599856973
0.54909,549,828.176147,828.193359,-2.19482422,-0.04907921
0.55028,550,828.176147,828.193359,-2.23754883,-0.03817272
0.55209,551,828.176147,828.193237,-2.13623047,-0.03817272
0.55212,552,828.176147,828.193237,-2.22167969,-0.03817272
0.55389,553,828.176147,828.193359,-2.322998,-0.0163597353
0.55391,554,828.176147,828.193359,-2.23754883,-0.0163597353
0.55525,555,828.176147,828.193359,-2.23754883,0
0.55704,556,828.176147,828.1934,-2.288208,0.0109064905
0.55708,557,828.176147,828.1934,-2.2454834,0
0.55840,558,828.176147,828.1934,-2.2454834,0.0109064905
0.56010,559,828.176147,828.1934,-2.2454834,0
0.56013,560,828.176147,828.1934,-2.2454834,0
0.56189,561,828.176147,828.1934,-2.2454834,0
0.56191,562,828.176147,828.193359,-2.19482422,0
0.56315,563,828.176147,828.193359,-2.23754883,-0.0163597353
0.56502,564,828.176147,828.193237,-2.13623047,-0.0272662267
0.56505,565,828.176147,828.193237,-2.22167969,-0.0272662267
0.56630,566,828.176147,828.193237,-2.22167969,-0.03817272
0.56812,567,828.176147,828.193237,-2.22167969,-0.03817272
0.56816,568,828.176147,828.1932,-2.17102051,-0.03817272
0.56991,569,828.176147,828.1932,-2.213745,-0.03817272
0.56995,570,828.176147,828.1931,-2.163086,-0.03817272
0.57115,571,828.176147,828.1931,-2.20581055,-0.03817272
0.57302,572,828.176147,828.1931,-2.20581055,-0.03817272
0.57305,573,828.176147,828.193054,-2.15515137,-0.03817272
0.57428,574,828.176147,828.193054,-2.197876,-0.0272662267
0.57611,575,828.176147,828.193054,-2.197876,-0.0272662267
0.57615,576,828.176147,828.193054,-2.197876,-0.0272662267
0.57790,577,828.176147,828.193054,-2.197876,-0.0163597353
0.57792,578,828.176147,828.192932,-2.09655762,-0.0163597353
0.57915,579,828.176147,828.192932,-2.18200684,-0.0163597353
0.58100,580,828.176147,828.192932,-2.18200684,-0.0163597353
0.58102,581,828.176147,828.193054,-2.2833252,-0.0163597353
0.58231,582,828.176147,828.193054,-2.197876,0
0.58412,583,828.176147,828.193054,-2.197876,0
0.58415,584,828.176147,828.193054,-2.197876,0
0.58598,585,828.176147,828.193054,-2.197876,0
0.58608,586,828.176147,828.193054,-2.197876,0
0.58716,587,828.176147,828.192932,-2.09655762,-0.0163597353
0.58901,588,828.176147,828.192932,-2.18200684,-0.0163597353
0.58903,589,828.176147,828.192932,-2.18200684,-0.0272662267
0.59030,590,828.176147,828.192932,-2.18200684,-0.0272662267
0.59208,591,828.176147,828.192932,-2.18200684,-0.0272662267
0.59211,592,828.176147,828.1928,-2.08068848,-0.03817272
0.59390,593,828.176147,828.1928,-2.1661377,-0.04907921
0.59393,594,828.176147,828.1928,-2.1661377,-0.04907921
0.59515,595,828.176147,828.1927,-2.06481934,-0.04907921
0.59698,596,828.176147,828.1926,-2.09960938,-0.04907921
0.59700,597,828.176147,828.1926,-2.142334,-0.03817272
0.59831,598,828.176147,828.1926,-2.142334,-0.03817272
0.60009,599,828.176147,828.1926,-2.142334,-0.0272662267
0.60011,600,828.176147,828.1926,-2.142334,-0.0272662267
0.60192,601,828.176147,828.1926,-2.142334,-0.0163597353
0.60195,602,828.176147,828.1926,-2.142334,0
0.60317,603,828.176147,828.1926,-2.142334,0
0.60497,604,828.176147,828.1926,-2.142334,0
0.60499,605,828.176147,828.1926,-2.142334,0
0.60628,606,828.176147,828.1926,-2.142334,0
0.60808,607,828.176147,828.1926,-2.142334,0
0.60812,608,828.176147,828.1926,-2.142334,0
0.60991,609,828.176147,828.1926,-2.142334,-0.0163597353
0.60994,610,828.176147,828.1926,-2.142334,-0.0163597353
0.61116,611,828.176147,828.1926,-2.142334,-0.0272662267
0.61298,612,828.176147,828.1925,-2.04101563,-0.03817272
0.61299,613,828.176147,828.1925,-2.12646484,-0.04907921
0.61429,614,828.176147,828.1925,-2.12646484,-0.04907921
0.61607,615,828.176147,828.1924,-2.02514648,-0.04907921
0.61611,616,828.176147,828.1923,-2.05993652,-0.04907921
0.61790,617,828.176147,828.1923,-2.10266113,-0.03817272
0.61792,618,828.176147,828.1923,-2.10266113,-0.04907921
0.61917,619,828.176147,828.1923,-2.10266113,-0.04907921
0.62101,620,828.176147,828.1922,-2.00134277,-0.03817272
0.62105,621,828.176147,828.192139,-2.03613281,-0.03817272
0.62229,622,828.176147,828.192139,-2.07885742,-0.03817272
0.62411,623,828.176147,828.192139,-2.07885742,-0.03817272
0.62413,624,828.176147,828.1921,-2.02819824,-0.03817272
0.62591,625,828.176147,828.192139,-2.121582,-0.0272662267
0.62593,626,828.176147,828.1921,-2.02819824,-0.0272662267
0.62717,627,828.176147,828.1921,-2.07092285,-0.0272662267
0.62898,628,828.176147,828.191956,-1.96960449,-0.0272662267
0.62900,629,828.176147,828.191956,-2.05505371,-0.0272662267
0.63028,630,828.176147,828.191956,-2.05505371,-0.0272662267
0.63213,631,828.176147,828.191956,-2.05505371,-0.0272662267
0.63216,632,828.176147,828.191956,-2.05505371,-0.0163597353
0.63389,633,828.176147,828.191956,-2.05505371,-0.0163597353
0.63391,634,828.176147,828.191956,-2.05505371,-0.0163597353
0.63518,635,828.176147,828.191956,-2.05505371,0
0.63697,636,828.176147,828.1921,-2.156372,0
0.63699,637,828.176147,828.1921,-2.07092285,0.0109064905
0.63828,638,828.176147,828.1921,-2.07092285,0.0109064905
0.64007,639,828.176147,828.1921,-2.07092285,0.0109064905
0.64009,640,828.176147,828.1921,-2.07092285,0
0.64189,641,828.176147,828.1921,-2.07092285,0
0.64192,642,828.176147,828.191956,-1.96960449,0
0.64317,643,828.176147,828.191956,-2.05505371,-0.0163597353
0.64498,644,828.176147,828.191956,-2.05505371,-0.03817272
0.64500,645,828.176147,828.191833,-1.95373535,-0.04907921
0.64631,646,828.176147,828.191833,-2.03918457,-0.07089219
0.64808,647,828.176147,828.19165,-1.887207,-0.09270517
0.64811,648,828.176147,828.1915,-1.9140625,-0.09270517
0.64990,649,828.176147,828.1915,-1.99951172,-0.103611663
0.64992,650,828.176147,828.191345,-1.84753418,-0.103611663
0.65118,651,828.176147,828.1912,-1.87438965,-0.103611663
0.65298,652,828.176147,828.1911,-1.85852051,-0.114518143
0.65301,653,828.176147,828.191,-1.84265137,-0.130877882
0.65429,654,828.176147,828.190857,-1.82678223,-0.141784385
0.65606,655,828.176147,828.1907,-1.76025391,-0.152690873
0.65610,656,828.176147,828.190369,-1.63513184,-0.16359736
0.65789,657,828.176147,828.190247,-1.74743652,-0.185410336
0.65790,658,828.176147,828.190063,-1.6809082,-0.185410336
0.65921,659,828.176147,828.189941,-1.70776367,-0.196316838
0.66102,660,828.176147,828.1897,-1.59057617,-0.196316838
0.66106,661,828.176147,828.1895,-1.60949707,-0.196316838
0.66230,662,828.176147,828.1894,-1.63635254,-0.185410336
0.66412,663,828.176147,828.189148,-1.519165,-0.174503848
0.66416,664,828.176147,828.189148,-1.69006348,-0.16359736
0.66590,665,828.176147,828.189148,-1.69006348,-0.130877882
0.66592,666,828.176147,828.189148,-1.69006348,-0.09270517
0.66719,667,828.176147,828.189148,-1.69006348,-0.03817272
0.66899,668,828.176147,828.1893,-1.79138184,0.0109064905
0.66901,669,828.176147,828.189453,-1.85791016,0.07634544
0.67030,670,828.176147,828.189453,-1.72973633,0.07634544
0.67208,671,828.176147,828.1896,-1.83105469,0.087251924
0.67211,672,828.176147,828.189758,-1.897583,0.087251924
0.67388,673,828.176147,828.189758,-1.76940918,0.087251924
0.67390,674,828.176147,828.1898,-1.82006836,0.06543894
0.67525,675,828.176147,828.189941,-1.87866211,0.0545324534
0.67700,676,828.176147,828.189941,-1.79321289,0.03271947
0.67702,677,828.176147,828.189758,-1.64123535,0.0109064905
0.67831,678,828.176147,828.189758,-1.76940918,-0.0163597353
0.68007,679,828.176147,828.189758,-1.76940918,-0.04907921
0.68008,680,828.176147,828.1896,-1.61743164,-0.0599856973
0.68189,681,828.176147,828.1896,-1.74560547,-0.08179868
0.68190,682,828.176147,828.1895,-1.69494629,-0.07089219
0.68316,683,828.176147,828.189453,-1.68701172,-0.0599856973
0.68497,684,828.176147,828.189453,-1.72973633,-0.07089219
0.68499,685,828.176147,828.189453,-1.72973633,-0.0599856973
0.68634,686,828.176147,828.1894,-1.67907715,-0.04907921
0.68807,687,828.176147,828.1894,-1.72180176,-0.03817272
0.68809,688,828.176147,828.1894,-1.72180176,-0.0272662267
0.68990,689,828.176147,828.189453,-1.77246094,-0.0163597353
0.68994,690,828.176147,828.189453,-1.72973633,0
0.69116,691,828.176147,828.189453,-1.72973633,0
0.69299,692,828.176147,828.189453,-1.72973633,0
0.69300,693,828.176147,828.189453,-1.72973633,0
0.69428,694,828.176147,828.189453,-1.72973633,0
0.69608,695,828.176147,828.189453,-1.72973633,0
0.69610,696,828.176147,828.189453,-1.72973633,0
0.69791,697,828.176147,828.189453,-1.72973633,0
0.69793,698,828.176147,828.189453,-1.72973633,0
0.69917,699,828.176147,828.189453,-1.72973633,0
0.70099,700,828.176147,828.189453,-1.72973633,0
0.70101,701,828.176147,828.1894,-1.67907715,-0.0163597353
0.70234,702,828.176147,828.1894,-1.72180176,-0.0163597353
0.70408,703,828.176147,828.1893,-1.6204834,-0.0272662267
0.70410,704,828.176147,828.1893,-1.70593262,-0.03817272
0.70588,705,828.176147,828.1893,-1.70593262,-0.0272662267
0.70590,706,828.176147,828.1893,-1.70593262,-0.0272662267
0.70715,707,828.176147,828.1893,-1.70593262,-0.0272662267
0.70901,708,828.176147,828.1893,-1.70593262,-0.0163597353
0.70904,709,828.176147,828.1893,-1.70593262,-0.0163597353
0.71036,710,828.176147,828.1893,-1.70593262,-0.0163597353
0.71209,711,828.176147,828.1893,-1.70593262,0
0.71212,712,828.176147,828.1893,-1.70593262,0
0.71394,713,828.176147,828.1893,-1.70593262,0
0.71399,714,828.176147,828.1893,-1.70593262,0
0.71517,715,828.176147,828.1893,-1.70593262,0
0.71698,716,828.176147,828.1893,-1.70593262,0
0.71699,717,828.176147,828.1893,-1.70593262,0
0.71833,718,828.176147,828.1893,-1.70593262,0
0.72005,719,828.176147,828.1893,-1.70593262,-0.0163597353
0.72007,720,828.176147,828.189148,-1.60461426,-0.0272662267
0.72191,721,828.176147,828.189148,-1.69006348,-0.03817272
0.72192,722,828.176147,828.189148,-1.69006348,-0.03817272
0.72315,723,828.176147,828.189148,-1.69006348,-0.03817272
0.72530,724,828.176147,828.189148,-1.69006348,-0.03817272
0.72534,725,828.176147,828.189148,-1.69006348,-0.0272662267
0.72635,726,828.176147,828.189148,-1.69006348,-0.0272662267
0.72807,727,828.176147,828.189,-1.58874512,-0.0272662267
0.72809,728,828.176147,828.188965,-1.62353516,-0.0272662267
0.72992,729,828.176147,828.188965,-1.66625977,-0.0272662267
0.72994,730,828.176147,828.188965,-1.66625977,-0.0272662267
0.73115,731,828.176147,828.188965,-1.66625977,-0.0272662267
0.73297,732,828.176147,828.188965,-1.66625977,-0.0163597353
0.73298,733,828.176147,828.188965,-1.66625977,0
0.73430,734,828.176147,828.189,-1.716919,-0.0163597353
0.73607,735,828.176147,828.189148,-1.7755127,0.0109064905
0.73609,736,828.176147,828.189148,-1.69006348,0.0109064905
0.73792,737,828.176147,828.189148,-1.69006348,0.0109064905
0.73795,738,828.176147,828.189148,-1.69006348,0.021812981
0.73915,739,828.176147,828.189148,-1.69006348,0
0.74098,740,828.176147,828.189148,-1.69006348,0
0.74101,741,828.176147,828.189148,-1.69006348,0
0.74233,742,828.176147,828.189148,-1.69006348,-0.0163597353
0.74409,743,828.176147,828.188965,-1.53808594,-0.0163597353
0.74411,744,828.176147,828.188965,-1.66625977,-0.0272662267
0.74590,745,828.176147,828.188965,-1.66625977,-0.03817272
0.74591,746,828.176147,828.188965,-1.66625977,-0.04907921
0.74715,747,828.176147,828.188843,-1.56494141,-0.03817272
0.74898,748,828.176147,828.188843,-1.65039063,-0.03817272
0.74899,749,828.176147,828.188843,-1.65039063,-0.03817272
0.75032,750,828.176147,828.188843,-1.65039063,-0.03817272
0.75207,751,828.176147,828.1887,-1.54907227,-0.04907921
0.75209,752,828.176147,828.1887,-1.63452148,-0.04907921
0.75398,753,828.176147,828.1886,-1.53320313,-0.04907921
0.75409,754,828.176147,828.1886,-1.61865234,-0.04907921
0.75519,755,828.176147,828.1886,-1.61865234,-0.03817272
0.75700,756,828.176147,828.1886,-1.61865234,-0.0272662267
0.75703,757,828.176147,828.1886,-1.61865234,-0.0272662267
0.75844,758,828.176147,828.1886,-1.61865234,-0.0163597353
0.76009,759,828.176147,828.1886,-1.61865234,-0.0163597353
0.76012,760,828.176147,828.1886,-1.61865234,0
0.76191,761,828.176147,828.1886,-1.61865234,0
0.76192,762,828.176147,828.1886,-1.61865234,0
0.76314,763,828.176147,828.1886,-1.61865234,0.0109064905
0.76497,764,828.176147,828.1886,-1.61865234,0
0.76500,765,828.176147,828.1886,-1.61865234,0
0.76629,766,828.176147,828.1886,-1.61865234,0
0.76807,767,828.176147,828.1886,-1.61865234,0
0.76808,768,828.176147,828.1886,-1.61865234,0
0.76991,769,828.176147,828.1886,-1.61865234,0
0.76993,770,828.176147,828.1886,-1.61865234,0
0.77115,771,828.176147,828.1886,-1.61865234,-0.0163597353
0.77298,772,828.176147,828.1886,-1.61865234,-0.0163597353
0.77299,773,828.176147,828.1886,-1.61865234,-0.0272662267
0.77430,774,828.176147,828.188538,-1.56799316,-0.03817272
0.77608,775,828.176147,828.1885,-1.56005859,-0.03817272
0.77611,776,828.176147,828.1885,-1.6027832,-0.04907921
0.77793,777,828.176147,828.1885,-1.6027832,-0.04907921
0.77797,778,828.176147,828.1884,-1.552124,-0.04907921
0.77915,779,828.176147,828.1883,-1.49353027,-0.04907921
0.78098,780,828.176147,828.1883,-1.57897949,-0.04907921
0.78099,781,828.176147,828.1883,-1.57897949,-0.04907921
0.78229,782,828.176147,828.188232,-1.52832031,-0.04907921
0.78406,783,828.176147,828.1882,-1.52038574,-0.04907921
0.78408,784,828.176147,828.1882,-1.56311035,-0.04907921
0.78591,785,828.176147,828.188049,-1.461792,-0.0599856973
0.78595,786,828.176147,828.188,-1.496582,-0.0599856973
0.78715,787,828.176147,828.188,-1.53930664,-0.07089219
0.78900,788,828.176147,828.1879,-1.48864746,-0.0599856973
0.78902,789,828.176147,828.187866,-1.48071289,-0.07089219
0.79029,790,828.176147,828.187744,-1.42211914,-0.07089219
0.79207,791,828.176147,828.1877,-1.45690918,-0.07089219
0.79211,792,828.176147,828.1876,-1.44897461,-0.08179868
0.79391,793,828.176147,828.1875,-1.39038086,-0.08179868
0.79393,794,828.176147,828.1873,-1.32385254,-0.09270517
0.79517,795,828.176147,828.1873,-1.45202637,-0.103611663
0.79698,796,828.176147,828.1872,-1.350708,-0.103611663
0.79700,797,828.176147,828.187,-1.28417969,-0.103611663
0.79829,798,828.176147,828.187,-1.41235352,-0.103611663
0.80009,799,828.176147,828.1869,-1.31103516,-0.114518143
0.80011,800,828.176147,828.1867,-1.24450684,-0.103611663
0.80193,801,828.176147,828.1867,-1.37268066,-0.114518143
0.80196,802,828.176147,828.1866,-1.2713623,-0.103611663
0.80316,803,828.176147,828.1866,-1.35681152,-0.103611663
0.80500,804,828.176147,828.1864,-1.204834,-0.103611663
0.80503,805,828.176147,828.18634,-1.28234863,-0.09270517
0.80630,806,828.176147,828.18634,-1.32507324,-0.09270517
0.80808,807,828.176147,828.18634,-1.32507324,-0.07089219
0.80810,808,828.176147,828.1862,-1.22375488,-0.04907921
0.81009,809,828.176147,828.18634,-1.41052246,-0.0272662267
0.81012,810,828.176147,828.1864,-1.37573242,0
0.81115,811,828.176147,828.1864,-1.33300781,0.0109064905
0.81300,812,828.176147,828.1864,-1.33300781,0.021812981
0.81304,813,828.176147,828.186462,-1.383667,0.043625962
0.81433,814,828.176147,828.1866,-1.44226074,0.03271947
0.81606,815,828.176147,828.1866,-1.35681152,0.043625962
0.81608,816,828.176147,828.1866,-1.35681152,0.03271947
0.81791,817,828.176147,828.1866,-1.35681152,0.021812981
0.81794,818,828.176147,828.1866,-1.35681152,0.021812981
0.81917,819,828.176147,828.1866,-1.35681152,0.0109064905
0.82098,820,828.176147,828.1866,-1.35681152,0.0109064905
0.82100,821,828.176147,828.1866,-1.35681152,0
0.82231,822,828.176147,828.1866,-1.35681152,-0.0163597353
0.82406,823,828.176147,828.186462,-1.25549316,-0.03817272
0.82407,824,828.176147,828.1864,-1.2902832,-0.03817272
0.82590,825,828.176147,828.1864,-1.33300781,-0.04907921
0.82594,826,828.176147,828.1864,-1.33300781,-0.03817272
0.82718,827,828.176147,828.1864,-1.33300781,-0.03817272
0.82906,828,828.176147,828.1864,-1.33300781,-0.03817272
0.82911,829,828.176147,828.18634,-1.28234863,-0.03817272
0.83031,830,828.176147,828.18634,-1.32507324,-0.0272662267
0.83206,831,828.176147,828.18634,-1.32507324,-0.03817272
0.83209,832,828.176147,828.18634,-1.32507324,-0.0272662267
0.83395,833,828.176147,828.18634,-1.32507324,-0.0163597353
0.83400,834,828.176147,828.18634,-1.32507324,-0.0163597353
0.83517,835,828.176147,828.18634,-1.32507324,0
0.83701,836,828.176147,828.1864,-1.37573242,0
0.83703,837,828.176147,828.1864,-1.33300781,0
0.83829,838,828.176147,828.1864,-1.33300781,0.0109064905
0.84008,839,828.176147,828.1864,-1.33300781,0
0.84009,840,828.176147,828.1864,-1.33300781,0
0.84200,841,828.176147,828.1864,-1.33300781,0
0.84204,842,828.176147,828.1864,-1.33300781,0
0.84318,843,828.176147,828.1864,-1.33300781,0
0.84504,844,828.176147,828.18634,-1.28234863,0
0.84508,845,828.176147,828.18634,-1.32507324,-0.0163597353
0.84631,846,828.176147,828.18634,-1.32507324,-0.0163597353
0.84810,847,828.176147,828.1862,-1.22375488,-0.0272662267
0.84812,848,828.176147,828.1862,-1.3092041,-0.0272662267
0.84993,849,828.176147,828.1862,-1.3092041,-0.0272662267
0.84996,850,828.176147,828.1862,-1.3092041,-0.03817272
0.85115,851,828.176147,828.1862,-1.3092041,-0.0272662267
0.85303,852,828.176147,828.1862,-1.3092041,-0.0272662267
0.85306,853,828.176147,828.1862,-1.3092041,-0.0272662267
0.85429,854,828.176147,828.1862,-1.3092041,-0.0163597353
0.85616,855,828.176147,828.186157,-1.25854492,-0.0163597353
0.85619,856,828.176147,828.186157,-1.30126953,-0.0163597353
0.85792,857,828.176147,828.186157,-1.30126953,-0.0163597353
0.85794,858,828.176147,828.1861,-1.25061035,-0.0163597353
0.85916,859,828.176147,828.1861,-1.293335,-0.0163597353
0.86103,860,828.176147,828.1861,-1.293335,-0.0163597353
0.86106,861,828.176147,828.1861,-1.293335,-0.0163597353
0.86231,862,828.176147,828.1861,-1.293335,-0.0163597353
0.86409,863,828.176147,828.1861,-1.293335,-0.0163597353
0.86411,864,828.176147,828.1861,-1.293335,-0.0163597353
0.86591,865,828.176147,828.1861,-1.293335,0
0.86594,866,828.176147,828.1861,-1.293335,0
0.86714,867,828.176147,828.1861,-1.293335,0
0.86899,868,828.176147,828.1861,-1.293335,0
0.86903,869,828.176147,828.1861,-1.293335,0
0.87032,870,828.176147,828.1861,-1.293335,0
0.87210,871,828.176147,828.1861,-1.293335,0
0.87212,872,828.176147,828.1861,-1.293335,0
0.87393,873,828.176147,828.1861,-1.293335,0
0.87397,874,828.176147,828.1861,-1.293335,-0.0163597353
0.87516,875,828.176147,828.1861,-1.293335,-0.0163597353
0.87704,876,828.176147,828.1861,-1.293335,-0.0272662267
0.87706,877,828.176147,828.186035,-1.24267578,-0.0272662267
0.87830,878,828.176147,828.1859,-1.184082,-0.03817272
0.88010,879,828.176147,828.1859,-1.26953125,-0.04907921
0.88014,880,828.176147,828.1859,-1.26953125,-0.04907921
0.88193,881,828.176147,828.1859,-1.26953125,-0.04907921
0.88195,882,828.176147,828.1859,-1.26953125,-0.03817272
0.88315,883,828.176147,828.1858,-1.16821289,-0.0272662267
0.88499,884,828.176147,828.1858,-1.25366211,-0.0272662267
0.88500,885,828.176147,828.1858,-1.25366211,-0.0272662267
0.88631,886,828.176147,828.1858,-1.25366211,-0.0272662267
0.88808,887,828.176147,828.1858,-1.25366211,-0.0163597353
0.88811,888,828.176147,828.1858,-1.25366211,0
0.88993,889,828.176147,828.1858,-1.25366211,0
0.88996,890,828.176147,828.1858,-1.25366211,0.0109064905
0.89116,891,828.176147,828.1858,-1.25366211,0
0.89299,892,828.176147,828.1858,-1.25366211,0
0.89302,893,828.176147,828.1858,-1.25366211,0
0.89429,894,828.176147,828.1858,-1.25366211,0
0.89609,895,828.176147,828.1858,-1.25366211,0
0.89612,896,828.176147,828.1858,-1.25366211,0
0.89792,897,828.176147,828.1858,-1.25366211,0
0.89795,898,828.176147,828.1858,-1.25366211,0
0.89915,899,828.176147,828.1858,-1.25366211,0
0.90100,900,828.176147,828.1858,-1.25366211,0
0.90103,901,828.176147,828.1858,-1.25366211,0
0.90231,902,828.176147,828.1858,-1.25366211,-0.0163597353
0.90411,903,828.176147,828.1858,-1.25366211,-0.0163597353
0.90415,904,828.176147,828.1858,-1.25366211,-0.0163597353
0.90594,905,828.176147,828.1858,-1.25366211,-0.03817272
0.90597,906,828.176147,828.1858,-1.25366211,-0.03817272
0.90714,907,828.176147,828.1858,-1.25366211,-0.0272662267
0.90906,908,828.176147,828.185669,-1.15234375,-0.0272662267
0.90911,909,828.176147,828.185669,-1.237793,-0.0272662267
0.91030,910,828.176147,828.1856,-1.18713379,-0.0272662267
0.91207,911,828.176147,828.1856,-1.2298584,-0.03817272
0.91209,912,828.176147,828.1856,-1.2298584,-0.03817272
0.91394,913,828.176147,828.1856,-1.2298584,-0.0272662267
0.91396,914,828.176147,828.1856,-1.2298584,-0.0272662267
0.91518,915,828.176147,828.1856,-1.2298584,-0.0272662267
0.91703,916,828.176147,828.1856,-1.2298584,-0.0163597353
0.91705,917,828.176147,828.1856,-1.2298584,-0.0163597353
0.91830,918,828.176147,828.1856,-1.2298584,0
0.92008,919,828.176147,828.1856,-1.2298584,-0.0163597353
0.92011,920,828.176147,828.1856,-1.2298584,0
0.92191,921,828.176147,828.1856,-1.2298584,0
0.92194,922,828.176147,828.1856,-1.2298584,0
0.92316,923,828.176147,828.1856,-1.2298584,0
0.92535,924,828.176147,828.1856,-1.2298584,0
0.92539,925,828.176147,828.1856,-1.2298584,0
0.92632,926,828.176147,828.1856,-1.2298584,0
0.92810,927,828.176147,828.1856,-1.2298584,0
0.92813,928,828.176147,828.1856,-1.2298584,0
0.92995,929,828.176147,828.1856,-1.2298584,0
0.92998,930,828.176147,828.1856,-1.2298584,-0.0163597353
0.93116,931,828.176147,828.1856,-1.2298584,-0.0163597353
0.93304,932,828.176147,828.1856,-1.2298584,-0.0163597353
0.93308,933,828.176147,828.1855,-1.12854,-0.0272662267
0.93429,934,828.176147,828.1855,-1.21398926,-0.0272662267
0.93610,935,828.176147,828.1855,-1.21398926,-0.03817272
0.93613,936,828.176147,828.1855,-1.21398926,-0.04907921
0.93792,937,828.176147,828.1855,-1.21398926,-0.03817272
0.93795,938,828.176147,828.185364,-1.1126709,-0.03817272
0.93914,939,828.176147,828.185364,-1.19812012,-0.03817272
0.94099,940,828.176147,828.185242,-1.09680176,-0.03817272
0.94101,941,828.176147,828.185242,-1.182251,-0.03817272
0.94232,942,828.176147,828.185242,-1.182251,-0.03817272
0.94407,943,828.176147,828.185242,-1.182251,-0.03817272
0.94409,944,828.176147,828.1852,-1.1315918,-0.0272662267
0.94593,945,828.176147,828.1852,-1.17431641,-0.0272662267
0.94595,946,828.176147,828.1852,-1.17431641,-0.0272662267
0.94715,947,828.176147,828.185242,-1.22497559,-0.0163597353
0.94897,948,828.176147,828.185242,-1.182251,0
0.94901,949,828.176147,828.185242,-1.182251,0.0109064905
0.95033,950,828.176147,828.185242,-1.182251,0.0109064905
0.95207,951,828.176147,828.185242,-1.182251,0.0109064905
0.95209,952,828.176147,828.185242,-1.182251,0.0109064905
0.95391,953,828.176147,828.185242,-1.182251,0
0.95396,954,828.176147,828.185242,-1.182251,0
0.95514,955,828.176147,828.185242,-1.182251,0
0.95701,956,828.176147,828.185242,-1.182251,0
0.95703,957,828.176147,828.185242,-1.182251,0
0.95843,958,828.176147,828.185242,-1.182251,0
0.96009,959,828.176147,828.185242,-1.182251,0
0.96012,960,828.176147,828.185242,-1.182251,0
0.96190,961,828.176147,828.185242,-1.182251,0
0.96194,962,828.176147,828.185242,-1.182251,-0.0272662267
0.96316,963,828.176147,828.1852,-1.1315918,-0.0272662267
0.96500,964,828.176147,828.1852,-1.17431641,-0.03817272
0.96502,965,828.176147,828.1852,-1.17431641,-0.03817272
0.96632,966,828.176147,828.1851,-1.12365723,-0.0272662267
0.96810,967,828.176147,828.1851,-1.16638184,-0.0272662267
0.96813,968,828.176147,828.1851,-1.16638184,-0.0163597353
0.96994,969,828.176147,828.1851,-1.16638184,-0.0272662267
0.96998,970,828.176147,828.1851,-1.16638184,-0.03817272
0.97115,971,828.176147,828.185059,-1.11572266,-0.03817272
0.97301,972,828.176147,828.184937,-1.05712891,-0.03817272
0.97304,973,828.176147,828.184937,-1.14257813,-0.03817272
0.97430,974,828.176147,828.184937,-1.14257813,-0.0272662267
0.97611,975,828.176147,828.184937,-1.14257813,-0.0272662267
0.97614,976,828.176147,828.184937,-1.14257813,-0.0272662267
0.97792,977,828.176147,828.184937,-1.14257813,-0.0163597353
0.97794,978,828.176147,828.184937,-1.14257813,-0.0163597353
0.97915,979,828.176147,828.184937,-1.14257813,-0.0163597353
0.98102,980,828.176147,828.184937,-1.14257813,0
0.98105,981,828.176147,828.184937,-1.14257813,0
0.98229,982,828.176147,828.184937,-1.14257813,0.0109064905
0.98408,983,828.176147,828.185059,-1.24389648,0
0.98411,984,828.176147,828.185059,-1.15844727,0
0.98592,985,828.176147,828.185059,-1.15844727,0
0.98595,986,828.176147,828.185059,-1.15844727,0
0.98715,987,828.176147,828.185059,-1.15844727,0
0.98899,988,828.176147,828.185059,-1.15844727,0
0.98901,989,828.176147,828.185059,-1.15844727,0
0.99031,990,828.176147,828.184937,-1.05712891,-0.0163597353
0.99209,991,828.176147,828.184937,-1.14257813,-0.0272662267
0.99216,992,828.176147,828.184937,-1.14257813,-0.03817272
0.99394,993,828.176147,828.1848,-1.04125977,-0.03817272
0.99399,994,828.176147,828.1848,-1.126709,-0.04907921
0.99516,995,828.176147,828.1848,-1.126709,-0.04907921
0.99698,996,828.176147,828.1847,-1.02539063,-0.0599856973
0.99700,997,828.176147,828.184631,-1.06018066,-0.0599856973
0.99833,998,828.176147,828.184631,-1.10290527,-0.04907921
1.00008,999,828.176147,828.184631,-1.10290527,-0.04907921
1.00010,1000,828.176147,828.184631,-1.10290527,-0.03817272
1.00191,1001,828.176147,828.1846,-1.05224609,-0.03817272
1.00194,1002,828.176147,828.1845,-1.04431152,-0.03817272
1.00315,1003,828.176147,828.1845,-1.08703613,-0.03817272
1.00500,1004,828.176147,828.1845,-1.08703613,-0.03817272
1.00502,1005,828.176147,828.1845,-1.08703613,-0.03817272
1.00630,1006,828.176147,828.1844,-0.9857178,-0.03817272
1.00810,1007,828.176147,828.1844,-1.071167,-0.03817272
1.00812,1008,828.176147,828.1844,-1.071167,-0.0272662267
1.00993,1009,828.176147,828.1844,-1.071167,-0.0272662267
1.00995,1010,828.176147,828.1843,-1.02050781,-0.0272662267
1.01117,1011,828.176147,828.1843,-1.06323242,-0.0272662267
1.01304,1012,828.176147,828.1843,-1.06323242,-0.0163597353
1.01307,1013,828.176147,828.1843,-1.06323242,-0.0163597353
1.01431,1014,828.176147,828.1843,-1.06323242,-0.0163597353
1.01610,1015,828.176147,828.1843,-1.06323242,-0.0163597353
1.01612,1016,828.176147,828.1843,-1.06323242,-0.0163597353
1.01792,1017,828.176147,828.1843,-1.06323242,-0.0163597353
1.01794,1018,828.176147,828.1843,-1.06323242,-0.0163597353
1.01916,1019,828.176147,828.1843,-1.06323242,0
1.02102,1020,828.176147,828.1843,-1.06323242,0
1.02104,1021,828.176147,828.1843,-1.06323242,0
1.02230,1022,828.176147,828.1843,-1.06323242,0
1.02411,1023,828.176147,828.1843,-1.06323242,0
1.02413,1024,828.176147,828.1843,-1.06323242,0
1.02593,1025,828.176147,828.1843,-1.06323242,0
1.02596,1026,828.176147,828.1843,-1.06323242,0
1.02716,1027,828.176147,828.1843,-1.06323242,0
1.02899,1028,828.176147,828.1843,-1.06323242,-0.0272662267
1.02902,1029,828.176147,828.1843,-1.06323242,-0.0272662267
1.03031,1030,828.176147,828.184143,-0.9112549,-0.04907921
1.03209,1031,828.176147,828.184143,-1.03942871,-0.0599856973
1.03212,1032,828.176147,828.18396,-0.8874512,-0.07089219
1.03390,1033,828.176147,828.183838,-0.914306641,-0.08179868
1.03393,1034,828.176147,828.183838,-0.999755859,-0.09270517
1.03514,1035,828.176147,828.183655,-0.8477783,-0.103611663
1.03702,1036,828.176147,828.1836,-0.925292969,-0.103611663
1.03705,1037,828.176147,828.183533,-0.9173584,-0.103611663
1.03829,1038,828.176147,828.18335,-0.808105469,-0.114518143
1.04014,1039,828.176147,828.1832,-0.834960938,-0.130877882
1.04017,1040,828.176147,828.183044,-0.7684326,-0.130877882
1.04198,1041,828.176147,828.183,-0.845947266,-0.141784385
1.04206,1042,828.176147,828.182861,-0.7873535,-0.141784385
1.04316,1043,828.176147,828.182739,-0.7714844,-0.130877882
1.04502,1044,828.176147,828.182556,-0.704956055,-0.141784385
1.04506,1045,828.176147,828.182434,-0.7318115,-0.141784385
1.04630,1046,828.176147,828.182434,-0.817260742,-0.130877882
1.04809,1047,828.176147,828.182251,-0.6652832,-0.130877882
1.04811,1048,828.176147,828.182251,-0.793457031,-0.114518143
1.04991,1049,828.176147,828.1821,-0.6921387,-0.103611663
1.04993,1050,828.176147,828.182251,-0.87890625,-0.08179868
1.05114,1051,828.176147,828.182251,-0.793457031,-0.04907921
1.05303,1052,828.176147,828.1823,-0.8441162,0
1.05306,1053,828.176147,828.182434,-0.902709961,0.03271947
1.05429,1054,828.176147,828.182434,-0.817260742,0.0545324534
1.05608,1055,828.176147,828.182556,-0.9185791,0.06543894
1.05610,1056,828.176147,828.182556,-0.8331299,0.0545324534
1.05791,1057,828.176147,828.182556,-0.8331299,0.0545324534
1.05793,1058,828.176147,828.1827,-0.934448242,0.043625962
1.05917,1059,828.176147,828.1827,-0.848999,0.03271947
1.06105,1060,828.176147,828.1827,-0.848999,0.021812981
1.06108,1061,828.176147,828.1827,-0.848999,0.0109064905
1.06230,1062,828.176147,828.182556,-0.747680664,0
1.06406,1063,828.176147,828.182434,-0.7318115,-0.0272662267
1.06408,1064,828.176147,828.182434,-0.817260742,-0.0599856973
1.06592,1065,828.176147,828.1823,-0.7159424,-0.07089219
1.06595,1066,828.176147,828.182251,-0.7507324,-0.08179868
1.06714,1067,828.176147,828.182251,-0.793457031,-0.07089219
1.06903,1068,828.176147,828.182251,-0.793457031,-0.0599856973
1.06906,1069,828.176147,828.1821,-0.6921387,-0.0599856973
1.07035,1070,828.176147,828.1821,-0.7775879,-0.04907921
1.07212,1071,828.176147,828.1821,-0.7775879,-0.0272662267
1.07215,1072,828.176147,828.182251,-0.87890625,-0.0163597353
1.07391,1073,828.176147,828.182251,-0.793457031,0
1.07393,1074,828.176147,828.182251,-0.793457031,0.03271947
1.07516,1075,828.176147,828.1823,-0.8441162,0.03271947
1.07710,1076,828.176147,828.1823,-0.8013916,0.03271947
1.07714,1077,828.176147,828.1823,-0.8013916,0.03271947
1.07834,1078,828.176147,828.1823,-0.8013916,0.0109064905
1.08009,1079,828.176147,828.1823,-0.8013916,0
1.08011,1080,828.176147,828.1823,-0.8013916,0
1.08190,1081,828.176147,828.1823,-0.8013916,0
1.08192,1082,828.176147,828.1823,-0.8013916,-0.0163597353
1.08318,1083,828.176147,828.182251,-0.7507324,-0.0163597353
1.08501,1084,828.176147,828.182251,-0.793457031,-0.0272662267
1.08505,1085,828.176147,828.182251,-0.793457031,-0.0272662267
1.08633,1086,828.176147,828.182251,-0.793457031,-0.03817272
1.08809,1087,828.176147,828.182251,-0.793457031,-0.03817272
1.08813,1088,828.176147,828.1821,-0.6921387,-0.0272662267
1.08988,1089,828.176147,828.1821,-0.7775879,-0.0272662267
1.08989,1090,828.176147,828.1821,-0.7775879,-0.0163597353
1.09117,1091,828.176147,828.1821,-0.7775879,-0.0163597353
1.09298,1092,828.176147,828.1821,-0.7775879,-0.0163597353
1.09300,1093,828.176147,828.182251,-0.87890625,-0.0163597353
1.09433,1094,828.176147,828.182251,-0.793457031,0
1.09612,1095,828.176147,828.182251,-0.793457031,0.0109064905
1.09616,1096,828.176147,828.182251,-0.793457031,0.0109064905
1.09789,1097,828.176147,828.182251,-0.793457031,0
1.09791,1098,828.176147,828.182251,-0.793457031,0
1.09914,1099,828.176147,828.182251,-0.793457031,0
1.10098,1100,828.176147,828.182251,-0.793457031,0
1.10100,1101,828.176147,828.182251,-0.793457031,0
1.10232,1102,828.176147,828.1821,-0.6921387,0
1.10409,1103,828.176147,828.1821,-0.7775879,-0.0272662267
1.10412,1104,828.176147,828.1821,-0.7775879,-0.0272662267
1.10589,1105,828.176147,828.1821,-0.7775879,-0.03817272
1.10590,1106,828.176147,828.1821,-0.7775879,-0.03817272
1.10716,1107,828.176147,828.1821,-0.7775879,-0.0272662267
1.10902,1108,828.176147,828.1821,-0.7775879,-0.0163597353
1.10907,1109,828.176147,828.1821,-0.7775879,-0.0163597353
1.11044,1110,828.176147,828.1821,-0.7775879,-0.0163597353
1.11208,1111,828.176147,828.1821,-0.7775879,-0.0163597353
1.11211,1112,828.176147,828.1821,-0.7775879,-0.0163597353
1.11393,1113,828.176147,828.1821,-0.7775879,-0.0163597353
1.11397,1114,828.176147,828.1821,-0.7775879,0
1.11514,1115,828.176147,828.1821,-0.7775879,0
1.11698,1116,828.176147,828.1821,-0.7775879,0
1.11701,1117,828.176147,828.1821,-0.7775879,0
1.11831,1118,828.176147,828.1821,-0.7775879,0
1.12006,1119,828.176147,828.1821,-0.7775879,0
1.12011,1120,828.176147,828.1821,-0.7775879,0
1.12191,1121,828.176147,828.1821,-0.7775879,0
1.12193,1122,828.176147,828.1821,-0.7775879,0
1.12315,1123,828.176147,828.1821,-0.7775879,0
1.12512,1124,828.176147,828.1821,-0.7775879,-0.0163597353
1.12521,1125,828.176147,828.182,-0.676269531,-0.0163597353
1.12633,1126,828.176147,828.182,-0.76171875,-0.0272662267
1.12812,1127,828.176147,828.182,-0.76171875,-0.0272662267
1.12814,1128,828.176147,828.1819,-0.6604004,-0.0163597353
1.12989,1129,828.176147,828.1819,-0.7458496,-0.0163597353
1.12991,1130,828.176147,828.1819,-0.7458496,-0.0163597353
1.13115,1131,828.176147,828.1819,-0.7458496,-0.0163597353
1.13301,1132,828.176147,828.1819,-0.7458496,-0.0163597353
1.13303,1133,828.176147,828.1819,-0.7458496,-0.0163597353
1.13432,1134,828.176147,828.1819,-0.7458496,-0.0163597353
1.13609,1135,828.176147,828.1819,-0.7458496,-0.0163597353
1.13612,1136,828.176147,828.1819,-0.7458496,-0.0163597353
1.13791,1137,828.176147,828.1819,-0.7458496,-0.0163597353
1.13795,1138,828.176147,828.1819,-0.7458496,0
1.13918,1139,828.176147,828.1819,-0.7458496,0
1.14101,1140,828.176147,828.1819,-0.7458496,0
1.14104,1141,828.176147,828.1819,-0.7458496,0
1.14231,1142,828.176147,828.1819,-0.7458496,0
1.14412,1143,828.176147,828.1819,-0.7458496,0
1.14415,1144,828.176147,828.1819,-0.7458496,0
1.14590,1145,828.176147,828.1819,-0.7458496,0
1.14591,1146,828.176147,828.1819,-0.7458496,0
1.14714,1147,828.176147,828.1819,-0.7458496,0
1.14897,1148,828.176147,828.1819,-0.7458496,0
1.14898,1149,828.176147,828.1819,-0.7458496,0
1.15026,1150,828.176147,828.1819,-0.7458496,0
1.15209,1151,828.176147,828.1819,-0.7458496,0
1.15212,1152,828.176147,828.1819,-0.7458496,0
1.15388,1153,828.176147,828.1819,-0.7458496,-0.0163597353
1.15391,1154,828.176147,828.1819,-0.7458496,-0.0163597353
1.15517,1155,828.176147,828.1819,-0.7458496,-0.0163597353
1.15697,1156,828.176147,828.1819,-0.7458496,-0.0163597353
1.15699,1157,828.176147,828.1819,-0.7458496,0
1.15842,1158,828.176147,828.1819,-0.7458496,-0.0272662267
1.16011,1159,828.176147,828.1818,-0.6951904,-0.0272662267
1.16012,1160,828.176147,828.1818,-0.737915039,-0.03817272
1.16189,1161,828.176147,828.1818,-0.737915039,-0.0272662267
1.16191,1162,828.176147,828.1818,-0.737915039,-0.0272662267
1.16318,1163,828.176147,828.181763,-0.687255859,-0.0163597353
1.16498,1164,828.176147,828.181763,-0.729980469,-0.0163597353
1.16499,1165,828.176147,828.181763,-0.729980469,-0.0163597353
1.16624,1166,828.176147,828.181763,-0.729980469,-0.0163597353
1.16806,1167,828.176147,828.181763,-0.729980469,-0.0163597353
1.16806,1168,828.176147,828.181763,-0.729980469,-0.0163597353
1.16991,1169,828.176147,828.181763,-0.729980469,-0.0163597353
1.16994,1170,828.176147,828.181763,-0.729980469,-0.0163597353
1.17119,1171,828.176147,828.181763,-0.729980469,0
1.17298,1172,828.176147,828.181763,-0.729980469,0
1.17301,1173,828.176147,828.181763,-0.729980469,0
1.17430,1174,828.176147,828.181763,-0.729980469,0
1.17607,1175,828.176147,828.181763,-0.729980469,0
1.17609,1176,828.176147,828.181763,-0.729980469,0
1.17790,1177,828.176147,828.181763,-0.729980469,0
1.17791,1178,828.176147,828.181763,-0.729980469,0
1.17915,1179,828.176147,828.181763,-0.729980469,0
1.18098,1180,828.176147,828.181763,-0.729980469,0
1.18100,1181,828.176147,828.181763,-0.729980469,0
1.18223,1182,828.176147,828.181763,-0.729980469,0
1.18406,1183,828.176147,828.181763,-0.729980469,-0.0163597353
1.18408,1184,828.176147,828.181763,-0.729980469,-0.0163597353
1.18589,1185,828.176147,828.181763,-0.729980469,-0.0272662267
1.18590,1186,828.176147,828.181763,-0.729980469,-0.0272662267
1.18715,1187,828.176147,828.1817,-0.6793213,-0.0272662267
1.18898,1188,828.176147,828.1816,-0.620727539,-0.03817272
1.18899,1189,828.176147,828.1816,-0.706176758,-0.03817272
1.19030,1190,828.176147,828.1816,-0.706176758,-0.03817272
1.19211,1191,828.176147,828.1816,-0.706176758,-0.03817272
1.19214,1192,828.176147,828.1816,-0.706176758,-0.0272662267
1.19389,1193,828.176147,828.1816,-0.706176758,-0.0163597353
1.19391,1194,828.176147,828.1816,-0.706176758,0
1.19517,1195,828.176147,828.1816,-0.706176758,0
1.19697,1196,828.176147,828.1816,-0.706176758,0.0109064905
1.19699,1197,828.176147,828.1816,-0.706176758,0
1.19829,1198,828.176147,828.1816,-0.706176758,0.0109064905
1.20007,1199,828.176147,828.1816,-0.706176758,0
1.20009,1200,828.176147,828.1816,-0.706176758,0
1.20189,1201,828.176147,828.1816,-0.706176758,0
1.20191,1202,828.176147,828.1816,-0.706176758,0
1.20317,1203,828.176147,828.1816,-0.706176758,0
1.20497,1204,828.176147,828.1816,-0.706176758,0
1.20498,1205,828.176147,828.1816,-0.706176758,0
1.20633,1206,828.176147,828.1816,-0.706176758,0
1.20806,1207,828.176147,828.1816,-0.706176758,-0.0163597353
1.20807,1208,828.176147,828.1816,-0.706176758,-0.0163597353
1.20990,1209,828.176147,828.1816,-0.706176758,-0.0163597353
1.20991,1210,828.176147,828.1816,-0.706176758,-0.0163597353
1.21119,1211,828.176147,828.1816,-0.706176758,-0.0272662267
1.21298,1212,828.176147,828.1816,-0.706176758,-0.0272662267
1.21300,1213,828.176147,828.1816,-0.706176758,-0.0272662267
1.21423,1214,828.176147,828.1816,-0.706176758,-0.0272662267
1.21606,1215,828.176147,828.1815,-0.6555176,-0.0163597353
1.21609,1216,828.176147,828.1815,-0.6982422,-0.0163597353
1.21790,1217,828.176147,828.1815,-0.6982422,-0.0163597353
1.21791,1218,828.176147,828.181458,-0.647583,-0.0163597353
1.21916,1219,828.176147,828.181458,-0.6903076,-0.0163597353
1.22097,1220,828.176147,828.181458,-0.6903076,-0.0163597353
1.22099,1221,828.176147,828.181458,-0.6903076,-0.0163597353
1.22233,1222,828.176147,828.1815,-0.7409668,0
1.22407,1223,828.176147,828.1815,-0.6982422,0
1.22408,1224,828.176147,828.1815,-0.6982422,0.0109064905
1.22590,1225,828.176147,828.1815,-0.6982422,0.0109064905
1.22592,1226,828.176147,828.1815,-0.6982422,0
1.22716,1227,828.176147,828.1815,-0.6982422,0
1.22898,1228,828.176147,828.1815,-0.6982422,0
1.22901,1229,828.176147,828.1815,-0.6982422,0
1.23027,1230,828.176147,828.1815,-0.6982422,0
1.23207,1231,828.176147,828.1815,-0.6982422,0
1.23208,1232,828.176147,828.1815,-0.6982422,0
1.23390,1233,828.176147,828.1815,-0.6982422,0
1.23391,1234,828.176147,828.181458,-0.647583,-0.0163597353
1.23514,1235,828.176147,828.181458,-0.6903076,-0.0272662267
1.23697,1236,828.176147,828.181458,-0.6903076,-0.0272662267
1.23699,1237,828.176147,828.181458,-0.6903076,-0.0272662267
1.23834,1238,828.176147,828.181458,-0.6903076,-0.0272662267
1.24006,1239,828.176147,828.181335,-0.588989258,-0.03817272
1.24008,1240,828.176147,828.181335,-0.6744385,-0.0272662267
1.24201,1241,828.176147,828.181335,-0.6744385,-0.0272662267
1.24204,1242,828.176147,828.1813,-0.6237793,-0.0272662267
1.24317,1243,828.176147,828.1813,-0.6665039,-0.0163597353
1.24499,1244,828.176147,828.1813,-0.6665039,-0.0163597353
1.24501,1245,828.176147,828.1813,-0.6665039,-0.0163597353
1.24626,1246,828.176147,828.1813,-0.6665039,-0.0163597353
1.24809,1247,828.176147,828.181335,-0.7171631,0
1.24813,1248,828.176147,828.181335,-0.6744385,0.0109064905
1.24990,1249,828.176147,828.181335,-0.6744385,0
1.24991,1250,828.176147,828.181335,-0.6744385,0
1.25116,1251,828.176147,828.181335,-0.6744385,0
1.25298,1252,828.176147,828.181335,-0.6744385,0
1.25301,1253,828.176147,828.181335,-0.6744385,0
1.25435,1254,828.176147,828.181335,-0.6744385,0
1.25605,1255,828.176147,828.181335,-0.6744385,0
1.25607,1256,828.176147,828.181335,-0.6744385,0
1.25790,1257,828.176147,828.181335,-0.6744385,-0.0163597353
1.25792,1258,828.176147,828.181335,-0.6744385,-0.0163597353
1.25915,1259,828.176147,828.181335,-0.6744385,-0.0163597353
1.26099,1260,828.176147,828.181335,-0.6744385,-0.0163597353
1.26100,1261,828.176147,828.181335,-0.6744385,-0.0163597353
1.26224,1262,828.176147,828.181335,-0.6744385,0
1.26406,1263,828.176147,828.181335,-0.6744385,0
1.26407,1264,828.176147,828.181335,-0.6744385,0
1.26591,1265,828.176147,828.181335,-0.6744385,0
1.26593,1266,828.176147,828.181335,-0.6744385,0
1.26715,1267,828.176147,828.181335,-0.6744385,0
1.26897,1268,828.176147,828.1813,-0.6237793,0
1.26899,1269,828.176147,828.1813,-0.6665039,-0.0272662267
1.27023,1270,828.176147,828.1813,-0.6665039,-0.0272662267
1.27209,1271,828.176147,828.1813,-0.6665039,-0.0272662267
1.27211,1272,828.176147,828.1813,-0.6665039,-0.0272662267
1.27391,1273,828.176147,828.1813,-0.6665039,-0.0163597353
1.27394,1274,828.176147,828.1813,-0.6665039,-0.0163597353
1.27523,1275,828.176147,828.1812,-0.6158447,-0.0163597353
1.27702,1276,828.176147,828.1812,-0.658569336,-0.0163597353
1.27704,1277,828.176147,828.1812,-0.658569336,-0.0163597353
1.27824,1278,828.176147,828.1812,-0.658569336,-0.0163597353
1.28006,1279,828.176147,828.1812,-0.658569336,-0.0163597353
1.28007,1280,828.176147,828.1812,-0.658569336,-0.0163597353
1.28190,1281,828.176147,828.1812,-0.658569336,0
1.28192,1282,828.176147,828.1812,-0.658569336,0
1.28316,1283,828.176147,828.1812,-0.658569336,0
1.28498,1284,828.176147,828.1812,-0.658569336,0
1.28500,1285,828.176147,828.1812,-0.658569336,0
1.28624,1286,828.176147,828.1812,-0.658569336,0
1.28806,1287,828.176147,828.1812,-0.658569336,0
1.28808,1288,828.176147,828.1812,-0.658569336,0
1.28993,1289,828.176147,828.1812,-0.658569336,0
1.28996,1290,828.176147,828.1812,-0.658569336,0
1.29115,1291,828.176147,828.1812,-0.658569336,0
1.29299,1292,828.176147,828.1812,-0.658569336,0
1.29301,1293,828.176147,828.181152,-0.607910156,-0.0163597353
1.29424,1294,828.176147,828.181152,-0.650634766,-0.0163597353
1.29607,1295,828.176147,828.181152,-0.650634766,-0.0163597353
1.29608,1296,828.176147,828.181152,-0.650634766,-0.0272662267
1.29789,1297,828.176147,828.181152,-0.650634766,-0.0163597353
1.29791,1298,828.176147,828.181152,-0.650634766,-0.0163597353
1.29916,1299,828.176147,828.181152,-0.650634766,-0.0163597353
1.30101,1300,828.176147,828.181152,-0.650634766,-0.0163597353
1.30105,1301,828.176147,828.181152,-0.650634766,-0.0163597353
1.30227,1302,828.176147,828.181152,-0.650634766,-0.0163597353
1.30406,1303,828.176147,828.181152,-0.650634766,-0.0163597353
1.30408,1304,828.176147,828.181152,-0.650634766,-0.0163597353
1.30591,1305,828.176147,828.181152,-0.650634766,-0.0163597353
1.30593,1306,828.176147,828.181152,-0.650634766,0
1.30715,1307,828.176147,828.181152,-0.650634766,0
1.30899,1308,828.176147,828.181152,-0.650634766,0
1.30901,1309,828.176147,828.181152,-0.650634766,0
1.31026,1310,828.176147,828.181152,-0.650634766,0
1.31207,1311,828.176147,828.181152,-0.650634766,0
1.31209,1312,828.176147,828.181152,-0.650634766,0
1.31393,1313,828.176147,828.181152,-0.650634766,0
1.31395,1314,828.176147,828.181152,-0.650634766,0
1.31516,1315,828.176147,828.181152,-0.650634766,0
1.31699,1316,828.176147,828.181152,-0.650634766,0
1.31702,1317,828.176147,828.181,-0.5493164,-0.0163597353
1.31830,1318,828.176147,828.181,-0.6347656,-0.0272662267
1.32009,1319,828.176147,828.180969,-0.584106445,-0.0272662267
1.32012,1320,828.176147,828.180969,-0.626831055,-0.0272662267
1.32192,1321,828.176147,828.180969,-0.626831055,-0.0272662267
1.32195,1322,828.176147,828.180969,-0.626831055,-0.0163597353
1.32315,1323,828.176147,828.180969,-0.626831055,-0.0163597353
1.32539,1324,828.176147,828.180969,-0.626831055,-0.0163597353
1.32545,1325,828.176147,828.180969,-0.626831055,-0.0163597353
1.32628,1326,828.176147,828.180969,-0.626831055,-0.0163597353
1.32809,1327,828.176147,828.180969,-0.626831055,-0.0163597353
1.32811,1328,828.176147,828.180969,-0.626831055,0
1.32992,1329,828.176147,828.180969,-0.626831055,0
1.32994,1330,828.176147,828.180969,-0.626831055,0
1.33115,1331,828.176147,828.180969,-0.626831055,0
1.33302,1332,828.176147,828.180969,-0.626831055,0
1.33305,1333,828.176147,828.180969,-0.626831055,0
1.33424,1334,828.176147,828.180969,-0.626831055,0
1.33606,1335,828.176147,828.180969,-0.626831055,0
1.33607,1336,828.176147,828.180969,-0.626831055,0
1.33795,1337,828.176147,828.180969,-0.626831055,0
1.33799,1338,828.176147,828.180969,-0.626831055,0
1.33914,1339,828.176147,828.180969,-0.626831055,0
1.34101,1340,828.176147,828.180969,-0.626831055,0
1.34104,1341,828.176147,828.180969,-0.626831055,0
1.34233,1342,828.176147,828.180969,-0.626831055,0
1.34409,1343,828.176147,828.180969,-0.626831055,0
1.34411,1344,828.176147,828.180969,-0.626831055,0
1.34595,1345,828.176147,828.180969,-0.626831055,0
1.34599,1346,828.176147,828.180969,-0.626831055,0
1.34715,1347,828.176147,828.180969,-0.626831055,-0.0163597353
1.34903,1348,828.176147,828.180969,-0.626831055,-0.0163597353
1.34907,1349,828.176147,828.180969,-0.626831055,-0.0272662267
1.35024,1350,828.176147,828.1809,-0.5761719,-0.0272662267
1.35208,1351,828.176147,828.1809,-0.6188965,-0.0163597353
1.35210,1352,828.176147,828.1809,-0.6188965,-0.0163597353
1.35388,1353,828.176147,828.1808,-0.5175781,-0.0163597353
1.35390,1354,828.176147,828.1808,-0.603027344,-0.0163597353
1.35515,1355,828.176147,828.1808,-0.603027344,-0.0163597353
1.35700,1356,828.176147,828.1808,-0.603027344,-0.0163597353
1.35704,1357,828.176147,828.1808,-0.603027344,-0.0163597353
1.35847,1358,828.176147,828.1808,-0.603027344,-0.0163597353
1.36013,1359,828.176147,828.1808,-0.603027344,-0.0163597353
1.36016,1360,828.176147,828.1808,-0.603027344,0
1.36195,1361,828.176147,828.1808,-0.603027344,0
1.36197,1362,828.176147,828.1808,-0.603027344,0
1.36317,1363,828.176147,828.1808,-0.603027344,0
1.36504,1364,828.176147,828.1808,-0.603027344,0
1.36509,1365,828.176147,828.1808,-0.603027344,0
1.36624,1366,828.176147,828.1808,-0.603027344,0
1.36811,1367,828.176147,828.1808,-0.603027344,0
1.36814,1368,828.176147,828.1808,-0.603027344,0
1.36990,1369,828.176147,828.1808,-0.603027344,0
1.36992,1370,828.176147,828.1808,-0.603027344,0
1.37115,1371,828.176147,828.1808,-0.603027344,0
1.37299,1372,828.176147,828.1808,-0.603027344,0
1.37301,1373,828.176147,828.1808,-0.603027344,0
1.37425,1374,828.176147,828.1808,-0.603027344,0
1.37609,1375,828.176147,828.1808,-0.603027344,0
1.37611,1376,828.176147,828.1808,-0.603027344,0
1.37794,1377,828.176147,828.1808,-0.603027344,0
1.37796,1378,828.176147,828.1808,-0.603027344,0
1.37917,1379,828.176147,828.1808,-0.603027344,-0.0163597353
1.38102,1380,828.176147,828.1808,-0.603027344,-0.0163597353
1.38104,1381,828.176147,828.1808,-0.603027344,-0.0272662267
1.38223,1382,828.176147,828.1808,-0.603027344,-0.0272662267
1.38411,1383,828.176147,828.1808,-0.603027344,-0.0163597353
1.38413,1384,828.176147,828.1808,-0.603027344,-0.0163597353
1.38591,1385,828.176147,828.1807,-0.552368164,-0.0272662267
1.38593,1386,828.176147,828.1807,-0.5950928,-0.0272662267
1.38715,1387,828.176147,828.1806,-0.4937744,-0.0272662267
1.38901,1388,828.176147,828.1806,-0.579223633,-0.0272662267
1.38903,1389,828.176147,828.1806,-0.579223633,-0.0272662267
1.39027,1390,828.176147,828.1806,-0.579223633,-0.0163597353
1.39212,1391,828.176147,828.1806,-0.579223633,-0.0163597353
1.39216,1392,828.176147,828.1806,-0.579223633,0
1.39393,1393,828.176147,828.1806,-0.579223633,0
1.39395,1394,828.176147,828.1807,-0.680542,0.0109064905
1.39515,1395,828.176147,828.1807,-0.5950928,0
1.39700,1396,828.176147,828.1807,-0.5950928,0
1.39701,1397,828.176147,828.1807,-0.5950928,0
1.39824,1398,828.176147,828.1807,-0.5950928,0
1.40011,1399,828.176147,828.1807,-0.5950928,0
1.40015,1400,828.176147,828.1807,-0.5950928,-0.0163597353
1.40190,1401,828.176147,828.1807,-0.5950928,-0.0163597353
1.40195,1402,828.176147,828.1807,-0.5950928,-0.0163597353
1.40315,1403,828.176147,828.1806,-0.4937744,-0.0163597353
1.40500,1404,828.176147,828.1806,-0.579223633,-0.0272662267
1.40503,1405,828.176147,828.1806,-0.579223633,-0.0272662267
1.40623,1406,828.176147,828.1806,-0.579223633,-0.03817272
1.40807,1407,828.176147,828.1806,-0.579223633,-0.0272662267
1.40808,1408,828.176147,828.1806,-0.579223633,-0.0163597353
1.40992,1409,828.176147,828.1806,-0.579223633,-0.0163597353
1.40994,1410,828.176147,828.1806,-0.579223633,-0.0163597353
1.41117,1411,828.176147,828.1806,-0.579223633,-0.0163597353
1.41299,1412,828.176147,828.1806,-0.579223633,-0.0163597353
1.41301,1413,828.176147,828.1806,-0.579223633,0
1.41424,1414,828.176147,828.1806,-0.579223633,0
1.41611,1415,828.176147,828.1806,-0.579223633,0
1.41613,1416,828.176147,828.1806,-0.579223633,0
1.41794,1417,828.176147,828.1806,-0.579223633,0
1.41796,1418,828.176147,828.1806,-0.579223633,0
1.41914,1419,828.176147,828.1806,-0.579223633,0
1.42100,1420,828.176147,828.1806,-0.579223633,0
1.42103,1421,828.176147,828.1806,-0.579223633,0
1.42224,1422,828.176147,828.1806,-0.579223633,0
1.42410,1423,828.176147,828.1806,-0.579223633,0
1.42413,1424,828.176147,828.1806,-0.579223633,0
1.42594,1425,828.176147,828.1806,-0.579223633,-0.0163597353
1.42597,1426,828.176147,828.1806,-0.579223633,-0.0163597353
1.42716,1427,828.176147,828.1805,-0.477905273,-0.0272662267
1.42901,1428,828.176147,828.1805,-0.5633545,-0.0272662267
1.42904,1429,828.176147,828.1805,-0.5633545,-0.0163597353
1.43027,1430,828.176147,828.1805,-0.5633545,-0.0163597353
1.43209,1431,828.176147,828.1805,-0.5633545,-0.0163597353
1.43212,1432,828.176147,828.1805,-0.5633545,-0.0163597353
1.43391,1433,828.176147,828.1805,-0.5633545,-0.0163597353
1.43393,1434,828.176147,828.1805,-0.5633545,-0.0163597353
1.43516,1435,828.176147,828.1805,-0.5633545,-0.0163597353
1.43700,1436,828.176147,828.1805,-0.5633545,-0.0163597353
1.43702,1437,828.176147,828.1805,-0.5633545,-0.0163597353
1.43824,1438,828.176147,828.1805,-0.5633545,0
1.44010,1439,828.176147,828.1805,-0.5633545,0
1.44014,1440,828.176147,828.1805,-0.5633545,0
1.44191,1441,828.176147,828.1805,-0.5633545,0
1.44196,1442,828.176147,828.1805,-0.5633545,0
1.44318,1443,828.176147,828.1805,-0.5633545,0
1.44503,1444,828.176147,828.1805,-0.5633545,0
1.44507,1445,828.176147,828.1805,-0.5633545,0
1.44625,1446,828.176147,828.1805,-0.5633545,0
1.44809,1447,828.176147,828.1805,-0.5633545,0
1.44812,1448,828.176147,828.1805,-0.5633545,0
1.44991,1449,828.176147,828.1805,-0.5633545,0
1.44993,1450,828.176147,828.1805,-0.5633545,0
1.45116,1451,828.176147,828.1805,-0.5633545,0
1.45300,1452,828.176147,828.1805,-0.5633545,0
1.45302,1453,828.176147,828.1805,-0.5633545,-0.0163597353
1.45426,1454,828.176147,828.1805,-0.5633545,-0.0163597353
1.45610,1455,828.176147,828.1804,-0.5126953,-0.0272662267
1.45613,1456,828.176147,828.1804,-0.5554199,-0.0272662267
1.45791,1457,828.176147,828.1803,-0.454101563,-0.0272662267
1.45793,1458,828.176147,828.1803,-0.5395508,-0.03817272
1.45923,1459,828.176147,828.1803,-0.5395508,-0.03817272
1.46102,1460,828.176147,828.1803,-0.5395508,-0.03817272
1.46106,1461,828.176147,828.180237,-0.4888916,-0.03817272
1.46226,1462,828.176147,828.180237,-0.5316162,-0.0272662267
1.46411,1463,828.176147,828.1802,-0.480957031,-0.0272662267
1.46414,1464,828.176147,828.1802,-0.523681641,-0.0272662267
1.46593,1465,828.176147,828.1802,-0.523681641,-0.0272662267
1.46596,1466,828.176147,828.180237,-0.5743408,-0.0163597353
1.46714,1467,828.176147,828.180237,-0.5316162,0
1.46900,1468,828.176147,828.180237,-0.5316162,0
1.46903,1469,828.176147,828.1803,-0.5822754,0.0109064905
1.47025,1470,828.176147,828.1803,-0.5395508,0.0109064905
1.47207,1471,828.176147,828.1803,-0.5395508,0.0109064905
1.47209,1472,828.176147,828.1803,-0.5395508,0
1.47392,1473,828.176147,828.1803,-0.5395508,0
1.47394,1474,828.176147,828.1803,-0.5395508,0
1.47525,1475,828.176147,828.1803,-0.5395508,0
1.47704,1476,828.176147,828.1803,-0.5395508,0
1.47708,1477,828.176147,828.1803,-0.5395508,0
1.47825,1478,828.176147,828.1803,-0.5395508,0
1.48010,1479,828.176147,828.1803,-0.5395508,-0.0163597353
1.48013,1480,828.176147,828.180237,-0.4888916,-0.0272662267
1.48193,1481,828.176147,828.180237,-0.5316162,-0.0272662267
1.48195,1482,828.176147,828.180237,-0.5316162,-0.0272662267
1.48316,1483,828.176147,828.180237,-0.5316162,-0.0163597353
1.48500,1484,828.176147,828.1802,-0.480957031,-0.0163597353
1.48503,1485,828.176147,828.1802,-0.523681641,-0.0272662267
1.48624,1486,828.176147,828.1802,-0.523681641,-0.0272662267
1.48810,1487,828.176147,828.1802,-0.523681641,-0.0272662267
1.48813,1488,828.176147,828.1802,-0.523681641,-0.0272662267
1.48997,1489,828.176147,828.1802,-0.523681641,-0.0163597353
1.48999,1490,828.176147,828.1802,-0.523681641,-0.0163597353
1.49115,1491,828.176147,828.1802,-0.523681641,-0.0163597353
1.49300,1492,828.176147,828.1802,-0.523681641,-0.0163597353
1.49302,1493,828.176147,828.1802,-0.523681641,-0.0163597353
1.49424,1494,828.176147,828.1802,-0.523681641,0
1.49610,1495,828.176147,828.1802,-0.523681641,0
1.49612,1496,828.176147,828.1802,-0.523681641,0
1.49791,1497,828.176147,828.1802,-0.523681641,0
1.49795,1498,828.176147,828.1802,-0.523681641,0
1.49915,1499,828.176147,828.1802,-0.523681641,0
1.50100,1500,828.176147,828.1802,-0.523681641,0
1.50103,1501,828.176147,828.1802,-0.523681641,0
1.50224,1502,828.176147,828.1802,-0.523681641,0
1.50408,1503,828.176147,828.1802,-0.523681641,0
1.50412,1504,828.176147,828.1802,-0.523681641,0
1.50589,1505,828.176147,828.1802,-0.523681641,0
1.50592,1506,828.176147,828.1802,-0.523681641,0
1.50714,1507,828.176147,828.1802,-0.523681641,0
1.50899,1508,828.176147,828.1802,-0.523681641,0
1.50901,1509,828.176147,828.1802,-0.523681641,0
1.51027,1510,828.176147,828.180054,-0.422363281,-0.0272662267
1.51210,1511,828.176147,828.180054,-0.5078125,-0.0272662267
1.51212,1512,828.176147,828.18,-0.45715332,-0.0272662267
1.51391,1513,828.176147,828.18,-0.49987793,-0.03817272
1.51393,1514,828.176147,828.18,-0.49987793,-0.0272662267
1.51515,1515,828.176147,828.18,-0.49987793,-0.0272662267
1.51700,1516,828.176147,828.18,-0.49987793,-0.0272662267
1.51704,1517,828.176147,828.18,-0.49987793,-0.0272662267
1.51824,1518,828.176147,828.18,-0.49987793,-0.0163597353
1.52008,1519,828.176147,828.18,-0.49987793,-0.0163597353
1.52011,1520,828.176147,828.18,-0.49987793,-0.0163597353
1.52191,1521,828.176147,828.179932,-0.44921875,-0.0163597353
1.52193,1522,828.176147,828.179932,-0.491943359,-0.0163597353
1.52318,1523,828.176147,828.179932,-0.491943359,-0.0163597353
1.52538,1524,828.176147,828.179932,-0.491943359,-0.0163597353
1.52545,1525,828.176147,828.179932,-0.491943359,-0.0163597353
1.52631,1526,828.176147,828.179932,-0.491943359,-0.0163597353
1.52812,1527,828.176147,828.18,-0.542602539,0
1.52814,1528,828.176147,828.18,-0.49987793,0
1.52996,1529,828.176147,828.18,-0.49987793,0.0109064905
1.53000,1530,828.176147,828.18,-0.49987793,0
1.53116,1531,828.176147,828.18,-0.49987793,0
1.53303,1532,828.176147,828.18,-0.49987793,0
1.53307,1533,828.176147,828.18,-0.49987793,0
1.53424,1534,828.176147,828.18,-0.49987793,0
1.53610,1535,828.176147,828.18,-0.49987793,0
1.53612,1536,828.176147,828.18,-0.49987793,0
1.53790,1537,828.176147,828.18,-0.49987793,0
1.53792,1538,828.176147,828.18,-0.49987793,0
1.53914,1539,828.176147,828.18,-0.49987793,0
1.54102,1540,828.176147,828.18,-0.49987793,0
1.54105,1541,828.176147,828.18,-0.49987793,0
1.54224,1542,828.176147,828.179932,-0.44921875,-0.0163597353
1.54412,1543,828.176147,828.179932,-0.491943359,-0.0163597353
1.54414,1544,828.176147,828.179932,-0.491943359,-0.0163597353
1.54590,1545,828.176147,828.1799,-0.44128418,-0.0163597353
1.54592,1546,828.176147,828.1799,-0.4840088,-0.0272662267
1.54719,1547,828.176147,828.1799,-0.4840088,-0.0272662267
1.54902,1548,828.176147,828.1799,-0.4840088,-0.0272662267
1.54906,1549,828.176147,828.1799,-0.4840088,-0.0272662267
1.55023,1550,828.176147,828.1799,-0.4840088,-0.0272662267
1.55209,1551,828.176147,828.179749,-0.38269043,-0.0272662267
1.55211,1552,828.176147,828.179749,-0.468139648,-0.0272662267
1.55391,1553,828.176147,828.1797,-0.417480469,-0.03817272
1.55394,1554,828.176147,828.1797,-0.460205078,-0.0272662267
1.55515,1555,828.176147,828.1797,-0.460205078,-0.0272662267
1.55702,1556,828.176147,828.1797,-0.460205078,-0.0272662267
1.55705,1557,828.176147,828.1797,-0.460205078,-0.0272662267
1.55839,1558,828.176147,828.1797,-0.460205078,-0.0272662267
1.56007,1559,828.176147,828.1797,-0.460205078,-0.0163597353
1.56011,1560,828.176147,828.1797,-0.460205078,-0.0163597353
1.56191,1561,828.176147,828.1797,-0.460205078,-0.0163597353
1.56195,1562,828.176147,828.1797,-0.460205078,0
1.56316,1563,828.176147,828.1797,-0.460205078,0
1.56508,1564,828.176147,828.1797,-0.460205078,0
1.56510,1565,828.176147,828.1797,-0.460205078,0
1.56623,1566,828.176147,828.1797,-0.460205078,0
1.56810,1567,828.176147,828.1797,-0.460205078,0
1.56813,1568,828.176147,828.1797,-0.460205078,0
1.56994,1569,828.176147,828.1797,-0.460205078,0
1.56997,1570,828.176147,828.1797,-0.460205078,0
1.57117,1571,828.176147,828.1797,-0.460205078,0
1.57304,1572,828.176147,828.1797,-0.460205078,0
1.57307,1573,828.176147,828.1797,-0.460205078,0
1.57424,1574,828.176147,828.1797,-0.460205078,0
1.57610,1575,828.176147,828.1797,-0.460205078,0
1.57614,1576,828.176147,828.1797,-0.460205078,0
1.57791,1577,828.176147,828.1797,-0.460205078,-0.0163597353
1.57792,1578,828.176147,828.1797,-0.460205078,-0.0163597353
1.57918,1579,828.176147,828.1796,-0.4095459,-0.0272662267
1.58101,1580,828.176147,828.1796,-0.4522705,-0.0272662267
1.58103,1581,828.176147,828.1796,-0.4522705,-0.0163597353
1.58226,1582,828.176147,828.1795,-0.350952148,-0.0163597353
1.58410,1583,828.176147,828.1795,-0.436401367,-0.0272662267
1.58415,1584,828.176147,828.1795,-0.436401367,-0.0272662267
1.58591,1585,828.176147,828.1795,-0.436401367,-0.0272662267
1.58596,1586,828.176147,828.1795,-0.436401367,-0.0272662267
1.58716,1587,828.176147,828.1795,-0.436401367,-0.0272662267
1.58901,1588,828.176147,828.1795,-0.436401367,-0.0163597353
1.58904,1589,828.176147,828.1795,-0.436401367,-0.0163597353
1.59025,1590,828.176147,828.179443,-0.3857422,-0.0163597353
1.59213,1591,828.176147,828.1794,-0.377807617,-0.0272662267
1.59220,1592,828.176147,828.1794,-0.420532227,-0.0272662267
1.59413,1593,828.176147,828.1794,-0.420532227,-0.03817272
1.59416,1594,828.176147,828.1794,-0.420532227,-0.03817272
1.59516,1595,828.176147,828.1794,-0.420532227,-0.0272662267
1.59702,1596,828.176147,828.1794,-0.420532227,-0.0272662267
1.59704,1597,828.176147,828.1794,-0.420532227,-0.0272662267
1.59825,1598,828.176147,828.1794,-0.420532227,-0.0163597353
1.60009,1599,828.176147,828.1794,-0.420532227,-0.0163597353
1.60011,1600,828.176147,828.1794,-0.420532227,0
1.60191,1601,828.176147,828.1794,-0.420532227,-0.0163597353
1.60193,1602,828.176147,828.1794,-0.420532227,0
1.60315,1603,828.176147,828.1794,-0.420532227,0
1.60500,1604,828.176147,828.1794,-0.420532227,0
1.60504,1605,828.176147,828.1794,-0.420532227,0
1.60623,1606,828.176147,828.1794,-0.420532227,0
1.60808,1607,828.176147,828.1794,-0.420532227,0
1.60812,1608,828.176147,828.1794,-0.420532227,0
1.60990,1609,828.176147,828.1794,-0.420532227,0
1.60992,1610,828.176147,828.1794,-0.420532227,0
1.61117,1611,828.176147,828.1793,-0.369873047,0
1.61300,1612,828.176147,828.1793,-0.412597656,-0.0272662267
1.61303,1613,828.176147,828.1792,-0.3112793,-0.0272662267
1.61424,1614,828.176147,828.1792,-0.396728516,-0.0272662267
1.61609,1615,828.176147,828.1792,-0.396728516,-0.0272662267
1.61611,1616,828.176147,828.1792,-0.396728516,-0.03817272
1.61789,1617,828.176147,828.1792,-0.396728516,-0.03817272
1.61790,1618,828.176147,828.1791,-0.295410156,-0.03817272
1.61915,1619,828.176147,828.1791,-0.380859375,-0.03817272
1.62101,1620,828.176147,828.1791,-0.380859375,-0.0272662267
1.62105,1621,828.176147,828.1791,-0.380859375,-0.0272662267
1.62224,1622,828.176147,828.1791,-0.380859375,-0.0272662267
1.62411,1623,828.176147,828.1791,-0.380859375,-0.0272662267
1.62415,1624,828.176147,828.1791,-0.380859375,-0.0272662267
1.62592,1625,828.176147,828.178955,-0.279541016,-0.0272662267
1.62596,1626,828.176147,828.178955,-0.364990234,-0.0272662267
1.62723,1627,828.176147,828.1789,-0.314331055,-0.0272662267
1.62898,1628,828.176147,828.1789,-0.357055664,-0.0272662267
1.62901,1629,828.176147,828.1789,-0.357055664,-0.0272662267
1.63028,1630,828.176147,828.1789,-0.357055664,-0.0272662267
1.63212,1631,828.176147,828.1789,-0.357055664,-0.0272662267
1.63216,1632,828.176147,828.1788,-0.2557373,-0.0272662267
1.63390,1633,828.176147,828.1788,-0.341186523,-0.0272662267
1.63393,1634,828.176147,828.1788,-0.341186523,-0.0272662267
1.63517,1635,828.176147,828.1788,-0.341186523,-0.0163597353
1.63697,1636,828.176147,828.1788,-0.341186523,-0.0163597353
1.63699,1637,828.176147,828.1788,-0.341186523,-0.0163597353
1.63823,1638,828.176147,828.1788,-0.341186523,-0.0163597353
1.64007,1639,828.176147,828.1788,-0.341186523,0
1.64010,1640,828.176147,828.1788,-0.341186523,0
1.64190,1641,828.176147,828.1788,-0.341186523,0
1.64193,1642,828.176147,828.1788,-0.341186523,0
1.64316,1643,828.176147,828.1788,-0.341186523,0
1.64501,1644,828.176147,828.1788,-0.341186523,0
1.64505,1645,828.176147,828.1788,-0.341186523,0
1.64626,1646,828.176147,828.1788,-0.341186523,0
1.64812,1647,828.176147,828.1788,-0.341186523,0
1.64815,1648,828.176147,828.1788,-0.341186523,0
1.64991,1649,828.176147,828.1788,-0.341186523,0
1.64994,1650,828.176147,828.1788,-0.341186523,0
1.65122,1651,828.176147,828.1788,-0.341186523,0
1.65300,1652,828.176147,828.1788,-0.341186523,0
1.65302,1653,828.176147,828.1788,-0.341186523,0
1.65425,1654,828.176147,828.1788,-0.341186523,0
1.65610,1655,828.176147,828.1788,-0.341186523,0
1.65614,1656,828.176147,828.1788,-0.341186523,0
1.65789,1657,828.176147,828.1788,-0.341186523,0
1.65791,1658,828.176147,828.1788,-0.341186523,0
1.65916,1659,828.176147,828.1788,-0.341186523,-0.0163597353
1.66099,1660,828.176147,828.1788,-0.341186523,-0.0272662267
1.66101,1661,828.176147,828.1788,-0.341186523,-0.0272662267
1.66224,1662,828.176147,828.1788,-0.341186523,-0.03817272
1.66414,1663,828.176147,828.1788,-0.341186523,-0.0272662267
1.66418,1664,828.176147,828.1788,-0.341186523,-0.0272662267
1.66596,1665,828.176147,828.17865,-0.239868164,-0.0272662267
1.66598,1666,828.176147,828.1785,-0.223999023,-0.0272662267
1.66718,1667,828.176147,828.1785,-0.309448242,-0.03817272
1.66902,1668,828.176147,828.1785,-0.309448242,-0.03817272
1.66905,1669,828.176147,828.1785,-0.309448242,-0.03817272
1.67024,1670,828.176147,828.1785,-0.309448242,-0.0272662267
1.67212,1671,828.176147,828.178467,-0.258789063,-0.0272662267
1.67217,1672,828.176147,828.178467,-0.301513672,-0.0272662267
1.67392,1673,828.176147,828.1784,-0.2508545,-0.0272662267
1.67395,1674,828.176147,828.1784,-0.2935791,-0.0272662267
1.67533,1675,828.176147,828.178467,-0.344238281,-0.0163597353
1.67700,1676,828.176147,828.178467,-0.301513672,0
1.67702,1677,828.176147,828.178467,-0.301513672,0.0109064905
1.67829,1678,828.176147,828.178467,-0.301513672,0.0109064905
1.68007,1679,828.176147,828.178467,-0.301513672,0
1.68010,1680,828.176147,828.178467,-0.301513672,0
1.68188,1681,828.176147,828.178467,-0.301513672,0
1.68190,1682,828.176147,828.178467,-0.301513672,0
1.68318,1683,828.176147,828.178467,-0.301513672,0
1.68497,1684,828.176147,828.1785,-0.352172852,0
1.68499,1685,828.176147,828.1785,-0.309448242,0
1.68626,1686,828.176147,828.1785,-0.309448242,0
1.68806,1687,828.176147,828.1785,-0.309448242,0
1.68807,1688,828.176147,828.1785,-0.309448242,0
1.68990,1689,828.176147,828.1785,-0.309448242,0
1.68994,1690,828.176147,828.1785,-0.309448242,0
1.69118,1691,828.176147,828.1785,-0.309448242,0
1.69299,1692,828.176147,828.1785,-0.309448242,0
1.69301,1693,828.176147,828.1785,-0.309448242,0
1.69427,1694,828.176147,828.1785,-0.309448242,0
1.69609,1695,828.176147,828.1785,-0.309448242,0
1.69612,1696,828.176147,828.1785,-0.309448242,0
1.69792,1697,828.176147,828.178467,-0.258789063,-0.0163597353
1.69795,1698,828.176147,828.1784,-0.2508545,-0.0272662267
1.69920,1699,828.176147,828.1784,-0.2935791,-0.03817272
1.70098,1700,828.176147,828.1784,-0.2935791,-0.03817272
1.70100,1701,828.176147,828.1784,-0.2935791,-0.0272662267
1.70225,1702,828.176147,828.1784,-0.2935791,-0.0272662267
1.70406,1703,828.176147,828.1784,-0.2935791,-0.0163597353
1.70408,1704,828.176147,828.1784,-0.2935791,-0.0163597353
1.70590,1705,828.176147,828.178345,-0.242919922,-0.0163597353
1.70592,1706,828.176147,828.1784,-0.3363037,-0.0163597353
1.70717,1707,828.176147,828.1784,-0.2935791,-0.0163597353
1.70900,1708,828.176147,828.1784,-0.2935791,-0.0163597353
1.70902,1709,828.176147,828.1784,-0.2935791,0
1.71025,1710,828.176147,828.1784,-0.2935791,0
1.71208,1711,828.176147,828.1784,-0.2935791,0
1.71210,1712,828.176147,828.1784,-0.2935791,0
1.71390,1713,828.176147,828.1784,-0.2935791,0
1.71391,1714,828.176147,828.1784,-0.2935791,0
1.71515,1715,828.176147,828.1784,-0.2935791,0
1.71697,1716,828.176147,828.1784,-0.2935791,0
1.71698,1717,828.176147,828.1784,-0.2935791,0
1.71825,1718,828.176147,828.1784,-0.2935791,0
1.72006,1719,828.176147,828.1784,-0.2935791,0
1.72008,1720,828.176147,828.1784,-0.2935791,0
1.72189,1721,828.176147,828.1784,-0.2935791,0
1.72191,1722,828.176147,828.1784,-0.2935791,0
1.72314,1723,828.176147,828.1784,-0.2935791,0
1.72528,1724,828.176147,828.1784,-0.2935791,0
1.72540,1725,828.176147,828.1784,-0.2935791,0
1.72624,1726,828.176147,828.1784,-0.2935791,0
1.72807,1727,828.176147,828.1784,-0.2935791,0
1.72809,1728,828.176147,828.1784,-0.2935791,0
1.72989,1729,828.176147,828.178345,-0.242919922,-0.0163597353
1.72990,1730,828.176147,828.178345,-0.285644531,-0.0163597353
1.73114,1731,828.176147,828.178345,-0.285644531,-0.0272662267
1.73297,1732,828.176147,828.1782,-0.184326172,-0.0272662267
1.73299,1733,828.176147,828.1782,-0.2697754,-0.0163597353
1.73425,1734,828.176147,828.1782,-0.2697754,-0.0163597353
1.73607,1735,828.176147,828.1782,-0.2697754,-0.0163597353
1.73608,1736,828.176147,828.1782,-0.2697754,-0.0163597353
1.73790,1737,828.176147,828.1782,-0.2697754,-0.0163597353
1.73792,1738,828.176147,828.1782,-0.2697754,-0.0163597353
1.73916,1739,828.176147,828.1782,-0.2697754,-0.0163597353
1.74099,1740,828.176147,828.1782,-0.2697754,-0.0163597353
1.74102,1741,828.176147,828.1782,-0.2697754,-0.0163597353
1.74226,1742,828.176147,828.1782,-0.2697754,0
1.74411,1743,828.176147,828.1782,-0.2697754,0
1.74414,1744,828.176147,828.1782,-0.2697754,0.0109064905
1.74591,1745,828.176147,828.1782,-0.2697754,0
1.74597,1746,828.176147,828.1782,-0.2697754,0
1.74715,1747,828.176147,828.1782,-0.2697754,0
1.74899,1748,828.176147,828.1782,-0.2697754,0
1.74901,1749,828.176147,828.1782,-0.2697754,0
1.75026,1750,828.176147,828.1782,-0.2697754,0
1.75207,1751,828.176147,828.1782,-0.2697754,0
1.75208,1752,828.176147,828.1782,-0.2697754,0
1.75392,1753,828.176147,828.1782,-0.2697754,0
1.75394,1754,828.176147,828.1782,-0.2697754,0
1.75515,1755,828.176147,828.1782,-0.2697754,0
1.75698,1756,828.176147,828.1782,-0.2697754,0
1.75699,1757,828.176147,828.1782,-0.2697754,0
1.75844,1758,828.176147,828.1782,-0.2697754,0
1.76010,1759,828.176147,828.1782,-0.2697754,0
1.76013,1760,828.176147,828.1782,-0.2697754,0
1.76192,1761,828.176147,828.1782,-0.2697754,0
1.76194,1762,828.176147,828.1782,-0.2697754,0
1.76316,1763,828.176147,828.1782,-0.2697754,0
1.76505,1764,828.176147,828.1782,-0.2697754,0
1.76506,1765,828.176147,828.1782,-0.2697754,0
1.76627,1766,828.176147,828.1782,-0.2697754,0
1.76808,1767,828.176147,828.1782,-0.2697754,0
1.76809,1768,828.176147,828.1782,-0.2697754,0
1.76995,1769,828.176147,828.1782,-0.2697754,0
1.76998,1770,828.176147,828.1782,-0.2697754,-0.0163597353
1.77116,1771,828.176147,828.1782,-0.2697754,-0.0163597353
1.77299,1772,828.176147,828.1782,-0.2697754,-0.0163597353
1.77301,1773,828.176147,828.1782,-0.2697754,0
1.77424,1774,828.176147,828.1782,-0.2697754,0
1.77611,1775,828.176147,828.1782,-0.2697754,0
1.77613,1776,828.176147,828.1782,-0.2697754,0
1.77793,1777,828.176147,828.1782,-0.2697754,0
1.77795,1778,828.176147,828.1782,-0.2697754,0
1.77915,1779,828.176147,828.1782,-0.2697754,0
1.78098,1780,828.176147,828.1782,-0.2697754,0
1.78101,1781,828.176147,828.1782,-0.2697754,-0.0163597353
1.78225,1782,828.176147,828.1782,-0.2697754,-0.0163597353
1.78408,1783,828.176147,828.178162,-0.219116211,-0.0272662267
1.78410,1784,828.176147,828.178162,-0.26184082,-0.0272662267
1.78590,1785,828.176147,828.178162,-0.26184082,-0.0272662267
1.78592,1786,828.176147,828.1781,-0.211181641,-0.0272662267
1.78714,1787,828.176147,828.1781,-0.25390625,-0.0163597353
1.78898,1788,828.176147,828.1781,-0.25390625,-0.0163597353
1.78900,1789,828.176147,828.1781,-0.25390625,-0.0163597353
1.79026,1790,828.176147,828.1781,-0.25390625,-0.0163597353
1.79209,1791,828.176147,828.178162,-0.30456543,0
1.79211,1792,828.176147,828.178162,-0.26184082,0
1.79391,1793,828.176147,828.178162,-0.26184082,0
1.79393,1794,828.176147,828.178162,-0.26184082,0
1.79515,1795,828.176147,828.178162,-0.26184082,0
1.79698,1796,828.176147,828.178162,-0.26184082,0
1.79700,1797,828.176147,828.178162,-0.26184082,0
1.79823,1798,828.176147,828.178162,-0.26184082,0
1.80008,1799,828.176147,828.178162,-0.26184082,0
1.80010,1800,828.176147,828.178162,-0.26184082,0
1.80194,1801,828.176147,828.178162,-0.26184082,0
1.80197,1802,828.176147,828.178162,-0.26184082,0
1.80316,1803,828.176147,828.178162,-0.26184082,0
1.80497,1804,828.176147,828.178162,-0.26184082,0
1.80499,1805,828.176147,828.178162,-0.26184082,0
1.80623,1806,828.176147,828.178162,-0.26184082,0
1.80806,1807,828.176147,828.178162,-0.26184082,0
1.80807,1808,828.176147,828.178162,-0.26184082,0
1.80991,1809,828.176147,828.178162,-0.26184082,0
1.80992,1810,828.176147,828.178162,-0.26184082,0
1.81129,1811,828.176147,828.178162,-0.26184082,0
1.81299,1812,828.176147,828.1781,-0.211181641,-0.0163597353
1.81300,1813,828.176147,828.1781,-0.25390625,-0.0272662267
1.81423,1814,828.176147,828.1781,-0.25390625,-0.0272662267
1.81609,1815,828.176147,828.1781,-0.25390625,-0.0272662267
1.81611,1816,828.176147,828.1781,-0.25390625,-0.0272662267
1.81791,1817,828.176147,828.1781,-0.25390625,-0.0163597353
1.81793,1818,828.176147,828.1781,-0.25390625,-0.0163597353
1.81915,1819,828.176147,828.1781,-0.25390625,-0.0163597353
1.82099,1820,828.176147,828.1781,-0.25390625,-0.0163597353
1.82100,1821,828.176147,828.1781,-0.25390625,-0.0163597353
1.82223,1822,828.176147,828.1781,-0.25390625,-0.0163597353
1.82405,1823,828.176147,828.1781,-0.25390625,0
1.82407,1824,828.176147,828.1781,-0.25390625,0
1.82590,1825,828.176147,828.1781,-0.25390625,0
1.82591,1826,828.176147,828.1781,-0.25390625,0
1.82717,1827,828.176147,828.1781,-0.25390625,0
1.82901,1828,828.176147,828.1781,-0.25390625,0
1.82905,1829,828.176147,828.1781,-0.25390625,0
1.83030,1830,828.176147,828.1781,-0.25390625,0
1.83209,1831,828.176147,828.1781,-0.25390625,0
1.83212,1832,828.176147,828.1781,-0.25390625,0
1.83393,1833,828.176147,828.1781,-0.25390625,0
1.83396,1834,828.176147,828.1781,-0.25390625,0
1.83515,1835,828.176147,828.1781,-0.25390625,0
1.83704,1836,828.176147,828.1781,-0.25390625,0
1.83707,1837,828.176147,828.1781,-0.25390625,0
1.83823,1838,828.176147,828.1781,-0.25390625,0
1.84010,1839,828.176147,828.1781,-0.25390625,0
1.84012,1840,828.176147,828.1781,-0.25390625,0
1.84189,1841,828.176147,828.1781,-0.25390625,0
1.84191,1842,828.176147,828.1781,-0.25390625,0
1.84316,1843,828.176147,828.1781,-0.25390625,0
1.84502,1844,828.176147,828.1781,-0.25390625,0
1.84505,1845,828.176147,828.1781,-0.25390625,0
1.84624,1846,828.176147,828.1781,-0.25390625,0
1.84808,1847,828.176147,828.1781,-0.25390625,0
1.84810,1848,828.176147,828.178,-0.152587891,-0.0163597353
1.84992,1849,828.176147,828.178,-0.238037109,-0.0163597353
1.84995,1850,828.176147,828.178,-0.238037109,-0.0163597353
1.85115,1851,828.176147,828.178,-0.238037109,-0.0272662267
1.85300,1852,828.176147,828.1779,-0.18737793,-0.0272662267
1.85304,1853,828.176147,828.1779,-0.230102539,-0.0163597353
1.85426,1854,828.176147,828.1779,-0.230102539,-0.0163597353
1.85605,1855,828.176147,828.178,-0.280761719,-0.0163597353
1.85608,1856,828.176147,828.178,-0.238037109,0
1.85791,1857,828.176147,828.178,-0.238037109,0
1.85793,1858,828.176147,828.178,-0.238037109,0
1.85916,1859,828.176147,828.178,-0.238037109,0
1.86103,1860,828.176147,828.178,-0.238037109,0
1.86106,1861,828.176147,828.178,-0.238037109,0
1.86224,1862,828.176147,828.178,-0.238037109,0
1.86407,1863,828.176147,828.178,-0.238037109,0
1.86409,1864,828.176147,828.178,-0.238037109,0
1.86593,1865,828.176147,828.178,-0.238037109,0
1.86595,1866,828.176147,828.178,-0.238037109,0
1.86716,1867,828.176147,828.178,-0.238037109,0
1.86900,1868,828.176147,828.178,-0.238037109,0
1.86903,1869,828.176147,828.178,-0.238037109,0
1.87024,1870,828.176147,828.178,-0.238037109,0
1.87210,1871,828.176147,828.178,-0.238037109,0
1.87213,1872,828.176147,828.178,-0.238037109,0
1.87390,1873,828.176147,828.178,-0.238037109,0
1.87392,1874,828.176147,828.178,-0.238037109,0
1.87523,1875,828.176147,828.178,-0.238037109,0
1.87699,1876,828.176147,828.178,-0.238037109,0
1.87702,1877,828.176147,828.178,-0.238037109,0
1.87825,1878,828.176147,828.178,-0.238037109,0
1.88009,1879,828.176147,828.178,-0.238037109,0
1.88012,1880,828.176147,828.178,-0.238037109,0
1.88193,1881,828.176147,828.178,-0.238037109,0
1.88198,1882,828.176147,828.178,-0.238037109,0
1.88317,1883,828.176147,828.178,-0.238037109,0
1.88502,1884,828.176147,828.178,-0.238037109,0
1.88505,1885,828.176147,828.178,-0.238037109,0
1.88624,1886,828.176147,828.178,-0.238037109,0
1.88809,1887,828.176147,828.178,-0.238037109,0
1.88812,1888,828.176147,828.1779,-0.18737793,-0.0163597353
1.88991,1889,828.176147,828.1779,-0.230102539,-0.0163597353
1.88993,1890,828.176147,828.1779,-0.230102539,-0.0163597353
1.89115,1891,828.176147,828.1779,-0.230102539,-0.0163597353
1.89302,1892,828.176147,828.1779,-0.230102539,0
1.89306,1893,828.176147,828.1779,-0.230102539,0
1.89425,1894,828.176147,828.1779,-0.230102539,0
1.89610,1895,828.176147,828.1779,-0.230102539,0
1.89612,1896,828.176147,828.1779,-0.230102539,0
1.89791,1897,828.176147,828.1779,-0.230102539,0
1.89794,1898,828.176147,828.1779,-0.230102539,0
1.89916,1899,828.176147,828.1779,-0.230102539,0
1.90102,1900,828.176147,828.1779,-0.230102539,0
1.90105,1901,828.176147,828.1779,-0.230102539,0
1.90224,1902,828.176147,828.1779,-0.230102539,0
1.90410,1903,828.176147,828.1779,-0.230102539,0
1.90412,1904,828.176147,828.1779,-0.230102539,0
1.90590,1905,828.176147,828.1779,-0.230102539,0
1.90592,1906,828.176147,828.1779,-0.230102539,0
1.90714,1907,828.176147,828.1779,-0.230102539,0
1.90907,1908,828.176147,828.1779,-0.230102539,0
1.90911,1909,828.176147,828.1779,-0.230102539,0
1.91027,1910,828.176147,828.1779,-0.230102539,0
1.91208,1911,828.176147,828.1779,-0.230102539,0
1.91210,1912,828.176147,828.1779,-0.230102539,0
1.91394,1913,828.176147,828.1779,-0.230102539,0
1.91397,1914,828.176147,828.1779,-0.230102539,0
1.91521,1915,828.176147,828.1779,-0.230102539,0
1.91702,1916,828.176147,828.1779,-0.230102539,0
1.91705,1917,828.176147,828.1779,-0.230102539,0
1.91824,1918,828.176147,828.1779,-0.230102539,0
1.92009,1919,828.176147,828.1779,-0.230102539,0
1.92011,1920,828.176147,828.1779,-0.230102539,0
1.92191,1921,828.176147,828.1779,-0.230102539,0
1.92193,1922,828.176147,828.1779,-0.230102539,0
1.92315,1923,828.176147,828.1779,-0.230102539,-0.0163597353
1.92521,1924,828.176147,828.1779,-0.230102539,-0.0163597353
1.92527,1925,828.176147,828.1779,-0.230102539,-0.0272662267
1.92628,1926,828.176147,828.1779,-0.230102539,-0.0272662267
1.92813,1927,828.176147,828.1779,-0.230102539,-0.0163597353
1.92816,1928,828.176147,828.1779,-0.230102539,-0.0163597353
1.92994,1929,828.176147,828.1779,-0.230102539,-0.0163597353
1.92997,1930,828.176147,828.177856,-0.179443359,-0.0163597353
1.93115,1931,828.176147,828.177856,-0.222167969,-0.0163597353
1.93299,1932,828.176147,828.1779,-0.272827148,-0.0163597353
1.93302,1933,828.176147,828.1779,-0.230102539,-0.0163597353
1.93423,1934,828.176147,828.1779,-0.230102539,0
1.93609,1935,828.176147,828.1779,-0.230102539,0
1.93612,1936,828.176147,828.1779,-0.230102539,0.0109064905
1.93793,1937,828.176147,828.1779,-0.230102539,0
1.93796,1938,828.176147,828.1779,-0.230102539,0
1.93914,1939,828.176147,828.1779,-0.230102539,0
1.94100,1940,828.176147,828.1779,-0.230102539,0
1.94101,1941,828.176147,828.1779,-0.230102539,0
1.94224,1942,828.176147,828.1779,-0.230102539,0.0109064905
1.94411,1943,828.176147,828.178,-0.280761719,0
1.94414,1944,828.176147,828.178,-0.238037109,0.0109064905
1.94592,1945,828.176147,828.178,-0.238037109,0.0109064905
1.94595,1946,828.176147,828.178,-0.238037109,0.0109064905
1.94715,1947,828.176147,828.178,-0.238037109,0
1.94900,1948,828.176147,828.1779,-0.18737793,-0.0163597353
1.94904,1949,828.176147,828.1779,-0.230102539,-0.0272662267
1.95026,1950,828.176147,828.1779,-0.230102539,-0.0272662267
1.95208,1951,828.176147,828.1779,-0.230102539,-0.0272662267
1.95212,1952,828.176147,828.1779,-0.230102539,-0.0272662267
1.95392,1953,828.176147,828.1779,-0.230102539,-0.0272662267
1.95396,1954,828.176147,828.177856,-0.179443359,-0.0272662267
1.95516,1955,828.176147,828.177856,-0.222167969,-0.0272662267
1.95702,1956,828.176147,828.177856,-0.222167969,-0.0272662267
1.95706,1957,828.176147,828.1778,-0.171508789,-0.0163597353
1.95843,1958,828.176147,828.1778,-0.2142334,-0.0163597353
1.96009,1959,828.176147,828.1778,-0.2142334,-0.0163597353
1.96013,1960,828.176147,828.1778,-0.2142334,-0.0163597353
1.96196,1961,828.176147,828.1778,-0.2142334,-0.0163597353
1.96199,1962,828.176147,828.177856,-0.264892578,0
1.96316,1963,828.176147,828.177856,-0.222167969,0
1.96499,1964,828.176147,828.177856,-0.222167969,0
1.96502,1965,828.176147,828.177856,-0.222167969,0
1.96625,1966,828.176147,828.177856,-0.222167969,0
1.96810,1967,828.176147,828.177856,-0.222167969,0
1.96813,1968,828.176147,828.177856,-0.222167969,0
1.96990,1969,828.176147,828.177856,-0.222167969,0
1.96992,1970,828.176147,828.177856,-0.222167969,0
1.97116,1971,828.176147,828.177856,-0.222167969,0
1.97298,1972,828.176147,828.177856,-0.222167969,0
1.97301,1973,828.176147,828.177856,-0.222167969,0
1.97425,1974,828.176147,828.177856,-0.222167969,0
1.97609,1975,828.176147,828.177856,-0.222167969,0
1.97611,1976,828.176147,828.177856,-0.222167969,0
1.97796,1977,828.176147,828.177856,-0.222167969,0
1.97801,1978,828.176147,828.177856,-0.222167969,0
1.97918,1979,828.176147,828.177856,-0.222167969,-0.0163597353
1.98103,1980,828.176147,828.177856,-0.222167969,-0.0163597353
1.98105,1981,828.176147,828.177856,-0.222167969,-0.0163597353
1.98226,1982,828.176147,828.177856,-0.222167969,-0.0163597353
1.98408,1983,828.176147,828.177856,-0.222167969,0
1.98410,1984,828.176147,828.177856,-0.222167969,0
1.98595,1985,828.176147,828.177856,-0.222167969,0
1.98596,1986,828.176147,828.177856,-0.222167969,0
1.98719,1987,828.176147,828.177856,-0.222167969,0
1.98904,1988,828.176147,828.177856,-0.222167969,0
1.98909,1989,828.176147,828.177856,-0.222167969,0
1.99024,1990,828.176147,828.177856,-0.222167969,0
1.99218,1991,828.176147,828.177856,-0.222167969,0
1.99226,1992,828.176147,828.177856,-0.222167969,0
1.99393,1993,828.176147,828.177856,-0.222167969,0
1.99395,1994,828.176147,828.177856,-0.222167969,0
1.99516,1995,828.176147,828.177856,-0.222167969,0
1.99700,1996,828.176147,828.177856,-0.222167969,0
1.99703,1997,828.176147,828.177856,-0.222167969,0
1.99825,1998,828.176147,828.177856,-0.222167969,0
2.00009,1999,828.176147,828.177856,-0.222167969,0
2.00012,2000,828.176147,828.1778,-0.171508789,-0.0163597353
2.00192,2001,828.176147,828.1778,-0.2142334,-0.0163597353
2.00196,2002,828.176147,828.1778,-0.2142334,-0.0163597353
2.00315,2003,828.176147,828.1778,-0.2142334,-0.0163597353
2.00503,2004,828.176147,828.1778,-0.2142334,-0.0163597353
2.00507,2005,828.176147,828.1778,-0.2142334,-0.0272662267
2.00623,2006,828.176147,828.1778,-0.2142334,-0.0272662267
2.00806,2007,828.176147,828.1778,-0.2142334,-0.0163597353
2.00809,2008,828.176147,828.1778,-0.2142334,-0.0163597353
2.00991,2009,828.176147,828.1778,-0.2142334,-0.0163597353
2.00994,2010,828.176147,828.1778,-0.2142334,-0.0163597353
2.01115,2011,828.176147,828.1778,-0.2142334,-0.0163597353
2.01301,2012,828.176147,828.1778,-0.2142334,-0.0163597353
2.01304,2013,828.176147,828.1778,-0.2142334,-0.0163597353
2.01424,2014,828.176147,828.1778,-0.2142334,0
2.01607,2015,828.176147,828.1778,-0.2142334,0
2.01610,2016,828.176147,828.1778,-0.2142334,0
2.01792,2017,828.176147,828.1778,-0.2142334,0
2.01794,2018,828.176147,828.1778,-0.2142334,0
2.01918,2019,828.176147,828.1778,-0.2142334,0
2.02103,2020,828.176147,828.1778,-0.2142334,0
2.02105,2021,828.176147,828.1778,-0.2142334,0
2.02224,2022,828.176147,828.1778,-0.2142334,0
2.02411,2023,828.176147,828.1778,-0.2142334,0
2.02413,2024,828.176147,828.1778,-0.2142334,0
2.02593,2025,828.176147,828.1778,-0.2142334,0
2.02599,2026,828.176147,828.1778,-0.2142334,0
2.02717,2027,828.176147,828.1778,-0.2142334,0
2.02904,2028,828.176147,828.1778,-0.2142334,0
2.02907,2029,828.176147,828.1778,-0.2142334,0
2.03025,2030,828.176147,828.1778,-0.2142334,0
2.03209,2031,828.176147,828.1778,-0.2142334,0
2.03212,2032,828.176147,828.1778,-0.2142334,0
2.03393,2033,828.176147,828.1778,-0.2142334,0
2.03396,2034,828.176147,828.1778,-0.2142334,0
2.03515,2035,828.176147,828.1778,-0.2142334,0
2.03702,2036,828.176147,828.1778,-0.2142334,0
2.03706,2037,828.176147,828.1778,-0.2142334,0
2.03827,2038,828.176147,828.1778,-0.2142334,0
2.04012,2039,828.176147,828.1778,-0.2142334,0
2.04014,2040,828.176147,828.1777,-0.112915039,0
2.04197,2041,828.176147,828.1777,-0.198364258,-0.0163597353
2.04200,2042,828.176147,828.1777,-0.198364258,-0.0163597353
2.04315,2043,828.176147,828.1776,-0.147705078,-0.0272662267
2.04502,2044,828.176147,828.1776,-0.190429688,-0.0272662267
2.04506,2045,828.176147,828.1776,-0.190429688,-0.0163597353
2.04624,2046,828.176147,828.1776,-0.190429688,-0.0163597353
2.04812,2047,828.176147,828.1777,-0.241088867,-0.0163597353
2.04814,2048,828.176147,828.1777,-0.198364258,0
2.04992,2049,828.176147,828.1777,-0.198364258,0
2.04995,2050,828.176147,828.1777,-0.198364258,0
2.05117,2051,828.176147,828.1777,-0.198364258,0
2.05302,2052,828.176147,828.1777,-0.198364258,0
2.05305,2053,828.176147,828.1777,-0.198364258,0
2.05423,2054,828.176147,828.1777,-0.198364258,0
2.05610,2055,828.176147,828.1777,-0.198364258,0
2.05614,2056,828.176147,828.1777,-0.198364258,0
2.05791,2057,828.176147,828.1777,-0.198364258,0
2.05793,2058,828.176147,828.1777,-0.198364258,0
2.05917,2059,828.176147,828.1777,-0.198364258,0
2.06107,2060,828.176147,828.1777,-0.198364258,0
2.06111,2061,828.176147,828.1777,-0.198364258,0
2.06224,2062,828.176147,828.1777,-0.198364258,0
2.06410,2063,828.176147,828.1777,-0.198364258,0
2.06414,2064,828.176147,828.1777,-0.198364258,0
2.06592,2065,828.176147,828.1777,-0.198364258,0
2.06594,2066,828.176147,828.1777,-0.198364258,0
2.06716,2067,828.176147,828.1777,-0.198364258,0
2.06902,2068,828.176147,828.1777,-0.198364258,0
2.06906,2069,828.176147,828.1777,-0.198364258,0
2.07024,2070,828.176147,828.1777,-0.198364258,0
2.07207,2071,828.176147,828.1777,-0.198364258,0
2.07209,2072,828.176147,828.1777,-0.198364258,0
2.07391,2073,828.176147,828.1777,-0.198364258,0
2.07393,2074,828.176147,828.1777,-0.198364258,0
2.07524,2075,828.176147,828.1777,-0.198364258,0
2.07704,2076,828.176147,828.1777,-0.198364258,0
2.07708,2077,828.176147,828.1777,-0.198364258,0
2.07826,2078,828.176147,828.1777,-0.198364258,0
2.08012,2079,828.176147,828.1777,-0.198364258,0
2.08021,2080,828.176147,828.1777,-0.198364258,0
2.08192,2081,828.176147,828.1777,-0.198364258,0
2.08193,2082,828.176147,828.1777,-0.198364258,0
2.08318,2083,828.176147,828.1777,-0.198364258,0
2.08501,2084,828.176147,828.1777,-0.198364258,0
2.08504,2085,828.176147,828.1777,-0.198364258,0
2.08623,2086,828.176147,828.1777,-0.198364258,0
2.08809,2087,828.176147,828.1777,-0.198364258,0
2.08812,2088,828.176147,828.1777,-0.198364258,0
2.08994,2089,828.176147,828.1777,-0.198364258,0
2.08997,2090,828.176147,828.1777,-0.198364258,0
2.09115,2091,828.176147,828.1777,-0.198364258,0
2.09301,2092,828.176147,828.1777,-0.198364258,0
2.09305,2093,828.176147,828.1777,-0.198364258,0
2.09424,2094,828.176147,828.1777,-0.198364258,0
2.09609,2095,828.176147,828.1777,-0.198364258,0
2.09611,2096,828.176147,828.1777,-0.198364258,0
2.09791,2097,828.176147,828.1777,-0.198364258,0
2.09793,2098,828.176147,828.1777,-0.198364258,0
2.09915,2099,828.176147,828.1777,-0.198364258,0
2.10102,2100,828.176147,828.1777,-0.198364258,0
2.10104,2101,828.176147,828.1777,-0.198364258,0
2.10223,2102,828.176147,828.1777,-0.198364258,0
2.10410,2103,828.176147,828.1777,-0.198364258,0
2.10412,2104,828.176147,828.1777,-0.198364258,0
2.10594,2105,828.176147,828.1777,-0.198364258,0
2.10598,2106,828.176147,828.1777,-0.198364258,0
2.10717,2107,828.176147,828.1777,-0.198364258,0
2.10900,2108,828.176147,828.1777,-0.198364258,0
2.10904,2109,828.176147,828.1777,-0.198364258,0
2.11024,2110,828.176147,828.1777,-0.198364258,0
2.11211,2111,828.176147,828.1777,-0.198364258,0
2.11216,2112,828.176147,828.1777,-0.198364258,0
2.11390,2113,828.176147,828.1777,-0.198364258,0
2.11392,2114,828.176147,828.1777,-0.198364258,0
2.11518,2115,828.176147,828.1777,-0.198364258,0
2.11702,2116,828.176147,828.1777,-0.198364258,0
2.11707,2117,828.176147,828.1776,-0.147705078,0
2.11823,2118,828.176147,828.1776,-0.190429688,-0.0163597353
2.12011,2119,828.176147,828.1776,-0.190429688,-0.0163597353
2.12014,2120,828.176147,828.1776,-0.190429688,-0.0163597353
2.12188,2121,828.176147,828.1776,-0.190429688,-0.0163597353
2.12190,2122,828.176147,828.1776,-0.190429688,0
2.12315,2123,828.176147,828.1776,-0.190429688,0
2.12531,2124,828.176147,828.1776,-0.190429688,0
2.12539,2125,828.176147,828.1776,-0.190429688,0
2.12624,2126,828.176147,828.1776,-0.190429688,0
2.12808,2127,828.176147,828.1776,-0.190429688,0
2.12811,2128,828.176147,828.1776,-0.190429688,0
2.12994,2129,828.176147,828.1776,-0.190429688,0
2.12997,2130,828.176147,828.1776,-0.190429688,0
2.13117,2131,828.176147,828.1776,-0.190429688,0
2.13301,2132,828.176147,828.1776,-0.190429688,0
2.13303,2133,828.176147,828.1776,-0.190429688,0
2.13424,2134,828.176147,828.1776,-0.190429688,0
2.13610,2135,828.176147,828.1776,-0.190429688,0
2.13612,2136,828.176147,828.1776,-0.190429688,0
2.13790,2137,828.176147,828.1776,-0.190429688,0
2.13791,2138,828.176147,828.1776,-0.190429688,0
2.13915,2139,828.176147,828.1776,-0.190429688,0
2.14099,2140,828.176147,828.1776,-0.190429688,0
2.14103,2141,828.176147,828.1776,-0.190429688,0
2.14228,2142,828.176147,828.1776,-0.190429688,0
2.14408,2143,828.176147,828.1776,-0.190429688,0
2.14411,2144,828.176147,828.1776,-0.190429688,0
2.14589,2145,828.176147,828.1776,-0.190429688,0
2.14591,2146,828.176147,828.1776,-0.190429688,0
2.14717,2147,828.176147,828.1776,-0.190429688,0
2.14900,2148,828.176147,828.1776,-0.190429688,0
2.14902,2149,828.176147,828.1776,-0.190429688,0
2.15024,2150,828.176147,828.1776,-0.190429688,0
2.15208,2151,828.176147,828.1776,-0.190429688,0
2.15211,2152,828.176147,828.1776,-0.190429688,0
2.15389,2153,828.176147,828.1776,-0.190429688,0
2.15390,2154,828.176147,828.1776,-0.190429688,0
2.15516,2155,828.176147,828.1776,-0.190429688,0
2.15698,2156,828.176147,828.1776,-0.190429688,0
2.15700,2157,828.176147,828.1776,-0.190429688,0
2.15846,2158,828.176147,828.1776,-0.190429688,0
2.16010,2159,828.176147,828.1776,-0.190429688,0
2.16012,2160,828.176147,828.1776,-0.190429688,0
2.16190,2161,828.176147,828.1776,-0.190429688,0
2.16191,2162,828.176147,828.1776,-0.190429688,0
2.16317,2163,828.176147,828.1776,-0.190429688,0
2.16500,2164,828.176147,828.1776,-0.190429688,0
2.16503,2165,828.176147,828.1776,-0.190429688,-0.0163597353
2.16627,2166,828.176147,828.1776,-0.190429688,-0.0272662267
2.16811,2167,828.176147,828.1776,-0.190429688,-0.0272662267
2.16813,2168,828.176147,828.1776,-0.190429688,-0.0272662267
2.16991,2169,828.176147,828.1776,-0.190429688,-0.0163597353
2.16993,2170,828.176147,828.177551,-0.139770508,-0.0163597353
2.17117,2171,828.176147,828.177551,-0.182495117,-0.0163597353
2.17301,2172,828.176147,828.177551,-0.182495117,-0.0163597353
2.17303,2173,828.176147,828.177551,-0.182495117,-0.0163597353
2.17426,2174,828.176147,828.1776,-0.2331543,0
2.17609,2175,828.176147,828.1776,-0.190429688,0
2.17611,2176,828.176147,828.1776,-0.190429688,0
2.17790,2177,828.176147,828.1776,-0.190429688,0
2.17792,2178,828.176147,828.1776,-0.190429688,0
2.17917,2179,828.176147,828.1776,-0.190429688,0
2.18099,2180,828.176147,828.1776,-0.190429688,0
2.18101,2181,828.176147,828.1776,-0.190429688,0
2.18227,2182,828.176147,828.1776,-0.190429688,0
2.18408,2183,828.176147,828.1776,-0.190429688,0
2.18409,2184,828.176147,828.1776,-0.190429688,0
2.18590,2185,828.176147,828.1776,-0.190429688,0
2.18592,2186,828.176147,828.1776,-0.190429688,0
2.18716,2187,828.176147,828.1776,-0.190429688,0
2.18898,2188,828.176147,828.1776,-0.190429688,0
2.18899,2189,828.176147,828.1776,-0.190429688,0
2.19025,2190,828.176147,828.1776,-0.190429688,0
2.19210,2191,828.176147,828.1776,-0.190429688,0
2.19213,2192,828.176147,828.1776,-0.190429688,0
2.19391,2193,828.176147,828.1776,-0.190429688,0
2.19392,2194,828.176147,828.1776,-0.190429688,0
2.19518,2195,828.176147,828.1776,-0.190429688,0
2.19700,2196,828.176147,828.1776,-0.190429688,0
2.19703,2197,828.176147,828.1776,-0.190429688,0
2.19824,2198,828.176147,828.1776,-0.190429688,0
2.20014,2199,828.176147,828.1776,-0.190429688,0
2.20019,2200,828.176147,828.1776,-0.190429688,0
2.20189,2201,828.176147,828.1776,-0.190429688,0
2.20190,2202,828.176147,828.1776,-0.190429688,0
2.20319,2203,828.176147,828.1776,-0.190429688,0
2.20500,2204,828.176147,828.1774,-0.03845215,-0.0163597353
2.20502,2205,828.176147,828.1774,-0.166625977,-0.0272662267
2.20628,2206,828.176147,828.1774,-0.166625977,-0.0272662267
2.20807,2207,828.176147,828.1774,-0.166625977,-0.0272662267
2.20808,2208,828.176147,828.1774,-0.166625977,-0.0163597353
2.20991,2209,828.176147,828.1774,-0.166625977,-0.0163597353
2.20993,2210,828.176147,828.1774,-0.166625977,0
2.21118,2211,828.176147,828.1774,-0.166625977,0
2.21298,2212,828.176147,828.1774,-0.166625977,0
2.21299,2213,828.176147,828.1774,-0.166625977,0
2.21425,2214,828.176147,828.1774,-0.166625977,0
2.21607,2215,828.176147,828.1774,-0.166625977,0
2.21608,2216,828.176147,828.1774,-0.166625977,0
2.21790,2217,828.176147,828.177551,-0.267944336,0
2.21791,2218,828.176147,828.177551,-0.182495117,0
2.21916,2219,828.176147,828.177551,-0.182495117,0
2.22099,2220,828.176147,828.177551,-0.182495117,0
2.22101,2221,828.176147,828.177551,-0.182495117,0
2.22228,2222,828.176147,828.177551,-0.182495117,0
2.22406,2223,828.176147,828.177551,-0.182495117,0
2.22408,2224,828.176147,828.177551,-0.182495117,0
2.22591,2225,828.176147,828.177551,-0.182495117,0
2.22593,2226,828.176147,828.177551,-0.182495117,0
2.22726,2227,828.176147,828.177551,-0.182495117,0
2.22899,2228,828.176147,828.177551,-0.182495117,0
2.22901,2229,828.176147,828.177551,-0.182495117,0
2.23027,2230,828.176147,828.177551,-0.182495117,0
2.23206,2231,828.176147,828.177551,-0.182495117,0
2.23209,2232,828.176147,828.177551,-0.182495117,0
2.23390,2233,828.176147,828.177551,-0.182495117,0
2.23391,2234,828.176147,828.177551,-0.182495117,0
2.23516,2235,828.176147,828.177551,-0.182495117,0
2.23699,2236,828.176147,828.177551,-0.182495117,0
2.23701,2237,828.176147,828.177551,-0.182495117,0
2.23827,2238,828.176147,828.177551,-0.182495117,0
2.24006,2239,828.176147,828.177551,-0.182495117,0
2.24007,2240,828.176147,828.177551,-0.182495117,0
2.24190,2241,828.176147,828.177551,-0.182495117,0
2.24192,2242,828.176147,828.177551,-0.182495117,0
2.24315,2243,828.176147,828.177551,-0.182495117,0
2.24499,2244,828.176147,828.177551,-0.182495117,0
2.24501,2245,828.176147,828.177551,-0.182495117,0
2.24625,2246,828.176147,828.177551,-0.182495117,0
2.24807,2247,828.176147,828.177551,-0.182495117,0
2.24808,2248,828.176147,828.177551,-0.182495117,0
2.24989,2249,828.176147,828.177551,-0.182495117,0
2.24990,2250,828.176147,828.177551,-0.182495117,0
2.25115,2251,828.176147,828.177551,-0.182495117,0
2.25298,2252,828.176147,828.177551,-0.182495117,0
2.25299,2253,828.176147,828.177551,-0.182495117,0
2.25426,2254,828.176147,828.177551,-0.182495117,0
2.25609,2255,828.176147,828.177551,-0.182495117,0
2.25612,2256,828.176147,828.177551,-0.182495117,0
2.25789,2257,828.176147,828.177551,-0.182495117,0
2.25791,2258,828.176147,828.1774,-0.08117676,-0.0163597353
2.25917,2259,828.176147,828.1774,-0.166625977,-0.0163597353
2.26100,2260,828.176147,828.1774,-0.166625977,-0.0163597353
2.26102,2261,828.176147,828.1774,-0.166625977,-0.0163597353
2.26226,2262,828.176147,828.1774,-0.166625977,0
2.26406,2263,828.176147,828.1774,-0.166625977,0
2.26407,2264,828.176147,828.1774,-0.166625977,0
2.26589,2265,828.176147,828.1774,-0.166625977,0
2.26590,2266,828.176147,828.1774,-0.166625977,0
2.26716,2267,828.176147,828.1774,-0.166625977,0
2.26899,2268,828.176147,828.1774,-0.166625977,0
2.26901,2269,828.176147,828.1774,-0.166625977,0
2.27030,2270,828.176147,828.1774,-0.166625977,0
2.27206,2271,828.176147,828.1774,-0.166625977,0
2.27207,2272,828.176147,828.1774,-0.166625977,0
2.27392,2273,828.176147,828.1774,-0.166625977,0
2.27395,2274,828.176147,828.1774,-0.166625977,0
2.27530,2275,828.176147,828.1774,-0.166625977,0
2.27698,2276,828.176147,828.1774,-0.166625977,0
2.27701,2277,828.176147,828.1774,-0.166625977,0
2.27827,2278,828.176147,828.1774,-0.166625977,0
2.28008,2279,828.176147,828.1774,-0.166625977,0
2.28010,2280,828.176147,828.1774,-0.166625977,0
2.28194,2281,828.176147,828.1774,-0.166625977,0
2.28197,2282,828.176147,828.1774,-0.166625977,0
2.28317,2283,828.176147,828.1774,-0.166625977,0
2.28500,2284,828.176147,828.1774,-0.166625977,0
2.28503,2285,828.176147,828.1774,-0.166625977,0
2.28627,2286,828.176147,828.1774,-0.166625977,0
2.28807,2287,828.176147,828.1774,-0.166625977,0
2.28809,2288,828.176147,828.1774,-0.166625977,0
2.28990,2289,828.176147,828.1774,-0.166625977,0
2.28993,2290,828.176147,828.1774,-0.166625977,0
2.29116,2291,828.176147,828.1774,-0.166625977,0
2.29298,2292,828.176147,828.1774,-0.166625977,0
2.29299,2293,828.176147,828.1774,-0.166625977,0
2.29426,2294,828.176147,828.1774,-0.166625977,0
2.29606,2295,828.176147,828.1774,-0.166625977,0
2.29608,2296,828.176147,828.1774,-0.166625977,0
2.29793,2297,828.176147,828.1774,-0.166625977,0
2.29797,2298,828.176147,828.1774,-0.166625977,0
2.29915,2299,828.176147,828.1774,-0.166625977,0
2.30097,2300,828.176147,828.1774,-0.166625977,0
2.30098,2301,828.176147,828.1774,-0.166625977,0
2.30225,2302,828.176147,828.1774,-0.166625977,0
2.30406,2303,828.176147,828.1774,-0.166625977,0
2.30408,2304,828.176147,828.1774,-0.166625977,0
2.30590,2305,828.176147,828.1774,-0.166625977,0
2.30591,2306,828.176147,828.1774,-0.166625977,0
2.30715,2307,828.176147,828.1774,-0.166625977,0
2.30903,2308,828.176147,828.1774,-0.166625977,0
2.30908,2309,828.176147,828.1774,-0.166625977,0
2.31027,2310,828.176147,828.1774,-0.166625977,0
2.31207,2311,828.176147,828.1774,-0.166625977,0
2.31208,2312,828.176147,828.1774,-0.166625977,0
2.31392,2313,828.176147,828.1774,-0.166625977,0
2.31393,2314,828.176147,828.1774,-0.166625977,0
2.31518,2315,828.176147,828.1774,-0.166625977,-0.0163597353
2.31701,2316,828.176147,828.1774,-0.166625977,-0.0163597353
2.31703,2317,828.176147,828.1774,-0.166625977,-0.0163597353
2.31824,2318,828.176147,828.1774,-0.166625977,-0.0272662267
2.32008,2319,828.176147,828.1774,-0.166625977,-0.0163597353
2.32010,2320,828.176147,828.1774,-0.166625977,-0.0163597353
2.32192,2321,828.176147,828.1774,-0.166625977,-0.0163597353
2.32196,2322,828.176147,828.1774,-0.166625977,-0.0163597353
2.32318,2323,828.176147,828.1774,-0.166625977,-0.0163597353
2.32505,2324,828.176147,828.1774,-0.166625977,0
2.32508,2325,828.176147,828.1774,-0.166625977,0
2.32626,2326,828.176147,828.1774,-0.166625977,0
2.32807,2327,828.176147,828.1774,-0.166625977,0
2.32809,2328,828.176147,828.1774,-0.166625977,0
2.32994,2329,828.176147,828.1774,-0.166625977,0
2.33000,2330,828.176147,828.1774,-0.166625977,0
2.33116,2331,828.176147,828.1774,-0.166625977,0
2.33300,2332,828.176147,828.1774,-0.166625977,0
2.33303,2333,828.176147,828.1774,-0.166625977,0
2.33426,2334,828.176147,828.1774,-0.166625977,0
2.33608,2335,828.176147,828.1774,-0.166625977,0
2.33609,2336,828.176147,828.1774,-0.166625977,0
2.33791,2337,828.176147,828.1774,-0.166625977,0
2.33793,2338,828.176147,828.1774,-0.166625977,0
2.33916,2339,828.176147,828.1774,-0.166625977,0
2.34098,2340,828.176147,828.1774,-0.166625977,0
2.34099,2341,828.176147,828.1774,-0.166625977,0
2.34225,2342,828.176147,828.1774,-0.166625977,0
2.34409,2343,828.176147,828.1774,-0.166625977,0
2.34410,2344,828.176147,828.1774,-0.166625977,0
2.34593,2345,828.176147,828.1774,-0.166625977,0
2.34596,2346,828.176147,828.1774,-0.166625977,0
2.34715,2347,828.176147,828.1774,-0.166625977,0
2.34900,2348,828.176147,828.1774,-0.166625977,0
2.34903,2349,828.176147,828.1774,-0.166625977,0
2.35024,2350,828.176147,828.1774,-0.166625977,0
2.35209,2351,828.176147,828.1774,-0.166625977,0
2.35210,2352,828.176147,828.1774,-0.166625977,0
2.35393,2353,828.176147,828.1774,-0.166625977,0
2.35395,2354,828.176147,828.1774,-0.166625977,0
2.35515,2355,828.176147,828.1774,-0.166625977,0
2.35699,2356,828.176147,828.1774,-0.166625977,0
2.35702,2357,828.176147,828.1774,-0.166625977,0
2.35849,2358,828.176147,828.1774,-0.166625977,0
2.36011,2359,828.176147,828.1774,-0.166625977,0
2.36015,2360,828.176147,828.1774,-0.166625977,0
2.36191,2361,828.176147,828.1774,-0.166625977,0
2.36193,2362,828.176147,828.1774,-0.166625977,0
2.36317,2363,828.176147,828.1774,-0.166625977,-0.0163597353
2.36504,2364,828.176147,828.1774,-0.166625977,-0.0163597353
2.36510,2365,828.176147,828.1774,-0.166625977,-0.0163597353
2.36625,2366,828.176147,828.1774,-0.166625977,-0.0163597353
2.36807,2367,828.176147,828.1774,-0.166625977,0
2.36809,2368,828.176147,828.1774,-0.166625977,0
2.36991,2369,828.176147,828.1774,-0.166625977,0
2.36994,2370,828.176147,828.1774,-0.166625977,0
2.37117,2371,828.176147,828.1774,-0.166625977,0
2.37301,2372,828.176147,828.1774,-0.166625977,0
2.37304,2373,828.176147,828.1774,-0.166625977,0
2.37423,2374,828.176147,828.1774,-0.166625977,0
2.37614,2375,828.176147,828.1774,-0.166625977,0
2.37617,2376,828.176147,828.1774,-0.166625977,0
2.37792,2377,828.176147,828.1774,-0.166625977,0
2.37795,2378,828.176147,828.1774,-0.166625977,0
2.37916,2379,828.176147,828.1774,-0.166625977,0
2.38100,2380,828.176147,828.1774,-0.166625977,0
2.38102,2381,828.176147,828.1774,-0.166625977,0
2.38224,2382,828.176147,828.1774,-0.166625977,0
2.38410,2383,828.176147,828.1774,-0.166625977,-0.0163597353
2.38412,2384,828.176147,828.1774,-0.166625977,-0.0163597353
2.38591,2385,828.176147,828.1774,-0.166625977,-0.0163597353
2.38593,2386,828.176147,828.1774,-0.166625977,-0.0163597353
2.38715,2387,828.176147,828.1774,-0.166625977,0
2.38900,2388,828.176147,828.1774,-0.166625977,0
2.38903,2389,828.176147,828.177368,-0.1159668,-0.0163597353
2.39024,2390,828.176147,828.177368,-0.1586914,-0.0163597353
2.39211,2391,828.176147,828.177368,-0.1586914,-0.0272662267
2.39214,2392,828.176147,828.177368,-0.1586914,-0.0272662267
2.39393,2393,828.176147,828.177246,-0.0573730469,-0.0163597353
2.39396,2394,828.176147,828.177246,-0.142822266,-0.0163597353
2.39514,2395,828.176147,828.177368,-0.244140625,-0.0163597353
2.39705,2396,828.176147,828.177368,-0.1586914,0
2.39708,2397,828.176147,828.177368,-0.1586914,0
2.39825,2398,828.176147,828.177368,-0.1586914,0
2.40009,2399,828.176147,828.177368,-0.1586914,0
2.40011,2400,828.176147,828.177368,-0.1586914,0
2.40192,2401,828.176147,828.177368,-0.1586914,0
2.40195,2402,828.176147,828.177368,-0.1586914,0
2.40315,2403,828.176147,828.177368,-0.1586914,0
2.40500,2404,828.176147,828.177368,-0.1586914,0
2.40503,2405,828.176147,828.177368,-0.1586914,0
2.40624,2406,828.176147,828.177368,-0.1586914,0
2.40809,2407,828.176147,828.177368,-0.1586914,0
2.40811,2408,828.176147,828.177368,-0.1586914,0
2.40991,2409,828.176147,828.177368,-0.1586914,0
2.40993,2410,828.176147,828.177368,-0.1586914,0
2.41117,2411,828.176147,828.177368,-0.1586914,0
2.41299,2412,828.176147,828.177368,-0.1586914,0
2.41300,2413,828.176147,828.177368,-0.1586914,0
2.41424,2414,828.176147,828.177368,-0.1586914,0
2.41609,2415,828.176147,828.177368,-0.1586914,0
2.41612,2416,828.176147,828.177368,-0.1586914,0
2.41792,2417,828.176147,828.177368,-0.1586914,0
2.41796,2418,828.176147,828.177368,-0.1586914,0
2.41918,2419,828.176147,828.177368,-0.1586914,0
2.42099,2420,828.176147,828.177368,-0.1586914,0
2.42102,2421,828.176147,828.177368,-0.1586914,0
2.42223,2422,828.176147,828.177368,-0.1586914,0
2.42411,2423,828.176147,828.177368,-0.1586914,0
2.42414,2424,828.176147,828.177368,-0.1586914,0
2.42593,2425,828.176147,828.177368,-0.1586914,0
2.42597,2426,828.176147,828.177368,-0.1586914,0
2.42716,2427,828.176147,828.177368,-0.1586914,0
2.42903,2428,828.176147,828.177368,-0.1586914,0
2.42906,2429,828.176147,828.177368,-0.1586914,0
2.43024,2430,828.176147,828.177368,-0.1586914,0
2.43207,2431,828.176147,828.177368,-0.1586914,0
2.43209,2432,828.176147,828.177368,-0.1586914,0
2.43391,2433,828.176147,828.177368,-0.1586914,0
2.43393,2434,828.176147,828.177368,-0.1586914,0
2.43515,2435,828.176147,828.177368,-0.1586914,0
2.43700,2436,828.176147,828.177368,-0.1586914,0
2.43702,2437,828.176147,828.177368,-0.1586914,0
2.43824,2438,828.176147,828.177368,-0.1586914,0
2.44006,2439,828.176147,828.177368,-0.1586914,0
2.44009,2440,828.176147,828.177368,-0.1586914,0
2.44190,2441,828.176147,828.177368,-0.1586914,0
2.44194,2442,828.176147,828.177246,-0.0573730469,-0.0163597353
2.44318,2443,828.176147,828.177246,-0.142822266,-0.0163597353
2.44503,2444,828.176147,828.177246,-0.142822266,-0.0163597353
2.44505,2445,828.176147,828.177246,-0.142822266,-0.0163597353
2.44625,2446,828.176147,828.177246,-0.142822266,-0.0163597353
2.44812,2447,828.176147,828.177246,-0.142822266,0
2.44814,2448,828.176147,828.177246,-0.142822266,0
2.44992,2449,828.176147,828.177246,-0.142822266,0
2.44996,2450,828.176147,828.177246,-0.142822266,0
2.45115,2451,828.176147,828.177246,-0.142822266,0
2.45303,2452,828.176147,828.177246,-0.142822266,0
2.45308,2453,828.176147,828.177246,-0.142822266,0
2.45424,2454,828.176147,828.177246,-0.142822266,0
2.45609,2455,828.176147,828.177246,-0.142822266,0
2.45611,2456,828.176147,828.177246,-0.142822266,0
2.45792,2457,828.176147,828.177246,-0.142822266,0
2.45794,2458,828.176147,828.177246,-0.142822266,0
2.45925,2459,828.176147,828.177246,-0.142822266,0
2.46106,2460,828.176147,828.177246,-0.142822266,0
2.46110,2461,828.176147,828.177246,-0.142822266,0
2.46224,2462,828.176147,828.177246,-0.142822266,0
2.46409,2463,828.176147,828.177246,-0.142822266,0
2.46411,2464,828.176147,828.177246,-0.142822266,0
2.46602,2465,828.176147,828.177246,-0.142822266,0
2.46607,2466,828.176147,828.177246,-0.142822266,0
2.46717,2467,828.176147,828.177246,-0.142822266,0
2.46900,2468,828.176147,828.177246,-0.142822266,0
2.46901,2469,828.176147,828.177246,-0.142822266,0
2.47027,2470,828.176147,828.177246,-0.142822266,0
2.47209,2471,828.176147,828.177246,-0.142822266,0
2.47213,2472,828.176147,828.177246,-0.142822266,0
2.47391,2473,828.176147,828.177246,-0.142822266,0
2.47395,2474,828.176147,828.177246,-0.142822266,0
2.47529,2475,828.176147,828.177246,-0.142822266,0
2.47702,2476,828.176147,828.177246,-0.142822266,0
2.47706,2477,828.176147,828.177246,-0.142822266,0
2.47824,2478,828.176147,828.177246,-0.142822266,0
2.48010,2479,828.176147,828.177246,-0.142822266,0
2.48013,2480,828.176147,828.177246,-0.142822266,0
2.48193,2481,828.176147,828.177246,-0.142822266,0
2.48196,2482,828.176147,828.177246,-0.142822266,0
2.48318,2483,828.176147,828.177246,-0.142822266,0
2.48502,2484,828.176147,828.177246,-0.142822266,0
2.48505,2485,828.176147,828.177246,-0.142822266,0
2.48628,2486,828.176147,828.177246,-0.142822266,0
2.48811,2487,828.176147,828.177246,-0.142822266,0
2.48813,2488,828.176147,828.177246,-0.142822266,0
2.48992,2489,828.176147,828.177246,-0.142822266,0
2.48995,2490,828.176147,828.177246,-0.142822266,0
2.49118,2491,828.176147,828.177246,-0.142822266,0
2.49300,2492,828.176147,828.177246,-0.142822266,0
2.49302,2493,828.176147,828.177246,-0.142822266,0
2.49424,2494,828.176147,828.177246,-0.142822266,0
2.49610,2495,828.176147,828.177246,-0.142822266,0
2.49613,2496,828.176147,828.177246,-0.142822266,0
2.49791,2497,828.176147,828.177246,-0.142822266,0
2.49793,2498,828.176147,828.177246,-0.142822266,0
2.49915,2499,828.176147,828.177246,-0.142822266,0
2.50103,2500,828.176147,828.177246,-0.142822266,0
2.50106,2501,828.176147,828.177246,-0.142822266,0
2.50223,2502,828.176147,828.177246,-0.142822266,0
2.50411,2503,828.176147,828.177246,-0.142822266,0
2.50414,2504,828.176147,828.177246,-0.142822266,0
2.50593,2505,828.176147,828.177246,-0.142822266,0
2.50598,2506,828.176147,828.177246,-0.142822266,0
2.50715,2507,828.176147,828.177246,-0.142822266,0
2.50905,2508,828.176147,828.177246,-0.142822266,0
2.50910,2509,828.176147,828.177246,-0.142822266,0
2.51026,2510,828.176147,828.177246,-0.142822266,0
2.51219,2511,828.176147,828.177246,-0.142822266,0
2.51223,2512,828.176147,828.177246,-0.142822266,0
2.51393,2513,828.176147,828.177246,-0.142822266,0
2.51396,2514,828.176147,828.177246,-0.142822266,0
2.51522,2515,828.176147,828.177246,-0.142822266,0
2.51700,2516,828.176147,828.177246,-0.142822266,0
2.51704,2517,828.176147,828.177246,-0.142822266,0
2.51826,2518,828.176147,828.177246,-0.142822266,0
2.52009,2519,828.176147,828.177246,-0.142822266,0
2.52013,2520,828.176147,828.177246,-0.142822266,0
2.52191,2521,828.176147,828.177246,-0.142822266,0
2.52195,2522,828.176147,828.177246,-0.142822266,0
2.52316,2523,828.176147,828.177246,-0.142822266,0
2.52514,2524,828.176147,828.177246,-0.142822266,0
2.52522,2525,828.176147,828.177246,-0.142822266,0
2.52626,2526,828.176147,828.177246,-0.142822266,0
2.52812,2527,828.176147,828.177246,-0.142822266,-0.0163597353
2.52815,2528,828.176147,828.177246,-0.142822266,-0.0272662267
2.52992,2529,828.176147,828.177246,-0.142822266,-0.0272662267
2.52996,2530,828.176147,828.177246,-0.142822266,-0.0272662267
2.53116,2531,828.176147,828.177246,-0.142822266,-0.0272662267
2.53303,2532,828.176147,828.177246,-0.142822266,-0.0272662267
2.53305,2533,828.176147,828.177246,-0.142822266,-0.0163597353
2.53423,2534,828.176147,828.177246,-0.142822266,-0.0163597353
2.53609,2535,828.176147,828.177246,-0.142822266,0
2.53611,2536,828.176147,828.177246,-0.142822266,0
2.53798,2537,828.176147,828.177246,-0.142822266,0
2.53802,2538,828.176147,828.177246,-0.142822266,0
2.53917,2539,828.176147,828.177246,-0.142822266,0
2.54103,2540,828.176147,828.177246,-0.142822266,0
2.54106,2541,828.176147,828.177246,-0.142822266,0
2.54225,2542,828.176147,828.177246,-0.142822266,0
2.54408,2543,828.176147,828.177246,-0.142822266,0
2.54410,2544,828.176147,828.177246,-0.142822266,0
2.54590,2545,828.176147,828.177246,-0.142822266,0
2.54591,2546,828.176147,828.177246,-0.142822266,0
2.54716,2547,828.176147,828.177246,-0.142822266,0
2.54901,2548,828.176147,828.177246,-0.142822266,0
2.54904,2549,828.176147,828.177246,-0.142822266,0
2.55024,2550,828.176147,828.177246,-0.142822266,0
2.55210,2551,828.176147,828.177246,-0.142822266,0
2.55212,2552,828.176147,828.177246,-0.142822266,0
2.55390,2553,828.176147,828.177246,-0.142822266,0
2.55392,2554,828.176147,828.177246,-0.142822266,0
2.55515,2555,828.176147,828.177246,-0.142822266,0
2.55698,2556,828.176147,828.177246,-0.142822266,0
2.55701,2557,828.176147,828.177246,-0.142822266,0
2.55839,2558,828.176147,828.177246,-0.142822266,0
2.56009,2559,828.176147,828.177246,-0.142822266,0
2.56013,2560,828.176147,828.177246,-0.142822266,0
2.56190,2561,828.176147,828.177246,-0.142822266,0
2.56192,2562,828.176147,828.177246,-0.142822266,0
2.56318,2563,828.176147,828.177246,-0.142822266,0
2.56512,2564,828.176147,828.177246,-0.142822266,0
2.56516,2565,828.176147,828.177246,-0.142822266,0
2.56626,2566,828.176147,828.177246,-0.142822266,0
2.56813,2567,828.176147,828.177246,-0.142822266,0
2.56817,2568,828.176147,828.177246,-0.142822266,0
2.56993,2569,828.176147,828.177246,-0.142822266,0
2.56997,2570,828.176147,828.177246,-0.142822266,0
2.57114,2571,828.176147,828.177246,-0.142822266,0
2.57300,2572,828.176147,828.177246,-0.142822266,0
2.57302,2573,828.176147,828.177246,-0.142822266,0
2.57424,2574,828.176147,828.177246,-0.142822266,0
2.57608,2575,828.176147,828.177246,-0.142822266,0
2.57611,2576,828.176147,828.177246,-0.142822266,0
2.57797,2577,828.176147,828.177246,-0.142822266,0
2.57800,2578,828.176147,828.177246,-0.142822266,0
2.57917,2579,828.176147,828.177246,-0.142822266,0
2.58104,2580,828.176147,828.177246,-0.142822266,0
2.58106,2581,828.176147,828.177246,-0.142822266,0
2.58225,2582,828.176147,828.177246,-0.142822266,0
2.58411,2583,828.176147,828.177246,-0.142822266,0
2.58413,2584,828.176147,828.177246,-0.142822266,0
2.58592,2585,828.176147,828.177246,-0.142822266,0
2.58595,2586,828.176147,828.177246,-0.142822266,0
2.58716,2587,828.176147,828.177246,-0.142822266,0
2.58900,2588,828.176147,828.177246,-0.142822266,0
2.58902,2589,828.176147,828.177246,-0.142822266,0
2.59024,2590,828.176147,828.177246,-0.142822266,0
2.59222,2591,828.176147,828.177246,-0.142822266,0
2.59228,2592,828.176147,828.177246,-0.142822266,0
2.59397,2593,828.176147,828.177246,-0.142822266,0
2.59399,2594,828.176147,828.177246,-0.142822266,0
2.59516,2595,828.176147,828.177246,-0.142822266,0
2.59702,2596,828.176147,828.177246,-0.142822266,0
2.59704,2597,828.176147,828.177246,-0.142822266,0
2.59823,2598,828.176147,828.177246,-0.142822266,-0.0163597353
2.60009,2599,828.176147,828.177246,-0.142822266,-0.0163597353
2.60011,2600,828.176147,828.177246,-0.142822266,-0.0272662267
2.60194,2601,828.176147,828.177246,-0.142822266,-0.0272662267
2.60197,2602,828.176147,828.1771,-0.0415039063,-0.0163597353
2.60315,2603,828.176147,828.177246,-0.228271484,-0.0163597353
2.60505,2604,828.176147,828.177246,-0.142822266,-0.0163597353
2.60509,2605,828.176147,828.177246,-0.142822266,0
2.60624,2606,828.176147,828.177246,-0.142822266,0
2.60814,2607,828.176147,828.177246,-0.142822266,0
2.60820,2608,828.176147,828.177246,-0.142822266,0
2.60993,2609,828.176147,828.177246,-0.142822266,0
2.60996,2610,828.176147,828.177246,-0.142822266,0
2.61116,2611,828.176147,828.177246,-0.142822266,0
2.61300,2612,828.176147,828.177246,-0.142822266,0
2.61305,2613,828.176147,828.177246,-0.142822266,0
2.61426,2614,828.176147,828.177246,-0.142822266,0
2.61611,2615,828.176147,828.177246,-0.142822266,0
2.61614,2616,828.176147,828.177246,-0.142822266,0
2.61789,2617,828.176147,828.177246,-0.142822266,0
2.61791,2618,828.176147,828.177246,-0.142822266,0
2.61915,2619,828.176147,828.177246,-0.142822266,0
2.62100,2620,828.176147,828.177246,-0.142822266,0
2.62104,2621,828.176147,828.177246,-0.142822266,0
2.62226,2622,828.176147,828.177246,-0.142822266,0
2.62408,2623,828.176147,828.177246,-0.142822266,0
2.62411,2624,828.176147,828.177246,-0.142822266,0
2.62591,2625,828.176147,828.177246,-0.142822266,0
2.62592,2626,828.176147,828.177246,-0.142822266,0
2.62718,2627,828.176147,828.177246,-0.142822266,0
2.62905,2628,828.176147,828.177246,-0.142822266,0
2.62910,2629,828.176147,828.177246,-0.142822266,0
2.63023,2630,828.176147,828.177246,-0.142822266,0
2.63209,2631,828.176147,828.177246,-0.142822266,0
2.63212,2632,828.176147,828.177246,-0.142822266,0
2.63389,2633,828.176147,828.177246,-0.142822266,0
2.63391,2634,828.176147,828.177246,-0.142822266,0
2.63514,2635,828.176147,828.177246,-0.142822266,0
2.63698,2636,828.176147,828.177246,-0.142822266,0
2.63700,2637,828.176147,828.177246,-0.142822266,0
2.63827,2638,828.176147,828.177246,-0.142822266,0
2.64012,2639,828.176147,828.177246,-0.142822266,0
2.64015,2640,828.176147,828.177246,-0.142822266,0
2.64193,2641,828.176147,828.177246,-0.142822266,0
2.64196,2642,828.176147,828.177246,-0.142822266,0
2.64318,2643,828.176147,828.177246,-0.142822266,-0.0163597353
2.64501,2644,828.176147,828.177246,-0.142822266,-0.0163597353
2.64505,2645,828.176147,828.177246,-0.142822266,-0.0163597353
2.64627,2646,828.176147,828.177246,-0.142822266,-0.0163597353
2.64809,2647,828.176147,828.177246,-0.142822266,0
2.64815,2648,828.176147,828.177246,-0.142822266,0
2.64990,2649,828.176147,828.177246,-0.142822266,0
2.64992,2650,828.176147,828.177246,-0.142822266,0
2.65115,2651,828.176147,828.177246,-0.142822266,0
2.65299,2652,828.176147,828.177246,-0.142822266,0
2.65304,2653,828.176147,828.177246,-0.142822266,0
2.65424,2654,828.176147,828.177246,-0.142822266,0
2.65608,2655,828.176147,828.177246,-0.142822266,0
2.65610,2656,828.176147,828.177246,-0.142822266,0
2.65789,2657,828.176147,828.177246,-0.142822266,0
2.65791,2658,828.176147,828.177246,-0.142822266,0
2.65916,2659,828.176147,828.177246,-0.142822266,0
2.66103,2660,828.176147,828.177246,-0.142822266,0
2.66107,2661,828.176147,828.177246,-0.142822266,0
2.66225,2662,828.176147,828.177246,-0.142822266,0
2.66413,2663,828.176147,828.177246,-0.142822266,0
2.66416,2664,828.176147,828.177246,-0.142822266,0
2.66589,2665,828.176147,828.177246,-0.142822266,0
2.66591,2666,828.176147,828.177246,-0.142822266,0
2.66720,2667,828.176147,828.177246,-0.142822266,0
2.66899,2668,828.176147,828.177246,-0.142822266,0
2.66902,2669,828.176147,828.177246,-0.142822266,0
2.67025,2670,828.176147,828.177246,-0.142822266,0
2.67210,2671,828.176147,828.177246,-0.142822266,0
2.67214,2672,828.176147,828.177246,-0.142822266,0
2.67394,2673,828.176147,828.177246,-0.142822266,0
2.67397,2674,828.176147,828.177246,-0.142822266,0
2.67533,2675,828.176147,828.177246,-0.142822266,0
2.67702,2676,828.176147,828.177246,-0.142822266,0
2.67707,2677,828.176147,828.177246,-0.142822266,0
2.67824,2678,828.176147,828.177246,-0.142822266,0
2.68011,2679,828.176147,828.1771,-0.0415039063,-0.0163597353
2.68015,2680,828.176147,828.1771,-0.126953125,-0.0163597353
2.68189,2681,828.176147,828.1771,-0.126953125,-0.0163597353
2.68190,2682,828.176147,828.1771,-0.126953125,-0.0163597353
2.68316,2683,828.176147,828.1771,-0.126953125,-0.0163597353
2.68498,2684,828.176147,828.1771,-0.126953125,-0.0163597353
2.68499,2685,828.176147,828.1771,-0.126953125,-0.0163597353
2.68624,2686,828.176147,828.1771,-0.126953125,-0.0163597353
2.68810,2687,828.176147,828.1771,-0.126953125,-0.0163597353
2.68816,2688,828.176147,828.1771,-0.126953125,0
2.68990,2689,828.176147,828.1771,-0.126953125,0
2.68991,2690,828.176147,828.1771,-0.126953125,0
2.69115,2691,828.176147,828.1771,-0.126953125,0
2.69299,2692,828.176147,828.1771,-0.126953125,0
2.69302,2693,828.176147,828.1771,-0.126953125,0
2.69427,2694,828.176147,828.1771,-0.126953125,0
2.69613,2695,828.176147,828.1771,-0.126953125,0
2.69615,2696,828.176147,828.1771,-0.126953125,0
2.69789,2697,828.176147,828.1771,-0.126953125,0
2.69792,2698,828.176147,828.1771,-0.126953125,0
2.69919,2699,828.176147,828.1771,-0.126953125,0
2.70099,2700,828.176147,828.1771,-0.126953125,0
2.70103,2701,828.176147,828.1771,-0.126953125,0
2.70226,2702,828.176147,828.1771,-0.126953125,0
2.70414,2703,828.176147,828.1771,-0.126953125,0
2.70418,2704,828.176147,828.1771,-0.126953125,0
2.70590,2705,828.176147,828.1771,-0.126953125,0
2.70592,2706,828.176147,828.1771,-0.126953125,0
2.70718,2707,828.176147,828.1771,-0.126953125,0
2.70906,2708,828.176147,828.1771,-0.126953125,0
2.70909,2709,828.176147,828.1771,-0.126953125,0
2.71030,2710,828.176147,828.1771,-0.126953125,0
2.71210,2711,828.176147,828.1771,-0.126953125,0
2.71215,2712,828.176147,828.1771,-0.126953125,0
2.71393,2713,828.176147,828.1771,-0.126953125,0
2.71396,2714,828.176147,828.1771,-0.126953125,0
2.71517,2715,828.176147,828.1771,-0.126953125,0
2.71697,2716,828.176147,828.1771,-0.126953125,0
2.71698,2717,828.176147,828.1771,-0.126953125,0
2.71823,2718,828.176147,828.1771,-0.126953125,0
2.72010,2719,828.176147,828.1771,-0.126953125,0
2.72012,2720,828.176147,828.1771,-0.126953125,0
2.72188,2721,828.176147,828.1771,-0.126953125,0
2.72190,2722,828.176147,828.1771,-0.126953125,0
2.72317,2723,828.176147,828.1771,-0.126953125,0
2.72529,2724,828.176147,828.1771,-0.126953125,0
2.72533,2725,828.176147,828.1771,-0.126953125,0
2.72625,2726,828.176147,828.1771,-0.126953125,0
2.72810,2727,828.176147,828.1771,-0.126953125,0
2.72814,2728,828.176147,828.1771,-0.126953125,0
2.72990,2729,828.176147,828.1771,-0.126953125,0
2.72992,2730,828.176147,828.1771,-0.126953125,0
2.73116,2731,828.176147,828.1771,-0.126953125,0
2.73298,2732,828.176147,828.1771,-0.126953125,0
2.73300,2733,828.176147,828.1771,-0.126953125,0
2.73426,2734,828.176147,828.1771,-0.126953125,0
2.73607,2735,828.176147,828.1771,-0.126953125,0
2.73609,2736,828.176147,828.1771,-0.126953125,0
2.73789,2737,828.176147,828.1771,-0.126953125,0
2.73790,2738,828.176147,828.1771,-0.126953125,0
2.73917,2739,828.176147,828.1771,-0.126953125,0
2.74098,2740,828.176147,828.1771,-0.126953125,0
2.74099,2741,828.176147,828.1771,-0.126953125,0
2.74224,2742,828.176147,828.1771,-0.126953125,0
2.74408,2743,828.176147,828.1771,-0.126953125,0
2.74411,2744,828.176147,828.1771,-0.126953125,0
2.74590,2745,828.176147,828.1771,-0.126953125,0
2.74592,2746,828.176147,828.1771,-0.126953125,0
2.74722,2747,828.176147,828.1771,-0.126953125,0
2.74900,2748,828.176147,828.1771,-0.126953125,0
2.74904,2749,828.176147,828.1771,-0.126953125,0
2.75025,2750,828.176147,828.1771,-0.126953125,0
2.75210,2751,828.176147,828.1771,-0.126953125,0
2.75215,2752,828.176147,828.1771,-0.126953125,0
2.75390,2753,828.176147,828.1771,-0.126953125,0
2.75391,2754,828.176147,828.1771,-0.126953125,0
2.75519,2755,828.176147,828.1771,-0.126953125,0
2.75699,2756,828.176147,828.1771,-0.126953125,0
2.75700,2757,828.176147,828.1771,-0.126953125,0
2.75847,2758,828.176147,828.1771,-0.126953125,0
2.76008,2759,828.176147,828.1771,-0.126953125,0
2.76010,2760,828.176147,828.1771,-0.126953125,0
2.76190,2761,828.176147,828.1771,-0.126953125,0
2.76192,2762,828.176147,828.1771,-0.126953125,0
2.76318,2763,828.176147,828.1771,-0.126953125,0
2.76500,2764,828.176147,828.1771,-0.126953125,0
2.76501,2765,828.176147,828.1771,-0.126953125,0
2.76626,2766,828.176147,828.1771,-0.126953125,0
2.76807,2767,828.176147,828.1771,-0.126953125,0
2.76809,2768,828.176147,828.1771,-0.126953125,0
2.76988,2769,828.176147,828.1771,-0.126953125,0
2.76990,2770,828.176147,828.1771,-0.126953125,-0.0163597353
2.77115,2771,828.176147,828.1771,-0.126953125,-0.0163597353
2.77299,2772,828.176147,828.1771,-0.126953125,-0.0272662267
2.77302,2773,828.176147,828.1771,-0.126953125,-0.0272662267
2.77424,2774,828.176147,828.1771,-0.126953125,-0.0163597353
2.77608,2775,828.176147,828.1771,-0.126953125,-0.0163597353
2.77610,2776,828.176147,828.1771,-0.126953125,0
2.77792,2777,828.176147,828.1771,-0.126953125,0
2.77793,2778,828.176147,828.1771,-0.126953125,0
2.77919,2779,828.176147,828.1771,-0.126953125,0
2.78100,2780,828.176147,828.1771,-0.126953125,0
2.78102,2781,828.176147,828.1771,-0.126953125,0
2.78229,2782,828.176147,828.1771,-0.126953125,0
2.78409,2783,828.176147,828.1771,-0.126953125,0
2.78413,2784,828.176147,828.1771,-0.126953125,0
2.78591,2785,828.176147,828.1771,-0.126953125,0
2.78592,2786,828.176147,828.1771,-0.126953125,0
2.78718,2787,828.176147,828.1771,-0.126953125,0
2.78897,2788,828.176147,828.1771,-0.126953125,0
2.78899,2789,828.176147,828.1771,-0.126953125,0
2.79032,2790,828.176147,828.1771,-0.126953125,0
2.79207,2791,828.176147,828.1771,-0.126953125,0
2.79209,2792,828.176147,828.1771,-0.126953125,0
2.79390,2793,828.176147,828.1771,-0.126953125,0
2.79392,2794,828.176147,828.1771,-0.126953125,0
2.79516,2795,828.176147,828.1771,-0.126953125,0
2.79700,2796,828.176147,828.1771,-0.126953125,0
2.79702,2797,828.176147,828.1771,-0.126953125,0
2.79825,2798,828.176147,828.1771,-0.126953125,0
2.80006,2799,828.176147,828.1771,-0.126953125,0
2.80008,2800,828.176147,828.1771,-0.126953125,0
2.80191,2801,828.176147,828.1771,-0.126953125,0
2.80193,2802,828.176147,828.1771,-0.126953125,0
2.80315,2803,828.176147,828.1771,-0.126953125,0
2.80497,2804,828.176147,828.1771,-0.126953125,0
2.80500,2805,828.176147,828.1771,-0.126953125,0
2.80624,2806,828.176147,828.1771,-0.126953125,0
2.80807,2807,828.176147,828.1771,-0.126953125,0
2.80808,2808,828.176147,828.1771,-0.126953125,0
2.80992,2809,828.176147,828.1771,-0.126953125,0
2.80995,2810,828.176147,828.1771,-0.126953125,0
2.81115,2811,828.176147,828.1771,-0.126953125,0
2.81300,2812,828.176147,828.1771,-0.126953125,0
2.81302,2813,828.176147,828.1771,-0.126953125,0
2.81426,2814,828.176147,828.1771,-0.126953125,0
2.81608,2815,828.176147,828.1771,-0.126953125,0
2.81610,2816,828.176147,828.1771,-0.126953125,0
2.81793,2817,828.176147,828.1771,-0.126953125,0
2.81796,2818,828.176147,828.177063,-0.0762939453,0
2.81916,2819,828.176147,828.177063,-0.119018555,-0.0163597353
2.82097,2820,828.176147,828.177063,-0.119018555,-0.0163597353
2.82099,2821,828.176147,828.177063,-0.119018555,-0.0272662267
2.82224,2822,828.176147,828.176941,-0.0177001953,-0.0272662267
2.82406,2823,828.176147,828.176941,-0.103149414,-0.0163597353
2.82408,2824,828.176147,828.176941,-0.103149414,-0.0163597353
2.82589,2825,828.176147,828.177063,-0.204467773,0
2.82591,2826,828.176147,828.177063,-0.119018555,0
2.82717,2827,828.176147,828.177063,-0.119018555,0
2.82902,2828,828.176147,828.177063,-0.119018555,0
2.82905,2829,828.176147,828.177063,-0.119018555,0
2.83031,2830,828.176147,828.177063,-0.119018555,0
2.83211,2831,828.176147,828.177063,-0.119018555,0
2.83214,2832,828.176147,828.177063,-0.119018555,0
2.83391,2833,828.176147,828.177063,-0.119018555,0
2.83394,2834,828.176147,828.177063,-0.119018555,0
2.83515,2835,828.176147,828.177063,-0.119018555,0
2.83698,2836,828.176147,828.177063,-0.119018555,0
2.83700,2837,828.176147,828.177063,-0.119018555,0
2.83824,2838,828.176147,828.177063,-0.119018555,0
2.84007,2839,828.176147,828.177063,-0.119018555,0
2.84009,2840,828.176147,828.177063,-0.119018555,0
2.84199,2841,828.176147,828.177063,-0.119018555,0
2.84204,2842,828.176147,828.177063,-0.119018555,0
2.84319,2843,828.176147,828.177063,-0.119018555,0
2.84501,2844,828.176147,828.177063,-0.119018555,0
2.84506,2845,828.176147,828.177063,-0.119018555,0
2.84625,2846,828.176147,828.177063,-0.119018555,0
2.84807,2847,828.176147,828.177063,-0.119018555,0
2.84809,2848,828.176147,828.177063,-0.119018555,0
2.84991,2849,828.176147,828.177063,-0.119018555,0
2.84993,2850,828.176147,828.177063,-0.119018555,0
2.85115,2851,828.176147,828.177063,-0.119018555,0
2.85297,2852,828.176147,828.177063,-0.119018555,0
2.85299,2853,828.176147,828.177063,-0.119018555,0
2.85424,2854,828.176147,828.177063,-0.119018555,0
2.85606,2855,828.176147,828.177063,-0.119018555,0
2.85608,2856,828.176147,828.177063,-0.119018555,0
2.85794,2857,828.176147,828.177063,-0.119018555,0
2.85796,2858,828.176147,828.177063,-0.119018555,0
2.85920,2859,828.176147,828.177063,-0.119018555,0
2.86100,2860,828.176147,828.177063,-0.119018555,0
2.86103,2861,828.176147,828.177063,-0.119018555,0
2.86225,2862,828.176147,828.177063,-0.119018555,0
2.86409,2863,828.176147,828.177063,-0.119018555,0
2.86411,2864,828.176147,828.177063,-0.119018555,0
2.86591,2865,828.176147,828.177063,-0.119018555,0
2.86594,2866,828.176147,828.177063,-0.119018555,0
2.86717,2867,828.176147,828.177063,-0.119018555,0
2.86897,2868,828.176147,828.177063,-0.119018555,0
2.86899,2869,828.176147,828.177063,-0.119018555,0
2.87024,2870,828.176147,828.177063,-0.119018555,0
2.87206,2871,828.176147,828.177063,-0.119018555,0
2.87208,2872,828.176147,828.177063,-0.119018555,0
2.87392,2873,828.176147,828.177063,-0.119018555,0
2.87395,2874,828.176147,828.177063,-0.119018555,0
2.87524,2875,828.176147,828.177063,-0.119018555,0
2.87701,2876,828.176147,828.177063,-0.119018555,0
2.87702,2877,828.176147,828.177063,-0.119018555,0
2.87825,2878,828.176147,828.177063,-0.119018555,0
2.88008,2879,828.176147,828.177063,-0.119018555,0
2.88010,2880,828.176147,828.177063,-0.119018555,0
2.88193,2881,828.176147,828.177063,-0.119018555,0
2.88197,2882,828.176147,828.177063,-0.119018555,0
2.88316,2883,828.176147,828.177063,-0.119018555,0
2.88503,2884,828.176147,828.177063,-0.119018555,0
2.88505,2885,828.176147,828.177063,-0.119018555,0
2.88626,2886,828.176147,828.177063,-0.119018555,0
2.88809,2887,828.176147,828.177063,-0.119018555,0
2.88813,2888,828.176147,828.177063,-0.119018555,0
2.88992,2889,828.176147,828.177063,-0.119018555,0
2.88994,2890,828.176147,828.177063,-0.119018555,0
2.89116,2891,828.176147,828.177063,-0.119018555,0
2.89302,2892,828.176147,828.177063,-0.119018555,0
2.89305,2893,828.176147,828.177063,-0.119018555,0
2.89426,2894,828.176147,828.177063,-0.119018555,0
2.89611,2895,828.176147,828.177063,-0.119018555,0
2.89614,2896,828.176147,828.177063,-0.119018555,0
2.89793,2897,828.176147,828.177063,-0.119018555,0
2.89796,2898,828.176147,828.177063,-0.119018555,0
2.89917,2899,828.176147,828.177063,-0.119018555,0
2.90100,2900,828.176147,828.177063,-0.119018555,0
2.90104,2901,828.176147,828.177063,-0.119018555,0
2.90223,2902,828.176147,828.177063,-0.119018555,0
2.90409,2903,828.176147,828.177063,-0.119018555,0
2.90411,2904,828.176147,828.177063,-0.119018555,0
2.90594,2905,828.176147,828.176941,-0.0177001953,-0.0163597353
2.90597,2906,828.176147,828.176941,-0.103149414,-0.0163597353
2.90715,2907,828.176147,828.176941,-0.103149414,-0.0163597353
2.90901,2908,828.176147,828.176941,-0.103149414,-0.0163597353
2.90905,2909,828.176147,828.176941,-0.103149414,-0.0163597353
2.91025,2910,828.176147,828.176941,-0.103149414,0
2.91212,2911,828.176147,828.176941,-0.103149414,0
2.91214,2912,828.176147,828.176941,-0.103149414,0
2.91392,2913,828.176147,828.176941,-0.103149414,0
2.91396,2914,828.176147,828.176941,-0.103149414,0
2.91515,2915,828.176147,828.176941,-0.103149414,0
2.91701,2916,828.176147,828.177063,-0.204467773,0
2.91703,2917,828.176147,828.177063,-0.119018555,0
2.91825,2918,828.176147,828.177063,-0.119018555,0
2.92010,2919,828.176147,828.177063,-0.119018555,0
2.92012,2920,828.176147,828.177063,-0.119018555,0
2.92195,2921,828.176147,828.177063,-0.119018555,0
2.92198,2922,828.176147,828.176941,-0.0177001953,0
2.92314,2923,828.176147,828.176941,-0.103149414,-0.0163597353
2.92536,2924,828.176147,828.176941,-0.103149414,-0.0163597353
2.92544,2925,828.176147,828.176941,-0.103149414,-0.0163597353
2.92625,2926,828.176147,828.176941,-0.103149414,-0.0163597353
2.92808,2927,828.176147,828.176941,-0.103149414,0
2.92811,2928,828.176147,828.176941,-0.103149414,0
2.92992,2929,828.176147,828.176941,-0.103149414,0
2.92994,2930,828.176147,828.176941,-0.103149414,0
2.93115,2931,828.176147,828.176941,-0.103149414,0
2.93301,2932,828.176147,828.176941,-0.103149414,0
2.93305,2933,828.176147,828.176941,-0.103149414,0
2.93424,2934,828.176147,828.176941,-0.103149414,0
2.93611,2935,828.176147,828.176941,-0.103149414,0
2.93614,2936,828.176147,828.176941,-0.103149414,0
2.93791,2937,828.176147,828.176941,-0.103149414,0
2.93794,2938,828.176147,828.176941,-0.103149414,0
2.93915,2939,828.176147,828.176941,-0.103149414,0
2.94100,2940,828.176147,828.176941,-0.103149414,0
2.94105,2941,828.176147,828.176941,-0.103149414,0
2.94225,2942,828.176147,828.176941,-0.103149414,0
2.94409,2943,828.176147,828.176941,-0.103149414,0
2.94411,2944,828.176147,828.176941,-0.103149414,0
2.94592,2945,828.176147,828.176941,-0.103149414,0
2.94595,2946,828.176147,828.176941,-0.103149414,0
2.94719,2947,828.176147,828.176941,-0.103149414,0
2.94905,2948,828.176147,828.176941,-0.103149414,0
2.94908,2949,828.176147,828.176941,-0.103149414,0
2.95024,2950,828.176147,828.176941,-0.103149414,0
2.95212,2951,828.176147,828.176941,-0.103149414,0
2.95215,2952,828.176147,828.176941,-0.103149414,0
2.95391,2953,828.176147,828.176941,-0.103149414,0
2.95394,2954,828.176147,828.176941,-0.103149414,0
2.95516,2955,828.176147,828.176941,-0.103149414,0
2.95702,2956,828.176147,828.176941,-0.103149414,0
2.95704,2957,828.176147,828.176941,-0.103149414,0
2.95850,2958,828.176147,828.176941,-0.103149414,0
2.96010,2959,828.176147,828.176941,-0.103149414,0
2.96012,2960,828.176147,828.176941,-0.103149414,0
2.96194,2961,828.176147,828.176941,-0.103149414,0
2.96197,2962,828.176147,828.176941,-0.103149414,0
2.96316,2963,828.176147,828.176941,-0.103149414,0
2.96503,2964,828.176147,828.176941,-0.103149414,0
2.96506,2965,828.176147,828.176941,-0.103149414,0
2.96624,2966,828.176147,828.176941,-0.103149414,0
2.96809,2967,828.176147,828.176941,-0.103149414,0
2.96812,2968,828.176147,828.176941,-0.103149414,0
2.96993,2969,828.176147,828.176941,-0.103149414,0
2.96997,2970,828.176147,828.176941,-0.103149414,0
2.97115,2971,828.176147,828.176941,-0.103149414,0
2.97300,2972,828.176147,828.176941,-0.103149414,0
2.97303,2973,828.176147,828.176941,-0.103149414,0
2.97426,2974,828.176147,828.176941,-0.103149414,0
2.97609,2975,828.176147,828.176941,-0.103149414,0
2.97612,2976,828.176147,828.176941,-0.103149414,0
2.97793,2977,828.176147,828.176941,-0.103149414,0
2.97797,2978,828.176147,828.176941,-0.103149414,0
2.97915,2979,828.176147,828.176941,-0.103149414,0
2.98101,2980,828.176147,828.176941,-0.103149414,0
2.98103,2981,828.176147,828.176941,-0.103149414,0
2.98224,2982,828.176147,828.176941,-0.103149414,0
2.98412,2983,828.176147,828.176941,-0.103149414,0
2.98416,2984,828.176147,828.176941,-0.103149414,0
2.98590,2985,828.176147,828.176941,-0.103149414,0
2.98592,2986,828.176147,828.176941,-0.103149414,0
2.98715,2987,828.176147,828.176941,-0.103149414,0
2.98902,2988,828.176147,828.176941,-0.103149414,0
2.98904,2989,828.176147,828.176941,-0.103149414,0
2.99023,2990,828.176147,828.176941,-0.103149414,0
2.99213,2991,828.176147,828.176941,-0.103149414,0
2.99219,2992,828.176147,828.176941,-0.103149414,0
2.99393,2993,828.176147,828.176941,-0.103149414,0
2.99396,2994,828.176147,828.176941,-0.103149414,0
2.99517,2995,828.176147,828.176941,-0.103149414,0
2.99699,2996,828.176147,828.176941,-0.103149414,0
2.99702,2997,828.176147,828.176941,-0.103149414,0
2.99825,2998,828.176147,828.176941,-0.103149414,0
3.00009,2999,828.176147,828.176941,-0.103149414,0
3.00012,3000,828.176147,828.176941,-0.103149414,0
3.00193,3001,828.176147,828.176941,-0.103149414,0
3.00195,3002,828.176147,828.176941,-0.103149414,0
3.00315,3003,828.176147,828.176941,-0.103149414,0
3.00501,3004,828.176147,828.176941,-0.103149414,0
3.00504,3005,828.176147,828.176941,-0.103149414,0
3.00624,3006,828.176147,828.176941,-0.103149414,0
3.00808,3007,828.176147,828.176941,-0.103149414,0
3.00810,3008,828.176147,828.176941,-0.103149414,0
3.00993,3009,828.176147,828.176941,-0.103149414,0
3.00997,3010,828.176147,828.176941,-0.103149414,0
3.01123,3011,828.176147,828.176941,-0.103149414,0
3.01304,3012,828.176147,828.176941,-0.103149414,0
3.01307,3013,828.176147,828.176941,-0.103149414,0
3.01425,3014,828.176147,828.176941,-0.103149414,0
3.01609,3015,828.176147,828.176941,-0.103149414,0
3.01611,3016,828.176147,828.176941,-0.103149414,0
3.01793,3017,828.176147,828.176941,-0.103149414,0
3.01795,3018,828.176147,828.176941,-0.103149414,0
3.01915,3019,828.176147,828.176941,-0.103149414,0
3.02100,3020,828.176147,828.176941,-0.103149414,0
3.02102,3021,828.176147,828.176941,-0.103149414,0
3.02223,3022,828.176147,828.176941,-0.103149414,0
3.02409,3023,828.176147,828.176941,-0.103149414,0
3.02412,3024,828.176147,828.176941,-0.103149414,-0.0163597353
3.02594,3025,828.176147,828.176941,-0.103149414,-0.0163597353
3.02597,3026,828.176147,828.176941,-0.103149414,-0.0163597353
3.02716,3027,828.176147,828.176941,-0.103149414,-0.0163597353
3.02903,3028,828.176147,828.176941,-0.103149414,0
3.02907,3029,828.176147,828.176941,-0.103149414,0
3.03024,3030,828.176147,828.176941,-0.103149414,0
3.03209,3031,828.176147,828.176941,-0.103149414,0
3.03212,3032,828.176147,828.176941,-0.103149414,0
3.03389,3033,828.176147,828.176941,-0.103149414,0
3.03392,3034,828.176147,828.176941,-0.103149414,0
3.03516,3035,828.176147,828.176941,-0.103149414,0
3.03701,3036,828.176147,828.176941,-0.103149414,0
3.03703,3037,828.176147,828.176941,-0.103149414,0
3.03827,3038,828.176147,828.176941,-0.103149414,0
3.04010,3039,828.176147,828.176941,-0.103149414,0
3.04014,3040,828.176147,828.176941,-0.103149414,0
3.04196,3041,828.176147,828.176941,-0.103149414,-0.0163597353
3.04201,3042,828.176147,828.176941,-0.103149414,-0.0163597353
3.04316,3043,828.176147,828.176941,-0.103149414,-0.0272662267
3.04499,3044,828.176147,828.176941,-0.103149414,-0.0272662267
3.04504,3045,828.176147,828.176941,-0.103149414,-0.0163597353
3.04627,3046,828.176147,828.176941,-0.103149414,-0.0163597353
3.04809,3047,828.176147,828.176941,-0.103149414,-0.0163597353
3.04813,3048,828.176147,828.1769,-0.0524902344,-0.0163597353
3.04992,3049,828.176147,828.176941,-0.145874023,-0.0163597353
3.04996,3050,828.176147,828.176941,-0.103149414,0
3.05115,3051,828.176147,828.176941,-0.103149414,0
3.05302,3052,828.176147,828.176941,-0.103149414,0
3.05305,3053,828.176147,828.176941,-0.103149414,0
3.05424,3054,828.176147,828.176941,-0.103149414,0
3.05608,3055,828.176147,828.176941,-0.103149414,0
3.05611,3056,828.176147,828.176941,-0.103149414,0
3.05789,3057,828.176147,828.176941,-0.103149414,0
3.05792,3058,828.176147,828.176941,-0.103149414,0
3.05919,3059,828.176147,828.176941,-0.103149414,0
3.06106,3060,828.176147,828.176941,-0.103149414,0
3.06108,3061,828.176147,828.176941,-0.103149414,0
3.06223,3062,828.176147,828.176941,-0.103149414,0
3.06410,3063,828.176147,828.176941,-0.103149414,0
3.06413,3064,828.176147,828.176941,-0.103149414,0
3.06593,3065,828.176147,828.176941,-0.103149414,0
3.06595,3066,828.176147,828.176941,-0.103149414,0
3.06715,3067,828.176147,828.176941,-0.103149414,0
3.06903,3068,828.176147,828.176941,-0.103149414,0
3.06907,3069,828.176147,828.176941,-0.103149414,0
3.07023,3070,828.176147,828.176941,-0.103149414,0
3.07210,3071,828.176147,828.176941,-0.103149414,0
3.07213,3072,828.176147,828.176941,-0.103149414,0
3.07391,3073,828.176147,828.176941,-0.103149414,0
3.07395,3074,828.176147,828.176941,-0.103149414,0
3.07527,3075,828.176147,828.176941,-0.103149414,0
3.07700,3076,828.176147,828.176941,-0.103149414,0
3.07703,3077,828.176147,828.176941,-0.103149414,0
3.07825,3078,828.176147,828.176941,-0.103149414,0
3.08009,3079,828.176147,828.176941,-0.103149414,0
3.08010,3080,828.176147,828.176941,-0.103149414,0
3.08192,3081,828.176147,828.176941,-0.103149414,0
3.08195,3082,828.176147,828.176941,-0.103149414,0
3.08316,3083,828.176147,828.176941,-0.103149414,0
3.08504,3084,828.176147,828.176941,-0.103149414,0
3.08506,3085,828.176147,828.176941,-0.103149414,0
3.08624,3086,828.176147,828.176941,-0.103149414,0
3.08816,3087,828.176147,828.176941,-0.103149414,-0.0163597353
3.08820,3088,828.176147,828.176941,-0.103149414,-0.0163597353
3.08993,3089,828.176147,828.176941,-0.103149414,-0.0163597353
3.08995,3090,828.176147,828.176941,-0.103149414,-0.0163597353
3.09116,3091,828.176147,828.176941,-0.103149414,-0.0163597353
3.09299,3092,828.176147,828.176941,-0.103149414,0
3.09302,3093,828.176147,828.176941,-0.103149414,0
3.09424,3094,828.176147,828.176941,-0.103149414,0
3.09611,3095,828.176147,828.176941,-0.103149414,0
3.09613,3096,828.176147,828.176941,-0.103149414,0
3.09792,3097,828.176147,828.176941,-0.103149414,0
3.09795,3098,828.176147,828.176941,-0.103149414,0
3.09915,3099,828.176147,828.176941,-0.103149414,0
3.10101,3100,828.176147,828.176941,-0.103149414,0
3.10104,3101,828.176147,828.176941,-0.103149414,0
3.10225,3102,828.176147,828.176941,-0.103149414,0
3.10411,3103,828.176147,828.176941,-0.103149414,0
3.10414,3104,828.176147,828.176941,-0.103149414,0
3.10595,3105,828.176147,828.176941,-0.103149414,0
3.10597,3106,828.176147,828.176941,-0.103149414,0
3.10716,3107,828.176147,828.176941,-0.103149414,0
3.10903,3108,828.176147,828.176941,-0.103149414,0
3.10905,3109,828.176147,828.176941,-0.103149414,0
3.11025,3110,828.176147,828.176941,-0.103149414,0
3.11212,3111,828.176147,828.176941,-0.103149414,0
3.11216,3112,828.176147,828.176941,-0.103149414,0
3.11395,3113,828.176147,828.176941,-0.103149414,0
3.11397,3114,828.176147,828.176941,-0.103149414,0
3.11517,3115,828.176147,828.176941,-0.103149414,0
3.11704,3116,828.176147,828.176941,-0.103149414,0
3.11708,3117,828.176147,828.176941,-0.103149414,0
3.11825,3118,828.176147,828.176941,-0.103149414,0
3.12013,3119,828.176147,828.176941,-0.103149414,0
3.12016,3120,828.176147,828.176941,-0.103149414,0
3.12193,3121,828.176147,828.176941,-0.103149414,0
3.12198,3122,828.176147,828.176941,-0.103149414,0
3.12317,3123,828.176147,828.176941,-0.103149414,0
3.12529,3124,828.176147,828.176941,-0.103149414,0
3.12536,3125,828.176147,828.176941,-0.103149414,0
3.12626,3126,828.176147,828.176941,-0.103149414,0
3.12812,3127,828.176147,828.176941,-0.103149414,0
3.12814,3128,828.176147,828.176941,-0.103149414,0
3.12991,3129,828.176147,828.176941,-0.103149414,0
3.12993,3130,828.176147,828.176941,-0.103149414,0
3.13115,3131,828.176147,828.176941,-0.103149414,0
3.13302,3132,828.176147,828.176941,-0.103149414,0
3.13305,3133,828.176147,828.176941,-0.103149414,0
3.13424,3134,828.176147,828.176941,-0.103149414,0
3.13610,3135,828.176147,828.176941,-0.103149414,0
3.13613,3136,828.176147,828.176941,-0.103149414,0
3.13790,3137,828.176147,828.176941,-0.103149414,0
3.13792,3138,828.176147,828.176941,-0.103149414,0
3.13916,3139,828.176147,828.1769,-0.0524902344,0
3.14100,3140,828.176147,828.1769,-0.0952148438,-0.0163597353
3.14102,3141,828.176147,828.1768,-0.0445556641,-0.0272662267
3.14226,3142,828.176147,828.1768,-0.08728027,-0.0272662267
3.14409,3143,828.176147,828.1768,-0.08728027,-0.0272662267
3.14411,3144,828.176147,828.1768,-0.08728027,-0.0272662267
3.14590,3145,828.176147,828.1768,-0.08728027,-0.0163597353
3.14591,3146,828.176147,828.1768,-0.08728027,-0.0163597353
3.14714,3147,828.176147,828.1768,-0.08728027,-0.0163597353
3.14901,3148,828.176147,828.1768,-0.08728027,-0.0163597353
3.14904,3149,828.176147,828.1768,-0.08728027,-0.0163597353
3.15030,3150,828.176147,828.1768,-0.08728027,0
3.15207,3151,828.176147,828.1768,-0.08728027,0
3.15209,3152,828.176147,828.1768,-0.08728027,0
3.15392,3153,828.176147,828.1768,-0.08728027,0
3.15397,3154,828.176147,828.1768,-0.08728027,0
3.15515,3155,828.176147,828.1768,-0.08728027,0
3.15699,3156,828.176147,828.1768,-0.08728027,0
3.15702,3157,828.176147,828.1768,-0.08728027,0
3.15843,3158,828.176147,828.1768,-0.08728027,0
3.16009,3159,828.176147,828.1768,-0.08728027,0
3.16011,3160,828.176147,828.1768,-0.08728027,0
3.16190,3161,828.176147,828.1768,-0.08728027,0
3.16193,3162,828.176147,828.1768,-0.08728027,0
3.16317,3163,828.176147,828.1768,-0.08728027,0
3.16500,3164,828.176147,828.1768,-0.08728027,0
3.16503,3165,828.176147,828.1768,-0.08728027,0
3.16631,3166,828.176147,828.1768,-0.08728027,0
3.16813,3167,828.176147,828.1768,-0.08728027,0
3.16816,3168,828.176147,828.1768,-0.08728027,0
3.16990,3169,828.176147,828.1768,-0.08728027,0
3.16991,3170,828.176147,828.1768,-0.08728027,0
3.17116,3171,828.176147,828.1768,-0.08728027,0
3.17303,3172,828.176147,828.1768,-0.08728027,0
3.17306,3173,828.176147,828.1768,-0.08728027,0
3.17424,3174,828.176147,828.1768,-0.08728027,0
3.17608,3175,828.176147,828.1768,-0.08728027,0
3.17611,3176,828.176147,828.1768,-0.08728027,0
3.17790,3177,828.176147,828.1768,-0.08728027,0
3.17791,3178,828.176147,828.1768,-0.08728027,0
3.17914,3179,828.176147,828.1768,-0.08728027,0
3.18099,3180,828.176147,828.1768,-0.08728027,0
3.18102,3181,828.176147,828.1768,-0.08728027,0
3.18225,3182,828.176147,828.1768,-0.08728027,0
3.18409,3183,828.176147,828.1768,-0.08728027,0
3.18411,3184,828.176147,828.1768,-0.08728027,0
3.18590,3185,828.176147,828.1768,-0.08728027,0
3.18592,3186,828.176147,828.1768,-0.08728027,0
3.18716,3187,828.176147,828.1768,-0.08728027,0
3.18897,3188,828.176147,828.1768,-0.08728027,0
3.18898,3189,828.176147,828.1768,-0.08728027,0
3.19026,3190,828.176147,828.1768,-0.08728027,0
3.19210,3191,828.176147,828.1768,-0.08728027,0
3.19213,3192,828.176147,828.1768,-0.08728027,0
3.19392,3193,828.176147,828.1768,-0.08728027,0
3.19394,3194,828.176147,828.1768,-0.08728027,0
3.19517,3195,828.176147,828.1768,-0.08728027,0
3.19699,3196,828.176147,828.1768,-0.08728027,0
3.19701,3197,828.176147,828.1768,-0.08728027,0
3.19825,3198,828.176147,828.1768,-0.08728027,0
3.20013,3199,828.176147,828.1768,-0.08728027,0
3.20017,3200,828.176147,828.1768,-0.08728027,0
3.20191,3201,828.176147,828.1768,-0.08728027,0
3.20193,3202,828.176147,828.1768,-0.08728027,0
3.20316,3203,828.176147,828.1768,-0.08728027,0
3.20497,3204,828.176147,828.1768,-0.08728027,0
3.20498,3205,828.176147,828.1768,-0.08728027,0
3.20625,3206,828.176147,828.1768,-0.08728027,0
3.20809,3207,828.176147,828.1768,-0.08728027,0
3.20811,3208,828.176147,828.1768,-0.08728027,0
3.20990,3209,828.176147,828.1768,-0.08728027,0
3.20992,3210,828.176147,828.1768,-0.08728027,0
3.21118,3211,828.176147,828.1768,-0.08728027,0
3.21300,3212,828.176147,828.1768,-0.08728027,0
3.21302,3213,828.176147,828.1768,-0.08728027,0
3.21426,3214,828.176147,828.1768,-0.08728027,0
3.21612,3215,828.176147,828.1768,-0.08728027,0
3.21614,3216,828.176147,828.1768,-0.08728027,0
3.21792,3217,828.176147,828.1768,-0.08728027,0
3.21796,3218,828.176147,828.1768,-0.08728027,0
3.21915,3219,828.176147,828.1768,-0.08728027,0
3.22097,3220,828.176147,828.1768,-0.08728027,0
3.22099,3221,828.176147,828.1768,-0.08728027,0
3.22225,3222,828.176147,828.1768,-0.08728027,0
3.22407,3223,828.176147,828.1768,-0.08728027,0
3.22410,3224,828.176147,828.1768,-0.08728027,0
3.22591,3225,828.176147,828.1768,-0.08728027,0
3.22592,3226,828.176147,828.1768,-0.08728027,0
3.22719,3227,828.176147,828.1768,-0.08728027,0
3.22898,3228,828.176147,828.1768,-0.08728027,0
3.22903,3229,828.176147,828.1768,-0.08728027,0
3.23025,3230,828.176147,828.1768,-0.08728027,0
3.23207,3231,828.176147,828.1768,-0.08728027,0
3.23209,3232,828.176147,828.1768,-0.08728027,0
3.23389,3233,828.176147,828.1768,-0.08728027,0
3.23391,3234,828.176147,828.1768,-0.08728027,0
3.23519,3235,828.176147,828.1768,-0.08728027,0
3.23698,3236,828.176147,828.1768,-0.08728027,0
3.23700,3237,828.176147,828.1768,-0.08728027,0
3.23824,3238,828.176147,828.1768,-0.08728027,0
3.24007,3239,828.176147,828.1768,-0.08728027,0
3.24009,3240,828.176147,828.1768,-0.08728027,0
3.24190,3241,828.176147,828.1768,-0.08728027,0
3.24191,3242,828.176147,828.1768,-0.08728027,0
3.24317,3243,828.176147,828.1768,-0.08728027,0
3.24499,3244,828.176147,828.1768,-0.08728027,0
3.24503,3245,828.176147,828.1768,-0.08728027,0
3.24628,3246,828.176147,828.1768,-0.08728027,0
3.24807,3247,828.176147,828.1768,-0.08728027,0
3.24808,3248,828.176147,828.1768,-0.08728027,0
3.24989,3249,828.176147,828.1768,-0.08728027,0
3.24990,3250,828.176147,828.1768,-0.08728027,0
3.25116,3251,828.176147,828.1768,-0.08728027,0
3.25298,3252,828.176147,828.1768,-0.08728027,0
3.25299,3253,828.176147,828.1768,-0.08728027,0
3.25423,3254,828.176147,828.1768,-0.08728027,0
3.25607,3255,828.176147,828.1768,-0.08728027,0
3.25610,3256,828.176147,828.1768,-0.08728027,0
3.25789,3257,828.176147,828.1768,-0.08728027,0
3.25792,3258,828.176147,828.1768,-0.08728027,0
3.25919,3259,828.176147,828.1768,-0.08728027,0
3.26100,3260,828.176147,828.1768,-0.08728027,0
3.26103,3261,828.176147,828.1768,-0.08728027,0
3.26227,3262,828.176147,828.1768,-0.08728027,0
3.26408,3263,828.176147,828.1768,-0.08728027,0
3.26410,3264,828.176147,828.1768,-0.08728027,0
3.26588,3265,828.176147,828.1768,-0.08728027,0
3.26589,3266,828.176147,828.1768,-0.08728027,0
3.26715,3267,828.176147,828.1768,-0.08728027,0
3.26898,3268,828.176147,828.1768,-0.08728027,0
3.26900,3269,828.176147,828.1768,-0.08728027,0
3.27024,3270,828.176147,828.1768,-0.08728027,-0.0163597353
3.27208,3271,828.176147,828.1768,-0.08728027,-0.0163597353
3.27211,3272,828.176147,828.1768,-0.08728027,-0.0163597353
3.27390,3273,828.176147,828.1768,-0.08728027,-0.0163597353
3.27392,3274,828.176147,828.1768,-0.08728027,0
3.27528,3275,828.176147,828.1768,-0.08728027,0
3.27700,3276,828.176147,828.1768,-0.08728027,0
3.27702,3277,828.176147,828.1768,-0.08728027,0
3.27827,3278,828.176147,828.1768,-0.08728027,0
3.28009,3279,828.176147,828.1768,-0.08728027,0
3.28011,3280,828.176147,828.1768,-0.08728027,0
3.28190,3281,828.176147,828.1768,-0.08728027,0
3.28191,3282,828.176147,828.1768,-0.08728027,0
3.28315,3283,828.176147,828.1768,-0.08728027,0
3.28499,3284,828.176147,828.1768,-0.08728027,0
3.28501,3285,828.176147,828.1768,-0.08728027,0
3.28625,3286,828.176147,828.1768,-0.08728027,0
3.28806,3287,828.176147,828.1768,-0.08728027,0
3.28808,3288,828.176147,828.1768,-0.08728027,0
3.28991,3289,828.176147,828.1768,-0.08728027,0
3.28992,3290,828.176147,828.1768,-0.08728027,0
3.29118,3291,828.176147,828.1768,-0.08728027,0
3.29298,3292,828.176147,828.1768,-0.08728027,0
3.29299,3293,828.176147,828.1768,-0.08728027,0
3.29430,3294,828.176147,828.1768,-0.08728027,0
3.29607,3295,828.176147,828.1768,-0.08728027,0
3.29608,3296,828.176147,828.1768,-0.08728027,0
3.29789,3297,828.176147,828.1768,-0.08728027,0
3.29792,3298,828.176147,828.1768,-0.08728027,0
3.29914,3299,828.176147,828.1768,-0.08728027,0
3.30098,3300,828.176147,828.1768,-0.08728027,0
