t,n,A,B,C,D
0.00053,0,812.7916,812.7916,0,0
0.00151,1,812.7916,812.7916,0,0
0.00154,2,812.7916,812.7916,0,0
0.00336,3,812.7916,812.7916,0,0
0.00517,4,812.7916,812.7916,0,0
0.00518,5,812.7916,812.7916,0,0
0.00641,6,812.7916,812.7916,0,0
0.00828,7,812.7916,812.7916,0,0
0.00831,8,812.7916,812.7916,0,0
0.00951,9,812.7916,812.7916,0,0
0.00953,10,812.7916,812.7916,0,0
0.01139,11,812.7916,812.7916,0,0
0.01317,12,812.7916,812.7916,0,0
0.01319,13,812.7916,812.7916,0,0
0.01443,14,812.7916,812.7916,0,0
0.01626,15,812.7916,812.7916,0,0
0.01628,16,812.7916,812.7916,0,0
0.01750,17,812.7916,812.7916,0,0
0.01752,18,812.7916,812.7916,0,0
0.01937,19,812.7916,812.7916,0,0
0.02119,20,812.7916,812.7916,0,0
0.02122,21,812.7916,812.7916,0,0
0.02241,22,812.7916,812.7916,0,0
0.02428,23,812.7916,812.7916,0,0
0.02432,24,812.7916,812.7916,0,0
0.02551,25,812.7916,812.7916,0,0
0.02552,26,812.7916,812.7916,0,0
0.02735,27,812.7916,812.7916,0,0
0.02920,28,812.7916,812.7916,0,0
0.02924,29,812.7916,812.7916,0,0
0.03078,30,812.7916,812.7916,0,0
0.03227,31,812.7916,812.7916,0,0
0.03229,32,812.7916,812.7916,0,0
0.03351,33,812.7916,812.7916,0,0
0.03353,34,812.7916,812.7916,0,0
0.03538,35,812.7916,812.7916,0,0
0.03722,36,812.7916,812.7916,0,0
0.03724,37,812.7916,812.7916,0,0
0.03841,38,812.7916,812.7916,0,0
0.04027,39,812.7916,812.7916,0,0
0.04029,40,812.7916,812.7916,0,0
0.04152,41,812.7916,812.7916,0,0
0.04155,42,812.7916,812.7916,0,0
0.04336,43,812.7916,812.7916,0,0
0.04519,44,812.7916,812.7916,0,0
0.04521,45,812.7916,812.7916,0,0
0.04649,46,812.7916,812.7916,0,0
0.04830,47,812.7916,812.7916,0,0
0.04834,48,812.7916,812.7916,0,0
0.04953,49,812.7916,812.7916,0,0
0.04956,50,812.7916,812.7916,0,0
0.05135,51,812.7916,812.7916,0,0
0.05317,52,812.7916,812.7916,0,0
0.05320,53,812.7916,812.7916,0,0
0.05441,54,812.7916,812.7916,0,0
0.05628,55,812.7916,812.7916,0,0
0.05630,56,812.7916,812.7916,0,0
0.05750,57,812.7916,812.7916,0,0
0.05751,58,812.7916,812.7916,0,0
0.05934,59,812.7916,812.7916,0,0
0.06116,60,812.7916,812.7916,0,0
0.06118,61,812.7916,812.7916,0,0
0.06251,62,812.7916,812.7916,0,0
0.06435,63,812.7916,812.7916,0,0
0.06439,64,812.7916,812.7916,0,0
0.06552,65,812.7916,812.7916,0,0
0.06555,66,812.7916,812.7916,0,0
0.06739,67,812.7916,812.7916,0,0
0.06918,68,812.7916,812.7916,0,0
0.06922,69,812.7916,812.7916,0,0
0.07044,70,812.7916,812.7916,0,0
0.07229,71,812.7916,812.7916,0,0
0.07232,72,812.7916,812.7916,0,0
0.07350,73,812.7916,812.7916,0,0
0.07351,74,812.7916,812.7916,0,0
0.07537,75,812.7916,812.7916,0,0
0.07716,76,812.7916,812.7916,0,0
0.07717,77,812.7916,812.7916,0,0
0.07842,78,812.7916,812.7916,0,0
0.08026,79,812.7916,812.7916,0,0
0.08029,80,812.7916,812.7916,0,0
0.08154,81,812.7916,812.7916,0,0
0.08157,82,812.7916,812.7916,0,0
0.08338,83,812.7916,812.7916,0,0
0.08518,84,812.7916,812.7916,0,0
0.08521,85,812.7916,812.7916,0,0
0.08641,86,812.7916,812.7916,0,0
0.08826,87,812.7916,812.7916,0,0
0.08829,88,812.7916,812.7916,0,0
0.08952,89,812.7916,812.7916,0,0
0.08956,90,812.7916,812.7916,0,0
0.09137,91,812.7916,812.7916,0,0
0.09323,92,812.7916,812.7916,0,0
0.09329,93,812.7916,812.7916,0,0
0.09442,94,812.7916,812.7916,0,0
0.09628,95,812.7916,812.7916,0,0
0.09631,96,812.7916,812.7916,0,0
0.09752,97,812.7916,812.7916,0,0
0.09755,98,812.7916,812.7916,0,0
0.09941,99,812.7916,812.7916,0,0
0.10121,100,812.7916,812.7916,0,0
0.10124,101,812.7916,812.7916,0,0
0.10243,102,812.7916,812.7916,0,0
0.10433,103,812.7916,812.7916,0,0
0.10436,104,812.7916,812.7916,0,0
0.10552,105,812.7916,812.7916,0,0
0.10554,106,812.7916,812.7916,0,0
0.10736,107,812.7916,812.7916,0,0
0.10918,108,812.7916,812.7916,0,0
0.10920,109,812.7916,812.7916,0,0
0.11042,110,812.7916,812.7916,0,0
0.11226,111,812.7916,812.7916,0,0
0.11229,112,812.7916,812.7916,0,0
0.11355,113,812.7916,812.7916,0,0
0.11358,114,812.7916,812.7916,0,0
0.11538,115,812.7916,812.7916,0,0
0.11717,116,812.7916,812.7916,0,0
0.11719,117,812.7916,812.7916,0,0
0.11841,118,812.7916,812.7916,0,0
0.12029,119,812.7916,812.7916,0,0
0.12031,120,812.7916,812.7916,0,0
0.12150,121,812.7916,812.7916,0,0
0.12151,122,812.7916,812.7916,0,0
0.12338,123,812.7916,812.7916,0,0
0.12519,124,812.7916,812.7916,0,0
0.12523,125,812.7916,812.7916,0,0
0.12644,126,812.7916,812.7916,0,0
0.12828,127,812.7916,812.7916,0,0
0.12831,128,812.7916,812.7916,0,0
0.12951,129,812.7916,812.7916,0,0
0.12953,130,812.7916,812.7916,0,0
0.13136,131,812.7916,812.7916,0,0
0.13318,132,812.7916,812.7916,0,0
0.13320,133,812.7916,812.7916,0,0
0.13441,134,812.7916,812.7916,0,0
0.13626,135,812.7916,812.7916,0,0
0.13629,136,812.7916,812.7916,0,0
0.13751,137,812.7916,812.7916,0,0
0.13752,138,812.7916,812.7916,0,0
0.13939,139,812.7916,812.7916,0,0
0.14123,140,812.7916,812.7916,0,0
0.14131,141,812.7916,812.7916,0,0
0.14244,142,812.7916,812.7916,0,0
0.14429,143,812.7916,812.7916,0,0
0.14432,144,812.7916,812.7916,0,0
0.14550,145,812.7916,812.7916,0,0
0.14551,146,812.7916,812.7916,0,0
0.14749,147,812.7916,812.7916,0,0
0.14933,148,812.7916,812.7916,0,0
0.14938,149,812.7916,812.7916,0,0
0.15042,150,812.7916,812.7916,0,0
0.15228,151,812.7916,812.7916,0,0
0.15233,152,812.7916,812.7916,0,0
0.15354,153,812.7916,812.7916,0,0
0.15356,154,812.7916,812.7916,0,0
0.15537,155,812.7916,812.7916,0,0
0.15719,156,812.7916,812.7916,0,0
0.15722,157,812.7916,812.7916,0,0
0.15842,158,812.7916,812.7916,0,0
0.16026,159,812.7916,812.7916,0,0
0.16029,160,812.7916,812.7916,0,0
0.16150,161,812.7916,812.7916,0,0
0.16151,162,812.7916,812.7916,0,0
0.16334,163,812.7916,812.7916,0,0
0.16518,164,812.7916,812.7916,0,0
0.16520,165,812.7916,812.7916,0,0
0.16644,166,812.7916,812.7916,0,0
0.16831,167,812.7916,812.7916,0,0
0.16835,168,812.7916,812.7916,0,0
0.16950,169,812.7916,812.7916,0,0
0.16952,170,812.7916,812.7916,0,0
0.17134,171,812.7916,812.7916,0,0
0.17321,172,812.7916,812.7916,0,0
0.17323,173,812.7916,812.7916,0,0
0.17441,174,812.7916,812.7916,0,0
0.17627,175,812.7916,812.7916,0,0
0.17630,176,812.7916,812.7916,0,0
0.17751,177,812.7916,812.7916,0,0
0.17753,178,812.7916,812.7916,0,0
0.17936,179,812.7916,812.7916,0,0
0.18117,180,812.7916,812.7916,0,0
0.18121,181,812.7916,812.7916,0,0
0.18245,182,812.7916,812.7916,0,0
0.18428,183,812.7916,812.7916,0,0
0.18432,184,812.7916,812.7916,0,0
0.18551,185,812.7916,812.7916,0,0
0.18553,186,812.7916,812.7916,0,0
0.18735,187,812.7916,812.7916,0,0
0.18917,188,812.7916,812.7916,0,0
0.18920,189,812.7916,812.7916,0,0
0.19043,190,812.7916,812.7916,0,0
0.19225,191,812.7916,812.7916,0,0
0.19227,192,812.7916,812.7916,0,0
0.19350,193,812.7916,812.7916,0,0
0.19352,194,812.7916,812.7916,0,0
0.19537,195,812.7916,812.7916,0,0
0.19733,196,812.7916,812.7916,0,0
0.19736,197,812.7916,812.7916,0,0
0.19846,198,812.7916,812.7916,0,0
0.20031,199,812.7916,812.7916,0,0
0.20035,200,812.7916,812.7916,0,0
0.20154,201,812.7916,812.7916,0,0
0.20157,202,812.7916,812.7916,0,0
0.20338,203,812.7916,812.7916,0,0
0.20518,204,812.7916,812.7916,0,0
0.20520,205,812.7916,812.7916,0,0
0.20642,206,812.7916,812.7916,0,0
0.20828,207,812.7916,812.7916,0,0
0.20833,208,812.7916,812.7916,0,0
0.20949,209,812.7916,812.7916,0,0
0.20951,210,812.7916,812.7916,0,0
0.21136,211,812.7916,812.7916,0,0
0.21316,212,812.7916,812.7916,0,0
0.21317,213,812.7916,812.7916,0,0
0.21444,214,812.7916,812.7916,0,0
0.21627,215,812.7916,812.7916,0,0
0.21631,216,812.7916,812.7916,0,0
0.21752,217,812.7916,812.7916,0,0
0.21760,218,812.7916,812.7916,0,0
0.21940,219,812.7916,812.7916,0,0
0.22115,220,812.7916,812.7916,0,0
0.22117,221,812.7916,812.7916,0,0
0.22244,222,812.7916,812.7916,0,0
0.22424,223,812.7916,812.7916,0,0
0.22428,224,812.7916,812.7916,0,0
0.22551,225,812.7916,812.7916,0,0
0.22553,226,812.7916,812.7916,0,0
0.22735,227,812.7916,812.7916,0,0
0.22916,228,812.7916,812.7916,0,0
0.22917,229,812.7916,812.7916,0,0
0.23074,230,812.7916,812.7916,0,0
0.23229,231,812.7916,812.7916,0,0
0.23232,232,812.7916,812.7916,0,0
0.23359,233,812.7916,812.7916,0,0
0.23362,234,812.7916,812.7916,0,0
0.23537,235,812.7916,812.7916,0,0
0.23716,236,812.7916,812.7916,0,0
0.23720,237,812.7916,812.7916,0,0
0.23844,238,812.7916,812.7916,0,0
0.24027,239,812.7916,812.7916,0,0
0.24028,240,812.7916,812.7916,0,0
0.24150,241,812.7916,812.7916,0,0
0.24151,242,812.7916,812.7916,0,0
0.24336,243,812.7916,812.7916,0,0
0.24516,244,812.7916,812.7916,0,0
0.24517,245,812.7916,812.7916,0,0
0.24641,246,812.7916,812.7916,0,0
0.24825,247,812.7916,812.7916,0,0
0.24826,248,812.7916,812.7916,0,0
0.24952,249,812.7916,812.7916,0,0
0.24953,250,812.7916,812.7916,0,0
0.25135,251,812.7916,812.7916,0,0
0.25317,252,812.7916,812.7916,0,0
0.25318,253,812.7916,812.7916,0,0
0.25442,254,812.7916,812.7916,0,0
0.25625,255,812.7916,812.7916,0,0
0.25627,256,812.7916,812.7916,0,0
0.25750,257,812.7916,812.7916,0,0
0.25751,258,812.7916,812.7916,0,0
0.25933,259,812.7916,812.7916,0,0
0.26117,260,812.7916,812.7916,0,0
0.26119,261,812.7916,812.7916,0,0
0.26241,262,812.7916,812.7916,0,0
0.26429,263,812.7916,812.7916,0,0
0.26434,264,812.7916,812.7916,0,0
0.26553,265,812.7916,812.7916,0,0
0.26555,266,812.7916,812.7916,0,0
0.26738,267,812.7916,812.7916,0,0
0.26917,268,812.7916,812.7916,0,0
0.26920,269,812.7916,812.7916,0,0
0.27043,270,812.7916,812.7916,0,0
0.27224,271,812.7916,812.7916,0,0
0.27225,272,812.7916,812.7916,0,0
0.27350,273,812.7916,812.7916,0,0
0.27351,274,812.7916,812.7916,0,0
0.27532,275,812.7916,812.7916,0,0
0.27715,276,812.7916,812.7916,0,0
0.27717,277,812.7916,812.7916,0,0
0.27842,278,812.7916,812.7916,0,0
0.28026,279,812.7916,812.7916,0,0
0.28027,280,812.7916,812.7916,0,0
0.28154,281,812.7916,812.7916,0,0
0.28159,282,812.7916,812.7916,0,0
0.28337,283,812.7916,812.7916,0,0
0.28519,284,812.7916,812.7916,0,0
0.28522,285,812.7916,812.7916,0,0
0.28641,286,812.7916,812.7916,0,0
0.28826,287,812.7916,812.7916,0,0
0.28828,288,812.7916,812.7916,0,0
0.28950,289,812.7916,812.7916,0,0
0.28951,290,812.7916,812.7916,0,0
0.29132,291,812.7916,812.7916,0,0
0.29315,292,812.7916,812.7916,0,0
0.29317,293,812.7916,812.7916,0,0
0.29445,294,812.7916,812.7916,0,0
0.29626,295,812.7916,812.7916,0,0
0.29628,296,812.7916,812.7916,0,0
0.29754,297,812.7916,812.7916,0,0
0.29756,298,812.7916,812.7916,0,0
0.29936,299,812.7916,812.7916,0,0
0.30117,300,812.7916,812.7916,0,0
0.30128,301,812.7916,812.7916,0,0
0.30243,302,812.7916,812.7916,0,0
0.30425,303,813.7916,812.7916,25,0
0.30427,304,813.7916,812.7916,25,0
0.30553,305,813.7916,812.792236,25,0.06543894
0.30555,306,813.7916,812.7935,25,0.327194721
0.30733,307,813.7916,812.7959,25,0.807080269
0.30917,308,813.7916,812.7994,25,1.54872167
0.30919,309,813.7916,812.804443,25,2.623011
0.31043,310,813.7916,812.8104,25,3.8227253
0.31225,311,813.7916,812.816162,25,4.76613665
0.31227,312,813.7916,812.8229,25,5.556857
0.31351,313,813.7916,812.8319,25,6.489362
0.31352,314,813.7916,812.8405,25,7.26372337
0.31535,315,813.7916,812.8502,25,8.03263
0.31718,316,813.7916,812.8614,25,9.33050251
0.31720,317,813.7916,812.873,25,9.946719
0.31842,318,813.7916,812.885864,25,10.98829
0.32025,319,813.7916,812.8994,25,11.8989811
0.32027,320,813.7916,812.9137,25,12.7660475
0.32152,321,813.7916,812.9297,25,13.8076172
0.32155,322,813.7916,812.9458,25,14.4565544
0.32333,323,813.7916,812.962463,25,15.5744686
0.32515,324,813.7916,812.98,25,16.3270168
0.32516,325,813.7916,812.998535,25,17.1286449
0.32641,326,813.7916,813.0174,25,17.6957817
0.32824,327,813.7916,813.035767,25,18.0393353
0.32825,328,813.7916,813.05426,25,18.3937969
0.32950,329,813.7916,813.0734,25,18.6555538
0.32953,330,813.7916,813.0927,25,18.7482567
0.33138,331,813.7916,813.111,25,18.85187
0.33317,332,813.7916,813.1295,25,18.8627758
0.33318,333,813.7916,813.14856,25,18.7918835
0.33441,334,813.7916,813.167236,25,18.80279
0.33626,335,813.7916,813.1858,25,18.68827
0.33628,336,813.7916,813.2042,25,18.5628471
0.33754,337,813.7916,813.2225,25,18.4374218
0.33756,338,813.7916,813.242065,25,18.4974079
0.33933,339,813.7916,813.2594,25,18.5083141
0.34120,340,813.7916,813.2791,25,18.4047031
0.34121,341,813.7916,813.2974,25,18.38289
0.34242,342,813.7916,813.316,25,18.24656
0.34425,343,813.7916,813.333862,25,18.38289
0.34427,344,813.7916,813.3524,25,18.4974079
0.34552,345,813.7916,813.3714,25,18.4592361
0.34556,346,813.7916,813.3898,25,18.51922
0.34743,347,813.7916,813.408142,25,18.5301285
0.34927,348,813.7916,813.4279,25,18.5628471
0.34930,349,813.7916,813.446,25,18.4974079
0.35044,350,813.7916,813.4657,25,18.5955658
0.35224,351,813.7916,813.4839,25,18.63374
0.35226,352,813.7916,813.5026,25,18.6228333
0.35351,353,813.7916,813.521545,25,18.80279
0.35353,354,813.7916,813.5405,25,18.7918835
0.35533,355,813.7916,813.5593,25,18.68827
0.35717,356,813.7916,813.5778,24.09607,18.7100849
0.35720,357,813.7916,813.5956,21.9335938,18.73735
0.35841,358,813.7916,813.6141,19.3829346,18.80279
0.36025,359,813.7916,813.632751,16.918335,18.824604
0.36027,360,813.7916,813.652,14.309082,18.8136978
0.36150,361,813.7916,813.670837,11.930542,18.68827
0.36152,362,813.7916,813.6892,9.639893,18.5846615
0.36334,363,813.7916,813.7077,7.21130371,18.7209911
0.36518,364,813.7916,813.7263,4.7668457,18.611927
0.36519,365,813.7916,813.7441,2.62878418,18.5301285
0.36643,366,813.7916,813.7604,0.803222656,18.1756668
0.36824,367,813.7916,813.776367,-1.21459961,17.4667454
0.36826,368,813.7916,813.790955,-2.8302002,16.5124264
0.36950,369,813.7916,813.8045,-4.38415527,15.6180944
0.36952,370,813.7916,813.8174,-5.92407227,14.4674606
0.37132,371,813.7916,813.8288,-7.114868,13.5076885
0.37320,372,813.7916,813.8396,-8.397217,12.4933853
0.37323,373,813.7916,813.849548,-9.519653,11.54452
0.37445,374,813.7916,813.8579,-10.2893066,10.73744
0.37627,375,813.7916,813.8662,-11.3562012,9.788575
0.37629,376,813.7916,813.873535,-12.1130371,8.986948
0.37751,377,813.7916,813.878967,-12.4407959,7.885393
0.37753,378,813.7916,813.885254,-13.4289551,7.094672
0.37934,379,813.7916,813.8895,-13.581543,6.19488668
0.38120,380,813.7916,813.8936,-14.0765381,5.33872747
0.38124,381,813.7916,813.8964,-14.1851807,4.68979073
0.38244,382,813.7916,813.8979,-14.1070557,3.65912771
0.38429,383,813.7916,813.8988,-14.1162109,2.644824
0.38431,384,813.7916,813.8991,-14.0338135,1.799571
0.38550,385,813.7916,813.89856,-13.7915039,0.867066
0.38554,386,813.7916,813.8974,-13.5186768,0.169050619
0.38733,387,813.7916,813.895569,-13.1463623,-0.507151842
0.38916,388,813.7916,813.8929,-12.6263428,-1.2106204
0.38919,389,813.7916,813.8886,-11.75354,-2.05587339
0.39043,390,813.7916,813.8843,-11.1779785,-2.99383163
0.39224,391,813.7916,813.878662,-10.19165,-3.79000568
0.39226,392,813.7916,813.8727,-9.34082,-4.79340267
0.39350,393,813.7916,813.8668,-8.603516,-5.27328825
0.39351,394,813.7916,813.8609,-7.82165527,-5.687735
0.39533,395,813.7916,813.8544,-6.850586,-5.889505
0.39733,396,813.7916,813.84436,-4.85351563,-5.77498674
0.39738,397,813.7916,813.840454,-5.56640625,-5.355087
0.39846,398,813.7916,813.837646,-5.42114258,-4.77158976
0.40024,399,813.7916,813.8354,-5.23742676,-3.84999132
0.40026,400,813.7916,813.834045,-5.24597168,-2.98292518
0.40156,401,813.7916,813.833435,-5.31311035,-2.088593
0.40159,402,813.7916,813.8333,-5.39489746,-1.40693736
0.40334,403,813.7916,813.8335,-5.47973633,-0.7689076
0.40517,404,813.7916,813.8335,-5.443115,-0.7689076
0.40519,405,813.7916,813.8346,-5.805664,0.147237629
0.40655,406,813.7916,813.8352,-5.78735352,0.408993423
0.40825,407,813.7916,813.8357,-5.826416,0.5235115
0.40827,408,813.7916,813.836,-5.829468,0.5235115
0.40951,409,813.7916,813.8361,-5.808716,0.452619374
0.40953,410,813.7916,813.8361,-5.78430176,0.305381745
0.41135,411,813.7916,813.8358,-5.68359375,0.136331126
0.41317,412,813.7916,813.8355,-5.643921,-0.0599856973
0.41319,413,813.7916,813.835144,-5.58410645,-0.196316838
0.41444,414,813.7916,813.8346,-5.476074,-0.3217415
0.41627,415,813.7916,813.834,-5.38452148,-0.414446652
0.41630,416,813.7916,813.833435,-5.32531738,-0.479885578
0.41751,417,813.7916,813.832947,-5.274048,-0.5398713
0.41755,418,813.7916,813.832458,-5.21057129,-0.5507778
0.41933,419,813.7916,813.832031,-5.16723633,-0.5398713
0.42117,420,813.7916,813.831665,-5.131836,-0.490792066
0.42120,421,813.7916,813.831543,-5.164795,-0.414446652
0.42247,422,813.7916,813.831543,-5.189209,-0.289022
0.42424,423,813.7916,813.831665,-5.229492,-0.152690873
0.42426,424,813.7916,813.832031,-5.32592773,0
0.42551,425,813.7916,813.832336,-5.35339355,0.125424653
0.42552,426,813.7916,813.832764,-5.43334961,0.223583058
0.42734,427,813.7916,813.8331,-5.46875,0.294475257
0.42919,428,813.7916,813.833435,-5.496216,0.338101238
0.42921,429,813.7916,813.83374,-5.53588867,0.3490077
0.43082,430,813.7916,813.834045,-5.57556152,0.338101238
0.43226,431,813.7916,813.8344,-5.635376,0.316288233
0.43228,432,813.7916,813.8346,-5.62255859,0.305381745
0.43353,433,813.7916,813.8349,-5.68664551,0.272662252
0.43356,434,813.7916,813.835,-5.66589355,0.2508493
0.43536,435,813.7916,813.8352,-5.7019043,0.223583058
0.43720,436,813.7916,813.8352,-5.665283,0.158144116
0.43722,437,813.7916,813.835144,-5.6451416,0.087251924
0.43842,438,813.7916,813.834961,-5.596924,0.021812981
0.44028,439,813.7916,813.834839,-5.59326172,-0.0599856973
0.44030,440,813.7916,813.8346,-5.53710938,-0.141784385
0.44151,441,813.7916,813.8343,-5.48522949,-0.185410336
0.44152,442,813.7916,813.8339,-5.425415,-0.239942789
0.44333,443,813.7916,813.8336,-5.397949,-0.2781155
0.44520,444,813.7916,813.8333,-5.35827637,-0.3217415
0.44522,445,813.7916,813.832764,-5.238037,-0.354460955
0.44642,446,813.7916,813.8324,-5.227051,-0.365367442
0.44825,447,813.7916,813.832031,-5.17944336,-0.403540134
0.44828,448,813.7916,813.8316,-5.11169434,-0.414446652
0.44956,449,813.7916,813.831238,-5.076294,-0.42535314
0.44958,450,813.7916,813.8308,-5.008545,-0.414446652
0.45136,451,813.7916,813.8305,-4.993286,-0.392633677
0.45319,452,813.7916,813.830261,-4.973755,-0.365367442
0.45321,453,813.7916,813.8301,-4.962158,-0.310834974
0.45442,454,813.7916,813.8301,-4.9987793,-0.229036286
0.45627,455,813.7916,813.830139,-5.018921,-0.152690873
0.45630,456,813.7916,813.830261,-5.046997,-0.04907921
0.45750,457,813.7916,813.830566,-5.123291,0.03271947
0.45751,458,813.7916,813.8307,-5.102539,0.125424653
0.45934,459,813.7916,813.8311,-5.219116,0.201770067
0.46119,460,813.7916,813.831543,-5.274658,0.272662252
0.46122,461,813.7916,813.832031,-5.350342,0.338101238
0.46241,462,813.7916,813.832336,-5.35339355,0.37627393
0.46440,463,813.7916,813.832642,-5.39306641,0.387180418
0.46445,464,813.7916,813.832947,-5.43273926,0.359914184
0.46556,465,813.7916,813.8331,-5.432129,0.305381745
0.46558,466,813.7916,813.8332,-5.41564941,0.2508493
0.46742,467,813.7916,813.8331,-5.383301,0.158144116
0.46922,468,813.7916,813.832947,-5.335083,0.07634544
0.46926,469,813.7916,813.832764,-5.3112793,-0.03817272
0.47042,470,813.7916,813.832458,-5.24719238,-0.141784385
0.47226,471,813.7916,813.8321,-5.187378,-0.218129814
0.47230,472,813.7916,813.831665,-5.119629,-0.310834974
0.47350,473,813.7916,813.83136,-5.10437,-0.354460955
0.47351,474,813.7916,813.830933,-5.024414,-0.392633677
0.47534,475,813.7916,813.830566,-4.98901367,-0.403540134
0.47719,476,813.7916,813.830261,-4.961548,-0.392633677
0.47722,477,813.7916,813.829956,-4.921875,-0.365367442
0.47841,478,813.7916,813.8297,-4.90234375,-0.332647949
0.48027,479,813.7916,813.8294,-4.850464,-0.2999285
0.48031,480,813.7916,813.8293,-4.871216,-0.256302536
0.48151,481,813.7916,813.8293,-4.89563,-0.207223326
0.48153,482,813.7916,813.8291,-4.835205,-0.16359736
0.48334,483,813.7916,813.8291,-4.871826,-0.130877882
0.48520,484,813.7916,813.8291,-4.871826,-0.08179868
0.48522,485,813.7916,813.8291,-4.871826,-0.04907921
0.48641,486,813.7916,813.8291,-4.871826,-0.0272662267
0.48826,487,813.7916,813.8291,-4.871826,0.0109064905
0.48829,488,813.7916,813.8292,-4.91210938,0.0109064905
0.48950,489,813.7916,813.8293,-4.907837,0.021812981
0.48952,490,813.7916,813.8293,-4.89563,0.021812981
0.49137,491,813.7916,813.8294,-4.935913,0.03271947
0.49318,492,813.7916,813.8294,-4.911499,0.043625962
0.49320,493,813.7916,813.8295,-4.951782,0.0545324534
0.49441,494,813.7916,813.8296,-4.94751,0.0545324534
0.49627,495,813.7916,813.8296,-4.93530273,0.06543894
0.49629,496,813.7916,813.8298,-4.99572754,0.06543894
0.49751,497,813.7916,813.8298,-4.95910645,0.06543894
0.49752,498,813.7916,813.829834,-4.979248,0.06543894
0.49935,499,813.7916,813.829956,-5.007324,0.0545324534
0.50118,500,813.7916,813.8301,-5.02319336,0.06543894
0.50121,501,813.7916,813.8301,-4.9987793,0.0545324534
0.50245,502,813.7916,813.83,-4.9786377,0.03271947
0.50430,503,813.7916,813.829956,-4.970703,0
0.50435,504,813.7916,813.829956,-4.98291,-0.03817272
0.50552,505,813.7916,813.8298,-4.92248535,-0.07089219
0.50554,506,813.7916,813.8296,-4.89868164,-0.09270517
0.50738,507,813.7916,813.8295,-4.915161,-0.103611663
0.50920,508,813.7916,813.8293,-4.84680176,-0.130877882
0.50923,509,813.7916,813.8291,-4.835205,-0.152690873
0.51042,510,813.7916,813.829,-4.831543,-0.16359736
0.51228,511,813.7916,813.8288,-4.795532,-0.174503848
0.51231,512,813.7916,813.8287,-4.79187,-0.196316838
0.51352,513,813.7916,813.8283,-4.69543457,-0.196316838
0.51353,514,813.7916,813.8282,-4.72839355,-0.207223326
0.51536,515,813.7916,813.8279,-4.65209961,-0.218129814
0.51727,516,813.7916,813.827759,-4.67285156,-0.218129814
0.51731,517,813.7916,813.8276,-4.636841,-0.207223326
0.51842,518,813.7916,813.827332,-4.59289551,-0.207223326
0.52028,519,813.7916,813.8272,-4.60144043,-0.185410336
0.52031,520,813.7916,813.8272,-4.62585449,-0.174503848
0.52150,521,813.7916,813.827,-4.56542969,-0.141784385
0.52152,522,813.7916,813.827148,-4.642334,-0.103611663
0.52337,523,813.7916,813.8272,-4.63806152,-0.07089219
0.52519,524,813.7916,813.8272,-4.62585449,-0.0163597353
0.52523,525,813.7916,813.8273,-4.645996,0.021812981
0.52641,526,813.7916,813.827332,-4.65393066,0.0545324534
0.52827,527,813.7916,813.8276,-4.72229,0.07634544
0.52829,528,813.7916,813.8276,-4.673462,0.07634544
0.52951,529,813.7916,813.8277,-4.713745,0.06543894
0.52953,530,813.7916,813.8277,-4.689331,0.06543894
0.53136,531,813.7916,813.8277,-4.689331,0.0545324534
0.53320,532,813.7916,813.8277,-4.689331,0.043625962
0.53324,533,813.7916,813.827759,-4.70947266,0.03271947
0.53442,534,813.7916,813.827759,-4.69726563,0.021812981
0.53628,535,813.7916,813.8277,-4.677124,0
0.53632,536,813.7916,813.8276,-4.649048,-0.0163597353
0.53750,537,813.7916,813.8276,-4.673462,-0.04907921
0.53751,538,813.7916,813.827454,-4.63317871,-0.08179868
0.53939,539,813.7916,813.827332,-4.61730957,-0.08179868
0.54118,540,813.7916,813.827332,-4.64172363,-0.08179868
0.54120,541,813.7916,813.8272,-4.60144043,-0.08179868
0.54242,542,813.7916,813.8272,-4.62585449,-0.07089219
0.54434,543,813.7916,813.827148,-4.605713,-0.08179868
0.54439,544,813.7916,813.827,-4.57763672,-0.07089219
0.54551,545,813.7916,813.827,-4.602051,-0.0599856973
0.54552,546,813.7916,813.827,-4.602051,-0.04907921
0.54751,547,813.7916,813.826965,-4.581909,-0.04907921
0.54919,548,813.7916,813.826965,-4.594116,-0.04907921
0.54921,549,813.7916,813.826965,-4.594116,-0.03817272
0.55043,550,813.7916,813.826965,-4.594116,-0.0163597353
0.55230,551,813.7916,813.827,-4.614258,-0.0163597353
0.55232,552,813.7916,813.827,-4.602051,0
0.55350,553,813.7916,813.827,-4.602051,0
0.55352,554,813.7916,813.827,-4.602051,0
0.55534,555,813.7916,813.827,-4.602051,0.0109064905
0.55716,556,813.7916,813.827,-4.602051,0
0.55718,557,813.7916,813.827,-4.602051,0
0.55842,558,813.7916,813.827,-4.602051,0
0.56031,559,813.7916,813.827,-4.602051,0
0.56033,560,813.7916,813.827,-4.602051,0
0.56152,561,813.7916,813.826965,-4.581909,0
0.56154,562,813.7916,813.826965,-4.594116,-0.0272662267
0.56336,563,813.7916,813.8269,-4.57397461,-0.03817272
0.56520,564,813.7916,813.8269,-4.58618164,-0.0599856973
0.56524,565,813.7916,813.8267,-4.525757,-0.0599856973
0.56642,566,813.7916,813.8267,-4.562378,-0.07089219
0.56829,567,813.7916,813.8266,-4.52209473,-0.07089219
0.56832,568,813.7916,813.8266,-4.546509,-0.07089219
0.56950,569,813.7916,813.8265,-4.50622559,-0.08179868
0.56952,570,813.7916,813.8264,-4.510498,-0.07089219
0.57133,571,813.7916,813.8264,-4.522705,-0.07089219
0.57318,572,813.7916,813.826355,-4.50256348,-0.07089219
0.57320,573,813.7916,813.826233,-4.4744873,-0.07089219
0.57442,574,813.7916,813.826233,-4.49890137,-0.0599856973
0.57632,575,813.7916,813.826233,-4.49890137,-0.0599856973
0.57635,576,813.7916,813.826233,-4.49890137,-0.04907921
0.57751,577,813.7916,813.8262,-4.47876,-0.03817272
0.57752,578,813.7916,813.82605,-4.45068359,-0.0272662267
0.57938,579,813.7916,813.8262,-4.515381,-0.0272662267
0.58118,580,813.7916,813.8262,-4.490967,-0.0272662267
0.58123,581,813.7916,813.82605,-4.45068359,-0.0163597353
0.58245,582,813.7916,813.82605,-4.47509766,-0.0272662267
0.58433,583,813.7916,813.82605,-4.47509766,-0.0163597353
0.58437,584,813.7916,813.82605,-4.47509766,-0.0272662267
0.58550,585,813.7916,813.82605,-4.47509766,-0.0272662267
0.58551,586,813.7916,813.82605,-4.47509766,-0.0272662267
0.58735,587,813.7916,813.82605,-4.47509766,-0.0272662267
0.58918,588,813.7916,813.8259,-4.43481445,-0.0272662267
0.58921,589,813.7916,813.8259,-4.45922852,-0.0272662267
0.59043,590,813.7916,813.825867,-4.439087,-0.03817272
0.59228,591,813.7916,813.825745,-4.41101074,-0.0599856973
0.59232,592,813.7916,813.825745,-4.435425,-0.07089219
0.59352,593,813.7916,813.8256,-4.3951416,-0.08179868
0.59353,594,813.7916,813.825439,-4.359131,-0.09270517
0.59535,595,813.7916,813.8254,-4.37561035,-0.103611663
0.59736,596,813.7916,813.8252,-4.32739258,-0.114518143
0.59742,597,813.7916,813.8251,-4.32373047,-0.130877882
0.59842,598,813.7916,813.824768,-4.24743652,-0.16359736
0.60029,599,813.7916,813.824768,-4.30847168,-0.16359736
0.60033,600,813.7916,813.8245,-4.22790527,-0.16359736
0.60152,601,813.7916,813.8242,-4.17602539,-0.185410336
0.60156,602,813.7916,813.824,-4.156494,-0.196316838
0.60341,603,813.7916,813.8238,-4.14489746,-0.196316838
0.60521,604,813.7916,813.8236,-4.12109375,-0.196316838
0.60524,605,813.7916,813.823364,-4.07714844,-0.196316838
0.60646,606,813.7916,813.823242,-4.08569336,-0.185410336
0.60826,607,813.7916,813.8231,-4.069824,-0.185410336
0.60828,608,813.7916,813.823059,-4.07409668,-0.152690873
0.60953,609,813.7916,813.823059,-4.08630371,-0.141784385
0.60956,610,813.7916,813.823059,-4.08630371,-0.103611663
0.61136,611,813.7916,813.823059,-4.08630371,-0.0599856973
0.61317,612,813.7916,813.823059,-4.08630371,-0.03817272
0.61319,613,813.7916,813.823059,-4.08630371,0
0.61448,614,813.7916,813.8231,-4.10644531,0.0109064905
0.61630,615,813.7916,813.823242,-4.13452148,0.03271947
0.61633,616,813.7916,813.8233,-4.130249,0.0545324534
0.61752,617,813.7916,813.823364,-4.13818359,0.06543894
0.61753,618,813.7916,813.823364,-4.12597656,0.0545324534
0.61936,619,813.7916,813.8234,-4.146118,0.0545324534
0.62119,620,813.7916,813.823547,-4.17419434,0.0545324534
0.62122,621,813.7916,813.823547,-4.14978027,0.043625962
0.62242,622,813.7916,813.823547,-4.14978027,0.043625962
0.62427,623,813.7916,813.823547,-4.14978027,0.03271947
0.62431,624,813.7916,813.823547,-4.14978027,0.021812981
0.62549,625,813.7916,813.823547,-4.14978027,0
0.62551,626,813.7916,813.823547,-4.14978027,-0.0163597353
0.62736,627,813.7916,813.823364,-4.08935547,-0.0272662267
0.62916,628,813.7916,813.823364,-4.12597656,-0.04907921
0.62918,629,813.7916,813.8233,-4.105835,-0.07089219
0.63078,630,813.7916,813.823242,-4.09790039,-0.07089219
0.63230,631,813.7916,813.8231,-4.069824,-0.08179868
0.63234,632,813.7916,813.823059,-4.07409668,-0.08179868
0.63351,633,813.7916,813.823,-4.066162,-0.08179868
0.63352,634,813.7916,813.822937,-4.05822754,-0.08179868
0.63537,635,813.7916,813.8228,-4.03015137,-0.08179868
0.63722,636,813.7916,813.8227,-4.014282,-0.08179868
0.63725,637,813.7916,813.8227,-4.03869629,-0.08179868
0.63843,638,813.7916,813.8226,-3.998413,-0.07089219
0.64029,639,813.7916,813.8226,-4.022827,-0.07089219
0.64032,640,813.7916,813.8224,-3.96240234,-0.08179868
0.64156,641,813.7916,813.8224,-3.99902344,-0.09270517
0.64160,642,813.7916,813.8224,-3.99902344,-0.09270517
0.64337,643,813.7916,813.822266,-3.95874023,-0.09270517
0.64517,644,813.7916,813.8221,-3.92272949,-0.08179868
0.64519,645,813.7916,813.8221,-3.95935059,-0.08179868
0.64642,646,813.7916,813.82196,-3.91906738,-0.09270517
0.64831,647,813.7916,813.82196,-3.94348145,-0.08179868
0.64834,648,813.7916,813.8218,-3.88305664,-0.08179868
0.64953,649,813.7916,813.8217,-3.89953613,-0.08179868
0.64955,650,813.7916,813.8216,-3.87146,-0.09270517
0.65134,651,813.7916,813.8215,-3.85559082,-0.103611663
0.65318,652,813.7916,813.8213,-3.81958,-0.130877882
0.65319,653,813.7916,813.821167,-3.815918,-0.152690873
0.65442,654,813.7916,813.820862,-3.739624,-0.16359736
0.65628,655,813.7916,813.8207,-3.74023438,-0.196316838
0.65631,656,813.7916,813.820435,-3.696289,-0.218129814
0.65751,657,813.7916,813.8202,-3.66455078,-0.218129814
0.65753,658,813.7916,813.819946,-3.6328125,-0.239942789
0.65934,659,813.7916,813.819763,-3.62121582,-0.239942789
0.66116,660,813.7916,813.8196,-3.597412,-0.229036286
0.66118,661,813.7916,813.819336,-3.5534668,-0.229036286
0.66240,662,813.7916,813.8192,-3.56201172,-0.207223326
0.66432,663,813.7916,813.8192,-3.58642578,-0.174503848
0.66437,664,813.7916,813.8192,-3.58642578,-0.141784385
0.66553,665,813.7916,813.8192,-3.58642578,-0.09270517
0.66554,666,813.7916,813.8192,-3.58642578,-0.03817272
0.66734,667,813.7916,813.819336,-3.626709,0.0109064905
0.66917,668,813.7916,813.8196,-3.68286133,0.0545324534
0.66920,669,813.7916,813.8197,-3.67431641,0.07634544
0.67042,670,813.7916,813.819763,-3.670044,0.09815842
0.67228,671,813.7916,813.8199,-3.69812,0.109064907
0.67232,672,813.7916,813.82,-3.71398926,0.125424653
0.67350,673,813.7916,813.8201,-3.7298584,0.125424653
0.67352,674,813.7916,813.8202,-3.725586,0.109064907
0.67536,675,813.7916,813.820251,-3.73352051,0.09815842
0.67718,676,813.7916,813.8203,-3.741455,0.087251924
0.67721,677,813.7916,813.8203,-3.729248,0.06543894
0.67842,678,813.7916,813.8203,-3.729248,0.03271947
0.68024,679,813.7916,813.8202,-3.68896484,0.021812981
0.68026,680,813.7916,813.8202,-3.713379,-0.0272662267
0.68153,681,813.7916,813.82,-3.652954,-0.07089219
0.68154,682,813.7916,813.8199,-3.649292,-0.08179868
0.68337,683,813.7916,813.8199,-3.673706,-0.114518143
0.68522,684,813.7916,813.8197,-3.61328125,-0.114518143
0.68526,685,813.7916,813.8196,-3.60961914,-0.114518143
0.68642,686,813.7916,813.8196,-3.6340332,-0.130877882
0.68830,687,813.7916,813.819336,-3.5534668,-0.114518143
0.68833,688,813.7916,813.819336,-3.602295,-0.114518143
0.68951,689,813.7916,813.8192,-3.56201172,-0.103611663
0.68953,690,813.7916,813.819153,-3.56628418,-0.103611663
0.69135,691,813.7916,813.819031,-3.538208,-0.09270517
0.69315,692,813.7916,813.819031,-3.562622,-0.07089219
0.69317,693,813.7916,813.819031,-3.562622,-0.07089219
0.69442,694,813.7916,813.819031,-3.562622,-0.04907921
0.69626,695,813.7916,813.819031,-3.562622,-0.0163597353
0.69629,696,813.7916,813.819153,-3.60290527,0
0.69754,697,813.7916,813.8192,-3.59863281,0.021812981
0.69758,698,813.7916,813.8192,-3.58642578,0.021812981
0.69937,699,813.7916,813.819336,-3.626709,0.043625962
0.70120,700,813.7916,813.819336,-3.602295,0.043625962
0.70122,701,813.7916,813.819336,-3.602295,0.0545324534
0.70241,702,813.7916,813.819458,-3.64257813,0.03271947
0.70424,703,813.7916,813.8196,-3.65844727,0.043625962
0.70426,704,813.7916,813.8196,-3.6340332,0.03271947
0.70555,705,813.7916,813.819458,-3.59375,0.021812981
0.70558,706,813.7916,813.819458,-3.618164,0.0109064905
0.70740,707,813.7916,813.819336,-3.57788086,-0.0272662267
0.70917,708,813.7916,813.819336,-3.602295,-0.03817272
0.70919,709,813.7916,813.8192,-3.56201172,-0.07089219
0.71043,710,813.7916,813.819153,-3.56628418,-0.08179868
0.71225,711,813.7916,813.819031,-3.538208,-0.08179868
0.71229,712,813.7916,813.819031,-3.562622,-0.08179868
0.71352,713,813.7916,813.8189,-3.52233887,-0.08179868
0.71355,714,813.7916,813.8188,-3.50646973,-0.08179868
0.71541,715,813.7916,813.8187,-3.51074219,-0.08179868
0.71717,716,813.7916,813.8187,-3.52294922,-0.08179868
0.71721,717,813.7916,813.8186,-3.482666,-0.08179868
0.71843,718,813.7916,813.8186,-3.50708,-0.08179868
0.72029,719,813.7916,813.8185,-3.46679688,-0.07089219
0.72034,720,813.7916,813.8184,-3.47106934,-0.07089219
0.72154,721,813.7916,813.818359,-3.46313477,-0.07089219
0.72156,722,813.7916,813.818237,-3.43505859,-0.08179868
0.72334,723,813.7916,813.8182,-3.439331,-0.08179868
0.72517,724,813.7916,813.8181,-3.43139648,-0.08179868
0.72519,725,813.7916,813.8181,-3.44360352,-0.08179868
0.72642,726,813.7916,813.817932,-3.38317871,-0.08179868
0.72827,727,813.7916,813.8179,-3.3996582,-0.09270517
0.72831,728,813.7916,813.8178,-3.39172363,-0.09270517
0.72951,729,813.7916,813.8176,-3.34350586,-0.09270517
0.72952,730,813.7916,813.8175,-3.33984375,-0.114518143
0.73142,731,813.7916,813.8174,-3.32397461,-0.130877882
0.73319,732,813.7916,813.8172,-3.28796387,-0.130877882
0.73322,733,813.7916,813.8171,-3.28430176,-0.152690873
0.73445,734,813.7916,813.816956,-3.26843262,-0.141784385
0.73625,735,813.7916,813.816833,-3.25256348,-0.141784385
0.73627,736,813.7916,813.81665,-3.21655273,-0.152690873
0.73751,737,813.7916,813.8165,-3.21289063,-0.141784385
0.73753,738,813.7916,813.8164,-3.19702148,-0.141784385
0.73935,739,813.7916,813.816345,-3.201294,-0.141784385
0.74115,740,813.7916,813.8163,-3.19335938,-0.130877882
0.74116,741,813.7916,813.8163,-3.20556641,-0.103611663
0.74241,742,813.7916,813.8163,-3.20556641,-0.08179868
0.74426,743,813.7916,813.8163,-3.20556641,-0.04907921
0.74430,744,813.7916,813.816345,-3.225708,-0.0163597353
0.74550,745,813.7916,813.8164,-3.23364258,0.0109064905
0.74551,746,813.7916,813.8165,-3.26171875,0.03271947
0.74751,747,813.7916,813.8165,-3.23730469,0.0545324534
0.74936,748,813.7916,813.8166,-3.25744629,0.0545324534
0.74940,749,813.7916,813.81665,-3.26538086,0.0545324534
0.75043,750,813.7916,813.81665,-3.25317383,0.043625962
0.75227,751,813.7916,813.81665,-3.25317383,0.043625962
0.75230,752,813.7916,813.81665,-3.25317383,0.03271947
0.75353,753,813.7916,813.8168,-3.293457,0.03271947
0.75354,754,813.7916,813.8168,-3.269043,0.021812981
0.75537,755,813.7916,813.81665,-3.22875977,0.0109064905
0.75717,756,813.7916,813.81665,-3.25317383,-0.0163597353
0.75720,757,813.7916,813.8166,-3.23303223,-0.0272662267
0.75846,758,813.7916,813.8165,-3.22509766,-0.04907921
0.76025,759,813.7916,813.8165,-3.23730469,-0.0599856973
0.76026,760,813.7916,813.8164,-3.19702148,-0.07089219
0.76152,761,813.7916,813.816345,-3.201294,-0.07089219
0.76154,762,813.7916,813.816345,-3.213501,-0.07089219
0.76337,763,813.7916,813.8163,-3.19335938,-0.07089219
0.76520,764,813.7916,813.8162,-3.1854248,-0.04907921
0.76523,765,813.7916,813.8162,-3.19763184,-0.0599856973
0.76652,766,813.7916,813.8162,-3.19763184,-0.04907921
0.76826,767,813.7916,813.8161,-3.15734863,-0.04907921
0.76828,768,813.7916,813.816,-3.14147949,-0.04907921
0.76950,769,813.7916,813.816,-3.16589355,-0.0599856973
0.76951,770,813.7916,813.816,-3.16589355,-0.04907921
0.77135,771,813.7916,813.816,-3.16589355,-0.03817272
0.77315,772,813.7916,813.816,-3.16589355,-0.0272662267
0.77318,773,813.7916,813.816,-3.16589355,0
0.77443,774,813.7916,813.8161,-3.20617676,0.0109064905
0.77625,775,813.7916,813.8161,-3.1817627,0.021812981
0.77629,776,813.7916,813.8161,-3.1817627,0.021812981
0.77751,777,813.7916,813.8162,-3.222046,0.0109064905
0.77753,778,813.7916,813.8162,-3.19763184,0.021812981
0.77936,779,813.7916,813.8162,-3.19763184,0
0.78122,780,813.7916,813.8162,-3.19763184,0
0.78127,781,813.7916,813.8162,-3.19763184,0
0.78244,782,813.7916,813.8162,-3.19763184,0
0.78424,783,813.7916,813.8162,-3.19763184,0
0.78426,784,813.7916,813.8162,-3.19763184,-0.0163597353
0.78551,785,813.7916,813.8161,-3.15734863,-0.0163597353
0.78553,786,813.7916,813.816,-3.14147949,-0.0272662267
0.78734,787,813.7916,813.816,-3.16589355,-0.03817272
0.78917,788,813.7916,813.816,-3.16589355,-0.04907921
0.78919,789,813.7916,813.815857,-3.12561035,-0.0599856973
0.79043,790,813.7916,813.815857,-3.15002441,-0.07089219
0.79230,791,813.7916,813.8158,-3.12988281,-0.0599856973
0.79238,792,813.7916,813.8157,-3.10180664,-0.0599856973
0.79350,793,813.7916,813.8157,-3.1262207,-0.0599856973
0.79352,794,813.7916,813.8157,-3.1262207,-0.04907921
0.79534,795,813.7916,813.815552,-3.0859375,-0.0599856973
0.79724,796,813.7916,813.815552,-3.11035156,-0.04907921
0.79728,797,813.7916,813.815552,-3.11035156,-0.0599856973
0.79848,798,813.7916,813.815552,-3.11035156,-0.04907921
0.80026,799,813.7916,813.815552,-3.11035156,-0.03817272
0.80027,800,813.7916,813.815552,-3.11035156,-0.0272662267
0.80152,801,813.7916,813.815552,-3.11035156,-0.0163597353
0.80154,802,813.7916,813.815552,-3.11035156,-0.0163597353
0.80332,803,813.7916,813.815552,-3.11035156,0
0.80519,804,813.7916,813.815552,-3.11035156,0
0.80522,805,813.7916,813.815552,-3.11035156,0
0.80641,806,813.7916,813.815552,-3.11035156,0.0109064905
0.80828,807,813.7916,813.815552,-3.11035156,0.0109064905
0.80831,808,813.7916,813.815552,-3.11035156,0
0.80953,809,813.7916,813.815552,-3.11035156,0
0.80958,810,813.7916,813.815552,-3.11035156,0
0.81133,811,813.7916,813.815552,-3.11035156,0
0.81318,812,813.7916,813.815552,-3.11035156,-0.0272662267
0.81320,813,813.7916,813.8154,-3.07006836,-0.0272662267
0.81447,814,813.7916,813.8154,-3.09448242,-0.04907921
0.81629,815,813.7916,813.8154,-3.09448242,-0.04907921
0.81631,816,813.7916,813.8153,-3.05419922,-0.0599856973
0.81752,817,813.7916,813.815247,-3.05847168,-0.0599856973
0.81753,818,813.7916,813.815247,-3.07067871,-0.0599856973
0.81933,819,813.7916,813.8151,-3.03039551,-0.07089219
0.82116,820,813.7916,813.8151,-3.05480957,-0.07089219
0.82119,821,813.7916,813.8149,-2.97424316,-0.07089219
0.82245,822,813.7916,813.8149,-3.02307129,-0.07089219
0.82426,823,813.7916,813.814758,-2.982788,-0.08179868
0.82428,824,813.7916,813.814758,-3.00720215,-0.08179868
0.82550,825,813.7916,813.8146,-2.94677734,-0.09270517
0.82552,826,813.7916,813.8146,-2.98339844,-0.09270517
0.82734,827,813.7916,813.814453,-2.94311523,-0.09270517
0.82915,828,813.7916,813.8143,-2.90710449,-0.103611663
0.82916,829,813.7916,813.8142,-2.923584,-0.103611663
0.83082,830,813.7916,813.814148,-2.91564941,-0.114518143
0.83226,831,813.7916,813.813965,-2.86743164,-0.130877882
0.83228,832,813.7916,813.8138,-2.843628,-0.141784385
0.83353,833,813.7916,813.8136,-2.81982422,-0.16359736
0.83356,834,813.7916,813.8133,-2.7557373,-0.174503848
0.83532,835,813.7916,813.8132,-2.77648926,-0.196316838
0.83715,836,813.7916,813.812866,-2.70019531,-0.218129814
0.83717,837,813.7916,813.8127,-2.70080566,-0.218129814
0.83841,838,813.7916,813.8124,-2.63671875,-0.239942789
0.84025,839,813.7916,813.8122,-2.637329,-0.239942789
0.84027,840,813.7916,813.811951,-2.59338379,-0.239942789
0.84152,841,813.7916,813.811768,-2.581787,-0.229036286
0.84154,842,813.7916,813.8115,-2.5378418,-0.218129814
0.84336,843,813.7916,813.811462,-2.56652832,-0.207223326
0.84518,844,813.7916,813.8114,-2.55859375,-0.185410336
0.84520,845,813.7916,813.8114,-2.57080078,-0.141784385
0.84643,846,813.7916,813.811462,-2.59094238,-0.09270517
0.84827,847,813.7916,813.8115,-2.598877,-0.03817272
0.84831,848,813.7916,813.811646,-2.62695313,0.0109064905
0.84955,849,813.7916,813.811768,-2.64282227,0.0545324534
0.84959,850,813.7916,813.8119,-2.65869141,0.09815842
0.85134,851,813.7916,813.8121,-2.69470215,0.125424653
0.85317,852,813.7916,813.8122,-2.69836426,0.125424653
0.85318,853,813.7916,813.8124,-2.734375,0.125424653
0.85445,854,813.7916,813.8124,-2.697754,0.125424653
0.85625,855,813.7916,813.8125,-2.738037,0.109064907
0.85626,856,813.7916,813.8126,-2.75390625,0.087251924
0.85758,857,813.7916,813.8127,-2.74963379,0.07634544
0.85760,858,813.7916,813.8127,-2.73742676,0.07634544
0.85933,859,813.7916,813.812744,-2.75756836,0.06543894
0.86118,860,813.7916,813.812866,-2.78564453,0.06543894
0.86120,861,813.7916,813.8127,-2.70080566,0.043625962
0.86244,862,813.7916,813.8127,-2.73742676,0.0109064905
0.86429,863,813.7916,813.8126,-2.71728516,-0.0272662267
0.86433,864,813.7916,813.8125,-2.689209,-0.04907921
0.86555,865,813.7916,813.8124,-2.67333984,-0.08179868
0.86558,866,813.7916,813.8122,-2.637329,-0.09270517
0.86740,867,813.7916,813.8121,-2.633667,-0.103611663
0.86916,868,813.7916,813.811951,-2.61779785,-0.130877882
0.86918,869,813.7916,813.811768,-2.581787,-0.141784385
0.87043,870,813.7916,813.811646,-2.578125,-0.152690873
0.87228,871,813.7916,813.8115,-2.56225586,-0.16359736
0.87231,872,813.7916,813.8114,-2.54638672,-0.16359736
0.87352,873,813.7916,813.8112,-2.510376,-0.16359736
0.87356,874,813.7916,813.8111,-2.50671387,-0.152690873
0.87533,875,813.7916,813.8109,-2.47070313,-0.141784385
0.87719,876,813.7916,813.810852,-2.48718262,-0.141784385
0.87723,877,813.7916,813.8108,-2.479248,-0.141784385
0.87842,878,813.7916,813.8106,-2.43103027,-0.141784385
0.88025,879,813.7916,813.8106,-2.46765137,-0.114518143
0.88027,880,813.7916,813.8106,-2.46765137,-0.103611663
0.88151,881,813.7916,813.8106,-2.46765137,-0.07089219
0.88154,882,813.7916,813.8106,-2.46765137,-0.03817272
0.88334,883,813.7916,813.8106,-2.46765137,-0.0163597353
0.88518,884,813.7916,813.8106,-2.46765137,0
0.88520,885,813.7916,813.810669,-2.487793,0.0109064905
0.88645,886,813.7916,813.8108,-2.51586914,0.021812981
0.88825,887,813.7916,813.8108,-2.491455,0.03271947
0.88826,888,813.7916,813.8109,-2.53173828,0.043625962
0.88953,889,813.7916,813.8109,-2.50732422,0.0545324534
0.88955,890,813.7916,813.8111,-2.567749,0.043625962
0.89133,891,813.7916,813.8111,-2.531128,0.06543894
0.89317,892,813.7916,813.811157,-2.55126953,0.06543894
0.89320,893,813.7916,813.8112,-2.559204,0.0545324534
0.89442,894,813.7916,813.8112,-2.546997,0.06543894
0.89625,895,813.7916,813.81134,-2.58728027,0.043625962
0.89626,896,813.7916,813.8114,-2.58300781,0.043625962
0.89754,897,813.7916,813.8114,-2.57080078,0.043625962
0.89759,898,813.7916,813.8114,-2.57080078,0.043625962
0.89935,899,813.7916,813.8114,-2.57080078,0.03271947
0.90118,900,813.7916,813.81134,-2.55065918,0.0109064905
0.90121,901,813.7916,813.8112,-2.522583,-0.0272662267
0.90250,902,813.7916,813.8112,-2.546997,-0.04907921
0.90428,903,813.7916,813.8111,-2.50671387,-0.0599856973
0.90429,904,813.7916,813.8109,-2.47070313,-0.09270517
0.90553,905,813.7916,813.8108,-2.467041,-0.114518143
0.90554,906,813.7916,813.810669,-2.45117188,-0.114518143
0.90734,907,813.7916,813.8106,-2.45544434,-0.114518143
0.90920,908,813.7916,813.8104,-2.40722656,-0.130877882
0.90923,909,813.7916,813.810242,-2.38342285,-0.141784385
0.91042,910,813.7916,813.8101,-2.37976074,-0.141784385
0.91228,911,813.7916,813.809937,-2.34375,-0.152690873
0.91231,912,813.7916,813.8099,-2.36022949,-0.152690873
0.91350,913,813.7916,813.8097,-2.31201172,-0.152690873
0.91351,914,813.7916,813.8096,-2.30834961,-0.16359736
0.91536,915,813.7916,813.8095,-2.312622,-0.152690873
0.91717,916,813.7916,813.809265,-2.2442627,-0.16359736
0.91719,917,813.7916,813.809143,-2.25280762,-0.16359736
0.91844,918,813.7916,813.809,-2.23693848,-0.152690873
0.92025,919,813.7916,813.80896,-2.241211,-0.141784385
0.92027,920,813.7916,813.80896,-2.253418,-0.09270517
0.92151,921,813.7916,813.80896,-2.253418,-0.04907921
0.92152,922,813.7916,813.809,-2.27355957,-0.0163597353
0.92337,923,813.7916,813.809,-2.26135254,0.0109064905
0.92518,924,813.7916,813.8091,-2.28149414,0.043625962
0.92521,925,813.7916,813.809143,-2.28942871,0.043625962
0.92643,926,813.7916,813.809143,-2.27722168,0.043625962
0.92826,927,813.7916,813.809265,-2.317505,0.0545324534
0.92827,928,813.7916,813.809265,-2.29309082,0.03271947
0.92950,929,813.7916,813.809265,-2.29309082,0.021812981
0.92952,930,813.7916,813.809265,-2.29309082,0.0109064905
0.93138,931,813.7916,813.809265,-2.29309082,0
0.93320,932,813.7916,813.809265,-2.29309082,0
0.93323,933,813.7916,813.809265,-2.29309082,0
0.93442,934,813.7916,813.809143,-2.25280762,-0.0163597353
0.93627,935,813.7916,813.809143,-2.27722168,-0.0272662267
0.93630,936,813.7916,813.809143,-2.27722168,-0.03817272
0.93752,937,813.7916,813.8091,-2.25708,-0.04907921
0.93754,938,813.7916,813.809,-2.24914551,-0.04907921
0.93935,939,813.7916,813.809,-2.26135254,-0.04907921
0.94119,940,813.7916,813.809,-2.26135254,-0.04907921
0.94121,941,813.7916,813.809,-2.26135254,-0.03817272
0.94241,942,813.7916,813.809,-2.26135254,-0.03817272
0.94424,943,813.7916,813.809,-2.26135254,-0.0272662267
0.94427,944,813.7916,813.80896,-2.241211,-0.0272662267
0.94550,945,813.7916,813.809,-2.27355957,-0.0163597353
0.94551,946,813.7916,813.809,-2.26135254,-0.0163597353
0.94743,947,813.7916,813.809,-2.26135254,0
0.94917,948,813.7916,813.809,-2.26135254,0
0.94919,949,813.7916,813.809,-2.26135254,0
0.95042,950,813.7916,813.809,-2.26135254,0
0.95225,951,813.7916,813.809,-2.26135254,0
0.95227,952,813.7916,813.809,-2.26135254,0
0.95352,953,813.7916,813.809,-2.26135254,0
0.95354,954,813.7916,813.809,-2.26135254,0
0.95534,955,813.7916,813.80896,-2.241211,-0.0163597353
0.95721,956,813.7916,813.80896,-2.253418,-0.0163597353
0.95724,957,813.7916,813.808838,-2.21313477,-0.0272662267
0.95841,958,813.7916,813.808838,-2.23754883,-0.03817272
0.96027,959,813.7916,813.808838,-2.23754883,-0.03817272
0.96030,960,813.7916,813.808838,-2.23754883,-0.03817272
0.96151,961,813.7916,813.8087,-2.19726563,-0.03817272
0.96152,962,813.7916,813.8087,-2.22167969,-0.03817272
0.96333,963,813.7916,813.8087,-2.22167969,-0.0272662267
0.96518,964,813.7916,813.8087,-2.22167969,-0.0272662267
0.96520,965,813.7916,813.8087,-2.22167969,-0.0272662267
0.96644,966,813.7916,813.8087,-2.22167969,-0.0272662267
0.96826,967,813.7916,813.8087,-2.22167969,-0.0163597353
0.96828,968,813.7916,813.8087,-2.22167969,-0.0163597353
0.96951,969,813.7916,813.8087,-2.22167969,0
0.96952,970,813.7916,813.8087,-2.22167969,-0.0163597353
0.97136,971,813.7916,813.8087,-2.22167969,-0.0163597353
0.97317,972,813.7916,813.8087,-2.22167969,-0.0163597353
0.97320,973,813.7916,813.8087,-2.22167969,-0.0163597353
0.97441,974,813.7916,813.8086,-2.18139648,-0.0163597353
0.97624,975,813.7916,813.8086,-2.20581055,-0.0163597353
0.97625,976,813.7916,813.8086,-2.20581055,-0.0163597353
0.97757,977,813.7916,813.8086,-2.20581055,-0.0163597353
0.97760,978,813.7916,813.808533,-2.185669,-0.0163597353
0.97934,979,813.7916,813.808533,-2.197876,-0.0163597353
0.98120,980,813.7916,813.808533,-2.197876,-0.0163597353
0.98125,981,813.7916,813.808533,-2.197876,-0.0163597353
0.98243,982,813.7916,813.808533,-2.197876,-0.0163597353
0.98427,983,813.7916,813.808533,-2.197876,-0.0163597353
0.98431,984,813.7916,813.808533,-2.197876,-0.0163597353
0.98551,985,813.7916,813.808533,-2.197876,-0.0163597353
0.98552,986,813.7916,813.808533,-2.197876,-0.0163597353
0.98735,987,813.7916,813.808533,-2.197876,-0.0163597353
0.98916,988,813.7916,813.8084,-2.15759277,-0.0163597353
0.98919,989,813.7916,813.8084,-2.18200684,-0.0163597353
0.99042,990,813.7916,813.8084,-2.18200684,-0.0163597353
0.99226,991,813.7916,813.8084,-2.18200684,-0.0163597353
0.99228,992,813.7916,813.8084,-2.18200684,-0.0163597353
0.99352,993,813.7916,813.8084,-2.18200684,-0.0163597353
0.99355,994,813.7916,813.8084,-2.18200684,-0.0163597353
0.99540,995,813.7916,813.8084,-2.18200684,-0.0163597353
0.99737,996,813.7916,813.8084,-2.18200684,-0.0163597353
0.99743,997,813.7916,813.8084,-2.18200684,-0.0272662267
0.99843,998,813.7916,813.8084,-2.18200684,-0.0272662267
1.00030,999,813.7916,813.8084,-2.18200684,-0.0272662267
1.00034,1000,813.7916,813.8084,-2.18200684,-0.0272662267
1.00151,1001,813.7916,813.8083,-2.14172363,-0.0272662267
1.00153,1002,813.7916,813.8083,-2.1661377,-0.0163597353
1.00335,1003,813.7916,813.808167,-2.12585449,-0.0163597353
1.00518,1004,813.7916,813.808167,-2.15026855,-0.0163597353
1.00522,1005,813.7916,813.808167,-2.15026855,-0.0163597353
1.00642,1006,813.7916,813.808167,-2.15026855,-0.0163597353
1.00829,1007,813.7916,813.808167,-2.15026855,-0.0163597353
1.00832,1008,813.7916,813.808167,-2.15026855,-0.0163597353
1.00950,1009,813.7916,813.808167,-2.15026855,-0.0163597353
1.00952,1010,813.7916,813.808167,-2.15026855,-0.0163597353
1.01135,1011,813.7916,813.808167,-2.15026855,-0.0163597353
1.01319,1012,813.7916,813.808167,-2.15026855,-0.0163597353
1.01321,1013,813.7916,813.808167,-2.15026855,-0.0163597353
1.01448,1014,813.7916,813.808167,-2.15026855,-0.0163597353
1.01627,1015,813.7916,813.8081,-2.130127,-0.0163597353
1.01628,1016,813.7916,813.8081,-2.142334,-0.0163597353
1.01752,1017,813.7916,813.8081,-2.142334,-0.0163597353
1.01753,1018,813.7916,813.8081,-2.142334,-0.0163597353
1.01936,1019,813.7916,813.808044,-2.12219238,-0.0163597353
1.02119,1020,813.7916,813.808044,-2.13439941,-0.0163597353
1.02123,1021,813.7916,813.808044,-2.13439941,-0.0272662267
1.02242,1022,813.7916,813.808044,-2.13439941,-0.0272662267
1.02429,1023,813.7916,813.808044,-2.13439941,-0.0272662267
1.02432,1024,813.7916,813.808044,-2.13439941,-0.0272662267
1.02552,1025,813.7916,813.808044,-2.13439941,-0.0163597353
1.02555,1026,813.7916,813.808,-2.11425781,-0.0272662267
1.02735,1027,813.7916,813.807861,-2.08618164,-0.03817272
1.02921,1028,813.7916,813.807861,-2.1105957,-0.03817272
1.02923,1029,813.7916,813.807861,-2.1105957,-0.03817272
1.03076,1030,813.7916,813.807861,-2.1105957,-0.0272662267
1.03225,1031,813.7916,813.807861,-2.1105957,-0.0272662267
1.03227,1032,813.7916,813.807861,-2.1105957,-0.0272662267
1.03351,1033,813.7916,813.807861,-2.1105957,-0.0163597353
1.03353,1034,813.7916,813.807861,-2.1105957,-0.0163597353
1.03537,1035,813.7916,813.807861,-2.1105957,0
1.03719,1036,813.7916,813.807861,-2.1105957,0
1.03722,1037,813.7916,813.807861,-2.1105957,0
1.03844,1038,813.7916,813.807861,-2.1105957,0
1.04030,1039,813.7916,813.807861,-2.1105957,0
1.04033,1040,813.7916,813.807861,-2.1105957,0
1.04154,1041,813.7916,813.807861,-2.1105957,0
1.04157,1042,813.7916,813.807861,-2.1105957,-0.0163597353
1.04337,1043,813.7916,813.807861,-2.1105957,-0.0163597353
1.04517,1044,813.7916,813.8078,-2.090454,-0.0272662267
1.04519,1045,813.7916,813.807739,-2.08251953,-0.0272662267
1.04642,1046,813.7916,813.807739,-2.09472656,-0.03817272
1.04831,1047,813.7916,813.807739,-2.09472656,-0.04907921
1.04835,1048,813.7916,813.807739,-2.09472656,-0.03817272
1.04952,1049,813.7916,813.8076,-2.05444336,-0.04907921
1.04953,1050,813.7916,813.807556,-2.05871582,-0.03817272
1.05139,1051,813.7916,813.807556,-2.07092285,-0.0272662267
1.05319,1052,813.7916,813.807556,-2.07092285,-0.0272662267
1.05322,1053,813.7916,813.807556,-2.07092285,-0.0272662267
1.05454,1054,813.7916,813.807556,-2.07092285,-0.0272662267
1.05630,1055,813.7916,813.807556,-2.07092285,-0.0272662267
1.05632,1056,813.7916,813.807556,-2.07092285,-0.0163597353
1.05757,1057,813.7916,813.807556,-2.07092285,0
1.05760,1058,813.7916,813.807556,-2.07092285,0
1.05944,1059,813.7916,813.807556,-2.07092285,0.0109064905
1.06130,1060,813.7916,813.807556,-2.07092285,0
1.06134,1061,813.7916,813.807556,-2.07092285,0
1.06246,1062,813.7916,813.807556,-2.07092285,0
1.06440,1063,813.7916,813.807556,-2.07092285,0
1.06443,1064,813.7916,813.807556,-2.07092285,0
1.06559,1065,813.7916,813.807556,-2.07092285,-0.0163597353
1.06561,1066,813.7916,813.807556,-2.07092285,-0.0163597353
1.06739,1067,813.7916,813.807556,-2.07092285,-0.0272662267
1.06920,1068,813.7916,813.807434,-2.03063965,-0.03817272
1.06924,1069,813.7916,813.807434,-2.05505371,-0.03817272
1.07044,1070,813.7916,813.807434,-2.05505371,-0.04907921
1.07231,1071,813.7916,813.807434,-2.05505371,-0.03817272
1.07238,1072,813.7916,813.807434,-2.05505371,-0.0272662267
1.07353,1073,813.7916,813.8073,-2.01477051,-0.03817272
1.07355,1074,813.7916,813.807251,-2.019043,-0.03817272
1.07534,1075,813.7916,813.807251,-2.03125,-0.03817272
1.07722,1076,813.7916,813.807251,-2.03125,-0.03817272
1.07727,1077,813.7916,813.807251,-2.03125,-0.0272662267
1.07844,1078,813.7916,813.807251,-2.03125,-0.0272662267
1.08028,1079,813.7916,813.807251,-2.03125,-0.0272662267
1.08031,1080,813.7916,813.807251,-2.03125,-0.0163597353
1.08154,1081,813.7916,813.807251,-2.03125,-0.0163597353
1.08156,1082,813.7916,813.807251,-2.03125,-0.0163597353
1.08336,1083,813.7916,813.807251,-2.03125,-0.0163597353
1.08519,1084,813.7916,813.807251,-2.03125,0
1.08522,1085,813.7916,813.807251,-2.03125,0
1.08643,1086,813.7916,813.807251,-2.03125,0
1.08827,1087,813.7916,813.807251,-2.03125,0
1.08829,1088,813.7916,813.807251,-2.03125,0
1.08952,1089,813.7916,813.807251,-2.03125,0
1.08953,1090,813.7916,813.807251,-2.03125,0
1.09137,1091,813.7916,813.8072,-2.0111084,-0.0272662267
1.09320,1092,813.7916,813.8072,-2.02331543,-0.0272662267
1.09322,1093,813.7916,813.807068,-1.98303223,-0.0272662267
1.09445,1094,813.7916,813.807068,-2.00744629,-0.03817272
1.09631,1095,813.7916,813.807068,-2.00744629,-0.03817272
1.09634,1096,813.7916,813.807,-1.98730469,-0.04907921
1.09755,1097,813.7916,813.8069,-1.95922852,-0.04907921
1.09759,1098,813.7916,813.8069,-1.98364258,-0.04907921
1.09940,1099,813.7916,813.8069,-1.98364258,-0.04907921
1.10120,1100,813.7916,813.8069,-1.98364258,-0.03817272
1.10123,1101,813.7916,813.806763,-1.94335938,-0.03817272
1.10247,1102,813.7916,813.806763,-1.96777344,-0.03817272
1.10430,1103,813.7916,813.806763,-1.96777344,-0.03817272
1.10433,1104,813.7916,813.806763,-1.96777344,-0.03817272
1.10551,1105,813.7916,813.806763,-1.96777344,-0.03817272
1.10553,1106,813.7916,813.806763,-1.96777344,-0.0163597353
1.10736,1107,813.7916,813.806763,-1.96777344,-0.0163597353
1.10917,1108,813.7916,813.806763,-1.96777344,-0.0163597353
1.10920,1109,813.7916,813.806763,-1.96777344,0
1.11042,1110,813.7916,813.806763,-1.96777344,-0.0163597353
1.11228,1111,813.7916,813.806763,-1.96777344,-0.0163597353
1.11230,1112,813.7916,813.806763,-1.96777344,-0.0163597353
1.11350,1113,813.7916,813.806763,-1.96777344,0
1.11351,1114,813.7916,813.806763,-1.96777344,0
1.11538,1115,813.7916,813.806763,-1.96777344,0
1.11718,1116,813.7916,813.806763,-1.96777344,0
1.11721,1117,813.7916,813.806763,-1.96777344,0
1.11843,1118,813.7916,813.806763,-1.96777344,0
1.12028,1119,813.7916,813.8067,-1.94763184,-0.0163597353
1.12031,1120,813.7916,813.8066,-1.91955566,-0.03817272
1.12152,1121,813.7916,813.8066,-1.94396973,-0.03817272
1.12153,1122,813.7916,813.8065,-1.92382813,-0.0599856973
1.12336,1123,813.7916,813.806458,-1.91589355,-0.0599856973
1.12522,1124,813.7916,813.806458,-1.92810059,-0.0599856973
1.12524,1125,813.7916,813.806335,-1.88781738,-0.0599856973
1.12642,1126,813.7916,813.8063,-1.89208984,-0.0599856973
1.12826,1127,813.7916,813.8063,-1.90429688,-0.0599856973
1.12828,1128,813.7916,813.8062,-1.88415527,-0.0599856973
1.12950,1129,813.7916,813.806152,-1.8762207,-0.07089219
1.12951,1130,813.7916,813.806152,-1.88842773,-0.0599856973
1.13134,1131,813.7916,813.806,-1.84814453,-0.0599856973
1.13320,1132,813.7916,813.805969,-1.852417,-0.07089219
1.13326,1133,813.7916,813.8059,-1.84448242,-0.07089219
1.13445,1134,813.7916,813.8058,-1.81640625,-0.07089219
1.13628,1135,813.7916,813.8058,-1.84082031,-0.07089219
1.13630,1136,813.7916,813.8057,-1.82067871,-0.0599856973
1.13751,1137,813.7916,813.805664,-1.81274414,-0.0599856973
1.13752,1138,813.7916,813.8056,-1.80480957,-0.07089219
1.13936,1139,813.7916,813.8055,-1.7767334,-0.08179868
1.14116,1140,813.7916,813.8055,-1.80114746,-0.08179868
1.14118,1141,813.7916,813.805359,-1.76086426,-0.08179868
1.14243,1142,813.7916,813.805359,-1.78527832,-0.08179868
1.14427,1143,813.7916,813.8052,-1.72485352,-0.08179868
1.14430,1144,813.7916,813.8052,-1.76147461,-0.08179868
1.14550,1145,813.7916,813.805054,-1.72119141,-0.08179868
1.14551,1146,813.7916,813.805054,-1.74560547,-0.08179868
1.14748,1147,813.7916,813.8049,-1.68518066,-0.08179868
1.14917,1148,813.7916,813.8049,-1.72180176,-0.09270517
1.14918,1149,813.7916,813.8047,-1.661377,-0.08179868
1.15043,1150,813.7916,813.8047,-1.697998,-0.09270517
1.15227,1151,813.7916,813.8046,-1.67785645,-0.08179868
1.15230,1152,813.7916,813.8045,-1.64978027,-0.07089219
1.15352,1153,813.7916,813.8045,-1.67419434,-0.0599856973
1.15354,1154,813.7916,813.8045,-1.67419434,-0.04907921
1.15537,1155,813.7916,813.8045,-1.67419434,-0.0272662267
1.15719,1156,813.7916,813.8045,-1.67419434,-0.0163597353
1.15722,1157,813.7916,813.8046,-1.71447754,0.0109064905
1.15844,1158,813.7916,813.8047,-1.71020508,0.021812981
1.16028,1159,813.7916,813.8047,-1.697998,0.021812981
1.16030,1160,813.7916,813.8047,-1.697998,0.03271947
1.16150,1161,813.7916,813.8047,-1.697998,0.021812981
1.16151,1162,813.7916,813.804749,-1.71813965,0.021812981
1.16335,1163,813.7916,813.804749,-1.70593262,0.0109064905
1.16518,1164,813.7916,813.804749,-1.70593262,0
1.16520,1165,813.7916,813.804749,-1.70593262,0
1.16642,1166,813.7916,813.804749,-1.70593262,0
1.16829,1167,813.7916,813.804749,-1.70593262,0
1.16832,1168,813.7916,813.804749,-1.70593262,0
1.16951,1169,813.7916,813.804749,-1.70593262,0
1.16953,1170,813.7916,813.8047,-1.685791,0
1.17135,1171,813.7916,813.8047,-1.697998,-0.0163597353
1.17317,1172,813.7916,813.8047,-1.697998,-0.0163597353
1.17319,1173,813.7916,813.8047,-1.697998,-0.0163597353
1.17444,1174,813.7916,813.8047,-1.697998,-0.0272662267
1.17626,1175,813.7916,813.8047,-1.697998,-0.03817272
1.17628,1176,813.7916,813.8046,-1.67785645,-0.03817272
1.17750,1177,813.7916,813.8045,-1.64978027,-0.03817272
1.17751,1178,813.7916,813.8045,-1.67419434,-0.03817272
1.17935,1179,813.7916,813.8045,-1.67419434,-0.03817272
1.18119,1180,813.7916,813.8045,-1.67419434,-0.03817272
1.18121,1181,813.7916,813.8045,-1.67419434,-0.03817272
1.18243,1182,813.7916,813.804443,-1.65405273,-0.03817272
1.18429,1183,813.7916,813.804443,-1.66625977,-0.0272662267
1.18433,1184,813.7916,813.804443,-1.66625977,-0.0272662267
1.18551,1185,813.7916,813.8044,-1.64611816,-0.0272662267
1.18552,1186,813.7916,813.8044,-1.6583252,-0.0272662267
1.18737,1187,813.7916,813.804443,-1.6784668,-0.0163597353
1.18924,1188,813.7916,813.804443,-1.66625977,0
1.18926,1189,813.7916,813.804443,-1.66625977,0
1.19043,1190,813.7916,813.804443,-1.66625977,0
1.19228,1191,813.7916,813.804443,-1.66625977,0
1.19231,1192,813.7916,813.804443,-1.66625977,0
1.19350,1193,813.7916,813.804443,-1.66625977,0
1.19352,1194,813.7916,813.804443,-1.66625977,0
1.19535,1195,813.7916,813.804443,-1.66625977,0
1.19733,1196,813.7916,813.804443,-1.66625977,0
1.19737,1197,813.7916,813.804443,-1.66625977,0
1.19844,1198,813.7916,813.804443,-1.66625977,0
1.20038,1199,813.7916,813.8044,-1.64611816,-0.0163597353
1.20041,1200,813.7916,813.8044,-1.6583252,-0.0163597353
1.20150,1201,813.7916,813.8044,-1.6583252,-0.0272662267
1.20152,1202,813.7916,813.8043,-1.63818359,-0.03817272
1.20336,1203,813.7916,813.8043,-1.65039063,-0.03817272
1.20517,1204,813.7916,813.8042,-1.61010742,-0.03817272
1.20520,1205,813.7916,813.8042,-1.63452148,-0.03817272
1.20645,1206,813.7916,813.8042,-1.63452148,-0.03817272
1.20827,1207,813.7916,813.8042,-1.63452148,-0.0272662267
1.20830,1208,813.7916,813.8042,-1.63452148,-0.0272662267
1.20951,1209,813.7916,813.804138,-1.61437988,-0.0272662267
1.20952,1210,813.7916,813.804138,-1.62658691,-0.0272662267
1.21138,1211,813.7916,813.8041,-1.60644531,-0.0272662267
1.21317,1212,813.7916,813.8041,-1.61865234,-0.0272662267
1.21320,1213,813.7916,813.8041,-1.61865234,-0.0272662267
1.21447,1214,813.7916,813.8041,-1.61865234,-0.0272662267
1.21629,1215,813.7916,813.8041,-1.61865234,-0.0163597353
1.21632,1216,813.7916,813.8041,-1.61865234,-0.0163597353
1.21751,1217,813.7916,813.8041,-1.61865234,-0.0163597353
1.21753,1218,813.7916,813.8041,-1.61865234,-0.0163597353
1.21936,1219,813.7916,813.8041,-1.61865234,0
1.22115,1220,813.7916,813.8041,-1.61865234,0
1.22117,1221,813.7916,813.8041,-1.61865234,0
1.22242,1222,813.7916,813.8041,-1.61865234,0
1.22429,1223,813.7916,813.8041,-1.61865234,0
1.22431,1224,813.7916,813.8041,-1.61865234,0
1.22552,1225,813.7916,813.8041,-1.61865234,0
1.22554,1226,813.7916,813.8041,-1.61865234,0
1.22739,1227,813.7916,813.8041,-1.61865234,0
1.22916,1228,813.7916,813.8041,-1.61865234,0
1.22917,1229,813.7916,813.8041,-1.61865234,-0.0163597353
1.23084,1230,813.7916,813.8041,-1.61865234,-0.0163597353
1.23227,1231,813.7916,813.8041,-1.61865234,-0.0272662267
1.23230,1232,813.7916,813.8041,-1.61865234,-0.0272662267
1.23351,1233,813.7916,813.803955,-1.57836914,-0.0272662267
1.23352,1234,813.7916,813.803955,-1.6027832,-0.0272662267
1.23536,1235,813.7916,813.8039,-1.5826416,-0.03817272
1.23715,1236,813.7916,813.8039,-1.59484863,-0.03817272
1.23717,1237,813.7916,813.8039,-1.59484863,-0.03817272
1.23841,1238,813.7916,813.803833,-1.574707,-0.03817272
1.24027,1239,813.7916,813.803833,-1.58691406,-0.03817272
1.24029,1240,813.7916,813.8038,-1.56677246,-0.03817272
1.24150,1241,813.7916,813.8038,-1.57897949,-0.0272662267
1.24151,1242,813.7916,813.8038,-1.57897949,-0.0272662267
1.24338,1243,813.7916,813.8038,-1.57897949,-0.0272662267
1.24516,1244,813.7916,813.8038,-1.57897949,-0.0163597353
1.24519,1245,813.7916,813.8038,-1.57897949,-0.0163597353
1.24641,1246,813.7916,813.8038,-1.57897949,0
1.24828,1247,813.7916,813.8038,-1.57897949,-0.0163597353
1.24830,1248,813.7916,813.8038,-1.57897949,0
1.24951,1249,813.7916,813.8038,-1.57897949,0
1.24952,1250,813.7916,813.8038,-1.57897949,0
1.25135,1251,813.7916,813.8038,-1.57897949,0
1.25317,1252,813.7916,813.8038,-1.57897949,0
1.25320,1253,813.7916,813.8038,-1.57897949,0
1.25441,1254,813.7916,813.8038,-1.57897949,0
1.25626,1255,813.7916,813.8038,-1.57897949,0
1.25628,1256,813.7916,813.8038,-1.57897949,0
1.25751,1257,813.7916,813.8038,-1.57897949,0
1.25753,1258,813.7916,813.8038,-1.57897949,0
1.25935,1259,813.7916,813.8038,-1.57897949,0
1.26116,1260,813.7916,813.8038,-1.57897949,-0.0163597353
1.26121,1261,813.7916,813.8038,-1.57897949,-0.0163597353
1.26243,1262,813.7916,813.8038,-1.57897949,-0.0272662267
1.26426,1263,813.7916,813.80365,-1.53869629,-0.03817272
1.26430,1264,813.7916,813.8035,-1.52282715,-0.03817272
1.26553,1265,813.7916,813.8035,-1.54724121,-0.03817272
1.26554,1266,813.7916,813.8035,-1.54724121,-0.03817272
1.26736,1267,813.7916,813.8035,-1.54724121,-0.03817272
1.26916,1268,813.7916,813.8035,-1.54724121,-0.03817272
1.26918,1269,813.7916,813.8035,-1.54724121,-0.03817272
1.27043,1270,813.7916,813.8034,-1.506958,-0.03817272
1.27224,1271,813.7916,813.8034,-1.53137207,-0.03817272
1.27226,1272,813.7916,813.8034,-1.53137207,-0.03817272
1.27351,1273,813.7916,813.8034,-1.53137207,-0.0272662267
1.27353,1274,813.7916,813.8034,-1.53137207,-0.0272662267
1.27535,1275,813.7916,813.8034,-1.53137207,-0.0272662267
1.27722,1276,813.7916,813.8034,-1.53137207,-0.0163597353
1.27725,1277,813.7916,813.8034,-1.53137207,-0.0163597353
1.27842,1278,813.7916,813.8034,-1.53137207,0
1.28025,1279,813.7916,813.8034,-1.53137207,0
1.28026,1280,813.7916,813.8034,-1.53137207,0
1.28152,1281,813.7916,813.8034,-1.53137207,0
1.28155,1282,813.7916,813.8034,-1.53137207,0
1.28341,1283,813.7916,813.8034,-1.53137207,0
1.28517,1284,813.7916,813.8034,-1.53137207,0
1.28518,1285,813.7916,813.8034,-1.53137207,0
1.28643,1286,813.7916,813.8034,-1.53137207,0
1.28826,1287,813.7916,813.8034,-1.53137207,0
1.28831,1288,813.7916,813.8034,-1.53137207,0
1.28951,1289,813.7916,813.8034,-1.53137207,0
1.28952,1290,813.7916,813.8034,-1.53137207,0
1.29134,1291,813.7916,813.8034,-1.53137207,0
1.29317,1292,813.7916,813.8034,-1.53137207,-0.0272662267
1.29318,1293,813.7916,813.8032,-1.47094727,-0.03817272
1.29441,1294,813.7916,813.8032,-1.50756836,-0.03817272
1.29625,1295,813.7916,813.8032,-1.50756836,-0.04907921
1.29626,1296,813.7916,813.8032,-1.50756836,-0.04907921
1.29754,1297,813.7916,813.8032,-1.50756836,-0.03817272
1.29759,1298,813.7916,813.8032,-1.50756836,-0.03817272
1.29934,1299,813.7916,813.8031,-1.46728516,-0.03817272
1.30124,1300,813.7916,813.8031,-1.49169922,-0.03817272
1.30127,1301,813.7916,813.8031,-1.49169922,-0.03817272
1.30242,1302,813.7916,813.8031,-1.49169922,-0.03817272
1.30426,1303,813.7916,813.8031,-1.49169922,-0.0272662267
1.30428,1304,813.7916,813.8029,-1.43127441,-0.0272662267
1.30554,1305,813.7916,813.8029,-1.46789551,-0.0272662267
1.30558,1306,813.7916,813.8029,-1.46789551,-0.0272662267
1.30738,1307,813.7916,813.8029,-1.46789551,-0.0272662267
1.30917,1308,813.7916,813.8029,-1.46789551,-0.0272662267
1.30919,1309,813.7916,813.8029,-1.46789551,-0.0163597353
1.31046,1310,813.7916,813.8029,-1.46789551,-0.0163597353
1.31225,1311,813.7916,813.8029,-1.46789551,0
1.31227,1312,813.7916,813.8029,-1.46789551,0.0109064905
1.31350,1313,813.7916,813.8029,-1.46789551,0.0109064905
1.31351,1314,813.7916,813.8029,-1.46789551,0.0109064905
1.31535,1315,813.7916,813.8029,-1.46789551,0
1.31719,1316,813.7916,813.8029,-1.46789551,0
1.31722,1317,813.7916,813.8029,-1.46789551,0
1.31844,1318,813.7916,813.8029,-1.46789551,0
1.32026,1319,813.7916,813.8029,-1.46789551,0
1.32027,1320,813.7916,813.8029,-1.46789551,0
1.32151,1321,813.7916,813.8029,-1.46789551,0
1.32153,1322,813.7916,813.8029,-1.46789551,0
1.32334,1323,813.7916,813.8029,-1.46789551,-0.0163597353
1.32519,1324,813.7916,813.8029,-1.46789551,-0.0272662267
1.32523,1325,813.7916,813.8029,-1.46789551,-0.0272662267
1.32643,1326,813.7916,813.802856,-1.44775391,-0.03817272
1.32824,1327,813.7916,813.8028,-1.43981934,-0.03817272
1.32825,1328,813.7916,813.8028,-1.45202637,-0.04907921
1.32950,1329,813.7916,813.8028,-1.45202637,-0.04907921
1.32954,1330,813.7916,813.8027,-1.41174316,-0.04907921
1.33137,1331,813.7916,813.8026,-1.41601563,-0.04907921
1.33316,1332,813.7916,813.8026,-1.42822266,-0.04907921
1.33319,1333,813.7916,813.8026,-1.42822266,-0.04907921
1.33445,1334,813.7916,813.802551,-1.408081,-0.04907921
1.33627,1335,813.7916,813.8024,-1.38000488,-0.04907921
1.33631,1336,813.7916,813.802368,-1.38427734,-0.0599856973
1.33751,1337,813.7916,813.8023,-1.37634277,-0.0599856973
1.33754,1338,813.7916,813.8023,-1.3885498,-0.07089219
1.33934,1339,813.7916,813.8021,-1.328125,-0.07089219
1.34115,1340,813.7916,813.8021,-1.36474609,-0.07089219
1.34117,1341,813.7916,813.802063,-1.34460449,-0.07089219
1.34246,1342,813.7916,813.802,-1.33666992,-0.08179868
1.34424,1343,813.7916,813.8019,-1.30859375,-0.08179868
1.34426,1344,813.7916,813.8018,-1.31286621,-0.08179868
1.34551,1345,813.7916,813.8017,-1.28479,-0.08179868
1.34554,1346,813.7916,813.8017,-1.3092041,-0.09270517
1.34743,1347,813.7916,813.8015,-1.2487793,-0.09270517
1.34915,1348,813.7916,813.8014,-1.24511719,-0.114518143
1.34917,1349,813.7916,813.8013,-1.229248,-0.114518143
1.35044,1350,813.7916,813.801147,-1.21337891,-0.130877882
1.35225,1351,813.7916,813.801,-1.19750977,-0.141784385
1.35226,1352,813.7916,813.800842,-1.161499,-0.130877882
1.35353,1353,813.7916,813.800842,-1.19812012,-0.130877882
1.35354,1354,813.7916,813.8007,-1.15783691,-0.114518143
1.35533,1355,813.7916,813.800537,-1.12182617,-0.114518143
1.35717,1356,813.7916,813.800537,-1.15844727,-0.103611663
1.35718,1357,813.7916,813.800537,-1.15844727,-0.09270517
1.35841,1358,813.7916,813.800537,-1.15844727,-0.07089219
1.36026,1359,813.7916,813.800537,-1.15844727,-0.04907921
1.36031,1360,813.7916,813.800537,-1.15844727,0
1.36150,1361,813.7916,813.8007,-1.21887207,0.021812981
1.36153,1362,813.7916,813.8007,-1.182251,0.03271947
1.36333,1363,813.7916,813.800842,-1.22253418,0.0545324534
1.36518,1364,813.7916,813.800842,-1.19812012,0.0545324534
1.36520,1365,813.7916,813.800964,-1.23840332,0.0545324534
1.36643,1366,813.7916,813.801,-1.23413086,0.06543894
1.36826,1367,813.7916,813.801,-1.22192383,0.0545324534
1.36828,1368,813.7916,813.8011,-1.24206543,0.0545324534
1.36954,1369,813.7916,813.801147,-1.25,0.0545324534
1.36957,1370,813.7916,813.801147,-1.237793,0.043625962
1.37134,1371,813.7916,813.8013,-1.27807617,0.043625962
1.37319,1372,813.7916,813.801331,-1.27380371,0.043625962
1.37322,1373,813.7916,813.8013,-1.24145508,0.03271947
1.37442,1374,813.7916,813.801147,-1.21337891,0.0109064905
1.37624,1375,813.7916,813.801147,-1.237793,-0.0163597353
1.37626,1376,813.7916,813.801147,-1.237793,-0.03817272
1.37752,1377,813.7916,813.801,-1.19750977,-0.0599856973
1.37757,1378,813.7916,813.801,-1.22192383,-0.07089219
1.37934,1379,813.7916,813.800964,-1.20178223,-0.07089219
1.38118,1380,813.7916,813.800842,-1.173706,-0.08179868
1.38119,1381,813.7916,813.800842,-1.19812012,-0.07089219
1.38245,1382,813.7916,813.8008,-1.17797852,-0.0599856973
1.38426,1383,813.7916,813.8007,-1.170044,-0.0599856973
1.38429,1384,813.7916,813.8007,-1.182251,-0.0599856973
1.38554,1385,813.7916,813.8006,-1.14196777,-0.0599856973
1.38557,1386,813.7916,813.800537,-1.14624023,-0.0599856973
1.38733,1387,813.7916,813.800537,-1.15844727,-0.04907921
1.38918,1388,813.7916,813.8006,-1.17858887,-0.0272662267
1.38920,1389,813.7916,813.8007,-1.206665,-0.0163597353
1.39043,1390,813.7916,813.8007,-1.182251,0.0109064905
1.39224,1391,813.7916,813.8007,-1.182251,0.021812981
1.39225,1392,813.7916,813.8007,-1.182251,0.021812981
1.39351,1393,813.7916,813.8007,-1.182251,0.021812981
1.39355,1394,813.7916,813.8007,-1.182251,0.0109064905
1.39536,1395,813.7916,813.8007,-1.182251,0.0109064905
1.39728,1396,813.7916,813.8007,-1.182251,0
1.39730,1397,813.7916,813.8007,-1.182251,0
1.39844,1398,813.7916,813.8007,-1.182251,0
1.40027,1399,813.7916,813.8007,-1.182251,0
1.40028,1400,813.7916,813.8007,-1.182251,0
1.40152,1401,813.7916,813.8007,-1.182251,0
1.40155,1402,813.7916,813.8007,-1.182251,-0.0163597353
1.40335,1403,813.7916,813.8007,-1.182251,-0.0163597353
1.40518,1404,813.7916,813.8007,-1.182251,-0.0163597353
1.40519,1405,813.7916,813.8007,-1.182251,-0.0163597353
1.40644,1406,813.7916,813.8007,-1.182251,-0.0163597353
1.40825,1407,813.7916,813.8007,-1.182251,-0.0163597353
1.40827,1408,813.7916,813.8007,-1.182251,-0.0163597353
1.40950,1409,813.7916,813.8007,-1.182251,-0.0272662267
1.40951,1410,813.7916,813.8007,-1.182251,-0.0163597353
1.41133,1411,813.7916,813.8007,-1.182251,-0.0163597353
1.41321,1412,813.7916,813.8007,-1.182251,-0.0163597353
1.41324,1413,813.7916,813.8007,-1.182251,0
1.41444,1414,813.7916,813.8007,-1.182251,0
1.41629,1415,813.7916,813.8007,-1.182251,0
1.41632,1416,813.7916,813.8007,-1.182251,0
1.41756,1417,813.7916,813.8007,-1.182251,-0.0163597353
1.41758,1418,813.7916,813.8006,-1.14196777,-0.0163597353
1.41934,1419,813.7916,813.8006,-1.16638184,-0.0272662267
1.42121,1420,813.7916,813.800537,-1.14624023,-0.0272662267
1.42124,1421,813.7916,813.800537,-1.15844727,-0.0272662267
1.42243,1422,813.7916,813.800537,-1.15844727,-0.0272662267
1.42424,1423,813.7916,813.800537,-1.15844727,-0.0272662267
1.42426,1424,813.7916,813.800537,-1.15844727,-0.0272662267
1.42550,1425,813.7916,813.800537,-1.15844727,-0.0272662267
1.42553,1426,813.7916,813.800537,-1.15844727,-0.0272662267
1.42735,1427,813.7916,813.800537,-1.15844727,-0.0163597353
1.42919,1428,813.7916,813.800537,-1.15844727,-0.0163597353
1.42921,1429,813.7916,813.8005,-1.13830566,-0.0163597353
1.43085,1430,813.7916,813.8005,-1.1505127,-0.0163597353
1.43228,1431,813.7916,813.8005,-1.1505127,-0.0163597353
1.43230,1432,813.7916,813.8005,-1.1505127,-0.0163597353
1.43360,1433,813.7916,813.8005,-1.1505127,-0.0163597353
1.43363,1434,813.7916,813.8005,-1.1505127,0
1.43533,1435,813.7916,813.800537,-1.1706543,-0.0163597353
1.43720,1436,813.7916,813.800537,-1.15844727,0
1.43723,1437,813.7916,813.800537,-1.15844727,0
1.43842,1438,813.7916,813.800537,-1.15844727,0
1.44025,1439,813.7916,813.800537,-1.15844727,0
1.44027,1440,813.7916,813.800537,-1.15844727,0
1.44150,1441,813.7916,813.800537,-1.15844727,0
1.44151,1442,813.7916,813.800537,-1.15844727,0
1.44333,1443,813.7916,813.800537,-1.15844727,0
1.44515,1444,813.7916,813.8004,-1.11816406,-0.0272662267
1.44517,1445,813.7916,813.8004,-1.14257813,-0.0272662267
1.44642,1446,813.7916,813.8004,-1.14257813,-0.0272662267
1.44831,1447,813.7916,813.8004,-1.14257813,-0.03817272
1.44834,1448,813.7916,813.8003,-1.10229492,-0.03817272
1.44952,1449,813.7916,813.8002,-1.08642578,-0.03817272
1.44954,1450,813.7916,813.8002,-1.11083984,-0.03817272
1.45133,1451,813.7916,813.8002,-1.11083984,-0.03817272
1.45319,1452,813.7916,813.8002,-1.11083984,-0.0272662267
1.45323,1453,813.7916,813.8002,-1.11083984,-0.0272662267
1.45442,1454,813.7916,813.8002,-1.11083984,-0.0272662267
1.45628,1455,813.7916,813.8002,-1.11083984,-0.0272662267
1.45631,1456,813.7916,813.8002,-1.11083984,-0.0163597353
1.45750,1457,813.7916,813.8002,-1.11083984,0
1.45753,1458,813.7916,813.8002,-1.11083984,0.0109064905
1.45935,1459,813.7916,813.8002,-1.11083984,0.0109064905
1.46119,1460,813.7916,813.8003,-1.151123,0.021812981
1.46122,1461,813.7916,813.8003,-1.126709,0.0109064905
1.46243,1462,813.7916,813.8003,-1.126709,0
1.46426,1463,813.7916,813.8003,-1.126709,0
1.46430,1464,813.7916,813.8003,-1.126709,0
1.46552,1465,813.7916,813.8003,-1.126709,0
1.46554,1466,813.7916,813.8003,-1.126709,0
1.46736,1467,813.7916,813.8003,-1.126709,0
1.46919,1468,813.7916,813.8003,-1.126709,0
1.46922,1469,813.7916,813.8003,-1.126709,0
1.47041,1470,813.7916,813.8002,-1.08642578,-0.0163597353
1.47227,1471,813.7916,813.8002,-1.11083984,-0.0163597353
1.47229,1472,813.7916,813.8002,-1.11083984,-0.0272662267
1.47351,1473,813.7916,813.8002,-1.11083984,-0.0272662267
1.47352,1474,813.7916,813.8002,-1.11083984,-0.0163597353
1.47533,1475,813.7916,813.8002,-1.11083984,-0.0272662267
1.47720,1476,813.7916,813.8002,-1.11083984,-0.0272662267
1.47722,1477,813.7916,813.8002,-1.11083984,-0.0272662267
1.47843,1478,813.7916,813.8002,-1.11083984,-0.0272662267
1.48026,1479,813.7916,813.8002,-1.11083984,-0.0272662267
1.48028,1480,813.7916,813.800049,-1.07055664,-0.0163597353
1.48152,1481,813.7916,813.800049,-1.0949707,-0.0163597353
1.48155,1482,813.7916,813.800049,-1.0949707,-0.0163597353
1.48335,1483,813.7916,813.800049,-1.0949707,-0.0163597353
1.48519,1484,813.7916,813.800049,-1.0949707,-0.0163597353
1.48522,1485,813.7916,813.800049,-1.0949707,-0.0163597353
1.48642,1486,813.7916,813.800049,-1.0949707,-0.0163597353
1.48829,1487,813.7916,813.800049,-1.0949707,-0.0163597353
1.48831,1488,813.7916,813.800049,-1.0949707,-0.0163597353
1.48951,1489,813.7916,813.800049,-1.0949707,0
1.48952,1490,813.7916,813.800049,-1.0949707,0
1.49134,1491,813.7916,813.800049,-1.0949707,0
1.49320,1492,813.7916,813.800049,-1.0949707,0
1.49322,1493,813.7916,813.800049,-1.0949707,0
1.49441,1494,813.7916,813.800049,-1.0949707,0
1.49627,1495,813.7916,813.800049,-1.0949707,0
1.49631,1496,813.7916,813.800049,-1.0949707,0
1.49751,1497,813.7916,813.800049,-1.0949707,0
1.49753,1498,813.7916,813.800049,-1.0949707,0
1.49934,1499,813.7916,813.800049,-1.0949707,0
1.50117,1500,813.7916,813.800049,-1.0949707,0
1.50119,1501,813.7916,813.800049,-1.0949707,0
1.50242,1502,813.7916,813.800049,-1.0949707,0
1.50429,1503,813.7916,813.800049,-1.0949707,-0.0163597353
1.50431,1504,813.7916,813.8,-1.0748291,-0.0272662267
1.50554,1505,813.7916,813.8,-1.08703613,-0.0272662267
1.50556,1506,813.7916,813.799866,-1.04675293,-0.03817272
1.50734,1507,813.7916,813.799866,-1.071167,-0.03817272
1.50921,1508,813.7916,813.799866,-1.071167,-0.03817272
1.50926,1509,813.7916,813.799866,-1.071167,-0.04907921
1.51042,1510,813.7916,813.799866,-1.071167,-0.03817272
1.51229,1511,813.7916,813.799744,-1.03088379,-0.03817272
1.51231,1512,813.7916,813.799744,-1.05529785,-0.03817272
1.51350,1513,813.7916,813.799744,-1.05529785,-0.0272662267
1.51351,1514,813.7916,813.799744,-1.05529785,-0.0163597353
1.51536,1515,813.7916,813.799744,-1.05529785,-0.0163597353
1.51720,1516,813.7916,813.799744,-1.05529785,0
1.51722,1517,813.7916,813.799866,-1.095581,0.0109064905
1.51843,1518,813.7916,813.799866,-1.071167,0.0109064905
1.52024,1519,813.7916,813.799866,-1.071167,0.0109064905
1.52026,1520,813.7916,813.799866,-1.071167,0
1.52153,1521,813.7916,813.799866,-1.071167,0
1.52155,1522,813.7916,813.799866,-1.071167,0
1.52336,1523,813.7916,813.799866,-1.071167,0
1.52517,1524,813.7916,813.799866,-1.071167,0
1.52520,1525,813.7916,813.799866,-1.071167,0
1.52641,1526,813.7916,813.799866,-1.071167,0
1.52825,1527,813.7916,813.799866,-1.071167,0
1.52827,1528,813.7916,813.799866,-1.071167,-0.0163597353
1.52955,1529,813.7916,813.799744,-1.03088379,-0.0163597353
1.52958,1530,813.7916,813.799744,-1.05529785,-0.0272662267
1.53139,1531,813.7916,813.799744,-1.05529785,-0.0272662267
1.53323,1532,813.7916,813.799744,-1.05529785,-0.0272662267
1.53326,1533,813.7916,813.799744,-1.05529785,-0.0272662267
1.53442,1534,813.7916,813.799744,-1.05529785,-0.0272662267
1.53633,1535,813.7916,813.7996,-1.01501465,-0.0272662267
1.53637,1536,813.7916,813.799561,-1.01928711,-0.03817272
1.53751,1537,813.7916,813.799561,-1.03149414,-0.03817272
1.53754,1538,813.7916,813.799561,-1.03149414,-0.03817272
1.53939,1539,813.7916,813.799561,-1.03149414,-0.03817272
1.54121,1540,813.7916,813.799561,-1.03149414,-0.0272662267
1.54125,1541,813.7916,813.799561,-1.03149414,-0.0272662267
1.54242,1542,813.7916,813.799561,-1.03149414,-0.0163597353
1.54426,1543,813.7916,813.799561,-1.03149414,-0.0163597353
1.54429,1544,813.7916,813.799561,-1.03149414,0.0109064905
1.54551,1545,813.7916,813.799561,-1.03149414,0
1.54552,1546,813.7916,813.799561,-1.03149414,0
1.54761,1547,813.7916,813.799561,-1.03149414,0.0109064905
1.54917,1548,813.7916,813.799561,-1.03149414,0
1.54918,1549,813.7916,813.799561,-1.03149414,0
1.55043,1550,813.7916,813.799561,-1.03149414,0
1.55230,1551,813.7916,813.799561,-1.03149414,0
1.55232,1552,813.7916,813.799561,-1.03149414,0
1.55353,1553,813.7916,813.799561,-1.03149414,0
1.55355,1554,813.7916,813.799561,-1.03149414,0
1.55537,1555,813.7916,813.799561,-1.03149414,-0.0163597353
1.55716,1556,813.7916,813.799561,-1.03149414,-0.0163597353
1.55718,1557,813.7916,813.799561,-1.03149414,-0.0163597353
1.55843,1558,813.7916,813.7995,-1.01135254,-0.0272662267
1.56026,1559,813.7916,813.799438,-1.003418,-0.0272662267
1.56029,1560,813.7916,813.799438,-1.015625,-0.03817272
1.56151,1561,813.7916,813.799438,-1.015625,-0.03817272
1.56153,1562,813.7916,813.799438,-1.015625,-0.03817272
1.56336,1563,813.7916,813.799438,-1.015625,-0.03817272
1.56520,1564,813.7916,813.799438,-1.015625,-0.0272662267
1.56523,1565,813.7916,813.7993,-0.9753418,-0.0272662267
1.56646,1566,813.7916,813.799255,-0.979614258,-0.0272662267
1.56827,1567,813.7916,813.799255,-0.9918213,-0.0272662267
1.56828,1568,813.7916,813.799255,-0.9918213,-0.0272662267
1.56952,1569,813.7916,813.799255,-0.9918213,-0.0272662267
1.56954,1570,813.7916,813.799255,-0.9918213,-0.0272662267
1.57135,1571,813.7916,813.799255,-0.9918213,-0.0272662267
1.57320,1572,813.7916,813.7992,-0.9716797,-0.0272662267
1.57323,1573,813.7916,813.7991,-0.9436035,-0.0272662267
1.57442,1574,813.7916,813.7991,-0.9680176,-0.0272662267
1.57629,1575,813.7916,813.7991,-0.9680176,-0.0272662267
1.57631,1576,813.7916,813.7991,-0.9680176,-0.0272662267
1.57751,1577,813.7916,813.7991,-0.9680176,-0.0163597353
1.57753,1578,813.7916,813.7991,-0.9680176,-0.0163597353
1.57935,1579,813.7916,813.7991,-0.9680176,0
1.58118,1580,813.7916,813.7991,-0.9680176,0
1.58120,1581,813.7916,813.7991,-0.9680176,0
1.58242,1582,813.7916,813.7991,-0.9680176,0
1.58427,1583,813.7916,813.7991,-0.9680176,0
1.58430,1584,813.7916,813.7992,-1.00830078,0
1.58553,1585,813.7916,813.7992,-0.9838867,0
1.58555,1586,813.7916,813.7992,-0.9838867,0
1.58737,1587,813.7916,813.7992,-0.9838867,0
1.58919,1588,813.7916,813.7992,-0.9838867,0
1.58921,1589,813.7916,813.7992,-0.9838867,0
1.59044,1590,813.7916,813.7992,-0.9838867,0
1.59229,1591,813.7916,813.7992,-0.9838867,0
1.59233,1592,813.7916,813.7992,-0.9838867,-0.0163597353
1.59351,1593,813.7916,813.7992,-0.9838867,-0.0163597353
1.59353,1594,813.7916,813.7992,-0.9838867,-0.0163597353
1.59536,1595,813.7916,813.7991,-0.9436035,-0.0272662267
1.59728,1596,813.7916,813.7991,-0.9680176,-0.03817272
1.59733,1597,813.7916,813.799,-0.947876,-0.03817272
1.59854,1598,813.7916,813.79895,-0.9399414,-0.04907921
1.60026,1599,813.7916,813.79895,-0.952148438,-0.04907921
1.60028,1600,813.7916,813.7989,-0.932006836,-0.04907921
1.60154,1601,813.7916,813.798767,-0.903930664,-0.0599856973
1.60156,1602,813.7916,813.798767,-0.9283447,-0.0599856973
1.60338,1603,813.7916,813.798645,-0.8880615,-0.0599856973
1.60520,1604,813.7916,813.798645,-0.9124756,-0.0599856973
1.60522,1605,813.7916,813.798645,-0.9124756,-0.0599856973
1.60642,1606,813.7916,813.798462,-0.8520508,-0.07089219
1.60828,1607,813.7916,813.798462,-0.8886719,-0.07089219
1.60831,1608,813.7916,813.79834,-0.8483887,-0.07089219
1.60952,1609,813.7916,813.79834,-0.872802734,-0.07089219
1.60955,1610,813.7916,813.7982,-0.832519531,-0.08179868
1.61140,1611,813.7916,813.798157,-0.836792,-0.07089219
1.61320,1612,813.7916,813.798035,-0.8087158,-0.08179868
1.61323,1613,813.7916,813.798,-0.8129883,-0.08179868
1.61444,1614,813.7916,813.7979,-0.8050537,-0.08179868
1.61627,1615,813.7916,813.7978,-0.776977539,-0.09270517
1.61630,1616,813.7916,813.797668,-0.7611084,-0.09270517
1.61750,1617,813.7916,813.797668,-0.785522461,-0.09270517
1.61751,1618,813.7916,813.7975,-0.725097656,-0.09270517
1.61937,1619,813.7916,813.7975,-0.76171875,-0.09270517
1.62117,1620,813.7916,813.797363,-0.721435547,-0.09270517
1.62118,1621,813.7916,813.797363,-0.7458496,-0.09270517
1.62244,1622,813.7916,813.7972,-0.6854248,-0.08179868
1.62428,1623,813.7916,813.7972,-0.7220459,-0.08179868
1.62431,1624,813.7916,813.7972,-0.7220459,-0.07089219
1.62550,1625,813.7916,813.7972,-0.7220459,-0.04907921
1.62551,1626,813.7916,813.7972,-0.7220459,-0.03817272
1.62738,1627,813.7916,813.7972,-0.7220459,-0.0163597353
1.62918,1628,813.7916,813.797241,-0.7421875,0.0109064905
1.62922,1629,813.7916,813.797241,-0.729980469,0.0109064905
1.63076,1630,813.7916,813.797363,-0.7702637,0.021812981
1.63228,1631,813.7916,813.797363,-0.7458496,0.043625962
1.63231,1632,813.7916,813.7974,-0.7659912,0.043625962
1.63354,1633,813.7916,813.7975,-0.7739258,0.043625962
1.63357,1634,813.7916,813.7975,-0.76171875,0.03271947
1.63537,1635,813.7916,813.7975,-0.76171875,0.03271947
1.63720,1636,813.7916,813.7976,-0.802001953,0.021812981
1.63725,1637,813.7916,813.7976,-0.7775879,0.021812981
1.63842,1638,813.7916,813.797668,-0.7977295,0.021812981
1.64029,1639,813.7916,813.7976,-0.765380859,0.021812981
1.64031,1640,813.7916,813.7975,-0.7373047,0
1.64151,1641,813.7916,813.7975,-0.76171875,-0.0163597353
1.64152,1642,813.7916,813.7975,-0.76171875,-0.0272662267
1.64335,1643,813.7916,813.7975,-0.76171875,-0.03817272
1.64519,1644,813.7916,813.7975,-0.76171875,-0.03817272
1.64522,1645,813.7916,813.7974,-0.741577148,-0.03817272
1.64643,1646,813.7916,813.797363,-0.7336426,-0.03817272
1.64828,1647,813.7916,813.797363,-0.7458496,-0.04907921
1.64832,1648,813.7916,813.797363,-0.7458496,-0.04907921
1.64952,1649,813.7916,813.797363,-0.7458496,-0.04907921
1.64953,1650,813.7916,813.797241,-0.7055664,-0.03817272
1.65138,1651,813.7916,813.797241,-0.729980469,-0.0272662267
1.65318,1652,813.7916,813.797241,-0.729980469,-0.0272662267
1.65322,1653,813.7916,813.797241,-0.729980469,-0.0163597353
1.65442,1654,813.7916,813.797363,-0.7702637,-0.0163597353
1.65627,1655,813.7916,813.797363,-0.7458496,0.0109064905
1.65630,1656,813.7916,813.797363,-0.7458496,0.0109064905
1.65751,1657,813.7916,813.797363,-0.7458496,0.0109064905
1.65752,1658,813.7916,813.797363,-0.7458496,0.0109064905
1.65935,1659,813.7916,813.797363,-0.7458496,0
1.66121,1660,813.7916,813.797363,-0.7458496,0
1.66123,1661,813.7916,813.797363,-0.7458496,0
1.66242,1662,813.7916,813.797363,-0.7458496,0
1.66441,1663,813.7916,813.797363,-0.7458496,0
1.66442,1664,813.7916,813.797363,-0.7458496,0
1.66552,1665,813.7916,813.797363,-0.7458496,0
1.66553,1666,813.7916,813.797363,-0.7458496,0
1.66739,1667,813.7916,813.797363,-0.7458496,0
1.66919,1668,813.7916,813.797363,-0.7458496,0
1.66923,1669,813.7916,813.797363,-0.7458496,-0.0163597353
1.67042,1670,813.7916,813.797363,-0.7458496,-0.0163597353
1.67228,1671,813.7916,813.797363,-0.7458496,-0.0272662267
1.67230,1672,813.7916,813.797363,-0.7458496,-0.0272662267
1.67351,1673,813.7916,813.797363,-0.7458496,-0.0163597353
1.67354,1674,813.7916,813.797363,-0.7458496,-0.0163597353
1.67537,1675,813.7916,813.797241,-0.7055664,-0.0163597353
1.67720,1676,813.7916,813.797241,-0.729980469,-0.0163597353
1.67724,1677,813.7916,813.7972,-0.709838867,-0.0272662267
1.67842,1678,813.7916,813.7972,-0.7220459,-0.0272662267
1.68028,1679,813.7916,813.7972,-0.7220459,-0.0272662267
1.68031,1680,813.7916,813.7972,-0.7220459,-0.0272662267
1.68152,1681,813.7916,813.7972,-0.7220459,-0.0272662267
1.68154,1682,813.7916,813.7972,-0.7220459,-0.0163597353
1.68333,1683,813.7916,813.7972,-0.7220459,-0.0163597353
1.68516,1684,813.7916,813.7972,-0.7220459,-0.0163597353
1.68517,1685,813.7916,813.7972,-0.7220459,-0.0163597353
1.68643,1686,813.7916,813.7972,-0.7220459,0
1.68832,1687,813.7916,813.7972,-0.7220459,0
1.68836,1688,813.7916,813.7972,-0.7220459,0
1.68950,1689,813.7916,813.7972,-0.7220459,0.0109064905
1.68952,1690,813.7916,813.7972,-0.7220459,0
1.69136,1691,813.7916,813.7972,-0.7220459,0
1.69319,1692,813.7916,813.7972,-0.7220459,0
1.69323,1693,813.7916,813.7972,-0.7220459,0
1.69443,1694,813.7916,813.7972,-0.7220459,0
1.69627,1695,813.7916,813.7972,-0.7220459,0
1.69630,1696,813.7916,813.7972,-0.7220459,0
1.69751,1697,813.7916,813.7972,-0.7220459,0
1.69753,1698,813.7916,813.7972,-0.7220459,0
1.69940,1699,813.7916,813.7972,-0.7220459,0
1.70119,1700,813.7916,813.7972,-0.7220459,0
1.70121,1701,813.7916,813.7972,-0.7220459,0
1.70247,1702,813.7916,813.7972,-0.7220459,-0.0163597353
1.70430,1703,813.7916,813.7972,-0.7220459,-0.0163597353
1.70435,1704,813.7916,813.7972,-0.7220459,-0.0272662267
1.70553,1705,813.7916,813.7972,-0.7220459,-0.0272662267
1.70555,1706,813.7916,813.7972,-0.7220459,-0.0272662267
1.70734,1707,813.7916,813.7971,-0.7019043,-0.0272662267
1.70919,1708,813.7916,813.7971,-0.7141113,-0.0272662267
1.70923,1709,813.7916,813.7971,-0.7141113,-0.0272662267
1.71042,1710,813.7916,813.797058,-0.6939697,-0.0272662267
1.71228,1711,813.7916,813.797058,-0.706176758,-0.0272662267
1.71230,1712,813.7916,813.797058,-0.706176758,-0.0163597353
1.71350,1713,813.7916,813.797058,-0.706176758,-0.0163597353
1.71351,1714,813.7916,813.797058,-0.706176758,-0.0163597353
1.71537,1715,813.7916,813.797058,-0.706176758,-0.0163597353
1.71718,1716,813.7916,813.797058,-0.706176758,-0.0163597353
1.71720,1717,813.7916,813.797058,-0.706176758,0
1.71844,1718,813.7916,813.797058,-0.706176758,0
1.72028,1719,813.7916,813.797058,-0.706176758,0
1.72031,1720,813.7916,813.797058,-0.706176758,0
1.72150,1721,813.7916,813.797058,-0.706176758,0
1.72152,1722,813.7916,813.797058,-0.706176758,0
1.72338,1723,813.7916,813.797058,-0.706176758,0
1.72520,1724,813.7916,813.797058,-0.706176758,0
1.72523,1725,813.7916,813.797058,-0.706176758,0
1.72642,1726,813.7916,813.797058,-0.706176758,0
1.72829,1727,813.7916,813.797058,-0.706176758,0
1.72833,1728,813.7916,813.797058,-0.706176758,0
1.72950,1729,813.7916,813.797058,-0.706176758,0
1.72951,1730,813.7916,813.797058,-0.706176758,0
1.73136,1731,813.7916,813.797058,-0.706176758,0
1.73317,1732,813.7916,813.797058,-0.706176758,-0.0163597353
1.73320,1733,813.7916,813.797058,-0.706176758,-0.0272662267
1.73444,1734,813.7916,813.797058,-0.706176758,-0.0272662267
1.73627,1735,813.7916,813.797058,-0.706176758,-0.0272662267
1.73630,1736,813.7916,813.796936,-0.665893555,-0.0272662267
1.73754,1737,813.7916,813.796936,-0.6903076,-0.0272662267
1.73757,1738,813.7916,813.7968,-0.6500244,-0.0272662267
1.73937,1739,813.7916,813.7968,-0.6744385,-0.0272662267
1.74116,1740,813.7916,813.7968,-0.6744385,-0.0272662267
1.74122,1741,813.7916,813.7968,-0.6744385,-0.0163597353
1.74243,1742,813.7916,813.7968,-0.6744385,-0.0163597353
1.74426,1743,813.7916,813.7968,-0.6744385,-0.0163597353
1.74429,1744,813.7916,813.7968,-0.6744385,-0.0163597353
1.74550,1745,813.7916,813.7968,-0.6744385,-0.0163597353
1.74553,1746,813.7916,813.7968,-0.6744385,-0.0163597353
1.74753,1747,813.7916,813.7968,-0.6744385,-0.0163597353
1.74917,1748,813.7916,813.7968,-0.6744385,0
1.74919,1749,813.7916,813.7968,-0.6744385,0
1.75043,1750,813.7916,813.7968,-0.6744385,0
1.75229,1751,813.7916,813.7968,-0.6744385,0
1.75232,1752,813.7916,813.7968,-0.6744385,0
1.75351,1753,813.7916,813.7968,-0.6744385,0
1.75354,1754,813.7916,813.7968,-0.6744385,0
1.75539,1755,813.7916,813.7968,-0.6744385,0
1.75717,1756,813.7916,813.7968,-0.6744385,0
1.75718,1757,813.7916,813.7968,-0.6744385,0
1.75843,1758,813.7916,813.7968,-0.6744385,0
1.76027,1759,813.7916,813.7968,-0.6744385,0
1.76029,1760,813.7916,813.7968,-0.6744385,0
1.76152,1761,813.7916,813.7968,-0.6744385,0
1.76154,1762,813.7916,813.7968,-0.6744385,0
1.76335,1763,813.7916,813.7968,-0.6744385,-0.0163597353
1.76522,1764,813.7916,813.7968,-0.6744385,-0.0163597353
1.76525,1765,813.7916,813.7968,-0.6744385,-0.0163597353
1.76646,1766,813.7916,813.7968,-0.6744385,-0.0163597353
1.76829,1767,813.7916,813.7968,-0.6744385,-0.0163597353
1.76831,1768,813.7916,813.7968,-0.6744385,-0.0163597353
1.76952,1769,813.7916,813.7968,-0.6744385,-0.0163597353
1.76954,1770,813.7916,813.7968,-0.6744385,-0.0163597353
1.77137,1771,813.7916,813.7968,-0.6744385,-0.0163597353
1.77316,1772,813.7916,813.7968,-0.6744385,0
1.77319,1773,813.7916,813.7968,-0.6744385,0
1.77442,1774,813.7916,813.7968,-0.6744385,0
1.77626,1775,813.7916,813.7968,-0.6744385,0
1.77628,1776,813.7916,813.7968,-0.6744385,-0.0163597353
1.77750,1777,813.7916,813.7968,-0.6744385,-0.0163597353
1.77752,1778,813.7916,813.7968,-0.6744385,-0.0163597353
1.77936,1779,813.7916,813.7968,-0.6744385,-0.0272662267
1.78119,1780,813.7916,813.7968,-0.6744385,-0.0163597353
1.78121,1781,813.7916,813.7968,-0.6744385,-0.0163597353
1.78244,1782,813.7916,813.7968,-0.6744385,-0.0163597353
1.78426,1783,813.7916,813.7967,-0.6341553,-0.0163597353
1.78429,1784,813.7916,813.7967,-0.658569336,-0.0163597353
1.78552,1785,813.7916,813.7967,-0.658569336,-0.0163597353
1.78554,1786,813.7916,813.7967,-0.658569336,-0.0163597353
1.78739,1787,813.7916,813.7967,-0.658569336,-0.0163597353
1.78916,1788,813.7916,813.7967,-0.658569336,-0.0163597353
1.78917,1789,813.7916,813.7967,-0.658569336,-0.0163597353
1.79041,1790,813.7916,813.7967,-0.658569336,-0.0163597353
1.79226,1791,813.7916,813.7967,-0.658569336,-0.0163597353
1.79232,1792,813.7916,813.7967,-0.658569336,-0.0163597353
1.79350,1793,813.7916,813.7967,-0.658569336,-0.0163597353
1.79352,1794,813.7916,813.7967,-0.658569336,-0.0163597353
1.79537,1795,813.7916,813.7967,-0.658569336,0
1.79722,1796,813.7916,813.7967,-0.658569336,0
1.79727,1797,813.7916,813.7967,-0.658569336,0
1.79844,1798,813.7916,813.7967,-0.658569336,0
1.80024,1799,813.7916,813.7967,-0.658569336,0
1.80027,1800,813.7916,813.7967,-0.658569336,0
1.80151,1801,813.7916,813.7967,-0.658569336,0
1.80152,1802,813.7916,813.7967,-0.658569336,0
1.80333,1803,813.7916,813.7967,-0.658569336,0
1.80522,1804,813.7916,813.7967,-0.658569336,0
1.80525,1805,813.7916,813.7967,-0.658569336,0
1.80642,1806,813.7916,813.7967,-0.658569336,-0.0163597353
1.80825,1807,813.7916,813.796631,-0.638427734,-0.0163597353
1.80827,1808,813.7916,813.796631,-0.650634766,-0.0272662267
1.80951,1809,813.7916,813.7965,-0.610351563,-0.0272662267
1.80953,1810,813.7916,813.7965,-0.6347656,-0.0272662267
1.81135,1811,813.7916,813.7965,-0.6347656,-0.0272662267
1.81316,1812,813.7916,813.7965,-0.6347656,-0.0272662267
1.81320,1813,813.7916,813.7965,-0.6347656,-0.0272662267
1.81444,1814,813.7916,813.7965,-0.6347656,-0.0163597353
1.81627,1815,813.7916,813.7965,-0.6347656,-0.0163597353
1.81630,1816,813.7916,813.7965,-0.6347656,-0.0163597353
1.81753,1817,813.7916,813.7965,-0.6347656,-0.0163597353
1.81755,1818,813.7916,813.7965,-0.6347656,0
1.81938,1819,813.7916,813.7965,-0.6347656,0
1.82116,1820,813.7916,813.7965,-0.6347656,0
1.82118,1821,813.7916,813.7965,-0.6347656,0
1.82245,1822,813.7916,813.7965,-0.6347656,0
1.82424,1823,813.7916,813.7965,-0.6347656,0
1.82426,1824,813.7916,813.7965,-0.6347656,0
1.82550,1825,813.7916,813.7965,-0.6347656,0
1.82553,1826,813.7916,813.7965,-0.6347656,0
1.82733,1827,813.7916,813.7965,-0.6347656,0
1.82915,1828,813.7916,813.7965,-0.6347656,0
1.82917,1829,813.7916,813.7965,-0.6347656,0
1.83084,1830,813.7916,813.7965,-0.6347656,0
1.83231,1831,813.7916,813.7965,-0.6347656,0
1.83237,1832,813.7916,813.7965,-0.6347656,0
1.83353,1833,813.7916,813.7965,-0.6347656,0
1.83355,1834,813.7916,813.7965,-0.6347656,0
1.83534,1835,813.7916,813.7965,-0.6347656,0
1.83717,1836,813.7916,813.7965,-0.6347656,0
1.83718,1837,813.7916,813.7965,-0.6347656,0
1.83843,1838,813.7916,813.7965,-0.6347656,0
1.84024,1839,813.7916,813.7965,-0.6347656,0
1.84026,1840,813.7916,813.7965,-0.6347656,0
1.84151,1841,813.7916,813.7965,-0.6347656,0
1.84152,1842,813.7916,813.7965,-0.6347656,0
1.84334,1843,813.7916,813.7965,-0.6347656,-0.0163597353
1.84517,1844,813.7916,813.7965,-0.6347656,-0.0163597353
1.84519,1845,813.7916,813.7965,-0.6347656,-0.0272662267
1.84642,1846,813.7916,813.7965,-0.6347656,-0.0272662267
1.84827,1847,813.7916,813.7965,-0.6347656,-0.0272662267
1.84829,1848,813.7916,813.7964,-0.5944824,-0.0272662267
1.84952,1849,813.7916,813.7964,-0.6188965,-0.0272662267
1.84955,1850,813.7916,813.7964,-0.6188965,-0.0272662267
1.85133,1851,813.7916,813.7964,-0.6188965,-0.0272662267
1.85318,1852,813.7916,813.7964,-0.6188965,-0.0272662267
1.85321,1853,813.7916,813.7964,-0.6188965,-0.0163597353
1.85444,1854,813.7916,813.7964,-0.6188965,-0.0163597353
1.85625,1855,813.7916,813.7964,-0.6188965,-0.0163597353
1.85627,1856,813.7916,813.7964,-0.6188965,-0.0163597353
1.85751,1857,813.7916,813.7964,-0.6188965,-0.0163597353
1.85753,1858,813.7916,813.7964,-0.6188965,0
1.85934,1859,813.7916,813.7964,-0.6188965,0
1.86118,1860,813.7916,813.7964,-0.6188965,0
1.86121,1861,813.7916,813.7964,-0.6188965,0
1.86242,1862,813.7916,813.7964,-0.6188965,0
1.86429,1863,813.7916,813.7964,-0.6188965,0
1.86433,1864,813.7916,813.7964,-0.6188965,0
1.86557,1865,813.7916,813.7964,-0.6188965,0
1.86558,1866,813.7916,813.7964,-0.6188965,0
1.86737,1867,813.7916,813.7964,-0.6188965,0
1.86919,1868,813.7916,813.7964,-0.6188965,0
1.86922,1869,813.7916,813.7964,-0.6188965,0
1.87046,1870,813.7916,813.7964,-0.6188965,0
1.87226,1871,813.7916,813.7964,-0.6188965,0
1.87228,1872,813.7916,813.7964,-0.6188965,0
1.87352,1873,813.7916,813.7964,-0.6188965,0
1.87355,1874,813.7916,813.7964,-0.6188965,0
1.87533,1875,813.7916,813.7964,-0.6188965,-0.0163597353
1.87718,1876,813.7916,813.796265,-0.5786133,-0.0163597353
1.87720,1877,813.7916,813.796265,-0.603027344,-0.0272662267
1.87848,1878,813.7916,813.796265,-0.603027344,-0.0272662267
1.88025,1879,813.7916,813.796265,-0.603027344,-0.0163597353
1.88027,1880,813.7916,813.7962,-0.582885742,-0.0163597353
1.88153,1881,813.7916,813.7962,-0.5950928,-0.0163597353
1.88156,1882,813.7916,813.7962,-0.5950928,-0.0163597353
1.88338,1883,813.7916,813.7962,-0.5950928,-0.0163597353
1.88516,1884,813.7916,813.7962,-0.5950928,-0.0163597353
1.88519,1885,813.7916,813.7962,-0.5950928,-0.0163597353
1.88644,1886,813.7916,813.7962,-0.5950928,-0.0163597353
1.88825,1887,813.7916,813.7962,-0.5950928,-0.0163597353
1.88826,1888,813.7916,813.7962,-0.5950928,-0.0163597353
1.88951,1889,813.7916,813.7962,-0.5950928,0
1.88953,1890,813.7916,813.7962,-0.5950928,0
1.89133,1891,813.7916,813.7962,-0.5950928,0
1.89317,1892,813.7916,813.7962,-0.5950928,0
1.89320,1893,813.7916,813.7962,-0.5950928,0
1.89442,1894,813.7916,813.7962,-0.5950928,0
1.89625,1895,813.7916,813.7962,-0.5950928,0
1.89628,1896,813.7916,813.7962,-0.5950928,0
1.89753,1897,813.7916,813.7962,-0.5950928,0
1.89757,1898,813.7916,813.7962,-0.5950928,0
1.89936,1899,813.7916,813.7962,-0.5950928,0
1.90121,1900,813.7916,813.7962,-0.5950928,0
1.90124,1901,813.7916,813.7962,-0.5950928,0
1.90242,1902,813.7916,813.7962,-0.5950928,0
1.90424,1903,813.7916,813.7962,-0.5950928,0
1.90425,1904,813.7916,813.7962,-0.5950928,0
1.90554,1905,813.7916,813.7962,-0.5950928,0
1.90557,1906,813.7916,813.7962,-0.5950928,0
1.90733,1907,813.7916,813.7962,-0.5950928,-0.0163597353
1.90919,1908,813.7916,813.7962,-0.5950928,-0.0163597353
1.90921,1909,813.7916,813.7962,-0.5950928,-0.0272662267
1.91044,1910,813.7916,813.7962,-0.5950928,-0.0272662267
1.91225,1911,813.7916,813.796143,-0.5749512,-0.0272662267
1.91226,1912,813.7916,813.796143,-0.5871582,-0.0272662267
1.91351,1913,813.7916,813.7961,-0.5670166,-0.0272662267
1.91354,1914,813.7916,813.7961,-0.579223633,-0.0272662267
1.91534,1915,813.7916,813.7961,-0.579223633,-0.0272662267
1.91719,1916,813.7916,813.7961,-0.579223633,-0.0163597353
1.91721,1917,813.7916,813.7961,-0.579223633,-0.0163597353
1.91841,1918,813.7916,813.7961,-0.579223633,-0.0163597353
1.92025,1919,813.7916,813.7961,-0.579223633,-0.0163597353
1.92027,1920,813.7916,813.7961,-0.579223633,0
1.92153,1921,813.7916,813.7961,-0.579223633,0
1.92156,1922,813.7916,813.7961,-0.579223633,0
1.92333,1923,813.7916,813.7961,-0.579223633,0
1.92516,1924,813.7916,813.7961,-0.579223633,0
1.92518,1925,813.7916,813.7961,-0.579223633,0
1.92641,1926,813.7916,813.7961,-0.579223633,0
1.92824,1927,813.7916,813.7961,-0.579223633,0
1.92825,1928,813.7916,813.7961,-0.579223633,0
1.92950,1929,813.7916,813.7961,-0.579223633,0
1.92952,1930,813.7916,813.7961,-0.579223633,0
1.93136,1931,813.7916,813.7961,-0.579223633,0
1.93320,1932,813.7916,813.7961,-0.579223633,0
1.93323,1933,813.7916,813.7961,-0.579223633,-0.0163597353
1.93443,1934,813.7916,813.7961,-0.579223633,-0.0163597353
1.93627,1935,813.7916,813.7961,-0.579223633,-0.0163597353
1.93630,1936,813.7916,813.7961,-0.579223633,-0.0272662267
1.93750,1937,813.7916,813.7961,-0.579223633,-0.0272662267
1.93754,1938,813.7916,813.7961,-0.579223633,-0.0163597353
1.93938,1939,813.7916,813.7961,-0.579223633,-0.0163597353
1.94117,1940,813.7916,813.795959,-0.5389404,-0.0163597353
1.94119,1941,813.7916,813.795959,-0.5633545,-0.0163597353
1.94242,1942,813.7916,813.795959,-0.5633545,-0.0163597353
1.94427,1943,813.7916,813.7959,-0.5432129,-0.0163597353
1.94428,1944,813.7916,813.7959,-0.5554199,-0.0163597353
1.94551,1945,813.7916,813.7959,-0.5554199,-0.0163597353
1.94553,1946,813.7916,813.7959,-0.5554199,-0.0163597353
1.94742,1947,813.7916,813.7959,-0.5554199,-0.0163597353
1.94922,1948,813.7916,813.7959,-0.5554199,0
1.94925,1949,813.7916,813.7959,-0.5554199,0
1.95042,1950,813.7916,813.7959,-0.5554199,0
1.95226,1951,813.7916,813.7959,-0.5554199,0
1.95229,1952,813.7916,813.7959,-0.5554199,0
1.95351,1953,813.7916,813.7959,-0.5554199,0
1.95354,1954,813.7916,813.7959,-0.5554199,0
1.95533,1955,813.7916,813.7959,-0.5554199,0
1.95722,1956,813.7916,813.7959,-0.5554199,0
1.95726,1957,813.7916,813.7959,-0.5554199,0
1.95842,1958,813.7916,813.7959,-0.5554199,0
1.96024,1959,813.7916,813.7959,-0.5554199,0
1.96026,1960,813.7916,813.7959,-0.5554199,0
1.96151,1961,813.7916,813.7959,-0.5554199,0
1.96153,1962,813.7916,813.7959,-0.5554199,-0.0163597353
1.96335,1963,813.7916,813.7959,-0.5554199,-0.0272662267
1.96516,1964,813.7916,813.7959,-0.5554199,-0.0272662267
1.96518,1965,813.7916,813.7959,-0.5554199,-0.0272662267
1.96642,1966,813.7916,813.7959,-0.5554199,-0.0272662267
1.96827,1967,813.7916,813.7959,-0.5554199,-0.0163597353
1.96829,1968,813.7916,813.795837,-0.5352783,-0.0163597353
1.96951,1969,813.7916,813.795837,-0.547485352,-0.0163597353
1.96955,1970,813.7916,813.795837,-0.547485352,-0.0163597353
1.97135,1971,813.7916,813.795837,-0.547485352,-0.0163597353
1.97322,1972,813.7916,813.7957,-0.507202148,-0.0163597353
1.97324,1973,813.7916,813.7957,-0.5316162,-0.0163597353
1.97442,1974,813.7916,813.7957,-0.5316162,-0.0163597353
1.97627,1975,813.7916,813.7957,-0.5316162,-0.0163597353
1.97629,1976,813.7916,813.7957,-0.5316162,-0.0163597353
1.97751,1977,813.7916,813.7957,-0.5316162,-0.0163597353
1.97753,1978,813.7916,813.7957,-0.5316162,0
1.97933,1979,813.7916,813.7957,-0.5316162,0
1.98123,1980,813.7916,813.795837,-0.5718994,0
1.98126,1981,813.7916,813.795837,-0.547485352,0.0109064905
1.98243,1982,813.7916,813.795837,-0.547485352,0
1.98430,1983,813.7916,813.795837,-0.547485352,0
1.98434,1984,813.7916,813.795837,-0.547485352,0
1.98551,1985,813.7916,813.795837,-0.547485352,0
1.98555,1986,813.7916,813.795837,-0.547485352,0
1.98736,1987,813.7916,813.795837,-0.547485352,0
1.98919,1988,813.7916,813.795837,-0.547485352,0
1.98923,1989,813.7916,813.7957,-0.507202148,-0.0163597353
1.99042,1990,813.7916,813.7957,-0.5316162,-0.0163597353
1.99227,1991,813.7916,813.7957,-0.5316162,-0.0163597353
1.99229,1992,813.7916,813.7957,-0.5316162,-0.0272662267
1.99350,1993,813.7916,813.7957,-0.5316162,-0.0272662267
1.99351,1994,813.7916,813.7957,-0.5316162,-0.0272662267
1.99533,1995,813.7916,813.7957,-0.5316162,-0.03817272
1.99732,1996,813.7916,813.7957,-0.5316162,-0.0272662267
1.99740,1997,813.7916,813.795654,-0.5114746,-0.0272662267
1.99842,1998,813.7916,813.795654,-0.523681641,-0.0272662267
2.00027,1999,813.7916,813.7956,-0.503540039,-0.0272662267
2.00032,2000,813.7916,813.7956,-0.5157471,-0.0272662267
2.00152,2001,813.7916,813.7956,-0.5157471,-0.0272662267
2.00156,2002,813.7916,813.7956,-0.5157471,-0.0163597353
2.00338,2003,813.7916,813.7956,-0.5157471,-0.0163597353
2.00521,2004,813.7916,813.7956,-0.5157471,-0.0163597353
2.00524,2005,813.7916,813.7956,-0.5157471,-0.0163597353
2.00642,2006,813.7916,813.7956,-0.5157471,-0.0163597353
2.00828,2007,813.7916,813.7956,-0.5157471,-0.0163597353
2.00831,2008,813.7916,813.7956,-0.5157471,-0.0163597353
2.00950,2009,813.7916,813.7956,-0.5157471,-0.0163597353
2.00952,2010,813.7916,813.7956,-0.5157471,0
2.01135,2011,813.7916,813.7956,-0.5157471,0
2.01319,2012,813.7916,813.7956,-0.5157471,0
2.01322,2013,813.7916,813.7956,-0.5157471,0
2.01443,2014,813.7916,813.7956,-0.5157471,0
2.01628,2015,813.7916,813.7956,-0.5157471,0
2.01633,2016,813.7916,813.7956,-0.5157471,0
2.01753,2017,813.7916,813.7956,-0.5157471,0
2.01755,2018,813.7916,813.7956,-0.5157471,0
2.01937,2019,813.7916,813.7956,-0.5157471,0
2.02118,2020,813.7916,813.7956,-0.5157471,-0.0163597353
2.02121,2021,813.7916,813.7956,-0.5157471,-0.0163597353
2.02244,2022,813.7916,813.7956,-0.5157471,-0.0163597353
2.02428,2023,813.7916,813.7956,-0.5157471,-0.0163597353
2.02430,2024,813.7916,813.795532,-0.495605469,-0.0163597353
2.02568,2025,813.7916,813.795532,-0.5078125,-0.0272662267
2.02575,2026,813.7916,813.795532,-0.5078125,-0.0272662267
2.02735,2027,813.7916,813.7954,-0.4675293,-0.0272662267
2.02920,2028,813.7916,813.7954,-0.491943359,-0.0163597353
2.02923,2029,813.7916,813.7954,-0.491943359,-0.0163597353
2.03079,2030,813.7916,813.7954,-0.491943359,-0.0272662267
2.03227,2031,813.7916,813.7954,-0.491943359,-0.0272662267
2.03229,2032,813.7916,813.7954,-0.491943359,-0.0272662267
2.03353,2033,813.7916,813.7954,-0.491943359,-0.03817272
2.03356,2034,813.7916,813.795349,-0.471801758,-0.0272662267
2.03537,2035,813.7916,813.7953,-0.4638672,-0.03817272
2.03722,2036,813.7916,813.7953,-0.476074219,-0.03817272
2.03725,2037,813.7916,813.7953,-0.476074219,-0.0272662267
2.03842,2038,813.7916,813.7953,-0.476074219,-0.0272662267
2.04030,2039,813.7916,813.7953,-0.476074219,-0.0272662267
2.04033,2040,813.7916,813.795166,-0.435791016,-0.0272662267
2.04151,2041,813.7916,813.795166,-0.460205078,-0.0272662267
2.04153,2042,813.7916,813.7951,-0.440063477,-0.0272662267
2.04338,2043,813.7916,813.7951,-0.4522705,-0.0272662267
2.04520,2044,813.7916,813.7951,-0.4522705,-0.0272662267
2.04524,2045,813.7916,813.7951,-0.4522705,-0.0272662267
2.04642,2046,813.7916,813.7951,-0.4522705,-0.0272662267
2.04832,2047,813.7916,813.795,-0.4119873,-0.0272662267
2.04834,2048,813.7916,813.795,-0.436401367,-0.0272662267
2.04951,2049,813.7916,813.795,-0.436401367,-0.0272662267
2.04954,2050,813.7916,813.795,-0.436401367,-0.0272662267
2.05137,2051,813.7916,813.795,-0.436401367,-0.0272662267
2.05316,2052,813.7916,813.795,-0.436401367,-0.0272662267
2.05319,2053,813.7916,813.795,-0.436401367,-0.0272662267
2.05442,2054,813.7916,813.794861,-0.396118164,-0.0272662267
2.05628,2055,813.7916,813.794861,-0.420532227,-0.0272662267
2.05631,2056,813.7916,813.7948,-0.400390625,-0.0272662267
2.05750,2057,813.7916,813.7948,-0.412597656,-0.0272662267
2.05752,2058,813.7916,813.7948,-0.412597656,-0.04907921
2.05937,2059,813.7916,813.7947,-0.372314453,-0.04907921
2.06119,2060,813.7916,813.7946,-0.3765869,-0.0599856973
2.06123,2061,813.7916,813.794556,-0.368652344,-0.07089219
2.06242,2062,813.7916,813.794434,-0.340576172,-0.07089219
2.06453,2063,813.7916,813.7944,-0.344848633,-0.08179868
2.06462,2064,813.7916,813.7943,-0.336914063,-0.09270517
2.06552,2065,813.7916,813.7941,-0.2886963,-0.103611663
2.06554,2066,813.7916,813.794,-0.28503418,-0.114518143
2.06736,2067,813.7916,813.7939,-0.269165039,-0.130877882
2.06921,2068,813.7916,813.793762,-0.2532959,-0.141784385
2.06924,2069,813.7916,813.7937,-0.257568359,-0.141784385
2.07044,2070,813.7916,813.793457,-0.189208984,-0.152690873
2.07230,2071,813.7916,813.793335,-0.1977539,-0.16359736
2.07232,2072,813.7916,813.793152,-0.161743164,-0.16359736
2.07351,2073,813.7916,813.793,-0.158081055,-0.16359736
2.07352,2074,813.7916,813.792847,-0.122070313,-0.152690873
2.07536,2075,813.7916,813.7928,-0.1385498,-0.141784385
2.07717,2076,813.7916,813.7927,-0.130615234,-0.103611663
2.07720,2077,813.7916,813.7927,-0.142822266,-0.08179868
2.07842,2078,813.7916,813.7928,-0.162963867,-0.04907921
2.08025,2079,813.7916,813.792847,-0.170898438,0.0109064905
2.08027,2080,813.7916,813.7929,-0.178833008,0.03271947
2.08153,2081,813.7916,813.793,-0.20690918,0.06543894
2.08154,2082,813.7916,813.793152,-0.22277832,0.07634544
2.08336,2083,813.7916,813.7933,-0.238647461,0.087251924
2.08518,2084,813.7916,813.793335,-0.234375,0.087251924
2.08521,2085,813.7916,813.793457,-0.262451172,0.09815842
2.08642,2086,813.7916,813.793457,-0.238037109,0.087251924
2.08826,2087,813.7916,813.7936,-0.2783203,0.07634544
2.08828,2088,813.7916,813.7937,-0.294189453,0.06543894
2.08952,2089,813.7916,813.7937,-0.2697754,0.0545324534
2.08954,2090,813.7916,813.7938,-0.3100586,0.0545324534
2.09135,2091,813.7916,813.7938,-0.285644531,0.043625962
2.09319,2092,813.7916,813.7938,-0.285644531,0.021812981
2.09321,2093,813.7916,813.793762,-0.26550293,0.0109064905
2.09442,2094,813.7916,813.7937,-0.257568359,-0.0272662267
2.09626,2095,813.7916,813.7937,-0.2697754,-0.03817272
2.09628,2096,813.7916,813.7937,-0.2697754,-0.04907921
2.09756,2097,813.7916,813.793457,-0.189208984,-0.07089219
2.09762,2098,813.7916,813.793457,-0.238037109,-0.0599856973
2.09936,2099,813.7916,813.793457,-0.238037109,-0.0599856973
2.10122,2100,813.7916,813.793335,-0.1977539,-0.0599856973
2.10124,2101,813.7916,813.793335,-0.222167969,-0.04907921
2.10245,2102,813.7916,813.793335,-0.222167969,-0.0599856973
2.10427,2103,813.7916,813.7933,-0.202026367,-0.04907921
2.10430,2104,813.7916,813.793152,-0.1739502,-0.03817272
2.10551,2105,813.7916,813.793152,-0.198364258,-0.03817272
2.10553,2106,813.7916,813.7933,-0.238647461,-0.0163597353
2.10735,2107,813.7916,813.7933,-0.2142334,0
2.10916,2108,813.7916,813.793335,-0.234375,0.0109064905
2.10919,2109,813.7916,813.793335,-0.222167969,0.021812981
2.11042,2110,813.7916,813.793335,-0.222167969,0.021812981
2.11227,2111,813.7916,813.793335,-0.222167969,0.021812981
2.11229,2112,813.7916,813.793335,-0.222167969,0.0109064905
2.11353,2113,813.7916,813.793457,-0.262451172,0.03271947
2.11354,2114,813.7916,813.793457,-0.238037109,0.0109064905
2.11538,2115,813.7916,813.793457,-0.238037109,0.0109064905
2.11720,2116,813.7916,813.793457,-0.238037109,0.021812981
2.11724,2117,813.7916,813.793457,-0.238037109,0.0109064905
2.11842,2118,813.7916,813.793457,-0.238037109,0.0109064905
2.12027,2119,813.7916,813.793457,-0.238037109,0
2.12029,2120,813.7916,813.793457,-0.238037109,0
2.12150,2121,813.7916,813.793457,-0.238037109,-0.0272662267
2.12152,2122,813.7916,813.793457,-0.238037109,-0.0272662267
2.12333,2123,813.7916,813.793457,-0.238037109,-0.03817272
2.12518,2124,813.7916,813.793457,-0.238037109,-0.0272662267
2.12520,2125,813.7916,813.793457,-0.238037109,-0.0163597353
2.12643,2126,813.7916,813.793457,-0.238037109,-0.0163597353
2.12828,2127,813.7916,813.793457,-0.238037109,0
2.12832,2128,813.7916,813.793457,-0.238037109,0
2.12950,2129,813.7916,813.793457,-0.238037109,0
2.12951,2130,813.7916,813.793457,-0.238037109,0
2.13138,2131,813.7916,813.793457,-0.238037109,0
2.13320,2132,813.7916,813.793457,-0.238037109,0
2.13323,2133,813.7916,813.793457,-0.238037109,0
2.13442,2134,813.7916,813.793457,-0.238037109,0
2.13626,2135,813.7916,813.793457,-0.238037109,0
2.13629,2136,813.7916,813.793457,-0.238037109,0
2.13750,2137,813.7916,813.793457,-0.238037109,0
2.13753,2138,813.7916,813.793457,-0.238037109,0
2.13935,2139,813.7916,813.793457,-0.238037109,0
2.14120,2140,813.7916,813.793457,-0.238037109,0
2.14122,2141,813.7916,813.793457,-0.238037109,0
2.14244,2142,813.7916,813.793457,-0.238037109,0
2.14426,2143,813.7916,813.793457,-0.238037109,0
2.14429,2144,813.7916,813.793457,-0.238037109,0
2.14552,2145,813.7916,813.793457,-0.238037109,0
2.14554,2146,813.7916,813.793457,-0.238037109,0
2.14751,2147,813.7916,813.793457,-0.238037109,0
2.14917,2148,813.7916,813.793335,-0.1977539,-0.0163597353
2.14920,2149,813.7916,813.793335,-0.222167969,-0.0272662267
2.15044,2150,813.7916,813.793335,-0.222167969,-0.0272662267
2.15523,2151,813.7916,813.793335,-0.222167969,-0.0272662267
2.15526,2152,813.7916,813.793335,-0.222167969,-0.0272662267
2.15529,2153,813.7916,813.793335,-0.222167969,-0.0163597353
2.15532,2154,813.7916,813.793335,-0.222167969,-0.0163597353
2.15535,2155,813.7916,813.793335,-0.222167969,0
2.15720,2156,813.7916,813.793335,-0.222167969,0
2.15722,2157,813.7916,813.793335,-0.222167969,0
2.15846,2158,813.7916,813.793335,-0.222167969,0
2.16035,2159,813.7916,813.793335,-0.222167969,0
2.16038,2160,813.7916,813.793335,-0.222167969,0
2.16153,2161,813.7916,813.793335,-0.222167969,0
2.16156,2162,813.7916,813.793335,-0.222167969,0
2.16341,2163,813.7916,813.793335,-0.222167969,0
2.16519,2164,813.7916,813.793335,-0.222167969,0
2.16521,2165,813.7916,813.793335,-0.222167969,0
2.16644,2166,813.7916,813.793335,-0.222167969,0
2.16829,2167,813.7916,813.793335,-0.222167969,0
2.16833,2168,813.7916,813.793335,-0.222167969,0
2.16951,2169,813.7916,813.793335,-0.222167969,0
2.16953,2170,813.7916,813.793335,-0.222167969,0
2.17137,2171,813.7916,813.793335,-0.222167969,0
2.17319,2172,813.7916,813.793335,-0.222167969,0
2.17321,2173,813.7916,813.793335,-0.222167969,0
2.17442,2174,813.7916,813.793335,-0.222167969,0
2.17628,2175,813.7916,813.793335,-0.222167969,0
2.17631,2176,813.7916,813.793335,-0.222167969,0
2.17750,2177,813.7916,813.793335,-0.222167969,0
2.17752,2178,813.7916,813.793335,-0.222167969,0
2.17939,2179,813.7916,813.793335,-0.222167969,0
2.18119,2180,813.7916,813.793335,-0.222167969,0
2.18122,2181,813.7916,813.793335,-0.222167969,0
2.18243,2182,813.7916,813.793335,-0.222167969,0
2.18427,2183,813.7916,813.793335,-0.222167969,0
2.18430,2184,813.7916,813.793335,-0.222167969,0
2.18554,2185,813.7916,813.793335,-0.222167969,0
2.18557,2186,813.7916,813.793335,-0.222167969,0
2.18737,2187,813.7916,813.793335,-0.222167969,0
2.18918,2188,813.7916,813.793335,-0.222167969,0
2.18920,2189,813.7916,813.793335,-0.222167969,0
2.19043,2190,813.7916,813.793335,-0.222167969,0
2.19228,2191,813.7916,813.793335,-0.222167969,0
2.19232,2192,813.7916,813.793335,-0.222167969,0
2.19352,2193,813.7916,813.793335,-0.222167969,-0.0163597353
2.19355,2194,813.7916,813.793335,-0.222167969,-0.0163597353
2.19537,2195,813.7916,813.793335,-0.222167969,-0.0272662267
2.19734,2196,813.7916,813.7933,-0.202026367,-0.0272662267
2.19738,2197,813.7916,813.7933,-0.2142334,-0.0163597353
2.19845,2198,813.7916,813.7933,-0.2142334,-0.0163597353
2.20031,2199,813.7916,813.7933,-0.2142334,-0.0163597353
2.20034,2200,813.7916,813.7933,-0.2142334,-0.0163597353
2.20151,2201,813.7916,813.7933,-0.2142334,-0.0163597353
2.20152,2202,813.7916,813.793335,-0.234375,0
2.20337,2203,813.7916,813.793335,-0.222167969,0
2.20516,2204,813.7916,813.793335,-0.222167969,0
2.20519,2205,813.7916,813.793335,-0.222167969,0
2.20644,2206,813.7916,813.793335,-0.222167969,0
2.20828,2207,813.7916,813.793335,-0.222167969,0
2.20831,2208,813.7916,813.793335,-0.222167969,0
2.20951,2209,813.7916,813.793335,-0.222167969,0
2.20953,2210,813.7916,813.793335,-0.222167969,0
2.21137,2211,813.7916,813.793335,-0.222167969,0
2.21319,2212,813.7916,813.793335,-0.222167969,0
2.21322,2213,813.7916,813.793335,-0.222167969,0
2.21444,2214,813.7916,813.793335,-0.222167969,0
2.21628,2215,813.7916,813.793335,-0.222167969,0
2.21631,2216,813.7916,813.793335,-0.222167969,0
2.21752,2217,813.7916,813.793335,-0.222167969,0
2.21753,2218,813.7916,813.793335,-0.222167969,0
2.21936,2219,813.7916,813.793335,-0.222167969,0
2.22117,2220,813.7916,813.793335,-0.222167969,0
2.22118,2221,813.7916,813.793335,-0.222167969,0
2.22244,2222,813.7916,813.793335,-0.222167969,0
2.22431,2223,813.7916,813.793335,-0.222167969,0
2.22433,2224,813.7916,813.793335,-0.222167969,0
2.22550,2225,813.7916,813.793335,-0.222167969,0
2.22552,2226,813.7916,813.793335,-0.222167969,0
2.22737,2227,813.7916,813.793335,-0.222167969,0
2.22918,2228,813.7916,813.793335,-0.222167969,0
2.22920,2229,813.7916,813.793335,-0.222167969,0
2.23083,2230,813.7916,813.793335,-0.222167969,-0.0163597353
2.23227,2231,813.7916,813.793335,-0.222167969,-0.0163597353
2.23229,2232,813.7916,813.793335,-0.222167969,-0.0163597353
2.23355,2233,813.7916,813.793335,-0.222167969,-0.0163597353
2.23358,2234,813.7916,813.793335,-0.222167969,0
2.23535,2235,813.7916,813.793335,-0.222167969,0
2.23718,2236,813.7916,813.793335,-0.222167969,0
2.23722,2237,813.7916,813.793335,-0.222167969,0
2.23843,2238,813.7916,813.793335,-0.222167969,0
2.24029,2239,813.7916,813.793335,-0.222167969,0
2.24032,2240,813.7916,813.793335,-0.222167969,0
2.24151,2241,813.7916,813.793335,-0.222167969,0
2.24152,2242,813.7916,813.793335,-0.222167969,0
2.24336,2243,813.7916,813.793335,-0.222167969,0
2.24516,2244,813.7916,813.793335,-0.222167969,0
2.24519,2245,813.7916,813.793335,-0.222167969,0
2.24644,2246,813.7916,813.793335,-0.222167969,0
2.24830,2247,813.7916,813.793335,-0.222167969,0
2.24832,2248,813.7916,813.793335,-0.222167969,0
2.24952,2249,813.7916,813.793335,-0.222167969,0
2.24954,2250,813.7916,813.793335,-0.222167969,0
2.25136,2251,813.7916,813.793335,-0.222167969,0
2.25315,2252,813.7916,813.7933,-0.202026367,-0.0163597353
2.25318,2253,813.7916,813.7933,-0.2142334,-0.0163597353
2.25444,2254,813.7916,813.7933,-0.2142334,-0.0163597353
2.25628,2255,813.7916,813.7933,-0.2142334,-0.0163597353
2.25632,2256,813.7916,813.7933,-0.2142334,0
2.25750,2257,813.7916,813.7933,-0.2142334,0
2.25751,2258,813.7916,813.7933,-0.2142334,0
2.25935,2259,813.7916,813.7933,-0.2142334,0
2.26116,2260,813.7916,813.7933,-0.2142334,0
2.26119,2261,813.7916,813.7933,-0.2142334,0
2.26241,2262,813.7916,813.7933,-0.2142334,0
2.26430,2263,813.7916,813.7933,-0.2142334,0
2.26435,2264,813.7916,813.7933,-0.2142334,0
2.26552,2265,813.7916,813.793152,-0.1739502,-0.0163597353
2.26555,2266,813.7916,813.793152,-0.198364258,-0.0163597353
2.26739,2267,813.7916,813.793152,-0.198364258,-0.0272662267
2.26919,2268,813.7916,813.793152,-0.198364258,-0.0272662267
2.26921,2269,813.7916,813.793152,-0.198364258,-0.0163597353
2.27042,2270,813.7916,813.793152,-0.198364258,-0.0163597353
2.27230,2271,813.7916,813.793152,-0.198364258,-0.0163597353
2.27233,2272,813.7916,813.793152,-0.198364258,-0.0163597353
2.27351,2273,813.7916,813.793152,-0.198364258,-0.0163597353
2.27352,2274,813.7916,813.793152,-0.198364258,-0.0163597353
2.27537,2275,813.7916,813.793152,-0.198364258,-0.0163597353
2.27715,2276,813.7916,813.793152,-0.198364258,0
2.27716,2277,813.7916,813.793152,-0.198364258,0
2.27846,2278,813.7916,813.793152,-0.198364258,0
2.28026,2279,813.7916,813.793152,-0.198364258,0
2.28028,2280,813.7916,813.793152,-0.198364258,0.0109064905
2.28154,2281,813.7916,813.793152,-0.198364258,0
2.28155,2282,813.7916,813.793152,-0.198364258,0
2.28339,2283,813.7916,813.793152,-0.198364258,0
2.28517,2284,813.7916,813.793152,-0.198364258,0
2.28519,2285,813.7916,813.793152,-0.198364258,0
2.28644,2286,813.7916,813.793152,-0.198364258,0
2.28828,2287,813.7916,813.793152,-0.198364258,0
2.28830,2288,813.7916,813.793152,-0.198364258,0
2.28950,2289,813.7916,813.793152,-0.198364258,0
2.28954,2290,813.7916,813.793152,-0.198364258,0
2.29137,2291,813.7916,813.793152,-0.198364258,0
2.29319,2292,813.7916,813.793152,-0.198364258,0
2.29321,2293,813.7916,813.793152,-0.198364258,0
2.29441,2294,813.7916,813.793152,-0.198364258,0
2.29625,2295,813.7916,813.793152,-0.198364258,0
2.29628,2296,813.7916,813.793152,-0.198364258,0
2.29750,2297,813.7916,813.793152,-0.198364258,0
2.29752,2298,813.7916,813.793152,-0.198364258,0
2.29935,2299,813.7916,813.793152,-0.198364258,0
2.30121,2300,813.7916,813.793152,-0.198364258,0
2.30124,2301,813.7916,813.793152,-0.198364258,0
2.30243,2302,813.7916,813.793152,-0.198364258,0
2.30425,2303,813.7916,813.793152,-0.198364258,0
2.30428,2304,813.7916,813.793152,-0.198364258,0
2.30556,2305,813.7916,813.793152,-0.198364258,0
2.30560,2306,813.7916,813.793152,-0.198364258,0
2.30738,2307,813.7916,813.793152,-0.198364258,0
2.30915,2308,813.7916,813.793152,-0.198364258,0
2.30917,2309,813.7916,813.793152,-0.198364258,0
2.31043,2310,813.7916,813.793152,-0.198364258,0
2.31225,2311,813.7916,813.793152,-0.198364258,0
2.31229,2312,813.7916,813.793152,-0.198364258,0
2.31354,2313,813.7916,813.793152,-0.198364258,0
2.31355,2314,813.7916,813.793152,-0.198364258,0
2.31537,2315,813.7916,813.793152,-0.198364258,0
2.31717,2316,813.7916,813.793152,-0.198364258,0
2.31719,2317,813.7916,813.793152,-0.198364258,0
2.31843,2318,813.7916,813.793152,-0.198364258,0
2.32027,2319,813.7916,813.793152,-0.198364258,0
2.32029,2320,813.7916,813.793152,-0.198364258,0
2.32155,2321,813.7916,813.793152,-0.198364258,0
2.32157,2322,813.7916,813.793152,-0.198364258,0
2.32337,2323,813.7916,813.793152,-0.198364258,0
2.32518,2324,813.7916,813.793152,-0.198364258,0
2.32519,2325,813.7916,813.793152,-0.198364258,0
2.32643,2326,813.7916,813.793152,-0.198364258,0
2.32829,2327,813.7916,813.793152,-0.198364258,0
2.32831,2328,813.7916,813.793152,-0.198364258,-0.0163597353
2.32951,2329,813.7916,813.793152,-0.198364258,-0.0163597353
2.32953,2330,813.7916,813.793152,-0.198364258,-0.0163597353
2.33141,2331,813.7916,813.793152,-0.198364258,-0.0163597353
2.33332,2332,813.7916,813.793152,-0.198364258,-0.0163597353
2.33334,2333,813.7916,813.793152,-0.198364258,-0.0163597353
2.33443,2334,813.7916,813.793152,-0.198364258,0
2.33624,2335,813.7916,813.793152,-0.198364258,0
2.33626,2336,813.7916,813.793152,-0.198364258,0
2.33751,2337,813.7916,813.793152,-0.198364258,0
2.33753,2338,813.7916,813.793152,-0.198364258,0
2.33932,2339,813.7916,813.793152,-0.198364258,0
2.34116,2340,813.7916,813.793152,-0.198364258,0
2.34119,2341,813.7916,813.793152,-0.198364258,0
2.34243,2342,813.7916,813.793152,-0.198364258,0
2.34424,2343,813.7916,813.793152,-0.198364258,0
2.34426,2344,813.7916,813.793152,-0.198364258,0
2.34552,2345,813.7916,813.793152,-0.198364258,0
2.34556,2346,813.7916,813.793152,-0.198364258,0
2.34749,2347,813.7916,813.793152,-0.198364258,0
2.34919,2348,813.7916,813.793152,-0.198364258,0
2.34921,2349,813.7916,813.793152,-0.198364258,0
2.35043,2350,813.7916,813.793152,-0.198364258,0
2.35227,2351,813.7916,813.793152,-0.198364258,0
2.35230,2352,813.7916,813.793152,-0.198364258,0
2.35351,2353,813.7916,813.793152,-0.198364258,0
2.35353,2354,813.7916,813.793152,-0.198364258,0
2.35533,2355,813.7916,813.793152,-0.198364258,0
2.35722,2356,813.7916,813.793152,-0.198364258,0
2.35726,2357,813.7916,813.793152,-0.198364258,0
2.35845,2358,813.7916,813.793152,-0.198364258,-0.0163597353
2.36030,2359,813.7916,813.793152,-0.198364258,-0.0272662267
2.36032,2360,813.7916,813.793152,-0.198364258,-0.0272662267
2.36157,2361,813.7916,813.793152,-0.198364258,-0.0272662267
2.36160,2362,813.7916,813.793152,-0.198364258,-0.0272662267
2.36334,2363,813.7916,813.793152,-0.198364258,-0.0163597353
2.36519,2364,813.7916,813.793,-0.158081055,-0.0163597353
2.36522,2365,813.7916,813.793,-0.182495117,-0.0163597353
2.36648,2366,813.7916,813.793,-0.182495117,-0.0163597353
2.36825,2367,813.7916,813.793,-0.182495117,-0.0163597353
2.36826,2368,813.7916,813.793,-0.182495117,-0.0163597353
2.36950,2369,813.7916,813.793152,-0.22277832,0
2.36951,2370,813.7916,813.793152,-0.198364258,0
2.37134,2371,813.7916,813.793152,-0.198364258,0
2.37318,2372,813.7916,813.793152,-0.198364258,0.0109064905
2.37319,2373,813.7916,813.793152,-0.198364258,0
2.37443,2374,813.7916,813.793152,-0.198364258,0
2.37624,2375,813.7916,813.793152,-0.198364258,0
2.37626,2376,813.7916,813.793152,-0.198364258,0
2.37757,2377,813.7916,813.793152,-0.198364258,0
2.37759,2378,813.7916,813.793152,-0.198364258,0
2.37934,2379,813.7916,813.793152,-0.198364258,0
2.38117,2380,813.7916,813.793152,-0.198364258,0
2.38120,2381,813.7916,813.793152,-0.198364258,0
2.38246,2382,813.7916,813.793152,-0.198364258,0
2.38433,2383,813.7916,813.793152,-0.198364258,0
2.38437,2384,813.7916,813.793152,-0.198364258,-0.0163597353
2.38551,2385,813.7916,813.793152,-0.198364258,-0.0163597353
2.38553,2386,813.7916,813.793152,-0.198364258,-0.0163597353
2.38734,2387,813.7916,813.793152,-0.198364258,-0.0163597353
2.38916,2388,813.7916,813.793152,-0.198364258,0
2.38917,2389,813.7916,813.793152,-0.198364258,0
2.39041,2390,813.7916,813.793152,-0.198364258,0
2.39227,2391,813.7916,813.793152,-0.198364258,0
2.39229,2392,813.7916,813.793152,-0.198364258,0
2.39355,2393,813.7916,813.793152,-0.198364258,0
2.39359,2394,813.7916,813.793152,-0.198364258,0
2.39534,2395,813.7916,813.793152,-0.198364258,0
2.39726,2396,813.7916,813.793152,-0.198364258,0
2.39731,2397,813.7916,813.793152,-0.198364258,0
2.39849,2398,813.7916,813.793152,-0.198364258,0
2.40026,2399,813.7916,813.793152,-0.198364258,0
2.40028,2400,813.7916,813.793152,-0.198364258,0
2.40154,2401,813.7916,813.793152,-0.198364258,0
2.40157,2402,813.7916,813.793152,-0.198364258,0
2.40334,2403,813.7916,813.793152,-0.198364258,0
2.40516,2404,813.7916,813.793152,-0.198364258,0
2.40519,2405,813.7916,813.793152,-0.198364258,0
2.40642,2406,813.7916,813.793152,-0.198364258,0
2.40827,2407,813.7916,813.793152,-0.198364258,0
2.40829,2408,813.7916,813.793152,-0.198364258,0
2.40954,2409,813.7916,813.793152,-0.198364258,0
2.40956,2410,813.7916,813.793152,-0.198364258,0
2.41134,2411,813.7916,813.793152,-0.198364258,0
2.41316,2412,813.7916,813.793152,-0.198364258,0
2.41317,2413,813.7916,813.793,-0.158081055,-0.0163597353
2.41444,2414,813.7916,813.793,-0.182495117,-0.0163597353
2.41625,2415,813.7916,813.793,-0.182495117,-0.0163597353
2.41628,2416,813.7916,813.793,-0.182495117,-0.0163597353
2.41754,2417,813.7916,813.793,-0.182495117,-0.0163597353
2.41757,2418,813.7916,813.793,-0.182495117,0
2.41934,2419,813.7916,813.793,-0.182495117,0
2.42118,2420,813.7916,813.793,-0.182495117,0
2.42120,2421,813.7916,813.793,-0.182495117,0
2.42242,2422,813.7916,813.793,-0.182495117,0
2.42444,2423,813.7916,813.793,-0.182495117,0
2.42446,2424,813.7916,813.793,-0.182495117,0
2.42561,2425,813.7916,813.793,-0.182495117,0
2.42567,2426,813.7916,813.793,-0.182495117,0
2.42734,2427,813.7916,813.793,-0.182495117,0
2.42918,2428,813.7916,813.793,-0.182495117,0
2.42921,2429,813.7916,813.793,-0.182495117,0
2.43086,2430,813.7916,813.793,-0.182495117,0
2.43232,2431,813.7916,813.793,-0.182495117,0
2.43233,2432,813.7916,813.793,-0.182495117,0
2.43358,2433,813.7916,813.793,-0.182495117,0
2.43362,2434,813.7916,813.793,-0.182495117,0
2.43535,2435,813.7916,813.793,-0.182495117,0
2.43718,2436,813.7916,813.793,-0.182495117,0
2.43720,2437,813.7916,813.793,-0.182495117,0
2.43841,2438,813.7916,813.793,-0.182495117,0
2.44027,2439,813.7916,813.793,-0.182495117,0
2.44029,2440,813.7916,813.793,-0.182495117,0
2.44154,2441,813.7916,813.793,-0.182495117,0
2.44156,2442,813.7916,813.793,-0.182495117,0
2.44334,2443,813.7916,813.793,-0.182495117,0
2.44517,2444,813.7916,813.793,-0.182495117,0
2.44519,2445,813.7916,813.793,-0.182495117,0
2.44641,2446,813.7916,813.793,-0.182495117,0
2.44827,2447,813.7916,813.793,-0.182495117,0
2.44828,2448,813.7916,813.793,-0.182495117,0
2.44952,2449,813.7916,813.793,-0.182495117,0
2.44953,2450,813.7916,813.793,-0.182495117,0
2.45135,2451,813.7916,813.793,-0.182495117,0
2.45318,2452,813.7916,813.793,-0.182495117,0
2.45321,2453,813.7916,813.793,-0.182495117,0
2.45441,2454,813.7916,813.793,-0.182495117,0
2.45624,2455,813.7916,813.793,-0.182495117,0
2.45628,2456,813.7916,813.793,-0.182495117,0
2.45752,2457,813.7916,813.793,-0.182495117,0
2.45753,2458,813.7916,813.793,-0.182495117,0
2.45935,2459,813.7916,813.793,-0.182495117,0
2.46121,2460,813.7916,813.793,-0.182495117,0
2.46123,2461,813.7916,813.793,-0.182495117,0
2.46242,2462,813.7916,813.793,-0.182495117,0
2.46426,2463,813.7916,813.793,-0.182495117,0
2.46430,2464,813.7916,813.793,-0.182495117,0
2.46554,2465,813.7916,813.793,-0.182495117,0
2.46557,2466,813.7916,813.793,-0.182495117,0
2.46735,2467,813.7916,813.793,-0.182495117,0
2.46922,2468,813.7916,813.793,-0.182495117,0
2.46925,2469,813.7916,813.793,-0.182495117,0
2.47044,2470,813.7916,813.793,-0.182495117,0
2.47224,2471,813.7916,813.793,-0.182495117,0
2.47228,2472,813.7916,813.793,-0.182495117,0
2.47351,2473,813.7916,813.793,-0.182495117,0
2.47354,2474,813.7916,813.793,-0.182495117,0
2.47534,2475,813.7916,813.793,-0.182495117,0
2.47718,2476,813.7916,813.793,-0.182495117,0
2.47723,2477,813.7916,813.793,-0.182495117,0
2.47858,2478,813.7916,813.793,-0.182495117,0
2.48027,2479,813.7916,813.793,-0.182495117,0
2.48029,2480,813.7916,813.793,-0.182495117,0
2.48155,2481,813.7916,813.793,-0.182495117,0
2.48158,2482,813.7916,813.793,-0.182495117,0
2.48336,2483,813.7916,813.793,-0.182495117,-0.0163597353
2.48517,2484,813.7916,813.793,-0.182495117,-0.0163597353
2.48519,2485,813.7916,813.793,-0.182495117,-0.0272662267
2.48648,2486,813.7916,813.793,-0.182495117,-0.0272662267
2.48826,2487,813.7916,813.793,-0.182495117,-0.0163597353
2.48828,2488,813.7916,813.7929,-0.142211914,-0.0163597353
2.48952,2489,813.7916,813.7929,-0.166625977,-0.0163597353
2.48954,2490,813.7916,813.793,-0.20690918,-0.0163597353
2.49134,2491,813.7916,813.793,-0.182495117,0
2.49318,2492,813.7916,813.793,-0.182495117,0
2.49320,2493,813.7916,813.793,-0.182495117,0
2.49441,2494,813.7916,813.793,-0.182495117,0
2.49627,2495,813.7916,813.793,-0.182495117,0
2.49629,2496,813.7916,813.793,-0.182495117,0
2.49754,2497,813.7916,813.793,-0.182495117,0
2.49756,2498,813.7916,813.793,-0.182495117,0
2.49934,2499,813.7916,813.793,-0.182495117,0
2.50120,2500,813.7916,813.793,-0.182495117,0
2.50122,2501,813.7916,813.793,-0.182495117,0
2.50244,2502,813.7916,813.793,-0.182495117,0
2.50427,2503,813.7916,813.793,-0.182495117,0
2.50430,2504,813.7916,813.793,-0.182495117,0
2.50552,2505,813.7916,813.793,-0.182495117,0
2.50553,2506,813.7916,813.793,-0.182495117,0
2.50735,2507,813.7916,813.793,-0.182495117,0
2.50919,2508,813.7916,813.793,-0.182495117,0
2.50922,2509,813.7916,813.793,-0.182495117,0
2.51042,2510,813.7916,813.793,-0.182495117,0
2.51228,2511,813.7916,813.793,-0.182495117,0
2.51230,2512,813.7916,813.793,-0.182495117,0
2.51350,2513,813.7916,813.793,-0.182495117,0
2.51351,2514,813.7916,813.793,-0.182495117,0
2.51533,2515,813.7916,813.793,-0.182495117,0
2.51721,2516,813.7916,813.793,-0.182495117,0
2.51724,2517,813.7916,813.793,-0.182495117,0
2.51842,2518,813.7916,813.793,-0.182495117,0
2.52026,2519,813.7916,813.793,-0.182495117,0
2.52028,2520,813.7916,813.793,-0.182495117,0
2.52150,2521,813.7916,813.7929,-0.142211914,-0.0163597353
2.52152,2522,813.7916,813.7929,-0.166625977,-0.0272662267
2.52337,2523,813.7916,813.792847,-0.146484375,-0.0272662267
2.52516,2524,813.7916,813.792847,-0.1586914,-0.0272662267
2.52518,2525,813.7916,813.792847,-0.1586914,-0.0272662267
2.52642,2526,813.7916,813.7929,-0.178833008,-0.0163597353
2.52827,2527,813.7916,813.7929,-0.166625977,0
2.52829,2528,813.7916,813.7929,-0.166625977,0
2.52951,2529,813.7916,813.7929,-0.166625977,0
2.52952,2530,813.7916,813.7929,-0.166625977,0
2.53135,2531,813.7916,813.7929,-0.166625977,0
2.53334,2532,813.7916,813.7929,-0.166625977,0
2.53340,2533,813.7916,813.7929,-0.166625977,0
2.53442,2534,813.7916,813.7929,-0.166625977,0
2.53629,2535,813.7916,813.7929,-0.166625977,0
2.53633,2536,813.7916,813.7929,-0.166625977,0
2.53752,2537,813.7916,813.7929,-0.166625977,0
2.53756,2538,813.7916,813.7929,-0.166625977,0
2.53937,2539,813.7916,813.7929,-0.166625977,0
2.54117,2540,813.7916,813.7929,-0.166625977,0
2.54120,2541,813.7916,813.7929,-0.166625977,0
2.54243,2542,813.7916,813.7929,-0.166625977,0
2.54428,2543,813.7916,813.7929,-0.166625977,0
2.54430,2544,813.7916,813.7929,-0.166625977,0
2.54551,2545,813.7916,813.7929,-0.166625977,0
2.54553,2546,813.7916,813.7929,-0.166625977,0
2.54746,2547,813.7916,813.7929,-0.166625977,0
2.54921,2548,813.7916,813.7929,-0.166625977,0
2.54923,2549,813.7916,813.7929,-0.166625977,0
2.55050,2550,813.7916,813.7929,-0.166625977,0
2.55229,2551,813.7916,813.7929,-0.166625977,0
2.55231,2552,813.7916,813.7929,-0.166625977,0
2.55351,2553,813.7916,813.7929,-0.166625977,0
2.55352,2554,813.7916,813.7929,-0.166625977,0
2.55534,2555,813.7916,813.7929,-0.166625977,0
2.55718,2556,813.7916,813.7929,-0.166625977,0
2.55720,2557,813.7916,813.7929,-0.166625977,0
2.55843,2558,813.7916,813.7929,-0.166625977,0
2.56027,2559,813.7916,813.7929,-0.166625977,0
2.56030,2560,813.7916,813.7929,-0.166625977,0
2.56150,2561,813.7916,813.7929,-0.166625977,0
2.56151,2562,813.7916,813.7929,-0.166625977,0
2.56334,2563,813.7916,813.7929,-0.166625977,0
2.56518,2564,813.7916,813.7929,-0.166625977,0
2.56521,2565,813.7916,813.7929,-0.166625977,0
2.56644,2566,813.7916,813.7929,-0.166625977,0
2.56830,2567,813.7916,813.7929,-0.166625977,0
2.56834,2568,813.7916,813.7929,-0.166625977,0
2.56951,2569,813.7916,813.7929,-0.166625977,0
2.56952,2570,813.7916,813.7929,-0.166625977,0
2.57141,2571,813.7916,813.7929,-0.166625977,0
2.57317,2572,813.7916,813.7929,-0.166625977,0
2.57320,2573,813.7916,813.7929,-0.166625977,0
2.57442,2574,813.7916,813.7929,-0.166625977,0
2.57628,2575,813.7916,813.792847,-0.146484375,-0.0163597353
2.57630,2576,813.7916,813.792847,-0.1586914,-0.0163597353
2.57750,2577,813.7916,813.792847,-0.1586914,-0.0163597353
2.57752,2578,813.7916,813.792847,-0.1586914,-0.0163597353
2.57938,2579,813.7916,813.792847,-0.1586914,-0.0163597353
2.58119,2580,813.7916,813.792847,-0.1586914,0
2.58120,2581,813.7916,813.792847,-0.1586914,0
2.58243,2582,813.7916,813.792847,-0.1586914,0
2.58429,2583,813.7916,813.792847,-0.1586914,0
2.58433,2584,813.7916,813.792847,-0.1586914,0
2.58551,2585,813.7916,813.792847,-0.1586914,0
2.58554,2586,813.7916,813.792847,-0.1586914,0
2.58735,2587,813.7916,813.792847,-0.1586914,0
2.58921,2588,813.7916,813.792847,-0.1586914,0
2.58924,2589,813.7916,813.792847,-0.1586914,0
2.59042,2590,813.7916,813.792847,-0.1586914,0
2.59227,2591,813.7916,813.792847,-0.1586914,0
2.59228,2592,813.7916,813.792847,-0.1586914,0
2.59350,2593,813.7916,813.792847,-0.1586914,0
2.59352,2594,813.7916,813.792847,-0.1586914,0
2.59536,2595,813.7916,813.792847,-0.1586914,0
2.59730,2596,813.7916,813.792847,-0.1586914,0
2.59734,2597,813.7916,813.792847,-0.1586914,0
2.59850,2598,813.7916,813.792847,-0.1586914,0
2.60028,2599,813.7916,813.792847,-0.1586914,0
2.60031,2600,813.7916,813.792847,-0.1586914,0
2.60151,2601,813.7916,813.792847,-0.1586914,0
2.60152,2602,813.7916,813.792847,-0.1586914,0
2.60335,2603,813.7916,813.792847,-0.1586914,0
2.60520,2604,813.7916,813.792847,-0.1586914,0
2.60522,2605,813.7916,813.792847,-0.1586914,0
2.60645,2606,813.7916,813.792847,-0.1586914,0
2.60827,2607,813.7916,813.792847,-0.1586914,0
2.60830,2608,813.7916,813.792847,-0.1586914,0
2.60950,2609,813.7916,813.792847,-0.1586914,0
2.60953,2610,813.7916,813.792847,-0.1586914,0
2.61136,2611,813.7916,813.792847,-0.1586914,0
2.61321,2612,813.7916,813.792847,-0.1586914,0
2.61324,2613,813.7916,813.792847,-0.1586914,0
2.61443,2614,813.7916,813.792847,-0.1586914,0
2.61631,2615,813.7916,813.792847,-0.1586914,0
2.61633,2616,813.7916,813.792847,-0.1586914,0
2.61752,2617,813.7916,813.792847,-0.1586914,0
2.61753,2618,813.7916,813.792847,-0.1586914,0
2.61934,2619,813.7916,813.792847,-0.1586914,0
2.62119,2620,813.7916,813.792847,-0.1586914,0
2.62121,2621,813.7916,813.792847,-0.1586914,0
2.62243,2622,813.7916,813.792847,-0.1586914,0
2.62427,2623,813.7916,813.792847,-0.1586914,0
2.62429,2624,813.7916,813.792847,-0.1586914,0
2.62551,2625,813.7916,813.792847,-0.1586914,0
2.62555,2626,813.7916,813.792847,-0.1586914,0
2.62742,2627,813.7916,813.792847,-0.1586914,0
2.62922,2628,813.7916,813.792847,-0.1586914,0
2.62926,2629,813.7916,813.792847,-0.1586914,0
2.63076,2630,813.7916,813.792847,-0.1586914,0
2.63227,2631,813.7916,813.792847,-0.1586914,0
2.63229,2632,813.7916,813.792847,-0.1586914,0
2.63352,2633,813.7916,813.792847,-0.1586914,0
2.63353,2634,813.7916,813.792847,-0.1586914,0
2.63536,2635,813.7916,813.792847,-0.1586914,0
2.63718,2636,813.7916,813.792847,-0.1586914,0
2.63720,2637,813.7916,813.792847,-0.1586914,-0.0163597353
2.63842,2638,813.7916,813.792847,-0.1586914,-0.0163597353
2.64028,2639,813.7916,813.792847,-0.1586914,-0.0272662267
2.64030,2640,813.7916,813.792847,-0.1586914,-0.0272662267
2.64151,2641,813.7916,813.792847,-0.1586914,-0.0163597353
2.64153,2642,813.7916,813.792847,-0.1586914,-0.0163597353
2.64335,2643,813.7916,813.792847,-0.1586914,-0.0163597353
2.64520,2644,813.7916,813.792847,-0.1586914,-0.0163597353
2.64524,2645,813.7916,813.792847,-0.1586914,-0.0163597353
2.64643,2646,813.7916,813.792847,-0.1586914,0
2.64828,2647,813.7916,813.792847,-0.1586914,0
2.64832,2648,813.7916,813.792847,-0.1586914,0
2.64950,2649,813.7916,813.792847,-0.1586914,0
2.64953,2650,813.7916,813.792847,-0.1586914,0
2.65135,2651,813.7916,813.792847,-0.1586914,0
2.65319,2652,813.7916,813.792847,-0.1586914,0
2.65321,2653,813.7916,813.792847,-0.1586914,0
2.65442,2654,813.7916,813.792847,-0.1586914,0
2.65627,2655,813.7916,813.792847,-0.1586914,0
2.65628,2656,813.7916,813.792847,-0.1586914,0
2.65751,2657,813.7916,813.792847,-0.1586914,0
2.65753,2658,813.7916,813.792847,-0.1586914,0
2.65940,2659,813.7916,813.792847,-0.1586914,0
2.66122,2660,813.7916,813.792847,-0.1586914,0
2.66126,2661,813.7916,813.7928,-0.1385498,-0.0163597353
2.66247,2662,813.7916,813.7928,-0.150756836,-0.0163597353
2.66436,2663,813.7916,813.7928,-0.150756836,-0.0272662267
2.66442,2664,813.7916,813.7928,-0.150756836,-0.0272662267
2.66553,2665,813.7916,813.7927,-0.130615234,-0.0163597353
2.66556,2666,813.7916,813.7927,-0.142822266,-0.0163597353
2.66736,2667,813.7916,813.7927,-0.142822266,-0.0163597353
2.66919,2668,813.7916,813.7927,-0.142822266,-0.0163597353
2.66923,2669,813.7916,813.7927,-0.142822266,-0.0163597353
2.67042,2670,813.7916,813.7927,-0.142822266,-0.0163597353
2.67228,2671,813.7916,813.7927,-0.142822266,-0.0163597353
2.67231,2672,813.7916,813.7927,-0.142822266,-0.0163597353
2.67350,2673,813.7916,813.7927,-0.142822266,-0.0163597353
2.67352,2674,813.7916,813.7927,-0.142822266,0
2.67535,2675,813.7916,813.7927,-0.142822266,0
2.67721,2676,813.7916,813.7927,-0.142822266,0
2.67725,2677,813.7916,813.7927,-0.142822266,0
2.67842,2678,813.7916,813.7928,-0.162963867,0.0109064905
2.68026,2679,813.7916,813.7928,-0.150756836,0.0109064905
2.68028,2680,813.7916,813.7928,-0.150756836,0.0109064905
2.68151,2681,813.7916,813.7928,-0.150756836,0.0109064905
2.68153,2682,813.7916,813.7928,-0.150756836,0
2.68335,2683,813.7916,813.7928,-0.150756836,0
2.68519,2684,813.7916,813.7928,-0.150756836,0
2.68522,2685,813.7916,813.7928,-0.150756836,0
2.68642,2686,813.7916,813.7928,-0.150756836,0
2.68828,2687,813.7916,813.7928,-0.150756836,0
2.68831,2688,813.7916,813.7928,-0.150756836,0
2.68955,2689,813.7916,813.7928,-0.150756836,0
2.68957,2690,813.7916,813.7928,-0.150756836,0
2.69140,2691,813.7916,813.7928,-0.150756836,0
2.69319,2692,813.7916,813.7928,-0.150756836,0
2.69322,2693,813.7916,813.7928,-0.150756836,0
2.69444,2694,813.7916,813.7928,-0.150756836,0
2.69629,2695,813.7916,813.7928,-0.150756836,0
2.69632,2696,813.7916,813.7928,-0.150756836,0
2.69754,2697,813.7916,813.7928,-0.150756836,0
2.69755,2698,813.7916,813.7928,-0.150756836,0
2.69939,2699,813.7916,813.7928,-0.150756836,0
2.70122,2700,813.7916,813.7928,-0.150756836,0
2.70125,2701,813.7916,813.7928,-0.150756836,0
2.70243,2702,813.7916,813.7928,-0.150756836,0
2.70430,2703,813.7916,813.7928,-0.150756836,0
2.70433,2704,813.7916,813.7928,-0.150756836,0
2.70551,2705,813.7916,813.7928,-0.150756836,0
2.70554,2706,813.7916,813.7928,-0.150756836,0
2.70740,2707,813.7916,813.7928,-0.150756836,0
2.70918,2708,813.7916,813.7928,-0.150756836,0
2.70922,2709,813.7916,813.7928,-0.150756836,0
2.71045,2710,813.7916,813.7928,-0.150756836,0
2.71225,2711,813.7916,813.7928,-0.150756836,0
2.71228,2712,813.7916,813.7928,-0.150756836,0
2.71353,2713,813.7916,813.7928,-0.150756836,0
2.71356,2714,813.7916,813.7928,-0.150756836,0
2.71538,2715,813.7916,813.7928,-0.150756836,0
2.71718,2716,813.7916,813.7928,-0.150756836,0
2.71722,2717,813.7916,813.7928,-0.150756836,0
2.71844,2718,813.7916,813.7928,-0.150756836,0
2.72029,2719,813.7916,813.7928,-0.150756836,0
2.72034,2720,813.7916,813.7928,-0.150756836,0
2.72152,2721,813.7916,813.7928,-0.150756836,0
2.72153,2722,813.7916,813.7928,-0.150756836,0
2.72342,2723,813.7916,813.7928,-0.150756836,0
2.72517,2724,813.7916,813.7927,-0.130615234,0
2.72519,2725,813.7916,813.7927,-0.142822266,-0.0163597353
2.72643,2726,813.7916,813.7927,-0.142822266,-0.0163597353
2.72827,2727,813.7916,813.7927,-0.142822266,-0.0163597353
2.72830,2728,813.7916,813.7927,-0.142822266,-0.0163597353
2.72952,2729,813.7916,813.7927,-0.142822266,-0.0163597353
2.72954,2730,813.7916,813.7927,-0.142822266,-0.0163597353
2.73139,2731,813.7916,813.7927,-0.142822266,-0.0163597353
2.73317,2732,813.7916,813.7927,-0.142822266,0
2.73318,2733,813.7916,813.7927,-0.142822266,0
2.73444,2734,813.7916,813.7927,-0.142822266,0
2.73627,2735,813.7916,813.7927,-0.142822266,0
2.73630,2736,813.7916,813.7927,-0.142822266,0
2.73751,2737,813.7916,813.7927,-0.142822266,0
2.73753,2738,813.7916,813.7927,-0.142822266,0
2.73939,2739,813.7916,813.7927,-0.142822266,0
2.74122,2740,813.7916,813.7927,-0.142822266,0
2.74124,2741,813.7916,813.7927,-0.142822266,0
2.74242,2742,813.7916,813.7927,-0.142822266,0
2.74428,2743,813.7916,813.7927,-0.142822266,0
2.74432,2744,813.7916,813.7927,-0.142822266,0
2.74551,2745,813.7916,813.7927,-0.142822266,0
2.74552,2746,813.7916,813.7927,-0.142822266,0
2.74756,2747,813.7916,813.7927,-0.142822266,0
2.74918,2748,813.7916,813.7927,-0.142822266,0
2.74921,2749,813.7916,813.7927,-0.142822266,0
2.75045,2750,813.7916,813.7927,-0.142822266,0
2.75226,2751,813.7916,813.7927,-0.142822266,0
2.75228,2752,813.7916,813.7927,-0.142822266,0
2.75355,2753,813.7916,813.7927,-0.142822266,0
2.75358,2754,813.7916,813.7927,-0.142822266,0
2.75536,2755,813.7916,813.7927,-0.142822266,0
2.75716,2756,813.7916,813.7927,-0.142822266,0
2.75719,2757,813.7916,813.7927,-0.142822266,0
2.75842,2758,813.7916,813.7927,-0.142822266,0
2.76028,2759,813.7916,813.7927,-0.142822266,0
2.76034,2760,813.7916,813.7927,-0.142822266,0
2.76152,2761,813.7916,813.7927,-0.142822266,0
2.76153,2762,813.7916,813.7927,-0.142822266,0
2.76335,2763,813.7916,813.7927,-0.142822266,0
2.76519,2764,813.7916,813.7927,-0.142822266,0
2.76520,2765,813.7916,813.7927,-0.142822266,0
2.76643,2766,813.7916,813.7927,-0.142822266,0
2.76830,2767,813.7916,813.7927,-0.142822266,0
2.76834,2768,813.7916,813.7927,-0.142822266,0
2.76951,2769,813.7916,813.7927,-0.142822266,0
2.76952,2770,813.7916,813.7927,-0.142822266,0
2.77137,2771,813.7916,813.7927,-0.142822266,0
2.77317,2772,813.7916,813.7927,-0.142822266,0
2.77319,2773,813.7916,813.7927,-0.142822266,0
2.77441,2774,813.7916,813.7927,-0.142822266,0
2.77625,2775,813.7916,813.7927,-0.142822266,0
2.77627,2776,813.7916,813.7927,-0.142822266,0
2.77751,2777,813.7916,813.7927,-0.142822266,0
2.77752,2778,813.7916,813.7927,-0.142822266,0
2.77934,2779,813.7916,813.7927,-0.142822266,0
2.78119,2780,813.7916,813.7927,-0.142822266,0
2.78121,2781,813.7916,813.7927,-0.142822266,0
2.78245,2782,813.7916,813.7927,-0.142822266,0
2.78430,2783,813.7916,813.7927,-0.142822266,0
2.78435,2784,813.7916,813.7927,-0.142822266,0
2.78551,2785,813.7916,813.7927,-0.142822266,0
2.78552,2786,813.7916,813.7927,-0.142822266,0
2.78737,2787,813.7916,813.7927,-0.142822266,0
2.78916,2788,813.7916,813.7927,-0.142822266,0
2.78918,2789,813.7916,813.7927,-0.142822266,0
2.79043,2790,813.7916,813.7927,-0.142822266,-0.0163597353
2.79227,2791,813.7916,813.7927,-0.142822266,-0.0163597353
2.79231,2792,813.7916,813.7927,-0.142822266,-0.0163597353
2.79351,2793,813.7916,813.7927,-0.142822266,-0.0163597353
2.79354,2794,813.7916,813.7927,-0.142822266,0
2.79536,2795,813.7916,813.7927,-0.142822266,0
2.79729,2796,813.7916,813.7927,-0.142822266,0
2.79736,2797,813.7916,813.7927,-0.142822266,0
2.79846,2798,813.7916,813.7927,-0.142822266,0
2.80032,2799,813.7916,813.7927,-0.142822266,0
2.80034,2800,813.7916,813.7927,-0.142822266,0
2.80151,2801,813.7916,813.7927,-0.142822266,0
2.80153,2802,813.7916,813.7927,-0.142822266,0
2.80335,2803,813.7916,813.7927,-0.142822266,0
2.80520,2804,813.7916,813.7927,-0.142822266,0
2.80523,2805,813.7916,813.7927,-0.142822266,0
2.80642,2806,813.7916,813.7927,-0.142822266,0
2.80826,2807,813.7916,813.7927,-0.142822266,0
2.80830,2808,813.7916,813.7927,-0.142822266,0
2.80950,2809,813.7916,813.7927,-0.142822266,0
2.80951,2810,813.7916,813.7927,-0.142822266,0
2.81138,2811,813.7916,813.7927,-0.142822266,0
2.81317,2812,813.7916,813.7927,-0.142822266,0
2.81318,2813,813.7916,813.7927,-0.142822266,0
2.81449,2814,813.7916,813.7927,-0.142822266,0
2.81630,2815,813.7916,813.7927,-0.142822266,0
2.81634,2816,813.7916,813.7927,-0.142822266,0
2.81753,2817,813.7916,813.7927,-0.142822266,0
2.81754,2818,813.7916,813.7927,-0.142822266,0
2.81936,2819,813.7916,813.7927,-0.142822266,0
2.82116,2820,813.7916,813.7927,-0.142822266,0
2.82119,2821,813.7916,813.7927,-0.142822266,0
2.82246,2822,813.7916,813.7927,-0.142822266,0
2.82425,2823,813.7916,813.7927,-0.142822266,0
2.82426,2824,813.7916,813.7927,-0.142822266,0
2.82550,2825,813.7916,813.7927,-0.142822266,0
2.82553,2826,813.7916,813.7927,-0.142822266,0
2.82734,2827,813.7916,813.7927,-0.142822266,0
2.82919,2828,813.7916,813.7927,-0.142822266,0
2.82922,2829,813.7916,813.7927,-0.142822266,0
2.83084,2830,813.7916,813.7927,-0.142822266,-0.0163597353
2.83227,2831,813.7916,813.7927,-0.142822266,-0.0163597353
2.83229,2832,813.7916,813.7927,-0.142822266,-0.0163597353
2.83351,2833,813.7916,813.7927,-0.142822266,-0.0163597353
2.83352,2834,813.7916,813.7927,-0.142822266,-0.0163597353
2.83538,2835,813.7916,813.7927,-0.142822266,-0.0163597353
2.83717,2836,813.7916,813.7927,-0.142822266,-0.0163597353
2.83719,2837,813.7916,813.7927,-0.142822266,0
2.83842,2838,813.7916,813.7927,-0.142822266,0
2.84025,2839,813.7916,813.7927,-0.142822266,0
2.84028,2840,813.7916,813.7927,-0.142822266,0
2.84151,2841,813.7916,813.7927,-0.142822266,0
2.84152,2842,813.7916,813.7927,-0.142822266,0
2.84336,2843,813.7916,813.7927,-0.142822266,0
2.84516,2844,813.7916,813.7927,-0.142822266,0
2.84518,2845,813.7916,813.7927,-0.142822266,0
2.84647,2846,813.7916,813.7927,-0.142822266,0
2.84827,2847,813.7916,813.7927,-0.142822266,0
2.84829,2848,813.7916,813.7927,-0.142822266,0
2.84953,2849,813.7916,813.7927,-0.142822266,0
2.84957,2850,813.7916,813.7927,-0.142822266,0
2.85136,2851,813.7916,813.7926,-0.102539063,0
2.85317,2852,813.7916,813.7926,-0.126953125,-0.0272662267
2.85319,2853,813.7916,813.7926,-0.126953125,-0.0272662267
2.85442,2854,813.7916,813.7926,-0.126953125,-0.0272662267
2.85625,2855,813.7916,813.792542,-0.106811523,-0.0163597353
2.85626,2856,813.7916,813.792542,-0.119018555,-0.0163597353
2.85751,2857,813.7916,813.792542,-0.119018555,-0.0163597353
2.85754,2858,813.7916,813.792542,-0.119018555,-0.0163597353
2.85933,2859,813.7916,813.792542,-0.119018555,-0.0163597353
2.86119,2860,813.7916,813.792542,-0.119018555,-0.0163597353
2.86121,2861,813.7916,813.792542,-0.119018555,-1.39603078
2.86246,2862,813.7916,813.7926,-0.139160156,0
2.86427,2863,813.7916,813.7927,-0.167236328,0.0109064905
2.86429,2864,813.7916,813.792847,-0.183105469,0.021812981
2.86562,2865,813.7916,813.793152,-0.2593994,0.06543894
2.86565,2866,813.7916,813.793457,-0.299072266,0.147237629
2.86739,2867,813.7916,813.794,-0.419311523,0.223583058
2.86916,2868,813.7916,813.7943,-0.41015625,0.316288233
2.86917,2869,813.7916,813.7947,-0.4699707,0.359914184
2.87042,2870,813.7916,813.7951,-0.5377197,0.3490077
2.87227,2871,813.7916,813.7953,-0.5126953,0.3490077
2.87229,2872,813.7916,813.7956,-0.5767822,0.327194721
2.87351,2873,813.7916,813.7957,-0.5560303,0.28356877
2.87353,2874,813.7916,813.7957,-0.5316162,0.2508493
2.87534,2875,813.7916,813.7957,-0.5316162,0.179957092
2.87720,2876,813.7916,813.7956,-0.491333,0.087251924
2.87722,2877,813.7916,813.7954,-0.455322266,0
2.87849,2878,813.7916,813.7951,-0.391235352,-0.09270517
2.88025,2879,813.7916,813.7948,-0.3515625,-0.174503848
2.88026,2880,813.7916,813.794434,-0.291748047,-0.289022
2.88152,2881,813.7916,813.7941,-0.264282227,-0.289022
2.88154,2882,813.7916,813.7937,-0.184326172,-0.332647949
2.88339,2883,813.7916,813.7933,-0.12878418,-0.365367442
2.88519,2884,813.7916,813.792847,-0.07324219,-0.403540134
2.88520,2885,813.7916,813.792358,0.00244140625,-0.42535314
2.88646,2886,813.7916,813.792053,0.005493164,-0.42535314
2.88824,2887,813.7916,813.791748,0.0451660156,-0.414446652
2.88827,2888,813.7916,813.791443,0.08483887,-0.392633677
2.88953,2889,813.7916,813.7911,0.14465332,-0.365367442
2.88955,2890,813.7916,813.7909,0.131835938,-0.2999285
2.89133,2891,813.7916,813.7908,0.135498047,-0.2999285
2.89317,2892,813.7916,813.790649,0.151367188,-0.256302536
2.89320,2893,813.7916,813.790649,0.126953125,-0.196316838
2.89446,2894,813.7916,813.790649,0.126953125,-0.130877882
2.89624,2895,813.7916,813.790649,0.126953125,-0.07089219
2.89626,2896,813.7916,813.7907,0.106811523,-0.0272662267
2.89756,2897,813.7916,813.7908,0.09887695,0.021812981
2.89760,2898,813.7916,813.790955,0.05065918,0.0545324534
2.89934,2899,813.7916,813.7911,0.04699707,0.09815842
2.90116,2900,813.7916,813.79126,0.0109863281,0.125424653
2.90118,2901,813.7916,813.7916,-0.07324219,0.136331126
2.90244,2902,813.7916,813.791748,-0.0402832031,0.169050619
2.90426,2903,813.7916,813.791931,-0.0762939453,0.169050619
2.90430,2904,813.7916,813.7922,-0.120239258,0.179957092
2.90552,2905,813.7916,813.792542,-0.192260742,0.201770067
2.90553,2906,813.7916,813.7928,-0.199584961,0.201770067
2.90734,2907,813.7916,813.7929,-0.191040039,0.201770067
2.90917,2908,813.7916,813.793152,-0.247192383,0.1908636
2.90919,2909,813.7916,813.793152,-0.198364258,0.179957092
2.91043,2910,813.7916,813.7933,-0.238647461,0.158144116
2.91225,2911,813.7916,813.793152,-0.1739502,0.109064907
2.91226,2912,813.7916,813.793152,-0.198364258,0.06543894
2.91352,2913,813.7916,813.793152,-0.198364258,0.021812981
2.91354,2914,813.7916,813.7929,-0.117797852,-0.04907921
2.91535,2915,813.7916,813.792847,-0.146484375,-0.08179868
2.91717,2916,813.7916,813.7927,-0.1184082,-0.103611663
2.91719,2917,813.7916,813.792542,-0.08239746,-0.141784385
2.91841,2918,813.7916,813.792358,-0.05859375,-0.152690873
2.92025,2919,813.7916,813.792358,-0.0952148438,-0.152690873
2.92026,2920,813.7916,813.792236,-0.05493164,-0.141784385
2.92152,2921,813.7916,813.7922,-0.0592041,-0.130877882
2.92154,2922,813.7916,813.792053,-0.03112793,-0.103611663
2.92334,2923,813.7916,813.792053,-0.0555419922,-0.09270517
2.92516,2924,813.7916,813.792053,-0.0555419922,-0.0599856973
2.92520,2925,813.7916,813.792053,-0.0555419922,-0.0272662267
2.92641,2926,813.7916,813.7922,-0.0958251953,0.021812981
2.92825,2927,813.7916,813.792236,-0.0915527344,0.043625962
2.92827,2928,813.7916,813.792236,-0.0793457,0.0545324534
2.92952,2929,813.7916,813.792358,-0.119628906,0.06543894
2.92956,2930,813.7916,813.7925,-0.135498047,0.06543894
2.93135,2931,813.7916,813.792542,-0.131225586,0.06543894
2.93316,2932,813.7916,813.792542,-0.119018555,0.07634544
2.93318,2933,813.7916,813.7926,-0.139160156,0.0545324534
2.93442,2934,813.7916,813.7927,-0.167236328,0.043625962
2.93625,2935,813.7916,813.7927,-0.142822266,0.03271947
2.93626,2936,813.7916,813.7927,-0.142822266,0.03271947
2.93752,2937,813.7916,813.7927,-0.142822266,0
2.93754,2938,813.7916,813.7926,-0.102539063,-0.0163597353
2.93935,2939,813.7916,813.792542,-0.106811523,-0.03817272
2.94120,2940,813.7916,813.792542,-0.119018555,-0.0599856973
2.94123,2941,813.7916,813.792542,-0.119018555,-0.04907921
2.94242,2942,813.7916,813.7925,-0.09887695,-0.0599856973
2.94425,2943,813.7916,813.792358,-0.07080078,-0.0599856973
2.94426,2944,813.7916,813.792358,-0.0952148438,-0.0599856973
2.94553,2945,813.7916,813.7923,-0.07507324,-0.04907921
2.94557,2946,813.7916,813.7923,-0.08728027,-0.04907921
2.94748,2947,813.7916,813.792236,-0.06713867,-0.03817272
2.94919,2948,813.7916,813.792236,-0.0793457,-0.0272662267
2.94920,2949,813.7916,813.7923,-0.0994873047,-0.0163597353
2.95042,2950,813.7916,813.7923,-0.08728027,0
2.95228,2951,813.7916,813.792358,-0.107421875,0.0109064905
2.95231,2952,813.7916,813.792358,-0.0952148438,0.021812981
2.95356,2953,813.7916,813.792358,-0.0952148438,0.03271947
2.95359,2954,813.7916,813.792358,-0.0952148438,0.03271947
2.95534,2955,813.7916,813.7925,-0.135498047,0.021812981
2.95717,2956,813.7916,813.792542,-0.131225586,0.021812981
2.95719,2957,813.7916,813.792542,-0.119018555,0.0109064905
2.95842,2958,813.7916,813.792542,-0.119018555,0.0109064905
2.96025,2959,813.7916,813.792542,-0.119018555,0.021812981
2.96027,2960,813.7916,813.792542,-0.119018555,0.0109064905
2.96150,2961,813.7916,813.792542,-0.119018555,0
2.96151,2962,813.7916,813.792542,-0.119018555,-0.0163597353
2.96332,2963,813.7916,813.7925,-0.09887695,-0.0272662267
2.96520,2964,813.7916,813.7925,-0.111083984,-0.0272662267
2.96522,2965,813.7916,813.792358,-0.07080078,-0.0272662267
2.96643,2966,813.7916,813.792358,-0.0952148438,-0.0272662267
2.96825,2967,813.7916,813.792358,-0.0952148438,-0.0272662267
2.96827,2968,813.7916,813.792358,-0.0952148438,-0.0272662267
2.96952,2969,813.7916,813.792358,-0.0952148438,-0.0272662267
2.96953,2970,813.7916,813.792358,-0.0952148438,-0.0272662267
2.97136,2971,813.7916,813.792358,-0.0952148438,-0.0272662267
2.97320,2972,813.7916,813.792358,-0.0952148438,-0.0163597353
2.97323,2973,813.7916,813.792358,-0.0952148438,0
2.97444,2974,813.7916,813.792358,-0.0952148438,0
2.97624,2975,813.7916,813.792358,-0.0952148438,0
2.97626,2976,813.7916,813.792358,-0.0952148438,0
2.97751,2977,813.7916,813.792358,-0.0952148438,0
2.97754,2978,813.7916,813.792358,-0.0952148438,0
2.97933,2979,813.7916,813.792358,-0.0952148438,0
2.98120,2980,813.7916,813.792358,-0.0952148438,0.0109064905
2.98123,2981,813.7916,813.792358,-0.0952148438,0.0109064905
2.98242,2982,813.7916,813.792358,-0.0952148438,0
2.98428,2983,813.7916,813.792358,-0.0952148438,0
2.98431,2984,813.7916,813.792358,-0.0952148438,0
2.98551,2985,813.7916,813.792358,-0.0952148438,0
2.98553,2986,813.7916,813.792358,-0.0952148438,0
2.98734,2987,813.7916,813.792358,-0.0952148438,0
2.98920,2988,813.7916,813.792358,-0.0952148438,0
2.98922,2989,813.7916,813.792358,-0.0952148438,0
2.99042,2990,813.7916,813.792358,-0.0952148438,0
2.99228,2991,813.7916,813.792358,-0.0952148438,0
2.99230,2992,813.7916,813.792358,-0.0952148438,0
2.99351,2993,813.7916,813.792358,-0.0952148438,0
2.99352,2994,813.7916,813.792358,-0.0952148438,0
2.99534,2995,813.7916,813.792358,-0.0952148438,0
2.99728,2996,813.7916,813.792358,-0.0952148438,0
2.99732,2997,813.7916,813.792358,-0.0952148438,0
2.99844,2998,813.7916,813.792358,-0.0952148438,0
3.00028,2999,813.7916,813.792358,-0.0952148438,0
3.00031,3000,813.7916,813.792358,-0.0952148438,0
3.00151,3001,813.7916,813.792358,-0.0952148438,0
3.00152,3002,813.7916,813.792358,-0.0952148438,0
3.00334,3003,813.7916,813.792358,-0.0952148438,0
3.00523,3004,813.7916,813.792358,-0.0952148438,0
3.00526,3005,813.7916,813.792358,-0.0952148438,0
3.00643,3006,813.7916,813.792358,-0.0952148438,0
3.00826,3007,813.7916,813.792358,-0.0952148438,0
3.00828,3008,813.7916,813.792358,-0.0952148438,0
3.00950,3009,813.7916,813.792358,-0.0952148438,0
3.00952,3010,813.7916,813.792358,-0.0952148438,0
3.01133,3011,813.7916,813.792358,-0.0952148438,0
3.01318,3012,813.7916,813.792358,-0.0952148438,0
3.01319,3013,813.7916,813.792358,-0.0952148438,0
3.01444,3014,813.7916,813.792358,-0.0952148438,0
3.01627,3015,813.7916,813.792358,-0.0952148438,0
3.01629,3016,813.7916,813.792358,-0.0952148438,0
3.01754,3017,813.7916,813.792358,-0.0952148438,0
3.01756,3018,813.7916,813.792358,-0.0952148438,0
3.01935,3019,813.7916,813.792358,-0.0952148438,0
3.02119,3020,813.7916,813.792358,-0.0952148438,0
3.02122,3021,813.7916,813.792358,-0.0952148438,0
3.02241,3022,813.7916,813.792358,-0.0952148438,0
3.02427,3023,813.7916,813.792358,-0.0952148438,0
3.02429,3024,813.7916,813.792358,-0.0952148438,0
3.02551,3025,813.7916,813.792358,-0.0952148438,0
3.02553,3026,813.7916,813.792358,-0.0952148438,0
3.02736,3027,813.7916,813.792358,-0.0952148438,0
3.02919,3028,813.7916,813.792358,-0.0952148438,0
3.02922,3029,813.7916,813.792358,-0.0952148438,0
3.03087,3030,813.7916,813.792358,-0.0952148438,0
3.03227,3031,813.7916,813.792358,-0.0952148438,0
3.03230,3032,813.7916,813.792358,-0.0952148438,0
3.03352,3033,813.7916,813.792358,-0.0952148438,0
3.03353,3034,813.7916,813.792358,-0.0952148438,0
3.03538,3035,813.7916,813.792358,-0.0952148438,0
3.03722,3036,813.7916,813.792358,-0.0952148438,0
3.03724,3037,813.7916,813.792358,-0.0952148438,0
3.03843,3038,813.7916,813.792358,-0.0952148438,0
3.04028,3039,813.7916,813.792358,-0.0952148438,0
3.04031,3040,813.7916,813.792358,-0.0952148438,0
3.04152,3041,813.7916,813.792358,-0.0952148438,0
3.04153,3042,813.7916,813.792358,-0.0952148438,0
3.04334,3043,813.7916,813.792358,-0.0952148438,0
3.04518,3044,813.7916,813.792358,-0.0952148438,0
3.04522,3045,813.7916,813.792358,-0.0952148438,0
3.04644,3046,813.7916,813.792358,-0.0952148438,0
3.04827,3047,813.7916,813.792358,-0.0952148438,0
3.04829,3048,813.7916,813.792358,-0.0952148438,0
3.04954,3049,813.7916,813.792358,-0.0952148438,0
3.04957,3050,813.7916,813.792358,-0.0952148438,0
3.05136,3051,813.7916,813.792358,-0.0952148438,0
3.05321,3052,813.7916,813.792358,-0.0952148438,0
3.05324,3053,813.7916,813.792358,-0.0952148438,0
3.05443,3054,813.7916,813.792358,-0.0952148438,0
3.05629,3055,813.7916,813.792358,-0.0952148438,0
3.05631,3056,813.7916,813.792358,-0.0952148438,0
3.05752,3057,813.7916,813.792358,-0.0952148438,0
3.05754,3058,813.7916,813.792358,-0.0952148438,-0.0163597353
3.05936,3059,813.7916,813.792358,-0.0952148438,-0.0163597353
3.06120,3060,813.7916,813.792358,-0.0952148438,-0.0163597353
3.06123,3061,813.7916,813.792358,-0.0952148438,-0.0163597353
3.06249,3062,813.7916,813.792358,-0.0952148438,0
3.06440,3063,813.7916,813.792358,-0.0952148438,0
3.06444,3064,813.7916,813.792358,-0.0952148438,0
3.06552,3065,813.7916,813.792358,-0.0952148438,0
3.06554,3066,813.7916,813.792358,-0.0952148438,0
3.06737,3067,813.7916,813.792358,-0.0952148438,0
3.06920,3068,813.7916,813.792358,-0.0952148438,0
3.06922,3069,813.7916,813.792358,-0.0952148438,0
3.07043,3070,813.7916,813.792358,-0.0952148438,0
3.07228,3071,813.7916,813.792358,-0.0952148438,0
3.07232,3072,813.7916,813.792358,-0.0952148438,0
3.07351,3073,813.7916,813.792358,-0.0952148438,0
3.07353,3074,813.7916,813.792358,-0.0952148438,0
3.07536,3075,813.7916,813.792358,-0.0952148438,0
3.07716,3076,813.7916,813.792358,-0.0952148438,0
3.07719,3077,813.7916,813.792358,-0.0952148438,0
3.07846,3078,813.7916,813.792358,-0.0952148438,0
3.08027,3079,813.7916,813.792358,-0.0952148438,0
3.08029,3080,813.7916,813.792358,-0.0952148438,0
3.08152,3081,813.7916,813.792358,-0.0952148438,0
3.08154,3082,813.7916,813.792358,-0.0952148438,0
3.08340,3083,813.7916,813.792358,-0.0952148438,0
3.08519,3084,813.7916,813.792358,-0.0952148438,0
3.08522,3085,813.7916,813.792358,-0.0952148438,0
3.08642,3086,813.7916,813.792358,-0.0952148438,0
3.08828,3087,813.7916,813.792358,-0.0952148438,0
3.08830,3088,813.7916,813.792358,-0.0952148438,0
3.08951,3089,813.7916,813.792358,-0.0952148438,0
3.08952,3090,813.7916,813.792358,-0.0952148438,0
3.09135,3091,813.7916,813.792358,-0.0952148438,0
3.09319,3092,813.7916,813.792358,-0.0952148438,0
3.09321,3093,813.7916,813.792358,-0.0952148438,0
3.09443,3094,813.7916,813.792358,-0.0952148438,0
3.09629,3095,813.7916,813.792358,-0.0952148438,0
3.09633,3096,813.7916,813.792358,-0.0952148438,0
3.09752,3097,813.7916,813.792358,-0.0952148438,0
3.09754,3098,813.7916,813.792358,-0.0952148438,0
3.09938,3099,813.7916,813.792358,-0.0952148438,0
3.10116,3100,813.7916,813.792358,-0.0952148438,0
3.10117,3101,813.7916,813.792358,-0.0952148438,0
3.10243,3102,813.7916,813.792358,-0.0952148438,0
3.10428,3103,813.7916,813.792358,-0.0952148438,0
3.10431,3104,813.7916,813.792358,-0.0952148438,0
3.10552,3105,813.7916,813.792358,-0.0952148438,0
3.10555,3106,813.7916,813.792358,-0.0952148438,0
3.10733,3107,813.7916,813.792358,-0.0952148438,0
3.10924,3108,813.7916,813.792358,-0.0952148438,0
3.10929,3109,813.7916,813.792358,-0.0952148438,0
3.11043,3110,813.7916,813.792358,-0.0952148438,0
3.11229,3111,813.7916,813.792358,-0.0952148438,0
3.11231,3112,813.7916,813.792358,-0.0952148438,0
3.11350,3113,813.7916,813.792358,-0.0952148438,0
3.11352,3114,813.7916,813.792358,-0.0952148438,0
3.11536,3115,813.7916,813.792358,-0.0952148438,0
3.11723,3116,813.7916,813.792358,-0.0952148438,0
3.11726,3117,813.7916,813.792358,-0.0952148438,0
3.11843,3118,813.7916,813.792358,-0.0952148438,0
3.12027,3119,813.7916,813.792358,-0.0952148438,0
3.12029,3120,813.7916,813.792358,-0.0952148438,0
3.12151,3121,813.7916,813.792358,-0.0952148438,0
3.12152,3122,813.7916,813.792358,-0.0952148438,0
3.12338,3123,813.7916,813.792358,-0.0952148438,0
3.12516,3124,813.7916,813.792358,-0.0952148438,0
3.12520,3125,813.7916,813.792358,-0.0952148438,0
3.12643,3126,813.7916,813.792358,-0.0952148438,0
3.12828,3127,813.7916,813.792358,-0.0952148438,-0.0163597353
3.12830,3128,813.7916,813.792358,-0.0952148438,-0.0163597353
3.12951,3129,813.7916,813.792358,-0.0952148438,-0.0163597353
3.12952,3130,813.7916,813.792358,-0.0952148438,-0.0163597353
3.13142,3131,813.7916,813.792358,-0.0952148438,-0.0163597353
3.13321,3132,813.7916,813.792358,-0.0952148438,-0.0163597353
3.13326,3133,813.7916,813.792358,-0.0952148438,0
3.13443,3134,813.7916,813.792358,-0.0952148438,0
3.13629,3135,813.7916,813.792358,-0.0952148438,0
3.13632,3136,813.7916,813.792358,-0.0952148438,0
3.13751,3137,813.7916,813.792358,-0.0952148438,0
3.13752,3138,813.7916,813.792358,-0.0952148438,0
3.13938,3139,813.7916,813.792358,-0.0952148438,0
3.14117,3140,813.7916,813.792358,-0.0952148438,0
3.14119,3141,813.7916,813.792358,-0.0952148438,0
3.14243,3142,813.7916,813.792358,-0.0952148438,0
3.14428,3143,813.7916,813.792358,-0.0952148438,0
3.14431,3144,813.7916,813.792358,-0.0952148438,0
3.14551,3145,813.7916,813.792358,-0.0952148438,0
3.14554,3146,813.7916,813.792358,-0.0952148438,0
3.14746,3147,813.7916,813.792358,-0.0952148438,-0.0163597353
3.14923,3148,813.7916,813.792358,-0.0952148438,-0.0163597353
3.14925,3149,813.7916,813.792358,-0.0952148438,-0.0163597353
3.15044,3150,813.7916,813.792358,-0.0952148438,-0.0163597353
3.15229,3151,813.7916,813.792358,-0.0952148438,0
3.15232,3152,813.7916,813.792358,-0.0952148438,0
3.15352,3153,813.7916,813.792358,-0.0952148438,0
3.15357,3154,813.7916,813.792358,-0.0952148438,0
3.15537,3155,813.7916,813.792358,-0.0952148438,0
3.15717,3156,813.7916,813.792358,-0.0952148438,0
3.15719,3157,813.7916,813.792358,-0.0952148438,0
3.15843,3158,813.7916,813.792358,-0.0952148438,0
3.16028,3159,813.7916,813.792358,-0.0952148438,0
3.16031,3160,813.7916,813.792358,-0.0952148438,0
3.16150,3161,813.7916,813.792358,-0.0952148438,0
3.16152,3162,813.7916,813.792358,-0.0952148438,0
3.16336,3163,813.7916,813.792358,-0.0952148438,0
3.16518,3164,813.7916,813.792358,-0.0952148438,0
3.16520,3165,813.7916,813.792358,-0.0952148438,0
3.16645,3166,813.7916,813.792358,-0.0952148438,0
3.16827,3167,813.7916,813.792358,-0.0952148438,0
3.16830,3168,813.7916,813.792358,-0.0952148438,0
3.16952,3169,813.7916,813.792358,-0.0952148438,0
3.16955,3170,813.7916,813.792358,-0.0952148438,0
3.17136,3171,813.7916,813.792358,-0.0952148438,0
3.17318,3172,813.7916,813.792358,-0.0952148438,0
3.17319,3173,813.7916,813.792358,-0.0952148438,0
3.17445,3174,813.7916,813.792358,-0.0952148438,0
3.17630,3175,813.7916,813.792358,-0.0952148438,0
3.17632,3176,813.7916,813.792358,-0.0952148438,0
3.17750,3177,813.7916,813.792358,-0.0952148438,0
3.17753,3178,813.7916,813.792358,-0.0952148438,0
3.17953,3179,813.7916,813.792358,-0.0952148438,0
3.18117,3180,813.7916,813.792358,-0.0952148438,0
3.18119,3181,813.7916,813.792358,-0.0952148438,0
3.18243,3182,813.7916,813.792358,-0.0952148438,0
3.18431,3183,813.7916,813.792358,-0.0952148438,0
3.18434,3184,813.7916,813.792358,-0.0952148438,0
3.18551,3185,813.7916,813.792358,-0.0952148438,0
3.18552,3186,813.7916,813.792358,-0.0952148438,0
3.18736,3187,813.7916,813.792358,-0.0952148438,0
3.18921,3188,813.7916,813.792358,-0.0952148438,0
3.18923,3189,813.7916,813.792358,-0.0952148438,0
3.19042,3190,813.7916,813.792358,-0.0952148438,0
3.19231,3191,813.7916,813.792358,-0.0952148438,0
3.19233,3192,813.7916,813.792358,-0.0952148438,0
3.19350,3193,813.7916,813.792358,-0.0952148438,0
3.19351,3194,813.7916,813.792358,-0.0952148438,0
3.19538,3195,813.7916,813.792358,-0.0952148438,0
3.19731,3196,813.7916,813.792358,-0.0952148438,0
3.19738,3197,813.7916,813.792358,-0.0952148438,0
3.19844,3198,813.7916,813.792358,-0.0952148438,0
3.20029,3199,813.7916,813.792358,-0.0952148438,0
3.20031,3200,813.7916,813.792358,-0.0952148438,0
3.20151,3201,813.7916,813.792358,-0.0952148438,0
3.20154,3202,813.7916,813.792358,-0.0952148438,0
3.20340,3203,813.7916,813.792358,-0.0952148438,0
3.20518,3204,813.7916,813.792358,-0.0952148438,0
3.20520,3205,813.7916,813.792358,-0.0952148438,0
3.20645,3206,813.7916,813.792358,-0.0952148438,0
3.20830,3207,813.7916,813.792358,-0.0952148438,0
3.20832,3208,813.7916,813.792358,-0.0952148438,0
3.20952,3209,813.7916,813.792358,-0.0952148438,0
3.20953,3210,813.7916,813.792358,-0.0952148438,0
3.21135,3211,813.7916,813.792358,-0.0952148438,0
3.21318,3212,813.7916,813.792358,-0.0952148438,0
3.21322,3213,813.7916,813.792358,-0.0952148438,0
3.21444,3214,813.7916,813.792358,-0.0952148438,0
3.21630,3215,813.7916,813.792358,-0.0952148438,0
3.21634,3216,813.7916,813.792358,-0.0952148438,0
3.21751,3217,813.7916,813.792358,-0.0952148438,0
3.21753,3218,813.7916,813.792358,-0.0952148438,0
3.21939,3219,813.7916,813.792358,-0.0952148438,0
3.22120,3220,813.7916,813.792358,-0.0952148438,0
3.22124,3221,813.7916,813.792358,-0.0952148438,0
3.22243,3222,813.7916,813.792358,-0.0952148438,0
3.22431,3223,813.7916,813.792358,-0.0952148438,0
3.22433,3224,813.7916,813.792358,-0.0952148438,0
3.22551,3225,813.7916,813.792358,-0.0952148438,0
3.22553,3226,813.7916,813.792358,-0.0952148438,0
3.22735,3227,813.7916,813.792358,-0.0952148438,0
3.22920,3228,813.7916,813.792358,-0.0952148438,0
3.22923,3229,813.7916,813.792358,-0.0952148438,0
3.23082,3230,813.7916,813.792358,-0.0952148438,0
3.23227,3231,813.7916,813.792358,-0.0952148438,0
3.23229,3232,813.7916,813.792358,-0.0952148438,0
3.23353,3233,813.7916,813.792358,-0.0952148438,0
3.23355,3234,813.7916,813.792358,-0.0952148438,0
3.23538,3235,813.7916,813.792358,-0.0952148438,0
3.23718,3236,813.7916,813.792358,-0.0952148438,0
3.23720,3237,813.7916,813.792358,-0.0952148438,0
3.23842,3238,813.7916,813.792358,-0.0952148438,0
3.24028,3239,813.7916,813.792358,-0.0952148438,0
3.24032,3240,813.7916,813.792358,-0.0952148438,0
3.24151,3241,813.7916,813.792358,-0.0952148438,0
3.24152,3242,813.7916,813.792358,-0.0952148438,0
3.24335,3243,813.7916,813.792358,-0.0952148438,0
3.24519,3244,813.7916,813.792358,-0.0952148438,0
3.24520,3245,813.7916,813.792358,-0.0952148438,0
3.24642,3246,813.7916,813.792358,-0.0952148438,0
3.24827,3247,813.7916,813.792358,-0.0952148438,0
3.24829,3248,813.7916,813.792358,-0.0952148438,0
3.24955,3249,813.7916,813.792358,-0.0952148438,0
3.24958,3250,813.7916,813.792358,-0.0952148438,0
3.25139,3251,813.7916,813.792358,-0.0952148438,0
3.25318,3252,813.7916,813.792358,-0.0952148438,0
3.25322,3253,813.7916,813.792358,-0.0952148438,0
3.25444,3254,813.7916,813.792358,-0.0952148438,-0.0163597353
3.25627,3255,813.7916,813.792358,-0.0952148438,-0.0163597353
3.25629,3256,813.7916,813.792358,-0.0952148438,-0.0163597353
3.25750,3257,813.7916,813.792358,-0.0952148438,-0.0163597353
3.25751,3258,813.7916,813.792358,-0.0952148438,0
3.25936,3259,813.7916,813.792358,-0.0952148438,0
3.26116,3260,813.7916,813.792358,-0.0952148438,0
3.26119,3261,813.7916,813.792358,-0.0952148438,0
3.26245,3262,813.7916,813.792358,-0.0952148438,0
3.26430,3263,813.7916,813.792358,-0.0952148438,0
3.26435,3264,813.7916,813.792358,-0.0952148438,0
3.26559,3265,813.7916,813.7923,-0.07507324,0
3.26562,3266,813.7916,813.7923,-0.08728027,-0.0163597353
3.26737,3267,813.7916,813.7923,-0.08728027,-0.0163597353
3.26920,3268,813.7916,813.792236,-0.06713867,-0.0272662267
3.26923,3269,813.7916,813.792236,-0.0793457,-0.0272662267
3.27042,3270,813.7916,813.792236,-0.0793457,-0.0163597353
3.27231,3271,813.7916,813.792236,-0.0793457,-0.0163597353
3.27233,3272,813.7916,813.7923,-0.0994873047,0
3.27353,3273,813.7916,813.7923,-0.08728027,0
3.27355,3274,813.7916,813.7923,-0.08728027,0
3.27535,3275,813.7916,813.7923,-0.08728027,0
3.27723,3276,813.7916,813.7923,-0.08728027,0
3.27725,3277,813.7916,813.7923,-0.08728027,0
3.27842,3278,813.7916,813.7923,-0.08728027,0
3.28027,3279,813.7916,813.7923,-0.08728027,0
3.28029,3280,813.7916,813.7923,-0.08728027,0
3.28153,3281,813.7916,813.7923,-0.08728027,0
3.28154,3282,813.7916,813.7923,-0.08728027,0
3.28339,3283,813.7916,813.7923,-0.08728027,0
3.28520,3284,813.7916,813.7923,-0.08728027,0
3.28525,3285,813.7916,813.7923,-0.08728027,0
3.28643,3286,813.7916,813.7923,-0.08728027,0
3.28828,3287,813.7916,813.7923,-0.08728027,0
3.28831,3288,813.7916,813.7923,-0.08728027,0
3.28953,3289,813.7916,813.7923,-0.08728027,0
3.28956,3290,813.7916,813.7923,-0.08728027,0
3.29138,3291,813.7916,813.7923,-0.08728027,0
3.29315,3292,813.7916,813.7923,-0.08728027,0
3.29316,3293,813.7916,813.7923,-0.08728027,0
3.29442,3294,813.7916,813.7923,-0.08728027,0
3.29626,3295,813.7916,813.7923,-0.08728027,0
3.29630,3296,813.7916,813.7923,-0.08728027,0
3.29752,3297,813.7916,813.7923,-0.08728027,0
3.29757,3298,813.7916,813.7923,-0.08728027,0
3.29939,3299,813.7916,813.7923,-0.08728027,0
3.30117,3300,813.7916,813.7923,-0.08728027,0
