t,n,A,B,C,D
0.00211,0,815.989258,815.989441,-0.0238037109,0
0.00266,1,815.989258,815.989441,-0.0238037109,0
0.00460,2,815.989258,815.989441,-0.0238037109,0
0.00463,3,815.989258,815.989441,-0.0238037109,0
0.00571,4,815.989258,815.989441,-0.0238037109,0
0.00574,5,815.989258,815.989441,-0.0238037109,0
0.00754,6,815.989258,815.989441,-0.0238037109,0
0.00942,7,815.989258,815.989441,-0.0238037109,0
0.00945,8,815.989258,815.989441,-0.0238037109,0
0.01061,9,815.989258,815.989441,-0.0238037109,0
0.01249,10,815.989258,815.989441,-0.0238037109,0
0.01252,11,815.989258,815.989441,-0.0238037109,0
0.01373,12,815.989258,815.989441,-0.0238037109,0
0.01378,13,815.989258,815.989441,-0.0238037109,0
0.01554,14,815.989258,815.989441,-0.0238037109,0
0.01737,15,815.989258,815.989441,-0.0238037109,0
0.01739,16,815.989258,815.989441,-0.0238037109,0
0.01867,17,815.989258,815.989441,-0.0238037109,0
0.02049,18,815.989258,815.989441,-0.0238037109,0
0.02053,19,815.989258,815.989441,-0.0238037109,0
0.02176,20,815.989258,815.989441,-0.0238037109,0
0.02181,21,815.989258,815.989441,-0.0238037109,0
0.02355,22,815.989258,815.989441,-0.0238037109,0
0.02536,23,815.989258,815.989441,-0.0238037109,0
0.02537,24,815.989258,815.989441,-0.0238037109,0
0.02661,25,815.989258,815.989441,-0.0238037109,0
0.02847,26,815.989258,815.989441,-0.0238037109,0
0.02851,27,815.989258,815.989441,-0.0238037109,0
0.02971,28,815.989258,815.989441,-0.0238037109,0
0.02973,29,815.989258,815.989441,-0.0238037109,0
0.03155,30,815.989258,815.989441,-0.0238037109,0
0.03337,31,815.989258,815.989441,-0.0238037109,0
0.03339,32,815.989258,815.989441,-0.0238037109,0
0.03509,33,815.989258,815.989441,-0.0238037109,0
0.03648,34,815.989258,815.989441,-0.0238037109,0
0.03650,35,815.989258,815.989441,-0.0238037109,0
0.03774,36,815.989258,815.989441,-0.0238037109,0
0.03777,37,815.989258,815.989441,-0.0238037109,0
0.03954,38,815.989258,815.989441,-0.0238037109,0
0.04136,39,815.989258,815.989441,-0.0238037109,0
0.04138,40,815.989258,815.989441,-0.0238037109,0
0.04265,41,815.989258,815.989441,-0.0238037109,0
0.04444,42,815.989258,815.989441,-0.0238037109,0
0.04445,43,815.989258,815.989441,-0.0238037109,0
0.04572,44,815.989258,815.989441,-0.0238037109,0
0.04575,45,815.989258,815.989441,-0.0238037109,0
0.04756,46,815.989258,815.989441,-0.0238037109,0
0.04937,47,815.989258,815.989441,-0.0238037109,0
0.04939,48,815.989258,815.989441,-0.0238037109,0
0.05061,49,815.989258,815.989441,-0.0238037109,0
0.05246,50,815.989258,815.989441,-0.0238037109,0
0.05247,51,815.989258,815.989441,-0.0238037109,0
0.05375,52,815.989258,815.989441,-0.0238037109,0
0.05378,53,815.989258,815.989441,-0.0238037109,0
0.05554,54,815.989258,815.989441,-0.0238037109,0
0.05739,55,815.989258,815.989441,-0.0238037109,0
0.05741,56,815.989258,815.989441,-0.0238037109,0
0.05861,57,815.989258,815.989441,-0.0238037109,0
0.06046,58,815.989258,815.989441,-0.0238037109,0
0.06048,59,815.989258,815.989441,-0.0238037109,0
0.06171,60,815.989258,815.989441,-0.0238037109,0
0.06174,61,815.989258,815.989441,-0.0238037109,0
0.06355,62,815.989258,815.989441,-0.0238037109,0
0.06538,63,815.989258,815.989441,-0.0238037109,0
0.06542,64,815.989258,815.9894,0.0268554688,-0.0163597353
0.06663,65,815.989258,815.9894,-0.01586914,-0.0163597353
0.06845,66,815.989258,815.9894,-0.01586914,-0.0272662267
0.06847,67,815.989258,815.9894,-0.01586914,-0.0272662267
0.06973,68,815.989258,815.989258,0.08544922,-0.0163597353
0.06975,69,815.989258,815.9894,-0.101318359,-0.0163597353
0.07154,70,815.989258,815.9894,-0.01586914,-0.0163597353
0.07336,71,815.989258,815.9894,-0.01586914,0
0.07339,72,815.989258,815.9894,-0.01586914,0
0.07461,73,815.989258,815.9894,-0.01586914,0
0.07645,74,815.989258,815.989441,-0.06652832,0
0.07647,75,815.989258,815.989441,-0.0238037109,0
0.07770,76,815.989258,815.989441,-0.0238037109,0
0.07771,77,815.989258,815.989441,-0.0238037109,0
0.07954,78,815.989258,815.989441,-0.0238037109,0
0.08139,79,815.989258,815.989441,-0.0238037109,0
0.08141,80,815.989258,815.989441,-0.0238037109,0
0.08262,81,815.989258,815.989441,-0.0238037109,0
0.08446,82,815.989258,815.989441,-0.0238037109,0
0.08447,83,815.989258,815.9894,0.0268554688,-0.0163597353
0.08570,84,815.989258,815.9894,-0.01586914,-0.0163597353
0.08571,85,815.989258,815.9894,-0.01586914,-0.0163597353
0.08757,86,815.989258,815.9894,-0.01586914,-0.0163597353
0.08938,87,815.989258,815.9894,-0.01586914,0
0.08940,88,815.989258,815.9894,-0.01586914,0
0.09061,89,815.989258,815.9894,-0.01586914,0
0.09246,90,815.989258,815.9894,-0.01586914,0
0.09248,91,815.989258,815.9894,-0.01586914,0
0.09370,92,815.989258,815.9894,-0.01586914,0
0.09371,93,815.989258,815.9894,-0.01586914,0
0.09555,94,815.989258,815.9894,-0.01586914,0
0.09736,95,815.989258,815.9894,-0.01586914,0
0.09739,96,815.989258,815.9894,-0.01586914,0
0.09864,97,815.989258,815.9894,-0.01586914,0
0.10048,98,815.989258,815.9894,-0.01586914,0
0.10051,99,815.989258,815.9894,-0.01586914,0
0.10185,100,815.989258,815.9894,-0.01586914,0
0.10187,101,815.989258,815.9894,-0.01586914,0
0.10362,102,815.989258,815.9894,-0.01586914,0
0.10541,103,815.989258,815.9894,-0.01586914,0
0.10545,104,815.989258,815.9894,-0.01586914,0
0.10662,105,815.989258,815.9894,-0.01586914,0
0.10845,106,815.989258,815.9894,-0.01586914,0
0.10848,107,815.989258,815.9894,-0.01586914,0
0.10972,108,815.989258,815.9894,-0.01586914,0
0.10975,109,815.989258,815.9894,-0.01586914,0
0.11158,110,815.989258,815.9894,-0.01586914,0
0.11340,111,815.989258,815.9894,-0.01586914,0
0.11343,112,815.989258,815.9894,-0.01586914,0
0.11462,113,815.989258,815.9894,-0.01586914,0
0.11646,114,815.989258,815.9894,-0.01586914,0
0.11648,115,815.989258,815.9894,-0.01586914,0
0.11770,116,815.989258,815.9894,-0.01586914,0
0.11771,117,815.989258,815.9894,-0.01586914,0
0.11955,118,815.989258,815.9894,-0.01586914,0
0.12140,119,815.989258,815.9894,-0.01586914,0
0.12143,120,815.989258,815.9894,-0.01586914,0
0.12263,121,815.989258,815.9894,-0.01586914,0
0.12447,122,815.989258,815.9894,-0.01586914,0
0.12451,123,815.989258,815.9894,-0.01586914,0
0.12571,124,815.989258,815.9894,-0.01586914,0
0.12573,125,815.989258,815.9894,-0.01586914,0
0.12755,126,815.989258,815.9894,-0.01586914,0
0.12941,127,815.989258,815.9894,-0.01586914,0
0.12943,128,815.989258,815.9894,-0.01586914,0
0.13061,129,815.989258,815.9894,-0.01586914,0
0.13250,130,815.989258,815.9894,-0.01586914,0
0.13252,131,815.989258,815.9894,-0.01586914,0
0.13371,132,815.989258,815.9894,-0.01586914,0
0.13373,133,815.989258,815.9894,-0.01586914,0
0.13556,134,815.989258,815.9894,-0.01586914,0
0.13741,135,815.989258,815.9894,-0.01586914,0
0.13743,136,815.989258,815.9894,-0.01586914,0
0.13863,137,815.989258,815.9894,-0.01586914,0
0.14047,138,815.989258,815.9894,-0.01586914,0
0.14050,139,815.989258,815.9894,-0.01586914,0
0.14170,140,815.989258,815.9894,-0.01586914,0
0.14172,141,815.989258,815.9894,-0.01586914,0
0.14354,142,815.989258,815.9894,-0.01586914,0
0.14541,143,815.989258,815.9894,-0.01586914,0
0.14544,144,815.989258,815.9894,-0.01586914,0
0.14662,145,815.989258,815.9894,-0.01586914,0
0.14848,146,815.989258,815.9894,-0.01586914,0
0.14850,147,815.989258,815.9894,-0.01586914,0
0.14970,148,815.989258,815.9894,-0.01586914,0
0.14972,149,815.989258,815.9894,-0.01586914,0
0.15167,150,815.989258,815.9894,-0.01586914,0
0.15336,151,815.989258,815.9894,-0.01586914,0
0.15338,152,815.989258,815.9894,-0.01586914,0
0.15463,153,815.989258,815.9894,-0.01586914,0
0.15646,154,815.989258,815.9894,-0.01586914,0
0.15650,155,815.989258,815.9894,-0.01586914,0
0.15772,156,815.989258,815.9894,-0.01586914,0
0.15774,157,815.989258,815.9894,-0.01586914,0
0.15959,158,815.989258,815.9894,-0.01586914,0
0.16139,159,815.989258,815.9894,-0.01586914,0
0.16142,160,815.989258,815.9894,-0.01586914,0
0.16264,161,815.989258,815.9894,-0.01586914,0
0.16449,162,815.989258,815.9894,-0.01586914,0
0.16454,163,815.989258,815.9894,-0.01586914,0
0.16570,164,815.989258,815.9894,-0.01586914,0
0.16571,165,815.989258,815.9894,-0.01586914,0
0.16755,166,815.989258,815.9894,-0.01586914,0
0.16938,167,815.989258,815.9894,-0.01586914,0
0.16940,168,815.989258,815.9894,-0.01586914,0
0.17063,169,815.989258,815.9894,-0.01586914,0
0.17246,170,815.989258,815.9894,-0.01586914,0
0.17249,171,815.989258,815.9894,-0.01586914,0
0.17372,172,815.989258,815.9894,-0.01586914,0
0.17374,173,815.989258,815.9894,-0.01586914,0
0.17557,174,815.989258,815.9894,-0.01586914,0
0.17738,175,815.989258,815.9894,-0.01586914,0
0.17742,176,815.989258,815.9894,-0.01586914,0
0.17861,177,815.989258,815.9894,-0.01586914,0
0.18046,178,815.989258,815.9894,-0.01586914,0
0.18049,179,815.989258,815.9894,-0.01586914,0
0.18170,180,815.989258,815.9894,-0.01586914,0
0.18173,181,815.989258,815.9894,-0.01586914,0
0.18355,182,815.989258,815.9894,-0.01586914,0
0.18542,183,815.989258,815.9894,-0.01586914,0
0.18546,184,815.989258,815.9894,-0.01586914,0
0.18663,185,815.989258,815.9894,-0.01586914,0
0.18853,186,815.989258,815.9894,-0.01586914,0
0.18858,187,815.989258,815.9894,-0.01586914,0
0.18972,188,815.989258,815.9894,-0.01586914,0
0.18973,189,815.989258,815.9894,-0.01586914,0
0.19159,190,815.989258,815.9894,-0.01586914,0
0.19340,191,815.989258,815.9894,-0.01586914,0
0.19344,192,815.989258,815.9894,-0.01586914,0
0.19462,193,815.989258,815.9894,-0.01586914,0
0.19648,194,815.989258,815.9894,-0.01586914,0
0.19650,195,815.989258,815.9894,-0.01586914,0
0.19770,196,815.989258,815.9894,-0.01586914,0
0.19772,197,815.989258,815.9894,-0.01586914,0
0.19956,198,815.989258,815.9894,-0.01586914,0
0.20181,199,815.989258,815.9894,-0.01586914,0
0.20186,200,815.989258,815.9894,-0.01586914,0
0.20264,201,815.989258,815.9894,-0.01586914,0
0.20447,202,815.989258,815.9894,-0.01586914,0
0.20450,203,815.989258,815.9894,-0.01586914,0
0.20572,204,815.989258,815.9894,-0.01586914,0
0.20575,205,815.989258,815.9894,-0.01586914,0
0.20755,206,815.989258,815.9894,-0.01586914,0
0.20938,207,815.989258,815.9894,-0.01586914,0
0.20942,208,815.989258,815.9894,-0.01586914,0
0.21063,209,815.989258,815.9894,-0.01586914,0
0.21246,210,815.989258,815.9894,-0.01586914,0
0.21250,211,815.989258,815.9894,-0.01586914,0
0.21371,212,815.989258,815.9894,-0.01586914,0
0.21372,213,815.989258,815.9894,-0.01586914,0
0.21555,214,815.989258,815.9894,-0.01586914,0
0.21737,215,815.989258,815.9894,-0.01586914,0
0.21740,216,815.989258,815.9894,-0.01586914,0
0.21865,217,815.989258,815.9894,-0.01586914,0
0.22053,218,815.989258,815.9894,-0.01586914,0
0.22055,219,815.989258,815.9894,-0.01586914,0
0.22171,220,815.989258,815.9894,-0.01586914,0
0.22173,221,815.989258,815.9894,-0.01586914,0
0.22357,222,815.989258,815.9894,-0.01586914,0
0.22540,223,815.989258,815.9894,-0.01586914,0
0.22543,224,815.989258,815.9894,-0.01586914,0
0.22662,225,815.989258,815.9894,-0.01586914,0
0.22849,226,815.989258,815.9894,-0.01586914,0
0.22853,227,815.989258,815.9894,-0.01586914,0
0.22971,228,815.989258,815.9894,-0.01586914,0
0.22972,229,815.989258,815.9894,-0.01586914,0
0.23157,230,815.989258,815.9894,-0.01586914,0
0.23337,231,815.989258,815.9894,-0.01586914,0
0.23339,232,815.989258,815.9894,-0.01586914,0
0.23485,233,815.989258,815.9894,-0.01586914,0
0.23647,234,815.989258,815.9894,-0.01586914,0
0.23651,235,815.989258,815.9894,-0.01586914,0
0.23772,236,815.989258,815.9894,-0.01586914,0
0.23774,237,815.989258,815.9894,-0.01586914,0
0.23955,238,815.989258,815.9894,-0.01586914,0
0.24141,239,815.989258,815.9894,-0.01586914,0
0.24143,240,815.989258,815.9894,-0.01586914,0
0.24264,241,815.989258,815.9894,-0.01586914,0
0.24447,242,815.989258,815.9894,-0.01586914,0
0.24449,243,815.989258,815.9894,-0.01586914,0
0.24571,244,815.989258,815.9894,-0.01586914,0
0.24572,245,815.989258,815.9894,-0.01586914,0
0.24755,246,815.989258,815.9894,-0.01586914,0
0.24944,247,815.989258,815.9894,-0.01586914,0
0.24947,248,815.989258,815.9894,-0.01586914,0
0.25063,249,815.989258,815.9894,-0.01586914,0
0.25248,250,815.989258,815.9894,-0.01586914,0
0.25251,251,815.989258,815.9894,-0.01586914,0
0.25371,252,815.989258,815.9894,-0.01586914,0
0.25373,253,815.989258,815.9894,-0.01586914,0
0.25558,254,815.989258,815.9894,-0.01586914,0
0.25738,255,815.989258,815.9894,-0.01586914,0
0.25740,256,815.989258,815.9894,-0.01586914,0
0.25862,257,815.989258,815.9894,-0.01586914,0
0.26048,258,815.989258,815.9894,-0.01586914,0
0.26051,259,815.989258,815.9894,-0.01586914,0
0.26171,260,815.989258,815.9894,-0.01586914,0
0.26172,261,815.989258,815.9894,-0.01586914,0
0.26357,262,815.989258,815.9894,-0.01586914,0
0.26537,263,815.989258,815.9894,-0.01586914,0
0.26539,264,815.989258,815.9894,-0.01586914,0
0.26665,265,815.989258,815.9894,-0.01586914,0
0.26853,266,815.989258,815.9894,-0.01586914,0
0.26857,267,815.989258,815.9894,-0.01586914,0
0.26972,268,815.989258,815.9894,-0.01586914,0
0.26974,269,815.989258,815.9894,-0.01586914,0
0.27158,270,815.989258,815.9894,-0.01586914,0
0.27338,271,815.989258,815.9894,-0.01586914,0
0.27341,272,815.989258,815.9894,-0.01586914,0
0.27463,273,815.989258,815.9894,-0.01586914,0
0.27647,274,815.989258,815.9894,-0.01586914,0
0.27650,275,815.989258,815.9894,-0.01586914,0
0.27771,276,815.989258,815.9894,-0.01586914,0
0.27773,277,815.989258,815.9894,-0.01586914,0
0.27957,278,815.989258,815.9894,-0.01586914,0
0.28137,279,815.989258,815.9894,-0.01586914,0
0.28140,280,815.989258,815.9894,-0.01586914,0
0.28262,281,815.989258,815.9894,-0.01586914,0
0.28446,282,815.989258,815.9894,-0.01586914,0
0.28449,283,815.989258,815.9894,-0.01586914,0
0.28574,284,815.989258,815.9894,-0.01586914,0
0.28578,285,815.989258,815.9894,-0.01586914,0
0.28754,286,815.989258,815.9894,-0.01586914,0
0.28940,287,815.989258,815.9894,-0.01586914,0
0.28943,288,815.989258,815.9894,-0.01586914,0
0.29063,289,815.989258,815.9894,-0.01586914,0
0.29248,290,815.989258,815.9894,-0.01586914,0
0.29251,291,815.989258,815.9894,-0.01586914,0
0.29371,292,815.989258,815.9894,-0.01586914,0
0.29373,293,815.989258,815.9894,-0.01586914,0
0.29559,294,815.989258,815.9894,-0.01586914,0
0.29741,295,815.989258,815.9894,-0.01586914,0
0.29743,296,815.989258,815.9894,-0.01586914,0
0.29862,297,815.989258,815.9894,-0.01586914,0
0.30049,298,815.989258,815.9894,-0.01586914,0
0.30065,299,815.989258,815.9894,-0.01586914,0
0.30180,300,815.989258,815.9894,-0.01586914,0
0.30185,301,816.1893,815.9894,25,0
0.30356,302,816.1893,815.9894,25,0
0.30537,303,816.1893,815.989746,25,0.0109064905
0.30540,304,816.1893,815.9906,25,0.179957092
0.30666,305,816.1893,815.9923,24.40857,0.5126051
0.30846,306,816.1893,815.9951,23.2745361,1.07974255
0.30850,307,816.1893,815.999,21.99768,1.92499566
0.30972,308,816.1893,816.0042,20.4260254,2.91748619
0.30973,309,816.1893,816.0104,18.94104,4.046308
0.31155,310,816.1893,816.016541,18.1396484,5.006079
0.31337,311,816.1893,816.0236,16.57837,5.78044033
0.31340,312,816.1893,816.0332,13.5809326,6.729305
0.31468,313,816.1893,816.0418,13.145752,7.61818361
0.31650,314,816.1893,816.051453,11.1657715,8.272573
0.31653,315,816.1893,816.0623,8.898926,9.423208
0.31771,316,816.1893,816.071533,8.85437,9.684963
0.31773,317,816.1893,816.0815,7.04834,9.674058
0.31956,318,816.1893,816.0894,7.426758,9.777669
0.32140,319,816.1893,816.0965,7.104492,8.932416
0.32143,320,816.1893,816.103149,6.53869629,8.098069
0.32263,321,816.1893,816.1084,6.83898926,7.36733437
0.32448,322,816.1893,816.1125,7.11914063,6.12399435
0.32451,323,816.1893,816.115845,7.19543457,5.191489
0.32570,324,816.1893,816.1181,7.67089844,4.29715729
0.32571,325,816.1893,816.1201,7.579956,3.17924213
0.32756,326,816.1893,816.1248,5.08911133,2.26855016
0.32941,327,816.1893,816.127,6.555176,2.19765782
0.32943,328,816.1893,816.1289,6.522827,2.23583055
0.33064,329,816.1893,816.130859,6.22619629,2.16493845
0.33252,330,816.1893,816.133057,5.76965332,2.0722332
0.33254,331,816.1893,816.1356,5.18005371,2.110406
0.33370,332,816.1893,816.138245,4.79614258,2.2576437
0.33372,333,816.1893,816.1405,4.758911,2.38306832
0.33557,334,816.1893,816.142639,4.56665039,2.40488124
0.33739,335,816.1893,816.1449,4.187622,2.32308269
0.33741,336,816.1893,816.147034,3.99536133,2.23583055
0.33863,337,816.1893,816.1488,4.02160645,2.12131238
0.34048,338,816.1893,816.15,4.24743652,1.94680858
0.34050,339,816.1893,816.1508,4.44335938,1.6414268
0.34171,340,816.1893,816.151245,4.644165,1.21607375
0.34172,341,816.1893,816.1514,4.79126,0.807080269
0.34358,342,816.1893,816.15155,4.818115,0.474432319
0.34540,343,816.1893,816.1516,4.85290527,0.261755764
0.34543,344,816.1893,816.1516,4.89563,0.125424653
0.34662,345,816.1893,816.1516,4.89563,0.0545324534
0.34845,346,816.1893,816.151733,4.79431152,0.03271947
0.34849,347,816.1893,816.1519,4.727783,0.06543894
0.34972,348,816.1893,816.152161,4.65332031,0.109064907
0.34975,349,816.1893,816.1525,4.52026367,0.1908636
0.35174,350,816.1893,816.1531,4.32067871,0.272662252
0.35337,351,816.1893,816.1535,4.350586,0.359914184
0.35341,352,816.1893,816.154053,4.19372559,0.430806369
0.35467,353,816.1893,816.154663,4.07165527,0.5016986
0.35657,354,816.1893,816.1553,3.99230957,0.5453245
0.35662,355,816.1893,816.156,3.81164551,0.578044
0.35771,356,816.1893,816.156555,3.8684082,0.599857
0.35775,357,816.1893,816.157166,3.746338,0.6162167
0.35959,358,816.1893,816.157837,3.616333,0.6162167
0.36136,359,816.1893,816.1583,3.68103027,0.599857
0.36138,360,816.1893,816.1589,3.56689453,0.5889505
0.36265,361,816.1893,816.159241,3.647461,0.534418046
0.36447,362,816.1893,816.159546,3.6505127,0.474432319
0.36451,363,816.1893,816.1599,3.56018066,0.408993423
0.36570,364,816.1893,816.1601,3.66455078,0.338101238
0.36572,365,816.1893,816.1604,3.53942871,0.28356877
0.36757,366,816.1893,816.160461,3.70239258,0.23448956
0.36942,367,816.1893,816.1605,3.694458,0.1908636
0.36946,368,816.1893,816.1607,3.585205,0.136331126
0.37065,369,816.1893,816.1607,3.713379,0.09815842
0.37247,370,816.1893,816.1607,3.713379,0.07634544
0.37251,371,816.1893,816.1607,3.713379,0.0545324534
0.37370,372,816.1893,816.1607,3.713379,0.03271947
0.37372,373,816.1893,816.1607,3.713379,0
0.37559,374,816.1893,816.1607,3.713379,0
0.37739,375,816.1893,816.1607,3.713379,-0.0163597353
0.37741,376,816.1893,816.1607,3.713379,-0.0163597353
0.37863,377,816.1893,816.1607,3.713379,-0.0163597353
0.38046,378,816.1893,816.1607,3.713379,-0.0272662267
0.38048,379,816.1893,816.1607,3.713379,-0.0272662267
0.38170,380,816.1893,816.1607,3.713379,-0.0272662267
0.38172,381,816.1893,816.160645,3.764038,-0.0163597353
0.38356,382,816.1893,816.1607,3.6706543,-0.0272662267
0.38537,383,816.1893,816.1607,3.713379,-0.0163597353
0.38541,384,816.1893,816.1607,3.713379,-0.0163597353
0.38672,385,816.1893,816.1607,3.713379,0
0.38852,386,816.1893,816.160767,3.66271973,0.021812981
0.38855,387,816.1893,816.1609,3.604126,0.03271947
0.38970,388,816.1893,816.16095,3.638916,0.0545324534
0.38972,389,816.1893,816.1611,3.58032227,0.07634544
0.39154,390,816.1893,816.1612,3.56445313,0.087251924
0.39338,391,816.1893,816.1614,3.4979248,0.09815842
0.39341,392,816.1893,816.161438,3.57543945,0.09815842
0.39462,393,816.1893,816.1615,3.567505,0.09815842
0.39646,394,816.1893,816.1617,3.458252,0.109064907
0.39649,395,816.1893,816.161743,3.5357666,0.09815842
0.39771,396,816.1893,816.1618,3.527832,0.09815842
0.39773,397,816.1893,816.1619,3.46923828,0.087251924
0.39957,398,816.1893,816.162,3.50402832,0.06543894
0.40179,399,816.1893,816.1619,3.597412,0.0545324534
0.40183,400,816.1893,816.1619,3.5546875,0.03271947
0.40267,401,816.1893,816.1619,3.5546875,0.0109064905
0.40447,402,816.1893,816.162,3.50402832,0
0.40452,403,816.1893,816.1619,3.597412,-0.0163597353
0.40571,404,816.1893,816.1618,3.65600586,-0.0272662267
0.40573,405,816.1893,816.1618,3.57055664,-0.0163597353
0.40764,406,816.1893,816.1618,3.57055664,-0.0272662267
0.40938,407,816.1893,816.1618,3.57055664,-0.0272662267
0.40942,408,816.1893,816.1618,3.57055664,-0.0272662267
0.41062,409,816.1893,816.1618,3.57055664,-0.0272662267
0.41248,410,816.1893,816.1618,3.57055664,-0.0163597353
0.41251,411,816.1893,816.1618,3.57055664,-0.0163597353
0.41370,412,816.1893,816.1618,3.57055664,-0.0163597353
0.41371,413,816.1893,816.1618,3.57055664,0
0.41553,414,816.1893,816.1619,3.46923828,0
0.41742,415,816.1893,816.162,3.50402832,0.021812981
0.41744,416,816.1893,816.162,3.546753,0.03271947
0.41868,417,816.1893,816.162048,3.49609375,0.043625962
0.42053,418,816.1893,816.1622,3.4375,0.0545324534
0.42055,419,816.1893,816.162231,3.47229,0.0545324534
0.42173,420,816.1893,816.1623,3.46435547,0.0545324534
0.42175,421,816.1893,816.1625,3.35510254,0.06543894
0.42358,422,816.1893,816.1625,3.48327637,0.07634544
0.42536,423,816.1893,816.1626,3.381958,0.087251924
0.42538,424,816.1893,816.1628,3.31542969,0.09815842
0.42663,425,816.1893,816.1629,3.34228516,0.09815842
0.42848,426,816.1893,816.163,3.326416,0.109064907
0.42852,427,816.1893,816.1632,3.2598877,0.125424653
0.42972,428,816.1893,816.163452,3.1854248,0.136331126
0.42974,429,816.1893,816.1636,3.255005,0.147237629
0.43158,430,816.1893,816.163757,3.18847656,0.136331126
0.43336,431,816.1893,816.1639,3.215332,0.147237629
0.43338,432,816.1893,816.164063,3.14880371,0.147237629
0.43479,433,816.1893,816.164246,3.125,0.136331126
0.43649,434,816.1893,816.1643,3.20251465,0.136331126
0.43652,435,816.1893,816.1643,3.24523926,0.09815842
0.43774,436,816.1893,816.1643,3.24523926,0.07634544
0.43778,437,816.1893,816.1643,3.24523926,0.043625962
0.43959,438,816.1893,816.164246,3.29589844,0.0109064905
0.44137,439,816.1893,816.164246,3.25317383,-0.0163597353
0.44140,440,816.1893,816.1641,3.35449219,-0.04907921
0.44263,441,816.1893,816.164063,3.31970215,-0.0599856973
0.44444,442,816.1893,816.164063,3.27697754,-0.07089219
0.44445,443,816.1893,816.164063,3.27697754,-0.07089219
0.44570,444,816.1893,816.164063,3.27697754,-0.03817272
0.44572,445,816.1893,816.1639,3.428955,-0.04907921
0.44756,446,816.1893,816.1639,3.30078125,-0.0272662267
0.44935,447,816.1893,816.1639,3.30078125,-0.0272662267
0.44937,448,816.1893,816.1639,3.30078125,-0.0272662267
0.45063,449,816.1893,816.164,3.199463,-0.0163597353
0.45246,450,816.1893,816.164063,3.234253,0.0109064905
0.45249,451,816.1893,816.164063,3.27697754,0.03271947
0.45372,452,816.1893,816.164246,3.125,0.03271947
0.45374,453,816.1893,816.164246,3.25317383,0.043625962
0.45558,454,816.1893,816.164246,3.25317383,0.0545324534
0.45737,455,816.1893,816.1643,3.20251465,0.043625962
0.45739,456,816.1893,816.1644,3.143921,0.043625962
0.45864,457,816.1893,816.1644,3.22937,0.03271947
0.46046,458,816.1893,816.1644,3.22937,0.03271947
0.46047,459,816.1893,816.1644,3.22937,0.021812981
0.46170,460,816.1893,816.1644,3.22937,0.0109064905
0.46172,461,816.1893,816.1644,3.22937,0.0109064905
0.46356,462,816.1893,816.1644,3.22937,0
0.46536,463,816.1893,816.1644,3.22937,-0.0163597353
0.46538,464,816.1893,816.1644,3.22937,-0.0272662267
0.46663,465,816.1893,816.1644,3.22937,-0.0272662267
0.46846,466,816.1893,816.1644,3.22937,-0.0163597353
0.46850,467,816.1893,816.1644,3.22937,-0.0163597353
0.46971,468,816.1893,816.1644,3.22937,0
0.46972,469,816.1893,816.1644,3.22937,0
0.47163,470,816.1893,816.1644,3.22937,0
0.47336,471,816.1893,816.1644,3.22937,0
0.47338,472,816.1893,816.1644,3.22937,0.0109064905
0.47466,473,816.1893,816.1644,3.22937,0.021812981
0.47644,474,816.1893,816.164551,3.12805176,0.03271947
0.47645,475,816.1893,816.164551,3.213501,0.03271947
0.47770,476,816.1893,816.1646,3.1628418,0.03271947
0.47774,477,816.1893,816.164734,3.104248,0.03271947
0.47957,478,816.1893,816.164734,3.18969727,0.03271947
0.48137,479,816.1893,816.164734,3.18969727,0.03271947
0.48139,480,816.1893,816.164734,3.18969727,0.03271947
0.48266,481,816.1893,816.1648,3.139038,0.03271947
0.48446,482,816.1893,816.1648,3.1817627,0.03271947
0.48448,483,816.1893,816.1648,3.1817627,0.021812981
0.48575,484,816.1893,816.1648,3.1817627,0.0109064905
0.48578,485,816.1893,816.1648,3.1817627,0
0.48756,486,816.1893,816.1648,3.1817627,0
0.48936,487,816.1893,816.1648,3.1817627,-0.0163597353
0.48938,488,816.1893,816.1648,3.1817627,0
0.49065,489,816.1893,816.1648,3.1817627,-0.0163597353
0.49246,490,816.1893,816.1648,3.1817627,0
0.49247,491,816.1893,816.1648,3.1817627,-0.0163597353
0.49370,492,816.1893,816.1648,3.1817627,-0.0163597353
0.49372,493,816.1893,816.1648,3.1817627,-0.0163597353
0.49553,494,816.1893,816.1648,3.1817627,-0.0163597353
0.49737,495,816.1893,816.164856,3.13110352,0
0.49738,496,816.1893,816.164856,3.17382813,0
0.49865,497,816.1893,816.164856,3.17382813,0.0109064905
0.50045,498,816.1893,816.164856,3.17382813,0.0109064905
0.50047,499,816.1893,816.165039,3.02185059,0.03271947
0.50182,500,816.1893,816.165039,3.15002441,0.03271947
0.50184,501,816.1893,816.1651,3.09936523,0.043625962
0.50353,502,816.1893,816.165161,3.09143066,0.0545324534
0.50535,503,816.1893,816.165161,3.13415527,0.043625962
0.50537,504,816.1893,816.165161,3.13415527,0.043625962
0.50665,505,816.1893,816.1653,3.032837,0.043625962
0.50845,506,816.1893,816.165344,3.067627,0.043625962
0.50846,507,816.1893,816.165344,3.11035156,0.043625962
0.50970,508,816.1893,816.1654,3.05969238,0.043625962
0.50971,509,816.1893,816.1654,3.102417,0.043625962
0.51155,510,816.1893,816.1655,3.00109863,0.03271947
0.51336,511,816.1893,816.1655,3.08654785,0.03271947
0.51337,512,816.1893,816.1655,3.08654785,0.021812981
0.51465,513,816.1893,816.1655,3.08654785,0.0109064905
0.51645,514,816.1893,816.1655,3.08654785,0
0.51647,515,816.1893,816.1655,3.08654785,-0.0163597353
0.51775,516,816.1893,816.1655,3.08654785,0
0.51778,517,816.1893,816.1655,3.08654785,-0.0163597353
0.51953,518,816.1893,816.1655,3.08654785,0
0.52139,519,816.1893,816.1655,3.08654785,0
0.52141,520,816.1893,816.1655,3.08654785,0
0.52267,521,816.1893,816.1655,3.08654785,0
0.52444,522,816.1893,816.1655,3.08654785,0.0109064905
0.52445,523,816.1893,816.1655,3.08654785,0.0109064905
0.52572,524,816.1893,816.1655,3.08654785,0.0109064905
0.52574,525,816.1893,816.165649,2.98522949,0.0109064905
0.52754,526,816.1893,816.165833,2.91870117,0.043625962
0.52936,527,816.1893,816.165833,3.046875,0.0545324534
0.52938,528,816.1893,816.165955,2.94555664,0.06543894
0.53064,529,816.1893,816.165955,3.03100586,0.06543894
0.53245,530,816.1893,816.1661,2.9296875,0.06543894
0.53247,531,816.1893,816.166138,2.96447754,0.07634544
0.53373,532,816.1893,816.16626,2.90588379,0.07634544
0.53375,533,816.1893,816.1664,2.89001465,0.07634544
0.53556,534,816.1893,816.1665,2.87414551,0.087251924
0.53738,535,816.1893,816.1666,2.85827637,0.09815842
0.53741,536,816.1893,816.1667,2.89306641,0.09815842
0.53862,537,816.1893,816.1668,2.83447266,0.09815842
0.54047,538,816.1893,816.166931,2.81860352,0.09815842
0.54051,539,816.1893,816.1671,2.7520752,0.109064907
0.54171,540,816.1893,816.167236,2.77893066,0.125424653
0.54174,541,816.1893,816.1674,2.71240234,0.136331126
0.54354,542,816.1893,816.1676,2.68859863,0.147237629
0.54539,543,816.1893,816.1678,2.664795,0.136331126
0.54541,544,816.1893,816.1678,2.79296875,0.136331126
0.54664,545,816.1893,816.1679,2.69165039,0.125424653
0.54851,546,816.1893,816.1681,2.625122,0.125424653
0.54853,547,816.1893,816.168152,2.70263672,0.125424653
0.54973,548,816.1893,816.1682,2.69470215,0.09815842
0.54976,549,816.1893,816.1682,2.73742676,0.07634544
0.55160,550,816.1893,816.168152,2.788086,0.043625962
0.55339,551,816.1893,816.1681,2.79602051,0
0.55341,552,816.1893,816.1681,2.753296,-0.0272662267
0.55464,553,816.1893,816.167969,2.85461426,-0.04907921
0.55645,554,816.1893,816.167969,2.769165,-0.0599856973
0.55647,555,816.1893,816.1679,2.81982422,-0.0599856973
0.55775,556,816.1893,816.1679,2.77709961,-0.04907921
0.55778,557,816.1893,816.1679,2.77709961,-0.04907921
0.55955,558,816.1893,816.1679,2.77709961,-0.0272662267
0.56138,559,816.1893,816.1679,2.77709961,-0.0163597353
0.56140,560,816.1893,816.1679,2.77709961,-0.0163597353
0.56263,561,816.1893,816.1679,2.77709961,0
0.56445,562,816.1893,816.167969,2.72644043,0
0.56446,563,816.1893,816.1681,2.66784668,0.021812981
0.56570,564,816.1893,816.1681,2.753296,0.03271947
0.56571,565,816.1893,816.168152,2.70263672,0.043625962
0.56753,566,816.1893,816.1682,2.69470215,0.0545324534
0.56939,567,816.1893,816.1682,2.73742676,0.043625962
0.56943,568,816.1893,816.168335,2.6361084,0.03271947
0.57065,569,816.1893,816.168335,2.72155762,0.03271947
0.57246,570,816.1893,816.1684,2.67089844,0.03271947
0.57248,571,816.1893,816.1684,2.713623,0.03271947
0.57370,572,816.1893,816.1684,2.713623,0.03271947
0.57372,573,816.1893,816.1684,2.713623,0.021812981
0.57554,574,816.1893,816.1684,2.713623,0.0109064905
0.57740,575,816.1893,816.1684,2.713623,0
0.57742,576,816.1893,816.1684,2.713623,-0.0163597353
0.57866,577,816.1893,816.1684,2.713623,-0.0272662267
0.58045,578,816.1893,816.1684,2.713623,-0.0272662267
0.58047,579,816.1893,816.1684,2.713623,-0.0272662267
0.58170,580,816.1893,816.1684,2.713623,-0.0163597353
0.58173,581,816.1893,816.1684,2.713623,-0.0163597353
0.58353,582,816.1893,816.1684,2.713623,0
0.58541,583,816.1893,816.1684,2.713623,0
0.58545,584,816.1893,816.1684,2.713623,0
0.58665,585,816.1893,816.1684,2.713623,0.0109064905
0.58846,586,816.1893,816.1684,2.713623,0.0109064905
0.58849,587,816.1893,816.168457,2.66296387,0.021812981
0.58971,588,816.1893,816.1685,2.6550293,0.03271947
0.58972,589,816.1893,816.1685,2.697754,0.021812981
0.59156,590,816.1893,816.1685,2.697754,0.03271947
0.59338,591,816.1893,816.1687,2.54577637,0.03271947
0.59340,592,816.1893,816.1687,2.6739502,0.03271947
0.59464,593,816.1893,816.1687,2.6739502,0.043625962
0.59645,594,816.1893,816.168762,2.623291,0.043625962
0.59647,595,816.1893,816.1689,2.56469727,0.03271947
0.59772,596,816.1893,816.1689,2.65014648,0.03271947
0.59774,597,816.1893,816.1689,2.65014648,0.03271947
0.59953,598,816.1893,816.1689,2.65014648,0.021812981
0.60162,599,816.1893,816.1689,2.65014648,0.0109064905
0.60164,600,816.1893,816.1689,2.65014648,0
0.60266,601,816.1893,816.1689,2.65014648,-0.0163597353
0.60446,602,816.1893,816.168762,2.75146484,-0.0272662267
0.60449,603,816.1893,816.168762,2.66601563,-0.0272662267
0.60570,604,816.1893,816.168762,2.66601563,-0.0272662267
0.60572,605,816.1893,816.168762,2.66601563,-0.0272662267
0.60754,606,816.1893,816.168762,2.66601563,-0.0272662267
0.60939,607,816.1893,816.168762,2.66601563,-0.0163597353
0.60942,608,816.1893,816.168762,2.66601563,0
0.61066,609,816.1893,816.1689,2.56469727,0
0.61245,610,816.1893,816.1689,2.65014648,0.0109064905
0.61247,611,816.1893,816.168945,2.5994873,0.021812981
0.61370,612,816.1893,816.169,2.59155273,0.043625962
0.61371,613,816.1893,816.169,2.63427734,0.043625962
0.61553,614,816.1893,816.169,2.63427734,0.043625962
0.61740,615,816.1893,816.1692,2.4822998,0.043625962
0.61745,616,816.1893,816.1692,2.61047363,0.043625962
0.61867,617,816.1893,816.1692,2.61047363,0.03271947
0.62047,618,816.1893,816.1692,2.61047363,0.03271947
0.62049,619,816.1893,816.1693,2.50915527,0.03271947
0.62173,620,816.1893,816.1693,2.59460449,0.03271947
0.62176,621,816.1893,816.1693,2.59460449,0.021812981
0.62357,622,816.1893,816.1693,2.59460449,0.0109064905
0.62543,623,816.1893,816.1692,2.69592285,0
0.62547,624,816.1893,816.1692,2.61047363,-0.0272662267
0.62664,625,816.1893,816.1692,2.61047363,-0.0272662267
0.62846,626,816.1893,816.1692,2.61047363,-0.0272662267
0.62848,627,816.1893,816.1692,2.61047363,-0.0272662267
0.62971,628,816.1893,816.1692,2.61047363,-0.0163597353
0.62972,629,816.1893,816.1692,2.61047363,0
0.63153,630,816.1893,816.1693,2.50915527,0
0.63338,631,816.1893,816.1693,2.59460449,0.0109064905
0.63340,632,816.1893,816.1693,2.59460449,0.021812981
0.63481,633,816.1893,816.1693,2.59460449,0.03271947
0.63648,634,816.1893,816.169434,2.49328613,0.03271947
0.63652,635,816.1893,816.1695,2.52807617,0.03271947
0.63771,636,816.1893,816.1695,2.57080078,0.03271947
0.63773,637,816.1893,816.1695,2.57080078,0.03271947
0.63954,638,816.1893,816.1696,2.46948242,0.03271947
0.64138,639,816.1893,816.1696,2.55493164,0.03271947
0.64141,640,816.1893,816.1696,2.55493164,0.03271947
0.64264,641,816.1893,816.1696,2.55493164,0.03271947
0.64448,642,816.1893,816.1696,2.55493164,0.03271947
0.64453,643,816.1893,816.1696,2.55493164,0.021812981
0.64570,644,816.1893,816.1696,2.55493164,0.0109064905
0.64571,645,816.1893,816.1696,2.55493164,0
0.64756,646,816.1893,816.1696,2.55493164,0
0.64943,647,816.1893,816.1696,2.55493164,0
0.64946,648,816.1893,816.1696,2.55493164,0
0.65063,649,816.1893,816.169739,2.45361328,0
0.65250,650,816.1893,816.169739,2.5390625,0
0.65253,651,816.1893,816.169739,2.5390625,0.0109064905
0.65370,652,816.1893,816.169739,2.5390625,0.0109064905
0.65372,653,816.1893,816.1698,2.48840332,0.0109064905
0.65577,654,816.1893,816.1698,2.531128,0.0109064905
0.65740,655,816.1893,816.1698,2.531128,0.0109064905
0.65743,656,816.1893,816.1698,2.531128,0.0109064905
0.65863,657,816.1893,816.1699,2.42980957,0.0109064905
0.66049,658,816.1893,816.17,2.46459961,0.03271947
0.66053,659,816.1893,816.17,2.50732422,0.03271947
0.66171,660,816.1893,816.17,2.50732422,0.043625962
0.66172,661,816.1893,816.170044,2.456665,0.043625962
0.66357,662,816.1893,816.170166,2.39807129,0.03271947
0.66542,663,816.1893,816.170166,2.48352051,0.03271947
0.66544,664,816.1893,816.1702,2.43286133,0.03271947
0.66668,665,816.1893,816.1703,2.42492676,0.03271947
0.66856,666,816.1893,816.1703,2.46765137,0.043625962
0.66860,667,816.1893,816.1703,2.46765137,0.043625962
0.66973,668,816.1893,816.170349,2.41699219,0.043625962
0.66975,669,816.1893,816.1705,2.35839844,0.043625962
0.67157,670,816.1893,816.1705,2.44384766,0.03271947
0.67338,671,816.1893,816.1705,2.44384766,0.021812981
0.67340,672,816.1893,816.1705,2.44384766,0.021812981
0.67464,673,816.1893,816.1705,2.44384766,0.0109064905
0.67650,674,816.1893,816.1705,2.44384766,0.0109064905
0.67653,675,816.1893,816.1705,2.44384766,0.0109064905
0.67772,676,816.1893,816.1705,2.44384766,0
0.67774,677,816.1893,816.170532,2.39318848,0.0109064905
0.67959,678,816.1893,816.1706,2.385254,0.0109064905
0.68138,679,816.1893,816.1706,2.42797852,0.0109064905
0.68142,680,816.1893,816.1706,2.42797852,0.0109064905
0.68262,681,816.1893,816.1707,2.32666016,0.021812981
0.68446,682,816.1893,816.1708,2.3614502,0.03271947
0.68448,683,816.1893,816.1708,2.4041748,0.03271947
0.68571,684,816.1893,816.1709,2.30285645,0.0545324534
0.68574,685,816.1893,816.1709,2.38830566,0.07634544
0.68755,686,816.1893,816.171143,2.185669,0.06543894
0.68937,687,816.1893,816.171265,2.255249,0.087251924
0.68939,688,816.1893,816.1713,2.290039,0.09815842
0.69065,689,816.1893,816.171448,2.23144531,0.09815842
0.69248,690,816.1893,816.171753,2.06359863,0.125424653
0.69251,691,816.1893,816.1719,2.17590332,0.136331126
0.69370,692,816.1893,816.172058,2.109375,0.147237629
0.69371,693,816.1893,816.172241,2.08557129,0.158144116
0.69558,694,816.1893,816.172363,2.11242676,0.158144116
0.69737,695,816.1893,816.172546,2.04589844,0.169050619
0.69741,696,816.1893,816.172668,2.072754,0.169050619
0.69863,697,816.1893,816.172852,2.00622559,0.169050619
0.70046,698,816.1893,816.173,2.033081,0.158144116
0.70049,699,816.1893,816.173,2.11853027,0.136331126
0.70177,700,816.1893,816.173,2.11853027,0.109064907
0.70179,701,816.1893,816.173,2.11853027,0.06543894
0.70362,702,816.1893,816.173,2.11853027,0.021812981
0.70549,703,816.1893,816.172852,2.21984863,-0.0272662267
0.70556,704,816.1893,816.1728,2.18505859,-0.07089219
0.70665,705,816.1893,816.172668,2.24365234,-0.08179868
0.70849,706,816.1893,816.172546,2.25952148,-0.09270517
0.70852,707,816.1893,816.1724,2.27539063,-0.103611663
0.70971,708,816.1893,816.172363,2.24060059,-0.103611663
0.70974,709,816.1893,816.172363,2.197876,-0.09270517
0.71159,710,816.1893,816.172363,2.197876,-0.07089219
0.71339,711,816.1893,816.1723,2.24853516,-0.0599856973
0.71342,712,816.1893,816.1723,2.20581055,-0.03817272
0.71463,713,816.1893,816.172363,2.15515137,-0.03817272
0.71646,714,816.1893,816.172363,2.197876,-0.0163597353
0.71649,715,816.1893,816.172546,2.04589844,0.0109064905
0.71770,716,816.1893,816.172546,2.17407227,0.043625962
0.71772,717,816.1893,816.1726,2.123413,0.06543894
0.71957,718,816.1893,816.172668,2.11547852,0.06543894
0.72142,719,816.1893,816.172668,2.15820313,0.06543894
0.72144,720,816.1893,816.1728,2.05688477,0.0545324534
0.72262,721,816.1893,816.172852,2.0916748,0.043625962
0.72448,722,816.1893,816.172852,2.13439941,0.043625962
0.72451,723,816.1893,816.172852,2.13439941,0.03271947
0.72570,724,816.1893,816.173,2.033081,0.03271947
0.72572,725,816.1893,816.173,2.11853027,0.03271947
0.72757,726,816.1893,816.173,2.11853027,0.0109064905
0.72941,727,816.1893,816.172852,2.21984863,0
0.72944,728,816.1893,816.172852,2.13439941,-0.03817272
0.73063,729,816.1893,816.172852,2.13439941,-0.0272662267
0.73250,730,816.1893,816.172852,2.13439941,-0.03817272
0.73253,731,816.1893,816.1728,2.18505859,-0.0272662267
0.73371,732,816.1893,816.1728,2.142334,-0.0272662267
0.73372,733,816.1893,816.1728,2.142334,-0.0272662267
0.73555,734,816.1893,816.1728,2.142334,-0.0272662267
0.73739,735,816.1893,816.1728,2.142334,-0.0163597353
0.73742,736,816.1893,816.172852,2.0916748,0
0.73865,737,816.1893,816.172852,2.13439941,0
0.74048,738,816.1893,816.172852,2.13439941,0
0.74052,739,816.1893,816.172852,2.13439941,0.0109064905
0.74170,740,816.1893,816.172852,2.13439941,0.0109064905
0.74172,741,816.1893,816.172852,2.13439941,0.0109064905
0.74355,742,816.1893,816.172852,2.13439941,0.0109064905
0.74537,743,816.1893,816.172852,2.13439941,0.0109064905
0.74540,744,816.1893,816.173,2.033081,0
0.74663,745,816.1893,816.173,2.11853027,0.0109064905
0.74847,746,816.1893,816.173,2.11853027,0.0109064905
0.74849,747,816.1893,816.173,2.11853027,0.0109064905
0.74974,748,816.1893,816.173,2.11853027,0.0109064905
0.74975,749,816.1893,816.173,2.11853027,0.0109064905
0.75173,750,816.1893,816.173,2.11853027,0.0109064905
0.75337,751,816.1893,816.173,2.11853027,0.021812981
0.75338,752,816.1893,816.1731,2.017212,0.021812981
0.75466,753,816.1893,816.173157,2.052002,0.021812981
0.75648,754,816.1893,816.173157,2.09472656,0.021812981
0.75653,755,816.1893,816.173157,2.09472656,0.021812981
0.75772,756,816.1893,816.173157,2.09472656,0.021812981
0.75774,757,816.1893,816.173157,2.09472656,0.021812981
0.75958,758,816.1893,816.173157,2.09472656,0.0109064905
0.76143,759,816.1893,816.173157,2.09472656,0.0109064905
0.76146,760,816.1893,816.173157,2.09472656,0
0.76266,761,816.1893,816.173157,2.09472656,-0.0163597353
0.76446,762,816.1893,816.173157,2.09472656,-0.0163597353
0.76449,763,816.1893,816.173157,2.09472656,-0.0163597353
0.76572,764,816.1893,816.173157,2.09472656,-0.0163597353
0.76577,765,816.1893,816.173157,2.09472656,-0.0163597353
0.76757,766,816.1893,816.173157,2.09472656,0
0.76942,767,816.1893,816.173157,2.09472656,0
0.76946,768,816.1893,816.173157,2.09472656,0
0.77064,769,816.1893,816.173157,2.09472656,0
0.77251,770,816.1893,816.1733,1.9934082,0.0109064905
0.77256,771,816.1893,816.17334,2.02819824,0.0109064905
0.77372,772,816.1893,816.17334,2.07092285,0.021812981
0.77373,773,816.1893,816.1734,2.02026367,0.043625962
0.77557,774,816.1893,816.1734,2.06298828,0.03271947
0.77740,775,816.1893,816.1735,1.96166992,0.03271947
0.77743,776,816.1893,816.1735,2.04711914,0.043625962
0.77863,777,816.1893,816.1735,2.04711914,0.03271947
0.78048,778,816.1893,816.1736,1.99646,0.03271947
0.78050,779,816.1893,816.1736,2.03918457,0.03271947
0.78172,780,816.1893,816.1736,2.03918457,0.0109064905
0.78174,781,816.1893,816.1736,2.03918457,0
0.78355,782,816.1893,816.1736,2.03918457,-0.0163597353
0.78541,783,816.1893,816.1736,2.03918457,-0.0163597353
0.78546,784,816.1893,816.1736,2.03918457,-0.0163597353
0.78665,785,816.1893,816.1736,2.03918457,-0.0163597353
0.78851,786,816.1893,816.1736,2.03918457,0
0.78853,787,816.1893,816.1736,2.03918457,-0.0163597353
0.78971,788,816.1893,816.1736,2.03918457,-0.0163597353
0.78973,789,816.1893,816.1736,2.03918457,-0.0163597353
0.79158,790,816.1893,816.1736,2.03918457,-0.0163597353
0.79338,791,816.1893,816.1736,2.03918457,0
0.79341,792,816.1893,816.1736,2.03918457,0
0.79463,793,816.1893,816.173645,1.98852539,0
0.79647,794,816.1893,816.173645,2.03125,0.0109064905
0.79649,795,816.1893,816.173645,2.03125,0.0109064905
0.79771,796,816.1893,816.1737,1.98059082,0.021812981
0.79773,797,816.1893,816.1738,1.92199707,0.03271947
0.79957,798,816.1893,816.1738,2.00744629,0.021812981
0.80176,799,816.1893,816.1738,2.00744629,0.03271947
0.80184,800,816.1893,816.1738,2.00744629,0.021812981
0.80265,801,816.1893,816.1739,1.95678711,0.021812981
0.80447,802,816.1893,816.1739,1.99951172,0.021812981
0.80451,803,816.1893,816.17395,1.94885254,0.021812981
0.80572,804,816.1893,816.17395,1.99157715,0.03271947
0.80573,805,816.1893,816.17395,1.99157715,0.03271947
0.80757,806,816.1893,816.1741,1.89025879,0.03271947
0.80941,807,816.1893,816.1741,1.975708,0.03271947
0.80943,808,816.1893,816.174133,1.92504883,0.021812981
0.81063,809,816.1893,816.174133,1.96777344,0.021812981
0.81247,810,816.1893,816.174133,1.96777344,0.0109064905
0.81251,811,816.1893,816.174133,1.96777344,0.0109064905
0.81372,812,816.1893,816.174133,1.96777344,0.0109064905
0.81373,813,816.1893,816.174133,1.96777344,0
0.81557,814,816.1893,816.174133,1.96777344,-0.0163597353
0.81740,815,816.1893,816.174133,1.96777344,0
0.81742,816,816.1893,816.174133,1.96777344,-0.0163597353
0.81866,817,816.1893,816.174133,1.96777344,-0.0163597353
0.82052,818,816.1893,816.174133,1.96777344,-0.0163597353
0.82056,819,816.1893,816.174133,1.96777344,-0.0163597353
0.82171,820,816.1893,816.174133,1.96777344,-0.0163597353
0.82173,821,816.1893,816.174133,1.96777344,-0.0163597353
0.82358,822,816.1893,816.174133,1.96777344,0
0.82539,823,816.1893,816.174133,1.96777344,0
0.82541,824,816.1893,816.174255,1.86645508,0.0109064905
0.82664,825,816.1893,816.174255,1.9519043,0.03271947
0.82851,826,816.1893,816.1745,1.74926758,0.0545324534
0.82853,827,816.1893,816.1745,1.920166,0.06543894
0.82973,828,816.1893,816.1746,1.81884766,0.07634544
0.82975,829,816.1893,816.1746,1.90429688,0.07634544
0.83156,830,816.1893,816.1748,1.75231934,0.07634544
0.83338,831,816.1893,816.1749,1.7791748,0.087251924
0.83342,832,816.1893,816.1749,1.864624,0.087251924
0.83484,833,816.1893,816.175232,1.61132813,0.109064907
0.83645,834,816.1893,816.1754,1.67297363,0.109064907
0.83648,835,816.1893,816.1755,1.75048828,0.109064907
0.83771,836,816.1893,816.175659,1.64123535,0.125424653
0.83772,837,816.1893,816.1757,1.71875,0.125424653
0.83956,838,816.1893,816.1759,1.60949707,0.125424653
0.84141,839,816.1893,816.176,1.63635254,0.136331126
0.84144,840,816.1893,816.1762,1.56982422,0.147237629
0.84262,841,816.1893,816.176331,1.59667969,0.147237629
0.84448,842,816.1893,816.1765,1.53015137,0.147237629
0.84452,843,816.1893,816.1767,1.50634766,0.147237629
0.84572,844,816.1893,816.1767,1.63452148,0.125424653
0.84573,845,816.1893,816.1767,1.63452148,0.09815842
0.84758,846,816.1893,816.1767,1.63452148,0.07634544
0.84938,847,816.1893,816.1767,1.63452148,0.03271947
0.84942,848,816.1893,816.1767,1.63452148,0
0.85064,849,816.1893,816.1765,1.786499,-0.0163597353
0.85246,850,816.1893,816.1765,1.6583252,-0.04907921
0.85249,851,816.1893,816.1765,1.6583252,-0.0599856973
0.85371,852,816.1893,816.176331,1.81030273,-0.0599856973
0.85372,853,816.1893,816.176331,1.68212891,-0.07089219
0.85555,854,816.1893,816.176331,1.68212891,-0.04907921
0.85739,855,816.1893,816.176331,1.68212891,-0.03817272
0.85741,856,816.1893,816.176331,1.68212891,-0.0272662267
0.85863,857,816.1893,816.176331,1.68212891,-0.0272662267
0.86048,858,816.1893,816.176331,1.68212891,-0.0163597353
0.86050,859,816.1893,816.176331,1.68212891,-1.39603078
0.86170,860,816.1893,816.176331,1.68212891,0
0.86171,861,816.1893,816.1765,1.53015137,0.043625962
0.86359,862,816.1893,816.1767,1.50634766,0.07634544
0.86538,863,816.1893,816.1769,1.482544,0.109064907
0.86540,864,816.1893,816.177,1.50939941,0.158144116
0.86663,865,816.1893,816.1772,1.44287109,0.147237629
0.86850,866,816.1893,816.177246,1.52038574,0.147237629
0.86855,867,816.1893,816.1773,1.51245117,0.125424653
0.86972,868,816.1893,816.1773,1.55517578,0.087251924
0.86973,869,816.1893,816.1773,1.55517578,0.0545324534
0.87155,870,816.1893,816.1773,1.55517578,0.0109064905
0.87339,871,816.1893,816.177246,1.605835,-0.0272662267
0.87343,872,816.1893,816.1772,1.61376953,-0.0599856973
0.87465,873,816.1893,816.177,1.72302246,-0.08179868
0.87645,874,816.1893,816.177,1.59484863,-0.09270517
0.87647,875,816.1893,816.1769,1.696167,-0.09270517
0.87771,876,816.1893,816.1769,1.61071777,-0.09270517
0.87774,877,816.1893,816.1769,1.61071777,-0.07089219
0.87959,878,816.1893,816.176758,1.71203613,-0.0599856973
0.88138,879,816.1893,816.1767,1.67724609,-0.04907921
0.88142,880,816.1893,816.1767,1.63452148,-0.03817272
0.88263,881,816.1893,816.1767,1.63452148,-0.03817272
0.88449,882,816.1893,816.1767,1.63452148,-0.0272662267
0.88452,883,816.1893,816.1767,1.63452148,-0.0163597353
0.88574,884,816.1893,816.1767,1.63452148,0
0.88576,885,816.1893,816.1769,1.482544,0.03271947
0.88759,886,816.1893,816.1769,1.61071777,0.03271947
0.88938,887,816.1893,816.1769,1.61071777,0.03271947
0.88941,888,816.1893,816.176941,1.56005859,0.043625962
0.89064,889,816.1893,816.176941,1.6027832,0.021812981
0.89248,890,816.1893,816.177,1.552124,0.021812981
0.89250,891,816.1893,816.177,1.59484863,0.021812981
0.89371,892,816.1893,816.177,1.59484863,0.021812981
0.89372,893,816.1893,816.177,1.59484863,0.021812981
0.89557,894,816.1893,816.177,1.59484863,0.0109064905
0.89736,895,816.1893,816.177,1.59484863,0
0.89738,896,816.1893,816.177,1.59484863,0
0.89865,897,816.1893,816.177,1.59484863,0
0.90050,898,816.1893,816.177,1.59484863,-0.0163597353
0.90052,899,816.1893,816.177,1.59484863,0
0.90181,900,816.1893,816.177,1.59484863,-0.0163597353
0.90183,901,816.1893,816.177,1.59484863,-0.0163597353
0.90359,902,816.1893,816.177,1.59484863,0
0.90539,903,816.1893,816.177,1.59484863,0
0.90542,904,816.1893,816.177,1.59484863,0
0.90667,905,816.1893,816.177,1.59484863,0
0.90848,906,816.1893,816.177,1.59484863,0
0.90851,907,816.1893,816.177,1.59484863,0
0.90970,908,816.1893,816.177,1.59484863,0
0.90972,909,816.1893,816.177,1.59484863,0
0.91156,910,816.1893,816.177,1.59484863,0
0.91340,911,816.1893,816.177,1.59484863,0
0.91344,912,816.1893,816.177,1.59484863,0
0.91463,913,816.1893,816.177,1.59484863,0
0.91649,914,816.1893,816.177,1.59484863,0
0.91651,915,816.1893,816.177063,1.54418945,0.0109064905
0.91770,916,816.1893,816.177063,1.58691406,0.0109064905
0.91772,917,816.1893,816.1772,1.4855957,0.021812981
0.91956,918,816.1893,816.1772,1.57104492,0.021812981
0.92135,919,816.1893,816.1772,1.57104492,0.021812981
0.92137,920,816.1893,816.1772,1.57104492,0.021812981
0.92265,921,816.1893,816.1772,1.57104492,0.021812981
0.92449,922,816.1893,816.177246,1.52038574,0.021812981
0.92452,923,816.1893,816.1773,1.51245117,0.021812981
0.92570,924,816.1893,816.1773,1.55517578,0.021812981
0.92571,925,816.1893,816.1773,1.55517578,0.021812981
0.92757,926,816.1893,816.1773,1.55517578,0.021812981
0.92936,927,816.1893,816.1773,1.55517578,0.021812981
0.92938,928,816.1893,816.1773,1.55517578,0.0109064905
0.93063,929,816.1893,816.1773,1.55517578,0.0109064905
0.93247,930,816.1893,816.1773,1.55517578,0
0.93251,931,816.1893,816.1774,1.45385742,0.0109064905
0.93371,932,816.1893,816.1773,1.640625,0
0.93372,933,816.1893,816.1773,1.55517578,0
0.93556,934,816.1893,816.1774,1.45385742,0
0.93736,935,816.1893,816.1774,1.53930664,0
0.93738,936,816.1893,816.1774,1.53930664,0
0.93868,937,816.1893,816.1774,1.53930664,0
0.94045,938,816.1893,816.1774,1.53930664,-0.0163597353
0.94050,939,816.1893,816.1774,1.53930664,-0.0163597353
0.94170,940,816.1893,816.1774,1.53930664,0
0.94172,941,816.1893,816.1774,1.53930664,0
0.94356,942,816.1893,816.1774,1.53930664,0
0.94536,943,816.1893,816.1774,1.53930664,0
0.94537,944,816.1893,816.1774,1.53930664,0
0.94663,945,816.1893,816.1775,1.48864746,0.0109064905
0.94847,946,816.1893,816.1775,1.53137207,0.021812981
0.94851,947,816.1893,816.1775,1.53137207,0.021812981
0.94974,948,816.1893,816.1776,1.43005371,0.03271947
0.94978,949,816.1893,816.1776,1.51550293,0.043625962
0.95169,950,816.1893,816.1776,1.51550293,0.043625962
0.95339,951,816.1893,816.177856,1.31286621,0.043625962
0.95341,952,816.1893,816.177856,1.48376465,0.043625962
0.95464,953,816.1893,816.177856,1.48376465,0.043625962
0.95645,954,816.1893,816.178,1.38244629,0.0545324534
0.95648,955,816.1893,816.178,1.46789551,0.0545324534
0.95770,956,816.1893,816.17804,1.41723633,0.0545324534
0.95772,957,816.1893,816.178162,1.35864258,0.0545324534
0.95958,958,816.1893,816.178162,1.4440918,0.0545324534
0.96137,959,816.1893,816.1783,1.34277344,0.0545324534
0.96139,960,816.1893,816.1783,1.42822266,0.06543894
0.96264,961,816.1893,816.1784,1.3269043,0.0545324534
0.96446,962,816.1893,816.178467,1.36169434,0.0545324534
0.96448,963,816.1893,816.1785,1.35375977,0.06543894
0.96571,964,816.1893,816.1786,1.3458252,0.06543894
0.96574,965,816.1893,816.1788,1.23657227,0.07634544
0.96757,966,816.1893,816.178833,1.31408691,0.087251924
0.96938,967,816.1893,816.178955,1.25549316,0.09815842
0.96940,968,816.1893,816.1791,1.239624,0.09815842
0.97064,969,816.1893,816.179138,1.27441406,0.09815842
0.97243,970,816.1893,816.17926,1.21582031,0.09815842
0.97245,971,816.1893,816.1794,1.19995117,0.109064907
0.97373,972,816.1893,816.179565,1.13342285,0.109064907
0.97376,973,816.1893,816.1797,1.16027832,0.109064907
0.97557,974,816.1893,816.1797,1.24572754,0.09815842
0.97736,975,816.1893,816.1799,1.09375,0.09815842
0.97737,976,816.1893,816.1799,1.22192383,0.087251924
0.97863,977,816.1893,816.18,1.12060547,0.07634544
0.98045,978,816.1893,816.18,1.20605469,0.0545324534
0.98046,979,816.1893,816.1799,1.307373,0.021812981
0.98172,980,816.1893,816.1799,1.22192383,-0.0163597353
0.98176,981,816.1893,816.1798,1.272583,-0.04907921
0.98354,982,816.1893,816.1797,1.33117676,-0.0599856973
0.98540,983,816.1893,816.1797,1.24572754,-0.07089219
0.98543,984,816.1893,816.1797,1.24572754,-0.0599856973
0.98666,985,816.1893,816.1797,1.24572754,-0.04907921
0.98845,986,816.1893,816.1797,1.24572754,-0.03817272
0.98846,987,816.1893,816.1797,1.24572754,-0.0272662267
0.98971,988,816.1893,816.1797,1.24572754,0
0.98973,989,816.1893,816.1797,1.24572754,0
0.99154,990,816.1893,816.1797,1.24572754,0
0.99338,991,816.1893,816.1797,1.24572754,0
0.99340,992,816.1893,816.1797,1.24572754,0
0.99468,993,816.1893,816.1797,1.24572754,0
0.99645,994,816.1893,816.1797,1.24572754,0.0109064905
0.99646,995,816.1893,816.1797,1.24572754,0.0109064905
0.99770,996,816.1893,816.1798,1.14440918,0.0109064905
0.99772,997,816.1893,816.1798,1.2298584,0.021812981
0.99953,998,816.1893,816.1799,1.17919922,0.021812981
1.00172,999,816.1893,816.1799,1.22192383,0.0109064905
1.00176,1000,816.1893,816.1799,1.22192383,0.0109064905
1.00270,1001,816.1893,816.1799,1.22192383,0.0109064905
1.00445,1002,816.1893,816.1799,1.22192383,0
1.00448,1003,816.1893,816.1799,1.22192383,0
1.00575,1004,816.1893,816.1799,1.22192383,0
1.00578,1005,816.1893,816.1799,1.22192383,-0.0163597353
1.00754,1006,816.1893,816.1799,1.22192383,-0.0163597353
1.00936,1007,816.1893,816.1799,1.22192383,-0.0163597353
1.00937,1008,816.1893,816.1799,1.22192383,-0.0163597353
1.01067,1009,816.1893,816.1799,1.22192383,-0.0163597353
1.01244,1010,816.1893,816.1799,1.22192383,-0.0163597353
1.01247,1011,816.1893,816.1799,1.22192383,-0.0163597353
1.01370,1012,816.1893,816.1799,1.22192383,-0.0163597353
1.01371,1013,816.1893,816.1799,1.22192383,0
1.01554,1014,816.1893,816.1799,1.22192383,0
1.01739,1015,816.1893,816.1799,1.22192383,0
1.01742,1016,816.1893,816.1799,1.22192383,0
1.01866,1017,816.1893,816.1799,1.22192383,0
1.02046,1018,816.1893,816.1799,1.22192383,0
1.02048,1019,816.1893,816.1799,1.22192383,0
1.02170,1020,816.1893,816.1799,1.22192383,0
1.02172,1021,816.1893,816.1799,1.22192383,0
1.02354,1022,816.1893,816.1799,1.22192383,0
1.02537,1023,816.1893,816.1799,1.22192383,0
1.02538,1024,816.1893,816.1799,1.22192383,0
1.02666,1025,816.1893,816.1799,1.22192383,0.0109064905
1.02844,1026,816.1893,816.1799,1.22192383,0.0109064905
1.02846,1027,816.1893,816.1799,1.22192383,0.0109064905
1.02972,1028,816.1893,816.18,1.12060547,0.0109064905
1.02976,1029,816.1893,816.18,1.20605469,0.0109064905
1.03155,1030,816.1893,816.180054,1.15539551,0.0109064905
1.03343,1031,816.1893,816.180054,1.19812012,0.0109064905
1.03346,1032,816.1893,816.180054,1.19812012,0.0109064905
1.03486,1033,816.1893,816.180054,1.19812012,0.0109064905
1.03646,1034,816.1893,816.180054,1.19812012,0.0109064905
1.03649,1035,816.1893,816.180054,1.19812012,0.0109064905
1.03771,1036,816.1893,816.180054,1.19812012,0
1.03772,1037,816.1893,816.180054,1.19812012,0
1.03953,1038,816.1893,816.180054,1.19812012,0
1.04136,1039,816.1893,816.180054,1.19812012,0
1.04137,1040,816.1893,816.180054,1.19812012,-0.0163597353
1.04266,1041,816.1893,816.180054,1.19812012,-0.0163597353
1.04445,1042,816.1893,816.180054,1.19812012,-0.0163597353
1.04448,1043,816.1893,816.180054,1.19812012,-0.0163597353
1.04571,1044,816.1893,816.180054,1.19812012,0
1.04573,1045,816.1893,816.180054,1.19812012,0
1.04756,1046,816.1893,816.180054,1.19812012,0
1.04936,1047,816.1893,816.180054,1.19812012,0
1.04937,1048,816.1893,816.180054,1.19812012,0
1.05064,1049,816.1893,816.180054,1.19812012,0
1.05247,1050,816.1893,816.180054,1.19812012,0
1.05251,1051,816.1893,816.180054,1.19812012,0
1.05373,1052,816.1893,816.1801,1.14746094,0.0109064905
1.05375,1053,816.1893,816.1801,1.19018555,0.021812981
1.05553,1054,816.1893,816.180237,1.08886719,0.021812981
1.05736,1055,816.1893,816.180237,1.17431641,0.021812981
1.05738,1056,816.1893,816.180237,1.17431641,0.021812981
1.05863,1057,816.1893,816.180237,1.17431641,0.021812981
1.06044,1058,816.1893,816.180237,1.17431641,0.021812981
1.06046,1059,816.1893,816.1803,1.12365723,0.021812981
1.06179,1060,816.1893,816.1803,1.16638184,0.0109064905
1.06182,1061,816.1893,816.1803,1.16638184,0
1.06354,1062,816.1893,816.180237,1.217041,0
1.06535,1063,816.1893,816.180237,1.17431641,-0.0272662267
1.06537,1064,816.1893,816.180237,1.17431641,-0.0272662267
1.06663,1065,816.1893,816.180237,1.17431641,-0.0163597353
1.06846,1066,816.1893,816.180237,1.17431641,-0.0163597353
1.06848,1067,816.1893,816.180237,1.17431641,0
1.06975,1068,816.1893,816.180237,1.17431641,0
1.06978,1069,816.1893,816.180237,1.17431641,0
1.07153,1070,816.1893,816.180237,1.17431641,0
1.07336,1071,816.1893,816.180237,1.17431641,0
1.07338,1072,816.1893,816.180237,1.17431641,0
1.07465,1073,816.1893,816.180237,1.17431641,0
1.07644,1074,816.1893,816.180237,1.17431641,0
1.07645,1075,816.1893,816.1803,1.12365723,0.0109064905
1.07770,1076,816.1893,816.180359,1.11572266,0.0109064905
1.07773,1077,816.1893,816.180359,1.15844727,0.0109064905
1.07954,1078,816.1893,816.180359,1.15844727,0.0109064905
1.08137,1079,816.1893,816.180359,1.15844727,0.0109064905
1.08138,1080,816.1893,816.180359,1.15844727,0.0109064905
1.08264,1081,816.1893,816.180359,1.15844727,0.0109064905
1.08445,1082,816.1893,816.180359,1.15844727,0.0109064905
1.08447,1083,816.1893,816.180359,1.15844727,0.0109064905
1.08573,1084,816.1893,816.180359,1.15844727,0
1.08576,1085,816.1893,816.180359,1.15844727,0
1.08757,1086,816.1893,816.180359,1.15844727,-0.0163597353
1.08940,1087,816.1893,816.180359,1.15844727,-0.0163597353
1.08942,1088,816.1893,816.180359,1.15844727,-0.0163597353
1.09065,1089,816.1893,816.180359,1.15844727,0
1.09249,1090,816.1893,816.180359,1.15844727,0
1.09252,1091,816.1893,816.180359,1.15844727,0
1.09373,1092,816.1893,816.180359,1.15844727,0
1.09375,1093,816.1893,816.180359,1.15844727,0
1.09555,1094,816.1893,816.180359,1.15844727,0
1.09740,1095,816.1893,816.180359,1.15844727,0
1.09744,1096,816.1893,816.180359,1.15844727,0
1.09865,1097,816.1893,816.180359,1.15844727,0
1.10045,1098,816.1893,816.180359,1.15844727,0.0109064905
1.10047,1099,816.1893,816.1804,1.10778809,0.0109064905
1.10182,1100,816.1893,816.1804,1.1505127,0.0109064905
1.10186,1101,816.1893,816.1804,1.1505127,0.0109064905
1.10354,1102,816.1893,816.180542,1.04919434,0.0109064905
1.10542,1103,816.1893,816.180542,1.13464355,0.0109064905
1.10544,1104,816.1893,816.180542,1.13464355,0.0109064905
1.10665,1105,816.1893,816.180542,1.13464355,0.0109064905
1.10845,1106,816.1893,816.180542,1.13464355,0.0109064905
1.10846,1107,816.1893,816.180542,1.13464355,0.0109064905
1.10975,1108,816.1893,816.180542,1.13464355,0.0109064905
1.10977,1109,816.1893,816.180542,1.13464355,0.0109064905
1.11156,1110,816.1893,816.180542,1.13464355,0.0109064905
1.11339,1111,816.1893,816.180542,1.13464355,0.0109064905
1.11341,1112,816.1893,816.180542,1.13464355,0.0109064905
1.11464,1113,816.1893,816.1806,1.08398438,0.0109064905
1.11644,1114,816.1893,816.180542,1.17736816,0.0109064905
1.11645,1115,816.1893,816.180542,1.13464355,0
1.11770,1116,816.1893,816.180542,1.13464355,-0.0163597353
1.11772,1117,816.1893,816.180542,1.13464355,-0.0163597353
1.11956,1118,816.1893,816.180542,1.13464355,-0.0163597353
1.12139,1119,816.1893,816.180542,1.13464355,0
1.12141,1120,816.1893,816.180542,1.13464355,0
1.12265,1121,816.1893,816.180542,1.13464355,0
1.12446,1122,816.1893,816.180542,1.13464355,0
1.12448,1123,816.1893,816.180542,1.13464355,0
1.12571,1124,816.1893,816.180542,1.13464355,0
1.12572,1125,816.1893,816.1806,1.08398438,0
1.12754,1126,816.1893,816.1806,1.126709,0
1.12937,1127,816.1893,816.180664,1.0760498,0.0109064905
1.12941,1128,816.1893,816.180664,1.11877441,0.0109064905
1.13063,1129,816.1893,816.180664,1.11877441,0.0109064905
1.13249,1130,816.1893,816.180664,1.11877441,0.0109064905
1.13252,1131,816.1893,816.180664,1.11877441,0.0109064905
1.13370,1132,816.1893,816.180664,1.11877441,0.0109064905
1.13372,1133,816.1893,816.180664,1.11877441,0.0109064905
1.13555,1134,816.1893,816.180664,1.11877441,0.0109064905
1.13740,1135,816.1893,816.180664,1.11877441,0.0109064905
1.13743,1136,816.1893,816.180664,1.11877441,0
1.13865,1137,816.1893,816.180664,1.11877441,0
1.14047,1138,816.1893,816.180664,1.11877441,0
1.14049,1139,816.1893,816.180664,1.11877441,-0.0163597353
1.14171,1140,816.1893,816.180664,1.11877441,-0.0163597353
1.14172,1141,816.1893,816.180664,1.11877441,0
1.14354,1142,816.1893,816.180664,1.11877441,0
1.14537,1143,816.1893,816.180664,1.11877441,0
1.14540,1144,816.1893,816.180664,1.11877441,0
1.14663,1145,816.1893,816.180664,1.11877441,0
1.14844,1146,816.1893,816.180664,1.11877441,0
1.14845,1147,816.1893,816.180664,1.11877441,0
1.14971,1148,816.1893,816.1808,1.017456,0.0109064905
1.14973,1149,816.1893,816.180847,1.05224609,0.0109064905
1.15157,1150,816.1893,816.180847,1.0949707,0.0109064905
1.15355,1151,816.1893,816.180847,1.0949707,0.0109064905
1.15362,1152,816.1893,816.180847,1.0949707,0.0109064905
1.15469,1153,816.1893,816.180847,1.0949707,0.0109064905
1.15652,1154,816.1893,816.180847,1.0949707,0.0109064905
1.15656,1155,816.1893,816.180847,1.0949707,0.0109064905
1.15773,1156,816.1893,816.180847,1.0949707,0.0109064905
1.15776,1157,816.1893,816.180847,1.0949707,0.0109064905
1.15957,1158,816.1893,816.180847,1.0949707,0.0109064905
1.16141,1159,816.1893,816.180847,1.0949707,0.0109064905
1.16144,1160,816.1893,816.1809,1.04431152,0.0109064905
1.16266,1161,816.1893,816.1809,1.08703613,0.0109064905
1.16447,1162,816.1893,816.180847,1.13769531,0
1.16450,1163,816.1893,816.180847,1.0949707,-0.0163597353
1.16571,1164,816.1893,816.180847,1.0949707,-0.0163597353
1.16577,1165,816.1893,816.180847,1.0949707,-0.0272662267
1.16754,1166,816.1893,816.180847,1.0949707,-0.0163597353
1.16942,1167,816.1893,816.180847,1.0949707,-0.0163597353
1.16947,1168,816.1893,816.180847,1.0949707,0
1.17069,1169,816.1893,816.180847,1.0949707,0
1.17251,1170,816.1893,816.180847,1.0949707,0
1.17254,1171,816.1893,816.180847,1.0949707,0
1.17371,1172,816.1893,816.180847,1.0949707,0
1.17373,1173,816.1893,816.1809,1.04431152,0.0109064905
1.17555,1174,816.1893,816.180969,1.036377,0.0109064905
1.17739,1175,816.1893,816.180969,1.07910156,0.021812981
1.17741,1176,816.1893,816.180969,1.07910156,0.021812981
1.17864,1177,816.1893,816.180969,1.07910156,0.0109064905
1.18049,1178,816.1893,816.180969,1.07910156,0.0109064905
1.18052,1179,816.1893,816.180969,1.07910156,0.0109064905
1.18170,1180,816.1893,816.180969,1.07910156,0.0109064905
1.18172,1181,816.1893,816.1811,0.9777832,0.0109064905
1.18356,1182,816.1893,816.1811,1.06323242,0.0109064905
1.18539,1183,816.1893,816.1812,0.961914063,0.0109064905
1.18542,1184,816.1893,816.1812,1.04736328,0.021812981
1.18666,1185,816.1893,816.1812,1.04736328,0.0109064905
1.18848,1186,816.1893,816.1812,1.04736328,0.0109064905
1.18852,1187,816.1893,816.1812,1.04736328,0
1.18972,1188,816.1893,816.1811,1.14868164,0
1.18974,1189,816.1893,816.1811,1.06323242,-0.0272662267
1.19158,1190,816.1893,816.1811,1.06323242,-0.0272662267
1.19338,1191,816.1893,816.1811,1.06323242,-0.0272662267
1.19340,1192,816.1893,816.1811,1.06323242,-0.0272662267
1.19464,1193,816.1893,816.1811,1.06323242,0
1.19647,1194,816.1893,816.1811,1.06323242,0
1.19650,1195,816.1893,816.1811,1.06323242,0
1.19770,1196,816.1893,816.1811,1.06323242,0
1.19772,1197,816.1893,816.1811,1.06323242,0
1.19955,1198,816.1893,816.1811,1.06323242,0
1.20177,1199,816.1893,816.1811,1.06323242,0
1.20184,1200,816.1893,816.1811,1.06323242,0
1.20264,1201,816.1893,816.1811,1.06323242,0
1.20453,1202,816.1893,816.1811,1.06323242,0
1.20455,1203,816.1893,816.1812,0.961914063,0
1.20574,1204,816.1893,816.1812,1.04736328,0
1.20581,1205,816.1893,816.1812,1.04736328,0
1.20758,1206,816.1893,816.1812,1.04736328,0
1.20939,1207,816.1893,816.1812,1.04736328,0
1.20942,1208,816.1893,816.1812,1.04736328,0
1.21065,1209,816.1893,816.1812,1.04736328,0
1.21249,1210,816.1893,816.1812,1.04736328,0.0109064905
1.21252,1211,816.1893,816.1812,1.04736328,0.0109064905
1.21371,1212,816.1893,816.1812,1.04736328,0.0109064905
1.21373,1213,816.1893,816.1812,1.04736328,0.021812981
1.21555,1214,816.1893,816.1812,1.04736328,0.0109064905
1.21738,1215,816.1893,816.1812,1.04736328,0.0109064905
1.21741,1216,816.1893,816.1812,1.04736328,0.0109064905
1.21868,1217,816.1893,816.1812,1.04736328,0.0109064905
1.22050,1218,816.1893,816.181335,0.9460449,0.0109064905
1.22053,1219,816.1893,816.181335,1.03149414,0.0109064905
1.22174,1220,816.1893,816.181335,1.03149414,0.0109064905
1.22176,1221,816.1893,816.181335,1.03149414,0.0109064905
1.22357,1222,816.1893,816.181335,1.03149414,0.021812981
1.22542,1223,816.1893,816.1814,0.980834961,0.021812981
1.22545,1224,816.1893,816.1814,1.02355957,0.0109064905
1.22666,1225,816.1893,816.1814,1.02355957,0.0109064905
1.22845,1226,816.1893,816.1815,0.9222412,0.0109064905
1.22847,1227,816.1893,816.1814,1.10900879,-0.0163597353
1.22971,1228,816.1893,816.181335,1.07421875,-0.0163597353
1.22973,1229,816.1893,816.181335,1.03149414,-0.0272662267
1.23156,1230,816.1893,816.181335,1.03149414,-0.0163597353
1.23337,1231,816.1893,816.181335,1.03149414,-0.0163597353
1.23339,1232,816.1893,816.181335,1.03149414,0
1.23492,1233,816.1893,816.181335,1.03149414,0
1.23652,1234,816.1893,816.181335,1.03149414,0
1.23655,1235,816.1893,816.1814,0.980834961,0
1.23775,1236,816.1893,816.1814,1.02355957,0
1.23777,1237,816.1893,816.1815,0.9222412,0.0109064905
1.23956,1238,816.1893,816.1815,1.00769043,0.0109064905
1.24137,1239,816.1893,816.1815,1.00769043,0.021812981
1.24141,1240,816.1893,816.1815,1.00769043,0.03271947
1.24266,1241,816.1893,816.1815,1.00769043,0.021812981
1.24444,1242,816.1893,816.1815,1.00769043,0.021812981
1.24448,1243,816.1893,816.181641,0.9063721,0.021812981
1.24571,1244,816.1893,816.181641,0.9918213,0.021812981
1.24573,1245,816.1893,816.181641,0.9918213,0.021812981
1.24754,1246,816.1893,816.181641,0.9918213,0.021812981
1.24936,1247,816.1893,816.181641,0.9918213,0.021812981
1.24937,1248,816.1893,816.181641,0.9918213,0.0109064905
1.25069,1249,816.1893,816.181641,0.9918213,0
1.25249,1250,816.1893,816.181641,0.9918213,-0.0163597353
1.25252,1251,816.1893,816.181641,0.9918213,-0.0272662267
1.25371,1252,816.1893,816.181641,0.9918213,-0.0272662267
1.25373,1253,816.1893,816.181641,0.9918213,-0.0163597353
1.25555,1254,816.1893,816.181641,0.9918213,-0.0163597353
1.25738,1255,816.1893,816.181641,0.9918213,0
1.25740,1256,816.1893,816.181641,0.9918213,0
1.25864,1257,816.1893,816.181641,0.9918213,0
1.26051,1258,816.1893,816.181641,0.9918213,0
1.26054,1259,816.1893,816.181641,0.9918213,0
1.26170,1260,816.1893,816.181641,0.9918213,0
1.26172,1261,816.1893,816.181641,0.9918213,0
1.26356,1262,816.1893,816.181641,0.9918213,0
1.26538,1263,816.1893,816.181641,0.9918213,0
1.26541,1264,816.1893,816.181763,0.8905029,0.0109064905
1.26668,1265,816.1893,816.181763,0.975952148,0.021812981
1.26854,1266,816.1893,816.1818,0.925292969,0.021812981
1.26860,1267,816.1893,816.1818,0.9680176,0.021812981
1.26974,1268,816.1893,816.1818,0.9680176,0.021812981
1.26978,1269,816.1893,816.1818,0.9680176,0.021812981
1.27154,1270,816.1893,816.1819,0.9173584,0.021812981
1.27340,1271,816.1893,816.181946,0.9094238,0.021812981
1.27344,1272,816.1893,816.181946,0.952148438,0.021812981
1.27466,1273,816.1893,816.181946,0.952148438,0.021812981
1.27647,1274,816.1893,816.182068,0.8508301,0.03271947
1.27649,1275,816.1893,816.1821,0.8856201,0.03271947
1.27769,1276,816.1893,816.1821,0.9283447,0.03271947
1.27770,1277,816.1893,816.1821,0.9283447,0.03271947
1.27954,1278,816.1893,816.1821,0.9283447,0.03271947
1.28139,1279,816.1893,816.1822,0.877685547,0.03271947
1.28141,1280,816.1893,816.1823,0.8190918,0.03271947
1.28265,1281,816.1893,816.1823,0.904541,0.021812981
1.28449,1282,816.1893,816.1823,0.904541,0.0109064905
1.28452,1283,816.1893,816.1823,0.904541,0.0109064905
1.28574,1284,816.1893,816.1823,0.904541,0.0109064905
1.28577,1285,816.1893,816.1823,0.904541,0.0109064905
1.28756,1286,816.1893,816.1823,0.904541,0.021812981
1.28940,1287,816.1893,816.1824,0.853881836,0.0109064905
1.28944,1288,816.1893,816.1823,0.9472656,0.0109064905
1.29064,1289,816.1893,816.1824,0.853881836,0
1.29246,1290,816.1893,816.1824,0.896606445,0
1.29248,1291,816.1893,816.1824,0.896606445,0
1.29370,1292,816.1893,816.182434,0.845947266,0
1.29372,1293,816.1893,816.182434,0.8886719,0.0109064905
1.29557,1294,816.1893,816.182434,0.8886719,0.0109064905
1.29742,1295,816.1893,816.1825,0.8380127,0.03271947
1.29744,1296,816.1893,816.1826,0.779418945,0.03271947
1.29865,1297,816.1893,816.1826,0.864868164,0.043625962
1.30045,1298,816.1893,816.182739,0.7635498,0.06543894
1.30047,1299,816.1893,816.182739,0.848999,0.0545324534
1.30180,1300,816.1893,816.1829,0.6970215,0.07634544
1.30182,1301,816.1893,816.1829,0.8251953,0.07634544
1.30356,1302,816.1893,816.183044,0.723876953,0.07634544
1.30538,1303,816.1893,816.1832,0.657348633,0.09815842
1.30543,1304,816.1893,816.1834,0.6335449,0.109064907
1.30665,1305,816.1893,816.1834,0.76171875,0.109064907
1.30848,1306,816.1893,816.1836,0.6097412,0.09815842
1.30850,1307,816.1893,816.1837,0.6365967,0.09815842
1.30971,1308,816.1893,816.1837,0.7220459,0.087251924
1.30972,1309,816.1893,816.1839,0.570068359,0.087251924
1.31155,1310,816.1893,816.1839,0.6982422,0.087251924
1.31338,1311,816.1893,816.184,0.5969238,0.07634544
1.31339,1312,816.1893,816.184,0.682373047,0.0545324534
1.31465,1313,816.1893,816.18396,0.7330322,0.03271947
1.31647,1314,816.1893,816.18396,0.6903076,0.0109064905
1.31650,1315,816.1893,816.1839,0.7409668,-0.0272662267
1.31770,1316,816.1893,816.1839,0.6982422,-0.0272662267
1.31771,1317,816.1893,816.1839,0.6982422,-0.03817272
1.31956,1318,816.1893,816.1838,0.799560547,-0.04907921
1.32141,1319,816.1893,816.1837,0.7647705,-0.04907921
1.32143,1320,816.1893,816.1837,0.7220459,-0.04907921
1.32266,1321,816.1893,816.1837,0.7220459,-0.03817272
1.32446,1322,816.1893,816.1837,0.7220459,-0.04907921
1.32447,1323,816.1893,816.183655,0.7727051,-0.03817272
1.32571,1324,816.1893,816.183655,0.729980469,-0.03817272
1.32572,1325,816.1893,816.183655,0.729980469,-0.03817272
1.32754,1326,816.1893,816.1836,0.780639648,-0.0163597353
1.32938,1327,816.1893,816.183655,0.687255859,-0.0163597353
1.32940,1328,816.1893,816.1837,0.6793213,-0.0163597353
1.33066,1329,816.1893,816.1837,0.7220459,0
1.33247,1330,816.1893,816.1837,0.7220459,0.021812981
1.33250,1331,816.1893,816.1837,0.7220459,0.021812981
1.33371,1332,816.1893,816.1838,0.6713867,0.021812981
1.33372,1333,816.1893,816.1839,0.612792969,0.021812981
1.33558,1334,816.1893,816.1839,0.6982422,0.0109064905
1.33741,1335,816.1893,816.1839,0.6982422,0.0109064905
1.33743,1336,816.1893,816.1839,0.6982422,0.021812981
1.33865,1337,816.1893,816.1839,0.6982422,0.0109064905
1.34050,1338,816.1893,816.1839,0.6982422,0.021812981
1.34053,1339,816.1893,816.1839,0.6982422,0.0109064905
1.34171,1340,816.1893,816.1839,0.6982422,0.0109064905
1.34172,1341,816.1893,816.1839,0.6982422,-0.0163597353
1.34355,1342,816.1893,816.1839,0.6982422,-0.0163597353
1.34537,1343,816.1893,816.1839,0.6982422,-0.0163597353
1.34538,1344,816.1893,816.1839,0.6982422,-0.0272662267
1.34668,1345,816.1893,816.1839,0.6982422,-0.0272662267
1.34845,1346,816.1893,816.1839,0.6982422,-0.0272662267
1.34849,1347,816.1893,816.1839,0.6982422,-0.0272662267
1.34970,1348,816.1893,816.1839,0.6982422,-0.0163597353
1.34971,1349,816.1893,816.1839,0.6982422,0
1.35172,1350,816.1893,816.1839,0.6982422,0
1.35338,1351,816.1893,816.1839,0.6982422,0
1.35342,1352,816.1893,816.1839,0.6982422,0
1.35465,1353,816.1893,816.1839,0.6982422,0
1.35649,1354,816.1893,816.1839,0.6982422,0
1.35653,1355,816.1893,816.1839,0.6982422,0
1.35772,1356,816.1893,816.1839,0.6982422,0
1.35774,1357,816.1893,816.1839,0.6982422,0
1.35957,1358,816.1893,816.1839,0.6982422,0
1.36138,1359,816.1893,816.1839,0.6982422,0
1.36141,1360,816.1893,816.1839,0.6982422,0
1.36264,1361,816.1893,816.1839,0.6982422,0
1.36447,1362,816.1893,816.1839,0.6982422,0
1.36449,1363,816.1893,816.1839,0.6982422,0
1.36571,1364,816.1893,816.1839,0.6982422,0
1.36573,1365,816.1893,816.1839,0.6982422,0
1.36755,1366,816.1893,816.1839,0.6982422,0
1.36938,1367,816.1893,816.1839,0.6982422,0
1.36940,1368,816.1893,816.1839,0.6982422,0
1.37067,1369,816.1893,816.1839,0.6982422,0
1.37246,1370,816.1893,816.1839,0.6982422,0
1.37248,1371,816.1893,816.1839,0.6982422,0
1.37371,1372,816.1893,816.1839,0.6982422,0
1.37372,1373,816.1893,816.1839,0.6982422,0
1.37555,1374,816.1893,816.1839,0.6982422,0
1.37738,1375,816.1893,816.1839,0.6982422,0
1.37741,1376,816.1893,816.1839,0.6982422,0
1.37867,1377,816.1893,816.1839,0.6982422,0
1.38047,1378,816.1893,816.1839,0.6982422,0
1.38050,1379,816.1893,816.1839,0.6982422,0
1.38171,1380,816.1893,816.18396,0.647583,0.0109064905
1.38172,1381,816.1893,816.18396,0.6903076,0.0109064905
1.38357,1382,816.1893,816.18396,0.6903076,0.021812981
1.38539,1383,816.1893,816.18396,0.6903076,0.021812981
1.38541,1384,816.1893,816.184,0.639648438,0.0109064905
1.38666,1385,816.1893,816.184,0.682373047,0.0109064905
1.38848,1386,816.1893,816.184,0.682373047,0.0109064905
1.38852,1387,816.1893,816.184,0.682373047,0.0109064905
1.38970,1388,816.1893,816.184,0.682373047,0.0109064905
1.38972,1389,816.1893,816.184,0.682373047,0.0109064905
1.39160,1390,816.1893,816.184,0.682373047,0.0109064905
1.39343,1391,816.1893,816.184,0.682373047,0.0109064905
1.39346,1392,816.1893,816.184,0.682373047,0.0109064905
1.39466,1393,816.1893,816.184,0.682373047,0
1.39647,1394,816.1893,816.184,0.682373047,0
1.39651,1395,816.1893,816.184,0.682373047,-0.0163597353
1.39770,1396,816.1893,816.184,0.682373047,-0.0163597353
1.39771,1397,816.1893,816.184,0.682373047,-0.0163597353
1.39958,1398,816.1893,816.184,0.682373047,0
1.40169,1399,816.1893,816.184,0.682373047,0
1.40175,1400,816.1893,816.184,0.682373047,0
1.40270,1401,816.1893,816.184,0.682373047,0
1.40450,1402,816.1893,816.184,0.682373047,0
1.40454,1403,816.1893,816.184,0.682373047,0
1.40573,1404,816.1893,816.184,0.682373047,0
1.40576,1405,816.1893,816.184,0.682373047,0
1.40755,1406,816.1893,816.184143,0.5810547,0
1.40940,1407,816.1893,816.184143,0.6665039,0.0109064905
1.40944,1408,816.1893,816.184143,0.6665039,0.0109064905
1.41069,1409,816.1893,816.184143,0.6665039,0.0109064905
1.41249,1410,816.1893,816.1842,0.6158447,0.0109064905
1.41251,1411,816.1893,816.1842,0.658569336,0.0109064905
1.41371,1412,816.1893,816.1842,0.658569336,0.0109064905
1.41373,1413,816.1893,816.1842,0.658569336,0.0109064905
1.41556,1414,816.1893,816.1842,0.658569336,0.0109064905
1.41737,1415,816.1893,816.1842,0.658569336,0.0109064905
1.41739,1416,816.1893,816.1842,0.658569336,0.0109064905
1.41870,1417,816.1893,816.1842,0.658569336,0.0109064905
1.42050,1418,816.1893,816.1842,0.658569336,0.0109064905
1.42055,1419,816.1893,816.1842,0.658569336,0.0109064905
1.42173,1420,816.1893,816.184265,0.607910156,0.0109064905
1.42174,1421,816.1893,816.184265,0.650634766,0.0109064905
1.42357,1422,816.1893,816.184265,0.650634766,0.0109064905
1.42536,1423,816.1893,816.184265,0.650634766,0.0109064905
1.42539,1424,816.1893,816.184265,0.650634766,0
1.42667,1425,816.1893,816.184265,0.650634766,0
1.42846,1426,816.1893,816.184265,0.650634766,0
1.42850,1427,816.1893,816.184265,0.650634766,-0.0163597353
1.42970,1428,816.1893,816.184265,0.650634766,0
1.42972,1429,816.1893,816.184265,0.650634766,0
1.43156,1430,816.1893,816.184265,0.650634766,0
1.43336,1431,816.1893,816.184265,0.650634766,0
1.43337,1432,816.1893,816.184265,0.650634766,0
1.43481,1433,816.1893,816.184265,0.650634766,0
1.43650,1434,816.1893,816.184265,0.650634766,0
1.43652,1435,816.1893,816.184265,0.650634766,0
1.43771,1436,816.1893,816.184265,0.650634766,0
1.43773,1437,816.1893,816.184265,0.650634766,0
1.43956,1438,816.1893,816.184265,0.650634766,0
1.44137,1439,816.1893,816.184265,0.650634766,0
1.44140,1440,816.1893,816.184265,0.650634766,0
1.44265,1441,816.1893,816.184265,0.650634766,0
1.44447,1442,816.1893,816.184265,0.650634766,0
1.44450,1443,816.1893,816.184265,0.650634766,0
1.44571,1444,816.1893,816.184265,0.650634766,0
1.44573,1445,816.1893,816.184265,0.650634766,0
1.44756,1446,816.1893,816.184265,0.650634766,0
1.44936,1447,816.1893,816.1843,0.5999756,0
1.44938,1448,816.1893,816.1843,0.6427002,0
1.45067,1449,816.1893,816.1843,0.6427002,0
1.45247,1450,816.1893,816.1843,0.6427002,0.0109064905
1.45248,1451,816.1893,816.1843,0.6427002,0.0109064905
1.45372,1452,816.1893,816.1843,0.6427002,0.0109064905
1.45373,1453,816.1893,816.1843,0.6427002,0.0109064905
1.45558,1454,816.1893,816.1843,0.6427002,0.0109064905
1.45735,1455,816.1893,816.1843,0.6427002,0.0109064905
1.45737,1456,816.1893,816.1843,0.6427002,0.0109064905
1.45865,1457,816.1893,816.184448,0.541381836,0.0109064905
1.46049,1458,816.1893,816.184448,0.626831055,0.0109064905
1.46051,1459,816.1893,816.184448,0.626831055,0.0109064905
1.46171,1460,816.1893,816.1846,0.5255127,0.0109064905
1.46172,1461,816.1893,816.1846,0.6109619,0.0109064905
1.46355,1462,816.1893,816.1846,0.6109619,0.0109064905
1.46538,1463,816.1893,816.1846,0.6109619,0.0109064905
1.46540,1464,816.1893,816.1846,0.6109619,0.0109064905
1.46664,1465,816.1893,816.1846,0.6109619,0.0109064905
1.46847,1466,816.1893,816.1846,0.6109619,0.0109064905
1.46849,1467,816.1893,816.1846,0.6109619,0
1.46972,1468,816.1893,816.1846,0.6109619,0
1.46974,1469,816.1893,816.1846,0.6109619,-0.0163597353
1.47157,1470,816.1893,816.1846,0.6109619,-0.0163597353
1.47337,1471,816.1893,816.1846,0.6109619,-0.0163597353
1.47340,1472,816.1893,816.1846,0.6109619,-0.0163597353
1.47468,1473,816.1893,816.1846,0.6109619,0
1.47644,1474,816.1893,816.1846,0.6109619,0
1.47647,1475,816.1893,816.1846,0.6109619,0
1.47771,1476,816.1893,816.1846,0.6109619,0
1.47774,1477,816.1893,816.1846,0.6109619,0
1.47956,1478,816.1893,816.1846,0.6109619,0
1.48136,1479,816.1893,816.1846,0.6109619,0
1.48137,1480,816.1893,816.1846,0.6109619,0
1.48264,1481,816.1893,816.1846,0.6109619,0
1.48444,1482,816.1893,816.1846,0.6109619,0
1.48445,1483,816.1893,816.1846,0.6109619,0
1.48573,1484,816.1893,816.1846,0.6109619,0
1.48575,1485,816.1893,816.1846,0.6109619,0
1.48755,1486,816.1893,816.1846,0.6109619,0
1.48940,1487,816.1893,816.1846,0.6109619,0
1.48943,1488,816.1893,816.1846,0.6109619,0
1.49065,1489,816.1893,816.1846,0.6109619,0
1.49245,1490,816.1893,816.1846,0.6109619,0
1.49247,1491,816.1893,816.1846,0.6109619,0
1.49371,1492,816.1893,816.1846,0.6109619,0
1.49374,1493,816.1893,816.1846,0.6109619,0
1.49557,1494,816.1893,816.1846,0.6109619,0
1.49735,1495,816.1893,816.1846,0.6109619,0
1.49737,1496,816.1893,816.1846,0.6109619,0
1.49865,1497,816.1893,816.1846,0.6109619,0
1.50044,1498,816.1893,816.1846,0.6109619,0
1.50045,1499,816.1893,816.1846,0.6109619,0
1.50183,1500,816.1893,816.1846,0.6109619,0
1.50185,1501,816.1893,816.1846,0.6109619,0
1.50360,1502,816.1893,816.1846,0.6109619,0
1.50537,1503,816.1893,816.1846,0.6109619,0
1.50539,1504,816.1893,816.1846,0.6109619,0
1.50665,1505,816.1893,816.1846,0.6109619,0
1.50845,1506,816.1893,816.1846,0.6109619,0.0109064905
1.50846,1507,816.1893,816.1846,0.6109619,0.0109064905
1.50970,1508,816.1893,816.1846,0.6109619,0.0109064905
1.50972,1509,816.1893,816.1846,0.6109619,0.0109064905
1.51153,1510,816.1893,816.1846,0.6109619,0.0109064905
1.51336,1511,816.1893,816.1847,0.509643555,0.0109064905
1.51338,1512,816.1893,816.1847,0.5950928,0.0109064905
1.51466,1513,816.1893,816.1847,0.5950928,0.0109064905
1.51646,1514,816.1893,816.1847,0.5950928,0.021812981
1.51648,1515,816.1893,816.184753,0.5444336,0.021812981
1.51774,1516,816.1893,816.184753,0.5871582,0.021812981
1.51776,1517,816.1893,816.1849,0.485839844,0.021812981
1.51956,1518,816.1893,816.1849,0.571289063,0.021812981
1.52138,1519,816.1893,816.1849,0.571289063,0.0109064905
1.52140,1520,816.1893,816.1849,0.571289063,0.0109064905
1.52266,1521,816.1893,816.1849,0.571289063,0
1.52444,1522,816.1893,816.1849,0.571289063,-0.0163597353
1.52446,1523,816.1893,816.1849,0.571289063,-0.0163597353
1.52570,1524,816.1893,816.1849,0.571289063,-0.0163597353
1.52572,1525,816.1893,816.1849,0.571289063,-0.0163597353
1.52754,1526,816.1893,816.1849,0.571289063,-0.0163597353
1.52935,1527,816.1893,816.1849,0.571289063,-0.0163597353
1.52937,1528,816.1893,816.1849,0.571289063,0
1.53068,1529,816.1893,816.1849,0.571289063,0
1.53247,1530,816.1893,816.1849,0.571289063,0
1.53251,1531,816.1893,816.1849,0.571289063,0
1.53374,1532,816.1893,816.1849,0.571289063,0
1.53376,1533,816.1893,816.1849,0.571289063,0
1.53559,1534,816.1893,816.1849,0.571289063,0
1.53738,1535,816.1893,816.1849,0.571289063,0
1.53740,1536,816.1893,816.1849,0.571289063,0
1.53869,1537,816.1893,816.1849,0.571289063,0
1.54044,1538,816.1893,816.1849,0.571289063,0
1.54045,1539,816.1893,816.1849,0.571289063,0
1.54173,1540,816.1893,816.1849,0.571289063,0
1.54175,1541,816.1893,816.1849,0.571289063,0
1.54356,1542,816.1893,816.1849,0.571289063,0
1.54539,1543,816.1893,816.1849,0.571289063,0
1.54544,1544,816.1893,816.1849,0.571289063,0
1.54666,1545,816.1893,816.1849,0.571289063,0
1.54864,1546,816.1893,816.1849,0.571289063,0
1.54869,1547,816.1893,816.1849,0.571289063,0
1.54983,1548,816.1893,816.1849,0.571289063,0
1.54986,1549,816.1893,816.1849,0.571289063,0
1.55156,1550,816.1893,816.1849,0.571289063,0
1.55338,1551,816.1893,816.1849,0.571289063,0
1.55340,1552,816.1893,816.1849,0.571289063,0
1.55469,1553,816.1893,816.1849,0.571289063,0
1.55649,1554,816.1893,816.1849,0.571289063,0
1.55652,1555,816.1893,816.1849,0.571289063,0
1.55773,1556,816.1893,816.1849,0.571289063,0
1.55777,1557,816.1893,816.1849,0.571289063,0.0109064905
1.55958,1558,816.1893,816.1849,0.571289063,0.0109064905
1.56139,1559,816.1893,816.1849,0.571289063,0.0109064905
1.56142,1560,816.1893,816.1849,0.571289063,0.0109064905
1.56267,1561,816.1893,816.185,0.4699707,0.0109064905
1.56447,1562,816.1893,816.185,0.5554199,0.0109064905
1.56449,1563,816.1893,816.185,0.5554199,0.021812981
1.56573,1564,816.1893,816.185,0.5554199,0.021812981
1.56576,1565,816.1893,816.185,0.5554199,0.021812981
1.56753,1566,816.1893,816.1851,0.454101563,0.021812981
1.56938,1567,816.1893,816.1851,0.5395508,0.021812981
1.56939,1568,816.1893,816.1852,0.4888916,0.021812981
1.57067,1569,816.1893,816.1852,0.5316162,0.021812981
1.57247,1570,816.1893,816.1852,0.5316162,0.021812981
1.57250,1571,816.1893,816.1852,0.5316162,0.021812981
1.57376,1572,816.1893,816.1852,0.5316162,0.0109064905
1.57379,1573,816.1893,816.1852,0.5316162,0.0109064905
1.57554,1574,816.1893,816.1852,0.5316162,0.0109064905
1.57735,1575,816.1893,816.1852,0.5316162,0
1.57737,1576,816.1893,816.1852,0.5316162,0
1.57866,1577,816.1893,816.1852,0.5316162,-0.0272662267
1.58044,1578,816.1893,816.1852,0.5316162,-0.0272662267
1.58046,1579,816.1893,816.1852,0.5316162,-0.0272662267
1.58172,1580,816.1893,816.1852,0.5316162,-0.0272662267
1.58174,1581,816.1893,816.1852,0.5316162,0
1.58352,1582,816.1893,816.1852,0.5316162,0
1.58539,1583,816.1893,816.1852,0.5316162,0
1.58543,1584,816.1893,816.1852,0.5316162,0
1.58667,1585,816.1893,816.1852,0.5316162,0
1.58846,1586,816.1893,816.1852,0.5316162,0
1.58847,1587,816.1893,816.1852,0.5316162,0
1.58977,1588,816.1893,816.1852,0.5316162,0
1.58980,1589,816.1893,816.1852,0.5316162,0
1.59154,1590,816.1893,816.1852,0.5316162,0
1.59341,1591,816.1893,816.1852,0.5316162,0
1.59343,1592,816.1893,816.1852,0.5316162,0
1.59466,1593,816.1893,816.1852,0.5316162,0
1.59644,1594,816.1893,816.1852,0.5316162,0
1.59646,1595,816.1893,816.1852,0.5316162,0
1.59773,1596,816.1893,816.185242,0.480957031,0.0109064905
1.59775,1597,816.1893,816.185242,0.523681641,0.021812981
1.59953,1598,816.1893,816.1853,0.473022461,0.0109064905
1.60172,1599,816.1893,816.1853,0.5157471,0.021812981
1.60180,1600,816.1893,816.1853,0.5157471,0.021812981
1.60269,1601,816.1893,816.1853,0.5157471,0.021812981
1.60448,1602,816.1893,816.1854,0.4144287,0.021812981
1.60450,1603,816.1893,816.1855,0.44921875,0.021812981
1.60570,1604,816.1893,816.1855,0.491943359,0.03271947
1.60572,1605,816.1893,816.1855,0.491943359,0.03271947
1.60754,1606,816.1893,816.185547,0.44128418,0.03271947
1.60937,1607,816.1893,816.185669,0.38269043,0.03271947
1.60940,1608,816.1893,816.185669,0.468139648,0.03271947
1.61066,1609,816.1893,816.185669,0.468139648,0.03271947
1.61243,1610,816.1893,816.185669,0.468139648,0.03271947
1.61245,1611,816.1893,816.1857,0.417480469,0.03271947
1.61371,1612,816.1893,816.1858,0.4095459,0.03271947
1.61372,1613,816.1893,816.1858,0.4522705,0.03271947
1.61553,1614,816.1893,816.1858,0.4522705,0.03271947
1.61741,1615,816.1893,816.1858,0.4522705,0.03271947
1.61743,1616,816.1893,816.1858,0.4522705,0.021812981
1.61865,1617,816.1893,816.185852,0.401611328,0.0109064905
1.62046,1618,816.1893,816.185852,0.444335938,0.0109064905
1.62048,1619,816.1893,816.186,0.343017578,0.0109064905
1.62170,1620,816.1893,816.186,0.4284668,0.0109064905
1.62172,1621,816.1893,816.186,0.4284668,0.021812981
1.62355,1622,816.1893,816.186,0.4284668,0.021812981
1.62540,1623,816.1893,816.1861,0.327148438,0.021812981
1.62543,1624,816.1893,816.1861,0.412597656,0.03271947
1.62665,1625,816.1893,816.1861,0.412597656,0.03271947
1.62844,1626,816.1893,816.1863,0.260620117,0.043625962
1.62847,1627,816.1893,816.1863,0.388793945,0.043625962
1.62970,1628,816.1893,816.1864,0.2874756,0.0545324534
1.62971,1629,816.1893,816.1864,0.3729248,0.06543894
1.63153,1630,816.1893,816.1866,0.220947266,0.06543894
1.63338,1631,816.1893,816.1866,0.3491211,0.06543894
1.63339,1632,816.1893,816.186768,0.197143555,0.07634544
1.63489,1633,816.1893,816.186951,0.173339844,0.087251924
1.63646,1634,816.1893,816.1871,0.200195313,0.09815842
1.63647,1635,816.1893,816.1871,0.285644531,0.087251924
1.63771,1636,816.1893,816.187256,0.133666992,0.07634544
1.63772,1637,816.1893,816.187256,0.26184082,0.07634544
1.63954,1638,816.1893,816.187256,0.26184082,0.06543894
1.64146,1639,816.1893,816.187256,0.26184082,0.043625962
1.64149,1640,816.1893,816.187256,0.26184082,0.03271947
1.64267,1641,816.1893,816.187256,0.26184082,0
1.64445,1642,816.1893,816.1871,0.413818359,-0.0272662267
1.64446,1643,816.1893,816.1871,0.285644531,-0.04907921
1.64573,1644,816.1893,816.1871,0.285644531,-0.04907921
1.64575,1645,816.1893,816.1871,0.285644531,-0.03817272
1.64754,1646,816.1893,816.1871,0.285644531,-0.03817272
1.64938,1647,816.1893,816.1871,0.285644531,-0.0272662267
1.64940,1648,816.1893,816.1871,0.285644531,-0.0163597353
1.65065,1649,816.1893,816.1871,0.285644531,0
1.65247,1650,816.1893,816.1871,0.285644531,0
1.65248,1651,816.1893,816.1871,0.285644531,0
1.65371,1652,816.1893,816.1871,0.285644531,0
1.65372,1653,816.1893,816.1871,0.285644531,0
1.65552,1654,816.1893,816.1871,0.285644531,0
1.65737,1655,816.1893,816.1871,0.285644531,0
1.65739,1656,816.1893,816.1871,0.285644531,0
1.65867,1657,816.1893,816.1871,0.285644531,0
1.66047,1658,816.1893,816.1871,0.285644531,0
1.66050,1659,816.1893,816.1871,0.285644531,0
1.66173,1660,816.1893,816.1871,0.285644531,0
1.66175,1661,816.1893,816.1871,0.285644531,0
1.66355,1662,816.1893,816.1871,0.285644531,0
1.66538,1663,816.1893,816.1871,0.285644531,0
1.66541,1664,816.1893,816.1871,0.285644531,0
1.66665,1665,816.1893,816.1871,0.285644531,0
1.66848,1666,816.1893,816.1871,0.285644531,0
1.66851,1667,816.1893,816.1871,0.285644531,0
1.66971,1668,816.1893,816.1871,0.285644531,0
1.66973,1669,816.1893,816.1871,0.285644531,0
1.67154,1670,816.1893,816.1871,0.285644531,0
1.67339,1671,816.1893,816.1871,0.285644531,0
1.67341,1672,816.1893,816.1871,0.285644531,0
1.67465,1673,816.1893,816.1871,0.285644531,0
1.67646,1674,816.1893,816.1871,0.285644531,0
1.67648,1675,816.1893,816.1871,0.285644531,0
1.67771,1676,816.1893,816.1871,0.285644531,0
1.67772,1677,816.1893,816.1871,0.285644531,0
1.67953,1678,816.1893,816.1871,0.285644531,0
1.68138,1679,816.1893,816.1871,0.285644531,0
1.68141,1680,816.1893,816.1871,0.285644531,0
1.68265,1681,816.1893,816.1871,0.285644531,0
1.68447,1682,816.1893,816.1871,0.285644531,0
1.68449,1683,816.1893,816.1871,0.285644531,0
1.68575,1684,816.1893,816.1871,0.285644531,0
1.68578,1685,816.1893,816.1871,0.285644531,0
1.68755,1686,816.1893,816.1871,0.285644531,0
1.68939,1687,816.1893,816.1871,0.285644531,0
1.68943,1688,816.1893,816.1871,0.285644531,0
1.69065,1689,816.1893,816.1871,0.285644531,0
1.69248,1690,816.1893,816.1871,0.285644531,0
1.69250,1691,816.1893,816.1871,0.285644531,0
1.69371,1692,816.1893,816.1871,0.285644531,0
1.69373,1693,816.1893,816.1871,0.285644531,0
1.69557,1694,816.1893,816.1871,0.285644531,0
1.69738,1695,816.1893,816.1871,0.285644531,0
1.69741,1696,816.1893,816.1871,0.285644531,0
1.69867,1697,816.1893,816.1871,0.285644531,0
1.70046,1698,816.1893,816.1871,0.285644531,0
1.70048,1699,816.1893,816.1871,0.285644531,0
1.70184,1700,816.1893,816.1871,0.285644531,0
1.70189,1701,816.1893,816.1871,0.285644531,0
1.70355,1702,816.1893,816.1871,0.285644531,0
1.70538,1703,816.1893,816.1871,0.285644531,0
1.70542,1704,816.1893,816.1871,0.285644531,0
1.70670,1705,816.1893,816.1871,0.285644531,0
1.70856,1706,816.1893,816.1871,0.285644531,0
1.70861,1707,816.1893,816.1871,0.285644531,0
1.70973,1708,816.1893,816.1871,0.285644531,0
1.70975,1709,816.1893,816.1871,0.285644531,0
1.71156,1710,816.1893,816.1871,0.285644531,0
1.71338,1711,816.1893,816.1871,0.285644531,0
1.71342,1712,816.1893,816.1871,0.285644531,0
1.71466,1713,816.1893,816.1871,0.285644531,0
1.71648,1714,816.1893,816.1871,0.285644531,0
1.71650,1715,816.1893,816.1871,0.285644531,0
1.71770,1716,816.1893,816.1871,0.285644531,0
1.71772,1717,816.1893,816.187134,0.234985352,0
1.71956,1718,816.1893,816.187134,0.277709961,0.0109064905
1.72140,1719,816.1893,816.187256,0.1763916,0.0109064905
1.72143,1720,816.1893,816.187256,0.26184082,0.0109064905
1.72268,1721,816.1893,816.187256,0.26184082,0.0109064905
1.72446,1722,816.1893,816.187256,0.26184082,0.0109064905
1.72449,1723,816.1893,816.187256,0.26184082,0
1.72571,1724,816.1893,816.187134,0.36315918,0
1.72573,1725,816.1893,816.187134,0.277709961,-0.0163597353
1.72757,1726,816.1893,816.187134,0.277709961,-0.0163597353
1.72939,1727,816.1893,816.187134,0.277709961,-0.0163597353
1.72944,1728,816.1893,816.187134,0.277709961,-0.0272662267
1.73065,1729,816.1893,816.187134,0.277709961,-0.0163597353
1.73248,1730,816.1893,816.187134,0.277709961,-0.0163597353
1.73251,1731,816.1893,816.187134,0.277709961,-0.0163597353
1.73371,1732,816.1893,816.187134,0.277709961,0
1.73373,1733,816.1893,816.187134,0.277709961,0
1.73555,1734,816.1893,816.187134,0.277709961,0
1.73751,1735,816.1893,816.187134,0.277709961,0
1.73754,1736,816.1893,816.187134,0.277709961,0
1.73869,1737,816.1893,816.187134,0.277709961,0
1.74049,1738,816.1893,816.187134,0.277709961,0
1.74051,1739,816.1893,816.187134,0.277709961,0
1.74173,1740,816.1893,816.187256,0.1763916,0
1.74176,1741,816.1893,816.187256,0.26184082,0
1.74353,1742,816.1893,816.187256,0.26184082,0
1.74539,1743,816.1893,816.187256,0.26184082,0
1.74541,1744,816.1893,816.187256,0.26184082,0
1.74665,1745,816.1893,816.187256,0.26184082,0
1.74846,1746,816.1893,816.187256,0.26184082,0
1.74848,1747,816.1893,816.187256,0.26184082,0
1.74971,1748,816.1893,816.187256,0.26184082,0
1.74972,1749,816.1893,816.187256,0.26184082,0
1.75163,1750,816.1893,816.187256,0.26184082,0
1.75340,1751,816.1893,816.187256,0.26184082,0
1.75345,1752,816.1893,816.187256,0.26184082,0
1.75468,1753,816.1893,816.187256,0.26184082,0
1.75648,1754,816.1893,816.187256,0.26184082,0
1.75650,1755,816.1893,816.187256,0.26184082,0
1.75772,1756,816.1893,816.187256,0.26184082,0
1.75777,1757,816.1893,816.187256,0.26184082,0
1.75958,1758,816.1893,816.187256,0.26184082,0
1.76140,1759,816.1893,816.187256,0.26184082,0
1.76143,1760,816.1893,816.187256,0.26184082,0
1.76265,1761,816.1893,816.187256,0.26184082,0
1.76449,1762,816.1893,816.187256,0.26184082,0
1.76454,1763,816.1893,816.187256,0.26184082,0
1.76575,1764,816.1893,816.187256,0.26184082,0
1.76580,1765,816.1893,816.187256,0.26184082,0
1.76759,1766,816.1893,816.187256,0.26184082,0
1.76940,1767,816.1893,816.187256,0.26184082,0
1.76944,1768,816.1893,816.187256,0.26184082,0
1.77069,1769,816.1893,816.187256,0.26184082,0
1.77249,1770,816.1893,816.187256,0.26184082,0
1.77254,1771,816.1893,816.187256,0.26184082,0
1.77375,1772,816.1893,816.187256,0.26184082,0
1.77379,1773,816.1893,816.187256,0.26184082,0
1.77557,1774,816.1893,816.187256,0.26184082,0
1.77735,1775,816.1893,816.187256,0.26184082,0
1.77742,1776,816.1893,816.187256,0.26184082,0
1.77869,1777,816.1893,816.187256,0.26184082,0
1.78048,1778,816.1893,816.187256,0.26184082,0
1.78051,1779,816.1893,816.187256,0.26184082,0
1.78172,1780,816.1893,816.187256,0.26184082,0
1.78174,1781,816.1893,816.187256,0.26184082,0
1.78356,1782,816.1893,816.187256,0.26184082,0
1.78543,1783,816.1893,816.187256,0.26184082,0
1.78548,1784,816.1893,816.187256,0.26184082,0
1.78666,1785,816.1893,816.187256,0.26184082,0
1.78849,1786,816.1893,816.187256,0.26184082,0
1.78851,1787,816.1893,816.187256,0.26184082,0
1.78971,1788,816.1893,816.187256,0.26184082,0
1.78974,1789,816.1893,816.187256,0.26184082,0
1.79158,1790,816.1893,816.187256,0.26184082,0
1.79338,1791,816.1893,816.187256,0.26184082,0
1.79342,1792,816.1893,816.187256,0.26184082,0
1.79465,1793,816.1893,816.187256,0.26184082,0
1.79647,1794,816.1893,816.187256,0.26184082,0
1.79651,1795,816.1893,816.187256,0.26184082,0
1.79774,1796,816.1893,816.187256,0.26184082,0
1.79776,1797,816.1893,816.187256,0.26184082,0
1.79958,1798,816.1893,816.187256,0.26184082,0
1.80172,1799,816.1893,816.187256,0.26184082,0
1.80175,1800,816.1893,816.187256,0.26184082,0
1.80267,1801,816.1893,816.187256,0.26184082,0
1.80450,1802,816.1893,816.187256,0.26184082,0
1.80453,1803,816.1893,816.187256,0.26184082,0
1.80573,1804,816.1893,816.187256,0.26184082,0
1.80576,1805,816.1893,816.187256,0.26184082,0
1.80759,1806,816.1893,816.187256,0.26184082,0
1.80938,1807,816.1893,816.187256,0.26184082,0
1.80941,1808,816.1893,816.187256,0.26184082,0
1.81065,1809,816.1893,816.187256,0.26184082,0
1.81249,1810,816.1893,816.187256,0.26184082,0
1.81252,1811,816.1893,816.187256,0.26184082,0
1.81371,1812,816.1893,816.187256,0.26184082,0
1.81372,1813,816.1893,816.187256,0.26184082,0
1.81556,1814,816.1893,816.187256,0.26184082,0.0109064905
1.81737,1815,816.1893,816.187256,0.26184082,0.0109064905
1.81739,1816,816.1893,816.187256,0.26184082,0.0109064905
1.81867,1817,816.1893,816.187256,0.26184082,0.0109064905
1.82047,1818,816.1893,816.187256,0.26184082,0.0109064905
1.82062,1819,816.1893,816.1873,0.211181641,0.0109064905
1.82172,1820,816.1893,816.1873,0.25390625,0.0109064905
1.82174,1821,816.1893,816.1873,0.25390625,0
1.82359,1822,816.1893,816.1873,0.25390625,0
1.82538,1823,816.1893,816.1873,0.25390625,0
1.82540,1824,816.1893,816.1873,0.25390625,-0.0163597353
1.82667,1825,816.1893,816.1873,0.25390625,-0.0163597353
1.82850,1826,816.1893,816.1873,0.25390625,0
1.82852,1827,816.1893,816.1873,0.25390625,0
1.82972,1828,816.1893,816.1873,0.25390625,0
1.82976,1829,816.1893,816.1873,0.25390625,0
1.83160,1830,816.1893,816.1873,0.25390625,0
1.83339,1831,816.1893,816.1873,0.25390625,0
1.83343,1832,816.1893,816.1873,0.25390625,0
1.83497,1833,816.1893,816.1873,0.25390625,0
1.83651,1834,816.1893,816.1873,0.25390625,0
1.83656,1835,816.1893,816.1873,0.25390625,0
1.83771,1836,816.1893,816.1873,0.25390625,0
1.83773,1837,816.1893,816.1873,0.25390625,0
1.83959,1838,816.1893,816.1873,0.25390625,0
1.84140,1839,816.1893,816.1873,0.25390625,0
1.84144,1840,816.1893,816.1873,0.25390625,0
1.84265,1841,816.1893,816.1873,0.25390625,0
1.84447,1842,816.1893,816.1873,0.25390625,0
1.84450,1843,816.1893,816.1873,0.25390625,0
1.84571,1844,816.1893,816.1873,0.25390625,0
1.84573,1845,816.1893,816.1873,0.25390625,0
1.84755,1846,816.1893,816.1873,0.25390625,0
1.84938,1847,816.1893,816.1873,0.25390625,0
1.84941,1848,816.1893,816.1873,0.25390625,0
1.85066,1849,816.1893,816.1873,0.25390625,0
1.85253,1850,816.1893,816.1873,0.25390625,0
1.85257,1851,816.1893,816.1873,0.25390625,0
1.85372,1852,816.1893,816.1873,0.25390625,0
1.85375,1853,816.1893,816.1873,0.25390625,0
1.85556,1854,816.1893,816.1873,0.25390625,0
1.85738,1855,816.1893,816.1873,0.25390625,0
1.85741,1856,816.1893,816.1873,0.25390625,0
1.85869,1857,816.1893,816.1873,0.25390625,0
1.86046,1858,816.1893,816.1873,0.25390625,0
1.86049,1859,816.1893,816.1873,0.25390625,0
1.86171,1860,816.1893,816.1873,0.25390625,0
1.86173,1861,816.1893,816.1873,0.25390625,0
1.86357,1862,816.1893,816.1873,0.25390625,0
1.86539,1863,816.1893,816.1873,0.25390625,0
1.86542,1864,816.1893,816.1873,0.25390625,0
1.86665,1865,816.1893,816.1873,0.25390625,0
1.86850,1866,816.1893,816.1873,0.25390625,0
1.86855,1867,816.1893,816.1874,0.20324707,0
1.86971,1868,816.1893,816.1874,0.24597168,0.0109064905
1.86973,1869,816.1893,816.1874,0.24597168,0.0109064905
1.87159,1870,816.1893,816.1874,0.24597168,0.0109064905
1.87343,1871,816.1893,816.1874,0.24597168,0.0109064905
1.87346,1872,816.1893,816.1874,0.24597168,0.0109064905
1.87467,1873,816.1893,816.1874,0.24597168,0
1.87647,1874,816.1893,816.1874,0.24597168,0
1.87650,1875,816.1893,816.1874,0.24597168,0
1.87770,1876,816.1893,816.1874,0.24597168,-0.0163597353
1.87771,1877,816.1893,816.1874,0.24597168,0
1.87956,1878,816.1893,816.1874,0.24597168,0
1.88139,1879,816.1893,816.1874,0.24597168,0
1.88142,1880,816.1893,816.1874,0.24597168,0
1.88266,1881,816.1893,816.1874,0.24597168,0
1.88450,1882,816.1893,816.1874,0.24597168,0
1.88453,1883,816.1893,816.1874,0.24597168,0
1.88572,1884,816.1893,816.1874,0.24597168,0
1.88573,1885,816.1893,816.1874,0.24597168,0
1.88756,1886,816.1893,816.1874,0.24597168,0
1.88940,1887,816.1893,816.1874,0.24597168,0
1.88943,1888,816.1893,816.1874,0.24597168,0
1.89068,1889,816.1893,816.1874,0.24597168,0
1.89246,1890,816.1893,816.1874,0.24597168,0
1.89249,1891,816.1893,816.1874,0.24597168,0
1.89374,1892,816.1893,816.1874,0.24597168,0
1.89376,1893,816.1893,816.1874,0.24597168,0
1.89554,1894,816.1893,816.1874,0.24597168,0
1.89739,1895,816.1893,816.1874,0.24597168,0
1.89741,1896,816.1893,816.1874,0.24597168,0
1.89866,1897,816.1893,816.1874,0.24597168,0
1.90047,1898,816.1893,816.1874,0.24597168,0
1.90051,1899,816.1893,816.1874,0.24597168,0
1.90182,1900,816.1893,816.1874,0.24597168,0
1.90188,1901,816.1893,816.1874,0.24597168,0
1.90358,1902,816.1893,816.1874,0.24597168,0
1.90538,1903,816.1893,816.1874,0.24597168,0
1.90539,1904,816.1893,816.1874,0.24597168,0
1.90668,1905,816.1893,816.1874,0.24597168,0
1.90847,1906,816.1893,816.1874,0.24597168,0
1.90849,1907,816.1893,816.1874,0.24597168,0
1.90971,1908,816.1893,816.1874,0.24597168,0
1.90973,1909,816.1893,816.1874,0.24597168,0
1.91157,1910,816.1893,816.1874,0.24597168,0
1.91341,1911,816.1893,816.1874,0.24597168,0
1.91343,1912,816.1893,816.1874,0.24597168,0
1.91465,1913,816.1893,816.1874,0.24597168,0
1.91649,1914,816.1893,816.1874,0.24597168,0
1.91652,1915,816.1893,816.1874,0.24597168,0
1.91770,1916,816.1893,816.1874,0.24597168,0
1.91772,1917,816.1893,816.1874,0.24597168,0
1.91957,1918,816.1893,816.1874,0.24597168,0
1.92138,1919,816.1893,816.1874,0.24597168,0.0109064905
1.92140,1920,816.1893,816.1874,0.24597168,0.0109064905
1.92267,1921,816.1893,816.1875,0.14465332,0.0109064905
1.92449,1922,816.1893,816.1875,0.230102539,0.0109064905
1.92453,1923,816.1893,816.1875,0.230102539,0.0109064905
1.92572,1924,816.1893,816.1875,0.230102539,0.0109064905
1.92576,1925,816.1893,816.1875,0.230102539,0
1.92759,1926,816.1893,816.1875,0.230102539,0
1.92940,1927,816.1893,816.1875,0.230102539,-0.0163597353
1.92943,1928,816.1893,816.1875,0.230102539,-0.0163597353
1.93066,1929,816.1893,816.1875,0.230102539,0
1.93247,1930,816.1893,816.1875,0.230102539,0
1.93250,1931,816.1893,816.1875,0.230102539,0
1.93371,1932,816.1893,816.1875,0.230102539,0
1.93373,1933,816.1893,816.1875,0.230102539,0
1.93557,1934,816.1893,816.1875,0.230102539,0
1.93738,1935,816.1893,816.1875,0.230102539,0
1.93740,1936,816.1893,816.1875,0.230102539,0
1.93869,1937,816.1893,816.1875,0.230102539,0
1.94046,1938,816.1893,816.1875,0.230102539,0
1.94049,1939,816.1893,816.1875,0.230102539,0
1.94171,1940,816.1893,816.1875,0.230102539,0
1.94172,1941,816.1893,816.1875,0.230102539,0
1.94356,1942,816.1893,816.1875,0.230102539,0
1.94536,1943,816.1893,816.1875,0.230102539,0
1.94538,1944,816.1893,816.1875,0.230102539,0
1.94666,1945,816.1893,816.1875,0.230102539,0
1.94847,1946,816.1893,816.1875,0.230102539,0
1.94849,1947,816.1893,816.1875,0.230102539,0
1.94970,1948,816.1893,816.1875,0.230102539,0
1.94971,1949,816.1893,816.1875,0.230102539,0
1.95175,1950,816.1893,816.1875,0.230102539,0
1.95338,1951,816.1893,816.1875,0.230102539,0
1.95341,1952,816.1893,816.1875,0.230102539,0
1.95471,1953,816.1893,816.1875,0.230102539,0
1.95647,1954,816.1893,816.1875,0.230102539,0
1.95650,1955,816.1893,816.1875,0.230102539,0
1.95771,1956,816.1893,816.1875,0.230102539,0
1.95773,1957,816.1893,816.1875,0.230102539,0
1.95957,1958,816.1893,816.1875,0.230102539,0
1.96138,1959,816.1893,816.1875,0.230102539,0
1.96141,1960,816.1893,816.1875,0.230102539,0
1.96266,1961,816.1893,816.1875,0.230102539,0
1.96448,1962,816.1893,816.1875,0.230102539,0
1.96450,1963,816.1893,816.1875,0.230102539,0
1.96570,1964,816.1893,816.1875,0.230102539,0
1.96571,1965,816.1893,816.1875,0.230102539,0
1.96754,1966,816.1893,816.1875,0.230102539,0
1.96941,1967,816.1893,816.1875,0.230102539,0
1.96944,1968,816.1893,816.1875,0.230102539,0
1.97072,1969,816.1893,816.1875,0.230102539,0
1.97246,1970,816.1893,816.1875,0.230102539,0
1.97248,1971,816.1893,816.1875,0.230102539,0
1.97371,1972,816.1893,816.1875,0.230102539,0
1.97375,1973,816.1893,816.1875,0.230102539,0
1.97556,1974,816.1893,816.1875,0.230102539,0
1.97739,1975,816.1893,816.1875,0.230102539,0
1.97741,1976,816.1893,816.1875,0.230102539,0
1.97866,1977,816.1893,816.1875,0.230102539,0
1.98045,1978,816.1893,816.1875,0.230102539,0
1.98048,1979,816.1893,816.1875,0.230102539,0
1.98170,1980,816.1893,816.1875,0.230102539,0
1.98172,1981,816.1893,816.1875,0.230102539,0
1.98358,1982,816.1893,816.1875,0.230102539,0
1.98538,1983,816.1893,816.1875,0.230102539,0
1.98539,1984,816.1893,816.1875,0.230102539,0
1.98670,1985,816.1893,816.1875,0.230102539,0
1.98845,1986,816.1893,816.1875,0.230102539,0
1.98850,1987,816.1893,816.1875,0.230102539,0
1.98970,1988,816.1893,816.1875,0.230102539,0
1.98972,1989,816.1893,816.1875,0.230102539,0
1.99158,1990,816.1893,816.1875,0.230102539,0
1.99337,1991,816.1893,816.1875,0.230102539,0
1.99339,1992,816.1893,816.1875,0.230102539,0
1.99467,1993,816.1893,816.187561,0.179443359,0
1.99645,1994,816.1893,816.187561,0.222167969,0
1.99648,1995,816.1893,816.187561,0.222167969,0
1.99774,1996,816.1893,816.187561,0.222167969,0.0109064905
1.99776,1997,816.1893,816.187561,0.222167969,0.0109064905
1.99954,1998,816.1893,816.187561,0.222167969,0.0109064905
2.00167,1999,816.1893,816.187561,0.222167969,0.0109064905
2.00172,2000,816.1893,816.187561,0.222167969,0.0109064905
2.00267,2001,816.1893,816.187561,0.222167969,0
2.00447,2002,816.1893,816.187561,0.222167969,0
2.00450,2003,816.1893,816.187561,0.222167969,0
2.00572,2004,816.1893,816.187561,0.222167969,-0.0163597353
2.00573,2005,816.1893,816.187561,0.222167969,-0.0163597353
2.00756,2006,816.1893,816.187561,0.222167969,0
2.00936,2007,816.1893,816.187561,0.222167969,0
2.00937,2008,816.1893,816.187561,0.222167969,0
2.01065,2009,816.1893,816.187561,0.222167969,0
2.01246,2010,816.1893,816.187561,0.222167969,0
2.01250,2011,816.1893,816.187561,0.222167969,0
2.01370,2012,816.1893,816.187561,0.222167969,0
2.01372,2013,816.1893,816.187561,0.222167969,0
2.01558,2014,816.1893,816.187561,0.222167969,0
2.01737,2015,816.1893,816.187561,0.222167969,0
2.01740,2016,816.1893,816.187561,0.222167969,0
2.01872,2017,816.1893,816.187561,0.222167969,0
2.02067,2018,816.1893,816.187561,0.222167969,0
2.02071,2019,816.1893,816.187561,0.222167969,0
2.02172,2020,816.1893,816.187561,0.222167969,0
2.02174,2021,816.1893,816.187561,0.222167969,0
2.02355,2022,816.1893,816.187561,0.222167969,0
2.02536,2023,816.1893,816.187561,0.222167969,0
2.02538,2024,816.1893,816.187561,0.222167969,0
2.02668,2025,816.1893,816.187561,0.222167969,0
2.02847,2026,816.1893,816.187561,0.222167969,0
2.02850,2027,816.1893,816.187561,0.222167969,0
2.02971,2028,816.1893,816.187561,0.222167969,0
2.02973,2029,816.1893,816.187561,0.222167969,0
2.03156,2030,816.1893,816.187561,0.222167969,0
2.03337,2031,816.1893,816.187561,0.222167969,0
2.03339,2032,816.1893,816.187561,0.222167969,0
2.03490,2033,816.1893,816.187561,0.222167969,0
2.03645,2034,816.1893,816.187561,0.222167969,0
2.03647,2035,816.1893,816.187561,0.222167969,0
2.03772,2036,816.1893,816.187561,0.222167969,0
2.03773,2037,816.1893,816.187561,0.222167969,0
2.03953,2038,816.1893,816.187561,0.222167969,0
2.04136,2039,816.1893,816.187561,0.222167969,0
2.04138,2040,816.1893,816.187561,0.222167969,0
2.04268,2041,816.1893,816.187561,0.222167969,0
2.04444,2042,816.1893,816.187561,0.222167969,0
2.04446,2043,816.1893,816.187561,0.222167969,0
2.04570,2044,816.1893,816.187561,0.222167969,0
2.04571,2045,816.1893,816.187561,0.222167969,0
2.04755,2046,816.1893,816.187561,0.222167969,0
2.04938,2047,816.1893,816.187561,0.222167969,0
2.04940,2048,816.1893,816.187561,0.222167969,0
2.05071,2049,816.1893,816.187561,0.222167969,0
2.05251,2050,816.1893,816.187561,0.222167969,0
2.05255,2051,816.1893,816.187561,0.222167969,0
2.05372,2052,816.1893,816.187561,0.222167969,0
2.05373,2053,816.1893,816.187561,0.222167969,0
2.05554,2054,816.1893,816.187561,0.222167969,0
2.05737,2055,816.1893,816.187561,0.222167969,0
2.05739,2056,816.1893,816.1876,0.171508789,0.0109064905
2.05868,2057,816.1893,816.1876,0.2142334,0.0109064905
2.06045,2058,816.1893,816.1876,0.2142334,0.0109064905
2.06047,2059,816.1893,816.1877,0.163574219,0.0109064905
2.06171,2060,816.1893,816.1877,0.206298828,0.0109064905
2.06174,2061,816.1893,816.1876,0.256958,0
2.06354,2062,816.1893,816.1876,0.2142334,0
2.06536,2063,816.1893,816.1876,0.2142334,-0.0163597353
2.06538,2064,816.1893,816.1876,0.2142334,-0.0163597353
2.06668,2065,816.1893,816.1876,0.2142334,-0.0163597353
2.06845,2066,816.1893,816.1876,0.2142334,0
2.06849,2067,816.1893,816.1876,0.2142334,0
2.06977,2068,816.1893,816.1876,0.2142334,0
2.06980,2069,816.1893,816.1876,0.2142334,0
2.07154,2070,816.1893,816.1876,0.2142334,0
2.07336,2071,816.1893,816.1876,0.2142334,0
2.07337,2072,816.1893,816.1876,0.2142334,0
2.07470,2073,816.1893,816.1876,0.2142334,0
2.07647,2074,816.1893,816.1876,0.2142334,0
2.07649,2075,816.1893,816.1876,0.2142334,0
2.07781,2076,816.1893,816.1876,0.2142334,0
2.07786,2077,816.1893,816.1876,0.2142334,0
2.07953,2078,816.1893,816.1876,0.2142334,0
2.08136,2079,816.1893,816.1876,0.2142334,0
2.08137,2080,816.1893,816.1876,0.2142334,0
2.08268,2081,816.1893,816.1876,0.2142334,0
2.08444,2082,816.1893,816.1876,0.2142334,0
2.08446,2083,816.1893,816.1876,0.2142334,0
2.08573,2084,816.1893,816.1876,0.2142334,0
2.08577,2085,816.1893,816.1876,0.2142334,0
2.08754,2086,816.1893,816.1876,0.2142334,0
2.08937,2087,816.1893,816.1876,0.2142334,0
2.08940,2088,816.1893,816.1876,0.2142334,0
2.09069,2089,816.1893,816.1876,0.2142334,0
2.09245,2090,816.1893,816.1876,0.2142334,0
2.09246,2091,816.1893,816.1876,0.2142334,0
2.09373,2092,816.1893,816.1876,0.2142334,0
2.09374,2093,816.1893,816.1876,0.2142334,0
2.09553,2094,816.1893,816.1876,0.2142334,0
2.09738,2095,816.1893,816.1876,0.2142334,0
2.09739,2096,816.1893,816.1876,0.2142334,0
2.09866,2097,816.1893,816.1876,0.2142334,0
2.10045,2098,816.1893,816.1876,0.2142334,0
2.10047,2099,816.1893,816.1876,0.2142334,0
2.10181,2100,816.1893,816.1876,0.2142334,0
2.10185,2101,816.1893,816.1876,0.2142334,0
2.10355,2102,816.1893,816.1876,0.2142334,0
2.10539,2103,816.1893,816.1876,0.2142334,0
2.10541,2104,816.1893,816.1876,0.2142334,0
2.10666,2105,816.1893,816.1876,0.2142334,0
2.10844,2106,816.1893,816.1876,0.2142334,0
2.10847,2107,816.1893,816.1876,0.2142334,0
2.10973,2108,816.1893,816.1876,0.2142334,0
2.10974,2109,816.1893,816.1876,0.2142334,0
2.11155,2110,816.1893,816.1876,0.2142334,0
2.11339,2111,816.1893,816.1876,0.2142334,0
2.11343,2112,816.1893,816.1876,0.2142334,0
2.11466,2113,816.1893,816.1876,0.2142334,0
2.11644,2114,816.1893,816.1876,0.2142334,0
2.11646,2115,816.1893,816.1876,0.2142334,0
2.11770,2116,816.1893,816.1876,0.2142334,0
2.11772,2117,816.1893,816.1876,0.2142334,0
2.11955,2118,816.1893,816.1876,0.2142334,0
2.12140,2119,816.1893,816.1876,0.2142334,0
2.12142,2120,816.1893,816.1876,0.2142334,0
2.12266,2121,816.1893,816.1876,0.2142334,0
2.12445,2122,816.1893,816.1876,0.2142334,0
2.12446,2123,816.1893,816.1876,0.2142334,0
2.12573,2124,816.1893,816.1877,0.163574219,0
2.12575,2125,816.1893,816.1877,0.206298828,0
2.12753,2126,816.1893,816.1877,0.206298828,0.0109064905
2.12940,2127,816.1893,816.1877,0.206298828,0.0109064905
2.12943,2128,816.1893,816.1877,0.206298828,0.0109064905
2.13066,2129,816.1893,816.1877,0.206298828,0.0109064905
2.13245,2130,816.1893,816.1877,0.206298828,0.0109064905
2.13248,2131,816.1893,816.1877,0.206298828,0.0109064905
2.13370,2132,816.1893,816.1877,0.206298828,0.0109064905
2.13371,2133,816.1893,816.1877,0.206298828,0
2.13556,2134,816.1893,816.1877,0.206298828,-0.0163597353
2.13744,2135,816.1893,816.1877,0.206298828,-0.0163597353
2.13746,2136,816.1893,816.1877,0.206298828,0
2.13867,2137,816.1893,816.1877,0.206298828,0
2.14045,2138,816.1893,816.1877,0.206298828,0
2.14047,2139,816.1893,816.1877,0.206298828,0
2.14173,2140,816.1893,816.1877,0.206298828,0
2.14174,2141,816.1893,816.1877,0.206298828,0
2.14355,2142,816.1893,816.1877,0.206298828,0
2.14540,2143,816.1893,816.1877,0.206298828,0
2.14543,2144,816.1893,816.1877,0.206298828,0
2.14666,2145,816.1893,816.1877,0.206298828,0
2.14844,2146,816.1893,816.1877,0.206298828,0
2.14846,2147,816.1893,816.1877,0.206298828,0
2.14970,2148,816.1893,816.1877,0.206298828,0
2.14971,2149,816.1893,816.1877,0.206298828,0
2.15160,2150,816.1893,816.1877,0.206298828,0
2.15338,2151,816.1893,816.1877,0.206298828,0
2.15339,2152,816.1893,816.1877,0.206298828,0
2.15468,2153,816.1893,816.1877,0.206298828,0
2.15645,2154,816.1893,816.1877,0.206298828,0
2.15647,2155,816.1893,816.1877,0.206298828,0
2.15774,2156,816.1893,816.1877,0.206298828,0
2.15778,2157,816.1893,816.1877,0.206298828,0
2.15955,2158,816.1893,816.1877,0.206298828,0
2.16139,2159,816.1893,816.1877,0.206298828,0
2.16143,2160,816.1893,816.1877,0.206298828,0
2.16267,2161,816.1893,816.1877,0.206298828,0
2.16444,2162,816.1893,816.1877,0.206298828,0
2.16445,2163,816.1893,816.1877,0.206298828,0
2.16571,2164,816.1893,816.1877,0.206298828,0
2.16573,2165,816.1893,816.1877,0.206298828,0
2.16755,2166,816.1893,816.1877,0.206298828,0
2.16939,2167,816.1893,816.1877,0.206298828,0
2.16942,2168,816.1893,816.1877,0.206298828,0
2.17069,2169,816.1893,816.1877,0.206298828,0
2.17248,2170,816.1893,816.1877,0.206298828,0
2.17250,2171,816.1893,816.1877,0.206298828,0
2.17374,2172,816.1893,816.1877,0.206298828,0
2.17375,2173,816.1893,816.1877,0.206298828,0
2.17554,2174,816.1893,816.1877,0.206298828,0
2.17737,2175,816.1893,816.1877,0.206298828,0
2.17739,2176,816.1893,816.1877,0.206298828,0
2.17868,2177,816.1893,816.1877,0.206298828,0
2.18047,2178,816.1893,816.1877,0.206298828,0
2.18049,2179,816.1893,816.1877,0.206298828,0
2.18170,2180,816.1893,816.1877,0.206298828,0
2.18172,2181,816.1893,816.1877,0.206298828,0
2.18355,2182,816.1893,816.1877,0.206298828,0
2.18543,2183,816.1893,816.1877,0.206298828,0
2.18545,2184,816.1893,816.1877,0.206298828,0
2.19803,2185,816.1893,816.1877,0.206298828,0
2.19811,2186,816.1893,816.1877,0.206298828,0
2.19814,2187,816.1893,816.1877,0.206298828,0
2.19816,2188,816.1893,816.1877,0.206298828,0
2.19818,2189,816.1893,816.1878,0.104980469,0
2.19819,2190,816.1893,816.1878,0.190429688,0
2.19821,2191,816.1893,816.1878,0.190429688,0
2.19823,2192,816.1893,816.187866,0.139770508,0.0109064905
2.19825,2193,816.1893,816.187866,0.182495117,0.0109064905
2.19827,2194,816.1893,816.187866,0.182495117,0.0109064905
2.19829,2195,816.1893,816.1878,0.2331543,-0.0163597353
2.19831,2196,816.1893,816.1878,0.190429688,-0.0163597353
2.19832,2197,816.1893,816.1877,0.291748047,-0.0272662267
2.19958,2198,816.1893,816.1877,0.206298828,-0.0272662267
2.20175,2199,816.1893,816.1877,0.206298828,-0.0163597353
2.20184,2200,816.1893,816.1877,0.206298828,-0.0163597353
2.20270,2201,816.1893,816.1877,0.206298828,0
2.20447,2202,816.1893,816.1877,0.206298828,0
2.20449,2203,816.1893,816.1877,0.206298828,0
2.20571,2204,816.1893,816.1877,0.206298828,0
2.20572,2205,816.1893,816.1878,0.104980469,0
2.20758,2206,816.1893,816.1878,0.190429688,0
2.20941,2207,816.1893,816.1878,0.190429688,0
2.20945,2208,816.1893,816.1878,0.190429688,0
2.21066,2209,816.1893,816.1878,0.190429688,0
2.21246,2210,816.1893,816.1878,0.190429688,0
2.21248,2211,816.1893,816.1878,0.190429688,0
2.21370,2212,816.1893,816.1878,0.190429688,0
2.21372,2213,816.1893,816.1878,0.190429688,0
2.21555,2214,816.1893,816.1878,0.190429688,0
2.21738,2215,816.1893,816.1878,0.190429688,0
2.21740,2216,816.1893,816.1878,0.190429688,0
2.21868,2217,816.1893,816.1878,0.190429688,0
2.22047,2218,816.1893,816.1878,0.190429688,0
2.22050,2219,816.1893,816.1878,0.190429688,0
2.22173,2220,816.1893,816.1878,0.190429688,0
2.22175,2221,816.1893,816.1878,0.190429688,0
2.22356,2222,816.1893,816.1878,0.190429688,0
2.22540,2223,816.1893,816.1878,0.190429688,0
2.22542,2224,816.1893,816.1878,0.190429688,0
2.22666,2225,816.1893,816.1878,0.190429688,0
2.22845,2226,816.1893,816.1878,0.190429688,0
2.22847,2227,816.1893,816.1878,0.190429688,0
2.22970,2228,816.1893,816.1878,0.190429688,0
2.22971,2229,816.1893,816.1878,0.190429688,0
2.23155,2230,816.1893,816.1878,0.190429688,0
2.23340,2231,816.1893,816.1878,0.190429688,0
2.23343,2232,816.1893,816.1878,0.190429688,0
2.23486,2233,816.1893,816.1878,0.190429688,0
2.23651,2234,816.1893,816.1878,0.190429688,0
2.23656,2235,816.1893,816.1878,0.190429688,0
2.23774,2236,816.1893,816.1878,0.190429688,0
2.23776,2237,816.1893,816.1878,0.190429688,0
2.23956,2238,816.1893,816.1878,0.190429688,0
2.24141,2239,816.1893,816.1878,0.190429688,0
2.24143,2240,816.1893,816.1878,0.190429688,0
2.24266,2241,816.1893,816.1878,0.190429688,0
2.24447,2242,816.1893,816.1878,0.190429688,0
2.24448,2243,816.1893,816.1878,0.190429688,0
2.24570,2244,816.1893,816.1878,0.190429688,0
2.24571,2245,816.1893,816.1878,0.190429688,0
2.24759,2246,816.1893,816.1878,0.190429688,0
2.24936,2247,816.1893,816.1878,0.190429688,0
2.24938,2248,816.1893,816.1878,0.190429688,0
2.25067,2249,816.1893,816.1878,0.190429688,0
2.25251,2250,816.1893,816.1878,0.190429688,0
2.25255,2251,816.1893,816.1878,0.190429688,0
2.25371,2252,816.1893,816.1878,0.190429688,0
2.25375,2253,816.1893,816.1878,0.190429688,0
2.25556,2254,816.1893,816.1878,0.190429688,0
2.25737,2255,816.1893,816.1878,0.190429688,0
2.25740,2256,816.1893,816.1878,0.190429688,0
2.25868,2257,816.1893,816.1878,0.190429688,0
2.26050,2258,816.1893,816.187866,0.139770508,0
2.26053,2259,816.1893,816.187866,0.182495117,0
2.26171,2260,816.1893,816.187866,0.182495117,0
2.26173,2261,816.1893,816.187866,0.182495117,0
2.26357,2262,816.1893,816.187866,0.182495117,0
2.26538,2263,816.1893,816.187866,0.182495117,0
2.26541,2264,816.1893,816.187866,0.182495117,0
2.26668,2265,816.1893,816.187866,0.182495117,0
2.26852,2266,816.1893,816.187866,0.182495117,0
2.26854,2267,816.1893,816.187866,0.182495117,0
2.26972,2268,816.1893,816.187866,0.182495117,0
2.26974,2269,816.1893,816.187866,0.182495117,0
2.27156,2270,816.1893,816.187866,0.182495117,0
2.27339,2271,816.1893,816.187866,0.182495117,0
2.27341,2272,816.1893,816.187866,0.182495117,0
2.27467,2273,816.1893,816.187866,0.182495117,0
2.27648,2274,816.1893,816.187866,0.182495117,0
2.27651,2275,816.1893,816.187866,0.182495117,0
2.27771,2276,816.1893,816.187866,0.182495117,0
2.27773,2277,816.1893,816.187866,0.182495117,0
2.27957,2278,816.1893,816.187866,0.182495117,0
2.28138,2279,816.1893,816.187866,0.182495117,0
2.28141,2280,816.1893,816.187866,0.182495117,0
2.28269,2281,816.1893,816.187866,0.182495117,0
2.28448,2282,816.1893,816.187866,0.182495117,0
2.28451,2283,816.1893,816.187866,0.182495117,0
2.28575,2284,816.1893,816.187866,0.182495117,0
2.28580,2285,816.1893,816.187866,0.182495117,0
2.28756,2286,816.1893,816.187866,0.182495117,0
2.28937,2287,816.1893,816.187866,0.182495117,0
2.28939,2288,816.1893,816.187866,0.182495117,0
2.29071,2289,816.1893,816.187866,0.182495117,0
2.29249,2290,816.1893,816.187866,0.182495117,0
2.29252,2291,816.1893,816.187866,0.182495117,0
2.29371,2292,816.1893,816.187866,0.182495117,0
2.29374,2293,816.1893,816.187866,0.182495117,0
2.29554,2294,816.1893,816.187866,0.182495117,0
2.29737,2295,816.1893,816.187866,0.182495117,0
2.29739,2296,816.1893,816.187866,0.182495117,0
2.29870,2297,816.1893,816.187866,0.182495117,0
2.30048,2298,816.1893,816.187866,0.182495117,0
