t,n,A,B,C,D
0.00055,0,617.0236,617.333435,-0.309814453,-0.114518143
0.00165,1,617.0236,617.3333,-0.309692383,-0.114518143
0.00350,2,617.0236,617.3332,-0.3095703,-0.114518143
0.00353,3,617.0236,617.333069,-0.309448242,-0.114518143
0.00483,4,617.0236,617.332947,-0.309326172,-0.130877882
0.00486,5,617.0236,617.332764,-0.309143066,-0.141784385
0.00654,6,617.0236,617.3326,-0.308959961,-0.16359736
0.00838,7,617.0236,617.3323,-0.3086548,-0.185410336
0.00840,8,617.0236,617.332031,-0.308410645,-0.218129814
0.00963,9,617.0236,617.331665,-0.308044434,-0.2781155
0.01146,10,617.0236,617.33136,-0.307739258,-0.2999285
0.01148,11,617.0236,617.331,-0.307373047,-0.3217415
0.01276,12,617.0236,617.3306,-0.307006836,-0.354460955
0.01279,13,617.0236,617.330139,-0.306518555,-0.3817272
0.01470,14,617.0236,617.3297,-0.3060913,-0.403540134
0.01640,15,617.0236,617.3292,-0.305603027,-0.447166115
0.01642,16,617.0236,617.3287,-0.3050537,-0.479885578
0.01765,17,617.0236,617.328064,-0.304443359,-0.5180583
0.01947,18,617.0236,617.3276,-0.303955078,-0.561684251
0.01949,19,617.0236,617.326965,-0.303344727,-0.561684251
0.02072,20,617.0236,617.3265,-0.302856445,-0.561684251
0.02074,21,617.0236,617.32605,-0.3024292,-0.5398713
0.02255,22,617.0236,617.3255,-0.301879883,-0.507151842
0.02438,23,617.0236,617.325134,-0.301513672,-0.46897912
0.02440,24,617.0236,617.3248,-0.3012085,-0.42535314
0.02563,25,617.0236,617.3245,-0.30090332,-0.392633677
0.02745,26,617.0236,617.3242,-0.300598145,-0.354460955
0.02746,27,617.0236,617.324,-0.300354,-0.3217415
0.02872,28,617.0236,617.3237,-0.300109863,-0.2999285
0.02874,29,617.0236,617.323547,-0.299926758,-0.256302536
0.03056,30,617.0236,617.323364,-0.299743652,-0.229036286
0.03243,31,617.0236,617.3233,-0.299682617,-0.185410336
0.03245,32,617.0236,617.3232,-0.299560547,-0.16359736
0.03367,33,617.0236,617.323059,-0.299438477,-0.141784385
0.03546,34,617.0236,617.323,-0.299377441,-0.103611663
0.03548,35,617.0236,617.323,-0.299377441,-0.08179868
0.03672,36,617.0236,617.323,-0.299377441,-0.0599856973
0.03674,37,617.0236,617.322937,-0.2993164,-0.04907921
0.03854,38,617.0236,617.322937,-0.2993164,-0.04907921
0.04043,39,617.0236,617.322937,-0.2993164,-0.03817272
0.04046,40,617.0236,617.3229,-0.299255371,-0.04907921
0.04164,41,617.0236,617.3228,-0.299194336,-0.03817272
0.04346,42,617.0236,617.322754,-0.2991333,-0.03817272
0.04347,43,617.0236,617.3227,-0.299072266,-0.03817272
0.04472,44,617.0236,617.3227,-0.299072266,-0.04907921
0.04473,45,617.0236,617.322632,-0.29901123,-0.07089219
0.04656,46,617.0236,617.3225,-0.29888916,-0.07089219
0.04845,47,617.0236,617.322449,-0.298828125,-0.07089219
0.04849,48,617.0236,617.3223,-0.298706055,-0.08179868
0.04965,49,617.0236,617.32196,-0.298339844,-0.141784385
0.05148,50,617.0236,617.3217,-0.2980957,-0.185410336
0.05150,51,617.0236,617.3214,-0.297790527,-0.218129814
0.05272,52,617.0236,617.3211,-0.297485352,-0.256302536
0.05273,53,617.0236,617.3208,-0.297180176,-0.289022
0.05456,54,617.0236,617.3205,-0.296875,-0.310834974
0.05643,55,617.0236,617.320068,-0.296447754,-0.332647949
0.05644,56,617.0236,617.3197,-0.296081543,-0.343554467
0.05766,57,617.0236,617.3194,-0.295776367,-0.343554467
0.05949,58,617.0236,617.3191,-0.2954712,-0.343554467
0.05952,59,617.0236,617.3188,-0.295166016,-0.332647949
0.06073,60,617.0236,617.318542,-0.294921875,-0.310834974
0.06074,61,617.0236,617.318237,-0.2946167,-0.310834974
0.06254,62,617.0236,617.318054,-0.2944336,-0.289022
0.06443,63,617.0236,617.3179,-0.2942505,-0.256302536
0.06445,64,617.0236,617.3176,-0.294006348,-0.239942789
0.06565,65,617.0236,617.317444,-0.293823242,-0.229036286
0.06747,66,617.0236,617.3172,-0.2935791,-0.218129814
0.06749,67,617.0236,617.3169,-0.293273926,-0.229036286
0.06872,68,617.0236,617.3168,-0.293151855,-0.229036286
0.06873,69,617.0236,617.316467,-0.29284668,-0.229036286
0.07054,70,617.0236,617.3162,-0.292602539,-0.239942789
0.07238,71,617.0236,617.315857,-0.292236328,-0.2781155
0.07241,72,617.0236,617.315552,-0.291931152,-0.289022
0.07363,73,617.0236,617.3153,-0.291687,-0.310834974
0.07548,74,617.0236,617.315063,-0.291442871,-0.310834974
0.07550,75,617.0236,617.314758,-0.2911377,-0.2999285
0.07672,76,617.0236,617.3145,-0.290893555,-0.289022
0.07673,77,617.0236,617.314331,-0.290710449,-0.267209023
0.07858,78,617.0236,617.314148,-0.290527344,-0.229036286
0.08040,79,617.0236,617.314,-0.290405273,-0.207223326
0.08043,80,617.0236,617.313843,-0.290222168,-0.174503848
0.08168,81,617.0236,617.3137,-0.2901001,-0.16359736
0.08350,82,617.0236,617.313538,-0.289917,-0.16359736
0.08352,83,617.0236,617.3134,-0.289794922,-0.16359736
0.08472,84,617.0236,617.313232,-0.289611816,-0.174503848
0.08473,85,617.0236,617.313049,-0.2894287,-0.174503848
0.08654,86,617.0236,617.312744,-0.289123535,-0.185410336
0.08840,87,617.0236,617.3125,-0.2888794,-0.218129814
0.08842,88,617.0236,617.312134,-0.288513184,-0.256302536
0.08964,89,617.0236,617.311768,-0.288146973,-0.289022
0.09147,90,617.0236,617.311462,-0.2878418,-0.3217415
0.09150,91,617.0236,617.311157,-0.287536621,-0.332647949
0.09272,92,617.0236,617.3108,-0.2871704,-0.332647949
0.09274,93,617.0236,617.3105,-0.286865234,-0.332647949
0.09455,94,617.0236,617.310242,-0.2866211,-0.3217415
0.09641,95,617.0236,617.3099,-0.286254883,-0.332647949
0.09645,96,617.0236,617.3096,-0.2859497,-0.3217415
0.09763,97,617.0236,617.309265,-0.285644531,-0.3217415
0.09949,98,617.0236,617.308838,-0.2852173,-0.332647949
0.09952,99,617.0236,617.3085,-0.284851074,-0.343554467
0.10073,100,617.0236,617.308044,-0.284423828,-0.365367442
0.10074,101,617.0236,617.3077,-0.284057617,-0.392633677
0.10256,102,617.0236,617.307251,-0.283630371,-0.403540134
0.10445,103,617.0236,617.3068,-0.283203125,-0.403540134
0.10450,104,617.0236,617.306458,-0.2828369,-0.414446652
0.10564,105,617.0236,617.306,-0.282409668,-0.414446652
0.10748,106,617.0236,617.305664,-0.282043457,-0.42535314
0.10751,107,617.0236,617.3051,-0.281494141,-0.436259627
0.10872,108,617.0236,617.3047,-0.2810669,-0.447166115
0.10873,109,617.0236,617.304138,-0.280517578,-0.479885578
0.11059,110,617.0236,617.30365,-0.2800293,-0.490792066
0.11241,111,617.0236,617.3032,-0.279602051,-0.507151842
0.11244,112,617.0236,617.302734,-0.27911377,-0.507151842
0.11364,113,617.0236,617.3023,-0.278686523,-0.479885578
0.11551,114,617.0236,617.3019,-0.278259277,-0.46897912
0.11556,115,617.0236,617.3015,-0.277893066,-0.436259627
0.11671,116,617.0236,617.3011,-0.27746582,-0.414446652
0.11673,117,617.0236,617.3008,-0.277160645,-0.392633677
0.11858,118,617.0236,617.300537,-0.2769165,-0.365367442
0.12041,119,617.0236,617.300232,-0.276611328,-0.343554467
0.12043,120,617.0236,617.3001,-0.276489258,-0.2999285
0.12163,121,617.0236,617.2999,-0.276306152,-0.256302536
0.12349,122,617.0236,617.299866,-0.276245117,-0.207223326
0.12352,123,617.0236,617.2998,-0.276184082,-0.152690873
0.12474,124,617.0236,617.2998,-0.276184082,-0.103611663
0.12475,125,617.0236,617.299866,-0.276245117,-0.04907921
0.12658,126,617.0236,617.299866,-0.276245117,0
0.12842,127,617.0236,617.2999,-0.276306152,0.021812981
0.12844,128,617.0236,617.300049,-0.276428223,0.0545324534
0.12964,129,617.0236,617.3002,-0.2765503,0.06543894
0.13163,130,617.0236,617.3002,-0.2765503,0.06543894
0.13170,131,617.0236,617.3002,-0.2765503,0.06543894
0.13274,132,617.0236,617.300232,-0.276611328,0.0545324534
0.13277,133,617.0236,617.300232,-0.276611328,0.03271947
0.13457,134,617.0236,617.300232,-0.276611328,0.021812981
0.13642,135,617.0236,617.300232,-0.276611328,0
0.13644,136,617.0236,617.300232,-0.276611328,0
0.13763,137,617.0236,617.3002,-0.2765503,-0.0272662267
0.13950,138,617.0236,617.300049,-0.276428223,-0.04907921
0.13952,139,617.0236,617.3,-0.2763672,-0.07089219
0.14072,140,617.0236,617.299866,-0.276245117,-0.09270517
0.14074,141,617.0236,617.2998,-0.276184082,-0.103611663
0.14259,142,617.0236,617.299744,-0.276123047,-0.09270517
0.14440,143,617.0236,617.2996,-0.276000977,-0.09270517
0.14443,144,617.0236,617.299561,-0.275939941,-0.08179868
0.14564,145,617.0236,617.299561,-0.275939941,-0.07089219
0.14750,146,617.0236,617.299438,-0.275817871,-0.0599856973
0.14754,147,617.0236,617.2994,-0.275756836,-0.0599856973
0.14873,148,617.0236,617.299255,-0.275634766,-0.0599856973
0.14875,149,617.0236,617.299255,-0.275634766,-0.0599856973
0.15058,150,617.0236,617.299255,-0.275634766,-0.0599856973
0.15240,151,617.0236,617.2992,-0.27557373,-0.0599856973
0.15243,152,617.0236,617.2991,-0.27545166,-0.0599856973
0.15364,153,617.0236,617.2991,-0.27545166,-0.0599856973
0.15547,154,617.0236,617.29895,-0.2753296,-0.0599856973
0.15548,155,617.0236,617.29895,-0.2753296,-0.0599856973
0.15674,156,617.0236,617.2988,-0.27520752,-0.07089219
0.15677,157,617.0236,617.298645,-0.2750244,-0.09270517
0.15857,158,617.0236,617.2985,-0.274902344,-0.103611663
0.16039,159,617.0236,617.29834,-0.274719238,-0.130877882
0.16042,160,617.0236,617.2982,-0.274597168,-0.16359736
0.16163,161,617.0236,617.298,-0.274353027,-0.185410336
0.16347,162,617.0236,617.2977,-0.2741089,-0.196316838
0.16350,163,617.0236,617.2975,-0.273864746,-0.218129814
0.16494,164,617.0236,617.2972,-0.27355957,-0.239942789
0.16497,165,617.0236,617.296936,-0.27331543,-0.256302536
0.16659,166,617.0236,617.296631,-0.273010254,-0.2781155
0.16838,167,617.0236,617.2963,-0.272705078,-0.289022
0.16840,168,617.0236,617.296143,-0.272521973,-0.289022
0.16965,169,617.0236,617.295837,-0.2722168,-0.289022
0.17147,170,617.0236,617.2956,-0.271972656,-0.2781155
0.17149,171,617.0236,617.2953,-0.27166748,-0.2781155
0.17272,172,617.0236,617.295,-0.2713623,-0.289022
0.17275,173,617.0236,617.294739,-0.271118164,-0.289022
0.17459,174,617.0236,617.294434,-0.270813,-0.289022
0.17640,175,617.0236,617.2942,-0.270568848,-0.289022
0.17643,176,617.0236,617.2939,-0.270263672,-0.2781155
0.17763,177,617.0236,617.293457,-0.269836426,-0.2999285
0.17949,178,617.0236,617.293152,-0.26953125,-0.332647949
0.17952,179,617.0236,617.2927,-0.269104,-0.354460955
0.18072,180,617.0236,617.2923,-0.268676758,-0.392633677
0.18074,181,617.0236,617.291931,-0.268310547,-0.392633677
0.18257,182,617.0236,617.291565,-0.267944336,-0.392633677
0.18444,183,617.0236,617.2912,-0.267578125,-0.392633677
0.18446,184,617.0236,617.290955,-0.267333984,-0.365367442
0.18566,185,617.0236,617.2907,-0.267089844,-0.332647949
0.18749,186,617.0236,617.2905,-0.266906738,-0.2999285
0.18750,187,617.0236,617.2904,-0.266784668,-0.239942789
0.18872,188,617.0236,617.2903,-0.2666626,-0.207223326
0.18874,189,617.0236,617.2901,-0.2664795,-0.174503848
0.19058,190,617.0236,617.29,-0.266357422,-0.152690873
0.19241,191,617.0236,617.2898,-0.266174316,-0.152690873
0.19245,192,617.0236,617.2896,-0.2659912,-0.16359736
0.19364,193,617.0236,617.2895,-0.265869141,-0.16359736
0.19550,194,617.0236,617.289246,-0.265625,-0.174503848
0.19553,195,617.0236,617.289063,-0.2654419,-0.185410336
0.19671,196,617.0236,617.2889,-0.2652588,-0.185410336
0.19673,197,617.0236,617.288635,-0.265014648,-0.196316838
0.19861,198,617.0236,617.288452,-0.264831543,-0.207223326
0.20041,199,617.0236,617.288269,-0.264648438,-0.207223326
0.20046,200,617.0236,617.2881,-0.264465332,-0.207223326
0.20165,201,617.0236,617.2879,-0.264282227,-0.207223326
0.20351,202,617.0236,617.287659,-0.2640381,-0.207223326
0.20355,203,617.0236,617.287537,-0.263916016,-0.196316838
0.20472,204,617.0236,617.287354,-0.2637329,-0.196316838
0.20473,205,617.0236,617.287231,-0.26361084,-0.185410336
0.20656,206,617.0236,617.287048,-0.263427734,-0.174503848
0.20838,207,617.0236,617.2869,-0.263305664,-0.16359736
0.20840,208,617.0236,617.286743,-0.263122559,-0.16359736
0.20963,209,617.0236,617.2866,-0.2630005,-0.16359736
0.21151,210,617.0236,617.2864,-0.262756348,-0.174503848
0.21155,211,617.0236,617.286133,-0.2625122,-0.185410336
0.21272,212,617.0236,617.2858,-0.262207031,-0.218129814
0.21274,213,617.0236,617.285461,-0.26184082,-0.267209023
0.21484,214,617.0236,617.285034,-0.261413574,-0.3217415
0.21643,215,617.0236,617.2846,-0.260986328,-0.365367442
0.21646,216,617.0236,617.2842,-0.260559082,-0.392633677
0.21764,217,617.0236,617.2836,-0.260009766,-0.42535314
0.21950,218,617.0236,617.2831,-0.259460449,-0.46897912
0.21952,219,617.0236,617.2826,-0.258972168,-0.490792066
0.22071,220,617.0236,617.2821,-0.2584839,-0.5180583
0.22073,221,617.0236,617.2815,-0.257873535,-0.5398713
0.22258,222,617.0236,617.280945,-0.257324219,-0.5507778
0.22440,223,617.0236,617.2804,-0.2567749,-0.561684251
0.22442,224,617.0236,617.2799,-0.256286621,-0.561684251
0.22563,225,617.0236,617.279358,-0.2557373,-0.5507778
0.22748,226,617.0236,617.279053,-0.255432129,-0.5180583
0.22750,227,617.0236,617.278748,-0.255126953,-0.458072573
0.22872,228,617.0236,617.2785,-0.2548828,-0.403540134
0.22874,229,617.0236,617.278259,-0.254638672,-0.332647949
0.23058,230,617.0236,617.2781,-0.254455566,-0.2781155
0.23241,231,617.0236,617.2779,-0.254272461,-0.256302536
0.23244,232,617.0236,617.277649,-0.25402832,-0.218129814
0.23365,233,617.0236,617.277466,-0.2538452,-0.207223326
0.23550,234,617.0236,617.2773,-0.2536621,-0.207223326
0.23552,235,617.0236,617.2771,-0.253479,-0.185410336
0.23672,236,617.0236,617.277,-0.253356934,-0.174503848
0.23674,237,617.0236,617.2768,-0.253173828,-0.174503848
0.23859,238,617.0236,617.2767,-0.253051758,-0.16359736
0.24040,239,617.0236,617.27655,-0.2529297,-0.16359736
0.24044,240,617.0236,617.2765,-0.252868652,-0.152690873
0.24164,241,617.0236,617.276367,-0.252746582,-0.141784385
0.24350,242,617.0236,617.2763,-0.252685547,-0.114518143
0.24353,243,617.0236,617.2762,-0.252563477,-0.103611663
0.24472,244,617.0236,617.2762,-0.252563477,-0.08179868
0.24473,245,617.0236,617.2761,-0.252502441,-0.08179868
0.24658,246,617.0236,617.276062,-0.2524414,-0.0599856973
0.24849,247,617.0236,617.276062,-0.2524414,-0.04907921
0.24854,248,617.0236,617.276,-0.252380371,-0.03817272
0.24966,249,617.0236,617.276,-0.252380371,-0.03817272
0.25152,250,617.0236,617.27594,-0.252319336,-0.03817272
0.25154,251,617.0236,617.2759,-0.2522583,-0.04907921
0.25271,252,617.0236,617.2758,-0.252197266,-0.04907921
0.25273,253,617.0236,617.2758,-0.252197266,-0.04907921
0.25457,254,617.0236,617.275757,-0.25213623,-0.04907921
0.25640,255,617.0236,617.275635,-0.25201416,-0.04907921
0.25642,256,617.0236,617.2755,-0.2518921,-0.07089219
0.25763,257,617.0236,617.275452,-0.251831055,-0.09270517
0.25949,258,617.0236,617.2752,-0.2515869,-0.114518143
0.25951,259,617.0236,617.2751,-0.251464844,-0.152690873
0.26072,260,617.0236,617.274841,-0.2512207,-0.174503848
0.26073,261,617.0236,617.274536,-0.250915527,-0.196316838
0.26257,262,617.0236,617.2743,-0.2506714,-0.229036286
0.26439,263,617.0236,617.2739,-0.250305176,-0.256302536
0.26441,264,617.0236,617.2736,-0.25,-0.2781155
0.26564,265,617.0236,617.2734,-0.249755859,-0.2999285
0.26747,266,617.0236,617.273,-0.249389648,-0.310834974
0.26749,267,617.0236,617.2727,-0.249084473,-0.3217415
0.26875,268,617.0236,617.272461,-0.248840332,-0.310834974
0.26878,269,617.0236,617.2722,-0.248596191,-0.2999285
0.27057,270,617.0236,617.2719,-0.248291016,-0.289022
0.27240,271,617.0236,617.2717,-0.24810791,-0.2781155
0.27242,272,617.0236,617.2715,-0.24786377,-0.2781155
0.27364,273,617.0236,617.2713,-0.247680664,-0.256302536
0.27551,274,617.0236,617.2712,-0.2475586,-0.218129814
0.27555,275,617.0236,617.270935,-0.247314453,-0.196316838
0.27672,276,617.0236,617.2708,-0.247192383,-0.174503848
0.27675,277,617.0236,617.270569,-0.246948242,-0.185410336
0.27857,278,617.0236,617.2704,-0.246765137,-0.196316838
0.28038,279,617.0236,617.2702,-0.246582031,-0.207223326
0.28040,280,617.0236,617.2699,-0.246276855,-0.218129814
0.28168,281,617.0236,617.2696,-0.24597168,-0.239942789
0.28352,282,617.0236,617.2693,-0.2456665,-0.267209023
0.28356,283,617.0236,617.2689,-0.2453003,-0.289022
0.28473,284,617.0236,617.2687,-0.245056152,-0.310834974
0.28474,285,617.0236,617.2684,-0.244750977,-0.3217415
0.28660,286,617.0236,617.2681,-0.244506836,-0.310834974
0.28841,287,617.0236,617.2678,-0.24420166,-0.2999285
0.28843,288,617.0236,617.2675,-0.243896484,-0.2999285
0.28963,289,617.0236,617.2672,-0.243591309,-0.289022
0.29149,290,617.0236,617.266968,-0.243347168,-0.2781155
0.29151,291,617.0236,617.266663,-0.243041992,-0.2781155
0.29272,292,617.0236,617.2664,-0.242797852,-0.2781155
0.29275,293,617.0236,617.2662,-0.242553711,-0.2781155
0.29455,294,617.0236,617.2659,-0.24230957,-0.2781155
0.29639,295,617.0236,617.265564,-0.241943359,-0.289022
0.29641,296,617.0236,617.265259,-0.241638184,-0.2999285
0.29766,297,617.0236,617.264954,-0.241333008,-0.310834974
0.29949,298,617.0236,617.264648,-0.241027832,-0.3217415
0.29952,299,617.0236,617.264343,-0.240722656,-0.3217415
0.30074,300,617.0236,617.264038,-0.24041748,-0.310834974
0.30082,301,617.0236,617.2638,-0.24017334,-0.310834974
0.30257,302,647.0236,617.26355,5,-0.289022
0.30441,303,647.0236,617.2633,5,-0.2781155
0.30443,304,647.0236,617.2635,5,-0.239942789
0.30565,305,647.0236,617.2641,5,-0.103611663
0.30748,306,647.0236,617.2653,5,0.147237629
0.30752,307,647.0236,617.2674,5,0.5889505
0.30873,308,647.0236,617.270264,5,1.20516717
0.30874,309,647.0236,617.2739,5,1.93590212
0.31059,310,647.0236,617.278442,5,2.71571612
0.31241,311,647.0236,617.284,5,3.54460931
0.31243,312,647.0236,617.2891,5,4.36804962
0.31363,313,647.0236,617.295,5,4.847935
0.31547,314,647.0236,617.301331,5,5.44233847
0.31549,315,647.0236,617.3076,5,5.76953363
0.31678,316,647.0236,617.313,5,5.93313074
0.31680,317,647.0236,617.3192,5,5.976757
0.31861,318,647.0236,617.325439,5,6.08036852
0.32040,319,647.0236,617.331,5,5.976757
0.32042,320,647.0236,617.335632,5,5.78044033
0.32164,321,647.0236,617.341064,5,5.600483
0.32351,322,647.0236,617.3471,5,5.41507244
0.32355,323,647.0236,617.352,5,5.36054039
0.32472,324,647.0236,617.3569,5,5.23511553
0.32473,325,647.0236,617.360962,5,5.23511553
0.32658,326,647.0236,617.366333,5,4.837029
0.32838,327,647.0236,617.3713,5,4.82612228
0.32839,328,647.0236,617.376038,5,4.75523
0.32963,329,647.0236,617.3808,5,4.869748
0.33157,330,647.0236,617.3849,5,4.891561
0.33160,331,647.0236,617.3901,5,4.618899
0.33279,332,647.0236,617.394836,5,4.733417
0.33282,333,647.0236,617.399841,5,4.6625247
0.33459,334,647.0236,617.404968,5,4.869748
0.33640,335,647.0236,617.4096,5,4.94064
0.33643,336,647.0236,617.4142,5,4.76613665
0.33764,337,647.0236,617.4189,5,4.82612228
0.33948,338,647.0236,617.4246,5,4.733417
0.33952,339,647.0236,617.429932,5,5.02789259
0.34072,340,647.0236,617.4346,5,5.038799
0.34073,341,647.0236,617.439453,5,5.016986
0.34258,342,647.0236,617.4445,5,4.995173
0.34438,343,647.0236,617.450745,5,4.92973375
0.34439,344,647.0236,617.455444,5,5.25692844
0.34564,345,647.0236,617.4605,5,5.224209
0.34749,346,647.0236,617.4651,5,5.25692844
0.34751,347,647.0236,617.4709,5,5.05515862
0.34872,348,647.0236,617.4763,5,5.087878
0.34874,349,647.0236,617.48584,5,5.153317
0.35058,350,647.0236,617.490662,5,5.13150358
0.35242,351,647.0236,617.4965,5,4.913374
0.35245,352,647.0236,617.501343,5,5.09878445
0.35364,353,647.0236,617.5062,5,5.038799
0.35551,354,647.0236,617.510742,5,5.109691
0.35553,355,647.0236,617.5159,5,4.94064
0.35672,356,647.0236,617.5213,5,4.869748
0.35674,357,647.0236,617.5258,5,4.995173
0.35859,358,647.0236,617.530945,5,4.913374
0.36039,359,647.0236,617.535767,5,5.07697153
0.36043,360,647.0236,617.541138,5,4.90246725
0.36164,361,647.0236,617.5461,5,5.006079
0.36350,362,647.0236,617.550659,5,5.006079
0.36353,363,647.0236,617.555664,5,4.90246725
0.36493,364,647.0236,617.560364,5,4.94064
0.36498,365,647.0236,617.566,5,4.78794956
0.36657,366,647.0236,617.5707,5,5.016986
0.36840,367,647.0236,617.5756,5,4.97335958
0.36842,368,647.0236,617.5803,5,5.006079
0.36966,369,647.0236,617.5855,5,4.95154667
0.37151,370,647.0236,617.590942,5,4.90246725
0.37155,371,647.0236,617.5955,5,5.066065
0.37271,372,647.0236,617.6007,5,4.97335958
0.37272,373,647.0236,617.6056,5,5.09878445
0.37459,374,647.0236,617.61084,5,4.96245337
0.37640,375,647.0236,617.615662,5,5.016986
0.37645,376,647.0236,617.6203,5,4.995173
0.37763,377,647.0236,617.6258,5,4.92973375
0.37950,378,647.0236,617.630737,5,5.066065
0.37952,379,647.0236,617.6359,5,4.92973375
0.38073,380,647.0236,617.6402,5,5.07697153
0.38074,381,647.0236,617.6453,5,4.891561
0.38258,382,647.0236,617.651,5,4.92973375
0.38438,383,647.0236,617.6559,5,5.05515862
0.38440,384,647.0236,617.6605,5,5.006079
0.38563,385,647.0236,617.664734,5,5.02789259
0.38749,386,647.0236,617.6704,5,4.777043
0.38752,387,647.0236,617.6757,5,4.913374
0.38872,388,647.0236,617.6806,5,4.94064
0.38874,389,647.0236,617.6852,5,5.087878
0.39058,390,647.0236,617.6897,5,5.05515862
0.39238,391,647.0236,617.6953,5,4.777043
0.39240,392,647.0236,617.700256,5,4.913374
0.39364,393,647.0236,617.7055,5,4.891561
0.39549,394,647.0236,617.7102,5,5.12059736
0.39551,395,647.0236,617.7152,5,4.995173
0.39671,396,647.0236,617.720459,5,4.90246725
0.39673,397,647.0236,617.725769,5,4.96245337
0.39858,398,647.0236,617.731262,5,4.94064
0.40038,399,647.0236,617.7357,5,5.180583
0.40040,400,647.0236,617.740662,5,4.995173
0.40165,401,647.0236,617.7455,5,4.96245337
0.40347,402,647.0236,617.751038,5,4.88065434
0.40350,403,647.0236,617.7563,5,4.98426628
0.40477,404,647.0236,617.760742,5,5.13150358
0.40481,405,647.0236,617.7657,5,5.006079
0.40655,406,647.0236,617.769958,5,5.016986
0.40838,407,647.0236,617.776062,5,4.78794956
0.40843,408,647.0236,617.7811,5,5.066065
0.40965,409,647.0236,617.7858,5,5.13150358
0.41145,410,647.0236,617.7904,5,5.13150358
0.41146,411,647.0236,617.796143,5,5.02789259
0.41273,412,647.0236,617.801331,5,4.847935
0.41274,413,647.0236,617.8059,5,5.07697153
0.41490,414,647.0236,617.8108,5,4.995173
0.41641,415,647.0236,617.815369,5,5.109691
0.41644,416,647.0236,617.8208,5,4.913374
0.41764,417,647.0236,617.8262,5,4.90246725
0.41947,418,647.0236,617.8309,5,5.066065
0.41949,419,647.0236,617.835632,5,5.02789259
0.42083,420,647.0236,617.840332,5,5.05515862
0.42087,421,647.0236,617.8463,5,4.837029
0.42260,422,647.0236,617.850769,5,4.97335958
0.42437,423,647.0236,617.855652,5,4.95154667
0.42438,424,647.0236,617.8608,5,5.038799
0.42565,425,647.0236,617.865662,5,5.066065
0.42746,426,647.0236,617.8712,5,4.95154667
0.42747,427,647.0236,617.875732,5,5.109691
0.42871,428,647.0236,617.8807,5,4.98426628
0.42872,429,647.0236,617.885437,5,5.006079
0.43058,430,647.0236,617.890747,5,4.869748
0.43241,431,647.0236,617.896,5,4.92973375
0.43244,432,647.0236,617.900635,5,5.038799
0.43366,433,647.0236,617.90564,5,4.96245337
0.43547,434,647.0236,617.9103,5,5.02789259
0.43548,435,647.0236,617.915833,5,4.837029
0.43673,436,647.0236,617.920654,5,4.995173
0.43675,437,647.0236,617.9254,5,4.97335958
0.43858,438,647.0236,617.930542,5,4.97335958
0.44037,439,647.0236,617.935364,5,5.02789259
0.44038,440,647.0236,617.940735,5,4.88065434
0.44163,441,647.0236,617.945,5,5.02789259
0.44347,442,647.0236,617.950256,5,4.88065434
0.44349,443,647.0236,617.9554,5,4.98426628
0.44471,444,647.0236,617.960449,5,4.97335958
0.44473,445,647.0236,617.9653,5,4.94064
0.44657,446,647.0236,617.969666,5,5.016986
0.44841,447,647.0236,617.9805,5,5.02789259
0.44844,448,647.0236,617.9855,5,4.995173
0.44970,449,647.0236,617.9897,5,5.07697153
0.45146,450,647.0236,617.9897,5,5.07697153
0.45149,451,647.0236,618.0004,5,4.798856
0.45274,452,647.0236,618.0053,5,4.98426628
0.45279,453,647.0236,618.010254,5,4.96245337
0.45459,454,647.0236,618.014465,5,5.153317
0.45637,455,647.0236,618.019653,5,4.90246725
0.45638,456,647.0236,618.025,5,4.837029
0.45767,457,647.0236,618.029968,5,4.90246725
0.45946,458,647.0236,618.035034,5,4.96245337
0.45948,459,647.0236,618.0394,5,5.12059736
0.46072,460,647.0236,618.0451,5,4.869748
0.46073,461,647.0236,618.050049,5,4.96245337
0.46255,462,647.0236,618.055054,5,4.913374
0.46437,463,647.0236,618.0601,5,5.066065
0.46438,464,647.0236,618.064636,5,5.13150358
0.46566,465,647.0236,618.069946,5,4.94064
0.46746,466,647.0236,618.0748,5,4.95154667
0.46748,467,647.0236,618.0806,5,4.837029
0.46873,468,647.0236,618.0852,5,5.087878
0.46875,469,647.0236,618.089966,5,5.05515862
0.47058,470,647.0236,618.0946,5,5.006079
0.47237,471,647.0236,618.0999,5,4.90246725
0.47238,472,647.0236,618.1059,5,4.847935
0.47366,473,647.0236,618.110352,5,5.164223
0.47547,474,647.0236,618.115234,5,5.087878
0.47548,475,647.0236,618.119751,5,5.153317
0.47672,476,647.0236,618.1255,5,4.913374
0.47674,477,647.0236,618.1308,5,4.95154667
0.47854,478,647.0236,618.1354,5,5.07697153
0.48037,479,647.0236,618.140137,5,5.038799
0.48038,480,647.0236,618.144958,5,5.066065
0.48165,481,647.0236,618.150757,5,4.82612228
0.48347,482,647.0236,618.1556,5,5.016986
0.48350,483,647.0236,618.160461,5,5.016986
0.48477,484,647.0236,618.165039,5,5.087878
0.48479,485,647.0236,618.1702,5,4.97335958
0.48655,486,647.0236,618.1757,5,4.869748
0.48838,487,647.0236,618.1803,5,5.02789259
0.48839,488,647.0236,618.1855,5,4.95154667
0.48963,489,647.0236,618.190247,5,5.12059736
0.49146,490,647.0236,618.1958,5,4.98426628
0.49147,491,647.0236,618.200745,5,5.05515862
0.49274,492,647.0236,618.205444,5,5.087878
0.49276,493,647.0236,618.210449,5,4.98426628
0.49456,494,647.0236,618.2152,5,5.016986
0.49640,495,647.0236,618.2209,5,4.847935
0.49643,496,647.0236,618.225769,5,5.066065
0.49763,497,647.0236,618.2308,5,5.006079
0.49947,498,647.0236,618.235535,5,5.02789259
0.49949,499,647.0236,618.240845,5,4.97335958
0.50075,500,647.0236,618.2464,5,5.066065
0.50078,501,647.0236,618.251038,5,4.97335958
0.50255,502,647.0236,618.2559,5,4.97335958
0.50437,503,647.0236,618.260742,5,5.09878445
0.50439,504,647.0236,618.2658,5,4.95154667
0.50564,505,647.0236,618.2705,5,5.006079
0.50746,506,647.0236,618.2752,5,4.98426628
0.50747,507,647.0236,618.28064,5,4.913374
0.50873,508,647.0236,618.2855,5,5.066065
0.50875,509,647.0236,618.2907,5,4.913374
0.51054,510,647.0236,618.295,5,5.066065
0.51236,511,647.0236,618.300232,5,4.891561
0.51238,512,647.0236,618.3058,5,4.913374
0.51365,513,647.0236,618.310669,5,5.02789259
0.51547,514,647.0236,618.315247,5,4.98426628
0.51550,515,647.0236,618.3195,5,5.038799
0.51675,516,647.0236,618.3253,5,4.777043
0.51676,517,647.0236,618.330566,5,4.90246725
0.51857,518,647.0236,618.335449,5,4.95154667
0.52039,519,647.0236,618.339966,5,5.07697153
0.52042,520,647.0236,618.344543,5,5.07697153
0.52163,521,647.0236,618.3505,5,4.78794956
0.52346,522,647.0236,618.3554,5,4.913374
0.52348,523,647.0236,618.360657,5,4.90246725
0.52476,524,647.0236,618.365051,5,5.109691
0.52479,525,647.0236,618.3701,5,5.006079
0.52656,526,647.0236,618.375366,5,4.90246725
0.52837,527,647.0236,618.3804,5,4.98426628
0.52838,528,647.0236,618.3858,5,4.94064
0.52963,529,647.0236,618.389954,5,5.191489
0.53154,530,647.0236,618.395264,5,5.006079
0.53156,531,647.0236,618.399963,5,4.96245337
0.53278,532,647.0236,618.40564,5,4.88065434
0.53282,533,647.0236,618.410767,5,4.97335958
0.53455,534,647.0236,618.4153,5,5.13150358
0.53642,535,647.0236,618.4201,5,4.995173
0.53644,536,647.0236,618.4248,5,5.016986
0.53764,537,647.0236,618.4309,5,4.777043
0.53945,538,647.0236,618.435852,5,5.05515862
0.53948,539,647.0236,618.440552,5,5.13150358
0.54074,540,647.0236,618.4457,5,5.038799
0.54079,541,647.0236,618.4503,5,5.038799
0.54257,542,647.0236,618.4562,5,4.837029
0.54440,543,647.0236,618.460632,5,5.07697153
0.54442,544,647.0236,618.4656,5,5.016986
0.54565,545,647.0236,618.470154,5,5.109691
0.54749,546,647.0236,618.4757,5,4.92973375
0.54752,547,647.0236,618.4811,5,4.913374
0.54874,548,647.0236,618.4858,5,5.087878
0.54877,549,647.0236,618.4906,5,5.038799
0.55056,550,647.0236,618.496,5,4.858842
0.55240,551,647.0236,618.501038,5,4.858842
0.55243,552,647.0236,618.505737,5,4.995173
0.55363,553,647.0236,618.5157,5,5.066065
0.55545,554,647.0236,618.520935,5,5.09878445
0.55546,555,647.0236,618.526367,5,4.98426628
0.55672,556,647.0236,618.530945,5,5.153317
0.55674,557,647.0236,618.536,5,5.02789259
0.55855,558,647.0236,618.5408,5,5.066065
0.56041,559,647.0236,618.5463,5,4.94064
0.56043,560,647.0236,618.551331,5,4.995173
0.56164,561,647.0236,618.5561,5,5.087878
0.56347,562,647.0236,618.5611,5,5.02789259
0.56349,563,647.0236,618.566,5,5.066065
0.56489,564,647.0236,618.5716,5,4.891561
0.56494,565,647.0236,618.576233,5,5.066065
0.56658,566,647.0236,618.5813,5,5.006079
0.56842,567,647.0236,618.586243,5,5.066065
0.56845,568,647.0236,618.5915,5,5.05515862
0.56965,569,647.0236,618.5965,5,4.96245337
0.57148,570,647.0236,618.601,5,5.066065
0.57151,571,647.0236,618.6065,5,4.90246725
0.57274,572,647.0236,618.61145,5,5.066065
0.57275,573,647.0236,618.616638,5,4.98426628
0.57455,574,647.0236,618.621155,5,5.02789259
0.57644,575,647.0236,618.626038,5,5.016986
0.57647,576,647.0236,618.631836,5,4.90246725
0.57764,577,647.0236,618.636841,5,5.087878
0.57949,578,647.0236,618.641663,5,5.02789259
0.57952,579,647.0236,618.646362,5,4.90246725
0.58073,580,647.0236,618.6514,5,4.90246725
0.58074,581,647.0236,618.657,5,4.90246725
0.58255,582,647.0236,618.661865,5,5.02789259
0.58439,583,647.0236,618.666565,5,5.066065
0.58441,584,647.0236,618.6711,5,5.180583
0.58563,585,647.0236,618.676758,5,4.88065434
0.58749,586,647.0236,618.681763,5,4.95154667
0.58753,587,647.0236,618.6871,5,4.96245337
0.58873,588,647.0236,618.6916,5,5.12059736
0.58875,589,647.0236,618.6965,5,5.109691
0.59055,590,647.0236,618.701843,5,4.92973375
0.59238,591,647.0236,618.707153,5,4.94064
0.59240,592,647.0236,618.712646,5,5.191489
0.59363,593,647.0236,618.7171,5,5.05515862
0.59548,594,647.0236,618.7221,5,4.96245337
0.59550,595,647.0236,618.7272,5,4.913374
0.59671,596,647.0236,618.7328,5,4.92973375
0.59672,597,647.0236,618.738,5,5.14241028
0.59854,598,647.0236,618.742432,5,5.006079
0.60039,599,647.0236,618.7474,5,5.02789259
0.60041,600,647.0236,618.7521,5,4.81521559
0.60165,601,647.0236,618.758545,5,5.006079
0.60352,602,647.0236,618.7633,5,5.153317
0.60356,603,647.0236,618.7681,5,5.109691
0.60472,604,647.0236,618.772644,5,5.087878
0.60474,605,647.0236,618.7779,5,4.837029
0.60655,606,647.0236,618.7837,5,5.066065
0.60838,607,647.0236,618.7882,5,5.006079
0.60839,608,647.0236,618.7931,5,5.09878445
0.60964,609,647.0236,618.797668,5,4.96245337
0.61150,610,647.0236,618.8033,5,4.869748
0.61153,611,647.0236,618.8083,5,5.087878
0.61272,612,647.0236,618.8129,5,5.006079
0.61273,613,647.0236,618.817749,5,5.09878445
0.61470,614,647.0236,618.8224,5,4.869748
0.61640,615,647.0236,618.8282,5,4.95154667
0.61642,616,647.0236,618.8328,5,4.98426628
0.61764,617,647.0236,618.8379,5,5.02789259
0.61948,618,647.0236,618.8429,5,5.12059736
0.61950,619,647.0236,618.8481,5,4.96245337
0.62073,620,647.0236,618.8535,5,5.14241028
0.62074,621,647.0236,618.858032,5,5.016986
0.62260,622,647.0236,618.8631,5,5.02789259
0.62440,623,647.0236,618.8678,5,4.95154667
0.62444,624,647.0236,618.8734,5,4.95154667
0.62564,625,647.0236,618.8785,5,5.09878445
0.62752,626,647.0236,618.8832,5,5.016986
0.62755,627,647.0236,618.888245,5,5.087878
0.62872,628,647.0236,618.893,5,4.90246725
0.62873,629,647.0236,618.8986,5,5.038799
0.63054,630,647.0236,618.9033,5,5.038799
0.63241,631,647.0236,618.9084,5,5.02789259
0.63244,632,647.0236,618.9134,5,5.09878445
0.63365,633,647.0236,618.9186,5,4.96245337
0.63547,634,647.0236,618.9237,5,5.087878
0.63552,635,647.0236,618.928162,5,4.92973375
0.63671,636,647.0236,618.933655,5,5.05515862
0.63673,637,647.0236,618.93866,5,5.016986
0.63860,638,647.0236,618.943848,5,5.006079
0.64043,639,647.0236,618.9486,5,5.066065
0.64046,640,647.0236,618.9533,5,4.891561
0.64165,641,647.0236,618.959045,5,5.087878
0.64349,642,647.0236,618.9641,5,5.038799
0.64350,643,647.0236,618.9689,5,5.109691
0.64472,644,647.0236,618.973,5,4.95154667
0.64473,645,647.0236,618.9787,5,4.88065434
0.64658,646,647.0236,618.9842,5,5.02789259
0.64848,647,647.0236,618.989136,5,5.038799
0.64852,648,647.0236,618.993835,5,5.191489
0.64963,649,647.0236,618.9983,5,4.891561
0.65150,650,647.0236,619.009,5,4.94064
0.65152,651,647.0236,619.01416,5,5.066065
0.65272,652,647.0236,619.0187,5,5.12059736
0.65273,653,647.0236,619.02356,5,4.891561
0.65458,654,647.0236,619.028931,5,4.995173
0.65640,655,647.0236,619.0339,5,4.90246725
0.65644,656,647.0236,619.0394,5,5.14241028
0.65764,657,647.0236,619.0439,5,5.07697153
0.65949,658,647.0236,619.048767,5,4.94064
0.65952,659,647.0236,619.0536,5,4.94064
0.66072,660,647.0236,619.05896,5,4.88065434
0.66074,661,647.0236,619.064453,5,5.13150358
0.66256,662,647.0236,619.068848,5,5.016986
0.66439,663,647.0236,619.0738,5,5.038799
0.66441,664,647.0236,619.078369,5,4.837029
0.66564,665,647.0236,619.0843,5,4.92973375
0.66751,666,647.0236,619.0895,5,5.164223
0.66755,667,647.0236,619.0942,5,5.087878
0.66875,668,647.0236,619.0988,5,5.12059736
0.66877,669,647.0236,619.1037,5,4.847935
0.67057,670,647.0236,619.1096,5,5.016986
0.67244,671,647.0236,619.114258,5,5.02789259
0.67246,672,647.0236,619.119141,5,5.07697153
0.67364,673,647.0236,619.1237,5,5.006079
0.67552,674,647.0236,619.1291,5,4.847935
0.67554,675,647.0236,619.134644,5,5.07697153
0.67671,676,647.0236,619.1392,5,5.006079
0.67673,677,647.0236,619.1442,5,5.109691
0.67859,678,647.0236,619.1488,5,4.92973375
0.68037,679,647.0236,619.1545,5,4.92973375
0.68040,680,647.0236,619.1593,5,5.02789259
0.68167,681,647.0236,619.1642,5,4.995173
0.68353,682,647.0236,619.1693,5,5.13150358
0.68358,683,647.0236,619.1743,5,4.96245337
0.68472,684,647.0236,619.1799,5,5.109691
0.68473,685,647.0236,619.184448,5,5.05515862
0.68658,686,647.0236,619.189453,5,5.006079
0.68840,687,647.0236,619.1942,5,4.97335958
0.68842,688,647.0236,619.1996,5,4.90246725
0.68964,689,647.0236,619.2049,5,5.109691
0.69150,690,647.0236,619.209534,5,5.016986
0.69153,691,647.0236,619.2146,5,5.087878
0.69272,692,647.0236,619.2196,5,4.92973375
0.69274,693,647.0236,619.2253,5,4.995173
0.69460,694,647.0236,619.23,5,5.038799
0.69640,695,647.0236,619.2349,5,4.995173
0.69643,696,647.0236,619.240051,5,5.12059736
0.69763,697,647.0236,619.245056,5,4.94064
0.69954,698,647.0236,619.2509,5,5.087878
0.69959,699,647.0236,619.255,5,4.95154667
0.70072,700,647.0236,619.2605,5,5.006079
0.70074,701,647.0236,619.2652,5,5.05515862
0.70261,702,647.0236,619.2704,5,4.97335958
0.70442,703,647.0236,619.275269,5,5.087878
0.70444,704,647.0236,619.279358,5,4.88065434
0.70564,705,647.0236,619.285156,5,5.05515862
0.70749,706,647.0236,619.2902,5,5.038799
0.70751,707,647.0236,619.2952,5,5.109691
0.70872,708,647.0236,619.299255,5,4.995173
0.70873,709,647.0236,619.3047,5,4.837029
0.71058,710,647.0236,619.3104,5,5.02789259
0.71241,711,647.0236,619.3153,5,4.995173
0.71243,712,647.0236,619.3201,5,5.202396
0.71363,713,647.0236,619.3247,5,4.95154667
0.71553,714,647.0236,619.3303,5,4.88065434
0.71556,715,647.0236,619.3354,5,4.95154667
0.71674,716,647.0236,619.3406,5,4.995173
0.71676,717,647.0236,619.3452,5,5.153317
0.71859,718,647.0236,619.3499,5,4.90246725
0.72039,719,647.0236,619.3553,5,4.97335958
0.72040,720,647.0236,619.360168,5,4.913374
0.72164,721,647.0236,619.3657,5,5.07697153
0.72350,722,647.0236,619.370361,5,5.13150358
0.72352,723,647.0236,619.3752,5,4.95154667
0.72471,724,647.0236,619.38,5,4.96245337
0.72473,725,647.0236,619.385254,5,4.847935
0.72661,726,647.0236,619.390869,5,5.087878
0.72840,727,647.0236,619.3952,5,5.02789259
0.72842,728,647.0236,619.400452,5,5.006079
0.72964,729,647.0236,619.404663,5,4.891561
0.73172,730,647.0236,619.410461,5,4.847935
0.73181,731,647.0236,619.415955,5,5.153317
0.73276,732,647.0236,619.420532,5,5.087878
0.73278,733,647.0236,619.4253,5,5.14241028
0.73458,734,647.0236,619.43,5,4.90246725
0.73640,735,647.0236,619.4359,5,4.95154667
0.73642,736,647.0236,619.4407,5,5.066065
0.73767,737,647.0236,619.4455,5,5.02789259
0.73951,738,647.0236,619.4501,5,5.05515862
0.73953,739,647.0236,619.455261,5,4.82612228
0.74072,740,647.0236,619.460938,5,5.016986
0.74074,741,647.0236,619.4656,5,5.016986
0.74258,742,647.0236,619.4705,5,5.087878
0.74440,743,647.0236,619.4751,5,4.98426628
0.74442,744,647.0236,619.4806,5,4.869748
0.74563,745,647.0236,619.4857,5,5.038799
0.74750,746,647.0236,619.490356,5,4.96245337
0.74752,747,647.0236,619.4956,5,5.13150358
0.74876,748,647.0236,619.506042,5,5.066065
0.74879,749,647.0236,619.510742,5,5.09878445
0.75059,750,647.0236,619.5156,5,4.995173
0.75241,751,647.0236,619.5205,5,5.016986
0.75244,752,647.0236,619.5256,5,4.847935
0.75365,753,647.0236,619.531067,5,5.066065
0.75548,754,647.0236,619.535645,5,5.006079
0.75550,755,647.0236,619.5407,5,5.038799
0.75672,756,647.0236,619.5454,5,4.97335958
0.75674,757,647.0236,619.5509,5,4.913374
0.75858,758,647.0236,619.5559,5,5.07697153
0.76040,759,647.0236,619.5606,5,4.97335958
0.76043,760,647.0236,619.565857,5,5.109691
0.76163,761,647.0236,619.5707,5,4.96245337
0.76349,762,647.0236,619.5762,5,5.016986
0.76352,763,647.0236,619.5805,5,4.98426628
0.76490,764,647.0236,619.5857,5,4.92973375
0.76495,765,647.0236,619.590942,5,5.066065
0.76659,766,647.0236,619.595947,5,4.94064
0.76848,767,647.0236,619.600952,5,5.087878
0.76850,768,647.0236,619.6053,5,4.913374
0.76963,769,647.0236,619.611,5,4.98426628
0.77151,770,647.0236,619.6162,5,5.07697153
0.77154,771,647.0236,619.6212,5,5.038799
0.77273,772,647.0236,619.6254,5,5.066065
0.77274,773,647.0236,619.6303,5,4.82612228
0.77457,774,647.0236,619.6362,5,4.98426628
0.77641,775,647.0236,619.6412,5,4.98426628
0.77643,776,647.0236,619.6464,5,5.14241028
0.77763,777,647.0236,619.651,5,5.066065
0.77948,778,647.0236,619.65564,5,4.82612228
0.77950,779,647.0236,619.661,5,4.95154667
0.78073,780,647.0236,619.665955,5,4.92973375
0.78074,781,647.0236,619.6711,5,5.14241028
0.78259,782,647.0236,619.6757,5,4.97335958
0.78439,783,647.0236,619.681152,5,4.94064
0.78443,784,647.0236,619.6861,5,4.96245337
0.78566,785,647.0236,619.6914,5,4.96245337
0.78748,786,647.0236,619.6964,5,5.180583
0.78752,787,647.0236,619.7009,5,4.95154667
0.78872,788,647.0236,619.705933,5,4.96245337
0.78873,789,647.0236,619.710754,5,4.837029
0.79057,790,647.0236,619.716553,5,4.98426628
0.79241,791,647.0236,619.7212,5,5.087878
0.79244,792,647.0236,619.7259,5,4.97335958
0.79363,793,647.0236,619.7305,5,4.97335958
0.79550,794,647.0236,619.7358,5,4.75523
0.79552,795,647.0236,619.741638,5,5.07697153
0.79674,796,647.0236,619.7465,5,5.09878445
0.79677,797,647.0236,619.751648,5,5.12059736
0.79859,798,647.0236,619.755554,5,4.995173
0.80044,799,647.0236,619.761658,5,4.847935
0.80047,800,647.0236,619.766846,5,5.07697153
0.80163,801,647.0236,619.7714,5,4.98426628
0.80348,802,647.0236,619.7762,5,5.087878
0.80352,803,647.0236,619.780945,5,4.88065434
0.80472,804,647.0236,619.786865,5,4.913374
0.80474,805,647.0236,619.7919,5,5.066065
0.80659,806,647.0236,619.796753,5,5.02789259
0.80841,807,647.0236,619.8008,5,5.05515862
0.80843,808,647.0236,619.8059,5,4.847935
0.80963,809,647.0236,619.811462,5,4.995173
0.81148,810,647.0236,619.816,5,4.96245337
0.81149,811,647.0236,619.8212,5,5.066065
0.81275,812,647.0236,619.826,5,5.07697153
0.81277,813,647.0236,619.831543,5,4.995173
0.81476,814,647.0236,619.8366,5,5.153317
0.81639,815,647.0236,619.8413,5,5.016986
0.81641,816,647.0236,619.8464,5,5.07697153
0.81764,817,647.0236,619.851135,5,4.90246725
0.81952,818,647.0236,619.8569,5,5.016986
0.81954,819,647.0236,619.8615,5,5.07697153
0.82072,820,647.0236,619.8666,5,5.02789259
0.82073,821,647.0236,619.871338,5,5.07697153
0.82260,822,647.0236,619.8766,5,4.891561
0.82440,823,647.0236,619.882,5,5.07697153
0.82442,824,647.0236,619.8866,5,5.006079
0.82563,825,647.0236,619.8918,5,5.07697153
0.82746,826,647.0236,619.8966,5,5.038799
0.82748,827,647.0236,619.902039,5,4.97335958
0.82872,828,647.0236,619.906738,5,5.066065
0.82874,829,647.0236,619.9115,5,4.913374
0.83058,830,647.0236,619.916931,5,5.066065
0.83239,831,647.0236,619.9219,5,4.97335958
0.83241,832,647.0236,619.927,5,5.038799
0.83363,833,647.0236,619.931335,5,4.995173
0.83547,834,647.0236,619.9367,5,4.891561
0.83550,835,647.0236,619.942139,5,5.066065
0.83674,836,647.0236,619.947144,5,5.016986
0.83675,837,647.0236,619.9516,5,5.09878445
0.83858,838,647.0236,619.9561,5,4.88065434
0.84041,839,647.0236,619.9624,5,4.913374
0.84044,840,647.0236,619.967163,5,5.006079
0.84164,841,647.0236,619.9724,5,5.066065
0.84350,842,647.0236,619.976746,5,5.14241028
0.84354,843,647.0236,619.98175,5,4.837029
0.84472,844,647.0236,619.987244,5,4.913374
0.84475,845,647.0236,619.9921,5,4.913374
0.84658,846,647.0236,619.9974,5,5.087878
0.84846,847,647.0236,620.0069,5,4.88065434
0.84850,848,647.0236,620.0069,5,4.88065434
0.84966,849,647.0236,620.011963,5,4.98426628
0.85152,850,647.0236,620.022461,5,5.153317
0.85154,851,647.0236,620.0269,5,5.038799
0.85273,852,647.0236,620.03186,5,4.94064
0.85274,853,647.0236,620.0367,5,4.90246725
0.85463,854,647.0236,620.0424,5,4.90246725
0.85651,855,647.0236,620.047363,5,5.12059736
0.85654,856,647.0236,620.0519,5,4.98426628
0.85766,857,647.0236,620.056641,5,5.006079
0.85950,858,647.0236,620.061462,5,4.78794956
0.85953,859,647.0236,620.0675,5,4.95154667
0.86072,860,647.0236,620.0723,5,5.13150358
0.86073,861,647.0236,620.0771,5,5.087878
0.86259,862,647.0236,620.081543,5,5.087878
0.86439,863,647.0236,620.0869,5,4.81521559
0.86442,864,647.0236,620.0925,5,5.016986
0.86565,865,647.0236,620.097046,5,4.995173
0.86751,866,647.0236,620.1022,5,5.066065
0.86753,867,647.0236,620.106445,5,4.96245337
0.86874,868,647.0236,620.112,5,4.82612228
0.86878,869,647.0236,620.117249,5,5.038799
0.87060,870,647.0236,620.1219,5,4.97335958
0.87239,871,647.0236,620.126648,5,5.07697153
0.87241,872,647.0236,620.1314,5,4.869748
0.87366,873,647.0236,620.137,5,4.891561
0.87553,874,647.0236,620.1417,5,4.98426628
0.87556,875,647.0236,620.1467,5,4.96245337
0.87673,876,647.0236,620.1517,5,5.109691
0.87674,877,647.0236,620.1568,5,4.92973375
0.87860,878,647.0236,620.162231,5,5.07697153
0.88037,879,647.0236,620.166748,5,5.016986
0.88039,880,647.0236,620.171753,5,4.97335958
0.88164,881,647.0236,620.1764,5,4.94064
0.88355,882,647.0236,620.1818,5,4.858842
0.88358,883,647.0236,620.186951,5,5.066065
0.88474,884,647.0236,620.19165,5,4.97335958
0.88475,885,647.0236,620.1966,5,5.038799
0.88660,886,647.0236,620.2013,5,4.90246725
0.88838,887,647.0236,620.2069,5,4.92973375
0.88839,888,647.0236,620.2116,5,5.02789259
0.88964,889,647.0236,620.216553,5,4.95154667
0.89152,890,647.0236,620.2216,5,5.087878
0.89154,891,647.0236,620.226563,5,4.90246725
0.89271,892,647.0236,620.2318,5,5.016986
0.89272,893,647.0236,620.2361,5,4.92973375
0.89459,894,647.0236,620.2415,5,4.913374
0.89637,895,647.0236,620.2465,5,5.016986
0.89639,896,647.0236,620.2519,5,4.90246725
0.89763,897,647.0236,620.256531,5,5.05515862
0.89950,898,647.0236,620.261536,5,4.847935
0.89954,899,647.0236,620.2669,5,4.96245337
0.90072,900,647.0236,620.2719,5,5.02789259
0.90073,901,647.0236,620.2771,5,5.016986
0.90258,902,647.0236,620.2812,5,5.006079
0.90438,903,647.0236,620.28656,5,4.76613665
0.90440,904,647.0236,620.291565,5,4.95154667
0.90564,905,647.0236,620.297058,5,4.95154667
0.90747,906,647.0236,620.3018,5,5.13150358
0.90750,907,647.0236,620.3058,5,5.006079
0.90874,908,647.0236,620.3112,5,4.78794956
0.90876,909,647.0236,620.316345,5,4.90246725
0.91059,910,647.0236,620.32135,5,4.869748
0.91237,911,647.0236,620.3262,5,5.109691
0.91239,912,647.0236,620.330566,5,4.90246725
0.91363,913,647.0236,620.3359,5,4.847935
0.91547,914,647.0236,620.3407,5,4.88065434
0.91551,915,647.0236,620.346,5,4.847935
0.91673,916,647.0236,620.3508,5,5.087878
0.91675,917,647.0236,620.3553,5,4.869748
0.91860,918,647.0236,620.3602,5,4.858842
0.92038,919,647.0236,620.365,5,4.76613665
0.92040,920,647.0236,620.3708,5,4.869748
0.92164,921,647.0236,620.375366,5,5.05515862
0.92347,922,647.0236,620.38,5,4.92973375
0.92350,923,647.0236,620.384644,5,4.97335958
0.92472,924,647.0236,620.3898,5,4.74432325
0.92475,925,647.0236,620.3958,5,4.995173
0.92658,926,647.0236,620.4003,5,5.109691
0.92836,927,647.0236,620.405151,5,5.087878
0.92837,928,647.0236,620.4096,5,5.038799
0.92964,929,647.0236,620.4153,5,4.81521559
0.93155,930,647.0236,620.420654,5,5.05515862
0.93158,931,647.0236,620.425232,5,4.995173
0.93272,932,647.0236,620.43,5,5.09878445
0.93274,933,647.0236,620.4347,5,4.92973375
0.93460,934,647.0236,620.440552,5,4.869748
0.93639,935,647.0236,620.4454,5,5.07697153
0.93642,936,647.0236,620.4502,5,5.006079
0.93765,937,647.0236,620.4549,5,5.087878
0.93948,938,647.0236,620.4599,5,4.869748
0.93949,939,647.0236,620.465454,5,4.96245337
0.94075,940,647.0236,620.4701,5,4.98426628
0.94076,941,647.0236,620.4753,5,5.02789259
0.94260,942,647.0236,620.4801,5,5.109691
0.94437,943,647.0236,620.485535,5,4.95154667
0.94438,944,647.0236,620.4906,5,5.14241028
0.94563,945,647.0236,620.4953,5,5.016986
0.94746,946,647.0236,620.500366,5,5.02789259
0.94748,947,647.0236,620.5051,5,4.94064
0.94872,948,647.0236,620.515564,5,5.09878445
0.94873,949,647.0236,620.520447,5,5.006079
0.95056,950,647.0236,620.525269,5,5.07697153
0.95239,951,647.0236,620.5304,5,4.891561
0.95243,952,647.0236,620.5359,5,5.02789259
0.95364,953,647.0236,620.5404,5,5.006079
0.95546,954,647.0236,620.5456,5,5.016986
0.95547,955,647.0236,620.5505,5,5.087878
0.95673,956,647.0236,620.555847,5,4.94064
0.95675,957,647.0236,620.5606,5,5.07697153
0.95858,958,647.0236,620.5653,5,4.92973375
0.96039,959,647.0236,620.5708,5,5.02789259
0.96042,960,647.0236,620.5757,5,5.006079
0.96164,961,647.0236,620.5809,5,4.995173
0.96349,962,647.0236,620.5852,5,5.038799
0.96350,963,647.0236,620.590942,5,4.88065434
0.96491,964,647.0236,620.5961,5,5.07697153
0.96496,965,647.0236,620.6011,5,5.038799
0.96658,966,647.0236,620.6059,5,5.109691
0.96839,967,647.0236,620.6103,5,4.95154667
0.96841,968,647.0236,620.6163,5,4.869748
0.96967,969,647.0236,620.6214,5,5.02789259
0.97146,970,647.0236,620.626465,5,5.02789259
0.97149,971,647.0236,620.630859,5,5.202396
0.97272,972,647.0236,620.635742,5,4.913374
0.97273,973,647.0236,620.6413,5,4.913374
0.97455,974,647.0236,620.6462,5,4.94064
0.97637,975,647.0236,620.6515,5,5.05515862
0.97638,976,647.0236,620.6559,5,5.12059736
0.97764,977,647.0236,620.6611,5,4.891561
0.97947,978,647.0236,620.6662,5,4.98426628
0.97949,979,647.0236,620.6713,5,4.90246725
0.98076,980,647.0236,620.676636,5,5.13150358
0.98079,981,647.0236,620.681,5,5.087878
0.98257,982,647.0236,620.686035,5,4.95154667
0.98439,983,647.0236,620.690857,5,4.95154667
0.98440,984,647.0236,620.6966,5,4.88065434
0.98568,985,647.0236,620.7016,5,5.13150358
0.98746,986,647.0236,620.7061,5,5.016986
0.98748,987,647.0236,620.710938,5,5.02789259
0.98873,988,647.0236,620.715759,5,4.847935
0.98875,989,647.0236,620.7218,5,4.90246725
0.99054,990,647.0236,620.726563,5,5.164223
0.99236,991,647.0236,620.731445,5,5.087878
0.99239,992,647.0236,620.7359,5,5.109691
0.99364,993,647.0236,620.7412,5,4.858842
0.99546,994,647.0236,620.746948,5,4.995173
0.99547,995,647.0236,620.7521,5,5.02789259
0.99673,996,647.0236,620.7566,5,5.05515862
0.99675,997,647.0236,620.7608,5,5.006079
0.99858,998,647.0236,620.7669,5,4.82612228
1.00040,999,647.0236,620.772034,5,5.05515862
1.00042,1000,647.0236,620.7768,5,5.006079
1.00168,1001,647.0236,620.781738,5,5.09878445
1.00347,1002,647.0236,620.7867,5,4.92973375
1.00349,1003,647.0236,620.792358,5,4.90246725
1.00472,1004,647.0236,620.796936,5,5.016986
1.00473,1005,647.0236,620.8022,5,4.97335958
1.00658,1006,647.0236,620.807,5,5.13150358
1.00838,1007,647.0236,620.811646,5,4.96245337
1.00839,1008,647.0236,620.816956,5,5.09878445
1.00965,1009,647.0236,620.8215,5,5.066065
1.01146,1010,647.0236,620.826538,5,4.995173
1.01148,1011,647.0236,620.831238,5,4.995173
1.01274,1012,647.0236,620.8369,5,4.891561
1.01275,1013,647.0236,620.841858,5,5.109691
1.01478,1014,647.0236,620.8467,5,5.02789259
1.01640,1015,647.0236,620.8516,5,5.087878
1.01641,1016,647.0236,620.8565,5,4.96245337
1.01766,1017,647.0236,620.862244,5,4.98426628
1.01947,1018,647.0236,620.8668,5,5.087878
1.01949,1019,647.0236,620.871948,5,5.016986
1.02075,1020,647.0236,620.8769,5,5.13150358
1.02078,1021,647.0236,620.882141,5,4.96245337
1.02255,1022,647.0236,620.8872,5,5.087878
1.02441,1023,647.0236,620.891663,5,4.96245337
1.02442,1024,647.0236,620.8973,5,4.98426628
1.02565,1025,647.0236,620.902161,5,5.066065
1.02750,1026,647.0236,620.907349,5,4.96245337
1.02753,1027,647.0236,620.9118,5,5.087878
1.02873,1028,647.0236,620.9168,5,4.88065434
1.02875,1029,647.0236,620.9226,5,5.038799
1.03056,1030,647.0236,620.9275,5,5.05515862
1.03239,1031,647.0236,620.932251,5,5.09878445
1.03241,1032,647.0236,620.936768,5,5.006079
1.03364,1033,647.0236,620.9426,5,4.837029
1.03547,1034,647.0236,620.947937,5,5.016986
1.03549,1035,647.0236,620.9529,5,4.995173
1.03675,1036,647.0236,620.9574,5,5.191489
1.03678,1037,647.0236,620.962,5,4.96245337
1.03856,1038,647.0236,620.9677,5,4.869748
1.04038,1039,647.0236,620.9726,5,4.95154667
1.04040,1040,647.0236,620.977844,5,4.98426628
1.04165,1041,647.0236,620.982361,5,5.164223
1.04346,1042,647.0236,620.9873,5,4.92973375
1.04347,1043,647.0236,620.9926,5,4.97335958
1.04473,1044,647.0236,620.997559,5,4.92973375
1.04475,1045,647.0236,621.0034,5,5.066065
1.04655,1046,647.0236,621.0075,5,5.14241028
1.04848,1047,647.0236,621.012451,5,4.94064
1.04851,1048,647.0236,621.0173,5,4.96245337
1.04966,1049,647.0236,621.028137,5,5.09878445
1.05148,1050,647.0236,621.0325,5,5.038799
1.05151,1051,647.0236,621.037354,5,5.006079
1.05274,1052,647.0236,621.042053,5,4.90246725
1.05278,1053,647.0236,621.048,5,4.81521559
1.05455,1054,647.0236,621.05304,5,5.14241028
1.05639,1055,647.0236,621.057739,5,5.07697153
1.05641,1056,647.0236,621.0623,5,5.13150358
1.05765,1057,647.0236,621.0674,5,4.90246725
1.05951,1058,647.0236,621.073242,5,4.92973375
1.05954,1059,647.0236,621.0778,5,5.066065
1.06072,1060,647.0236,621.0827,5,5.02789259
1.06074,1061,647.0236,621.0873,5,5.07697153
1.06255,1062,647.0236,621.0928,5,4.837029
1.06438,1063,647.0236,621.0982,5,5.006079
1.06441,1064,647.0236,621.102844,5,5.016986
1.06565,1065,647.0236,621.107666,5,5.087878
1.06749,1066,647.0236,621.112366,5,5.006079
1.06752,1067,647.0236,621.118042,5,4.88065434
1.06873,1068,647.0236,621.1229,5,5.05515862
1.06874,1069,647.0236,621.1278,5,4.96245337
1.07055,1070,647.0236,621.1329,5,5.13150358
1.07242,1071,647.0236,621.137939,5,5.006079
1.07247,1072,647.0236,621.1435,5,5.066065
1.07364,1073,647.0236,621.148,5,5.109691
1.07547,1074,647.0236,621.1531,5,5.006079
1.07549,1075,647.0236,621.1578,5,5.02789259
1.07673,1076,647.0236,621.163269,5,4.858842
1.07674,1077,647.0236,621.1684,5,5.07697153
1.07855,1078,647.0236,621.1731,5,5.016986
1.08039,1079,647.0236,621.1781,5,5.038799
1.08041,1080,647.0236,621.1829,5,4.995173
1.08165,1081,647.0236,621.188538,5,4.94064
1.08346,1082,647.0236,621.1933,5,5.09878445
1.08348,1083,647.0236,621.198242,5,4.995173
1.08472,1084,647.0236,621.2033,5,5.12059736
1.08473,1085,647.0236,621.208435,5,4.97335958
1.08655,1086,647.0236,621.2136,5,5.038799
1.08840,1087,647.0236,621.218,5,5.006079
1.08842,1088,647.0236,621.2235,5,4.95154667
1.08963,1089,647.0236,621.2288,5,5.07697153
1.09147,1090,647.0236,621.233643,5,4.95154667
1.09149,1091,647.0236,621.2383,5,5.09878445
1.09273,1092,647.0236,621.243042,5,4.92973375
1.09274,1093,647.0236,621.2492,5,4.995173
1.09455,1094,647.0236,621.2542,5,5.087878
1.09642,1095,647.0236,621.259033,5,5.066065
1.09644,1096,647.0236,621.2632,5,5.066065
1.09764,1097,647.0236,621.268738,5,4.837029
1.09950,1098,647.0236,621.274353,5,4.995173
1.09954,1099,647.0236,621.279541,5,4.98426628
1.10072,1100,647.0236,621.2842,5,5.164223
1.10073,1101,647.0236,621.288635,5,5.05515862
1.10255,1102,647.0236,621.2944,5,4.837029
1.10440,1103,647.0236,621.2993,5,4.96245337
1.10442,1104,647.0236,621.304565,5,4.94064
1.10574,1105,647.0236,621.309143,5,5.164223
1.10749,1106,647.0236,621.313965,5,4.97335958
1.10751,1107,647.0236,621.319,5,4.95154667
1.10873,1108,647.0236,621.323853,5,4.96245337
1.10876,1109,647.0236,621.329468,5,4.995173
1.11055,1110,647.0236,621.334,5,5.180583
1.11240,1111,647.0236,621.338867,5,4.96245337
1.11242,1112,647.0236,621.3437,5,4.97335958
1.11363,1113,647.0236,621.34906,5,4.847935
1.11548,1114,647.0236,621.354553,5,5.02789259
1.11550,1115,647.0236,621.358948,5,5.087878
1.11673,1116,647.0236,621.3639,5,5.006079
1.11674,1117,647.0236,621.368469,5,4.98426628
1.11856,1118,647.0236,621.374451,5,4.81521559
1.12040,1119,647.0236,621.379639,5,5.13150358
1.12042,1120,647.0236,621.384338,5,5.109691
1.12164,1121,647.0236,621.389,5,5.153317
1.12351,1122,647.0236,621.3939,5,4.98426628
1.12354,1123,647.0236,621.399841,5,4.90246725
1.12473,1124,647.0236,621.404541,5,5.09878445
1.12474,1125,647.0236,621.4095,5,5.02789259
1.12655,1126,647.0236,621.414,5,5.109691
1.12843,1127,647.0236,621.4194,5,4.869748
1.12847,1128,647.0236,621.424866,5,4.98426628
1.12963,1129,647.0236,621.429565,5,5.05515862
1.13165,1130,647.0236,621.434448,5,5.07697153
1.13171,1131,647.0236,621.4391,5,5.038799
1.13275,1132,647.0236,621.4447,5,4.858842
1.13278,1133,647.0236,621.449646,5,5.02789259
1.13458,1134,647.0236,621.4549,5,4.96245337
1.13640,1135,647.0236,621.459656,5,5.12059736
1.13642,1136,647.0236,621.464539,5,5.02789259
1.13764,1137,647.0236,621.470154,5,5.016986
1.13951,1138,647.0236,621.474731,5,5.12059736
1.13954,1139,647.0236,621.4797,5,4.98426628
1.14073,1140,647.0236,621.4845,5,5.05515862
1.14074,1141,647.0236,621.489868,5,4.88065434
1.14256,1142,647.0236,621.4952,5,5.038799
1.14441,1143,647.0236,621.499756,5,5.05515862
1.14443,1144,647.0236,621.5052,5,5.016986
1.14563,1145,647.0236,621.5096,5,5.016986
1.14750,1146,647.0236,621.5152,5,4.90246725
1.14752,1147,647.0236,621.52,5,5.087878
1.14876,1148,647.0236,621.53,5,5.09878445
1.14879,1149,647.0236,621.535,5,5.006079
1.15057,1150,647.0236,621.540344,5,5.006079
1.15244,1151,647.0236,621.544739,5,5.02789259
1.15247,1152,647.0236,621.5501,5,4.92973375
1.15365,1153,647.0236,621.555542,5,5.087878
1.15551,1154,647.0236,621.560364,5,4.96245337
1.15554,1155,647.0236,621.565,5,5.087878
1.15674,1156,647.0236,621.569641,5,4.96245337
1.15675,1157,647.0236,621.5758,5,4.95154667
1.15859,1158,647.0236,621.5808,5,5.087878
1.16040,1159,647.0236,621.5858,5,5.038799
1.16042,1160,647.0236,621.5899,5,5.09878445
1.16163,1161,647.0236,621.595337,5,4.858842
1.16349,1162,647.0236,621.601,5,4.97335958
1.16351,1163,647.0236,621.6059,5,5.006079
1.16487,1164,647.0236,621.6107,5,5.12059736
1.16489,1165,647.0236,621.6151,5,5.12059736
1.16656,1166,647.0236,621.620667,5,4.847935
1.16839,1167,647.0236,621.6257,5,4.96245337
1.16841,1168,647.0236,621.6309,5,4.94064
1.16964,1169,647.0236,621.6357,5,5.153317
1.17151,1170,647.0236,621.6404,5,5.016986
1.17153,1171,647.0236,621.645752,5,4.94064
1.17273,1172,647.0236,621.650635,5,4.97335958
1.17275,1173,647.0236,621.6562,5,4.95154667
1.17458,1174,647.0236,621.660767,5,5.202396
1.17643,1175,647.0236,621.6656,5,4.995173
1.17645,1176,647.0236,621.6705,5,4.98426628
1.17763,1177,647.0236,621.6757,5,4.869748
1.17949,1178,647.0236,621.6814,5,4.98426628
1.17951,1179,647.0236,621.6857,5,5.109691
1.18071,1180,647.0236,621.6907,5,4.995173
1.18073,1181,647.0236,621.6952,5,5.006079
1.18258,1182,647.0236,621.701,5,4.78794956
1.18439,1183,647.0236,621.7064,5,5.07697153
1.18441,1184,647.0236,621.711,5,5.12059736
1.18566,1185,647.0236,621.715759,5,5.13150358
1.18751,1186,647.0236,621.720459,5,5.02789259
1.18753,1187,647.0236,621.72644,5,4.847935
1.18872,1188,647.0236,621.7312,5,5.087878
1.18873,1189,647.0236,621.736,5,5.006079
1.19056,1190,647.0236,621.7406,5,5.109691
1.19243,1191,647.0236,621.7458,5,4.90246725
1.19245,1192,647.0236,621.7515,5,4.913374
1.19363,1193,647.0236,621.756165,5,5.066065
1.19549,1194,647.0236,621.761047,5,5.038799
1.19550,1195,647.0236,621.7656,5,5.07697153
1.19671,1196,647.0236,621.7711,5,4.847935
1.19673,1197,647.0236,621.776245,5,5.006079
1.19867,1198,647.0236,621.7813,5,4.97335958
1.20041,1199,647.0236,621.7865,5,5.066065
1.20044,1200,647.0236,621.7914,5,5.07697153
1.20165,1201,647.0236,621.7973,5,4.98426628
1.20350,1202,647.0236,621.8019,5,5.14241028
1.20353,1203,647.0236,621.807251,5,5.006079
1.20472,1204,647.0236,621.81134,5,5.05515862
1.20475,1205,647.0236,621.8163,5,4.90246725
1.20655,1206,647.0236,621.8217,5,4.995173
1.20840,1207,647.0236,621.826355,5,5.066065
1.20843,1208,647.0236,621.8314,5,5.006079
1.20963,1209,647.0236,621.836,5,5.05515862
1.21149,1210,647.0236,621.8416,5,4.88065434
1.21151,1211,647.0236,621.8466,5,5.05515862
1.21271,1212,647.0236,621.8513,5,4.98426628
1.21273,1213,647.0236,621.85675,5,5.05515862
1.21484,1214,647.0236,621.8613,5,5.02789259
1.21639,1215,647.0236,621.8668,5,4.95154667
1.21640,1216,647.0236,621.8711,5,5.05515862
1.21764,1217,647.0236,621.8764,5,4.891561
1.21951,1218,647.0236,621.8819,5,5.038799
1.21953,1219,647.0236,621.8869,5,4.97335958
1.22072,1220,647.0236,621.8915,5,5.016986
1.22075,1221,647.0236,621.895935,5,5.006079
1.22255,1222,647.0236,621.902039,5,4.88065434
1.22441,1223,647.0236,621.9071,5,5.066065
1.22443,1224,647.0236,621.9121,5,5.016986
1.22564,1225,647.0236,621.91626,5,5.09878445
1.22752,1226,647.0236,621.9213,5,4.90246725
1.22754,1227,647.0236,621.9272,5,4.891561
1.22873,1228,647.0236,621.932068,5,5.006079
1.22877,1229,647.0236,621.9371,5,5.05515862
1.23058,1230,647.0236,621.9412,5,5.164223
1.23240,1231,647.0236,621.946655,5,4.858842
1.23242,1232,647.0236,621.951965,5,4.92973375
1.23366,1233,647.0236,621.957336,5,4.92973375
1.23550,1234,647.0236,621.9619,5,5.07697153
1.23554,1235,647.0236,621.9664,5,5.09878445
1.23675,1236,647.0236,621.971863,5,4.88065434
1.23678,1237,647.0236,621.976746,5,4.995173
1.23858,1238,647.0236,621.9821,5,4.90246725
1.24040,1239,647.0236,621.987,5,5.14241028
1.24044,1240,647.0236,621.9916,5,5.05515862
1.24164,1241,647.0236,621.996643,5,4.94064
1.24349,1242,647.0236,622.0016,5,4.913374
1.24352,1243,647.0236,622.0076,5,4.891561
1.24471,1244,647.0236,622.0119,5,5.13150358
1.24473,1245,647.0236,622.016663,5,4.995173
1.24656,1246,647.0236,622.02124,5,5.02789259
1.24851,1247,647.0236,622.0266,5,4.798856
1.24858,1248,647.0236,622.0325,5,4.94064
1.24965,1249,647.0236,622.037,5,5.14241028
1.25149,1250,647.0236,622.0463,5,5.09878445
1.25151,1251,647.0236,622.0521,5,4.82612228
1.25273,1252,647.0236,622.0573,5,5.016986
1.25274,1253,647.0236,622.061951,5,5.016986
1.25457,1254,647.0236,622.0667,5,5.07697153
1.25641,1255,647.0236,622.071533,5,4.995173
1.25644,1256,647.0236,622.0774,5,4.847935
1.25764,1257,647.0236,622.0821,5,5.07697153
1.25950,1258,647.0236,622.087036,5,5.016986
1.25953,1259,647.0236,622.0916,5,5.109691
1.26071,1260,647.0236,622.096863,5,4.913374
1.26079,1261,647.0236,622.1023,5,4.92973375
1.26260,1262,647.0236,622.1069,5,5.006079
1.26440,1263,647.0236,622.1121,5,4.995173
1.26443,1264,647.0236,622.1169,5,5.12059736
1.26565,1265,647.0236,622.122437,5,4.95154667
1.26750,1266,647.0236,622.127258,5,5.109691
1.26752,1267,647.0236,622.132,5,5.016986
1.26873,1268,647.0236,622.136963,5,4.98426628
1.26876,1269,647.0236,622.1418,5,4.95154667
1.27059,1270,647.0236,622.1475,5,4.88065434
1.27241,1271,647.0236,622.1521,5,5.087878
1.27244,1272,647.0236,622.157349,5,4.98426628
1.27364,1273,647.0236,622.1618,5,5.05515862
1.27548,1274,647.0236,622.1671,5,4.891561
1.27552,1275,647.0236,622.172363,5,4.96245337
1.27674,1276,647.0236,622.176941,5,5.02789259
1.27676,1277,647.0236,622.1822,5,4.97335958
1.27859,1278,647.0236,622.186951,5,5.09878445
1.28043,1279,647.0236,622.1924,5,4.90246725
1.28045,1280,647.0236,622.19696,5,5.05515862
1.28168,1281,647.0236,622.2018,5,4.913374
1.28351,1282,647.0236,622.2072,5,4.96245337
1.28354,1283,647.0236,622.212463,5,5.016986
1.28473,1284,647.0236,622.2175,5,4.94064
1.28475,1285,647.0236,622.221863,5,5.07697153
1.28660,1286,647.0236,622.227356,5,4.858842
1.28842,1287,647.0236,622.2327,5,5.02789259
1.28845,1288,647.0236,622.2378,5,5.038799
1.28966,1289,647.0236,622.2421,5,5.07697153
1.29152,1290,647.0236,622.2467,5,5.006079
1.29155,1291,647.0236,622.2527,5,4.82612228
1.29274,1292,647.0236,622.2577,5,5.006079
1.29278,1293,647.0236,622.262756,5,4.98426628
1.29460,1294,647.0236,622.2671,5,5.191489
1.29640,1295,647.0236,622.272034,5,4.97335958
1.29643,1296,647.0236,622.2775,5,4.858842
1.29764,1297,647.0236,622.2825,5,4.95154667
1.29948,1298,647.0236,622.2877,5,4.98426628
1.29950,1299,647.0236,622.2921,5,5.164223
1.30074,1300,647.0236,622.297668,5,4.92973375
1.30076,1301,647.0236,622.302734,5,4.97335958
1.30259,1302,647.0236,622.308,5,4.94064
1.30441,1303,647.0236,622.3131,5,5.05515862
1.30444,1304,647.0236,622.3176,5,5.14241028
1.30565,1305,647.0236,622.3226,5,4.94064
1.30749,1306,647.0236,622.327759,5,4.96245337
1.30754,1307,647.0236,622.333557,5,4.837029
1.30878,1308,647.0236,622.337769,5,5.087878
1.30879,1309,647.0236,622.3422,5,5.038799
1.31060,1310,647.0236,622.347046,5,4.98426628
1.31243,1311,647.0236,622.351868,5,4.90246725
1.31246,1312,647.0236,622.358,5,4.78794956
1.31364,1313,647.0236,622.362732,5,5.13150358
1.31548,1314,647.0236,622.3675,5,5.07697153
1.31550,1315,647.0236,622.371948,5,5.109691
1.31675,1316,647.0236,622.377258,5,4.891561
1.31679,1317,647.0236,622.3829,5,4.869748
1.31858,1318,647.0236,622.3873,5,5.038799
1.32042,1319,647.0236,622.3922,5,4.995173
1.32045,1320,647.0236,622.3968,5,5.038799
1.32164,1321,647.0236,622.4024,5,4.798856
1.32349,1322,647.0236,622.4076,5,4.95154667
1.32351,1323,647.0236,622.412231,5,4.995173
1.32474,1324,647.0236,622.417,5,5.02789259
1.32476,1325,647.0236,622.4217,5,4.98426628
1.32658,1326,647.0236,622.4274,5,4.81521559
1.32841,1327,647.0236,622.432068,5,4.995173
1.32844,1328,647.0236,622.4371,5,4.94064
1.32964,1329,647.0236,622.442,5,5.087878
1.33163,1330,647.0236,622.4472,5,5.006079
1.33168,1331,647.0236,622.452637,5,4.995173
1.33274,1332,647.0236,622.4571,5,5.109691
1.33278,1333,647.0236,622.4621,5,4.97335958
1.33461,1334,647.0236,622.4668,5,5.02789259
1.33645,1335,647.0236,622.472351,5,4.837029
1.33649,1336,647.0236,622.477356,5,5.006079
1.33775,1337,647.0236,622.482056,5,5.016986
1.33951,1338,647.0236,622.487061,5,4.995173
1.33955,1339,647.0236,622.49176,5,5.006079
1.34072,1340,647.0236,622.497437,5,4.858842
1.34073,1341,647.0236,622.5021,5,5.066065
1.34259,1342,647.0236,622.5073,5,4.95154667
1.34441,1343,647.0236,622.512,5,5.05515862
1.34445,1344,647.0236,622.5174,5,4.98426628
1.34564,1345,647.0236,622.5226,5,4.95154667
1.34749,1346,647.0236,622.5269,5,5.016986
1.34751,1347,647.0236,622.532349,5,4.88065434
1.34876,1348,647.0236,622.5424,5,4.94064
1.34878,1349,647.0236,622.547058,5,5.016986
1.35058,1350,647.0236,622.5518,5,4.96245337
1.35242,1351,647.0236,622.5576,5,4.891561
1.35244,1352,647.0236,622.562561,5,5.066065
1.35367,1353,647.0236,622.567444,5,5.016986
1.35548,1354,647.0236,622.571533,5,5.09878445
1.35552,1355,647.0236,622.576965,5,4.858842
1.35673,1356,647.0236,622.582642,5,4.913374
1.35674,1357,647.0236,622.5875,5,4.995173
1.35859,1358,647.0236,622.5923,5,5.05515862
1.36041,1359,647.0236,622.5966,5,5.14241028
1.36043,1360,647.0236,622.6022,5,4.82612228
1.36164,1361,647.0236,622.6075,5,4.913374
1.36348,1362,647.0236,622.6123,5,4.90246725
1.36351,1363,647.0236,622.617065,5,5.07697153
1.36488,1364,647.0236,622.621643,5,5.05515862
1.36490,1365,647.0236,622.6271,5,4.869748
1.36657,1366,647.0236,622.631958,5,4.97335958
1.36843,1367,647.0236,622.637451,5,4.891561
1.36847,1368,647.0236,622.6421,5,5.14241028
1.36967,1369,647.0236,622.6468,5,5.016986
1.37151,1370,647.0236,622.6517,5,4.913374
1.37154,1371,647.0236,622.6568,5,4.88065434
1.37272,1372,647.0236,622.662537,5,4.869748
1.37273,1373,647.0236,622.6668,5,5.12059736
1.37463,1374,647.0236,622.6717,5,4.97335958
1.37641,1375,647.0236,622.6762,5,4.995173
1.37643,1376,647.0236,622.681763,5,4.777043
1.37764,1377,647.0236,622.6874,5,4.913374
1.37949,1378,647.0236,622.691956,5,5.12059736
1.37952,1379,647.0236,622.696655,5,5.066065
1.38072,1380,647.0236,622.701233,5,5.07697153
1.38074,1381,647.0236,622.707031,5,4.798856
1.38259,1382,647.0236,622.712036,5,4.98426628
1.38440,1383,647.0236,622.716736,5,4.98426628
1.38444,1384,647.0236,622.7214,5,5.038799
1.38564,1385,647.0236,622.726257,5,4.96245337
1.38750,1386,647.0236,622.732,5,4.78794956
1.38753,1387,647.0236,622.736633,5,5.02789259
1.38873,1388,647.0236,622.7415,5,4.97335958
1.38875,1389,647.0236,622.746033,5,5.066065
1.39056,1390,647.0236,622.751343,5,4.88065434
1.39238,1391,647.0236,622.7567,5,4.869748
1.39241,1392,647.0236,622.7613,5,4.995173
1.39364,1393,647.0236,622.7665,5,4.95154667
1.39550,1394,647.0236,622.7716,5,5.109691
1.39552,1395,647.0236,622.777161,5,4.92973375
1.39672,1396,647.0236,622.7819,5,5.066065
1.39673,1397,647.0236,622.7867,5,5.038799
1.39860,1398,647.0236,622.7916,5,4.97335958
1.40039,1399,647.0236,622.7966,5,4.97335958
1.40041,1400,647.0236,622.8021,5,4.858842
1.40167,1401,647.0236,622.8067,5,5.07697153
1.40352,1402,647.0236,622.8117,5,4.98426628
1.40355,1403,647.0236,622.816467,5,5.038799
1.40473,1404,647.0236,622.82135,5,4.92973375
1.40474,1405,647.0236,622.8267,5,4.94064
1.40661,1406,647.0236,622.8319,5,5.05515862
1.40837,1407,647.0236,622.836548,5,4.97335958
1.40839,1408,647.0236,622.8416,5,5.09878445
1.40965,1409,647.0236,622.847046,5,4.913374
1.41151,1410,647.0236,622.8514,5,5.02789259
1.41154,1411,647.0236,622.8565,5,4.95154667
1.41272,1412,647.0236,622.8619,5,4.95154667
1.41273,1413,647.0236,622.8669,5,5.07697153
1.41480,1414,647.0236,622.8721,5,4.96245337
1.41643,1415,647.0236,622.8764,5,5.109691
1.41646,1416,647.0236,622.881958,5,4.90246725
1.41764,1417,647.0236,622.8874,5,5.038799
1.41947,1418,647.0236,622.8924,5,5.087878
1.41949,1419,647.0236,622.8968,5,5.09878445
1.42072,1420,647.0236,622.9014,5,5.066065
1.42075,1421,647.0236,622.9075,5,4.858842
1.42259,1422,647.0236,622.912537,5,5.038799
1.42438,1423,647.0236,622.917542,5,5.016986
1.42439,1424,647.0236,622.9218,5,5.202396
1.42563,1425,647.0236,622.9269,5,5.016986
1.42748,1426,647.0236,622.932434,5,4.869748
1.42751,1427,647.0236,622.9373,5,4.97335958
1.42872,1428,647.0236,622.9425,5,4.98426628
1.42874,1429,647.0236,622.9469,5,5.180583
1.43057,1430,647.0236,622.952148,5,4.94064
1.43240,1431,647.0236,622.9572,5,4.96245337
1.43242,1432,647.0236,622.9625,5,4.94064
1.43366,1433,647.0236,622.967651,5,5.038799
1.43547,1434,647.0236,622.9721,5,5.153317
1.43549,1435,647.0236,622.9771,5,4.95154667
1.43672,1436,647.0236,622.981934,5,4.96245337
1.43674,1437,647.0236,622.987732,5,4.837029
1.43859,1438,647.0236,622.9925,5,5.066065
1.44039,1439,647.0236,622.997131,5,5.05515862
1.44040,1440,647.0236,623.001831,5,4.995173
1.44166,1441,647.0236,623.0069,5,4.92973375
1.44346,1442,647.0236,623.0128,5,4.798856
1.44348,1443,647.0236,623.017456,5,5.13150358
1.44472,1444,647.0236,623.022339,5,5.066065
1.44473,1445,647.0236,623.0268,5,5.13150358
1.44658,1446,647.0236,623.032349,5,4.913374
1.44838,1447,647.0236,623.037842,5,4.891561
1.44839,1448,647.0236,623.047241,5,5.006079
1.44966,1449,647.0236,623.051758,5,5.07697153
1.45147,1450,647.0236,623.0576,5,4.82612228
1.45149,1451,647.0236,623.0626,5,4.97335958
1.45273,1452,647.0236,623.0674,5,5.02789259
1.45275,1453,647.0236,623.0721,5,5.05515862
1.45459,1454,647.0236,623.077,5,5.02789259
1.45638,1455,647.0236,623.082642,5,4.858842
1.45639,1456,647.0236,623.0873,5,5.02789259
1.45764,1457,647.0236,623.092468,5,4.97335958
1.45946,1458,647.0236,623.097351,5,5.12059736
1.45947,1459,647.0236,623.1028,5,5.02789259
1.46072,1460,647.0236,623.1079,5,5.05515862
1.46073,1461,647.0236,623.112549,5,5.13150358
1.46257,1462,647.0236,623.1176,5,4.995173
1.46443,1463,647.0236,623.1224,5,5.05515862
1.46445,1464,647.0236,623.128052,5,4.869748
1.46568,1465,647.0236,623.1328,5,5.05515862
1.46748,1466,647.0236,623.1377,5,5.038799
1.46750,1467,647.0236,623.1426,5,5.02789259
1.46872,1468,647.0236,623.1476,5,5.006079
1.46874,1469,647.0236,623.153137,5,4.90246725
1.47059,1470,647.0236,623.157959,5,5.087878
1.47239,1471,647.0236,623.1632,5,4.98426628
1.47241,1472,647.0236,623.168,5,5.09878445
1.47370,1473,647.0236,623.173462,5,4.98426628
1.47547,1474,647.0236,623.178162,5,5.006079
1.47548,1475,647.0236,623.1829,5,5.006079
1.47672,1476,647.0236,623.188354,5,4.92973375
1.47675,1477,647.0236,623.1933,5,5.07697153
1.47856,1478,647.0236,623.1984,5,4.95154667
1.48037,1479,647.0236,623.202759,5,5.07697153
1.48039,1480,647.0236,623.208069,5,4.94064
1.48166,1481,647.0236,623.2137,5,4.95154667
1.48347,1482,647.0236,623.2186,5,5.07697153
1.48348,1483,647.0236,623.2232,5,5.038799
1.48472,1484,647.0236,623.2275,5,5.07697153
1.48474,1485,647.0236,623.2334,5,4.82612228
1.48655,1486,647.0236,623.2386,5,4.96245337
1.48838,1487,647.0236,623.2435,5,4.97335958
1.48840,1488,647.0236,623.248047,5,5.109691
1.48966,1489,647.0236,623.252747,5,5.087878
1.49148,1490,647.0236,623.2583,5,4.81521559
1.49149,1491,647.0236,623.263245,5,4.94064
1.49273,1492,647.0236,623.268555,5,4.913374
1.49274,1493,647.0236,623.2729,5,5.14241028
1.49455,1494,647.0236,623.278,5,5.006079
1.49637,1495,647.0236,623.283264,5,4.913374
1.49639,1496,647.0236,623.2882,5,4.97335958
1.49767,1497,647.0236,623.294,5,4.94064
1.49946,1498,647.0236,623.2984,5,5.191489
1.49947,1499,647.0236,623.303345,5,4.995173
1.50073,1500,647.0236,623.308167,5,4.96245337
1.50077,1501,647.0236,623.3138,5,4.869748
1.50255,1502,647.0236,623.3189,5,4.97335958
1.50437,1503,647.0236,623.323669,5,4.98426628
1.50438,1504,647.0236,623.3285,5,4.995173
1.50568,1505,647.0236,623.332947,5,4.995173
1.50746,1506,647.0236,623.338745,5,4.777043
1.50748,1507,647.0236,623.3437,5,5.066065
1.50875,1508,647.0236,623.3484,5,5.13150358
1.50880,1509,647.0236,623.352966,5,5.12059736
1.51055,1510,647.0236,623.3581,5,5.02789259
1.51236,1511,647.0236,623.363953,5,4.847935
1.51238,1512,647.0236,623.3685,5,5.07697153
1.51365,1513,647.0236,623.3734,5,5.006079
1.51547,1514,647.0236,623.378,5,5.12059736
1.51548,1515,647.0236,623.383545,5,4.92973375
1.51673,1516,647.0236,623.3889,5,4.92973375
1.51674,1517,647.0236,623.3936,5,5.09878445
1.51855,1518,647.0236,623.3985,5,5.05515862
1.52038,1519,647.0236,623.403137,5,5.09878445
1.52039,1520,647.0236,623.4089,5,4.88065434
1.52164,1521,647.0236,623.413635,5,5.016986
1.52347,1522,647.0236,623.4187,5,4.98426628
1.52350,1523,647.0236,623.4237,5,5.087878
1.52474,1524,647.0236,623.4289,5,5.09878445
1.52476,1525,647.0236,623.4343,5,4.995173
1.52657,1526,647.0236,623.438843,5,5.164223
1.52838,1527,647.0236,623.4439,5,5.016986
1.52840,1528,647.0236,623.4487,5,5.066065
1.52965,1529,647.0236,623.4543,5,4.913374
1.53158,1530,647.0236,623.4592,5,5.006079
1.53162,1531,647.0236,623.46405,5,5.07697153
1.53273,1532,647.0236,623.469,5,5.016986
1.53274,1533,647.0236,623.4738,5,5.05515862
1.53456,1534,647.0236,623.479431,5,4.891561
1.53641,1535,647.0236,623.484436,5,5.066065
1.53644,1536,647.0236,623.489563,5,4.995173
1.53769,1537,647.0236,623.494141,5,5.07697153
1.53946,1538,647.0236,623.4997,5,5.038799
1.53947,1539,647.0236,623.504761,5,4.98426628
1.54075,1540,647.0236,623.509155,5,5.066065
1.54076,1541,647.0236,623.5148,5,4.90246725
1.54256,1542,647.0236,623.519653,5,5.07697153
1.54437,1543,647.0236,623.5249,5,4.97335958
1.54439,1544,647.0236,623.5293,5,5.038799
1.54564,1545,647.0236,623.534363,5,5.016986
1.54746,1546,647.0236,623.5401,5,4.913374
1.54747,1547,647.0236,623.5451,5,5.09878445
1.54875,1548,647.0236,623.5498,5,5.038799
1.54877,1549,647.0236,623.554,5,5.109691
1.55056,1550,647.0236,623.559753,5,4.891561
1.55237,1551,647.0236,623.5701,5,5.016986
1.55238,1552,647.0236,623.5747,5,5.087878
1.55365,1553,647.0236,623.5793,5,5.164223
1.55546,1554,647.0236,623.584961,5,4.847935
1.55547,1555,647.0236,623.5899,5,4.95154667
1.55673,1556,647.0236,623.5951,5,4.92973375
1.55676,1557,647.0236,623.5997,5,5.09878445
1.55855,1558,647.0236,623.604553,5,5.07697153
1.56037,1559,647.0236,623.604553,5,5.07697153
1.56039,1560,647.0236,623.614868,5,4.995173
1.56164,1561,647.0236,623.6204,5,4.94064
1.56347,1562,647.0236,623.624756,5,5.180583
1.56350,1563,647.0236,623.629761,5,5.02789259
1.56488,1564,647.0236,623.6345,5,4.95154667
1.56490,1565,647.0236,623.64,5,4.90246725
1.56655,1566,647.0236,623.6454,5,4.913374
1.56840,1567,647.0236,623.6497,5,5.12059736
1.56842,1568,647.0236,623.654663,5,4.97335958
1.56964,1569,647.0236,623.6592,5,5.006079
1.57148,1570,647.0236,623.6652,5,4.777043
1.57151,1571,647.0236,623.670349,5,4.98426628
1.57274,1572,647.0236,623.675,5,5.14241028
1.57277,1573,647.0236,623.6796,5,5.087878
1.57455,1574,647.0236,623.684631,5,5.07697153
1.57640,1575,647.0236,623.690552,5,4.837029
1.57642,1576,647.0236,623.6951,5,5.05515862
1.57764,1577,647.0236,623.7,5,5.016986
1.57947,1578,647.0236,623.7046,5,5.09878445
1.57948,1579,647.0236,623.71,5,4.88065434
1.58072,1580,647.0236,623.7156,5,4.88065434
1.58073,1581,647.0236,623.720154,5,5.087878
1.58255,1582,647.0236,623.725037,5,5.016986
1.58438,1583,647.0236,623.7297,5,5.109691
1.58442,1584,647.0236,623.7354,5,4.891561
1.58564,1585,647.0236,623.740234,5,4.97335958
1.58747,1586,647.0236,623.7452,5,5.006079
1.58749,1587,647.0236,623.7503,5,5.038799
1.58874,1588,647.0236,623.7554,5,5.13150358
1.58875,1589,647.0236,623.7609,5,4.98426628
1.59056,1590,647.0236,623.765442,5,5.164223
1.59239,1591,647.0236,623.7705,5,5.038799
1.59241,1592,647.0236,623.7752,5,5.038799
1.59364,1593,647.0236,623.781067,5,4.96245337
1.59548,1594,647.0236,623.7862,5,5.109691
1.59550,1595,647.0236,623.790955,5,5.02789259
1.59672,1596,647.0236,623.795959,5,5.09878445
1.59673,1597,647.0236,623.801,5,4.90246725
1.59857,1598,647.0236,623.8067,5,5.02789259
1.60041,1599,647.0236,623.8113,5,5.006079
1.60044,1600,647.0236,623.8164,5,5.016986
1.60165,1601,647.0236,623.82135,5,5.07697153
1.60348,1602,647.0236,623.826538,5,4.95154667
1.60350,1603,647.0236,623.8316,5,5.07697153
1.60473,1604,647.0236,623.836,5,4.913374
1.60474,1605,647.0236,623.8416,5,5.038799
1.60655,1606,647.0236,623.846558,5,5.006079
1.60841,1607,647.0236,623.8517,5,4.995173
1.60843,1608,647.0236,623.8565,5,5.038799
1.60964,1609,647.0236,623.8615,5,4.869748
1.61147,1610,647.0236,623.8672,5,5.07697153
1.61149,1611,647.0236,623.8722,5,5.038799
1.61272,1612,647.0236,623.8764,5,5.109691
1.61274,1613,647.0236,623.8805,5,4.94064
1.61479,1614,647.0236,623.8865,5,4.88065434
1.61640,1615,647.0236,623.892,5,5.016986
1.61642,1616,647.0236,623.897,5,5.038799
1.61765,1617,647.0236,623.9016,5,5.202396
1.61952,1618,647.0236,623.906067,5,4.90246725
1.61955,1619,647.0236,623.911743,5,4.913374
1.62074,1620,647.0236,623.9167,5,4.92973375
1.62075,1621,647.0236,623.921936,5,5.05515862
1.62257,1622,647.0236,623.9265,5,5.12059736
1.62441,1623,647.0236,623.931335,5,4.90246725
1.62443,1624,647.0236,623.9367,5,4.995173
1.62564,1625,647.0236,623.9416,5,4.913374
1.62749,1626,647.0236,623.9472,5,5.14241028
1.62751,1627,647.0236,623.95166,5,5.087878
1.62872,1628,647.0236,623.9566,5,4.96245337
1.62874,1629,647.0236,623.961365,5,4.94064
1.63055,1630,647.0236,623.9668,5,4.88065434
1.63242,1631,647.0236,623.9722,5,5.14241028
1.63245,1632,647.0236,623.9766,5,5.006079
1.63365,1633,647.0236,623.981567,5,5.038799
1.63549,1634,647.0236,623.986145,5,4.847935
1.63553,1635,647.0236,623.992065,5,4.913374
1.63672,1636,647.0236,623.9974,5,5.180583
1.63673,1637,647.0236,624.002,5,5.087878
1.63855,1638,647.0236,624.006653,5,5.12059736
1.64040,1639,647.0236,624.011536,5,4.858842
1.64044,1640,647.0236,624.017456,5,5.006079
1.64164,1641,647.0236,624.0221,5,5.02789259
1.64347,1642,647.0236,624.027,5,5.07697153
1.64348,1643,647.0236,624.031555,5,5.016986
1.64473,1644,647.0236,624.0369,5,4.858842
1.64474,1645,647.0236,624.0425,5,5.07697153
1.64658,1646,647.0236,624.047058,5,5.016986
1.64844,1647,647.0236,624.052063,5,5.109691
1.64847,1648,647.0236,624.056641,5,4.92973375
1.64969,1649,647.0236,624.0623,5,4.94064
1.65148,1650,647.0236,624.0672,5,5.02789259
1.65150,1651,647.0236,624.0721,5,4.995173
1.65272,1652,647.0236,624.0772,5,5.14241028
1.65274,1653,647.0236,624.087769,5,5.109691
1.65457,1654,647.0236,624.092346,5,5.05515862
1.65643,1655,647.0236,624.0973,5,5.006079
1.65645,1656,647.0236,624.1021,5,4.98426628
1.65763,1657,647.0236,624.1075,5,4.913374
1.65947,1658,647.0236,624.1128,5,5.109691
1.65949,1659,647.0236,624.117432,5,5.016986
1.66072,1660,647.0236,624.122437,5,5.087878
1.66075,1661,647.0236,624.127136,5,4.92973375
1.66257,1662,647.0236,624.1328,5,4.98426628
1.66442,1663,647.0236,624.1376,5,5.038799
1.66446,1664,647.0236,624.142456,5,4.98426628
1.66565,1665,647.0236,624.1475,5,5.109691
1.66754,1666,647.0236,624.1525,5,4.92973375
1.66756,1667,647.0236,624.1579,5,5.07697153
1.66873,1668,647.0236,624.162231,5,4.94064
1.66875,1669,647.0236,624.167664,5,4.995173
1.67056,1670,647.0236,624.1727,5,5.05515862
1.67240,1671,647.0236,624.177856,5,4.96245337
1.67244,1672,647.0236,624.1826,5,5.087878
1.67363,1673,647.0236,624.1872,5,4.869748
1.67549,1674,647.0236,624.193,5,5.05515862
1.67553,1675,647.0236,624.198059,5,5.05515862
1.67672,1676,647.0236,624.203064,5,5.09878445
1.67674,1677,647.0236,624.207153,5,5.006079
1.67858,1678,647.0236,624.2124,5,4.837029
1.68044,1679,647.0236,624.2182,5,5.02789259
1.68047,1680,647.0236,624.2231,5,4.995173
1.68166,1681,647.0236,624.227966,5,5.202396
1.68352,1682,647.0236,624.2323,5,4.97335958
1.68357,1683,647.0236,624.2378,5,4.88065434
1.68472,1684,647.0236,624.2429,5,4.95154667
1.68474,1685,647.0236,624.2481,5,4.995173
1.68657,1686,647.0236,624.252869,5,5.153317
1.68843,1687,647.0236,624.257446,5,4.92973375
1.68846,1688,647.0236,624.2629,5,4.98426628
1.68963,1689,647.0236,624.267761,5,4.92973375
1.69149,1690,647.0236,624.2733,5,5.087878
1.69151,1691,647.0236,624.278,5,5.14241028
1.69273,1692,647.0236,624.282654,5,4.94064
1.69274,1693,647.0236,624.287659,5,4.96245337
1.69456,1694,647.0236,624.2931,5,4.847935
1.69659,1695,647.0236,624.298767,5,5.09878445
1.69663,1696,647.0236,624.303162,5,5.038799
1.69764,1697,647.0236,624.308044,5,5.006079
1.69950,1698,647.0236,624.3126,5,4.90246725
1.69952,1699,647.0236,624.318359,5,4.847935
1.70074,1700,647.0236,624.323853,5,5.164223
1.70077,1701,647.0236,624.3285,5,5.09878445
1.70259,1702,647.0236,624.3332,5,5.14241028
1.70438,1703,647.0236,624.3378,5,4.90246725
1.70439,1704,647.0236,624.3439,5,4.95154667
1.70563,1705,647.0236,624.3487,5,5.066065
1.70751,1706,647.0236,624.3531,5,5.038799
1.70754,1707,647.0236,624.3577,5,5.066065
1.70873,1708,647.0236,624.3628,5,4.837029
1.70875,1709,647.0236,624.3686,5,5.02789259
1.71058,1710,647.0236,624.3733,5,5.02789259
1.71246,1711,647.0236,624.378235,5,5.109691
1.71249,1712,647.0236,624.3828,5,5.006079
1.71366,1713,647.0236,624.388367,5,4.92973375
1.71552,1714,647.0236,624.3936,5,5.07697153
1.71555,1715,647.0236,624.398438,5,5.02789259
1.71673,1716,647.0236,624.4036,5,5.202396
1.71674,1717,647.0236,624.4085,5,5.038799
1.71861,1718,647.0236,624.4143,5,5.14241028
1.72042,1719,647.0236,624.4189,5,5.13150358
1.72045,1720,647.0236,624.4239,5,5.038799
1.72164,1721,647.0236,624.4287,5,5.05515862
1.72349,1722,647.0236,624.434,5,4.913374
1.72351,1723,647.0236,624.439758,5,5.12059736
1.72473,1724,647.0236,624.444458,5,5.05515862
1.72474,1725,647.0236,624.449463,5,5.087878
1.72658,1726,647.0236,624.4541,5,4.96245337
1.72845,1727,647.0236,624.4594,5,4.97335958
1.72849,1728,647.0236,624.4646,5,5.066065
1.72964,1729,647.0236,624.4695,5,4.98426628
1.73165,1730,647.0236,624.4746,5,5.12059736
1.73169,1731,647.0236,624.4795,5,4.92973375
1.73272,1732,647.0236,624.4849,5,5.05515862
1.73275,1733,647.0236,624.4892,5,4.95154667
1.73457,1734,647.0236,624.4945,5,4.95154667
1.73641,1735,647.0236,624.4997,5,5.038799
1.73643,1736,647.0236,624.5047,5,4.92973375
1.73764,1737,647.0236,624.50946,5,5.07697153
1.73951,1738,647.0236,624.514,5,4.869748
1.73955,1739,647.0236,624.5198,5,4.995173
1.74072,1740,647.0236,624.524841,5,5.038799
1.74074,1741,647.0236,624.529846,5,5.05515862
1.74258,1742,647.0236,624.533936,5,5.006079
1.74439,1743,647.0236,624.539,5,4.78794956
1.74442,1744,647.0236,624.5448,5,4.98426628
1.74570,1745,647.0236,624.5497,5,4.96245337
1.74753,1746,647.0236,624.554565,5,5.153317
1.74756,1747,647.0236,624.558838,5,4.995173
1.74876,1748,647.0236,624.5645,5,4.81521559
1.74878,1749,647.0236,624.5695,5,4.92973375
1.75057,1750,647.0236,624.574463,5,4.92973375
1.75243,1751,647.0236,624.5838,5,4.94064
1.75247,1752,647.0236,624.589233,5,4.94064
1.75364,1753,647.0236,624.5942,5,4.94064
1.75550,1754,647.0236,624.5996,5,4.995173
1.75553,1755,647.0236,624.6045,5,5.164223
1.75672,1756,647.0236,624.6091,5,4.95154667
1.75674,1757,647.0236,624.6141,5,4.97335958
1.75855,1758,647.0236,624.619,5,4.837029
1.76041,1759,647.0236,624.624756,5,5.038799
1.76043,1760,647.0236,624.629333,5,5.087878
1.76164,1761,647.0236,624.6341,5,4.995173
1.76350,1762,647.0236,624.638733,5,4.96245337
1.76353,1763,647.0236,624.644165,5,4.78794956
1.76492,1764,647.0236,624.649963,5,5.109691
1.76495,1765,647.0236,624.654541,5,5.087878
1.76659,1766,647.0236,624.659363,5,5.14241028
1.76840,1767,647.0236,624.6639,5,4.97335958
1.76842,1768,647.0236,624.6696,5,4.88065434
1.76965,1769,647.0236,624.674866,5,5.087878
1.77150,1770,647.0236,624.6795,5,5.006079
1.77152,1771,647.0236,624.684143,5,5.087878
1.77273,1772,647.0236,624.689,5,4.847935
1.77274,1773,647.0236,624.694763,5,4.96245337
1.77455,1774,647.0236,624.6996,5,5.038799
1.77645,1775,647.0236,624.704468,5,5.038799
1.77648,1776,647.0236,624.709045,5,5.038799
1.77764,1777,647.0236,624.714661,5,4.847935
1.77948,1778,647.0236,624.7197,5,5.016986
1.77951,1779,647.0236,624.724365,5,4.96245337
1.78074,1780,647.0236,624.729553,5,5.087878
1.78075,1781,647.0236,624.7343,5,5.02789259
1.78257,1782,647.0236,624.739868,5,4.995173
1.78440,1783,647.0236,624.7448,5,5.12059736
1.78443,1784,647.0236,624.749451,5,4.98426628
1.78564,1785,647.0236,624.754761,5,5.038799
1.78749,1786,647.0236,624.759644,5,4.858842
1.78751,1787,647.0236,624.7652,5,5.006079
1.78872,1788,647.0236,624.769531,5,5.02789259
1.78874,1789,647.0236,624.7746,5,4.995173
1.79057,1790,647.0236,624.779236,5,5.016986
1.79243,1791,647.0236,624.7849,5,4.88065434
1.79246,1792,647.0236,624.7902,5,5.066065
1.79364,1793,647.0236,624.7948,5,4.97335958
1.79549,1794,647.0236,624.8,5,5.07697153
1.79552,1795,647.0236,624.8048,5,5.006079
1.79672,1796,647.0236,624.810242,5,4.97335958
1.79674,1797,647.0236,624.8148,5,5.038799
1.79858,1798,647.0236,624.8197,5,4.891561
1.80041,1799,647.0236,624.8251,5,5.066065
1.80045,1800,647.0236,624.8304,5,4.95154667
1.80164,1801,647.0236,624.835449,5,5.05515862
1.80347,1802,647.0236,624.8397,5,4.97335958
1.80349,1803,647.0236,624.845337,5,4.90246725
1.80472,1804,647.0236,624.850647,5,5.07697153
1.80473,1805,647.0236,624.855652,5,5.016986
1.80661,1806,647.0236,624.860046,5,5.087878
1.80841,1807,647.0236,624.8646,5,4.858842
1.80844,1808,647.0236,624.8706,5,4.913374
1.80965,1809,647.0236,624.8753,5,4.98426628
1.81148,1810,647.0236,624.8803,5,5.07697153
1.81149,1811,647.0236,624.8846,5,5.13150358
1.81271,1812,647.0236,624.8896,5,4.837029
1.81272,1813,647.0236,624.8951,5,4.94064
1.81480,1814,647.0236,624.9,5,4.92973375
1.81640,1815,647.0236,624.9054,5,5.14241028
1.81643,1816,647.0236,624.9097,5,5.09878445
1.81766,1817,647.0236,624.9151,5,4.96245337
1.81949,1818,647.0236,624.9202,5,5.038799
1.81951,1819,647.0236,624.9255,5,4.98426628
1.82075,1820,647.0236,624.9308,5,5.224209
1.82077,1821,647.0236,624.935242,5,5.05515862
1.82260,1822,647.0236,624.940247,5,4.995173
1.82441,1823,647.0236,624.945068,5,4.92973375
1.82444,1824,647.0236,624.950867,5,4.98426628
1.82565,1825,647.0236,624.9557,5,5.14241028
1.82750,1826,647.0236,624.9603,5,4.995173
1.82752,1827,647.0236,624.964966,5,5.006079
1.82872,1828,647.0236,624.970032,5,4.777043
1.82873,1829,647.0236,624.9761,5,5.016986
1.83058,1830,647.0236,624.9807,5,5.12059736
1.83240,1831,647.0236,624.985535,5,5.09878445
1.83244,1832,647.0236,624.9899,5,5.02789259
1.83363,1833,647.0236,624.9955,5,4.81521559
1.83553,1834,647.0236,625.001,5,5.038799
1.83557,1835,647.0236,625.005432,5,4.97335958
1.83673,1836,647.0236,625.0103,5,5.087878
1.83674,1837,647.0236,625.0149,5,4.90246725
1.83858,1838,647.0236,625.0206,5,4.847935
1.84041,1839,647.0236,625.025635,5,5.038799
1.84044,1840,647.0236,625.030334,5,4.98426628
1.84164,1841,647.0236,625.035034,5,5.05515862
1.84349,1842,647.0236,625.039856,5,4.82612228
1.84352,1843,647.0236,625.045532,5,4.92973375
1.84473,1844,647.0236,625.0501,5,4.95154667
1.84476,1845,647.0236,625.0552,5,4.98426628
1.84659,1846,647.0236,625.06,5,5.066065
1.84840,1847,647.0236,625.0653,5,4.90246725
1.84842,1848,647.0236,625.075,5,4.98426628
1.84964,1849,647.0236,625.0804,5,4.98426628
1.85148,1850,647.0236,625.085,5,4.891561
1.85150,1851,647.0236,625.090637,5,4.869748
1.85274,1852,647.0236,625.095459,5,5.05515862
1.85278,1853,647.0236,625.1003,5,4.97335958
1.85460,1854,647.0236,625.105164,5,5.05515862
1.85639,1855,647.0236,625.110046,5,4.858842
1.85641,1856,647.0236,625.110046,5,4.858842
1.85764,1857,647.0236,625.1202,5,4.995173
1.85950,1858,647.0236,625.125244,5,4.96245337
1.85953,1859,647.0236,625.1301,5,5.07697153
1.86072,1860,647.0236,625.1353,5,4.88065434
1.86075,1861,647.0236,625.1404,5,5.05515862
1.86258,1862,647.0236,625.1448,5,4.891561
1.86439,1863,647.0236,625.1502,5,4.96245337
1.86442,1864,647.0236,625.155151,5,5.006079
1.86568,1865,647.0236,625.1603,5,4.913374
1.86753,1866,647.0236,625.164856,5,5.05515862
1.86758,1867,647.0236,625.1696,5,4.837029
1.86874,1868,647.0236,625.175354,5,5.006079
1.86875,1869,647.0236,625.180359,5,5.016986
1.87059,1870,647.0236,625.1852,5,5.066065
1.87241,1871,647.0236,625.1893,5,4.98426628
1.87243,1872,647.0236,625.194763,5,4.78794956
1.87364,1873,647.0236,625.2003,5,4.97335958
1.87547,1874,647.0236,625.2052,5,4.96245337
1.87549,1875,647.0236,625.21,5,5.180583
1.87674,1876,647.0236,625.2143,5,4.96245337
1.87676,1877,647.0236,625.2199,5,4.847935
1.87858,1878,647.0236,625.2249,5,4.94064
1.88043,1879,647.0236,625.230042,5,4.94064
1.88046,1880,647.0236,625.234741,5,5.13150358
1.88166,1881,647.0236,625.2394,5,4.90246725
1.88353,1882,647.0236,625.244751,5,4.94064
1.88356,1883,647.0236,625.249634,5,4.913374
1.88473,1884,647.0236,625.2551,5,5.016986
1.88474,1885,647.0236,625.259766,5,5.13150358
1.88658,1886,647.0236,625.264465,5,4.92973375
1.88842,1887,647.0236,625.2694,5,4.95154667
1.88845,1888,647.0236,625.274536,5,4.81521559
1.88964,1889,647.0236,625.280151,5,5.038799
1.89151,1890,647.0236,625.284546,5,5.038799
1.89153,1891,647.0236,625.289368,5,4.97335958
1.89272,1892,647.0236,625.293945,5,4.92973375
1.89273,1893,647.0236,625.2996,5,4.777043
1.89455,1894,647.0236,625.3052,5,5.12059736
1.89644,1895,647.0236,625.3097,5,5.07697153
1.89647,1896,647.0236,625.3145,5,5.14241028
1.89765,1897,647.0236,625.3191,5,4.95154667
1.89952,1898,647.0236,625.3254,5,4.88065434
1.89955,1899,647.0236,625.3302,5,5.07697153
1.90074,1900,647.0236,625.335,5,4.995173
1.90075,1901,647.0236,625.3396,5,5.07697153
1.90262,1902,647.0236,625.3447,5,4.837029
1.90444,1903,647.0236,625.3504,5,4.96245337
1.90448,1904,647.0236,625.3553,5,5.02789259
1.90566,1905,647.0236,625.3602,5,5.038799
1.90748,1906,647.0236,625.3642,5,5.016986
1.90750,1907,647.0236,625.369568,5,4.837029
1.90872,1908,647.0236,625.3748,5,5.006079
1.90873,1909,647.0236,625.3795,5,4.95154667
1.91057,1910,647.0236,625.3847,5,5.087878
1.91237,1911,647.0236,625.3898,5,5.016986
1.91240,1912,647.0236,625.3951,5,5.006079
1.91363,1913,647.0236,625.400146,5,5.13150358
1.91548,1914,647.0236,625.4051,5,5.006079
1.91550,1915,647.0236,625.4097,5,5.07697153
1.91674,1916,647.0236,625.4148,5,4.90246725
1.91676,1917,647.0236,625.4207,5,5.07697153
1.91861,1918,647.0236,625.4253,5,5.07697153
1.92038,1919,647.0236,625.4304,5,5.066065
1.92039,1920,647.0236,625.4351,5,5.05515862
1.92163,1921,647.0236,625.440735,5,4.92973375
1.92350,1922,647.0236,625.4457,5,5.09878445
1.92352,1923,647.0236,625.450439,5,5.006079
1.92472,1924,647.0236,625.4556,5,5.109691
1.92474,1925,647.0236,625.4605,5,4.995173
1.92660,1926,647.0236,625.465942,5,5.006079
1.92838,1927,647.0236,625.470337,5,5.006079
1.92840,1928,647.0236,625.4755,5,4.90246725
1.92963,1929,647.0236,625.4808,5,5.066065
1.93156,1930,647.0236,625.4857,5,4.94064
1.93163,1931,647.0236,625.4906,5,5.066065
1.93274,1932,647.0236,625.495056,5,4.94064
1.93275,1933,647.0236,625.5008,5,4.913374
1.93458,1934,647.0236,625.5059,5,5.066065
1.93640,1935,647.0236,625.5109,5,5.016986
1.93643,1936,647.0236,625.515137,5,5.07697153
1.93764,1937,647.0236,625.52,5,4.837029
1.93951,1938,647.0236,625.5259,5,4.94064
1.93955,1939,647.0236,625.530762,5,4.97335958
1.94072,1940,647.0236,625.5358,5,5.09878445
1.94074,1941,647.0236,625.54,5,5.09878445
1.94255,1942,647.0236,625.5453,5,4.81521559
1.94439,1943,647.0236,625.5506,5,4.92973375
1.94444,1944,647.0236,625.555542,5,4.913374
1.94566,1945,647.0236,625.560669,5,5.12059736
1.94747,1946,647.0236,625.565,5,5.016986
1.94750,1947,647.0236,625.570435,5,4.90246725
1.94874,1948,647.0236,625.5753,5,4.97335958
1.94878,1949,647.0236,625.58075,5,4.913374
1.95057,1950,647.0236,625.5902,5,4.995173
1.95237,1951,647.0236,625.5952,5,4.94064
1.95238,1952,647.0236,625.6001,5,4.88065434
1.95365,1953,647.0236,625.605957,5,4.95154667
1.95546,1954,647.0236,625.6106,5,5.13150358
1.95547,1955,647.0236,625.6153,5,5.006079
1.95672,1956,647.0236,625.62,5,5.02789259
1.95673,1957,647.0236,625.625244,5,4.798856
1.95859,1958,647.0236,625.631165,5,5.05515862
1.96041,1959,647.0236,625.635742,5,5.14241028
1.96044,1960,647.0236,625.6406,5,5.12059736
1.96164,1961,647.0236,625.6451,5,5.066065
1.96346,1962,647.0236,625.6509,5,4.847935
1.96348,1963,647.0236,625.6561,5,5.07697153
1.96493,1964,647.0236,625.6607,5,4.995173
1.96496,1965,647.0236,625.6655,5,5.09878445
1.96663,1966,647.0236,625.6702,5,4.913374
1.96839,1967,647.0236,625.676147,5,4.891561
1.96840,1968,647.0236,625.6809,5,5.066065
1.96965,1969,647.0236,625.6857,5,5.016986
1.97146,1970,647.0236,625.6903,5,5.07697153
1.97147,1971,647.0236,625.6955,5,4.858842
1.97272,1972,647.0236,625.70105,5,4.98426628
1.97273,1973,647.0236,625.705566,5,4.96245337
1.97459,1974,647.0236,625.710754,5,5.038799
1.97638,1975,647.0236,625.7156,5,5.07697153
1.97642,1976,647.0236,625.721436,5,4.95154667
1.97767,1977,647.0236,625.7264,5,5.14241028
1.97948,1978,647.0236,625.731,5,4.995173
1.97959,1979,647.0236,625.7357,5,5.016986
1.98075,1980,647.0236,625.740845,5,4.90246725
1.98077,1981,647.0236,625.7465,5,4.94064
1.98262,1982,647.0236,625.75116,5,5.07697153
1.98440,1983,647.0236,625.756165,5,4.995173
1.98442,1984,647.0236,625.760864,5,5.066065
1.98567,1985,647.0236,625.7661,5,4.869748
1.98746,1986,647.0236,625.7715,5,5.02789259
1.98748,1987,647.0236,625.7761,5,4.995173
1.98877,1988,647.0236,625.78125,5,5.006079
1.98879,1989,647.0236,625.7861,5,5.07697153
1.99058,1990,647.0236,625.7915,5,4.94064
1.99240,1991,647.0236,625.796143,5,5.07697153
1.99242,1992,647.0236,625.800964,5,4.913374
1.99369,1993,647.0236,625.806335,5,5.038799
1.99547,1994,647.0236,625.8113,5,5.006079
1.99548,1995,647.0236,625.816467,5,4.995173
1.99674,1996,647.0236,625.82074,5,5.038799
1.99675,1997,647.0236,625.826538,5,4.869748
1.99859,1998,647.0236,625.832,5,5.07697153
2.00038,1999,647.0236,625.837,5,5.02789259
2.00040,2000,647.0236,625.841431,5,5.109691
2.00172,2001,647.0236,625.845947,5,4.92973375
2.00347,2002,647.0236,625.852,5,4.869748
2.00349,2003,647.0236,625.8573,5,5.02789259
2.00476,2004,647.0236,625.862061,5,5.038799
2.00479,2005,647.0236,625.866638,5,5.191489
2.00657,2006,647.0236,625.871765,5,4.90246725
2.00837,2007,647.0236,625.877136,5,4.913374
2.00840,2008,647.0236,625.8821,5,4.94064
2.00964,2009,647.0236,625.8868,5,5.05515862
2.01146,2010,647.0236,625.8911,5,5.12059736
2.01147,2011,647.0236,625.8963,5,4.891561
2.01275,2012,647.0236,625.9015,5,5.006079
2.01278,2013,647.0236,625.9067,5,4.913374
2.01485,2014,647.0236,625.912,5,5.164223
2.01639,2015,647.0236,625.916443,5,5.109691
2.01640,2016,647.0236,625.9216,5,4.98426628
2.01770,2017,647.0236,625.9264,5,4.98426628
2.01946,2018,647.0236,625.932251,5,4.94064
2.01948,2019,647.0236,625.937134,5,5.180583
2.02080,2020,647.0236,625.9417,5,5.05515862
2.02083,2021,647.0236,625.946533,5,5.07697153
2.02256,2022,647.0236,625.951538,5,4.869748
2.02438,2023,647.0236,625.957642,5,4.995173
2.02439,2024,647.0236,625.962341,5,5.191489
2.02567,2025,647.0236,625.9672,5,5.12059736
2.02747,2026,647.0236,625.9717,5,5.12059736
2.02748,2027,647.0236,625.9773,5,4.858842
2.02873,2028,647.0236,625.9828,5,5.05515862
2.02875,2029,647.0236,625.9873,5,5.02789259
2.03055,2030,647.0236,625.9922,5,5.09878445
2.03240,2031,647.0236,625.9968,5,4.995173
2.03242,2032,647.0236,626.0027,5,4.869748
2.03364,2033,647.0236,626.007568,5,5.087878
2.03547,2034,647.0236,626.012451,5,5.016986
2.03549,2035,647.0236,626.0171,5,5.109691
2.03676,2036,647.0236,626.0221,5,4.891561
2.03678,2037,647.0236,626.028,5,4.95154667
2.03856,2038,647.0236,626.0326,5,5.006079
2.04038,2039,647.0236,626.0378,5,5.016986
2.04040,2040,647.0236,626.0423,5,5.13150358
2.04167,2041,647.0236,626.0481,5,4.95154667
2.04347,2042,647.0236,626.053162,5,5.14241028
2.04349,2043,647.0236,626.057861,5,5.02789259
2.04475,2044,647.0236,626.062866,5,5.016986
2.04479,2045,647.0236,626.067932,5,4.96245337
2.04654,2046,647.0236,626.0733,5,4.90246725
2.04840,2047,647.0236,626.078,5,5.087878
2.04844,2048,647.0236,626.082947,5,5.006079
2.04966,2049,647.0236,626.0929,5,4.891561
2.05147,2050,647.0236,626.0929,5,4.891561
2.05148,2051,647.0236,626.1029,5,5.02789259
2.05276,2052,647.0236,626.108154,5,5.006079
2.05279,2053,647.0236,626.113,5,5.109691
2.05456,2054,647.0236,626.118347,5,4.94064
2.05637,2055,647.0236,626.1231,5,5.087878
2.05639,2056,647.0236,626.127869,5,4.96245337
2.05764,2057,647.0236,626.133362,5,5.02789259
2.05947,2058,647.0236,626.138367,5,5.05515862
2.05949,2059,647.0236,626.1435,5,4.995173
2.06075,2060,647.0236,626.1478,5,5.07697153
2.06079,2061,647.0236,626.153259,5,4.891561
2.06255,2062,647.0236,626.158752,5,5.087878
2.06438,2063,647.0236,626.163757,5,5.066065
2.06440,2064,647.0236,626.168335,5,5.12059736
2.06564,2065,647.0236,626.1727,5,4.98426628
2.06747,2066,647.0236,626.1787,5,4.869748
2.06749,2067,647.0236,626.183838,5,5.02789259
2.06876,2068,647.0236,626.1889,5,5.02789259
2.06881,2069,647.0236,626.193237,5,5.202396
2.07057,2070,647.0236,626.1981,5,4.92973375
2.07237,2071,647.0236,626.2037,5,4.90246725
2.07239,2072,647.0236,626.2086,5,4.94064
2.07363,2073,647.0236,626.213867,5,5.02789259
2.07546,2074,647.0236,626.218262,5,5.13150358
2.07548,2075,647.0236,626.22345,5,4.891561
2.07673,2076,647.0236,626.2286,5,4.995173
2.07674,2077,647.0236,626.233765,5,4.913374
2.07856,2078,647.0236,626.239,5,5.12059736
2.08039,2079,647.0236,626.2435,5,5.109691
2.08040,2080,647.0236,626.2485,5,4.96245337
2.08167,2081,647.0236,626.2533,5,4.95154667
2.08347,2082,647.0236,626.259033,5,4.869748
2.08350,2083,647.0236,626.264,5,5.13150358
2.08479,2084,647.0236,626.268555,5,5.006079
2.08481,2085,647.0236,626.2733,5,5.02789259
2.08656,2086,647.0236,626.278137,5,4.858842
2.08839,2087,647.0236,626.284241,5,4.88065434
2.08841,2088,647.0236,626.289,5,5.164223
2.08963,2089,647.0236,626.2938,5,5.07697153
2.09145,2090,647.0236,626.29834,5,5.12059736
2.09147,2091,647.0236,626.30365,5,4.858842
2.09272,2092,647.0236,626.3094,5,4.98426628
2.09273,2093,647.0236,626.313843,5,5.038799
2.09454,2094,647.0236,626.319,5,5.05515862
2.09640,2095,647.0236,626.323669,5,5.02789259
2.09642,2096,647.0236,626.3294,5,4.82612228
2.09764,2097,647.0236,626.3344,5,5.038799
2.09947,2098,647.0236,626.339233,5,5.016986
2.09948,2099,647.0236,626.343933,5,5.109691
2.10074,2100,647.0236,626.3492,5,4.95154667
2.10077,2101,647.0236,626.3545,5,4.913374
2.10258,2102,647.0236,626.3591,5,5.02789259
2.10439,2103,647.0236,626.364563,5,4.97335958
2.10442,2104,647.0236,626.369446,5,5.14241028
2.10565,2105,647.0236,626.3748,5,4.96245337
2.10747,2106,647.0236,626.379944,5,5.09878445
2.10749,2107,647.0236,626.3846,5,5.066065
2.10873,2108,647.0236,626.389648,5,4.995173
2.10874,2109,647.0236,626.394043,5,4.995173
2.11056,2110,647.0236,626.3997,5,4.88065434
2.11242,2111,647.0236,626.404541,5,5.09878445
2.11245,2112,647.0236,626.4094,5,5.016986
2.11364,2113,647.0236,626.414246,5,5.066065
2.11549,2114,647.0236,626.41925,5,4.95154667
2.11554,2115,647.0236,626.424866,5,4.96245337
2.11674,2116,647.0236,626.429443,5,5.066065
2.11675,2117,647.0236,626.434631,5,4.98426628
2.11856,2118,647.0236,626.439453,5,5.109691
2.12040,2119,647.0236,626.444763,5,4.95154667
2.12042,2120,647.0236,626.4497,5,5.066065
2.12163,2121,647.0236,626.4543,5,4.96245337
2.12347,2122,647.0236,626.459839,5,4.98426628
2.12348,2123,647.0236,626.4648,5,5.07697153
2.12473,2124,647.0236,626.47,5,4.96245337
2.12475,2125,647.0236,626.474365,5,5.109691
2.12654,2126,647.0236,626.4795,5,4.891561
2.12840,2127,647.0236,626.485168,5,5.038799
2.12842,2128,647.0236,626.4902,5,5.07697153
2.12963,2129,647.0236,626.4949,5,5.087878
2.13158,2130,647.0236,626.4991,5,5.038799
2.13162,2131,647.0236,626.5049,5,4.837029
2.13274,2132,647.0236,626.5103,5,5.016986
2.13276,2133,647.0236,626.5152,5,4.98426628
2.13457,2134,647.0236,626.5198,5,5.191489
2.13641,2135,647.0236,626.524353,5,4.995173
2.13642,2136,647.0236,626.53,5,4.858842
2.13764,2137,647.0236,626.535,5,4.96245337
2.13948,2138,647.0236,626.5403,5,4.98426628
2.13950,2139,647.0236,626.544739,5,5.164223
2.14073,2140,647.0236,626.549744,5,4.94064
2.14075,2141,647.0236,626.555,5,4.97335958
2.14254,2142,647.0236,626.56,5,4.94064
2.14442,2143,647.0236,626.5655,5,5.05515862
2.14444,2144,647.0236,626.5699,5,5.153317
2.14564,2145,647.0236,626.5749,5,4.95154667
2.14753,2146,647.0236,626.579651,5,4.97335958
2.14758,2147,647.0236,626.585266,5,4.847935
2.14875,2148,647.0236,626.590454,5,5.07697153
2.14878,2149,647.0236,626.594849,5,5.05515862
2.15057,2150,647.0236,626.6045,5,4.913374
2.15244,2151,647.0236,626.6105,5,4.82612228
2.15247,2152,647.0236,626.6155,5,5.153317
2.15365,2153,647.0236,626.620239,5,5.087878
2.15547,2154,647.0236,626.624756,5,5.14241028
2.15548,2155,647.0236,626.6298,5,4.92973375
2.15675,2156,647.0236,626.635742,5,4.913374
2.15678,2157,647.0236,626.640259,5,5.07697153
2.15859,2158,647.0236,626.6452,5,5.02789259
2.16040,2159,647.0236,626.6497,5,5.07697153
2.16043,2160,647.0236,626.6553,5,4.837029
2.16164,2161,647.0236,626.660645,5,5.006079
2.16346,2162,647.0236,626.6653,5,5.02789259
2.16348,2163,647.0236,626.670349,5,5.07697153
2.16497,2164,647.0236,626.6751,5,5.006079
2.16502,2165,647.0236,626.680847,5,4.858842
2.16662,2166,647.0236,626.6856,5,5.038799
2.16841,2167,647.0236,626.6906,5,4.97335958
2.16844,2168,647.0236,626.6956,5,5.12059736
2.16966,2169,647.0236,626.700745,5,4.995173
2.17150,2170,647.0236,626.7061,5,5.038799
2.17152,2171,647.0236,626.7107,5,5.09878445
2.17275,2172,647.0236,626.715759,5,4.995173
2.17279,2173,647.0236,626.7204,5,5.038799
2.17457,2174,647.0236,626.726,5,4.858842
2.17637,2175,647.0236,626.731,5,5.066065
2.17639,2176,647.0236,626.73584,5,5.016986
2.17770,2177,647.0236,626.7408,5,5.02789259
2.17946,2178,647.0236,626.7456,5,4.995173
2.17948,2179,647.0236,626.7512,5,4.913374
2.18072,2180,647.0236,626.755859,5,5.087878
2.18074,2181,647.0236,626.7609,5,4.98426628
2.18263,2182,647.0236,626.765869,5,5.09878445
2.18444,2183,647.0236,626.771,5,4.97335958
2.18450,2184,647.0236,626.7762,5,5.006079
2.18565,2185,647.0236,626.7806,5,5.006079
2.18748,2186,647.0236,626.786133,5,4.92973375
2.18752,2187,647.0236,626.7911,5,5.07697153
2.18873,2188,647.0236,626.7962,5,4.94064
2.18875,2189,647.0236,626.800842,5,5.07697153
2.19055,2190,647.0236,626.8056,5,4.92973375
2.19243,2191,647.0236,626.8114,5,4.95154667
2.19247,2192,647.0236,626.8164,5,5.087878
2.19364,2193,647.0236,626.8213,5,5.038799
2.19554,2194,647.0236,626.8254,5,5.07697153
2.19557,2195,647.0236,626.830933,5,4.837029
2.19673,2196,647.0236,626.8365,5,4.97335958
2.19675,2197,647.0236,626.8414,5,4.98426628
2.19862,2198,647.0236,626.8464,5,5.13150358
2.20041,2199,647.0236,626.8508,5,5.087878
2.20044,2200,647.0236,626.8565,5,4.837029
2.20164,2201,647.0236,626.86145,5,4.95154667
2.20353,2202,647.0236,626.8667,5,4.92973375
2.20357,2203,647.0236,626.871765,5,5.14241028
2.20473,2204,647.0236,626.8764,5,4.98426628
2.20476,2205,647.0236,626.8817,5,4.92973375
2.20657,2206,647.0236,626.8863,5,4.96245337
2.20842,2207,647.0236,626.8922,5,4.95154667
2.20845,2208,647.0236,626.8966,5,5.180583
2.20965,2209,647.0236,626.9008,5,4.97335958
2.21149,2210,647.0236,626.9057,5,4.96245337
2.21153,2211,647.0236,626.911,5,4.847935
2.21272,2212,647.0236,626.916565,5,4.98426628
2.21273,2213,647.0236,626.9209,5,5.087878
2.21487,2214,647.0236,626.9257,5,4.96245337
2.21639,2215,647.0236,626.9302,5,4.95154667
2.21641,2216,647.0236,626.9358,5,4.70069742
2.21766,2217,647.0236,626.941162,5,4.97335958
2.21949,2218,647.0236,626.9457,5,5.02789259
2.21951,2219,647.0236,626.950256,5,5.016986
2.22073,2220,647.0236,626.9548,5,4.94064
2.22075,2221,647.0236,626.9606,5,4.70069742
2.22259,2222,647.0236,626.9655,5,4.96245337
2.22446,2223,647.0236,626.970154,5,4.90246725
2.22448,2224,647.0236,626.974731,5,5.006079
2.22565,2225,647.0236,626.9795,5,4.858842
2.22751,2226,647.0236,626.9853,5,4.777043
2.22756,2227,647.0236,626.99,5,5.006079
2.22872,2228,647.0236,626.9948,5,4.95154667
2.22873,2229,647.0236,626.999634,5,5.02789259
2.23059,2230,647.0236,627.004944,5,4.837029
2.23239,2231,647.0236,627.0103,5,4.891561
2.23242,2232,647.0236,627.014832,5,4.97335958
2.23369,2233,647.0236,627.0201,5,4.98426628
2.23548,2234,647.0236,627.0249,5,5.09878445
2.23551,2235,647.0236,627.030457,5,4.92973375
2.23677,2236,647.0236,627.0353,5,5.109691
2.23681,2237,647.0236,627.0401,5,5.02789259
2.23858,2238,647.0236,627.045044,5,4.995173
2.24039,2239,647.0236,627.0499,5,4.96245337
2.24041,2240,647.0236,627.055542,5,4.90246725
2.24165,2241,647.0236,627.0602,5,5.09878445
2.24351,2242,647.0236,627.0652,5,5.006079
2.24354,2243,647.0236,627.07,5,5.07697153
2.24472,2244,647.0236,627.075256,5,4.913374
2.24474,2245,647.0236,627.080566,5,4.995173
2.24658,2246,647.0236,627.085266,5,5.038799
2.24845,2247,647.0236,627.090454,5,4.995173
2.24851,2248,647.0236,627.0953,5,5.109691
2.24964,2249,647.0236,627.100769,5,4.95154667
2.25150,2250,647.0236,627.1053,5,5.087878
2.25153,2251,647.0236,627.1102,5,4.95154667
2.25273,2252,647.0236,627.115662,5,5.016986
2.25275,2253,647.0236,627.125732,5,4.97335958
2.25458,2254,647.0236,627.130066,5,5.087878
2.25642,2255,647.0236,627.135559,5,4.88065434
2.25645,2256,647.0236,627.141052,5,5.07697153
2.25763,2257,647.0236,627.145935,5,5.05515862
2.25949,2258,647.0236,627.1504,5,5.109691
2.25951,2259,647.0236,627.155,5,4.995173
2.26073,2260,647.0236,627.16095,5,4.847935
2.26074,2261,647.0236,627.166,5,5.016986
2.26258,2262,647.0236,627.171,5,5.006079
2.26440,2263,647.0236,627.1753,5,5.202396
2.26443,2264,647.0236,627.180359,5,4.94064
2.26565,2265,647.0236,627.185852,5,4.891561
2.26749,2266,647.0236,627.1908,5,4.94064
2.26753,2267,647.0236,627.1959,5,5.006079
2.26873,2268,647.0236,627.2003,5,5.14241028
2.26874,2269,647.0236,627.2056,5,4.90246725
2.27059,2270,647.0236,627.210632,5,4.98426628
2.27244,2271,647.0236,627.2159,5,4.913374
2.27246,2272,647.0236,627.221069,5,5.087878
2.27366,2273,647.0236,627.2255,5,5.109691
2.27554,2274,647.0236,627.2306,5,4.92973375
2.27557,2275,647.0236,627.2353,5,4.94064
2.27672,2276,647.0236,627.2411,5,4.847935
2.27674,2277,647.0236,627.246,5,5.109691
2.27861,2278,647.0236,627.250549,5,5.02789259
2.28041,2279,647.0236,627.255249,5,5.006079
2.28044,2280,647.0236,627.260254,5,4.88065434
2.28167,2281,647.0236,627.2663,5,4.847935
2.28352,2282,647.0236,627.270935,5,5.164223
2.28355,2283,647.0236,627.2758,5,5.07697153
2.28474,2284,647.0236,627.2803,5,5.13150358
2.28476,2285,647.0236,627.285645,5,4.869748
2.28659,2286,647.0236,627.2913,5,4.94064
2.28842,2287,647.0236,627.2958,5,5.05515862
2.28845,2288,647.0236,627.300659,5,5.016986
2.28964,2289,647.0236,627.305542,5,5.05515862
2.29149,2290,647.0236,627.311,5,4.81521559
2.29153,2291,647.0236,627.31604,5,5.016986
2.29272,2292,647.0236,627.3211,5,5.006079
2.29274,2293,647.0236,627.325745,5,5.07697153
2.29459,2294,647.0236,627.3307,5,4.96245337
2.29640,2295,647.0236,627.336365,5,4.869748
2.29644,2296,647.0236,627.340942,5,5.02789259
2.29764,2297,647.0236,627.3462,5,4.95154667
2.29950,2298,647.0236,627.351,5,5.12059736
2.29951,2299,647.0236,627.3564,5,4.98426628
2.30073,2300,647.0236,627.3615,5,5.066065
2.30075,2301,647.0236,627.3661,5,5.087878
2.30258,2302,647.0236,627.3715,5,4.98426628
2.30442,2303,647.0236,627.3762,5,5.016986
2.30445,2304,647.0236,627.3819,5,4.847935
2.30564,2305,647.0236,627.3866,5,5.07697153
2.30750,2306,647.0236,627.391541,5,5.006079
2.30752,2307,647.0236,627.396362,5,5.038799
2.30872,2308,647.0236,627.4014,5,4.97335958
2.30874,2309,647.0236,627.4069,5,4.913374
2.31058,2310,647.0236,627.4115,5,5.07697153
2.31242,2311,647.0236,627.4163,5,4.97335958
2.31244,2312,647.0236,627.4212,5,5.09878445
2.31367,2313,647.0236,627.4265,5,4.95154667
2.31549,2314,647.0236,627.4314,5,5.016986
2.31551,2315,647.0236,627.436035,5,4.98426628
2.31685,2316,647.0236,627.4416,5,4.96245337
2.31688,2317,647.0236,627.446533,5,5.09878445
2.31861,2318,647.0236,627.4517,5,4.97335958
2.32042,2319,647.0236,627.4562,5,5.12059736
2.32044,2320,647.0236,627.4615,5,4.95154667
2.32167,2321,647.0236,627.4671,5,5.02789259
2.32350,2322,647.0236,627.472168,5,5.12059736
2.32352,2323,647.0236,627.476746,5,5.09878445
2.32473,2324,647.0236,627.4811,5,5.087878
2.32475,2325,647.0236,627.487061,5,4.858842
2.32661,2326,647.0236,627.4923,5,5.02789259
2.32839,2327,647.0236,627.497253,5,5.006079
2.32841,2328,647.0236,627.5017,5,5.202396
2.32963,2329,647.0236,627.5064,5,5.038799
2.33175,2330,647.0236,627.5121,5,4.858842
2.33181,2331,647.0236,627.516968,5,4.96245337
2.33275,2332,647.0236,627.5222,5,4.94064
2.33277,2333,647.0236,627.5266,5,5.153317
2.33462,2334,647.0236,627.5317,5,4.94064
2.33643,2335,647.0236,627.5368,5,4.94064
2.33646,2336,647.0236,627.5419,5,4.92973375
2.33765,2337,647.0236,627.5473,5,4.98426628
2.33948,2338,647.0236,627.551636,5,5.14241028
2.33951,2339,647.0236,627.5566,5,4.92973375
2.34075,2340,647.0236,627.56134,5,4.94064
2.34078,2341,647.0236,627.5669,5,4.798856
2.34261,2342,647.0236,627.572,5,4.995173
2.34439,2343,647.0236,627.5764,5,5.038799
2.34442,2344,647.0236,627.581238,5,4.95154667
2.34564,2345,647.0236,627.5859,5,4.92973375
2.34748,2346,647.0236,627.591858,5,4.72251034
2.34751,2347,647.0236,627.596863,5,5.05515862
2.34874,2348,647.0236,627.6015,5,5.066065
2.34876,2349,647.0236,627.6061,5,5.09878445
2.35062,2350,647.0236,627.611,5,4.96245337
2.35243,2351,647.0236,627.617249,5,4.82612228
2.35245,2352,647.0236,627.626648,5,4.98426628
2.35364,2353,647.0236,627.6312,5,5.087878
2.35551,2354,647.0236,627.6363,5,4.858842
2.35555,2355,647.0236,627.6418,5,4.90246725
2.35673,2356,647.0236,627.6467,5,5.05515862
2.35675,2357,647.0236,627.65155,5,5.016986
2.35858,2358,647.0236,627.6562,5,5.05515862
2.36041,2359,647.0236,627.661865,5,4.837029
2.36044,2360,647.0236,627.6667,5,4.995173
2.36163,2361,647.0236,627.671631,5,4.95154667
2.36355,2362,647.0236,627.6767,5,5.066065
2.36357,2363,647.0236,627.6817,5,5.066065
2.36491,2364,647.0236,627.6872,5,4.98426628
2.36495,2365,647.0236,627.6918,5,5.14241028
2.36661,2366,647.0236,627.696838,5,5.006079
2.36840,2367,647.0236,627.7015,5,5.038799
2.36844,2368,647.0236,627.7069,5,4.88065434
2.36965,2369,647.0236,627.712158,5,4.98426628
2.37149,2370,647.0236,627.716858,5,5.066065
2.37151,2371,647.0236,627.721863,5,5.006079
2.37272,2372,647.0236,627.726563,5,5.05515862
2.37274,2373,647.0236,627.732239,5,4.88065434
2.37459,2374,647.0236,627.737,5,5.066065
2.37639,2375,647.0236,627.741943,5,5.006079
2.37641,2376,647.0236,627.747,5,5.066065
2.37765,2377,647.0236,627.752,5,5.038799
2.37957,2378,647.0236,627.7573,5,4.97335958
2.37960,2379,647.0236,627.7617,5,5.066065
2.38073,2380,647.0236,627.767151,5,4.913374
2.38074,2381,647.0236,627.772156,5,5.07697153
2.38259,2382,647.0236,627.777344,5,4.98426628
2.38441,2383,647.0236,627.782043,5,5.038799
2.38442,2384,647.0236,627.7867,5,5.006079
2.38566,2385,647.0236,627.792542,5,4.913374
2.38751,2386,647.0236,627.7975,5,5.09878445
2.38756,2387,647.0236,627.8025,5,5.038799
2.38872,2388,647.0236,627.8066,5,5.12059736
2.38873,2389,647.0236,627.812,5,4.891561
2.39057,2390,647.0236,627.817749,5,4.92973375
2.39239,2391,647.0236,627.822632,5,5.02789259
2.39242,2392,647.0236,627.827454,5,5.07697153
2.39364,2393,647.0236,627.8317,5,5.164223
2.39552,2394,647.0236,627.837341,5,4.858842
2.39555,2395,647.0236,627.8424,5,4.94064
2.39673,2396,647.0236,627.847534,5,4.92973375
2.39674,2397,647.0236,627.852356,5,5.09878445
2.39856,2398,647.0236,627.857,5,5.07697153
2.40047,2399,647.0236,627.8624,5,4.891561
2.40051,2400,647.0236,627.8676,5,4.995173
2.40165,2401,647.0236,627.8731,5,4.913374
2.40351,2402,647.0236,627.8777,5,5.180583
2.40353,2403,647.0236,627.8825,5,5.02789259
2.40474,2404,647.0236,627.8874,5,4.95154667
2.40477,2405,647.0236,627.8927,5,4.913374
2.40660,2406,647.0236,627.8983,5,4.92973375
2.40840,2407,647.0236,627.902954,5,5.14241028
2.40843,2408,647.0236,627.907837,5,5.006079
2.40964,2409,647.0236,627.9118,5,5.016986
2.41150,2410,647.0236,627.917542,5,4.78794956
2.41152,2411,647.0236,627.923035,5,4.98426628
2.41277,2412,647.0236,627.9276,5,5.14241028
2.41280,2413,647.0236,627.9322,5,5.087878
2.41474,2414,647.0236,627.9369,5,5.066065
2.41639,2415,647.0236,627.942749,5,4.78794956
2.41643,2416,647.0236,627.9478,5,4.98426628
2.41765,2417,647.0236,627.9525,5,4.95154667
2.41950,2418,647.0236,627.9571,5,5.016986
2.41953,2419,647.0236,627.9618,5,4.913374
2.42072,2420,647.0236,627.9678,5,4.777043
2.42073,2421,647.0236,627.972351,5,5.016986
2.42259,2422,647.0236,627.9773,5,4.95154667
2.42438,2423,647.0236,627.98175,5,5.02789259
2.42442,2424,647.0236,627.9871,5,4.858842
2.42565,2425,647.0236,627.9924,5,4.88065434
2.42750,2426,647.0236,627.997,5,4.98426628
2.42754,2427,647.0236,628.0022,5,4.96245337
2.42872,2428,647.0236,628.007,5,5.09878445
2.42874,2429,647.0236,628.012634,5,4.92973375
2.43057,2430,647.0236,628.017334,5,5.09878445
2.43238,2431,647.0236,628.022156,5,5.038799
2.43240,2432,647.0236,628.027161,5,4.995173
2.43366,2433,647.0236,628.032166,5,4.98426628
2.43549,2434,647.0236,628.0377,5,4.891561
2.43551,2435,647.0236,628.0423,5,5.109691
2.43674,2436,647.0236,628.047363,5,5.016986
2.43676,2437,647.0236,628.052063,5,5.07697153
2.43858,2438,647.0236,628.0575,5,4.92973375
2.44038,2439,647.0236,628.0627,5,4.98426628
2.44041,2440,647.0236,628.0674,5,5.066065
2.44164,2441,647.0236,628.072937,5,5.006079
2.44351,2442,647.0236,628.0774,5,5.13150358
2.44354,2443,647.0236,628.082947,5,4.95154667
2.44472,2444,647.0236,628.0874,5,5.07697153
2.44473,2445,647.0236,628.0926,5,4.96245337
2.44660,2446,647.0236,628.097839,5,5.006079
2.44840,2447,647.0236,628.102844,5,5.07697153
2.44843,2448,647.0236,628.1079,5,4.98426628
2.44965,2449,647.0236,628.1123,5,5.09878445
2.45152,2450,647.0236,628.118,5,4.90246725
2.45154,2451,647.0236,628.1232,5,5.07697153
2.45272,2452,647.0236,628.1283,5,5.07697153
2.45274,2453,647.0236,628.137451,5,5.016986
2.45460,2454,647.0236,628.143433,5,4.858842
2.45638,2455,647.0236,628.1484,5,5.038799
2.45639,2456,647.0236,628.1534,5,5.016986
2.45765,2457,647.0236,628.1576,5,5.21330261
2.45949,2458,647.0236,628.162964,5,4.96245337
2.45952,2459,647.0236,628.1683,5,4.90246725
2.46072,2460,647.0236,628.1733,5,4.96245337
2.46073,2461,647.0236,628.178345,5,5.016986
2.46259,2462,647.0236,628.1828,5,5.164223
2.46438,2463,647.0236,628.188232,5,4.913374
2.46439,2464,647.0236,628.1932,5,4.995173
2.46564,2465,647.0236,628.1986,5,4.92973375
2.46748,2466,647.0236,628.203552,5,5.109691
2.46750,2467,647.0236,628.2081,5,5.13150358
2.46872,2468,647.0236,628.2131,5,4.96245337
2.46875,2469,647.0236,628.217957,5,4.96245337
2.47059,2470,647.0236,628.2242,5,4.858842
2.47240,2471,647.0236,628.2284,5,5.109691
2.47242,2472,647.0236,628.233154,5,5.02789259
2.47367,2473,647.0236,628.2378,5,5.016986
2.47548,2474,647.0236,628.243164,5,4.88065434
2.47550,2475,647.0236,628.248962,5,4.869748
2.47672,2476,647.0236,628.25354,5,5.164223
2.47673,2477,647.0236,628.2584,5,5.087878
2.47857,2478,647.0236,628.2632,5,5.13150358
2.48041,2479,647.0236,628.268738,5,4.88065434
2.48044,2480,647.0236,628.2742,5,4.97335958
2.48169,2481,647.0236,628.2789,5,5.05515862
2.48347,2482,647.0236,628.283569,5,5.038799
2.48351,2483,647.0236,628.288452,5,5.066065
2.48473,2484,647.0236,628.29425,5,4.837029
2.48474,2485,647.0236,628.2987,5,5.038799
2.48658,2486,647.0236,628.3039,5,5.016986
2.48839,2487,647.0236,628.3085,5,5.09878445
2.48841,2488,647.0236,628.313843,5,4.96245337
2.48965,2489,647.0236,628.319153,5,4.90246725
2.49146,2490,647.0236,628.323853,5,5.038799
2.49148,2491,647.0236,628.329041,5,4.97335958
2.49273,2492,647.0236,628.333862,5,5.13150358
2.49275,2493,647.0236,628.3395,5,4.97335958
2.49459,2494,647.0236,628.3443,5,5.087878
2.49637,2495,647.0236,628.34906,5,5.07697153
2.49639,2496,647.0236,628.354,5,4.995173
2.49764,2497,647.0236,628.359,5,5.016986
2.49948,2498,647.0236,628.364563,5,4.88065434
2.49949,2499,647.0236,628.369263,5,5.09878445
2.50075,2500,647.0236,628.3749,5,5.066065
2.50079,2501,647.0236,628.378967,5,5.066065
2.50257,2502,647.0236,628.384338,5,4.96245337
2.50439,2503,647.0236,628.3899,5,4.96245337
2.50442,2504,647.0236,628.3946,5,5.07697153
2.50564,2505,647.0236,628.399841,5,4.995173
2.50747,2506,647.0236,628.404663,5,5.13150358
2.50749,2507,647.0236,628.410156,5,4.96245337
2.50873,2508,647.0236,628.414551,5,5.066065
2.50874,2509,647.0236,628.420044,5,4.97335958
2.51057,2510,647.0236,628.4256,5,5.066065
2.51237,2511,647.0236,628.4296,5,5.066065
2.51239,2512,647.0236,628.434753,5,4.95154667
2.51366,2513,647.0236,628.439,5,5.09878445
2.51547,2514,647.0236,628.4447,5,4.90246725
2.51549,2515,647.0236,628.45,5,5.02789259
2.54621,2516,647.0236,628.4551,5,5.07697153
2.54629,2517,647.0236,628.459351,5,5.087878
2.54634,2518,647.0236,628.4641,5,5.038799
2.54637,2519,647.0236,628.4701,5,4.847935
2.54639,2520,647.0236,628.475159,5,5.02789259
2.54641,2521,647.0236,628.480164,5,5.006079
2.54642,2522,647.0236,628.4844,5,5.202396
2.54644,2523,647.0236,628.489563,5,5.016986
2.54646,2524,647.0236,628.495056,5,4.869748
2.54647,2525,647.0236,628.5,5,4.96245337
2.54649,2526,647.0236,628.5051,5,4.98426628
2.54651,2527,647.0236,628.5096,5,5.180583
2.54652,2528,647.0236,628.514954,5,4.95154667
2.54654,2529,647.0236,628.5199,5,4.98426628
2.54656,2530,647.0236,628.5252,5,4.95154667
2.54658,2531,647.0236,628.530334,5,5.066065
2.54660,2532,647.0236,628.534851,5,5.153317
2.54661,2533,647.0236,628.539856,5,4.96245337
2.54663,2534,647.0236,628.5447,5,4.97335958
2.54666,2535,647.0236,628.5505,5,4.847935
2.54667,2536,647.0236,628.5552,5,5.07697153
2.54668,2537,647.0236,628.5599,5,5.05515862
2.54670,2538,647.0236,628.5645,5,4.995173
2.54672,2539,647.0236,628.5697,5,4.913374
2.54673,2540,647.0236,628.57605,5,5.14241028
2.54674,2541,647.0236,628.5803,5,5.14241028
2.54675,2542,647.0236,628.585144,5,5.087878
2.54676,2543,647.0236,628.5896,5,5.14241028
2.54677,2544,647.0236,628.5952,5,4.913374
2.54678,2545,647.0236,628.6006,5,4.891561
2.54749,2546,647.0236,628.6051,5,5.066065
2.54752,2547,647.0236,628.6099,5,5.006079
2.54875,2548,647.0236,628.614868,5,5.05515862
2.54878,2549,647.0236,628.620667,5,4.81521559
2.55056,2550,647.0236,628.6255,5,4.96245337
2.55239,2551,647.0236,628.634949,5,5.038799
2.55240,2552,647.0236,628.634949,5,5.038799
2.55365,2553,647.0236,628.6401,5,4.995173
2.55550,2554,647.0236,628.6456,5,4.82612228
2.55553,2555,647.0236,628.6501,5,5.006079
2.55675,2556,647.0236,628.660156,5,5.09878445
2.55678,2557,647.0236,628.6655,5,5.006079
2.55856,2558,647.0236,628.6706,5,5.006079
2.56038,2559,647.0236,628.6752,5,5.109691
2.56040,2560,647.0236,628.6803,5,4.97335958
2.56165,2561,647.0236,628.685,5,5.02789259
2.56348,2562,647.0236,628.690735,5,4.847935
2.56350,2563,647.0236,628.695435,5,5.02789259
2.56493,2564,647.0236,628.7003,5,5.02789259
2.56497,2565,647.0236,628.705139,5,5.006079
2.56658,2566,647.0236,628.710266,5,5.006079
2.56838,2567,647.0236,628.715759,5,4.891561
2.56840,2568,647.0236,628.720337,5,5.087878
2.56964,2569,647.0236,628.725464,5,4.98426628
2.57146,2570,647.0236,628.730347,5,5.09878445
2.57147,2571,647.0236,628.7357,5,4.995173
2.57278,2572,647.0236,628.74054,5,4.995173
2.57281,2573,647.0236,628.7452,5,5.02789259
2.57454,2574,647.0236,628.7507,5,4.913374
2.57637,2575,647.0236,628.7556,5,5.07697153
2.57638,2576,647.0236,628.760864,5,4.95154667
2.57764,2577,647.0236,628.765137,5,5.07697153
2.57946,2578,647.0236,628.770447,5,4.96245337
2.57947,2579,647.0236,628.776062,5,4.95154667
2.58078,2580,647.0236,628.781,5,5.087878
2.58081,2581,647.0236,628.7856,5,5.038799
2.58257,2582,647.0236,628.7899,5,5.09878445
2.58439,2583,647.0236,628.7959,5,4.858842
2.58442,2584,647.0236,628.8011,5,4.96245337
2.58563,2585,647.0236,628.806,5,5.006079
2.58745,2586,647.0236,628.810547,5,5.12059736
2.58747,2587,647.0236,628.815247,5,5.12059736
2.58875,2588,647.0236,628.8209,5,4.837029
2.58878,2589,647.0236,628.8258,5,4.96245337
2.59056,2590,647.0236,628.8311,5,4.92973375
2.59238,2591,647.0236,628.835449,5,5.153317
2.59239,2592,647.0236,628.840637,5,5.016986
2.59363,2593,647.0236,628.8458,5,4.92973375
2.59546,2594,647.0236,628.8509,5,4.98426628
2.59547,2595,647.0236,628.856262,5,4.95154667
2.59673,2596,647.0236,628.8607,5,5.191489
2.59674,2597,647.0236,628.866,5,4.96245337
2.59858,2598,647.0236,628.8708,5,4.869748
2.60043,2599,647.0236,628.876465,5,4.97335958
2.60045,2600,647.0236,628.8815,5,5.109691
2.60163,2601,647.0236,628.886,5,4.995173
2.60346,2602,647.0236,628.891052,5,4.995173
2.60347,2603,647.0236,628.896,5,4.777043
2.60472,2604,647.0236,628.9021,5,5.066065
2.60474,2605,647.0236,628.9068,5,5.12059736
2.60655,2606,647.0236,628.9116,5,5.13150358
2.60840,2607,647.0236,628.9161,5,5.02789259
2.60843,2608,647.0236,628.9216,5,4.847935
2.60965,2609,647.0236,628.9272,5,5.07697153
2.61148,2610,647.0236,628.931641,5,4.995173
2.61150,2611,647.0236,628.9365,5,5.109691
2.61272,2612,647.0236,628.941162,5,4.90246725
2.61274,2613,647.0236,628.9469,5,4.913374
2.61475,2614,647.0236,628.9517,5,5.07697153
2.61645,2615,647.0236,628.9564,5,5.016986
2.61648,2616,647.0236,628.9612,5,5.07697153
2.61764,2617,647.0236,628.966,5,4.847935
2.61949,2618,647.0236,628.9717,5,4.995173
2.61951,2619,647.0236,628.9764,5,4.98426628
2.62073,2620,647.0236,628.981567,5,5.087878
2.62074,2621,647.0236,628.98645,5,5.12059736
2.62255,2622,647.0236,628.9918,5,5.016986
2.62437,2623,647.0236,628.997131,5,5.180583
2.62440,2624,647.0236,629.0017,5,5.02789259
2.62563,2625,647.0236,629.007141,5,5.07697153
2.62749,2626,647.0236,629.0119,5,4.94064
2.62751,2627,647.0236,629.0176,5,5.006079
2.62874,2628,647.0236,629.0224,5,5.087878
2.62875,2629,647.0236,629.0273,5,5.02789259
2.63055,2630,647.0236,629.032166,5,5.066065
2.63240,2631,647.0236,629.037231,5,4.891561
2.63241,2632,647.0236,629.0428,5,5.07697153
2.63364,2633,647.0236,629.0473,5,4.995173
2.63546,2634,647.0236,629.0525,5,5.07697153
2.63547,2635,647.0236,629.0573,5,5.038799
2.63672,2636,647.0236,629.0627,5,4.97335958
2.63674,2637,647.0236,629.067566,5,5.066065
2.63855,2638,647.0236,629.072144,5,4.891561
2.64043,2639,647.0236,629.077942,5,5.066065
2.64045,2640,647.0236,629.0825,5,4.96245337
2.64163,2641,647.0236,629.087769,5,5.02789259
2.64347,2642,647.0236,629.0921,5,4.995173
2.64349,2643,647.0236,629.097351,5,4.891561
2.64490,2644,647.0236,629.1029,5,5.07697153
2.64493,2645,647.0236,629.107849,5,5.006079
2.64659,2646,647.0236,629.112549,5,5.109691
2.64841,2647,647.0236,629.11676,5,4.869748
2.64847,2648,647.0236,629.1226,5,4.90246725
2.64967,2649,647.0236,629.128235,5,5.006079
2.65151,2650,647.0236,629.1328,5,5.05515862
2.65156,2651,647.0236,629.1374,5,5.153317
2.65273,2652,647.0236,629.141968,5,4.847935
2.65274,2653,647.0236,629.147644,5,4.92973375
2.65454,2654,647.0236,629.1526,5,4.913374
2.65640,2655,647.0236,629.1578,5,5.087878
2.65642,2656,647.0236,629.162231,5,5.07697153
2.65764,2657,647.0236,629.1725,5,4.98426628
2.65949,2658,647.0236,629.1725,5,4.98426628
2.65951,2659,647.0236,629.1829,5,5.14241028
2.66072,2660,647.0236,629.1874,5,5.02789259
2.66073,2661,647.0236,629.192261,5,4.92973375
2.66255,2662,647.0236,629.197,5,4.891561
2.66442,2663,647.0236,629.2025,5,4.88065434
2.66444,2664,647.0236,629.2078,5,5.109691
2.66566,2665,647.0236,629.212158,5,4.97335958
2.66748,2666,647.0236,629.217041,5,4.995173
2.66750,2667,647.0236,629.2216,5,4.78794956
2.66873,2668,647.0236,629.2276,5,4.92973375
2.66874,2669,647.0236,629.2327,5,5.13150358
2.67057,2670,647.0236,629.2374,5,5.07697153
2.67241,2671,647.0236,629.241943,5,5.087878
2.67243,2672,647.0236,629.246948,5,4.82612228
2.67364,2673,647.0236,629.252869,5,5.006079
2.67548,2674,647.0236,629.257446,5,5.006079
2.67551,2675,647.0236,629.2623,5,5.066065
2.67674,2676,647.0236,629.266846,5,4.98426628
2.67675,2677,647.0236,629.2723,5,4.837029
2.67856,2678,647.0236,629.2778,5,5.066065
2.68040,2679,647.0236,629.2823,5,4.995173
2.68042,2680,647.0236,629.287231,5,5.09878445
2.68167,2681,647.0236,629.2919,5,4.90246725
2.68351,2682,647.0236,629.2975,5,4.913374
2.68353,2683,647.0236,629.302368,5,5.006079
2.68476,2684,647.0236,629.307251,5,4.98426628
2.68478,2685,647.0236,629.3124,5,5.12059736
2.68655,2686,647.0236,629.317261,5,4.94064
2.68841,2687,647.0236,629.3229,5,5.09878445
2.68844,2688,647.0236,629.327332,5,5.02789259
2.68964,2689,647.0236,629.3324,5,4.98426628
2.69151,2690,647.0236,629.3371,5,4.96245337
2.69153,2691,647.0236,629.342468,5,4.88065434
2.69272,2692,647.0236,629.3477,5,5.087878
2.69273,2693,647.0236,629.352356,5,5.006079
2.69456,2694,647.0236,629.3574,5,5.066065
2.69639,2695,647.0236,629.3621,5,4.92973375
2.69643,2696,647.0236,629.367737,5,4.97335958
2.69763,2697,647.0236,629.372559,5,5.038799
2.69952,2698,647.0236,629.377747,5,4.98426628
2.69955,2699,647.0236,629.3828,5,5.09878445
2.70073,2700,647.0236,629.387756,5,4.913374
2.70075,2701,647.0236,629.3931,5,5.05515862
2.70258,2702,647.0236,629.3974,5,4.92973375
2.70441,2703,647.0236,629.402832,5,4.96245337
2.70445,2704,647.0236,629.4079,5,5.038799
2.70577,2705,647.0236,629.4133,5,4.95154667
2.70749,2706,647.0236,629.4177,5,5.087878
2.70751,2707,647.0236,629.4223,5,4.869748
2.70873,2708,647.0236,629.428467,5,5.02789259
2.70874,2709,647.0236,629.4334,5,5.038799
2.71059,2710,647.0236,629.4381,5,5.07697153
2.71241,2711,647.0236,629.441956,5,4.995173
2.71243,2712,647.0236,629.4471,5,4.81521559
2.71366,2713,647.0236,629.452942,5,5.006079
2.71553,2714,647.0236,629.457764,5,4.97335958
2.71558,2715,647.0236,629.462646,5,5.180583
2.71674,2716,647.0236,629.4669,5,4.97335958
2.71677,2717,647.0236,629.472351,5,4.837029
2.71856,2718,647.0236,629.477539,5,4.913374
2.72038,2719,647.0236,629.482544,5,4.92973375
2.72041,2720,647.0236,629.4874,5,5.13150358
2.72167,2721,647.0236,629.4919,5,4.891561
2.72356,2722,647.0236,629.4973,5,4.94064
2.72359,2723,647.0236,629.502136,5,4.90246725
2.72473,2724,647.0236,629.5076,5,5.006079
2.72474,2725,647.0236,629.512451,5,5.14241028
2.72659,2726,647.0236,629.517,5,4.94064
2.72842,2727,647.0236,629.522034,5,4.96245337
2.72845,2728,647.0236,629.5269,5,4.81521559
2.72964,2729,647.0236,629.5327,5,5.038799
2.73163,2730,647.0236,629.5375,5,5.05515862
2.73165,2731,647.0236,629.5423,5,4.98426628
2.73274,2732,647.0236,629.5466,5,4.94064
2.73275,2733,647.0236,629.552,5,4.78794956
2.73459,2734,647.0236,629.5581,5,5.12059736
2.73639,2735,647.0236,629.5627,5,5.07697153
2.73642,2736,647.0236,629.5675,5,5.14241028
2.73764,2737,647.0236,629.572,5,4.95154667
2.73952,2738,647.0236,629.5779,5,4.891561
2.73954,2739,647.0236,629.583,5,5.087878
2.74073,2740,647.0236,629.5876,5,5.006079
2.74074,2741,647.0236,629.592346,5,5.07697153
2.74262,2742,647.0236,629.5972,5,4.847935
2.74443,2743,647.0236,629.603,5,4.97335958
2.74445,2744,647.0236,629.6078,5,5.038799
2.74564,2745,647.0236,629.6127,5,5.066065
2.74748,2746,647.0236,629.617249,5,5.016986
2.74750,2747,647.0236,629.622559,5,4.847935
2.74880,2748,647.0236,629.6279,5,5.02789259
2.74882,2749,647.0236,629.6325,5,4.96245337
2.75056,2750,647.0236,629.637756,5,5.109691
2.75240,2751,647.0236,629.6425,5,5.016986
2.75241,2752,647.0236,629.648132,5,5.016986
2.75366,2753,647.0236,629.652954,5,5.12059736
2.75555,2754,647.0236,629.6577,5,4.98426628
2.75559,2755,647.0236,629.667542,5,4.858842
2.75672,2756,647.0236,629.6732,5,5.038799
2.75674,2757,647.0236,629.677856,5,5.02789259
2.75858,2758,647.0236,629.6828,5,5.016986
2.76040,2759,647.0236,629.6876,5,5.016986
2.76043,2760,647.0236,629.6929,5,4.891561
2.76163,2761,647.0236,629.6982,5,5.087878
2.76351,2762,647.0236,629.702759,5,4.97335958
2.76353,2763,647.0236,629.708,5,5.087878
2.76489,2764,647.0236,629.7128,5,4.98426628
2.76495,2765,647.0236,629.7182,5,4.98426628
2.76658,2766,647.0236,629.7228,5,5.016986
2.76840,2767,647.0236,629.727661,5,4.891561
2.76844,2768,647.0236,629.7331,5,5.066065
2.76965,2769,647.0236,629.738,5,4.94064
2.77151,2770,647.0236,629.743164,5,5.05515862
2.77154,2771,647.0236,629.747437,5,4.96245337
2.77273,2772,647.0236,629.7529,5,4.92973375
2.77275,2773,647.0236,629.758362,5,5.07697153
2.77459,2774,647.0236,629.7633,5,5.02789259
2.77640,2775,647.0236,629.7677,5,5.087878
2.77642,2776,647.0236,629.7722,5,4.837029
2.77764,2777,647.0236,629.7785,5,4.92973375
2.77948,2778,647.0236,629.783264,5,4.98426628
2.77951,2779,647.0236,629.788269,5,5.09878445
2.78072,2780,647.0236,629.7926,5,5.12059736
2.78073,2781,647.0236,629.7975,5,4.837029
2.78259,2782,647.0236,629.8031,5,4.94064
2.78440,2783,647.0236,629.808,5,4.913374
2.78444,2784,647.0236,629.813232,5,5.109691
2.78564,2785,647.0236,629.817566,5,5.016986
2.78749,2786,647.0236,629.822754,5,4.891561
2.78752,2787,647.0236,629.8278,5,4.97335958
2.78872,2788,647.0236,629.833,5,4.913374
2.78874,2789,647.0236,629.838257,5,5.180583
2.79060,2790,647.0236,629.842651,5,4.98426628
2.79241,2791,647.0236,629.8477,5,4.94064
2.79244,2792,647.0236,629.8527,5,4.869748
2.79364,2793,647.0236,629.8581,5,4.90246725
2.79550,2794,647.0236,629.863037,5,5.109691
2.79553,2795,647.0236,629.867554,5,4.96245337
2.79672,2796,647.0236,629.8727,5,4.995173
2.79673,2797,647.0236,629.877563,5,4.76613665
2.79864,2798,647.0236,629.8836,5,4.98426628
2.80039,2799,647.0236,629.887939,5,5.12059736
2.80041,2800,647.0236,629.8931,5,5.07697153
2.80164,2801,647.0236,629.8975,5,5.05515862
2.80350,2802,647.0236,629.9033,5,4.81521559
2.80354,2803,647.0236,629.9088,5,5.02789259
2.80473,2804,647.0236,629.9134,5,4.98426628
2.80474,2805,647.0236,629.918152,5,5.07697153
2.80659,2806,647.0236,629.9227,5,4.94064
2.80840,2807,647.0236,629.9285,5,4.858842
2.80842,2808,647.0236,629.9336,5,5.066065
2.80964,2809,647.0236,629.9383,5,5.006079
2.81151,2810,647.0236,629.943,5,5.07697153
2.81153,2811,647.0236,629.9479,5,4.858842
2.81274,2812,647.0236,629.9532,5,4.92973375
2.81276,2813,647.0236,629.9578,5,4.97335958
2.81484,2814,647.0236,629.9629,5,4.98426628
2.81637,2815,647.0236,629.967834,5,5.09878445
2.81640,2816,647.0236,629.973,5,4.92973375
2.81766,2817,647.0236,629.9784,5,5.109691
2.81948,2818,647.0236,629.9829,5,5.016986
2.81950,2819,647.0236,629.988037,5,5.02789259
2.82072,2820,647.0236,629.992737,5,4.96245337
2.82074,2821,647.0236,629.998352,5,4.94064
2.82256,2822,647.0236,630.003357,5,5.12059736
2.82440,2823,647.0236,630.0081,5,5.016986
2.82443,2824,647.0236,630.013062,5,5.087878
2.82568,2825,647.0236,630.017944,5,4.90246725
2.82750,2826,647.0236,630.02356,5,5.006079
2.82753,2827,647.0236,630.028137,5,5.016986
2.82877,2828,647.0236,630.0332,5,4.995173
2.82880,2829,647.0236,630.038147,5,5.07697153
2.83060,2830,647.0236,630.043335,5,4.90246725
2.83242,2831,647.0236,630.04834,5,5.05515862
2.83245,2832,647.0236,630.052856,5,4.90246725
2.83364,2833,647.0236,630.0582,5,4.98426628
2.83551,2834,647.0236,630.063232,5,5.006079
2.83554,2835,647.0236,630.068359,5,4.96245337
2.83673,2836,647.0236,630.0729,5,5.038799
2.83674,2837,647.0236,630.0777,5,4.837029
2.83858,2838,647.0236,630.083435,5,5.02789259
2.84043,2839,647.0236,630.0884,5,5.016986
2.84045,2840,647.0236,630.0932,5,5.07697153
2.84164,2841,647.0236,630.097351,5,4.96245337
2.84349,2842,647.0236,630.1029,5,4.798856
2.84351,2843,647.0236,630.1084,5,4.995173
2.84472,2844,647.0236,630.1133,5,4.97335958
2.84473,2845,647.0236,630.118042,5,5.180583
2.84660,2846,647.0236,630.1224,5,4.92973375
2.84848,2847,647.0236,630.128052,5,4.858842
2.84852,2848,647.0236,630.133,5,4.92973375
2.84964,2849,647.0236,630.138245,5,4.98426628
2.85152,2850,647.0236,630.1428,5,5.14241028
2.85155,2851,647.0236,630.1476,5,4.891561
2.85273,2852,647.0236,630.1578,5,4.90246725
2.85276,2853,647.0236,630.1633,5,5.066065
2.85461,2854,647.0236,630.168152,5,5.13150358
2.85640,2855,647.0236,630.1727,5,4.92973375
2.85642,2856,647.0236,630.177551,5,4.95154667
2.85764,2857,647.0236,630.1828,5,4.82612228
2.85950,2858,647.0236,630.188354,5,5.07697153
2.85954,2859,647.0236,630.193,5,5.02789259
2.86073,2860,647.0236,630.197937,5,4.98426628
2.86075,2861,647.0236,630.2022,5,4.90246725
2.86258,2862,647.0236,630.2084,5,4.82612228
2.86442,2863,647.0236,630.2137,5,5.14241028
2.86446,2864,647.0236,630.2183,5,5.087878
2.86569,2865,647.0236,630.223,5,5.13150358
2.86766,2866,647.0236,630.2278,5,4.90246725
2.86770,2867,647.0236,630.2337,5,4.92973375
2.86873,2868,647.0236,630.2384,5,5.066065
2.86875,2869,647.0236,630.2432,5,5.02789259
2.87062,2870,647.0236,630.2478,5,5.066065
2.87244,2871,647.0236,630.253052,5,4.82612228
2.87246,2872,647.0236,630.258667,5,4.995173
2.87364,2873,647.0236,630.263245,5,5.006079
2.87549,2874,647.0236,630.2682,5,5.066065
2.87551,2875,647.0236,630.2727,5,4.97335958
2.87675,2876,647.0236,630.278259,5,4.847935
2.87677,2877,647.0236,630.2834,5,5.02789259
2.87858,2878,647.0236,630.2881,5,4.95154667
2.88042,2879,647.0236,630.2933,5,5.109691
2.88045,2880,647.0236,630.2981,5,4.98426628
2.88170,2881,647.0236,630.3037,5,5.02789259
2.88353,2882,647.0236,630.30835,5,5.09878445
2.88355,2883,647.0236,630.313232,5,4.98426628
2.88473,2884,647.0236,630.318054,5,5.016986
2.88474,2885,647.0236,630.323242,5,4.847935
2.88662,2886,647.0236,630.3287,5,5.038799
2.88841,2887,647.0236,630.333252,5,5.006079
2.88845,2888,647.0236,630.3383,5,5.016986
2.88964,2889,647.0236,630.343,5,4.98426628
2.89148,2890,647.0236,630.3485,5,4.90246725
2.89149,2891,647.0236,630.3535,5,5.07697153
2.89277,2892,647.0236,630.3583,5,4.96245337
2.89280,2893,647.0236,630.363464,5,5.087878
2.89459,2894,647.0236,630.3683,5,4.97335958
2.89643,2895,647.0236,630.3737,5,5.006079
2.89645,2896,647.0236,630.3781,5,5.006079
2.89764,2897,647.0236,630.383362,5,4.92973375
2.89950,2898,647.0236,630.38855,5,5.066065
2.89952,2899,647.0236,630.3939,5,4.94064
2.90073,2900,647.0236,630.3988,5,5.087878
2.90074,2901,647.0236,630.4029,5,4.94064
2.90259,2902,647.0236,630.4087,5,4.95154667
2.90442,2903,647.0236,630.4141,5,5.087878
2.90444,2904,647.0236,630.4191,5,5.02789259
2.90563,2905,647.0236,630.42334,5,5.07697153
2.90750,2906,647.0236,630.429138,5,4.837029
2.90754,2907,647.0236,630.4346,5,4.97335958
2.90872,2908,647.0236,630.4391,5,4.98426628
2.90873,2909,647.0236,630.444031,5,5.12059736
2.91057,2910,647.0236,630.4486,5,5.09878445
2.91242,2911,647.0236,630.4533,5,4.82612228
2.91245,2912,647.0236,630.4586,5,4.95154667
2.91364,2913,647.0236,630.4636,5,4.92973375
2.91549,2914,647.0236,630.4687,5,5.14241028
2.91552,2915,647.0236,630.473,5,4.98426628
2.91673,2916,647.0236,630.4784,5,4.90246725
2.91675,2917,647.0236,630.483337,5,4.95154667
2.91861,2918,647.0236,630.4886,5,4.913374
2.92039,2919,647.0236,630.4935,5,5.153317
2.92041,2920,647.0236,630.4984,5,4.95154667
2.92167,2921,647.0236,630.503052,5,4.913374
2.92351,2922,647.0236,630.5079,5,4.82612228
2.92354,2923,647.0236,630.514,5,4.913374
2.92474,2924,647.0236,630.5185,5,5.07697153
2.92475,2925,647.0236,630.5232,5,4.95154667
2.92660,2926,647.0236,630.5279,5,4.98426628
2.92840,2927,647.0236,630.532654,5,4.74432325
2.92842,2928,647.0236,630.53894,5,5.006079
2.92964,2929,647.0236,630.5435,5,5.109691
2.93160,2930,647.0236,630.5484,5,5.087878
2.93167,2931,647.0236,630.5529,5,5.038799
2.93274,2932,647.0236,630.558533,5,4.81521559
2.93276,2933,647.0236,630.563843,5,5.05515862
2.93461,2934,647.0236,630.5684,5,4.995173
2.93640,2935,647.0236,630.573242,5,5.09878445
2.93644,2936,647.0236,630.5779,5,4.92973375
2.93766,2937,647.0236,630.5838,5,4.891561
2.93951,2938,647.0236,630.5887,5,5.087878
2.93956,2939,647.0236,630.5935,5,5.02789259
2.94074,2940,647.0236,630.598145,5,5.09878445
2.94075,2941,647.0236,630.6032,5,4.858842
2.94257,2942,647.0236,630.608765,5,4.97335958
2.94438,2943,647.0236,630.6134,5,4.97335958
2.94439,2944,647.0236,630.6186,5,5.038799
2.94564,2945,647.0236,630.623352,5,5.09878445
2.94750,2946,647.0236,630.628845,5,4.95154667
2.94752,2947,647.0236,630.6339,5,5.14241028
2.94874,2948,647.0236,630.63855,5,5.006079
2.94876,2949,647.0236,630.643555,5,5.02789259
2.95061,2950,647.0236,630.6484,5,4.92973375
2.95238,2951,647.0236,630.654053,5,4.95154667
2.95239,2952,647.0236,630.658752,5,5.087878
2.95365,2953,647.0236,630.6637,5,5.016986
2.95552,2954,647.0236,630.668457,5,5.07697153
2.95556,2955,647.0236,630.6791,5,5.038799
2.95673,2956,647.0236,630.683655,5,5.006079
2.95674,2957,647.0236,630.688843,5,5.02789259
2.95860,2958,647.0236,630.6937,5,5.07697153
2.96039,2959,647.0236,630.6991,5,4.94064
2.96041,2960,647.0236,630.7038,5,5.066065
2.96165,2961,647.0236,630.7085,5,4.90246725
2.96351,2962,647.0236,630.7139,5,5.02789259
2.96354,2963,647.0236,630.718933,5,4.995173
2.96486,2964,647.0236,630.7241,5,4.995173
2.96490,2965,647.0236,630.728455,5,5.038799
2.96661,2966,647.0236,630.7337,5,4.869748
2.96840,2967,647.0236,630.739258,5,5.07697153
2.96842,2968,647.0236,630.744263,5,5.02789259
2.96964,2969,647.0236,630.74884,5,5.109691
2.97151,2970,647.0236,630.7532,5,4.94064
2.97154,2971,647.0236,630.759155,5,4.869748
2.97273,2972,647.0236,630.764343,5,5.02789259
2.97274,2973,647.0236,630.769348,5,5.02789259
2.97460,2974,647.0236,630.773743,5,5.191489
2.97637,2975,647.0236,630.7789,5,4.891561
2.97638,2976,647.0236,630.7842,5,4.913374
2.97764,2977,647.0236,630.7891,5,4.95154667
2.97948,2978,647.0236,630.7944,5,5.066065
2.97950,2979,647.0236,630.798767,5,5.13150358
2.98072,2980,647.0236,630.803955,5,4.90246725
2.98074,2981,647.0236,630.809143,5,5.006079
2.98260,2982,647.0236,630.8142,5,4.92973375
2.98438,2983,647.0236,630.819641,5,5.14241028
2.98441,2984,647.0236,630.824341,5,5.087878
2.98565,2985,647.0236,630.8297,5,4.96245337
2.98755,2986,647.0236,630.833862,5,4.94064
2.98759,2987,647.0236,630.8399,5,4.90246725
2.98874,2988,647.0236,630.844849,5,5.153317
2.98876,2989,647.0236,630.8494,5,5.016986
2.99059,2990,647.0236,630.854248,5,5.038799
2.99239,2991,647.0236,630.859131,5,4.837029
2.99242,2992,647.0236,630.865234,5,4.94064
2.99364,2993,647.0236,630.869934,5,5.164223
2.99548,2994,647.0236,630.8748,5,5.09878445
2.99552,2995,647.0236,630.8793,5,5.12059736
2.99672,2996,647.0236,630.8847,5,4.858842
2.99673,2997,647.0236,630.8904,5,5.02789259
2.99859,2998,647.0236,630.894836,5,5.02789259
3.00039,2999,647.0236,630.8997,5,5.07697153
3.00041,3000,647.0236,630.904358,5,5.006079
3.00166,3001,647.0236,630.9101,5,4.847935
3.00347,3002,647.0236,630.9151,5,5.07697153
3.00348,3003,647.0236,630.9202,5,5.016986
3.00475,3004,647.0236,630.924866,5,5.09878445
3.00478,3005,647.0236,630.9299,5,4.913374
3.00657,3006,647.0236,630.935547,5,4.913374
3.00838,3007,647.0236,630.940063,5,5.006079
3.00840,3008,647.0236,630.9456,5,4.98426628
3.00964,3009,647.0236,630.950134,5,5.13150358
3.01148,3010,647.0236,630.955566,5,4.96245337
3.01149,3011,647.0236,630.960754,5,5.12059736
3.01273,3012,647.0236,630.965332,5,5.038799
3.01275,3013,647.0236,630.970032,5,5.006079
3.01485,3014,647.0236,630.9748,5,4.97335958
3.01641,3015,647.0236,630.9804,5,4.90246725
3.01643,3016,647.0236,630.9853,5,5.09878445
3.01765,3017,647.0236,630.9902,5,5.016986
3.01946,3018,647.0236,630.995,5,5.087878
3.01949,3019,647.0236,631,5,4.90246725
3.02072,3020,647.0236,631.0056,5,4.98426628
3.02074,3021,647.0236,631.010132,5,5.02789259
3.02258,3022,647.0236,631.015259,5,4.97335958
3.02438,3023,647.0236,631.020142,5,5.109691
3.02440,3024,647.0236,631.025452,5,4.913374
3.02565,3025,647.0236,631.030334,5,5.066065
3.02748,3026,647.0236,631.0349,5,4.94064
3.02749,3027,647.0236,631.0404,5,4.98426628
3.02875,3028,647.0236,631.045349,5,5.05515862
3.02877,3029,647.0236,631.050537,5,4.95154667
3.03055,3030,647.0236,631.055,5,5.087878
3.03241,3031,647.0236,631.060059,5,4.869748
3.03243,3032,647.0236,631.0657,5,5.05515862
3.03365,3033,647.0236,631.0707,5,5.066065
3.03548,3034,647.0236,631.075439,5,5.087878
3.03550,3035,647.0236,631.08,5,5.006079
3.03672,3036,647.0236,631.0855,5,4.847935
3.03673,3037,647.0236,631.0909,5,5.02789259
3.03855,3038,647.0236,631.0958,5,5.016986
3.04039,3039,647.0236,631.100464,5,5.21330261
3.04040,3040,647.0236,631.105,5,4.97335958
3.04167,3041,647.0236,631.1107,5,4.891561
3.04346,3042,647.0236,631.1156,5,4.96245337
3.04348,3043,647.0236,631.1209,5,5.006079
3.04473,3044,647.0236,631.125366,5,5.153317
3.04475,3045,647.0236,631.1307,5,4.92973375
3.04655,3046,647.0236,631.136,5,4.995173
3.04843,3047,647.0236,631.1407,5,4.94064
3.04847,3048,647.0236,631.1462,5,5.09878445
3.04966,3049,647.0236,631.1505,5,5.13150358
3.05146,3050,647.0236,631.1559,5,4.96245337
3.05147,3051,647.0236,631.160645,5,4.97335958
3.05272,3052,647.0236,631.16626,5,4.858842
3.05273,3053,647.0236,631.1759,5,5.038799
3.05455,3054,647.0236,631.1807,5,5.016986
3.05637,3055,647.0236,631.1807,5,5.016986
3.05639,3056,647.0236,631.1916,5,4.858842
3.05770,3057,647.0236,631.1965,5,5.180583
3.05947,3058,647.0236,631.2013,5,5.09878445
3.05949,3059,647.0236,631.2058,5,5.153317
3.06073,3060,647.0236,631.21106,5,4.891561
3.06075,3061,647.0236,631.2168,5,4.96245337
3.06256,3062,647.0236,631.2213,5,5.05515862
3.06439,3063,647.0236,631.226257,5,5.038799
3.06440,3064,647.0236,631.230835,5,5.066065
3.06568,3065,647.0236,631.2364,5,4.82612228
3.06746,3066,647.0236,631.2417,5,5.038799
3.06748,3067,647.0236,631.2464,5,5.016986
3.06875,3068,647.0236,631.2512,5,5.087878
3.06876,3069,647.0236,631.2559,5,4.97335958
3.07058,3070,647.0236,631.261658,5,4.88065434
3.07239,3071,647.0236,631.2663,5,5.02789259
3.07241,3072,647.0236,631.2714,5,4.97335958
3.07366,3073,647.0236,631.276367,5,5.14241028
3.07546,3074,647.0236,631.281555,5,4.98426628
3.07547,3075,647.0236,631.287,5,5.07697153
3.07675,3076,647.0236,631.291443,5,5.087878
3.07677,3077,647.0236,631.2965,5,4.995173
3.07856,3078,647.0236,631.3013,5,5.016986
3.08037,3079,647.0236,631.3068,5,4.869748
3.08038,3080,647.0236,631.3118,5,5.087878
3.08166,3081,647.0236,631.3166,5,5.016986
3.08347,3082,647.0236,631.3216,5,5.05515862
3.08349,3083,647.0236,631.3264,5,4.96245337
3.08474,3084,647.0236,631.332336,5,4.95154667
3.08476,3085,647.0236,631.3367,5,5.07697153
3.08656,3086,647.0236,631.341736,5,4.98426628
3.08841,3087,647.0236,631.346741,5,5.12059736
3.08842,3088,647.0236,631.3519,5,4.95154667
3.08965,3089,647.0236,631.357056,5,5.038799
3.09146,3090,647.0236,631.36145,5,4.98426628
3.09147,3091,647.0236,631.367,5,4.96245337
3.09275,3092,647.0236,631.371948,5,5.07697153
3.09277,3093,647.0236,631.377,5,4.95154667
3.09456,3094,647.0236,631.381653,5,5.09878445
3.09641,3095,647.0236,631.386536,5,4.90246725
3.09643,3096,647.0236,631.392334,5,5.006079
3.09765,3097,647.0236,631.397339,5,5.07697153
3.09947,3098,647.0236,631.402161,5,5.07697153
3.09949,3099,647.0236,631.40625,5,5.05515862
3.10078,3100,647.0236,631.4119,5,4.82612228
3.10082,3101,647.0236,631.4178,5,5.006079
3.10255,3102,647.0236,631.422668,5,4.98426628
3.10439,3103,647.0236,631.4273,5,5.191489
3.10443,3104,647.0236,631.4318,5,5.02789259
3.10564,3105,647.0236,631.437561,5,4.858842
3.10746,3106,647.0236,631.442444,5,4.96245337
3.10748,3107,647.0236,631.447754,5,4.95154667
3.10876,3108,647.0236,631.4523,5,5.180583
3.10878,3109,647.0236,631.457458,5,4.96245337
3.11055,3110,647.0236,631.4628,5,4.96245337
3.11239,3111,647.0236,631.4671,5,4.96245337
3.11240,3112,647.0236,631.472656,5,5.02789259
3.11365,3113,647.0236,631.4774,5,5.180583
3.11548,3114,647.0236,631.482361,5,4.96245337
3.11550,3115,647.0236,631.4872,5,4.97335958
3.11676,3116,647.0236,631.4926,5,4.847935
3.11679,3117,647.0236,631.498,5,5.066065
3.11855,3118,647.0236,631.5024,5,5.07697153
3.12047,3119,647.0236,631.5073,5,4.995173
3.12050,3120,647.0236,631.5119,5,4.95154667
3.12164,3121,647.0236,631.5179,5,4.798856
3.12348,3122,647.0236,631.523,5,5.13150358
3.12350,3123,647.0236,631.5277,5,5.09878445
3.12473,3124,647.0236,631.5323,5,5.14241028
3.12478,3125,647.0236,631.5373,5,4.95154667
3.12655,3126,647.0236,631.5432,5,4.90246725
3.12840,3127,647.0236,631.5478,5,5.087878
3.12843,3128,647.0236,631.5527,5,5.006079
3.12964,3129,647.0236,631.5572,5,5.07697153
3.13153,3130,647.0236,631.5626,5,4.847935
3.13156,3131,647.0236,631.5681,5,4.98426628
3.13273,3132,647.0236,631.572754,5,5.038799
3.13274,3133,647.0236,631.5776,5,5.066065
3.13457,3134,647.0236,631.5825,5,5.016986
3.13642,3135,647.0236,631.587952,5,4.847935
3.13646,3136,647.0236,631.5928,5,5.02789259
3.13765,3137,647.0236,631.597656,5,4.95154667
3.13947,3138,647.0236,631.6027,5,5.09878445
3.13948,3139,647.0236,631.607666,5,5.016986
3.14074,3140,647.0236,631.6132,5,5.006079
3.14075,3141,647.0236,631.6178,5,5.109691
3.14256,3142,647.0236,631.6228,5,4.98426628
3.14439,3143,647.0236,631.627563,5,5.038799
3.14442,3144,647.0236,631.632935,5,4.858842
3.14563,3145,647.0236,631.6382,5,5.02789259
3.14746,3146,647.0236,631.6428,5,5.02789259
3.14748,3147,647.0236,631.6479,5,5.006079
3.14872,3148,647.0236,631.6525,5,5.016986
3.14874,3149,647.0236,631.658142,5,4.891561
3.15061,3150,647.0236,631.662964,5,5.087878
3.15241,3151,647.0236,631.667847,5,4.98426628
3.15246,3152,647.0236,631.673,5,5.087878
3.15365,3153,647.0236,631.677856,5,4.995173
3.15546,3154,647.0236,631.6876,5,5.02789259
3.15548,3155,647.0236,631.693,5,4.913374
3.15673,3156,647.0236,631.6981,5,5.07697153
3.15676,3157,647.0236,631.7032,5,4.95154667
3.15855,3158,647.0236,631.707947,5,5.07697153
3.16041,3159,647.0236,631.712463,5,4.96245337
3.16044,3160,647.0236,631.7184,5,4.92973375
3.16163,3161,647.0236,631.7234,5,5.07697153
3.16349,3162,647.0236,631.7284,5,5.02789259
3.16351,3163,647.0236,631.7324,5,5.087878
3.16492,3164,647.0236,631.7377,5,4.837029
3.16497,3165,647.0236,631.743469,5,4.95154667
3.16656,3166,647.0236,631.748352,5,4.98426628
3.16843,3167,647.0236,631.7532,5,5.09878445
3.16846,3168,647.0236,631.757446,5,5.12059736
3.16964,3169,647.0236,631.762939,5,4.82612228
3.17153,3170,647.0236,631.7681,5,4.94064
3.17158,3171,647.0236,631.773254,5,4.913374
3.17275,3172,647.0236,631.7783,5,5.12059736
3.17277,3173,647.0236,631.782959,5,5.02789259
3.17456,3174,647.0236,631.7884,5,4.90246725
3.17641,3175,647.0236,631.7929,5,4.98426628
3.17643,3176,647.0236,631.7984,5,4.913374
3.17763,3177,647.0236,631.8034,5,5.180583
3.17950,3178,647.0236,631.8081,5,4.98426628
3.17953,3179,647.0236,631.813,5,4.92973375
3.18072,3180,647.0236,631.8181,5,4.869748
3.18073,3181,647.0236,631.823853,5,4.92973375
3.18259,3182,647.0236,631.8282,5,5.109691
3.18444,3183,647.0236,631.833069,5,4.98426628
3.18446,3184,647.0236,631.8376,5,4.995173
3.18563,3185,647.0236,631.8432,5,4.76613665
3.18752,3186,647.0236,631.8489,5,5.006079
3.18757,3187,647.0236,631.8534,5,5.13150358
3.18873,3188,647.0236,631.858154,5,5.09878445
3.18874,3189,647.0236,631.8627,5,5.05515862
3.19059,3190,647.0236,631.8686,5,4.81521559
3.19240,3191,647.0236,631.8736,5,5.038799
3.19242,3192,647.0236,631.878235,5,4.98426628
3.19364,3193,647.0236,631.882935,5,5.087878
3.19550,3194,647.0236,631.887939,5,4.92973375
3.19554,3195,647.0236,631.8937,5,4.869748
3.19673,3196,647.0236,631.8983,5,5.07697153
3.19674,3197,647.0236,631.9032,5,4.995173
3.19863,3198,647.0236,631.9078,5,5.07697153
3.20041,3199,647.0236,631.913147,5,4.858842
3.20044,3200,647.0236,631.918457,5,4.95154667
3.20165,3201,647.0236,631.923035,5,4.97335958
3.20349,3202,647.0236,631.9282,5,5.006079
3.20350,3203,647.0236,631.93335,5,5.087878
3.20473,3204,647.0236,631.938965,5,4.94064
3.20474,3205,647.0236,631.9437,5,5.12059736
3.20659,3206,647.0236,631.948547,5,5.006079
3.20842,3207,647.0236,631.953735,5,5.006079
3.20844,3208,647.0236,631.958435,5,4.913374
3.20965,3209,647.0236,631.964,5,4.913374
3.21150,3210,647.0236,631.968567,5,5.07697153
3.21152,3211,647.0236,631.9736,5,4.995173
3.21273,3212,647.0236,631.978,5,5.066065
3.21274,3213,647.0236,631.983337,5,4.88065434
3.21478,3214,647.0236,631.988647,5,5.016986
3.21639,3215,647.0236,631.993164,5,5.006079
3.21641,3216,647.0236,631.9984,5,5.006079
3.21764,3217,647.0236,632.0032,5,5.087878
3.21948,3218,647.0236,632.0087,5,4.92973375
3.21950,3219,647.0236,632.013245,5,5.087878
3.22075,3220,647.0236,632.0182,5,4.92973375
3.22078,3221,647.0236,632.0236,5,5.02789259
3.22258,3222,647.0236,632.028564,5,5.038799
3.22442,3223,647.0236,632.0337,5,5.006079
3.22445,3224,647.0236,632.0381,5,5.07697153
3.22564,3225,647.0236,632.04364,5,4.891561
3.22750,3226,647.0236,632.049,5,5.09878445
3.22754,3227,647.0236,632.054,5,5.038799
3.22873,3228,647.0236,632.0584,5,5.12059736
3.22874,3229,647.0236,632.063049,5,4.96245337
3.23058,3230,647.0236,632.069031,5,4.869748
3.23240,3231,647.0236,632.074036,5,5.038799
3.23242,3232,647.0236,632.0791,5,5.016986
3.23364,3233,647.0236,632.0833,5,5.202396
3.23548,3234,647.0236,632.0885,5,4.913374
3.23549,3235,647.0236,632.094238,5,4.913374
3.23673,3236,647.0236,632.0992,5,4.94064
3.23674,3237,647.0236,632.1043,5,5.038799
3.23855,3238,647.0236,632.108643,5,5.12059736
3.24041,3239,647.0236,632.1141,5,4.88065434
3.24044,3240,647.0236,632.119,5,4.98426628
3.24167,3241,647.0236,632.1239,5,4.90246725
3.24350,3242,647.0236,632.1294,5,5.109691
3.24352,3243,647.0236,632.1339,5,5.087878
3.24473,3244,647.0236,632.138855,5,4.94064
3.24475,3245,647.0236,632.1437,5,4.92973375
3.24657,3246,647.0236,632.1495,5,4.847935
3.24847,3247,647.0236,632.1541,5,5.109691
3.24850,3248,647.0236,632.1588,5,4.995173
3.24965,3249,647.0236,632.1635,5,4.995173
3.25151,3250,647.0236,632.1685,5,4.837029
3.25154,3251,647.0236,632.1745,5,4.847935
3.25273,3252,647.0236,632.1791,5,5.14241028
3.25274,3253,647.0236,632.1839,5,5.05515862
3.25459,3254,647.0236,632.188354,5,5.09878445
3.25638,3255,647.0236,632.199341,5,4.94064
3.25640,3256,647.0236,632.203857,5,5.016986
3.25764,3257,647.0236,632.2086,5,5.016986
3.25950,3258,647.0236,632.2132,5,5.016986
3.25952,3259,647.0236,632.219,5,4.777043
3.26073,3260,647.0236,632.223938,5,4.97335958
3.26074,3261,647.0236,632.2287,5,4.97335958
3.26257,3262,647.0236,632.233337,5,5.038799
3.26440,3263,647.0236,632.2382,5,4.92973375
3.26441,3264,647.0236,632.2438,5,4.847935
3.26564,3265,647.0236,632.2485,5,4.995173
3.26751,3266,647.0236,632.2535,5,4.92973375
3.26754,3267,647.0236,632.258362,5,5.09878445
3.26872,3268,647.0236,632.2637,5,4.95154667
3.26873,3269,647.0236,632.2689,5,5.02789259
3.27056,3270,647.0236,632.273438,5,5.066065
3.27239,3271,647.0236,632.278442,5,4.96245337
3.27241,3272,647.0236,632.2832,5,5.006079
3.27363,3273,647.0236,632.288757,5,4.82612228
3.27550,3274,647.0236,632.2937,5,5.038799
3.27552,3275,647.0236,632.2984,5,4.995173
3.27673,3276,647.0236,632.303345,5,5.006079
3.27674,3277,647.0236,632.308167,5,4.96245337
3.27859,3278,647.0236,632.3138,5,4.869748
3.28044,3279,647.0236,632.318359,5,5.066065
3.28046,3280,647.0236,632.3234,5,4.95154667
3.28167,3281,647.0236,632.3283,5,5.07697153
3.28351,3282,647.0236,632.3335,5,4.95154667
3.28356,3283,647.0236,632.338562,5,4.97335958
3.28473,3284,647.0236,632.342957,5,4.98426628
3.28474,3285,647.0236,632.3484,5,4.88065434
3.28661,3286,647.0236,632.353333,5,5.02789259
3.28843,3287,647.0236,632.358459,5,4.913374
3.28847,3288,647.0236,632.363,5,5.038799
3.28963,3289,647.0236,632.3678,5,4.913374
3.29151,3290,647.0236,632.373535,5,4.90246725
3.29153,3291,647.0236,632.3785,5,5.05515862
3.29272,3292,647.0236,632.3836,5,5.006079
3.29273,3293,647.0236,632.387451,5,5.066065
3.29460,3294,647.0236,632.3928,5,4.798856
3.29639,3295,647.0236,632.398438,5,4.90246725
3.29643,3296,647.0236,632.4033,5,4.95154667
3.29764,3297,647.0236,632.4081,5,5.066065
3.29949,3298,647.0236,632.4123,5,5.087878
3.29952,3299,647.0236,632.417847,5,4.777043
3.30073,3300,647.0236,632.4232,5,4.90246725
