t,n,A,B,C,D
0.00102,0,182.156158,182.554886,-0.398727417,-0.03817272
0.00269,1,182.156158,182.55484,-0.398681641,-0.03817272
0.00462,2,182.156158,182.5548,-0.398635864,-0.03817272
0.00465,3,182.156158,182.5548,-0.398635864,-0.03817272
0.00577,4,182.156158,182.554764,-0.398605347,-0.03817272
0.00763,5,182.156158,182.554718,-0.39855957,-0.03817272
0.00766,6,182.156158,182.554718,-0.39855957,-0.0272662267
0.00884,7,182.156158,182.554688,-0.398529053,-0.0272662267
0.00885,8,182.156158,182.554688,-0.398529053,-0.0272662267
0.01073,9,182.156158,182.554611,-0.398452759,-0.03817272
0.01257,10,182.156158,182.55452,-0.3983612,-0.04907921
0.01260,11,182.156158,182.554367,-0.398208618,-0.07089219
0.01376,12,182.156158,182.554276,-0.398117065,-0.08179868
0.01559,13,182.156158,182.5542,-0.398040771,-0.09270517
0.01563,14,182.156158,182.5541,-0.39793396,-0.103611663
0.01684,15,182.156158,182.553925,-0.3977661,-0.103611663
0.01686,16,182.156158,182.5538,-0.397644043,-0.130877882
0.01868,17,182.156158,182.55365,-0.397491455,-0.141784385
0.02059,18,182.156158,182.5535,-0.397338867,-0.152690873
0.02061,19,182.156158,182.553284,-0.397125244,-0.174503848
0.02176,20,182.156158,182.553085,-0.39692688,-0.185410336
0.02360,21,182.156158,182.552841,-0.396682739,-0.196316838
0.02362,22,182.156158,182.552658,-0.396499634,-0.207223326
0.02483,23,182.156158,182.552414,-0.3962555,-0.218129814
0.02486,24,182.156158,182.5522,-0.39604187,-0.229036286
0.02671,25,182.156158,182.552,-0.3958435,-0.218129814
0.02859,26,182.156158,182.551849,-0.395690918,-0.218129814
0.02860,27,182.156158,182.551682,-0.395523071,-0.196316838
0.02975,28,182.156158,182.551575,-0.39541626,-0.185410336
0.03164,29,182.156158,182.5515,-0.395339966,-0.16359736
0.03167,30,182.156158,182.551437,-0.395278931,-0.130877882
0.03283,31,182.156158,182.5514,-0.3952484,-0.09270517
0.03285,32,182.156158,182.5514,-0.3952484,-0.0599856973
0.03479,33,182.156158,182.551437,-0.395278931,-0.0272662267
0.03660,34,182.156158,182.5515,-0.395339966,0
0.03665,35,182.156158,182.551529,-0.395370483,0.021812981
0.03774,36,182.156158,182.551575,-0.39541626,0.03271947
0.03961,37,182.156158,182.551651,-0.395492554,0.043625962
0.03964,38,182.156158,182.551682,-0.395523071,0.03271947
0.04083,39,182.156158,182.551727,-0.395568848,0.043625962
0.04084,40,182.156158,182.551727,-0.395568848,0.03271947
0.04268,41,182.156158,182.551727,-0.395568848,0.021812981
0.04459,42,182.156158,182.551819,-0.3956604,0.021812981
0.04463,43,182.156158,182.551819,-0.3956604,0.021812981
0.04579,44,182.156158,182.551819,-0.3956604,0.021812981
0.04763,45,182.156158,182.551849,-0.395690918,0.021812981
0.04768,46,182.156158,182.551773,-0.395614624,0.0109064905
0.04882,47,182.156158,182.551773,-0.395614624,-0.0163597353
0.04884,48,182.156158,182.551773,-0.395614624,-0.0163597353
0.05072,49,182.156158,182.551727,-0.395568848,-0.0272662267
0.05259,50,182.156158,182.551682,-0.395523071,-0.03817272
0.05261,51,182.156158,182.551651,-0.395492554,-0.03817272
0.05375,52,182.156158,182.5516,-0.395446777,-0.04907921
0.05561,53,182.156158,182.551575,-0.39541626,-0.04907921
0.05564,54,182.156158,182.551529,-0.395370483,-0.04907921
0.05683,55,182.156158,182.5515,-0.395339966,-0.03817272
0.05685,56,182.156158,182.5515,-0.395339966,-0.03817272
0.05872,57,182.156158,182.551437,-0.395278931,-0.03817272
0.06054,58,182.156158,182.551437,-0.395278931,-0.03817272
0.06056,59,182.156158,182.5514,-0.3952484,-0.0272662267
0.06203,60,182.156158,182.5514,-0.3952484,-0.0272662267
0.06362,61,182.156158,182.5514,-0.3952484,-0.0272662267
0.06365,62,182.156158,182.5514,-0.3952484,-0.0163597353
0.06484,63,182.156158,182.5514,-0.3952484,-0.0163597353
0.06487,64,182.156158,182.5514,-0.3952484,0
0.06672,65,182.156158,182.5514,-0.3952484,-0.0163597353
0.06854,66,182.156158,182.5514,-0.3952484,-0.0163597353
0.06857,67,182.156158,182.5514,-0.3952484,0
0.06975,68,182.156158,182.5514,-0.3952484,-0.0163597353
0.07159,69,182.156158,182.5514,-0.3952484,0
0.07161,70,182.156158,182.5514,-0.3952484,0
0.07283,71,182.156158,182.5514,-0.3952484,0
0.07285,72,182.156158,182.5514,-0.3952484,0
0.07470,73,182.156158,182.5514,-0.3952484,0
0.07654,74,182.156158,182.5514,-0.3952484,0
0.07655,75,182.156158,182.5514,-0.3952484,0
0.07777,76,182.156158,182.5514,-0.3952484,0
0.07962,77,182.156158,182.5514,-0.3952484,0
0.07969,78,182.156158,182.551361,-0.395202637,0
0.08089,79,182.156158,182.551361,-0.395202637,-0.0163597353
0.08092,80,182.156158,182.551331,-0.395172119,-0.0163597353
0.08274,81,182.156158,182.551331,-0.395172119,-0.0272662267
0.08451,82,182.156158,182.551331,-0.395172119,-0.0272662267
0.08455,83,182.156158,182.551285,-0.395126343,-0.0272662267
0.08575,84,182.156158,182.551254,-0.395095825,-0.0272662267
0.08757,85,182.156158,182.551208,-0.395050049,-0.0272662267
0.08760,86,182.156158,182.551163,-0.395004272,-0.04907921
0.08885,87,182.156158,182.551132,-0.394973755,-0.04907921
0.08889,88,182.156158,182.551086,-0.394927979,-0.04907921
0.09067,89,182.156158,182.551056,-0.394897461,-0.04907921
0.09259,90,182.156158,182.55101,-0.394851685,-0.03817272
0.09261,91,182.156158,182.55101,-0.394851685,-0.04907921
0.09375,92,182.156158,182.55098,-0.394821167,-0.03817272
0.09559,93,182.156158,182.550934,-0.3947754,-0.03817272
0.09564,94,182.156158,182.550888,-0.3947296,-0.03817272
0.09683,95,182.156158,182.550842,-0.394683838,-0.04907921
0.09685,96,182.156158,182.550812,-0.39465332,-0.04907921
0.09869,97,182.156158,182.550766,-0.394607544,-0.04907921
0.10054,98,182.156158,182.550735,-0.394577026,-0.04907921
0.10056,99,182.156158,182.55069,-0.39453125,-0.03817272
0.10175,100,182.156158,182.5506,-0.3944397,-0.04907921
0.10357,101,182.156158,182.550568,-0.39440918,-0.0599856973
0.10360,102,182.156158,182.550491,-0.3943329,-0.0599856973
0.10484,103,182.156158,182.550415,-0.3942566,-0.08179868
0.10485,104,182.156158,182.550323,-0.394165039,-0.08179868
0.10670,105,182.156158,182.550217,-0.394058228,-0.08179868
0.10856,106,182.156158,182.549973,-0.3938141,-0.103611663
0.10860,107,182.156158,182.54985,-0.393692017,-0.114518143
0.10978,108,182.156158,182.549683,-0.39352417,-0.141784385
0.11185,109,182.156158,182.54953,-0.393371582,-0.152690873
0.11190,110,182.156158,182.549332,-0.393173218,-0.16359736
0.11288,111,182.156158,182.549133,-0.392974854,-0.185410336
0.11291,112,182.156158,182.54892,-0.39276123,-0.196316838
0.11470,113,182.156158,182.548737,-0.392578125,-0.196316838
0.11647,114,182.156158,182.548538,-0.392379761,-0.196316838
0.11649,115,182.156158,182.548386,-0.392227173,-0.196316838
0.11777,116,182.156158,182.548172,-0.39201355,-0.196316838
0.11957,117,182.156158,182.548,-0.3918457,-0.196316838
0.11960,118,182.156158,182.5479,-0.3917389,-0.185410336
0.12085,119,182.156158,182.547775,-0.391616821,-0.16359736
0.12087,120,182.156158,182.5477,-0.391540527,-0.141784385
0.12270,121,182.156158,182.547653,-0.391494751,-0.130877882
0.12461,122,182.156158,182.547623,-0.391464233,-0.08179868
0.12464,123,182.156158,182.547623,-0.391464233,-0.0599856973
0.12577,124,182.156158,182.547623,-0.391464233,-0.03817272
0.12759,125,182.156158,182.547653,-0.391494751,-0.0163597353
0.12761,126,182.156158,182.547653,-0.391494751,-0.0163597353
0.12886,127,182.156158,182.547653,-0.391494751,0
0.12889,128,182.156158,182.5477,-0.391540527,0.0109064905
0.13069,129,182.156158,182.547729,-0.391571045,0.0109064905
0.13251,130,182.156158,182.547729,-0.391571045,0.0109064905
0.13256,131,182.156158,182.547729,-0.391571045,0.0109064905
0.13374,132,182.156158,182.547775,-0.391616821,0.0109064905
0.13559,133,182.156158,182.547775,-0.391616821,0
0.13560,134,182.156158,182.547775,-0.391616821,0
0.13684,135,182.156158,182.547775,-0.391616821,0
0.13686,136,182.156158,182.547775,-0.391616821,0
0.13867,137,182.156158,182.547729,-0.391571045,0
0.14060,138,182.156158,182.547729,-0.391571045,-0.0163597353
0.14062,139,182.156158,182.5477,-0.391540527,-0.0272662267
0.14180,140,182.156158,182.547623,-0.391464233,-0.0272662267
0.14358,141,182.156158,182.547623,-0.391464233,-0.04907921
0.14360,142,182.156158,182.547577,-0.391418457,-0.03817272
0.14483,143,182.156158,182.547546,-0.391387939,-0.03817272
0.14485,144,182.156158,182.547485,-0.3913269,-0.04907921
0.14667,145,182.156158,182.547409,-0.3912506,-0.04907921
0.14850,146,182.156158,182.547379,-0.3912201,-0.0599856973
0.14851,147,182.156158,182.5473,-0.3911438,-0.0599856973
0.14975,148,182.156158,182.547256,-0.391098022,-0.0599856973
0.15157,149,182.156158,182.547165,-0.39100647,-0.0599856973
0.15158,150,182.156158,182.547089,-0.390930176,-0.07089219
0.15283,151,182.156158,182.547012,-0.390853882,-0.08179868
0.15286,152,182.156158,182.546936,-0.3907776,-0.08179868
0.15467,153,182.156158,182.54686,-0.3907013,-0.08179868
0.15650,154,182.156158,182.546783,-0.390625,-0.09270517
0.15654,155,182.156158,182.546646,-0.390487671,-0.08179868
0.15776,156,182.156158,182.546616,-0.390457153,-0.09270517
0.15957,157,182.156158,182.546463,-0.390304565,-0.09270517
0.15960,158,182.156158,182.546326,-0.390167236,-0.103611663
0.16083,159,182.156158,182.546219,-0.390060425,-0.114518143
0.16085,160,182.156158,182.546021,-0.389862061,-0.141784385
0.16270,161,182.156158,182.5458,-0.389648438,-0.16359736
0.16449,162,182.156158,182.545624,-0.389465332,-0.174503848
0.16452,163,182.156158,182.54538,-0.3892212,-0.196316838
0.16577,164,182.156158,182.545135,-0.388977051,-0.218129814
0.16758,165,182.156158,182.544861,-0.3887024,-0.239942789
0.16759,166,182.156158,182.54454,-0.388381958,-0.2781155
0.16889,167,182.156158,182.54422,-0.388061523,-0.2999285
0.16895,168,182.156158,182.5439,-0.3877411,-0.310834974
0.17066,169,182.156158,182.5436,-0.3874359,-0.3217415
0.17248,170,182.156158,182.543259,-0.38710022,-0.3217415
0.17249,171,182.156158,182.542938,-0.3867798,-0.3217415
0.17377,172,182.156158,182.5427,-0.386535645,-0.310834974
0.17557,173,182.156158,182.542419,-0.386261,-0.310834974
0.17559,174,182.156158,182.542145,-0.385986328,-0.289022
0.17687,175,182.156158,182.541916,-0.385757446,-0.2781155
0.17690,176,182.156158,182.541672,-0.3855133,-0.2781155
0.17892,177,182.156158,182.541382,-0.3852234,-0.267209023
0.18052,178,182.156158,182.5411,-0.38494873,-0.267209023
0.18055,179,182.156158,182.540833,-0.384674072,-0.267209023
0.18175,180,182.156158,182.540543,-0.384384155,-0.2781155
0.18358,181,182.156158,182.540268,-0.3841095,-0.289022
0.18360,182,182.156158,182.54,-0.383834839,-0.289022
0.18484,183,182.156158,182.5397,-0.383544922,-0.289022
0.18486,184,182.156158,182.539474,-0.38331604,-0.289022
0.18667,185,182.156158,182.5393,-0.3831482,-0.2781155
0.18850,186,182.156158,182.539185,-0.383026123,-0.229036286
0.18852,187,182.156158,182.539078,-0.3829193,-0.207223326
0.18974,188,182.156158,182.53894,-0.382781982,-0.16359736
0.19158,189,182.156158,182.538864,-0.3827057,-0.130877882
0.19160,190,182.156158,182.538788,-0.3826294,-0.103611663
0.19287,191,182.156158,182.538712,-0.3825531,-0.09270517
0.19290,192,182.156158,182.538666,-0.382507324,-0.09270517
0.19466,193,182.156158,182.538589,-0.38243103,-0.09270517
0.19650,194,182.156158,182.538467,-0.38230896,-0.09270517
0.19654,195,182.156158,182.538391,-0.382232666,-0.09270517
0.19776,196,182.156158,182.538269,-0.3821106,-0.09270517
0.19956,197,182.156158,182.538147,-0.381988525,-0.103611663
0.19957,198,182.156158,182.538,-0.381835938,-0.114518143
0.20084,199,182.156158,182.537827,-0.3816681,-0.130877882
0.20086,200,182.156158,182.537582,-0.38142395,-0.16359736
0.20267,201,182.156158,182.537338,-0.3811798,-0.185410336
0.20449,202,182.156158,182.537109,-0.380950928,-0.218129814
0.20451,203,182.156158,182.536835,-0.38067627,-0.239942789
0.20574,204,182.156158,182.5365,-0.380340576,-0.267209023
0.20758,205,182.156158,182.5362,-0.3800354,-0.289022
0.20760,206,182.156158,182.5359,-0.379745483,-0.2999285
0.20886,207,182.156158,182.535553,-0.379394531,-0.310834974
0.20889,208,182.156158,182.534744,-0.378585815,-0.354460955
0.21067,209,182.156158,182.534317,-0.378158569,-0.392633677
0.21260,210,182.156158,182.533829,-0.3776703,-0.414446652
0.21264,211,182.156158,182.53331,-0.3771515,-0.447166115
0.21375,212,182.156158,182.532791,-0.3766327,-0.479885578
0.21561,213,182.156158,182.532272,-0.3761139,-0.507151842
0.21563,214,182.156158,182.531845,-0.375686646,-0.5180583
0.21685,215,182.156158,182.531387,-0.375228882,-0.507151842
0.21690,216,182.156158,182.531,-0.3748474,-0.479885578
0.21866,217,182.156158,182.53064,-0.3744812,-0.447166115
0.22050,218,182.156158,182.530441,-0.374282837,-0.392633677
0.22052,219,182.156158,182.5302,-0.3740387,-0.343554467
0.22174,220,182.156158,182.529953,-0.373794556,-0.2999285
0.22359,221,182.156158,182.52977,-0.37361145,-0.256302536
0.22361,222,182.156158,182.5296,-0.3734436,-0.229036286
0.22485,223,182.156158,182.529434,-0.373275757,-0.207223326
0.22486,224,182.156158,182.529282,-0.373123169,-0.185410336
0.22669,225,182.156158,182.52916,-0.3730011,-0.174503848
0.22868,226,182.156158,182.529037,-0.372879028,-0.152690873
0.22874,227,182.156158,182.528931,-0.372772217,-0.130877882
0.22975,228,182.156158,182.528885,-0.37272644,-0.114518143
0.23162,229,182.156158,182.528839,-0.372680664,-0.103611663
0.23165,230,182.156158,182.528809,-0.372650146,-0.09270517
0.23285,231,182.156158,182.528763,-0.37260437,-0.07089219
0.23287,232,182.156158,182.528763,-0.37260437,-0.04907921
0.23468,233,182.156158,182.528763,-0.37260437,-0.03817272
0.23651,234,182.156158,182.528763,-0.37260437,-0.0272662267
0.23654,235,182.156158,182.528839,-0.372680664,-0.0163597353
0.23779,236,182.156158,182.528809,-0.372650146,0
0.23961,237,182.156158,182.528809,-0.372650146,0.0109064905
0.23963,238,182.156158,182.528809,-0.372650146,0.0109064905
0.24083,239,182.156158,182.528809,-0.372650146,0
0.24084,240,182.156158,182.528809,-0.372650146,-0.0163597353
0.24269,241,182.156158,182.528763,-0.37260437,-0.0163597353
0.24451,242,182.156158,182.528732,-0.372573853,-0.0272662267
0.24453,243,182.156158,182.528732,-0.372573853,-0.0272662267
0.24575,244,182.156158,182.5286,-0.372436523,-0.0272662267
0.24759,245,182.156158,182.528564,-0.372406,-0.04907921
0.24761,246,182.156158,182.528488,-0.3723297,-0.0599856973
0.24884,247,182.156158,182.528412,-0.372253418,-0.07089219
0.24885,248,182.156158,182.52832,-0.372161865,-0.09270517
0.25067,249,182.156158,182.528244,-0.372085571,-0.08179868
0.25250,250,182.156158,182.528168,-0.372009277,-0.09270517
0.25254,251,182.156158,182.528091,-0.371932983,-0.09270517
0.25375,252,182.156158,182.528,-0.371841431,-0.08179868
0.25560,253,182.156158,182.527924,-0.371765137,-0.09270517
0.25562,254,182.156158,182.527847,-0.371688843,-0.08179868
0.25683,255,182.156158,182.527756,-0.3715973,-0.08179868
0.25685,256,182.156158,182.527679,-0.371521,-0.08179868
0.25869,257,182.156158,182.5276,-0.3714447,-0.08179868
0.26050,258,182.156158,182.527527,-0.3713684,-0.09270517
0.26053,259,182.156158,182.527435,-0.371276855,-0.09270517
0.26198,260,182.156158,182.527328,-0.371170044,-0.09270517
0.26373,261,182.156158,182.5272,-0.371047974,-0.103611663
0.26381,262,182.156158,182.527054,-0.3708954,-0.114518143
0.26484,263,182.156158,182.52684,-0.370681763,-0.141784385
0.26486,264,182.156158,182.526688,-0.370529175,-0.152690873
0.26666,265,182.156158,182.526489,-0.3703308,-0.174503848
0.26852,266,182.156158,182.526215,-0.370056152,-0.196316838
0.26855,267,182.156158,182.525925,-0.369766235,-0.218129814
0.26975,268,182.156158,182.525574,-0.369415283,-0.267209023
0.27160,269,182.156158,182.525253,-0.369094849,-0.289022
0.27162,270,182.156158,182.524887,-0.368728638,-0.3217415
0.27283,271,182.156158,182.524536,-0.3683777,-0.332647949
0.27284,272,182.156158,182.52417,-0.368011475,-0.354460955
0.27466,273,182.156158,182.5238,-0.367645264,-0.365367442
0.27651,274,182.156158,182.5234,-0.367248535,-0.3817272
0.27654,275,182.156158,182.523056,-0.366897583,-0.392633677
0.27774,276,182.156158,182.52269,-0.366531372,-0.365367442
0.27958,277,182.156158,182.522369,-0.366210938,-0.365367442
0.27960,278,182.156158,182.522018,-0.36586,-0.354460955
0.28084,279,182.156158,182.521561,-0.365402222,-0.354460955
0.28085,280,182.156158,182.52121,-0.36505127,-0.3817272
0.28266,281,182.156158,182.520782,-0.364624023,-0.392633677
0.28453,282,182.156158,182.520416,-0.3642578,-0.403540134
0.28455,283,182.156158,182.52005,-0.3638916,-0.403540134
0.28575,284,182.156158,182.51973,-0.363571167,-0.392633677
0.28761,285,182.156158,182.5195,-0.3633423,-0.365367442
0.28763,286,182.156158,182.519348,-0.3631897,-0.310834974
0.28883,287,182.156158,182.51918,-0.363021851,-0.267209023
0.28885,288,182.156158,182.5191,-0.362945557,-0.207223326
0.29066,289,182.156158,182.518967,-0.362808228,-0.16359736
0.29251,290,182.156158,182.518936,-0.3627777,-0.130877882
0.29254,291,182.156158,182.51889,-0.362731934,-0.09270517
0.29376,292,182.156158,182.51889,-0.362731934,-0.07089219
0.29563,293,182.156158,182.51886,-0.362701416,-0.0599856973
0.29569,294,182.156158,182.518814,-0.36265564,-0.04907921
0.29684,295,182.156158,182.518814,-0.36265564,-0.04907921
0.29686,296,182.156158,182.518738,-0.362579346,-0.03817272
0.29868,297,182.156158,182.518738,-0.362579346,-0.04907921
0.30051,298,182.156158,182.518661,-0.362503052,-0.04907921
0.30065,299,182.156158,182.518585,-0.362426758,-0.04907921
0.30174,300,182.156158,182.518539,-0.362380981,-0.0599856973
0.30359,301,212.156158,182.518417,5,-0.07089219
0.30361,302,212.156158,182.5183,5,-0.08179868
0.30483,303,212.156158,182.518219,5,-0.103611663
0.30484,304,212.156158,182.5197,5,0.06543894
0.30667,305,212.156158,182.521622,5,0.387180418
0.30854,306,212.156158,182.52446,5,0.943411469
0.30857,307,212.156158,182.527924,5,1.67414618
0.30976,308,212.156158,182.532043,5,2.44850731
0.31165,309,212.156158,182.532043,5,2.44850731
0.31168,310,212.156158,182.540863,5,3.844538
0.31284,311,212.156158,182.5459,5,4.160826
0.31286,312,212.156158,182.5514,5,4.575273
0.31475,313,212.156158,182.556885,5,4.858842
0.31654,314,212.156158,182.562637,5,5.13150358
0.31658,315,212.156158,182.567383,5,5.44233847
0.31775,316,212.156158,182.572708,5,5.33872747
0.31959,317,212.156158,182.577728,5,5.306008
0.31963,318,212.156158,182.583755,5,5.180583
0.32086,319,212.156158,182.5886,5,5.306008
0.32091,320,212.156158,182.5933,5,5.246022
0.32267,321,212.156158,182.5981,5,5.13150358
0.32456,322,212.156158,182.603287,5,5.038799
0.32460,323,212.156158,182.609329,5,4.913374
0.32575,324,212.156158,182.613953,5,5.21330261
0.32760,325,212.156158,182.618912,5,5.164223
0.32764,326,212.156158,182.623535,5,5.202396
0.32889,327,212.156158,182.629456,5,4.995173
0.32892,328,212.156158,182.634842,5,5.07697153
0.33068,329,212.156158,182.6396,5,5.191489
0.33252,330,212.156158,182.644547,5,5.191489
0.33254,331,212.156158,182.64975,5,5.23511553
0.33375,332,212.156158,182.655731,5,5.066065
0.33562,333,212.156158,182.66066,5,5.25692844
0.33567,334,212.156158,182.665771,5,5.246022
0.33685,335,212.156158,182.670563,5,5.289648
0.33687,336,212.156158,182.6763,5,5.14241028
0.33869,337,212.156158,182.681458,5,5.164223
0.34050,338,212.156158,182.686417,5,5.164223
0.34051,339,212.156158,182.691635,5,5.191489
0.34176,340,212.156158,182.69664,5,5.23511553
0.34360,341,212.156158,182.702271,5,5.07697153
0.34363,342,212.156158,182.706772,5,5.21330261
0.34483,343,212.156158,182.711853,5,5.05515862
0.34484,344,212.156158,182.716568,5,5.066065
0.34669,345,212.156158,182.721924,5,4.92973375
0.34854,346,212.156158,182.727142,5,4.95154667
0.34859,347,212.156158,182.73175,5,5.05515862
0.34974,348,212.156158,182.736771,5,4.96245337
0.35157,349,212.156158,182.741409,5,5.02789259
0.35160,350,212.156158,182.74736,5,4.847935
0.35285,351,212.156158,182.751831,5,5.006079
0.35286,352,212.156158,182.7567,5,4.97335958
0.35465,353,212.156158,182.761856,5,5.016986
0.35654,354,212.156158,182.767212,5,5.07697153
0.35656,355,212.156158,182.772552,5,4.97335958
0.35775,356,212.156158,182.776962,5,5.109691
0.35961,357,212.156158,182.782837,5,4.96245337
0.35964,358,212.156158,182.787582,5,5.09878445
0.36082,359,212.156158,182.793121,5,5.066065
0.36083,360,212.156158,182.797714,5,5.07697153
0.36269,361,212.156158,182.802719,5,5.09878445
0.36453,362,212.156158,182.808548,5,4.97335958
0.36456,363,212.156158,182.813629,5,5.164223
0.36575,364,212.156158,182.818451,5,5.12059736
0.36763,365,212.156158,182.8224,5,5.180583
0.36766,366,212.156158,182.828156,5,4.98426628
0.36883,367,212.156158,182.83371,5,5.006079
0.36884,368,212.156158,182.838669,5,5.07697153
0.37073,369,212.156158,182.843338,5,5.13150358
0.37252,370,212.156158,182.847855,5,5.202396
0.37254,371,212.156158,182.853638,5,4.891561
0.37375,372,212.156158,182.858627,5,4.98426628
0.37560,373,212.156158,182.8639,5,4.97335958
0.37563,374,212.156158,182.868423,5,5.164223
0.37687,375,212.156158,182.873459,5,5.09878445
0.37690,376,212.156158,182.878769,5,4.96245337
0.37890,377,212.156158,182.8838,5,5.016986
0.38053,378,212.156158,182.889313,5,4.97335958
0.38056,379,212.156158,182.893784,5,5.224209
0.38175,380,212.156158,182.898773,5,5.038799
0.38363,381,212.156158,182.903641,5,4.995173
0.38366,382,212.156158,182.909286,5,4.92973375
0.38483,383,212.156158,182.9145,5,5.016986
0.38484,384,212.156158,182.918976,5,5.164223
0.38666,385,212.156158,182.9239,5,5.038799
0.38851,386,212.156158,182.92865,5,5.038799
0.38854,387,212.156158,182.9348,5,4.82612228
0.38975,388,212.156158,182.939713,5,5.09878445
0.39163,389,212.156158,182.9445,5,5.153317
0.39166,390,212.156158,182.9491,5,5.164223
0.39285,391,212.156158,182.9544,5,5.066065
0.39289,392,212.156158,182.96019,5,4.90246725
0.39467,393,212.156158,182.964767,5,5.13150358
0.39652,394,212.156158,182.969711,5,5.05515862
0.39654,395,212.156158,182.97435,5,5.153317
0.39777,396,212.156158,182.980057,5,4.94064
0.39960,397,212.156158,182.985245,5,4.98426628
0.39963,398,212.156158,182.98999,5,5.109691
0.40084,399,212.156158,182.994827,5,5.07697153
0.40085,400,212.156158,182.99971,5,5.09878445
0.40270,401,212.156158,183.005463,5,4.891561
0.40453,402,212.156158,183.010117,5,5.066065
0.40456,403,212.156158,183.01532,5,5.016986
0.40575,404,212.156158,183.020233,5,5.14241028
0.40763,405,212.156158,183.030853,5,5.05515862
0.40765,406,212.156158,183.035538,5,5.164223
0.40886,407,212.156158,183.040649,5,5.02789259
0.40888,408,212.156158,183.045441,5,5.09878445
0.41069,409,212.156158,183.0512,5,4.92973375
0.41250,410,212.156158,183.055984,5,5.09878445
0.41252,411,212.156158,183.060944,5,5.087878
0.41376,412,212.156158,183.065811,5,5.07697153
0.41560,413,212.156158,183.070953,5,5.066065
0.41563,414,212.156158,183.0765,5,4.95154667
0.41693,415,212.156158,183.081146,5,5.12059736
0.41698,416,212.156158,183.086411,5,5.038799
0.41869,417,212.156158,183.0913,5,5.153317
0.42049,418,212.156158,183.09671,5,5.05515862
0.42051,419,212.156158,183.1015,5,5.066065
0.42174,420,212.156158,183.106308,5,5.05515862
0.42360,421,212.156158,183.11174,5,4.98426628
0.42362,422,212.156158,183.11673,5,5.109691
0.42482,423,212.156158,183.121964,5,4.98426628
0.42484,424,212.156158,183.126312,5,5.12059736
0.42667,425,212.156158,183.13179,5,4.97335958
0.42874,426,212.156158,183.137665,5,5.02789259
0.42880,427,212.156158,183.142685,5,5.13150358
0.42975,428,212.156158,183.147125,5,5.109691
0.43159,429,212.156158,183.151764,5,5.09878445
0.43162,430,212.156158,183.157822,5,4.88065434
0.43284,431,212.156158,183.162827,5,5.038799
0.43286,432,212.156158,183.167938,5,5.02789259
0.43472,433,212.156158,183.172211,5,5.21330261
0.43652,434,212.156158,183.177353,5,5.087878
0.43654,435,212.156158,183.182877,5,4.88065434
0.43775,436,212.156158,183.187866,5,5.006079
0.43963,437,212.156158,183.193054,5,4.98426628
0.43966,438,212.156158,183.197769,5,4.995173
0.44085,439,212.156158,183.202881,5,4.995173
0.44087,440,212.156158,183.207916,5,4.995173
0.44267,441,212.156158,183.213272,5,4.995173
0.44453,442,212.156158,183.218384,5,5.066065
0.44455,443,212.156158,183.222977,5,5.21330261
0.44575,444,212.156158,183.228043,5,5.006079
0.44762,445,212.156158,183.232956,5,5.016986
0.44765,446,212.156158,183.238861,5,4.90246725
0.44885,447,212.156158,183.2435,5,5.13150358
0.44888,448,212.156158,183.248291,5,5.109691
0.45068,449,212.156158,183.25296,5,5.066065
0.45253,450,212.156158,183.258362,5,4.98426628
0.45256,451,212.156158,183.264313,5,4.88065434
0.45377,452,212.156158,183.26915,5,5.12059736
0.45557,453,212.156158,183.274063,5,5.191489
0.45559,454,212.156158,183.27832,5,5.191489
0.45683,455,212.156158,183.284592,5,4.98426628
0.45684,456,212.156158,183.289627,5,5.109691
0.45869,457,212.156158,183.294708,5,5.07697153
0.46049,458,212.156158,183.299347,5,5.09878445
0.46052,459,212.156158,183.304459,5,4.869748
0.46194,460,212.156158,183.3102,5,5.05515862
0.46361,461,212.156158,183.31488,5,5.038799
0.46363,462,212.156158,183.31987,5,5.12059736
0.46486,463,212.156158,183.323822,5,5.12059736
0.46489,464,212.156158,183.329254,5,4.995173
0.46671,465,212.156158,183.33461,5,4.92973375
0.46853,466,212.156158,183.339233,5,5.066065
0.46856,467,212.156158,183.344513,5,4.995173
0.46975,468,212.156158,183.3493,5,5.164223
0.47162,469,212.156158,183.355011,5,4.995173
0.47164,470,212.156158,183.359772,5,5.109691
0.47283,471,212.156158,183.364639,5,5.109691
0.47284,472,212.156158,183.369675,5,5.02789259
0.47469,473,212.156158,183.374817,5,5.07697153
0.47651,474,212.156158,183.380463,5,4.96245337
0.47653,475,212.156158,183.385178,5,5.180583
0.47774,476,212.156158,183.39032,5,5.12059736
0.47959,477,212.156158,183.395111,5,5.164223
0.47962,478,212.156158,183.400742,5,5.05515862
0.48085,479,212.156158,183.405777,5,5.07697153
0.48088,480,212.156158,183.41069,5,5.13150358
0.48271,481,212.156158,183.41597,5,5.087878
0.48458,482,212.156158,183.420929,5,5.202396
0.48462,483,212.156158,183.426422,5,5.02789259
0.48574,484,212.156158,183.430832,5,5.153317
0.48762,485,212.156158,183.4363,5,5.016986
0.48764,486,212.156158,183.441452,5,5.09878445
0.48883,487,212.156158,183.44664,5,5.109691
0.48884,488,212.156158,183.4514,5,5.12059736
0.49066,489,212.156158,183.456436,5,4.94064
0.49254,490,212.156158,183.462341,5,5.14241028
0.49259,491,212.156158,183.467361,5,5.09878445
0.49374,492,212.156158,183.472321,5,5.153317
0.49559,493,212.156158,183.476486,5,4.995173
0.49563,494,212.156158,183.482071,5,4.913374
0.49685,495,212.156158,183.487656,5,5.066065
0.49686,496,212.156158,183.492615,5,5.07697153
0.49872,497,212.156158,183.497375,5,5.224209
0.50055,498,212.156158,183.502121,5,4.92973375
0.50058,499,212.156158,183.5075,5,4.95154667
0.50176,500,212.156158,183.512543,5,4.96245337
0.50361,501,212.156158,183.517776,5,5.087878
0.50364,502,212.156158,183.522369,5,5.14241028
0.50484,503,212.156158,183.527252,5,4.92973375
0.50486,504,212.156158,183.532913,5,5.006079
0.50671,505,212.156158,183.537537,5,4.94064
0.50854,506,212.156158,183.543137,5,5.180583
0.50857,507,212.156158,183.5476,5,5.087878
0.50974,508,212.156158,183.5574,5,4.95154667
0.51158,509,212.156158,183.563187,5,4.913374
0.51160,510,212.156158,183.568573,5,5.164223
0.51289,511,212.156158,183.572983,5,5.02789259
0.51292,512,212.156158,183.577927,5,5.05515862
0.51472,513,212.156158,183.582565,5,4.847935
0.51654,514,212.156158,183.588623,5,4.97335958
0.51658,515,212.156158,183.5937,5,5.180583
0.51776,516,212.156158,183.59845,5,5.12059736
0.51963,517,212.156158,183.603043,5,5.12059736
0.51966,518,212.156158,183.6082,5,4.88065434
0.52083,519,212.156158,183.614059,5,5.07697153
0.52085,520,212.156158,183.618637,5,5.038799
0.52270,521,212.156158,183.623581,5,5.109691
0.52452,522,212.156158,183.628128,5,4.995173
0.52454,523,212.156158,183.633759,5,4.891561
0.52574,524,212.156158,183.639114,5,5.109691
0.52760,525,212.156158,183.6438,5,5.038799
0.52764,526,212.156158,183.648666,5,5.12059736
0.52884,527,212.156158,183.653778,5,4.92973375
0.52886,528,212.156158,183.659164,5,4.995173
0.53071,529,212.156158,183.66391,5,5.02789259
0.53255,530,212.156158,183.668991,5,5.066065
0.53258,531,212.156158,183.674026,5,5.14241028
0.53377,532,212.156158,183.679214,5,4.995173
0.53562,533,212.156158,183.684647,5,5.164223
0.53565,534,212.156158,183.689209,5,5.05515862
0.53684,535,212.156158,183.694321,5,5.066065
0.53685,536,212.156158,183.699112,5,4.97335958
0.53872,537,212.156158,183.7047,5,4.98426628
0.54048,538,212.156158,183.709686,5,5.12059736
0.54050,539,212.156158,183.714523,5,5.038799
0.54177,540,212.156158,183.719513,5,5.09878445
0.54360,541,212.156158,183.724426,5,4.92973375
0.54362,542,212.156158,183.730072,5,5.07697153
0.54488,543,212.156158,183.7347,5,5.038799
0.54491,544,212.156158,183.7399,5,5.066065
0.54668,545,212.156158,183.744843,5,5.109691
0.54850,546,212.156158,183.750153,5,5.006079
0.54852,547,212.156158,183.755142,5,5.12059736
0.54976,548,212.156158,183.759735,5,4.95154667
0.55159,549,212.156158,183.765289,5,5.09878445
0.55161,550,212.156158,183.770279,5,5.02789259
0.55283,551,212.156158,183.775482,5,5.066065
0.55285,552,212.156158,183.7799,5,5.066065
0.55469,553,212.156158,183.785492,5,4.94064
0.55648,554,212.156158,183.791122,5,5.13150358
0.55652,555,212.156158,183.796158,5,5.087878
0.55775,556,212.156158,183.8008,5,5.14241028
0.55966,557,212.156158,183.805511,5,4.94064
0.55971,558,212.156158,183.811142,5,4.96245337
0.56084,559,212.156158,183.816376,5,5.05515862
0.56086,560,212.156158,183.8214,5,5.109691
0.56270,561,212.156158,183.825836,5,5.191489
0.56450,562,212.156158,183.8307,5,4.891561
0.56451,563,212.156158,183.8364,5,4.97335958
0.56575,564,212.156158,183.841019,5,4.97335958
0.56760,565,212.156158,183.846329,5,5.153317
0.56764,566,212.156158,183.850769,5,5.109691
0.56882,567,212.156158,183.855988,5,4.97335958
0.56884,568,212.156158,183.861237,5,5.038799
0.57073,569,212.156158,183.866455,5,5.016986
0.57249,570,212.156158,183.871887,5,5.267835
0.57252,571,212.156158,183.87645,5,5.109691
0.57374,572,212.156158,183.881592,5,5.07697153
0.57558,573,212.156158,183.886475,5,4.995173
0.57561,574,212.156158,183.89238,5,5.09878445
0.57685,575,212.156158,183.8973,5,5.21330261
0.57687,576,212.156158,183.902039,5,5.109691
0.57882,577,212.156158,183.907074,5,5.087878
0.58051,578,212.156158,183.912033,5,4.891561
0.58054,579,212.156158,183.9181,5,5.180583
0.58179,580,212.156158,183.922745,5,5.164223
0.58361,581,212.156158,183.927689,5,5.202396
0.58365,582,212.156158,183.932236,5,5.066065
0.58483,583,212.156158,183.937988,5,4.95154667
0.58486,584,212.156158,183.943344,5,5.153317
0.58670,585,212.156158,183.947983,5,5.066065
0.58850,586,212.156158,183.9528,5,5.14241028
0.58852,587,212.156158,183.957642,5,4.913374
0.58976,588,212.156158,183.963516,5,5.016986
0.59157,589,212.156158,183.968338,5,5.087878
0.59158,590,212.156158,183.973221,5,5.087878
0.59285,591,212.156158,183.97789,5,5.066065
0.59287,592,212.156158,183.98317,5,4.891561
0.59475,593,212.156158,183.988632,5,5.05515862
0.59650,594,212.156158,183.993271,5,4.995173
0.59651,595,212.156158,183.9985,5,5.14241028
0.59776,596,212.156158,184.003326,5,5.038799
0.59958,597,212.156158,184.008926,5,5.066065
0.59960,598,212.156158,184.013748,5,5.13150358
0.60083,599,212.156158,184.018555,5,4.995173
0.60085,600,212.156158,184.023544,5,5.05515862
0.60266,601,212.156158,184.0285,5,4.88065434
0.60453,602,212.156158,184.034134,5,5.07697153
0.60457,603,212.156158,184.038757,5,5.05515862
0.60577,604,212.156158,184.048553,5,5.016986
0.60758,605,212.156158,184.053986,5,4.94064
0.60759,606,212.156158,184.05925,5,5.109691
0.60883,607,212.156158,184.063889,5,5.006079
0.60885,608,212.156158,184.069168,5,5.14241028
0.61067,609,212.156158,184.074036,5,5.016986
0.61250,610,212.156158,184.079544,5,5.066065
0.61251,611,212.156158,184.08429,5,5.038799
0.61379,612,212.156158,184.089127,5,4.97335958
0.61559,613,212.156158,184.0948,5,5.09878445
0.61560,614,212.156158,184.099472,5,4.97335958
0.61683,615,212.156158,184.104584,5,5.12059736
0.61684,616,212.156158,184.109253,5,4.96245337
0.61871,617,212.156158,184.1151,5,5.02789259
0.62051,618,212.156158,184.120285,5,5.12059736
0.62052,619,212.156158,184.125351,5,5.09878445
0.62179,620,212.156158,184.129547,5,5.09878445
0.62358,621,212.156158,184.134583,5,4.869748
0.62359,622,212.156158,184.1405,5,5.038799
0.62484,623,212.156158,184.145477,5,5.02789259
0.62485,624,212.156158,184.150482,5,5.202396
0.62670,625,212.156158,184.154709,5,5.07697153
0.62860,626,212.156158,184.160553,5,4.891561
0.62864,627,212.156158,184.165451,5,4.995173
0.62976,628,212.156158,184.170609,5,4.995173
0.63158,629,212.156158,184.175522,5,5.202396
0.63160,630,212.156158,184.180038,5,4.98426628
0.63283,631,212.156158,184.1856,5,5.006079
0.63285,632,212.156158,184.19046,5,4.97335958
0.63467,633,212.156158,184.195969,5,5.066065
0.63651,634,212.156158,184.20076,5,5.191489
0.63654,635,212.156158,184.205475,5,4.97335958
0.63777,636,212.156158,184.210434,5,4.995173
0.63960,637,212.156158,184.2155,5,4.88065434
0.63964,638,212.156158,184.2213,5,5.09878445
0.64083,639,212.156158,184.225769,5,5.087878
0.64086,640,212.156158,184.230637,5,5.02789259
0.64269,641,212.156158,184.235245,5,4.95154667
0.64449,642,212.156158,184.240814,5,4.837029
0.64450,643,212.156158,184.24649,5,5.164223
0.64577,644,212.156158,184.251053,5,5.09878445
0.64758,645,212.156158,184.25592,5,5.164223
0.64760,646,212.156158,184.260544,5,4.96245337
0.64885,647,212.156158,184.2665,5,4.95154667
0.64887,648,212.156158,184.271423,5,5.09878445
0.65066,649,212.156158,184.276169,5,5.038799
0.65249,650,212.156158,184.281158,5,5.087878
0.65251,651,212.156158,184.286316,5,4.858842
0.65376,652,212.156158,184.291718,5,5.038799
0.65561,653,212.156158,184.296692,5,5.038799
0.65564,654,212.156158,184.301651,5,5.09878445
0.65683,655,212.156158,184.3062,5,5.016986
0.65685,656,212.156158,184.311844,5,4.90246725
0.65866,657,212.156158,184.31694,5,5.07697153
0.66049,658,212.156158,184.321747,5,4.995173
0.66051,659,212.156158,184.326935,5,5.164223
0.66200,660,212.156158,184.3322,5,5.02789259
0.66358,661,212.156158,184.337158,5,5.09878445
0.66360,662,212.156158,184.3418,5,5.109691
0.66486,663,212.156158,184.346741,5,5.006079
0.66489,664,212.156158,184.351624,5,5.02789259
0.66667,665,212.156158,184.356812,5,4.88065434
0.66852,666,212.156158,184.363159,5,5.109691
0.66855,667,212.156158,184.366867,5,5.02789259
0.66978,668,212.156158,184.3719,5,5.05515862
0.67158,669,212.156158,184.376633,5,4.97335958
0.67160,670,212.156158,184.382126,5,4.913374
0.67284,671,212.156158,184.387131,5,5.066065
0.67286,672,212.156158,184.391846,5,4.97335958
0.67466,673,212.156158,184.397064,5,5.109691
0.67649,674,212.156158,184.4019,5,4.95154667
0.67651,675,212.156158,184.407379,5,5.02789259
0.67775,676,212.156158,184.411728,5,4.995173
0.67959,677,212.156158,184.417,5,4.94064
0.67962,678,212.156158,184.422226,5,5.07697153
0.68088,679,212.156158,184.427582,5,4.95154667
0.68090,680,212.156158,184.432465,5,5.09878445
0.68267,681,212.156158,184.43689,5,4.90246725
0.68451,682,212.156158,184.4424,5,5.006079
0.68452,683,212.156158,184.447922,5,5.09878445
0.68577,684,212.156158,184.452911,5,5.07697153
0.68757,685,212.156158,184.457062,5,5.087878
0.68758,686,212.156158,184.462219,5,4.847935
0.68888,687,212.156158,184.468124,5,5.016986
0.68891,688,212.156158,184.473038,5,5.016986
0.69066,689,212.156158,184.477951,5,5.191489
0.69248,690,212.156158,184.4822,5,5.05515862
0.69249,691,212.156158,184.487747,5,4.869748
0.69375,692,212.156158,184.492966,5,4.98426628
0.69559,693,212.156158,184.498123,5,4.98426628
0.69561,694,212.156158,184.502991,5,5.202396
0.69690,695,212.156158,184.507584,5,4.995173
0.69694,696,212.156158,184.513062,5,4.995173
0.69869,697,212.156158,184.517975,5,4.97335958
0.70048,698,212.156158,184.523529,5,5.05515862
0.70051,699,212.156158,184.528229,5,5.191489
0.70177,700,212.156158,184.53299,5,4.98426628
0.70358,701,212.156158,184.537949,5,4.995173
0.70361,702,212.156158,184.543091,5,4.88065434
0.70485,703,212.156158,184.548843,5,5.09878445
0.70486,704,212.156158,184.558151,5,5.02789259
0.70666,705,212.156158,184.56279,5,4.96245337
0.70849,706,212.156158,184.568466,5,4.847935
0.70851,707,212.156158,184.574051,5,5.164223
0.70975,708,212.156158,184.578644,5,5.109691
0.71158,709,212.156158,184.5834,5,5.164223
0.71161,710,212.156158,184.58815,5,4.95154667
0.71284,711,212.156158,184.594147,5,4.96245337
0.71286,712,212.156158,184.598969,5,5.109691
0.71471,713,212.156158,184.60376,5,5.05515862
0.71649,714,212.156158,184.6084,5,5.09878445
0.71651,715,212.156158,184.613586,5,4.858842
0.71774,716,212.156158,184.619263,5,5.02789259
0.71957,717,212.156158,184.623947,5,5.038799
0.71959,718,212.156158,184.628922,5,5.09878445
0.72087,719,212.156158,184.633514,5,5.016986
0.72090,720,212.156158,184.639069,5,4.90246725
0.72267,721,212.156158,184.64418,5,5.066065
0.72451,722,212.156158,184.648972,5,4.995173
0.72454,723,212.156158,184.6542,5,5.153317
0.72575,724,212.156158,184.659042,5,5.016986
0.72758,725,212.156158,184.664673,5,5.087878
0.72760,726,212.156158,184.669266,5,5.09878445
0.72887,727,212.156158,184.674255,5,4.995173
0.72890,728,212.156158,184.679062,5,5.02789259
0.73068,729,212.156158,184.684372,5,4.88065434
0.73252,730,212.156158,184.689835,5,5.109691
0.73254,731,212.156158,184.694427,5,5.038799
0.73374,732,212.156158,184.6995,5,5.07697153
0.73559,733,212.156158,184.704208,5,4.995173
0.73560,734,212.156158,184.709808,5,4.96245337
0.73684,735,212.156158,184.714722,5,5.087878
0.73685,736,212.156158,184.719543,5,4.995173
0.73866,737,212.156158,184.724747,5,5.13150358
0.74050,738,212.156158,184.72966,5,4.97335958
0.74053,739,212.156158,184.735092,5,5.066065
0.74174,740,212.156158,184.739441,5,4.995173
0.74358,741,212.156158,184.7452,5,4.97335958
0.74359,742,212.156158,184.749939,5,5.09878445
0.74484,743,212.156158,184.755051,5,4.96245337
0.74486,744,212.156158,184.760132,5,5.109691
0.74672,745,212.156158,184.764771,5,4.913374
0.74850,746,212.156158,184.770645,5,5.02789259
0.74852,747,212.156158,184.775665,5,5.087878
0.74974,748,212.156158,184.780655,5,5.087878
0.75159,749,212.156158,184.784775,5,5.066065
0.75161,750,212.156158,184.790176,5,4.847935
0.75283,751,212.156158,184.7962,5,5.02789259
0.75284,752,212.156158,184.800842,5,5.016986
0.75467,753,212.156158,184.805664,5,5.202396
0.75652,754,212.156158,184.8103,5,5.02789259
0.75655,755,212.156158,184.816284,5,4.869748
0.75774,756,212.156158,184.821,5,4.97335958
0.75958,757,212.156158,184.8262,5,4.98426628
0.75961,758,212.156158,184.8309,5,5.191489
0.76084,759,212.156158,184.835663,5,4.97335958
0.76085,760,212.156158,184.841049,5,4.98426628
0.76269,761,212.156158,184.8456,5,4.95154667
0.76450,762,212.156158,184.8512,5,5.05515862
0.76452,763,212.156158,184.855789,5,5.164223
0.76577,764,212.156158,184.86058,5,4.96245337
0.76757,765,212.156158,184.86554,5,4.98426628
0.76759,766,212.156158,184.870773,5,4.858842
0.76884,767,212.156158,184.8764,5,5.09878445
0.76885,768,212.156158,184.8808,5,5.07697153
0.77067,769,212.156158,184.885757,5,5.02789259
0.77253,770,212.156158,184.890335,5,4.96245337
0.77256,771,212.156158,184.896179,5,4.858842
0.77374,772,212.156158,184.901642,5,5.191489
0.77557,773,212.156158,184.906265,5,5.12059736
0.77559,774,212.156158,184.91098,5,5.164223
0.77686,775,212.156158,184.915787,5,4.95154667
0.77688,776,212.156158,184.921814,5,4.96245337
0.77879,777,212.156158,184.926529,5,5.09878445
0.78049,778,212.156158,184.9314,5,5.05515862
0.78051,779,212.156158,184.935959,5,5.09878445
0.78175,780,212.156158,184.941254,5,4.858842
0.78359,781,212.156158,184.946884,5,5.038799
0.78361,782,212.156158,184.951538,5,5.038799
0.78484,783,212.156158,184.956436,5,5.09878445
0.78485,784,212.156158,184.961075,5,5.006079
0.78667,785,212.156158,184.966675,5,4.891561
0.78854,786,212.156158,184.9717,5,5.066065
0.78856,787,212.156158,184.976532,5,4.98426628
0.78975,788,212.156158,184.981689,5,5.14241028
0.79162,789,212.156158,184.986557,5,4.995173
0.79164,790,212.156158,184.992188,5,5.066065
0.79284,791,212.156158,184.996735,5,5.09878445
0.79286,792,212.156158,185.00177,5,4.995173
0.79471,793,212.156158,185.006561,5,5.038799
0.79650,794,212.156158,185.011887,5,4.869748
0.79652,795,212.156158,185.017242,5,5.087878
0.79774,796,212.156158,185.021866,5,5.02789259
0.79960,797,212.156158,185.026932,5,5.066065
0.79962,798,212.156158,185.031647,5,4.98426628
0.80084,799,212.156158,185.037247,5,4.94064
0.80085,800,212.156158,185.046982,5,4.98426628
0.80267,801,212.156158,185.052063,5,5.12059736
0.80451,802,212.156158,185.057022,5,4.96245337
0.80454,803,212.156158,185.062729,5,5.05515862
0.80576,804,212.156158,185.062729,5,5.05515862
0.80760,805,212.156158,185.072189,5,4.96245337
0.80764,806,212.156158,185.077591,5,5.087878
0.80884,807,212.156158,185.0827,5,4.96245337
0.80885,808,212.156158,185.087448,5,5.09878445
0.81068,809,212.156158,185.092087,5,4.913374
0.81253,810,212.156158,185.097946,5,5.016986
0.81256,811,212.156158,185.102951,5,5.07697153
0.81376,812,212.156158,185.107941,5,5.07697153
0.81562,813,212.156158,185.112045,5,5.066065
0.81566,814,212.156158,185.117447,5,4.837029
0.81683,815,212.156158,185.123108,5,5.016986
0.81686,816,212.156158,185.128067,5,5.006079
0.81869,817,212.156158,185.1329,5,5.191489
0.82052,818,212.156158,185.1372,5,5.038799
0.82055,819,212.156158,185.142838,5,4.869748
0.82177,820,212.156158,185.147873,5,4.98426628
0.82360,821,212.156158,185.1531,5,4.96245337
0.82364,822,212.156158,185.157852,5,5.191489
0.82483,823,212.156158,185.162582,5,4.97335958
0.82484,824,212.156158,185.167969,5,4.97335958
0.82669,825,212.156158,185.172882,5,4.96245337
0.82875,826,212.156158,185.178436,5,5.02789259
0.82880,827,212.156158,185.183029,5,5.180583
0.82976,828,212.156158,185.18782,5,4.97335958
0.83164,829,212.156158,185.192734,5,4.98426628
0.83166,830,212.156158,185.197952,5,4.858842
0.83283,831,212.156158,185.203583,5,5.07697153
0.83285,832,212.156158,185.208,5,5.07697153
0.83471,833,212.156158,185.21286,5,5.006079
0.83649,834,212.156158,185.217453,5,4.95154667
0.83652,835,212.156158,185.223251,5,4.798856
0.83776,836,212.156158,185.228668,5,5.14241028
0.83961,837,212.156158,185.233276,5,5.09878445
0.83965,838,212.156158,185.237976,5,5.14241028
0.84083,839,212.156158,185.242737,5,4.95154667
0.84085,840,212.156158,185.248718,5,4.913374
0.84268,841,212.156158,185.25351,5,5.087878
0.84450,842,212.156158,185.258316,5,5.02789259
0.84452,843,212.156158,185.262909,5,5.09878445
0.84581,844,212.156158,185.2681,5,4.847935
0.84763,845,212.156158,185.273773,5,4.98426628
0.84765,846,212.156158,185.278412,5,5.02789259
0.84884,847,212.156158,185.28331,5,5.066065
0.84886,848,212.156158,185.287949,5,5.02789259
0.85070,849,212.156158,185.2935,5,4.869748
0.85252,850,212.156158,185.298859,5,5.05515862
0.85256,851,212.156158,185.30368,5,4.97335958
0.85374,852,212.156158,185.308792,5,5.12059736
0.85561,853,212.156158,185.313751,5,5.02789259
0.85564,854,212.156158,185.319672,5,5.038799
0.85683,855,212.156158,185.324173,5,5.12059736
0.85685,856,212.156158,185.329254,5,4.995173
0.85869,857,212.156158,185.3337,5,5.038799
0.86051,858,212.156158,185.338638,5,4.858842
0.86053,859,212.156158,185.344055,5,5.066065
0.86202,860,212.156158,185.348663,5,5.02789259
0.86359,861,212.156158,185.353729,5,5.02789259
0.86361,862,212.156158,185.3584,5,5.006079
0.86484,863,212.156158,185.363953,5,4.90246725
0.86488,864,212.156158,185.368912,5,5.087878
0.86670,865,212.156158,185.373657,5,4.97335958
0.86850,866,212.156158,185.379181,5,5.087878
0.86851,867,212.156158,185.384079,5,4.98426628
0.86979,868,212.156158,185.389526,5,5.006079
0.87158,869,212.156158,185.393829,5,5.016986
0.87160,870,212.156158,185.399185,5,4.913374
0.87284,871,212.156158,185.404266,5,5.066065
0.87285,872,212.156158,185.409378,5,4.94064
0.87468,873,212.156158,185.414169,5,5.087878
0.87654,874,212.156158,185.418671,5,4.94064
0.87656,875,212.156158,185.424515,5,4.95154667
0.87776,876,212.156158,185.429581,5,5.087878
0.87958,877,212.156158,185.4346,5,5.038799
0.87960,878,212.156158,185.438721,5,5.09878445
0.88088,879,212.156158,185.443909,5,4.847935
0.88090,880,212.156158,185.449753,5,4.98426628
0.88271,881,212.156158,185.454666,5,4.995173
0.88450,882,212.156158,185.459579,5,5.13150358
0.88451,883,212.156158,185.4638,5,5.09878445
0.88581,884,212.156158,185.469284,5,4.837029
0.88758,885,212.156158,185.474472,5,4.96245337
0.88760,886,212.156158,185.47963,5,4.94064
0.88883,887,212.156158,185.4845,5,5.153317
0.88885,888,212.156158,185.489014,5,5.006079
0.89071,889,212.156158,185.494446,5,4.94064
0.89252,890,212.156158,185.499359,5,4.98426628
0.89254,891,212.156158,185.504868,5,4.97335958
0.89375,892,212.156158,185.509613,5,5.191489
0.89563,893,212.156158,185.5143,5,4.98426628
0.89567,894,212.156158,185.519516,5,4.97335958
0.89685,895,212.156158,185.524277,5,4.869748
0.89687,896,212.156158,185.530029,5,5.006079
0.89879,897,212.156158,185.534454,5,5.109691
0.90057,898,212.156158,185.539337,5,4.995173
0.90060,899,212.156158,185.5439,5,4.98426628
0.90176,900,212.156158,185.549454,5,4.76613665
0.90358,901,212.156158,185.555115,5,5.066065
0.90360,902,212.156158,185.564423,5,5.12059736
0.90483,903,212.156158,185.569016,5,5.006079
0.90485,904,212.156158,185.574921,5,4.847935
0.90666,905,212.156158,185.579926,5,5.087878
0.90852,906,212.156158,185.584625,5,4.995173
0.90854,907,212.156158,185.58931,5,5.09878445
0.90979,908,212.156158,185.594208,5,4.88065434
0.91162,909,212.156158,185.6,5,4.90246725
0.91164,910,212.156158,185.604675,5,5.05515862
0.91283,911,212.156158,185.6096,5,5.016986
0.91285,912,212.156158,185.6141,5,5.066065
0.91469,913,212.156158,185.619461,5,4.837029
0.91654,914,212.156158,185.624817,5,4.98426628
0.91656,915,212.156158,185.629364,5,4.94064
0.91776,916,212.156158,185.6346,5,5.038799
0.91960,917,212.156158,185.639389,5,5.066065
0.91963,918,212.156158,185.644943,5,4.95154667
0.92083,919,212.156158,185.649734,5,5.13150358
0.92084,920,212.156158,185.654526,5,4.97335958
0.92269,921,212.156158,185.659439,5,5.02789259
0.92454,922,212.156158,185.6644,5,4.88065434
0.92458,923,212.156158,185.670029,5,4.97335958
0.92575,924,212.156158,185.674576,5,5.066065
0.92759,925,212.156158,185.679611,5,4.995173
0.92762,926,212.156158,185.684326,5,5.05515862
0.92888,927,212.156158,185.689621,5,4.869748
0.92892,928,212.156158,185.6949,5,5.02789259
0.93067,929,212.156158,185.699539,5,4.995173
0.93254,930,212.156158,185.705048,5,5.02789259
0.93258,931,212.156158,185.709915,5,5.066065
0.93374,932,212.156158,185.7154,5,4.96245337
0.93564,933,212.156158,185.719879,5,5.07697153
0.93567,934,212.156158,185.724915,5,4.92973375
0.93682,935,212.156158,185.730209,5,5.05515862
0.93684,936,212.156158,185.735168,5,4.995173
0.93870,937,212.156158,185.74028,5,5.016986
0.94052,938,212.156158,185.744583,5,5.016986
0.94054,939,212.156158,185.750229,5,4.891561
0.94175,940,212.156158,185.755539,5,5.087878
0.94360,941,212.156158,185.760529,5,5.038799
0.94363,942,212.156158,185.764877,5,5.12059736
0.94485,943,212.156158,185.769592,5,4.913374
0.94487,944,212.156158,185.77562,5,4.891561
0.94669,945,212.156158,185.780579,5,5.02789259
0.94851,946,212.156158,185.785614,5,5.066065
0.94853,947,212.156158,185.789856,5,5.180583
0.94975,948,212.156158,185.795044,5,4.88065434
0.95162,949,212.156158,185.8008,5,4.94064
0.95166,950,212.156158,185.805786,5,4.94064
0.95283,951,212.156158,185.8109,5,5.09878445
0.95284,952,212.156158,185.815247,5,5.109691
0.95468,953,212.156158,185.820724,5,4.90246725
0.95653,954,212.156158,185.825638,5,4.995173
0.95657,955,212.156158,185.831024,5,4.90246725
0.95775,956,212.156158,185.836014,5,5.164223
0.95958,957,212.156158,185.8409,5,5.05515862
0.95960,958,212.156158,185.845932,5,4.95154667
0.96088,959,212.156158,185.8508,5,4.92973375
0.96092,960,212.156158,185.855988,5,4.913374
0.96268,961,212.156158,185.860657,5,5.14241028
0.96457,962,212.156158,185.865387,5,5.016986
0.96461,963,212.156158,185.870041,5,5.02789259
0.96575,964,212.156158,185.8752,5,4.81521559
0.96760,965,212.156158,185.8812,5,4.97335958
0.96763,966,212.156158,185.885818,5,5.153317
0.96884,967,212.156158,185.890732,5,5.12059736
0.96885,968,212.156158,185.895248,5,5.12059736
0.97071,969,212.156158,185.90097,5,4.88065434
0.97251,970,212.156158,185.906357,5,5.07697153
0.97253,971,212.156158,185.91095,5,5.038799
0.97375,972,212.156158,185.915771,5,5.12059736
0.97561,973,212.156158,185.920563,5,5.006079
0.97564,974,212.156158,185.926437,5,4.90246725
0.97684,975,212.156158,185.931244,5,5.109691
0.97686,976,212.156158,185.936188,5,5.038799
0.97894,977,212.156158,185.940781,5,5.109691
0.98055,978,212.156158,185.945969,5,4.90246725
0.98058,979,212.156158,185.951492,5,4.995173
0.98175,980,212.156158,185.956085,5,5.006079
0.98360,981,212.156158,185.961349,5,5.038799
0.98362,982,212.156158,185.966141,5,5.13150358
0.98484,983,212.156158,185.971741,5,4.97335958
0.98486,984,212.156158,185.976654,5,5.153317
0.98671,985,212.156158,185.981369,5,5.02789259
0.98855,986,212.156158,185.9864,5,5.02789259
0.98859,987,212.156158,185.991226,5,4.95154667
0.98975,988,212.156158,185.9969,5,4.95154667
0.99160,989,212.156158,186.001526,5,5.087878
0.99165,990,212.156158,186.006531,5,5.006079
0.99284,991,212.156158,186.011246,5,5.066065
0.99290,992,212.156158,186.016541,5,4.891561
0.99472,993,212.156158,186.022171,5,5.02789259
0.99650,994,212.156158,186.02681,5,5.006079
0.99651,995,212.156158,186.032,5,5.02789259
0.99775,996,212.156158,186.036514,5,5.07697153
0.99961,997,212.156158,186.042313,5,4.95154667
0.99964,998,212.156158,186.046829,5,5.087878
1.00085,999,212.156158,186.057159,5,5.038799
1.00088,1000,212.156158,186.057159,5,5.038799
1.00269,1001,212.156158,186.062088,5,5.006079
1.00451,1002,212.156158,186.06723,5,4.995173
1.00452,1003,212.156158,186.077057,5,4.858842
1.00575,1004,212.156158,186.082458,5,5.07697153
1.00758,1005,212.156158,186.087448,5,5.038799
1.00760,1006,212.156158,186.091873,5,5.109691
1.00883,1007,212.156158,186.096436,5,4.95154667
1.00884,1008,212.156158,186.102463,5,4.869748
1.01070,1009,212.156158,186.107422,5,5.016986
1.01251,1010,212.156158,186.112442,5,5.016986
1.01254,1011,212.156158,186.1168,5,5.191489
1.01379,1012,212.156158,186.121841,5,4.90246725
1.01566,1013,212.156158,186.1273,5,4.913374
1.01568,1014,212.156158,186.132263,5,4.94064
1.01688,1015,212.156158,186.137482,5,5.05515862
1.01691,1016,212.156158,186.141846,5,5.13150358
1.01870,1017,212.156158,186.147156,5,4.90246725
1.02052,1018,212.156158,186.152191,5,5.006079
1.02058,1019,212.156158,186.157425,5,4.913374
1.02176,1020,212.156158,186.162613,5,5.12059736
1.02359,1021,212.156158,186.167084,5,5.087878
1.02360,1022,212.156158,186.17244,5,4.94064
1.02484,1023,212.156158,186.17691,5,4.95154667
1.02486,1024,212.156158,186.182755,5,4.891561
1.02670,1025,212.156158,186.187546,5,5.14241028
1.02871,1026,212.156158,186.192215,5,5.02789259
1.02875,1027,212.156158,186.19693,5,5.038799
1.02976,1028,212.156158,186.201965,5,4.847935
1.03157,1029,212.156158,186.208,5,4.913374
1.03161,1030,212.156158,186.212662,5,5.164223
1.03287,1031,212.156158,186.2175,5,5.087878
1.03292,1032,212.156158,186.22197,5,5.12059736
1.03471,1033,212.156158,186.227554,5,4.858842
1.03652,1034,212.156158,186.233063,5,5.016986
1.03655,1035,212.156158,186.237579,5,5.05515862
1.03775,1036,212.156158,186.242447,5,5.066065
1.03963,1037,212.156158,186.247086,5,5.016986
1.03967,1038,212.156158,186.252914,5,4.837029
1.04083,1039,212.156158,186.257874,5,5.066065
1.04084,1040,212.156158,186.262665,5,5.016986
1.04271,1041,212.156158,186.26738,5,5.12059736
1.04451,1042,212.156158,186.272369,5,4.94064
1.04454,1043,212.156158,186.278,5,4.92973375
1.04576,1044,212.156158,186.282639,5,5.02789259
1.04759,1045,212.156158,186.287827,5,4.995173
1.04761,1046,212.156158,186.292938,5,5.14241028
1.04886,1047,212.156158,186.298462,5,4.96245337
1.04888,1048,212.156158,186.303482,5,5.109691
1.05071,1049,212.156158,186.308151,5,5.05515862
1.05251,1050,212.156158,186.313232,5,5.006079
1.05255,1051,212.156158,186.318024,5,4.995173
1.05374,1052,212.156158,186.323685,5,4.913374
1.05562,1053,212.156158,186.328415,5,5.109691
1.05568,1054,212.156158,186.333679,5,5.016986
1.05684,1055,212.156158,186.33844,5,5.087878
1.05685,1056,212.156158,186.342987,5,4.92973375
1.05870,1057,212.156158,186.34906,5,4.995173
1.06048,1058,212.156158,186.3537,5,5.05515862
1.06051,1059,212.156158,186.358963,5,4.995173
1.06203,1060,212.156158,186.363464,5,5.12059736
1.06360,1061,212.156158,186.368912,5,4.95154667
1.06364,1062,212.156158,186.373581,5,5.09878445
1.06483,1063,212.156158,186.3784,5,4.96245337
1.06487,1064,212.156158,186.3839,5,5.016986
1.06670,1065,212.156158,186.3888,5,5.066065
1.06848,1066,212.156158,186.393982,5,4.96245337
1.06852,1067,212.156158,186.39827,5,5.09878445
1.06976,1068,212.156158,186.4037,5,4.88065434
1.07163,1069,212.156158,186.409256,5,5.066065
1.07165,1070,212.156158,186.4142,5,5.066065
1.07284,1071,212.156158,186.418716,5,5.109691
1.07286,1072,212.156158,186.423187,5,5.006079
1.07468,1073,212.156158,186.429169,5,4.858842
1.07648,1074,212.156158,186.43428,5,5.02789259
1.07650,1075,212.156158,186.439285,5,5.006079
1.07774,1076,212.156158,186.443634,5,5.202396
1.07960,1077,212.156158,186.448547,5,4.95154667
1.07962,1078,212.156158,186.454147,5,4.891561
1.08089,1079,212.156158,186.459045,5,4.96245337
1.08092,1080,212.156158,186.464325,5,5.02789259
1.08267,1081,212.156158,186.468674,5,5.164223
1.08453,1082,212.156158,186.473953,5,4.913374
1.08457,1083,212.156158,186.479065,5,4.98426628
1.08575,1084,212.156158,186.4842,5,4.92973375
1.08761,1085,212.156158,186.489532,5,5.09878445
1.08763,1086,212.156158,186.493958,5,5.13150358
1.08884,1087,212.156158,186.498962,5,4.95154667
1.08886,1088,212.156158,186.503784,5,4.96245337
1.09070,1089,212.156158,186.509537,5,4.858842
1.09248,1090,212.156158,186.5144,5,5.12059736
1.09249,1091,212.156158,186.519012,5,5.02789259
1.09374,1092,212.156158,186.5238,5,5.02789259
1.09562,1093,212.156158,186.5287,5,4.891561
1.09566,1094,212.156158,186.53479,5,4.869748
1.09688,1095,212.156158,186.53949,5,5.164223
1.09690,1096,212.156158,186.544327,5,5.087878
1.09868,1097,212.156158,186.548828,5,5.13150358
1.10054,1098,212.156158,186.554321,5,4.891561
1.10057,1099,212.156158,186.559952,5,4.97335958
1.10176,1100,212.156158,186.56929,5,5.05515862
1.10360,1101,212.156158,186.573914,5,5.05515862
1.10362,1102,212.156158,186.579681,5,4.837029
1.10486,1103,212.156158,186.584747,5,5.038799
1.10488,1104,212.156158,186.589539,5,5.016986
1.10671,1105,212.156158,186.594254,5,5.109691
1.10848,1106,212.156158,186.599213,5,4.97335958
1.10849,1107,212.156158,186.604919,5,4.92973375
1.10975,1108,212.156158,186.609512,5,5.066065
1.11157,1109,212.156158,186.6147,5,4.98426628
1.11160,1110,212.156158,186.619568,5,5.153317
1.11284,1111,212.156158,186.624969,5,4.98426628
1.11287,1112,212.156158,186.630157,5,5.09878445
1.11474,1113,212.156158,186.63475,5,5.087878
1.11650,1114,212.156158,186.639832,5,4.995173
1.11653,1115,212.156158,186.644577,5,5.016986
1.11775,1116,212.156158,186.650253,5,4.891561
1.11959,1117,212.156158,186.655075,5,5.09878445
1.11961,1118,212.156158,186.659958,5,5.02789259
1.12084,1119,212.156158,186.664841,5,5.066065
1.12085,1120,212.156158,186.669861,5,4.96245337
1.12270,1121,212.156158,186.67569,5,4.96245337
1.12452,1122,212.156158,186.680283,5,5.066065
1.12455,1123,212.156158,186.685486,5,4.995173
1.12574,1124,212.156158,186.690063,5,5.12059736
1.12756,1125,212.156158,186.695786,5,4.95154667
1.12757,1126,212.156158,186.700531,5,5.07697153
1.12887,1127,212.156158,186.705246,5,4.97335958
1.12890,1128,212.156158,186.710678,5,4.98426628
1.13069,1129,212.156158,186.715637,5,5.07697153
1.13252,1130,212.156158,186.720856,5,4.95154667
1.13255,1131,212.156158,186.725128,5,5.09878445
1.13377,1132,212.156158,186.730484,5,4.88065434
1.13558,1133,212.156158,186.736038,5,5.02789259
1.13559,1134,212.156158,186.741074,5,5.07697153
1.13684,1135,212.156158,186.745621,5,5.09878445
1.13686,1136,212.156158,186.749969,5,5.038799
1.13869,1137,212.156158,186.755936,5,4.837029
1.14053,1138,212.156158,186.7611,5,5.016986
1.14056,1139,212.156158,186.766129,5,4.995173
1.14176,1140,212.156158,186.770508,5,5.191489
1.14357,1141,212.156158,186.7753,5,4.995173
1.14359,1142,212.156158,186.78093,5,4.869748
1.14486,1143,212.156158,186.785858,5,4.96245337
1.14488,1144,212.156158,186.791122,5,4.97335958
1.14671,1145,212.156158,186.795471,5,5.164223
1.14852,1146,212.156158,186.800659,5,4.92973375
1.14855,1147,212.156158,186.806091,5,4.97335958
1.14976,1148,212.156158,186.811249,5,4.94064
1.15157,1149,212.156158,186.816574,5,5.038799
1.15160,1150,212.156158,186.820953,5,5.153317
1.15285,1151,212.156158,186.825989,5,4.94064
1.15287,1152,212.156158,186.83078,5,4.96245337
1.15470,1153,212.156158,186.836487,5,4.837029
1.15648,1154,212.156158,186.841446,5,5.066065
1.15650,1155,212.156158,186.845963,5,5.05515862
1.15776,1156,212.156158,186.850754,5,4.98426628
1.15958,1157,212.156158,186.85527,5,4.92973375
1.15960,1158,212.156158,186.861328,5,4.798856
1.16083,1159,212.156158,186.866165,5,5.13150358
1.16084,1160,212.156158,186.870926,5,5.07697153
1.16270,1161,212.156158,186.875427,5,5.12059736
1.16452,1162,212.156158,186.88063,5,4.913374
1.16454,1163,212.156158,186.886383,5,4.891561
1.16580,1164,212.156158,186.890854,5,5.066065
1.16759,1165,212.156158,186.895767,5,4.995173
1.16760,1166,212.156158,186.900269,5,5.05515862
1.16883,1167,212.156158,186.905792,5,4.798856
1.16886,1168,212.156158,186.911072,5,4.95154667
1.17067,1169,212.156158,186.9157,5,4.995173
1.17250,1170,212.156158,186.920532,5,5.016986
1.17252,1171,212.156158,186.925491,5,4.995173
1.17377,1172,212.156158,186.930908,5,4.82612228
1.17557,1173,212.156158,186.935638,5,5.016986
1.17558,1174,212.156158,186.940613,5,4.95154667
1.17684,1175,212.156158,186.945572,5,5.09878445
1.17686,1176,212.156158,186.950653,5,5.016986
1.17889,1177,212.156158,186.956146,5,4.995173
1.18056,1178,212.156158,186.960663,5,5.109691
1.18063,1179,212.156158,186.965668,5,4.97335958
1.18179,1180,212.156158,186.970413,5,5.02789259
1.18357,1181,212.156158,186.975876,5,4.858842
1.18358,1182,212.156158,186.980988,5,5.02789259
1.18484,1183,212.156158,186.985718,5,5.02789259
1.18486,1184,212.156158,186.990738,5,5.016986
1.18666,1185,212.156158,186.995819,5,5.02789259
1.18848,1186,212.156158,187.00145,5,4.891561
1.18851,1187,212.156158,187.006134,5,5.07697153
1.18980,1188,212.156158,187.011154,5,4.995173
1.19159,1189,212.156158,187.0159,5,5.09878445
1.19161,1190,212.156158,187.021332,5,5.016986
1.19283,1191,212.156158,187.026535,5,5.006079
1.19286,1192,212.156158,187.030914,5,5.038799
1.19467,1193,212.156158,187.036438,5,4.92973375
1.19651,1194,212.156158,187.041428,5,5.07697153
1.19654,1195,212.156158,187.046539,5,4.96245337
1.19780,1196,212.156158,187.051132,5,5.066065
1.19961,1197,212.156158,187.055969,5,4.97335958
1.19962,1198,212.156158,187.061768,5,4.95154667
1.20088,1199,212.156158,187.0668,5,5.087878
1.20091,1200,212.156158,187.075775,5,5.109691
1.20267,1201,212.156158,187.08136,5,4.858842
1.20449,1202,212.156158,187.086929,5,4.97335958
1.20451,1203,212.156158,187.091827,5,5.006079
1.20578,1204,212.156158,187.096542,5,5.12059736
1.20757,1205,212.156158,187.100952,5,5.12059736
1.20760,1206,212.156158,187.106659,5,4.847935
1.20885,1207,212.156158,187.111649,5,4.96245337
1.20887,1208,212.156158,187.116882,5,4.94064
1.21066,1209,212.156158,187.12146,5,5.14241028
1.21250,1210,212.156158,187.126312,5,5.02789259
1.21251,1211,212.156158,187.131668,5,4.92973375
1.21378,1212,212.156158,187.136566,5,4.98426628
1.21559,1213,212.156158,187.14209,5,4.95154667
1.21561,1214,212.156158,187.1466,5,5.191489
1.21686,1215,212.156158,187.1515,5,4.995173
1.21688,1216,212.156158,187.156342,5,4.97335958
1.21868,1217,212.156158,187.1617,5,4.88065434
1.22051,1218,212.156158,187.16716,5,4.97335958
1.22054,1219,212.156158,187.171555,5,5.12059736
1.22175,1220,212.156158,187.176468,5,4.995173
1.22358,1221,212.156158,187.181061,5,4.995173
1.22360,1222,212.156158,187.186935,5,4.777043
1.22484,1223,212.156158,187.1922,5,5.05515862
1.22486,1224,212.156158,187.196884,5,5.12059736
1.22667,1225,212.156158,187.2015,5,5.12059736
1.22861,1226,212.156158,187.206345,5,5.038799
1.22863,1227,212.156158,187.212387,5,4.858842
1.22978,1228,212.156158,187.217041,5,5.087878
1.23158,1229,212.156158,187.221878,5,5.006079
1.23160,1230,212.156158,187.22644,5,5.109691
1.23287,1231,212.156158,187.231735,5,4.913374
1.23289,1232,212.156158,187.237335,5,4.90246725
1.23467,1233,212.156158,187.241974,5,5.07697153
1.23651,1234,212.156158,187.246887,5,5.02789259
1.23652,1235,212.156158,187.251434,5,5.07697153
1.23775,1236,212.156158,187.257111,5,4.869748
1.23959,1237,212.156158,187.26207,5,4.995173
1.23962,1238,212.156158,187.266891,5,4.97335958
1.24086,1239,212.156158,187.272049,5,5.066065
1.24087,1240,212.156158,187.276962,5,5.087878
1.24266,1241,212.156158,187.2826,5,4.97335958
1.24453,1242,212.156158,187.28743,5,5.153317
1.24457,1243,212.156158,187.292465,5,5.006079
1.24583,1244,212.156158,187.29689,5,5.038799
1.24758,1245,212.156158,187.302612,5,4.913374
1.24760,1246,212.156158,187.307831,5,4.98426628
1.24884,1247,212.156158,187.312515,5,5.07697153
1.24886,1248,212.156158,187.317871,5,5.006079
1.25066,1249,212.156158,187.322571,5,5.066065
1.25251,1250,212.156158,187.327927,5,4.88065434
1.25253,1251,212.156158,187.332916,5,5.05515862
1.25375,1252,212.156158,187.3379,5,4.995173
1.25557,1253,212.156158,187.342987,5,5.05515862
1.25559,1254,212.156158,187.348022,5,5.05515862
1.25684,1255,212.156158,187.353317,5,4.97335958
1.25686,1256,212.156158,187.357681,5,5.087878
1.25871,1257,212.156158,187.363144,5,4.913374
1.26052,1258,212.156158,187.367874,5,5.066065
1.26054,1259,212.156158,187.372971,5,4.995173
1.26198,1260,212.156158,187.377731,5,5.016986
1.26359,1261,212.156158,187.382278,5,5.016986
1.26361,1262,212.156158,187.388123,5,4.891561
1.26485,1263,212.156158,187.3931,5,5.07697153
1.26487,1264,212.156158,187.3981,5,5.016986
1.26667,1265,212.156158,187.40213,5,5.09878445
1.26850,1266,212.156158,187.40741,5,4.88065434
1.26853,1267,212.156158,187.413162,5,4.869748
1.26975,1268,212.156158,187.41803,5,4.995173
1.27157,1269,212.156158,187.422867,5,5.02789259
1.27158,1270,212.156158,187.4271,5,5.153317
1.27284,1271,212.156158,187.4326,5,4.837029
1.27286,1272,212.156158,187.437729,5,4.891561
1.27486,1273,212.156158,187.442871,5,4.913374
1.27649,1274,212.156158,187.447708,5,5.066065
1.27652,1275,212.156158,187.452225,5,5.09878445
1.27775,1276,212.156158,187.457657,5,4.88065434
1.27959,1277,212.156158,187.46257,5,4.98426628
1.27961,1278,212.156158,187.468079,5,4.90246725
1.28084,1279,212.156158,187.4728,5,5.14241028
1.28085,1280,212.156158,187.477509,5,5.066065
1.28267,1281,212.156158,187.482452,5,4.94064
1.28454,1282,212.156158,187.487534,5,4.94064
1.28456,1283,212.156158,187.493286,5,4.90246725
1.28574,1284,212.156158,187.497711,5,5.153317
1.28757,1285,212.156158,187.5026,5,5.02789259
1.28759,1286,212.156158,187.507187,5,5.038799
1.28884,1287,212.156158,187.512772,5,4.837029
1.28885,1288,212.156158,187.518448,5,4.95154667
1.29066,1289,212.156158,187.523,5,5.164223
1.29256,1290,212.156158,187.527832,5,5.09878445
1.29262,1291,212.156158,187.532425,5,5.109691
1.29375,1292,212.156158,187.538422,5,4.858842
1.29560,1293,212.156158,187.543365,5,5.05515862
1.29564,1294,212.156158,187.54808,5,5.038799
1.29685,1295,212.156158,187.55275,5,5.09878445
1.29688,1296,212.156158,187.557816,5,5.016986
1.29872,1297,212.156158,187.568283,5,5.087878
1.30052,1298,212.156158,187.573242,5,5.038799
1.30056,1299,212.156158,187.577789,5,5.12059736
1.30175,1300,212.156158,187.583267,5,4.913374
1.30360,1301,212.156158,187.5885,5,4.96245337
1.30363,1302,212.156158,187.59317,5,5.006079
1.30485,1303,212.156158,187.598358,5,5.006079
1.30487,1304,212.156158,187.6032,5,5.12059736
1.30666,1305,212.156158,187.608826,5,4.95154667
1.30850,1306,212.156158,187.613464,5,5.12059736
1.30852,1307,212.156158,187.618378,5,5.02789259
1.30975,1308,212.156158,187.62352,5,5.016986
1.31159,1309,212.156158,187.628677,5,4.95154667
1.31161,1310,212.156158,187.634186,5,4.913374
1.31286,1311,212.156158,187.638779,5,5.109691
1.31288,1312,212.156158,187.643814,5,5.006079
1.31467,1313,212.156158,187.6485,5,5.087878
1.31654,1314,212.156158,187.654037,5,4.90246725
1.31656,1315,212.156158,187.659027,5,4.995173
1.31775,1316,212.156158,187.663788,5,5.02789259
1.31962,1317,212.156158,187.669022,5,4.995173
1.31965,1318,212.156158,187.673813,5,5.109691
1.32092,1319,212.156158,187.679321,5,4.94064
1.32093,1320,212.156158,187.683685,5,5.087878
1.32268,1321,212.156158,187.6889,5,4.94064
1.32448,1322,212.156158,187.694153,5,5.006079
1.32450,1323,212.156158,187.699173,5,5.02789259
1.32575,1324,212.156158,187.704086,5,4.97335958
1.32762,1325,212.156158,187.708527,5,5.066065
1.32765,1326,212.156158,187.714279,5,4.869748
1.32883,1327,212.156158,187.719452,5,5.07697153
1.32885,1328,212.156158,187.724487,5,5.05515862
1.33066,1329,212.156158,187.728683,5,5.109691
1.33253,1330,212.156158,187.733643,5,4.98426628
1.33257,1331,212.156158,187.7396,5,4.858842
1.33374,1332,212.156158,187.7445,5,5.02789259
1.33563,1333,212.156158,187.7495,5,5.016986
1.33566,1334,212.156158,187.7537,5,5.202396
1.33685,1335,212.156158,187.7591,5,4.94064
1.33687,1336,212.156158,187.7644,5,4.891561
1.33868,1337,212.156158,187.76944,5,4.94064
1.34051,1338,212.156158,187.774414,5,5.02789259
1.34053,1339,212.156158,187.778854,5,5.153317
1.34176,1340,212.156158,187.784286,5,4.90246725
1.34360,1341,212.156158,187.789246,5,4.98426628
1.34364,1342,212.156158,187.794678,5,4.92973375
1.34483,1343,212.156158,187.799545,5,5.109691
1.34485,1344,212.156158,187.8045,5,5.12059736
1.34669,1345,212.156158,187.809219,5,4.96245337
1.34855,1346,212.156158,187.814117,5,4.95154667
1.34859,1347,212.156158,187.820282,5,4.869748
1.34975,1348,212.156158,187.8247,5,5.12059736
1.35166,1349,212.156158,187.82959,5,5.02789259
1.35170,1350,212.156158,187.834457,5,5.02789259
1.35284,1351,212.156158,187.839691,5,4.88065434
1.35285,1352,212.156158,187.8454,5,4.88065434
1.35468,1353,212.156158,187.850266,5,5.164223
1.35652,1354,212.156158,187.855026,5,5.087878
1.35655,1355,212.156158,187.859009,5,5.13150358
1.35774,1356,212.156158,187.864853,5,4.869748
1.35959,1357,212.156158,187.87,5,4.98426628
1.35961,1358,212.156158,187.874634,5,5.05515862
1.36083,1359,212.156158,187.880188,5,5.038799
1.36085,1360,212.156158,187.884171,5,5.038799
1.36273,1361,212.156158,187.890015,5,4.82612228
1.36451,1362,212.156158,187.89473,5,5.02789259
1.36453,1363,212.156158,187.899643,5,4.995173
1.36578,1364,212.156158,187.90419,5,5.07697153
1.36759,1365,212.156158,187.909424,5,4.94064
1.36763,1366,212.156158,187.914856,5,4.869748
1.36884,1367,212.156158,187.919449,5,5.016986
1.36885,1368,212.156158,187.9246,5,4.95154667
1.37071,1369,212.156158,187.9294,5,5.109691
1.37250,1370,212.156158,187.9353,5,4.95154667
1.37251,1371,212.156158,187.940109,5,5.066065
1.37374,1372,212.156158,187.944565,5,5.066065
1.37561,1373,212.156158,187.949554,5,4.98426628
1.37565,1374,212.156158,187.954391,5,5.006079
1.37684,1375,212.156158,187.960068,5,4.858842
1.37686,1376,212.156158,187.965027,5,5.087878
1.37893,1377,212.156158,187.970016,5,5.016986
1.38052,1378,212.156158,187.974716,5,5.05515862
1.38056,1379,212.156158,187.980042,5,4.96245337
1.38178,1380,212.156158,187.9853,5,4.92973375
1.38361,1381,212.156158,187.9899,5,5.05515862
1.38365,1382,212.156158,187.995132,5,4.97335958
1.38483,1383,212.156158,187.999969,5,5.09878445
1.38485,1384,212.156158,188.005432,5,4.95154667
1.38668,1385,212.156158,188.01,5,5.038799
1.38851,1386,212.156158,188.014908,5,4.97335958
1.38855,1387,212.156158,188.0203,5,4.96245337
1.38975,1388,212.156158,188.025238,5,5.066065
1.39163,1389,212.156158,188.030655,5,4.94064
1.39166,1390,212.156158,188.034683,5,5.09878445
1.39283,1391,212.156158,188.040176,5,4.90246725
1.39285,1392,212.156158,188.045578,5,4.995173
1.39469,1393,212.156158,188.050568,5,5.07697153
1.39652,1394,212.156158,188.054962,5,5.066065
1.39656,1395,212.156158,188.059525,5,5.038799
1.39776,1396,212.156158,188.065552,5,4.82612228
1.39962,1397,212.156158,188.070541,5,5.006079
1.39964,1398,212.156158,188.0799,5,5.164223
1.40083,1399,212.156158,188.084885,5,5.02789259
1.40084,1400,212.156158,188.0904,5,4.837029
1.40267,1401,212.156158,188.0953,5,4.96245337
1.40452,1402,212.156158,188.10054,5,4.95154667
1.40456,1403,212.156158,188.104858,5,5.164223
1.40574,1404,212.156158,188.110123,5,4.96245337
1.40761,1405,212.156158,188.115189,5,4.95154667
1.40764,1406,212.156158,188.120392,5,4.95154667
1.40885,1407,212.156158,188.125626,5,4.995173
1.40887,1408,212.156158,188.130051,5,5.164223
1.41069,1409,212.156158,188.135086,5,4.95154667
1.41252,1410,212.156158,188.139847,5,4.97335958
1.41254,1411,212.156158,188.14563,5,4.837029
1.41376,1412,212.156158,188.1505,5,5.038799
1.41565,1413,212.156158,188.15506,5,5.07697153
1.41569,1414,212.156158,188.1598,5,4.98426628
1.41684,1415,212.156158,188.164764,5,4.96245337
1.41685,1416,212.156158,188.170792,5,4.777043
1.41869,1417,212.156158,188.1755,5,5.09878445
1.42052,1418,212.156158,188.180344,5,5.087878
1.42055,1419,212.156158,188.184814,5,5.14241028
1.42174,1420,212.156158,188.190277,5,4.97335958
1.42360,1421,212.156158,188.1959,5,4.891561
1.42361,1422,212.156158,188.200424,5,5.09878445
1.42483,1423,212.156158,188.2053,5,5.016986
1.42484,1424,212.156158,188.2099,5,5.109691
1.42669,1425,212.156158,188.2157,5,4.858842
1.42866,1426,212.156158,188.220718,5,4.97335958
1.42871,1427,212.156158,188.225464,5,5.05515862
1.42976,1428,212.156158,188.2305,5,5.05515862
1.43160,1429,212.156158,188.235138,5,5.038799
1.43164,1430,212.156158,188.240814,5,4.847935
1.43288,1431,212.156158,188.2454,5,5.02789259
1.43292,1432,212.156158,188.2506,5,4.96245337
1.43471,1433,212.156158,188.255753,5,5.109691
1.43653,1434,212.156158,188.260773,5,5.038799
1.43655,1435,212.156158,188.266022,5,5.016986
1.43774,1436,212.156158,188.2706,5,5.13150358
1.43961,1437,212.156158,188.276,5,4.995173
1.43962,1438,212.156158,188.280746,5,5.05515862
1.44084,1439,212.156158,188.286423,5,4.88065434
1.44085,1440,212.156158,188.291138,5,5.038799
1.44270,1441,212.156158,188.2961,5,5.038799
1.44452,1442,212.156158,188.300919,5,5.016986
1.44454,1443,212.156158,188.306,5,5.016986
1.44577,1444,212.156158,188.311508,5,4.891561
1.44765,1445,212.156158,188.316376,5,4.98426628
1.44767,1446,212.156158,188.321579,5,5.087878
1.44884,1447,212.156158,188.326447,5,5.016986
1.44886,1448,212.156158,188.331833,5,4.995173
1.45071,1449,212.156158,188.336548,5,5.038799
1.45254,1450,212.156158,188.34166,5,4.92973375
1.45256,1451,212.156158,188.347092,5,5.07697153
1.45375,1452,212.156158,188.352051,5,4.96245337
1.45563,1453,212.156158,188.3572,5,5.07697153
1.45566,1454,212.156158,188.361511,5,4.97335958
1.45683,1455,212.156158,188.366989,5,4.95154667
1.45684,1456,212.156158,188.371811,5,4.95154667
1.45870,1457,212.156158,188.376846,5,5.087878
1.46048,1458,212.156158,188.381439,5,5.05515862
1.46049,1459,212.156158,188.385757,5,5.109691
1.46195,1460,212.156158,188.391663,5,4.858842
1.46359,1461,212.156158,188.3969,5,4.97335958
1.46361,1462,212.156158,188.401932,5,5.006079
1.46485,1463,212.156158,188.4064,5,5.13150358
1.46486,1464,212.156158,188.411148,5,5.13150358
1.46669,1465,212.156158,188.41684,5,4.858842
1.46849,1466,212.156158,188.421783,5,4.97335958
1.46851,1467,212.156158,188.427139,5,4.96245337
1.46975,1468,212.156158,188.431534,5,5.180583
1.47161,1469,212.156158,188.436752,5,5.066065
1.47163,1470,212.156158,188.442,5,4.98426628
1.47283,1471,212.156158,188.447144,5,5.02789259
1.47284,1472,212.156158,188.452454,5,5.006079
1.47471,1473,212.156158,188.45694,5,5.224209
1.47651,1474,212.156158,188.462,5,5.02789259
1.47655,1475,212.156158,188.466843,5,5.006079
1.47776,1476,212.156158,188.47258,5,4.90246725
1.47960,1477,212.156158,188.477539,5,5.038799
1.47963,1478,212.156158,188.482132,5,5.13150358
1.48086,1479,212.156158,188.4869,5,5.016986
1.48090,1480,212.156158,188.491791,5,4.995173
1.48273,1481,212.156158,188.49791,5,4.798856
1.48452,1482,212.156158,188.502625,5,5.09878445
1.48454,1483,212.156158,188.507462,5,5.109691
1.48574,1484,212.156158,188.5119,5,5.13150358
1.48760,1485,212.156158,188.517319,5,4.995173
1.48765,1486,212.156158,188.523,5,4.858842
1.48885,1487,212.156158,188.527435,5,5.087878
1.48887,1488,212.156158,188.532333,5,4.98426628
1.49066,1489,212.156158,188.536926,5,5.09878445
1.49254,1490,212.156158,188.5426,5,4.869748
1.49256,1491,212.156158,188.547714,5,4.913374
1.49375,1492,212.156158,188.552429,5,5.05515862
1.49561,1493,212.156158,188.557144,5,5.016986
1.49565,1494,212.156158,188.561966,5,5.038799
1.49684,1495,212.156158,188.567642,5,4.82612228
1.49685,1496,212.156158,188.572281,5,4.995173
1.49870,1497,212.156158,188.5774,5,4.95154667
1.50053,1498,212.156158,188.58255,5,5.05515862
1.50056,1499,212.156158,188.58786,5,4.96245337
1.50175,1500,212.156158,188.597366,5,5.13150358
1.50360,1501,212.156158,188.602386,5,5.038799
1.50364,1502,212.156158,188.607468,5,4.891561
1.50485,1503,212.156158,188.612778,5,4.995173
1.50488,1504,212.156158,188.617935,5,5.05515862
1.50669,1505,212.156158,188.6228,5,5.016986
1.50854,1506,212.156158,188.62767,5,5.038799
1.50858,1507,212.156158,188.632629,5,4.869748
1.50977,1508,212.156158,188.638214,5,5.066065
1.51186,1509,212.156158,188.642822,5,4.98426628
1.51191,1510,212.156158,188.647934,5,5.05515862
1.51285,1511,212.156158,188.652878,5,5.05515862
1.51288,1512,212.156158,188.658157,5,4.97335958
1.51470,1513,212.156158,188.663116,5,5.066065
1.51654,1514,212.156158,188.667618,5,4.913374
1.51657,1515,212.156158,188.673172,5,5.066065
1.51775,1516,212.156158,188.678131,5,4.98426628
1.51961,1517,212.156158,188.6836,5,5.038799
1.51964,1518,212.156158,188.687958,5,5.006079
1.52087,1519,212.156158,188.693176,5,4.90246725
1.52090,1520,212.156158,188.6988,5,5.087878
1.52270,1521,212.156158,188.703812,5,5.038799
1.52455,1522,212.156158,188.708466,5,5.12059736
1.52458,1523,212.156158,188.712753,5,4.891561
1.52578,1524,212.156158,188.718613,5,4.92973375
1.52762,1525,212.156158,188.723892,5,5.016986
1.52764,1526,212.156158,188.728882,5,5.07697153
1.52884,1527,212.156158,188.7334,5,5.164223
1.52889,1528,212.156158,188.738037,5,4.847935
1.53072,1529,212.156158,188.7437,5,4.94064
1.53253,1530,212.156158,188.748627,5,4.92973375
1.53257,1531,212.156158,188.753937,5,5.109691
1.53375,1532,212.156158,188.758316,5,5.087878
1.53559,1533,212.156158,188.7634,5,4.90246725
1.53561,1534,212.156158,188.768631,5,4.995173
1.53687,1535,212.156158,188.773621,5,4.90246725
1.53691,1536,212.156158,188.779053,5,5.164223
1.53876,1537,212.156158,188.783768,5,5.02789259
1.54055,1538,212.156158,188.788437,5,4.95154667
1.54057,1539,212.156158,188.793274,5,4.90246725
1.54177,1540,212.156158,188.798828,5,4.913374
1.54367,1541,212.156158,188.804047,5,5.13150358
1.54372,1542,212.156158,188.808487,5,5.006079
1.54486,1543,212.156158,188.813324,5,5.016986
1.54489,1544,212.156158,188.818,5,4.78794956
1.54670,1545,212.156158,188.824066,5,4.97335958
1.54852,1546,212.156158,188.829025,5,5.13150358
1.54854,1547,212.156158,188.834091,5,5.09878445
1.54975,1548,212.156158,188.838608,5,5.087878
1.55159,1549,212.156158,188.843826,5,4.837029
1.55163,1550,212.156158,188.8496,5,5.038799
1.55286,1551,212.156158,188.854111,5,5.006079
1.55288,1552,212.156158,188.859009,5,5.087878
1.55475,1553,212.156158,188.863571,5,4.96245337
1.55651,1554,212.156158,188.8692,5,4.858842
1.55653,1555,212.156158,188.874435,5,5.087878
1.55779,1556,212.156158,188.87915,5,5.016986
1.55962,1557,212.156158,188.883667,5,5.09878445
1.55965,1558,212.156158,188.888367,5,4.891561
1.56084,1559,212.156158,188.894073,5,4.95154667
1.56085,1560,212.156158,188.898788,5,4.995173
1.56268,1561,212.156158,188.9038,5,5.006079
1.56456,1562,212.156158,188.908783,5,5.09878445
1.56459,1563,212.156158,188.9138,5,4.92973375
1.56575,1564,212.156158,188.91925,5,5.09878445
1.56760,1565,212.156158,188.923767,5,4.995173
1.56761,1566,212.156158,188.928741,5,4.98426628
1.56889,1567,212.156158,188.933746,5,4.913374
1.56894,1568,212.156158,188.938858,5,4.88065434
1.57070,1569,212.156158,188.944046,5,5.066065
1.57249,1570,212.156158,188.948639,5,4.97335958
1.57252,1571,212.156158,188.953674,5,5.05515862
1.57379,1572,212.156158,188.958374,5,4.88065434
1.57565,1573,212.156158,188.963974,5,4.96245337
1.57570,1574,212.156158,188.968689,5,5.016986
1.57684,1575,212.156158,188.973648,5,4.97335958
1.57685,1576,212.156158,188.978729,5,5.07697153
1.57891,1577,212.156158,188.983673,5,4.913374
1.58052,1578,212.156158,188.988983,5,5.05515862
1.58057,1579,212.156158,188.993332,5,4.913374
1.58175,1580,212.156158,188.998718,5,4.98426628
1.58358,1581,212.156158,189.0038,5,5.02789259
1.58360,1582,212.156158,189.008865,5,4.96245337
1.58485,1583,212.156158,189.013626,5,5.07697153
1.58488,1584,212.156158,189.018173,5,4.858842
1.58672,1585,212.156158,189.024,5,5.038799
1.58852,1586,212.156158,189.029083,5,5.038799
1.58854,1587,212.156158,189.034042,5,5.09878445
1.58976,1588,212.156158,189.038147,5,4.995173
1.59163,1589,212.156158,189.043457,5,4.837029
1.59167,1590,212.156158,189.04921,5,5.016986
1.59283,1591,212.156158,189.054123,5,5.006079
1.59284,1592,212.156158,189.05896,5,5.202396
1.59471,1593,212.156158,189.063232,5,4.96245337
1.59649,1594,212.156158,189.068817,5,4.88065434
1.59650,1595,212.156158,189.073929,5,4.95154667
1.59774,1596,212.156158,189.079117,5,5.006079
1.59959,1597,212.156158,189.088516,5,4.913374
1.59960,1598,212.156158,189.0939,5,4.98426628
1.60089,1599,212.156158,189.098846,5,4.92973375
1.60092,1600,212.156158,189.10437,5,5.087878
1.60272,1601,212.156158,189.109055,5,5.14241028
1.60451,1602,212.156158,189.113785,5,4.96245337
1.60452,1603,212.156158,189.118713,5,4.96245337
1.60576,1604,212.156158,189.1239,5,4.869748
1.60761,1605,212.156158,189.129608,5,5.109691
1.60764,1606,212.156158,189.134247,5,5.038799
1.60883,1607,212.156158,189.138916,5,5.02789259
1.60885,1608,212.156158,189.143478,5,4.90246725
1.61070,1609,212.156158,189.149155,5,4.858842
1.61252,1610,212.156158,189.1547,5,5.164223
1.61254,1611,212.156158,189.159286,5,5.087878
1.61375,1612,212.156158,189.164047,5,5.13150358
1.61559,1613,212.156158,189.168671,5,4.891561
1.61562,1614,212.156158,189.174667,5,4.96245337
1.61686,1615,212.156158,189.179489,5,5.05515862
1.61688,1616,212.156158,189.18425,5,5.038799
1.61870,1617,212.156158,189.188889,5,5.05515862
1.62049,1618,212.156158,189.19397,5,4.81521559
1.62050,1619,212.156158,189.199677,5,5.016986
1.62176,1620,212.156158,189.2043,5,5.006079
1.62364,1621,212.156158,189.209213,5,5.07697153
1.62368,1622,212.156158,189.2138,5,4.97335958
1.62484,1623,212.156158,189.219238,5,4.869748
1.62485,1624,212.156158,189.224442,5,5.02789259
1.62671,1625,212.156158,189.229111,5,4.95154667
1.62866,1626,212.156158,189.234619,5,5.12059736
1.62871,1627,212.156158,189.23938,5,4.96245337
1.62977,1628,212.156158,189.24501,5,5.038799
1.63160,1629,212.156158,189.249359,5,5.07697153
1.63162,1630,212.156158,189.2545,5,4.96245337
1.63286,1631,212.156158,189.259338,5,4.995173
1.63289,1632,212.156158,189.26445,5,4.837029
1.63470,1633,212.156158,189.269882,5,5.038799
1.63650,1634,212.156158,189.274521,5,4.995173
1.63651,1635,212.156158,189.27951,5,5.016986
1.63775,1636,212.156158,189.28418,5,4.96245337
1.63959,1637,212.156158,189.289627,5,4.90246725
1.63963,1638,212.156158,189.2947,5,5.05515862
1.64084,1639,212.156158,189.299362,5,4.96245337
1.64086,1640,212.156158,189.3046,5,5.087878
1.64270,1641,212.156158,189.309387,5,4.95154667
1.64450,1642,212.156158,189.31485,5,5.006079
1.64452,1643,212.156158,189.31926,5,4.98426628
1.64581,1644,212.156158,189.324677,5,4.90246725
1.64760,1645,212.156158,189.329926,5,5.05515862
1.64762,1646,212.156158,189.334549,5,4.913374
1.64884,1647,212.156158,189.339859,5,5.066065
1.64885,1648,212.156158,189.344254,5,4.913374
1.65069,1649,212.156158,189.3503,5,4.95154667
1.65248,1650,212.156158,189.355164,5,5.07697153
1.65250,1651,212.156158,189.360474,5,5.038799
1.65376,1652,212.156158,189.364624,5,5.07697153
1.65559,1653,212.156158,189.369614,5,4.837029
1.65562,1654,212.156158,189.375519,5,4.97335958
1.65683,1655,212.156158,189.379791,5,4.98426628
1.65685,1656,212.156158,189.384827,5,5.13150358
1.65867,1657,212.156158,189.389069,5,5.087878
1.66051,1658,212.156158,189.394226,5,4.82612228
1.66053,1659,212.156158,189.399658,5,4.95154667
1.66198,1660,212.156158,189.404556,5,4.913374
1.66363,1661,212.156158,189.409714,5,5.153317
1.66366,1662,212.156158,189.414078,5,4.98426628
1.66486,1663,212.156158,189.419388,5,4.90246725
1.66488,1664,212.156158,189.424332,5,4.95154667
1.66669,1665,212.156158,189.429565,5,4.913374
1.66850,1666,212.156158,189.434677,5,5.153317
1.66851,1667,212.156158,189.439163,5,4.95154667
1.66978,1668,212.156158,189.4441,5,4.92973375
1.67158,1669,212.156158,189.4489,5,4.837029
1.67160,1670,212.156158,189.4547,5,4.95154667
1.67283,1671,212.156158,189.459442,5,5.087878
1.67284,1672,212.156158,189.464035,5,4.97335958
1.67467,1673,212.156158,189.46875,5,4.98426628
1.67649,1674,212.156158,189.47374,5,4.75523
1.67650,1675,212.156158,189.479782,5,5.02789259
1.67776,1676,212.156158,189.484436,5,5.109691
1.67961,1677,212.156158,189.489273,5,5.109691
1.67964,1678,212.156158,189.493713,5,5.02789259
1.68086,1679,212.156158,189.499222,5,4.837029
1.68088,1680,212.156158,189.504776,5,5.07697153
1.68267,1681,212.156158,189.509277,5,4.995173
1.68450,1682,212.156158,189.51416,5,5.109691
1.68452,1683,212.156158,189.5188,5,4.913374
1.68576,1684,212.156158,189.524551,5,4.891561
1.68758,1685,212.156158,189.529572,5,5.07697153
1.68759,1686,212.156158,189.534363,5,5.016986
1.68884,1687,212.156158,189.539047,5,5.07697153
1.68885,1688,212.156158,189.543991,5,4.858842
1.69065,1689,212.156158,189.549622,5,4.98426628
1.69257,1690,212.156158,189.55423,5,4.97335958
1.69260,1691,212.156158,189.559418,5,5.05515862
1.69382,1692,212.156158,189.564621,5,5.09878445
1.69559,1693,212.156158,189.57,5,4.97335958
1.69561,1694,212.156158,189.575119,5,5.14241028
1.69685,1695,212.156158,189.584808,5,5.02789259
1.69687,1696,212.156158,189.589569,5,4.913374
1.69873,1697,212.156158,189.595245,5,4.97335958
1.70048,1698,212.156158,189.599991,5,5.087878
1.70050,1699,212.156158,189.6049,5,5.016986
1.70178,1700,212.156158,189.609741,5,5.066065
1.70358,1701,212.156158,189.614822,5,4.88065434
1.70359,1702,212.156158,189.620331,5,5.038799
1.70483,1703,212.156158,189.624878,5,4.995173
1.70484,1704,212.156158,189.630081,5,5.038799
1.70665,1705,212.156158,189.634949,5,5.066065
1.70849,1706,212.156158,189.6403,5,4.96245337
1.70852,1707,212.156158,189.645126,5,5.07697153
1.70977,1708,212.156158,189.64975,5,4.913374
1.71180,1709,212.156158,189.655273,5,5.05515862
1.71186,1710,212.156158,189.660187,5,4.995173
1.71286,1711,212.156158,189.665375,5,5.016986
1.71289,1712,212.156158,189.669724,5,5.02789259
1.71468,1713,212.156158,189.675,5,4.891561
1.71651,1714,212.156158,189.6806,5,5.087878
1.71656,1715,212.156158,189.685547,5,5.038799
1.71777,1716,212.156158,189.690216,5,5.12059736
1.71958,1717,212.156158,189.694489,5,4.913374
1.71960,1718,212.156158,189.700409,5,4.891561
1.72087,1719,212.156158,189.705643,5,5.02789259
1.72089,1720,212.156158,189.710632,5,5.05515862
1.72266,1721,212.156158,189.7151,5,5.180583
1.72449,1722,212.156158,189.719818,5,4.869748
1.72451,1723,212.156158,189.7255,5,4.92973375
1.72576,1724,212.156158,189.7304,5,4.92973375
1.72759,1725,212.156158,189.735672,5,5.07697153
1.72760,1726,212.156158,189.740067,5,5.109691
1.72887,1727,212.156158,189.745178,5,4.90246725
1.72890,1728,212.156158,189.750366,5,4.995173
1.73067,1729,212.156158,189.755447,5,4.913374
1.73251,1730,212.156158,189.76088,5,5.153317
1.73252,1731,212.156158,189.765228,5,5.05515862
1.73375,1732,212.156158,189.770218,5,4.94064
1.73561,1733,212.156158,189.775009,5,4.913374
1.73563,1734,212.156158,189.78064,5,4.90246725
1.73687,1735,212.156158,189.7858,5,5.14241028
1.73689,1736,212.156158,189.790283,5,5.006079
1.73870,1737,212.156158,189.795151,5,5.02789259
1.74049,1738,212.156158,189.79982,5,4.82612228
1.74051,1739,212.156158,189.805923,5,4.94064
1.74174,1740,212.156158,189.810791,5,5.153317
1.74358,1741,212.156158,189.815552,5,5.087878
1.74360,1742,212.156158,189.820343,5,5.087878
1.74485,1743,212.156158,189.825653,5,4.847935
1.74488,1744,212.156158,189.8314,5,5.016986
1.74666,1745,212.156158,189.835876,5,5.016986
1.74850,1746,212.156158,189.8408,5,5.07697153
1.74854,1747,212.156158,189.845673,5,4.98426628
1.74975,1748,212.156158,189.851379,5,4.847935
1.75158,1749,212.156158,189.856445,5,5.07697153
1.75159,1750,212.156158,189.8612,5,5.006079
1.75285,1751,212.156158,189.865967,5,5.09878445
1.75287,1752,212.156158,189.870834,5,4.913374
1.75468,1753,212.156158,189.876541,5,4.92973375
1.75653,1754,212.156158,189.880859,5,5.006079
1.75656,1755,212.156158,189.886612,5,4.995173
1.75774,1756,212.156158,189.890884,5,5.13150358
1.75958,1757,212.156158,189.896118,5,4.95154667
1.75960,1758,212.156158,189.901474,5,5.12059736
1.76085,1759,212.156158,189.905991,5,5.02789259
1.76088,1760,212.156158,189.911057,5,4.995173
1.76270,1761,212.156158,189.915756,5,4.96245337
1.76451,1762,212.156158,189.92131,5,4.90246725
1.76453,1763,212.156158,189.926315,5,5.09878445
1.76576,1764,212.156158,189.931076,5,4.995173
1.76758,1765,212.156158,189.93602,5,5.066065
1.76760,1766,212.156158,189.940842,5,4.90246725
1.76883,1767,212.156158,189.946442,5,4.97335958
1.76886,1768,212.156158,189.95108,5,5.02789259
1.77066,1769,212.156158,189.956192,5,4.995173
1.77255,1770,212.156158,189.961136,5,5.09878445
1.77258,1771,212.156158,189.9663,5,4.92973375
1.77375,1772,212.156158,189.971451,5,5.07697153
1.77559,1773,212.156158,189.97583,5,4.94064
1.77562,1774,212.156158,189.981354,5,4.995173
1.77682,1775,212.156158,189.9863,5,5.038799
1.77684,1776,212.156158,189.9915,5,4.97335958
1.77888,1777,212.156158,189.996,5,5.087878
1.78051,1778,212.156158,190.000961,5,4.869748
1.78054,1779,212.156158,190.006714,5,5.066065
1.78176,1780,212.156158,190.0117,5,5.066065
1.78361,1781,212.156158,190.016586,5,5.109691
1.78362,1782,212.156158,190.020691,5,5.006079
1.78486,1783,212.156158,190.026352,5,4.847935
1.78489,1784,212.156158,190.031876,5,5.02789259
1.78668,1785,212.156158,190.036835,5,5.006079
1.78857,1786,212.156158,190.041458,5,5.202396
1.78862,1787,212.156158,190.0459,5,4.95154667
1.78981,1788,212.156158,190.051651,5,4.891561
1.79159,1789,212.156158,190.0566,5,4.95154667
1.79161,1790,212.156158,190.061829,5,5.016986
1.79286,1791,212.156158,190.066437,5,5.164223
1.79289,1792,212.156158,190.071335,5,4.92973375
1.79466,1793,212.156158,190.076645,5,4.995173
1.79655,1794,212.156158,190.0816,5,4.94064
1.79657,1795,212.156158,190.091583,5,5.13150358
1.79776,1796,212.156158,190.0965,5,4.95154667
1.79960,1797,212.156158,190.101364,5,4.96245337
1.79962,1798,212.156158,190.106812,5,4.869748
1.80085,1799,212.156158,190.112244,5,5.12059736
1.80086,1800,212.156158,190.116623,5,5.05515862
1.80266,1801,212.156158,190.121582,5,5.02789259
1.80452,1802,212.156158,190.126175,5,4.891561
1.80456,1803,212.156158,190.132172,5,4.88065434
1.80574,1804,212.156158,190.137314,5,5.180583
1.80761,1805,212.156158,190.142044,5,5.09878445
1.80763,1806,212.156158,190.146622,5,5.153317
1.80883,1807,212.156158,190.151627,5,4.891561
1.80884,1808,212.156158,190.157578,5,4.98426628
1.81067,1809,212.156158,190.162155,5,5.066065
1.81251,1810,212.156158,190.167068,5,5.066065
1.81254,1811,212.156158,190.1719,5,5.066065
1.81375,1812,212.156158,190.177063,5,4.837029
1.81559,1813,212.156158,190.182526,5,5.038799
1.81562,1814,212.156158,190.187164,5,5.016986
1.81685,1815,212.156158,190.1821,5,5.09878445
1.81687,1816,212.156158,190.196991,5,4.96245337
1.81866,1817,212.156158,190.202713,5,4.90246725
1.82048,1818,212.156158,190.2075,5,5.038799
1.82050,1819,212.156158,190.212448,5,4.97335958
1.82175,1820,212.156158,190.217514,5,5.14241028
1.82359,1821,212.156158,190.2226,5,4.97335958
1.82363,1822,212.156158,190.228073,5,5.087878
1.82486,1823,212.156158,190.232529,5,5.07697153
1.82488,1824,212.156158,190.23761,5,4.98426628
1.82671,1825,212.156158,190.242355,5,5.006079
1.82868,1826,212.156158,190.247833,5,4.869748
1.82873,1827,212.156158,190.252945,5,5.087878
1.82977,1828,212.156158,190.2577,5,5.016986
1.83165,1829,212.156158,190.2627,5,5.066065
1.83168,1830,212.156158,190.267441,5,4.96245337
1.83283,1831,212.156158,190.273071,5,4.95154667
1.83285,1832,212.156158,190.277786,5,5.066065
1.83467,1833,212.156158,190.282791,5,4.97335958
1.83652,1834,212.156158,190.287842,5,5.109691
1.83654,1835,212.156158,190.292877,5,4.95154667
1.83776,1836,212.156158,190.298157,5,5.05515862
1.83961,1837,212.156158,190.302551,5,4.98426628
1.83965,1838,212.156158,190.308029,5,4.97335958
1.84083,1839,212.156158,190.313019,5,5.066065
1.84085,1840,212.156158,190.318176,5,4.96245337
1.84266,1841,212.156158,190.323074,5,5.09878445
1.84449,1842,212.156158,190.327927,5,4.891561
1.84451,1843,212.156158,190.33371,5,5.02789259
1.84581,1844,212.156158,190.338745,5,5.07697153
1.84760,1845,212.156158,190.343567,5,5.087878
1.84762,1846,212.156158,190.347733,5,5.038799
1.84884,1847,212.156158,190.353714,5,4.837029
1.84888,1848,212.156158,190.359192,5,5.016986
1.85073,1849,212.156158,190.363785,5,4.995173
1.85252,1850,212.156158,190.368484,5,5.191489
1.85255,1851,212.156158,190.373215,5,5.006079
1.85374,1852,212.156158,190.378235,5,4.858842
1.85564,1853,212.156158,190.38327,5,4.96245337
1.85567,1854,212.156158,190.388458,5,4.96245337
1.85683,1855,212.156158,190.393143,5,5.180583
1.85684,1856,212.156158,190.397842,5,4.95154667
1.85872,1857,212.156158,190.40329,5,4.97335958
1.86051,1858,212.156158,190.408157,5,4.95154667
1.86053,1859,212.156158,190.413757,5,5.038799
1.86196,1860,212.156158,190.4183,5,5.180583
1.86361,1861,212.156158,190.423126,5,4.96245337
1.86362,1862,212.156158,190.42804,5,4.98426628
1.86485,1863,212.156158,190.43335,5,4.858842
1.86486,1864,212.156158,190.43895,5,5.087878
1.86671,1865,212.156158,190.443314,5,5.07697153
1.86851,1866,212.156158,190.448257,5,5.006079
1.86853,1867,212.156158,190.4528,5,4.94064
1.86975,1868,212.156158,190.458649,5,4.82612228
1.87163,1869,212.156158,190.463989,5,5.14241028
1.87167,1870,212.156158,190.468628,5,5.087878
1.87284,1871,212.156158,190.473343,5,5.153317
1.87285,1872,212.156158,190.478088,5,4.94064
1.87468,1873,212.156158,190.484085,5,4.92973375
1.87651,1874,212.156158,190.489075,5,5.087878
1.87654,1875,212.156158,190.493668,5,5.02789259
1.87774,1876,212.156158,190.4985,5,5.087878
1.87959,1877,212.156158,190.5035,5,4.837029
1.87961,1878,212.156158,190.5091,5,4.995173
1.88085,1879,212.156158,190.513718,5,5.02789259
1.88087,1880,212.156158,190.518921,5,5.066065
1.88270,1881,212.156158,190.523514,5,5.006079
1.88453,1882,212.156158,190.529144,5,4.858842
1.88456,1883,212.156158,190.534088,5,5.038799
1.88575,1884,212.156158,190.538925,5,4.96245337
1.88764,1885,212.156158,190.544083,5,5.12059736
1.88766,1886,212.156158,190.54895,5,5.006079
1.88884,1887,212.156158,190.554535,5,5.016986
1.88885,1888,212.156158,190.5591,5,5.09878445
1.89069,1889,212.156158,190.564133,5,4.98426628
1.89253,1890,212.156158,190.568848,5,5.02789259
1.89257,1891,212.156158,190.574188,5,4.858842
1.89374,1892,212.156158,190.579544,5,5.066065
1.89562,1893,212.156158,190.584137,5,5.016986
1.89565,1894,212.156158,190.589172,5,5.016986
1.89684,1895,212.156158,190.593872,5,4.995173
1.89686,1896,212.156158,190.60434,5,5.087878
1.89867,1897,212.156158,190.609222,5,4.98426628
1.90055,1898,212.156158,190.614365,5,5.109691
1.90058,1899,212.156158,190.619232,5,4.98426628
1.90174,1900,212.156158,190.62468,5,5.016986
1.90362,1901,212.156158,190.629,5,5.016986
1.90364,1902,212.156158,190.634338,5,4.92973375
1.90486,1903,212.156158,190.63945,5,5.066065
1.90488,1904,212.156158,190.644531,5,4.92973375
1.90668,1905,212.156158,190.649323,5,5.07697153
1.90850,1906,212.156158,190.6538,5,4.92973375
1.90852,1907,212.156158,190.659622,5,4.95154667
1.90976,1908,212.156158,190.664734,5,5.07697153
1.91179,1909,212.156158,190.669724,5,5.038799
1.91185,1910,212.156158,190.673843,5,5.087878
1.91290,1911,212.156158,190.679031,5,4.837029
1.91293,1912,212.156158,190.68483,5,4.97335958
1.91469,1913,212.156158,190.6897,5,4.98426628
1.91655,1914,212.156158,190.694656,5,5.12059736
1.91660,1915,212.156158,190.698883,5,5.09878445
1.91776,1916,212.156158,190.704361,5,4.82612228
1.91963,1917,212.156158,190.709549,5,4.96245337
1.91967,1918,212.156158,190.714615,5,4.92973375
1.92083,1919,212.156158,190.719543,5,5.14241028
1.92085,1920,212.156158,190.724091,5,5.016986
1.92270,1921,212.156158,190.729523,5,4.94064
1.92452,1922,212.156158,190.7344,5,4.97335958
1.92455,1923,212.156158,190.739868,5,4.96245337
1.92575,1924,212.156158,190.744659,5,5.191489
1.92759,1925,212.156158,190.749329,5,4.98426628
1.92762,1926,212.156158,190.754288,5,4.96245337
1.92886,1927,212.156158,190.759323,5,4.869748
1.92888,1928,212.156158,190.76506,5,4.98426628
1.93069,1929,212.156158,190.769547,5,5.109691
1.93250,1930,212.156158,190.774368,5,4.995173
1.93255,1931,212.156158,190.778915,5,4.995173
1.93374,1932,212.156158,190.784485,5,4.78794956
1.93561,1933,212.156158,190.790192,5,5.07697153
1.93563,1934,212.156158,190.794739,5,5.109691
1.93685,1935,212.156158,190.79953,5,5.13150358
1.93687,1936,212.156158,190.804138,5,5.016986
1.93871,1937,212.156158,190.810043,5,4.858842
1.94050,1938,212.156158,190.8153,5,5.09878445
1.94053,1939,212.156158,190.820068,5,5.006079
1.94174,1940,212.156158,190.824738,5,5.109691
1.94362,1941,212.156158,190.829819,5,4.90246725
1.94364,1942,212.156158,190.835526,5,4.92973375
1.94485,1943,212.156158,190.840485,5,5.07697153
1.94487,1944,212.156158,190.845428,5,5.016986
1.94669,1945,212.156158,190.849976,5,5.066065
1.94853,1946,212.156158,190.8555,5,4.858842
1.94856,1947,212.156158,190.860641,5,4.995173
1.94978,1948,212.156158,190.865356,5,4.97335958
1.95161,1949,212.156158,190.87059,5,5.07697153
1.95163,1950,212.156158,190.875381,5,5.066065
1.95283,1951,212.156158,190.881012,5,4.995173
1.95284,1952,212.156158,190.885651,5,5.14241028
1.95471,1953,212.156158,190.890244,5,4.995173
1.95652,1954,212.156158,190.895142,5,5.038799
1.95656,1955,212.156158,190.900177,5,4.891561
1.95775,1956,212.156158,190.905777,5,4.995173
1.95960,1957,212.156158,190.9103,5,5.05515862
1.95961,1958,212.156158,190.915329,5,4.98426628
1.96086,1959,212.156158,190.919952,5,5.02789259
1.96089,1960,212.156158,190.925339,5,4.82612228
1.96267,1961,212.156158,190.93042,5,5.006079
1.96453,1962,212.156158,190.935013,5,4.94064
1.96455,1963,212.156158,190.94017,5,4.98426628
1.96575,1964,212.156158,190.944962,5,5.006079
1.96760,1965,212.156158,190.9504,5,4.90246725
1.96762,1966,212.156158,190.954865,5,5.016986
1.96884,1967,212.156158,190.959732,5,4.858842
1.96887,1968,212.156158,190.965088,5,4.995173
1.97068,1969,212.156158,190.97,5,4.95154667
1.97252,1970,212.156158,190.975113,5,4.97335958
1.97256,1971,212.156158,190.979355,5,4.995173
1.97376,1972,212.156158,190.984863,5,4.837029
1.97562,1973,212.156158,190.990265,5,5.05515862
1.97564,1974,212.156158,190.995209,5,5.006079
1.97689,1975,212.156158,190.999649,5,5.09878445
1.97691,1976,212.156158,191.00415,5,4.913374
1.97879,1977,212.156158,191.010147,5,4.858842
1.98049,1978,212.156158,191.015213,5,5.016986
1.98052,1979,212.156158,191.020218,5,5.02789259
1.98176,1980,212.156158,191.024521,5,5.191489
1.98362,1981,212.156158,191.029526,5,4.88065434
1.98364,1982,212.156158,191.035065,5,4.92973375
1.98484,1983,212.156158,191.039978,5,4.94064
1.98485,1984,212.156158,191.045258,5,5.066065
1.98670,1985,212.156158,191.0496,5,5.14241028
1.98854,1986,212.156158,191.054886,5,4.90246725
1.98857,1987,212.156158,191.059952,5,5.006079
1.98975,1988,212.156158,191.065186,5,4.913374
1.99163,1989,212.156158,191.070419,5,5.153317
1.99165,1990,212.156158,191.07489,5,5.087878
1.99284,1991,212.156158,191.07991,5,4.94064
1.99286,1992,212.156158,191.0847,5,4.95154667
1.99468,1993,212.156158,191.095367,5,5.14241028
1.99650,1994,212.156158,191.099976,5,5.02789259
1.99655,1995,212.156158,191.104721,5,5.038799
1.99775,1996,212.156158,191.10968,5,4.847935
1.99960,1997,212.156158,191.115738,5,4.92973375
1.99962,1998,212.156158,191.120377,5,5.164223
2.00083,1999,212.156158,191.125244,5,5.07697153
2.00085,2000,212.156158,191.129684,5,5.09878445
2.00271,2001,212.156158,191.1352,5,4.837029
2.00450,2002,212.156158,191.140747,5,4.995173
2.00452,2003,212.156158,191.145264,5,5.016986
2.00580,2004,212.156158,191.1501,5,5.066065
2.00766,2005,212.156158,191.155014,5,4.995173
2.00770,2006,212.156158,191.160843,5,4.82612228
2.00884,2007,212.156158,191.165756,5,5.05515862
2.00886,2008,212.156158,191.170547,5,4.995173
2.01070,2009,212.156158,191.175247,5,5.087878
2.01252,2010,212.156158,191.180252,5,4.92973375
2.01255,2011,212.156158,191.185883,5,4.913374
2.01375,2012,212.156158,191.19075,5,5.016986
2.01560,2013,212.156158,191.195679,5,4.98426628
2.01564,2014,212.156158,191.2005,5,5.14241028
2.01685,2015,212.156158,191.205887,5,4.96245337
2.01687,2016,212.156158,191.211044,5,5.109691
2.01872,2017,212.156158,191.215637,5,5.05515862
2.02053,2018,212.156158,191.220718,5,4.995173
2.02056,2019,212.156158,191.225464,5,4.98426628
2.02177,2020,212.156158,191.231125,5,4.891561
2.02361,2021,212.156158,191.235886,5,5.09878445
2.02363,2022,212.156158,191.2408,5,5.006079
2.02484,2023,212.156158,191.245636,5,5.07697153
2.02486,2024,212.156158,191.2507,5,4.92973375
2.02671,2025,212.156158,191.25621,5,4.97335958
2.02864,2026,212.156158,191.260818,5,5.05515862
2.02870,2027,212.156158,191.265961,5,4.98426628
2.02978,2028,212.156158,191.270828,5,5.109691
2.03163,2029,212.156158,191.276184,5,4.94064
2.03167,2030,212.156158,191.280975,5,5.066065
2.03284,2031,212.156158,191.285614,5,4.95154667
2.03287,2032,212.156158,191.291168,5,4.98426628
2.03469,2033,212.156158,191.296051,5,5.05515862
2.03657,2034,212.156158,191.301239,5,4.96245337
2.03661,2035,212.156158,191.305588,5,5.087878
2.03775,2036,212.156158,191.310822,5,4.869748
2.03965,2037,212.156158,191.316452,5,5.02789259
2.03968,2038,212.156158,191.321442,5,5.05515862
2.04084,2039,212.156158,191.326309,5,5.087878
2.04085,2040,212.156158,191.330627,5,5.006079
2.04267,2041,212.156158,191.336578,5,4.82612228
2.04453,2042,212.156158,191.341736,5,5.016986
2.04457,2043,212.156158,191.346725,5,4.98426628
2.04578,2044,212.156158,191.351166,5,5.191489
2.04763,2045,212.156158,191.355911,5,4.97335958
2.04767,2046,212.156158,191.361588,5,4.858842
2.04885,2047,212.156158,191.366455,5,4.95154667
2.04888,2048,212.156158,191.371735,5,4.98426628
2.05071,2049,212.156158,191.376083,5,5.153317
2.05251,2050,212.156158,191.380875,5,4.92973375
2.05253,2051,212.156158,191.386139,5,4.96245337
2.05388,2052,212.156158,191.391144,5,4.92973375
2.05564,2053,212.156158,191.3966,5,5.05515862
2.05566,2054,212.156158,191.401,5,5.14241028
2.05685,2055,212.156158,191.406036,5,4.96245337
2.05686,2056,212.156158,191.410843,5,4.98426628
2.05871,2057,212.156158,191.4165,5,4.869748
2.06053,2058,212.156158,191.421692,5,5.12059736
2.06056,2059,212.156158,191.426208,5,5.07697153
2.06199,2060,212.156158,191.431076,5,5.038799
2.06366,2061,212.156158,191.435913,5,4.95154667
2.06371,2062,212.156158,191.442017,5,4.891561
2.06484,2063,212.156158,191.446884,5,5.202396
2.06486,2064,212.156158,191.452011,5,5.13150358
2.06669,2065,212.156158,191.456573,5,5.180583
2.06851,2066,212.156158,191.46199,5,4.94064
2.06855,2067,212.156158,191.467667,5,4.995173
2.06977,2068,212.156158,191.472183,5,5.09878445
2.07166,2069,212.156158,191.477081,5,5.066065
2.07168,2070,212.156158,191.481689,5,5.07697153
2.07284,2071,212.156158,191.487076,5,4.847935
2.07285,2072,212.156158,191.492538,5,5.038799
2.07475,2073,212.156158,191.4973,5,5.016986
2.07650,2074,212.156158,191.502014,5,5.09878445
2.07653,2075,212.156158,191.506882,5,4.97335958
2.07780,2076,212.156158,191.512558,5,4.88065434
2.07966,2077,212.156158,191.517151,5,5.038799
2.07970,2078,212.156158,191.522308,5,4.96245337
2.08089,2079,212.156158,191.527176,5,5.12059736
2.08092,2080,212.156158,191.532455,5,4.96245337
2.08269,2081,212.156158,191.537674,5,5.038799
2.08452,2082,212.156158,191.542191,5,5.066065
2.08455,2083,212.156158,191.547272,5,4.96245337
2.08577,2084,212.156158,191.551941,5,4.995173
2.08763,2085,212.156158,191.557541,5,4.837029
2.08767,2086,212.156158,191.562408,5,5.05515862
2.08884,2087,212.156158,191.5672,5,4.98426628
2.08886,2088,212.156158,191.572067,5,5.016986
2.09068,2089,212.156158,191.576935,5,4.94064
2.09249,2090,212.156158,191.582535,5,4.90246725
2.09252,2091,212.156158,191.587128,5,5.05515862
2.09377,2092,212.156158,191.592529,5,4.95154667
2.09564,2093,212.156158,191.597153,5,5.07697153
2.09569,2094,212.156158,191.607376,5,5.006079
2.09686,2095,212.156158,191.611816,5,4.98426628
2.09687,2096,212.156158,191.617279,5,4.92973375
2.09870,2097,212.156158,191.622238,5,5.05515862
2.10057,2098,212.156158,191.62738,5,4.92973375
2.10059,2099,212.156158,191.6319,5,5.087878
2.10174,2100,212.156158,191.63678,5,4.913374
2.10364,2101,212.156158,191.642838,5,4.96245337
2.10368,2102,212.156158,191.647522,5,5.07697153
2.10485,2103,212.156158,191.652359,5,5.02789259
2.10488,2104,212.156158,191.656464,5,5.05515862
2.10667,2105,212.156158,191.662018,5,4.82612228
2.10851,2106,212.156158,191.667618,5,4.97335958
2.10854,2107,212.156158,191.672485,5,4.97335958
2.10975,2108,212.156158,191.6772,5,5.14241028
2.11181,2109,212.156158,191.681549,5,5.066065
2.11185,2110,212.156158,191.68721,5,4.81521559
2.11285,2111,212.156158,191.692169,5,4.95154667
2.11287,2112,212.156158,191.6974,5,4.913374
2.11473,2113,212.156158,191.702042,5,5.153317
2.11650,2114,212.156158,191.706787,5,4.98426628
2.11652,2115,212.156158,191.712189,5,4.94064
2.11776,2116,212.156158,191.717056,5,4.97335958
2.11965,2117,212.156158,191.72261,5,4.95154667
2.11969,2118,212.156158,191.727158,5,5.191489
2.12083,2119,212.156158,191.732,5,4.97335958
2.12087,2120,212.156158,191.736816,5,4.96245337
2.12269,2121,212.156158,191.742142,5,4.858842
2.12448,2122,212.156158,191.7477,5,4.995173
2.12451,2123,212.156158,191.752045,5,5.09878445
2.12580,2124,212.156158,191.756958,5,4.98426628
2.12760,2125,212.156158,191.76152,5,4.98426628
2.12762,2126,212.156158,191.767334,5,4.76613665
2.12894,2127,212.156158,191.772964,5,5.07697153
2.12904,2128,212.156158,191.777328,5,5.109691
2.13071,2129,212.156158,191.782,5,5.13150358
2.13250,2130,212.156158,191.786743,5,5.016986
2.13253,2131,212.156158,191.79274,5,4.858842
2.13376,2132,212.156158,191.797775,5,5.087878
2.13562,2133,212.156158,191.8026,5,4.995173
2.13564,2134,212.156158,191.807114,5,5.109691
2.13686,2135,212.156158,191.812469,5,4.88065434
2.13688,2136,212.156158,191.818024,5,4.913374
2.13871,2137,212.156158,191.822647,5,5.066065
2.14049,2138,212.156158,191.827576,5,5.02789259
2.14050,2139,212.156158,191.8322,5,5.066065
2.14177,2140,212.156158,191.8378,5,4.858842
2.14370,2141,212.156158,191.842758,5,5.006079
2.14373,2142,212.156158,191.84758,5,4.97335958
2.14488,2143,212.156158,191.852737,5,5.07697153
2.14491,2144,212.156158,191.857971,5,5.066065
2.14671,2145,212.156158,191.863556,5,4.98426628
2.14849,2146,212.156158,191.868073,5,5.14241028
2.14850,2147,212.156158,191.8731,5,5.006079
2.14976,2148,212.156158,191.877853,5,5.038799
2.15165,2149,212.156158,191.88324,5,4.891561
2.15168,2150,212.156158,191.888519,5,4.995173
2.15283,2151,212.156158,191.893143,5,5.05515862
2.15285,2152,212.156158,191.897873,5,5.016986
2.15469,2153,212.156158,191.902588,5,5.038799
2.15653,2154,212.156158,191.908218,5,4.869748
2.15655,2155,212.156158,191.91304,5,5.05515862
2.15778,2156,212.156158,191.917877,5,4.995173
2.15960,2157,212.156158,191.923065,5,5.066065
2.15961,2158,212.156158,191.927948,5,5.038799
2.16084,2159,212.156158,191.93338,5,4.98426628
2.16090,2160,212.156158,191.937683,5,5.066065
2.16270,2161,212.156158,191.943069,5,4.90246725
2.16450,2162,212.156158,191.9482,5,5.066065
2.16453,2163,212.156158,191.953262,5,4.97335958
2.16577,2164,212.156158,191.9581,5,5.02789259
2.16770,2165,212.156158,191.962616,5,5.006079
2.16773,2166,212.156158,191.968445,5,4.90246725
2.16884,2167,212.156158,191.973511,5,5.087878
2.16886,2168,212.156158,191.9785,5,5.038799
2.17068,2169,212.156158,191.98262,5,5.12059736
2.17252,2170,212.156158,191.987808,5,4.90246725
2.17255,2171,212.156158,191.993652,5,4.913374
2.17379,2172,212.156158,191.99855,5,5.016986
2.17563,2173,212.156158,192.003464,5,5.066065
2.17571,2174,212.156158,192.00766,5,5.153317
2.17684,2175,212.156158,192.013184,5,4.847935
2.17686,2176,212.156158,192.018326,5,4.92973375
2.17901,2177,212.156158,192.023468,5,4.92973375
2.18051,2178,212.156158,192.028351,5,5.09878445
2.18052,2179,212.156158,192.032867,5,5.07697153
2.18176,2180,212.156158,192.03833,5,4.90246725
2.18364,2181,212.156158,192.043213,5,4.995173
2.18366,2182,212.156158,192.048691,5,4.913374
2.18485,2183,212.156158,192.053436,5,5.164223
2.18488,2184,212.156158,192.058151,5,5.02789259
2.18668,2185,212.156158,192.063065,5,4.94064
2.18851,2186,212.156158,192.0681,5,4.913374
2.18853,2187,212.156158,192.073883,5,4.913374
2.18979,2188,212.156158,192.078278,5,5.13150358
2.19171,2189,212.156158,192.083084,5,4.98426628
2.19175,2190,212.156158,192.087662,5,5.006079
2.19285,2191,212.156158,192.099213,5,4.96245337
2.19286,2192,212.156158,192.103409,5,5.14241028
2.19467,2193,212.156158,192.1082,5,5.087878
2.19650,2194,212.156158,192.112747,5,5.07697153
2.19652,2195,212.156158,192.118591,5,4.798856
2.19776,2196,212.156158,192.123611,5,5.016986
2.19964,2197,212.156158,192.128525,5,4.98426628
2.19966,2198,212.156158,192.1332,5,5.05515862
2.20085,2199,212.156158,192.138153,5,4.95154667
2.20086,2200,212.156158,192.1439,5,4.82612228
2.20267,2201,212.156158,192.148575,5,5.05515862
2.20449,2202,212.156158,192.153488,5,4.98426628
2.20450,2203,212.156158,192.158035,5,5.07697153
2.20576,2204,212.156158,192.163345,5,4.88065434
2.20761,2205,212.156158,192.168671,5,4.913374
2.20762,2206,212.156158,192.173309,5,4.995173
2.20884,2207,212.156158,192.178452,5,4.97335958
2.20886,2208,212.156158,192.183243,5,5.109691
2.21068,2209,212.156158,192.188843,5,4.92973375
2.21254,2210,212.156158,192.193634,5,5.09878445
2.21256,2211,212.156158,192.19838,5,5.016986
2.21378,2212,212.156158,192.203369,5,4.98426628
2.21560,2213,212.156158,192.208237,5,4.95154667
2.21562,2214,212.156158,192.213867,5,4.891561
2.21684,2215,212.156158,192.218475,5,5.09878445
2.21686,2216,212.156158,192.223541,5,4.995173
2.21866,2217,212.156158,192.22821,5,5.07697153
2.22049,2218,212.156158,192.233536,5,4.913374
2.22050,2219,212.156158,192.2388,5,4.97335958
2.22179,2220,212.156158,192.243439,5,5.038799
2.22361,2221,212.156158,192.248672,5,4.97335958
2.22362,2222,212.156158,192.253464,5,5.09878445
2.22485,2223,212.156158,192.258926,5,4.92973375
2.22486,2224,212.156158,192.263489,5,5.07697153
2.22666,2225,212.156158,192.2684,5,4.95154667
2.22849,2226,212.156158,192.273788,5,4.98426628
2.22853,2227,212.156158,192.278732,5,5.05515862
2.22981,2228,212.156158,192.283813,5,4.95154667
2.23160,2229,212.156158,192.288132,5,5.07697153
2.23161,2230,212.156158,192.29364,5,4.869748
2.23285,2231,212.156158,192.299072,5,5.02789259
2.23287,2232,212.156158,192.304031,5,5.038799
2.23466,2233,212.156158,192.308426,5,5.09878445
2.23649,2234,212.156158,192.312973,5,5.006079
2.23650,2235,212.156158,192.31897,5,4.82612228
2.23775,2236,212.156158,192.324,5,5.016986
2.23961,2237,212.156158,192.328979,5,4.98426628
2.23963,2238,212.156158,192.3333,5,5.180583
2.24084,2239,212.156158,192.338287,5,4.96245337
2.24088,2240,212.156158,192.344116,5,4.847935
2.24266,2241,212.156158,192.349045,5,4.94064
2.24450,2242,212.156158,192.354233,5,4.97335958
2.24453,2243,212.156158,192.358582,5,5.153317
2.24577,2244,212.156158,192.363892,5,4.913374
2.24763,2245,212.156158,192.3689,5,4.97335958
2.24764,2246,212.156158,192.374527,5,4.92973375
2.24884,2247,212.156158,192.3796,5,5.05515862
2.24888,2248,212.156158,192.384109,5,5.14241028
2.25068,2249,212.156158,192.388489,5,4.94064
2.25251,2250,212.156158,192.393341,5,4.96245337
2.25252,2251,212.156158,192.399078,5,4.847935
2.25378,2252,212.156158,192.40419,5,5.087878
2.25559,2253,212.156158,192.408508,5,5.05515862
2.25562,2254,212.156158,192.413544,5,4.995173
2.25686,2255,212.156158,192.418182,5,4.90246725
2.25689,2256,212.156158,192.424286,5,4.82612228
2.25868,2257,212.156158,192.428955,5,5.153317
2.26052,2258,212.156158,192.434113,5,5.087878
2.26055,2259,212.156158,192.438629,5,5.14241028
2.26174,2260,212.156158,192.444138,5,4.913374
2.26361,2261,212.156158,192.449692,5,4.94064
2.26362,2262,212.156158,192.4542,5,5.07697153
2.26488,2263,212.156158,192.459076,5,5.038799
2.26491,2264,212.156158,192.463715,5,5.087878
2.26666,2265,212.156158,192.4695,5,4.837029
2.26850,2266,212.156158,192.474487,5,5.016986
2.26852,2267,212.156158,192.479248,5,5.02789259
2.26976,2268,212.156158,192.483963,5,5.07697153
2.27160,2269,212.156158,192.488953,5,5.006079
2.27161,2270,212.156158,192.494583,5,4.869748
2.27285,2271,212.156158,192.499176,5,5.05515862
2.27288,2272,212.156158,192.504364,5,4.96245337
2.27465,2273,212.156158,192.5092,5,5.12059736
2.27650,2274,212.156158,192.514587,5,4.995173
2.27653,2275,212.156158,192.519745,5,5.038799
2.27774,2276,212.156158,192.524338,5,5.09878445
2.27962,2277,212.156158,192.5294,5,4.98426628
2.27963,2278,212.156158,192.534164,5,5.02789259
2.28085,2279,212.156158,192.539841,5,4.858842
2.28087,2280,212.156158,192.544586,5,5.066065
2.28267,2281,212.156158,192.549454,5,5.016986
2.28453,2282,212.156158,192.554291,5,5.038799
2.28457,2283,212.156158,192.559326,5,4.97335958
2.28576,2284,212.156158,192.56488,5,4.913374
2.28760,2285,212.156158,192.569427,5,5.07697153
2.28762,2286,212.156158,192.574585,5,4.96245337
2.28883,2287,212.156158,192.579453,5,5.09878445
2.28885,2288,212.156158,192.584763,5,4.97335958
2.29068,2289,212.156158,192.58963,5,5.016986
2.29251,2290,212.156158,192.594238,5,5.006079
2.29253,2291,212.156158,192.599747,5,4.92973375
2.29375,2292,212.156158,192.60466,5,5.066065
2.29562,2293,212.156158,192.614212,5,5.07697153
2.29565,2294,212.156158,192.619354,5,4.913374
2.29685,2295,212.156158,192.624985,5,4.95154667
2.29687,2296,212.156158,192.629974,5,5.07697153
2.29866,2297,212.156158,192.634613,5,5.038799
2.30053,2298,212.156158,192.638855,5,5.07697153
2.30057,2299,212.156158,192.645035,5,4.81521559
2.30177,2300,212.156158,192.649979,5,4.96245337
2.30359,2301,212.156158,192.6549,5,4.97335958
2.30361,2302,212.156158,192.659454,5,5.12059736
2.30484,2303,212.156158,192.664,5,5.07697153
2.30485,2304,212.156158,192.669678,5,4.81521559
2.30666,2305,212.156158,192.674637,5,4.94064
2.30849,2306,212.156158,192.679855,5,4.92973375
2.30851,2307,212.156158,192.6843,5,5.14241028
2.30975,2308,212.156158,192.6893,5,4.98426628
2.31164,2309,212.156158,192.694611,5,4.92973375
2.31167,2310,212.156158,192.699478,5,4.96245337
2.31289,2311,212.156158,192.705032,5,4.95154667
2.31291,2312,212.156158,192.709427,5,5.191489
2.31467,2313,212.156158,192.714417,5,4.97335958
2.31650,2314,212.156158,192.719208,5,4.96245337
2.31652,2315,212.156158,192.724686,5,4.869748
2.31776,2316,212.156158,192.73,5,4.97335958
2.31964,2317,212.156158,192.73439,5,5.109691
2.31968,2318,212.156158,192.7393,5,4.98426628
2.32083,2319,212.156158,192.7442,5,4.98426628
2.32084,2320,212.156158,192.749832,5,4.76613665
2.32267,2321,212.156158,192.754959,5,5.05515862
2.32455,2322,212.156158,192.759949,5,5.09878445
2.32458,2323,212.156158,192.7645,5,5.09878445
2.32574,2324,212.156158,192.769577,5,5.016986
2.32762,2325,212.156158,192.7754,5,4.847935
2.32764,2326,212.156158,192.78,5,5.07697153
2.32887,2327,212.156158,192.784882,5,5.006079
2.32890,2328,212.156158,192.789383,5,5.087878
2.33067,2329,212.156158,192.794891,5,4.891561
2.33250,2330,212.156158,192.8003,5,4.90246725
2.33252,2331,212.156158,192.804932,5,5.05515862
2.33375,2332,212.156158,192.809753,5,5.016986
2.33564,2333,212.156158,192.814392,5,5.066065
2.33567,2334,212.156158,192.8201,5,4.847935
2.33684,2335,212.156158,192.82489,5,4.98426628
2.33686,2336,212.156158,192.829849,5,4.96245337
2.33866,2337,212.156158,192.834885,5,5.05515862
2.34052,2338,212.156158,192.839828,5,5.066065
2.34053,2339,212.156158,192.8457,5,4.95154667
2.34176,2340,212.156158,192.850174,5,5.13150358
2.34366,2341,212.156158,192.854935,5,4.98426628
2.34369,2342,212.156158,192.859924,5,5.02789259
2.34483,2343,212.156158,192.865433,5,4.891561
2.34484,2344,212.156158,192.8705,5,4.96245337
2.34675,2345,212.156158,192.875214,5,5.066065
2.34856,2346,212.156158,192.880219,5,4.98426628
2.34859,2347,212.156158,192.884918,5,5.05515862
2.34977,2348,212.156158,192.890549,5,4.858842
2.35162,2349,212.156158,192.895554,5,5.02789259
2.35164,2350,212.156158,192.899857,5,4.98426628
2.35283,2351,212.156158,192.904968,5,5.016986
2.35285,2352,212.156158,192.909927,5,5.05515862
2.35467,2353,212.156158,192.915283,5,4.94064
2.35654,2354,212.156158,192.919556,5,5.066065
2.35657,2355,212.156158,192.924942,5,4.891561
2.35775,2356,212.156158,192.930008,5,5.016986
2.35962,2357,212.156158,192.935043,5,4.97335958
2.35965,2358,212.156158,192.9398,5,4.97335958
2.36087,2359,212.156158,192.944275,5,5.006079
2.36091,2360,212.156158,192.9501,5,4.837029
2.36268,2361,212.156158,192.955139,5,5.05515862
2.36452,2362,212.156158,192.960129,5,5.006079
2.36455,2363,212.156158,192.9642,5,5.087878
2.36575,2364,212.156158,192.96936,5,4.90246725
2.36762,2365,212.156158,192.975143,5,4.837029
2.36765,2366,212.156158,192.980011,5,4.995173
2.36886,2367,212.156158,192.9849,5,4.995173
2.36888,2368,212.156158,192.989136,5,5.164223
2.37070,2369,212.156158,192.994568,5,4.88065434
2.37253,2370,212.156158,192.9998,5,4.88065434
2.37256,2371,212.156158,193.004852,5,4.913374
2.37374,2372,212.156158,193.009735,5,5.016986
2.37564,2373,212.156158,193.014221,5,5.12059736
2.37567,2374,212.156158,193.019638,5,4.869748
2.37683,2375,212.156158,193.024521,5,4.97335958
2.37685,2376,212.156158,193.03,5,4.891561
2.37887,2377,212.156158,193.03479,5,5.09878445
2.38051,2378,212.156158,193.039459,5,5.09878445
2.38054,2379,212.156158,193.0447,5,4.94064
2.38176,2380,212.156158,193.049713,5,4.94064
2.38361,2381,212.156158,193.055511,5,4.858842
2.38363,2382,212.156158,193.059952,5,5.13150358
2.38483,2383,212.156158,193.064774,5,5.016986
2.38485,2384,212.156158,193.069336,5,5.02789259
2.38670,2385,212.156158,193.07489,5,4.858842
2.38854,2386,212.156158,193.0803,5,4.869748
2.38856,2387,212.156158,193.085114,5,5.164223
2.38974,2388,212.156158,193.0899,5,5.07697153
2.39163,2389,212.156158,193.1004,5,4.858842
2.39167,2390,212.156158,193.1054,5,4.97335958
2.39285,2391,212.156158,193.110153,5,5.038799
2.39288,2392,212.156158,193.114822,5,5.066065
2.39467,2393,212.156158,193.119781,5,5.038799
2.39653,2394,212.156158,193.125565,5,4.837029
2.39657,2395,212.156158,193.13028,5,5.05515862
2.39776,2396,212.156158,193.1352,5,5.016986
2.39965,2397,212.156158,193.139786,5,5.09878445
2.39968,2398,212.156158,193.145172,5,4.95154667
2.40083,2399,212.156158,193.1505,5,4.913374
2.40085,2400,212.156158,193.155121,5,5.038799
2.40269,2401,212.156158,193.160355,5,4.97335958
2.40453,2402,212.156158,193.165115,5,5.14241028
2.40455,2403,212.156158,193.170746,5,4.96245337
2.40576,2404,212.156158,193.175491,5,5.087878
2.40764,2405,212.156158,193.180283,5,5.066065
2.40767,2406,212.156158,193.185242,5,4.98426628
2.40883,2407,212.156158,193.190231,5,4.995173
2.40887,2408,212.156158,193.195816,5,4.88065434
2.41069,2409,212.156158,193.200424,5,5.087878
2.41253,2410,212.156158,193.2054,5,5.006079
2.41256,2411,212.156158,193.210114,5,5.05515862
2.41376,2412,212.156158,193.215515,5,4.94064
2.41562,2413,212.156158,193.2207,5,4.94064
2.41565,2414,212.156158,193.2253,5,5.05515862
2.41684,2415,212.156158,193.230576,5,4.97335958
2.41686,2416,212.156158,193.235367,5,5.09878445
2.41871,2417,212.156158,193.240829,5,4.94064
2.42051,2418,212.156158,193.245316,5,5.05515862
2.42053,2419,212.156158,193.250351,5,4.96245337
2.42176,2420,212.156158,193.255692,5,4.95154667
2.42363,2421,212.156158,193.2606,5,5.05515862
2.42365,2422,212.156158,193.265671,5,4.92973375
2.42484,2423,212.156158,193.269989,5,5.087878
2.42485,2424,212.156158,193.275574,5,4.88065434
2.42670,2425,212.156158,193.28093,5,5.006079
2.42864,2426,212.156158,193.285889,5,5.07697153
2.42868,2427,212.156158,193.290283,5,5.066065
2.42977,2428,212.156158,193.294952,5,5.038799
2.43165,2429,212.156158,193.300949,5,4.82612228
2.43170,2430,212.156158,193.305908,5,4.995173
2.43285,2431,212.156158,193.310974,5,4.995173
2.43289,2432,212.156158,193.315216,5,5.191489
2.43469,2433,212.156158,193.320313,5,5.006079
2.43650,2434,212.156158,193.325821,5,4.847935
2.43653,2435,212.156158,193.33107,5,4.96245337
2.43775,2436,212.156158,193.336212,5,4.96245337
2.43963,2437,212.156158,193.340286,5,5.180583
2.43966,2438,212.156158,193.346359,5,4.97335958
2.44084,2439,212.156158,193.350952,5,4.97335958
2.44086,2440,212.156158,193.3563,5,4.96245337
2.44271,2441,212.156158,193.361618,5,5.164223
2.44451,2442,212.156158,193.365891,5,5.164223
2.44453,2443,212.156158,193.37088,5,4.95154667
2.44583,2444,212.156158,193.376038,5,4.847935
2.44761,2445,212.156158,193.381866,5,5.05515862
2.44763,2446,212.156158,193.386459,5,5.05515862
2.44888,2447,212.156158,193.390533,5,4.98426628
2.44892,2448,212.156158,193.395767,5,4.92973375
2.45072,2449,212.156158,193.401,5,4.76613665
2.45253,2450,212.156158,193.40654,5,4.76613665
2.45257,2451,212.156158,193.411148,5,5.09878445
2.45374,2452,212.156158,193.416016,5,5.066065
2.45562,2453,212.156158,193.420456,5,5.12059736
2.45565,2454,212.156158,193.426041,5,4.94064
2.45686,2455,212.156158,193.431519,5,4.88065434
2.45688,2456,212.156158,193.43602,5,5.07697153
2.45869,2457,212.156158,193.4409,5,5.006079
2.46052,2458,212.156158,193.445572,5,5.087878
2.46056,2459,212.156158,193.451447,5,4.858842
2.46197,2460,212.156158,193.45636,5,4.995173
2.46363,2461,212.156158,193.461227,5,5.066065
2.46366,2462,212.156158,193.465866,5,5.087878
2.46486,2463,212.156158,193.470978,5,5.05515862
2.46488,2464,212.156158,193.476608,5,4.88065434
2.46669,2465,212.156158,193.481232,5,5.066065
2.46851,2466,212.156158,193.486435,5,4.995173
2.46853,2467,212.156158,193.491226,5,5.13150358
2.46976,2468,212.156158,193.496765,5,5.038799
2.47161,2469,212.156158,193.5018,5,5.05515862
2.47164,2470,212.156158,193.506485,5,5.13150358
2.47287,2471,212.156158,193.511551,5,5.006079
2.47289,2472,212.156158,193.516357,5,5.066065
2.47471,2473,212.156158,193.522064,5,4.88065434
2.47653,2474,212.156158,193.526733,5,5.07697153
2.47655,2475,212.156158,193.531677,5,5.038799
2.47783,2476,212.156158,193.536514,5,5.02789259
2.47964,2477,212.156158,193.541656,5,5.016986
2.47967,2478,212.156158,193.5471,5,4.90246725
2.48084,2479,212.156158,193.5517,5,5.087878
2.48085,2480,212.156158,193.556839,5,4.98426628
2.48271,2481,212.156158,193.561722,5,5.087878
2.48451,2482,212.156158,193.567108,5,4.995173
2.48454,2483,212.156158,193.571777,5,5.006079
2.48574,2484,212.156158,193.576538,5,5.006079
2.48761,2485,212.156158,193.582016,5,4.92973375
2.48764,2486,212.156158,193.586929,5,5.066065
2.48884,2487,212.156158,193.592072,5,4.94064
2.48885,2488,212.156158,193.596344,5,5.07697153
2.49069,2489,212.156158,193.60173,5,4.92973375
2.49253,2490,212.156158,193.607254,5,4.94064
2.49255,2491,212.156158,193.612213,5,5.07697153
2.49376,2492,212.156158,193.61676,5,5.02789259
2.49563,2493,212.156158,193.621109,5,5.087878
2.49568,2494,212.156158,193.6322,5,4.96245337
2.49686,2495,212.156158,193.6372,5,4.98426628
2.49689,2496,212.156158,193.6416,5,5.12059736
2.49871,2497,212.156158,193.646362,5,5.087878
2.50053,2498,212.156158,193.652,5,4.81521559
2.50056,2499,212.156158,193.65686,5,4.94064
2.50175,2500,212.156158,193.66217,5,4.90246725
2.50362,2501,212.156158,193.666519,5,5.14241028
2.50363,2502,212.156158,193.671631,5,5.006079
2.50484,2503,212.156158,193.676834,5,4.913374
2.50486,2504,212.156158,193.681854,5,4.97335958
2.50669,2505,212.156158,193.6873,5,4.92973375
2.50854,2506,212.156158,193.69165,5,5.180583
2.50858,2507,212.156158,193.69696,5,4.96245337
2.50974,2508,212.156158,193.7017,5,4.869748
2.51183,2509,212.156158,193.707458,5,4.97335958
2.51194,2510,212.156158,193.712463,5,5.12059736
2.51289,2511,212.156158,193.71701,5,5.006079
2.51292,2512,212.156158,193.7218,5,5.016986
2.51471,2513,212.156158,193.726639,5,4.777043
2.51653,2514,212.156158,193.732712,5,5.05515862
2.51656,2515,212.156158,193.7375,5,5.12059736
2.51776,2516,212.156158,193.74234,5,5.12059736
2.51965,2517,212.156158,193.747131,5,5.038799
2.51968,2518,212.156158,193.752167,5,4.858842
2.52084,2519,212.156158,193.757874,5,5.07697153
2.52086,2520,212.156158,193.76239,5,4.995173
2.52270,2521,212.156158,193.767258,5,5.09878445
2.52454,2522,212.156158,193.7719,5,4.913374
2.52456,2523,212.156158,193.777924,5,4.90246725
2.52575,2524,212.156158,193.782715,5,5.07697153
2.52766,2525,212.156158,193.78743,5,5.038799
2.52770,2526,212.156158,193.792465,5,5.07697153
2.52886,2527,212.156158,193.797363,5,4.869748
2.52889,2528,212.156158,193.80304,5,4.995173
2.53070,2529,212.156158,193.807678,5,4.97335958
2.53253,2530,212.156158,193.812836,5,5.066065
2.53257,2531,212.156158,193.8177,5,5.087878
2.53379,2532,212.156158,193.823059,5,4.98426628
2.53568,2533,212.156158,193.8283,5,5.14241028
2.53570,2534,212.156158,193.832886,5,5.006079
2.53685,2535,212.156158,193.837921,5,5.038799
2.53686,2536,212.156158,193.842621,5,4.891561
2.53871,2537,212.156158,193.8483,5,4.98426628
2.54053,2538,212.156158,193.853134,5,5.07697153
2.54056,2539,212.156158,193.858,5,5.006079
2.54175,2540,212.156158,193.862869,5,5.066065
2.54364,2541,212.156158,193.868225,5,4.891561
2.54367,2542,212.156158,193.873734,5,5.05515862
2.54484,2543,212.156158,193.8783,5,4.995173
2.54487,2544,212.156158,193.883514,5,5.05515862
2.54670,2545,212.156158,193.888367,5,5.05515862
2.54853,2546,212.156158,193.8937,5,4.96245337
2.54856,2547,212.156158,193.89859,5,5.07697153
2.54977,2548,212.156158,193.903137,5,4.90246725
2.55166,2549,212.156158,193.908691,5,5.066065
2.55170,2550,212.156158,193.9136,5,4.98426628
2.55284,2551,212.156158,193.918747,5,5.016986
2.55286,2552,212.156158,193.9229,5,5.016986
2.55470,2553,212.156158,193.928009,5,4.891561
2.55653,2554,212.156158,193.933685,5,5.087878
2.55655,2555,212.156158,193.938675,5,5.05515862
2.55775,2556,212.156158,193.9434,5,5.12059736
2.55961,2557,212.156158,193.947632,5,4.913374
2.55964,2558,212.156158,193.953461,5,4.92973375
2.56085,2559,212.156158,193.9588,5,5.016986
2.56086,2560,212.156158,193.96373,5,5.066065
2.56268,2561,212.156158,193.968323,5,5.180583
2.56451,2562,212.156158,193.9729,5,4.858842
2.56453,2563,212.156158,193.978622,5,4.94064
2.56579,2564,212.156158,193.983566,5,4.95154667
2.56764,2565,212.156158,193.988815,5,5.09878445
2.56766,2566,212.156158,193.99324,5,5.09878445
2.56886,2567,212.156158,193.9983,5,4.90246725
2.56887,2568,212.156158,194.00354,5,4.995173
2.57071,2569,212.156158,194.008484,5,4.913374
2.57252,2570,212.156158,194.014,5,5.164223
2.57255,2571,212.156158,194.0184,5,5.02789259
2.57376,2572,212.156158,194.023346,5,4.94064
2.57560,2573,212.156158,194.028152,5,4.90246725
2.57562,2574,212.156158,194.033737,5,4.90246725
2.57686,2575,212.156158,194.038971,5,5.14241028
2.57688,2576,212.156158,194.0434,5,4.995173
2.57898,2577,212.156158,194.048279,5,5.02789259
2.58054,2578,212.156158,194.052917,5,4.798856
2.58060,2579,212.156158,194.058945,5,4.96245337
2.58176,2580,212.156158,194.06398,5,5.14241028
2.58365,2581,212.156158,194.0687,5,5.087878
2.58367,2582,212.156158,194.073242,5,5.087878
2.58484,2583,212.156158,194.078308,5,4.837029
2.58485,2584,212.156158,194.084183,5,5.038799
2.58670,2585,212.156158,194.088745,5,5.006079
2.58850,2586,212.156158,194.093643,5,5.087878
2.58852,2587,212.156158,194.09816,5,4.97335958
2.58976,2588,212.156158,194.103683,5,4.847935
2.59166,2589,212.156158,194.10907,5,5.07697153
2.59168,2590,212.156158,194.113663,5,4.995173
2.59284,2591,212.156158,194.123245,5,4.891561
2.59286,2592,212.156158,194.128922,5,4.94064
2.59469,2593,212.156158,194.133713,5,5.006079
2.59654,2594,212.156158,194.1387,5,5.006079
2.59658,2595,212.156158,194.143738,5,5.13150358
2.59777,2596,212.156158,194.1488,5,4.96245337
2.59963,2597,212.156158,194.154282,5,5.12059736
2.59967,2598,212.156158,194.1588,5,5.016986
2.60093,2599,212.156158,194.163818,5,5.006079
2.60095,2600,212.156158,194.168579,5,4.95154667
2.60268,2601,212.156158,194.174042,5,4.913374
2.60451,2602,212.156158,194.179214,5,5.09878445
2.60454,2603,212.156158,194.183914,5,5.006079
2.60574,2604,212.156158,194.18895,5,5.087878
2.60762,2605,212.156158,194.193665,5,4.90246725
2.60764,2606,212.156158,194.199341,5,5.006079
2.60884,2607,212.156158,194.204056,5,5.02789259
2.60885,2608,212.156158,194.209,5,4.995173
2.61069,2609,212.156158,194.214066,5,5.109691
2.61253,2610,212.156158,194.2191,5,4.94064
2.61256,2611,212.156158,194.22438,5,5.07697153
2.61376,2612,212.156158,194.228729,5,4.94064
2.61567,2613,212.156158,194.234253,5,5.016986
2.61569,2614,212.156158,194.239227,5,5.038799
2.61683,2615,212.156158,194.244385,5,4.98426628
2.61686,2616,212.156158,194.249023,5,5.07697153
2.61873,2617,212.156158,194.253738,5,4.869748
2.62049,2618,212.156158,194.259552,5,5.066065
2.62051,2619,212.156158,194.264557,5,5.038799
2.62175,2620,212.156158,194.269516,5,5.109691
2.62363,2621,212.156158,194.273621,5,4.98426628
2.62366,2622,212.156158,194.279,5,4.847935
2.62487,2623,212.156158,194.284729,5,5.02789259
2.62489,2624,212.156158,194.2896,5,5.006079
2.62668,2625,212.156158,194.294434,5,5.202396
2.62868,2626,212.156158,194.2987,5,4.94064
2.62875,2627,212.156158,194.304337,5,4.891561
2.62977,2628,212.156158,194.309372,5,4.94064
2.63164,2629,212.156158,194.3146,5,5.016986
2.63168,2630,212.156158,194.3193,5,5.14241028
2.63284,2631,212.156158,194.32399,5,4.90246725
2.63285,2632,212.156158,194.3297,5,4.98426628
2.63471,2633,212.156158,194.334564,5,4.90246725
2.63650,2634,212.156158,194.340118,5,5.09878445
2.63652,2635,212.156158,194.344681,5,5.109691
2.63776,2636,212.156158,194.3495,5,4.94064
2.63966,2637,212.156158,194.354385,5,4.95154667
2.63969,2638,212.156158,194.360016,5,4.858842
2.64085,2639,212.156158,194.365524,5,5.109691
2.64087,2640,212.156158,194.369843,5,5.02789259
2.64269,2641,212.156158,194.374786,5,5.006079
2.64450,2642,212.156158,194.379379,5,4.88065434
2.64452,2643,212.156158,194.385254,5,4.858842
2.64577,2644,212.156158,194.390533,5,5.164223
2.64767,2645,212.156158,194.3952,5,5.087878
2.64769,2646,212.156158,194.399841,5,5.13150358
2.64884,2647,212.156158,194.404663,5,4.88065434
2.64886,2648,212.156158,194.410614,5,4.96245337
2.65067,2649,212.156158,194.415024,5,5.05515862
2.65249,2650,212.156158,194.419815,5,5.038799
2.65250,2651,212.156158,194.424362,5,5.038799
2.65378,2652,212.156158,194.429626,5,4.82612228
2.65562,2653,212.156158,194.435257,5,5.02789259
2.65567,2654,212.156158,194.440018,5,5.038799
2.65683,2655,212.156158,194.444931,5,5.12059736
2.65684,2656,212.156158,194.449554,5,5.006079
2.65871,2657,212.156158,194.455231,5,4.95154667
2.66049,2658,212.156158,194.460266,5,5.07697153
2.66051,2659,212.156158,194.4651,5,5.016986
2.66194,2660,212.156158,194.470337,5,5.191489
2.66363,2661,212.156158,194.475281,5,5.016986
2.66367,2662,212.156158,194.480911,5,5.13150358
2.66485,2663,212.156158,194.485458,5,5.109691
2.66487,2664,212.156158,194.4905,5,5.016986
2.66671,2665,212.156158,194.495255,5,5.016986
2.66852,2666,212.156158,194.500641,5,4.891561
2.66854,2667,212.156158,194.506,5,5.12059736
2.66977,2668,212.156158,194.510635,5,5.02789259
2.67163,2669,212.156158,194.515717,5,5.087878
2.67165,2670,212.156158,194.52037,5,4.95154667
2.67288,2671,212.156158,194.526,5,4.96245337
2.67292,2672,212.156158,194.5308,5,5.05515862
2.67472,2673,212.156158,194.5357,5,4.98426628
2.67650,2674,212.156158,194.540833,5,5.109691
2.67651,2675,212.156158,194.545746,5,4.92973375
2.67776,2676,212.156158,194.551132,5,5.066065
2.67962,2677,212.156158,194.555435,5,4.95154667
2.67964,2678,212.156158,194.560791,5,4.96245337
2.68086,2679,212.156158,194.5659,5,5.05515862
2.68088,2680,212.156158,194.570938,5,4.92973375
2.68272,2681,212.156158,194.575729,5,5.07697153
2.68450,2682,212.156158,194.580246,5,4.869748
2.68451,2683,212.156158,194.586075,5,5.006079
2.68578,2684,212.156158,194.59111,5,5.038799
2.68760,2685,212.156158,194.596115,5,5.066065
2.68762,2686,212.156158,194.600174,5,5.006079
2.68887,2687,212.156158,194.61116,5,4.995173
2.68891,2688,212.156158,194.616028,5,4.96245337
2.69069,2689,212.156158,194.6209,5,5.153317
2.69249,2690,212.156158,194.625092,5,4.97335958
2.69250,2691,212.156158,194.630539,5,4.81521559
2.69375,2692,212.156158,194.635727,5,4.92973375
2.69564,2693,212.156158,194.641113,5,4.92973375
2.69569,2694,212.156158,194.6457,5,5.14241028
2.69692,2695,212.156158,194.650467,5,4.913374
2.69695,2696,212.156158,194.6559,5,4.94064
2.69868,2697,212.156158,194.660767,5,4.92973375
2.70050,2698,212.156158,194.665878,5,4.995173
2.70052,2699,212.156158,194.670746,5,5.153317
2.70177,2700,212.156158,194.675674,5,4.94064
2.70361,2701,212.156158,194.680573,5,4.95154667
2.70363,2702,212.156158,194.685608,5,4.82612228
2.70485,2703,212.156158,194.69133,5,5.02789259
2.70487,2704,212.156158,194.695831,5,5.066065
2.70667,2705,212.156158,194.700592,5,4.98426628
2.70849,2706,212.156158,194.705215,5,4.94064
2.70850,2707,212.156158,194.7107,5,4.777043
2.70978,2708,212.156158,194.716446,5,5.109691
2.71183,2709,212.156158,194.720963,5,5.09878445
2.71190,2710,212.156158,194.725784,5,5.14241028
2.71284,2711,212.156158,194.7304,5,4.97335958
2.71286,2712,212.156158,194.736221,5,4.891561
2.71468,2713,212.156158,194.741287,5,5.087878
2.71649,2714,212.156158,194.745972,5,5.006079
2.71650,2715,212.156158,194.750687,5,5.09878445
2.71778,2716,212.156158,194.755554,5,4.847935
2.71963,2717,212.156158,194.761368,5,4.97335958
2.71965,2718,212.156158,194.7661,5,5.038799
2.72084,2719,212.156158,194.771011,5,5.05515862
2.72085,2720,212.156158,194.7756,5,5.038799
2.72267,2721,212.156158,194.780914,5,4.847935
2.72450,2722,212.156158,194.78627,5,5.02789259
2.72452,2723,212.156158,194.790863,5,4.96245337
2.72580,2724,212.156158,194.796082,5,5.09878445
2.72760,2725,212.156158,194.800919,5,5.038799
2.72761,2726,212.156158,194.8065,5,5.006079
2.72885,2727,212.156158,194.811264,5,5.12059736
2.72887,2728,212.156158,194.816055,5,4.98426628
2.73068,2729,212.156158,194.821014,5,5.02789259
2.73251,2730,212.156158,194.825928,5,4.858842
2.73254,2731,212.156158,194.831558,5,5.02789259
2.73378,2732,212.156158,194.8362,5,5.038799
2.73562,2733,212.156158,194.841217,5,5.006079
2.73564,2734,212.156158,194.846176,5,5.016986
2.73685,2735,212.156158,194.851639,5,4.88065434
2.73688,2736,212.156158,194.856766,5,5.07697153
2.73869,2737,212.156158,194.861145,5,4.98426628
2.74049,2738,212.156158,194.866669,5,5.087878
2.74050,2739,212.156158,194.8715,5,5.016986
2.74176,2740,212.156158,194.876968,5,4.98426628
2.74361,2741,212.156158,194.881409,5,5.02789259
2.74362,2742,212.156158,194.886475,5,4.90246725
2.74484,2743,212.156158,194.89183,5,5.066065
2.74486,2744,212.156158,194.8967,5,4.95154667
2.74669,2745,212.156158,194.902084,5,5.05515862
2.74850,2746,212.156158,194.905853,5,4.97335958
2.74852,2747,212.156158,194.911392,5,4.92973375
2.74977,2748,212.156158,194.916748,5,5.09878445
2.75162,2749,212.156158,194.921738,5,5.02789259
2.75164,2750,212.156158,194.926147,5,5.09878445
2.75287,2751,212.156158,194.9307,5,4.847935
2.75289,2752,212.156158,194.936676,5,4.92973375
2.75470,2753,212.156158,194.941681,5,4.98426628
2.75650,2754,212.156158,194.946655,5,5.07697153
2.75651,2755,212.156158,194.950989,5,5.12059736
2.75774,2756,212.156158,194.955933,5,4.81521559
2.75963,2757,212.156158,194.961487,5,4.94064
2.75966,2758,212.156158,194.966354,5,4.90246725
2.76085,2759,212.156158,194.971588,5,5.109691
2.76086,2760,212.156158,194.9759,5,5.038799
2.76269,2761,212.156158,194.981186,5,4.88065434
2.76450,2762,212.156158,194.986526,5,4.97335958
2.76452,2763,212.156158,194.991714,5,4.90246725
2.76578,2764,212.156158,194.996628,5,5.164223
2.76761,2765,212.156158,195.001373,5,4.995173
2.76763,2766,212.156158,195.006378,5,4.94064
2.76886,2767,212.156158,195.011169,5,4.891561
2.76889,2768,212.156158,195.016968,5,4.913374
2.77069,2769,212.156158,195.021713,5,5.12059736
2.77249,2770,212.156158,195.0263,5,4.98426628
2.77250,2771,212.156158,195.031052,5,4.995173
2.77375,2772,212.156158,195.036011,5,4.777043
2.77562,2773,212.156158,195.042084,5,4.98426628
2.77564,2774,212.156158,195.046722,5,5.13150358
2.77687,2775,212.156158,195.051544,5,5.087878
2.77689,2776,212.156158,195.05603,5,5.066065
2.77879,2777,212.156158,195.061539,5,4.82612228
2.78051,2778,212.156158,195.067078,5,5.038799
2.78053,2779,212.156158,195.0716,5,5.006079
2.78176,2780,212.156158,195.076431,5,5.087878
2.78361,2781,212.156158,195.081024,5,4.95154667
2.78363,2782,212.156158,195.086823,5,4.869748
2.78486,2783,212.156158,195.091843,5,5.066065
2.78491,2784,212.156158,195.0966,5,5.006079
2.78667,2785,212.156158,195.101318,5,5.087878
2.78848,2786,212.156158,195.106186,5,4.869748
2.78850,2787,212.156158,195.111862,5,4.95154667
2.78975,2788,212.156158,195.116486,5,4.98426628
2.79162,2789,212.156158,195.121643,5,5.006079
2.79163,2790,212.156158,195.131836,5,4.94064
2.79286,2791,212.156158,195.137024,5,5.13150358
2.79289,2792,212.156158,195.141617,5,5.016986
2.79467,2793,212.156158,195.146683,5,5.006079
2.79653,2794,212.156158,195.151367,5,4.94064
2.79655,2795,212.156158,195.157074,5,4.92973375
2.79776,2796,212.156158,195.1619,5,5.09878445
2.79962,2797,212.156158,195.166779,5,5.006079
2.79964,2798,212.156158,195.171646,5,5.087878
2.80086,2799,212.156158,195.1766,5,4.90246725
2.80087,2800,212.156158,195.18219,5,5.006079
2.80266,2801,212.156158,195.186737,5,5.02789259
2.80450,2802,212.156158,195.19194,5,5.006079
2.80451,2803,212.156158,195.196777,5,5.087878
2.80576,2804,212.156158,195.202057,5,4.94064
2.80764,2805,212.156158,195.207031,5,5.07697153
2.80768,2806,212.156158,195.211517,5,4.913374
2.80885,2807,212.156158,195.217026,5,5.016986
2.80888,2808,212.156158,195.22197,5,5.006079
2.81067,2809,212.156158,195.227142,5,4.96245337
2.81255,2810,212.156158,195.231552,5,5.05515862
2.81259,2811,212.156158,195.236588,5,4.847935
2.81376,2812,212.156158,195.242264,5,5.05515862
2.81562,2813,212.156158,195.247253,5,5.02789259
2.81564,2814,212.156158,195.252258,5,5.087878
2.81685,2815,212.156158,195.25618,5,4.95154667
2.81686,2816,212.156158,195.261887,5,4.837029
2.81870,2817,212.156158,195.267273,5,5.006079
2.82054,2818,212.156158,195.272217,5,4.995173
2.82057,2819,212.156158,195.276825,5,5.180583
2.82178,2820,212.156158,195.2813,5,4.913374
2.82362,2821,212.156158,195.286972,5,4.869748
2.82364,2822,212.156158,195.29187,5,4.913374
2.82484,2823,212.156158,195.29715,5,4.995173
2.82486,2824,212.156158,195.302139,5,5.13150358
2.82668,2825,212.156158,195.306854,5,4.88065434
2.82873,2826,212.156158,195.312119,5,4.97335958
2.82876,2827,212.156158,195.316711,5,4.90246725
2.82977,2828,212.156158,195.32251,5,5.07697153
2.83162,2829,212.156158,195.326981,5,5.109691
2.83167,2830,212.156158,195.331863,5,4.92973375
2.83284,2831,212.156158,195.336685,5,4.94064
2.83286,2832,212.156158,195.342148,5,4.837029
2.83466,2833,212.156158,195.347473,5,5.087878
2.83650,2834,212.156158,195.351868,5,5.016986
2.83653,2835,212.156158,195.356735,5,5.006079
2.83775,2836,212.156158,195.361282,5,4.858842
2.83964,2837,212.156158,195.367645,5,4.82612228
2.83966,2838,212.156158,195.372681,5,5.14241028
2.84083,2839,212.156158,195.37738,5,5.066065
2.84085,2840,212.156158,195.381927,5,5.13150358
2.84266,2841,212.156158,195.386932,5,4.869748
2.84453,2842,212.156158,195.392838,5,4.92973375
2.84456,2843,212.156158,195.3974,5,5.05515862
2.84574,2844,212.156158,195.402222,5,5.006079
2.84766,2845,212.156158,195.406738,5,5.038799
2.84769,2846,212.156158,195.412537,5,4.78794956
2.84885,2847,212.156158,195.417328,5,4.995173
2.84888,2848,212.156158,195.421921,5,5.006079
2.85067,2849,212.156158,195.426788,5,5.05515862
2.85254,2850,212.156158,195.431351,5,4.96245337
2.85256,2851,212.156158,195.43689,5,4.82612228
2.85375,2852,212.156158,195.441818,5,4.995173
2.85562,2853,212.156158,195.446564,5,4.913374
2.85566,2854,212.156158,195.451721,5,5.087878
2.85683,2855,212.156158,195.456512,5,4.94064
2.85685,2856,212.156158,195.462112,5,4.98426628
2.85866,2857,212.156158,195.466614,5,5.05515862
2.86054,2858,212.156158,195.471527,5,4.92973375
2.86056,2859,212.156158,195.476318,5,5.006079
2.86195,2860,212.156158,195.481476,5,4.81521559
2.86363,2861,212.156158,195.4869,5,5.016986
2.86365,2862,212.156158,195.4915,5,5.006079
2.86485,2863,212.156158,195.49649,5,4.98426628
2.86487,2864,212.156158,195.50116,5,4.98426628
2.86667,2865,212.156158,195.506683,5,4.869748
2.86852,2866,212.156158,195.511627,5,5.05515862
2.86855,2867,212.156158,195.516388,5,4.96245337
2.86975,2868,212.156158,195.521561,5,5.07697153
2.87165,2869,212.156158,195.526413,5,4.98426628
2.87167,2870,212.156158,195.531876,5,4.98426628
2.87285,2871,212.156158,195.53627,5,5.02789259
2.87289,2872,212.156158,195.541428,5,4.913374
2.87470,2873,212.156158,195.546646,5,5.066065
2.87652,2874,212.156158,195.551651,5,4.94064
2.87654,2875,212.156158,195.556641,5,5.066065
2.87776,2876,212.156158,195.561035,5,4.95154667
2.87966,2877,212.156158,195.566788,5,4.92973375
2.87970,2878,212.156158,195.571976,5,5.087878
2.88086,2879,212.156158,195.576981,5,5.02789259
2.88089,2880,212.156158,195.5812,5,5.09878445
2.88268,2881,212.156158,195.586121,5,4.847935
2.88452,2882,212.156158,195.592072,5,4.96245337
2.88454,2883,212.156158,195.597015,5,5.006079
2.88576,2884,212.156158,195.6023,5,5.12059736
2.88764,2885,212.156158,195.611511,5,4.837029
2.88767,2886,212.156158,195.616913,5,4.96245337
2.88883,2887,212.156158,195.6219,5,4.92973375
2.88884,2888,212.156158,195.627213,5,5.153317
2.89070,2889,212.156158,195.631729,5,5.038799
2.89250,2890,212.156158,195.637192,5,4.95154667
2.89252,2891,212.156158,195.642075,5,5.006079
2.89376,2892,212.156158,195.647552,5,4.96245337
2.89568,2893,212.156158,195.652374,5,5.202396
2.89574,2894,212.156158,195.657013,5,4.995173
2.89685,2895,212.156158,195.662,5,4.96245337
2.89687,2896,212.156158,195.666962,5,4.88065434
2.89866,2897,212.156158,195.672745,5,4.97335958
2.90053,2898,212.156158,195.677261,5,5.12059736
2.90057,2899,212.156158,195.682,5,4.98426628
2.90185,2900,212.156158,195.686646,5,4.995173
2.90365,2901,212.156158,195.692078,5,4.777043
2.90368,2902,212.156158,195.697861,5,5.038799
2.90484,2903,212.156158,195.702377,5,5.109691
2.90486,2904,212.156158,195.707169,5,5.109691
2.90668,2905,212.156158,195.711731,5,5.02789259
2.90852,2906,212.156158,195.71756,5,4.837029
2.90855,2907,212.156158,195.722672,5,5.066065
2.90976,2908,212.156158,195.72731,5,4.98426628
2.91180,2909,212.156158,195.73201,5,5.09878445
2.91186,2910,212.156158,195.736862,5,4.90246725
2.91290,2911,212.156158,195.742676,5,4.90246725
2.91293,2912,212.156158,195.747391,5,5.066065
2.91469,2913,212.156158,195.752579,5,5.006079
2.91650,2914,212.156158,195.756866,5,5.066065
2.91652,2915,212.156158,195.762131,5,4.847935
2.91775,2916,212.156158,195.767563,5,4.97335958
2.91964,2917,212.156158,195.772171,5,4.97335958
2.91967,2918,212.156158,195.77739,5,5.038799
2.92084,2919,212.156158,195.782181,5,5.07697153
2.92085,2920,212.156158,195.787735,5,4.95154667
2.92268,2921,212.156158,195.792572,5,5.13150358
2.92453,2922,212.156158,195.797318,5,4.995173
2.92455,2923,212.156158,195.802322,5,5.02789259
2.92575,2924,212.156158,195.807159,5,4.90246725
2.92767,2925,212.156158,195.81282,5,4.95154667
2.92771,2926,212.156158,195.817413,5,5.066065
2.92886,2927,212.156158,195.822449,5,4.995173
2.92891,2928,212.156158,195.827118,5,5.066065
2.93069,2929,212.156158,195.832428,5,4.869748
2.93253,2930,212.156158,195.837738,5,5.038799
2.93255,2931,212.156158,195.842377,5,4.995173
2.93376,2932,212.156158,195.847565,5,5.02789259
2.93564,2933,212.156158,195.8524,5,5.066065
2.93566,2934,212.156158,195.857834,5,4.95154667
2.93683,2935,212.156158,195.862717,5,5.07697153
2.93684,2936,212.156158,195.867661,5,4.90246725
2.93869,2937,212.156158,195.873291,5,5.038799
2.94052,2938,212.156158,195.87793,5,4.995173
2.94054,2939,212.156158,195.883072,5,4.995173
2.94174,2940,212.156158,195.887344,5,5.02789259
2.94362,2941,212.156158,195.893265,5,4.869748
2.94364,2942,212.156158,195.898575,5,5.07697153
2.94486,2943,212.156158,195.902924,5,5.02789259
2.94488,2944,212.156158,195.90744,5,5.109691
2.94669,2945,212.156158,195.911911,5,4.92973375
2.94854,2946,212.156158,195.917862,5,4.88065434
2.94856,2947,212.156158,195.922928,5,5.02789259
2.94976,2948,212.156158,195.928253,5,5.02789259
2.95166,2949,212.156158,195.932281,5,5.164223
2.95169,2950,212.156158,195.937485,5,4.858842
2.95285,2951,212.156158,195.942978,5,4.88065434
2.95287,2952,212.156158,195.947861,5,4.891561
2.95468,2953,212.156158,195.953049,5,5.016986
2.95652,2954,212.156158,195.957367,5,5.087878
2.95655,2955,212.156158,195.962555,5,4.847935
2.95776,2956,212.156158,195.967667,5,4.95154667
2.95965,2957,212.156158,195.972748,5,4.869748
2.95967,2958,212.156158,195.978027,5,5.087878
2.96084,2959,212.156158,195.982452,5,5.066065
2.96085,2960,212.156158,195.987442,5,4.913374
2.96271,2961,212.156158,195.9922,5,4.913374
2.96452,2962,212.156158,195.99794,5,4.847935
2.96456,2963,212.156158,196.0029,5,5.109691
2.96576,2964,212.156158,196.007416,5,5.006079
2.96769,2965,212.156158,196.0122,5,5.016986
2.96772,2966,212.156158,196.017044,5,4.858842
2.96884,2967,212.156158,196.023148,5,4.88065434
2.96885,2968,212.156158,196.0279,5,5.164223
2.97072,2969,212.156158,196.03273,5,5.07697153
2.97252,2970,212.156158,196.037247,5,5.12059736
2.97254,2971,212.156158,196.042587,5,4.869748
2.97376,2972,212.156158,196.048279,5,4.995173
2.97562,2973,212.156158,196.053146,5,5.066065
2.97564,2974,212.156158,196.0577,5,5.066065
2.97686,2975,212.156158,196.062332,5,5.038799
2.97688,2976,212.156158,196.068039,5,4.847935
2.97887,2977,212.156158,196.073151,5,5.05515862
2.98053,2978,212.156158,196.077911,5,5.016986
2.98057,2979,212.156158,196.082657,5,5.109691
2.98174,2980,212.156158,196.08754,5,4.95154667
2.98365,2981,212.156158,196.093246,5,4.92973375
2.98368,2982,212.156158,196.09787,5,5.038799
2.98483,2983,212.156158,196.103027,5,4.98426628
2.98485,2984,212.156158,196.10791,5,5.14241028
2.98669,2985,212.156158,196.113251,5,4.97335958
2.98854,2986,212.156158,196.118484,5,5.09878445
2.98857,2987,212.156158,196.128159,5,5.006079
2.98976,2988,212.156158,196.1329,5,4.995173
2.99165,2989,212.156158,196.13858,5,4.891561
2.99167,2990,212.156158,196.143417,5,5.12059736
2.99284,2991,212.156158,196.148285,5,5.02789259
2.99287,2992,212.156158,196.1532,5,5.07697153
2.99468,2993,212.156158,196.158142,5,4.95154667
2.99653,2994,212.156158,196.163742,5,4.97335958
2.99657,2995,212.156158,196.168289,5,5.05515862
2.99777,2996,212.156158,196.173477,5,4.995173
2.99969,2997,212.156158,196.17836,5,5.12059736
2.99974,2998,212.156158,196.183716,5,4.95154667
3.00083,2999,212.156158,196.188629,5,5.087878
3.00085,3000,212.156158,196.193176,5,4.96245337
3.00270,3001,212.156158,196.198685,5,4.98426628
3.00452,3002,212.156158,196.203644,5,5.066065
3.00455,3003,212.156158,196.208832,5,4.96245337
3.00575,3004,212.156158,196.213257,5,5.09878445
3.00767,3005,212.156158,196.218384,5,4.891561
3.00771,3006,212.156158,196.22406,5,5.05515862
3.00888,3007,212.156158,196.229034,5,5.066065
3.00890,3008,212.156158,196.233749,5,5.09878445
3.01068,3009,212.156158,196.237991,5,5.016986
3.01251,3010,212.156158,196.244217,5,4.837029
3.01253,3011,212.156158,196.249176,5,5.02789259
3.01380,3012,212.156158,196.254089,5,4.995173
3.01563,3013,212.156158,196.258667,5,5.202396
3.01564,3014,212.156158,196.2636,5,4.97335958
3.01685,3015,212.156158,196.269257,5,4.869748
3.01686,3016,212.156158,196.27417,5,4.95154667
3.01872,3017,212.156158,196.279449,5,4.98426628
3.02052,3018,212.156158,196.283844,5,5.164223
3.02055,3019,212.156158,196.289,5,4.92973375
3.02175,3020,212.156158,196.294144,5,4.97335958
3.02365,3021,212.156158,196.29921,5,4.94064
3.02367,3022,212.156158,196.304642,5,5.066065
3.02487,3023,212.156158,196.309052,5,5.13150358
3.02490,3024,212.156158,196.314072,5,4.95154667
3.02670,3025,212.156158,196.318832,5,4.97335958
3.02871,3026,212.156158,196.324463,5,4.847935
3.02875,3027,212.156158,196.329651,5,5.09878445
3.02975,3028,212.156158,196.334091,5,5.038799
3.03165,3029,212.156158,196.338928,5,5.006079
3.03167,3030,212.156158,196.343643,5,4.913374
3.03283,3031,212.156158,196.349747,5,4.837029
3.03284,3032,212.156158,196.35463,5,5.153317
3.03469,3033,212.156158,196.35936,5,5.07697153
3.03652,3034,212.156158,196.364212,5,5.14241028
3.03653,3035,212.156158,196.369476,5,4.90246725
3.03777,3036,212.156158,196.375229,5,4.94064
3.03963,3037,212.156158,196.379745,5,5.07697153
3.03966,3038,212.156158,196.384689,5,5.02789259
3.04086,3039,212.156158,196.389236,5,5.066065
3.04088,3040,212.156158,196.394867,5,4.82612228
3.04270,3041,212.156158,196.40007,5,5.016986
3.04452,3042,212.156158,196.4051,5,5.016986
3.04454,3043,212.156158,196.409851,5,5.07697153
3.04574,3044,212.156158,196.414688,5,4.995173
3.04765,3045,212.156158,196.419769,5,4.88065434
3.04767,3046,212.156158,196.424469,5,5.05515862
3.04885,3047,212.156158,196.429474,5,4.97335958
3.04888,3048,212.156158,196.434464,5,5.13150358
3.05070,3049,212.156158,196.4396,5,4.995173
3.05250,3050,212.156158,196.445038,5,5.05515862
3.05253,3051,212.156158,196.449554,5,5.087878
3.05376,3052,212.156158,196.45462,5,4.98426628
3.05563,3053,212.156158,196.459381,5,5.038799
3.05565,3054,212.156158,196.464935,5,4.858842
3.05685,3055,212.156158,196.469971,5,5.07697153
3.05688,3056,212.156158,196.474716,5,5.02789259
3.05869,3057,212.156158,196.4797,5,5.038799
3.06054,3058,212.156158,196.484543,5,4.995173
3.06056,3059,212.156158,196.490173,5,4.94064
3.06202,3060,212.156158,196.494858,5,5.09878445
3.06366,3061,212.156158,196.499924,5,4.98426628
3.06369,3062,212.156158,196.504913,5,5.12059736
3.06485,3063,212.156158,196.510071,5,4.97335958
3.06487,3064,212.156158,196.515213,5,5.038799
3.06671,3065,212.156158,196.519623,5,5.006079
3.06853,3066,212.156158,196.525162,5,4.95154667
3.06855,3067,212.156158,196.530121,5,5.087878
3.06975,3068,212.156158,196.535309,5,4.95154667
3.07165,3069,212.156158,196.539825,5,5.09878445
3.07168,3070,212.156158,196.5447,5,4.913374
3.07284,3071,212.156158,196.550491,5,4.98426628
3.07285,3072,212.156158,196.5558,5,5.07697153
3.07469,3073,212.156158,196.5606,5,5.066065
3.07653,3074,212.156158,196.564758,5,5.066065
3.07656,3075,212.156158,196.570053,5,4.82612228
3.07776,3076,212.156158,196.575882,5,5.006079
3.07966,3077,212.156158,196.580521,5,4.98426628
3.07969,3078,212.156158,196.58519,5,5.164223
3.08085,3079,212.156158,196.589951,5,5.05515862
3.08087,3080,212.156158,196.595627,5,4.837029
3.08270,3081,212.156158,196.600525,5,4.96245337
3.08451,3082,212.156158,196.6058,5,4.92973375
3.08453,3083,212.156158,196.610352,5,5.164223
3.08577,3084,212.156158,196.615219,5,4.97335958
3.08765,3085,212.156158,196.620544,5,4.95154667
3.08767,3086,212.156158,196.6255,5,4.96245337
3.08884,3087,212.156158,196.635483,5,5.180583
3.08885,3088,212.156158,196.640366,5,4.96245337
3.09066,3089,212.156158,196.645187,5,4.96245337
3.09250,3090,212.156158,196.65062,5,4.837029
3.09252,3091,212.156158,196.656052,5,5.016986
3.09377,3092,212.156158,196.660416,5,5.087878
3.09573,3093,212.156158,196.665359,5,4.995173
3.09577,3094,212.156158,196.6699,5,4.97335958
3.09685,3095,212.156158,196.675858,5,4.777043
3.09686,3096,212.156158,196.681061,5,5.09878445
3.09869,3097,212.156158,196.685715,5,5.087878
3.10054,3098,212.156158,196.690369,5,5.13150358
3.10056,3099,212.156158,196.695267,5,4.98426628
3.10175,3100,212.156158,196.701187,5,4.88065434
3.10365,3101,212.156158,196.705826,5,5.09878445
3.10369,3102,212.156158,196.710724,5,5.006079
3.10483,3103,212.156158,196.71524,5,5.109691
3.10485,3104,212.156158,196.720627,5,4.858842
3.10669,3105,212.156158,196.726151,5,4.96245337
3.10851,3106,212.156158,196.730774,5,5.05515862
3.10853,3107,212.156158,196.7357,5,5.038799
3.10976,3108,212.156158,196.74028,5,5.05515862
3.11184,3109,212.156158,196.745956,5,4.847935
3.11196,3110,212.156158,196.75087,5,5.016986
3.11287,3111,212.156158,196.755753,5,4.96245337
3.11290,3112,212.156158,196.760864,5,5.087878
3.11474,3113,212.156158,196.765762,5,5.05515862
3.11655,3114,212.156158,196.771362,5,4.995173
3.11659,3115,212.156158,196.775879,5,5.12059736
3.11775,3116,212.156158,196.780914,5,4.98426628
3.11964,3117,212.156158,196.78566,5,5.038799
3.11967,3118,212.156158,196.791016,5,4.88065434
3.12088,3119,212.156158,196.79631,5,5.016986
3.12091,3120,212.156158,196.800949,5,5.05515862
3.12268,3121,212.156158,196.805984,5,5.016986
3.12450,3122,212.156158,196.810654,5,5.02789259
3.12453,3123,212.156158,196.816284,5,4.88065434
3.12575,3124,212.156158,196.821121,5,5.066065
3.12765,3125,212.156158,196.826,5,4.97335958
3.12767,3126,212.156158,196.831116,5,5.066065
3.12885,3127,212.156158,196.83606,5,5.006079
3.12887,3128,212.156158,196.841446,5,4.98426628
3.13073,3129,212.156158,196.845764,5,5.05515862
3.13253,3130,212.156158,196.85112,5,4.913374
3.13255,3131,212.156158,196.856522,5,5.066065
3.13376,3132,212.156158,196.861618,5,4.95154667
3.13562,3133,212.156158,196.866348,5,5.05515862
3.13564,3134,212.156158,196.870972,5,4.97335958
3.13690,3135,212.156158,196.8768,5,4.90246725
3.13692,3136,212.156158,196.88179,5,5.087878
3.13868,3137,212.156158,196.88678,5,5.02789259
3.14051,3138,212.156158,196.8909,5,5.109691
3.14057,3139,212.156158,196.896576,5,4.869748
3.14175,3140,212.156158,196.902252,5,4.92973375
3.14365,3141,212.156158,196.90715,5,5.006079
3.14369,3142,212.156158,196.911942,5,5.087878
3.14484,3143,212.156158,196.916275,5,5.14241028
3.14485,3144,212.156158,196.9215,5,4.837029
3.14670,3145,212.156158,196.9266,5,4.94064
3.14850,3146,212.156158,196.931763,5,4.92973375
3.14851,3147,212.156158,196.936554,5,5.109691
3.14977,3148,212.156158,196.941116,5,5.05515862
3.15165,3149,212.156158,196.946426,5,4.869748
3.15167,3150,212.156158,196.951263,5,4.94064
3.15285,3151,212.156158,196.95668,5,4.858842
3.15290,3152,212.156158,196.961365,5,5.109691
3.15474,3153,212.156158,196.965958,5,4.95154667
3.15648,3154,212.156158,196.970779,5,4.88065434
3.15649,3155,212.156158,196.9757,5,4.837029
3.15775,3156,212.156158,196.981415,5,4.81521559
3.15966,3157,212.156158,196.98587,5,5.07697153
3.15970,3158,212.156158,196.990585,5,4.92973375
3.16084,3159,212.156158,196.995178,5,4.96245337
3.16085,3160,212.156158,197.000412,5,4.75523
3.16268,3161,212.156158,197.006531,5,4.869748
3.16452,3162,212.156158,197.010727,5,5.09878445
3.16454,3163,212.156158,197.015564,5,5.02789259
3.16574,3164,212.156158,197.019989,5,5.066065
3.16762,3165,212.156158,197.025711,5,4.798856
3.16764,3166,212.156158,197.031,5,4.97335958
3.16886,3167,212.156158,197.035568,5,5.006079
3.16889,3168,212.156158,197.040314,5,5.038799
3.17075,3169,212.156158,197.045029,5,4.98426628
3.17250,3170,212.156158,197.0509,5,4.81521559
3.17251,3171,212.156158,197.0557,5,5.05515862
3.17375,3172,212.156158,197.060562,5,5.006079
3.17567,3173,212.156158,197.0652,5,5.09878445
3.17569,3174,212.156158,197.070313,5,4.92973375
3.17682,3175,212.156158,197.075867,5,4.913374
3.17684,3176,212.156158,197.08046,5,5.016986
3.17888,3177,212.156158,197.085648,5,4.98426628
3.18051,3178,212.156158,197.090515,5,5.13150358
3.18054,3179,212.156158,197.096,5,4.96245337
3.18175,3180,212.156158,197.101,5,5.109691
3.18366,3181,212.156158,197.105667,5,5.066065
3.18369,3182,212.156158,197.1107,5,4.995173
3.18488,3183,212.156158,197.115524,5,4.98426628
3.18492,3184,212.156158,197.121231,5,4.90246725
3.18671,3185,212.156158,197.125916,5,5.109691
3.18848,3186,212.156158,197.13562,5,5.087878
3.18850,3187,212.156158,197.140854,5,4.92973375
3.18974,3188,212.156158,197.14624,5,4.96245337
3.19165,3189,212.156158,197.150833,5,5.05515862
3.19168,3190,212.156158,197.156067,5,4.98426628
3.19286,3191,212.156158,197.160858,5,5.109691
3.19289,3192,212.156158,197.16626,5,4.92973375
3.19469,3193,212.156158,197.170914,5,5.066065
3.19650,3194,212.156158,197.17572,5,4.95154667
3.19651,3195,212.156158,197.181152,5,4.96245337
3.19777,3196,212.156158,197.1861,5,5.05515862
3.19963,3197,212.156158,197.191208,5,4.95154667
3.19966,3198,212.156158,197.195541,5,5.07697153
3.20086,3199,212.156158,197.200882,5,4.869748
3.20087,3200,212.156158,197.20639,5,5.02789259
3.20271,3201,212.156158,197.211349,5,5.038799
3.20450,3202,212.156158,197.215942,5,5.07697153
3.20452,3203,212.156158,197.220657,5,5.016986
3.20575,3204,212.156158,197.226608,5,4.81521559
3.20762,3205,212.156158,197.231354,5,5.006079
3.20765,3206,212.156158,197.236679,5,4.98426628
3.20884,3207,212.156158,197.241028,5,5.180583
3.20886,3208,212.156158,197.2459,5,4.97335958
3.21068,3209,212.156158,197.25148,5,4.847935
3.21251,3210,212.156158,197.2564,5,4.95154667
3.21252,3211,212.156158,197.261627,5,4.97335958
3.21376,3212,212.156158,197.265976,5,5.164223
3.21563,3213,212.156158,197.271225,5,4.92973375
3.21564,3214,212.156158,197.276321,5,4.97335958
3.21687,3215,212.156158,197.281479,5,4.92973375
3.21690,3216,212.156158,197.286789,5,5.038799
3.21870,3217,212.156158,197.291183,5,5.153317
3.22049,3218,212.156158,197.296173,5,4.94064
3.22050,3219,212.156158,197.301025,5,4.96245337
3.22176,3220,212.156158,197.306686,5,4.837029
3.22362,3221,212.156158,197.311676,5,5.066065
3.22364,3222,212.156158,197.3162,5,5.05515862
3.22485,3223,212.156158,197.32103,5,4.995173
3.22487,3224,212.156158,197.325821,5,4.92973375
3.22665,3225,212.156158,197.331924,5,4.81521559
3.22859,3226,212.156158,197.336685,5,5.13150358
3.22861,3227,212.156158,197.341476,5,5.087878
3.22976,3228,212.156158,197.346,5,5.13150358
3.23165,3229,212.156158,197.3513,5,4.92973375
3.23169,3230,212.156158,197.35701,5,4.913374
3.23286,3231,212.156158,197.361481,5,5.07697153
3.23288,3232,212.156158,197.3664,5,5.016986
3.23466,3233,212.156158,197.370956,5,5.07697153
3.23650,3234,212.156158,197.377014,5,4.837029
3.23652,3235,212.156158,197.3821,5,4.98426628
3.23781,3236,212.156158,197.38681,5,5.02789259
3.23962,3237,212.156158,197.39151,5,5.05515862
3.23963,3238,212.156158,197.396744,5,4.995173
3.24083,3239,212.156158,197.40239,5,4.847935
3.24084,3240,212.156158,197.406967,5,5.02789259
3.24266,3241,212.156158,197.41214,5,4.96245337
3.24448,3242,212.156158,197.416962,5,5.109691
3.24450,3243,212.156158,197.4216,5,5.006079
3.24577,3244,212.156158,197.426941,5,5.016986
3.24763,3245,212.156158,197.4315,5,5.09878445
3.24765,3246,212.156158,197.4365,5,4.98426628
3.24884,3247,212.156158,197.441254,5,5.02789259
3.24886,3248,212.156158,197.446884,5,4.858842
3.25068,3249,212.156158,197.451828,5,5.066065
3.25248,3250,212.156158,197.456619,5,5.02789259
3.25250,3251,212.156158,197.461578,5,5.038799
3.25378,3252,212.156158,197.466446,5,5.016986
3.25563,3253,212.156158,197.472122,5,4.913374
3.25566,3254,212.156158,197.4767,5,5.09878445
3.25684,3255,212.156158,197.481827,5,4.98426628
3.25686,3256,212.156158,197.486771,5,5.109691
3.25867,3257,212.156158,197.49202,5,5.006079
3.26048,3258,212.156158,197.497086,5,5.016986
3.26050,3259,212.156158,197.501511,5,5.02789259
3.26207,3260,212.156158,197.507034,5,4.94064
3.26363,3261,212.156158,197.512344,5,5.07697153
3.26365,3262,212.156158,197.517136,5,4.95154667
3.26487,3263,212.156158,197.521652,5,5.07697153
3.26492,3264,212.156158,197.5266,5,4.92973375
3.26666,3265,212.156158,197.532349,5,4.95154667
3.26849,3266,212.156158,197.537613,5,5.07697153
3.26850,3267,212.156158,197.5421,5,5.02789259
3.26976,3268,212.156158,197.546249,5,5.087878
3.27164,3269,212.156158,197.55188,5,4.837029
3.27167,3270,212.156158,197.557678,5,4.95154667
3.27283,3271,212.156158,197.562592,5,4.98426628
3.27284,3272,212.156158,197.567169,5,5.109691
3.27466,3273,212.156158,197.571655,5,5.087878
3.27649,3274,212.156158,197.577362,5,4.81521559
3.27650,3275,212.156158,197.582275,5,4.94064
3.27775,3276,212.156158,197.58754,5,4.913374
3.27966,3277,212.156158,197.592026,5,5.13150358
3.27968,3278,212.156158,197.5969,5,4.995173
3.28083,3279,212.156158,197.6022,5,4.913374
3.28086,3280,212.156158,197.607437,5,4.96245337
3.28269,3281,212.156158,197.6126,5,4.92973375
3.28450,3282,212.156158,197.6171,5,5.180583
3.28451,3283,212.156158,197.621979,5,4.97335958
3.28576,3284,212.156158,197.626816,5,4.95154667
3.28762,3285,212.156158,197.632248,5,4.869748
3.28764,3286,212.156158,197.641983,5,5.109691
3.28883,3287,212.156158,197.6469,5,4.98426628
3.28885,3288,212.156158,197.651489,5,4.995173
3.29066,3289,212.156158,197.65741,5,4.76613665
3.29261,3290,212.156158,197.6626,5,5.02789259
3.29264,3291,212.156158,197.667267,5,5.109691
3.29379,3292,212.156158,197.67189,5,5.09878445
3.29567,3293,212.156158,197.676773,5,5.02789259
3.29571,3294,212.156158,197.6827,5,4.837029
3.29688,3295,212.156158,197.687363,5,5.07697153
3.29691,3296,212.156158,197.692184,5,4.995173
3.29867,3297,212.156158,197.6967,5,5.087878
3.30057,3298,212.156158,197.702011,5,4.90246725
