t,n,A,B,C,D
0.00291,0,798.998657,798.998657,0,0
0.00294,1,798.998657,798.998657,0,0
0.00384,2,798.998657,798.998657,0,0
0.00573,3,798.998657,798.998657,0,0
0.00579,4,798.998657,798.998657,0,0
0.00747,5,798.998657,798.998657,0,0
0.00750,6,798.998657,798.998657,0,0
0.00872,7,798.998657,798.998657,0,0
0.01059,8,798.998657,798.998657,0,0
0.01061,9,798.998657,798.998657,0,0
0.01181,10,798.998657,798.998657,0,0
0.01368,11,798.998657,798.998657,0,0
0.01371,12,798.998657,798.998657,0,0
0.01549,13,798.998657,798.998657,0,0
0.01553,14,798.998657,798.998657,0,0
0.01675,15,798.998657,798.998657,0,0
0.01855,16,798.998657,798.998657,0,0
0.01859,17,798.998657,798.998657,0,0
0.01988,18,798.998657,798.998657,0,0
0.02166,19,798.998657,798.998657,0,0
0.02170,20,798.998657,798.998657,0,0
0.02351,21,798.998657,798.998657,0,0
0.02355,22,798.998657,798.998657,0,0
0.02472,23,798.998657,798.998657,0,0
0.02654,24,798.998657,798.998657,0,0
0.02655,25,798.998657,798.998657,0,0
0.02781,26,798.998657,798.998657,0,0
0.02968,27,798.998657,798.998657,0,0
0.02972,28,798.998657,798.998657,0,0
0.03147,29,798.998657,798.998657,0,0
0.03149,30,798.998657,798.998657,0,0
0.03272,31,798.998657,798.998657,0,0
0.03457,32,798.998657,798.998657,0,0
0.03459,33,798.998657,798.998657,0,0
0.03590,34,798.998657,798.998657,0,0
0.03766,35,798.998657,798.998657,0,0
0.03768,36,798.998657,798.998657,0,0
0.03951,37,798.998657,798.998657,0,0
0.03954,38,798.998657,798.998657,0,0
0.04072,39,798.998657,798.998657,0,0
0.04258,40,798.998657,798.998657,0,0
0.04261,41,798.998657,798.998657,0,0
0.04381,42,798.998657,798.998657,0,0
0.04567,43,798.998657,798.998657,0,0
0.04570,44,798.998657,798.998657,0,0
0.04747,45,798.998657,798.998657,0,0
0.04751,46,798.998657,798.998657,0,0
0.04871,47,798.998657,798.998657,0,0
0.05055,48,798.998657,798.998657,0,0
0.05056,49,798.998657,798.998657,0,0
0.05186,50,798.998657,798.998657,0,0
0.05364,51,798.998657,798.998657,0,0
0.05368,52,798.998657,798.998657,0,0
0.05549,53,798.998657,798.998657,0,0
0.05551,54,798.998657,798.998657,0,0
0.05672,55,798.998657,798.998657,0,0
0.05856,56,798.998657,798.998657,0,0
0.05858,57,798.998657,798.998657,0,0
0.05980,58,798.998657,798.998657,0,0
0.06165,59,798.998657,798.998657,0,0
0.06168,60,798.998657,798.998657,0,0
0.06348,61,798.998657,798.998657,0,0
0.06351,62,798.998657,798.998657,0,0
0.06476,63,798.998657,798.998657,0,0
0.06657,64,798.998657,798.998657,0,0
0.06660,65,798.998657,798.998657,0,0
0.06780,66,798.998657,798.998657,0,0
0.06970,67,798.998657,798.998657,0,0
0.06973,68,798.998657,798.998657,0,0
0.07151,69,798.998657,798.998657,0,0
0.07153,70,798.998657,798.998657,0,0
0.07273,71,798.998657,798.998657,0,0
0.07459,72,798.998657,798.998657,0,0
0.07463,73,798.998657,798.998657,0,0
0.07582,74,798.998657,798.998657,0,0
0.07769,75,798.998657,798.998657,0,0
0.07772,76,798.998657,798.998657,0,0
0.07947,77,798.998657,798.998657,0,0
0.07950,78,798.998657,798.998657,0,0
0.08072,79,798.998657,798.998657,0,0
0.08256,80,798.998657,798.998657,0,0
0.08258,81,798.998657,798.998657,0,0
0.08380,82,798.998657,798.998657,0,0
0.08565,83,798.998657,798.998657,0,0
0.08568,84,798.998657,798.998657,0,0
0.08754,85,798.998657,798.998657,0,0
0.08759,86,798.998657,798.998657,0,0
0.08874,87,798.998657,798.998657,0,0
0.09058,88,798.998657,798.998657,0,0
0.09062,89,798.998657,798.998657,0,0
0.09180,90,798.998657,798.998657,0,0
0.09366,91,798.998657,798.998657,0,0
0.09368,92,798.998657,798.998657,0,0
0.09551,93,798.998657,798.998657,0,0
0.09556,94,798.998657,798.998657,0,0
0.09673,95,798.998657,798.998657,0,0
0.09858,96,798.998657,798.998657,0,0
0.09860,97,798.998657,798.998657,0,0
0.09980,98,798.998657,798.998657,0,0
0.10167,99,798.998657,798.998657,0,0
0.10171,100,798.998657,798.998657,0,0
0.10348,101,798.998657,798.998657,0,0
0.10350,102,798.998657,798.998657,0,0
0.10473,103,798.998657,798.998657,0,0
0.10659,104,798.998657,798.998657,0,0
0.10661,105,798.998657,798.998657,0,0
0.10780,106,798.998657,798.998657,0,0
0.10981,107,798.998657,798.998657,0,0
0.10983,108,798.998657,798.998657,0,0
0.11149,109,798.998657,798.998657,0,0
0.11152,110,798.998657,798.998657,0,0
0.11273,111,798.998657,798.998657,0,0
0.11466,112,798.998657,798.998657,0,0
0.11471,113,798.998657,798.998657,0,0
0.11582,114,798.998657,798.998657,0,0
0.11765,115,798.998657,798.998657,0,0
0.11768,116,798.998657,798.998657,0,0
0.11952,117,798.998657,798.998657,0,0
0.11956,118,798.998657,798.998657,0,0
0.12073,119,798.998657,798.998657,0,0
0.12260,120,798.998657,798.998657,0,0
0.12262,121,798.998657,798.998657,0,0
0.12381,122,798.998657,798.998657,0,0
0.12564,123,798.998657,798.998657,0,0
0.12566,124,798.998657,798.998657,0,0
0.12751,125,798.998657,798.998657,0,0
0.12753,126,798.998657,798.998657,0,0
0.12871,127,798.998657,798.998657,0,0
0.13056,128,798.998657,798.998657,0,0
0.13058,129,798.998657,798.998657,0,0
0.13182,130,798.998657,798.998657,0,0
0.13366,131,798.998657,798.998657,0,0
0.13368,132,798.998657,798.998657,0,0
0.13549,133,798.998657,798.998657,0,0
0.13551,134,798.998657,798.998657,0,0
0.13673,135,798.998657,798.998657,0,0
0.13859,136,798.998657,798.998657,0,0
0.13862,137,798.998657,798.998657,0,0
0.13981,138,798.998657,798.998657,0,0
0.14166,139,798.998657,798.998657,0,0
0.14170,140,798.998657,798.998657,0,0
0.14349,141,798.998657,798.998657,0,0
0.14351,142,798.998657,798.998657,0,0
0.14472,143,798.998657,798.998657,0,0
0.14658,144,798.998657,798.998657,0,0
0.14661,145,798.998657,798.998657,0,0
0.14780,146,798.998657,798.998657,0,0
0.14967,147,798.998657,798.998657,0,0
0.14970,148,798.998657,798.998657,0,0
0.15148,149,798.998657,798.998657,0,0
0.15151,150,798.998657,798.998657,0,0
0.15274,151,798.998657,798.998657,0,0
0.15461,152,798.998657,798.998657,0,0
0.15466,153,798.998657,798.998657,0,0
0.15580,154,798.998657,798.998657,0,0
0.15770,155,798.998657,798.998657,0,0
0.15773,156,798.998657,798.998657,0,0
0.15949,157,798.998657,798.998657,0,0
0.15953,158,798.998657,798.998657,0,0
0.16072,159,798.998657,798.998657,0,0
0.16256,160,798.998657,798.998657,0,0
0.16258,161,798.998657,798.998657,0,0
0.16382,162,798.998657,798.998657,0,0
0.16567,163,798.998657,798.998657,0,0
0.16571,164,798.998657,798.998657,0,0
0.16747,165,798.998657,798.998657,0,0
0.16750,166,798.998657,798.998657,0,0
0.16872,167,798.998657,798.998657,0,0
0.17055,168,798.998657,798.998657,0,0
0.17059,169,798.998657,798.998657,0,0
0.17181,170,798.998657,798.998657,0,0
0.17367,171,798.998657,798.998657,0,0
0.17369,172,798.998657,798.998657,0,0
0.17548,173,798.998657,798.998657,0,0
0.17553,174,798.998657,798.998657,0,0
0.17673,175,798.998657,798.998657,0,0
0.17860,176,798.998657,798.998657,0,0
0.17862,177,798.998657,798.998657,0,0
0.17981,178,798.998657,798.998657,0,0
0.18166,179,798.998657,798.998657,0,0
0.18169,180,798.998657,798.998657,0,0
0.18347,181,798.998657,798.998657,0,0
0.18349,182,798.998657,798.998657,0,0
0.18474,183,798.998657,798.998657,0,0
0.18660,184,798.998657,798.998657,0,0
0.18664,185,798.998657,798.998657,0,0
0.18782,186,798.998657,798.998657,0,0
0.18969,187,798.998657,798.998657,0,0
0.18972,188,798.998657,798.998657,0,0
0.19148,189,798.998657,798.998657,0,0
0.19150,190,798.998657,798.998657,0,0
0.19271,191,798.998657,798.998657,0,0
0.19457,192,798.998657,798.998657,0,0
0.19461,193,798.998657,798.998657,0,0
0.19580,194,798.998657,798.998657,0,0
0.19767,195,798.998657,798.998657,0,0
0.19771,196,798.998657,798.998657,0,0
0.19945,197,798.998657,798.998657,0,0
0.19949,198,798.998657,798.998657,0,0
0.20072,199,798.998657,798.998657,0,0
0.20270,200,798.998657,798.998657,0,0
0.20273,201,798.998657,798.998657,0,0
0.20384,202,798.998657,798.998657,0,0
0.20567,203,798.998657,798.998657,0,0
0.20570,204,798.998657,798.998657,0,0
0.20745,205,798.998657,798.998657,0,0
0.20746,206,798.998657,798.998657,0,0
0.20871,207,798.998657,798.998657,0,0
0.21056,208,798.998657,798.998657,0,0
0.21059,209,798.998657,798.998657,0,0
0.21180,210,798.998657,798.998657,0,0
0.21368,211,798.998657,798.998657,0,0
0.21370,212,798.998657,798.998657,0,0
0.21545,213,798.998657,798.998657,0,0
0.21549,214,798.998657,798.998657,0,0
0.21671,215,798.998657,798.998657,0,0
0.21856,216,798.998657,798.998657,0,0
0.21859,217,798.998657,798.998657,0,0
0.21983,218,798.998657,798.998657,0,0
0.22170,219,798.998657,798.998657,0,0
0.22175,220,798.998657,798.998657,0,0
0.22346,221,798.998657,798.998657,0,0
0.22347,222,798.998657,798.998657,0,0
0.22473,223,798.998657,798.998657,0,0
0.22658,224,798.998657,798.998657,0,0
0.22660,225,798.998657,798.998657,0,0
0.22780,226,798.998657,798.998657,0,0
0.22966,227,798.998657,798.998657,0,0
0.22969,228,798.998657,798.998657,0,0
0.23147,229,798.998657,798.998657,0,0
0.23149,230,798.998657,798.998657,0,0
0.23272,231,798.998657,798.998657,0,0
0.23456,232,798.998657,798.998657,0,0
0.23459,233,798.998657,798.998657,0,0
0.23595,234,798.998657,798.998657,0,0
0.23769,235,798.998657,798.998657,0,0
0.23773,236,798.998657,798.998657,0,0
0.23947,237,798.998657,798.998657,0,0
0.23948,238,798.998657,798.998657,0,0
0.24071,239,798.998657,798.998657,0,0
0.24253,240,798.998657,798.998657,0,0
0.24256,241,798.998657,798.998657,0,0
0.24380,242,798.998657,798.998657,0,0
0.24566,243,798.998657,798.998657,0,0
0.24568,244,798.998657,798.998657,0,0
0.24745,245,798.998657,798.998657,0,0
0.24748,246,798.998657,798.998657,0,0
0.24871,247,798.998657,798.998657,0,0
0.25056,248,798.998657,798.998657,0,0
0.25061,249,798.998657,798.998657,0,0
0.25183,250,798.998657,798.998657,0,0
0.25364,251,798.998657,798.998657,0,0
0.25367,252,798.998657,798.998657,0,0
0.25546,253,798.998657,798.998657,0,0
0.25547,254,798.998657,798.998657,0,0
0.25673,255,798.998657,798.998657,0,0
0.25854,256,798.998657,798.998657,0,0
0.25855,257,798.998657,798.998657,0,0
0.25981,258,798.998657,798.998657,0,0
0.26164,259,798.998657,798.998657,0,0
0.26167,260,798.998657,798.998657,0,0
0.26348,261,798.998657,798.998657,0,0
0.26350,262,798.998657,798.998657,0,0
0.26472,263,798.998657,798.998657,0,0
0.26654,264,798.998657,798.998657,0,0
0.26656,265,798.998657,798.998657,0,0
0.26781,266,798.998657,798.998657,0,0
0.26968,267,798.998657,798.998657,0,0
0.26972,268,798.998657,798.998657,0,0
0.27147,269,798.998657,798.998657,0,0
0.27148,270,798.998657,798.998657,0,0
0.27271,271,798.998657,798.998657,0,0
0.27454,272,798.998657,798.998657,0,0
0.27457,273,798.998657,798.998657,0,0
0.27581,274,798.998657,798.998657,0,0
0.27767,275,798.998657,798.998657,0,0
0.27770,276,798.998657,798.998657,0,0
0.27945,277,798.998657,798.998657,0,0
0.27947,278,798.998657,798.998657,0,0
0.28071,279,798.998657,798.998657,0,0
0.28259,280,798.998657,798.998657,0,0
0.28265,281,798.998657,798.998657,0,0
0.28383,282,798.998657,798.998657,0,0
0.28566,283,798.998657,798.998657,0,0
0.28569,284,798.998657,798.998657,0,0
0.28753,285,798.998657,798.998657,0,0
0.28754,286,798.998657,798.998657,0,0
0.28874,287,798.998657,798.998657,0,0
0.29055,288,798.998657,798.998657,0,0
0.29057,289,798.998657,798.998657,0,0
0.29183,290,798.998657,798.998657,0,0
0.29362,291,798.998657,798.998657,0,0
0.29364,292,798.998657,798.998657,0,0
0.29545,293,798.998657,798.998657,0,0
0.29546,294,798.998657,798.998657,0,0
0.29672,295,798.998657,798.998657,0,0
0.29857,296,798.998657,798.998657,0,0
0.29860,297,798.998657,798.998657,0,0
0.29984,298,798.998657,798.998657,0,0
0.30164,299,798.998657,798.998657,0,0
0.30175,300,798.998657,798.998657,0,0
0.30353,301,798.998657,798.998657,0,0
0.30356,302,799.998657,798.998657,25,0
0.30475,303,799.998657,798.998657,25,0
0.30654,304,799.998657,798.998962,25,0
0.30655,305,799.998657,798.999756,25,0.147237629
0.30782,306,799.998657,799.0014,25,0.4417129
0.30966,307,799.998657,799.0041,25,0.9652244
0.30969,308,799.998657,799.007568,25,1.74503851
0.31146,309,799.998657,799.0127,25,2.644824
0.31147,310,799.998657,799.0193,25,3.844538
0.31274,311,799.998657,799.0253,25,4.913374
0.31454,312,799.998657,799.0321,25,5.715001
0.31455,313,799.998657,799.041443,25,6.61478662
0.31584,314,799.998657,799.050659,25,7.61818361
0.31764,315,799.998657,799.0603,25,8.179868
0.31767,316,799.998657,799.07196,25,9.466834
0.31946,317,799.998657,799.0973,25,10.9283037
0.31948,318,799.998657,799.11084,25,11.8771687
0.32073,319,799.998657,799.124268,25,12.7006083
0.32258,320,799.998657,799.141357,25,13.7040062
0.32261,321,799.998657,799.1573,25,14.3965683
0.32382,322,799.998657,799.1741,25,15.5853748
0.32565,323,799.998657,799.192139,25,16.2015915
0.32567,324,799.998657,799.2105,25,16.9650459
0.32747,325,799.998657,799.2292,25,17.603075
0.32748,326,799.998657,799.248047,25,17.9575367
0.32873,327,799.998657,799.2666,25,18.4701424
0.33055,328,799.998657,799.285339,25,18.873682
0.33056,329,799.998657,799.3048,25,18.977293
0.33185,330,799.998657,799.3241,25,19.031826
0.33364,331,799.998657,799.342468,25,18.977293
0.33368,332,799.998657,799.361145,25,18.9391212
0.33545,333,799.998657,799.380249,25,18.83551
0.33546,334,799.998657,799.399,25,18.7482567
0.33676,335,799.998657,799.417236,25,18.6664581
0.33858,336,799.998657,799.435242,25,18.51922
0.33860,337,799.998657,799.454,25,18.5410347
0.33982,338,799.998657,799.472351,25,18.51922
0.34167,339,799.998657,799.490967,25,18.3719845
0.34170,340,799.998657,799.509033,25,18.33381
0.34348,341,799.998657,799.527466,25,18.344717
0.34350,342,799.998657,799.5458,25,18.4047031
0.34472,343,799.998657,799.564,25,18.4374218
0.34656,344,799.998657,799.5829,25,18.4374218
0.34658,345,799.998657,799.6016,25,18.3010921
0.34780,346,799.998657,799.6198,25,18.3719845
0.34964,347,799.998657,799.638,25,18.51922
0.34966,348,799.998657,799.657043,25,18.448328
0.35145,349,799.998657,799.6757,25,18.5846615
0.35147,350,799.998657,799.693542,25,18.55194
0.35293,351,799.998657,799.7124,25,18.5846615
0.35460,352,799.998657,799.73114,25,18.5628471
0.35461,353,799.998657,799.749939,25,18.51922
0.35585,354,799.998657,799.7682,25,18.55194
0.35765,355,799.998657,799.786743,25,18.4374218
0.35769,356,799.998657,799.8053,25,18.6446457
0.35947,357,799.998657,799.824036,25,18.6555538
0.35949,358,799.998657,799.8428,25,18.55194
0.36072,359,799.998657,799.86145,25,18.6228333
0.36254,360,799.998657,799.88,23.7304688,18.4865017
0.36256,361,799.998657,799.8986,20.0073242,18.63374
0.36382,362,799.998657,799.9167,16.394043,18.770071
0.36563,363,799.998657,799.935547,12.62207,18.6991787
0.36565,364,799.998657,799.954468,8.837891,18.4974079
0.36746,365,799.998657,799.9711,5.505371,18.0720558
0.36748,366,799.998657,799.9864,2.45361328,17.444931
0.36871,367,799.998657,800.001038,-0.476074219,16.5887718
0.37055,368,799.998657,800.014465,-3.161621,15.7926
0.37058,369,799.998657,800.0282,-5.908203,14.592885
0.37187,370,799.998657,800.0388,-8.032227,13.7367249
0.37363,371,799.998657,800.049561,-10.1806641,12.5588236
0.37365,372,799.998657,800.0593,-12.1337891,11.7626505
0.37546,373,799.998657,800.0675,-13.7695313,10.9283037
0.37548,374,799.998657,800.07605,-15.4785156,9.799482
0.37673,375,799.998657,800.083069,-16.8823242,9.150546
0.37856,376,799.998657,800.088562,-17.980957,8.043537
0.37859,377,799.998657,800.094849,-19.2382813,7.116485
0.37983,378,799.998657,800.0994,-20.1538086,6.489362
0.38165,379,799.998657,800.1032,-20.9106445,5.485965
0.38167,380,799.998657,800.106567,-21.5820313,4.78794956
0.38346,381,799.998657,800.1084,-21.9482422,4.084481
0.38348,382,799.998657,800.109131,-22.0947266,2.89567327
0.38474,383,799.998657,800.1093,-22.1313477,2.0722332
0.38660,384,799.998657,800.108948,-22.0581055,1.06883609
0.38662,385,799.998657,800.1077,-21.8139648,0.261755764
0.38781,386,799.998657,800.1058,-21.42334,-0.414446652
0.38968,387,799.998657,800.1028,-20.8251953,-1.13427508
0.38971,388,799.998657,800.0983,-19.934082,-2.044967
0.39148,389,799.998657,800.094,-19.0673828,-2.94475245
0.39151,390,799.998657,800.087646,-17.7978516,-3.800912
0.39272,391,799.998657,800.0818,-16.6259766,-4.886108
0.39456,392,799.998657,800.074646,-15.1977539,-5.436886
0.39459,393,799.998657,800.0665,-13.5742188,-6.24396563
0.39580,394,799.998657,800.0576,-11.7919922,-7.340068
0.39764,395,799.998657,800.0489,-10.0463867,-7.72724867
0.39765,396,799.998657,800.039,-8.068848,-8.479796
0.39948,397,799.998657,800.030334,-6.335449,-9.074201
0.39950,398,799.998657,800.0226,-4.78515625,-8.845164
0.40071,399,799.998657,800.0139,-3.05175781,-8.812445
0.40269,400,799.998657,800.0074,-1.74560547,-8.561595
0.40271,401,799.998657,800.002747,-0.8178711,-7.536385
0.40382,402,799.998657,799.9988,-0.0244140625,-6.50572157
0.40564,403,799.998657,799.995,0.7324219,-5.50232458
0.40566,404,799.998657,799.9925,1.23291016,-4.362596
0.40748,405,799.998657,799.991,1.52587891,-3.424638
0.40750,406,799.998657,799.9904,1.64794922,-2.6611836
0.40872,407,799.998657,799.990845,1.5625,-1.690506
0.41059,408,799.998657,799.991943,1.34277344,-0.687108934
0.41061,409,799.998657,799.993469,1.03759766,0.158144116
0.41181,410,799.998657,799.9956,0.610351563,0.8779725
0.41363,411,799.998657,799.997864,0.1586914,1.466923
0.41365,412,799.998657,800.000061,-0.280761719,1.88136959
0.41548,413,799.998657,800.0019,-0.646972656,2.08314
0.41550,414,799.998657,800.0033,-0.9277344,2.03951359
0.41671,415,799.998657,800.0044,-1.14746094,1.8104775
0.41858,416,799.998657,800.005066,-1.28173828,1.48328269
0.41861,417,799.998657,800.0055,-1.3671875,1.11791527
0.41983,418,799.998657,800.0053,-1.33056641,0.75254786
0.42167,419,799.998657,800.003967,-1.06201172,-0.04907921
0.42170,420,799.998657,800.003967,-1.06201172,-0.04907921
0.42350,421,799.998657,800.0016,-0.5859375,-0.7907206
0.42353,422,799.998657,800.000061,-0.280761719,-1.06338286
0.42472,423,799.998657,799.9983,0.07324219,-1.2924192
0.42661,424,799.998657,799.9965,0.4272461,-1.48873591
0.42665,425,799.998657,799.994934,0.7446289,-1.62506711
0.42780,426,799.998657,799.9938,0.9765625,-1.64688
0.42963,427,799.998657,799.992859,1.159668,-1.532362
0.42964,428,799.998657,799.9924,1.25732422,-1.28151262
0.43148,429,799.998657,799.9924,1.25732422,-0.916145146
0.43151,430,799.998657,799.9927,1.19628906,-0.5180583
0.43274,431,799.998657,799.993469,1.03759766,-0.103611663
0.43457,432,799.998657,799.994446,0.842285156,0.305381745
0.43460,433,799.998657,799.9957,0.5859375,0.648936152
0.43594,434,799.998657,799.997131,0.305175781,0.943411469
0.43764,435,799.998657,799.9983,0.07324219,1.13972831
0.43766,436,799.998657,799.9995,-0.170898438,1.23243344
0.43951,437,799.998657,800.000366,-0.341796875,1.20516717
0.43953,438,799.998657,800.001038,-0.476074219,1.07974255
0.44072,439,799.998657,800.001343,-0.5371094,0.8997855
0.44259,440,799.998657,800.0014,-0.5493164,0.648936152
0.44261,441,799.998657,800.00116,-0.5004883,0.37627393
0.44380,442,799.998657,800.0007,-0.402832031,0.109064907
0.44562,443,799.998657,800.000061,-0.280761719,-0.185410336
0.44563,444,799.998657,799.999268,-0.122070313,-0.42535314
0.44745,445,799.998657,799.9981,0.109863281,-0.632576466
0.44746,446,799.998657,799.997131,0.305175781,-0.812533557
0.44873,447,799.998657,799.996033,0.524902344,-0.937958241
0.45055,448,799.998657,799.995056,0.720214844,-1.01975679
0.45057,449,799.998657,799.9943,0.8666992,-1.04157
0.45184,450,799.998657,799.993469,1.03759766,-0.959771156
0.45365,451,799.998657,799.993164,1.09863281,-0.834346533
0.45366,452,799.998657,799.993164,1.09863281,-0.643483
0.45551,453,799.998657,799.9934,1.04980469,-0.392633677
0.45554,454,799.998657,799.9939,0.952148438,-0.130877882
0.45672,455,799.998657,799.9946,0.805664063,0.169050619
0.45858,456,799.998657,799.9956,0.610351563,0.430806369
0.45862,457,799.998657,799.9966,0.415039063,0.6598427
0.45980,458,799.998657,799.9977,0.1953125,0.839799762
0.46166,459,799.998657,799.998535,0.0244140625,0.943411469
0.46171,460,799.998657,799.9994,-0.146484375,0.9652244
0.46349,461,799.998657,800.000061,-0.280761719,0.910692
0.46351,462,799.998657,800.0005,-0.366210938,0.7961738
0.46473,463,799.998657,800.0008,-0.4272461,0.681655645
0.46656,464,799.998657,800.0009,-0.451660156,0.5126051
0.46659,465,799.998657,800.0008,-0.4272461,0.327194721
0.46782,466,799.998657,800.0005,-0.366210938,0.136331126
0.46967,467,799.998657,800.000061,-0.280761719,-0.08179868
0.46970,468,799.998657,799.9996,-0.183105469,-0.256302536
0.47149,469,799.998657,799.99884,-0.0366210938,-0.403540134
0.47151,470,799.998657,799.9981,0.109863281,-0.5289648
0.47282,471,799.998657,799.9973,0.2685547,-0.632576466
0.47459,472,799.998657,799.9965,0.4272461,-0.6980154
0.47461,473,799.998657,799.99585,0.561523438,-0.7580011
0.47581,474,799.998657,799.995056,0.720214844,-0.7689076
0.47764,475,799.998657,799.9946,0.805664063,-0.747094631
0.47767,476,799.998657,799.9942,0.8911133,-0.6762025
0.47948,477,799.998657,799.994141,0.9033203,-0.561684251
0.47950,478,799.998657,799.994141,0.9033203,-0.392633677
0.48072,479,799.998657,799.994446,0.842285156,-0.196316838
0.48259,480,799.998657,799.995,0.7324219,0.03271947
0.48261,481,799.998657,799.9957,0.5859375,0.2508493
0.48381,482,799.998657,799.9966,0.415039063,0.452619374
0.48627,483,799.998657,799.997559,0.219726563,0.6598427
0.48629,484,799.998657,799.998535,0.0244140625,0.807080269
0.48748,485,799.998657,799.9994,-0.146484375,0.8997855
0.48749,486,799.998657,800.0001,-0.29296875,0.8997855
0.48874,487,799.998657,800.0007,-0.402832031,0.839799762
0.49059,488,799.998657,800.00116,-0.5004883,0.741641343
0.49063,489,799.998657,800.0014,-0.5493164,0.599857
0.49181,490,799.998657,800.0014,-0.5493164,0.4417129
0.49366,491,799.998657,800.0012,-0.5126953,0.261755764
0.49369,492,799.998657,800.0009,-0.451660156,0.06543894
0.49548,493,799.998657,800.0005,-0.366210938,-0.130877882
0.49551,494,799.998657,799.9998,-0.2319336,-0.2999285
0.49671,495,799.998657,799.9991,-0.08544922,-0.447166115
0.49857,496,799.998657,799.9983,0.07324219,-0.5834973
0.49859,497,799.998657,799.997437,0.244140625,-0.6980154
0.49982,498,799.998657,799.9967,0.390625,-0.7689076
0.50166,499,799.998657,799.9957,0.5859375,-0.812533557
0.50168,500,799.998657,799.995056,0.720214844,-0.834346533
0.50348,501,799.998657,799.994446,0.842285156,-0.8016271
0.50350,502,799.998657,799.993958,0.9399414,-0.7307349
0.50472,503,799.998657,799.9938,0.9765625,-0.621669948
0.50660,504,799.998657,799.9938,0.9765625,-0.458072573
0.50663,505,799.998657,799.993958,0.9399414,-0.267209023
0.50781,506,799.998657,799.994446,0.842285156,-0.04907921
0.50965,507,799.998657,799.995056,0.720214844,0.179957092
0.50968,508,799.998657,799.996,0.5371094,0.387180418
0.51151,509,799.998657,799.9968,0.366210938,0.578044
0.51155,510,799.998657,799.9977,0.1953125,0.714375138
0.51272,511,799.998657,799.9984,0.048828125,0.7961738
0.51457,512,799.998657,799.9991,-0.08544922,0.807080269
0.51458,513,799.998657,799.9997,-0.207519531,0.774360836
0.51582,514,799.998657,800.0001,-0.29296875,0.681655645
0.51768,515,799.998657,800.0005,-0.366210938,0.5889505
0.51771,516,799.998657,800.0008,-0.4272461,0.359914184
0.51954,517,799.998657,800.0007,-0.402832031,0.223583058
0.51958,518,799.998657,800.0007,-0.402832031,0.223583058
0.52075,519,799.998657,800.000366,-0.341796875,0.07634544
0.52261,520,799.998657,799.999634,-0.1953125,-0.196316838
0.52265,521,799.998657,799.999146,-0.09765625,-0.310834974
0.52383,522,799.998657,799.9986,0.0122070313,-0.403540134
0.52568,523,799.998657,799.998047,0.122070313,-0.46897912
0.52570,524,799.998657,799.997437,0.244140625,-0.5289648
0.52748,525,799.998657,799.997,0.329589844,-0.5507778
0.52750,526,799.998657,799.9964,0.451660156,-0.561684251
0.52871,527,799.998657,799.9959,0.5493164,-0.5507778
0.53056,528,799.998657,799.9956,0.610351563,-0.5289648
0.53058,529,799.998657,799.9952,0.6958008,-0.490792066
0.53183,530,799.998657,799.995,0.7324219,-0.436259627
0.53365,531,799.998657,799.995,0.7324219,-0.332647949
0.53367,532,799.998657,799.9953,0.6713867,-0.196316838
0.53549,533,799.998657,799.9955,0.6347656,-0.04907921
0.53551,534,799.998657,799.9959,0.5493164,0.09815842
0.53673,535,799.998657,799.9963,0.476074219,0.23448956
0.53859,536,799.998657,799.9967,0.390625,0.327194721
0.53862,537,799.998657,799.997131,0.305175781,0.387180418
0.53981,538,799.998657,799.997437,0.244140625,0.3980869
0.54168,539,799.998657,799.9977,0.1953125,0.359914184
0.54171,540,799.998657,799.9978,0.170898438,0.305381745
0.54350,541,799.998657,799.998,0.134277344,0.2508493
0.54352,542,799.998657,799.998,0.134277344,0.1908636
0.54480,543,799.998657,799.998,0.134277344,0.109064907
0.54661,544,799.998657,799.997864,0.1586914,0.0545324534
0.54666,545,799.998657,799.9978,0.170898438,0
0.54782,546,799.998657,799.9977,0.1953125,-0.07089219
0.54967,547,799.998657,799.997437,0.244140625,-0.103611663
0.54969,548,799.998657,799.9973,0.2685547,-0.141784385
0.55148,549,799.998657,799.997,0.329589844,-0.16359736
0.55152,550,799.998657,799.9969,0.3540039,-0.185410336
0.55291,551,799.998657,799.9967,0.390625,-0.185410336
0.55460,552,799.998657,799.9966,0.415039063,-0.185410336
0.55463,553,799.998657,799.99646,0.439453125,-0.174503848
0.55582,554,799.998657,799.9964,0.451660156,-0.16359736
0.55765,555,799.998657,799.9963,0.476074219,-0.152690873
0.55769,556,799.998657,799.9963,0.476074219,-0.114518143
0.55948,557,799.998657,799.9964,0.451660156,-0.07089219
0.55950,558,799.998657,799.99646,0.439453125,-0.0163597353
0.56073,559,799.998657,799.9967,0.390625,0.03271947
0.56256,560,799.998657,799.9967,0.390625,0.07634544
0.56261,561,799.998657,799.9968,0.366210938,0.109064907
0.56381,562,799.998657,799.997,0.329589844,0.109064907
0.56565,563,799.998657,799.997131,0.305175781,0.109064907
0.56570,564,799.998657,799.997131,0.305175781,0.109064907
0.56747,565,799.998657,799.997131,0.305175781,0.087251924
0.56748,566,799.998657,799.997253,0.280761719,0.07634544
0.56873,567,799.998657,799.997131,0.305175781,0.0545324534
0.57056,568,799.998657,799.997131,0.305175781,0.021812981
0.57057,569,799.998657,799.997131,0.305175781,-0.0163597353
0.57185,570,799.998657,799.997,0.329589844,-0.03817272
0.57368,571,799.998657,799.997,0.329589844,-0.07089219
0.57370,572,799.998657,799.9969,0.3540039,-0.07089219
0.57548,573,799.998657,799.9969,0.3540039,-0.0599856973
0.57550,574,799.998657,799.9968,0.366210938,-0.0599856973
0.57672,575,799.998657,799.9968,0.366210938,-0.03817272
0.57858,576,799.998657,799.9968,0.366210938,-0.0272662267
0.57862,577,799.998657,799.9968,0.366210938,-0.0272662267
0.57981,578,799.998657,799.9968,0.366210938,-0.0272662267
0.58168,579,799.998657,799.9968,0.366210938,-0.0163597353
0.58172,580,799.998657,799.9969,0.3540039,0.0109064905
0.58352,581,799.998657,799.997,0.329589844,0.0109064905
0.58354,582,799.998657,799.997,0.329589844,0.03271947
0.58473,583,799.998657,799.997,0.329589844,0.043625962
0.58657,584,799.998657,799.997131,0.305175781,0.03271947
0.58660,585,799.998657,799.997131,0.305175781,0.03271947
0.58782,586,799.998657,799.997131,0.305175781,0.021812981
0.58969,587,799.998657,799.997131,0.305175781,0.021812981
0.58973,588,799.998657,799.997131,0.305175781,0.021812981
0.59151,589,799.998657,799.997131,0.305175781,0.0109064905
0.59153,590,799.998657,799.997131,0.305175781,0
0.59272,591,799.998657,799.997,0.329589844,-0.0272662267
0.59455,592,799.998657,799.997,0.329589844,-0.03817272
0.59457,593,799.998657,799.997,0.329589844,-0.04907921
0.59583,594,799.998657,799.9969,0.3540039,-0.0599856973
0.59768,595,799.998657,799.9968,0.366210938,-0.04907921
0.59771,596,799.998657,799.9968,0.366210938,-0.04907921
0.59950,597,799.998657,799.9968,0.366210938,-0.03817272
0.59952,598,799.998657,799.9968,0.366210938,-0.0272662267
0.60081,599,799.998657,799.9968,0.366210938,-0.0272662267
0.60276,600,799.998657,799.9969,0.3540039,-0.0163597353
0.60278,601,799.998657,799.997,0.329589844,0.0109064905
0.60382,602,799.998657,799.997,0.329589844,0.03271947
0.60568,603,799.998657,799.997131,0.305175781,0.043625962
0.60572,604,799.998657,799.997131,0.305175781,0.0545324534
0.60748,605,799.998657,799.997131,0.305175781,0.043625962
0.60751,606,799.998657,799.997131,0.305175781,0.03271947
0.60878,607,799.998657,799.997131,0.305175781,0.03271947
0.61058,608,799.998657,799.997253,0.280761719,0.03271947
0.61062,609,799.998657,799.997131,0.305175781,0.021812981
0.61181,610,799.998657,799.997131,0.305175781,0
0.61365,611,799.998657,799.997131,0.305175781,-0.0272662267
0.61367,612,799.998657,799.997,0.329589844,-0.03817272
0.61550,613,799.998657,799.997,0.329589844,-0.0599856973
0.61553,614,799.998657,799.9969,0.3540039,-0.0599856973
0.61671,615,799.998657,799.9969,0.3540039,-0.0599856973
0.61858,616,799.998657,799.9968,0.366210938,-0.0599856973
0.61861,617,799.998657,799.9968,0.366210938,-0.04907921
0.61982,618,799.998657,799.9968,0.366210938,-0.0272662267
0.62186,619,799.998657,799.9969,0.3540039,-0.0163597353
0.62190,620,799.998657,799.997,0.329589844,0
0.62350,621,799.998657,799.997,0.329589844,0.021812981
0.62354,622,799.998657,799.997131,0.305175781,0.043625962
0.62471,623,799.998657,799.997131,0.305175781,0.0545324534
0.62656,624,799.998657,799.997131,0.305175781,0.0545324534
0.62658,625,799.998657,799.997131,0.305175781,0.043625962
0.62781,626,799.998657,799.997253,0.280761719,0.03271947
0.62967,627,799.998657,799.997253,0.280761719,0.021812981
0.62970,628,799.998657,799.997253,0.280761719,0.021812981
0.63149,629,799.998657,799.997131,0.305175781,0.0109064905
0.63153,630,799.998657,799.997131,0.305175781,-0.0163597353
0.63271,631,799.998657,799.997131,0.305175781,-0.03817272
0.63457,632,799.998657,799.997,0.329589844,-0.04907921
0.63461,633,799.998657,799.997,0.329589844,-0.0599856973
0.63586,634,799.998657,799.997,0.329589844,-0.0599856973
0.63766,635,799.998657,799.997,0.329589844,-0.04907921
0.63769,636,799.998657,799.9969,0.3540039,-0.04907921
0.63950,637,799.998657,799.9968,0.366210938,-0.03817272
0.63955,638,799.998657,799.9969,0.3540039,-0.03817272
0.64076,639,799.998657,799.997,0.329589844,-0.0163597353
0.64258,640,799.998657,799.997,0.329589844,0
0.64261,641,799.998657,799.997131,0.305175781,0.021812981
0.64382,642,799.998657,799.997131,0.305175781,0.043625962
0.64568,643,799.998657,799.997131,0.305175781,0.043625962
0.64571,644,799.998657,799.997131,0.305175781,0.043625962
0.64749,645,799.998657,799.997253,0.280761719,0.03271947
0.64751,646,799.998657,799.997253,0.280761719,0.03271947
0.64872,647,799.998657,799.997253,0.280761719,0.021812981
0.65059,648,799.998657,799.997253,0.280761719,0.0109064905
0.65061,649,799.998657,799.997131,0.305175781,0
0.65180,650,799.998657,799.997131,0.305175781,-0.0272662267
0.65366,651,799.998657,799.997131,0.305175781,-0.03817272
0.65369,652,799.998657,799.997,0.329589844,-0.04907921
0.65548,653,799.998657,799.997,0.329589844,-0.04907921
0.65551,654,799.998657,799.997,0.329589844,-0.03817272
0.65672,655,799.998657,799.997,0.329589844,-0.03817272
0.65856,656,799.998657,799.997,0.329589844,-0.03817272
0.65858,657,799.998657,799.997,0.329589844,-0.0272662267
0.65982,658,799.998657,799.997,0.329589844,-0.0272662267
0.66170,659,799.998657,799.997,0.329589844,-0.0163597353
0.66174,660,799.998657,799.997,0.329589844,0
0.66351,661,799.998657,799.997131,0.305175781,0.0109064905
0.66354,662,799.998657,799.997131,0.305175781,0.03271947
0.66472,663,799.998657,799.997131,0.305175781,0.03271947
0.66660,664,799.998657,799.997131,0.305175781,0.021812981
0.66664,665,799.998657,799.997131,0.305175781,0.021812981
0.66781,666,799.998657,799.997131,0.305175781,0.0109064905
0.66975,667,799.998657,799.997253,0.280761719,0.0109064905
0.66980,668,799.998657,799.997253,0.280761719,0.0109064905
0.67150,669,799.998657,799.997253,0.280761719,0.0109064905
0.67153,670,799.998657,799.997131,0.305175781,0
0.67274,671,799.998657,799.997131,0.305175781,-0.0163597353
0.67455,672,799.998657,799.997131,0.305175781,-0.0163597353
0.67459,673,799.998657,799.997131,0.305175781,-0.0272662267
0.67581,674,799.998657,799.997131,0.305175781,-0.0272662267
0.67771,675,799.998657,799.997131,0.305175781,-0.0272662267
0.67775,676,799.998657,799.997131,0.305175781,-0.0272662267
0.67948,677,799.998657,799.997131,0.305175781,-0.0272662267
0.67951,678,799.998657,799.997,0.329589844,-0.0272662267
0.68075,679,799.998657,799.997,0.329589844,-0.0272662267
0.68259,680,799.998657,799.997,0.329589844,-0.0272662267
0.68262,681,799.998657,799.997,0.329589844,-0.0272662267
0.68380,682,799.998657,799.997,0.329589844,-0.0163597353
0.68564,683,799.998657,799.997,0.329589844,-0.0163597353
0.68566,684,799.998657,799.997131,0.305175781,0
0.68749,685,799.998657,799.997131,0.305175781,0.0109064905
0.68752,686,799.998657,799.997131,0.305175781,0.021812981
0.68872,687,799.998657,799.997131,0.305175781,0.03271947
0.69057,688,799.998657,799.997131,0.305175781,0.021812981
0.69060,689,799.998657,799.997131,0.305175781,0.021812981
0.69180,690,799.998657,799.997253,0.280761719,0.021812981
0.69366,691,799.998657,799.997253,0.280761719,0.0109064905
0.69369,692,799.998657,799.997253,0.280761719,0.0109064905
0.69547,693,799.998657,799.9973,0.2685547,0.0109064905
0.69552,694,799.998657,799.9973,0.2685547,0.0109064905
0.69671,695,799.998657,799.9973,0.2685547,0.0109064905
0.69858,696,799.998657,799.997253,0.280761719,0
0.69861,697,799.998657,799.997131,0.305175781,-0.0163597353
0.69980,698,799.998657,799.997131,0.305175781,-0.03817272
0.70168,699,799.998657,799.997131,0.305175781,-0.03817272
0.70172,700,799.998657,799.997131,0.305175781,-0.03817272
0.70347,701,799.998657,799.997131,0.305175781,-0.03817272
0.70351,702,799.998657,799.997,0.329589844,-0.03817272
0.70473,703,799.998657,799.997,0.329589844,-0.03817272
0.70656,704,799.998657,799.997,0.329589844,-0.03817272
0.70659,705,799.998657,799.997,0.329589844,-0.0272662267
0.70789,706,799.998657,799.997131,0.305175781,-0.0163597353
0.70966,707,799.998657,799.997131,0.305175781,0
0.70969,708,799.998657,799.997131,0.305175781,0.0109064905
0.71149,709,799.998657,799.997131,0.305175781,0.021812981
0.71151,710,799.998657,799.9973,0.2685547,0.043625962
0.71274,711,799.998657,799.9973,0.2685547,0.043625962
0.71460,712,799.998657,799.9973,0.2685547,0.043625962
0.71463,713,799.998657,799.997437,0.244140625,0.043625962
0.71581,714,799.998657,799.997437,0.244140625,0.043625962
0.71770,715,799.998657,799.997437,0.244140625,0.03271947
0.71773,716,799.998657,799.997437,0.244140625,0.03271947
0.71952,717,799.998657,799.997437,0.244140625,0.021812981
0.71954,718,799.998657,799.997437,0.244140625,0.0109064905
0.72080,719,799.998657,799.9973,0.2685547,-0.0163597353
0.72263,720,799.998657,799.9973,0.2685547,-0.03817272
0.72265,721,799.998657,799.9973,0.2685547,-0.04907921
0.72382,722,799.998657,799.997131,0.305175781,-0.04907921
0.72564,723,799.998657,799.997131,0.305175781,-0.0599856973
0.72566,724,799.998657,799.997131,0.305175781,-0.0599856973
0.72750,725,799.998657,799.997,0.329589844,-0.0599856973
0.72753,726,799.998657,799.997,0.329589844,-0.04907921
0.72872,727,799.998657,799.997,0.329589844,-0.04907921
0.73058,728,799.998657,799.997131,0.305175781,-0.03817272
0.73064,729,799.998657,799.997131,0.305175781,0
0.73181,730,799.998657,799.997131,0.305175781,0.0109064905
0.73367,731,799.998657,799.9973,0.2685547,0.03271947
0.73370,732,799.998657,799.9973,0.2685547,0.0545324534
0.73545,733,799.998657,799.9973,0.2685547,0.043625962
0.73547,734,799.998657,799.997437,0.244140625,0.0545324534
0.73674,735,799.998657,799.997437,0.244140625,0.0545324534
0.73860,736,799.998657,799.997437,0.244140625,0.043625962
0.73864,737,799.998657,799.997437,0.244140625,0.043625962
0.73981,738,799.998657,799.997437,0.244140625,0.021812981
0.74168,739,799.998657,799.997437,0.244140625,0.0109064905
0.74173,740,799.998657,799.997437,0.244140625,0.0109064905
0.74346,741,799.998657,799.997437,0.244140625,-0.0272662267
0.74348,742,799.998657,799.9973,0.2685547,-0.03817272
0.74472,743,799.998657,799.9973,0.2685547,-0.04907921
0.74656,744,799.998657,799.9973,0.2685547,-0.0599856973
0.74658,745,799.998657,799.997253,0.280761719,-0.04907921
0.74781,746,799.998657,799.997131,0.305175781,-0.0599856973
0.74969,747,799.998657,799.997131,0.305175781,-0.04907921
0.74971,748,799.998657,799.997131,0.305175781,-0.04907921
0.75146,749,799.998657,799.997131,0.305175781,-0.03817272
0.75147,750,799.998657,799.997131,0.305175781,-0.03817272
0.75275,751,799.998657,799.997131,0.305175781,-0.0163597353
0.75460,752,799.998657,799.997253,0.280761719,0.0109064905
0.75462,753,799.998657,799.9973,0.2685547,0.021812981
0.75580,754,799.998657,799.9973,0.2685547,0.03271947
0.75766,755,799.998657,799.997437,0.244140625,0.043625962
0.75770,756,799.998657,799.997437,0.244140625,0.043625962
0.75945,757,799.998657,799.997437,0.244140625,0.03271947
0.75946,758,799.998657,799.997437,0.244140625,0.03271947
0.76072,759,799.998657,799.997437,0.244140625,0.021812981
0.76260,760,799.998657,799.997559,0.219726563,0.021812981
0.76265,761,799.998657,799.997437,0.244140625,0.021812981
0.76381,762,799.998657,799.997437,0.244140625,0
0.76567,763,799.998657,799.997437,0.244140625,-0.0272662267
0.76570,764,799.998657,799.997437,0.244140625,-0.04907921
0.76745,765,799.998657,799.9973,0.2685547,-0.04907921
0.76746,766,799.998657,799.9973,0.2685547,-0.0599856973
0.76874,767,799.998657,799.9973,0.2685547,-0.04907921
0.77056,768,799.998657,799.9973,0.2685547,-0.03817272
0.77058,769,799.998657,799.9973,0.2685547,-0.0272662267
0.77180,770,799.998657,799.9973,0.2685547,-0.0163597353
0.77366,771,799.998657,799.9973,0.2685547,-0.0163597353
0.77369,772,799.998657,799.997253,0.280761719,-0.0163597353
0.77545,773,799.998657,799.997253,0.280761719,-0.0163597353
0.77547,774,799.998657,799.997253,0.280761719,-0.0163597353
0.77672,775,799.998657,799.9973,0.2685547,0
0.77856,776,799.998657,799.9973,0.2685547,0
0.77857,777,799.998657,799.9973,0.2685547,0
0.77981,778,799.998657,799.9973,0.2685547,0.021812981
0.78165,779,799.998657,799.9973,0.2685547,0.0109064905
0.78167,780,799.998657,799.9973,0.2685547,0.0109064905
0.78345,781,799.998657,799.997437,0.244140625,0.021812981
0.78347,782,799.998657,799.997437,0.244140625,0.0109064905
0.78471,783,799.998657,799.997437,0.244140625,0.0109064905
0.78655,784,799.998657,799.997437,0.244140625,0.021812981
0.78657,785,799.998657,799.997437,0.244140625,0.0109064905
0.78786,786,799.998657,799.997437,0.244140625,0.0109064905
0.78968,787,799.998657,799.997437,0.244140625,0.0109064905
0.78970,788,799.998657,799.997437,0.244140625,0
0.79148,789,799.998657,799.997437,0.244140625,-0.0163597353
0.79150,790,799.998657,799.997437,0.244140625,-0.0272662267
0.79272,791,799.998657,799.9973,0.2685547,-0.03817272
0.79461,792,799.998657,799.9973,0.2685547,-0.03817272
0.79463,793,799.998657,799.9973,0.2685547,-0.0272662267
0.79586,794,799.998657,799.9973,0.2685547,-0.03817272
0.79765,795,799.998657,799.9973,0.2685547,-0.0272662267
0.79767,796,799.998657,799.9973,0.2685547,-0.03817272
0.79949,797,799.998657,799.9973,0.2685547,-0.03817272
0.79952,798,799.998657,799.997253,0.280761719,-0.0163597353
0.80072,799,799.998657,799.997253,0.280761719,-0.0163597353
0.80259,800,799.998657,799.9973,0.2685547,0
0.80266,801,799.998657,799.9973,0.2685547,0.0109064905
0.80382,802,799.998657,799.997437,0.244140625,0.021812981
0.80567,803,799.998657,799.997437,0.244140625,0.043625962
0.80571,804,799.998657,799.997437,0.244140625,0.03271947
0.80746,805,799.998657,799.997437,0.244140625,0.03271947
0.80747,806,799.998657,799.997437,0.244140625,0.03271947
0.80872,807,799.998657,799.997559,0.219726563,0.021812981
0.81054,808,799.998657,799.997559,0.219726563,0.021812981
0.81055,809,799.998657,799.9977,0.1953125,0.021812981
0.81182,810,799.998657,799.9977,0.1953125,0.0109064905
0.81363,811,799.998657,799.997559,0.219726563,0
0.81364,812,799.998657,799.997559,0.219726563,-0.0163597353
0.81548,813,799.998657,799.997437,0.244140625,-0.0272662267
0.81550,814,799.998657,799.997437,0.244140625,-0.04907921
0.81672,815,799.998657,799.997437,0.244140625,-0.04907921
0.81854,816,799.998657,799.9973,0.2685547,-0.0599856973
0.81856,817,799.998657,799.9973,0.2685547,-0.0599856973
0.81981,818,799.998657,799.9973,0.2685547,-0.04907921
0.82164,819,799.998657,799.9973,0.2685547,-0.03817272
0.82169,820,799.998657,799.997253,0.280761719,-0.0272662267
0.82345,821,799.998657,799.997253,0.280761719,-0.0272662267
0.82346,822,799.998657,799.9973,0.2685547,0.0109064905
0.82478,823,799.998657,799.9973,0.2685547,0.021812981
0.82657,824,799.998657,799.997437,0.244140625,0.03271947
0.82658,825,799.998657,799.997437,0.244140625,0.03271947
0.82782,826,799.998657,799.997437,0.244140625,0.021812981
0.82965,827,799.998657,799.997437,0.244140625,0.03271947
0.82967,828,799.998657,799.997559,0.219726563,0.03271947
0.83146,829,799.998657,799.997559,0.219726563,0.021812981
0.83148,830,799.998657,799.9977,0.1953125,0.03271947
0.83274,831,799.998657,799.9977,0.1953125,0.021812981
0.83455,832,799.998657,799.997559,0.219726563,0
0.83457,833,799.998657,799.997437,0.244140625,-0.0163597353
0.83604,834,799.998657,799.997437,0.244140625,-0.0272662267
0.83767,835,799.998657,799.997437,0.244140625,-0.03817272
0.83770,836,799.998657,799.997437,0.244140625,-0.0272662267
0.83948,837,799.998657,799.997437,0.244140625,-0.0272662267
0.83950,838,799.998657,799.997437,0.244140625,-0.0272662267
0.84074,839,799.998657,799.997437,0.244140625,-0.0272662267
0.84260,840,799.998657,799.997437,0.244140625,-0.03817272
0.84261,841,799.998657,799.997437,0.244140625,-0.0272662267
0.84384,842,799.998657,799.997437,0.244140625,-0.0272662267
0.84564,843,799.998657,799.997437,0.244140625,-0.0163597353
0.84567,844,799.998657,799.997437,0.244140625,-0.0163597353
0.84748,845,799.998657,799.997437,0.244140625,0.0109064905
0.84752,846,799.998657,799.997437,0.244140625,0
0.84872,847,799.998657,799.997437,0.244140625,0
0.85054,848,799.998657,799.997437,0.244140625,0.021812981
0.85056,849,799.998657,799.997437,0.244140625,0.0109064905
0.85182,850,799.998657,799.997437,0.244140625,0.0109064905
0.85365,851,799.998657,799.997437,0.244140625,0.021812981
0.85369,852,799.998657,799.997559,0.219726563,0
0.85549,853,799.998657,799.997559,0.219726563,0.0109064905
0.85553,854,799.998657,799.997559,0.219726563,0.0109064905
0.85674,855,799.998657,799.997559,0.219726563,0.0109064905
0.85857,856,799.998657,799.9977,0.1953125,0.0109064905
0.85861,857,799.998657,799.9977,0.1953125,0.0109064905
0.85981,858,799.998657,799.9977,0.1953125,0
0.86165,859,799.998657,799.997559,0.219726563,-0.0163597353
0.86168,860,799.998657,799.997559,0.219726563,-0.0272662267
0.86346,861,799.998657,799.997437,0.244140625,-0.0272662267
0.86348,862,799.998657,799.997437,0.244140625,-0.0272662267
0.86471,863,799.998657,799.997437,0.244140625,-0.0272662267
0.86654,864,799.998657,799.997437,0.244140625,-0.0272662267
0.86656,865,799.998657,799.997437,0.244140625,-0.0272662267
0.86784,866,799.998657,799.997437,0.244140625,-0.0272662267
0.86968,867,799.998657,799.997437,0.244140625,-0.0272662267
0.86971,868,799.998657,799.997437,0.244140625,-0.0272662267
0.87148,869,799.998657,799.997437,0.244140625,-0.0163597353
0.87150,870,799.998657,799.997437,0.244140625,0
0.87272,871,799.998657,799.997437,0.244140625,0
0.87454,872,799.998657,799.997437,0.244140625,0.0109064905
0.87456,873,799.998657,799.997559,0.219726563,0.03271947
0.87582,874,799.998657,799.997559,0.219726563,0.021812981
0.87764,875,799.998657,799.9977,0.1953125,0.03271947
0.87766,876,799.998657,799.9977,0.1953125,0.021812981
0.87946,877,799.998657,799.9977,0.1953125,0.0109064905
0.87948,878,799.998657,799.9977,0.1953125,0.0109064905
0.88071,879,799.998657,799.9977,0.1953125,0.0109064905
0.88253,880,799.998657,799.9977,0.1953125,0.0109064905
0.88255,881,799.998657,799.9977,0.1953125,0.0109064905
0.88382,882,799.998657,799.9977,0.1953125,0.0109064905
0.88563,883,799.998657,799.9977,0.1953125,-0.0163597353
0.88565,884,799.998657,799.9977,0.1953125,-0.0272662267
0.88752,885,799.998657,799.997559,0.219726563,-0.03817272
0.88754,886,799.998657,799.997559,0.219726563,-0.04907921
0.88872,887,799.998657,799.997437,0.244140625,-0.03817272
0.89054,888,799.998657,799.997437,0.244140625,-0.03817272
0.89056,889,799.998657,799.997437,0.244140625,-0.0272662267
0.89183,890,799.998657,799.997437,0.244140625,-0.0272662267
0.89365,891,799.998657,799.997437,0.244140625,-0.0272662267
0.89366,892,799.998657,799.997437,0.244140625,-0.0163597353
0.89547,893,799.998657,799.997437,0.244140625,-0.0163597353
0.89549,894,799.998657,799.997437,0.244140625,0
0.89672,895,799.998657,799.997437,0.244140625,0.0109064905
0.89854,896,799.998657,799.997559,0.219726563,0.021812981
0.89855,897,799.998657,799.9977,0.1953125,0.03271947
0.89980,898,799.998657,799.9977,0.1953125,0.03271947
0.90168,899,799.998657,799.9977,0.1953125,0.03271947
0.90171,900,799.998657,799.997742,0.183105469,0.03271947
0.90349,901,799.998657,799.9978,0.170898438,0.03271947
0.90351,902,799.998657,799.9978,0.170898438,0.021812981
0.90473,903,799.998657,799.9978,0.170898438,0.021812981
0.90655,904,799.998657,799.9978,0.170898438,0.021812981
0.90656,905,799.998657,799.9978,0.170898438,0.0109064905
0.90782,906,799.998657,799.9978,0.170898438,0
0.90963,907,799.998657,799.9978,0.170898438,-0.0163597353
0.90965,908,799.998657,799.997742,0.183105469,-0.0272662267
0.91152,909,799.998657,799.9977,0.1953125,-0.03817272
0.91156,910,799.998657,799.9977,0.1953125,-0.04907921
0.91271,911,799.998657,799.997559,0.219726563,-0.0599856973
0.91454,912,799.998657,799.997559,0.219726563,-0.04907921
0.91455,913,799.998657,799.997437,0.244140625,-0.04907921
0.91581,914,799.998657,799.997437,0.244140625,-0.03817272
0.91773,915,799.998657,799.997437,0.244140625,-0.0272662267
0.91776,916,799.998657,799.997437,0.244140625,-0.0272662267
0.91949,917,799.998657,799.997437,0.244140625,-0.0272662267
0.91950,918,799.998657,799.997437,0.244140625,-0.0163597353
0.92073,919,799.998657,799.997437,0.244140625,0.0109064905
0.92254,920,799.998657,799.9977,0.1953125,0.03271947
0.92255,921,799.998657,799.9977,0.1953125,0.03271947
0.92381,922,799.998657,799.9977,0.1953125,0.03271947
0.92565,923,799.998657,799.9978,0.170898438,0.043625962
0.92566,924,799.998657,799.9978,0.170898438,0.03271947
0.92749,925,799.998657,799.9978,0.170898438,0.03271947
0.92750,926,799.998657,799.9978,0.170898438,0.03271947
0.92872,927,799.998657,799.9978,0.170898438,0.021812981
0.93059,928,799.998657,799.997864,0.1586914,0.021812981
0.93061,929,799.998657,799.997864,0.1586914,0.021812981
0.93181,930,799.998657,799.997864,0.1586914,0.0109064905
0.93364,931,799.998657,799.997864,0.1586914,0
0.93366,932,799.998657,799.9978,0.170898438,-0.0272662267
0.93548,933,799.998657,799.9978,0.170898438,-0.03817272
0.93551,934,799.998657,799.997742,0.183105469,-0.03817272
0.93674,935,799.998657,799.997742,0.183105469,-0.04907921
0.93854,936,799.998657,799.9977,0.1953125,-0.03817272
0.93857,937,799.998657,799.9977,0.1953125,-0.03817272
0.93980,938,799.998657,799.9977,0.1953125,-0.03817272
0.94163,939,799.998657,799.9977,0.1953125,-0.03817272
0.94164,940,799.998657,799.9977,0.1953125,-0.0272662267
0.94348,941,799.998657,799.997559,0.219726563,-0.03817272
0.94350,942,799.998657,799.997559,0.219726563,-0.0272662267
0.94472,943,799.998657,799.997559,0.219726563,-0.0272662267
0.94656,944,799.998657,799.997559,0.219726563,-0.0163597353
0.94658,945,799.998657,799.9977,0.1953125,0.0109064905
0.94780,946,799.998657,799.9977,0.1953125,0.0109064905
0.94965,947,799.998657,799.9977,0.1953125,0.021812981
0.94967,948,799.998657,799.997742,0.183105469,0.021812981
0.95150,949,799.998657,799.997742,0.183105469,0.021812981
0.95152,950,799.998657,799.9978,0.170898438,0.03271947
0.95288,951,799.998657,799.9978,0.170898438,0.021812981
0.95458,952,799.998657,799.9978,0.170898438,0.021812981
0.95461,953,799.998657,799.9978,0.170898438,0.021812981
0.95580,954,799.998657,799.997864,0.1586914,0.021812981
0.95763,955,799.998657,799.997864,0.1586914,0.021812981
0.95765,956,799.998657,799.997864,0.1586914,0.0109064905
0.95949,957,799.998657,799.997864,0.1586914,0
0.95951,958,799.998657,799.9978,0.170898438,-0.0163597353
0.96075,959,799.998657,799.9978,0.170898438,-0.03817272
0.96257,960,799.998657,799.9978,0.170898438,-0.03817272
0.96260,961,799.998657,799.997742,0.183105469,-0.04907921
0.96382,962,799.998657,799.997742,0.183105469,-0.03817272
0.96563,963,799.998657,799.9977,0.1953125,-0.03817272
0.96566,964,799.998657,799.9977,0.1953125,-0.03817272
0.96749,965,799.998657,799.9977,0.1953125,-0.0272662267
0.96751,966,799.998657,799.9977,0.1953125,-0.0272662267
0.96873,967,799.998657,799.9977,0.1953125,-0.0163597353
0.97056,968,799.998657,799.9977,0.1953125,-0.0163597353
0.97058,969,799.998657,799.9977,0.1953125,-0.0163597353
0.97182,970,799.998657,799.9977,0.1953125,-0.0163597353
0.97367,971,799.998657,799.9977,0.1953125,0
0.97376,972,799.998657,799.997742,0.183105469,0.0109064905
0.97550,973,799.998657,799.997742,0.183105469,0.021812981
0.97553,974,799.998657,799.9978,0.170898438,0.021812981
0.97675,975,799.998657,799.9978,0.170898438,0.0109064905
0.97860,976,799.998657,799.9978,0.170898438,0.0109064905
0.97864,977,799.998657,799.9978,0.170898438,0.021812981
0.97982,978,799.998657,799.9978,0.170898438,0.0109064905
0.98165,979,799.998657,799.9978,0.170898438,0.0109064905
0.98166,980,799.998657,799.9978,0.170898438,0.0109064905
0.98348,981,799.998657,799.9978,0.170898438,0.0109064905
0.98351,982,799.998657,799.997864,0.1586914,0.0109064905
0.98473,983,799.998657,799.997864,0.1586914,0.0109064905
0.98660,984,799.998657,799.997864,0.1586914,0
0.98662,985,799.998657,799.997864,0.1586914,0
0.98781,986,799.998657,799.997864,0.1586914,-0.0163597353
0.98965,987,799.998657,799.9978,0.170898438,-0.0272662267
0.98968,988,799.998657,799.9978,0.170898438,-0.0272662267
0.99149,989,799.998657,799.9978,0.170898438,-0.0272662267
0.99152,990,799.998657,799.9978,0.170898438,-0.0272662267
0.99273,991,799.998657,799.9978,0.170898438,-0.0272662267
0.99456,992,799.998657,799.9978,0.170898438,-0.0163597353
0.99458,993,799.998657,799.997742,0.183105469,-0.0272662267
0.99585,994,799.998657,799.997742,0.183105469,-0.0272662267
0.99765,995,799.998657,799.997742,0.183105469,-0.0272662267
0.99767,996,799.998657,799.9977,0.1953125,-0.0272662267
0.99949,997,799.998657,799.9977,0.1953125,-0.0163597353
0.99951,998,799.998657,799.997742,0.183105469,-0.0163597353
1.00072,999,799.998657,799.997742,0.183105469,0
1.00281,1000,799.998657,799.9978,0.170898438,0.0109064905
1.00286,1001,799.998657,799.9978,0.170898438,0.0109064905
1.00382,1002,799.998657,799.9978,0.170898438,0.021812981
1.00568,1003,799.998657,799.9978,0.170898438,0.0109064905
1.00572,1004,799.998657,799.9978,0.170898438,0.021812981
1.00748,1005,799.998657,799.9978,0.170898438,0.021812981
1.00751,1006,799.998657,799.997864,0.1586914,0.021812981
1.00873,1007,799.998657,799.998,0.134277344,0.021812981
1.01060,1008,799.998657,799.998,0.134277344,0.021812981
1.01063,1009,799.998657,799.998,0.134277344,0.021812981
1.01181,1010,799.998657,799.998,0.134277344,0.021812981
1.01368,1011,799.998657,799.998,0.134277344,0.021812981
1.01371,1012,799.998657,799.998,0.134277344,0.021812981
1.01549,1013,799.998657,799.998,0.134277344,0.0109064905
1.01553,1014,799.998657,799.998,0.134277344,-0.0163597353
1.01673,1015,799.998657,799.998,0.134277344,-0.0272662267
1.01860,1016,799.998657,799.998,0.134277344,-0.0272662267
1.01863,1017,799.998657,799.998,0.134277344,-0.03817272
1.01982,1018,799.998657,799.9978,0.170898438,-0.0272662267
1.02166,1019,799.998657,799.9978,0.170898438,-0.03817272
1.02168,1020,799.998657,799.9978,0.170898438,-0.03817272
1.02346,1021,799.998657,799.9978,0.170898438,-0.03817272
1.02348,1022,799.998657,799.9978,0.170898438,-0.0272662267
1.02473,1023,799.998657,799.9978,0.170898438,-0.0272662267
1.02658,1024,799.998657,799.997742,0.183105469,-0.0272662267
1.02661,1025,799.998657,799.997742,0.183105469,-0.0163597353
1.02781,1026,799.998657,799.997742,0.183105469,-0.0163597353
1.02965,1027,799.998657,799.9978,0.170898438,0
1.02966,1028,799.998657,799.9978,0.170898438,0
1.03148,1029,799.998657,799.9978,0.170898438,0.0109064905
1.03150,1030,799.998657,799.9978,0.170898438,0.0109064905
1.03272,1031,799.998657,799.997864,0.1586914,0.0109064905
1.03458,1032,799.998657,799.998,0.134277344,0.03271947
1.03461,1033,799.998657,799.998,0.134277344,0.021812981
1.03588,1034,799.998657,799.998,0.134277344,0.03271947
1.03766,1035,799.998657,799.998,0.134277344,0.021812981
1.03771,1036,799.998657,799.998,0.134277344,0.0109064905
1.03950,1037,799.998657,799.998,0.134277344,0.0109064905
1.03952,1038,799.998657,799.998,0.134277344,0.0109064905
1.04074,1039,799.998657,799.998,0.134277344,0.0109064905
1.04260,1040,799.998657,799.998047,0.122070313,0.0109064905
1.04262,1041,799.998657,799.998,0.134277344,0
1.04380,1042,799.998657,799.998,0.134277344,0
1.04568,1043,799.998657,799.998,0.134277344,-0.0163597353
1.04571,1044,799.998657,799.998,0.134277344,-0.0272662267
1.04749,1045,799.998657,799.998,0.134277344,-0.0163597353
1.04751,1046,799.998657,799.998,0.134277344,-0.03817272
1.04873,1047,799.998657,799.998,0.134277344,-0.0163597353
1.05057,1048,799.998657,799.9978,0.170898438,-0.03817272
1.05059,1049,799.998657,799.9978,0.170898438,-0.03817272
1.05181,1050,799.998657,799.9978,0.170898438,-0.03817272
1.05365,1051,799.998657,799.9978,0.170898438,-0.03817272
1.05367,1052,799.998657,799.9978,0.170898438,-0.0163597353
1.05546,1053,799.998657,799.9978,0.170898438,-0.0163597353
1.05549,1054,799.998657,799.9978,0.170898438,-0.0163597353
1.05672,1055,799.998657,799.9978,0.170898438,-0.0163597353
1.05855,1056,799.998657,799.9978,0.170898438,-0.0163597353
1.05858,1057,799.998657,799.9978,0.170898438,0.0109064905
1.05980,1058,799.998657,799.997864,0.1586914,0.021812981
1.06166,1059,799.998657,799.998,0.134277344,0.03271947
1.06169,1060,799.998657,799.998,0.134277344,0.03271947
1.06348,1061,799.998657,799.998047,0.122070313,0.043625962
1.06352,1062,799.998657,799.9981,0.109863281,0.03271947
1.06471,1063,799.998657,799.9981,0.109863281,0.03271947
1.06656,1064,799.998657,799.9981,0.109863281,0.03271947
1.06658,1065,799.998657,799.9981,0.109863281,0.021812981
1.06780,1066,799.998657,799.9981,0.109863281,0.021812981
1.06972,1067,799.998657,799.9982,0.08544922,0.021812981
1.06979,1068,799.998657,799.9983,0.07324219,0.021812981
1.07148,1069,799.998657,799.9983,0.07324219,0.021812981
1.07151,1070,799.998657,799.9983,0.07324219,0.0109064905
1.07272,1071,799.998657,799.9982,0.08544922,0
1.07456,1072,799.998657,799.9982,0.08544922,-0.0163597353
1.07457,1073,799.998657,799.9981,0.109863281,-0.0272662267
1.07581,1074,799.998657,799.9981,0.109863281,-0.03817272
1.07766,1075,799.998657,799.9981,0.109863281,-0.03817272
1.07769,1076,799.998657,799.998047,0.122070313,-0.04907921
1.07947,1077,799.998657,799.998047,0.122070313,-0.03817272
1.07951,1078,799.998657,799.998,0.134277344,-0.04907921
1.08074,1079,799.998657,799.998,0.134277344,-0.04907921
1.08259,1080,799.998657,799.998,0.134277344,-0.03817272
1.08262,1081,799.998657,799.997864,0.1586914,-0.03817272
1.08380,1082,799.998657,799.997864,0.1586914,-0.03817272
1.08629,1083,799.998657,799.9978,0.170898438,-0.0272662267
1.08631,1084,799.998657,799.997864,0.1586914,-0.0272662267
1.08748,1085,799.998657,799.998,0.134277344,-0.0163597353
1.08749,1086,799.998657,799.998,0.134277344,0.0109064905
1.08875,1087,799.998657,799.998,0.134277344,0.021812981
1.09059,1088,799.998657,799.998,0.134277344,0.021812981
1.09064,1089,799.998657,799.9981,0.109863281,0.03271947
1.09181,1090,799.998657,799.9981,0.109863281,0.03271947
1.09367,1091,799.998657,799.9981,0.109863281,0.03271947
1.09371,1092,799.998657,799.9982,0.08544922,0.043625962
1.09547,1093,799.998657,799.9983,0.07324219,0.03271947
1.09549,1094,799.998657,799.9983,0.07324219,0.03271947
1.09675,1095,799.998657,799.9983,0.07324219,0.021812981
1.09861,1096,799.998657,799.9983,0.07324219,0.021812981
1.09864,1097,799.998657,799.9983,0.07324219,0.021812981
1.09981,1098,799.998657,799.998352,0.0610351563,0.021812981
1.10170,1099,799.998657,799.998352,0.0610351563,0.021812981
1.10174,1100,799.998657,799.998352,0.0610351563,0.0109064905
1.10348,1101,799.998657,799.9983,0.07324219,0
1.10351,1102,799.998657,799.9983,0.07324219,0
1.10474,1103,799.998657,799.9983,0.07324219,-0.0272662267
1.10664,1104,799.998657,799.9983,0.07324219,-0.0272662267
1.10668,1105,799.998657,799.9983,0.07324219,-0.0272662267
1.10782,1106,799.998657,799.9982,0.08544922,-0.03817272
1.10969,1107,799.998657,799.9982,0.08544922,-0.03817272
1.10971,1108,799.998657,799.9981,0.109863281,-0.04907921
1.11148,1109,799.998657,799.9981,0.109863281,-0.04907921
1.11151,1110,799.998657,799.9981,0.109863281,-0.03817272
1.11272,1111,799.998657,799.998047,0.122070313,-0.04907921
1.11458,1112,799.998657,799.998047,0.122070313,-0.03817272
1.11461,1113,799.998657,799.998,0.134277344,-0.03817272
1.11584,1114,799.998657,799.998,0.134277344,-0.0272662267
1.11765,1115,799.998657,799.998,0.134277344,-0.0272662267
1.11768,1116,799.998657,799.998,0.134277344,-0.0272662267
1.11952,1117,799.998657,799.998,0.134277344,-0.0272662267
1.11956,1118,799.998657,799.998,0.134277344,-0.0272662267
1.12088,1119,799.998657,799.998,0.134277344,0
1.12263,1120,799.998657,799.998047,0.122070313,0.0109064905
1.12267,1121,799.998657,799.9981,0.109863281,0.021812981
1.12386,1122,799.998657,799.9981,0.109863281,0.03271947
1.12568,1123,799.998657,799.9981,0.109863281,0.03271947
1.12570,1124,799.998657,799.9982,0.08544922,0.03271947
1.12748,1125,799.998657,799.9983,0.07324219,0.043625962
1.12750,1126,799.998657,799.9983,0.07324219,0.021812981
1.12873,1127,799.998657,799.9983,0.07324219,0.03271947
1.13057,1128,799.998657,799.9983,0.07324219,0.03271947
1.13061,1129,799.998657,799.998352,0.0610351563,0.021812981
1.13181,1130,799.998657,799.998352,0.0610351563,0.021812981
1.13366,1131,799.998657,799.9984,0.048828125,0.021812981
1.13368,1132,799.998657,799.9984,0.048828125,0.021812981
1.13548,1133,799.998657,799.9984,0.048828125,0.021812981
1.13550,1134,799.998657,799.9984,0.048828125,0.021812981
1.13678,1135,799.998657,799.9984,0.048828125,0.0109064905
1.13860,1136,799.998657,799.9984,0.048828125,0
1.13863,1137,799.998657,799.9984,0.048828125,-0.0163597353
1.13981,1138,799.998657,799.9984,0.048828125,-0.0272662267
1.14166,1139,799.998657,799.9984,0.048828125,-0.0272662267
1.14170,1140,799.998657,799.9983,0.07324219,-0.03817272
1.14348,1141,799.998657,799.9983,0.07324219,-0.0272662267
1.14351,1142,799.998657,799.9983,0.07324219,-0.03817272
1.14472,1143,799.998657,799.9983,0.07324219,-0.03817272
1.14657,1144,799.998657,799.9983,0.07324219,-0.03817272
1.14660,1145,799.998657,799.9982,0.08544922,-0.03817272
1.14780,1146,799.998657,799.9981,0.109863281,-0.03817272
1.14964,1147,799.998657,799.9981,0.109863281,-0.03817272
1.14966,1148,799.998657,799.9981,0.109863281,-0.03817272
1.15146,1149,799.998657,799.9981,0.109863281,-0.03817272
1.15149,1150,799.998657,799.9981,0.109863281,-0.0272662267
1.15291,1151,799.998657,799.998047,0.122070313,-0.0272662267
1.15459,1152,799.998657,799.998047,0.122070313,-0.0272662267
1.15461,1153,799.998657,799.998047,0.122070313,-0.0272662267
1.15581,1154,799.998657,799.9981,0.109863281,-0.0163597353
1.15769,1155,799.998657,799.9981,0.109863281,0.0109064905
1.15771,1156,799.998657,799.9981,0.109863281,0.021812981
1.15954,1157,799.998657,799.9981,0.109863281,0.021812981
1.15959,1158,799.998657,799.9983,0.07324219,0.03271947
1.16072,1159,799.998657,799.9983,0.07324219,0.021812981
1.16259,1160,799.998657,799.9983,0.07324219,0.021812981
1.16262,1161,799.998657,799.998352,0.0610351563,0.03271947
1.16381,1162,799.998657,799.9984,0.048828125,0.03271947
1.16567,1163,799.998657,799.9984,0.048828125,0.03271947
1.16569,1164,799.998657,799.9984,0.048828125,0.03271947
1.16767,1165,799.998657,799.9984,0.048828125,0.021812981
1.16772,1166,799.998657,799.9984,0.048828125,0.021812981
1.16872,1167,799.998657,799.9984,0.048828125,0.021812981
1.17057,1168,799.998657,799.998535,0.0244140625,0.021812981
1.17060,1169,799.998657,799.9986,0.0122070313,0.021812981
1.17181,1170,799.998657,799.9986,0.0122070313,0.021812981
1.17367,1171,799.998657,799.9986,0.0122070313,0.0109064905
1.17369,1172,799.998657,799.9986,0.0122070313,0.0109064905
1.17550,1173,799.998657,799.9986,0.0122070313,0
1.17552,1174,799.998657,799.998535,0.0244140625,-0.0163597353
1.17672,1175,799.998657,799.998535,0.0244140625,-0.0272662267
1.17857,1176,799.998657,799.9984,0.048828125,-0.0272662267
1.17859,1177,799.998657,799.9984,0.048828125,-0.03817272
1.17981,1178,799.998657,799.9984,0.048828125,-0.0272662267
1.18166,1179,799.998657,799.998352,0.0610351563,-0.03817272
1.18169,1180,799.998657,799.9983,0.07324219,-0.04907921
1.18346,1181,799.998657,799.9983,0.07324219,-0.04907921
1.18347,1182,799.998657,799.9983,0.07324219,-0.04907921
1.18473,1183,799.998657,799.9982,0.08544922,-0.04907921
1.18659,1184,799.998657,799.9981,0.109863281,-0.0599856973
1.18663,1185,799.998657,799.9981,0.109863281,-0.0599856973
1.18783,1186,799.998657,799.998,0.134277344,-0.0599856973
1.18969,1187,799.998657,799.998,0.134277344,-0.07089219
1.18971,1188,799.998657,799.997864,0.1586914,-0.0599856973
1.19148,1189,799.998657,799.9978,0.170898438,-0.0599856973
1.19150,1190,799.998657,799.9978,0.170898438,-0.0599856973
1.19271,1191,799.998657,799.9978,0.170898438,-0.04907921
1.19460,1192,799.998657,799.9978,0.170898438,-0.03817272
1.19466,1193,799.998657,799.997864,0.1586914,-0.0163597353
1.19582,1194,799.998657,799.997864,0.1586914,0.0109064905
1.19767,1195,799.998657,799.998,0.134277344,0.03271947
1.19769,1196,799.998657,799.998047,0.122070313,0.043625962
1.19948,1197,799.998657,799.9981,0.109863281,0.043625962
1.19950,1198,799.998657,799.9982,0.08544922,0.06543894
1.20074,1199,799.998657,799.9983,0.07324219,0.06543894
1.20261,1200,799.998657,799.9983,0.07324219,0.06543894
1.20267,1201,799.998657,799.9984,0.048828125,0.06543894
1.20382,1202,799.998657,799.9984,0.048828125,0.0545324534
1.20572,1203,799.998657,799.9986,0.0122070313,0.06543894
1.20574,1204,799.998657,799.9986,0.0122070313,0.06543894
1.20749,1205,799.998657,799.998657,0,0.06543894
1.20752,1206,799.998657,799.9988,-0.0244140625,0.07634544
1.20872,1207,799.998657,799.998962,-0.0610351563,0.07634544
1.21059,1208,799.998657,799.998962,-0.0610351563,0.07634544
1.21062,1209,799.998657,799.998962,-0.0610351563,0.07634544
1.21182,1210,799.998657,799.9991,-0.08544922,0.06543894
1.21367,1211,799.998657,799.999146,-0.09765625,0.06543894
1.21369,1212,799.998657,799.999268,-0.122070313,0.06543894
1.21548,1213,799.998657,799.999268,-0.122070313,0.0545324534
1.21551,1214,799.998657,799.999268,-0.122070313,0.0545324534
1.21672,1215,799.998657,799.999268,-0.122070313,0.03271947
1.21857,1216,799.998657,799.999268,-0.122070313,0.021812981
1.21860,1217,799.998657,799.999268,-0.122070313,0
1.21982,1218,799.998657,799.999268,-0.122070313,0
1.22166,1219,799.998657,799.999146,-0.09765625,-0.03817272
1.22168,1220,799.998657,799.9991,-0.08544922,-0.04907921
1.22349,1221,799.998657,799.9991,-0.08544922,-0.0599856973
1.22352,1222,799.998657,799.998962,-0.0610351563,-0.07089219
1.22475,1223,799.998657,799.998962,-0.0610351563,-0.07089219
1.22659,1224,799.998657,799.99884,-0.0366210938,-0.08179868
1.22661,1225,799.998657,799.9988,-0.0244140625,-0.08179868
1.22781,1226,799.998657,799.998657,0,-0.08179868
1.22963,1227,799.998657,799.9986,0.0122070313,-0.08179868
1.22965,1228,799.998657,799.9984,0.048828125,-0.09270517
1.23149,1229,799.998657,799.9984,0.048828125,-0.09270517
1.23152,1230,799.998657,799.9983,0.07324219,-0.103611663
1.23272,1231,799.998657,799.9983,0.07324219,-0.103611663
1.23460,1232,799.998657,799.9981,0.109863281,-0.08179868
1.23463,1233,799.998657,799.9981,0.109863281,-0.08179868
1.23590,1234,799.998657,799.998,0.134277344,-0.08179868
1.23767,1235,799.998657,799.998,0.134277344,-0.08179868
1.23771,1236,799.998657,799.9978,0.170898438,-0.09270517
1.23946,1237,799.998657,799.9978,0.170898438,-0.08179868
1.23947,1238,799.998657,799.9978,0.170898438,-0.08179868
1.24073,1239,799.998657,799.9978,0.170898438,-0.0599856973
1.24256,1240,799.998657,799.9978,0.170898438,-0.03817272
1.24258,1241,799.998657,799.9978,0.170898438,-0.0163597353
1.24382,1242,799.998657,799.9978,0.170898438,0.0109064905
1.24570,1243,799.998657,799.997864,0.1586914,0.021812981
1.24574,1244,799.998657,799.998,0.134277344,0.043625962
1.24745,1245,799.998657,799.998047,0.122070313,0.0545324534
1.24746,1246,799.998657,799.9981,0.109863281,0.06543894
1.24871,1247,799.998657,799.9982,0.08544922,0.06543894
1.25059,1248,799.998657,799.9983,0.07324219,0.07634544
1.25061,1249,799.998657,799.998352,0.0610351563,0.07634544
1.25180,1250,799.998657,799.9984,0.048828125,0.07634544
1.25366,1251,799.998657,799.9986,0.0122070313,0.07634544
1.25368,1252,799.998657,799.9986,0.0122070313,0.07634544
1.25549,1253,799.998657,799.9988,-0.0244140625,0.07634544
1.25550,1254,799.998657,799.99884,-0.0366210938,0.07634544
1.25672,1255,799.998657,799.998962,-0.0610351563,0.087251924
1.25856,1256,799.998657,799.998962,-0.0610351563,0.07634544
1.25860,1257,799.998657,799.9991,-0.08544922,0.087251924
1.25983,1258,799.998657,799.999146,-0.09765625,0.07634544
1.26169,1259,799.998657,799.999268,-0.122070313,0.07634544
1.26173,1260,799.998657,799.999268,-0.122070313,0.07634544
1.26345,1261,799.998657,799.9993,-0.134277344,0.06543894
1.26347,1262,799.998657,799.9993,-0.134277344,0.043625962
1.26472,1263,799.998657,799.9993,-0.134277344,0.03271947
1.26658,1264,799.998657,799.9993,-0.134277344,0.0109064905
1.26661,1265,799.998657,799.9994,-0.146484375,0
1.26783,1266,799.998657,799.999268,-0.122070313,-0.0163597353
1.26968,1267,799.998657,799.999268,-0.122070313,-0.03817272
1.26972,1268,799.998657,799.999146,-0.09765625,-0.04907921
1.27147,1269,799.998657,799.9991,-0.08544922,-0.0599856973
1.27150,1270,799.998657,799.9991,-0.08544922,-0.0599856973
1.27273,1271,799.998657,799.998962,-0.0610351563,-0.07089219
1.27455,1272,799.998657,799.998962,-0.0610351563,-0.07089219
1.27457,1273,799.998657,799.9988,-0.0244140625,-0.08179868
1.27579,1274,799.998657,799.9988,-0.0244140625,-0.09270517
1.27770,1275,799.998657,799.9986,0.0122070313,-0.08179868
1.27773,1276,799.998657,799.9984,0.048828125,-0.103611663
1.27947,1277,799.998657,799.9984,0.048828125,-0.103611663
1.27949,1278,799.998657,799.9983,0.07324219,-0.103611663
1.28072,1279,799.998657,799.9982,0.08544922,-0.114518143
1.28254,1280,799.998657,799.9981,0.109863281,-0.09270517
1.28255,1281,799.998657,799.998047,0.122070313,-0.103611663
1.28383,1282,799.998657,799.998,0.134277344,-0.103611663
1.28564,1283,799.998657,799.9978,0.170898438,-0.103611663
1.28567,1284,799.998657,799.997742,0.183105469,-0.103611663
1.28747,1285,799.998657,799.9977,0.1953125,-0.103611663
1.28749,1286,799.998657,799.997437,0.244140625,-0.103611663
1.28876,1287,799.998657,799.997437,0.244140625,-0.103611663
1.29055,1288,799.998657,799.997437,0.244140625,-0.103611663
1.29057,1289,799.998657,799.9973,0.2685547,-0.08179868
1.29183,1290,799.998657,799.997437,0.244140625,-0.0599856973
1.29368,1291,799.998657,799.997437,0.244140625,-0.0163597353
1.29371,1292,799.998657,799.997559,0.219726563,0.03271947
1.29547,1293,799.998657,799.997742,0.183105469,0.06543894
1.29549,1294,799.998657,799.9978,0.170898438,0.087251924
1.29673,1295,799.998657,799.998,0.134277344,0.109064907
1.29858,1296,799.998657,799.9981,0.109863281,0.136331126
1.29861,1297,799.998657,799.9983,0.07324219,0.136331126
1.29982,1298,799.998657,799.9984,0.048828125,0.147237629
1.30173,1299,799.998657,799.9986,0.0122070313,0.147237629
1.30175,1300,799.998657,799.9988,-0.0244140625,0.125424653
1.30348,1301,799.998657,799.998962,-0.0610351563,0.158144116
1.30349,1302,799.998657,799.9991,-0.08544922,0.147237629
1.30473,1303,799.998657,799.999268,-0.122070313,0.147237629
1.30655,1304,799.998657,799.9994,-0.146484375,0.158144116
1.30658,1305,799.998657,799.9995,-0.170898438,0.136331126
1.30782,1306,799.998657,799.9996,-0.183105469,0.125424653
1.30966,1307,799.998657,799.9997,-0.207519531,0.125424653
1.30968,1308,799.998657,799.9999,-0.244140625,0.125424653
1.31147,1309,799.998657,799.999939,-0.256347656,0.109064907
1.31150,1310,799.998657,799.999939,-0.256347656,0.087251924
1.31274,1311,799.998657,800.000061,-0.280761719,0.06543894
1.31456,1312,799.998657,799.999939,-0.256347656,0.043625962
1.31457,1313,799.998657,799.9999,-0.244140625,0
1.31586,1314,799.998657,799.9999,-0.244140625,-0.0272662267
1.31764,1315,799.998657,799.9997,-0.207519531,-0.0599856973
1.31768,1316,799.998657,799.9996,-0.183105469,-0.08179868
1.31950,1317,799.998657,799.9993,-0.134277344,-0.130877882
1.31954,1318,799.998657,799.999146,-0.09765625,-0.141784385
1.32073,1319,799.998657,799.998962,-0.0610351563,-0.16359736
1.32256,1320,799.998657,799.99884,-0.0366210938,-0.174503848
1.32259,1321,799.998657,799.9986,0.0122070313,-0.185410336
1.32383,1322,799.998657,799.9984,0.048828125,-0.196316838
1.32566,1323,799.998657,799.9983,0.07324219,-0.196316838
1.32570,1324,799.998657,799.998047,0.122070313,-0.207223326
1.32747,1325,799.998657,799.9978,0.170898438,-0.207223326
1.32748,1326,799.998657,799.9977,0.1953125,-0.207223326
1.32872,1327,799.998657,799.997437,0.244140625,-0.207223326
1.33055,1328,799.998657,799.997253,0.280761719,-0.207223326
1.33057,1329,799.998657,799.997131,0.305175781,-0.196316838
1.33184,1330,799.998657,799.997,0.329589844,-0.185410336
1.33366,1331,799.998657,799.9969,0.3540039,-0.16359736
1.33369,1332,799.998657,799.997,0.329589844,-0.114518143
1.33545,1333,799.998657,799.997,0.329589844,-0.0599856973
1.33547,1334,799.998657,799.997131,0.305175781,0.021812981
1.33676,1335,799.998657,799.9973,0.2685547,0.06543894
1.33856,1336,799.998657,799.997559,0.219726563,0.125424653
1.33859,1337,799.998657,799.9978,0.170898438,0.158144116
1.33982,1338,799.998657,799.998,0.134277344,0.169050619
1.34164,1339,799.998657,799.9981,0.109863281,0.1908636
1.34167,1340,799.998657,799.9983,0.07324219,0.1908636
1.34345,1341,799.998657,799.9984,0.048828125,0.179957092
1.34347,1342,799.998657,799.9986,0.0122070313,0.169050619
1.34475,1343,799.998657,799.99884,-0.0366210938,0.179957092
1.34654,1344,799.998657,799.998962,-0.0610351563,0.158144116
1.34655,1345,799.998657,799.999146,-0.09765625,0.169050619
1.34782,1346,799.998657,799.9993,-0.134277344,0.158144116
1.34963,1347,799.998657,799.9995,-0.170898438,0.147237629
1.34964,1348,799.998657,799.9996,-0.183105469,0.147237629
1.35146,1349,799.998657,799.9997,-0.207519531,0.147237629
1.35147,1350,799.998657,799.9999,-0.244140625,0.136331126
1.35290,1351,799.998657,799.9999,-0.244140625,0.125424653
1.35455,1352,799.998657,800.000061,-0.280761719,0.09815842
1.35457,1353,799.998657,800.000061,-0.280761719,0.06543894
1.35583,1354,799.998657,800.000061,-0.280761719,0.043625962
1.35763,1355,799.998657,799.9999,-0.244140625,0.0109064905
1.35764,1356,799.998657,799.9999,-0.244140625,-0.0272662267
1.35946,1357,799.998657,799.9998,-0.2319336,-0.04907921
1.35947,1358,799.998657,799.999634,-0.1953125,-0.09270517
1.36074,1359,799.998657,799.9996,-0.183105469,-0.09270517
1.36255,1360,799.998657,799.9994,-0.146484375,-0.130877882
1.36256,1361,799.998657,799.999268,-0.122070313,-0.152690873
1.36382,1362,799.998657,799.9991,-0.08544922,-0.152690873
1.36565,1363,799.998657,799.99884,-0.0366210938,-0.16359736
1.36568,1364,799.998657,799.9986,0.0122070313,-0.16359736
1.36747,1365,799.998657,799.9984,0.048828125,-0.185410336
1.36749,1366,799.998657,799.9983,0.07324219,-0.196316838
1.36873,1367,799.998657,799.998047,0.122070313,-0.207223326
1.37057,1368,799.998657,799.9978,0.170898438,-0.207223326
1.37059,1369,799.998657,799.9977,0.1953125,-0.207223326
1.37184,1370,799.998657,799.997437,0.244140625,-0.207223326
1.37364,1371,799.998657,799.997253,0.280761719,-0.207223326
1.37366,1372,799.998657,799.997131,0.305175781,-0.207223326
1.37546,1373,799.998657,799.9969,0.3540039,-0.207223326
1.37548,1374,799.998657,799.9968,0.366210938,-0.185410336
1.37671,1375,799.998657,799.9968,0.366210938,-0.141784385
1.37854,1376,799.998657,799.997,0.329589844,-0.08179868
1.37856,1377,799.998657,799.997131,0.305175781,-0.0163597353
1.37982,1378,799.998657,799.9973,0.2685547,0.06543894
1.38164,1379,799.998657,799.997559,0.219726563,0.136331126
1.38167,1380,799.998657,799.997864,0.1586914,0.1908636
1.38348,1381,799.998657,799.9982,0.08544922,0.2508493
1.38349,1382,799.998657,799.998535,0.0244140625,0.272662252
1.38473,1383,799.998657,799.99884,-0.0366210938,0.305381745
1.38656,1384,799.998657,799.9991,-0.08544922,0.305381745
1.38659,1385,799.998657,799.9994,-0.146484375,0.305381745
1.38782,1386,799.998657,799.9997,-0.207519531,0.294475257
1.38966,1387,799.998657,799.999939,-0.256347656,0.28356877
1.38968,1388,799.998657,800.0002,-0.305175781,0.261755764
1.39145,1389,799.998657,800.0005,-0.366210938,0.2508493
1.39147,1390,799.998657,800.0005,-0.366210938,0.23448956
1.39272,1391,799.998657,800.0007,-0.402832031,0.201770067
1.39454,1392,799.998657,800.0007,-0.402832031,0.136331126
1.39455,1393,799.998657,800.0007,-0.402832031,0.087251924
1.39585,1394,799.998657,800.0005,-0.366210938,0.021812981
1.39764,1395,799.998657,800.0005,-0.366210938,-0.03817272
1.39766,1396,799.998657,800.0002,-0.305175781,-0.08179868
1.39946,1397,799.998657,800.000061,-0.280761719,-0.141784385
1.39948,1398,799.998657,799.9997,-0.207519531,-0.185410336
1.40072,1399,799.998657,799.9995,-0.170898438,-0.218129814
1.40258,1400,799.998657,799.999268,-0.122070313,-0.256302536
1.40261,1401,799.998657,799.998962,-0.0610351563,-0.2781155
1.40382,1402,799.998657,799.9986,0.0122070313,-0.2781155
1.40565,1403,799.998657,799.9983,0.07324219,-0.310834974
1.40569,1404,799.998657,799.998,0.134277344,-0.3217415
1.40747,1405,799.998657,799.997559,0.219726563,-0.343554467
1.40748,1406,799.998657,799.997131,0.305175781,-0.365367442
1.40872,1407,799.998657,799.9968,0.366210938,-0.354460955
1.41057,1408,799.998657,799.9965,0.4272461,-0.365367442
1.41060,1409,799.998657,799.9962,0.48828125,-0.354460955
1.41181,1410,799.998657,799.996033,0.524902344,-0.332647949
1.41369,1411,799.998657,799.996,0.5371094,-0.2781155
1.41373,1412,799.998657,799.996033,0.524902344,-0.174503848
1.41547,1413,799.998657,799.9963,0.476074219,-0.0599856973
1.41549,1414,799.998657,799.9967,0.390625,0.07634544
1.41672,1415,799.998657,799.997,0.329589844,0.201770067
1.41857,1416,799.998657,799.997437,0.244140625,0.305381745
1.41858,1417,799.998657,799.998047,0.122070313,0.387180418
1.41982,1418,799.998657,799.998962,-0.0610351563,0.452619374
1.42166,1419,799.998657,799.9994,-0.146484375,0.463525862
1.42168,1420,799.998657,799.9999,-0.244140625,0.463525862
1.42347,1421,799.998657,800.0002,-0.305175781,0.430806369
1.42349,1422,799.998657,800.0005,-0.366210938,0.408993423
1.42472,1423,799.998657,800.0008,-0.4272461,0.37627393
1.42654,1424,799.998657,800.001038,-0.476074219,0.327194721
1.42656,1425,799.998657,800.00116,-0.5004883,0.272662252
1.42781,1426,799.998657,800.00116,-0.5004883,0.1908636
1.42965,1427,799.998657,800.0011,-0.48828125,0.09815842
1.42966,1428,799.998657,800.0009,-0.451660156,0.0109064905
1.43149,1429,799.998657,800.0007,-0.402832031,-0.07089219
1.43150,1430,799.998657,800.0005,-0.366210938,-0.152690873
1.43272,1431,799.998657,800.0002,-0.305175781,-0.207223326
1.43454,1432,799.998657,799.9999,-0.244140625,-0.267209023
1.43455,1433,799.998657,799.9996,-0.183105469,-0.289022
1.43590,1434,799.998657,799.999146,-0.09765625,-0.310834974
1.43766,1435,799.998657,799.99884,-0.0366210938,-0.3217415
1.43770,1436,799.998657,799.9984,0.048828125,-0.3217415
1.43947,1437,799.998657,799.9981,0.109863281,-0.343554467
1.43948,1438,799.998657,799.9978,0.170898438,-0.343554467
1.44071,1439,799.998657,799.997437,0.244140625,-0.354460955
1.44255,1440,799.998657,799.997131,0.305175781,-0.354460955
1.44257,1441,799.998657,799.9968,0.366210938,-0.354460955
1.44382,1442,799.998657,799.9965,0.4272461,-0.343554467
1.44565,1443,799.998657,799.9962,0.48828125,-0.3217415
1.44567,1444,799.998657,799.9962,0.48828125,-0.289022
1.44752,1445,799.998657,799.9962,0.48828125,-0.196316838
1.44754,1446,799.998657,799.9964,0.451660156,-0.114518143
1.44872,1447,799.998657,799.9967,0.390625,0.021812981
1.45058,1448,799.998657,799.997,0.329589844,0.136331126
1.45061,1449,799.998657,799.9973,0.2685547,0.223583058
1.45181,1450,799.998657,799.9978,0.170898438,0.305381745
1.45368,1451,799.998657,799.9981,0.109863281,0.327194721
1.45371,1452,799.998657,799.9984,0.048828125,0.3490077
1.45548,1453,799.998657,799.99884,-0.0366210938,0.3490077
1.45549,1454,799.998657,799.9991,-0.08544922,0.338101238
1.45671,1455,799.998657,799.9994,-0.146484375,0.327194721
1.45858,1456,799.998657,799.9997,-0.207519531,0.305381745
1.45862,1457,799.998657,799.9999,-0.244140625,0.294475257
1.45981,1458,799.998657,800.0002,-0.305175781,0.261755764
1.46164,1459,799.998657,800.000366,-0.341796875,0.2508493
1.46165,1460,799.998657,800.0005,-0.366210938,0.223583058
1.46350,1461,799.998657,800.0006,-0.390625,0.1908636
1.46352,1462,799.998657,800.0006,-0.390625,0.147237629
1.46472,1463,799.998657,800.0005,-0.366210938,0.07634544
1.46656,1464,799.998657,800.0005,-0.366210938,0.021812981
1.46659,1465,799.998657,800.000244,-0.3173828,-0.03817272
1.46781,1466,799.998657,800.000061,-0.280761719,-0.08179868
1.46968,1467,799.998657,799.9999,-0.244140625,-0.141784385
1.46971,1468,799.998657,799.999634,-0.1953125,-0.185410336
1.47152,1469,799.998657,799.9994,-0.146484375,-0.218129814
1.47155,1470,799.998657,799.9991,-0.08544922,-0.239942789
1.47278,1471,799.998657,799.99884,-0.0366210938,-0.256302536
1.47456,1472,799.998657,799.9986,0.0122070313,-0.267209023
1.47459,1473,799.998657,799.9983,0.07324219,-0.289022
1.47582,1474,799.998657,799.998,0.134277344,-0.2999285
1.47764,1475,799.998657,799.9977,0.1953125,-0.310834974
1.47767,1476,799.998657,799.9973,0.2685547,-0.310834974
1.47947,1477,799.998657,799.997,0.329589844,-0.310834974
1.47952,1478,799.998657,799.9967,0.390625,-0.3217415
1.48073,1479,799.998657,799.99646,0.439453125,-0.310834974
1.48258,1480,799.998657,799.9962,0.48828125,-0.2999285
1.48261,1481,799.998657,799.996033,0.524902344,-0.2781155
1.48381,1482,799.998657,799.996033,0.524902344,-0.207223326
1.48565,1483,799.998657,799.9962,0.48828125,-0.152690873
1.48566,1484,799.998657,799.9964,0.451660156,-0.04907921
1.48751,1485,799.998657,799.9966,0.415039063,0.043625962
1.48754,1486,799.998657,799.9969,0.3540039,0.136331126
1.48875,1487,799.998657,799.9973,0.2685547,0.23448956
1.49057,1488,799.998657,799.997742,0.183105469,0.305381745
1.49058,1489,799.998657,799.9981,0.109863281,0.3490077
1.49182,1490,799.998657,799.9984,0.048828125,0.37627393
1.49365,1491,799.998657,799.998962,-0.0610351563,0.37627393
1.49370,1492,799.998657,799.999268,-0.122070313,0.37627393
1.49550,1493,799.998657,799.9996,-0.183105469,0.359914184
1.49553,1494,799.998657,799.9999,-0.244140625,0.338101238
1.49673,1495,799.998657,800.0001,-0.29296875,0.316288233
1.49856,1496,799.998657,800.000366,-0.341796875,0.294475257
1.49859,1497,799.998657,800.0006,-0.390625,0.272662252
1.49980,1498,799.998657,800.0007,-0.402832031,0.2508493
1.50164,1499,799.998657,800.0008,-0.4272461,0.201770067
1.50165,1500,799.998657,800.0008,-0.4272461,0.147237629
1.50347,1501,799.998657,800.0007,-0.402832031,0.07634544
1.50350,1502,799.998657,800.0006,-0.390625,0
1.50472,1503,799.998657,800.000366,-0.341796875,-0.0599856973
1.50658,1504,799.998657,800.0001,-0.29296875,-0.130877882
1.50660,1505,799.998657,799.9999,-0.244140625,-0.196316838
1.50784,1506,799.998657,799.9996,-0.183105469,-0.229036286
1.50963,1507,799.998657,799.999268,-0.122070313,-0.2781155
1.50967,1508,799.998657,799.998962,-0.0610351563,-0.2999285
1.51149,1509,799.998657,799.9986,0.0122070313,-0.310834974
1.51151,1510,799.998657,799.9982,0.08544922,-0.343554467
1.51273,1511,799.998657,799.9978,0.170898438,-0.354460955
1.51459,1512,799.998657,799.997437,0.244140625,-0.365367442
1.51462,1513,799.998657,799.997,0.329589844,-0.403540134
1.51582,1514,799.998657,799.9966,0.415039063,-0.403540134
1.51767,1515,799.998657,799.9959,0.5493164,-0.403540134
1.51770,1516,799.998657,799.9957,0.5859375,-0.365367442
1.51949,1517,799.998657,799.9957,0.5859375,-0.289022
1.51954,1518,799.998657,799.9959,0.5493164,-0.174503848
1.52074,1519,799.998657,799.9962,0.48828125,-0.04907921
1.52256,1520,799.998657,799.9967,0.390625,0.125424653
1.52258,1521,799.998657,799.997131,0.305175781,0.2508493
1.52381,1522,799.998657,799.997559,0.219726563,0.3490077
1.52567,1523,799.998657,799.998,0.134277344,0.419899881
1.52570,1524,799.998657,799.9984,0.048828125,0.430806369
1.52747,1525,799.998657,799.9988,-0.0244140625,0.419899881
1.52749,1526,799.998657,799.9991,-0.08544922,0.408993423
1.52871,1527,799.998657,799.9994,-0.146484375,0.37627393
1.53059,1528,799.998657,799.9997,-0.207519531,0.338101238
1.53063,1529,799.998657,800.000061,-0.280761719,0.316288233
1.53180,1530,799.998657,800.0002,-0.305175781,0.28356877
1.53366,1531,799.998657,800.000366,-0.341796875,0.261755764
1.53369,1532,799.998657,800.0005,-0.366210938,0.223583058
1.53550,1533,799.998657,800.0005,-0.366210938,0.169050619
1.53552,1534,799.998657,800.0006,-0.390625,0.109064907
1.53673,1535,799.998657,800.0005,-0.366210938,0.0545324534
1.53859,1536,799.998657,800.000366,-0.341796875,0.0109064905
1.53863,1537,799.998657,800.0002,-0.305175781,-0.0599856973
1.53981,1538,799.998657,800.000061,-0.280761719,-0.103611663
1.54167,1539,799.998657,799.9999,-0.244140625,-0.141784385
1.54170,1540,799.998657,799.9996,-0.183105469,-0.185410336
1.54347,1541,799.998657,799.9994,-0.146484375,-0.207223326
1.54350,1542,799.998657,799.9991,-0.08544922,-0.218129814
1.54473,1543,799.998657,799.998962,-0.0610351563,-0.239942789
1.54659,1544,799.998657,799.9986,0.0122070313,-0.239942789
1.54661,1545,799.998657,799.9983,0.07324219,-0.267209023
1.54781,1546,799.998657,799.998047,0.122070313,-0.2781155
1.54965,1547,799.998657,799.9978,0.170898438,-0.289022
1.54968,1548,799.998657,799.997437,0.244140625,-0.2999285
1.55148,1549,799.998657,799.997131,0.305175781,-0.289022
1.55150,1550,799.998657,799.9968,0.366210938,-0.2999285
1.55290,1551,799.998657,799.9966,0.415039063,-0.2999285
1.55457,1552,799.998657,799.99646,0.439453125,-0.289022
1.55459,1553,799.998657,799.9964,0.451660156,-0.256302536
1.55581,1554,799.998657,799.99646,0.439453125,-0.185410336
1.55764,1555,799.998657,799.9966,0.415039063,-0.09270517
1.55768,1556,799.998657,799.9968,0.366210938,0.021812981
1.55949,1557,799.998657,799.997131,0.305175781,0.125424653
1.55952,1558,799.998657,799.997437,0.244140625,0.21267657
1.56072,1559,799.998657,799.997864,0.1586914,0.28356877
1.56257,1560,799.998657,799.9982,0.08544922,0.316288233
1.56260,1561,799.998657,799.9986,0.0122070313,0.327194721
1.56381,1562,799.998657,799.998962,-0.0610351563,0.327194721
1.56565,1563,799.998657,799.999268,-0.122070313,0.327194721
1.56567,1564,799.998657,799.9995,-0.170898438,0.316288233
1.56748,1565,799.998657,799.9997,-0.207519531,0.294475257
1.56751,1566,799.998657,799.999939,-0.256347656,0.28356877
1.56872,1567,799.998657,800.0002,-0.305175781,0.2508493
1.57056,1568,799.998657,800.000366,-0.341796875,0.23448956
1.57058,1569,799.998657,800.0005,-0.366210938,0.201770067
1.57181,1570,799.998657,800.0005,-0.366210938,0.179957092
1.57366,1571,799.998657,800.0005,-0.366210938,0.136331126
1.57368,1572,799.998657,800.0005,-0.366210938,0.07634544
1.57550,1573,799.998657,800.000366,-0.341796875,0.021812981
1.57554,1574,799.998657,800.0002,-0.305175781,-0.04907921
1.57671,1575,799.998657,800.000061,-0.280761719,-0.09270517
1.57857,1576,799.998657,799.9998,-0.2319336,-0.141784385
1.57861,1577,799.998657,799.9996,-0.183105469,-0.196316838
1.57982,1578,799.998657,799.999146,-0.09765625,-0.229036286
1.58168,1579,799.998657,799.9988,-0.0244140625,-0.289022
1.58170,1580,799.998657,799.9982,0.08544922,-0.354460955
1.58348,1581,799.998657,799.997742,0.183105469,-0.42535314
1.58350,1582,799.998657,799.997131,0.305175781,-0.479885578
1.58472,1583,799.998657,799.9965,0.4272461,-0.5289648
1.58664,1584,799.998657,799.996033,0.524902344,-0.5507778
1.58668,1585,799.998657,799.9956,0.610351563,-0.5507778
1.58783,1586,799.998657,799.9953,0.6713867,-0.5289648
1.58970,1587,799.998657,799.995056,0.720214844,-0.458072573
1.58974,1588,799.998657,799.9953,0.6713867,-0.332647949
1.59150,1589,799.998657,799.9956,0.610351563,-0.174503848
1.59153,1590,799.998657,799.996,0.5371094,0.0109064905
1.59273,1591,799.998657,799.9966,0.415039063,0.21267657
1.59458,1592,799.998657,799.9973,0.2685547,0.387180418
1.59460,1593,799.998657,799.998,0.134277344,0.534418046
1.59581,1594,799.998657,799.998657,0,0.627123237
1.59767,1595,799.998657,799.9994,-0.146484375,0.681655645
1.59770,1596,799.998657,800.000061,-0.280761719,0.681655645
1.59948,1597,799.998657,800.0005,-0.366210938,0.648936152
1.59950,1598,799.998657,800.001038,-0.476074219,0.599857
1.60072,1599,799.998657,800.001343,-0.5371094,0.534418046
1.60283,1600,799.998657,800.001648,-0.598144531,0.474432319
1.60287,1601,799.998657,800.001648,-0.598144531,0.37627393
1.60386,1602,799.998657,800.0017,-0.610351563,0.28356877
1.60566,1603,799.998657,800.001648,-0.598144531,0.158144116
1.60570,1604,799.998657,800.0014,-0.5493164,0.03271947
1.60750,1605,799.998657,800.0011,-0.48828125,-0.07089219
1.60754,1606,799.998657,800.0007,-0.402832031,-0.185410336
1.60871,1607,799.998657,800.0002,-0.305175781,-0.2781155
1.61056,1608,799.998657,799.9997,-0.207519531,-0.365367442
1.61059,1609,799.998657,799.999146,-0.09765625,-0.436259627
1.61182,1610,799.998657,799.998657,0,-0.490792066
1.61367,1611,799.998657,799.9981,0.109863281,-0.5180583
1.61371,1612,799.998657,799.997437,0.244140625,-0.5507778
1.61547,1613,799.998657,799.9969,0.3540039,-0.561684251
1.61551,1614,799.998657,799.9964,0.451660156,-0.572590768
1.61674,1615,799.998657,799.9959,0.5493164,-0.5834973
1.61858,1616,799.998657,799.9953,0.6713867,-0.5180583
1.61862,1617,799.998657,799.995056,0.720214844,-0.42535314
1.61981,1618,799.998657,799.9953,0.6713867,-0.289022
1.62168,1619,799.998657,799.9956,0.610351563,-0.130877882
1.62170,1620,799.998657,799.996155,0.5004883,0.07634544
1.62349,1621,799.998657,799.9967,0.390625,0.261755764
1.62352,1622,799.998657,799.9973,0.2685547,0.408993423
1.62472,1623,799.998657,799.998,0.134277344,0.5126051
1.62658,1624,799.998657,799.9984,0.048828125,0.567137539
1.62661,1625,799.998657,799.998962,-0.0610351563,0.567137539
1.62781,1626,799.998657,799.9994,-0.146484375,0.5453245
1.62967,1627,799.998657,799.9997,-0.207519531,0.5016986
1.62971,1628,799.998657,800.0002,-0.305175781,0.452619374
1.63149,1629,799.998657,800.0005,-0.366210938,0.419899881
1.63153,1630,799.998657,800.0007,-0.402832031,0.37627393
1.63272,1631,799.998657,800.0008,-0.4272461,0.316288233
1.63458,1632,799.998657,800.001038,-0.476074219,0.2508493
1.63462,1633,799.998657,800.001038,-0.476074219,0.179957092
1.63588,1634,799.998657,800.0008,-0.4272461,0.087251924
1.63769,1635,799.998657,800.0007,-0.402832031,0.0109064905
1.63772,1636,799.998657,800.0005,-0.366210938,-0.07089219
1.63948,1637,799.998657,800.0002,-0.305175781,-0.152690873
1.63949,1638,799.998657,799.9999,-0.244140625,-0.207223326
1.64073,1639,799.998657,799.9996,-0.183105469,-0.256302536
1.64257,1640,799.998657,799.999268,-0.122070313,-0.289022
1.64259,1641,799.998657,799.998962,-0.0610351563,-0.289022
1.64381,1642,799.998657,799.9986,0.0122070313,-0.3217415
1.64565,1643,799.998657,799.9983,0.07324219,-0.332647949
1.64567,1644,799.998657,799.997864,0.1586914,-0.343554467
1.64749,1645,799.998657,799.997437,0.244140625,-0.365367442
1.64752,1646,799.998657,799.997131,0.305175781,-0.365367442
1.64873,1647,799.998657,799.996765,0.378417969,-0.365367442
1.65061,1648,799.998657,799.9965,0.4272461,-0.365367442
1.65063,1649,799.998657,799.9962,0.48828125,-0.354460955
1.65181,1650,799.998657,799.996033,0.524902344,-0.3217415
1.65366,1651,799.998657,799.996155,0.5004883,-0.256302536
1.65368,1652,799.998657,799.9962,0.48828125,-0.16359736
1.65555,1653,799.998657,799.9965,0.4272461,-0.04907921
1.65558,1654,799.998657,799.9969,0.3540039,0.09815842
1.65673,1655,799.998657,799.9973,0.2685547,0.21267657
1.65859,1656,799.998657,799.9978,0.170898438,0.305381745
1.65863,1657,799.998657,799.9982,0.08544922,0.387180418
1.65980,1658,799.998657,799.9986,0.0122070313,0.408993423
1.66166,1659,799.998657,799.9991,-0.08544922,0.408993423
1.66168,1660,799.998657,799.9994,-0.146484375,0.419899881
1.66350,1661,799.998657,799.9997,-0.207519531,0.3980869
1.66354,1662,799.998657,800.000061,-0.280761719,0.37627393
1.66472,1663,799.998657,800.000366,-0.341796875,0.3490077
1.66660,1664,799.998657,800.0007,-0.402832031,0.316288233
1.66663,1665,799.998657,800.0008,-0.4272461,0.294475257
1.66782,1666,799.998657,800.0008,-0.4272461,0.2508493
1.66966,1667,799.998657,800.0008,-0.4272461,0.179957092
1.66973,1668,799.998657,800.0008,-0.4272461,0.021812981
1.67152,1669,799.998657,800.0007,-0.402832031,-0.04907921
1.67155,1670,799.998657,800.0005,-0.366210938,-0.114518143
1.67276,1671,799.998657,800.0002,-0.305175781,-0.114518143
1.67459,1672,799.998657,800.000061,-0.280761719,-0.174503848
1.67463,1673,799.998657,799.9997,-0.207519531,-0.218129814
1.67585,1674,799.998657,799.9994,-0.146484375,-0.256302536
1.67769,1675,799.998657,799.9991,-0.08544922,-0.2781155
1.67772,1676,799.998657,799.99884,-0.0366210938,-0.289022
1.67950,1677,799.998657,799.9984,0.048828125,-0.2999285
1.67952,1678,799.998657,799.9981,0.109863281,-0.3217415
1.68072,1679,799.998657,799.997742,0.183105469,-0.332647949
1.68259,1680,799.998657,799.9973,0.2685547,-0.365367442
1.68264,1681,799.998657,799.9968,0.366210938,-0.403540134
1.68380,1682,799.998657,799.9964,0.451660156,-0.436259627
1.68629,1683,799.998657,799.9959,0.5493164,-0.458072573
1.68633,1684,799.998657,799.9956,0.610351563,-0.46897912
1.68752,1685,799.998657,799.9954,0.646972656,-0.447166115
1.68756,1686,799.998657,799.9954,0.646972656,-0.354460955
1.68875,1687,799.998657,799.9956,0.610351563,-0.229036286
1.69058,1688,799.998657,799.996,0.5371094,-0.07089219
1.69059,1689,799.998657,799.9965,0.4272461,0.125424653
1.69184,1690,799.998657,799.997131,0.305175781,0.294475257
1.69367,1691,799.998657,799.9978,0.170898438,0.4417129
1.69370,1692,799.998657,799.9984,0.048828125,0.556231
1.69549,1693,799.998657,799.9991,-0.08544922,0.6162167
1.69552,1694,799.998657,799.999634,-0.1953125,0.6380297
1.69671,1695,799.998657,800.0002,-0.305175781,0.627123237
1.69857,1696,799.998657,800.0006,-0.390625,0.5889505
1.69860,1697,799.998657,800.001038,-0.476074219,0.534418046
1.69981,1698,799.998657,800.0014,-0.5493164,0.474432319
1.70166,1699,799.998657,800.0016,-0.5859375,0.419899881
1.70169,1700,799.998657,800.001648,-0.598144531,0.327194721
1.70349,1701,799.998657,800.0016,-0.5859375,0.223583058
1.70352,1702,799.998657,800.001465,-0.561523438,0.125424653
1.70473,1703,799.998657,800.00116,-0.5004883,-0.0163597353
1.70660,1704,799.998657,800.0008,-0.4272461,-0.103611663
1.70663,1705,799.998657,800.0005,-0.366210938,-0.218129814
1.70782,1706,799.998657,799.9999,-0.244140625,-0.310834974
1.70969,1707,799.998657,799.9994,-0.146484375,-0.392633677
1.70972,1708,799.998657,799.998962,-0.0610351563,-0.458072573
1.71147,1709,799.998657,799.9983,0.07324219,-0.490792066
1.71149,1710,799.998657,799.9977,0.1953125,-0.5398713
1.71273,1711,799.998657,799.997131,0.305175781,-0.561684251
1.71457,1712,799.998657,799.9965,0.4272461,-0.5834973
1.71460,1713,799.998657,799.996033,0.524902344,-0.594403744
1.71580,1714,799.998657,799.9953,0.6713867,-0.5507778
1.71766,1715,799.998657,799.9953,0.6713867,-0.5507778
1.71769,1716,799.998657,799.9952,0.6958008,-0.354460955
1.71949,1717,799.998657,799.9952,0.6958008,-0.354460955
1.71951,1718,799.998657,799.9955,0.6347656,-0.207223326
1.72074,1719,799.998657,799.9965,0.4272461,0.1908636
1.72256,1720,799.998657,799.9973,0.2685547,0.359914184
1.72257,1721,799.998657,799.998,0.134277344,0.5235115
1.72384,1722,799.998657,799.9986,0.0122070313,0.627123237
1.72567,1723,799.998657,799.999268,-0.122070313,0.6707492
1.72569,1724,799.998657,799.9997,-0.207519531,0.6707492
1.72749,1725,799.998657,800.0002,-0.305175781,0.6162167
1.72752,1726,799.998657,800.0007,-0.402832031,0.556231
1.72875,1727,799.998657,800.001038,-0.476074219,0.5016986
1.73059,1728,799.998657,800.0012,-0.5126953,0.430806369
1.73062,1729,799.998657,800.001343,-0.5371094,0.3490077
1.73181,1730,799.998657,800.001343,-0.5371094,0.2508493
1.73367,1731,799.998657,800.00116,-0.5004883,0.147237629
1.73370,1732,799.998657,800.001038,-0.476074219,0.021812981
1.73548,1733,799.998657,800.0007,-0.402832031,-0.07089219
1.73551,1734,799.998657,800.000366,-0.341796875,-0.16359736
1.73673,1735,799.998657,800.000061,-0.280761719,-0.256302536
1.73855,1736,799.998657,799.999634,-0.1953125,-0.2999285
1.73858,1737,799.998657,799.999268,-0.122070313,-0.365367442
1.73983,1738,799.998657,799.998962,-0.0610351563,-0.365367442
1.74168,1739,799.998657,799.9984,0.048828125,-0.365367442
1.74171,1740,799.998657,799.9981,0.109863281,-0.392633677
1.74346,1741,799.998657,799.997742,0.183105469,-0.392633677
1.74348,1742,799.998657,799.9973,0.2685547,-0.392633677
1.74471,1743,799.998657,799.997,0.329589844,-0.403540134
1.74654,1744,799.998657,799.9966,0.415039063,-0.392633677
1.74656,1745,799.998657,799.9963,0.476074219,-0.392633677
1.74783,1746,799.998657,799.996033,0.524902344,-0.365367442
1.74966,1747,799.998657,799.996033,0.524902344,-0.3217415
1.74968,1748,799.998657,799.996155,0.5004883,-0.239942789
1.75147,1749,799.998657,799.9964,0.451660156,-0.130877882
1.75149,1750,799.998657,799.9967,0.390625,0.0109064905
1.75279,1751,799.998657,799.997,0.329589844,0.147237629
1.75462,1752,799.998657,799.997437,0.244140625,0.261755764
1.75467,1753,799.998657,799.998,0.134277344,0.338101238
1.75581,1754,799.998657,799.998352,0.0610351563,0.3980869
1.75765,1755,799.998657,799.9988,-0.0244140625,0.419899881
1.75766,1756,799.998657,799.999268,-0.122070313,0.430806369
1.75949,1757,799.998657,799.9996,-0.183105469,0.408993423
1.75952,1758,799.998657,799.9999,-0.244140625,0.3980869
1.76072,1759,799.998657,800.0002,-0.305175781,0.37627393
1.76257,1760,799.998657,800.0005,-0.366210938,0.338101238
1.76260,1761,799.998657,800.0008,-0.4272461,0.316288233
1.76381,1762,799.998657,800.0008,-0.4272461,0.294475257
1.76567,1763,799.998657,800.001038,-0.476074219,0.179957092
1.76570,1764,799.998657,800.001038,-0.476074219,0.09815842
1.76745,1765,799.998657,800.0008,-0.4272461,0.0109064905
1.76747,1766,799.998657,800.0007,-0.402832031,-0.07089219
1.76873,1767,799.998657,800.0005,-0.366210938,-0.141784385
1.77066,1768,799.998657,800.0002,-0.305175781,-0.207223326
1.77070,1769,799.998657,799.9999,-0.244140625,-0.229036286
1.77194,1770,799.998657,799.9996,-0.183105469,-0.267209023
1.77375,1771,799.998657,799.9993,-0.134277344,-0.289022
1.77380,1772,799.998657,799.998962,-0.0610351563,-0.2999285
1.77551,1773,799.998657,799.998657,0,-0.310834974
1.77554,1774,799.998657,799.9983,0.07324219,-0.332647949
1.77678,1775,799.998657,799.998,0.134277344,-0.332647949
1.77863,1776,799.998657,799.9977,0.1953125,-0.343554467
1.77871,1777,799.998657,799.9973,0.2685547,-0.354460955
1.77986,1778,799.998657,799.997,0.329589844,-0.343554467
1.78173,1779,799.998657,799.9967,0.390625,-0.343554467
1.78177,1780,799.998657,799.9964,0.451660156,-0.3217415
1.78347,1781,799.998657,799.996155,0.5004883,-0.310834974
1.78349,1782,799.998657,799.996,0.5371094,-0.267209023
1.78474,1783,799.998657,799.9959,0.5493164,-0.196316838
1.78658,1784,799.998657,799.996,0.5371094,-0.114518143
1.78661,1785,799.998657,799.9962,0.48828125,0.0109064905
1.78786,1786,799.998657,799.9965,0.4272461,0.125424653
1.78964,1787,799.998657,799.9968,0.366210938,0.223583058
1.78966,1788,799.998657,799.9973,0.2685547,0.316288233
1.79148,1789,799.998657,799.9978,0.170898438,0.37627393
1.79150,1790,799.998657,799.9981,0.109863281,0.3980869
1.79274,1791,799.998657,799.9984,0.048828125,0.3980869
1.79454,1792,799.998657,799.998962,-0.0610351563,0.387180418
1.79456,1793,799.998657,799.999268,-0.122070313,0.37627393
1.79581,1794,799.998657,799.9996,-0.183105469,0.3490077
1.79768,1795,799.998657,799.9999,-0.244140625,0.327194721
1.79771,1796,799.998657,800.0001,-0.29296875,0.294475257
1.79947,1797,799.998657,800.000366,-0.341796875,0.272662252
1.79951,1798,799.998657,800.0006,-0.390625,0.2508493
1.80072,1799,799.998657,800.0008,-0.4272461,0.21267657
1.80279,1800,799.998657,800.0008,-0.4272461,0.169050619
1.80285,1801,799.998657,800.0008,-0.4272461,0.09815842
1.80386,1802,799.998657,800.0008,-0.4272461,0.03271947
1.80571,1803,799.998657,800.0006,-0.390625,-0.03817272
1.80575,1804,799.998657,800.0005,-0.366210938,-0.09270517
1.80745,1805,799.998657,800.0002,-0.305175781,-0.152690873
1.80749,1806,799.998657,799.999939,-0.256347656,-0.207223326
1.80871,1807,799.998657,799.9997,-0.207519531,-0.229036286
1.81055,1808,799.998657,799.9994,-0.146484375,-0.267209023
1.81056,1809,799.998657,799.9991,-0.08544922,-0.2781155
1.81181,1810,799.998657,799.9988,-0.0244140625,-0.289022
1.81369,1811,799.998657,799.9984,0.048828125,-0.3217415
1.81371,1812,799.998657,799.9981,0.109863281,-0.3217415
1.81547,1813,799.998657,799.9978,0.170898438,-0.343554467
1.81548,1814,799.998657,799.997437,0.244140625,-0.354460955
1.81672,1815,799.998657,799.997131,0.305175781,-0.354460955
1.81854,1816,799.998657,799.996765,0.378417969,-0.354460955
1.81855,1817,799.998657,799.9962,0.48828125,-0.3217415
1.81985,1818,799.998657,799.9962,0.48828125,-0.3217415
1.82170,1819,799.998657,799.996033,0.524902344,-0.185410336
1.82174,1820,799.998657,799.9962,0.48828125,-0.07089219
1.82346,1821,799.998657,799.9965,0.4272461,0.0545324534
1.82347,1822,799.998657,799.9968,0.366210938,0.169050619
1.82472,1823,799.998657,799.997131,0.305175781,0.261755764
1.82654,1824,799.998657,799.997437,0.244140625,0.305381745
1.82656,1825,799.998657,799.9978,0.170898438,0.338101238
1.82781,1826,799.998657,799.9981,0.109863281,0.316288233
1.82964,1827,799.998657,799.998352,0.0610351563,0.294475257
1.82966,1828,799.998657,799.9986,0.0122070313,0.272662252
1.83146,1829,799.998657,799.998962,-0.0610351563,0.2508493
1.83147,1830,799.998657,799.9991,-0.08544922,0.23448956
1.83274,1831,799.998657,799.999268,-0.122070313,0.21267657
1.83454,1832,799.998657,799.9995,-0.170898438,0.21267657
1.83455,1833,799.998657,799.9997,-0.207519531,0.1908636
1.83598,1834,799.998657,799.9999,-0.244140625,0.1908636
1.83770,1835,799.998657,800.000061,-0.280761719,0.179957092
1.83775,1836,799.998657,800.0001,-0.29296875,0.158144116
1.83946,1837,799.998657,800.0002,-0.305175781,0.125424653
1.83947,1838,799.998657,800.0002,-0.305175781,0.09815842
1.84075,1839,799.998657,800.0002,-0.305175781,0.0545324534
1.84254,1840,799.998657,800.0002,-0.305175781,0.0109064905
1.84255,1841,799.998657,800.0001,-0.29296875,-0.0163597353
1.84382,1842,799.998657,800.000061,-0.280761719,-0.07089219
1.84565,1843,799.998657,799.9999,-0.244140625,-0.09270517
1.84567,1844,799.998657,799.9997,-0.207519531,-0.114518143
1.84746,1845,799.998657,799.9996,-0.183105469,-0.152690873
1.84748,1846,799.998657,799.9994,-0.146484375,-0.16359736
1.84872,1847,799.998657,799.999268,-0.122070313,-0.16359736
1.85054,1848,799.998657,799.9991,-0.08544922,-0.174503848
1.85055,1849,799.998657,799.998962,-0.0610351563,-0.185410336
1.85179,1850,799.998657,799.998657,0,-0.185410336
1.85366,1851,799.998657,799.9984,0.048828125,-0.207223326
1.85368,1852,799.998657,799.9982,0.08544922,-0.218129814
1.85550,1853,799.998657,799.998,0.134277344,-0.218129814
1.85552,1854,799.998657,799.9978,0.170898438,-0.229036286
1.85675,1855,799.998657,799.9977,0.1953125,-0.218129814
1.85855,1856,799.998657,799.9973,0.2685547,-0.218129814
1.85858,1857,799.998657,799.997131,0.305175781,-0.207223326
1.85983,1858,799.998657,799.997,0.329589844,-0.207223326
1.86164,1859,799.998657,799.9969,0.3540039,-0.185410336
1.86165,1860,799.998657,799.9968,0.366210938,-0.152690873
1.86349,1861,799.998657,799.9969,0.3540039,-0.08179868
1.86351,1862,799.998657,799.997,0.329589844,-0.0163597353
1.86476,1863,799.998657,799.997131,0.305175781,0.0545324534
1.86657,1864,799.998657,799.9973,0.2685547,0.125424653
1.86659,1865,799.998657,799.9977,0.1953125,0.158144116
1.86782,1866,799.998657,799.9978,0.170898438,0.179957092
1.86971,1867,799.998657,799.998,0.134277344,0.1908636
1.86973,1868,799.998657,799.9983,0.07324219,0.201770067
1.87148,1869,799.998657,799.9984,0.048828125,0.201770067
1.87149,1870,799.998657,799.9986,0.0122070313,0.1908636
1.87277,1871,799.998657,799.9988,-0.0244140625,0.1908636
1.87456,1872,799.998657,799.9991,-0.08544922,0.1908636
1.87458,1873,799.998657,799.999146,-0.09765625,0.1908636
1.87583,1874,799.998657,799.9993,-0.134277344,0.179957092
1.87764,1875,799.998657,799.9995,-0.170898438,0.169050619
1.87768,1876,799.998657,799.999634,-0.1953125,0.158144116
1.87945,1877,799.998657,799.9998,-0.2319336,0.158144116
1.87947,1878,799.998657,799.999939,-0.256347656,0.158144116
1.88073,1879,799.998657,800.0001,-0.29296875,0.158144116
1.88254,1880,799.998657,800.0002,-0.305175781,0.136331126
1.88255,1881,799.998657,800.000244,-0.3173828,0.09815842
1.88381,1882,799.998657,800.000366,-0.341796875,0.07634544
1.88563,1883,799.998657,800.0002,-0.305175781,0.03271947
1.88565,1884,799.998657,800.0002,-0.305175781,0
1.88747,1885,799.998657,800.0001,-0.29296875,-0.04907921
1.88750,1886,799.998657,800.000061,-0.280761719,-0.08179868
1.88873,1887,799.998657,799.9999,-0.244140625,-0.114518143
1.89055,1888,799.998657,799.9997,-0.207519531,-0.141784385
1.89057,1889,799.998657,799.9996,-0.183105469,-0.152690873
1.89182,1890,799.998657,799.999268,-0.122070313,-0.185410336
1.89365,1891,799.998657,799.9991,-0.08544922,-0.174503848
1.89367,1892,799.998657,799.998962,-0.0610351563,-0.196316838
1.89548,1893,799.998657,799.9988,-0.0244140625,-0.207223326
1.89549,1894,799.998657,799.9984,0.048828125,-0.218129814
1.89672,1895,799.998657,799.9983,0.07324219,-0.229036286
1.89854,1896,799.998657,799.998,0.134277344,-0.229036286
1.89856,1897,799.998657,799.997742,0.183105469,-0.256302536
1.89982,1898,799.998657,799.997437,0.244140625,-0.239942789
1.90163,1899,799.998657,799.997131,0.305175781,-0.256302536
1.90164,1900,799.998657,799.997,0.329589844,-0.256302536
1.90352,1901,799.998657,799.996765,0.378417969,-0.239942789
1.90358,1902,799.998657,799.9966,0.415039063,-0.218129814
1.90473,1903,799.998657,799.9966,0.415039063,-0.174503848
1.90656,1904,799.998657,799.9967,0.390625,-0.103611663
1.90659,1905,799.998657,799.9968,0.366210938,-0.0272662267
1.90783,1906,799.998657,799.997,0.329589844,0.07634544
1.90964,1907,799.998657,799.997253,0.280761719,0.147237629
1.90965,1908,799.998657,799.997559,0.219726563,0.21267657
1.91147,1909,799.998657,799.9978,0.170898438,0.261755764
1.91148,1910,799.998657,799.9981,0.109863281,0.272662252
1.91273,1911,799.998657,799.9984,0.048828125,0.28356877
1.91456,1912,799.998657,799.9988,-0.0244140625,0.28356877
1.91458,1913,799.998657,799.998962,-0.0610351563,0.28356877
1.91581,1914,799.998657,799.999268,-0.122070313,0.28356877
1.91763,1915,799.998657,799.9996,-0.183105469,0.272662252
1.91765,1916,799.998657,799.9998,-0.2319336,0.272662252
1.91948,1917,799.998657,800.0002,-0.305175781,0.23448956
1.91951,1918,799.998657,800.0005,-0.366210938,0.223583058
1.92073,1919,799.998657,800.0006,-0.390625,0.1908636
1.92258,1920,799.998657,800.0007,-0.402832031,0.158144116
1.92260,1921,799.998657,800.0007,-0.402832031,0.09815842
1.92381,1922,799.998657,800.0007,-0.402832031,0.043625962
1.92564,1923,799.998657,800.0005,-0.366210938,0
1.92565,1924,799.998657,800.000366,-0.341796875,-0.0599856973
1.92749,1925,799.998657,800.0002,-0.305175781,-0.103611663
1.92752,1926,799.998657,800.000061,-0.280761719,-0.152690873
1.92873,1927,799.998657,799.9999,-0.244140625,-0.185410336
1.93055,1928,799.998657,799.9996,-0.183105469,-0.207223326
1.93056,1929,799.998657,799.9994,-0.146484375,-0.218129814
1.93181,1930,799.998657,799.999146,-0.09765625,-0.229036286
1.93363,1931,799.998657,799.998962,-0.0610351563,-0.229036286
1.93365,1932,799.998657,799.998657,0,-0.239942789
1.93549,1933,799.998657,799.9984,0.048828125,-0.256302536
1.93552,1934,799.998657,799.9981,0.109863281,-0.256302536
1.93672,1935,799.998657,799.997864,0.1586914,-0.267209023
1.93856,1936,799.998657,799.9977,0.1953125,-0.267209023
1.93858,1937,799.998657,799.997437,0.244140625,-0.256302536
1.93980,1938,799.998657,799.997131,0.305175781,-0.256302536
1.94164,1939,799.998657,799.9969,0.3540039,-0.239942789
1.94165,1940,799.998657,799.9967,0.390625,-0.239942789
1.94346,1941,799.998657,799.9967,0.390625,-0.185410336
1.94349,1942,799.998657,799.9967,0.390625,-0.130877882
1.94472,1943,799.998657,799.9968,0.366210938,-0.04907921
1.94655,1944,799.998657,799.997,0.329589844,0.043625962
1.94657,1945,799.998657,799.997253,0.280761719,0.109064907
1.94781,1946,799.998657,799.997437,0.244140625,0.169050619
1.94964,1947,799.998657,799.9977,0.1953125,0.201770067
1.94966,1948,799.998657,799.998,0.134277344,0.21267657
1.95148,1949,799.998657,799.9981,0.109863281,0.223583058
1.95150,1950,799.998657,799.998352,0.0610351563,0.223583058
1.95288,1951,799.998657,799.9986,0.0122070313,0.21267657
1.95466,1952,799.998657,799.9988,-0.0244140625,0.223583058
1.95469,1953,799.998657,799.998962,-0.0610351563,0.201770067
1.95582,1954,799.998657,799.999146,-0.09765625,0.1908636
1.95764,1955,799.998657,799.9994,-0.146484375,0.1908636
1.95765,1956,799.998657,799.9996,-0.183105469,0.169050619
1.95947,1957,799.998657,799.9997,-0.207519531,0.169050619
1.95949,1958,799.998657,799.9999,-0.244140625,0.169050619
1.96073,1959,799.998657,800.000061,-0.280761719,0.169050619
1.96258,1960,799.998657,800.0002,-0.305175781,0.147237629
1.96261,1961,799.998657,800.0002,-0.305175781,0.125424653
1.96385,1962,799.998657,800.000244,-0.3173828,0.087251924
1.96564,1963,799.998657,800.0002,-0.305175781,0.0545324534
1.96566,1964,799.998657,800.0002,-0.305175781,0.0109064905
1.96749,1965,799.998657,800.0001,-0.29296875,-0.03817272
1.96751,1966,799.998657,800.000061,-0.280761719,-0.0599856973
1.96871,1967,799.998657,799.9999,-0.244140625,-0.103611663
1.97059,1968,799.998657,799.9997,-0.207519531,-0.114518143
1.97061,1969,799.998657,799.9996,-0.183105469,-0.141784385
1.97180,1970,799.998657,799.9994,-0.146484375,-0.174503848
1.97364,1971,799.998657,799.999268,-0.122070313,-0.174503848
1.97366,1972,799.998657,799.998962,-0.0610351563,-0.185410336
1.97549,1973,799.998657,799.9988,-0.0244140625,-0.196316838
1.97554,1974,799.998657,799.9986,0.0122070313,-0.196316838
1.97674,1975,799.998657,799.998352,0.0610351563,-0.218129814
1.97857,1976,799.998657,799.9981,0.109863281,-0.229036286
1.97859,1977,799.998657,799.997864,0.1586914,-0.239942789
1.97980,1978,799.998657,799.9977,0.1953125,-0.256302536
1.98166,1979,799.998657,799.9973,0.2685547,-0.256302536
1.98169,1980,799.998657,799.997,0.329589844,-0.2781155
1.98348,1981,799.998657,799.9967,0.390625,-0.2999285
1.98350,1982,799.998657,799.99646,0.439453125,-0.2999285
1.98471,1983,799.998657,799.9962,0.48828125,-0.2999285
1.98658,1984,799.998657,799.996155,0.5004883,-0.239942789
1.98660,1985,799.998657,799.9962,0.48828125,-0.16359736
1.98783,1986,799.998657,799.9964,0.451660156,-0.0599856973
1.98965,1987,799.998657,799.9966,0.415039063,0.06543894
1.98967,1988,799.998657,799.997,0.329589844,0.179957092
1.99149,1989,799.998657,799.9973,0.2685547,0.261755764
1.99152,1990,799.998657,799.997742,0.183105469,0.316288233
1.99274,1991,799.998657,799.9981,0.109863281,0.359914184
1.99455,1992,799.998657,799.9984,0.048828125,0.37627393
1.99458,1993,799.998657,799.99884,-0.0366210938,0.359914184
1.99582,1994,799.998657,799.9991,-0.08544922,0.3490077
1.99766,1995,799.998657,799.9994,-0.146484375,0.338101238
1.99767,1996,799.998657,799.9997,-0.207519531,0.316288233
1.99948,1997,799.998657,800.000061,-0.280761719,0.294475257
1.99950,1998,799.998657,800.000244,-0.3173828,0.272662252
2.00072,1999,799.998657,800.0005,-0.366210938,0.261755764
2.00269,2000,799.998657,800.0007,-0.402832031,0.223583058
2.00273,2001,799.998657,800.0008,-0.4272461,0.1908636
2.00395,2002,799.998657,800.0008,-0.4272461,0.136331126
2.00567,2003,799.998657,800.0008,-0.4272461,0.06543894
2.00569,2004,799.998657,800.0007,-0.402832031,0.0109064905
2.00752,2005,799.998657,800.0005,-0.366210938,-0.0599856973
2.00754,2006,799.998657,800.000366,-0.341796875,-0.114518143
2.00872,2007,799.998657,800.0001,-0.29296875,-0.16359736
2.01055,2008,799.998657,799.9999,-0.244140625,-0.218129814
2.01057,2009,799.998657,799.9996,-0.183105469,-0.239942789
2.01182,2010,799.998657,799.999268,-0.122070313,-0.2781155
2.01363,2011,799.998657,799.998962,-0.0610351563,-0.289022
2.01364,2012,799.998657,799.998657,0,-0.2999285
2.01549,2013,799.998657,799.9983,0.07324219,-0.3217415
2.01552,2014,799.998657,799.997559,0.219726563,-0.343554467
2.01673,2015,799.998657,799.997131,0.305175781,-0.365367442
2.01860,2016,799.998657,799.9968,0.366210938,-0.365367442
2.01862,2017,799.998657,799.9965,0.4272461,-0.365367442
2.01983,2018,799.998657,799.9962,0.48828125,-0.354460955
2.02166,2019,799.998657,799.996155,0.5004883,-0.289022
2.02168,2020,799.998657,799.9962,0.48828125,-0.207223326
2.02348,2021,799.998657,799.9963,0.476074219,-0.09270517
2.02351,2022,799.998657,799.9965,0.4272461,0.043625962
2.02472,2023,799.998657,799.9968,0.366210938,0.147237629
2.02659,2024,799.998657,799.997131,0.305175781,0.23448956
2.02661,2025,799.998657,799.997437,0.244140625,0.294475257
2.02781,2026,799.998657,799.9978,0.170898438,0.316288233
2.02965,2027,799.998657,799.9982,0.08544922,0.327194721
2.02966,2028,799.998657,799.9984,0.048828125,0.316288233
2.03149,2029,799.998657,799.998657,0,0.28356877
2.03152,2030,799.998657,799.998962,-0.0610351563,0.28356877
2.03272,2031,799.998657,799.999268,-0.122070313,0.2508493
2.03456,2032,799.998657,799.9994,-0.146484375,0.23448956
2.03457,2033,799.998657,799.9996,-0.183105469,0.223583058
2.03589,2034,799.998657,799.9999,-0.244140625,0.201770067
2.03766,2035,799.998657,800.000061,-0.280761719,0.201770067
2.03768,2036,799.998657,800.0002,-0.305175781,0.1908636
2.03951,2037,799.998657,800.000244,-0.3173828,0.158144116
2.03955,2038,799.998657,800.000366,-0.341796875,0.125424653
2.04072,2039,799.998657,800.000366,-0.341796875,0.087251924
2.04274,2040,799.998657,800.000366,-0.341796875,0.043625962
2.04277,2041,799.998657,800.0002,-0.305175781,0.0109064905
2.04381,2042,799.998657,800.0002,-0.305175781,-0.04907921
2.04567,2043,799.998657,800.000061,-0.280761719,-0.08179868
2.04570,2044,799.998657,799.9999,-0.244140625,-0.103611663
2.04748,2045,799.998657,799.9997,-0.207519531,-0.141784385
2.04751,2046,799.998657,799.9996,-0.183105469,-0.152690873
2.04873,2047,799.998657,799.9993,-0.134277344,-0.174503848
2.05056,2048,799.998657,799.9991,-0.08544922,-0.196316838
2.05059,2049,799.998657,799.998962,-0.0610351563,-0.207223326
2.05180,2050,799.998657,799.9988,-0.0244140625,-0.218129814
2.05364,2051,799.998657,799.9984,0.048828125,-0.229036286
2.05367,2052,799.998657,799.9982,0.08544922,-0.229036286
2.05552,2053,799.998657,799.998,0.134277344,-0.239942789
2.05555,2054,799.998657,799.9977,0.1953125,-0.239942789
2.05674,2055,799.998657,799.997437,0.244140625,-0.256302536
2.05856,2056,799.998657,799.997253,0.280761719,-0.256302536
2.05858,2057,799.998657,799.997,0.329589844,-0.239942789
2.05983,2058,799.998657,799.9968,0.366210938,-0.239942789
2.06165,2059,799.998657,799.9967,0.390625,-0.207223326
2.06168,2060,799.998657,799.9967,0.390625,-0.16359736
2.06349,2061,799.998657,799.996765,0.378417969,-0.103611663
2.06350,2062,799.998657,799.9968,0.366210938,-0.0163597353
2.06473,2063,799.998657,799.997131,0.305175781,0.07634544
2.06660,2064,799.998657,799.9973,0.2685547,0.147237629
2.06663,2065,799.998657,799.9977,0.1953125,0.1908636
2.06781,2066,799.998657,799.997864,0.1586914,0.223583058
2.06968,2067,799.998657,799.9981,0.109863281,0.23448956
2.06974,2068,799.998657,799.998352,0.0610351563,0.2508493
2.07149,2069,799.998657,799.9986,0.0122070313,0.2508493
2.07152,2070,799.998657,799.998962,-0.0610351563,0.2508493
2.07274,2071,799.998657,799.9991,-0.08544922,0.23448956
2.07457,2072,799.998657,799.999268,-0.122070313,0.223583058
2.07461,2073,799.998657,799.9995,-0.170898438,0.21267657
2.07581,2074,799.998657,799.9997,-0.207519531,0.201770067
2.07766,2075,799.998657,799.9999,-0.244140625,0.1908636
2.07769,2076,799.998657,800.000061,-0.280761719,0.179957092
2.07947,2077,799.998657,800.0002,-0.305175781,0.179957092
2.07951,2078,799.998657,800.000366,-0.341796875,0.158144116
2.08073,2079,799.998657,800.000366,-0.341796875,0.125424653
2.08266,2080,799.998657,800.000366,-0.341796875,0.087251924
2.08278,2081,799.998657,800.000366,-0.341796875,0.043625962
2.08382,2082,799.998657,800.000244,-0.3173828,0
2.08569,2083,799.998657,800.0002,-0.305175781,-0.03817272
2.08571,2084,799.998657,800.000061,-0.280761719,-0.08179868
2.08751,2085,799.998657,799.9999,-0.244140625,-0.130877882
2.08757,2086,799.998657,799.9997,-0.207519531,-0.152690873
2.08872,2087,799.998657,799.9996,-0.183105469,-0.185410336
2.09057,2088,799.998657,799.9993,-0.134277344,-0.196316838
2.09059,2089,799.998657,799.9991,-0.08544922,-0.207223326
2.09181,2090,799.998657,799.99884,-0.0366210938,-0.218129814
2.09367,2091,799.998657,799.9986,0.0122070313,-0.218129814
2.09370,2092,799.998657,799.998352,0.0610351563,-0.239942789
2.09550,2093,799.998657,799.9981,0.109863281,-0.256302536
2.09553,2094,799.998657,799.9978,0.170898438,-0.267209023
2.09673,2095,799.998657,799.997559,0.219726563,-0.2781155
2.09859,2096,799.998657,799.9973,0.2685547,-0.2781155
2.09864,2097,799.998657,799.997131,0.305175781,-0.267209023
2.09980,2098,799.998657,799.9968,0.366210938,-0.267209023
2.10164,2099,799.998657,799.9966,0.415039063,-0.256302536
2.10166,2100,799.998657,799.9965,0.4272461,-0.207223326
2.10350,2101,799.998657,799.9965,0.4272461,-0.152690873
2.10353,2102,799.998657,799.9967,0.390625,-0.08179868
2.10473,2103,799.998657,799.9968,0.366210938,0.03271947
2.10658,2104,799.998657,799.997131,0.305175781,0.09815842
2.10660,2105,799.998657,799.997437,0.244140625,0.179957092
2.10781,2106,799.998657,799.997742,0.183105469,0.2508493
2.10969,2107,799.998657,799.998047,0.122070313,0.28356877
2.10973,2108,799.998657,799.998352,0.0610351563,0.305381745
2.11146,2109,799.998657,799.998657,0,0.305381745
2.11147,2110,799.998657,799.998962,-0.0610351563,0.316288233
2.11274,2111,799.998657,799.9993,-0.134277344,0.305381745
2.11461,2112,799.998657,799.9996,-0.183105469,0.305381745
2.11465,2113,799.998657,799.9999,-0.244140625,0.28356877
2.11581,2114,799.998657,800.0001,-0.29296875,0.272662252
2.11767,2115,799.998657,800.0006,-0.390625,0.2508493
2.11770,2116,799.998657,800.0007,-0.402832031,0.21267657
2.11954,2117,799.998657,800.0008,-0.4272461,0.179957092
2.11959,2118,799.998657,800.0008,-0.4272461,0.125424653
2.12076,2119,799.998657,800.0008,-0.4272461,0.06543894
2.12261,2120,799.998657,800.0007,-0.402832031,0
2.12266,2121,799.998657,800.0005,-0.366210938,-0.07089219
2.12382,2122,799.998657,800.000366,-0.341796875,-0.130877882
2.12564,2123,799.998657,800.000061,-0.280761719,-0.16359736
2.12567,2124,799.998657,799.9999,-0.244140625,-0.207223326
2.12749,2125,799.998657,799.9996,-0.183105469,-0.218129814
2.12751,2126,799.998657,799.9994,-0.146484375,-0.239942789
2.12875,2127,799.998657,799.9991,-0.08544922,-0.256302536
2.13057,2128,799.998657,799.998962,-0.0610351563,-0.267209023
2.13059,2129,799.998657,799.998535,0.0244140625,-0.267209023
2.13181,2130,799.998657,799.9983,0.07324219,-0.2781155
2.13367,2131,799.998657,799.998,0.134277344,-0.289022
2.13675,2132,799.998657,799.9977,0.1953125,-0.289022
2.13679,2133,799.998657,799.997437,0.244140625,-0.2999285
2.13681,2134,799.998657,799.997131,0.305175781,-0.289022
2.13684,2135,799.998657,799.9968,0.366210938,-0.289022
2.13860,2136,799.998657,799.9967,0.390625,-0.2781155
2.13863,2137,799.998657,799.9965,0.4272461,-0.229036286
2.13981,2138,799.998657,799.9965,0.4272461,-0.174503848
2.14166,2139,799.998657,799.9967,0.390625,-0.09270517
2.14169,2140,799.998657,799.9968,0.366210938,0.0109064905
2.14347,2141,799.998657,799.997131,0.305175781,0.09815842
2.14350,2142,799.998657,799.9973,0.2685547,0.169050619
2.14473,2143,799.998657,799.9977,0.1953125,0.223583058
2.14658,2144,799.998657,799.997864,0.1586914,0.2508493
2.14660,2145,799.998657,799.9982,0.08544922,0.261755764
2.14780,2146,799.998657,799.9984,0.048828125,0.261755764
2.14967,2147,799.998657,799.9986,0.0122070313,0.2508493
2.14970,2148,799.998657,799.998962,-0.0610351563,0.2508493
2.15147,2149,799.998657,799.9991,-0.08544922,0.23448956
2.15150,2150,799.998657,799.9993,-0.134277344,0.223583058
2.15276,2151,799.998657,799.9996,-0.183105469,0.21267657
2.15462,2152,799.998657,799.9997,-0.207519531,0.1908636
2.15466,2153,799.998657,799.9999,-0.244140625,0.1908636
2.15581,2154,799.998657,800.0001,-0.29296875,0.1908636
2.15768,2155,799.998657,800.0002,-0.305175781,0.169050619
2.15770,2156,799.998657,800.000366,-0.341796875,0.158144116
2.15949,2157,799.998657,800.000366,-0.341796875,0.109064907
2.15953,2158,799.998657,800.000366,-0.341796875,0.06543894
2.16077,2159,799.998657,800.000366,-0.341796875,0.03271947
2.16258,2160,799.998657,800.0002,-0.305175781,-0.0163597353
2.16262,2161,799.998657,800.000061,-0.280761719,-0.0599856973
2.16390,2162,799.998657,799.9999,-0.244140625,-0.09270517
2.16566,2163,799.998657,799.9997,-0.207519531,-0.130877882
2.16569,2164,799.998657,799.9996,-0.183105469,-0.16359736
2.16749,2165,799.998657,799.9994,-0.146484375,-0.174503848
2.16752,2166,799.998657,799.999268,-0.122070313,-0.185410336
2.16872,2167,799.998657,799.998962,-0.0610351563,-0.207223326
2.17057,2168,799.998657,799.9988,-0.0244140625,-0.196316838
2.17059,2169,799.998657,799.9984,0.048828125,-0.207223326
2.17181,2170,799.998657,799.9983,0.07324219,-0.229036286
2.17367,2171,799.998657,799.998047,0.122070313,-0.229036286
2.17369,2172,799.998657,799.9978,0.170898438,-0.256302536
2.17551,2173,799.998657,799.997559,0.219726563,-0.267209023
2.17554,2174,799.998657,799.9973,0.2685547,-0.239942789
2.17672,2175,799.998657,799.997131,0.305175781,-0.256302536
2.17856,2176,799.998657,799.9968,0.366210938,-0.239942789
2.17859,2177,799.998657,799.9967,0.390625,-0.229036286
2.17980,2178,799.998657,799.9967,0.390625,-0.196316838
2.18167,2179,799.998657,799.9967,0.390625,-0.141784385
2.18170,2180,799.998657,799.9967,0.390625,-0.07089219
2.18350,2181,799.998657,799.9968,0.366210938,0.0109064905
2.18353,2182,799.998657,799.997131,0.305175781,0.07634544
2.18472,2183,799.998657,799.997437,0.244140625,0.147237629
2.18663,2184,799.998657,799.9977,0.1953125,0.201770067
2.18666,2185,799.998657,799.998,0.134277344,0.23448956
2.18787,2186,799.998657,799.9983,0.07324219,0.261755764
2.18973,2187,799.998657,799.9984,0.048828125,0.28356877
2.18976,2188,799.998657,799.99884,-0.0366210938,0.272662252
2.19153,2189,799.998657,799.9991,-0.08544922,0.28356877
2.19156,2190,799.998657,799.9993,-0.134277344,0.28356877
2.19272,2191,799.998657,799.9996,-0.183105469,0.272662252
2.19457,2192,799.998657,799.9998,-0.2319336,0.261755764
2.19460,2193,799.998657,800.000061,-0.280761719,0.23448956
2.19580,2194,799.998657,800.0002,-0.305175781,0.223583058
2.19767,2195,799.998657,800.0005,-0.366210938,0.21267657
2.19772,2196,799.998657,800.0005,-0.366210938,0.1908636
2.19951,2197,799.998657,800.0006,-0.390625,0.147237629
2.19955,2198,799.998657,800.0006,-0.390625,0.09815842
2.20073,2199,799.998657,800.0006,-0.390625,0.043625962
2.20269,2200,799.998657,800.0005,-0.366210938,-0.0163597353
2.20275,2201,799.998657,800.000366,-0.341796875,-0.04907921
2.20383,2202,799.998657,800.0002,-0.305175781,-0.103611663
2.20566,2203,799.998657,799.9999,-0.244140625,-0.16359736
2.20570,2204,799.998657,799.9997,-0.207519531,-0.196316838
2.20750,2205,799.998657,799.9994,-0.146484375,-0.229036286
2.20754,2206,799.998657,799.999146,-0.09765625,-0.256302536
2.20873,2207,799.998657,799.998962,-0.0610351563,-0.267209023
2.21064,2208,799.998657,799.9986,0.0122070313,-0.2781155
2.21069,2209,799.998657,799.9983,0.07324219,-0.2999285
2.21181,2210,799.998657,799.998,0.134277344,-0.310834974
2.21366,2211,799.998657,799.997437,0.244140625,-0.332647949
2.21369,2212,799.998657,799.997131,0.305175781,-0.343554467
2.21549,2213,799.998657,799.9965,0.4272461,-0.343554467
2.21551,2214,799.998657,799.9965,0.4272461,-0.343554467
2.21671,2215,799.998657,799.996033,0.524902344,-0.310834974
2.21856,2216,799.998657,799.996155,0.5004883,-0.229036286
2.21858,2217,799.998657,799.9962,0.48828125,-0.141784385
2.21985,2218,799.998657,799.9965,0.4272461,-0.0163597353
2.22165,2219,799.998657,799.996765,0.378417969,0.109064907
2.22166,2220,799.998657,799.997131,0.305175781,0.223583058
2.22348,2221,799.998657,799.997437,0.244140625,0.28356877
2.22350,2222,799.998657,799.9978,0.170898438,0.327194721
2.22473,2223,799.998657,799.9981,0.109863281,0.338101238
2.22660,2224,799.998657,799.9984,0.048828125,0.327194721
2.22663,2225,799.998657,799.9988,-0.0244140625,0.305381745
2.22780,2226,799.998657,799.9991,-0.08544922,0.294475257
2.22968,2227,799.998657,799.999268,-0.122070313,0.272662252
2.22972,2228,799.998657,799.9995,-0.170898438,0.2508493
2.23150,2229,799.998657,799.9997,-0.207519531,0.23448956
2.23152,2230,799.998657,799.9999,-0.244140625,0.21267657
2.23273,2231,799.998657,800.0001,-0.29296875,0.21267657
2.23461,2232,799.998657,800.000244,-0.3173828,0.201770067
2.23464,2233,799.998657,800.000366,-0.341796875,0.169050619
2.23587,2234,799.998657,800.000366,-0.341796875,0.136331126
2.23772,2235,799.998657,800.000366,-0.341796875,0.087251924
2.23776,2236,799.998657,800.000366,-0.341796875,0.043625962
2.23952,2237,799.998657,800.000244,-0.3173828,0
2.23954,2238,799.998657,800.0002,-0.305175781,-0.04907921
2.24071,2239,799.998657,800.000061,-0.280761719,-0.08179868
2.24257,2240,799.998657,799.9999,-0.244140625,-0.114518143
2.24260,2241,799.998657,799.9997,-0.207519531,-0.152690873
2.24384,2242,799.998657,799.9996,-0.183105469,-0.174503848
2.24566,2243,799.998657,799.999268,-0.122070313,-0.196316838
2.24569,2244,799.998657,799.9991,-0.08544922,-0.207223326
2.24748,2245,799.998657,799.99884,-0.0366210938,-0.207223326
2.24750,2246,799.998657,799.998535,0.0244140625,-0.229036286
2.24872,2247,799.998657,799.9983,0.07324219,-0.239942789
2.25058,2248,799.998657,799.998047,0.122070313,-0.256302536
2.25062,2249,799.998657,799.9978,0.170898438,-0.2781155
2.25180,2250,799.998657,799.997437,0.244140625,-0.267209023
2.25366,2251,799.998657,799.9973,0.2685547,-0.267209023
2.25369,2252,799.998657,799.997,0.329589844,-0.267209023
2.25549,2253,799.998657,799.9968,0.366210938,-0.239942789
2.25552,2254,799.998657,799.9967,0.390625,-0.239942789
2.25673,2255,799.998657,799.9967,0.390625,-0.185410336
2.25855,2256,799.998657,799.9967,0.390625,-0.130877882
2.25858,2257,799.998657,799.9968,0.366210938,-0.04907921
2.25984,2258,799.998657,799.997,0.329589844,0.0545324534
2.26165,2259,799.998657,799.997253,0.280761719,0.125424653
2.26167,2260,799.998657,799.997559,0.219726563,0.179957092
2.26351,2261,799.998657,799.9978,0.170898438,0.223583058
2.26353,2262,799.998657,799.9981,0.109863281,0.2508493
2.26474,2263,799.998657,799.998352,0.0610351563,0.2508493
2.26657,2264,799.998657,799.9986,0.0122070313,0.261755764
2.26660,2265,799.998657,799.998962,-0.0610351563,0.23448956
2.26781,2266,799.998657,799.9991,-0.08544922,0.23448956
2.26966,2267,799.998657,799.9993,-0.134277344,0.23448956
2.26971,2268,799.998657,799.9995,-0.170898438,0.223583058
2.27149,2269,799.998657,799.9997,-0.207519531,0.21267657
2.27152,2270,799.998657,799.9999,-0.244140625,0.201770067
2.27272,2271,799.998657,800.000061,-0.280761719,0.1908636
2.27458,2272,799.998657,800.0002,-0.305175781,0.1908636
2.27460,2273,799.998657,800.000366,-0.341796875,0.169050619
2.27580,2274,799.998657,800.000366,-0.341796875,0.136331126
2.27765,2275,799.998657,800.000366,-0.341796875,0.09815842
2.27767,2276,799.998657,800.000366,-0.341796875,0.0545324534
2.27948,2277,799.998657,800.000366,-0.341796875,0.0109064905
2.27949,2278,799.998657,800.0002,-0.305175781,-0.03817272
2.28073,2279,799.998657,800.0001,-0.29296875,-0.07089219
2.28257,2280,799.998657,799.9999,-0.244140625,-0.103611663
2.28259,2281,799.998657,799.9997,-0.207519531,-0.152690873
2.28380,2282,799.998657,799.9996,-0.183105469,-0.16359736
2.28565,2283,799.998657,799.9993,-0.134277344,-0.196316838
2.28592,2284,799.998657,799.9991,-0.08544922,-0.218129814
2.28752,2285,799.998657,799.99884,-0.0366210938,-0.229036286
2.28755,2286,799.998657,799.9986,0.0122070313,-0.229036286
2.28873,2287,799.998657,799.9983,0.07324219,-0.256302536
2.29061,2288,799.998657,799.998047,0.122070313,-0.256302536
2.29064,2289,799.998657,799.9978,0.170898438,-0.2781155
2.29184,2290,799.998657,799.997437,0.244140625,-0.289022
2.29368,2291,799.998657,799.997131,0.305175781,-0.2781155
2.29370,2292,799.998657,799.9969,0.3540039,-0.289022
2.29545,2293,799.998657,799.9967,0.390625,-0.2781155
2.29546,2294,799.998657,799.9965,0.4272461,-0.267209023
2.29672,2295,799.998657,799.9965,0.4272461,-0.229036286
2.29854,2296,799.998657,799.9965,0.4272461,-0.16359736
2.29856,2297,799.998657,799.9967,0.390625,-0.0599856973
2.29981,2298,799.998657,799.9968,0.366210938,0.043625962
2.30165,2299,799.998657,799.997131,0.305175781,0.136331126
2.30167,2300,799.998657,799.997437,0.244140625,0.201770067
2.30350,2301,799.998657,799.997864,0.1586914,0.261755764
2.30352,2302,799.998657,799.9982,0.08544922,0.305381745
2.30477,2303,799.998657,799.998535,0.0244140625,0.327194721
2.30659,2304,799.998657,799.998962,-0.0610351563,0.327194721
2.30663,2305,799.998657,799.999268,-0.122070313,0.3490077
2.30782,2306,799.998657,799.9996,-0.183105469,0.327194721
2.30967,2307,799.998657,799.9998,-0.2319336,0.316288233
2.30971,2308,799.998657,800.000061,-0.280761719,0.316288233
2.31148,2309,799.998657,800.000366,-0.341796875,0.28356877
2.31150,2310,799.998657,800.0006,-0.390625,0.272662252
2.31275,2311,799.998657,800.0008,-0.4272461,0.23448956
2.31456,2312,799.998657,800.0008,-0.4272461,0.201770067
2.31459,2313,799.998657,800.0008,-0.4272461,0.158144116
2.31580,2314,799.998657,800.0008,-0.4272461,0.03271947
2.31765,2315,799.998657,800.0005,-0.366210938,-0.03817272
2.31767,2316,799.998657,800.000366,-0.341796875,-0.103611663
2.31955,2317,799.998657,800.0001,-0.29296875,-0.174503848
2.31962,2318,799.998657,799.9999,-0.244140625,-0.218129814
2.32074,2319,799.998657,799.9996,-0.183105469,-0.239942789
2.32258,2320,799.998657,799.9993,-0.134277344,-0.267209023
2.32263,2321,799.998657,799.9991,-0.08544922,-0.2781155
2.32385,2322,799.998657,799.9988,-0.0244140625,-0.289022
2.32566,2323,799.998657,799.9984,0.048828125,-0.2999285
2.32570,2324,799.998657,799.9981,0.109863281,-0.2999285
2.32748,2325,799.998657,799.9978,0.170898438,-0.310834974
2.32749,2326,799.998657,799.997437,0.244140625,-0.310834974
2.32872,2327,799.998657,799.997253,0.280761719,-0.310834974
2.33056,2328,799.998657,799.997,0.329589844,-0.310834974
2.33059,2329,799.998657,799.9967,0.390625,-0.2999285
2.33182,2330,799.998657,799.9965,0.4272461,-0.289022
2.33371,2331,799.998657,799.9965,0.4272461,-0.218129814
2.33375,2332,799.998657,799.9965,0.4272461,-0.152690873
2.33547,2333,799.998657,799.9967,0.390625,-0.0599856973
2.33548,2334,799.998657,799.997,0.329589844,0.0545324534
2.33674,2335,799.998657,799.997131,0.305175781,0.136331126
2.33855,2336,799.998657,799.997437,0.244140625,0.201770067
2.33858,2337,799.998657,799.9978,0.170898438,0.2508493
2.33981,2338,799.998657,799.9981,0.109863281,0.28356877
2.34166,2339,799.998657,799.9984,0.048828125,0.272662252
2.34169,2340,799.998657,799.9986,0.0122070313,0.272662252
2.34346,2341,799.998657,799.998962,-0.0610351563,0.272662252
2.34348,2342,799.998657,799.999146,-0.09765625,0.261755764
2.34474,2343,799.998657,799.9994,-0.146484375,0.2508493
2.34654,2344,799.998657,799.9996,-0.183105469,0.23448956
2.34655,2345,799.998657,799.9998,-0.2319336,0.21267657
2.34781,2346,799.998657,800.000061,-0.280761719,0.201770067
2.34965,2347,799.998657,800.0002,-0.305175781,0.201770067
2.34970,2348,799.998657,800.000366,-0.341796875,0.1908636
2.35146,2349,799.998657,800.000366,-0.341796875,0.169050619
2.35148,2350,799.998657,800.0005,-0.366210938,0.125424653
2.35298,2351,799.998657,800.0005,-0.366210938,0.087251924
2.35458,2352,799.998657,800.000366,-0.341796875,0.021812981
2.35460,2353,799.998657,800.000244,-0.3173828,-0.0272662267
2.35582,2354,799.998657,800.0001,-0.29296875,-0.0599856973
2.35770,2355,799.998657,799.999939,-0.256347656,-0.103611663
2.35776,2356,799.998657,799.9997,-0.207519531,-0.141784385
2.35946,2357,799.998657,799.9996,-0.183105469,-0.174503848
2.35947,2358,799.998657,799.9993,-0.134277344,-0.196316838
2.36075,2359,799.998657,799.9991,-0.08544922,-0.207223326
2.36256,2360,799.998657,799.998962,-0.0610351563,-0.218129814
2.36264,2361,799.998657,799.998657,0,-0.229036286
2.36381,2362,799.998657,799.998352,0.0610351563,-0.239942789
2.36566,2363,799.998657,799.9981,0.109863281,-0.267209023
2.36569,2364,799.998657,799.997864,0.1586914,-0.267209023
2.36746,2365,799.998657,799.9977,0.1953125,-0.267209023
2.36747,2366,799.998657,799.9973,0.2685547,-0.267209023
2.36875,2367,799.998657,799.997,0.329589844,-0.267209023
2.37061,2368,799.998657,799.9968,0.366210938,-0.2781155
2.37065,2369,799.998657,799.9967,0.390625,-0.267209023
2.37183,2370,799.998657,799.9965,0.4272461,-0.229036286
2.37364,2371,799.998657,799.9965,0.4272461,-0.174503848
2.37366,2372,799.998657,799.9967,0.390625,-0.09270517
2.37546,2373,799.998657,799.9968,0.366210938,0
2.37548,2374,799.998657,799.997131,0.305175781,0.087251924
2.37675,2375,799.998657,799.997437,0.244140625,0.169050619
2.37855,2376,799.998657,799.9978,0.170898438,0.23448956
2.37857,2377,799.998657,799.9982,0.08544922,0.294475257
2.37982,2378,799.998657,799.9986,0.0122070313,0.338101238
2.38163,2379,799.998657,799.9991,-0.08544922,0.387180418
2.38165,2380,799.998657,799.9996,-0.183105469,0.408993423
2.38346,2381,799.998657,799.9999,-0.244140625,0.419899881
2.38347,2382,799.998657,800.0002,-0.305175781,0.408993423
2.38471,2383,799.998657,800.0005,-0.366210938,0.387180418
2.38658,2384,799.998657,800.0008,-0.4272461,0.3490077
2.38662,2385,799.998657,800.00116,-0.5004883,0.316288233
2.38782,2386,799.998657,800.0012,-0.5126953,0.261755764
2.38964,2387,799.998657,800.001343,-0.5371094,0.201770067
2.38966,2388,799.998657,800.00116,-0.5004883,0.125424653
2.39146,2389,799.998657,800.0011,-0.48828125,0.03271947
2.39147,2390,799.998657,800.0008,-0.4272461,-0.04907921
2.39272,2391,799.998657,800.0005,-0.366210938,-0.130877882
2.39456,2392,799.998657,800.0002,-0.305175781,-0.207223326
2.39458,2393,799.998657,799.9999,-0.244140625,-0.2781155
2.39583,2394,799.998657,799.9996,-0.183105469,-0.3217415
2.39764,2395,799.998657,799.9991,-0.08544922,-0.354460955
2.39766,2396,799.998657,799.9988,-0.0244140625,-0.3817272
2.39946,2397,799.998657,799.9983,0.07324219,-0.403540134
2.39948,2398,799.998657,799.997864,0.1586914,-0.414446652
2.40072,2399,799.998657,799.997437,0.244140625,-0.414446652
2.40274,2400,799.998657,799.997,0.329589844,-0.436259627
2.40280,2401,799.998657,799.9966,0.415039063,-0.42535314
2.40385,2402,799.998657,799.9962,0.48828125,-0.42535314
2.40567,2403,799.998657,799.9959,0.5493164,-0.414446652
2.40572,2404,799.998657,799.9957,0.5859375,-0.3817272
2.40747,2405,799.998657,799.9957,0.5859375,-0.289022
2.40748,2406,799.998657,799.9959,0.5493164,-0.16359736
2.40874,2407,799.998657,799.9962,0.48828125,-0.0272662267
2.41056,2408,799.998657,799.9967,0.390625,0.147237629
2.41057,2409,799.998657,799.997253,0.280761719,0.28356877
2.41184,2410,799.998657,799.9978,0.170898438,0.3980869
2.41364,2411,799.998657,799.998352,0.0610351563,0.485338867
2.41366,2412,799.998657,799.998962,-0.0610351563,0.5235115
2.41545,2413,799.998657,799.9994,-0.146484375,0.556231
2.41547,2414,799.998657,800.000366,-0.341796875,0.5235115
2.41673,2415,799.998657,800.0008,-0.4272461,0.5016986
2.41854,2416,799.998657,800.00116,-0.5004883,0.4417129
2.41855,2417,799.998657,800.001465,-0.561523438,0.3980869
2.41987,2418,799.998657,800.0016,-0.5859375,0.327194721
2.42166,2419,799.998657,800.001648,-0.598144531,0.2508493
2.42170,2420,799.998657,800.001465,-0.561523438,0.147237629
2.42347,2421,799.998657,800.001343,-0.5371094,0.03271947
2.42349,2422,799.998657,800.0011,-0.48828125,-0.0599856973
2.42473,2423,799.998657,800.0008,-0.4272461,-0.152690873
2.42655,2424,799.998657,800.0005,-0.366210938,-0.239942789
2.42658,2425,799.998657,800.000061,-0.280761719,-0.289022
2.42783,2426,799.998657,799.9997,-0.207519531,-0.354460955
2.42964,2427,799.998657,799.999268,-0.122070313,-0.365367442
2.42966,2428,799.998657,799.998962,-0.0610351563,-0.392633677
2.43147,2429,799.998657,799.9984,0.048828125,-0.403540134
2.43149,2430,799.998657,799.9981,0.109863281,-0.403540134
2.43273,2431,799.998657,799.9977,0.1953125,-0.414446652
2.43454,2432,799.998657,799.9973,0.2685547,-0.403540134
2.43460,2433,799.998657,799.9969,0.3540039,-0.414446652
2.43590,2434,799.998657,799.9965,0.4272461,-0.392633677
2.43766,2435,799.998657,799.9962,0.48828125,-0.3817272
2.43767,2436,799.998657,799.996155,0.5004883,-0.343554467
2.43946,2437,799.998657,799.996033,0.524902344,-0.267209023
2.43948,2438,799.998657,799.9962,0.48828125,-0.16359736
2.44072,2439,799.998657,799.9965,0.4272461,-0.03817272
2.44256,2440,799.998657,799.9968,0.366210938,0.09815842
2.44258,2441,799.998657,799.997131,0.305175781,0.201770067
2.44384,2442,799.998657,799.9977,0.1953125,0.294475257
2.44564,2443,799.998657,799.998,0.134277344,0.3490077
2.44565,2444,799.998657,799.9984,0.048828125,0.37627393
2.44745,2445,799.998657,799.9988,-0.0244140625,0.37627393
2.44746,2446,799.998657,799.9991,-0.08544922,0.387180418
2.44872,2447,799.998657,799.9994,-0.146484375,0.359914184
2.45056,2448,799.998657,799.9997,-0.207519531,0.338101238
2.45058,2449,799.998657,799.999939,-0.256347656,0.316288233
2.45182,2450,799.998657,800.0002,-0.305175781,0.28356877
2.45368,2451,799.998657,800.0005,-0.366210938,0.261755764
2.45369,2452,799.998657,800.0007,-0.402832031,0.2508493
2.45549,2453,799.998657,800.0007,-0.402832031,0.21267657
2.45551,2454,799.998657,800.0008,-0.4272461,0.158144116
2.45677,2455,799.998657,800.0007,-0.402832031,0.087251924
2.45855,2456,799.998657,800.0006,-0.390625,0.03271947
2.45857,2457,799.998657,800.0005,-0.366210938,-0.03817272
2.45983,2458,799.998657,800.0002,-0.305175781,-0.103611663
2.46165,2459,799.998657,800.000061,-0.280761719,-0.152690873
2.46167,2460,799.998657,799.9997,-0.207519531,-0.207223326
2.46348,2461,799.998657,799.9994,-0.146484375,-0.229036286
2.46351,2462,799.998657,799.999146,-0.09765625,-0.256302536
2.46473,2463,799.998657,799.998962,-0.0610351563,-0.267209023
2.46655,2464,799.998657,799.998535,0.0244140625,-0.289022
2.46656,2465,799.998657,799.9982,0.08544922,-0.310834974
2.46782,2466,799.998657,799.997864,0.1586914,-0.3217415
2.46973,2467,799.998657,799.997559,0.219726563,-0.3217415
2.46978,2468,799.998657,799.997253,0.280761719,-0.332647949
2.47148,2469,799.998657,799.9969,0.3540039,-0.332647949
2.47150,2470,799.998657,799.9967,0.390625,-0.3217415
2.47274,2471,799.998657,799.9964,0.451660156,-0.310834974
2.47456,2472,799.998657,799.9963,0.476074219,-0.289022
2.47457,2473,799.998657,799.9963,0.476074219,-0.218129814
2.47582,2474,799.998657,799.9964,0.451660156,-0.141784385
2.47765,2475,799.998657,799.9965,0.4272461,-0.04907921
2.47769,2476,799.998657,799.9968,0.366210938,0.07634544
2.47948,2477,799.998657,799.997253,0.280761719,0.169050619
2.47950,2478,799.998657,799.9977,0.1953125,0.261755764
2.48072,2479,799.998657,799.998047,0.122070313,0.327194721
2.48257,2480,799.998657,799.998535,0.0244140625,0.37627393
2.48259,2481,799.998657,799.998962,-0.0610351563,0.3980869
2.48380,2482,799.998657,799.9993,-0.134277344,0.408993423
2.48564,2483,799.998657,799.9997,-0.207519531,0.408993423
2.48565,2484,799.998657,800.000061,-0.280761719,0.3980869
2.48751,2485,799.998657,800.000366,-0.341796875,0.37627393
2.48754,2486,799.998657,800.0007,-0.402832031,0.338101238
2.48874,2487,799.998657,800.0009,-0.451660156,0.316288233
2.49060,2488,799.998657,800.001038,-0.476074219,0.28356877
2.49063,2489,799.998657,800.0011,-0.48828125,0.23448956
2.49182,2490,799.998657,800.0011,-0.48828125,0.147237629
2.49365,2491,799.998657,800.0009,-0.451660156,0.06543894
2.49366,2492,799.998657,800.0008,-0.4272461,-0.0163597353
2.49546,2493,799.998657,800.0005,-0.366210938,-0.103611663
2.49548,2494,799.998657,800.0002,-0.305175781,-0.174503848
2.49674,2495,799.998657,799.9999,-0.244140625,-0.229036286
2.49857,2496,799.998657,799.9996,-0.183105469,-0.289022
2.49860,2497,799.998657,799.999268,-0.122070313,-0.3217415
2.49980,2498,799.998657,799.99884,-0.0366210938,-0.343554467
2.50165,2499,799.998657,799.9984,0.048828125,-0.365367442
2.50167,2500,799.998657,799.998,0.134277344,-0.3817272
2.50348,2501,799.998657,799.9977,0.1953125,-0.403540134
2.50349,2502,799.998657,799.997131,0.305175781,-0.414446652
2.50473,2503,799.998657,799.996765,0.378417969,-0.42535314
2.50663,2504,799.998657,799.9964,0.451660156,-0.42535314
2.50667,2505,799.998657,799.996033,0.524902344,-0.42535314
2.50782,2506,799.998657,799.9957,0.5859375,-0.403540134
2.50963,2507,799.998657,799.9957,0.5859375,-0.332647949
2.50966,2508,799.998657,799.9959,0.5493164,-0.218129814
2.51152,2509,799.998657,799.996033,0.524902344,-0.09270517
2.51155,2510,799.998657,799.9965,0.4272461,0.07634544
2.51272,2511,799.998657,799.997559,0.219726563,0.338101238
2.51456,2512,799.998657,799.9981,0.109863281,0.452619374
2.51458,2513,799.998657,799.998657,0,0.5235115
2.51580,2514,799.998657,799.999268,-0.122070313,0.556231
2.51762,2515,799.998657,799.9997,-0.207519531,0.534418046
2.51764,2516,799.998657,800.000061,-0.280761719,0.5126051
2.51954,2517,799.998657,800.0005,-0.366210938,0.463525862
2.51958,2518,799.998657,800.0008,-0.4272461,0.408993423
2.52074,2519,799.998657,800.001038,-0.476074219,0.37627393
2.52257,2520,799.998657,800.00116,-0.5004883,0.305381745
2.52260,2521,799.998657,800.00116,-0.5004883,0.223583058
2.52380,2522,799.998657,800.0011,-0.48828125,0.136331126
2.52566,2523,799.998657,800.0008,-0.4272461,0.021812981
2.52568,2524,799.998657,800.0007,-0.402832031,-0.0599856973
2.52748,2525,799.998657,800.0005,-0.366210938,-0.141784385
2.52750,2526,799.998657,800.0001,-0.29296875,-0.196316838
2.52871,2527,799.998657,799.9999,-0.244140625,-0.256302536
2.53058,2528,799.998657,799.9995,-0.170898438,-0.289022
2.53060,2529,799.998657,799.999146,-0.09765625,-0.310834974
2.53180,2530,799.998657,799.998962,-0.0610351563,-0.3217415
2.53367,2531,799.998657,799.998535,0.0244140625,-0.3217415
2.53369,2532,799.998657,799.9981,0.109863281,-0.332647949
2.53548,2533,799.998657,799.9978,0.170898438,-0.343554467
2.53549,2534,799.998657,799.997437,0.244140625,-0.343554467
2.53674,2535,799.998657,799.997131,0.305175781,-0.354460955
2.53859,2536,799.998657,799.9968,0.366210938,-0.343554467
2.53861,2537,799.998657,799.9965,0.4272461,-0.332647949
2.53983,2538,799.998657,799.9964,0.451660156,-0.332647949
2.54169,2539,799.998657,799.9962,0.48828125,-0.289022
2.54171,2540,799.998657,799.9963,0.476074219,-0.207223326
2.54350,2541,799.998657,799.99646,0.439453125,-0.114518143
2.54353,2542,799.998657,799.9967,0.390625,0.0109064905
2.54471,2543,799.998657,799.997,0.329589844,0.125424653
2.54656,2544,799.998657,799.997437,0.244140625,0.21267657
2.54657,2545,799.998657,799.9978,0.170898438,0.294475257
2.54780,2546,799.998657,799.9982,0.08544922,0.327194721
2.54965,2547,799.998657,799.9986,0.0122070313,0.359914184
2.54968,2548,799.998657,799.998962,-0.0610351563,0.359914184
2.55146,2549,799.998657,799.999268,-0.122070313,0.359914184
2.55148,2550,799.998657,799.9996,-0.183105469,0.3490077
2.55288,2551,799.998657,799.9999,-0.244140625,0.327194721
2.55456,2552,799.998657,800.0001,-0.29296875,0.305381745
2.55458,2553,799.998657,800.000366,-0.341796875,0.28356877
2.55581,2554,799.998657,800.0005,-0.366210938,0.261755764
2.55766,2555,799.998657,800.0007,-0.402832031,0.223583058
2.55769,2556,799.998657,800.0007,-0.402832031,0.1908636
2.55949,2557,799.998657,800.0007,-0.402832031,0.136331126
2.55952,2558,799.998657,800.0007,-0.402832031,0.06543894
2.56071,2559,799.998657,800.0005,-0.366210938,0
2.56257,2560,799.998657,800.000244,-0.3173828,-0.07089219
2.56259,2561,799.998657,800.000061,-0.280761719,-0.114518143
2.56381,2562,799.998657,799.9998,-0.2319336,-0.174503848
2.56569,2563,799.998657,799.9996,-0.183105469,-0.218129814
2.56574,2564,799.998657,799.999268,-0.122070313,-0.239942789
2.56748,2565,799.998657,799.998962,-0.0610351563,-0.267209023
2.56751,2566,799.998657,799.9988,-0.0244140625,-0.2781155
2.56871,2567,799.998657,799.998352,0.0610351563,-0.289022
2.57058,2568,799.998657,799.9981,0.109863281,-0.2999285
2.57061,2569,799.998657,799.9978,0.170898438,-0.310834974
2.57181,2570,799.998657,799.997437,0.244140625,-0.3217415
2.57365,2571,799.998657,799.997131,0.305175781,-0.343554467
2.57368,2572,799.998657,799.9968,0.366210938,-0.332647949
2.57552,2573,799.998657,799.9965,0.4272461,-0.332647949
2.57556,2574,799.998657,799.9962,0.48828125,-0.3217415
2.57672,2575,799.998657,799.996033,0.524902344,-0.310834974
2.57858,2576,799.998657,799.9959,0.5493164,-0.267209023
2.57860,2577,799.998657,799.996033,0.524902344,-0.207223326
2.57982,2578,799.998657,799.9962,0.48828125,-0.103611663
2.58165,2579,799.998657,799.9965,0.4272461,0.03271947
2.58167,2580,799.998657,799.997,0.329589844,0.158144116
2.58351,2581,799.998657,799.997437,0.244140625,0.28356877
2.58354,2582,799.998657,799.998,0.134277344,0.37627393
2.58475,2583,799.998657,799.998352,0.0610351563,0.430806369
2.58656,2584,799.998657,799.998962,-0.0610351563,0.452619374
2.58659,2585,799.998657,799.9993,-0.134277344,0.463525862
2.58783,2586,799.998657,799.9997,-0.207519531,0.452619374
2.58966,2587,799.998657,800.000061,-0.280761719,0.430806369
2.58969,2588,799.998657,800.0005,-0.366210938,0.408993423
2.59151,2589,799.998657,800.0008,-0.4272461,0.37627393
2.59155,2590,799.998657,800.001038,-0.476074219,0.3490077
2.59272,2591,799.998657,800.00116,-0.5004883,0.28356877
2.59457,2592,799.998657,800.00116,-0.5004883,0.23448956
2.59459,2593,799.998657,800.00116,-0.5004883,0.158144116
2.59580,2594,799.998657,800.001038,-0.476074219,0.06543894
2.59767,2595,799.998657,800.0008,-0.4272461,-0.0163597353
2.59771,2596,799.998657,800.0005,-0.366210938,-0.114518143
2.59952,2597,799.998657,800.0002,-0.305175781,-0.185410336
2.59956,2598,799.998657,799.9998,-0.2319336,-0.267209023
2.60072,2599,799.998657,799.9994,-0.146484375,-0.310834974
2.60267,2600,799.998657,799.9991,-0.08544922,-0.354460955
2.60271,2601,799.998657,799.9986,0.0122070313,-0.3817272
2.60388,2602,799.998657,799.9981,0.109863281,-0.403540134
2.60567,2603,799.998657,799.997742,0.183105469,-0.42535314
2.60571,2604,799.998657,799.9973,0.2685547,-0.436259627
2.60749,2605,799.998657,799.996765,0.378417969,-0.458072573
2.60751,2606,799.998657,799.9964,0.451660156,-0.458072573
2.60874,2607,799.998657,799.996,0.5371094,-0.458072573
2.61057,2608,799.998657,799.9956,0.610351563,-0.447166115
2.61060,2609,799.998657,799.9956,0.610351563,-0.403540134
2.61187,2610,799.998657,799.9956,0.610351563,-0.2999285
2.61366,2611,799.998657,799.9959,0.5493164,-0.174503848
2.61368,2612,799.998657,799.9962,0.48828125,0
2.61550,2613,799.998657,799.9973,0.2685547,0.316288233
2.61552,2614,799.998657,799.998,0.134277344,0.452619374
2.61673,2615,799.998657,799.9986,0.0122070313,0.5453245
2.61857,2616,799.998657,799.999268,-0.122070313,0.578044
2.61860,2617,799.998657,799.9997,-0.207519531,0.599857
2.61982,2618,799.998657,800.0002,-0.305175781,0.567137539
2.62179,2619,799.998657,800.0006,-0.390625,0.534418046
2.62181,2620,799.998657,800.001038,-0.476074219,0.474432319
2.62348,2621,799.998657,800.00116,-0.5004883,0.419899881
2.62350,2622,799.998657,800.001343,-0.5371094,0.3490077
2.62476,2623,799.998657,800.001343,-0.5371094,0.261755764
2.62660,2624,799.998657,800.00116,-0.5004883,0.158144116
2.62662,2625,799.998657,800.0011,-0.48828125,0.03271947
2.62792,2626,799.998657,800.0008,-0.4272461,-0.0599856973
2.62966,2627,799.998657,800.0005,-0.366210938,-0.141784385
2.62968,2628,799.998657,800.0002,-0.305175781,-0.229036286
2.63148,2629,799.998657,799.9998,-0.2319336,-0.289022
2.63151,2630,799.998657,799.9994,-0.146484375,-0.3217415
2.63272,2631,799.998657,799.9991,-0.08544922,-0.343554467
2.63459,2632,799.998657,799.9988,-0.0244140625,-0.354460955
2.63462,2633,799.998657,799.998352,0.0610351563,-0.354460955
2.63597,2634,799.998657,799.998,0.134277344,-0.3817272
2.63766,2635,799.998657,799.9977,0.1953125,-0.3817272
2.63770,2636,799.998657,799.997253,0.280761719,-0.3817272
2.63948,2637,799.998657,799.9968,0.366210938,-0.392633677
2.63950,2638,799.998657,799.9965,0.4272461,-0.365367442
2.64074,2639,799.998657,799.9962,0.48828125,-0.365367442
2.64259,2640,799.998657,799.996033,0.524902344,-0.332647949
2.64262,2641,799.998657,799.996155,0.5004883,-0.2781155
2.64387,2642,799.998657,799.9963,0.476074219,-0.185410336
2.64568,2643,799.998657,799.9965,0.4272461,-0.0599856973
2.64571,2644,799.998657,799.9968,0.366210938,0.07634544
2.64749,2645,799.998657,799.997253,0.280761719,0.1908636
2.64753,2646,799.998657,799.9977,0.1953125,0.294475257
2.64872,2647,799.998657,799.9981,0.109863281,0.359914184
2.65057,2648,799.998657,799.998535,0.0244140625,0.3980869
2.65059,2649,799.998657,799.998962,-0.0610351563,0.408993423
2.65181,2650,799.998657,799.999268,-0.122070313,0.408993423
2.65370,2651,799.998657,799.999634,-0.1953125,0.3980869
2.65373,2652,799.998657,799.999939,-0.256347656,0.37627393
2.65547,2653,799.998657,800.0002,-0.305175781,0.338101238
2.65550,2654,799.998657,800.0005,-0.366210938,0.316288233
2.65677,2655,799.998657,800.0008,-0.4272461,0.28356877
2.65859,2656,799.998657,800.0008,-0.4272461,0.261755764
2.65863,2657,799.998657,800.0009,-0.451660156,0.21267657
2.65982,2658,799.998657,800.0008,-0.4272461,0.147237629
2.66174,2659,799.998657,800.0008,-0.4272461,0.06543894
2.66177,2660,799.998657,800.0006,-0.390625,-0.0163597353
2.66351,2661,799.998657,800.000366,-0.341796875,-0.08179868
2.66354,2662,799.998657,800.000061,-0.280761719,-0.152690873
2.66472,2663,799.998657,799.9998,-0.2319336,-0.207223326
2.66659,2664,799.998657,799.9996,-0.183105469,-0.256302536
2.66662,2665,799.998657,799.999146,-0.09765625,-0.289022
2.66782,2666,799.998657,799.99884,-0.0366210938,-0.310834974
2.66967,2667,799.998657,799.9984,0.048828125,-0.3217415
2.66972,2668,799.998657,799.9981,0.109863281,-0.343554467
2.67156,2669,799.998657,799.9978,0.170898438,-0.343554467
2.67159,2670,799.998657,799.997437,0.244140625,-0.354460955
2.67275,2671,799.998657,799.997131,0.305175781,-0.365367442
2.67458,2672,799.998657,799.996765,0.378417969,-0.365367442
2.67460,2673,799.998657,799.99646,0.439453125,-0.365367442
2.67585,2674,799.998657,799.996155,0.5004883,-0.343554467
2.67769,2675,799.998657,799.996,0.5371094,-0.332647949
2.67772,2676,799.998657,799.9959,0.5493164,-0.2781155
2.67950,2677,799.998657,799.9959,0.5493164,-0.218129814
2.67951,2678,799.998657,799.996033,0.524902344,-0.130877882
2.68072,2679,799.998657,799.9964,0.451660156,0
2.68261,2680,799.998657,799.9967,0.390625,0.09815842
2.68265,2681,799.998657,799.997131,0.305175781,0.21267657
2.68382,2682,799.998657,799.9977,0.1953125,0.316288233
2.68566,2683,799.998657,799.9981,0.109863281,0.387180418
2.68569,2684,799.998657,799.9986,0.0122070313,0.4417129
2.68748,2685,799.998657,799.9991,-0.08544922,0.463525862
2.68750,2686,799.998657,799.9996,-0.183105469,0.474432319
2.68880,2687,799.998657,799.9999,-0.244140625,0.463525862
2.69061,2688,799.998657,800.000244,-0.3173828,0.4417129
2.69066,2689,799.998657,800.0007,-0.402832031,0.408993423
2.69181,2690,799.998657,800.001038,-0.476074219,0.37627393
2.69365,2691,799.998657,800.00116,-0.5004883,0.338101238
2.69367,2692,799.998657,800.00116,-0.5004883,0.28356877
2.69551,2693,799.998657,800.00116,-0.5004883,0.21267657
2.69555,2694,799.998657,800.00116,-0.5004883,0.125424653
2.69672,2695,799.998657,800.001038,-0.476074219,0.021812981
2.69859,2696,799.998657,800.0007,-0.402832031,-0.0599856973
2.69862,2697,799.998657,800.000366,-0.341796875,-0.141784385
2.69981,2698,799.998657,800.000061,-0.280761719,-0.218129814
2.70165,2699,799.998657,799.999634,-0.1953125,-0.2999285
2.70167,2700,799.998657,799.999268,-0.122070313,-0.343554467
2.70347,2701,799.998657,799.99884,-0.0366210938,-0.3817272
2.70349,2702,799.998657,799.998352,0.0610351563,-0.403540134
2.70474,2703,799.998657,799.998,0.134277344,-0.42535314
2.70659,2704,799.998657,799.997437,0.244140625,-0.447166115
2.70663,2705,799.998657,799.997,0.329589844,-0.46897912
2.70781,2706,799.998657,799.9965,0.4272461,-0.479885578
2.70965,2707,799.998657,799.996033,0.524902344,-0.46897912
2.70968,2708,799.998657,799.9957,0.5859375,-0.46897912
2.71152,2709,799.998657,799.9955,0.6347656,-0.436259627
2.71156,2710,799.998657,799.9956,0.610351563,-0.239942789
2.71272,2711,799.998657,799.996,0.5371094,-0.08179868
2.71457,2712,799.998657,799.99646,0.439453125,0.087251924
2.71459,2713,799.998657,799.997,0.329589844,0.261755764
2.71580,2714,799.998657,799.9977,0.1953125,0.387180418
2.71766,2715,799.998657,799.9981,0.109863281,0.474432319
2.71768,2716,799.998657,799.9986,0.0122070313,0.5235115
2.71948,2717,799.998657,799.9991,-0.08544922,0.5126051
2.71950,2718,799.998657,799.9995,-0.170898438,0.5016986
2.72075,2719,799.998657,799.9999,-0.244140625,0.463525862
2.72259,2720,799.998657,800.0002,-0.305175781,0.419899881
2.72261,2721,799.998657,800.0005,-0.366210938,0.387180418
2.72382,2722,799.998657,800.0007,-0.402832031,0.3490077
2.72572,2723,799.998657,800.0008,-0.4272461,0.305381745
2.72575,2724,799.998657,800.0008,-0.4272461,0.23448956
2.72751,2725,799.998657,800.0008,-0.4272461,0.169050619
2.72757,2726,799.998657,800.0008,-0.4272461,0.087251924
2.72873,2727,799.998657,800.0006,-0.390625,0
2.73060,2728,799.998657,800.0005,-0.366210938,-0.07089219
2.73063,2729,799.998657,800.0002,-0.305175781,-0.130877882
2.73180,2730,799.998657,799.9999,-0.244140625,-0.196316838
2.73366,2731,799.998657,799.9996,-0.183105469,-0.229036286
2.73369,2732,799.998657,799.9993,-0.134277344,-0.267209023
2.73550,2733,799.998657,799.998962,-0.0610351563,-0.289022
2.73552,2734,799.998657,799.9988,-0.0244140625,-0.2999285
2.73673,2735,799.998657,799.9983,0.07324219,-0.2999285
2.73856,2736,799.998657,799.998047,0.122070313,-0.3217415
2.73858,2737,799.998657,799.997742,0.183105469,-0.332647949
2.73982,2738,799.998657,799.9973,0.2685547,-0.332647949
2.74169,2739,799.998657,799.997,0.329589844,-0.343554467
2.74172,2740,799.998657,799.996765,0.378417969,-0.332647949
2.74347,2741,799.998657,799.9965,0.4272461,-0.332647949
2.74350,2742,799.998657,799.9963,0.476074219,-0.3217415
2.74472,2743,799.998657,799.9963,0.476074219,-0.267209023
2.74658,2744,799.998657,799.9964,0.451660156,-0.185410336
2.74662,2745,799.998657,799.9966,0.415039063,-0.09270517
2.74780,2746,799.998657,799.9968,0.366210938,0.03271947
2.74965,2747,799.998657,799.997253,0.280761719,0.147237629
2.74969,2748,799.998657,799.9977,0.1953125,0.23448956
2.75151,2749,799.998657,799.998047,0.122070313,0.305381745
2.75154,2750,799.998657,799.9984,0.048828125,0.3490077
2.75281,2751,799.998657,799.9988,-0.0244140625,0.37627393
2.75457,2752,799.998657,799.999146,-0.09765625,0.387180418
2.75459,2753,799.998657,799.9996,-0.183105469,0.37627393
2.75590,2754,799.998657,799.9998,-0.2319336,0.359914184
2.75769,2755,799.998657,800.0001,-0.29296875,0.338101238
2.75773,2756,799.998657,800.000366,-0.341796875,0.305381745
2.75947,2757,799.998657,800.0006,-0.390625,0.261755764
2.75948,2758,799.998657,800.0008,-0.4272461,0.261755764
2.76078,2759,799.998657,800.0008,-0.4272461,0.223583058
2.76257,2760,799.998657,800.0008,-0.4272461,0.09815842
2.76261,2761,799.998657,800.0008,-0.4272461,0.03271947
2.76383,2762,799.998657,800.0006,-0.390625,-0.04907921
2.76569,2763,799.998657,800.000366,-0.341796875,-0.103611663
2.76573,2764,799.998657,800.0002,-0.305175781,-0.152690873
2.76748,2765,799.998657,799.999939,-0.256347656,-0.207223326
2.76750,2766,799.998657,799.9997,-0.207519531,-0.229036286
2.76875,2767,799.998657,799.9995,-0.170898438,-0.239942789
2.77062,2768,799.998657,799.999268,-0.122070313,-0.239942789
2.77065,2769,799.998657,799.998962,-0.0610351563,-0.267209023
2.77185,2770,799.998657,799.998657,0,-0.267209023
2.77365,2771,799.998657,799.998352,0.0610351563,-0.2781155
2.77367,2772,799.998657,799.998047,0.122070313,-0.2999285
2.77547,2773,799.998657,799.9978,0.170898438,-0.2999285
2.77549,2774,799.998657,799.997437,0.244140625,-0.310834974
2.77673,2775,799.998657,799.997,0.329589844,-0.332647949
2.77859,2776,799.998657,799.9967,0.390625,-0.332647949
2.77863,2777,799.998657,799.9963,0.476074219,-0.354460955
2.77981,2778,799.998657,799.9959,0.5493164,-0.354460955
2.78166,2779,799.998657,799.9956,0.610351563,-0.354460955
2.78168,2780,799.998657,799.9956,0.610351563,-0.354460955
2.78349,2781,799.998657,799.9956,0.610351563,-0.174503848
2.78352,2782,799.998657,799.9959,0.5493164,-0.0272662267
2.78473,2783,799.998657,799.9963,0.476074219,0.158144116
2.78657,2784,799.998657,799.9968,0.366210938,0.305381745
2.78661,2785,799.998657,799.9973,0.2685547,0.430806369
2.78782,2786,799.998657,799.997864,0.1586914,0.5016986
2.78969,2787,799.998657,799.998352,0.0610351563,0.5126051
2.78971,2788,799.998657,799.998962,-0.0610351563,0.5235115
2.79146,2789,799.998657,799.9994,-0.146484375,0.485338867
2.79148,2790,799.998657,799.9997,-0.207519531,0.452619374
2.79273,2791,799.998657,800.0001,-0.29296875,0.430806369
2.79456,2792,799.998657,800.0005,-0.366210938,0.37627393
2.79459,2793,799.998657,800.0008,-0.4272461,0.3490077
2.79581,2794,799.998657,800.0009,-0.451660156,0.294475257
2.79768,2795,799.998657,800.0011,-0.48828125,0.223583058
2.79772,2796,799.998657,800.0011,-0.48828125,0.147237629
2.79947,2797,799.998657,800.0011,-0.48828125,0.06543894
2.79948,2798,799.998657,800.001038,-0.476074219,0.0109064905
2.80073,2799,799.998657,800.0008,-0.4272461,-0.09270517
2.80270,2800,799.998657,800.0005,-0.366210938,-0.152690873
2.80272,2801,799.998657,800.0002,-0.305175781,-0.218129814
2.80382,2802,799.998657,799.9999,-0.244140625,-0.2781155
2.80566,2803,799.998657,799.9996,-0.183105469,-0.2999285
2.80570,2804,799.998657,799.999268,-0.122070313,-0.3217415
2.80747,2805,799.998657,799.998962,-0.0610351563,-0.332647949
2.80750,2806,799.998657,799.998535,0.0244140625,-0.343554467
2.80872,2807,799.998657,799.9981,0.109863281,-0.365367442
2.81057,2808,799.998657,799.9978,0.170898438,-0.3817272
2.81061,2809,799.998657,799.997437,0.244140625,-0.3817272
2.81181,2810,799.998657,799.997,0.329589844,-0.392633677
2.81366,2811,799.998657,799.9967,0.390625,-0.392633677
2.81368,2812,799.998657,799.9963,0.476074219,-0.3817272
2.81549,2813,799.998657,799.996,0.5371094,-0.365367442
2.81552,2814,799.998657,799.9959,0.5493164,-0.289022
2.81673,2815,799.998657,799.996155,0.5004883,-0.0599856973
2.81854,2816,799.998657,799.9964,0.451660156,0.087251924
2.81857,2817,799.998657,799.996765,0.378417969,0.201770067
2.81983,2818,799.998657,799.997131,0.305175781,0.305381745
2.82167,2819,799.998657,799.9977,0.1953125,0.359914184
2.82170,2820,799.998657,799.998,0.134277344,0.37627393
2.82346,2821,799.998657,799.9983,0.07324219,0.359914184
2.82347,2822,799.998657,799.9986,0.0122070313,0.338101238
2.82471,2823,799.998657,799.998962,-0.0610351563,0.316288233
2.82658,2824,799.998657,799.9991,-0.08544922,0.294475257
2.82661,2825,799.998657,799.9994,-0.146484375,0.272662252
2.82783,2826,799.998657,799.9996,-0.183105469,0.2508493
2.82966,2827,799.998657,799.9999,-0.244140625,0.223583058
2.82968,2828,799.998657,800.000061,-0.280761719,0.223583058
2.83147,2829,799.998657,800.0002,-0.305175781,0.201770067
2.83149,2830,799.998657,800.000366,-0.341796875,0.179957092
2.83273,2831,799.998657,800.000366,-0.341796875,0.136331126
2.83454,2832,799.998657,800.0005,-0.366210938,0.087251924
2.83456,2833,799.998657,800.0005,-0.366210938,0.0545324534
2.83591,2834,799.998657,800.000366,-0.341796875,0
2.83771,2835,799.998657,800.0002,-0.305175781,-0.03817272
2.83774,2836,799.998657,800.0001,-0.29296875,-0.08179868
2.83947,2837,799.998657,799.999939,-0.256347656,-0.130877882
2.83951,2838,799.998657,799.9998,-0.2319336,-0.141784385
2.84072,2839,799.998657,799.9996,-0.183105469,-0.174503848
2.84254,2840,799.998657,799.9994,-0.146484375,-0.196316838
2.84255,2841,799.998657,799.999268,-0.122070313,-0.196316838
2.84381,2842,799.998657,799.998962,-0.0610351563,-0.218129814
2.84569,2843,799.998657,799.9988,-0.0244140625,-0.207223326
2.84572,2844,799.998657,799.998535,0.0244140625,-0.229036286
2.84747,2845,799.998657,799.9983,0.07324219,-0.239942789
2.84749,2846,799.998657,799.998047,0.122070313,-0.229036286
2.84872,2847,799.998657,799.9978,0.170898438,-0.256302536
2.85055,2848,799.998657,799.9977,0.1953125,-0.229036286
2.85057,2849,799.998657,799.997437,0.244140625,-0.229036286
2.85184,2850,799.998657,799.997131,0.305175781,-0.229036286
2.85366,2851,799.998657,799.997,0.329589844,-0.218129814
2.85369,2852,799.998657,799.9968,0.366210938,-0.207223326
2.85557,2853,799.998657,799.9968,0.366210938,-0.16359736
2.85563,2854,799.998657,799.9968,0.366210938,-0.09270517
2.85672,2855,799.998657,799.9969,0.3540039,-0.0272662267
2.85857,2856,799.998657,799.997131,0.305175781,0.0545324534
2.85859,2857,799.998657,799.9973,0.2685547,0.109064907
2.85984,2858,799.998657,799.997559,0.219726563,0.158144116
2.86168,2859,799.998657,799.9978,0.170898438,0.1908636
2.86172,2860,799.998657,799.998,0.134277344,0.223583058
2.86346,2861,799.998657,799.9982,0.08544922,0.21267657
2.86348,2862,799.998657,799.9984,0.048828125,0.21267657
2.86476,2863,799.998657,799.9986,0.0122070313,0.201770067
2.86654,2864,799.998657,799.99884,-0.0366210938,0.201770067
2.86656,2865,799.998657,799.9991,-0.08544922,0.201770067
2.86782,2866,799.998657,799.999268,-0.122070313,0.1908636
2.86967,2867,799.998657,799.9994,-0.146484375,0.1908636
2.86971,2868,799.998657,799.9996,-0.183105469,0.169050619
2.87147,2869,799.998657,799.9997,-0.207519531,0.169050619
2.87150,2870,799.998657,799.9999,-0.244140625,0.169050619
2.87275,2871,799.998657,800.000061,-0.280761719,0.169050619
2.87454,2872,799.998657,800.0002,-0.305175781,0.147237629
2.87456,2873,799.998657,800.000244,-0.3173828,0.136331126
2.87581,2874,799.998657,800.000366,-0.341796875,0.09815842
2.87765,2875,799.998657,800.000366,-0.341796875,0.06543894
2.87766,2876,799.998657,800.000366,-0.341796875,0.03271947
2.87949,2877,799.998657,800.000244,-0.3173828,0
2.87952,2878,799.998657,800.0002,-0.305175781,-0.03817272
2.88077,2879,799.998657,800.000061,-0.280761719,-0.07089219
2.88255,2880,799.998657,799.9999,-0.244140625,-0.103611663
2.88257,2881,799.998657,799.9997,-0.207519531,-0.141784385
2.88384,2882,799.998657,799.9996,-0.183105469,-0.16359736
2.88564,2883,799.998657,799.9994,-0.146484375,-0.174503848
2.88565,2884,799.998657,799.999268,-0.122070313,-0.185410336
2.88747,2885,799.998657,799.9991,-0.08544922,-0.185410336
2.88750,2886,799.998657,799.99884,-0.0366210938,-0.196316838
2.88873,2887,799.998657,799.998657,0,-0.196316838
2.89054,2888,799.998657,799.9984,0.048828125,-0.218129814
2.89056,2889,799.998657,799.9982,0.08544922,-0.218129814
2.89183,2890,799.998657,799.998,0.134277344,-0.229036286
2.89368,2891,799.998657,799.997742,0.183105469,-0.239942789
2.89371,2892,799.998657,799.997437,0.244140625,-0.229036286
2.89547,2893,799.998657,799.9973,0.2685547,-0.229036286
2.89549,2894,799.998657,799.997131,0.305175781,-0.218129814
2.89673,2895,799.998657,799.9968,0.366210938,-0.218129814
2.89857,2896,799.998657,799.9968,0.366210938,-0.196316838
2.89859,2897,799.998657,799.996765,0.378417969,-0.152690873
2.89984,2898,799.998657,799.9968,0.366210938,-0.08179868
2.90163,2899,799.998657,799.9969,0.3540039,0
2.90164,2900,799.998657,799.997131,0.305175781,0.06543894
2.90348,2901,799.998657,799.9973,0.2685547,0.136331126
2.90350,2902,799.998657,799.9977,0.1953125,0.1908636
2.90474,2903,799.998657,799.997864,0.1586914,0.223583058
2.90657,2904,799.998657,799.9981,0.109863281,0.2508493
2.90661,2905,799.998657,799.9984,0.048828125,0.261755764
2.90784,2906,799.998657,799.998657,0,0.261755764
2.90967,2907,799.998657,799.998962,-0.0610351563,0.272662252
2.90971,2908,799.998657,799.999268,-0.122070313,0.272662252
2.91148,2909,799.998657,799.9995,-0.170898438,0.261755764
2.91152,2910,799.998657,799.9997,-0.207519531,0.261755764
2.91273,2911,799.998657,799.999939,-0.256347656,0.223583058
2.91455,2912,799.998657,800.0002,-0.305175781,0.223583058
2.91458,2913,799.998657,800.0005,-0.366210938,0.1908636
2.91583,2914,799.998657,800.0007,-0.402832031,0.169050619
2.91765,2915,799.998657,800.0007,-0.402832031,0.125424653
2.91768,2916,799.998657,800.0007,-0.402832031,0.06543894
2.91948,2917,799.998657,800.0006,-0.390625,0.021812981
2.91952,2918,799.998657,800.0005,-0.366210938,-0.04907921
2.92075,2919,799.998657,800.000244,-0.3173828,-0.103611663
2.92257,2920,799.998657,800.0001,-0.29296875,-0.130877882
2.92258,2921,799.998657,799.9999,-0.244140625,-0.174503848
2.92386,2922,799.998657,799.9997,-0.207519531,-0.196316838
2.92563,2923,799.998657,799.9995,-0.170898438,-0.207223326
2.92565,2924,799.998657,799.999268,-0.122070313,-0.229036286
2.92746,2925,799.998657,799.998962,-0.0610351563,-0.229036286
2.92747,2926,799.998657,799.9988,-0.0244140625,-0.229036286
2.92872,2927,799.998657,799.9984,0.048828125,-0.256302536
2.93054,2928,799.998657,799.9983,0.07324219,-0.256302536
2.93056,2929,799.998657,799.998,0.134277344,-0.267209023
2.93183,2930,799.998657,799.9978,0.170898438,-0.267209023
2.93364,2931,799.998657,799.997437,0.244140625,-0.256302536
2.93366,2932,799.998657,799.9973,0.2685547,-0.256302536
2.93545,2933,799.998657,799.997131,0.305175781,-0.239942789
2.93547,2934,799.998657,799.9968,0.366210938,-0.229036286
2.93673,2935,799.998657,799.9968,0.366210938,-0.185410336
2.93860,2936,799.998657,799.9968,0.366210938,-0.141784385
2.93862,2937,799.998657,799.9968,0.366210938,-0.08179868
2.93989,2938,799.998657,799.997,0.329589844,0.021812981
2.94164,2939,799.998657,799.997131,0.305175781,0.07634544
2.94166,2940,799.998657,799.997437,0.244140625,0.147237629
2.94346,2941,799.998657,799.9977,0.1953125,0.1908636
2.94348,2942,799.998657,799.9978,0.170898438,0.201770067
2.94472,2943,799.998657,799.998047,0.122070313,0.21267657
2.94654,2944,799.998657,799.9983,0.07324219,0.201770067
2.94656,2945,799.998657,799.9984,0.048828125,0.201770067
2.94784,2946,799.998657,799.9986,0.0122070313,0.1908636
2.94964,2947,799.998657,799.998962,-0.0610351563,0.201770067
2.94966,2948,799.998657,799.9991,-0.08544922,0.1908636
2.95147,2949,799.998657,799.999268,-0.122070313,0.179957092
2.95149,2950,799.998657,799.9994,-0.146484375,0.179957092
2.95290,2951,799.998657,799.9996,-0.183105469,0.169050619
2.95459,2952,799.998657,799.9997,-0.207519531,0.158144116
2.95462,2953,799.998657,799.9999,-0.244140625,0.158144116
2.95583,2954,799.998657,800.000061,-0.280761719,0.158144116
2.95764,2955,799.998657,800.0002,-0.305175781,0.147237629
2.95765,2956,799.998657,800.0002,-0.305175781,0.109064907
2.95949,2957,799.998657,800.0002,-0.305175781,0.087251924
2.95952,2958,799.998657,800.0002,-0.305175781,0.043625962
2.96072,2959,799.998657,800.0002,-0.305175781,0
2.96255,2960,799.998657,800.000061,-0.280761719,-0.03817272
2.96256,2961,799.998657,799.999939,-0.256347656,-0.07089219
2.96381,2962,799.998657,799.9999,-0.244140625,-0.103611663
2.96563,2963,799.998657,799.9997,-0.207519531,-0.114518143
2.96565,2964,799.998657,799.9996,-0.183105469,-0.141784385
2.96747,2965,799.998657,799.9994,-0.146484375,-0.16359736
2.96749,2966,799.998657,799.999268,-0.122070313,-0.16359736
2.96875,2967,799.998657,799.9991,-0.08544922,-0.174503848
2.97058,2968,799.998657,799.99884,-0.0366210938,-0.185410336
2.97060,2969,799.998657,799.998657,0,-0.185410336
2.97182,2970,799.998657,799.9984,0.048828125,-0.207223326
2.97365,2971,799.998657,799.9982,0.08544922,-0.218129814
2.97366,2972,799.998657,799.998,0.134277344,-0.218129814
2.97551,2973,799.998657,799.997742,0.183105469,-0.239942789
2.97553,2974,799.998657,799.997437,0.244140625,-0.229036286
2.97673,2975,799.998657,799.997253,0.280761719,-0.239942789
2.97857,2976,799.998657,799.997,0.329589844,-0.256302536
2.97859,2977,799.998657,799.9968,0.366210938,-0.239942789
2.97981,2978,799.998657,799.9967,0.390625,-0.229036286
2.98163,2979,799.998657,799.9966,0.415039063,-0.174503848
2.98165,2980,799.998657,799.9967,0.390625,-0.103611663
2.98348,2981,799.998657,799.9968,0.366210938,-0.0272662267
2.98351,2982,799.998657,799.997,0.329589844,0.07634544
2.98473,2983,799.998657,799.997253,0.280761719,0.136331126
2.98658,2984,799.998657,799.997437,0.244140625,0.1908636
2.98666,2985,799.998657,799.9978,0.170898438,0.23448956
2.98786,2986,799.998657,799.998047,0.122070313,0.2508493
2.98965,2987,799.998657,799.9983,0.07324219,0.261755764
2.98967,2988,799.998657,799.9986,0.0122070313,0.261755764
2.99150,2989,799.998657,799.998962,-0.0610351563,0.272662252
2.99153,2990,799.998657,799.9991,-0.08544922,0.261755764
2.99273,2991,799.998657,799.9993,-0.134277344,0.2508493
2.99455,2992,799.998657,799.9996,-0.183105469,0.2508493
2.99457,2993,799.998657,799.9998,-0.2319336,0.21267657
2.99581,2994,799.998657,800.000061,-0.280761719,0.223583058
2.99763,2995,799.998657,800.0002,-0.305175781,0.21267657
2.99765,2996,799.998657,800.000366,-0.341796875,0.1908636
2.99949,2997,799.998657,800.0005,-0.366210938,0.169050619
2.99951,2998,799.998657,800.0005,-0.366210938,0.136331126
3.00081,2999,799.998657,800.0005,-0.366210938,0.07634544
3.00277,3000,799.998657,800.0005,-0.366210938,0.03271947
3.00282,3001,799.998657,800.000366,-0.341796875,-0.0272662267
3.00382,3002,799.998657,800.0002,-0.305175781,-0.07089219
3.00564,3003,799.998657,800.0001,-0.29296875,-0.103611663
3.00567,3004,799.998657,799.9999,-0.244140625,-0.152690873
3.00754,3005,799.998657,799.9997,-0.207519531,-0.174503848
3.00757,3006,799.998657,799.9994,-0.146484375,-0.207223326
3.00874,3007,799.998657,799.999268,-0.122070313,-0.229036286
3.01059,3008,799.998657,799.998962,-0.0610351563,-0.239942789
3.01062,3009,799.998657,799.998657,0,-0.267209023
3.01181,3010,799.998657,799.9981,0.109863281,-0.289022
3.01364,3011,799.998657,799.9978,0.170898438,-0.2999285
3.01368,3012,799.998657,799.997437,0.244140625,-0.310834974
3.01546,3013,799.998657,799.997131,0.305175781,-0.310834974
3.01548,3014,799.998657,799.9968,0.366210938,-0.310834974
3.01673,3015,799.998657,799.9967,0.390625,-0.289022
3.01856,3016,799.998657,799.99646,0.439453125,-0.267209023
3.01857,3017,799.998657,799.9964,0.451660156,-0.207223326
3.01982,3018,799.998657,799.9965,0.4272461,-0.130877882
3.02166,3019,799.998657,799.9967,0.390625,-0.0272662267
3.02170,3020,799.998657,799.9968,0.366210938,0.07634544
3.02351,3021,799.998657,799.997131,0.305175781,0.158144116
3.02354,3022,799.998657,799.997437,0.244140625,0.21267657
3.02472,3023,799.998657,799.9977,0.1953125,0.261755764
3.02656,3024,799.998657,799.998,0.134277344,0.272662252
3.02658,3025,799.998657,799.9982,0.08544922,0.261755764
3.02780,3026,799.998657,799.9984,0.048828125,0.2508493
3.02963,3027,799.998657,799.998657,0,0.23448956
3.02965,3028,799.998657,799.998962,-0.0610351563,0.223583058
3.03147,3029,799.998657,799.9991,-0.08544922,0.21267657
3.03149,3030,799.998657,799.999268,-0.122070313,0.201770067
3.03273,3031,799.998657,799.9995,-0.170898438,0.1908636
3.03456,3032,799.998657,799.999634,-0.1953125,0.179957092
3.03458,3033,799.998657,799.9999,-0.244140625,0.179957092
3.03591,3034,799.998657,800.000061,-0.280761719,0.179957092
3.03770,3035,799.998657,800.0001,-0.29296875,0.158144116
3.03772,3036,799.998657,800.0002,-0.305175781,0.136331126
3.03952,3037,799.998657,800.000244,-0.3173828,0.109064907
3.03953,3038,799.998657,800.000366,-0.341796875,0.06543894
3.04075,3039,799.998657,800.0002,-0.305175781,0.03271947
3.04260,3040,799.998657,800.0002,-0.305175781,-0.0163597353
3.04263,3041,799.998657,800.000061,-0.280761719,-0.04907921
3.04381,3042,799.998657,799.9999,-0.244140625,-0.09270517
3.04565,3043,799.998657,799.9998,-0.2319336,-0.114518143
3.04567,3044,799.998657,799.9996,-0.183105469,-0.141784385
3.04750,3045,799.998657,799.9994,-0.146484375,-0.16359736
3.04754,3046,799.998657,799.999268,-0.122070313,-0.174503848
3.04874,3047,799.998657,799.9991,-0.08544922,-0.185410336
3.05057,3048,799.998657,799.998962,-0.0610351563,-0.196316838
3.05061,3049,799.998657,799.998657,0,-0.196316838
3.05183,3050,799.998657,799.9984,0.048828125,-0.218129814
3.05366,3051,799.998657,799.9983,0.07324219,-0.229036286
3.05370,3052,799.998657,799.998,0.134277344,-0.218129814
3.05553,3053,799.998657,799.9978,0.170898438,-0.229036286
3.05558,3054,799.998657,799.9977,0.1953125,-0.218129814
3.05673,3055,799.998657,799.997437,0.244140625,-0.207223326
3.05854,3056,799.998657,799.997131,0.305175781,-0.207223326
3.05856,3057,799.998657,799.997,0.329589844,-0.196316838
3.05981,3058,799.998657,799.9968,0.366210938,-0.185410336
3.06164,3059,799.998657,799.9968,0.366210938,-0.152690873
3.06165,3060,799.998657,799.9969,0.3540039,-0.103611663
3.06351,3061,799.998657,799.997,0.329589844,-0.03817272
3.06353,3062,799.998657,799.997253,0.280761719,0.043625962
3.06474,3063,799.998657,799.997437,0.244140625,0.109064907
3.06659,3064,799.998657,799.9977,0.1953125,0.169050619
3.06663,3065,799.998657,799.998,0.134277344,0.201770067
3.06782,3066,799.998657,799.9981,0.109863281,0.21267657
3.06968,3067,799.998657,799.998352,0.0610351563,0.223583058
3.06972,3068,799.998657,799.9986,0.0122070313,0.223583058
3.07148,3069,799.998657,799.9988,-0.0244140625,0.223583058
3.07151,3070,799.998657,799.998962,-0.0610351563,0.223583058
3.07274,3071,799.998657,799.999268,-0.122070313,0.21267657
3.07458,3072,799.998657,799.9994,-0.146484375,0.21267657
3.07462,3073,799.998657,799.999634,-0.1953125,0.201770067
3.07581,3074,799.998657,799.9999,-0.244140625,0.201770067
3.07767,3075,799.998657,800.000061,-0.280761719,0.201770067
3.07770,3076,799.998657,800.0002,-0.305175781,0.1908636
3.07949,3077,799.998657,800.0005,-0.366210938,0.1908636
3.07953,3078,799.998657,800.0005,-0.366210938,0.179957092
3.08074,3079,799.998657,800.0006,-0.390625,0.136331126
3.08257,3080,799.998657,800.0007,-0.402832031,0.09815842
3.08260,3081,799.998657,800.0006,-0.390625,0.03271947
3.08380,3082,799.998657,800.0005,-0.366210938,-0.0272662267
3.08566,3083,799.998657,800.000366,-0.341796875,-0.07089219
3.08625,3084,799.998657,800.0002,-0.305175781,-0.114518143
3.08749,3085,799.998657,799.9999,-0.244140625,-0.152690873
3.08751,3086,799.998657,799.9997,-0.207519531,-0.196316838
3.08872,3087,799.998657,799.9995,-0.170898438,-0.218129814
3.09057,3088,799.998657,799.999268,-0.122070313,-0.229036286
3.09060,3089,799.998657,799.998962,-0.0610351563,-0.256302536
3.09180,3090,799.998657,799.9988,-0.0244140625,-0.256302536
3.09366,3091,799.998657,799.998352,0.0610351563,-0.2781155
3.09369,3092,799.998657,799.9981,0.109863281,-0.289022
3.09551,3093,799.998657,799.9978,0.170898438,-0.2999285
3.09555,3094,799.998657,799.997437,0.244140625,-0.2999285
3.09673,3095,799.998657,799.997131,0.305175781,-0.2999285
3.09858,3096,799.998657,799.9968,0.366210938,-0.310834974
3.09860,3097,799.998657,799.9966,0.415039063,-0.2999285
3.09981,3098,799.998657,799.9964,0.451660156,-0.289022
3.10170,3099,799.998657,799.9964,0.451660156,-0.229036286
3.10172,3100,799.998657,799.9964,0.451660156,-0.152690873
3.10349,3101,799.998657,799.9965,0.4272461,-0.07089219
3.10352,3102,799.998657,799.9968,0.366210938,0.0545324534
3.10473,3103,799.998657,799.997131,0.305175781,0.147237629
3.10670,3104,799.998657,799.997437,0.244140625,0.223583058
3.10674,3105,799.998657,799.9978,0.170898438,0.305381745
3.10781,3106,799.998657,799.9982,0.08544922,0.338101238
3.10966,3107,799.998657,799.9986,0.0122070313,0.359914184
3.10970,3108,799.998657,799.998962,-0.0610351563,0.37627393
3.11149,3109,799.998657,799.9993,-0.134277344,0.359914184
3.11151,3110,799.998657,799.999634,-0.1953125,0.3490077
3.11274,3111,799.998657,800.0002,-0.305175781,0.316288233
3.11458,3112,799.998657,800.0005,-0.366210938,0.294475257
3.11462,3113,799.998657,800.0008,-0.4272461,0.28356877
3.11581,3114,799.998657,800.0009,-0.451660156,0.23448956
3.11767,3115,799.998657,800.001038,-0.476074219,0.1908636
3.11770,3116,799.998657,800.001038,-0.476074219,0.136331126
3.11958,3117,799.998657,800.0009,-0.451660156,0.043625962
3.11964,3118,799.998657,800.0008,-0.4272461,-0.0163597353
3.12074,3119,799.998657,800.0005,-0.366210938,-0.08179868
3.12260,3120,799.998657,800.000366,-0.341796875,-0.152690873
3.12265,3121,799.998657,800.000061,-0.280761719,-0.196316838
3.12381,3122,799.998657,799.9999,-0.244140625,-0.229036286
3.12567,3123,799.998657,799.9996,-0.183105469,-0.256302536
3.12570,3124,799.998657,799.9993,-0.134277344,-0.2781155
3.12749,3125,799.998657,799.998962,-0.0610351563,-0.2781155
3.12751,3126,799.998657,799.9988,-0.0244140625,-0.289022
3.12873,3127,799.998657,799.9984,0.048828125,-0.2999285
3.13060,3128,799.998657,799.9981,0.109863281,-0.2999285
3.13065,3129,799.998657,799.9978,0.170898438,-0.310834974
3.13181,3130,799.998657,799.997437,0.244140625,-0.310834974
3.13368,3131,799.998657,799.997253,0.280761719,-0.2999285
3.13372,3132,799.998657,799.997,0.329589844,-0.2999285
3.13549,3133,799.998657,799.9967,0.390625,-0.289022
3.13551,3134,799.998657,799.9966,0.415039063,-0.256302536
3.13674,3135,799.998657,799.9965,0.4272461,-0.196316838
3.13860,3136,799.998657,799.9966,0.415039063,-0.130877882
3.13863,3137,799.998657,799.9967,0.390625,-0.03817272
3.13982,3138,799.998657,799.997,0.329589844,0.06543894
3.14166,3139,799.998657,799.997131,0.305175781,0.136331126
3.14169,3140,799.998657,799.997437,0.244140625,0.21267657
3.14351,3141,799.998657,799.9978,0.170898438,0.2508493
3.14354,3142,799.998657,799.9981,0.109863281,0.272662252
3.14478,3143,799.998657,799.998352,0.0610351563,0.272662252
3.14661,3144,799.998657,799.9986,0.0122070313,0.272662252
3.14668,3145,799.998657,799.998962,-0.0610351563,0.272662252
3.14784,3146,799.998657,799.9991,-0.08544922,0.261755764
3.14970,3147,799.998657,799.9994,-0.146484375,0.2508493
3.14974,3148,799.998657,799.9996,-0.183105469,0.223583058
3.15149,3149,799.998657,799.9998,-0.2319336,0.21267657
3.15151,3150,799.998657,800.000061,-0.280761719,0.21267657
3.15286,3151,799.998657,800.0002,-0.305175781,0.201770067
3.15459,3152,799.998657,800.000366,-0.341796875,0.1908636
3.15461,3153,799.998657,800.000366,-0.341796875,0.158144116
3.15583,3154,799.998657,800.0005,-0.366210938,0.109064907
3.15770,3155,799.998657,800.0005,-0.366210938,0.06543894
3.15775,3156,799.998657,800.000366,-0.341796875,0.021812981
3.15952,3157,799.998657,800.000244,-0.3173828,-0.0272662267
3.15954,3158,799.998657,800.0001,-0.29296875,-0.07089219
3.16074,3159,799.998657,800.000061,-0.280761719,-0.103611663
3.16261,3160,799.998657,799.9998,-0.2319336,-0.152690873
3.16265,3161,799.998657,799.9996,-0.183105469,-0.174503848
3.16388,3162,799.998657,799.9994,-0.146484375,-0.185410336
3.16579,3163,799.998657,799.999146,-0.09765625,-0.207223326
3.16581,3164,799.998657,799.998962,-0.0610351563,-0.207223326
3.16752,3165,799.998657,799.9988,-0.0244140625,-0.218129814
3.16754,3166,799.998657,799.9984,0.048828125,-0.239942789
3.16874,3167,799.998657,799.9982,0.08544922,-0.239942789
3.17059,3168,799.998657,799.998,0.134277344,-0.267209023
3.17061,3169,799.998657,799.997742,0.183105469,-0.267209023
3.17185,3170,799.998657,799.997437,0.244140625,-0.256302536
3.17369,3171,799.998657,799.997131,0.305175781,-0.267209023
3.17372,3172,799.998657,799.9969,0.3540039,-0.267209023
3.17552,3173,799.998657,799.9967,0.390625,-0.2781155
3.17555,3174,799.998657,799.99646,0.439453125,-0.256302536
3.17673,3175,799.998657,799.9962,0.48828125,-0.239942789
3.17857,3176,799.998657,799.9962,0.48828125,-0.207223326
3.17859,3177,799.998657,799.9962,0.48828125,-0.152690873
3.17981,3178,799.998657,799.99646,0.439453125,-0.04907921
3.18169,3179,799.998657,799.9967,0.390625,0.06543894
3.18172,3180,799.998657,799.997,0.329589844,0.169050619
3.18350,3181,799.998657,799.997437,0.244140625,0.272662252
3.18356,3182,799.998657,799.9978,0.170898438,0.316288233
3.18471,3183,799.998657,799.9983,0.07324219,0.359914184
3.18659,3184,799.998657,799.9986,0.0122070313,0.37627393
3.18661,3185,799.998657,799.9991,-0.08544922,0.387180418
3.18786,3186,799.998657,799.9994,-0.146484375,0.387180418
3.18972,3187,799.998657,799.999634,-0.1953125,0.3490077
3.18978,3188,799.998657,799.999939,-0.256347656,0.338101238
3.19150,3189,799.998657,800.0002,-0.305175781,0.305381745
3.19155,3190,799.998657,800.0005,-0.366210938,0.28356877
3.19272,3191,799.998657,800.0007,-0.402832031,0.272662252
3.19457,3192,799.998657,800.0008,-0.4272461,0.23448956
3.19459,3193,799.998657,800.0008,-0.4272461,0.179957092
3.19582,3194,799.998657,800.0008,-0.4272461,0.109064907
3.19766,3195,799.998657,800.0008,-0.4272461,0.043625962
3.19770,3196,799.998657,800.0007,-0.402832031,-0.0272662267
3.19949,3197,799.998657,800.0005,-0.366210938,-0.08179868
3.19952,3198,799.998657,800.0002,-0.305175781,-0.152690873
3.20072,3199,799.998657,799.999939,-0.256347656,-0.207223326
3.20268,3200,799.998657,799.9997,-0.207519531,-0.239942789
3.20273,3201,799.998657,799.9994,-0.146484375,-0.267209023
3.20383,3202,799.998657,799.9991,-0.08544922,-0.289022
3.20570,3203,799.998657,799.9988,-0.0244140625,-0.310834974
3.20573,3204,799.998657,799.9984,0.048828125,-0.332647949
3.20756,3205,799.998657,799.998047,0.122070313,-0.343554467
3.20759,3206,799.998657,799.9977,0.1953125,-0.354460955
3.20873,3207,799.998657,799.9973,0.2685547,-0.365367442
3.21060,3208,799.998657,799.9968,0.366210938,-0.3817272
3.21063,3209,799.998657,799.9962,0.48828125,-0.3817272
3.21182,3210,799.998657,799.996033,0.524902344,-0.354460955
3.21366,3211,799.998657,799.9959,0.5493164,-0.2781155
3.21369,3212,799.998657,799.996033,0.524902344,-0.185410336
3.21547,3213,799.998657,799.9962,0.48828125,-0.0599856973
3.21549,3214,799.998657,799.9965,0.4272461,0.09815842
3.21673,3215,799.998657,799.997,0.329589844,0.201770067
3.21861,3216,799.998657,799.9973,0.2685547,0.305381745
3.21864,3217,799.998657,799.9978,0.170898438,0.359914184
3.21988,3218,799.998657,799.9981,0.109863281,0.37627393
3.22166,3219,799.998657,799.9984,0.048828125,0.387180418
3.22169,3220,799.998657,799.9988,-0.0244140625,0.3490077
3.22349,3221,799.998657,799.9991,-0.08544922,0.338101238
3.22351,3222,799.998657,799.9994,-0.146484375,0.305381745
3.22472,3223,799.998657,799.9996,-0.183105469,0.28356877
3.22659,3224,799.998657,799.9999,-0.244140625,0.272662252
3.22663,3225,799.998657,800.000061,-0.280761719,0.23448956
3.22780,3226,799.998657,800.000244,-0.3173828,0.23448956
3.22967,3227,799.998657,800.000366,-0.341796875,0.1908636
3.22972,3228,799.998657,800.0005,-0.366210938,0.169050619
3.23146,3229,799.998657,800.0005,-0.366210938,0.125424653
3.23148,3230,799.998657,800.0005,-0.366210938,0.06543894
3.23274,3231,799.998657,800.0005,-0.366210938,0.03271947
3.23458,3232,799.998657,800.000366,-0.341796875,-0.0272662267
3.23461,3233,799.998657,800.0002,-0.305175781,-0.07089219
3.23588,3234,799.998657,800.000061,-0.280761719,-0.114518143
3.23767,3235,799.998657,799.9998,-0.2319336,-0.152690873
3.23770,3236,799.998657,799.9996,-0.183105469,-0.16359736
3.23951,3237,799.998657,799.9994,-0.146484375,-0.196316838
3.23953,3238,799.998657,799.999146,-0.09765625,-0.207223326
3.24072,3239,799.998657,799.998962,-0.0610351563,-0.218129814
3.24259,3240,799.998657,799.998657,0,-0.239942789
3.24262,3241,799.998657,799.9984,0.048828125,-0.256302536
3.24380,3242,799.998657,799.9981,0.109863281,-0.267209023
3.24565,3243,799.998657,799.997864,0.1586914,-0.2781155
3.24567,3244,799.998657,799.9977,0.1953125,-0.2781155
3.24749,3245,799.998657,799.9973,0.2685547,-0.2781155
3.24753,3246,799.998657,799.997131,0.305175781,-0.2781155
3.24878,3247,799.998657,799.9968,0.366210938,-0.267209023
3.25057,3248,799.998657,799.9967,0.390625,-0.256302536
3.25058,3249,799.998657,799.9967,0.390625,-0.207223326
3.25182,3250,799.998657,799.9967,0.390625,-0.141784385
3.25365,3251,799.998657,799.9968,0.366210938,-0.07089219
3.25367,3252,799.998657,799.997,0.329589844,0.03271947
3.25552,3253,799.998657,799.997131,0.305175781,0.09815842
3.25557,3254,799.998657,799.997437,0.244140625,0.158144116
3.25672,3255,799.998657,799.997742,0.183105469,0.223583058
3.25858,3256,799.998657,799.998,0.134277344,0.23448956
3.25861,3257,799.998657,799.9983,0.07324219,0.261755764
3.25982,3258,799.998657,799.9984,0.048828125,0.261755764
3.26168,3259,799.998657,799.9988,-0.0244140625,0.2508493
3.26172,3260,799.998657,799.998962,-0.0610351563,0.2508493
3.26349,3261,799.998657,799.999268,-0.122070313,0.23448956
3.26353,3262,799.998657,799.9994,-0.146484375,0.223583058
3.26475,3263,799.998657,799.9996,-0.183105469,0.21267657
3.26659,3264,799.998657,799.9998,-0.2319336,0.1908636
3.26662,3265,799.998657,800.000061,-0.280761719,0.1908636
3.26782,3266,799.998657,800.0002,-0.305175781,0.179957092
3.26969,3267,799.998657,800.0002,-0.305175781,0.169050619
3.26975,3268,799.998657,800.000366,-0.341796875,0.147237629
3.27158,3269,799.998657,800.000366,-0.341796875,0.109064907
3.27160,3270,799.998657,800.000366,-0.341796875,0.07634544
3.27276,3271,799.998657,800.000366,-0.341796875,0.021812981
3.27456,3272,799.998657,800.0002,-0.305175781,-0.0163597353
3.27459,3273,799.998657,800.0002,-0.305175781,-0.04907921
3.27580,3274,799.998657,800.000061,-0.280761719,-0.09270517
3.27768,3275,799.998657,799.9999,-0.244140625,-0.130877882
3.27771,3276,799.998657,799.9996,-0.183105469,-0.152690873
3.27950,3277,799.998657,799.9994,-0.146484375,-0.174503848
3.27952,3278,799.998657,799.999268,-0.122070313,-0.207223326
3.28074,3279,799.998657,799.998962,-0.0610351563,-0.207223326
3.28254,3280,799.998657,799.9988,-0.0244140625,-0.218129814
3.28256,3281,799.998657,799.9984,0.048828125,-0.239942789
3.28382,3282,799.998657,799.9982,0.08544922,-0.256302536
3.28569,3283,799.998657,799.998,0.134277344,-0.256302536
3.28571,3284,799.998657,799.9977,0.1953125,-0.2781155
3.28765,3285,799.998657,799.997437,0.244140625,-0.2781155
3.28770,3286,799.998657,799.997131,0.305175781,-0.2781155
3.28873,3287,799.998657,799.9968,0.366210938,-0.2781155
3.29058,3288,799.998657,799.9967,0.390625,-0.267209023
3.29061,3289,799.998657,799.9965,0.4272461,-0.256302536
3.29180,3290,799.998657,799.9965,0.4272461,-0.196316838
3.29368,3291,799.998657,799.9965,0.4272461,-0.130877882
3.29370,3292,799.998657,799.9967,0.390625,-0.03817272
3.29546,3293,799.998657,799.997,0.329589844,0.06543894
3.29549,3294,799.998657,799.9973,0.2685547,0.158144116
3.29672,3295,799.998657,799.9977,0.1953125,0.23448956
3.29858,3296,799.998657,799.998,0.134277344,0.272662252
3.29860,3297,799.998657,799.9983,0.07324219,0.316288233
3.29980,3298,799.998657,799.9986,0.0122070313,0.316288233
3.30166,3299,799.998657,799.998962,-0.0610351563,0.327194721
