t,n,A,B,C,D
0.00233,0,825.984,825.984131,-0.01586914,0
0.00237,1,825.984,825.984131,-0.01586914,0
0.00423,2,825.984,825.984131,-0.01586914,0
0.00429,3,825.984,825.984131,-0.01586914,0
0.00544,4,825.984,825.984131,-0.01586914,0
0.00732,5,825.984,825.984131,-0.01586914,0
0.00734,6,825.984,825.984131,-0.01586914,0
0.00854,7,825.984,825.984131,-0.01586914,0
0.01035,8,825.984,825.984131,-0.01586914,0
0.01038,9,825.984,825.984131,-0.01586914,0
0.01219,10,825.984,825.984131,-0.01586914,0
0.01222,11,825.984,825.984131,-0.01586914,0
0.01343,12,825.984,825.984131,-0.01586914,0
0.01534,13,825.984,825.984131,-0.01586914,0
0.01539,14,825.984,825.984131,-0.01586914,0
0.01653,15,825.984,825.984131,-0.01586914,0
0.01834,16,825.984,825.984131,-0.01586914,0
0.01837,17,825.984,825.984131,-0.01586914,0
0.02021,18,825.984,825.984131,-0.01586914,0
0.02025,19,825.984,825.984131,-0.01586914,0
0.02146,20,825.984,825.984131,-0.01586914,0
0.02334,21,825.984,825.984131,-0.01586914,0
0.02336,22,825.984,825.984131,-0.01586914,0
0.02454,23,825.984,825.984131,-0.01586914,0
0.02635,24,825.984,825.984131,-0.01586914,0
0.02638,25,825.984,825.984131,-0.01586914,0
0.02820,26,825.984,825.984131,-0.01586914,0
0.02824,27,825.984,825.984131,-0.01586914,0
0.02942,28,825.984,825.984131,-0.01586914,0
0.03132,29,825.984,825.984131,-0.01586914,0
0.03134,30,825.984,825.984131,-0.01586914,0
0.03278,31,825.984,825.984131,-0.01586914,0
0.03434,32,825.984,825.984131,-0.01586914,0
0.03436,33,825.984,825.984131,-0.01586914,0
0.03622,34,825.984,825.984131,-0.01586914,0
0.03625,35,825.984,825.984131,-0.01586914,0
0.03743,36,825.984,825.984131,-0.01586914,0
0.03936,37,825.984,825.984131,-0.01586914,0
0.03940,38,825.984,825.984131,-0.01586914,0
0.04052,39,825.984,825.984131,-0.01586914,0
0.04233,40,825.984,825.984131,-0.01586914,0
0.04235,41,825.984,825.984131,-0.01586914,0
0.04421,42,825.984,825.984131,-0.01586914,0
0.04423,43,825.984,825.984131,-0.01586914,0
0.04544,44,825.984,825.984131,-0.01586914,0
0.04733,45,825.984,825.984131,-0.01586914,0
0.04736,46,825.984,825.984131,-0.01586914,0
0.04852,47,825.984,825.984131,-0.01586914,0
0.05039,48,825.984,825.984131,-0.01586914,0
0.05043,49,825.984,825.984131,-0.01586914,0
0.05217,50,825.984,825.984131,-0.01586914,0
0.05218,51,825.984,825.984131,-0.01586914,0
0.05345,52,825.984,825.984131,-0.01586914,0
0.05538,53,825.984,825.984131,-0.01586914,0
0.05543,54,825.984,825.984131,-0.01586914,0
0.05653,55,825.984,825.984131,-0.01586914,0
0.05837,56,825.984,825.984131,-0.01586914,0
0.05841,57,825.984,825.984131,-0.01586914,0
0.06020,58,825.984,825.984131,-0.01586914,0
0.06024,59,825.984,825.984131,-0.01586914,0
0.06143,60,825.984,825.984131,-0.01586914,0
0.06334,61,825.984,825.984131,-0.01586914,0
0.06337,62,825.984,825.984131,-0.01586914,0
0.06451,63,825.984,825.984131,-0.01586914,0
0.06636,64,825.984,825.984131,-0.01586914,0
0.06640,65,825.984,825.984131,-0.01586914,0
0.06818,66,825.984,825.984131,-0.01586914,0
0.06819,67,825.984,825.984131,-0.01586914,0
0.06944,68,825.984,825.984131,-0.01586914,0
0.07132,69,825.984,825.984131,-0.01586914,0
0.07134,70,825.984,825.984131,-0.01586914,0
0.07253,71,825.984,825.984131,-0.01586914,0
0.07436,72,825.984,825.984131,-0.01586914,0
0.07442,73,825.984,825.984131,-0.01586914,0
0.07617,74,825.984,825.984131,-0.01586914,0
0.07619,75,825.984,825.984131,-0.01586914,0
0.07744,76,825.984,825.984131,-0.01586914,0
0.07933,77,825.984,825.984131,-0.01586914,0
0.07936,78,825.984,825.984131,-0.01586914,0
0.08056,79,825.984,825.984131,-0.01586914,0
0.08254,80,825.984,825.984131,-0.01586914,0
0.08261,81,825.984,825.984131,-0.01586914,0
0.08418,82,825.984,825.984131,-0.01586914,0
0.08419,83,825.984,825.984131,-0.01586914,0
0.08546,84,825.984,825.984131,-0.01586914,0
0.08736,85,825.984,825.984131,-0.01586914,0
0.08737,86,825.984,825.984131,-0.01586914,0
0.08853,87,825.984,825.984131,-0.01586914,0
0.09034,88,825.984,825.984131,-0.01586914,0
0.09038,89,825.984,825.984131,-0.01586914,0
0.09219,90,825.984,825.984131,-0.01586914,0
0.09224,91,825.984,825.984131,-0.01586914,0
0.09343,92,825.984,825.984131,-0.01586914,0
0.09534,93,825.984,825.984131,-0.01586914,0
0.09537,94,825.984,825.984131,-0.01586914,0
0.09654,95,825.984,825.984131,-0.01586914,0
0.09836,96,825.984,825.984131,-0.01586914,0
0.09840,97,825.984,825.984131,-0.01586914,0
0.10019,98,825.984,825.984131,-0.01586914,0
0.10020,99,825.984,825.984131,-0.01586914,0
0.10146,100,825.984,825.984131,-0.01586914,0
0.10332,101,825.984,825.984131,-0.01586914,0
0.10334,102,825.984,825.984131,-0.01586914,0
0.10453,103,825.984,825.984131,-0.01586914,0
0.10636,104,825.984,825.984131,-0.01586914,0
0.10640,105,825.984,825.984131,-0.01586914,0
0.10818,106,825.984,825.984131,-0.01586914,0
0.10820,107,825.984,825.984131,-0.01586914,0
0.10942,108,825.984,825.984131,-0.01586914,0
0.11133,109,825.984,825.984131,-0.01586914,0
0.11135,110,825.984,825.984131,-0.01586914,0
0.11253,111,825.984,825.984131,-0.01586914,0
0.11437,112,825.984,825.984131,-0.01586914,0
0.11442,113,825.984,825.984131,-0.01586914,0
0.11618,114,825.984,825.984131,-0.01586914,0
0.11619,115,825.984,825.984131,-0.01586914,0
0.11744,116,825.984,825.984131,-0.01586914,0
0.11930,117,825.984,825.984131,-0.01586914,0
0.11932,118,825.984,825.984131,-0.01586914,0
0.12052,119,825.984,825.984131,-0.01586914,0
0.12233,120,825.984,825.984131,-0.01586914,0
0.12236,121,825.984,825.984131,-0.01586914,0
0.12417,122,825.984,825.984131,-0.01586914,0
0.12418,123,825.984,825.984131,-0.01586914,0
0.12547,124,825.984,825.984131,-0.01586914,0
0.12733,125,825.984,825.984131,-0.01586914,0
0.12738,126,825.984,825.984131,-0.01586914,0
0.12855,127,825.984,825.984131,-0.01586914,0
0.13034,128,825.984,825.984131,-0.01586914,0
0.13038,129,825.984,825.984131,-0.01586914,0
0.13254,130,825.984,825.984131,-0.01586914,0
0.13263,131,825.984,825.984131,-0.01586914,0
0.13348,132,825.984,825.984131,-0.01586914,0
0.13536,133,825.984,825.984131,-0.01586914,0
0.13537,134,825.984,825.984131,-0.01586914,0
0.13652,135,825.984,825.984131,-0.01586914,0
0.13832,136,825.984,825.984131,-0.01586914,0
0.13835,137,825.984,825.984131,-0.01586914,0
0.14016,138,825.984,825.984131,-0.01586914,0
0.14017,139,825.984,825.984131,-0.01586914,0
0.14147,140,825.984,825.984131,-0.01586914,0
0.14332,141,825.984,825.984131,-0.01586914,0
0.14334,142,825.984,825.984131,-0.01586914,0
0.14455,143,825.984,825.984131,-0.01586914,0
0.14633,144,825.984,825.984131,-0.01586914,0
0.14635,145,825.984,825.984131,-0.01586914,0
0.14817,146,825.984,825.984131,-0.01586914,0
0.14818,147,825.984,825.984131,-0.01586914,0
0.14947,148,825.984,825.984131,-0.01586914,0
0.15132,149,825.984,825.984131,-0.01586914,0
0.15135,150,825.984,825.984131,-0.01586914,0
0.15253,151,825.984,825.984131,-0.01586914,0
0.15446,152,825.984,825.984131,-0.01586914,0
0.15449,153,825.984,825.984131,-0.01586914,0
0.15617,154,825.984,825.984131,-0.01586914,0
0.15619,155,825.984,825.984131,-0.01586914,0
0.15746,156,825.984,825.984131,-0.01586914,0
0.15931,157,825.984,825.984131,-0.01586914,0
0.15933,158,825.984,825.984131,-0.01586914,0
0.16053,159,825.984,825.984131,-0.01586914,0
0.16235,160,825.984,825.984131,-0.01586914,0
0.16238,161,825.984,825.984131,-0.01586914,0
0.16416,162,825.984,825.984131,-0.01586914,0
0.16418,163,825.984,825.984131,-0.01586914,0
0.16586,164,825.984,825.984131,-0.01586914,0
0.16733,165,825.984,825.984131,-0.01586914,0
0.16734,166,825.984,825.984131,-0.01586914,0
0.16855,167,825.984,825.984131,-0.01586914,0
0.17032,168,825.984,825.984131,-0.01586914,0
0.17034,169,825.984,825.984131,-0.01586914,0
0.17216,170,825.984,825.984131,-0.01586914,0
0.17218,171,825.984,825.984131,-0.01586914,0
0.17342,172,825.984,825.984131,-0.01586914,0
0.17530,173,825.984,825.984131,-0.01586914,0
0.17531,174,825.984,825.984131,-0.01586914,0
0.17652,175,825.984,825.984131,-0.01586914,0
0.17834,176,825.984,825.984131,-0.01586914,0
0.17838,177,825.984,825.984131,-0.01586914,0
0.18017,178,825.984,825.984131,-0.01586914,0
0.18018,179,825.984,825.984131,-0.01586914,0
0.18143,180,825.984,825.984131,-0.01586914,0
0.18334,181,825.984,825.984131,-0.01586914,0
0.18336,182,825.984,825.984131,-0.01586914,0
0.18452,183,825.984,825.984131,-0.01586914,0
0.18634,184,825.984,825.984131,-0.01586914,0
0.18635,185,825.984,825.984131,-0.01586914,0
0.18816,186,825.984,825.984131,-0.01586914,0
0.18817,187,825.984,825.984131,-0.01586914,0
0.18942,188,825.984,825.984131,-0.01586914,0
0.19131,189,825.984,825.984131,-0.01586914,0
0.19133,190,825.984,825.984131,-0.01586914,0
0.19255,191,825.984,825.984131,-0.01586914,0
0.19434,192,825.984,825.984131,-0.01586914,0
0.19437,193,825.984,825.984131,-0.01586914,0
0.19620,194,825.984,825.984131,-0.01586914,0
0.19623,195,825.984,825.984131,-0.01586914,0
0.19743,196,825.984,825.984131,-0.01586914,0
0.19936,197,825.984,825.984131,-0.01586914,0
0.19939,198,825.984,825.984131,-0.01586914,0
0.20053,199,825.984,825.984131,-0.01586914,0
0.20235,200,825.984,825.984131,-0.01586914,0
0.20238,201,825.984,825.984131,-0.01586914,0
0.20418,202,825.984,825.984131,-0.01586914,0
0.20419,203,825.984,825.984131,-0.01586914,0
0.20543,204,825.984,825.984131,-0.01586914,0
0.20730,205,825.984,825.984131,-0.01586914,0
0.20732,206,825.984,825.984131,-0.01586914,0
0.20854,207,825.984,825.984131,-0.01586914,0
0.21035,208,825.984,825.984131,-0.01586914,0
0.21037,209,825.984,825.984131,-0.01586914,0
0.21219,210,825.984,825.984131,-0.01586914,0
0.21221,211,825.984,825.984131,-0.01586914,0
0.21343,212,825.984,825.984131,-0.01586914,0
0.21530,213,825.984,825.984131,-0.01586914,0
0.21532,214,825.984,825.984131,-0.01586914,0
0.21654,215,825.984,825.984131,-0.01586914,0
0.21833,216,825.984,825.984131,-0.01586914,0
0.21835,217,825.984,825.984131,-0.01586914,0
0.22020,218,825.984,825.984131,-0.01586914,0
0.22023,219,825.984,825.984131,-0.01586914,0
0.22142,220,825.984,825.984131,-0.01586914,0
0.22332,221,825.984,825.984131,-0.01586914,0
0.22334,222,825.984,825.984131,-0.01586914,0
0.22452,223,825.984,825.984131,-0.01586914,0
0.22633,224,825.984,825.984131,-0.01586914,0
0.22634,225,825.984,825.984131,-0.01586914,0
0.22823,226,825.984,825.984131,-0.01586914,0
0.22826,227,825.984,825.984131,-0.01586914,0
0.22943,228,825.984,825.984131,-0.01586914,0
0.23132,229,825.984,825.984131,-0.01586914,0
0.23134,230,825.984,825.984131,-0.01586914,0
0.23273,231,825.984,825.984131,-0.01586914,0
0.23433,232,825.984,825.984131,-0.01586914,0
0.23435,233,825.984,825.984131,-0.01586914,0
0.23620,234,825.984,825.984131,-0.01586914,0
0.23623,235,825.984,825.984131,-0.01586914,0
0.23742,236,825.984,825.984131,-0.01586914,0
0.23932,237,825.984,825.984131,-0.01586914,0
0.23933,238,825.984,825.984131,-0.01586914,0
0.24052,239,825.984,825.984131,-0.01586914,0
0.24232,240,825.984,825.984131,-0.01586914,0
0.24233,241,825.984,825.984131,-0.01586914,0
0.24420,242,825.984,825.984131,-0.01586914,0
0.24422,243,825.984,825.984131,-0.01586914,0
0.24543,244,825.984,825.984131,-0.01586914,0
0.24732,245,825.984,825.984131,-0.01586914,0
0.24735,246,825.984,825.984131,-0.01586914,0
0.24852,247,825.984,825.984131,-0.01586914,0
0.25033,248,825.984,825.984131,-0.01586914,0
0.25035,249,825.984,825.984131,-0.01586914,0
0.25217,250,825.984,825.984131,-0.01586914,0
0.25219,251,825.984,825.984131,-0.01586914,0
0.25346,252,825.984,825.984131,-0.01586914,0
0.25531,253,825.984,825.984131,-0.01586914,0
0.25534,254,825.984,825.984131,-0.01586914,0
0.25654,255,825.984,825.984131,-0.01586914,0
0.25833,256,825.984,825.984131,-0.01586914,0
0.25834,257,825.984,825.984131,-0.01586914,0
0.26022,258,825.984,825.984131,-0.01586914,0
0.26026,259,825.984,825.984131,-0.01586914,0
0.26144,260,825.984,825.984131,-0.01586914,0
0.26331,261,825.984,825.984131,-0.01586914,0
0.26334,262,825.984,825.984131,-0.01586914,0
0.26451,263,825.984,825.984131,-0.01586914,0
0.26633,264,825.984,825.984131,-0.01586914,0
0.26638,265,825.984,825.984131,-0.01586914,0
0.26821,266,825.984,825.984131,-0.01586914,0
0.26824,267,825.984,825.984131,-0.01586914,0
0.26943,268,825.984,825.984131,-0.01586914,0
0.27138,269,825.984,825.984131,-0.01586914,0
0.27140,270,825.984,825.984131,-0.01586914,0
0.27253,271,825.984,825.984131,-0.01586914,0
0.27434,272,825.984,825.984131,-0.01586914,0
0.27437,273,825.984,825.984131,-0.01586914,0
0.27621,274,825.984,825.984131,-0.01586914,0
0.27623,275,825.984,825.984131,-0.01586914,0
0.27744,276,825.984,825.984131,-0.01586914,0
0.27936,277,825.984,825.984131,-0.01586914,0
0.27940,278,825.984,825.984131,-0.01586914,0
0.28052,279,825.984,825.984131,-0.01586914,0
0.28255,280,825.984,825.984131,-0.01586914,0
0.28258,281,825.984,825.984131,-0.01586914,0
0.28418,282,825.984,825.984131,-0.01586914,0
0.28419,283,825.984,825.984131,-0.01586914,0
0.28545,284,825.984,825.984131,-0.01586914,0
0.28734,285,825.984,825.984131,-0.01586914,0
0.28736,286,825.984,825.984131,-0.01586914,0
0.28851,287,825.984,825.984131,-0.01586914,0
0.29033,288,825.984,825.984131,-0.01586914,0
0.29035,289,825.984,825.984131,-0.01586914,0
0.29220,290,825.984,825.984131,-0.01586914,0
0.29223,291,825.984,825.984131,-0.01586914,0
0.29344,292,825.984,825.984131,-0.01586914,0
0.29533,293,825.984,825.984131,-0.01586914,0
0.29534,294,825.984,825.984131,-0.01586914,0
0.29651,295,825.984,825.984131,-0.01586914,0
0.29844,296,825.984,825.984131,-0.01586914,0
0.29847,297,825.984,825.984131,-0.01586914,0
0.30018,298,825.984,825.984131,-0.01586914,0
0.30028,299,825.984,825.984131,-0.01586914,0
0.30147,300,825.984,825.984131,-0.01586914,0
0.30335,301,826.184,825.984131,25,0
0.30338,302,826.184,825.984131,25,0
0.30454,303,826.184,825.9848,25,0
0.30634,304,826.184,825.986145,24.7839355,0.169050619
0.30637,305,826.184,825.9886,23.69751,0.534418046
0.30819,306,826.184,825.9917,22.822876,1.15063477
0.30823,307,826.184,825.9957,21.6583252,1.95771515
0.30942,308,826.184,826.0006,20.425415,2.79206157
0.31135,309,826.184,826.006958,18.57483,3.64822125
0.31137,310,826.184,826.0146,16.685791,4.6625247
0.31252,311,826.184,826.0221,15.7952881,5.74772072
0.31435,312,826.184,826.031,13.6541748,6.61478662
0.31437,313,826.184,826.041,11.5838623,8.370731
0.31623,314,826.184,826.0511,10.2319336,9.003308
0.31626,315,826.184,826.060852,9.176025,9.548633
0.31745,316,826.184,826.069763,8.615723,9.515913
0.31936,317,826.184,826.078857,7.305298,9.33050251
0.31939,318,826.184,826.0852,8.40271,8.452531
0.32052,319,826.184,826.091064,7.982788,7.4491334
0.32236,320,826.184,826.097168,7.01843262,6.77838373
0.32241,321,826.184,826.1008,8.251343,5.567764
0.32419,322,826.184,826.1045,7.77526855,4.837029
0.32422,323,826.184,826.107239,8.059082,4.837029
0.32543,324,826.184,826.1095,8.1073,4.171733
0.32735,325,826.184,826.111755,7.8137207,3.16833544
0.32739,326,826.184,826.114563,7.064209,2.81387472
0.32851,327,826.184,826.117249,6.800537,2.61210442
0.33035,328,826.184,826.1193,6.958008,2.49758649
0.33039,329,826.184,826.1209,7.093506,2.43760061
0.33252,330,826.184,826.122437,6.937866,2.246737
0.33256,331,826.184,826.1242,6.536865,1.92499566
0.33346,332,826.184,826.1261,6.20544434,1.70686567
0.33537,333,826.184,826.1279,6.010132,1.67414618
0.33542,334,826.184,826.129639,5.873413,1.755945
0.33653,335,826.184,826.1312,5.75256348,1.78866446
0.33835,336,826.184,826.1328,5.54626465,1.755945
0.33839,337,826.184,826.1344,5.339966,1.66323984
0.34019,338,826.184,826.1363,4.880371,1.61961389
0.34021,339,826.184,826.138367,4.482422,1.68505287
0.34143,340,826.184,826.140137,4.46594238,1.777758
0.34334,341,826.184,826.141663,4.43847656,1.8486501
0.34337,342,826.184,826.1429,4.493408,1.78866446
0.34452,343,826.184,826.1438,4.5880127,1.60870731
0.34634,344,826.184,826.1445,4.671631,1.3305918
0.34636,345,826.184,826.144958,4.736328,0.7961738
0.34819,346,826.184,826.145264,4.824829,0.7961738
0.34821,347,826.184,826.145264,5.038452,0.556231
0.34945,348,826.184,826.145264,5.038452,0.3490077
0.35136,349,826.184,826.1451,5.19042969,0.179957092
0.35138,350,826.184,826.145,5.112915,0.03271947
0.35255,351,826.184,826.1449,5.171509,-0.0599856973
0.35434,352,826.184,826.1447,5.238037,-0.114518143
0.35436,353,826.184,826.144653,5.16052246,-0.152690873
0.35620,354,826.184,826.144653,5.117798,-0.152690873
0.35622,355,826.184,826.144653,5.117798,-0.103611663
0.35743,356,826.184,826.1448,5.01647949,-0.0599856973
0.35935,357,826.184,826.145,4.899292,0.021812981
0.35937,358,826.184,826.145447,4.715576,0.09815842
0.36052,359,826.184,826.1458,4.71069336,0.1908636
0.36234,360,826.184,826.1463,4.56176758,0.37627393
0.36237,361,826.184,826.146851,4.447632,0.37627393
0.36418,362,826.184,826.147461,4.32556152,0.463525862
0.36421,363,826.184,826.148132,4.19555664,0.567137539
0.36564,364,826.184,826.1488,4.10827637,0.5889505
0.36732,365,826.184,826.149231,4.223633,0.5889505
0.36735,366,826.184,826.150146,3.76281738,0.485338867
0.36855,367,826.184,826.1504,4.20105,0.3980869
0.37035,368,826.184,826.1505,4.27063,0.294475257
0.37040,369,826.184,826.1505,4.356079,0.1908636
0.37219,370,826.184,826.1505,4.356079,0.07634544
0.37221,371,826.184,826.1504,4.45739746,0
0.37343,372,826.184,826.150269,4.4732666,-0.04907921
0.37535,373,826.184,826.1502,4.43847656,-0.08179868
0.37538,374,826.184,826.1501,4.49707031,-0.103611663
0.37654,375,826.184,826.1501,4.411621,-0.09270517
0.37837,376,826.184,826.149963,4.51293945,-0.09270517
0.37844,377,826.184,826.1499,4.47814941,-0.09270517
0.38020,378,826.184,826.1499,4.435425,-0.07089219
0.38024,379,826.184,826.149841,4.486084,-0.0599856973
0.38145,380,826.184,826.149841,4.44335938,-0.03817272
0.38334,381,826.184,826.1499,4.3927,-0.0163597353
0.38338,382,826.184,826.149963,4.38476563,0.021812981
0.38454,383,826.184,826.1501,4.326172,0.0545324534
0.38635,384,826.184,826.1502,4.31030273,0.07634544
0.38637,385,826.184,826.1504,4.24377441,0.109064907
0.38820,386,826.184,826.1505,4.27063,0.125424653
0.38824,387,826.184,826.150635,4.25476074,0.125424653
0.38943,388,826.184,826.1507,4.289551,0.125424653
0.39134,389,826.184,826.1508,4.230957,0.125424653
0.39138,390,826.184,826.151062,4.11376953,0.136331126
0.39252,391,826.184,826.1512,4.18334961,0.136331126
0.39434,392,826.184,826.151367,4.11682129,0.136331126
0.39436,393,826.184,826.151367,4.244995,0.125424653
0.39617,394,826.184,826.1516,4.0423584,0.109064907
0.39620,395,826.184,826.1517,4.16259766,0.109064907
0.39747,396,826.184,826.1518,4.104004,0.125424653
0.39935,397,826.184,826.152,4.03747559,0.125424653
0.39941,398,826.184,826.152039,4.11499,0.125424653
0.40054,399,826.184,826.1521,4.10705566,0.125424653
0.40235,400,826.184,826.1523,3.99780273,0.109064907
0.40239,401,826.184,826.152466,3.973999,0.109064907
0.40421,402,826.184,826.152466,4.102173,0.09815842
0.40423,403,826.184,826.1525,4.05151367,0.07634544
0.40543,404,826.184,826.1526,4.043579,0.06543894
0.40732,405,826.184,826.1526,4.08630371,0.043625962
0.40736,406,826.184,826.1526,4.08630371,0.021812981
0.40855,407,826.184,826.1526,4.08630371,0.021812981
0.41035,408,826.184,826.1526,4.08630371,0
0.41038,409,826.184,826.1526,4.08630371,0
0.41219,410,826.184,826.1526,4.08630371,0.0109064905
0.41223,411,826.184,826.1526,4.08630371,-0.0163597353
0.41343,412,826.184,826.1526,4.08630371,-0.0163597353
0.41535,413,826.184,826.1526,4.08630371,-0.0272662267
0.41539,414,826.184,826.1526,4.08630371,-0.0163597353
0.41652,415,826.184,826.1526,4.08630371,0
0.41836,416,826.184,826.1526,4.08630371,0
0.41840,417,826.184,826.1526,4.08630371,0
0.42022,418,826.184,826.1526,4.08630371,0
0.42025,419,826.184,826.1526,4.08630371,-0.0163597353
0.42147,420,826.184,826.1526,4.08630371,-0.0163597353
0.42333,421,826.184,826.1526,4.08630371,-0.0163597353
0.42335,422,826.184,826.1526,4.08630371,-0.0163597353
0.42451,423,826.184,826.1526,4.08630371,0
0.42634,424,826.184,826.1526,4.08630371,0.0109064905
0.42636,425,826.184,826.1528,3.93432617,0.021812981
0.42821,426,826.184,826.1528,4.0625,0.03271947
0.42824,427,826.184,826.1528,4.0625,0.043625962
0.42943,428,826.184,826.1529,3.96118164,0.043625962
0.43137,429,826.184,826.1529,4.046631,0.043625962
0.43140,430,826.184,826.1531,3.89465332,0.06543894
0.43252,431,826.184,826.1531,4.022827,0.0545324534
0.43435,432,826.184,826.1532,3.92150879,0.06543894
0.43440,433,826.184,826.1532,4.006958,0.06543894
0.43623,434,826.184,826.1532,4.006958,0.0545324534
0.43625,435,826.184,826.153442,3.80432129,0.0545324534
0.43743,436,826.184,826.153442,3.97521973,0.043625962
0.43932,437,826.184,826.153442,3.97521973,0.03271947
0.43936,438,826.184,826.153442,3.97521973,0.0109064905
0.44052,439,826.184,826.153442,3.97521973,0
0.44235,440,826.184,826.153442,3.97521973,-0.0163597353
0.44238,441,826.184,826.153442,3.97521973,-0.0163597353
0.44420,442,826.184,826.153442,3.97521973,-0.0163597353
0.44423,443,826.184,826.153442,3.97521973,0
0.44543,444,826.184,826.153442,3.97521973,0
0.44736,445,826.184,826.153442,3.97521973,0
0.44740,446,826.184,826.153442,3.97521973,0
0.44852,447,826.184,826.153442,3.97521973,0
0.45036,448,826.184,826.153442,3.97521973,0.0109064905
0.45038,449,826.184,826.1535,3.92456055,0.021812981
0.45225,450,826.184,826.153564,3.916626,0.03271947
0.45229,451,826.184,826.153564,3.95935059,0.043625962
0.45344,452,826.184,826.153748,3.807373,0.0545324534
0.45531,453,826.184,826.153748,3.93554688,0.0545324534
0.45534,454,826.184,826.1538,3.8848877,0.0545324534
0.45652,455,826.184,826.1539,3.87695313,0.06543894
0.45836,456,826.184,826.154,3.81835938,0.06543894
0.45841,457,826.184,826.154053,3.85314941,0.06543894
0.46019,458,826.184,826.1541,3.84521484,0.06543894
0.46023,459,826.184,826.1542,3.83728027,0.06543894
0.46143,460,826.184,826.1543,3.77868652,0.07634544
0.46335,461,826.184,826.154358,3.81347656,0.07634544
0.46339,462,826.184,826.1544,3.805542,0.07634544
0.46452,463,826.184,826.1546,3.696289,0.087251924
0.46634,464,826.184,826.154846,3.62182617,0.09815842
0.46636,465,826.184,826.155,3.640747,0.125424653
0.46823,466,826.184,826.155151,3.66760254,0.125424653
0.46825,467,826.184,826.155334,3.60107422,0.147237629
0.46943,468,826.184,826.155457,3.62792969,0.158144116
0.47132,469,826.184,826.15564,3.56140137,0.158144116
0.47134,470,826.184,826.1558,3.53759766,0.147237629
0.47256,471,826.184,826.155945,3.56445313,0.158144116
0.47436,472,826.184,826.1561,3.4979248,0.147237629
0.47438,473,826.184,826.15625,3.52478027,0.147237629
0.47617,474,826.184,826.156433,3.458252,0.147237629
0.47619,475,826.184,826.156433,3.58642578,0.109064907
0.47743,476,826.184,826.156433,3.58642578,0.087251924
0.47934,477,826.184,826.156555,3.48510742,0.0545324534
0.47936,478,826.184,826.156555,3.57055664,0.03271947
0.48051,479,826.184,826.156555,3.57055664,0.0109064905
0.48257,480,826.184,826.156433,3.671875,-0.0163597353
0.48264,481,826.184,826.156433,3.58642578,-0.0272662267
0.48426,482,826.184,826.1564,3.637085,-0.04907921
0.48432,483,826.184,826.1564,3.59436035,-0.04907921
0.48545,484,826.184,826.15625,3.69567871,-0.03817272
0.48732,485,826.184,826.15625,3.61022949,-0.04907921
0.48734,486,826.184,826.15625,3.61022949,-0.0272662267
0.48854,487,826.184,826.15625,3.61022949,-0.0272662267
0.49036,488,826.184,826.15625,3.61022949,-0.0272662267
0.49039,489,826.184,826.15625,3.61022949,0
0.49220,490,826.184,826.15625,3.61022949,0
0.49224,491,826.184,826.1564,3.50891113,0.0109064905
0.49342,492,826.184,826.156433,3.54370117,0.021812981
0.49535,493,826.184,826.156433,3.58642578,0.03271947
0.49537,494,826.184,826.156433,3.58642578,0.03271947
0.49651,495,826.184,826.156555,3.48510742,0.021812981
0.49834,496,826.184,826.156555,3.57055664,0.03271947
0.49837,497,826.184,826.156555,3.57055664,0.021812981
0.50021,498,826.184,826.156555,3.57055664,0.021812981
0.50022,499,826.184,826.156555,3.57055664,0.021812981
0.50143,500,826.184,826.1567,3.46923828,0.021812981
0.50334,501,826.184,826.1568,3.45336914,0.021812981
0.50337,502,826.184,826.1568,3.53881836,0.021812981
0.50452,503,826.184,826.1568,3.53881836,0.03271947
0.50634,504,826.184,826.1568,3.53881836,0.03271947
0.50637,505,826.184,826.15686,3.48815918,0.03271947
0.50823,506,826.184,826.15686,3.53088379,0.021812981
0.50827,507,826.184,826.15686,3.53088379,0.0109064905
0.50944,508,826.184,826.1569,3.48022461,0.0109064905
0.51136,509,826.184,826.1569,3.52294922,0.0109064905
0.51139,510,826.184,826.1569,3.52294922,0.021812981
0.51251,511,826.184,826.157,3.47229,0.03271947
0.51434,512,826.184,826.1571,3.41369629,0.03271947
0.51435,513,826.184,826.1571,3.49914551,0.03271947
0.51619,514,826.184,826.1571,3.49914551,0.03271947
0.51621,515,826.184,826.1572,3.39782715,0.043625962
0.51744,516,826.184,826.1572,3.48327637,0.043625962
0.51933,517,826.184,826.157349,3.381958,0.043625962
0.51935,518,826.184,826.1574,3.416748,0.0545324534
0.52056,519,826.184,826.157532,3.3581543,0.0545324534
0.52234,520,826.184,826.157532,3.44360352,0.06543894
0.52238,521,826.184,826.1577,3.291626,0.07634544
0.52420,522,826.184,826.1577,3.4197998,0.07634544
0.52424,523,826.184,826.1579,3.26782227,0.087251924
0.52544,524,826.184,826.157959,3.345337,0.087251924
0.52736,525,826.184,826.1581,3.28674316,0.09815842
0.52741,526,826.184,826.1582,3.270874,0.09815842
0.52851,527,826.184,826.1584,3.2043457,0.125424653
0.53035,528,826.184,826.1585,3.23120117,0.136331126
0.53038,529,826.184,826.1587,3.16467285,0.147237629
0.53257,530,826.184,826.158936,3.09021,0.169050619
0.53264,531,826.184,826.1592,3.05847168,0.169050619
0.53344,532,826.184,826.1593,3.12805176,0.179957092
0.53533,533,826.184,826.1595,3.06152344,0.179957092
0.53536,534,826.184,826.1596,3.088379,0.169050619
0.53656,535,826.184,826.1598,3.02185059,0.169050619
0.53836,536,826.184,826.1599,3.048706,0.136331126
0.53840,537,826.184,826.1599,3.13415527,0.087251924
0.54019,538,826.184,826.1598,3.23547363,0.0545324534
0.54021,539,826.184,826.1598,3.15002441,0
0.54143,540,826.184,826.1597,3.20068359,-0.03817272
0.54335,541,826.184,826.1596,3.25927734,-0.0599856973
0.54338,542,826.184,826.1596,3.17382813,-0.08179868
0.54451,543,826.184,826.1595,3.27514648,-0.08179868
0.54636,544,826.184,826.159363,3.29101563,-0.09270517
0.54639,545,826.184,826.159363,3.20556641,-0.08179868
0.54818,546,826.184,826.1593,3.25622559,-0.0599856973
0.54821,547,826.184,826.1593,3.213501,-0.03817272
0.54945,548,826.184,826.1593,3.213501,-0.0163597353
0.55138,549,826.184,826.159363,3.1628418,-0.0163597353
0.55142,550,826.184,826.1595,3.104248,0.021812981
0.55254,551,826.184,826.1596,3.088379,0.043625962
0.55436,552,826.184,826.1596,3.17382813,0.06543894
0.55443,553,826.184,826.1597,3.07250977,0.07634544
0.55617,554,826.184,826.1598,3.1072998,0.06543894
0.55620,555,826.184,826.1598,3.15002441,0.0545324534
0.55744,556,826.184,826.1598,3.15002441,0.03271947
0.55936,557,826.184,826.1599,3.048706,0.03271947
0.55939,558,826.184,826.1598,3.23547363,0.021812981
0.56052,559,826.184,826.1598,3.15002441,0
0.56233,560,826.184,826.1598,3.15002441,-0.0163597353
0.56235,561,826.184,826.1598,3.15002441,-0.0272662267
0.56418,562,826.184,826.1598,3.15002441,-0.03817272
0.56421,563,826.184,826.1598,3.15002441,-0.0272662267
0.56544,564,826.184,826.1598,3.15002441,-0.0272662267
0.56733,565,826.184,826.1598,3.15002441,0
0.56735,566,826.184,826.1598,3.15002441,0
0.56852,567,826.184,826.1598,3.15002441,0.0109064905
0.57035,568,826.184,826.1599,3.048706,0.021812981
0.57037,569,826.184,826.1599,3.13415527,0.03271947
0.57218,570,826.184,826.1599,3.13415527,0.043625962
0.57220,571,826.184,826.1599,3.13415527,0.03271947
0.57344,572,826.184,826.1599,3.13415527,0.03271947
0.57533,573,826.184,826.160034,3.032837,0.021812981
0.57536,574,826.184,826.160034,3.11828613,0.021812981
0.57653,575,826.184,826.160156,3.01696777,0.021812981
0.57835,576,826.184,826.160156,3.102417,0.021812981
0.57838,577,826.184,826.160156,3.102417,0.021812981
0.58016,578,826.184,826.160156,3.102417,0.0109064905
0.58017,579,826.184,826.160156,3.102417,0.0109064905
0.58146,580,826.184,826.160156,3.102417,0
0.58343,581,826.184,826.160156,3.102417,-0.0163597353
0.58347,582,826.184,826.160156,3.102417,-0.0163597353
0.58453,583,826.184,826.160156,3.102417,-0.0163597353
0.58635,584,826.184,826.160156,3.102417,0
0.58638,585,826.184,826.160156,3.102417,0
0.58817,586,826.184,826.160156,3.102417,0.0109064905
0.58820,587,826.184,826.160156,3.102417,0.0109064905
0.58945,588,826.184,826.1602,3.05175781,0.0109064905
0.59138,589,826.184,826.1602,3.09448242,0.0109064905
0.59142,590,826.184,826.1603,3.04382324,0.0109064905
0.59252,591,826.184,826.1603,3.08654785,0.0109064905
0.59436,592,826.184,826.160339,3.03588867,0.03271947
0.59438,593,826.184,826.160461,2.977295,0.043625962
0.59617,594,826.184,826.160461,3.06274414,0.043625962
0.59618,595,826.184,826.160461,3.06274414,0.043625962
0.59744,596,826.184,826.160461,3.06274414,0.03271947
0.59934,597,826.184,826.1605,3.012085,0.03271947
0.59938,598,826.184,826.1606,3.00415039,0.021812981
0.60054,599,826.184,826.1606,3.046875,0.0109064905
0.60238,600,826.184,826.1606,3.046875,0.0109064905
0.60241,601,826.184,826.1605,3.09753418,0
0.60417,602,826.184,826.1606,3.00415039,0
0.60420,603,826.184,826.1605,3.09753418,-0.0163597353
0.60542,604,826.184,826.1606,3.00415039,-0.0163597353
0.60732,605,826.184,826.1606,3.046875,0
0.60736,606,826.184,826.1606,3.046875,0
0.60853,607,826.184,826.1606,3.046875,0.0109064905
0.61035,608,826.184,826.1606,3.046875,0.0109064905
0.61039,609,826.184,826.1606,3.046875,0.0109064905
0.61217,610,826.184,826.1606,3.046875,0.0109064905
0.61218,611,826.184,826.1607,2.94555664,0.0109064905
0.61345,612,826.184,826.160767,2.98034668,0.021812981
0.61535,613,826.184,826.160767,3.02307129,0.03271947
0.61537,614,826.184,826.1608,2.972412,0.043625962
0.61655,615,826.184,826.1609,2.96447754,0.043625962
0.61836,616,826.184,826.1609,3.00720215,0.043625962
0.61840,617,826.184,826.1609,3.00720215,0.043625962
0.62016,618,826.184,826.161,2.90588379,0.03271947
0.62018,619,826.184,826.1611,2.94067383,0.03271947
0.62142,620,826.184,826.1611,2.98339844,0.03271947
0.62331,621,826.184,826.1611,2.98339844,0.03271947
0.62334,622,826.184,826.161133,2.93273926,0.03271947
0.62451,623,826.184,826.161255,2.87414551,0.03271947
0.62635,624,826.184,826.161255,2.95959473,0.03271947
0.62639,625,826.184,826.161255,2.95959473,0.03271947
0.62816,626,826.184,826.1613,2.90893555,0.03271947
0.62816,627,826.184,826.161438,2.8503418,0.03271947
0.62943,628,826.184,826.161438,2.935791,0.043625962
0.63139,629,826.184,826.161438,2.935791,0.043625962
0.63151,630,826.184,826.16156,2.83447266,0.043625962
0.63270,631,826.184,826.16156,2.91992188,0.043625962
0.63435,632,826.184,826.161743,2.76794434,0.0545324534
0.63437,633,826.184,826.161743,2.89611816,0.06543894
0.63617,634,826.184,826.161865,2.7947998,0.06543894
0.63618,635,826.184,826.162,2.77893066,0.07634544
0.63744,636,826.184,826.162048,2.8137207,0.087251924
0.63932,637,826.184,826.1622,2.755127,0.09815842
0.63933,638,826.184,826.162354,2.68859863,0.109064907
0.64051,639,826.184,826.162537,2.664795,0.125424653
0.64234,640,826.184,826.162659,2.69165039,0.125424653
0.64237,641,826.184,826.162842,2.625122,0.136331126
0.64427,642,826.184,826.162964,2.65197754,0.147237629
0.64438,643,826.184,826.1631,2.6361084,0.147237629
0.64544,644,826.184,826.163269,2.56958,0.136331126
0.64736,645,826.184,826.1634,2.59643555,0.136331126
0.64740,646,826.184,826.1635,2.58056641,0.125424653
0.64854,647,826.184,826.163635,2.56469727,0.136331126
0.65034,648,826.184,826.1637,2.5994873,0.109064907
0.65035,649,826.184,826.1638,2.54089355,0.087251924
0.65218,650,826.184,826.1638,2.62634277,0.0545324534
0.65219,651,826.184,826.1638,2.62634277,0.021812981
0.65347,652,826.184,826.1637,2.72766113,0
0.65531,653,826.184,826.163635,2.692871,-0.0163597353
0.65532,654,826.184,826.163635,2.65014648,-0.03817272
0.65652,655,826.184,826.163635,2.65014648,-0.03817272
0.65833,656,826.184,826.1636,2.70080566,-0.03817272
0.65835,657,826.184,826.1635,2.70874023,-0.04907921
0.66018,658,826.184,826.1635,2.66601563,-0.03817272
0.66020,659,826.184,826.1635,2.66601563,-0.04907921
0.66144,660,826.184,826.1635,2.66601563,-0.03817272
0.66332,661,826.184,826.1635,2.66601563,-0.0272662267
0.66334,662,826.184,826.1635,2.66601563,-0.0272662267
0.66453,663,826.184,826.1635,2.66601563,-0.0163597353
0.66636,664,826.184,826.1636,2.61535645,0.0109064905
0.66639,665,826.184,826.1636,2.658081,0.021812981
0.66818,666,826.184,826.163635,2.60742188,0.021812981
0.66820,667,826.184,826.163635,2.65014648,0.043625962
0.66943,668,826.184,826.1637,2.5994873,0.03271947
0.67131,669,826.184,826.1637,2.642212,0.03271947
0.67133,670,826.184,826.1638,2.54089355,0.03271947
0.67253,671,826.184,826.1638,2.62634277,0.021812981
0.67433,672,826.184,826.1638,2.62634277,0.021812981
0.67436,673,826.184,826.1638,2.62634277,0.021812981
0.67618,674,826.184,826.1638,2.62634277,0.021812981
0.67619,675,826.184,826.1639,2.57568359,0.021812981
0.67745,676,826.184,826.1639,2.6184082,0.0109064905
0.67931,677,826.184,826.16394,2.567749,0.0109064905
0.67932,678,826.184,826.16394,2.61047363,0.0109064905
0.68055,679,826.184,826.16394,2.61047363,0.0109064905
0.68245,680,826.184,826.16394,2.61047363,0.0109064905
0.68246,681,826.184,826.16394,2.61047363,0
0.68418,682,826.184,826.16394,2.61047363,0
0.68420,683,826.184,826.16394,2.61047363,0
0.68545,684,826.184,826.16394,2.61047363,0
0.68734,685,826.184,826.16394,2.61047363,0.0109064905
0.68736,686,826.184,826.16394,2.61047363,0.0109064905
0.68854,687,826.184,826.16394,2.61047363,0.0109064905
0.69034,688,826.184,826.16394,2.61047363,0.0109064905
0.69036,689,826.184,826.164063,2.50915527,0.0109064905
0.69217,690,826.184,826.164063,2.59460449,0.0109064905
0.69219,691,826.184,826.1641,2.54394531,0.021812981
0.69345,692,826.184,826.1641,2.58667,0.03271947
0.69532,693,826.184,826.1641,2.58667,0.03271947
0.69534,694,826.184,826.1642,2.53601074,0.03271947
0.69652,695,826.184,826.164246,2.52807617,0.03271947
0.69833,696,826.184,826.164246,2.57080078,0.03271947
0.69835,697,826.184,826.164368,2.46948242,0.03271947
0.70025,698,826.184,826.164368,2.55493164,0.03271947
0.70028,699,826.184,826.1644,2.50427246,0.03271947
0.70143,700,826.184,826.1644,2.546997,0.03271947
0.70333,701,826.184,826.1644,2.546997,0.03271947
0.70335,702,826.184,826.1645,2.496338,0.03271947
0.70451,703,826.184,826.1646,2.43774414,0.03271947
0.70634,704,826.184,826.1646,2.52319336,0.03271947
0.70637,705,826.184,826.1646,2.52319336,0.03271947
0.70816,706,826.184,826.1647,2.47253418,0.03271947
0.70818,707,826.184,826.1648,2.41394043,0.03271947
0.70943,708,826.184,826.1648,2.49938965,0.03271947
0.71131,709,826.184,826.1648,2.49938965,0.03271947
0.71133,710,826.184,826.1648,2.49938965,0.03271947
0.71256,711,826.184,826.1648,2.49938965,0.03271947
0.71433,712,826.184,826.1649,2.39807129,0.03271947
0.71435,713,826.184,826.1649,2.48352051,0.03271947
0.71618,714,826.184,826.165,2.43286133,0.043625962
0.71620,715,826.184,826.1651,2.37426758,0.043625962
0.71756,716,826.184,826.1651,2.4597168,0.043625962
0.71932,717,826.184,826.1651,2.4597168,0.043625962
0.71933,718,826.184,826.1652,2.35839844,0.043625962
0.72052,719,826.184,826.1652,2.44384766,0.043625962
0.72234,720,826.184,826.165344,2.3425293,0.0545324534
0.72236,721,826.184,826.1654,2.37731934,0.06543894
0.72421,722,826.184,826.165466,2.36938477,0.06543894
0.72423,723,826.184,826.165649,2.26013184,0.07634544
0.72543,724,826.184,826.1657,2.33764648,0.087251924
0.72733,725,826.184,826.1659,2.22839355,0.09815842
0.72735,726,826.184,826.166,2.255249,0.125424653
0.72853,727,826.184,826.1662,2.1887207,0.136331126
0.73034,728,826.184,826.1663,2.21557617,0.147237629
0.73037,729,826.184,826.1666,2.04772949,0.169050619
0.73258,730,826.184,826.1669,2.05871582,0.179957092
0.73265,731,826.184,826.167,2.128296,0.179957092
0.73350,732,826.184,826.1672,2.06176758,0.1908636
0.73537,733,826.184,826.1673,2.088623,0.179957092
0.73539,734,826.184,826.1674,2.072754,0.158144116
0.73652,735,826.184,826.1674,2.15820313,0.125424653
0.73834,736,826.184,826.1674,2.15820313,0.0545324534
0.73834,737,826.184,826.1673,2.25952148,0
0.74022,738,826.184,826.1672,2.27539063,-0.04907921
0.74025,739,826.184,826.167053,2.29125977,-0.08179868
0.74144,740,826.184,826.167,2.25646973,-0.09270517
0.74333,741,826.184,826.166931,2.2644043,-0.103611663
0.74335,742,826.184,826.1669,2.27233887,-0.103611663
0.74453,743,826.184,826.1669,2.22961426,-0.08179868
0.74632,744,826.184,826.1669,2.22961426,-0.0599856973
0.74634,745,826.184,826.1669,2.22961426,-0.03817272
0.74820,746,826.184,826.1669,2.22961426,-0.0163597353
0.74823,747,826.184,826.166931,2.178955,0.0109064905
0.74944,748,826.184,826.167,2.17102051,0.03271947
0.75131,749,826.184,826.167,2.213745,0.0545324534
0.75133,750,826.184,826.1672,2.06176758,0.0545324534
0.75252,751,826.184,826.1672,2.18994141,0.0545324534
0.75435,752,826.184,826.1672,2.18994141,0.043625962
0.75436,753,826.184,826.1673,2.088623,0.043625962
0.75618,754,826.184,826.1673,2.17407227,0.043625962
0.75621,755,826.184,826.1673,2.17407227,0.021812981
0.75744,756,826.184,826.167236,2.22473145,0.0109064905
0.75932,757,826.184,826.1672,2.232666,-0.0163597353
0.75935,758,826.184,826.1672,2.18994141,-0.0272662267
0.76054,759,826.184,826.1672,2.18994141,-0.04907921
0.76233,760,826.184,826.1672,2.18994141,-0.04907921
0.76235,761,826.184,826.1672,2.18994141,-0.03817272
0.76418,762,826.184,826.1672,2.18994141,-0.0272662267
0.76420,763,826.184,826.1672,2.18994141,-0.0163597353
0.76553,764,826.184,826.1672,2.18994141,0
0.76731,765,826.184,826.1672,2.18994141,0
0.76733,766,826.184,826.1672,2.18994141,0.0109064905
0.76853,767,826.184,826.167236,2.13928223,0.021812981
0.77034,768,826.184,826.1673,2.13134766,0.03271947
0.77038,769,826.184,826.1673,2.17407227,0.021812981
0.77220,770,826.184,826.1673,2.17407227,0.03271947
0.77223,771,826.184,826.1673,2.17407227,0.021812981
0.77343,772,826.184,826.1673,2.17407227,0.021812981
0.77533,773,826.184,826.1674,2.072754,0.021812981
0.77536,774,826.184,826.1674,2.15820313,0.0109064905
0.77651,775,826.184,826.1673,2.25952148,0
0.77833,776,826.184,826.1673,2.17407227,-0.0163597353
0.77835,777,826.184,826.1673,2.17407227,-0.0272662267
0.78017,778,826.184,826.1673,2.17407227,-0.0272662267
0.78019,779,826.184,826.1673,2.17407227,-0.0272662267
0.78144,780,826.184,826.1673,2.17407227,-0.0163597353
0.78335,781,826.184,826.1673,2.17407227,-0.0163597353
0.78337,782,826.184,826.1673,2.17407227,0
0.78454,783,826.184,826.1673,2.17407227,0
0.78634,784,826.184,826.1673,2.17407227,0.0109064905
0.78635,785,826.184,826.1673,2.17407227,0.0109064905
0.78819,786,826.184,826.1674,2.072754,0.021812981
0.78821,787,826.184,826.1674,2.15820313,0.021812981
0.78948,788,826.184,826.1675,2.107544,0.021812981
0.79135,789,826.184,826.1675,2.15026855,0.021812981
0.79137,790,826.184,826.1675,2.15026855,0.021812981
0.79252,791,826.184,826.167542,2.09960938,0.021812981
0.79433,792,826.184,826.167542,2.142334,0.021812981
0.79434,793,826.184,826.1676,2.0916748,0.021812981
0.79619,794,826.184,826.167542,2.18505859,0
0.79622,795,826.184,826.167542,2.142334,0
0.79743,796,826.184,826.167542,2.142334,-0.0163597353
0.79936,797,826.184,826.1675,2.19299316,-0.0272662267
0.79941,798,826.184,826.1675,2.15026855,-0.0163597353
0.80052,799,826.184,826.1675,2.15026855,-0.0163597353
0.80235,800,826.184,826.1675,2.15026855,-0.0163597353
0.80237,801,826.184,826.1675,2.15026855,0
0.80422,802,826.184,826.1675,2.15026855,0
0.80426,803,826.184,826.167542,2.09960938,0.0109064905
0.80544,804,826.184,826.1676,2.0916748,0.0109064905
0.80734,805,826.184,826.1676,2.13439941,0.0109064905
0.80737,806,826.184,826.1676,2.13439941,0.021812981
0.80851,807,826.184,826.1676,2.13439941,0.0109064905
0.81032,808,826.184,826.1677,2.033081,0.021812981
0.81034,809,826.184,826.1677,2.11853027,0.021812981
0.81219,810,826.184,826.1678,2.067871,0.021812981
0.81223,811,826.184,826.1678,2.1105957,0.021812981
0.81343,812,826.184,826.1678,2.1105957,0.021812981
0.81535,813,826.184,826.1678,2.1105957,0.021812981
0.81537,814,826.184,826.1678,2.1105957,0.0109064905
0.81651,815,826.184,826.1678,2.1105957,0
0.81833,816,826.184,826.1678,2.1105957,0
0.81837,817,826.184,826.1678,2.1105957,-0.0163597353
0.82017,818,826.184,826.1678,2.1105957,-0.0163597353
0.82020,819,826.184,826.1678,2.1105957,-0.0163597353
0.82147,820,826.184,826.1678,2.1105957,-0.0163597353
0.82336,821,826.184,826.1678,2.1105957,-0.0163597353
0.82338,822,826.184,826.1678,2.1105957,-0.0163597353
0.82452,823,826.184,826.1678,2.1105957,0
0.82633,824,826.184,826.1678,2.1105957,0
0.82635,825,826.184,826.1678,2.1105957,0.0109064905
0.82820,826,826.184,826.167847,2.05993652,0.0109064905
0.82822,827,826.184,826.167847,2.10266113,0.0109064905
0.82942,828,826.184,826.167969,2.00134277,0.021812981
0.83135,829,826.184,826.167969,2.086792,0.021812981
0.83139,830,826.184,826.167969,2.086792,0.021812981
0.83263,831,826.184,826.168,2.03613281,0.03271947
0.83435,832,826.184,826.168152,1.97753906,0.021812981
0.83438,833,826.184,826.168152,2.06298828,0.021812981
0.83620,834,826.184,826.168152,2.06298828,0.021812981
0.83624,835,826.184,826.168152,2.06298828,0.021812981
0.83743,836,826.184,826.168152,2.06298828,0.021812981
0.83935,837,826.184,826.168152,2.06298828,0.021812981
0.83939,838,826.184,826.168152,2.06298828,0.0109064905
0.84052,839,826.184,826.168152,2.06298828,0
0.84235,840,826.184,826.168152,2.06298828,-0.0163597353
0.84240,841,826.184,826.168152,2.06298828,-0.0163597353
0.84419,842,826.184,826.168152,2.06298828,-0.0163597353
0.84422,843,826.184,826.168152,2.06298828,-0.0163597353
0.84544,844,826.184,826.168152,2.06298828,-0.0163597353
0.84736,845,826.184,826.168152,2.06298828,-0.0163597353
0.84739,846,826.184,826.168152,2.06298828,-0.0163597353
0.84851,847,826.184,826.168152,2.06298828,0
0.85033,848,826.184,826.168152,2.06298828,0
0.85037,849,826.184,826.168152,2.06298828,0
0.85224,850,826.184,826.168152,2.06298828,0
0.85227,851,826.184,826.168152,2.06298828,0
0.85343,852,826.184,826.168152,2.06298828,0.0109064905
0.85535,853,826.184,826.168152,2.06298828,0.0109064905
0.85538,854,826.184,826.1683,1.96166992,0.0109064905
0.85652,855,826.184,826.1683,2.04711914,0.021812981
0.85834,856,826.184,826.1683,2.04711914,0.021812981
0.85835,857,826.184,826.168335,1.99646,0.03271947
0.86020,858,826.184,826.168457,1.93786621,0.03271947
0.86022,859,826.184,826.168457,2.02331543,0.021812981
0.86143,860,826.184,826.168457,2.02331543,0.021812981
0.86335,861,826.184,826.168457,2.02331543,0.021812981
0.86338,862,826.184,826.168457,2.02331543,0.021812981
0.86451,863,826.184,826.1685,1.97265625,0.021812981
0.86634,864,826.184,826.1686,1.96472168,0.021812981
0.86636,865,826.184,826.1686,2.00744629,0.021812981
0.86822,866,826.184,826.1686,2.00744629,0.021812981
0.86825,867,826.184,826.1686,2.00744629,0.0109064905
0.86945,868,826.184,826.1686,2.00744629,0.0109064905
0.87137,869,826.184,826.1686,2.00744629,0.0109064905
0.87140,870,826.184,826.1686,2.00744629,0
0.87252,871,826.184,826.1686,2.00744629,0
0.87434,872,826.184,826.1686,2.00744629,0
0.87437,873,826.184,826.1686,2.00744629,-0.0163597353
0.87619,874,826.184,826.1686,2.00744629,0
0.87622,875,826.184,826.1686,2.00744629,0
0.87749,876,826.184,826.1686,2.00744629,0.0109064905
0.87934,877,826.184,826.1686,2.00744629,0.0109064905
0.87938,878,826.184,826.1686,2.00744629,0.0109064905
0.88051,879,826.184,826.1687,1.90612793,0.0109064905
0.88255,880,826.184,826.168762,1.940918,0.0109064905
0.88259,881,826.184,826.168762,1.98364258,0.021812981
0.88419,882,826.184,826.168762,1.98364258,0.021812981
0.88421,883,826.184,826.1688,1.9329834,0.03271947
0.88543,884,826.184,826.1689,1.92504883,0.03271947
0.88737,885,826.184,826.1689,1.96777344,0.03271947
0.88741,886,826.184,826.1689,1.96777344,0.03271947
0.88852,887,826.184,826.169,1.86645508,0.03271947
0.89037,888,826.184,826.169067,1.90124512,0.043625962
0.89042,889,826.184,826.169067,1.94396973,0.03271947
0.89216,890,826.184,826.1691,1.89331055,0.043625962
0.89218,891,826.184,826.16925,1.8347168,0.043625962
0.89344,892,826.184,826.16925,1.920166,0.043625962
0.89535,893,826.184,826.1693,1.86950684,0.043625962
0.89537,894,826.184,826.1694,1.86157227,0.043625962
0.89653,895,826.184,826.169434,1.8536377,0.0545324534
0.89834,896,826.184,826.169556,1.795044,0.0545324534
0.89836,897,826.184,826.169556,1.88049316,0.0545324534
0.90021,898,826.184,826.1697,1.7791748,0.0545324534
0.90026,899,826.184,826.1697,1.864624,0.0545324534
0.90144,900,826.184,826.1697,1.864624,0.0545324534
0.90333,901,826.184,826.1698,1.76330566,0.0545324534
0.90335,902,826.184,826.169861,1.7980957,0.0545324534
0.90453,903,826.184,826.169861,1.84082031,0.0545324534
0.90634,904,826.184,826.17,1.739502,0.0545324534
0.90637,905,826.184,826.17,1.82495117,0.0545324534
0.90818,906,826.184,826.17,1.82495117,0.0545324534
0.90819,907,826.184,826.170166,1.67297363,0.0545324534
0.90942,908,826.184,826.170166,1.80114746,0.0545324534
0.91136,909,826.184,826.1703,1.6998291,0.0545324534
0.91138,910,826.184,826.1703,1.78527832,0.043625962
0.91252,911,826.184,826.1703,1.78527832,0.03271947
0.91436,912,826.184,826.1703,1.78527832,0.021812981
0.91439,913,826.184,826.1703,1.78527832,0
0.91620,914,826.184,826.1703,1.78527832,-0.0163597353
0.91624,915,826.184,826.1703,1.78527832,-0.0163597353
0.91745,916,826.184,826.1703,1.78527832,-0.0163597353
0.91936,917,826.184,826.1703,1.78527832,-0.0163597353
0.91939,918,826.184,826.1703,1.78527832,0
0.92053,919,826.184,826.1703,1.78527832,-0.0163597353
0.92241,920,826.184,826.1703,1.78527832,0
0.92248,921,826.184,826.1703,1.78527832,0
0.92422,922,826.184,826.1703,1.78527832,-0.0163597353
0.92426,923,826.184,826.1703,1.78527832,-0.0163597353
0.92544,924,826.184,826.1703,1.78527832,-0.0163597353
0.92736,925,826.184,826.1703,1.78527832,0
0.92739,926,826.184,826.170349,1.73461914,0
0.92851,927,826.184,826.170349,1.77734375,0.0109064905
0.93035,928,826.184,826.170349,1.77734375,0.021812981
0.93039,929,826.184,826.170349,1.77734375,0.021812981
0.93257,930,826.184,826.1704,1.72668457,0.03271947
0.93262,931,826.184,826.170532,1.66809082,0.021812981
0.93343,932,826.184,826.170532,1.75354,0.021812981
0.93539,933,826.184,826.170532,1.75354,0.021812981
0.93542,934,826.184,826.170532,1.75354,0.021812981
0.93653,935,826.184,826.170654,1.65222168,0.03271947
0.93837,936,826.184,826.170654,1.7376709,0.03271947
0.93840,937,826.184,826.170654,1.7376709,0.03271947
0.94023,938,826.184,826.170654,1.7376709,0.03271947
0.94027,939,826.184,826.170654,1.7376709,0.021812981
0.94144,940,826.184,826.170654,1.7376709,0.021812981
0.94335,941,826.184,826.1707,1.68701172,0.0109064905
0.94340,942,826.184,826.170654,1.78039551,0
0.94453,943,826.184,826.170654,1.7376709,-0.0163597353
0.94636,944,826.184,826.1707,1.68701172,-0.0163597353
0.94640,945,826.184,826.170654,1.78039551,0
0.94820,946,826.184,826.170654,1.7376709,0
0.94823,947,826.184,826.170654,1.7376709,-0.0163597353
0.94943,948,826.184,826.170654,1.7376709,-0.0163597353
0.95135,949,826.184,826.170654,1.7376709,-0.0163597353
0.95141,950,826.184,826.170654,1.7376709,-0.0163597353
0.95252,951,826.184,826.170654,1.7376709,0
0.95434,952,826.184,826.1707,1.68701172,0
0.95440,953,826.184,826.1707,1.72973633,0
0.95622,954,826.184,826.170837,1.628418,0.0109064905
0.95625,955,826.184,826.170837,1.71386719,0.021812981
0.95742,956,826.184,826.170837,1.71386719,0.021812981
0.95935,957,826.184,826.1709,1.663208,0.021812981
0.95938,958,826.184,826.1709,1.70593262,0.021812981
0.96052,959,826.184,826.170959,1.65527344,0.021812981
0.96234,960,826.184,826.170959,1.697998,0.021812981
0.96236,961,826.184,826.170959,1.697998,0.021812981
0.96418,962,826.184,826.170959,1.697998,0.021812981
0.96421,963,826.184,826.170959,1.697998,0.021812981
0.96546,964,826.184,826.170959,1.697998,0.021812981
0.96737,965,826.184,826.170959,1.697998,0.0109064905
0.96739,966,826.184,826.170959,1.697998,0
0.96851,967,826.184,826.170959,1.697998,0
0.97034,968,826.184,826.170959,1.697998,-0.0163597353
0.97037,969,826.184,826.170959,1.697998,0
0.97222,970,826.184,826.170959,1.697998,-0.0163597353
0.97225,971,826.184,826.170959,1.697998,-0.0163597353
0.97343,972,826.184,826.170959,1.697998,-0.0163597353
0.97535,973,826.184,826.170959,1.697998,-0.0163597353
0.97537,974,826.184,826.170959,1.697998,0
0.97652,975,826.184,826.1711,1.59667969,0
0.97839,976,826.184,826.1711,1.68212891,0
0.97842,977,826.184,826.1711,1.68212891,0
0.98021,978,826.184,826.171143,1.63146973,0.0109064905
0.98023,979,826.184,826.171143,1.67419434,0.0109064905
0.98142,980,826.184,826.171143,1.67419434,0.0109064905
0.98333,981,826.184,826.171143,1.67419434,0.0109064905
0.98336,982,826.184,826.171143,1.67419434,0.0109064905
0.98453,983,826.184,826.171143,1.67419434,0.0109064905
0.98636,984,826.184,826.171143,1.67419434,0.0109064905
0.98641,985,826.184,826.171143,1.67419434,0.0109064905
0.98819,986,826.184,826.1712,1.62353516,0.0109064905
0.98821,987,826.184,826.1712,1.66625977,0.0109064905
0.98943,988,826.184,826.1712,1.66625977,0.0109064905
0.99133,989,826.184,826.171265,1.61560059,0.0109064905
0.99136,990,826.184,826.171265,1.6583252,0.0109064905
0.99251,991,826.184,826.171265,1.6583252,0.0109064905
0.99437,992,826.184,826.171265,1.6583252,0.0109064905
0.99442,993,826.184,826.171265,1.6583252,0.0109064905
0.99617,994,826.184,826.171265,1.6583252,0.0109064905
0.99620,995,826.184,826.171265,1.6583252,0.0109064905
0.99746,996,826.184,826.171265,1.6583252,0.0109064905
0.99949,997,826.184,826.171265,1.6583252,0
0.99957,998,826.184,826.171265,1.6583252,0
1.00064,999,826.184,826.171265,1.6583252,-0.0163597353
1.00235,1000,826.184,826.171265,1.6583252,-0.0163597353
1.00237,1001,826.184,826.171265,1.6583252,-0.0163597353
1.00420,1002,826.184,826.171265,1.6583252,-0.0163597353
1.00424,1003,826.184,826.171265,1.6583252,0
1.00543,1004,826.184,826.171265,1.6583252,0
1.00737,1005,826.184,826.1714,1.55700684,0.0109064905
1.00739,1006,826.184,826.1714,1.642456,0.0109064905
1.00851,1007,826.184,826.1715,1.5411377,0.021812981
1.01035,1008,826.184,826.1715,1.62658691,0.03271947
1.01038,1009,826.184,826.1715,1.62658691,0.021812981
1.01219,1010,826.184,826.1715,1.62658691,0.03271947
1.01223,1011,826.184,826.1715,1.62658691,0.021812981
1.01344,1012,826.184,826.171631,1.52526855,0.021812981
1.01537,1013,826.184,826.171631,1.61071777,0.021812981
1.01540,1014,826.184,826.171631,1.61071777,0.0109064905
1.01654,1015,826.184,826.171631,1.61071777,0.0109064905
1.01834,1016,826.184,826.1715,1.71203613,0
1.01838,1017,826.184,826.1715,1.62658691,-0.0272662267
1.02023,1018,826.184,826.1715,1.62658691,-0.0272662267
1.02027,1019,826.184,826.1715,1.62658691,-0.0272662267
1.02143,1020,826.184,826.1715,1.62658691,-0.0272662267
1.02329,1021,826.184,826.1715,1.62658691,-0.0163597353
1.02331,1022,826.184,826.1715,1.62658691,0
1.02453,1023,826.184,826.1715,1.62658691,0
1.02634,1024,826.184,826.171631,1.52526855,0
1.02635,1025,826.184,826.171631,1.61071777,0.0109064905
1.02820,1026,826.184,826.171631,1.61071777,0.0109064905
1.02824,1027,826.184,826.1717,1.56005859,0.03271947
1.02943,1028,826.184,826.1718,1.50146484,0.03271947
1.03127,1029,826.184,826.1718,1.58691406,0.03271947
1.03130,1030,826.184,826.1718,1.58691406,0.03271947
1.03274,1031,826.184,826.1718,1.58691406,0.021812981
1.03435,1032,826.184,826.1718,1.58691406,0.021812981
1.03439,1033,826.184,826.1718,1.58691406,0.021812981
1.03622,1034,826.184,826.1718,1.58691406,0.021812981
1.03624,1035,826.184,826.1718,1.58691406,0.0109064905
1.03743,1036,826.184,826.1718,1.58691406,0
1.03929,1037,826.184,826.1718,1.58691406,-0.0163597353
1.03932,1038,826.184,826.1718,1.58691406,-0.0272662267
1.04052,1039,826.184,826.1718,1.58691406,-0.0272662267
1.04235,1040,826.184,826.1718,1.58691406,-0.0163597353
1.04237,1041,826.184,826.1718,1.58691406,0
1.04421,1042,826.184,826.1718,1.58691406,0
1.04425,1043,826.184,826.1718,1.58691406,0
1.04548,1044,826.184,826.1718,1.58691406,0
1.04727,1045,826.184,826.1718,1.58691406,0
1.04728,1046,826.184,826.1718,1.58691406,0
1.04857,1047,826.184,826.1718,1.58691406,0
1.05034,1048,826.184,826.1718,1.58691406,0
1.05037,1049,826.184,826.171936,1.4855957,0.0109064905
1.05224,1050,826.184,826.171936,1.57104492,0.021812981
1.05227,1051,826.184,826.171936,1.57104492,0.021812981
1.05344,1052,826.184,826.171936,1.57104492,0.021812981
1.05530,1053,826.184,826.171936,1.57104492,0.021812981
1.05533,1054,826.184,826.172058,1.46972656,0.021812981
1.05651,1055,826.184,826.172058,1.55517578,0.021812981
1.05835,1056,826.184,826.171936,1.65649414,0.0109064905
1.05839,1057,826.184,826.171936,1.57104492,0
1.06021,1058,826.184,826.171936,1.57104492,0
1.06023,1059,826.184,826.171936,1.57104492,-0.0163597353
1.06144,1060,826.184,826.171936,1.57104492,-0.0163597353
1.06338,1061,826.184,826.171936,1.57104492,-0.0163597353
1.06341,1062,826.184,826.171936,1.57104492,-0.0163597353
1.06454,1063,826.184,826.171936,1.57104492,0
1.06637,1064,826.184,826.172058,1.46972656,0
1.06642,1065,826.184,826.172058,1.55517578,0.0109064905
1.06819,1066,826.184,826.1721,1.5045166,0.0109064905
1.06822,1067,826.184,826.1721,1.54724121,0.0109064905
1.06943,1068,826.184,826.1721,1.54724121,0.021812981
1.07131,1069,826.184,826.1721,1.54724121,0.021812981
1.07134,1070,826.184,826.1722,1.496582,0.0109064905
1.07251,1071,826.184,826.1722,1.53930664,0.021812981
1.07433,1072,826.184,826.1722,1.53930664,0.021812981
1.07435,1073,826.184,826.1722,1.53930664,0.0109064905
1.07619,1074,826.184,826.1722,1.53930664,0
1.07622,1075,826.184,826.1722,1.53930664,0
1.07743,1076,826.184,826.1722,1.53930664,-0.0163597353
1.07931,1077,826.184,826.1722,1.53930664,-0.0163597353
1.07934,1078,826.184,826.1722,1.53930664,-0.0163597353
1.08055,1079,826.184,826.1722,1.53930664,-0.0163597353
1.08249,1080,826.184,826.1722,1.53930664,0
1.08254,1081,826.184,826.1722,1.53930664,0
1.08420,1082,826.184,826.172241,1.48864746,0
1.08422,1083,826.184,826.172241,1.53137207,0.0109064905
1.08543,1084,826.184,826.172241,1.53137207,0.0109064905
1.08729,1085,826.184,826.172241,1.53137207,0.0109064905
1.08731,1086,826.184,826.172241,1.53137207,0.021812981
1.08852,1087,826.184,826.172363,1.43005371,0.021812981
1.09034,1088,826.184,826.1724,1.46484375,0.021812981
1.09037,1089,826.184,826.1724,1.50756836,0.021812981
1.09220,1090,826.184,826.1724,1.50756836,0.021812981
1.09225,1091,826.184,826.1724,1.50756836,0.021812981
1.09345,1092,826.184,826.1724,1.50756836,0.021812981
1.09532,1093,826.184,826.1724,1.50756836,0
1.09537,1094,826.184,826.1724,1.50756836,0
1.09653,1095,826.184,826.1724,1.50756836,-0.0163597353
1.09834,1096,826.184,826.1724,1.50756836,-0.0163597353
1.09837,1097,826.184,826.1724,1.50756836,-0.0163597353
1.10022,1098,826.184,826.1724,1.50756836,-0.0163597353
1.10024,1099,826.184,826.1724,1.50756836,-0.0163597353
1.10145,1100,826.184,826.1724,1.50756836,0
1.10329,1101,826.184,826.1724,1.50756836,0
1.10333,1102,826.184,826.1724,1.50756836,0
1.10453,1103,826.184,826.1724,1.50756836,0
1.10634,1104,826.184,826.1725,1.45690918,0.0109064905
1.10637,1105,826.184,826.1726,1.39831543,0.021812981
1.10816,1106,826.184,826.1726,1.48376465,0.03271947
1.10818,1107,826.184,826.1726,1.48376465,0.03271947
1.10943,1108,826.184,826.1726,1.48376465,0.021812981
1.11127,1109,826.184,826.172668,1.43310547,0.021812981
1.11130,1110,826.184,826.172668,1.47583008,0.021812981
1.11252,1111,826.184,826.172668,1.47583008,0.021812981
1.11434,1112,826.184,826.172668,1.47583008,0.0109064905
1.11436,1113,826.184,826.172668,1.47583008,0
1.11617,1114,826.184,826.172668,1.47583008,0
1.11619,1115,826.184,826.1726,1.52648926,-0.0163597353
1.11745,1116,826.184,826.1726,1.48376465,-0.0163597353
1.11931,1117,826.184,826.1726,1.48376465,-0.0163597353
1.11933,1118,826.184,826.1726,1.48376465,-0.0163597353
1.12052,1119,826.184,826.1726,1.48376465,-0.0163597353
1.12232,1120,826.184,826.172668,1.43310547,0
1.12236,1121,826.184,826.1727,1.4251709,0
1.12421,1122,826.184,826.1727,1.46789551,0.0109064905
1.12423,1123,826.184,826.1727,1.46789551,0.021812981
1.12545,1124,826.184,826.1729,1.315918,0.03271947
1.12730,1125,826.184,826.1729,1.4440918,0.043625962
1.12732,1126,826.184,826.1729,1.4440918,0.043625962
1.12856,1127,826.184,826.173035,1.34277344,0.043625962
1.13036,1128,826.184,826.173035,1.42822266,0.043625962
1.13040,1129,826.184,826.173035,1.42822266,0.03271947
1.13255,1130,826.184,826.173035,1.42822266,0.03271947
1.13263,1131,826.184,826.173157,1.3269043,0.03271947
1.13344,1132,826.184,826.1732,1.36169434,0.03271947
1.13532,1133,826.184,826.1732,1.404419,0.03271947
1.13537,1134,826.184,826.17334,1.30310059,0.03271947
1.13652,1135,826.184,826.1732,1.48986816,0.03271947
1.13833,1136,826.184,826.1732,1.404419,0.021812981
1.13835,1137,826.184,826.1732,1.404419,0.0109064905
1.14017,1138,826.184,826.1732,1.404419,-0.0163597353
1.14019,1139,826.184,826.1732,1.404419,-0.0272662267
1.14145,1140,826.184,826.1732,1.404419,-0.0163597353
1.14329,1141,826.184,826.1732,1.404419,-0.0272662267
1.14333,1142,826.184,826.1732,1.404419,-0.0272662267
1.14451,1143,826.184,826.1732,1.404419,-0.0163597353
1.14636,1144,826.184,826.1732,1.404419,-0.0272662267
1.14640,1145,826.184,826.1732,1.404419,-0.0163597353
1.14817,1146,826.184,826.1732,1.404419,0
1.14818,1147,826.184,826.1732,1.404419,0
1.14944,1148,826.184,826.1732,1.404419,0
1.15125,1149,826.184,826.17334,1.30310059,0.0109064905
1.15126,1150,826.184,826.17334,1.3885498,0.03271947
1.15251,1151,826.184,826.17334,1.3885498,0.03271947
1.15432,1152,826.184,826.173462,1.28723145,0.0545324534
1.15436,1153,826.184,826.1735,1.32202148,0.043625962
1.15622,1154,826.184,826.1735,1.36474609,0.043625962
1.15627,1155,826.184,826.1735,1.36474609,0.03271947
1.15743,1156,826.184,826.173645,1.26342773,0.03271947
1.15926,1157,826.184,826.1737,1.29821777,0.03271947
1.15928,1158,826.184,826.1737,1.34094238,0.03271947
1.16051,1159,826.184,826.1737,1.34094238,0.03271947
1.16233,1160,826.184,826.1737,1.34094238,0.03271947
1.16236,1161,826.184,826.173767,1.2902832,0.03271947
1.16417,1162,826.184,826.1739,1.23168945,0.03271947
1.16418,1163,826.184,826.1739,1.31713867,0.03271947
1.16543,1164,826.184,826.1739,1.31713867,0.021812981
1.16728,1165,826.184,826.1739,1.31713867,0.0109064905
1.16730,1166,826.184,826.1739,1.31713867,0.0109064905
1.16852,1167,826.184,826.1739,1.31713867,0.0109064905
1.17035,1168,826.184,826.17395,1.26647949,0.0109064905
1.17037,1169,826.184,826.17395,1.3092041,0.0109064905
1.17219,1170,826.184,826.174,1.25854492,0.0109064905
1.17222,1171,826.184,826.174,1.30126953,0.0109064905
1.17345,1172,826.184,826.174,1.30126953,0.0109064905
1.17526,1173,826.184,826.174,1.30126953,0.021812981
1.17527,1174,826.184,826.1741,1.25061035,0.021812981
1.17652,1175,826.184,826.1742,1.1920166,0.03271947
1.17834,1176,826.184,826.174255,1.22680664,0.043625962
1.17836,1177,826.184,826.174438,1.11755371,0.06543894
1.18018,1178,826.184,826.1745,1.19506836,0.07634544
1.18019,1179,826.184,826.174561,1.18713379,0.087251924
1.18144,1180,826.184,826.1746,1.17919922,0.09815842
1.18331,1181,826.184,826.174866,1.01928711,0.087251924
1.18333,1182,826.184,826.174866,1.19018555,0.087251924
1.18453,1183,826.184,826.175,1.08886719,0.087251924
1.18633,1184,826.184,826.1752,1.02233887,0.09815842
1.18634,1185,826.184,826.1752,1.1505127,0.09815842
1.18818,1186,826.184,826.1753,1.04919434,0.087251924
1.18820,1187,826.184,826.1754,1.0333252,0.09815842
1.18943,1188,826.184,826.1755,1.06811523,0.087251924
1.19127,1189,826.184,826.1756,1.00952148,0.087251924
1.19129,1190,826.184,826.1756,1.0949707,0.087251924
1.19254,1191,826.184,826.1758,0.942993164,0.087251924
1.19433,1192,826.184,826.1758,1.071167,0.07634544
1.19434,1193,826.184,826.1758,1.071167,0.0545324534
1.19618,1194,826.184,826.1758,1.071167,0.043625962
1.19621,1195,826.184,826.1758,1.071167,0.0109064905
1.19743,1196,826.184,826.1758,1.071167,0
1.19929,1197,826.184,826.1758,1.071167,-0.0163597353
1.19936,1198,826.184,826.1757,1.12182617,-0.0272662267
1.20057,1199,826.184,826.1756,1.18041992,-0.0272662267
1.20234,1200,826.184,826.1756,1.0949707,-0.04907921
1.20238,1201,826.184,826.1756,1.0949707,-0.03817272
1.20419,1202,826.184,826.1756,1.0949707,-0.03817272
1.20421,1203,826.184,826.1756,1.0949707,-0.0272662267
1.20543,1204,826.184,826.1756,1.0949707,-0.0163597353
1.20725,1205,826.184,826.1756,1.0949707,-0.0163597353
1.20726,1206,826.184,826.1756,1.0949707,-0.0163597353
1.20855,1207,826.184,826.1756,1.0949707,0
1.21033,1208,826.184,826.1756,1.0949707,0
1.21035,1209,826.184,826.1756,1.0949707,0
1.21216,1210,826.184,826.1756,1.0949707,0.0109064905
1.21219,1211,826.184,826.1757,0.993652344,0.0109064905
1.21344,1212,826.184,826.1757,1.07910156,0.0109064905
1.21527,1213,826.184,826.1758,1.02844238,0.021812981
1.21530,1214,826.184,826.1758,1.071167,0.0109064905
1.21656,1215,826.184,826.1758,1.071167,0.0109064905
1.21834,1216,826.184,826.1758,1.071167,0.0109064905
1.21836,1217,826.184,826.1758,1.071167,0.0109064905
1.22021,1218,826.184,826.1758,1.071167,0.0109064905
1.22024,1219,826.184,826.1758,1.071167,0.0109064905
1.22143,1220,826.184,826.1758,1.071167,0.0109064905
1.22326,1221,826.184,826.1758,1.071167,0.0109064905
1.22328,1222,826.184,826.1758,1.071167,0.0109064905
1.22456,1223,826.184,826.1758,1.071167,0.0109064905
1.22633,1224,826.184,826.1758,1.071167,0
1.22634,1225,826.184,826.1758,1.071167,0
1.22816,1226,826.184,826.1758,1.071167,-0.0163597353
1.22817,1227,826.184,826.1758,1.071167,-0.0163597353
1.22942,1228,826.184,826.1758,1.071167,-0.0163597353
1.23125,1229,826.184,826.1758,1.071167,-0.0163597353
1.23127,1230,826.184,826.1758,1.071167,0
1.23270,1231,826.184,826.1758,1.071167,0
1.23434,1232,826.184,826.1758,1.071167,0
1.23437,1233,826.184,826.1758,1.071167,0
1.23617,1234,826.184,826.1758,1.071167,0
1.23618,1235,826.184,826.1758,1.071167,0
1.23743,1236,826.184,826.1758,1.071167,0
1.23925,1237,826.184,826.1758,1.071167,0
1.23929,1238,826.184,826.175842,1.02050781,0
1.24053,1239,826.184,826.175842,1.06323242,0
1.24232,1240,826.184,826.175964,0.961914063,0
1.24233,1241,826.184,826.175964,1.04736328,0.021812981
1.24417,1242,826.184,826.175964,1.04736328,0.021812981
1.24418,1243,826.184,826.175964,1.04736328,0.0109064905
1.24543,1244,826.184,826.175964,1.04736328,0.0109064905
1.24725,1245,826.184,826.175964,1.04736328,0.0109064905
1.24726,1246,826.184,826.176,0.9967041,0.0109064905
1.24851,1247,826.184,826.1761,0.988769531,0.0109064905
1.25034,1248,826.184,826.1761,1.03149414,0.021812981
1.25038,1249,826.184,826.1761,1.03149414,0.021812981
1.25222,1250,826.184,826.1761,1.03149414,0.021812981
1.25224,1251,826.184,826.1761,1.03149414,0.021812981
1.25344,1252,826.184,826.1761,1.03149414,0.0109064905
1.25527,1253,826.184,826.1761,1.03149414,0
1.25530,1254,826.184,826.1761,1.03149414,-0.0163597353
1.25651,1255,826.184,826.1761,1.03149414,-0.0163597353
1.25833,1256,826.184,826.1761,1.03149414,-0.0163597353
1.25834,1257,826.184,826.1761,1.03149414,-0.0163597353
1.26017,1258,826.184,826.1761,1.03149414,-0.0163597353
1.26019,1259,826.184,826.1761,1.03149414,-0.0163597353
1.26144,1260,826.184,826.1761,1.03149414,-0.0163597353
1.26326,1261,826.184,826.1761,1.03149414,-0.0163597353
1.26328,1262,826.184,826.1761,1.03149414,-0.0163597353
1.26452,1263,826.184,826.1761,1.03149414,0
1.26660,1264,826.184,826.1761,1.03149414,0
1.26663,1265,826.184,826.1761,1.03149414,0
1.26832,1266,826.184,826.1761,1.03149414,0
1.26833,1267,826.184,826.1761,1.03149414,0
1.26956,1268,826.184,826.1761,1.03149414,0.0109064905
1.27129,1269,826.184,826.1761,1.03149414,0
1.27132,1270,826.184,826.176147,0.980834961,0.0109064905
1.27252,1271,826.184,826.176147,1.02355957,0.0109064905
1.27433,1272,826.184,826.176147,1.02355957,0.0109064905
1.27435,1273,826.184,826.1763,0.9222412,0.0109064905
1.27622,1274,826.184,826.1763,1.00769043,0.0109064905
1.27625,1275,826.184,826.1763,1.00769043,0.0109064905
1.27742,1276,826.184,826.1763,1.00769043,0.0109064905
1.27926,1277,826.184,826.1763,1.00769043,0.0109064905
1.27928,1278,826.184,826.1763,1.00769043,0.0109064905
1.28055,1279,826.184,826.1763,1.00769043,0.0109064905
1.28246,1280,826.184,826.1763,1.00769043,0.0109064905
1.28250,1281,826.184,826.1763,1.00769043,0.0109064905
1.28419,1282,826.184,826.176331,0.95703125,0.0109064905
1.28421,1283,826.184,826.176331,0.999755859,0.0109064905
1.28544,1284,826.184,826.176331,0.999755859,0.0109064905
1.28726,1285,826.184,826.176331,0.999755859,0
1.28728,1286,826.184,826.176331,0.999755859,0
1.28852,1287,826.184,826.176331,0.999755859,0
1.29033,1288,826.184,826.176331,0.999755859,0
1.29034,1289,826.184,826.176331,0.999755859,-0.0163597353
1.29218,1290,826.184,826.176331,0.999755859,-0.0163597353
1.29220,1291,826.184,826.176331,0.999755859,-0.0163597353
1.29344,1292,826.184,826.176331,0.999755859,-0.0163597353
1.29526,1293,826.184,826.176331,0.999755859,0
1.29529,1294,826.184,826.176331,0.999755859,0
1.29651,1295,826.184,826.176331,0.999755859,0
1.29835,1296,826.184,826.176331,0.999755859,0
1.29837,1297,826.184,826.176331,0.999755859,0
1.30018,1298,826.184,826.176331,0.999755859,0
1.30022,1299,826.184,826.176331,0.999755859,0
1.30145,1300,826.184,826.1764,0.9490967,0
1.30333,1301,826.184,826.1764,0.9918213,0
1.30337,1302,826.184,826.1764,0.9918213,0.0109064905
1.30452,1303,826.184,826.1764,0.9918213,0.0109064905
1.30634,1304,826.184,826.1764,0.9918213,0.0109064905
1.30635,1305,826.184,826.1764,0.9918213,0.0109064905
1.30821,1306,826.184,826.1765,0.8905029,0.0109064905
1.30823,1307,826.184,826.1765,0.975952148,0.0109064905
1.30942,1308,826.184,826.1766,0.925292969,0.021812981
1.31128,1309,826.184,826.1766,0.9680176,0.0109064905
1.31132,1310,826.184,826.1766,0.9680176,0.021812981
1.31251,1311,826.184,826.1766,0.9680176,0.021812981
1.31433,1312,826.184,826.1766,0.9680176,0.021812981
1.31436,1313,826.184,826.1766,0.9680176,0.021812981
1.31619,1314,826.184,826.1766,0.9680176,0.0109064905
1.31622,1315,826.184,826.1766,0.9680176,0
1.31745,1316,826.184,826.1766,0.9680176,-0.0163597353
1.31928,1317,826.184,826.1766,0.9680176,-0.0163597353
1.31931,1318,826.184,826.1766,0.9680176,-0.0163597353
1.32055,1319,826.184,826.1766,0.9680176,-0.0163597353
1.32233,1320,826.184,826.1766,0.9680176,0
1.32235,1321,826.184,826.1766,0.9680176,0
1.32422,1322,826.184,826.1766,0.9680176,0
1.32425,1323,826.184,826.1766,0.9680176,0
1.32543,1324,826.184,826.1766,0.9680176,0
1.32727,1325,826.184,826.1766,0.9680176,0
1.32729,1326,826.184,826.1766,0.9680176,0
1.32854,1327,826.184,826.1766,0.9680176,0
1.33033,1328,826.184,826.1766,0.9680176,0
1.33036,1329,826.184,826.1767,0.8666992,0
1.33230,1330,826.184,826.1767,0.952148438,0.0109064905
1.33234,1331,826.184,826.1767,0.952148438,0.0109064905
1.33345,1332,826.184,826.1767,0.952148438,0.0109064905
1.33529,1333,826.184,826.1767,0.952148438,0.021812981
1.33534,1334,826.184,826.1767,0.952148438,0.0109064905
1.33651,1335,826.184,826.1767,0.952148438,0.0109064905
1.33835,1336,826.184,826.1767,0.952148438,0.0109064905
1.33838,1337,826.184,826.1767,0.952148438,0.0109064905
1.34021,1338,826.184,826.1767,0.952148438,0.0109064905
1.34025,1339,826.184,826.1767,0.952148438,0.0109064905
1.34143,1340,826.184,826.1768,0.8508301,0.0109064905
1.34327,1341,826.184,826.1769,0.8856201,0.0109064905
1.34330,1342,826.184,826.1769,0.9283447,0.0109064905
1.34451,1343,826.184,826.1769,0.9283447,0.021812981
1.34636,1344,826.184,826.1769,0.9283447,0.021812981
1.34639,1345,826.184,826.1769,0.9283447,0.021812981
1.34821,1346,826.184,826.177,0.827026367,0.021812981
1.34824,1347,826.184,826.177,0.9124756,0.021812981
1.34944,1348,826.184,826.177,0.9124756,0.0109064905
1.35126,1349,826.184,826.1769,1.013794,0.0109064905
1.35129,1350,826.184,826.177,0.827026367,0
1.35252,1351,826.184,826.1769,1.013794,-0.0163597353
1.35436,1352,826.184,826.1769,0.9283447,-0.0163597353
1.35438,1353,826.184,826.1769,0.9283447,-0.0272662267
1.35619,1354,826.184,826.1769,0.9283447,-0.0163597353
1.35621,1355,826.184,826.1769,0.9283447,-0.0163597353
1.35744,1356,826.184,826.1769,0.9283447,0
1.35928,1357,826.184,826.1769,0.9283447,0
1.35930,1358,826.184,826.1769,0.9283447,0
1.36057,1359,826.184,826.1769,0.9283447,0
1.36234,1360,826.184,826.1769,0.9283447,0
1.36237,1361,826.184,826.1769,0.9283447,0
1.36420,1362,826.184,826.177,0.827026367,0
1.36422,1363,826.184,826.177063,0.8618164,0.0109064905
1.36560,1364,826.184,826.177063,0.904541,0.0109064905
1.36729,1365,826.184,826.177063,0.904541,0.03271947
1.36731,1366,826.184,826.177063,0.904541,0.03271947
1.36853,1367,826.184,826.1771,0.853881836,0.021812981
1.37034,1368,826.184,826.177246,0.7952881,0.021812981
1.37039,1369,826.184,826.177246,0.8807373,0.021812981
1.37227,1370,826.184,826.177246,0.8807373,0.021812981
1.37230,1371,826.184,826.177246,0.8807373,0.021812981
1.37346,1372,826.184,826.1773,0.8300781,0.021812981
1.37529,1373,826.184,826.177368,0.822143555,0.021812981
1.37532,1374,826.184,826.177368,0.864868164,0.021812981
1.37652,1375,826.184,826.177368,0.864868164,0.021812981
1.37834,1376,826.184,826.177368,0.864868164,0.021812981
1.37837,1377,826.184,826.177368,0.864868164,0.0109064905
1.38020,1378,826.184,826.177368,0.864868164,0.0109064905
1.38023,1379,826.184,826.1774,0.814209,0.0109064905
1.38143,1380,826.184,826.1774,0.8569336,0.0109064905
1.38330,1381,826.184,826.177551,0.755615234,0.021812981
1.38333,1382,826.184,826.177551,0.841064453,0.0109064905
1.38454,1383,826.184,826.177551,0.841064453,0.0109064905
1.38634,1384,826.184,826.177551,0.841064453,0.0109064905
1.38638,1385,826.184,826.177551,0.841064453,0.0109064905
1.38818,1386,826.184,826.177551,0.841064453,0.021812981
1.38822,1387,826.184,826.1776,0.7904053,0.021812981
1.38945,1388,826.184,826.1776,0.8331299,0.021812981
1.39130,1389,826.184,826.1777,0.7824707,0.021812981
1.39134,1390,826.184,826.1777,0.8251953,0.021812981
1.39251,1391,826.184,826.1777,0.8251953,0.021812981
1.39435,1392,826.184,826.1777,0.8251953,0.021812981
1.39439,1393,826.184,826.1777,0.8251953,0.021812981
1.39620,1394,826.184,826.1778,0.723876953,0.021812981
1.39621,1395,826.184,826.1778,0.8093262,0.021812981
1.39743,1396,826.184,826.177856,0.758667,0.021812981
1.39935,1397,826.184,826.177856,0.8013916,0.021812981
1.39938,1398,826.184,826.177856,0.8013916,0.03271947
1.40053,1399,826.184,826.178,0.700073242,0.03271947
1.40233,1400,826.184,826.178,0.785522461,0.043625962
1.40236,1401,826.184,826.1781,0.6842041,0.043625962
1.40420,1402,826.184,826.1782,0.668334961,0.06543894
1.40424,1403,826.184,826.1782,0.7537842,0.06543894
1.40547,1404,826.184,826.178345,0.6524658,0.07634544
1.40730,1405,826.184,826.1785,0.5859375,0.07634544
1.40732,1406,826.184,826.1785,0.7141113,0.07634544
1.40855,1407,826.184,826.17865,0.612792969,0.087251924
1.41036,1408,826.184,826.17865,0.6982422,0.07634544
1.41039,1409,826.184,826.178833,0.546264648,0.06543894
1.41219,1410,826.184,826.178833,0.6744385,0.06543894
1.41221,1411,826.184,826.178955,0.5731201,0.07634544
1.41343,1412,826.184,826.178955,0.658569336,0.07634544
1.41529,1413,826.184,826.179138,0.5065918,0.06543894
1.41532,1414,826.184,826.179138,0.6347656,0.0545324534
1.41652,1415,826.184,826.179138,0.6347656,0.043625962
1.41834,1416,826.184,826.179138,0.6347656,0.021812981
1.41839,1417,826.184,826.179138,0.6347656,0
1.42021,1418,826.184,826.1791,0.6854248,-0.0272662267
1.42024,1419,826.184,826.1791,0.6427002,-0.0272662267
1.42145,1420,826.184,826.178955,0.744018555,-0.0272662267
1.42327,1421,826.184,826.178955,0.658569336,-0.04907921
1.42329,1422,826.184,826.178955,0.658569336,-0.03817272
1.42453,1423,826.184,826.178955,0.658569336,-0.03817272
1.42635,1424,826.184,826.178955,0.658569336,-0.0272662267
1.42637,1425,826.184,826.178955,0.658569336,-0.0163597353
1.42821,1426,826.184,826.178955,0.658569336,-0.0163597353
1.42823,1427,826.184,826.178955,0.658569336,0
1.42945,1428,826.184,826.178955,0.658569336,0
1.43130,1429,826.184,826.178955,0.658569336,0
1.43132,1430,826.184,826.178955,0.658569336,0
1.43267,1431,826.184,826.178955,0.658569336,0
1.43436,1432,826.184,826.178955,0.658569336,0
1.43439,1433,826.184,826.178955,0.658569336,0
1.43620,1434,826.184,826.178955,0.658569336,0
1.43623,1435,826.184,826.178955,0.658569336,0
1.43743,1436,826.184,826.178955,0.658569336,0
1.43929,1437,826.184,826.178955,0.658569336,0
1.43931,1438,826.184,826.178955,0.658569336,0
1.44052,1439,826.184,826.178955,0.658569336,0
1.44233,1440,826.184,826.178955,0.658569336,0
1.44234,1441,826.184,826.178955,0.658569336,0
1.44421,1442,826.184,826.178955,0.658569336,0
1.44425,1443,826.184,826.178955,0.658569336,0
1.44545,1444,826.184,826.178955,0.658569336,0
1.44729,1445,826.184,826.178955,0.658569336,0
1.44731,1446,826.184,826.178955,0.658569336,0
1.44854,1447,826.184,826.178955,0.658569336,0
1.45035,1448,826.184,826.178955,0.658569336,0
1.45037,1449,826.184,826.178955,0.658569336,0
1.45227,1450,826.184,826.178955,0.658569336,0
1.45231,1451,826.184,826.178955,0.658569336,0
1.45346,1452,826.184,826.178955,0.658569336,0
1.45530,1453,826.184,826.178955,0.658569336,0
1.45532,1454,826.184,826.178955,0.658569336,0
1.45652,1455,826.184,826.178955,0.658569336,0
1.45835,1456,826.184,826.178955,0.658569336,0
1.45839,1457,826.184,826.178955,0.658569336,0
1.46019,1458,826.184,826.178955,0.658569336,0
1.46021,1459,826.184,826.178955,0.658569336,0
1.46144,1460,826.184,826.178955,0.658569336,0
1.46327,1461,826.184,826.178955,0.658569336,0
1.46329,1462,826.184,826.178955,0.658569336,0
1.46453,1463,826.184,826.178955,0.658569336,0
1.46634,1464,826.184,826.178955,0.658569336,0
1.46636,1465,826.184,826.178955,0.658569336,0
1.46822,1466,826.184,826.178955,0.658569336,0
1.46824,1467,826.184,826.178955,0.658569336,0
1.46943,1468,826.184,826.178955,0.658569336,0
1.47131,1469,826.184,826.178955,0.658569336,0
1.47133,1470,826.184,826.1791,0.557251,0.0109064905
1.47258,1471,826.184,826.1791,0.6427002,0.0109064905
1.47437,1472,826.184,826.179138,0.592041,0.0109064905
1.47442,1473,826.184,826.179138,0.6347656,0.0109064905
1.47621,1474,826.184,826.179138,0.6347656,0.0109064905
1.47623,1475,826.184,826.179138,0.6347656,0.0109064905
1.47742,1476,826.184,826.179138,0.6347656,0.0109064905
1.47929,1477,826.184,826.179138,0.6347656,0
1.47932,1478,826.184,826.179138,0.6347656,0
1.48052,1479,826.184,826.179138,0.6347656,-0.0163597353
1.48245,1480,826.184,826.179138,0.6347656,-0.0163597353
1.48251,1481,826.184,826.179138,0.6347656,-0.0163597353
1.48421,1482,826.184,826.179138,0.6347656,-0.0163597353
1.48424,1483,826.184,826.179138,0.6347656,0
1.48544,1484,826.184,826.179138,0.6347656,0
1.48731,1485,826.184,826.179138,0.6347656,0
1.48733,1486,826.184,826.179138,0.6347656,0
1.48852,1487,826.184,826.179138,0.6347656,0
1.49033,1488,826.184,826.179138,0.6347656,0
1.49035,1489,826.184,826.179138,0.6347656,0
1.49219,1490,826.184,826.179138,0.6347656,0
1.49222,1491,826.184,826.179138,0.6347656,0
1.49343,1492,826.184,826.179138,0.6347656,0
1.49531,1493,826.184,826.179138,0.6347656,0
1.49533,1494,826.184,826.179138,0.6347656,0
1.49652,1495,826.184,826.179138,0.6347656,0
1.49836,1496,826.184,826.179138,0.6347656,0
1.49840,1497,826.184,826.179138,0.6347656,0
1.50019,1498,826.184,826.179138,0.6347656,0
1.50023,1499,826.184,826.179138,0.6347656,0
1.50146,1500,826.184,826.179138,0.6347656,0
1.50327,1501,826.184,826.179138,0.6347656,0
1.50328,1502,826.184,826.179138,0.6347656,0.0109064905
1.50454,1503,826.184,826.179138,0.6347656,0.0109064905
1.50636,1504,826.184,826.179138,0.6347656,0.0109064905
1.50639,1505,826.184,826.179138,0.6347656,0.0109064905
1.50819,1506,826.184,826.1792,0.584106445,0.0109064905
1.50821,1507,826.184,826.1792,0.626831055,0.0109064905
1.50942,1508,826.184,826.1792,0.626831055,0.0109064905
1.51127,1509,826.184,826.1793,0.5255127,0.0109064905
1.51129,1510,826.184,826.1793,0.6109619,0.0109064905
1.51257,1511,826.184,826.1793,0.6109619,0.0109064905
1.51436,1512,826.184,826.1793,0.6109619,0
1.51440,1513,826.184,826.1793,0.6109619,0
1.51619,1514,826.184,826.1793,0.6109619,-0.0163597353
1.51621,1515,826.184,826.1793,0.6109619,-0.0163597353
1.51745,1516,826.184,826.1793,0.6109619,0
1.51930,1517,826.184,826.1792,0.7122803,0
1.51933,1518,826.184,826.1792,0.626831055,-0.0163597353
1.52052,1519,826.184,826.1792,0.626831055,-0.0163597353
1.52236,1520,826.184,826.1792,0.626831055,-0.0163597353
1.52242,1521,826.184,826.1792,0.626831055,-0.0163597353
1.52418,1522,826.184,826.1792,0.626831055,0
1.52420,1523,826.184,826.1792,0.626831055,0
1.52544,1524,826.184,826.1792,0.626831055,0
1.52727,1525,826.184,826.1792,0.626831055,0
1.52730,1526,826.184,826.1793,0.5255127,0
1.52855,1527,826.184,826.1793,0.6109619,0.0109064905
1.53035,1528,826.184,826.1793,0.6109619,0.021812981
1.53039,1529,826.184,826.1793,0.6109619,0.021812981
1.53258,1530,826.184,826.1793,0.6109619,0.021812981
1.53263,1531,826.184,826.1794,0.560302734,0.0109064905
1.53346,1532,826.184,826.1794,0.603027344,0.0109064905
1.53534,1533,826.184,826.1794,0.603027344,0.0109064905
1.53538,1534,826.184,826.179443,0.552368164,0.0109064905
1.53652,1535,826.184,826.1794,0.645751953,0
1.53836,1536,826.184,826.179443,0.552368164,0
1.53840,1537,826.184,826.1794,0.645751953,0
1.54019,1538,826.184,826.1794,0.603027344,-0.0163597353
1.54021,1539,826.184,826.1794,0.603027344,-0.0163597353
1.54143,1540,826.184,826.1794,0.603027344,-0.0163597353
1.54327,1541,826.184,826.1794,0.603027344,-0.0163597353
1.54328,1542,826.184,826.1794,0.603027344,-0.0163597353
1.54455,1543,826.184,826.1794,0.603027344,0
1.54635,1544,826.184,826.1794,0.603027344,0
1.54638,1545,826.184,826.1794,0.603027344,0
1.54819,1546,826.184,826.1794,0.603027344,0
1.54821,1547,826.184,826.1794,0.603027344,0
1.54943,1548,826.184,826.1794,0.603027344,0
1.55127,1549,826.184,826.1794,0.603027344,0
1.55131,1550,826.184,826.1794,0.603027344,0
1.55256,1551,826.184,826.1794,0.603027344,0
1.55437,1552,826.184,826.1794,0.603027344,0
1.55440,1553,826.184,826.1794,0.603027344,0
1.55619,1554,826.184,826.1794,0.603027344,0
1.55622,1555,826.184,826.1794,0.603027344,0
1.55743,1556,826.184,826.1794,0.603027344,0
1.55926,1557,826.184,826.1794,0.603027344,0
1.55927,1558,826.184,826.1794,0.603027344,0
1.56055,1559,826.184,826.1794,0.603027344,0
1.56235,1560,826.184,826.1794,0.603027344,0
1.56238,1561,826.184,826.1794,0.603027344,0
1.56422,1562,826.184,826.1794,0.603027344,0
1.56426,1563,826.184,826.1794,0.603027344,0
1.56575,1564,826.184,826.1794,0.603027344,0
1.56731,1565,826.184,826.1794,0.603027344,0
1.56734,1566,826.184,826.1794,0.603027344,0
1.56854,1567,826.184,826.1794,0.603027344,0
1.57036,1568,826.184,826.179443,0.552368164,0
1.57039,1569,826.184,826.179443,0.5950928,0
1.57222,1570,826.184,826.179443,0.5950928,0.0109064905
1.57224,1571,826.184,826.179443,0.5950928,0.0109064905
1.57345,1572,826.184,826.179443,0.5950928,0.0109064905
1.57528,1573,826.184,826.179443,0.5950928,0
1.57530,1574,826.184,826.179443,0.5950928,0
1.57656,1575,826.184,826.179443,0.5950928,-0.0163597353
1.57836,1576,826.184,826.179443,0.5950928,-0.0163597353
1.57838,1577,826.184,826.179443,0.5950928,0
1.58016,1578,826.184,826.179443,0.5950928,0
1.58018,1579,826.184,826.179443,0.5950928,0
1.58142,1580,826.184,826.179443,0.5950928,0
1.58329,1581,826.184,826.179443,0.5950928,0
1.58332,1582,826.184,826.179443,0.5950928,0
1.58454,1583,826.184,826.179443,0.5950928,0
1.58636,1584,826.184,826.179443,0.5950928,0
1.58640,1585,826.184,826.179443,0.5950928,0
1.58817,1586,826.184,826.179443,0.5950928,0
1.58820,1587,826.184,826.179443,0.5950928,0
1.58944,1588,826.184,826.179443,0.5950928,0
1.59126,1589,826.184,826.179443,0.5950928,0
1.59129,1590,826.184,826.179443,0.5950928,0
1.59254,1591,826.184,826.179443,0.5950928,0
1.59435,1592,826.184,826.179443,0.5950928,0
1.59439,1593,826.184,826.179443,0.5950928,0.0109064905
1.59616,1594,826.184,826.179443,0.5950928,0.0109064905
1.59618,1595,826.184,826.179443,0.5950928,0.0109064905
1.59744,1596,826.184,826.1795,0.5444336,0.0109064905
1.59930,1597,826.184,826.1795,0.5871582,0.0109064905
1.59934,1598,826.184,826.1795,0.5871582,0.0109064905
1.60052,1599,826.184,826.1796,0.485839844,0.0109064905
1.60235,1600,826.184,826.1796,0.571289063,0.0109064905
1.60238,1601,826.184,826.1796,0.571289063,0.0109064905
1.60417,1602,826.184,826.1796,0.571289063,0
1.60418,1603,826.184,826.1796,0.571289063,0
1.60543,1604,826.184,826.1796,0.571289063,-0.0163597353
1.60726,1605,826.184,826.1796,0.571289063,-0.0163597353
1.60729,1606,826.184,826.1796,0.571289063,0
1.60855,1607,826.184,826.1796,0.571289063,0
1.61034,1608,826.184,826.1796,0.571289063,0
1.61037,1609,826.184,826.1796,0.571289063,0
1.61219,1610,826.184,826.1796,0.571289063,0
1.61221,1611,826.184,826.1796,0.571289063,0
1.61343,1612,826.184,826.1796,0.571289063,0
1.61532,1613,826.184,826.1796,0.571289063,0
1.61536,1614,826.184,826.1796,0.571289063,0
1.61653,1615,826.184,826.1796,0.571289063,0
1.61834,1616,826.184,826.1796,0.571289063,0
1.61838,1617,826.184,826.1796,0.571289063,0
1.62020,1618,826.184,826.1796,0.571289063,0
1.62025,1619,826.184,826.1796,0.571289063,0
1.62144,1620,826.184,826.1796,0.571289063,0
1.62334,1621,826.184,826.1796,0.571289063,0
1.62339,1622,826.184,826.1796,0.571289063,0
1.62451,1623,826.184,826.1796,0.571289063,0
1.62635,1624,826.184,826.1796,0.571289063,0
1.62637,1625,826.184,826.1796,0.571289063,0
1.62818,1626,826.184,826.1796,0.571289063,0
1.62820,1627,826.184,826.1796,0.571289063,0
1.62943,1628,826.184,826.1796,0.571289063,0
1.63128,1629,826.184,826.1796,0.571289063,0
1.63130,1630,826.184,826.1796,0.571289063,0
1.63269,1631,826.184,826.1796,0.571289063,0
1.63434,1632,826.184,826.1796,0.571289063,0
1.63438,1633,826.184,826.1796,0.571289063,0
1.63620,1634,826.184,826.1796,0.571289063,0
1.63623,1635,826.184,826.1796,0.571289063,0
1.63745,1636,826.184,826.1796,0.571289063,0.0109064905
1.63927,1637,826.184,826.1796,0.571289063,0.0109064905
1.63931,1638,826.184,826.1796,0.571289063,0.0109064905
1.64052,1639,826.184,826.1796,0.571289063,0.0109064905
1.64234,1640,826.184,826.1796,0.571289063,0.0109064905
1.64237,1641,826.184,826.1796,0.571289063,0.0109064905
1.64419,1642,826.184,826.1797,0.5206299,0.0109064905
1.64421,1643,826.184,826.1797,0.5633545,0.0109064905
1.64543,1644,826.184,826.1797,0.5633545,0.0109064905
1.64725,1645,826.184,826.179749,0.5126953,0.0109064905
1.64727,1646,826.184,826.179749,0.5554199,0.0109064905
1.64852,1647,826.184,826.179749,0.5554199,0
1.65037,1648,826.184,826.179749,0.5554199,0
1.65042,1649,826.184,826.179749,0.5554199,0
1.65220,1650,826.184,826.179749,0.5554199,-0.0163597353
1.65221,1651,826.184,826.179749,0.5554199,-0.0163597353
1.65346,1652,826.184,826.179749,0.5554199,0
1.65527,1653,826.184,826.179749,0.5554199,0
1.65528,1654,826.184,826.179749,0.5554199,0
1.65655,1655,826.184,826.179749,0.5554199,0
1.65836,1656,826.184,826.179749,0.5554199,0
1.65839,1657,826.184,826.179749,0.5554199,0
1.66018,1658,826.184,826.179749,0.5554199,0
1.66021,1659,826.184,826.179749,0.5554199,0
1.66142,1660,826.184,826.179749,0.5554199,0
1.66328,1661,826.184,826.179749,0.5554199,0
1.66331,1662,826.184,826.179749,0.5554199,0
1.66452,1663,826.184,826.179749,0.5554199,0
1.66637,1664,826.184,826.179749,0.5554199,0
1.66641,1665,826.184,826.179749,0.5554199,0
1.66819,1666,826.184,826.179749,0.5554199,0
1.66820,1667,826.184,826.179749,0.5554199,0
1.66944,1668,826.184,826.179749,0.5554199,0
1.67126,1669,826.184,826.179749,0.5554199,0
1.67127,1670,826.184,826.179749,0.5554199,0.0109064905
1.67254,1671,826.184,826.179749,0.5554199,0.0109064905
1.67436,1672,826.184,826.179749,0.5554199,0.0109064905
1.67441,1673,826.184,826.179749,0.5554199,0.0109064905
1.67621,1674,826.184,826.179749,0.5554199,0
1.67623,1675,826.184,826.179749,0.5554199,0
1.67743,1676,826.184,826.179749,0.5554199,0
1.67927,1677,826.184,826.179749,0.5554199,-0.0163597353
1.67929,1678,826.184,826.179749,0.5554199,0
1.68051,1679,826.184,826.179749,0.5554199,0
1.68257,1680,826.184,826.179749,0.5554199,0
1.68265,1681,826.184,826.179749,0.5554199,0
1.68419,1682,826.184,826.179749,0.5554199,0
1.68421,1683,826.184,826.179749,0.5554199,0
1.68546,1684,826.184,826.179749,0.5554199,0
1.68725,1685,826.184,826.179749,0.5554199,0
1.68726,1686,826.184,826.179749,0.5554199,0
1.68855,1687,826.184,826.1799,0.454101563,0
1.69033,1688,826.184,826.1799,0.5395508,0.0109064905
1.69034,1689,826.184,826.1799,0.5395508,0.0109064905
1.69217,1690,826.184,826.179932,0.4888916,0.0109064905
1.69220,1691,826.184,826.179932,0.5316162,0.0109064905
1.69344,1692,826.184,826.179932,0.5316162,0.0109064905
1.69527,1693,826.184,826.179932,0.5316162,0
1.69529,1694,826.184,826.179932,0.5316162,0
1.69651,1695,826.184,826.179932,0.5316162,0
1.69833,1696,826.184,826.179932,0.5316162,-0.0163597353
1.69837,1697,826.184,826.179932,0.5316162,0
1.70023,1698,826.184,826.179932,0.5316162,0
1.70025,1699,826.184,826.179932,0.5316162,0
1.70144,1700,826.184,826.179932,0.5316162,0
1.70327,1701,826.184,826.179932,0.5316162,0
1.70329,1702,826.184,826.179932,0.5316162,0
1.70452,1703,826.184,826.179932,0.5316162,0
1.70633,1704,826.184,826.179932,0.5316162,0
1.70634,1705,826.184,826.179932,0.5316162,0
1.70818,1706,826.184,826.179932,0.5316162,0
1.70820,1707,826.184,826.179932,0.5316162,0
1.70945,1708,826.184,826.179932,0.5316162,0
1.71125,1709,826.184,826.179932,0.5316162,0
1.71127,1710,826.184,826.179932,0.5316162,0
1.71253,1711,826.184,826.179932,0.5316162,0
1.71433,1712,826.184,826.179932,0.5316162,0
1.71434,1713,826.184,826.179932,0.5316162,0
1.71618,1714,826.184,826.179932,0.5316162,0
1.71620,1715,826.184,826.179932,0.5316162,0
1.71745,1716,826.184,826.179932,0.5316162,0
1.71926,1717,826.184,826.179932,0.5316162,0
1.71927,1718,826.184,826.179932,0.5316162,0
1.72054,1719,826.184,826.179932,0.5316162,0
1.72234,1720,826.184,826.179932,0.5316162,0
1.72237,1721,826.184,826.179932,0.5316162,0
1.72417,1722,826.184,826.179932,0.5316162,0
1.72418,1723,826.184,826.179932,0.5316162,0
1.72543,1724,826.184,826.179932,0.5316162,0
1.72726,1725,826.184,826.179932,0.5316162,0
1.72727,1726,826.184,826.179932,0.5316162,0
1.72854,1727,826.184,826.179932,0.5316162,0
1.73033,1728,826.184,826.179932,0.5316162,0
1.73035,1729,826.184,826.179932,0.5316162,0
1.73264,1730,826.184,826.179932,0.5316162,0
1.73273,1731,826.184,826.179932,0.5316162,0.0109064905
1.73351,1732,826.184,826.179932,0.5316162,0.0109064905
1.73527,1733,826.184,826.179932,0.5316162,0.0109064905
1.73529,1734,826.184,826.179932,0.5316162,0.0109064905
1.73656,1735,826.184,826.179932,0.5316162,0.0109064905
1.73833,1736,826.184,826.180054,0.430297852,0.0109064905
1.73835,1737,826.184,826.180054,0.5157471,0.0109064905
1.74017,1738,826.184,826.180054,0.5157471,0.0109064905
1.74018,1739,826.184,826.180054,0.5157471,0.0109064905
1.74144,1740,826.184,826.180054,0.5157471,0.0109064905
1.74328,1741,826.184,826.180054,0.5157471,0.0109064905
1.74330,1742,826.184,826.180054,0.5157471,0.0109064905
1.74454,1743,826.184,826.180054,0.5157471,0
1.74636,1744,826.184,826.180054,0.5157471,0
1.74639,1745,826.184,826.180054,0.5157471,-0.0163597353
1.74821,1746,826.184,826.180054,0.5157471,-0.0163597353
1.74823,1747,826.184,826.180054,0.5157471,0
1.74944,1748,826.184,826.180054,0.5157471,0
1.75136,1749,826.184,826.180054,0.5157471,0
1.75137,1750,826.184,826.180054,0.5157471,0
1.75253,1751,826.184,826.180054,0.5157471,0
1.75434,1752,826.184,826.180054,0.5157471,0
1.75436,1753,826.184,826.180054,0.5157471,0
1.75617,1754,826.184,826.180054,0.5157471,0
1.75618,1755,826.184,826.180054,0.5157471,0
1.75743,1756,826.184,826.180054,0.5157471,0
1.75926,1757,826.184,826.180054,0.5157471,0
1.75927,1758,826.184,826.180054,0.5157471,0
1.76051,1759,826.184,826.180054,0.5157471,0
1.76234,1760,826.184,826.180054,0.5157471,0
1.76237,1761,826.184,826.180054,0.5157471,0
1.76422,1762,826.184,826.180054,0.5157471,0
1.76426,1763,826.184,826.180054,0.5157471,0
1.76544,1764,826.184,826.180054,0.5157471,0
1.76727,1765,826.184,826.180054,0.5157471,0
1.76729,1766,826.184,826.180054,0.5157471,0
1.76858,1767,826.184,826.180054,0.5157471,0
1.77034,1768,826.184,826.180054,0.5157471,0.0109064905
1.77036,1769,826.184,826.180054,0.5157471,0.0109064905
1.77221,1770,826.184,826.180054,0.5157471,0.0109064905
1.77226,1771,826.184,826.180054,0.5157471,0.0109064905
1.77345,1772,826.184,826.180054,0.5157471,0.0109064905
1.77530,1773,826.184,826.1802,0.4144287,0.0109064905
1.77532,1774,826.184,826.1802,0.49987793,0.0109064905
1.77653,1775,826.184,826.1802,0.49987793,0.0109064905
1.77834,1776,826.184,826.180237,0.44921875,0.0109064905
1.77837,1777,826.184,826.180237,0.491943359,0.0109064905
1.78017,1778,826.184,826.180237,0.491943359,0.0109064905
1.78018,1779,826.184,826.180237,0.491943359,0
1.78143,1780,826.184,826.180237,0.491943359,0
1.78327,1781,826.184,826.180237,0.491943359,0
1.78329,1782,826.184,826.180237,0.491943359,-0.0163597353
1.78454,1783,826.184,826.180237,0.491943359,-0.0163597353
1.78633,1784,826.184,826.180237,0.491943359,-0.0163597353
1.78636,1785,826.184,826.180237,0.491943359,0
1.78820,1786,826.184,826.180237,0.491943359,0
1.78822,1787,826.184,826.180237,0.491943359,0
1.78942,1788,826.184,826.180237,0.491943359,0
1.79126,1789,826.184,826.180237,0.491943359,0
1.79128,1790,826.184,826.180237,0.491943359,0
1.79259,1791,826.184,826.180237,0.491943359,0
1.79435,1792,826.184,826.180237,0.491943359,0
1.79439,1793,826.184,826.180237,0.491943359,0
1.79617,1794,826.184,826.180237,0.491943359,0
1.79620,1795,826.184,826.180237,0.491943359,0
1.79742,1796,826.184,826.180237,0.491943359,0
1.79929,1797,826.184,826.180237,0.491943359,0
1.79933,1798,826.184,826.180237,0.491943359,0
1.80056,1799,826.184,826.180237,0.491943359,0
1.80234,1800,826.184,826.180237,0.491943359,0
1.80237,1801,826.184,826.180237,0.491943359,0
1.80420,1802,826.184,826.180237,0.491943359,0
1.80425,1803,826.184,826.180237,0.491943359,0
1.80543,1804,826.184,826.180237,0.491943359,0
1.80730,1805,826.184,826.180237,0.491943359,0
1.80734,1806,826.184,826.180237,0.491943359,0
1.80855,1807,826.184,826.180237,0.491943359,0
1.81035,1808,826.184,826.180237,0.491943359,0
1.81039,1809,826.184,826.180237,0.491943359,0
1.81218,1810,826.184,826.180237,0.491943359,0
1.81219,1811,826.184,826.180237,0.491943359,0
1.81342,1812,826.184,826.180237,0.491943359,0.0109064905
1.81529,1813,826.184,826.180237,0.491943359,0.0109064905
1.81532,1814,826.184,826.180237,0.491943359,0.0109064905
1.81654,1815,826.184,826.180237,0.491943359,0.0109064905
1.81834,1816,826.184,826.180237,0.491943359,0.0109064905
1.81836,1817,826.184,826.180359,0.390625,0.0109064905
1.82019,1818,826.184,826.180359,0.476074219,0.0109064905
1.82021,1819,826.184,826.180359,0.476074219,0.0109064905
1.82142,1820,826.184,826.1804,0.425415039,0.0109064905
1.82329,1821,826.184,826.1804,0.468139648,0.0109064905
1.82331,1822,826.184,826.1804,0.468139648,0.0109064905
1.82453,1823,826.184,826.1804,0.468139648,0
1.82633,1824,826.184,826.1804,0.468139648,0
1.82635,1825,826.184,826.1804,0.468139648,-0.0163597353
1.82818,1826,826.184,826.1804,0.468139648,-0.0163597353
1.82819,1827,826.184,826.1804,0.468139648,0
1.82942,1828,826.184,826.1804,0.468139648,0
1.83128,1829,826.184,826.1804,0.468139648,0
1.83130,1830,826.184,826.1804,0.468139648,0
1.83264,1831,826.184,826.1804,0.468139648,0
1.83439,1832,826.184,826.1804,0.468139648,0
1.83442,1833,826.184,826.1804,0.468139648,0
1.83622,1834,826.184,826.1804,0.468139648,0
1.83625,1835,826.184,826.1804,0.468139648,0
1.83743,1836,826.184,826.1804,0.468139648,0
1.83930,1837,826.184,826.1804,0.468139648,0
1.83933,1838,826.184,826.1804,0.468139648,0
1.84053,1839,826.184,826.1804,0.468139648,0
1.84233,1840,826.184,826.1804,0.468139648,0
1.84235,1841,826.184,826.1804,0.468139648,0
1.84420,1842,826.184,826.1804,0.468139648,0
1.84422,1843,826.184,826.1804,0.468139648,0
1.84543,1844,826.184,826.1804,0.468139648,0
1.84729,1845,826.184,826.1804,0.468139648,0
1.84732,1846,826.184,826.1804,0.468139648,0
1.84852,1847,826.184,826.1804,0.468139648,0
1.85034,1848,826.184,826.1804,0.468139648,0
1.85035,1849,826.184,826.1804,0.468139648,0
1.85220,1850,826.184,826.1804,0.468139648,0
1.85223,1851,826.184,826.1804,0.468139648,0
1.85345,1852,826.184,826.1804,0.468139648,0
1.85527,1853,826.184,826.1804,0.468139648,0
1.85529,1854,826.184,826.1804,0.468139648,0
1.85653,1855,826.184,826.1804,0.468139648,0.0109064905
1.85836,1856,826.184,826.1804,0.468139648,0.0109064905
1.85838,1857,826.184,826.1804,0.468139648,0.0109064905
1.86022,1858,826.184,826.1804,0.468139648,0.0109064905
1.86025,1859,826.184,826.1804,0.468139648,0.0109064905
1.86143,1860,826.184,826.1805,0.417480469,0.0109064905
1.86329,1861,826.184,826.1805,0.460205078,0.0109064905
1.86331,1862,826.184,826.1805,0.460205078,0.0109064905
1.86451,1863,826.184,826.1805,0.460205078,0.0109064905
1.86638,1864,826.184,826.1806,0.358886719,0.0109064905
1.86641,1865,826.184,826.1806,0.444335938,0.0109064905
1.86822,1866,826.184,826.1806,0.444335938,0.0109064905
1.86827,1867,826.184,826.1806,0.444335938,0.0109064905
1.86943,1868,826.184,826.1806,0.444335938,0.0109064905
1.87127,1869,826.184,826.1806,0.444335938,0.0109064905
1.87128,1870,826.184,826.1806,0.444335938,0.0109064905
1.87252,1871,826.184,826.1806,0.444335938,0.0109064905
1.87434,1872,826.184,826.1806,0.444335938,0.0109064905
1.87437,1873,826.184,826.180664,0.393676758,0.0109064905
1.87621,1874,826.184,826.1806,0.487060547,0
1.87624,1875,826.184,826.1806,0.444335938,0
1.87744,1876,826.184,826.1806,0.444335938,-0.0163597353
1.87928,1877,826.184,826.1806,0.444335938,-0.0163597353
1.87931,1878,826.184,826.1806,0.444335938,0
1.88051,1879,826.184,826.1806,0.444335938,0
1.88250,1880,826.184,826.1806,0.444335938,0
1.88254,1881,826.184,826.1806,0.444335938,0
1.88417,1882,826.184,826.1806,0.444335938,0
1.88419,1883,826.184,826.1806,0.444335938,0
1.88545,1884,826.184,826.1806,0.444335938,0
1.88728,1885,826.184,826.1806,0.444335938,0
1.88732,1886,826.184,826.1806,0.444335938,0
1.88853,1887,826.184,826.1806,0.444335938,0
1.89037,1888,826.184,826.1806,0.444335938,0
1.89041,1889,826.184,826.180664,0.393676758,0
1.89222,1890,826.184,826.180664,0.436401367,0
1.89225,1891,826.184,826.1807,0.3857422,0
1.89345,1892,826.184,826.1807,0.4284668,0.021812981
1.89528,1893,826.184,826.1807,0.4284668,0.021812981
1.89531,1894,826.184,826.1807,0.4284668,0.0109064905
1.89652,1895,826.184,826.1807,0.4284668,0.0109064905
1.89836,1896,826.184,826.1807,0.4284668,0.0109064905
1.89840,1897,826.184,826.1807,0.4284668,0.0109064905
1.90021,1898,826.184,826.1807,0.4284668,0.0109064905
1.90025,1899,826.184,826.1807,0.4284668,0.0109064905
1.90145,1900,826.184,826.1809,0.276489258,0.0109064905
1.90332,1901,826.184,826.1809,0.4046631,0.021812981
1.90335,1902,826.184,826.1809,0.4046631,0.021812981
1.90452,1903,826.184,826.1809,0.4046631,0.021812981
1.90634,1904,826.184,826.1809,0.4046631,0.021812981
1.90637,1905,826.184,826.180969,0.3540039,0.021812981
1.90822,1906,826.184,826.180969,0.396728516,0.021812981
1.90826,1907,826.184,826.180969,0.396728516,0.021812981
1.90943,1908,826.184,826.180969,0.396728516,0.0109064905
1.91130,1909,826.184,826.181,0.346069336,0
1.91134,1910,826.184,826.180969,0.439453125,0
1.91251,1911,826.184,826.181,0.346069336,0
1.91435,1912,826.184,826.181,0.388793945,0
1.91437,1913,826.184,826.181,0.388793945,0
1.91622,1914,826.184,826.181,0.388793945,0
1.91625,1915,826.184,826.181,0.388793945,0
1.91745,1916,826.184,826.181,0.388793945,0
1.91933,1917,826.184,826.181,0.388793945,0
1.91938,1918,826.184,826.181,0.388793945,0
1.92052,1919,826.184,826.181,0.388793945,0
1.92236,1920,826.184,826.181,0.388793945,-0.0163597353
1.92240,1921,826.184,826.181,0.388793945,-0.0163597353
1.92421,1922,826.184,826.181,0.388793945,0
1.92423,1923,826.184,826.181,0.388793945,0
1.92544,1924,826.184,826.181,0.388793945,0.0109064905
1.92726,1925,826.184,826.181152,0.2874756,0.0109064905
1.92728,1926,826.184,826.181152,0.3729248,0.021812981
1.92854,1927,826.184,826.1812,0.322265625,0.021812981
1.93035,1928,826.184,826.1812,0.364990234,0.021812981
1.93037,1929,826.184,826.1813,0.314331055,0.03271947
1.93254,1930,826.184,826.181335,0.306396484,0.03271947
1.93258,1931,826.184,826.181335,0.3491211,0.043625962
1.93344,1932,826.184,826.1816,0.146484375,0.043625962
1.93529,1933,826.184,826.1816,0.3173828,0.0545324534
1.93531,1934,826.184,826.1817,0.216064453,0.0545324534
1.93652,1935,826.184,826.1817,0.301513672,0.06543894
1.93835,1936,826.184,826.1819,0.149536133,0.07634544
1.93838,1937,826.184,826.1819,0.277709961,0.07634544
1.94022,1938,826.184,826.182,0.1763916,0.087251924
1.94025,1939,826.184,826.1821,0.160522461,0.087251924
1.94143,1940,826.184,826.1822,0.1953125,0.087251924
1.94329,1941,826.184,826.1823,0.13671875,0.087251924
1.94333,1942,826.184,826.1823,0.222167969,0.087251924
1.94453,1943,826.184,826.1825,0.07019043,0.087251924
1.94637,1944,826.184,826.1825,0.198364258,0.087251924
1.94640,1945,826.184,826.1827,0.04638672,0.07634544
1.94821,1946,826.184,826.1827,0.174560547,0.06543894
1.94824,1947,826.184,826.1827,0.174560547,0.0545324534
1.94951,1948,826.184,826.1827,0.174560547,0.03271947
1.95129,1949,826.184,826.1827,0.174560547,0.021812981
1.95131,1950,826.184,826.1827,0.174560547,-0.0163597353
1.95252,1951,826.184,826.182556,0.2758789,-0.0272662267
1.95436,1952,826.184,826.1825,0.241088867,-0.03817272
1.95440,1953,826.184,826.1825,0.198364258,-0.04907921
1.95619,1954,826.184,826.1825,0.198364258,-0.03817272
1.95622,1955,826.184,826.1825,0.198364258,-0.04907921
1.95746,1956,826.184,826.182434,0.249023438,-0.04907921
1.95931,1957,826.184,826.1823,0.3076172,-0.04907921
1.95934,1958,826.184,826.1823,0.222167969,-0.03817272
1.96052,1959,826.184,826.1823,0.222167969,-0.0272662267
1.96234,1960,826.184,826.1823,0.222167969,-0.03817272
1.96236,1961,826.184,826.1823,0.222167969,-0.0272662267
1.96419,1962,826.184,826.1823,0.222167969,-0.0272662267
1.96420,1963,826.184,826.1823,0.222167969,-0.0163597353
1.96577,1964,826.184,826.1823,0.222167969,-0.0163597353
1.96728,1965,826.184,826.1823,0.222167969,0
1.96732,1966,826.184,826.182434,0.120849609,0.0109064905
1.96852,1967,826.184,826.182434,0.206298828,0.0109064905
1.97034,1968,826.184,826.1825,0.155639648,0.0109064905
1.97036,1969,826.184,826.1825,0.198364258,0.0109064905
1.97218,1970,826.184,826.1825,0.198364258,0.0109064905
1.97222,1971,826.184,826.1825,0.198364258,0.0109064905
1.97345,1972,826.184,826.1825,0.198364258,0.0109064905
1.97528,1973,826.184,826.1825,0.198364258,0
1.97530,1974,826.184,826.1825,0.198364258,0
1.97652,1975,826.184,826.1825,0.198364258,0
1.97834,1976,826.184,826.1825,0.198364258,-0.0163597353
1.97838,1977,826.184,826.1825,0.198364258,0
1.98025,1978,826.184,826.1825,0.198364258,-0.0163597353
1.98029,1979,826.184,826.1825,0.198364258,-0.0163597353
1.98143,1980,826.184,826.1825,0.198364258,-0.0163597353
1.98329,1981,826.184,826.1825,0.198364258,-0.0163597353
1.98331,1982,826.184,826.1825,0.198364258,-0.0163597353
1.98453,1983,826.184,826.1825,0.198364258,0
1.98637,1984,826.184,826.1825,0.198364258,0
1.98641,1985,826.184,826.1825,0.198364258,0
1.98824,1986,826.184,826.1825,0.198364258,0
1.98828,1987,826.184,826.1825,0.198364258,0
1.98945,1988,826.184,826.1825,0.198364258,0
1.99132,1989,826.184,826.1825,0.198364258,0
1.99135,1990,826.184,826.1825,0.198364258,0
1.99252,1991,826.184,826.1825,0.198364258,0
1.99433,1992,826.184,826.1825,0.198364258,0
1.99435,1993,826.184,826.1825,0.198364258,0
1.99621,1994,826.184,826.1825,0.198364258,0
1.99622,1995,826.184,826.1825,0.198364258,0
1.99745,1996,826.184,826.1825,0.198364258,0
1.99940,1997,826.184,826.1825,0.198364258,0
1.99946,1998,826.184,826.1825,0.198364258,0
2.00056,1999,826.184,826.1825,0.198364258,0
2.00234,2000,826.184,826.1825,0.198364258,0
2.00236,2001,826.184,826.1825,0.198364258,0
2.00419,2002,826.184,826.1825,0.198364258,0
2.00422,2003,826.184,826.1825,0.198364258,0
2.00545,2004,826.184,826.1825,0.198364258,0
2.00726,2005,826.184,826.1825,0.198364258,0
2.00728,2006,826.184,826.1825,0.198364258,0
2.00854,2007,826.184,826.1825,0.198364258,0
2.01035,2008,826.184,826.1825,0.198364258,0
2.01038,2009,826.184,826.1825,0.198364258,0
2.01220,2010,826.184,826.1825,0.198364258,0
2.01223,2011,826.184,826.1825,0.198364258,0
2.01344,2012,826.184,826.1825,0.198364258,0
2.01531,2013,826.184,826.1825,0.198364258,0
2.01534,2014,826.184,826.1825,0.198364258,0
2.01656,2015,826.184,826.1825,0.198364258,0
2.01842,2016,826.184,826.1825,0.198364258,0
2.01845,2017,826.184,826.1825,0.198364258,0
2.02021,2018,826.184,826.1825,0.198364258,0
2.02023,2019,826.184,826.1825,0.198364258,0
2.02143,2020,826.184,826.1825,0.198364258,0
2.02332,2021,826.184,826.1825,0.198364258,0
2.02334,2022,826.184,826.1825,0.198364258,0
2.02453,2023,826.184,826.1825,0.198364258,0
2.02635,2024,826.184,826.1825,0.198364258,0
2.02639,2025,826.184,826.1825,0.198364258,0
2.02820,2026,826.184,826.1825,0.198364258,0
2.02822,2027,826.184,826.1825,0.198364258,0
2.02943,2028,826.184,826.1825,0.198364258,0
2.03128,2029,826.184,826.1825,0.198364258,0
2.03132,2030,826.184,826.1825,0.198364258,0
2.03269,2031,826.184,826.1825,0.198364258,0
2.03436,2032,826.184,826.1825,0.198364258,0
2.03438,2033,826.184,826.1825,0.198364258,0
2.03621,2034,826.184,826.1825,0.198364258,0
2.03624,2035,826.184,826.1825,0.198364258,0
2.03743,2036,826.184,826.1825,0.198364258,0
2.03929,2037,826.184,826.1825,0.198364258,0
2.03932,2038,826.184,826.1825,0.198364258,0
2.04051,2039,826.184,826.1825,0.198364258,0
2.04239,2040,826.184,826.1825,0.198364258,0
2.04246,2041,826.184,826.1825,0.198364258,0
2.04423,2042,826.184,826.1825,0.198364258,0
2.04426,2043,826.184,826.1825,0.198364258,0
2.04544,2044,826.184,826.1825,0.198364258,0
2.04731,2045,826.184,826.1825,0.198364258,0
2.04734,2046,826.184,826.1825,0.198364258,0
2.04856,2047,826.184,826.1825,0.198364258,0
2.05036,2048,826.184,826.1825,0.198364258,0
2.05040,2049,826.184,826.1825,0.198364258,0
2.05243,2050,826.184,826.1825,0.198364258,0
2.05245,2051,826.184,826.1825,0.198364258,0
2.05344,2052,826.184,826.1825,0.198364258,0
2.05531,2053,826.184,826.1825,0.198364258,0
2.05533,2054,826.184,826.1825,0.198364258,0
2.05652,2055,826.184,826.1825,0.198364258,0
2.05835,2056,826.184,826.1825,0.198364258,0
2.05837,2057,826.184,826.1825,0.198364258,0
2.06020,2058,826.184,826.1825,0.198364258,0
2.06022,2059,826.184,826.1825,0.198364258,0
2.06144,2060,826.184,826.1825,0.198364258,0
2.06327,2061,826.184,826.1825,0.198364258,0
2.06330,2062,826.184,826.1825,0.198364258,0
2.06452,2063,826.184,826.1825,0.198364258,0
2.06637,2064,826.184,826.1825,0.198364258,0
2.06640,2065,826.184,826.1825,0.198364258,0
2.06818,2066,826.184,826.1825,0.198364258,0
2.06820,2067,826.184,826.1825,0.198364258,0
2.06943,2068,826.184,826.1825,0.198364258,0
2.07125,2069,826.184,826.1825,0.198364258,0
2.07127,2070,826.184,826.1825,0.198364258,0
2.07254,2071,826.184,826.1825,0.198364258,0
2.07435,2072,826.184,826.1825,0.198364258,0
2.07437,2073,826.184,826.1825,0.198364258,0
2.07621,2074,826.184,826.1825,0.198364258,0
2.07626,2075,826.184,826.1825,0.198364258,0
2.07742,2076,826.184,826.1825,0.198364258,0
2.07931,2077,826.184,826.1825,0.198364258,0
2.07933,2078,826.184,826.1825,0.198364258,0
2.08053,2079,826.184,826.1825,0.198364258,0
2.08256,2080,826.184,826.1825,0.198364258,0
2.08262,2081,826.184,826.1825,0.198364258,0
2.08423,2082,826.184,826.1825,0.198364258,0
2.08428,2083,826.184,826.1825,0.198364258,0
2.08544,2084,826.184,826.1825,0.198364258,0
2.08729,2085,826.184,826.1825,0.198364258,0
2.08731,2086,826.184,826.1825,0.198364258,0
2.08852,2087,826.184,826.1825,0.198364258,0
2.09035,2088,826.184,826.1825,0.198364258,0
2.09041,2089,826.184,826.1825,0.198364258,0
2.09223,2090,826.184,826.1825,0.198364258,0
2.09225,2091,826.184,826.1825,0.198364258,0
2.09345,2092,826.184,826.1825,0.198364258,0
2.09528,2093,826.184,826.1825,0.198364258,0
2.09531,2094,826.184,826.1825,0.198364258,0
2.09652,2095,826.184,826.1825,0.198364258,0
2.09833,2096,826.184,826.1825,0.198364258,0
2.09836,2097,826.184,826.1825,0.198364258,0
2.10019,2098,826.184,826.1825,0.198364258,0.0109064905
2.10023,2099,826.184,826.1825,0.198364258,0.0109064905
2.10144,2100,826.184,826.182556,0.147705078,0.0109064905
2.10327,2101,826.184,826.182556,0.190429688,0.0109064905
2.10329,2102,826.184,826.182556,0.190429688,0.0109064905
2.10452,2103,826.184,826.1827,0.08911133,0.0109064905
2.10637,2104,826.184,826.182556,0.2758789,0.0109064905
2.10639,2105,826.184,826.182556,0.190429688,0
2.10827,2106,826.184,826.182556,0.190429688,0
2.10831,2107,826.184,826.182556,0.190429688,-0.0163597353
2.10944,2108,826.184,826.182556,0.190429688,-0.0163597353
2.11132,2109,826.184,826.182556,0.190429688,-0.0163597353
2.11135,2110,826.184,826.1825,0.241088867,-0.0163597353
2.11256,2111,826.184,826.1825,0.198364258,-0.0163597353
2.11436,2112,826.184,826.1825,0.198364258,-0.0163597353
2.11439,2113,826.184,826.1825,0.198364258,-0.0163597353
2.11618,2114,826.184,826.1825,0.198364258,-0.0163597353
2.11622,2115,826.184,826.1825,0.198364258,0
2.11745,2116,826.184,826.1825,0.198364258,0
2.11929,2117,826.184,826.182556,0.147705078,0
2.11931,2118,826.184,826.182556,0.190429688,0
2.12058,2119,826.184,826.182556,0.190429688,0
2.12234,2120,826.184,826.182556,0.190429688,0
2.12236,2121,826.184,826.182556,0.190429688,0
2.12418,2122,826.184,826.1827,0.08911133,0
2.12419,2123,826.184,826.1827,0.174560547,0
2.12546,2124,826.184,826.1827,0.174560547,0.0109064905
2.12727,2125,826.184,826.1827,0.174560547,0.0109064905
2.12730,2126,826.184,826.1827,0.174560547,0.0109064905
2.12853,2127,826.184,826.1827,0.174560547,0.0109064905
2.13034,2128,826.184,826.1827,0.174560547,0.0109064905
2.13037,2129,826.184,826.1827,0.174560547,0.0109064905
2.13260,2130,826.184,826.1827,0.174560547,0.0109064905
2.13268,2131,826.184,826.1827,0.174560547,0
2.13345,2132,826.184,826.1827,0.174560547,-0.0163597353
2.13533,2133,826.184,826.1827,0.174560547,-0.0163597353
2.13540,2134,826.184,826.1827,0.174560547,-0.0272662267
2.13654,2135,826.184,826.1827,0.174560547,-0.0163597353
2.13836,2136,826.184,826.1827,0.174560547,-0.0163597353
2.13840,2137,826.184,826.1827,0.174560547,-0.0163597353
2.14017,2138,826.184,826.1827,0.174560547,-0.0163597353
2.14018,2139,826.184,826.1827,0.174560547,0
2.14143,2140,826.184,826.1827,0.174560547,0
2.14328,2141,826.184,826.1827,0.174560547,0
2.14332,2142,826.184,826.1827,0.174560547,0
2.14451,2143,826.184,826.1827,0.174560547,0
2.14633,2144,826.184,826.1827,0.174560547,0
2.14637,2145,826.184,826.1827,0.174560547,0
2.14818,2146,826.184,826.1827,0.174560547,0
2.14820,2147,826.184,826.1827,0.174560547,0
2.14943,2148,826.184,826.1827,0.174560547,0
2.15127,2149,826.184,826.1827,0.174560547,0
2.15129,2150,826.184,826.1827,0.174560547,0
2.15251,2151,826.184,826.1827,0.174560547,0
2.15435,2152,826.184,826.1827,0.174560547,0
2.15438,2153,826.184,826.1827,0.174560547,0
2.15616,2154,826.184,826.1827,0.174560547,0
2.15618,2155,826.184,826.1827,0.174560547,0
2.15743,2156,826.184,826.1827,0.174560547,0
2.15925,2157,826.184,826.1827,0.174560547,0
2.15926,2158,826.184,826.1827,0.174560547,0
2.16052,2159,826.184,826.1827,0.174560547,0
2.16236,2160,826.184,826.1827,0.174560547,0
2.16238,2161,826.184,826.1827,0.174560547,0
2.16417,2162,826.184,826.1827,0.174560547,0
2.16419,2163,826.184,826.1827,0.174560547,0
2.16542,2164,826.184,826.1827,0.174560547,0
2.16727,2165,826.184,826.1827,0.174560547,0
2.16728,2166,826.184,826.1827,0.174560547,0
2.16855,2167,826.184,826.1827,0.174560547,0
2.17035,2168,826.184,826.1827,0.174560547,0
2.17038,2169,826.184,826.1827,0.174560547,0
2.17218,2170,826.184,826.1827,0.174560547,0
2.17219,2171,826.184,826.1827,0.174560547,0
2.17344,2172,826.184,826.1827,0.174560547,0
2.17526,2173,826.184,826.1827,0.174560547,0
2.17527,2174,826.184,826.1827,0.174560547,0
2.17651,2175,826.184,826.1827,0.174560547,0
2.17835,2176,826.184,826.1827,0.174560547,0
2.17838,2177,826.184,826.1827,0.174560547,0
2.18016,2178,826.184,826.1827,0.174560547,0
2.18017,2179,826.184,826.1827,0.174560547,0
2.18147,2180,826.184,826.1827,0.174560547,0
2.18327,2181,826.184,826.1827,0.174560547,0
2.18329,2182,826.184,826.1827,0.174560547,0
2.18456,2183,826.184,826.1827,0.174560547,0
2.18635,2184,826.184,826.1827,0.174560547,0
2.18641,2185,826.184,826.1827,0.174560547,0
2.18817,2186,826.184,826.1827,0.174560547,0
2.18819,2187,826.184,826.1827,0.174560547,0
2.18949,2188,826.184,826.1827,0.174560547,0
2.19127,2189,826.184,826.1827,0.174560547,0
2.19129,2190,826.184,826.1827,0.174560547,0
2.19252,2191,826.184,826.1827,0.174560547,0
2.19434,2192,826.184,826.1827,0.174560547,0
2.19437,2193,826.184,826.1827,0.174560547,0
2.19617,2194,826.184,826.1827,0.174560547,0
2.19619,2195,826.184,826.1827,0.174560547,0
2.19749,2196,826.184,826.1827,0.174560547,0
2.19927,2197,826.184,826.1827,0.174560547,0
2.19929,2198,826.184,826.1827,0.174560547,0
2.20053,2199,826.184,826.1827,0.174560547,0
2.20234,2200,826.184,826.1827,0.174560547,0
2.20236,2201,826.184,826.1827,0.174560547,0
2.20423,2202,826.184,826.1827,0.174560547,0
2.20426,2203,826.184,826.1827,0.174560547,0
2.20548,2204,826.184,826.1827,0.174560547,0
2.20727,2205,826.184,826.1827,0.174560547,0
2.20730,2206,826.184,826.1827,0.174560547,0
2.20851,2207,826.184,826.1827,0.174560547,0
2.21033,2208,826.184,826.1827,0.174560547,0
2.21035,2209,826.184,826.1827,0.174560547,0
2.21216,2210,826.184,826.1827,0.174560547,0
2.21218,2211,826.184,826.1827,0.174560547,0
2.21347,2212,826.184,826.1827,0.174560547,0
2.21525,2213,826.184,826.1827,0.174560547,0
2.21527,2214,826.184,826.1827,0.174560547,0
2.21653,2215,826.184,826.1827,0.174560547,0
2.21834,2216,826.184,826.1827,0.174560547,0
2.21836,2217,826.184,826.1827,0.174560547,0
2.22019,2218,826.184,826.1827,0.174560547,0
2.22021,2219,826.184,826.1827,0.174560547,0
2.22147,2220,826.184,826.1827,0.174560547,0
2.22326,2221,826.184,826.1827,0.174560547,0
2.22327,2222,826.184,826.1827,0.174560547,0
2.22455,2223,826.184,826.1827,0.174560547,0
2.22634,2224,826.184,826.1827,0.174560547,0
2.22636,2225,826.184,826.1827,0.174560547,0
2.22818,2226,826.184,826.1827,0.174560547,0
2.22821,2227,826.184,826.1827,0.174560547,0
2.22945,2228,826.184,826.1827,0.174560547,0
2.23128,2229,826.184,826.1827,0.174560547,0
2.23130,2230,826.184,826.1827,0.174560547,0
2.23266,2231,826.184,826.1827,0.174560547,0
2.23435,2232,826.184,826.1827,0.174560547,0
2.23437,2233,826.184,826.1827,0.174560547,0
2.23618,2234,826.184,826.1827,0.174560547,0
2.23621,2235,826.184,826.1827,0.174560547,0
2.23744,2236,826.184,826.182739,0.123901367,0
2.23926,2237,826.184,826.182739,0.166625977,0.0109064905
2.23929,2238,826.184,826.182739,0.166625977,0.0109064905
2.24055,2239,826.184,826.182739,0.166625977,0.0109064905
2.24234,2240,826.184,826.182739,0.166625977,0
2.24235,2241,826.184,826.182739,0.166625977,0
2.24421,2242,826.184,826.182739,0.166625977,0
2.24422,2243,826.184,826.182739,0.166625977,-0.0163597353
2.24543,2244,826.184,826.182739,0.166625977,0
2.24726,2245,826.184,826.182739,0.166625977,0
2.24727,2246,826.184,826.182739,0.166625977,0
2.24854,2247,826.184,826.182739,0.166625977,0
2.25035,2248,826.184,826.182739,0.166625977,0
2.25037,2249,826.184,826.182739,0.166625977,0
2.25220,2250,826.184,826.182739,0.166625977,0
2.25222,2251,826.184,826.182739,0.166625977,0
2.25345,2252,826.184,826.182739,0.166625977,0
2.25528,2253,826.184,826.182739,0.166625977,0
2.25529,2254,826.184,826.182739,0.166625977,0
2.25652,2255,826.184,826.182739,0.166625977,0
2.25834,2256,826.184,826.182739,0.166625977,0
2.25835,2257,826.184,826.182739,0.166625977,0
2.26024,2258,826.184,826.182739,0.166625977,0
2.26028,2259,826.184,826.182739,0.166625977,0
2.26143,2260,826.184,826.182739,0.166625977,0
2.26326,2261,826.184,826.182739,0.166625977,0
2.26328,2262,826.184,826.1828,0.1159668,0
2.26456,2263,826.184,826.1828,0.1586914,0
2.26635,2264,826.184,826.1828,0.1586914,0.0109064905
2.26637,2265,826.184,826.1828,0.1586914,0.0109064905
2.26819,2266,826.184,826.1828,0.1586914,0.0109064905
2.26822,2267,826.184,826.1828,0.1586914,0.0109064905
2.26945,2268,826.184,826.1828,0.1586914,0
2.27126,2269,826.184,826.1828,0.1586914,0
2.27128,2270,826.184,826.1828,0.1586914,-0.0163597353
2.27254,2271,826.184,826.1828,0.1586914,-0.0163597353
2.27433,2272,826.184,826.1828,0.1586914,0
2.27437,2273,826.184,826.1828,0.1586914,0
2.27619,2274,826.184,826.1828,0.1586914,0
2.27623,2275,826.184,826.1828,0.1586914,0
2.27744,2276,826.184,826.1828,0.1586914,0
2.27925,2277,826.184,826.1828,0.1586914,0
2.27928,2278,826.184,826.1828,0.1586914,0
2.28054,2279,826.184,826.1828,0.1586914,0
2.28242,2280,826.184,826.1828,0.1586914,0
2.28247,2281,826.184,826.1828,0.1586914,0
2.28421,2282,826.184,826.1828,0.1586914,0
2.28423,2283,826.184,826.1828,0.1586914,0
2.28544,2284,826.184,826.1828,0.1586914,0
2.28726,2285,826.184,826.1828,0.1586914,0
2.28727,2286,826.184,826.1828,0.1586914,0
2.28851,2287,826.184,826.1828,0.1586914,0
2.29034,2288,826.184,826.1828,0.1586914,0
2.29036,2289,826.184,826.1828,0.1586914,0
2.29223,2290,826.184,826.1828,0.1586914,0
2.29225,2291,826.184,826.1828,0.1586914,0
2.29344,2292,826.184,826.1828,0.1586914,0
2.29526,2293,826.184,826.1828,0.1586914,0
2.29528,2294,826.184,826.1828,0.1586914,0
2.29653,2295,826.184,826.1828,0.1586914,0
2.29835,2296,826.184,826.1828,0.1586914,0
2.29838,2297,826.184,826.1828,0.1586914,0
2.30019,2298,826.184,826.1828,0.1586914,0
