t,n,A,B,C,D
0.00182,0,825.5867,825.5868,-0.01586914,0
0.00288,1,825.5867,825.5868,-0.01586914,0
0.00482,2,825.5867,825.5868,-0.01586914,0
0.00484,3,825.5867,825.5868,-0.01586914,0
0.00655,4,825.5867,825.5868,-0.01586914,0
0.00657,5,825.5867,825.5868,-0.01586914,0
0.00781,6,825.5867,825.5868,-0.01586914,0
0.00963,7,825.5867,825.5868,-0.01586914,0
0.00966,8,825.5867,825.5868,-0.01586914,0
0.01088,9,825.5867,825.5868,-0.01586914,0
0.01269,10,825.5867,825.5868,-0.01586914,0
0.01271,11,825.5867,825.5868,-0.01586914,0
0.01455,12,825.5867,825.5868,-0.01586914,0
0.01460,13,825.5867,825.5868,-0.01586914,0
0.01577,14,825.5867,825.5868,-0.01586914,0
0.01766,15,825.5867,825.5868,-0.01586914,0
0.01771,16,825.5867,825.5868,-0.01586914,0
0.01890,17,825.5867,825.5868,-0.01586914,0
0.02070,18,825.5867,825.5868,-0.01586914,0
0.02072,19,825.5867,825.5868,-0.01586914,0
0.02257,20,825.5867,825.5868,-0.01586914,0
0.02265,21,825.5867,825.5868,-0.01586914,0
0.02379,22,825.5867,825.5868,-0.01586914,0
0.02563,23,825.5867,825.5868,-0.01586914,0
0.02566,24,825.5867,825.5868,-0.01586914,0
0.02687,25,825.5867,825.5868,-0.01586914,0
0.02870,26,825.5867,825.5868,-0.01586914,0
0.02873,27,825.5867,825.5868,-0.01586914,0
0.03055,28,825.5867,825.5868,-0.01586914,0
0.03058,29,825.5867,825.5868,-0.01586914,0
0.03177,30,825.5867,825.5868,-0.01586914,0
0.03362,31,825.5867,825.5868,-0.01586914,0
0.03366,32,825.5867,825.5868,-0.01586914,0
0.03489,33,825.5867,825.5868,-0.01586914,0
0.03671,34,825.5867,825.5868,-0.01586914,0
0.03675,35,825.5867,825.5868,-0.01586914,0
0.03854,36,825.5867,825.5868,-0.01586914,0
0.03855,37,825.5867,825.5868,-0.01586914,0
0.03979,38,825.5867,825.5868,-0.01586914,0
0.04164,39,825.5867,825.5868,-0.01586914,0
0.04167,40,825.5867,825.5868,-0.01586914,0
0.04288,41,825.5867,825.5868,-0.01586914,0
0.04469,42,825.5867,825.5868,-0.01586914,0
0.04472,43,825.5867,825.5868,-0.01586914,0
0.04654,44,825.5867,825.5868,-0.01586914,0
0.04658,45,825.5867,825.5868,-0.01586914,0
0.04778,46,825.5867,825.5868,-0.01586914,0
0.04961,47,825.5867,825.5868,-0.01586914,0
0.04963,48,825.5867,825.5868,-0.01586914,0
0.05122,49,825.5867,825.5868,-0.01586914,0
0.05270,50,825.5867,825.5868,-0.01586914,0
0.05273,51,825.5867,825.5868,-0.01586914,0
0.05455,52,825.5867,825.5868,-0.01586914,0
0.05458,53,825.5867,825.5868,-0.01586914,0
0.05580,54,825.5867,825.5868,-0.01586914,0
0.05764,55,825.5867,825.5868,-0.01586914,0
0.05767,56,825.5867,825.5868,-0.01586914,0
0.05887,57,825.5867,825.5868,-0.01586914,0
0.06070,58,825.5867,825.5868,-0.01586914,0
0.06072,59,825.5867,825.5868,-0.01586914,0
0.06255,60,825.5867,825.5868,-0.01586914,0
0.06257,61,825.5867,825.5868,-0.01586914,0
0.06378,62,825.5867,825.5868,-0.01586914,0
0.06563,63,825.5867,825.5868,-0.01586914,0
0.06566,64,825.5867,825.5868,-0.01586914,0
0.06690,65,825.5867,825.5868,-0.01586914,0
0.06870,66,825.5867,825.5868,-0.01586914,0
0.06872,67,825.5867,825.5868,-0.01586914,0
0.07056,68,825.5867,825.5868,-0.01586914,0
0.07060,69,825.5867,825.5868,-0.01586914,0
0.07179,70,825.5867,825.5868,-0.01586914,0
0.07366,71,825.5867,825.5868,-0.01586914,0
0.07369,72,825.5867,825.5868,-0.01586914,0
0.07488,73,825.5867,825.5868,-0.01586914,0
0.07672,74,825.5867,825.5868,-0.01586914,0
0.07675,75,825.5867,825.5868,-0.01586914,0
0.07855,76,825.5867,825.5868,-0.01586914,0
0.07859,77,825.5867,825.5868,-0.01586914,0
0.07979,78,825.5867,825.5868,-0.01586914,0
0.08168,79,825.5867,825.5868,-0.01586914,0
0.08170,80,825.5867,825.5868,-0.01586914,0
0.08287,81,825.5867,825.5868,-0.01586914,0
0.08470,82,825.5867,825.5868,-0.01586914,0
0.08473,83,825.5867,825.5868,-0.01586914,0
0.08659,84,825.5867,825.5868,-0.01586914,0
0.08665,85,825.5867,825.5868,-0.01586914,0
0.08780,86,825.5867,825.5868,-0.01586914,0
0.08964,87,825.5867,825.5868,-0.01586914,0
0.08967,88,825.5867,825.5868,-0.01586914,0
0.09088,89,825.5867,825.5868,-0.01586914,0
0.09271,90,825.5867,825.5868,-0.01586914,0
0.09274,91,825.5867,825.5868,-0.01586914,0
0.09454,92,825.5867,825.5868,-0.01586914,0
0.09455,93,825.5867,825.5868,-0.01586914,0
0.09578,94,825.5867,825.5868,-0.01586914,0
0.09764,95,825.5867,825.5868,-0.01586914,0
0.09766,96,825.5867,825.5868,-0.01586914,0
0.09888,97,825.5867,825.5868,-0.01586914,0
0.10097,98,825.5867,825.5868,-0.01586914,0
0.10102,99,825.5867,825.5868,-0.01586914,0
0.10262,100,825.5867,825.5868,-0.01586914,0
0.10265,101,825.5867,825.5868,-0.01586914,0
0.10379,102,825.5867,825.5868,-0.01586914,0
0.10564,103,825.5867,825.5868,-0.01586914,0
0.10567,104,825.5867,825.5868,-0.01586914,0
0.10688,105,825.5867,825.5868,-0.01586914,0
0.10869,106,825.5867,825.5868,-0.01586914,0
0.10870,107,825.5867,825.5868,-0.01586914,0
0.11057,108,825.5867,825.5868,-0.01586914,0
0.11059,109,825.5867,825.5868,-0.01586914,0
0.11178,110,825.5867,825.5868,-0.01586914,0
0.11365,111,825.5867,825.5868,-0.01586914,0
0.11369,112,825.5867,825.5868,-0.01586914,0
0.11487,113,825.5867,825.5868,-0.01586914,0
0.11670,114,825.5867,825.5868,-0.01586914,0
0.11673,115,825.5867,825.5868,-0.01586914,0
0.11855,116,825.5867,825.5868,-0.01586914,0
0.11857,117,825.5867,825.5868,-0.01586914,0
0.11983,118,825.5867,825.5868,-0.01586914,0
0.12165,119,825.5867,825.5868,-0.01586914,0
0.12167,120,825.5867,825.5868,-0.01586914,0
0.12287,121,825.5867,825.5868,-0.01586914,0
0.12471,122,825.5867,825.5868,-0.01586914,0
0.12474,123,825.5867,825.5868,-0.01586914,0
0.12655,124,825.5867,825.5868,-0.01586914,0
0.12656,125,825.5867,825.5868,-0.01586914,0
0.12778,126,825.5867,825.5868,-0.01586914,0
0.12964,127,825.5867,825.5868,-0.01586914,0
0.12966,128,825.5867,825.5868,-0.01586914,0
0.13088,129,825.5867,825.5868,-0.01586914,0
0.13269,130,825.5867,825.5868,-0.01586914,0
0.13272,131,825.5867,825.5868,-0.01586914,0
0.13454,132,825.5867,825.5868,-0.01586914,0
0.13456,133,825.5867,825.5868,-0.01586914,0
0.13580,134,825.5867,825.5868,-0.01586914,0
0.13767,135,825.5867,825.5868,-0.01586914,0
0.13769,136,825.5867,825.5868,-0.01586914,0
0.13888,137,825.5867,825.5868,-0.01586914,0
0.14071,138,825.5867,825.5868,-0.01586914,0
0.14074,139,825.5867,825.5868,-0.01586914,0
0.14257,140,825.5867,825.5868,-0.01586914,0
0.14261,141,825.5867,825.5868,-0.01586914,0
0.14381,142,825.5867,825.5868,-0.01586914,0
0.14563,143,825.5867,825.5868,-0.01586914,0
0.14566,144,825.5867,825.5868,-0.01586914,0
0.14689,145,825.5867,825.5868,-0.01586914,0
0.14871,146,825.5867,825.5868,-0.01586914,0
0.14876,147,825.5867,825.5868,-0.01586914,0
0.15071,148,825.5867,825.5868,-0.01586914,0
0.15078,149,825.5867,825.5868,-0.01586914,0
0.15181,150,825.5867,825.5868,-0.01586914,0
0.15362,151,825.5867,825.5868,-0.01586914,0
0.15364,152,825.5867,825.5868,-0.01586914,0
0.15489,153,825.5867,825.5868,-0.01586914,0
0.15670,154,825.5867,825.5868,-0.01586914,0
0.15673,155,825.5867,825.5868,-0.01586914,0
0.15856,156,825.5867,825.5868,-0.01586914,0
0.15859,157,825.5867,825.5868,-0.01586914,0
0.15978,158,825.5867,825.5868,-0.01586914,0
0.16161,159,825.5867,825.5868,-0.01586914,0
0.16162,160,825.5867,825.5868,-0.01586914,0
0.16289,161,825.5867,825.5868,-0.01586914,0
0.16470,162,825.5867,825.5868,-0.01586914,0
0.16475,163,825.5867,825.5868,-0.01586914,0
0.16656,164,825.5867,825.5868,-0.01586914,0
0.16659,165,825.5867,825.5868,-0.01586914,0
0.16781,166,825.5867,825.5868,-0.01586914,0
0.16979,167,825.5867,825.5868,-0.01586914,0
0.16982,168,825.5867,825.5868,-0.01586914,0
0.17087,169,825.5867,825.5868,-0.01586914,0
0.17272,170,825.5867,825.5868,-0.01586914,0
0.17279,171,825.5867,825.5868,-0.01586914,0
0.17458,172,825.5867,825.5868,-0.01586914,0
0.17460,173,825.5867,825.5868,-0.01586914,0
0.17579,174,825.5867,825.5868,-0.01586914,0
0.17774,175,825.5867,825.5868,-0.01586914,0
0.17784,176,825.5867,825.5868,-0.01586914,0
0.17888,177,825.5867,825.5868,-0.01586914,0
0.18072,178,825.5867,825.5868,-0.01586914,0
0.18076,179,825.5867,825.5868,-0.01586914,0
0.18254,180,825.5867,825.5868,-0.01586914,0
0.18257,181,825.5867,825.5868,-0.01586914,0
0.18379,182,825.5867,825.5868,-0.01586914,0
0.18564,183,825.5867,825.5868,-0.01586914,0
0.18566,184,825.5867,825.5868,-0.01586914,0
0.18688,185,825.5867,825.5868,-0.01586914,0
0.18869,186,825.5867,825.5868,-0.01586914,0
0.18873,187,825.5867,825.5868,-0.01586914,0
0.19056,188,825.5867,825.5868,-0.01586914,0
0.19059,189,825.5867,825.5868,-0.01586914,0
0.19182,190,825.5867,825.5868,-0.01586914,0
0.19378,191,825.5867,825.5868,-0.01586914,0
0.19383,192,825.5867,825.5868,-0.01586914,0
0.19488,193,825.5867,825.5868,-0.01586914,0
0.19671,194,825.5867,825.5868,-0.01586914,0
0.19674,195,825.5867,825.5868,-0.01586914,0
0.19854,196,825.5867,825.5868,-0.01586914,0
0.19856,197,825.5867,825.5868,-0.01586914,0
0.19978,198,825.5867,825.5868,-0.01586914,0
0.20172,199,825.5867,825.5868,-0.01586914,0
0.20175,200,825.5867,825.5868,-0.01586914,0
0.20288,201,825.5867,825.5868,-0.01586914,0
0.20470,202,825.5867,825.5868,-0.01586914,0
0.20474,203,825.5867,825.5868,-0.01586914,0
0.20657,204,825.5867,825.5868,-0.01586914,0
0.20660,205,825.5867,825.5868,-0.01586914,0
0.20779,206,825.5867,825.5868,-0.01586914,0
0.20962,207,825.5867,825.5868,-0.01586914,0
0.20964,208,825.5867,825.5868,-0.01586914,0
0.21090,209,825.5867,825.5868,-0.01586914,0
0.21271,210,825.5867,825.5868,-0.01586914,0
0.21274,211,825.5867,825.5868,-0.01586914,0
0.21453,212,825.5867,825.5868,-0.01586914,0
0.21456,213,825.5867,825.5868,-0.01586914,0
0.21579,214,825.5867,825.5868,-0.01586914,0
0.21767,215,825.5867,825.5868,-0.01586914,0
0.21773,216,825.5867,825.5868,-0.01586914,0
0.21887,217,825.5867,825.5868,-0.01586914,0
0.22072,218,825.5867,825.5868,-0.01586914,0
0.22078,219,825.5867,825.5868,-0.01586914,0
0.22257,220,825.5867,825.5868,-0.01586914,0
0.22260,221,825.5867,825.5868,-0.01586914,0
0.22378,222,825.5867,825.5868,-0.01586914,0
0.22562,223,825.5867,825.5868,-0.01586914,0
0.22564,224,825.5867,825.5868,-0.01586914,0
0.22688,225,825.5867,825.5868,-0.01586914,0
0.22871,226,825.5867,825.5868,-0.01586914,0
0.22874,227,825.5867,825.5868,-0.01586914,0
0.23054,228,825.5867,825.5868,-0.01586914,0
0.23056,229,825.5867,825.5868,-0.01586914,0
0.23179,230,825.5867,825.5868,-0.01586914,0
0.23368,231,825.5867,825.5868,-0.01586914,0
0.23372,232,825.5867,825.5868,-0.01586914,0
0.23488,233,825.5867,825.5868,-0.01586914,0
0.23670,234,825.5867,825.5868,-0.01586914,0
0.23673,235,825.5867,825.5868,-0.01586914,0
0.23854,236,825.5867,825.5868,-0.01586914,0
0.23857,237,825.5867,825.5868,-0.01586914,0
0.23979,238,825.5867,825.5868,-0.01586914,0
0.24166,239,825.5867,825.5868,-0.01586914,0
0.24171,240,825.5867,825.5868,-0.01586914,0
0.24289,241,825.5867,825.5868,-0.01586914,0
0.24471,242,825.5867,825.5868,-0.01586914,0
0.24475,243,825.5867,825.5868,-0.01586914,0
0.24655,244,825.5867,825.5868,-0.01586914,0
0.24658,245,825.5867,825.5868,-0.01586914,0
0.24778,246,825.5867,825.5868,-0.01586914,0
0.24964,247,825.5867,825.5868,-0.01586914,0
0.24967,248,825.5867,825.5868,-0.01586914,0
0.25102,249,825.5867,825.5868,-0.01586914,0
0.25274,250,825.5867,825.5868,-0.01586914,0
0.25278,251,825.5867,825.5868,-0.01586914,0
0.25456,252,825.5867,825.5868,-0.01586914,0
0.25458,253,825.5867,825.5868,-0.01586914,0
0.25579,254,825.5867,825.5868,-0.01586914,0
0.25764,255,825.5867,825.5868,-0.01586914,0
0.25766,256,825.5867,825.5868,-0.01586914,0
0.25891,257,825.5867,825.5868,-0.01586914,0
0.26073,258,825.5867,825.5868,-0.01586914,0
0.26077,259,825.5867,825.5868,-0.01586914,0
0.26257,260,825.5867,825.5868,-0.01586914,0
0.26262,261,825.5867,825.5868,-0.01586914,0
0.26379,262,825.5867,825.5868,-0.01586914,0
0.26564,263,825.5867,825.5868,-0.01586914,0
0.26566,264,825.5867,825.5868,-0.01586914,0
0.26688,265,825.5867,825.5868,-0.01586914,0
0.26871,266,825.5867,825.5868,-0.01586914,0
0.26874,267,825.5867,825.5868,-0.01586914,0
0.27055,268,825.5867,825.5868,-0.01586914,0
0.27057,269,825.5867,825.5868,-0.01586914,0
0.27179,270,825.5867,825.5868,-0.01586914,0
0.27362,271,825.5867,825.5868,-0.01586914,0
0.27364,272,825.5867,825.5868,-0.01586914,0
0.27490,273,825.5867,825.5868,-0.01586914,0
0.27671,274,825.5867,825.5868,-0.01586914,0
0.27674,275,825.5867,825.5868,-0.01586914,0
0.27852,276,825.5867,825.5868,-0.01586914,0
0.27855,277,825.5867,825.5868,-0.01586914,0
0.27978,278,825.5867,825.5868,-0.01586914,0
0.28162,279,825.5867,825.5868,-0.01586914,0
0.28164,280,825.5867,825.5868,-0.01586914,0
0.28286,281,825.5867,825.5868,-0.01586914,0
0.28470,282,825.5867,825.5868,-0.01586914,0
0.28475,283,825.5867,825.5868,-0.01586914,0
0.28655,284,825.5867,825.5868,-0.01586914,0
0.28657,285,825.5867,825.5868,-0.01586914,0
0.28783,286,825.5867,825.5868,-0.01586914,0
0.28963,287,825.5867,825.5868,-0.01586914,0
0.28965,288,825.5867,825.5868,-0.01586914,0
0.29090,289,825.5867,825.5868,-0.01586914,0
0.29271,290,825.5867,825.5868,-0.01586914,0
0.29273,291,825.5867,825.5868,-0.01586914,0
0.29454,292,825.5867,825.5868,-0.01586914,0
0.29458,293,825.5867,825.5868,-0.01586914,0
0.29579,294,825.5867,825.5868,-0.01586914,0
0.29761,295,825.5867,825.5868,-0.01586914,0
0.29764,296,825.5867,825.5868,-0.01586914,0
0.29887,297,825.5867,825.5868,-0.01586914,0
0.30091,298,825.5867,825.5868,-0.01586914,0
0.30117,299,825.5867,825.5868,-0.01586914,0
0.30254,300,825.5867,825.5868,-0.01586914,0
0.30256,301,825.7867,825.5868,25,0
0.30378,302,825.7867,825.5868,25,0
0.30569,303,825.7867,825.5874,25,0.136331126
0.30572,304,825.7867,825.5888,24.74121,0.474432319
0.30687,305,825.7867,825.5912,23.7481689,1.090649
0.30870,306,825.7867,825.5944,22.7294922,1.89227617
0.30874,307,825.7867,825.5986,21.5490723,2.72662258
0.31052,308,825.7867,825.603333,20.50293,3.54460931
0.31055,309,825.7867,825.6096,18.6175537,4.482568
0.31181,310,825.7867,825.617249,16.685791,5.600483
0.31360,311,825.7867,825.624756,15.7952881,6.489362
0.31361,312,825.7867,825.6344,13.0462646,7.541838
0.31488,313,825.7867,825.644043,11.7926025,8.441624
0.31672,314,825.7867,825.6533,10.8428955,8.828804
0.31674,315,825.7867,825.663269,9.07959,9.423208
0.31858,316,825.7867,825.6719,8.900757,9.390489
0.31861,317,825.7867,825.6796,8.491211,8.965136
0.31981,318,825.7867,825.6871,7.73681641,8.48524952
0.32163,319,825.7867,825.6925,8.440552,7.4491334
0.32164,320,825.7867,825.697754,7.88635254,6.60388041
0.32289,321,825.7867,825.70105,8.825073,5.464152
0.32470,322,825.7867,825.703552,9.055176,4.264438
0.32472,323,825.7867,825.7065,8.375244,3.533703
0.32654,324,825.7867,825.708435,8.804932,2.77024865
0.32658,325,825.7867,825.7101,8.804321,2.30126953
0.32779,326,825.7867,825.7115,8.792725,2.02860737
0.32960,327,825.7867,825.7129,8.61022949,1.68505287
0.32962,328,825.7867,825.714539,8.225098,1.52690876
0.33088,329,825.7867,825.7167,7.605591,1.6414268
0.33271,330,825.7867,825.7191,7.074585,1.88136959
0.33273,331,825.7867,825.7215,6.80786133,2.132219
0.33454,332,825.7867,825.7238,6.54907227,2.290363
0.33457,333,825.7867,825.7262,6.19689941,2.36125517
0.33580,334,825.7867,825.72876,5.73547363,2.39397478
0.33763,335,825.7867,825.730957,5.70617676,2.38306832
0.33765,336,825.7867,825.7328,5.7244873,2.2576437
0.33887,337,825.7867,825.7342,5.84106445,2.017701
0.34071,338,825.7867,825.7353,5.911865,1.65233338
0.34075,339,825.7867,825.736145,5.97167969,1.286966
0.34251,340,825.7867,825.736755,6.06323242,1.00339723
0.34254,341,825.7867,825.737244,6.085205,0.774360836
0.34378,342,825.7867,825.737549,6.173706,0.5889505
0.34561,343,825.7867,825.737854,6.134033,0.4417129
0.34564,344,825.7867,825.7382,6.043701,0.338101238
0.34687,345,825.7867,825.7384,6.14807129,0.28356877
0.34868,346,825.7867,825.738647,6.0736084,0.272662252
0.34871,347,825.7867,825.738953,5.991211,0.28356877
0.35100,348,825.7867,825.7394,5.85021973,0.305381745
0.35104,349,825.7867,825.7398,5.79467773,0.327194721
0.35179,350,825.7867,825.7401,5.840454,0.3490077
0.35363,351,825.7867,825.7404,5.80078125,0.338101238
0.35367,352,825.7867,825.7407,5.7611084,0.338101238
0.35491,353,825.7867,825.741,5.72143555,0.305381745
0.35668,354,825.7867,825.7412,5.783081,0.272662252
0.35673,355,825.7867,825.741455,5.708618,0.2508493
0.35852,356,825.7867,825.7417,5.67688,0.21267657
0.35855,357,825.7867,825.7419,5.695801,0.1908636
0.35978,358,825.7867,825.742,5.72265625,0.1908636
0.36162,359,825.7867,825.7422,5.656128,0.169050619
0.36165,360,825.7867,825.7423,5.6829834,0.158144116
0.36287,361,825.7867,825.742432,5.66711426,0.147237629
0.36468,362,825.7867,825.742737,5.49926758,0.136331126
0.36470,363,825.7867,825.742859,5.61157227,0.136331126
0.36654,364,825.7867,825.743,5.595703,0.125424653
0.36656,365,825.7867,825.743042,5.630493,0.109064907
0.36779,366,825.7867,825.743164,5.57189941,0.09815842
0.36964,367,825.7867,825.7433,5.55603027,0.09815842
0.36966,368,825.7867,825.743469,5.489502,0.09815842
0.37091,369,825.7867,825.743469,5.617676,0.09815842
0.37269,370,825.7867,825.7436,5.51635742,0.09815842
0.37271,371,825.7867,825.7436,5.60180664,0.087251924
0.37452,372,825.7867,825.7438,5.449829,0.07634544
0.37454,373,825.7867,825.7438,5.578003,0.06543894
0.37581,374,825.7867,825.743958,5.42602539,0.07634544
0.37761,375,825.7867,825.744,5.50354,0.07634544
0.37763,376,825.7867,825.7441,5.49560547,0.07634544
0.37887,377,825.7867,825.7441,5.53833,0.06543894
0.38069,378,825.7867,825.744263,5.38635254,0.06543894
0.38071,379,825.7867,825.744263,5.51452637,0.06543894
0.38253,380,825.7867,825.7444,5.413208,0.0545324534
0.38255,381,825.7867,825.7444,5.498657,0.06543894
0.38400,382,825.7867,825.7445,5.397339,0.06543894
0.38562,383,825.7867,825.744568,5.432129,0.06543894
0.38563,384,825.7867,825.744568,5.47485352,0.0545324534
0.38689,385,825.7867,825.7447,5.373535,0.0545324534
0.38869,386,825.7867,825.7447,5.45898438,0.0545324534
0.38871,387,825.7867,825.744934,5.25634766,0.0545324534
0.39054,388,825.7867,825.744934,5.427246,0.06543894
0.39055,389,825.7867,825.745,5.376587,0.06543894
0.39179,390,825.7867,825.745056,5.36865234,0.06543894
0.39361,391,825.7867,825.745056,5.411377,0.06543894
0.39363,392,825.7867,825.745239,5.25939941,0.06543894
0.39488,393,825.7867,825.745239,5.38757324,0.06543894
0.39670,394,825.7867,825.745361,5.286255,0.07634544
0.39671,395,825.7867,825.7455,5.27038574,0.07634544
0.39855,396,825.7867,825.7456,5.2545166,0.09815842
0.39858,397,825.7867,825.745667,5.28930664,0.109064907
0.39979,398,825.7867,825.74585,5.18005371,0.109064907
0.40163,399,825.7867,825.746033,5.15625,0.136331126
0.40166,400,825.7867,825.7462,5.13244629,0.147237629
0.40289,401,825.7867,825.746338,5.15930176,0.158144116
0.40469,402,825.7867,825.7466,5.04211426,0.169050619
0.40470,403,825.7867,825.746765,5.061035,0.158144116
0.40654,404,825.7867,825.746948,5.03723145,0.169050619
0.40656,405,825.7867,825.747131,5.01342773,0.169050619
0.40780,406,825.7867,825.7473,4.989624,0.169050619
0.40961,407,825.7867,825.747437,5.01647949,0.169050619
0.40962,408,825.7867,825.7475,5.05126953,0.147237629
0.41089,409,825.7867,825.7476,4.992676,0.109064907
0.41271,410,825.7867,825.7476,5.078125,0.07634544
0.41272,411,825.7867,825.7476,5.078125,0.03271947
0.41453,412,825.7867,825.7476,5.078125,0.0109064905
0.41454,413,825.7867,825.7476,5.078125,-0.0163597353
0.41578,414,825.7867,825.747437,5.23010254,-0.03817272
0.41763,415,825.7867,825.747437,5.10192871,-0.03817272
0.41765,416,825.7867,825.747437,5.10192871,-0.04907921
0.41893,417,825.7867,825.747437,5.10192871,-0.03817272
0.42069,418,825.7867,825.747437,5.10192871,-0.0163597353
0.42071,419,825.7867,825.747437,5.10192871,-0.0163597353
0.42253,420,825.7867,825.747437,5.10192871,0
0.42255,421,825.7867,825.7475,5.05126953,0
0.42379,422,825.7867,825.7476,4.992676,0.021812981
0.42560,423,825.7867,825.747742,4.97680664,0.043625962
0.42561,424,825.7867,825.747742,5.062256,0.0545324534
0.42692,425,825.7867,825.747742,5.062256,0.06543894
0.42868,426,825.7867,825.7479,4.91027832,0.06543894
0.42870,427,825.7867,825.7479,5.038452,0.06543894
0.43055,428,825.7867,825.748047,4.937134,0.0545324534
0.43058,429,825.7867,825.748047,5.022583,0.0545324534
0.43177,430,825.7867,825.748047,5.022583,0.0545324534
0.43361,431,825.7867,825.7483,4.81994629,0.0545324534
0.43362,432,825.7867,825.7483,4.99084473,0.043625962
0.43492,433,825.7867,825.7483,4.99084473,0.03271947
0.43669,434,825.7867,825.7483,4.99084473,0.0109064905
0.43672,435,825.7867,825.7483,4.99084473,0
0.43856,436,825.7867,825.7483,4.99084473,-0.0163597353
0.43859,437,825.7867,825.7483,4.99084473,-0.0163597353
0.43983,438,825.7867,825.7483,4.99084473,0
0.44162,439,825.7867,825.7483,4.99084473,-0.0163597353
0.44164,440,825.7867,825.7483,4.99084473,0
0.44291,441,825.7867,825.7483,4.99084473,0
0.44469,442,825.7867,825.7483,4.99084473,0
0.44471,443,825.7867,825.7483,4.99084473,0.0109064905
0.44652,444,825.7867,825.7483,4.99084473,0.0109064905
0.44653,445,825.7867,825.748352,4.94018555,0.021812981
0.44778,446,825.7867,825.7484,4.932251,0.03271947
0.44964,447,825.7867,825.7485,4.92431641,0.043625962
0.44966,448,825.7867,825.7486,4.86572266,0.0545324534
0.45103,449,825.7867,825.7487,4.84985352,0.07634544
0.45269,450,825.7867,825.7487,4.93530273,0.087251924
0.45272,451,825.7867,825.7489,4.783325,0.087251924
0.45455,452,825.7867,825.748962,4.86084,0.087251924
0.45459,453,825.7867,825.749,4.85290527,0.087251924
0.45578,454,825.7867,825.7492,4.74365234,0.09815842
0.45761,455,825.7867,825.7494,4.71984863,0.109064907
0.45763,456,825.7867,825.7496,4.696045,0.125424653
0.45888,457,825.7867,825.7497,4.72290039,0.136331126
0.46068,458,825.7867,825.7499,4.656372,0.147237629
0.46070,459,825.7867,825.75,4.68322754,0.158144116
0.46252,460,825.7867,825.7502,4.616699,0.158144116
0.46255,461,825.7867,825.7505,4.491577,0.169050619
0.46378,462,825.7867,825.7507,4.55322266,0.169050619
0.46560,463,825.7867,825.7508,4.580078,0.169050619
0.46561,464,825.7867,825.751,4.51355,0.158144116
0.46686,465,825.7867,825.7511,4.54040527,0.125424653
0.46869,466,825.7867,825.7511,4.62585449,0.087251924
0.46872,467,825.7867,825.7511,4.62585449,0.043625962
0.47053,468,825.7867,825.751,4.727173,0
0.47054,469,825.7867,825.751,4.64172363,-0.0272662267
0.47180,470,825.7867,825.751,4.64172363,-0.04907921
0.47361,471,825.7867,825.7508,4.793701,-0.0599856973
0.47363,472,825.7867,825.7508,4.66552734,-0.07089219
0.47488,473,825.7867,825.7508,4.66552734,-0.0599856973
0.47670,474,825.7867,825.7508,4.66552734,-0.04907921
0.47675,475,825.7867,825.7508,4.66552734,-0.0272662267
0.47854,476,825.7867,825.7508,4.66552734,-0.0163597353
0.47857,477,825.7867,825.7508,4.66552734,0
0.47980,478,825.7867,825.7508,4.66552734,0.0109064905
0.48164,479,825.7867,825.750854,4.614868,0.021812981
0.48166,480,825.7867,825.751,4.55627441,0.043625962
0.48287,481,825.7867,825.7511,4.54040527,0.0545324534
0.48471,482,825.7867,825.7511,4.62585449,0.043625962
0.48479,483,825.7867,825.7511,4.62585449,0.0545324534
0.48655,484,825.7867,825.7511,4.62585449,0.043625962
0.48658,485,825.7867,825.7512,4.524536,0.043625962
0.48779,486,825.7867,825.7512,4.60998535,0.03271947
0.48967,487,825.7867,825.7512,4.60998535,0.0109064905
0.48970,488,825.7867,825.7512,4.60998535,0
0.49089,489,825.7867,825.7512,4.60998535,-0.0163597353
0.49270,490,825.7867,825.7512,4.60998535,-0.0163597353
0.49274,491,825.7867,825.7511,4.71130371,-0.0163597353
0.49453,492,825.7867,825.7511,4.62585449,-0.0163597353
0.49454,493,825.7867,825.7511,4.62585449,-0.0163597353
0.49581,494,825.7867,825.7511,4.62585449,-0.0163597353
0.49765,495,825.7867,825.7513,4.473877,0.0109064905
0.49769,496,825.7867,825.7513,4.602051,0.021812981
0.49888,497,825.7867,825.7514,4.50073242,0.043625962
0.50083,498,825.7867,825.7514,4.58618164,0.043625962
0.50086,499,825.7867,825.7514,4.58618164,0.043625962
0.50267,500,825.7867,825.7515,4.48486328,0.043625962
0.50270,501,825.7867,825.7515,4.5703125,0.03271947
0.50380,502,825.7867,825.751648,4.468994,0.03271947
0.50569,503,825.7867,825.751648,4.55444336,0.03271947
0.50571,504,825.7867,825.751648,4.55444336,0.03271947
0.50687,505,825.7867,825.7517,4.503784,0.03271947
0.50871,506,825.7867,825.7517,4.546509,0.021812981
0.50873,507,825.7867,825.7517,4.546509,0.0109064905
0.51055,508,825.7867,825.7517,4.546509,0
0.51058,509,825.7867,825.751648,4.597168,-0.0163597353
0.51179,510,825.7867,825.751648,4.55444336,-0.0163597353
0.51366,511,825.7867,825.751648,4.55444336,-0.0163597353
0.51369,512,825.7867,825.7517,4.503784,0
0.51487,513,825.7867,825.7517,4.546509,0
0.51668,514,825.7867,825.7517,4.546509,0
0.51669,515,825.7867,825.7518,4.49584961,0.021812981
0.51854,516,825.7867,825.751831,4.487915,0.03271947
0.51856,517,825.7867,825.751953,4.42932129,0.043625962
0.51983,518,825.7867,825.751953,4.51477051,0.06543894
0.52163,519,825.7867,825.7521,4.413452,0.06543894
0.52165,520,825.7867,825.7521,4.49890137,0.0545324534
0.52287,521,825.7867,825.7522,4.397583,0.0545324534
0.52468,522,825.7867,825.752258,4.432373,0.043625962
0.52470,523,825.7867,825.752258,4.47509766,0.043625962
0.52658,524,825.7867,825.752258,4.47509766,0.03271947
0.52661,525,825.7867,825.752258,4.47509766,0.021812981
0.52778,526,825.7867,825.752258,4.47509766,0.0109064905
0.52965,527,825.7867,825.752258,4.47509766,0
0.52968,528,825.7867,825.752258,4.47509766,-0.0163597353
0.53087,529,825.7867,825.752258,4.47509766,-0.0272662267
0.53269,530,825.7867,825.752258,4.47509766,-0.0163597353
0.53272,531,825.7867,825.752258,4.47509766,0
0.53459,532,825.7867,825.752258,4.47509766,0
0.53465,533,825.7867,825.752258,4.47509766,0.0109064905
0.53580,534,825.7867,825.7524,4.3737793,0.021812981
0.53762,535,825.7867,825.7524,4.45922852,0.043625962
0.53764,536,825.7867,825.752563,4.307251,0.0545324534
0.53887,537,825.7867,825.752563,4.435425,0.06543894
0.54070,538,825.7867,825.7526,4.38476563,0.06543894
0.54073,539,825.7867,825.752747,4.326172,0.06543894
0.54256,540,825.7867,825.7528,4.360962,0.06543894
0.54259,541,825.7867,825.7529,4.302368,0.06543894
0.54380,542,825.7867,825.7529,4.38781738,0.06543894
0.54565,543,825.7867,825.753052,4.286499,0.06543894
0.54569,544,825.7867,825.753052,4.37194824,0.06543894
0.54687,545,825.7867,825.753235,4.2199707,0.06543894
0.54870,546,825.7867,825.753235,4.34814453,0.06543894
0.54874,547,825.7867,825.7533,4.29748535,0.0545324534
0.55092,548,825.7867,825.753357,4.289551,0.0545324534
0.55100,549,825.7867,825.753357,4.33227539,0.0545324534
0.55187,550,825.7867,825.7535,4.230957,0.043625962
0.55364,551,825.7867,825.75354,4.265747,0.043625962
0.55367,552,825.7867,825.7536,4.2578125,0.0545324534
0.55488,553,825.7867,825.7538,4.14855957,0.07634544
0.55670,554,825.7867,825.753845,4.226074,0.087251924
0.55673,555,825.7867,825.754,4.11682129,0.109064907
0.55854,556,825.7867,825.75415,4.14367676,0.125424653
0.55858,557,825.7867,825.754333,4.07714844,0.125424653
0.55978,558,825.7867,825.754456,4.104004,0.136331126
0.56163,559,825.7867,825.754761,3.93615723,0.136331126
0.56166,560,825.7867,825.754761,4.14978027,0.136331126
0.56286,561,825.7867,825.754761,4.14978027,0.136331126
0.56469,562,825.7867,825.754944,3.99780273,0.136331126
0.56473,563,825.7867,825.7553,3.82202148,0.125424653
0.56653,564,825.7867,825.7553,4.078369,0.109064907
0.56656,565,825.7867,825.7554,4.02771,0.087251924
0.56779,566,825.7867,825.755432,4.01977539,0.06543894
0.56964,567,825.7867,825.755432,4.0625,0.0545324534
0.56968,568,825.7867,825.755432,4.0625,0.03271947
0.57088,569,825.7867,825.755432,4.0625,0.0109064905
0.57270,570,825.7867,825.755432,4.0625,0.0109064905
0.57273,571,825.7867,825.755432,4.0625,-0.0163597353
0.57454,572,825.7867,825.755432,4.0625,-0.0163597353
0.57456,573,825.7867,825.755432,4.0625,-0.0163597353
0.57579,574,825.7867,825.755432,4.0625,-0.0163597353
0.57764,575,825.7867,825.755432,4.0625,-0.0163597353
0.57768,576,825.7867,825.755432,4.0625,0
0.57886,577,825.7867,825.755432,4.0625,0
0.58070,578,825.7867,825.755432,4.0625,0
0.58071,579,825.7867,825.755432,4.0625,0
0.58254,580,825.7867,825.755432,4.0625,0.0109064905
0.58256,581,825.7867,825.755432,4.0625,0.0109064905
0.58381,582,825.7867,825.755432,4.0625,0.0109064905
0.58569,583,825.7867,825.7556,3.91052246,0.021812981
0.58574,584,825.7867,825.7556,4.03869629,0.021812981
0.58690,585,825.7867,825.7557,3.988037,0.043625962
0.58878,586,825.7867,825.755737,3.98010254,0.0545324534
0.58885,587,825.7867,825.755859,3.92150879,0.0545324534
0.59057,588,825.7867,825.7559,3.95629883,0.06543894
0.59061,589,825.7867,825.756,3.94836426,0.06543894
0.59180,590,825.7867,825.756042,3.94042969,0.06543894
0.59366,591,825.7867,825.756165,3.881836,0.06543894
0.59371,592,825.7867,825.7563,3.8659668,0.07634544
0.59488,593,825.7867,825.7564,3.85009766,0.07634544
0.59670,594,825.7867,825.7565,3.8848877,0.09815842
0.59672,595,825.7867,825.7566,3.826294,0.109064907
0.59856,596,825.7867,825.756836,3.70910645,0.136331126
0.59861,597,825.7867,825.757,3.72802734,0.147237629
0.59981,598,825.7867,825.7572,3.70422363,0.169050619
0.60165,599,825.7867,825.7574,3.68042,0.179957092
0.60169,600,825.7867,825.7577,3.55529785,0.201770067
0.60293,601,825.7867,825.7578,3.66760254,0.21267657
0.60471,602,825.7867,825.7581,3.49975586,0.23448956
0.60475,603,825.7867,825.7583,3.56140137,0.223583058
0.60657,604,825.7867,825.758545,3.48693848,0.21267657
0.60662,605,825.7867,825.7588,3.4552002,0.21267657
0.60778,606,825.7867,825.7588,3.62609863,0.169050619
0.60963,607,825.7867,825.7588,3.62609863,0.136331126
0.60965,608,825.7867,825.7588,3.62609863,0.07634544
0.61087,609,825.7867,825.7588,3.62609863,0.021812981
0.61269,610,825.7867,825.758667,3.727417,-0.0272662267
0.61271,611,825.7867,825.758667,3.64196777,-0.0599856973
0.61456,612,825.7867,825.7585,3.79394531,-0.09270517
0.61459,613,825.7867,825.7583,3.817749,-0.103611663
0.61578,614,825.7867,825.7583,3.6895752,-0.114518143
0.61767,615,825.7867,825.7581,3.84155273,-0.103611663
0.61773,616,825.7867,825.7581,3.713379,-0.09270517
0.61890,617,825.7867,825.7581,3.713379,-0.07089219
0.62071,618,825.7867,825.7581,3.713379,-0.0599856973
0.62074,619,825.7867,825.7581,3.713379,-0.0272662267
0.62256,620,825.7867,825.75824,3.61206055,0
0.62258,621,825.7867,825.7583,3.64685059,0.021812981
0.62379,622,825.7867,825.7583,3.6895752,0.043625962
0.62567,623,825.7867,825.7585,3.53759766,0.06543894
0.62570,624,825.7867,825.758545,3.6151123,0.087251924
0.62688,625,825.7867,825.7587,3.50585938,0.087251924
0.62870,626,825.7867,825.7588,3.583374,0.087251924
0.62873,627,825.7867,825.75885,3.57543945,0.087251924
0.63059,628,825.7867,825.759,3.5168457,0.07634544
0.63061,629,825.7867,825.759033,3.55163574,0.07634544
0.63184,630,825.7867,825.7591,3.54370117,0.07634544
0.63363,631,825.7867,825.7591,3.58642578,0.06543894
0.63366,632,825.7867,825.7591,3.58642578,0.0545324534
0.63489,633,825.7867,825.7591,3.58642578,0.03271947
0.63671,634,825.7867,825.7591,3.58642578,0.0109064905
0.63675,635,825.7867,825.7591,3.58642578,0
0.63855,636,825.7867,825.7591,3.58642578,-0.0272662267
0.63857,637,825.7867,825.7591,3.58642578,-0.03817272
0.63979,638,825.7867,825.759033,3.637085,-0.0272662267
0.64165,639,825.7867,825.759033,3.59436035,-0.03817272
0.64169,640,825.7867,825.759033,3.59436035,-0.0272662267
0.64287,641,825.7867,825.759033,3.59436035,-0.0272662267
0.64471,642,825.7867,825.759033,3.59436035,-0.0272662267
0.64473,643,825.7867,825.759033,3.59436035,-0.0163597353
0.64657,644,825.7867,825.759033,3.59436035,-0.0163597353
0.64660,645,825.7867,825.759033,3.59436035,0
0.64779,646,825.7867,825.7591,3.54370117,0
0.64963,647,825.7867,825.7591,3.58642578,0.0109064905
0.64965,648,825.7867,825.7591,3.58642578,0.0109064905
0.65106,649,825.7867,825.7591,3.58642578,0.03271947
0.65272,650,825.7867,825.7592,3.48510742,0.021812981
0.65274,651,825.7867,825.7593,3.51989746,0.03271947
0.65457,652,825.7867,825.7593,3.562622,0.03271947
0.65462,653,825.7867,825.7594,3.46130371,0.043625962
0.65578,654,825.7867,825.7594,3.546753,0.0545324534
0.65761,655,825.7867,825.7594,3.546753,0.043625962
0.65763,656,825.7867,825.759644,3.34411621,0.0545324534
0.65889,657,825.7867,825.759644,3.51501465,0.043625962
0.66071,658,825.7867,825.759644,3.51501465,0.043625962
0.66074,659,825.7867,825.759766,3.41369629,0.0545324534
0.66253,660,825.7867,825.7598,3.44848633,0.06543894
0.66255,661,825.7867,825.7601,3.28857422,0.087251924
0.66378,662,825.7867,825.7602,3.3581543,0.07634544
0.66564,663,825.7867,825.760254,3.39294434,0.09815842
0.66568,664,825.7867,825.7604,3.33435059,0.09815842
0.66687,665,825.7867,825.760559,3.26782227,0.109064907
0.66870,666,825.7867,825.760742,3.24401855,0.125424653
0.66873,667,825.7867,825.760864,3.270874,0.125424653
0.67055,668,825.7867,825.760864,3.35632324,0.125424653
0.67057,669,825.7867,825.761047,3.2043457,0.125424653
0.67178,670,825.7867,825.761169,3.23120117,0.136331126
0.67363,671,825.7867,825.761353,3.16467285,0.125424653
0.67365,672,825.7867,825.7615,3.19152832,0.125424653
0.67487,673,825.7867,825.7616,3.17565918,0.125424653
0.67672,674,825.7867,825.761658,3.21044922,0.109064907
0.67675,675,825.7867,825.761658,3.25317383,0.087251924
0.67854,676,825.7867,825.761658,3.25317383,0.0545324534
0.67856,677,825.7867,825.761658,3.25317383,0.021812981
0.67981,678,825.7867,825.761658,3.25317383,0
0.68165,679,825.7867,825.7615,3.40515137,-0.0272662267
0.68167,680,825.7867,825.7616,3.17565918,-0.03817272
0.68289,681,825.7867,825.7615,3.36242676,-0.04907921
0.68472,682,825.7867,825.7615,3.27697754,-0.03817272
0.68476,683,825.7867,825.7615,3.27697754,-0.03817272
0.68658,684,825.7867,825.7615,3.27697754,-0.0272662267
0.68661,685,825.7867,825.7615,3.27697754,-0.0272662267
0.68777,686,825.7867,825.7615,3.27697754,-0.0272662267
0.68965,687,825.7867,825.7615,3.27697754,0
0.68967,688,825.7867,825.7615,3.27697754,0
0.69088,689,825.7867,825.7616,3.17565918,0.0109064905
0.69271,690,825.7867,825.761658,3.21044922,0.03271947
0.69275,691,825.7867,825.761658,3.25317383,0.043625962
0.69458,692,825.7867,825.7618,3.15185547,0.043625962
0.69461,693,825.7867,825.761841,3.18664551,0.043625962
0.69580,694,825.7867,825.761841,3.22937,0.03271947
0.69762,695,825.7867,825.761841,3.22937,0.03271947
0.69764,696,825.7867,825.761841,3.22937,0.03271947
0.69891,697,825.7867,825.7619,3.178711,0.03271947
0.70080,698,825.7867,825.762,3.12011719,0.03271947
0.70084,699,825.7867,825.762,3.20556641,0.021812981
0.70256,700,825.7867,825.762,3.20556641,0.0109064905
0.70261,701,825.7867,825.762,3.20556641,0
0.70380,702,825.7867,825.7619,3.30688477,-0.0163597353
0.70563,703,825.7867,825.7619,3.22143555,-0.0163597353
0.70565,704,825.7867,825.7619,3.22143555,-0.0163597353
0.70687,705,825.7867,825.7619,3.22143555,-0.0163597353
0.70873,706,825.7867,825.7619,3.22143555,-0.0163597353
0.70877,707,825.7867,825.7619,3.22143555,-0.0163597353
0.71058,708,825.7867,825.762,3.12011719,0
0.71061,709,825.7867,825.762,3.20556641,0.0109064905
0.71178,710,825.7867,825.762,3.20556641,0.021812981
0.71362,711,825.7867,825.7621,3.15490723,0.03271947
0.71364,712,825.7867,825.762146,3.14697266,0.03271947
0.71490,713,825.7867,825.762146,3.18969727,0.043625962
0.71671,714,825.7867,825.7622,3.139038,0.043625962
0.71677,715,825.7867,825.7623,3.08044434,0.03271947
0.71855,716,825.7867,825.7623,3.16589355,0.043625962
0.71858,717,825.7867,825.7623,3.16589355,0.03271947
0.71983,718,825.7867,825.7624,3.11523438,0.03271947
0.72169,719,825.7867,825.7624,3.157959,0.03271947
0.72172,720,825.7867,825.7624,3.157959,0.021812981
0.72287,721,825.7867,825.7624,3.157959,0.0109064905
0.72470,722,825.7867,825.7624,3.157959,0
0.72474,723,825.7867,825.7623,3.20861816,-0.0163597353
0.72655,724,825.7867,825.7623,3.16589355,-0.0272662267
0.72657,725,825.7867,825.7623,3.16589355,-0.0272662267
0.72781,726,825.7867,825.7623,3.16589355,-0.0272662267
0.72966,727,825.7867,825.7623,3.16589355,-0.0163597353
0.72968,728,825.7867,825.7623,3.16589355,-0.0163597353
0.73089,729,825.7867,825.7623,3.16589355,-0.0163597353
0.73270,730,825.7867,825.7623,3.16589355,0
0.73275,731,825.7867,825.7624,3.11523438,0
0.73456,732,825.7867,825.762451,3.1072998,0.0109064905
0.73460,733,825.7867,825.762451,3.15002441,0.03271947
0.73579,734,825.7867,825.7626,3.048706,0.043625962
0.73763,735,825.7867,825.762634,3.083496,0.06543894
0.73765,736,825.7867,825.7627,3.07556152,0.0545324534
0.73890,737,825.7867,825.762756,3.067627,0.0545324534
0.74070,738,825.7867,825.762756,3.11035156,0.043625962
0.74071,739,825.7867,825.762756,3.11035156,0.043625962
0.74255,740,825.7867,825.763,2.90771484,0.043625962
0.74258,741,825.7867,825.763,3.07861328,0.043625962
0.74378,742,825.7867,825.763,3.07861328,0.043625962
0.74566,743,825.7867,825.763,3.07861328,0.043625962
0.74569,744,825.7867,825.763,3.07861328,0.03271947
0.74690,745,825.7867,825.763,3.07861328,0.021812981
0.74869,746,825.7867,825.763,3.07861328,0.0109064905
0.74872,747,825.7867,825.763,3.07861328,0
0.75093,748,825.7867,825.763,3.07861328,-0.0163597353
0.75098,749,825.7867,825.763,3.07861328,0
0.75180,750,825.7867,825.763,3.07861328,0
0.75365,751,825.7867,825.763,3.07861328,0
0.75368,752,825.7867,825.763,3.07861328,0
0.75487,753,825.7867,825.7631,2.977295,0
0.75671,754,825.7867,825.7631,3.06274414,0
0.75677,755,825.7867,825.7631,3.06274414,0
0.75858,756,825.7867,825.7631,3.06274414,0.0109064905
0.75862,757,825.7867,825.7631,3.06274414,0.0109064905
0.75979,758,825.7867,825.7632,3.012085,0.0109064905
0.76165,759,825.7867,825.7633,2.95349121,0.03271947
0.76168,760,825.7867,825.7633,3.03894043,0.043625962
0.76287,761,825.7867,825.7634,2.937622,0.043625962
0.76471,762,825.7867,825.7636,2.87109375,0.06543894
0.76472,763,825.7867,825.7637,2.9486084,0.06543894
0.76655,764,825.7867,825.763733,2.94067383,0.07634544
0.76661,765,825.7867,825.763733,2.98339844,0.06543894
0.76781,766,825.7867,825.7639,2.831421,0.06543894
0.76966,767,825.7867,825.7639,2.95959473,0.06543894
0.76976,768,825.7867,825.7641,2.80761719,0.06543894
0.77090,769,825.7867,825.7641,2.935791,0.06543894
0.77272,770,825.7867,825.76416,2.88513184,0.06543894
0.77276,771,825.7867,825.7642,2.87719727,0.06543894
0.77456,772,825.7867,825.7642,2.91992188,0.0545324534
0.77460,773,825.7867,825.7644,2.76794434,0.0545324534
0.77578,774,825.7867,825.7644,2.89611816,0.0545324534
0.77765,775,825.7867,825.764465,2.845459,0.0545324534
0.77767,776,825.7867,825.7645,2.83752441,0.0545324534
0.77889,777,825.7867,825.7645,2.880249,0.043625962
0.78069,778,825.7867,825.764648,2.77893066,0.043625962
0.78072,779,825.7867,825.7647,2.8137207,0.0545324534
0.78256,780,825.7867,825.764832,2.755127,0.06543894
0.78259,781,825.7867,825.764954,2.73925781,0.07634544
0.78380,782,825.7867,825.765,2.77404785,0.087251924
0.78567,783,825.7867,825.7652,2.664795,0.109064907
0.78572,784,825.7867,825.765442,2.590332,0.136331126
0.78688,785,825.7867,825.765564,2.659912,0.147237629
0.78873,786,825.7867,825.765747,2.59338379,0.169050619
0.78877,787,825.7867,825.7659,2.56958,0.169050619
0.79055,788,825.7867,825.766052,2.59643555,0.158144116
0.79058,789,825.7867,825.7661,2.63122559,0.147237629
0.79178,790,825.7867,825.766357,2.47131348,0.147237629
0.79365,791,825.7867,825.7665,2.54089355,0.147237629
0.79367,792,825.7867,825.766663,2.47436523,0.136331126
0.79487,793,825.7867,825.766663,2.602539,0.109064907
0.79670,794,825.7867,825.766663,2.602539,0.07634544
0.79672,795,825.7867,825.766663,2.602539,0.03271947
0.79855,796,825.7867,825.766541,2.70385742,0
0.79858,797,825.7867,825.7665,2.66906738,-0.0272662267
0.79978,798,825.7867,825.7665,2.62634277,-0.04907921
0.80164,799,825.7867,825.7665,2.62634277,-0.04907921
0.80167,800,825.7867,825.766357,2.72766113,-0.04907921
0.80295,801,825.7867,825.766357,2.642212,-0.04907921
0.80469,802,825.7867,825.766357,2.642212,-0.03817272
0.80471,803,825.7867,825.766357,2.642212,-0.0272662267
0.80653,804,825.7867,825.766357,2.642212,-0.0163597353
0.80656,805,825.7867,825.766357,2.642212,0
0.80779,806,825.7867,825.766357,2.642212,0
0.80966,807,825.7867,825.7665,2.54089355,0.0109064905
0.80968,808,825.7867,825.7665,2.62634277,0.021812981
0.81088,809,825.7867,825.766541,2.57568359,0.03271947
0.81271,810,825.7867,825.766663,2.51708984,0.0545324534
0.81273,811,825.7867,825.766663,2.602539,0.043625962
0.81456,812,825.7867,825.766663,2.602539,0.03271947
0.81462,813,825.7867,825.7668,2.5012207,0.03271947
0.81580,814,825.7867,825.7668,2.58667,0.03271947
0.81763,815,825.7867,825.7668,2.58667,0.03271947
0.81765,816,825.7867,825.7668,2.58667,0.03271947
0.81890,817,825.7867,825.7668,2.58667,0.03271947
0.82071,818,825.7867,825.7668,2.58667,0.021812981
0.82074,819,825.7867,825.7668,2.58667,0.0109064905
0.82256,820,825.7867,825.7668,2.58667,0
0.82257,821,825.7867,825.7668,2.58667,-0.0163597353
0.82379,822,825.7867,825.7668,2.58667,-0.0163597353
0.82563,823,825.7867,825.7668,2.58667,-0.0163597353
0.82568,824,825.7867,825.7668,2.58667,-0.0163597353
0.82686,825,825.7867,825.7668,2.58667,-0.0163597353
0.82870,826,825.7867,825.7668,2.58667,-0.0163597353
0.82873,827,825.7867,825.7668,2.58667,-0.0163597353
0.83052,828,825.7867,825.7668,2.58667,0
0.83053,829,825.7867,825.7668,2.58667,0
0.83178,830,825.7867,825.7668,2.58667,0
0.83361,831,825.7867,825.7668,2.58667,0
0.83363,832,825.7867,825.7669,2.48535156,0
0.83491,833,825.7867,825.766968,2.5201416,0.0109064905
0.83670,834,825.7867,825.766968,2.56286621,0.0109064905
0.83673,835,825.7867,825.766968,2.56286621,0.03271947
0.83853,836,825.7867,825.767,2.512207,0.043625962
0.83855,837,825.7867,825.7671,2.50427246,0.0545324534
0.83980,838,825.7867,825.7672,2.44567871,0.0545324534
0.84161,839,825.7867,825.7673,2.48046875,0.043625962
0.84162,840,825.7867,825.7673,2.52319336,0.0545324534
0.84288,841,825.7867,825.7673,2.52319336,0.043625962
0.84471,842,825.7867,825.767334,2.47253418,0.043625962
0.84475,843,825.7867,825.767456,2.41394043,0.043625962
0.84651,844,825.7867,825.767456,2.49938965,0.043625962
0.84652,845,825.7867,825.767456,2.49938965,0.03271947
0.84779,846,825.7867,825.767456,2.49938965,0.021812981
0.84965,847,825.7867,825.767456,2.49938965,0.0109064905
0.84968,848,825.7867,825.767456,2.49938965,-0.0163597353
0.85089,849,825.7867,825.767456,2.49938965,0
0.85273,850,825.7867,825.767456,2.49938965,-0.0272662267
0.85278,851,825.7867,825.767456,2.49938965,-0.0272662267
0.85453,852,825.7867,825.767456,2.49938965,-0.0272662267
0.85456,853,825.7867,825.767456,2.49938965,-0.0272662267
0.85581,854,825.7867,825.767456,2.49938965,-0.0163597353
0.85761,855,825.7867,825.767456,2.49938965,0
0.85762,856,825.7867,825.767456,2.49938965,0
0.85887,857,825.7867,825.767456,2.49938965,0
0.86070,858,825.7867,825.767456,2.49938965,0
0.86072,859,825.7867,825.767456,2.49938965,0.0109064905
0.86253,860,825.7867,825.7676,2.39807129,0.03271947
0.86255,861,825.7867,825.767639,2.43286133,0.0545324534
0.86378,862,825.7867,825.767761,2.37426758,0.043625962
0.86561,863,825.7867,825.767761,2.4597168,0.0545324534
0.86562,864,825.7867,825.767761,2.4597168,0.0545324534
0.86689,865,825.7867,825.7678,2.40905762,0.043625962
0.86870,866,825.7867,825.7679,2.401123,0.043625962
0.86874,867,825.7867,825.7679,2.44384766,0.043625962
0.87055,868,825.7867,825.768,2.3425293,0.043625962
0.87056,869,825.7867,825.768066,2.37731934,0.043625962
0.87179,870,825.7867,825.768066,2.420044,0.043625962
0.87361,871,825.7867,825.7682,2.31872559,0.043625962
0.87362,872,825.7867,825.7682,2.4041748,0.043625962
0.87487,873,825.7867,825.7682,2.4041748,0.03271947
0.87668,874,825.7867,825.7682,2.4041748,0.03271947
0.87670,875,825.7867,825.7682,2.4041748,0.021812981
0.87854,876,825.7867,825.7682,2.4041748,0.021812981
0.87856,877,825.7867,825.7682,2.4041748,0.0109064905
0.87982,878,825.7867,825.7682,2.4041748,0.0109064905
0.88162,879,825.7867,825.7683,2.30285645,0.0109064905
0.88163,880,825.7867,825.7684,2.33764648,0.0109064905
0.88290,881,825.7867,825.7684,2.380371,0.021812981
0.88470,882,825.7867,825.7684,2.380371,0.021812981
0.88473,883,825.7867,825.7684,2.380371,0.021812981
0.88656,884,825.7867,825.7684,2.380371,0.021812981
0.88658,885,825.7867,825.7684,2.380371,0.021812981
0.88781,886,825.7867,825.7685,2.27905273,0.021812981
0.88961,887,825.7867,825.768555,2.31384277,0.021812981
0.88963,888,825.7867,825.768555,2.35656738,0.021812981
0.89090,889,825.7867,825.7686,2.3059082,0.021812981
0.89269,890,825.7867,825.768738,2.24731445,0.043625962
0.89271,891,825.7867,825.7688,2.28210449,0.0545324534
0.89453,892,825.7867,825.76886,2.27417,0.06543894
0.89455,893,825.7867,825.769043,2.164917,0.07634544
0.89581,894,825.7867,825.769043,2.29309082,0.07634544
0.89763,895,825.7867,825.769165,2.19177246,0.07634544
0.89765,896,825.7867,825.7693,2.17590332,0.087251924
0.89890,897,825.7867,825.769348,2.21069336,0.087251924
0.90083,898,825.7867,825.7695,2.15209961,0.09815842
0.90089,899,825.7867,825.7697,2.034912,0.109064907
0.90256,900,825.7867,825.7697,2.20581055,0.109064907
0.90259,901,825.7867,825.7699,2.053833,0.125424653
0.90380,902,825.7867,825.77,2.08068848,0.125424653
0.90562,903,825.7867,825.770142,2.06481934,0.125424653
0.90564,904,825.7867,825.7703,1.998291,0.125424653
0.90688,905,825.7867,825.7703,2.12646484,0.109064907
0.90868,906,825.7867,825.7703,2.12646484,0.087251924
0.90871,907,825.7867,825.7703,2.12646484,0.0545324534
0.91052,908,825.7867,825.7703,2.12646484,0.03271947
0.91054,909,825.7867,825.7703,2.12646484,0
0.91178,910,825.7867,825.7703,2.12646484,-0.0272662267
0.91362,911,825.7867,825.770264,2.177124,-0.03817272
0.91364,912,825.7867,825.770142,2.23571777,-0.03817272
0.91487,913,825.7867,825.770142,2.15026855,-0.04907921
0.91669,914,825.7867,825.770142,2.15026855,-0.0599856973
0.91671,915,825.7867,825.770142,2.15026855,-0.03817272
0.91854,916,825.7867,825.770142,2.15026855,-0.03817272
0.91856,917,825.7867,825.770142,2.15026855,-0.0163597353
0.91981,918,825.7867,825.770142,2.15026855,0
0.92162,919,825.7867,825.770142,2.15026855,0
0.92163,920,825.7867,825.770142,2.15026855,0
0.92288,921,825.7867,825.770142,2.15026855,0
0.92468,922,825.7867,825.770142,2.15026855,0.0109064905
0.92470,923,825.7867,825.770264,2.0489502,0.021812981
0.92654,924,825.7867,825.7703,2.08374023,0.021812981
0.92656,925,825.7867,825.7703,2.12646484,0.021812981
0.92779,926,825.7867,825.7703,2.12646484,0.03271947
0.92963,927,825.7867,825.7703,2.12646484,0.03271947
0.92966,928,825.7867,825.7704,2.07580566,0.021812981
0.93088,929,825.7867,825.7704,2.11853027,0.021812981
0.93269,930,825.7867,825.770447,2.067871,0.021812981
0.93271,931,825.7867,825.770447,2.1105957,0.021812981
0.93454,932,825.7867,825.770447,2.1105957,0.0109064905
0.93456,933,825.7867,825.770447,2.1105957,0.0109064905
0.93579,934,825.7867,825.770447,2.1105957,0
0.93763,935,825.7867,825.7704,2.161255,0
0.93765,936,825.7867,825.7704,2.11853027,-0.0163597353
0.93892,937,825.7867,825.7704,2.11853027,-0.0163597353
0.94068,938,825.7867,825.7704,2.11853027,-0.0163597353
0.94069,939,825.7867,825.7704,2.11853027,-0.0163597353
0.94252,940,825.7867,825.7704,2.11853027,0
0.94253,941,825.7867,825.7704,2.11853027,0
0.94385,942,825.7867,825.7704,2.11853027,0
0.94562,943,825.7867,825.7704,2.11853027,0
0.94563,944,825.7867,825.7704,2.11853027,0
0.94694,945,825.7867,825.770447,2.067871,0
0.94868,946,825.7867,825.770447,2.1105957,0
0.94870,947,825.7867,825.770447,2.1105957,0
0.95084,948,825.7867,825.770447,2.1105957,0.0109064905
0.95093,949,825.7867,825.770447,2.1105957,0.0109064905
0.95185,950,825.7867,825.770447,2.1105957,0.0109064905
0.95366,951,825.7867,825.770569,2.00927734,0.0109064905
0.95368,952,825.7867,825.770569,2.09472656,0.0109064905
0.95487,953,825.7867,825.770569,2.09472656,0.0109064905
0.95670,954,825.7867,825.770569,2.09472656,0.0109064905
0.95674,955,825.7867,825.7706,2.04406738,0.0109064905
0.95855,956,825.7867,825.7706,2.086792,0.0109064905
0.95856,957,825.7867,825.7706,2.086792,0.0109064905
0.95981,958,825.7867,825.7706,2.086792,0.0109064905
0.96163,959,825.7867,825.7706,2.086792,0.0109064905
0.96164,960,825.7867,825.7706,2.086792,0.0109064905
0.96289,961,825.7867,825.7706,2.086792,0
0.96470,962,825.7867,825.7706,2.086792,0
0.96471,963,825.7867,825.7706,2.086792,0
0.96660,964,825.7867,825.7706,2.086792,0
0.96664,965,825.7867,825.7706,2.086792,0.0109064905
0.96791,966,825.7867,825.7706,2.086792,0
0.96973,967,825.7867,825.7706,2.086792,0
0.96975,968,825.7867,825.7707,2.03613281,0
0.97088,969,825.7867,825.7707,2.07885742,0
0.97270,970,825.7867,825.7707,2.07885742,0.0109064905
0.97274,971,825.7867,825.7708,1.97753906,0.0109064905
0.97458,972,825.7867,825.7708,2.06298828,0.0109064905
0.97462,973,825.7867,825.7708,2.06298828,0.0109064905
0.97580,974,825.7867,825.7708,2.06298828,0.0109064905
0.97762,975,825.7867,825.7708,2.06298828,0.0109064905
0.97763,976,825.7867,825.7708,2.06298828,0.0109064905
0.97888,977,825.7867,825.7708,2.06298828,0.0109064905
0.98071,978,825.7867,825.7708,2.06298828,0.0109064905
0.98079,979,825.7867,825.7708,2.06298828,0.0109064905
0.98258,980,825.7867,825.7709,2.012329,0.0109064905
0.98262,981,825.7867,825.7709,2.05505371,0.0109064905
0.98378,982,825.7867,825.7709,2.05505371,0.0109064905
0.98562,983,825.7867,825.7709,2.05505371,0.0109064905
0.98564,984,825.7867,825.770935,2.00439453,0.0109064905
0.98688,985,825.7867,825.770935,2.04711914,0.0109064905
0.98873,986,825.7867,825.770935,2.04711914,0.0109064905
0.98876,987,825.7867,825.770935,2.04711914,0.0109064905
0.99058,988,825.7867,825.770935,2.04711914,0.0109064905
0.99060,989,825.7867,825.770935,2.04711914,0.0109064905
0.99181,990,825.7867,825.770935,2.04711914,0
0.99360,991,825.7867,825.770935,2.04711914,0
0.99362,992,825.7867,825.770935,2.04711914,0
0.99488,993,825.7867,825.770935,2.04711914,-0.0163597353
0.99668,994,825.7867,825.770935,2.04711914,0
0.99670,995,825.7867,825.770935,2.04711914,-0.0163597353
0.99855,996,825.7867,825.770935,2.04711914,-0.0163597353
0.99857,997,825.7867,825.770935,2.04711914,0
0.99978,998,825.7867,825.770935,2.04711914,0
1.00162,999,825.7867,825.771,1.99646,0.0109064905
1.00165,1000,825.7867,825.771,2.03918457,0.0109064905
1.00292,1001,825.7867,825.7711,1.93786621,0.021812981
1.00472,1002,825.7867,825.7711,2.02331543,0.03271947
1.00478,1003,825.7867,825.7711,2.02331543,0.021812981
1.00656,1004,825.7867,825.7712,1.97265625,0.03271947
1.00657,1005,825.7867,825.7712,2.01538086,0.021812981
1.00780,1006,825.7867,825.77124,1.96472168,0.021812981
1.00962,1007,825.7867,825.77124,2.00744629,0.021812981
1.00964,1008,825.7867,825.77124,2.00744629,0.021812981
1.01089,1009,825.7867,825.77124,2.00744629,0.021812981
1.01271,1010,825.7867,825.77124,2.00744629,0.0109064905
1.01273,1011,825.7867,825.77124,2.00744629,-0.0163597353
1.01454,1012,825.7867,825.77124,2.00744629,-0.0163597353
1.01458,1013,825.7867,825.77124,2.00744629,-0.0272662267
1.01578,1014,825.7867,825.77124,2.00744629,-0.0272662267
1.01770,1015,825.7867,825.77124,2.00744629,-0.0163597353
1.01774,1016,825.7867,825.77124,2.00744629,0
1.01888,1017,825.7867,825.77124,2.00744629,0
1.02070,1018,825.7867,825.77124,2.00744629,0
1.02072,1019,825.7867,825.77124,2.00744629,0
1.02257,1020,825.7867,825.77124,2.00744629,0
1.02261,1021,825.7867,825.77124,2.00744629,0
1.02379,1022,825.7867,825.77124,2.00744629,0
1.02562,1023,825.7867,825.77124,2.00744629,0
1.02564,1024,825.7867,825.77124,2.00744629,0
1.02687,1025,825.7867,825.77124,2.00744629,0.0109064905
1.02872,1026,825.7867,825.77124,2.00744629,0.0109064905
1.02874,1027,825.7867,825.771362,1.90612793,0.0109064905
1.03056,1028,825.7867,825.771362,1.99157715,0.021812981
1.03059,1029,825.7867,825.7714,1.940918,0.021812981
1.03178,1030,825.7867,825.7714,1.98364258,0.021812981
1.03361,1031,825.7867,825.7714,1.98364258,0.021812981
1.03362,1032,825.7867,825.7714,1.98364258,0.021812981
1.03489,1033,825.7867,825.771545,1.88232422,0.021812981
1.03670,1034,825.7867,825.771545,1.96777344,0.021812981
1.03674,1035,825.7867,825.771545,1.96777344,0.021812981
1.03855,1036,825.7867,825.771545,1.96777344,0.021812981
1.03858,1037,825.7867,825.771545,1.96777344,0.021812981
1.03980,1038,825.7867,825.771545,1.96777344,0.0109064905
1.04163,1039,825.7867,825.771545,1.96777344,0.0109064905
1.04165,1040,825.7867,825.771545,1.96777344,0
1.04289,1041,825.7867,825.771545,1.96777344,0
1.04470,1042,825.7867,825.771545,1.96777344,0
1.04473,1043,825.7867,825.771545,1.96777344,0
1.04655,1044,825.7867,825.771545,1.96777344,0
1.04657,1045,825.7867,825.771545,1.96777344,0.0109064905
1.04780,1046,825.7867,825.771667,1.86645508,0.0109064905
1.04965,1047,825.7867,825.771667,1.9519043,0.0109064905
1.04967,1048,825.7867,825.771667,1.9519043,0.0109064905
1.05105,1049,825.7867,825.7717,1.90124512,0.0109064905
1.05271,1050,825.7867,825.7717,1.94396973,0.0109064905
1.05277,1051,825.7867,825.7717,1.94396973,0.0109064905
1.05455,1052,825.7867,825.7717,1.94396973,0.0109064905
1.05460,1053,825.7867,825.7717,1.94396973,0.0109064905
1.05579,1054,825.7867,825.7717,1.94396973,0.0109064905
1.05766,1055,825.7867,825.7717,1.94396973,0.0109064905
1.05769,1056,825.7867,825.7717,1.94396973,0.0109064905
1.05891,1057,825.7867,825.7717,1.94396973,0.0109064905
1.06068,1058,825.7867,825.771851,1.84265137,0.0109064905
1.06071,1059,825.7867,825.771851,1.92810059,0.0109064905
1.06255,1060,825.7867,825.7719,1.87744141,0.0109064905
1.06258,1061,825.7867,825.7719,1.920166,0.021812981
1.06380,1062,825.7867,825.772,1.86950684,0.03271947
1.06565,1063,825.7867,825.7721,1.81091309,0.03271947
1.06568,1064,825.7867,825.7721,1.8963623,0.03271947
1.06692,1065,825.7867,825.7721,1.8963623,0.03271947
1.06871,1066,825.7867,825.772156,1.84570313,0.03271947
1.06876,1067,825.7867,825.7722,1.83776855,0.03271947
1.07058,1068,825.7867,825.7722,1.88049316,0.03271947
1.07063,1069,825.7867,825.7722,1.88049316,0.021812981
1.07180,1070,825.7867,825.7722,1.88049316,0.0109064905
1.07367,1071,825.7867,825.7722,1.88049316,0.0109064905
1.07372,1072,825.7867,825.7722,1.88049316,0
1.07487,1073,825.7867,825.7722,1.88049316,0.0109064905
1.07670,1074,825.7867,825.7722,1.88049316,0.0109064905
1.07671,1075,825.7867,825.7722,1.88049316,0.0109064905
1.07854,1076,825.7867,825.7723,1.829834,0.0109064905
1.07855,1077,825.7867,825.7723,1.87255859,0.0109064905
1.07978,1078,825.7867,825.7723,1.87255859,0
1.08163,1079,825.7867,825.7724,1.77124023,0.0109064905
1.08164,1080,825.7867,825.7724,1.85668945,0.0109064905
1.08288,1081,825.7867,825.7724,1.85668945,0.021812981
1.08471,1082,825.7867,825.772461,1.80603027,0.021812981
1.08476,1083,825.7867,825.7725,1.7980957,0.03271947
1.08655,1084,825.7867,825.7725,1.84082031,0.03271947
1.08659,1085,825.7867,825.772644,1.739502,0.03271947
1.08781,1086,825.7867,825.7727,1.774292,0.043625962
1.08964,1087,825.7867,825.7727,1.8170166,0.043625962
1.08967,1088,825.7867,825.772766,1.76635742,0.043625962
1.09088,1089,825.7867,825.7728,1.75842285,0.043625962
1.09272,1090,825.7867,825.7728,1.80114746,0.043625962
1.09276,1091,825.7867,825.773,1.64916992,0.043625962
1.09452,1092,825.7867,825.773,1.77734375,0.0545324534
1.09454,1093,825.7867,825.7731,1.72668457,0.06543894
1.09578,1094,825.7867,825.7732,1.66809082,0.06543894
1.09763,1095,825.7867,825.7734,1.6015625,0.07634544
1.09765,1096,825.7867,825.7734,1.72973633,0.07634544
1.09888,1097,825.7867,825.7735,1.628418,0.07634544
1.10093,1098,825.7867,825.7735,1.71386719,0.07634544
1.10100,1099,825.7867,825.7737,1.56188965,0.07634544
1.10254,1100,825.7867,825.7737,1.69006348,0.07634544
1.10256,1101,825.7867,825.7738,1.58874512,0.07634544
1.10381,1102,825.7867,825.7738,1.67419434,0.07634544
1.10567,1103,825.7867,825.7738,1.67419434,0.06543894
1.10573,1104,825.7867,825.7739,1.572876,0.043625962
1.10688,1105,825.7867,825.7739,1.6583252,0.043625962
1.10873,1106,825.7867,825.774,1.607666,0.021812981
1.10878,1107,825.7867,825.7739,1.7010498,0.0109064905
1.11057,1108,825.7867,825.7738,1.75964355,0
1.11061,1109,825.7867,825.7738,1.67419434,-0.0163597353
1.11179,1110,825.7867,825.7738,1.67419434,-0.0272662267
1.11368,1111,825.7867,825.7738,1.67419434,-0.03817272
1.11371,1112,825.7867,825.7738,1.67419434,-0.0272662267
1.11488,1113,825.7867,825.7738,1.67419434,-0.0272662267
1.11671,1114,825.7867,825.7738,1.67419434,-0.0272662267
1.11673,1115,825.7867,825.7738,1.67419434,-0.0163597353
1.11854,1116,825.7867,825.7738,1.67419434,0
1.11856,1117,825.7867,825.7738,1.67419434,0
1.11981,1118,825.7867,825.7738,1.67419434,0
1.12164,1119,825.7867,825.7738,1.67419434,0
1.12166,1120,825.7867,825.7738,1.67419434,0
1.12288,1121,825.7867,825.7738,1.67419434,0
1.12471,1122,825.7867,825.7739,1.572876,0.0109064905
1.12473,1123,825.7867,825.7739,1.6583252,0.0109064905
1.12654,1124,825.7867,825.774,1.607666,0.0109064905
1.12658,1125,825.7867,825.774,1.65039063,0.0109064905
1.12778,1126,825.7867,825.774,1.65039063,0.0109064905
1.12964,1127,825.7867,825.774,1.65039063,0.021812981
1.12966,1128,825.7867,825.774048,1.59973145,0.021812981
1.13088,1129,825.7867,825.774048,1.642456,0.021812981
1.13270,1130,825.7867,825.7741,1.59179688,0.021812981
1.13272,1131,825.7867,825.7741,1.63452148,0.021812981
1.13464,1132,825.7867,825.7741,1.63452148,0.021812981
1.13468,1133,825.7867,825.7741,1.63452148,0.021812981
1.13582,1134,825.7867,825.7741,1.63452148,0.021812981
1.13769,1135,825.7867,825.774231,1.53320313,0.021812981
1.13772,1136,825.7867,825.774231,1.61865234,0.021812981
1.13889,1137,825.7867,825.774231,1.61865234,0.021812981
1.14071,1138,825.7867,825.774231,1.61865234,0.0109064905
1.14075,1139,825.7867,825.774231,1.61865234,0
1.14256,1140,825.7867,825.7741,1.7199707,-0.0163597353
1.14260,1141,825.7867,825.7741,1.63452148,-0.0272662267
1.14379,1142,825.7867,825.7741,1.63452148,-0.0272662267
1.14565,1143,825.7867,825.7741,1.63452148,-0.0272662267
1.14568,1144,825.7867,825.7741,1.63452148,-0.0163597353
1.14687,1145,825.7867,825.7741,1.63452148,0
1.14871,1146,825.7867,825.7741,1.63452148,0
1.14875,1147,825.7867,825.7741,1.63452148,0
1.15091,1148,825.7867,825.774231,1.53320313,0
1.15096,1149,825.7867,825.774231,1.61865234,0
1.15182,1150,825.7867,825.7743,1.56799316,0
1.15365,1151,825.7867,825.7743,1.61071777,0.0109064905
1.15369,1152,825.7867,825.7743,1.61071777,0.021812981
1.15489,1153,825.7867,825.7743,1.61071777,0.0109064905
1.15670,1154,825.7867,825.7743,1.61071777,0.0109064905
1.15673,1155,825.7867,825.7743,1.61071777,0.0109064905
1.15858,1156,825.7867,825.774353,1.56005859,0.0109064905
1.15863,1157,825.7867,825.7745,1.50146484,0.0109064905
1.15978,1158,825.7867,825.7745,1.58691406,0.021812981
1.16164,1159,825.7867,825.7745,1.58691406,0.021812981
1.16167,1160,825.7867,825.7745,1.58691406,0.021812981
1.16288,1161,825.7867,825.7745,1.58691406,0.0109064905
1.16469,1162,825.7867,825.7745,1.58691406,0.0109064905
1.16472,1163,825.7867,825.7745,1.58691406,-0.0163597353
1.16656,1164,825.7867,825.7745,1.58691406,-0.0163597353
1.16658,1165,825.7867,825.7745,1.58691406,-0.0163597353
1.16782,1166,825.7867,825.7745,1.58691406,-0.0163597353
1.16965,1167,825.7867,825.7745,1.58691406,-0.0163597353
1.16969,1168,825.7867,825.7745,1.58691406,-0.0163597353
1.17088,1169,825.7867,825.7745,1.58691406,0
1.17272,1170,825.7867,825.7745,1.58691406,0
1.17275,1171,825.7867,825.7745,1.58691406,0
1.17459,1172,825.7867,825.7745,1.58691406,0
1.17462,1173,825.7867,825.7745,1.58691406,0
1.17580,1174,825.7867,825.7745,1.58691406,0
1.17767,1175,825.7867,825.7745,1.58691406,0
1.17774,1176,825.7867,825.7745,1.58691406,0.0109064905
1.17888,1177,825.7867,825.774536,1.53625488,0.0109064905
1.18071,1178,825.7867,825.7746,1.52832031,0.021812981
1.18075,1179,825.7867,825.7746,1.57104492,0.03271947
1.18254,1180,825.7867,825.7746,1.57104492,0.021812981
1.18256,1181,825.7867,825.7746,1.57104492,0.021812981
1.18415,1182,825.7867,825.7746,1.57104492,0.021812981
1.18562,1183,825.7867,825.7746,1.57104492,0.021812981
1.18566,1184,825.7867,825.774658,1.52038574,0.021812981
1.18688,1185,825.7867,825.774658,1.56311035,0.0109064905
1.18873,1186,825.7867,825.774658,1.56311035,0.0109064905
1.18876,1187,825.7867,825.774658,1.56311035,0.0109064905
1.19056,1188,825.7867,825.7748,1.461792,0
1.19059,1189,825.7867,825.7748,1.54724121,0.0109064905
1.19181,1190,825.7867,825.774658,1.64855957,0
1.19368,1191,825.7867,825.774658,1.56311035,0
1.19370,1192,825.7867,825.774658,1.56311035,-0.0163597353
1.19488,1193,825.7867,825.774658,1.56311035,-0.0163597353
1.19669,1194,825.7867,825.774658,1.56311035,-0.0163597353
1.19673,1195,825.7867,825.774658,1.56311035,-0.0163597353
1.19855,1196,825.7867,825.774658,1.56311035,-0.0163597353
1.19857,1197,825.7867,825.774658,1.56311035,-0.0163597353
1.19979,1198,825.7867,825.774658,1.56311035,0
1.20167,1199,825.7867,825.774658,1.56311035,0
1.20171,1200,825.7867,825.7748,1.461792,0
1.20292,1201,825.7867,825.7748,1.54724121,0.021812981
1.20470,1202,825.7867,825.7749,1.44592285,0.03271947
1.20473,1203,825.7867,825.7749,1.53137207,0.03271947
1.20654,1204,825.7867,825.7749,1.53137207,0.043625962
1.20660,1205,825.7867,825.7749,1.53137207,0.021812981
1.20779,1206,825.7867,825.7749,1.53137207,0.021812981
1.20965,1207,825.7867,825.7749,1.53137207,0.021812981
1.20967,1208,825.7867,825.775,1.43005371,0.021812981
1.21088,1209,825.7867,825.7749,1.61682129,0.021812981
1.21272,1210,825.7867,825.7749,1.53137207,0.0109064905
1.21276,1211,825.7867,825.7749,1.53137207,-0.0163597353
1.21456,1212,825.7867,825.7749,1.53137207,-0.0163597353
1.21459,1213,825.7867,825.7749,1.53137207,-0.0272662267
1.21579,1214,825.7867,825.7749,1.53137207,-0.0163597353
1.21766,1215,825.7867,825.7749,1.53137207,-0.0163597353
1.21771,1216,825.7867,825.7749,1.53137207,0
1.21891,1217,825.7867,825.7749,1.53137207,0
1.22070,1218,825.7867,825.7749,1.53137207,0
1.22075,1219,825.7867,825.7749,1.53137207,0
1.22255,1220,825.7867,825.7749,1.53137207,0
1.22257,1221,825.7867,825.7749,1.53137207,0
1.22380,1222,825.7867,825.775,1.43005371,0
1.22565,1223,825.7867,825.7751,1.46484375,0.0109064905
1.22567,1224,825.7867,825.7751,1.50756836,0.021812981
1.22688,1225,825.7867,825.7751,1.50756836,0.021812981
1.22872,1226,825.7867,825.7752,1.40625,0.03271947
1.22873,1227,825.7867,825.7752,1.49169922,0.03271947
1.23056,1228,825.7867,825.7752,1.49169922,0.021812981
1.23059,1229,825.7867,825.7752,1.49169922,0.021812981
1.23178,1230,825.7867,825.7752,1.49169922,0.021812981
1.23364,1231,825.7867,825.7752,1.49169922,0.021812981
1.23366,1232,825.7867,825.7752,1.49169922,0.021812981
1.23489,1233,825.7867,825.7752,1.49169922,0.0109064905
1.23671,1234,825.7867,825.7752,1.49169922,-0.0163597353
1.23676,1235,825.7867,825.7752,1.49169922,-0.0163597353
1.23856,1236,825.7867,825.7752,1.49169922,-0.0272662267
1.23858,1237,825.7867,825.7752,1.49169922,-0.0272662267
1.23979,1238,825.7867,825.7752,1.49169922,-0.0163597353
1.24168,1239,825.7867,825.7752,1.49169922,-0.0163597353
1.24171,1240,825.7867,825.7752,1.49169922,0
1.24288,1241,825.7867,825.7752,1.49169922,0
1.24470,1242,825.7867,825.7752,1.49169922,0
1.24473,1243,825.7867,825.7752,1.49169922,0
1.24657,1244,825.7867,825.7752,1.49169922,0
1.24660,1245,825.7867,825.7752,1.49169922,0.0109064905
1.24778,1246,825.7867,825.7753,1.39038086,0.0109064905
1.24961,1247,825.7867,825.7753,1.47583008,0.021812981
1.24964,1248,825.7867,825.775452,1.37451172,0.0109064905
1.25106,1249,825.7867,825.775452,1.45996094,0.0109064905
1.25272,1250,825.7867,825.775452,1.45996094,0.021812981
1.25274,1251,825.7867,825.775452,1.45996094,0.021812981
1.25460,1252,825.7867,825.7755,1.40930176,0.021812981
1.25465,1253,825.7867,825.7755,1.45202637,0.021812981
1.25579,1254,825.7867,825.7755,1.45202637,0.021812981
1.25766,1255,825.7867,825.7755,1.45202637,0.0109064905
1.25770,1256,825.7867,825.7755,1.45202637,0
1.25888,1257,825.7867,825.7755,1.45202637,0
1.26071,1258,825.7867,825.7755,1.45202637,-0.0163597353
1.26074,1259,825.7867,825.7755,1.45202637,-0.0163597353
1.26257,1260,825.7867,825.7755,1.45202637,0
1.26260,1261,825.7867,825.7755,1.45202637,-0.0163597353
1.26379,1262,825.7867,825.7755,1.45202637,-0.0163597353
1.26566,1263,825.7867,825.7755,1.45202637,-0.0163597353
1.26570,1264,825.7867,825.7755,1.45202637,-0.0163597353
1.26687,1265,825.7867,825.7755,1.45202637,0
1.26873,1266,825.7867,825.7755,1.45202637,0
1.26877,1267,825.7867,825.7755,1.45202637,0
1.27058,1268,825.7867,825.7755,1.45202637,0
1.27061,1269,825.7867,825.7756,1.40136719,0.0109064905
1.27178,1270,825.7867,825.7756,1.4440918,0.0109064905
1.27369,1271,825.7867,825.7756,1.4440918,0.0109064905
1.27374,1272,825.7867,825.775635,1.39343262,0.03271947
1.27488,1273,825.7867,825.775757,1.33483887,0.03271947
1.27672,1274,825.7867,825.775757,1.42028809,0.021812981
1.27679,1275,825.7867,825.775757,1.42028809,0.03271947
1.27857,1276,825.7867,825.775757,1.42028809,0.021812981
1.27860,1277,825.7867,825.775757,1.42028809,0.021812981
1.27978,1278,825.7867,825.7758,1.36962891,0.021812981
1.28162,1279,825.7867,825.7758,1.41235352,0.021812981
1.28165,1280,825.7867,825.7759,1.36169434,0.021812981
1.28289,1281,825.7867,825.7759,1.404419,0.021812981
1.28470,1282,825.7867,825.7759,1.404419,0.021812981
1.28472,1283,825.7867,825.7759,1.404419,0.0109064905
1.28660,1284,825.7867,825.7759,1.404419,0
1.28665,1285,825.7867,825.7758,1.45507813,0
1.28779,1286,825.7867,825.7758,1.41235352,-0.0163597353
1.28965,1287,825.7867,825.7758,1.41235352,-0.0163597353
1.28967,1288,825.7867,825.7758,1.41235352,-0.0163597353
1.29097,1289,825.7867,825.7758,1.41235352,-0.0272662267
1.29273,1290,825.7867,825.7758,1.41235352,-0.0163597353
1.29277,1291,825.7867,825.7759,1.36169434,-0.0163597353
1.29455,1292,825.7867,825.7759,1.404419,0.0109064905
1.29459,1293,825.7867,825.7759,1.404419,0.0109064905
1.29578,1294,825.7867,825.776062,1.25244141,0.03271947
1.29765,1295,825.7867,825.776062,1.38061523,0.043625962
1.29767,1296,825.7867,825.7761,1.329956,0.03271947
1.29887,1297,825.7867,825.7762,1.32202148,0.043625962
1.30084,1298,825.7867,825.7762,1.36474609,0.043625962
1.30087,1299,825.7867,825.7762,1.36474609,0.043625962
1.30262,1300,825.7867,825.776367,1.21276855,0.043625962
1.30267,1301,825.7867,825.776367,1.34094238,0.043625962
1.30381,1302,825.7867,825.7764,1.2902832,0.043625962
1.30566,1303,825.7867,825.77655,1.23168945,0.043625962
1.30569,1304,825.7867,825.77655,1.31713867,0.043625962
1.30688,1305,825.7867,825.77655,1.31713867,0.043625962
1.30872,1306,825.7867,825.7766,1.26647949,0.043625962
1.30876,1307,825.7867,825.776733,1.20788574,0.043625962
1.31054,1308,825.7867,825.776733,1.293335,0.043625962
1.31061,1309,825.7867,825.776855,1.1920166,0.043625962
1.31181,1310,825.7867,825.776855,1.27746582,0.0545324534
1.31362,1311,825.7867,825.7769,1.22680664,0.0545324534
1.31364,1312,825.7867,825.7771,1.11755371,0.07634544
1.31491,1313,825.7867,825.777161,1.19506836,0.07634544
1.31669,1314,825.7867,825.777161,1.237793,0.07634544
1.31672,1315,825.7867,825.777344,1.08581543,0.087251924
1.31858,1316,825.7867,825.7774,1.16333008,0.07634544
1.31861,1317,825.7867,825.777466,1.15539551,0.07634544
1.31979,1318,825.7867,825.777649,1.04614258,0.087251924
1.32163,1319,825.7867,825.777649,1.17431641,0.07634544
1.32166,1320,825.7867,825.777832,1.02233887,0.07634544
1.32289,1321,825.7867,825.777832,1.1505127,0.07634544
1.32473,1322,825.7867,825.777954,1.04919434,0.07634544
1.32477,1323,825.7867,825.777954,1.13464355,0.06543894
1.32658,1324,825.7867,825.777954,1.13464355,0.043625962
1.32660,1325,825.7867,825.777954,1.13464355,0.043625962
1.32778,1326,825.7867,825.777954,1.13464355,0.021812981
1.32963,1327,825.7867,825.777954,1.13464355,0.0109064905
1.32966,1328,825.7867,825.777954,1.13464355,-0.0163597353
1.33089,1329,825.7867,825.777954,1.13464355,-0.0272662267
1.33270,1330,825.7867,825.777954,1.13464355,-0.0272662267
1.33274,1331,825.7867,825.7779,1.18530273,-0.03817272
1.33453,1332,825.7867,825.777832,1.1932373,-0.03817272
1.33456,1333,825.7867,825.777832,1.1505127,-0.03817272
1.33578,1334,825.7867,825.777832,1.1505127,-0.03817272
1.33768,1335,825.7867,825.777832,1.1505127,-0.0272662267
1.33772,1336,825.7867,825.777832,1.1505127,-0.0163597353
1.33888,1337,825.7867,825.777832,1.1505127,-0.0163597353
1.34071,1338,825.7867,825.777832,1.1505127,-0.0163597353
1.34074,1339,825.7867,825.777832,1.1505127,0
1.34253,1340,825.7867,825.777832,1.1505127,0
1.34255,1341,825.7867,825.777832,1.1505127,0
1.34378,1342,825.7867,825.777832,1.1505127,0
1.34561,1343,825.7867,825.777832,1.1505127,0
1.34564,1344,825.7867,825.7779,1.09985352,0.0109064905
1.34688,1345,825.7867,825.7779,1.14257813,0.0109064905
1.34873,1346,825.7867,825.777954,1.091919,0.0109064905
1.34876,1347,825.7867,825.777954,1.13464355,0.021812981
1.35094,1348,825.7867,825.777954,1.13464355,0.0109064905
1.35102,1349,825.7867,825.777954,1.13464355,0.0109064905
1.35180,1350,825.7867,825.777954,1.13464355,0.0109064905
1.35367,1351,825.7867,825.777954,1.13464355,0.0109064905
1.35369,1352,825.7867,825.777954,1.13464355,0.0109064905
1.35490,1353,825.7867,825.777954,1.13464355,0.0109064905
1.35669,1354,825.7867,825.777954,1.13464355,0
1.35673,1355,825.7867,825.777954,1.13464355,0
1.35854,1356,825.7867,825.777954,1.13464355,-0.0163597353
1.35857,1357,825.7867,825.777954,1.13464355,-0.0163597353
1.35979,1358,825.7867,825.777954,1.13464355,-0.0163597353
1.36164,1359,825.7867,825.777954,1.13464355,-0.0163597353
1.36165,1360,825.7867,825.777954,1.13464355,0
1.36288,1361,825.7867,825.777954,1.13464355,0
1.36471,1362,825.7867,825.777954,1.13464355,0
1.36475,1363,825.7867,825.777954,1.13464355,0
1.36652,1364,825.7867,825.777954,1.13464355,0
1.36654,1365,825.7867,825.778,1.08398438,0
1.36780,1366,825.7867,825.778,1.126709,0
1.36964,1367,825.7867,825.778137,1.02539063,0.0109064905
1.36967,1368,825.7867,825.778137,1.11083984,0.0109064905
1.37087,1369,825.7867,825.778137,1.11083984,0.0109064905
1.37271,1370,825.7867,825.778137,1.11083984,0.0109064905
1.37276,1371,825.7867,825.778137,1.11083984,0.0109064905
1.37459,1372,825.7867,825.778137,1.11083984,0.0109064905
1.37462,1373,825.7867,825.778137,1.11083984,0.0109064905
1.37580,1374,825.7867,825.778137,1.11083984,0.0109064905
1.37762,1375,825.7867,825.778137,1.11083984,0
1.37764,1376,825.7867,825.778137,1.11083984,0
1.37888,1377,825.7867,825.778137,1.11083984,0
1.38069,1378,825.7867,825.778137,1.11083984,-0.0163597353
1.38071,1379,825.7867,825.778137,1.11083984,-0.0163597353
1.38253,1380,825.7867,825.778137,1.11083984,-0.0163597353
1.38255,1381,825.7867,825.778137,1.11083984,0
1.38418,1382,825.7867,825.778137,1.11083984,0
1.38563,1383,825.7867,825.778137,1.11083984,0
1.38564,1384,825.7867,825.778137,1.11083984,0
1.38688,1385,825.7867,825.778137,1.11083984,0
1.38872,1386,825.7867,825.778137,1.11083984,0
1.38877,1387,825.7867,825.778137,1.11083984,0
1.39053,1388,825.7867,825.778137,1.11083984,0
1.39054,1389,825.7867,825.778259,1.00952148,0.0109064905
1.39180,1390,825.7867,825.778259,1.0949707,0.0109064905
1.39362,1391,825.7867,825.778259,1.0949707,0.0109064905
1.39363,1392,825.7867,825.778259,1.0949707,0.0109064905
1.39494,1393,825.7867,825.778259,1.0949707,0.0109064905
1.39669,1394,825.7867,825.778259,1.0949707,0.0109064905
1.39675,1395,825.7867,825.778259,1.0949707,0.0109064905
1.39852,1396,825.7867,825.778259,1.0949707,0.0109064905
1.39854,1397,825.7867,825.778259,1.0949707,0.0109064905
1.39981,1398,825.7867,825.778259,1.0949707,0.0109064905
1.40164,1399,825.7867,825.778259,1.0949707,0.0109064905
1.40165,1400,825.7867,825.778259,1.0949707,0.0109064905
1.40293,1401,825.7867,825.7784,0.993652344,0.0109064905
1.40469,1402,825.7867,825.778259,1.18041992,-0.0163597353
1.40471,1403,825.7867,825.778259,1.0949707,-0.0163597353
1.40653,1404,825.7867,825.778259,1.0949707,-0.0163597353
1.40655,1405,825.7867,825.778259,1.0949707,-0.0163597353
1.40783,1406,825.7867,825.778259,1.0949707,0
1.40965,1407,825.7867,825.778259,1.0949707,0
1.40968,1408,825.7867,825.778259,1.0949707,0
1.41088,1409,825.7867,825.778259,1.0949707,0
1.41272,1410,825.7867,825.778259,1.0949707,0
1.41278,1411,825.7867,825.778259,1.0949707,0
1.41454,1412,825.7867,825.778259,1.0949707,0
1.41455,1413,825.7867,825.7784,0.993652344,0.0109064905
1.41583,1414,825.7867,825.7784,1.07910156,0.0109064905
1.41763,1415,825.7867,825.778442,1.02844238,0.021812981
1.41764,1416,825.7867,825.778442,1.071167,0.021812981
1.41889,1417,825.7867,825.778442,1.071167,0.021812981
1.42069,1418,825.7867,825.778442,1.071167,0.021812981
1.42071,1419,825.7867,825.778442,1.071167,0.0109064905
1.42253,1420,825.7867,825.778442,1.071167,0
1.42255,1421,825.7867,825.778442,1.071167,0
1.42380,1422,825.7867,825.778442,1.071167,-0.0163597353
1.42562,1423,825.7867,825.778442,1.071167,-0.0163597353
1.42564,1424,825.7867,825.778442,1.071167,-0.0163597353
1.42689,1425,825.7867,825.778442,1.071167,-0.0163597353
1.42868,1426,825.7867,825.778442,1.071167,0
1.42870,1427,825.7867,825.778442,1.071167,0
1.43052,1428,825.7867,825.778442,1.071167,0
1.43053,1429,825.7867,825.778442,1.071167,0
1.43179,1430,825.7867,825.778442,1.071167,0
1.43361,1431,825.7867,825.778442,1.071167,0
1.43362,1432,825.7867,825.778442,1.071167,0
1.43490,1433,825.7867,825.778442,1.071167,0
1.43670,1434,825.7867,825.778442,1.071167,0
1.43673,1435,825.7867,825.778442,1.071167,0
1.43858,1436,825.7867,825.778442,1.071167,0
1.43861,1437,825.7867,825.778564,0.969848633,0.0109064905
1.43980,1438,825.7867,825.778564,1.05529785,0.0109064905
1.44164,1439,825.7867,825.778564,1.05529785,0.0109064905
1.44168,1440,825.7867,825.778564,1.05529785,0.0109064905
1.44289,1441,825.7867,825.778564,1.05529785,0.0109064905
1.44470,1442,825.7867,825.778564,1.05529785,0.0109064905
1.44474,1443,825.7867,825.778564,1.05529785,0.0109064905
1.44654,1444,825.7867,825.778564,1.05529785,0.0109064905
1.44657,1445,825.7867,825.778564,1.05529785,0.0109064905
1.44779,1446,825.7867,825.778564,1.05529785,0
1.44961,1447,825.7867,825.778564,1.05529785,0
1.44963,1448,825.7867,825.778564,1.05529785,0
1.45104,1449,825.7867,825.778564,1.05529785,-0.0163597353
1.45270,1450,825.7867,825.778564,1.05529785,0
1.45272,1451,825.7867,825.778564,1.05529785,0
1.45454,1452,825.7867,825.778564,1.05529785,0
1.45456,1453,825.7867,825.778564,1.05529785,0
1.45580,1454,825.7867,825.778564,1.05529785,0
1.45765,1455,825.7867,825.778564,1.05529785,0
1.45769,1456,825.7867,825.778564,1.05529785,0
1.45893,1457,825.7867,825.778564,1.05529785,0
1.46069,1458,825.7867,825.778564,1.05529785,0
1.46071,1459,825.7867,825.778564,1.05529785,0
1.46252,1460,825.7867,825.778564,1.05529785,0.0109064905
1.46254,1461,825.7867,825.7787,0.9539795,0.0109064905
1.46378,1462,825.7867,825.7787,1.03942871,0.0109064905
1.46561,1463,825.7867,825.7787,1.03942871,0.0109064905
1.46564,1464,825.7867,825.7787,1.03942871,0.0109064905
1.46688,1465,825.7867,825.7788,0.938110352,0.0109064905
1.46870,1466,825.7867,825.7788,1.02355957,0.021812981
1.46872,1467,825.7867,825.7788,1.02355957,0.0109064905
1.47054,1468,825.7867,825.7788,1.02355957,0.0109064905
1.47055,1469,825.7867,825.7788,1.02355957,0
1.47179,1470,825.7867,825.7788,1.02355957,0
1.47363,1471,825.7867,825.7788,1.02355957,0
1.47365,1472,825.7867,825.7788,1.02355957,-0.0163597353
1.47490,1473,825.7867,825.7788,1.02355957,-0.0163597353
1.47669,1474,825.7867,825.7788,1.02355957,-0.0163597353
1.47671,1475,825.7867,825.7788,1.02355957,-0.0163597353
1.47857,1476,825.7867,825.7788,1.02355957,0
1.47860,1477,825.7867,825.7788,1.02355957,0
1.47978,1478,825.7867,825.7788,1.02355957,0
1.48162,1479,825.7867,825.7788,1.02355957,0
1.48165,1480,825.7867,825.7788,1.02355957,0
1.48288,1481,825.7867,825.7788,1.02355957,0
1.48470,1482,825.7867,825.7788,1.02355957,0
1.48474,1483,825.7867,825.7788,1.02355957,0
1.48655,1484,825.7867,825.7788,1.02355957,0
1.48656,1485,825.7867,825.7788,1.02355957,0
1.48781,1486,825.7867,825.7788,1.02355957,0
1.48966,1487,825.7867,825.7788,1.02355957,0.0109064905
1.48967,1488,825.7867,825.7788,1.02355957,0.0109064905
1.49088,1489,825.7867,825.7789,0.9729004,0.0109064905
1.49269,1490,825.7867,825.7789,1.015625,0.0109064905
1.49275,1491,825.7867,825.7789,1.015625,0.0109064905
1.49457,1492,825.7867,825.778931,0.9649658,0.0109064905
1.49462,1493,825.7867,825.778931,1.00769043,0.0109064905
1.49579,1494,825.7867,825.778931,1.00769043,0.0109064905
1.49763,1495,825.7867,825.778931,1.00769043,0.0109064905
1.49765,1496,825.7867,825.778931,1.00769043,0.0109064905
1.49889,1497,825.7867,825.778931,1.00769043,0.0109064905
1.50080,1498,825.7867,825.778931,1.00769043,0
1.50082,1499,825.7867,825.778931,1.00769043,0
1.50254,1500,825.7867,825.778931,1.00769043,0
1.50256,1501,825.7867,825.778931,1.00769043,-0.0163597353
1.50381,1502,825.7867,825.778931,1.00769043,0
1.50563,1503,825.7867,825.778931,1.00769043,0
1.50566,1504,825.7867,825.778931,1.00769043,0
1.50689,1505,825.7867,825.778931,1.00769043,0
1.50869,1506,825.7867,825.778931,1.00769043,0
1.50870,1507,825.7867,825.778931,1.00769043,0
1.51055,1508,825.7867,825.778931,1.00769043,0
1.51060,1509,825.7867,825.778931,1.00769043,0
1.51182,1510,825.7867,825.778931,1.00769043,0
1.51363,1511,825.7867,825.778931,1.00769043,0
1.51365,1512,825.7867,825.778931,1.00769043,0.0109064905
1.51488,1513,825.7867,825.778931,1.00769043,0.0109064905
1.51669,1514,825.7867,825.779,0.95703125,0.0109064905
1.51670,1515,825.7867,825.779,0.999755859,0.0109064905
1.51855,1516,825.7867,825.7791,0.8984375,0.0109064905
1.51858,1517,825.7867,825.7791,0.9838867,0.0109064905
1.51979,1518,825.7867,825.7791,0.9838867,0.0109064905
1.52164,1519,825.7867,825.7791,0.9838867,0.0109064905
1.52169,1520,825.7867,825.7791,0.9838867,0.0109064905
1.52288,1521,825.7867,825.7791,0.9838867,0.0109064905
1.52468,1522,825.7867,825.7791,0.9838867,0.0109064905
1.52469,1523,825.7867,825.7791,0.9838867,0.0109064905
1.52655,1524,825.7867,825.7791,0.9838867,0.0109064905
1.52657,1525,825.7867,825.7791,0.9838867,0.0109064905
1.52778,1526,825.7867,825.7792,0.933227539,0.0109064905
1.52961,1527,825.7867,825.7792,0.975952148,0.0109064905
1.52962,1528,825.7867,825.7792,0.975952148,0
1.53088,1529,825.7867,825.7791,1.02661133,0
1.53268,1530,825.7867,825.7791,0.9838867,-0.0163597353
1.53270,1531,825.7867,825.7791,0.9838867,-0.0163597353
1.53455,1532,825.7867,825.7791,0.9838867,-0.0163597353
1.53460,1533,825.7867,825.7791,0.9838867,-0.0163597353
1.53588,1534,825.7867,825.7791,0.9838867,0
1.53762,1535,825.7867,825.7791,0.9838867,0
1.53764,1536,825.7867,825.7791,0.9838867,0
1.53888,1537,825.7867,825.7792,0.933227539,0
1.54070,1538,825.7867,825.7792,0.975952148,0
1.54072,1539,825.7867,825.779236,0.925292969,0.0109064905
1.54258,1540,825.7867,825.779236,0.9680176,0.021812981
1.54262,1541,825.7867,825.779236,0.9680176,0.021812981
1.54379,1542,825.7867,825.779236,0.9680176,0.021812981
1.54562,1543,825.7867,825.779358,0.8666992,0.021812981
1.54564,1544,825.7867,825.779358,0.952148438,0.021812981
1.54687,1545,825.7867,825.7794,0.901489258,0.021812981
1.54869,1546,825.7867,825.7794,0.944213867,0.021812981
1.54870,1547,825.7867,825.7794,0.944213867,0.021812981
1.55083,1548,825.7867,825.7794,0.944213867,0.0109064905
1.55087,1549,825.7867,825.7794,0.944213867,0.0109064905
1.55186,1550,825.7867,825.7794,0.944213867,0
1.55362,1551,825.7867,825.7794,0.944213867,-0.0163597353
1.55366,1552,825.7867,825.7794,0.944213867,-0.0163597353
1.55489,1553,825.7867,825.7794,0.944213867,-0.0163597353
1.55669,1554,825.7867,825.7794,0.944213867,-0.0163597353
1.55670,1555,825.7867,825.7794,0.944213867,-0.0163597353
1.55855,1556,825.7867,825.7794,0.944213867,0
1.55859,1557,825.7867,825.7794,0.944213867,0
1.55979,1558,825.7867,825.7794,0.944213867,0
1.56165,1559,825.7867,825.7794,0.944213867,0
1.56167,1560,825.7867,825.7794,0.944213867,0
1.56287,1561,825.7867,825.7794,0.944213867,0
1.56469,1562,825.7867,825.7794,0.944213867,0
1.56471,1563,825.7867,825.7794,0.944213867,0.0109064905
1.56654,1564,825.7867,825.7794,0.944213867,0.0109064905
1.56657,1565,825.7867,825.7794,0.944213867,0.0109064905
1.56782,1566,825.7867,825.7794,0.944213867,0.0109064905
1.56964,1567,825.7867,825.7795,0.8935547,0.0109064905
1.56968,1568,825.7867,825.779541,0.8856201,0.0109064905
1.57088,1569,825.7867,825.779541,0.9283447,0.021812981
1.57269,1570,825.7867,825.779541,0.9283447,0.021812981
1.57271,1571,825.7867,825.779541,0.9283447,0.021812981
1.57455,1572,825.7867,825.779663,0.827026367,0.021812981
1.57458,1573,825.7867,825.779663,0.9124756,0.021812981
1.57579,1574,825.7867,825.7797,0.8618164,0.021812981
1.57763,1575,825.7867,825.7797,0.904541,0.021812981
1.57766,1576,825.7867,825.7797,0.904541,0.03271947
1.57888,1577,825.7867,825.7798,0.853881836,0.03271947
1.58070,1578,825.7867,825.7799,0.7952881,0.03271947
1.58073,1579,825.7867,825.7799,0.8807373,0.03271947
1.58261,1580,825.7867,825.7799,0.8807373,0.03271947
1.58263,1581,825.7867,825.779968,0.8300781,0.03271947
1.58378,1582,825.7867,825.7801,0.7714844,0.03271947
1.58568,1583,825.7867,825.7801,0.8569336,0.03271947
1.58571,1584,825.7867,825.7801,0.8569336,0.03271947
1.58689,1585,825.7867,825.7802,0.755615234,0.03271947
1.58871,1586,825.7867,825.7802,0.841064453,0.043625962
1.58874,1587,825.7867,825.7802,0.841064453,0.043625962
1.59057,1588,825.7867,825.7804,0.6890869,0.0545324534
1.59059,1589,825.7867,825.7804,0.817260742,0.0545324534
1.59179,1590,825.7867,825.780457,0.766601563,0.0545324534
1.59364,1591,825.7867,825.7805,0.758667,0.06543894
1.59366,1592,825.7867,825.7807,0.649414063,0.06543894
1.59488,1593,825.7867,825.7807,0.7775879,0.07634544
1.59670,1594,825.7867,825.7808,0.676269531,0.087251924
1.59673,1595,825.7867,825.780945,0.6604004,0.07634544
1.59857,1596,825.7867,825.781,0.6951904,0.07634544
1.59860,1597,825.7867,825.781067,0.687255859,0.087251924
1.59980,1598,825.7867,825.7812,0.6286621,0.07634544
1.60163,1599,825.7867,825.7813,0.612792969,0.07634544
1.60166,1600,825.7867,825.7814,0.647583,0.087251924
1.60291,1601,825.7867,825.7815,0.588989258,0.087251924
1.60470,1602,825.7867,825.781555,0.6237793,0.087251924
1.60472,1603,825.7867,825.781555,0.6665039,0.07634544
1.60656,1604,825.7867,825.781555,0.6665039,0.043625962
1.60660,1605,825.7867,825.781555,0.6665039,0.021812981
1.60779,1606,825.7867,825.781555,0.6665039,0.0109064905
1.60963,1607,825.7867,825.7815,0.7171631,-0.0272662267
1.60966,1608,825.7867,825.7815,0.6744385,-0.03817272
1.61089,1609,825.7867,825.7815,0.6744385,-0.03817272
1.61271,1610,825.7867,825.7813,0.826416,-0.0599856973
1.61273,1611,825.7867,825.7813,0.6982422,-0.04907921
1.61455,1612,825.7867,825.7813,0.6982422,-0.04907921
1.61458,1613,825.7867,825.7813,0.6982422,-0.03817272
1.61578,1614,825.7867,825.7813,0.6982422,-0.03817272
1.61769,1615,825.7867,825.7813,0.6982422,-0.03817272
1.61780,1616,825.7867,825.7813,0.6982422,-0.0272662267
1.61888,1617,825.7867,825.7813,0.6982422,-0.0163597353
1.62072,1618,825.7867,825.7813,0.6982422,-0.0163597353
1.62077,1619,825.7867,825.7813,0.6982422,0
1.62258,1620,825.7867,825.7813,0.6982422,0.0109064905
1.62262,1621,825.7867,825.7813,0.6982422,0.0109064905
1.62379,1622,825.7867,825.7813,0.6982422,0.0109064905
1.62566,1623,825.7867,825.7814,0.647583,0.0109064905
1.62570,1624,825.7867,825.7815,0.588989258,0.021812981
1.62686,1625,825.7867,825.7815,0.6744385,0.021812981
1.62871,1626,825.7867,825.7815,0.6744385,0.0109064905
1.62876,1627,825.7867,825.7815,0.6744385,0.0109064905
1.63053,1628,825.7867,825.7815,0.6744385,0.0109064905
1.63056,1629,825.7867,825.7815,0.6744385,0.0109064905
1.63178,1630,825.7867,825.7815,0.6744385,0.0109064905
1.63364,1631,825.7867,825.7815,0.6744385,0
1.63366,1632,825.7867,825.7815,0.6744385,0
1.63489,1633,825.7867,825.7815,0.6744385,-0.0163597353
1.63669,1634,825.7867,825.7815,0.6744385,-0.0163597353
1.63671,1635,825.7867,825.7815,0.6744385,-0.0163597353
1.63855,1636,825.7867,825.7815,0.6744385,0
1.63857,1637,825.7867,825.7815,0.6744385,0
1.63979,1638,825.7867,825.7815,0.6744385,0
1.64165,1639,825.7867,825.7815,0.6744385,0
1.64169,1640,825.7867,825.7815,0.6744385,0
1.64288,1641,825.7867,825.7815,0.6744385,0
1.64469,1642,825.7867,825.7815,0.6744385,0
1.64473,1643,825.7867,825.7815,0.6744385,0
1.64659,1644,825.7867,825.7815,0.6744385,0
1.64661,1645,825.7867,825.7815,0.6744385,0
1.64778,1646,825.7867,825.7815,0.6744385,0
1.64966,1647,825.7867,825.7815,0.6744385,0
1.64972,1648,825.7867,825.7815,0.6744385,0
1.65102,1649,825.7867,825.7815,0.6744385,0
1.65270,1650,825.7867,825.7815,0.6744385,0
1.65272,1651,825.7867,825.7815,0.6744385,0
1.65457,1652,825.7867,825.7815,0.6744385,0
1.65461,1653,825.7867,825.7815,0.6744385,0
1.65579,1654,825.7867,825.7815,0.6744385,0
1.65766,1655,825.7867,825.7815,0.6744385,0
1.65769,1656,825.7867,825.7815,0.6744385,0
1.65891,1657,825.7867,825.7815,0.6744385,0
1.66073,1658,825.7867,825.7815,0.6744385,0
1.66077,1659,825.7867,825.7815,0.6744385,0
1.66256,1660,825.7867,825.7815,0.6744385,0
1.66258,1661,825.7867,825.7815,0.6744385,0
1.66380,1662,825.7867,825.7815,0.6744385,0
1.66562,1663,825.7867,825.7815,0.6744385,0
1.66564,1664,825.7867,825.7815,0.6744385,0
1.66691,1665,825.7867,825.7815,0.6744385,0
1.66871,1666,825.7867,825.7815,0.6744385,0
1.66875,1667,825.7867,825.7815,0.6744385,0
1.67053,1668,825.7867,825.7815,0.6744385,0
1.67059,1669,825.7867,825.7815,0.6744385,0
1.67179,1670,825.7867,825.7815,0.6744385,0
1.67366,1671,825.7867,825.7815,0.6744385,0
1.67372,1672,825.7867,825.7815,0.6744385,0.0109064905
1.67488,1673,825.7867,825.7815,0.6744385,0.0109064905
1.67672,1674,825.7867,825.781555,0.6237793,0.0109064905
1.67676,1675,825.7867,825.781555,0.6665039,0.0109064905
1.67853,1676,825.7867,825.781555,0.6665039,0.0109064905
1.67856,1677,825.7867,825.7816,0.6158447,0.0109064905
1.67978,1678,825.7867,825.781555,0.7092285,0.0109064905
1.68163,1679,825.7867,825.781555,0.6665039,0
1.68166,1680,825.7867,825.781555,0.6665039,0
1.68288,1681,825.7867,825.781555,0.6665039,-0.0163597353
1.68471,1682,825.7867,825.781555,0.6665039,-0.0163597353
1.68473,1683,825.7867,825.781555,0.6665039,0
1.68658,1684,825.7867,825.781555,0.6665039,0
1.68660,1685,825.7867,825.781555,0.6665039,0
1.68781,1686,825.7867,825.781555,0.6665039,0
1.68966,1687,825.7867,825.781555,0.6665039,0
1.68968,1688,825.7867,825.781555,0.6665039,0
1.69089,1689,825.7867,825.781555,0.6665039,0
1.69271,1690,825.7867,825.781555,0.6665039,0
1.69273,1691,825.7867,825.7816,0.6158447,0
1.69457,1692,825.7867,825.7816,0.658569336,0
1.69459,1693,825.7867,825.7816,0.658569336,0
1.69580,1694,825.7867,825.7816,0.658569336,0.0109064905
1.69764,1695,825.7867,825.7816,0.658569336,0.0109064905
1.69769,1696,825.7867,825.7816,0.658569336,0.0109064905
1.69891,1697,825.7867,825.7816,0.658569336,0.0109064905
1.70091,1698,825.7867,825.7816,0.658569336,0.0109064905
1.70096,1699,825.7867,825.7816,0.658569336,0
1.70255,1700,825.7867,825.7816,0.658569336,0
1.70259,1701,825.7867,825.7816,0.658569336,-0.0163597353
1.70379,1702,825.7867,825.7816,0.658569336,-0.0163597353
1.70564,1703,825.7867,825.7816,0.658569336,0
1.70566,1704,825.7867,825.7816,0.658569336,0
1.70688,1705,825.7867,825.7816,0.658569336,0
1.70875,1706,825.7867,825.7816,0.658569336,0
1.70879,1707,825.7867,825.7816,0.658569336,0
1.71056,1708,825.7867,825.7816,0.658569336,0
1.71058,1709,825.7867,825.7816,0.658569336,0
1.71181,1710,825.7867,825.7816,0.658569336,0
1.71368,1711,825.7867,825.7816,0.658569336,0
1.71372,1712,825.7867,825.7816,0.658569336,0
1.71488,1713,825.7867,825.781738,0.557251,0
1.71670,1714,825.7867,825.781738,0.6427002,0.0109064905
1.71674,1715,825.7867,825.781738,0.6427002,0.0109064905
1.71856,1716,825.7867,825.781738,0.6427002,0.0109064905
1.71857,1717,825.7867,825.7818,0.592041,0.0109064905
1.71980,1718,825.7867,825.7818,0.6347656,0.0109064905
1.72170,1719,825.7867,825.7818,0.6347656,0.0109064905
1.72174,1720,825.7867,825.7818,0.6347656,0.0109064905
1.72288,1721,825.7867,825.7818,0.6347656,0.0109064905
1.72470,1722,825.7867,825.7818,0.6347656,0.0109064905
1.72474,1723,825.7867,825.7818,0.6347656,0.0109064905
1.72655,1724,825.7867,825.7818,0.6347656,0
1.72659,1725,825.7867,825.7818,0.6347656,0
1.72781,1726,825.7867,825.7818,0.6347656,-0.0163597353
1.72966,1727,825.7867,825.7818,0.6347656,-0.0163597353
1.72969,1728,825.7867,825.7818,0.6347656,0
1.73088,1729,825.7867,825.7818,0.6347656,0
1.73271,1730,825.7867,825.7818,0.6347656,0
1.73274,1731,825.7867,825.7818,0.6347656,0
1.73456,1732,825.7867,825.7818,0.6347656,0
1.73461,1733,825.7867,825.7818,0.6347656,0
1.73581,1734,825.7867,825.7818,0.6347656,0
1.73765,1735,825.7867,825.7818,0.6347656,0
1.73767,1736,825.7867,825.7818,0.6347656,0
1.73891,1737,825.7867,825.7818,0.6347656,0
1.74072,1738,825.7867,825.7818,0.6347656,0
1.74076,1739,825.7867,825.7818,0.6347656,0
1.74257,1740,825.7867,825.7818,0.6347656,0
1.74262,1741,825.7867,825.7818,0.6347656,0
1.74379,1742,825.7867,825.7818,0.6347656,0
1.74564,1743,825.7867,825.7818,0.6347656,0
1.74566,1744,825.7867,825.7818,0.6347656,0
1.74687,1745,825.7867,825.7818,0.6347656,0
1.74871,1746,825.7867,825.7818,0.6347656,0
1.74873,1747,825.7867,825.7818,0.6347656,0.0109064905
1.75088,1748,825.7867,825.78186,0.584106445,0.0109064905
1.75093,1749,825.7867,825.78186,0.626831055,0.0109064905
1.75179,1750,825.7867,825.78186,0.626831055,0.0109064905
1.75365,1751,825.7867,825.78186,0.626831055,0.0109064905
1.75367,1752,825.7867,825.7819,0.5761719,0.0109064905
1.75488,1753,825.7867,825.7819,0.6188965,0.0109064905
1.75670,1754,825.7867,825.7819,0.6188965,0.0109064905
1.75673,1755,825.7867,825.7819,0.6188965,0.0109064905
1.75856,1756,825.7867,825.7819,0.6188965,0.0109064905
1.75859,1757,825.7867,825.7819,0.6188965,0.0109064905
1.75981,1758,825.7867,825.7819,0.6188965,0.0109064905
1.76166,1759,825.7867,825.7819,0.6188965,0.0109064905
1.76168,1760,825.7867,825.7819,0.6188965,0
1.76287,1761,825.7867,825.7819,0.6188965,-0.0163597353
1.76471,1762,825.7867,825.7819,0.6188965,-0.0163597353
1.76474,1763,825.7867,825.7819,0.6188965,-0.0272662267
1.76654,1764,825.7867,825.7819,0.6188965,-0.0163597353
1.76657,1765,825.7867,825.7819,0.6188965,0
1.76779,1766,825.7867,825.7819,0.6188965,0
1.76966,1767,825.7867,825.7819,0.6188965,0
1.76968,1768,825.7867,825.7819,0.6188965,0
1.77088,1769,825.7867,825.7819,0.6188965,0
1.77270,1770,825.7867,825.7819,0.6188965,0
1.77274,1771,825.7867,825.7819,0.6188965,0
1.77457,1772,825.7867,825.7819,0.6188965,0
1.77460,1773,825.7867,825.7819,0.6188965,0
1.77579,1774,825.7867,825.7819,0.6188965,0
1.77768,1775,825.7867,825.782043,0.5175781,0.0109064905
1.77771,1776,825.7867,825.782043,0.603027344,0.0109064905
1.77886,1777,825.7867,825.782043,0.603027344,0.021812981
1.78070,1778,825.7867,825.782043,0.603027344,0.0109064905
1.78072,1779,825.7867,825.782166,0.501709,0.0109064905
1.78255,1780,825.7867,825.782166,0.5871582,0.0109064905
1.78257,1781,825.7867,825.782166,0.5871582,0.0109064905
1.78380,1782,825.7867,825.782166,0.5871582,0.0109064905
1.78563,1783,825.7867,825.782166,0.5871582,0.0109064905
1.78565,1784,825.7867,825.782166,0.5871582,0
1.78689,1785,825.7867,825.782166,0.5871582,0
1.78869,1786,825.7867,825.782166,0.5871582,0
1.78871,1787,825.7867,825.782166,0.5871582,-0.0163597353
1.79058,1788,825.7867,825.782166,0.5871582,-0.0163597353
1.79061,1789,825.7867,825.782166,0.5871582,-0.0272662267
1.79183,1790,825.7867,825.782166,0.5871582,-0.0163597353
1.79366,1791,825.7867,825.782166,0.5871582,-0.0163597353
1.79369,1792,825.7867,825.782166,0.5871582,0
1.79487,1793,825.7867,825.782166,0.5871582,0
1.79671,1794,825.7867,825.782166,0.5871582,0
1.79674,1795,825.7867,825.782166,0.5871582,0
1.79855,1796,825.7867,825.782166,0.5871582,0
1.79857,1797,825.7867,825.782166,0.5871582,0
1.79981,1798,825.7867,825.782166,0.5871582,0
1.80165,1799,825.7867,825.782166,0.5871582,0
1.80170,1800,825.7867,825.782166,0.5871582,0
1.80291,1801,825.7867,825.782166,0.5871582,0
1.80469,1802,825.7867,825.782166,0.5871582,0
1.80475,1803,825.7867,825.782166,0.5871582,0
1.80655,1804,825.7867,825.782166,0.5871582,0
1.80657,1805,825.7867,825.782166,0.5871582,0
1.80781,1806,825.7867,825.782166,0.5871582,0
1.80964,1807,825.7867,825.782166,0.5871582,0
1.80966,1808,825.7867,825.782166,0.5871582,0
1.81092,1809,825.7867,825.782166,0.5871582,0
1.81269,1810,825.7867,825.782166,0.5871582,0
1.81271,1811,825.7867,825.782166,0.5871582,0
1.81460,1812,825.7867,825.782166,0.5871582,0
1.81471,1813,825.7867,825.782166,0.5871582,0
1.81580,1814,825.7867,825.782166,0.5871582,0
1.81767,1815,825.7867,825.782166,0.5871582,0
1.81770,1816,825.7867,825.782166,0.5871582,0
1.81889,1817,825.7867,825.782166,0.5871582,0
1.82073,1818,825.7867,825.782166,0.5871582,0
1.82077,1819,825.7867,825.782166,0.5871582,0.0109064905
1.82254,1820,825.7867,825.782166,0.5871582,0.0109064905
1.82257,1821,825.7867,825.782166,0.5871582,0.0109064905
1.82378,1822,825.7867,825.782166,0.5871582,0.0109064905
1.82563,1823,825.7867,825.782166,0.5871582,0.0109064905
1.82565,1824,825.7867,825.782166,0.5871582,0.0109064905
1.82694,1825,825.7867,825.7823,0.485839844,0.0109064905
1.82872,1826,825.7867,825.7823,0.571289063,0.0109064905
1.82874,1827,825.7867,825.7823,0.571289063,0.0109064905
1.83054,1828,825.7867,825.7823,0.571289063,0.0109064905
1.83059,1829,825.7867,825.7823,0.571289063,0.0109064905
1.83178,1830,825.7867,825.7823,0.571289063,0.0109064905
1.83365,1831,825.7867,825.7823,0.571289063,0.0109064905
1.83368,1832,825.7867,825.7823,0.571289063,0.0109064905
1.83490,1833,825.7867,825.7823,0.571289063,0.0109064905
1.83673,1834,825.7867,825.782349,0.5206299,0.0109064905
1.83677,1835,825.7867,825.782349,0.5633545,0.0109064905
1.83855,1836,825.7867,825.782349,0.5633545,0.0109064905
1.83858,1837,825.7867,825.782349,0.5633545,0.0109064905
1.83980,1838,825.7867,825.7825,0.462036133,0.0109064905
1.84164,1839,825.7867,825.7825,0.547485352,0.0109064905
1.84168,1840,825.7867,825.7825,0.547485352,0.0109064905
1.84290,1841,825.7867,825.7825,0.547485352,0.0109064905
1.84469,1842,825.7867,825.7825,0.547485352,0.0109064905
1.84471,1843,825.7867,825.7825,0.547485352,0.0109064905
1.84655,1844,825.7867,825.7825,0.547485352,0
1.84658,1845,825.7867,825.7825,0.547485352,0
1.84783,1846,825.7867,825.7825,0.547485352,0
1.84963,1847,825.7867,825.7825,0.547485352,0
1.84964,1848,825.7867,825.7825,0.547485352,-0.0163597353
1.85093,1849,825.7867,825.7825,0.547485352,-0.0163597353
1.85272,1850,825.7867,825.7825,0.547485352,-0.0163597353
1.85278,1851,825.7867,825.7825,0.547485352,-0.0163597353
1.85454,1852,825.7867,825.7825,0.547485352,-0.0163597353
1.85456,1853,825.7867,825.7825,0.547485352,-0.0163597353
1.85578,1854,825.7867,825.7825,0.547485352,-0.0163597353
1.85764,1855,825.7867,825.7825,0.547485352,-0.0163597353
1.85766,1856,825.7867,825.7825,0.547485352,-0.0163597353
1.85889,1857,825.7867,825.7825,0.547485352,0
1.86071,1858,825.7867,825.7825,0.547485352,0
1.86076,1859,825.7867,825.7825,0.547485352,0
1.86258,1860,825.7867,825.7825,0.547485352,0
1.86260,1861,825.7867,825.7825,0.547485352,0
1.86382,1862,825.7867,825.7825,0.547485352,0
1.86565,1863,825.7867,825.7825,0.547485352,0
1.86567,1864,825.7867,825.7825,0.547485352,0.0109064905
1.86688,1865,825.7867,825.7825,0.547485352,0.021812981
1.86870,1866,825.7867,825.7825,0.547485352,0.0109064905
1.86873,1867,825.7867,825.7826,0.446167,0.0109064905
1.87056,1868,825.7867,825.7826,0.5316162,0.0109064905
1.87059,1869,825.7867,825.7826,0.5316162,0.0109064905
1.87179,1870,825.7867,825.7826,0.5316162,0.021812981
1.87362,1871,825.7867,825.7826,0.5316162,0.0109064905
1.87367,1872,825.7867,825.7827,0.430297852,0.021812981
1.87490,1873,825.7867,825.7827,0.5157471,0.021812981
1.87670,1874,825.7867,825.7828,0.4650879,0.021812981
1.87673,1875,825.7867,825.7828,0.5078125,0.021812981
1.87856,1876,825.7867,825.7828,0.5078125,0.0109064905
1.87858,1877,825.7867,825.7828,0.5078125,0
1.87984,1878,825.7867,825.7828,0.5078125,0
1.88162,1879,825.7867,825.7827,0.5584717,-0.0163597353
1.88164,1880,825.7867,825.7827,0.5157471,-0.0163597353
1.88288,1881,825.7867,825.7827,0.5157471,-0.0163597353
1.88470,1882,825.7867,825.7827,0.5157471,-0.0272662267
1.88473,1883,825.7867,825.7827,0.5157471,-0.0163597353
1.88654,1884,825.7867,825.7827,0.5157471,-0.0163597353
1.88656,1885,825.7867,825.7827,0.5157471,0
1.88781,1886,825.7867,825.7827,0.5157471,0
1.88961,1887,825.7867,825.7827,0.5157471,0
1.88962,1888,825.7867,825.7827,0.5157471,0
1.89090,1889,825.7867,825.7827,0.5157471,0
1.89271,1890,825.7867,825.7827,0.5157471,0
1.89274,1891,825.7867,825.7827,0.5157471,0
1.89454,1892,825.7867,825.7827,0.5157471,0
1.89456,1893,825.7867,825.7827,0.5157471,0
1.89582,1894,825.7867,825.7827,0.5157471,0
1.89762,1895,825.7867,825.7827,0.5157471,0
1.89764,1896,825.7867,825.7827,0.5157471,0
1.89887,1897,825.7867,825.7827,0.5157471,0
1.90085,1898,825.7867,825.7827,0.5157471,0
1.90092,1899,825.7867,825.7827,0.5157471,0
1.90255,1900,825.7867,825.7828,0.4650879,0
1.90257,1901,825.7867,825.7828,0.5078125,0
1.90382,1902,825.7867,825.7828,0.5078125,0.0109064905
1.90564,1903,825.7867,825.7828,0.5078125,0.0109064905
1.90567,1904,825.7867,825.7828,0.5078125,0.0109064905
1.90690,1905,825.7867,825.7828,0.5078125,0.0109064905
1.90868,1906,825.7867,825.7828,0.5078125,0.0109064905
1.90872,1907,825.7867,825.7828,0.5078125,0.0109064905
1.91057,1908,825.7867,825.782837,0.45715332,0.0109064905
1.91059,1909,825.7867,825.782837,0.49987793,0.0109064905
1.91179,1910,825.7867,825.7829,0.44921875,0.0109064905
1.91364,1911,825.7867,825.7829,0.491943359,0.0109064905
1.91366,1912,825.7867,825.7829,0.491943359,0.0109064905
1.91487,1913,825.7867,825.7829,0.491943359,0.0109064905
1.91669,1914,825.7867,825.7829,0.491943359,0.021812981
1.91671,1915,825.7867,825.783,0.390625,0.021812981
1.91855,1916,825.7867,825.7831,0.425415039,0.03271947
1.91857,1917,825.7867,825.7831,0.468139648,0.03271947
1.91981,1918,825.7867,825.7831,0.468139648,0.03271947
1.92160,1919,825.7867,825.783142,0.417480469,0.03271947
1.92162,1920,825.7867,825.783264,0.358886719,0.03271947
1.92288,1921,825.7867,825.783264,0.444335938,0.03271947
1.92468,1922,825.7867,825.7833,0.393676758,0.03271947
1.92470,1923,825.7867,825.7834,0.3857422,0.043625962
1.92654,1924,825.7867,825.7834,0.4284668,0.043625962
1.92657,1925,825.7867,825.783447,0.377807617,0.043625962
1.92780,1926,825.7867,825.783569,0.319213867,0.043625962
1.92961,1927,825.7867,825.783569,0.4046631,0.043625962
1.92963,1928,825.7867,825.7836,0.3540039,0.043625962
1.93087,1929,825.7867,825.7837,0.346069336,0.0545324534
1.93268,1930,825.7867,825.7839,0.2368164,0.0545324534
1.93270,1931,825.7867,825.7839,0.364990234,0.07634544
1.93452,1932,825.7867,825.784,0.263671875,0.07634544
1.93454,1933,825.7867,825.7841,0.247802734,0.07634544
1.93581,1934,825.7867,825.7842,0.282592773,0.087251924
1.93763,1935,825.7867,825.784363,0.173339844,0.087251924
1.93764,1936,825.7867,825.7844,0.2508545,0.09815842
1.93890,1937,825.7867,825.784546,0.192260742,0.09815842
1.94070,1938,825.7867,825.784668,0.1763916,0.09815842
1.94072,1939,825.7867,825.7847,0.211181641,0.09815842
1.94255,1940,825.7867,825.784851,0.152587891,0.09815842
1.94259,1941,825.7867,825.7849,0.18737793,0.09815842
1.94382,1942,825.7867,825.785,0.179443359,0.07634544
1.94562,1943,825.7867,825.785,0.222167969,0.0545324534
1.94566,1944,825.7867,825.7849,0.272827148,0.03271947
1.94690,1945,825.7867,825.7849,0.230102539,0
1.94869,1946,825.7867,825.784851,0.280761719,-0.0272662267
1.94873,1947,825.7867,825.7847,0.339355469,-0.04907921
1.95077,1948,825.7867,825.784668,0.30456543,-0.0599856973
1.95084,1949,825.7867,825.784668,0.26184082,-0.07089219
1.95186,1950,825.7867,825.784546,0.36315918,-0.07089219
1.95375,1951,825.7867,825.784546,0.277709961,-0.0599856973
1.95377,1952,825.7867,825.784546,0.277709961,-0.0599856973
1.95491,1953,825.7867,825.784546,0.277709961,-0.04907921
1.95669,1954,825.7867,825.784546,0.277709961,-0.04907921
1.95671,1955,825.7867,825.784546,0.277709961,-0.03817272
1.95856,1956,825.7867,825.784546,0.277709961,0
1.95858,1957,825.7867,825.784546,0.277709961,0.0109064905
1.95979,1958,825.7867,825.7846,0.227050781,0.021812981
1.96164,1959,825.7867,825.784668,0.219116211,0.03271947
1.96166,1960,825.7867,825.784668,0.26184082,0.03271947
1.96289,1961,825.7867,825.784668,0.26184082,0.03271947
1.96469,1962,825.7867,825.7847,0.211181641,0.03271947
1.96471,1963,825.7867,825.784851,0.152587891,0.03271947
1.96654,1964,825.7867,825.784851,0.238037109,0.021812981
1.96656,1965,825.7867,825.784851,0.238037109,0.021812981
1.96782,1966,825.7867,825.784851,0.238037109,0.021812981
1.96964,1967,825.7867,825.784851,0.238037109,0
1.96965,1968,825.7867,825.7847,0.339355469,-0.0272662267
1.97093,1969,825.7867,825.784668,0.30456543,-0.0272662267
1.97270,1970,825.7867,825.784668,0.26184082,-0.04907921
1.97273,1971,825.7867,825.784668,0.26184082,-0.03817272
1.97457,1972,825.7867,825.784668,0.26184082,-0.0272662267
1.97459,1973,825.7867,825.784668,0.26184082,-0.0272662267
1.97579,1974,825.7867,825.784668,0.26184082,-0.0272662267
1.97762,1975,825.7867,825.784668,0.26184082,-0.0272662267
1.97765,1976,825.7867,825.784668,0.26184082,-0.0272662267
1.97892,1977,825.7867,825.784668,0.26184082,-0.0163597353
1.98068,1978,825.7867,825.784668,0.26184082,0
1.98071,1979,825.7867,825.784668,0.26184082,0
1.98252,1980,825.7867,825.7847,0.211181641,0.021812981
1.98254,1981,825.7867,825.7847,0.25390625,0.0109064905
1.98378,1982,825.7867,825.7847,0.25390625,0.0109064905
1.98563,1983,825.7867,825.7847,0.25390625,0.0109064905
1.98565,1984,825.7867,825.7847,0.25390625,0
1.98693,1985,825.7867,825.7847,0.25390625,0
1.98869,1986,825.7867,825.7847,0.25390625,0
1.98873,1987,825.7867,825.7847,0.25390625,0
1.99054,1988,825.7867,825.7847,0.25390625,0
1.99057,1989,825.7867,825.7847,0.25390625,0
1.99181,1990,825.7867,825.7847,0.25390625,0
1.99363,1991,825.7867,825.7847,0.25390625,0
1.99365,1992,825.7867,825.7847,0.25390625,0
1.99488,1993,825.7867,825.7847,0.25390625,0
1.99668,1994,825.7867,825.7847,0.25390625,0
1.99669,1995,825.7867,825.7847,0.25390625,0
1.99852,1996,825.7867,825.7847,0.25390625,0
1.99854,1997,825.7867,825.7847,0.25390625,0
1.99979,1998,825.7867,825.7847,0.25390625,0
2.00163,1999,825.7867,825.7847,0.25390625,0
2.00165,2000,825.7867,825.7847,0.25390625,0
2.00290,2001,825.7867,825.7847,0.25390625,0
2.00472,2002,825.7867,825.7847,0.25390625,0
2.00478,2003,825.7867,825.7847,0.25390625,0
2.00653,2004,825.7867,825.7847,0.25390625,0
2.00654,2005,825.7867,825.7847,0.25390625,0
2.00780,2006,825.7867,825.7847,0.25390625,0
2.00962,2007,825.7867,825.7847,0.25390625,0
2.00964,2008,825.7867,825.7847,0.25390625,0
2.01088,2009,825.7867,825.7847,0.25390625,0
2.01268,2010,825.7867,825.7847,0.25390625,0
2.01270,2011,825.7867,825.7847,0.25390625,0
2.01456,2012,825.7867,825.7847,0.25390625,0
2.01460,2013,825.7867,825.7847,0.25390625,0
2.01578,2014,825.7867,825.7847,0.25390625,0
2.01769,2015,825.7867,825.7847,0.25390625,0
2.01771,2016,825.7867,825.7847,0.25390625,0
2.01889,2017,825.7867,825.7847,0.25390625,0
2.02070,2018,825.7867,825.7847,0.25390625,0
2.02073,2019,825.7867,825.7847,0.25390625,0
2.02256,2020,825.7867,825.7847,0.25390625,0
2.02257,2021,825.7867,825.7847,0.25390625,0
2.02379,2022,825.7867,825.7847,0.25390625,0
2.02561,2023,825.7867,825.7847,0.25390625,0
2.02562,2024,825.7867,825.7847,0.25390625,0
2.02688,2025,825.7867,825.7847,0.25390625,0
2.02869,2026,825.7867,825.7847,0.25390625,0
2.02871,2027,825.7867,825.7847,0.25390625,0
2.03057,2028,825.7867,825.7847,0.25390625,0
2.03059,2029,825.7867,825.7847,0.25390625,0
2.03179,2030,825.7867,825.7847,0.25390625,0
2.03364,2031,825.7867,825.7847,0.25390625,0
2.03366,2032,825.7867,825.7847,0.25390625,0
2.03489,2033,825.7867,825.7847,0.25390625,0
2.03669,2034,825.7867,825.7847,0.25390625,0
2.03671,2035,825.7867,825.7847,0.25390625,0
2.03853,2036,825.7867,825.7847,0.25390625,0
2.03856,2037,825.7867,825.7847,0.25390625,0
2.03979,2038,825.7867,825.7847,0.25390625,0
2.04164,2039,825.7867,825.7847,0.25390625,0
2.04167,2040,825.7867,825.7847,0.25390625,0
2.04287,2041,825.7867,825.7847,0.25390625,0
2.04468,2042,825.7867,825.7847,0.25390625,0
2.04471,2043,825.7867,825.7847,0.25390625,0
2.04656,2044,825.7867,825.7847,0.25390625,0
2.04658,2045,825.7867,825.7847,0.25390625,0
2.04779,2046,825.7867,825.7847,0.25390625,0
2.04966,2047,825.7867,825.7847,0.25390625,0
2.04969,2048,825.7867,825.7847,0.25390625,0
2.05102,2049,825.7867,825.7847,0.25390625,0
2.05270,2050,825.7867,825.7847,0.25390625,0
2.05272,2051,825.7867,825.7847,0.25390625,0
2.05453,2052,825.7867,825.7847,0.25390625,0
2.05455,2053,825.7867,825.7847,0.25390625,0
2.05579,2054,825.7867,825.784851,0.152587891,0
2.05767,2055,825.7867,825.784851,0.238037109,0
2.05770,2056,825.7867,825.784851,0.238037109,0.0109064905
2.05888,2057,825.7867,825.784851,0.238037109,0.0109064905
2.06070,2058,825.7867,825.784851,0.238037109,0.0109064905
2.06073,2059,825.7867,825.784851,0.238037109,0.0109064905
2.06256,2060,825.7867,825.784851,0.238037109,0.0109064905
2.06258,2061,825.7867,825.784851,0.238037109,0
2.06381,2062,825.7867,825.784851,0.238037109,0
2.06564,2063,825.7867,825.784851,0.238037109,-0.0163597353
2.06566,2064,825.7867,825.784851,0.238037109,-0.0163597353
2.06689,2065,825.7867,825.784851,0.238037109,-0.0163597353
2.06870,2066,825.7867,825.784851,0.238037109,-0.0163597353
2.06873,2067,825.7867,825.784851,0.238037109,0
2.07057,2068,825.7867,825.784851,0.238037109,0
2.07060,2069,825.7867,825.784851,0.238037109,0
2.07178,2070,825.7867,825.784851,0.238037109,0
2.07368,2071,825.7867,825.784851,0.238037109,0
2.07371,2072,825.7867,825.784851,0.238037109,0
2.07487,2073,825.7867,825.784851,0.238037109,0
2.07669,2074,825.7867,825.784851,0.238037109,0
2.07670,2075,825.7867,825.784851,0.238037109,0
2.07856,2076,825.7867,825.784851,0.238037109,0
2.07859,2077,825.7867,825.784851,0.238037109,0
2.07980,2078,825.7867,825.784851,0.238037109,0
2.08165,2079,825.7867,825.784851,0.238037109,0
2.08168,2080,825.7867,825.784851,0.238037109,0
2.08289,2081,825.7867,825.784851,0.238037109,0
2.08473,2082,825.7867,825.784851,0.238037109,0
2.08476,2083,825.7867,825.784851,0.238037109,0
2.08654,2084,825.7867,825.784851,0.238037109,0
2.08658,2085,825.7867,825.784851,0.238037109,0
2.08778,2086,825.7867,825.784851,0.238037109,0
2.08963,2087,825.7867,825.784851,0.238037109,0
2.08964,2088,825.7867,825.784851,0.238037109,0
2.09087,2089,825.7867,825.784851,0.238037109,0
2.09270,2090,825.7867,825.784851,0.238037109,0
2.09271,2091,825.7867,825.784851,0.238037109,0
2.09457,2092,825.7867,825.784851,0.238037109,0
2.09460,2093,825.7867,825.784851,0.238037109,0
2.09579,2094,825.7867,825.784851,0.238037109,0
2.09769,2095,825.7867,825.784851,0.238037109,0
2.09772,2096,825.7867,825.784851,0.238037109,0
2.09888,2097,825.7867,825.784851,0.238037109,0
2.10080,2098,825.7867,825.784851,0.238037109,0
2.10082,2099,825.7867,825.784851,0.238037109,0
2.10253,2100,825.7867,825.784851,0.238037109,0
2.10254,2101,825.7867,825.784851,0.238037109,0
2.10379,2102,825.7867,825.784851,0.238037109,0
2.10565,2103,825.7867,825.784851,0.238037109,0
2.10571,2104,825.7867,825.784851,0.238037109,0
2.10688,2105,825.7867,825.784851,0.238037109,0
2.10871,2106,825.7867,825.784851,0.238037109,0
2.10875,2107,825.7867,825.784851,0.238037109,0
2.11057,2108,825.7867,825.784851,0.238037109,0
2.11060,2109,825.7867,825.784851,0.238037109,0
2.11179,2110,825.7867,825.784851,0.238037109,0
2.11366,2111,825.7867,825.784851,0.238037109,0
2.11369,2112,825.7867,825.7849,0.18737793,0.0109064905
2.11488,2113,825.7867,825.7849,0.230102539,0.0109064905
2.11671,2114,825.7867,825.7849,0.230102539,0.0109064905
2.11673,2115,825.7867,825.7849,0.230102539,0.0109064905
2.11857,2116,825.7867,825.785,0.179443359,0.0109064905
2.11861,2117,825.7867,825.785,0.222167969,0.0109064905
2.11980,2118,825.7867,825.785,0.222167969,0.0109064905
2.12165,2119,825.7867,825.785,0.222167969,0
2.12168,2120,825.7867,825.785,0.222167969,0
2.12288,2121,825.7867,825.785,0.222167969,0
2.12470,2122,825.7867,825.785,0.222167969,-0.0163597353
2.12473,2123,825.7867,825.785,0.222167969,0
2.12653,2124,825.7867,825.785,0.222167969,-0.0163597353
2.12656,2125,825.7867,825.785,0.222167969,-0.0163597353
2.12778,2126,825.7867,825.785,0.222167969,0
2.12962,2127,825.7867,825.785,0.222167969,0
2.12965,2128,825.7867,825.785,0.222167969,0
2.13092,2129,825.7867,825.785,0.222167969,0
2.13272,2130,825.7867,825.785,0.222167969,0
2.13275,2131,825.7867,825.785,0.222167969,0
2.13459,2132,825.7867,825.785,0.222167969,0
2.13464,2133,825.7867,825.785,0.222167969,0
2.13580,2134,825.7867,825.785,0.222167969,0
2.13765,2135,825.7867,825.785,0.222167969,0
2.13768,2136,825.7867,825.785,0.222167969,0
2.13888,2137,825.7867,825.785,0.222167969,0
2.14070,2138,825.7867,825.785,0.222167969,0
2.14073,2139,825.7867,825.785,0.222167969,0
2.14256,2140,825.7867,825.785,0.222167969,0
2.14258,2141,825.7867,825.785,0.222167969,0
2.14380,2142,825.7867,825.785,0.222167969,0
2.14567,2143,825.7867,825.785,0.222167969,0
2.14570,2144,825.7867,825.785,0.222167969,0
2.14688,2145,825.7867,825.785,0.222167969,0
2.14872,2146,825.7867,825.785,0.222167969,0
2.14876,2147,825.7867,825.785,0.222167969,0
2.15092,2148,825.7867,825.785,0.222167969,0
2.15097,2149,825.7867,825.785,0.222167969,0
2.15181,2150,825.7867,825.785,0.222167969,0
2.15365,2151,825.7867,825.785,0.222167969,0
2.15368,2152,825.7867,825.785,0.222167969,0
2.15491,2153,825.7867,825.785,0.222167969,0
2.15671,2154,825.7867,825.785,0.222167969,0
2.15673,2155,825.7867,825.785,0.222167969,0
2.15852,2156,825.7867,825.785,0.222167969,0
2.15854,2157,825.7867,825.785,0.222167969,0
2.15981,2158,825.7867,825.785,0.222167969,0
2.16165,2159,825.7867,825.785,0.222167969,0
2.16168,2160,825.7867,825.785,0.222167969,0
2.16293,2161,825.7867,825.785,0.222167969,0
2.16471,2162,825.7867,825.785,0.222167969,0
2.16473,2163,825.7867,825.785,0.222167969,0
2.16657,2164,825.7867,825.785,0.222167969,0
2.16660,2165,825.7867,825.785,0.222167969,0
2.16780,2166,825.7867,825.785,0.222167969,0
2.16966,2167,825.7867,825.785,0.222167969,0
2.16968,2168,825.7867,825.785,0.222167969,0
2.17090,2169,825.7867,825.785,0.222167969,0
2.17272,2170,825.7867,825.785,0.222167969,0
2.17274,2171,825.7867,825.785,0.222167969,0
2.17460,2172,825.7867,825.785,0.222167969,0
2.17463,2173,825.7867,825.785,0.222167969,0
2.17579,2174,825.7867,825.785,0.222167969,0
2.17766,2175,825.7867,825.785,0.222167969,0
2.17769,2176,825.7867,825.785,0.222167969,0
2.17888,2177,825.7867,825.785,0.222167969,0
2.18071,2178,825.7867,825.785,0.222167969,0
2.18075,2179,825.7867,825.785,0.222167969,0
2.18258,2180,825.7867,825.785,0.222167969,0
2.18263,2181,825.7867,825.785,0.222167969,0
2.18382,2182,825.7867,825.785,0.222167969,0
2.18565,2183,825.7867,825.785,0.222167969,0
2.18569,2184,825.7867,825.785,0.222167969,0
2.18688,2185,825.7867,825.785,0.222167969,0
2.18869,2186,825.7867,825.785,0.222167969,0
2.18873,2187,825.7867,825.785,0.222167969,0
2.19062,2188,825.7867,825.785,0.222167969,0
2.19065,2189,825.7867,825.785,0.222167969,0
2.19179,2190,825.7867,825.785,0.222167969,0
2.19362,2191,825.7867,825.785,0.222167969,0
2.19365,2192,825.7867,825.785,0.222167969,0.0109064905
2.19488,2193,825.7867,825.785,0.222167969,0.0109064905
2.19669,2194,825.7867,825.785,0.222167969,0.0109064905
2.19672,2195,825.7867,825.785,0.222167969,0.0109064905
2.19855,2196,825.7867,825.7851,0.120849609,0.0109064905
2.19857,2197,825.7867,825.7851,0.206298828,0.0109064905
2.19979,2198,825.7867,825.7851,0.206298828,0.0109064905
2.20164,2199,825.7867,825.7851,0.206298828,0.0109064905
2.20166,2200,825.7867,825.785,0.3076172,0
2.20289,2201,825.7867,825.785,0.222167969,-0.0163597353
2.20470,2202,825.7867,825.785,0.222167969,-0.0163597353
2.20475,2203,825.7867,825.785,0.222167969,-0.0272662267
2.20661,2204,825.7867,825.785,0.222167969,-0.0163597353
2.20664,2205,825.7867,825.785,0.222167969,0
2.20780,2206,825.7867,825.785,0.222167969,0
2.20966,2207,825.7867,825.785,0.222167969,0
2.20968,2208,825.7867,825.785,0.222167969,0
2.21088,2209,825.7867,825.785,0.222167969,0
2.21271,2210,825.7867,825.785,0.222167969,0
2.21274,2211,825.7867,825.785,0.222167969,0
2.21456,2212,825.7867,825.785,0.222167969,0
2.21459,2213,825.7867,825.785,0.222167969,0
2.21579,2214,825.7867,825.7851,0.120849609,0
2.21768,2215,825.7867,825.785156,0.155639648,0
2.21775,2216,825.7867,825.785156,0.198364258,0
2.21888,2217,825.7867,825.785156,0.198364258,0.0109064905
2.22071,2218,825.7867,825.785156,0.198364258,0.0109064905
2.22075,2219,825.7867,825.785156,0.198364258,0.0109064905
2.22255,2220,825.7867,825.785156,0.198364258,0.0109064905
2.22259,2221,825.7867,825.785156,0.198364258,0.0109064905
2.22380,2222,825.7867,825.785156,0.198364258,0.0109064905
2.22561,2223,825.7867,825.785156,0.198364258,0.0109064905
2.22563,2224,825.7867,825.785156,0.198364258,0
2.22690,2225,825.7867,825.785156,0.198364258,0
2.22871,2226,825.7867,825.785156,0.198364258,-0.0163597353
2.22873,2227,825.7867,825.785156,0.198364258,-0.0163597353
2.23054,2228,825.7867,825.785156,0.198364258,-0.0163597353
2.23057,2229,825.7867,825.785156,0.198364258,-0.0163597353
2.23178,2230,825.7867,825.785156,0.198364258,-0.0163597353
2.23366,2231,825.7867,825.785156,0.198364258,0
2.23369,2232,825.7867,825.785156,0.198364258,0
2.23491,2233,825.7867,825.785156,0.198364258,0
2.23672,2234,825.7867,825.785156,0.198364258,0
2.23676,2235,825.7867,825.785156,0.198364258,0
2.23859,2236,825.7867,825.785156,0.198364258,0
2.23861,2237,825.7867,825.785156,0.198364258,0
2.23980,2238,825.7867,825.785156,0.198364258,0
2.24166,2239,825.7867,825.785156,0.198364258,0
2.24168,2240,825.7867,825.785156,0.198364258,0
2.24288,2241,825.7867,825.785156,0.198364258,0
2.24472,2242,825.7867,825.785156,0.198364258,0
2.24476,2243,825.7867,825.785156,0.198364258,0
2.24654,2244,825.7867,825.785156,0.198364258,0
2.24656,2245,825.7867,825.785156,0.198364258,0
2.24780,2246,825.7867,825.785156,0.198364258,0
2.24964,2247,825.7867,825.785156,0.198364258,0
2.24967,2248,825.7867,825.785156,0.198364258,0
2.25103,2249,825.7867,825.785156,0.198364258,0
2.25271,2250,825.7867,825.785156,0.198364258,0
2.25272,2251,825.7867,825.785156,0.198364258,0
2.25457,2252,825.7867,825.785156,0.198364258,0
2.25460,2253,825.7867,825.785156,0.198364258,0
2.25579,2254,825.7867,825.785156,0.198364258,0
2.25764,2255,825.7867,825.785156,0.198364258,0
2.25767,2256,825.7867,825.785156,0.198364258,0
2.25887,2257,825.7867,825.785156,0.198364258,0
2.26071,2258,825.7867,825.785156,0.198364258,0
2.26075,2259,825.7867,825.785156,0.198364258,0
2.26254,2260,825.7867,825.785156,0.198364258,0
2.26257,2261,825.7867,825.785156,0.198364258,0
2.26380,2262,825.7867,825.785156,0.198364258,0
2.26565,2263,825.7867,825.785156,0.198364258,0
2.26568,2264,825.7867,825.785156,0.198364258,0
2.26688,2265,825.7867,825.785156,0.198364258,0
2.26871,2266,825.7867,825.785156,0.198364258,0
2.26874,2267,825.7867,825.785156,0.198364258,0
2.27059,2268,825.7867,825.785156,0.198364258,0
2.27061,2269,825.7867,825.785156,0.198364258,0
2.27179,2270,825.7867,825.785156,0.198364258,0
2.27365,2271,825.7867,825.785156,0.198364258,0
2.27367,2272,825.7867,825.785156,0.198364258,0
2.27488,2273,825.7867,825.785156,0.198364258,0
2.27672,2274,825.7867,825.785156,0.198364258,0
2.27675,2275,825.7867,825.785156,0.198364258,0
2.27853,2276,825.7867,825.785156,0.198364258,0
2.27855,2277,825.7867,825.785156,0.198364258,0
2.27978,2278,825.7867,825.785156,0.198364258,0
2.28163,2279,825.7867,825.785156,0.198364258,0
2.28165,2280,825.7867,825.785156,0.198364258,0
2.28295,2281,825.7867,825.785156,0.198364258,0
2.28471,2282,825.7867,825.785156,0.198364258,0
2.28475,2283,825.7867,825.785156,0.198364258,0
2.28657,2284,825.7867,825.785156,0.198364258,0
2.28660,2285,825.7867,825.785156,0.198364258,0
2.28779,2286,825.7867,825.785156,0.198364258,0
2.28964,2287,825.7867,825.785156,0.198364258,0
2.28967,2288,825.7867,825.785156,0.198364258,0
2.29087,2289,825.7867,825.785156,0.198364258,0
2.29271,2290,825.7867,825.785156,0.198364258,0
2.29274,2291,825.7867,825.785156,0.198364258,0
2.29457,2292,825.7867,825.785156,0.198364258,0
2.29460,2293,825.7867,825.785156,0.198364258,0
2.29579,2294,825.7867,825.785156,0.198364258,0
2.29766,2295,825.7867,825.785156,0.198364258,0
2.29770,2296,825.7867,825.785156,0.198364258,0
2.29888,2297,825.7867,825.785156,0.198364258,0
2.30096,2298,825.7867,825.785156,0.198364258,0
