t,n,A,B,C,D
0.00060,0,817.591248,817.5912,0.00793457,0
0.00221,1,817.591248,817.5912,0.00793457,0
0.00403,2,817.591248,817.5912,0.00793457,0
0.00406,3,817.591248,817.5912,0.00793457,0
0.00524,4,817.591248,817.5912,0.00793457,0
0.00705,5,817.591248,817.5912,0.00793457,0
0.00708,6,817.591248,817.5912,0.00793457,0
0.00833,7,817.591248,817.5912,0.00793457,0
0.00838,8,817.591248,817.5912,0.00793457,0
0.01016,9,817.591248,817.5912,0.00793457,0
0.01200,10,817.591248,817.5912,0.00793457,0
0.01202,11,817.591248,817.5912,0.00793457,0
0.01323,12,817.591248,817.5912,0.00793457,0
0.01507,13,817.591248,817.5912,0.00793457,0
0.01509,14,817.591248,817.5912,0.00793457,0
0.01631,15,817.591248,817.5912,0.00793457,0
0.01632,16,817.591248,817.5912,0.00793457,0
0.01814,17,817.591248,817.5912,0.00793457,0
0.01999,18,817.591248,817.5912,0.00793457,0
0.02002,19,817.591248,817.5912,0.00793457,0
0.02122,20,817.591248,817.5912,0.00793457,0
0.02307,21,817.591248,817.5912,0.00793457,0
0.02311,22,817.591248,817.5912,0.00793457,0
0.02433,23,817.591248,817.5912,0.00793457,0
0.02437,24,817.591248,817.5912,0.00793457,0
0.02615,25,817.591248,817.5912,0.00793457,0
0.02798,26,817.591248,817.5912,0.00793457,0
0.02802,27,817.591248,817.5912,0.00793457,0
0.02928,28,817.591248,817.5912,0.00793457,0
0.03109,29,817.591248,817.5912,0.00793457,0
0.03111,30,817.591248,817.5912,0.00793457,0
0.03234,31,817.591248,817.5912,0.00793457,0
0.03238,32,817.591248,817.5912,0.00793457,0
0.03414,33,817.591248,817.5912,0.00793457,0
0.03602,34,817.591248,817.5912,0.00793457,0
0.03606,35,817.591248,817.5912,0.00793457,0
0.03723,36,817.591248,817.5912,0.00793457,0
0.03910,37,817.591248,817.5912,0.00793457,0
0.03913,38,817.591248,817.5912,0.00793457,0
0.04032,39,817.591248,817.5912,0.00793457,0
0.04034,40,817.591248,817.5912,0.00793457,0
0.04218,41,817.591248,817.5912,0.00793457,0
0.04402,42,817.591248,817.5912,0.00793457,0
0.04406,43,817.591248,817.5912,0.00793457,0
0.04524,44,817.591248,817.5912,0.00793457,0
0.04711,45,817.591248,817.5912,0.00793457,0
0.04715,46,817.591248,817.5912,0.00793457,0
0.04831,47,817.591248,817.5912,0.00793457,0
0.04833,48,817.591248,817.5912,0.00793457,0
0.05017,49,817.591248,817.5912,0.00793457,0
0.05199,50,817.591248,817.5912,0.00793457,0
0.05202,51,817.591248,817.5912,0.00793457,0
0.05323,52,817.591248,817.5912,0.00793457,0
0.05514,53,817.591248,817.5912,0.00793457,0
0.05518,54,817.591248,817.5912,0.00793457,0
0.05632,55,817.591248,817.5912,0.00793457,0
0.05633,56,817.591248,817.5912,0.00793457,0
0.05817,57,817.591248,817.5912,0.00793457,0
0.06001,58,817.591248,817.5912,0.00793457,0
0.06004,59,817.591248,817.5912,0.00793457,0
0.06124,60,817.591248,817.5912,0.00793457,0
0.06307,61,817.591248,817.5912,0.00793457,0
0.06308,62,817.591248,817.5912,0.00793457,0
0.06434,63,817.591248,817.5912,0.00793457,0
0.06436,64,817.591248,817.5912,0.00793457,0
0.06617,65,817.591248,817.5912,0.00793457,0
0.06799,66,817.591248,817.5912,0.00793457,0
0.06802,67,817.591248,817.5912,0.00793457,0
0.06922,68,817.591248,817.5912,0.00793457,0
0.07104,69,817.591248,817.5912,0.00793457,0
0.07107,70,817.591248,817.5912,0.00793457,0
0.07232,71,817.591248,817.5912,0.00793457,0
0.07235,72,817.591248,817.5912,0.00793457,0
0.07419,73,817.591248,817.5912,0.00793457,0
0.07599,74,817.591248,817.5912,0.00793457,0
0.07602,75,817.591248,817.5912,0.00793457,0
0.07743,76,817.591248,817.5912,0.00793457,0
0.07906,77,817.591248,817.5912,0.00793457,0
0.07909,78,817.591248,817.5912,0.00793457,0
0.08031,79,817.591248,817.5912,0.00793457,0
0.08033,80,817.591248,817.5912,0.00793457,0
0.08215,81,817.591248,817.5912,0.00793457,0
0.08400,82,817.591248,817.5912,0.00793457,0
0.08402,83,817.591248,817.5912,0.00793457,0
0.08522,84,817.591248,817.5912,0.00793457,0
0.08706,85,817.591248,817.5912,0.00793457,0
0.08708,86,817.591248,817.5912,0.00793457,0
0.08834,87,817.591248,817.5912,0.00793457,0
0.08835,88,817.591248,817.5912,0.00793457,0
0.09017,89,817.591248,817.5912,0.00793457,0
0.09200,90,817.591248,817.5912,0.00793457,0
0.09202,91,817.591248,817.5912,0.00793457,0
0.09324,92,817.591248,817.5912,0.00793457,0
0.09509,93,817.591248,817.5912,0.00793457,0
0.09514,94,817.591248,817.5912,0.00793457,0
0.09632,95,817.591248,817.5912,0.00793457,0
0.09634,96,817.591248,817.5912,0.00793457,0
0.09816,97,817.591248,817.5912,0.00793457,0
0.10000,98,817.591248,817.5912,0.00793457,0
0.10002,99,817.591248,817.5912,0.00793457,0
0.10127,100,817.591248,817.591248,-0.0579834,0
0.10310,101,817.591248,817.591248,0,0
0.10313,102,817.591248,817.591248,0,0
0.10432,103,817.591248,817.591248,0,0
0.10433,104,817.591248,817.591248,0,0
0.10618,105,817.591248,817.591248,0,0
0.10802,106,817.591248,817.591248,0,0
0.10806,107,817.591248,817.591248,0,0
0.10923,108,817.591248,817.591248,0,0
0.11107,109,817.591248,817.591248,0,0
0.11109,110,817.591248,817.591248,0,0
0.11234,111,817.591248,817.591248,0,0
0.11236,112,817.591248,817.591248,0,0
0.11423,113,817.591248,817.591248,0,0
0.11604,114,817.591248,817.591248,0,0
0.11608,115,817.591248,817.591248,0,0
0.11724,116,817.591248,817.591248,0,0
0.11910,117,817.591248,817.591248,0,0
0.11914,118,817.591248,817.591248,0,0
0.12031,119,817.591248,817.591248,0,0
0.12032,120,817.591248,817.591248,0,0
0.12218,121,817.591248,817.591248,0,0
0.12400,122,817.591248,817.591248,0,0
0.12403,123,817.591248,817.591248,0,0
0.12522,124,817.591248,817.591248,0,0
0.12720,125,817.591248,817.591248,0,0
0.12728,126,817.591248,817.591248,0,0
0.12834,127,817.591248,817.591248,0,0
0.12836,128,817.591248,817.591248,0,0
0.13021,129,817.591248,817.591248,0,0
0.13199,130,817.591248,817.591248,0,0
0.13201,131,817.591248,817.591248,0,0
0.13327,132,817.591248,817.591248,0,0
0.13507,133,817.591248,817.591248,0,0
0.13508,134,817.591248,817.591248,0,0
0.13632,135,817.591248,817.591248,0,0
0.13634,136,817.591248,817.591248,0,0
0.13815,137,817.591248,817.591248,0,0
0.14001,138,817.591248,817.591248,0,0
0.14004,139,817.591248,817.591248,0,0
0.14122,140,817.591248,817.591248,0,0
0.14308,141,817.591248,817.591248,0,0
0.14312,142,817.591248,817.591248,0,0
0.14433,143,817.591248,817.591248,0,0
0.14435,144,817.591248,817.591248,0,0
0.14617,145,817.591248,817.591248,0,0
0.14802,146,817.591248,817.591248,0,0
0.14804,147,817.591248,817.591248,0,0
0.14923,148,817.591248,817.591248,0,0
0.15108,149,817.591248,817.591248,0,0
0.15111,150,817.591248,817.591248,0,0
0.15232,151,817.591248,817.591248,0,0
0.15234,152,817.591248,817.591248,0,0
0.15419,153,817.591248,817.591248,0,0
0.15598,154,817.591248,817.591248,0,0
0.15600,155,817.591248,817.591248,0,0
0.15724,156,817.591248,817.591248,0,0
0.15907,157,817.591248,817.591248,0,0
0.15909,158,817.591248,817.591248,0,0
0.16059,159,817.591248,817.591248,0,0
0.16064,160,817.591248,817.591248,0,0
0.16219,161,817.591248,817.591248,0,0
0.16400,162,817.591248,817.591248,0,0
0.16404,163,817.591248,817.591248,0,0
0.16524,164,817.591248,817.591248,0,0
0.16709,165,817.591248,817.591248,0,0
0.16713,166,817.591248,817.591248,0,0
0.16831,167,817.591248,817.591248,0,0
0.16833,168,817.591248,817.591248,0,0
0.17017,169,817.591248,817.591248,0,0
0.17199,170,817.591248,817.591248,0,0
0.17203,171,817.591248,817.591248,0,0
0.17322,172,817.591248,817.591248,0,0
0.17509,173,817.591248,817.591248,0,0
0.17512,174,817.591248,817.591248,0,0
0.17631,175,817.591248,817.591248,0,0
0.17632,176,817.591248,817.591248,0,0
0.17818,177,817.591248,817.591248,0,0
0.18002,178,817.591248,817.591248,0,0
0.18007,179,817.591248,817.591248,0,0
0.18125,180,817.591248,817.591248,0,0
0.18309,181,817.591248,817.591248,0,0
0.18313,182,817.591248,817.591248,0,0
0.18431,183,817.591248,817.591248,0,0
0.18432,184,817.591248,817.591248,0,0
0.18617,185,817.591248,817.591248,0,0
0.18800,186,817.591248,817.591248,0,0
0.18802,187,817.591248,817.591248,0,0
0.18923,188,817.591248,817.591248,0,0
0.19108,189,817.591248,817.591248,0,0
0.19111,190,817.591248,817.591248,0,0
0.19230,191,817.591248,817.591248,0,0
0.19232,192,817.591248,817.591248,0,0
0.19421,193,817.591248,817.591248,0,0
0.19605,194,817.591248,817.591248,0,0
0.19609,195,817.591248,817.591248,0,0
0.19723,196,817.591248,817.591248,0,0
0.19908,197,817.591248,817.591248,0,0
0.19910,198,817.591248,817.591248,0,0
0.20032,199,817.591248,817.591248,0,0
0.20033,200,817.591248,817.591248,0,0
0.20217,201,817.591248,817.591248,0,0
0.20398,202,817.591248,817.591248,0,0
0.20400,203,817.591248,817.591248,0,0
0.20523,204,817.591248,817.591248,0,0
0.20707,205,817.591248,817.591248,0,0
0.20710,206,817.591248,817.591248,0,0
0.20832,207,817.591248,817.591248,0,0
0.20834,208,817.591248,817.591248,0,0
0.21015,209,817.591248,817.591248,0,0
0.21201,210,817.591248,817.591248,0,0
0.21203,211,817.591248,817.591248,0,0
0.21324,212,817.591248,817.591248,0,0
0.21507,213,817.591248,817.591248,0,0
0.21512,214,817.591248,817.591248,0,0
0.21632,215,817.591248,817.591248,0,0
0.21633,216,817.591248,817.591248,0,0
0.21818,217,817.591248,817.591248,0,0
0.21999,218,817.591248,817.591248,0,0
0.22003,219,817.591248,817.591248,0,0
0.22123,220,817.591248,817.591248,0,0
0.22307,221,817.591248,817.591248,0,0
0.22310,222,817.591248,817.591248,0,0
0.22433,223,817.591248,817.591248,0,0
0.22435,224,817.591248,817.591248,0,0
0.22618,225,817.591248,817.591248,0,0
0.22798,226,817.591248,817.591248,0,0
0.22800,227,817.591248,817.591248,0,0
0.22928,228,817.591248,817.591248,0,0
0.23108,229,817.591248,817.591248,0,0
0.23110,230,817.591248,817.591248,0,0
0.23231,231,817.591248,817.591248,0,0
0.23232,232,817.591248,817.591248,0,0
0.23421,233,817.591248,817.591248,0,0
0.23604,234,817.591248,817.591248,0,0
0.23608,235,817.591248,817.591248,0,0
0.23723,236,817.591248,817.591248,0,0
0.23909,237,817.591248,817.591248,0,0
0.23912,238,817.591248,817.591248,0,0
0.24036,239,817.591248,817.591248,0,0
0.24038,240,817.591248,817.591248,0,0
0.24215,241,817.591248,817.591248,0,0
0.24398,242,817.591248,817.591248,0,0
0.24403,243,817.591248,817.591248,0,0
0.24529,244,817.591248,817.591248,0,0
0.24711,245,817.591248,817.591248,0,0
0.24715,246,817.591248,817.591248,0,0
0.24832,247,817.591248,817.591248,0,0
0.24834,248,817.591248,817.591248,0,0
0.25017,249,817.591248,817.591248,0,0
0.25198,250,817.591248,817.591248,0,0
0.25200,251,817.591248,817.591248,0,0
0.25322,252,817.591248,817.591248,0,0
0.25506,253,817.591248,817.591248,0,0
0.25508,254,817.591248,817.591248,0,0
0.25635,255,817.591248,817.591248,0,0
0.25638,256,817.591248,817.591248,0,0
0.25817,257,817.591248,817.591248,0,0
0.25998,258,817.591248,817.591248,0,0
0.26002,259,817.591248,817.591248,0,0
0.26124,260,817.591248,817.591248,0,0
0.26311,261,817.591248,817.591248,0,0
0.26315,262,817.591248,817.591248,0,0
0.26432,263,817.591248,817.591248,0,0
0.26433,264,817.591248,817.591248,0,0
0.26615,265,817.591248,817.591248,0,0
0.26799,266,817.591248,817.591248,0,0
0.26802,267,817.591248,817.591248,0,0
0.26924,268,817.591248,817.591248,0,0
0.27114,269,817.591248,817.591248,0,0
0.27117,270,817.591248,817.591248,0,0
0.27233,271,817.591248,817.591248,0,0
0.27237,272,817.591248,817.591248,0,0
0.27417,273,817.591248,817.591248,0,0
0.27596,274,817.591248,817.591248,0,0
0.27599,275,817.591248,817.591248,0,0
0.27728,276,817.591248,817.591248,0,0
0.27907,277,817.591248,817.591248,0,0
0.27912,278,817.591248,817.591248,0,0
0.28032,279,817.591248,817.591248,0,0
0.28033,280,817.591248,817.591248,0,0
0.28218,281,817.591248,817.591248,0,0
0.28398,282,817.591248,817.591248,0,0
0.28402,283,817.591248,817.591248,0,0
0.28524,284,817.591248,817.591248,0,0
0.28707,285,817.591248,817.591248,0,0
0.28709,286,817.591248,817.591248,0,0
0.28836,287,817.591248,817.591248,0,0
0.28841,288,817.591248,817.591248,0,0
0.29016,289,817.591248,817.591248,0,0
0.29196,290,817.591248,817.591248,0,0
0.29198,291,817.591248,817.591248,0,0
0.29323,292,817.591248,817.591248,0,0
0.29509,293,817.591248,817.591248,0,0
0.29512,294,817.591248,817.591248,0,0
0.29631,295,817.591248,817.591248,0,0
0.29634,296,817.591248,817.591248,0,0
0.29819,297,817.591248,817.591248,0,0
0.29997,298,817.591248,817.591248,0,0
0.29999,299,817.591248,817.591248,0,0
0.30122,300,817.591248,817.591248,0,0
0.30308,301,817.591248,817.591248,0,0
0.30311,302,818.591248,817.591248,25,0
0.30433,303,818.591248,817.591248,25,0
0.30436,304,818.591248,817.592041,25,0.09815842
0.30614,305,818.591248,817.5936,25,0.37627393
0.30798,306,818.591248,817.595947,25,0.888879
0.30799,307,818.591248,817.5992,25,1.63052034
0.30922,308,818.591248,817.6032,25,2.40488124
0.31108,309,818.591248,817.6086,25,3.31557322
0.31111,310,818.591248,817.615845,25,4.3571434
0.31233,311,818.591248,817.623352,25,5.475058
0.31236,312,818.591248,817.631042,25,6.413017
0.31418,313,818.591248,817.640442,25,7.356428
0.31597,314,818.591248,817.6508,25,8.408904
0.31599,315,818.591248,817.661,25,8.965136
0.31725,316,818.591248,817.673645,25,10.0939569
0.31907,317,818.591248,817.6852,25,10.90649
0.31909,318,818.591248,817.699768,25,11.7190237
0.32038,319,818.591248,817.7138,25,12.6297159
0.32040,320,818.591248,817.72876,25,13.589488
0.32215,321,818.591248,817.7457,25,14.4565544
0.32396,322,818.591248,817.7622,25,15.1273031
0.32398,323,818.591248,817.779541,25,16.1906853
0.32523,324,818.591248,817.7976,25,16.8069038
0.32725,325,818.591248,817.8165,25,17.4776516
0.32732,326,818.591248,817.8354,25,18.028429
0.32833,327,818.591248,817.8542,25,18.3937969
0.32835,328,818.591248,817.8732,25,18.5955658
0.33021,329,818.591248,817.8921,25,18.9609337
0.33196,330,818.591248,817.9107,25,19.1790638
0.33197,331,818.591248,817.9304,25,19.1463451
0.33322,332,818.591248,817.949463,25,19.0100136
0.33507,333,818.591248,817.9678,25,18.85187
0.33509,334,818.591248,817.986267,25,18.8136978
0.33632,335,818.591248,818.0049,25,18.63374
0.33633,336,818.591248,818.02356,25,18.4974079
0.33818,337,818.591248,818.0425,25,18.51922
0.33997,338,818.591248,818.0604,25,18.3119984
0.33999,339,818.591248,818.0789,25,18.2901859
0.34122,340,818.591248,818.097046,25,18.2356529
0.34308,341,818.591248,818.1155,25,18.1320419
0.34309,342,818.591248,818.1332,25,18.082962
0.34439,343,818.591248,818.15155,25,18.16476
0.34443,344,818.591248,818.169861,25,18.24656
0.34620,345,818.591248,818.188232,25,18.2192936
0.34797,346,818.591248,818.2068,25,18.2192936
0.34798,347,818.591248,818.225342,25,18.186573
0.34923,348,818.591248,818.2421,25,18.4047031
0.35106,349,818.591248,818.2607,25,18.51922
0.35108,350,818.591248,818.2797,22.4072266,18.5301285
0.35232,351,818.591248,818.2982,20.5249023,18.55194
0.35233,352,818.591248,818.3165,18.3184814,18.5628471
0.35419,353,818.591248,818.334839,15.93811,18.5410347
0.35597,354,818.591248,818.3531,13.6236572,18.3010921
0.35598,355,818.591248,818.369568,13.1628418,18.2083855
0.35722,356,818.591248,818.3857,11.4160156,17.6194363
0.35905,357,818.591248,818.400635,10.57373,16.6814766
0.35906,358,818.591248,818.4138,10.5413818,16.0216351
0.36058,359,818.591248,818.426941,8.893433,14.82192
0.36063,360,818.591248,818.4386,8.769531,13.8076172
0.36218,361,818.591248,818.449646,7.913208,12.9241915
0.36398,362,818.591248,818.4593,7.993164,11.8553553
0.36401,363,818.591248,818.4691,6.541748,10.8955841
0.36528,364,818.591248,818.4776,6.71447754,9.984893
0.36705,365,818.591248,818.4849,6.86401367,9.101467
0.36707,366,818.591248,818.4926,5.51635742,8.545236
0.36833,367,818.591248,818.499634,5.241699,7.885393
0.36834,368,818.591248,818.505554,5.515747,7.36733437
0.37015,369,818.591248,818.512268,3.88916016,6.95834064
0.37202,370,818.591248,818.5173,4.86206055,6.38575029
0.37206,371,818.591248,818.523438,2.95898438,6.091275
0.37324,372,818.591248,818.528259,3.607788,5.758627
0.37505,373,818.591248,818.5332,2.849121,5.37144661
0.37507,374,818.591248,818.537231,3.19519043,5.07697153
0.37633,375,818.591248,818.540344,3.66027832,4.53710032
0.37634,376,818.591248,818.545044,1.541748,4.160826
0.37818,377,818.591248,818.5483,2.51281738,4.024495
0.38011,378,818.591248,818.550842,2.81738281,3.58278227
0.38014,379,818.591248,818.553467,2.418213,3.34283948
0.38123,380,818.591248,818.556,2.14294434,3.01019144
0.38306,381,818.591248,818.5577,2.798462,2.53030586
0.38309,382,818.591248,818.5591,2.84790039,2.19765782
0.38431,383,818.591248,818.560364,2.79724121,1.91408908
0.38432,384,818.591248,818.5619,2.36694336,1.59234762
0.38614,385,818.591248,818.563538,2.03674316,1.44511008
0.38796,386,818.591248,818.5655,1.49291992,1.51600218
0.38798,387,818.591248,818.5674,1.30493164,1.65233338
0.38927,388,818.591248,818.5693,1.05896,1.799571
0.39105,389,818.591248,818.5708,1.20849609,1.83229029
0.39106,390,818.591248,818.5722,1.14196777,1.76685154
0.39232,391,818.591248,818.5735,1.09130859,1.61961389
0.39234,392,818.591248,818.575562,0.06774902,1.26515293
0.39415,393,818.591248,818.5764,1.116333,1.11791527
0.39600,394,818.591248,818.576965,1.33483887,0.9652244
0.39602,395,818.591248,818.577454,1.3293457,0.807080269
0.39725,396,818.591248,818.5777,1.529541,0.627123237
0.39908,397,818.591248,818.577942,1.49780273,0.452619374
0.39911,398,818.591248,818.578064,1.59790039,0.316288233
0.40031,399,818.591248,818.578247,1.51611328,0.21267657
0.40032,400,818.591248,818.578369,1.55822754,0.169050619
0.40218,401,818.591248,818.578552,1.47644043,0.158144116
0.40397,402,818.591248,818.579,1.18896484,0.1908636
0.40398,403,818.591248,818.579346,1.19934082,0.2508493
0.40522,404,818.591248,818.579834,1.01989746,0.305381745
0.40705,405,818.591248,818.5802,1.08825684,0.37627393
0.40706,406,818.591248,818.58075,0.8428955,0.408993423
0.40833,407,818.591248,818.5812,0.9033203,0.4417129
0.40835,408,818.591248,818.5816,0.8477783,0.463525862
0.41014,409,818.591248,818.582031,0.7922363,0.452619374
0.41201,410,818.591248,818.5824,0.8026123,0.4417129
0.41203,411,818.591248,818.5829,0.623168945,0.419899881
0.41325,412,818.591248,818.5832,0.7574463,0.3980869
0.41504,413,818.591248,818.583557,0.651855469,0.37627393
0.41505,414,818.591248,818.584,0.5383301,0.359914184
0.41638,415,818.591248,818.5843,0.614624,0.359914184
0.41641,416,818.591248,818.584656,0.5090332,0.3490077
0.41814,417,818.591248,818.584961,0.52734375,0.338101238
0.41996,418,818.591248,818.5852,0.553588867,0.305381745
0.41998,419,818.591248,818.5854,0.587768555,0.28356877
0.42124,420,818.591248,818.585632,0.498046875,0.261755764
0.42305,421,818.591248,818.585938,0.400390625,0.23448956
0.42307,422,818.591248,818.5862,0.426635742,0.23448956
0.42432,423,818.591248,818.586365,0.46081543,0.223583058
0.42434,424,818.591248,818.586731,0.239257813,0.23448956
0.42617,425,818.591248,818.5869,0.3894043,0.23448956
0.42800,426,818.591248,818.5871,0.3656006,0.23448956
0.42804,427,818.591248,818.587341,0.2758789,0.23448956
0.42924,428,818.591248,818.5875,0.3100586,0.1908636
0.43107,429,818.591248,818.5875,0.4840088,0.179957092
0.43110,430,818.591248,818.5875,0.4840088,0.136331126
0.43234,431,818.591248,818.5876,0.41809082,0.07634544
0.43238,432,818.591248,818.5875,0.5419922,0.0545324534
0.43417,433,818.591248,818.5875,0.4840088,0
0.43598,434,818.591248,818.587341,0.6817627,-0.03817272
0.43601,435,818.591248,818.587341,0.5078125,-0.0599856973
0.43724,436,818.591248,818.5873,0.573730469,-0.07089219
0.43904,437,818.591248,818.5873,0.5157471,-0.07089219
0.43906,438,818.591248,818.5873,0.5157471,-0.0599856973
0.44032,439,818.591248,818.5873,0.5157471,-0.03817272
0.44034,440,818.591248,818.5873,0.5157471,-0.0272662267
0.44215,441,818.591248,818.5873,0.5157471,-0.0163597353
0.44398,442,818.591248,818.587341,0.4498291,0
0.44399,443,818.591248,818.587463,0.375976563,0.021812981
0.44524,444,818.591248,818.5875,0.4260254,0.043625962
0.44706,445,818.591248,818.5875,0.4840088,0.0545324534
0.44709,446,818.591248,818.587646,0.352172852,0.07634544
0.44835,447,818.591248,818.587769,0.3363037,0.07634544
0.44838,448,818.591248,818.5878,0.386352539,0.06543894
0.45013,449,818.591248,818.5878,0.444335938,0.06543894
0.45200,450,818.591248,818.587769,0.5102539,0.043625962
0.45202,451,818.591248,818.587646,0.584106445,0
0.45322,452,818.591248,818.587646,0.468139648,-0.0272662267
0.45506,453,818.591248,818.5876,0.5340576,-0.04907921
0.45507,454,818.591248,818.5875,0.5419922,-0.07089219
0.45631,455,818.591248,818.587463,0.549926758,-0.08179868
0.45633,456,818.591248,818.587341,0.6237793,-0.08179868
0.45817,457,818.591248,818.5873,0.573730469,-0.08179868
0.46002,458,818.591248,818.5872,0.581665039,-0.09270517
0.46005,459,818.591248,818.5872,0.523681641,-0.07089219
0.46123,460,818.591248,818.5871,0.6555176,-0.07089219
0.46304,461,818.591248,818.5872,0.407714844,-0.04907921
0.46307,462,818.591248,818.587341,0.3918457,-0.0163597353
0.46431,463,818.591248,818.587463,0.375976563,0.03271947
0.46433,464,818.591248,818.5875,0.4260254,0.06543894
0.46613,465,818.591248,818.587646,0.352172852,0.087251924
0.46801,466,818.591248,818.587646,0.468139648,0.09815842
0.46803,467,818.591248,818.587769,0.3363037,0.087251924
0.46923,468,818.591248,818.5878,0.386352539,0.07634544
0.47105,469,818.591248,818.5878,0.444335938,0.06543894
0.47106,470,818.591248,818.5879,0.378417969,0.043625962
0.47232,471,818.591248,818.5878,0.502319336,0.03271947
0.47234,472,818.591248,818.587769,0.5102539,0.0109064905
0.47416,473,818.591248,818.587646,0.584106445,-0.0272662267
0.47603,474,818.591248,818.587646,0.468139648,-0.0599856973
0.47606,475,818.591248,818.5876,0.5340576,-0.08179868
0.47749,476,818.591248,818.5875,0.5419922,-0.08179868
0.47908,477,818.591248,818.5875,0.4840088,-0.07089219
0.47910,478,818.591248,818.5875,0.4840088,-0.0599856973
0.48033,479,818.591248,818.5875,0.4840088,-0.03817272
0.48035,480,818.591248,818.5875,0.4840088,-0.0272662267
0.48216,481,818.591248,818.587646,0.352172852,0
0.48397,482,818.591248,818.587646,0.468139648,0.03271947
0.48399,483,818.591248,818.5878,0.270385742,0.06543894
0.48525,484,818.591248,818.5878,0.444335938,0.06543894
0.48706,485,818.591248,818.5879,0.378417969,0.07634544
0.48707,486,818.591248,818.588,0.30456543,0.06543894
0.48831,487,818.591248,818.588,0.420532227,0.0545324534
0.48832,488,818.591248,818.5881,0.354614258,0.043625962
0.49015,489,818.591248,818.588,0.478515625,0.03271947
0.49199,490,818.591248,818.5878,0.618286133,-0.0163597353
0.49201,491,818.591248,818.5878,0.444335938,-0.04907921
0.49323,492,818.591248,818.5878,0.444335938,-0.0599856973
0.49508,493,818.591248,818.587769,0.5102539,-0.07089219
0.49510,494,818.591248,818.587769,0.4522705,-0.0599856973
0.49632,495,818.591248,818.587769,0.4522705,-0.03817272
0.49635,496,818.591248,818.587769,0.4522705,-0.03817272
0.49820,497,818.591248,818.587769,0.4522705,-0.0272662267
0.49999,498,818.591248,818.5878,0.386352539,0
0.50001,499,818.591248,818.5878,0.444335938,0.0109064905
0.50122,500,818.591248,818.5878,0.444335938,0.021812981
0.50310,501,818.591248,818.5878,0.444335938,0.03271947
0.50313,502,818.591248,818.588,0.246582031,0.03271947
0.50436,503,818.591248,818.588,0.420532227,0.03271947
0.50440,504,818.591248,818.588,0.420532227,0.03271947
0.50615,505,818.591248,818.588,0.420532227,0.03271947
0.50798,506,818.591248,818.588,0.420532227,0.021812981
0.50800,507,818.591248,818.588,0.420532227,0
0.50925,508,818.591248,818.588,0.420532227,-0.0163597353
0.51108,509,818.591248,818.5878,0.618286133,-0.0272662267
0.51112,510,818.591248,818.5878,0.444335938,-0.04907921
0.51240,511,818.591248,818.5878,0.444335938,-0.03817272
0.51242,512,818.591248,818.5878,0.444335938,-0.0272662267
0.51419,513,818.591248,818.5878,0.444335938,-0.0272662267
0.51599,514,818.591248,818.5878,0.444335938,-0.0163597353
0.51602,515,818.591248,818.5878,0.444335938,0
0.51723,516,818.591248,818.5878,0.444335938,0
0.51908,517,818.591248,818.5878,0.444335938,0
0.51910,518,818.591248,818.588,0.246582031,0
0.52036,519,818.591248,818.588,0.420532227,0.0109064905
0.52038,520,818.591248,818.588,0.420532227,0.0109064905
0.52218,521,818.591248,818.588,0.420532227,0.0109064905
0.52398,522,818.591248,818.588,0.420532227,0.0109064905
0.52400,523,818.591248,818.588,0.420532227,0
0.52523,524,818.591248,818.588,0.420532227,0
0.52727,525,818.591248,818.588,0.420532227,0
0.52729,526,818.591248,818.588,0.420532227,0
0.52833,527,818.591248,818.588,0.420532227,-0.0163597353
0.52835,528,818.591248,818.588,0.420532227,-0.0163597353
0.53016,529,818.591248,818.5879,0.552368164,-0.0163597353
0.53199,530,818.591248,818.5879,0.436401367,-0.0163597353
0.53203,531,818.591248,818.5879,0.436401367,-0.0163597353
0.53322,532,818.591248,818.5879,0.436401367,-0.0163597353
0.53507,533,818.591248,818.5879,0.436401367,-0.0163597353
0.53510,534,818.591248,818.5879,0.436401367,-0.0163597353
0.53633,535,818.591248,818.5879,0.436401367,0
0.53636,536,818.591248,818.5879,0.436401367,0
0.53817,537,818.591248,818.5879,0.436401367,0
0.53999,538,818.591248,818.5879,0.436401367,0
0.54002,539,818.591248,818.588,0.30456543,0
0.54124,540,818.591248,818.588,0.420532227,0
0.54306,541,818.591248,818.588,0.420532227,0
0.54309,542,818.591248,818.588,0.420532227,0
0.54436,543,818.591248,818.588,0.420532227,0
0.54441,544,818.591248,818.588,0.420532227,0
0.54619,545,818.591248,818.588,0.420532227,0
0.54804,546,818.591248,818.588,0.420532227,0
0.54816,547,818.591248,818.588,0.420532227,0
0.54924,548,818.591248,818.588,0.420532227,0
0.55109,549,818.591248,818.588,0.420532227,0
0.55112,550,818.591248,818.588,0.420532227,-0.0163597353
0.55233,551,818.591248,818.588,0.420532227,-0.0163597353
0.55235,552,818.591248,818.588,0.420532227,-0.0163597353
0.55416,553,818.591248,818.588,0.420532227,-0.0163597353
0.55600,554,818.591248,818.588,0.420532227,-0.0163597353
0.55602,555,818.591248,818.588,0.420532227,0
0.55723,556,818.591248,818.588,0.420532227,0
0.55908,557,818.591248,818.588,0.420532227,0
0.55910,558,818.591248,818.588,0.420532227,0
0.56064,559,818.591248,818.588,0.420532227,0
0.56068,560,818.591248,818.588,0.420532227,0
0.56217,561,818.591248,818.588,0.420532227,0
0.56400,562,818.591248,818.588,0.420532227,0
0.56405,563,818.591248,818.588,0.420532227,0
0.56522,564,818.591248,818.588,0.420532227,0
0.56709,565,818.591248,818.588,0.420532227,0
0.56711,566,818.591248,818.588,0.420532227,0
0.56832,567,818.591248,818.588,0.420532227,0
0.56834,568,818.591248,818.588,0.420532227,0
0.57017,569,818.591248,818.588,0.420532227,0
0.57198,570,818.591248,818.588,0.420532227,0
0.57200,571,818.591248,818.588,0.420532227,0
0.57324,572,818.591248,818.588,0.420532227,0
0.57510,573,818.591248,818.588,0.420532227,0
0.57512,574,818.591248,818.588,0.420532227,0
0.57632,575,818.591248,818.588,0.420532227,0
0.57634,576,818.591248,818.588,0.420532227,0
0.57817,577,818.591248,818.588,0.420532227,0
0.57999,578,818.591248,818.588,0.420532227,0
0.58002,579,818.591248,818.588,0.420532227,0
0.58129,580,818.591248,818.588,0.420532227,0
0.58310,581,818.591248,818.588,0.420532227,0
0.58312,582,818.591248,818.588,0.420532227,0
0.58432,583,818.591248,818.588,0.420532227,0
0.58434,584,818.591248,818.588,0.420532227,0
0.58617,585,818.591248,818.588,0.420532227,0
0.58798,586,818.591248,818.588,0.420532227,0
0.58801,587,818.591248,818.588,0.420532227,0
0.58922,588,818.591248,818.588,0.420532227,0
0.59106,589,818.591248,818.588,0.420532227,0
0.59107,590,818.591248,818.588,0.420532227,0
0.59231,591,818.591248,818.588,0.420532227,0.0109064905
0.59232,592,818.591248,818.588,0.420532227,0.0109064905
0.59418,593,818.591248,818.5881,0.354614258,0.0109064905
0.59600,594,818.591248,818.5881,0.412597656,0.0109064905
0.59603,595,818.591248,818.5881,0.412597656,0.0109064905
0.59723,596,818.591248,818.588135,0.3466797,0.0109064905
0.59912,597,818.591248,818.588135,0.4046631,0.0109064905
0.59916,598,818.591248,818.588135,0.4046631,0.0109064905
0.60032,599,818.591248,818.588135,0.4046631,0.0109064905
0.60033,600,818.591248,818.588135,0.4046631,0.0109064905
0.60218,601,818.591248,818.588135,0.4046631,0
0.60401,602,818.591248,818.588135,0.4046631,0
0.60403,603,818.591248,818.588135,0.4046631,-0.0163597353
0.60523,604,818.591248,818.588135,0.4046631,-0.0163597353
0.60706,605,818.591248,818.588135,0.4046631,-0.0163597353
0.60709,606,818.591248,818.588135,0.4046631,-0.0163597353
0.60831,607,818.591248,818.588135,0.4046631,0
0.60832,608,818.591248,818.588135,0.4046631,0
0.61018,609,818.591248,818.588135,0.4046631,0
0.61200,610,818.591248,818.588135,0.4046631,0
0.61202,611,818.591248,818.588135,0.4046631,0
0.61329,612,818.591248,818.588135,0.4046631,0
0.61507,613,818.591248,818.588135,0.4046631,0
0.61509,614,818.591248,818.588135,0.4046631,0
0.61632,615,818.591248,818.588135,0.4046631,0
0.61633,616,818.591248,818.588135,0.4046631,0
0.61819,617,818.591248,818.588135,0.4046631,0
0.62000,618,818.591248,818.588135,0.4046631,0
0.62004,619,818.591248,818.588135,0.4046631,0
0.62124,620,818.591248,818.588135,0.4046631,0
0.62307,621,818.591248,818.588135,0.4046631,0
0.62310,622,818.591248,818.588135,0.4046631,0
0.62431,623,818.591248,818.588135,0.4046631,0
0.62432,624,818.591248,818.588135,0.4046631,0
0.62618,625,818.591248,818.588135,0.4046631,0
0.62802,626,818.591248,818.588135,0.4046631,0.0109064905
0.62805,627,818.591248,818.588135,0.4046631,0.0109064905
0.62923,628,818.591248,818.588135,0.4046631,0.0109064905
0.63110,629,818.591248,818.5882,0.338745117,0.0109064905
0.63114,630,818.591248,818.5882,0.396728516,0.0109064905
0.63232,631,818.591248,818.5882,0.396728516,0.0109064905
0.63234,632,818.591248,818.5882,0.396728516,0
0.63416,633,818.591248,818.5882,0.396728516,0
0.63600,634,818.591248,818.5882,0.396728516,-0.0163597353
0.63602,635,818.591248,818.5882,0.396728516,-0.0163597353
0.63722,636,818.591248,818.5882,0.396728516,0
0.63908,637,818.591248,818.5882,0.396728516,0
0.63912,638,818.591248,818.5882,0.396728516,0
0.64031,639,818.591248,818.5882,0.396728516,0
0.64033,640,818.591248,818.5882,0.396728516,0
0.64218,641,818.591248,818.5882,0.396728516,0
0.64398,642,818.591248,818.5882,0.396728516,0
0.64402,643,818.591248,818.5882,0.396728516,0
0.64523,644,818.591248,818.5882,0.396728516,0
0.64708,645,818.591248,818.5882,0.396728516,0
0.64712,646,818.591248,818.5883,0.264892578,0
0.64833,647,818.591248,818.5883,0.380859375,0
0.64835,648,818.591248,818.5883,0.380859375,0.0109064905
0.65018,649,818.591248,818.5883,0.380859375,0.0109064905
0.65200,650,818.591248,818.5883,0.380859375,0.0109064905
0.65202,651,818.591248,818.5883,0.380859375,0.0109064905
0.65322,652,818.591248,818.5883,0.380859375,0.0109064905
0.65510,653,818.591248,818.5883,0.380859375,0.0109064905
0.65513,654,818.591248,818.5883,0.380859375,0.0109064905
0.65631,655,818.591248,818.5883,0.380859375,0.0109064905
0.65632,656,818.591248,818.5883,0.380859375,0
0.65816,657,818.591248,818.5883,0.380859375,0
0.65999,658,818.591248,818.5883,0.380859375,-0.0163597353
0.66001,659,818.591248,818.5883,0.380859375,-0.0163597353
0.66125,660,818.591248,818.5883,0.380859375,-0.0163597353
0.66308,661,818.591248,818.5883,0.380859375,-0.0163597353
0.66314,662,818.591248,818.5883,0.380859375,-0.0163597353
0.66431,663,818.591248,818.5883,0.380859375,-0.0163597353
0.66434,664,818.591248,818.5883,0.380859375,0
0.66618,665,818.591248,818.5883,0.380859375,0
0.66797,666,818.591248,818.5883,0.380859375,0
0.66800,667,818.591248,818.5883,0.380859375,0
0.66922,668,818.591248,818.5883,0.380859375,0
0.67106,669,818.591248,818.5883,0.380859375,0
0.67109,670,818.591248,818.5883,0.380859375,0
0.67233,671,818.591248,818.5883,0.380859375,0
0.67234,672,818.591248,818.5883,0.380859375,0
0.67415,673,818.591248,818.5883,0.380859375,0
0.67601,674,818.591248,818.5883,0.380859375,0
0.67605,675,818.591248,818.5883,0.380859375,0
0.67741,676,818.591248,818.58844,0.249023438,0
0.67910,677,818.591248,818.58844,0.364990234,0.0109064905
0.67913,678,818.591248,818.58844,0.364990234,0.0109064905
0.68032,679,818.591248,818.58844,0.364990234,0.021812981
0.68033,680,818.591248,818.58844,0.364990234,0.0109064905
0.68219,681,818.591248,818.58844,0.364990234,0.0109064905
0.68398,682,818.591248,818.58844,0.364990234,0.0109064905
0.68401,683,818.591248,818.58844,0.364990234,0.0109064905
0.68523,684,818.591248,818.58844,0.364990234,0.0109064905
0.68708,685,818.591248,818.58844,0.364990234,0.0109064905
0.68711,686,818.591248,818.58844,0.364990234,0.0109064905
0.68831,687,818.591248,818.58844,0.364990234,0
0.68833,688,818.591248,818.58844,0.364990234,0
0.69018,689,818.591248,818.58844,0.364990234,-0.0163597353
0.69198,690,818.591248,818.58844,0.364990234,-0.0163597353
0.69200,691,818.591248,818.58844,0.364990234,0
0.69328,692,818.591248,818.58844,0.364990234,0
0.69507,693,818.591248,818.58844,0.364990234,0
0.69509,694,818.591248,818.58844,0.364990234,-0.0163597353
0.69632,695,818.591248,818.58844,0.364990234,-0.0163597353
0.69634,696,818.591248,818.58844,0.364990234,-0.0163597353
0.69815,697,818.591248,818.58844,0.364990234,-0.0163597353
0.70007,698,818.591248,818.58844,0.364990234,0
0.70010,699,818.591248,818.58844,0.364990234,0
0.70123,700,818.591248,818.58844,0.364990234,0
0.70307,701,818.591248,818.58844,0.364990234,0
0.70310,702,818.591248,818.58844,0.364990234,0
0.70432,703,818.591248,818.58844,0.364990234,0
0.70433,704,818.591248,818.58844,0.364990234,0
0.70617,705,818.591248,818.58844,0.364990234,0
0.70802,706,818.591248,818.58844,0.364990234,0
0.70805,707,818.591248,818.58844,0.364990234,0
0.70923,708,818.591248,818.588562,0.2331543,0
0.71111,709,818.591248,818.588562,0.3491211,0.0109064905
0.71115,710,818.591248,818.5886,0.283203125,0.021812981
0.71233,711,818.591248,818.5886,0.341186523,0.021812981
0.71235,712,818.591248,818.5886,0.341186523,0.03271947
0.71420,713,818.591248,818.5886,0.341186523,0.021812981
0.71602,714,818.591248,818.5886,0.341186523,0.021812981
0.71604,715,818.591248,818.5886,0.341186523,0.0109064905
0.71725,716,818.591248,818.5886,0.341186523,0
0.71909,717,818.591248,818.5886,0.341186523,0
0.71912,718,818.591248,818.5886,0.341186523,-0.0163597353
0.72031,719,818.591248,818.5886,0.341186523,-0.0163597353
0.72033,720,818.591248,818.5886,0.341186523,-0.0163597353
0.72216,721,818.591248,818.5886,0.341186523,-0.0163597353
0.72400,722,818.591248,818.5886,0.341186523,0
0.72404,723,818.591248,818.5886,0.341186523,0
0.72522,724,818.591248,818.5886,0.341186523,0
0.72723,725,818.591248,818.5886,0.341186523,0
0.72729,726,818.591248,818.5886,0.341186523,0
0.72834,727,818.591248,818.5886,0.341186523,0
0.72838,728,818.591248,818.5886,0.341186523,0
0.73017,729,818.591248,818.5886,0.341186523,0
0.73201,730,818.591248,818.5886,0.341186523,0
0.73205,731,818.591248,818.5886,0.341186523,0
0.73323,732,818.591248,818.5886,0.341186523,0
0.73509,733,818.591248,818.5886,0.341186523,0
0.73512,734,818.591248,818.5886,0.341186523,0
0.73633,735,818.591248,818.5886,0.341186523,0
0.73635,736,818.591248,818.5886,0.341186523,0
0.73815,737,818.591248,818.5886,0.341186523,0
0.73997,738,818.591248,818.5886,0.341186523,0
0.74000,739,818.591248,818.5886,0.341186523,0
0.74124,740,818.591248,818.5886,0.341186523,0
0.74309,741,818.591248,818.5886,0.341186523,0
0.74311,742,818.591248,818.5886,0.341186523,0
0.74432,743,818.591248,818.5886,0.341186523,0
0.74434,744,818.591248,818.5886,0.341186523,0
0.74617,745,818.591248,818.5886,0.341186523,0
0.74801,746,818.591248,818.5886,0.341186523,0
0.74804,747,818.591248,818.5886,0.341186523,0
0.74923,748,818.591248,818.5886,0.341186523,0
0.75109,749,818.591248,818.5886,0.341186523,0.0109064905
0.75112,750,818.591248,818.588745,0.209350586,0.0109064905
0.75233,751,818.591248,818.588745,0.325317383,0.0109064905
0.75235,752,818.591248,818.588745,0.325317383,0.0109064905
0.75420,753,818.591248,818.588745,0.325317383,0.0109064905
0.75598,754,818.591248,818.588745,0.325317383,0.0109064905
0.75601,755,818.591248,818.588745,0.325317383,0.0109064905
0.75725,756,818.591248,818.588745,0.325317383,0.0109064905
0.75909,757,818.591248,818.588745,0.325317383,0.0109064905
0.75913,758,818.591248,818.588745,0.325317383,-0.0163597353
0.76065,759,818.591248,818.5886,0.45715332,-0.0272662267
0.76068,760,818.591248,818.5886,0.341186523,-0.0272662267
0.76215,761,818.591248,818.5886,0.341186523,-0.03817272
0.76404,762,818.591248,818.5886,0.341186523,-0.03817272
0.76408,763,818.591248,818.5886,0.341186523,-0.0272662267
0.76524,764,818.591248,818.5886,0.341186523,-0.0272662267
0.76707,765,818.591248,818.5886,0.341186523,-0.0272662267
0.76711,766,818.591248,818.5886,0.341186523,-0.0163597353
0.76832,767,818.591248,818.5886,0.341186523,-0.0163597353
0.76834,768,818.591248,818.588745,0.209350586,0.0109064905
0.77017,769,818.591248,818.588745,0.325317383,0.03271947
0.77203,770,818.591248,818.588745,0.325317383,0.03271947
0.77206,771,818.591248,818.588745,0.325317383,0.043625962
0.77323,772,818.591248,818.588867,0.193481445,0.03271947
0.77509,773,818.591248,818.5889,0.243530273,0.03271947
0.77513,774,818.591248,818.5889,0.301513672,0.03271947
0.77631,775,818.591248,818.5889,0.301513672,0.03271947
0.77633,776,818.591248,818.58905,0.169677734,0.03271947
0.77815,777,818.591248,818.5891,0.219726563,0.03271947
0.78003,778,818.591248,818.5891,0.277709961,0.03271947
0.78007,779,818.591248,818.5891,0.277709961,0.03271947
0.78123,780,818.591248,818.5891,0.277709961,0.021812981
0.78308,781,818.591248,818.5891,0.277709961,0.0109064905
0.78310,782,818.591248,818.5891,0.277709961,0
0.78433,783,818.591248,818.58905,0.34362793,-0.0163597353
0.78437,784,818.591248,818.58905,0.285644531,-0.0272662267
0.78616,785,818.591248,818.5889,0.417480469,-0.0272662267
0.78801,786,818.591248,818.5889,0.301513672,-0.03817272
0.78802,787,818.591248,818.5889,0.301513672,-0.03817272
0.78923,788,818.591248,818.5889,0.301513672,-0.0272662267
0.79109,789,818.591248,818.5889,0.301513672,-0.0272662267
0.79113,790,818.591248,818.5889,0.301513672,-0.0163597353
0.79235,791,818.591248,818.5889,0.301513672,0
0.79237,792,818.591248,818.5889,0.301513672,0
0.79421,793,818.591248,818.5889,0.301513672,0
0.79598,794,818.591248,818.5889,0.301513672,0
0.79601,795,818.591248,818.5889,0.301513672,0
0.79724,796,818.591248,818.5889,0.301513672,0
0.79911,797,818.591248,818.58905,0.169677734,0.0109064905
0.79914,798,818.591248,818.58905,0.285644531,0.0109064905
0.80031,799,818.591248,818.5891,0.219726563,0.021812981
0.80035,800,818.591248,818.5891,0.277709961,0.021812981
0.80216,801,818.591248,818.5891,0.277709961,0.0109064905
0.80397,802,818.591248,818.5891,0.277709961,0.0109064905
0.80398,803,818.591248,818.5891,0.277709961,0.0109064905
0.80522,804,818.591248,818.5891,0.277709961,0.0109064905
0.80707,805,818.591248,818.5891,0.277709961,0.0109064905
0.80709,806,818.591248,818.5891,0.277709961,0.0109064905
0.80831,807,818.591248,818.5891,0.277709961,0.0109064905
0.80833,808,818.591248,818.5892,0.211791992,0.0109064905
0.81018,809,818.591248,818.5891,0.335693359,0.0109064905
0.81198,810,818.591248,818.5891,0.277709961,0
0.81199,811,818.591248,818.5891,0.277709961,-0.0163597353
0.81325,812,818.591248,818.5891,0.277709961,-0.0163597353
0.81508,813,818.591248,818.5891,0.277709961,-0.0163597353
0.81511,814,818.591248,818.5891,0.277709961,0
0.81632,815,818.591248,818.5891,0.277709961,0
0.81634,816,818.591248,818.5891,0.277709961,0
0.81822,817,818.591248,818.5891,0.277709961,-0.0163597353
0.81996,818,818.591248,818.5891,0.277709961,-0.0163597353
0.81998,819,818.591248,818.5891,0.277709961,-0.0163597353
0.82123,820,818.591248,818.5891,0.277709961,-0.0163597353
0.82309,821,818.591248,818.5891,0.277709961,-0.0163597353
0.82312,822,818.591248,818.5891,0.277709961,-0.0163597353
0.82431,823,818.591248,818.5891,0.277709961,0
0.82434,824,818.591248,818.5891,0.277709961,0
0.82618,825,818.591248,818.5891,0.277709961,0
0.82802,826,818.591248,818.5891,0.277709961,0
0.82807,827,818.591248,818.5891,0.277709961,0
0.82928,828,818.591248,818.5891,0.277709961,0
0.83111,829,818.591248,818.5891,0.277709961,0
0.83113,830,818.591248,818.5891,0.277709961,0
0.83233,831,818.591248,818.5891,0.277709961,0
0.83234,832,818.591248,818.5892,0.211791992,0.0109064905
0.83418,833,818.591248,818.5893,0.137939453,0.0109064905
0.83597,834,818.591248,818.5893,0.25390625,0.0109064905
0.83598,835,818.591248,818.5893,0.25390625,0.021812981
0.83723,836,818.591248,818.5893,0.25390625,0.0109064905
0.83905,837,818.591248,818.5893,0.25390625,0.0109064905
0.83908,838,818.591248,818.5893,0.25390625,0.0109064905
0.84031,839,818.591248,818.5893,0.25390625,0.0109064905
0.84033,840,818.591248,818.5893,0.25390625,0.0109064905
0.84217,841,818.591248,818.5893,0.25390625,0.0109064905
0.84398,842,818.591248,818.5893,0.25390625,0
0.84400,843,818.591248,818.5893,0.25390625,0
0.84526,844,818.591248,818.5893,0.25390625,0
0.84707,845,818.591248,818.5893,0.25390625,-0.0163597353
0.84710,846,818.591248,818.5893,0.25390625,-0.0163597353
0.84833,847,818.591248,818.5893,0.25390625,-0.0163597353
0.84834,848,818.591248,818.5893,0.25390625,-0.0163597353
0.85017,849,818.591248,818.5893,0.25390625,0
0.85197,850,818.591248,818.5893,0.25390625,0
0.85199,851,818.591248,818.5893,0.25390625,0
0.85323,852,818.591248,818.5893,0.25390625,0
0.85506,853,818.591248,818.5893,0.25390625,0
0.85508,854,818.591248,818.5893,0.25390625,0
0.85633,855,818.591248,818.5893,0.25390625,0
0.85635,856,818.591248,818.5893,0.25390625,0
0.85817,857,818.591248,818.5893,0.25390625,0
0.85998,858,818.591248,818.5893,0.25390625,0
0.85999,859,818.591248,818.5893,0.25390625,0
0.86126,860,818.591248,818.5893,0.25390625,0
0.86308,861,818.591248,818.5893,0.25390625,0
0.86311,862,818.591248,818.5893,0.25390625,0
0.86432,863,818.591248,818.5893,0.25390625,0
0.86433,864,818.591248,818.589355,0.187988281,0
0.86620,865,818.591248,818.589355,0.24597168,0.0109064905
0.86798,866,818.591248,818.5894,0.180053711,0.0109064905
0.86800,867,818.591248,818.5894,0.238037109,0.0109064905
0.86926,868,818.591248,818.5894,0.238037109,0.0109064905
0.87105,869,818.591248,818.5894,0.238037109,0.0109064905
0.87108,870,818.591248,818.5894,0.238037109,0.0109064905
0.87231,871,818.591248,818.5894,0.238037109,0.0109064905
0.87233,872,818.591248,818.5894,0.238037109,0.0109064905
0.87418,873,818.591248,818.5894,0.238037109,0.0109064905
0.87596,874,818.591248,818.5895,0.172119141,0.0109064905
0.87598,875,818.591248,818.5896,0.0982666,0.0109064905
0.87741,876,818.591248,818.5896,0.2142334,0.0109064905
0.87908,877,818.591248,818.5896,0.2142334,0.021812981
0.87909,878,818.591248,818.5896,0.2142334,0.021812981
0.88036,879,818.591248,818.5896,0.2142334,0.021812981
0.88039,880,818.591248,818.5896,0.2142334,0.021812981
0.88215,881,818.591248,818.589661,0.14831543,0.021812981
0.88396,882,818.591248,818.5897,0.140380859,0.021812981
0.88397,883,818.591248,818.5897,0.198364258,0.021812981
0.88528,884,818.591248,818.5897,0.198364258,0.021812981
0.88705,885,818.591248,818.5897,0.198364258,0.021812981
0.88707,886,818.591248,818.5897,0.198364258,0.0109064905
0.88837,887,818.591248,818.5897,0.198364258,0.0109064905
0.88842,888,818.591248,818.5897,0.198364258,0
0.89014,889,818.591248,818.5897,0.198364258,0
0.89196,890,818.591248,818.5897,0.198364258,-0.0163597353
0.89199,891,818.591248,818.5897,0.198364258,-0.0272662267
0.89326,892,818.591248,818.5897,0.198364258,-0.0163597353
0.89505,893,818.591248,818.5897,0.198364258,-0.0163597353
0.89508,894,818.591248,818.5897,0.198364258,-0.0163597353
0.89632,895,818.591248,818.5897,0.198364258,0
0.89634,896,818.591248,818.5897,0.198364258,0
0.89814,897,818.591248,818.5897,0.198364258,0
0.89997,898,818.591248,818.5897,0.198364258,0
0.90000,899,818.591248,818.5897,0.198364258,0
0.90124,900,818.591248,818.5897,0.198364258,0
0.90308,901,818.591248,818.5897,0.198364258,0
0.90312,902,818.591248,818.5897,0.198364258,0
0.90431,903,818.591248,818.5897,0.198364258,0
0.90432,904,818.591248,818.5897,0.198364258,0
0.90614,905,818.591248,818.5897,0.198364258,0
0.90796,906,818.591248,818.5897,0.198364258,0
0.90797,907,818.591248,818.5897,0.198364258,0
0.90924,908,818.591248,818.5897,0.198364258,0
0.91112,909,818.591248,818.5897,0.198364258,0
0.91114,910,818.591248,818.5897,0.198364258,0
0.91236,911,818.591248,818.5897,0.198364258,0
0.91238,912,818.591248,818.5897,0.198364258,0
0.91416,913,818.591248,818.5897,0.198364258,0
0.91599,914,818.591248,818.5897,0.198364258,0.0109064905
0.91601,915,818.591248,818.589844,0.06652832,0.0109064905
0.91727,916,818.591248,818.589844,0.182495117,0.0109064905
0.91906,917,818.591248,818.5899,0.116577148,0.03271947
0.91908,918,818.591248,818.5899,0.174560547,0.021812981
0.92032,919,818.591248,818.5899,0.174560547,0.021812981
0.92034,920,818.591248,818.5899,0.174560547,0.03271947
0.92214,921,818.591248,818.589966,0.108642578,0.021812981
0.92396,922,818.591248,818.59,0.100708008,0.021812981
0.92398,923,818.591248,818.59,0.1586914,0.021812981
0.92526,924,818.591248,818.59,0.1586914,0.021812981
0.92716,925,818.591248,818.59,0.1586914,0.0109064905
0.92725,926,818.591248,818.59,0.1586914,0
0.92834,927,818.591248,818.59,0.1586914,0
0.92835,928,818.591248,818.59,0.1586914,0
0.93016,929,818.591248,818.59,0.1586914,0
0.93197,930,818.591248,818.59,0.1586914,0
0.93199,931,818.591248,818.59,0.1586914,-0.0163597353
0.93322,932,818.591248,818.59,0.1586914,-0.0163597353
0.93508,933,818.591248,818.59,0.1586914,-0.0163597353
0.93511,934,818.591248,818.59,0.1586914,-0.0163597353
0.93631,935,818.591248,818.59,0.1586914,-0.0163597353
0.93633,936,818.591248,818.59,0.1586914,0
0.93816,937,818.591248,818.59,0.1586914,0
0.93996,938,818.591248,818.59,0.1586914,0
0.93998,939,818.591248,818.59,0.1586914,0
0.94126,940,818.591248,818.59,0.1586914,0
0.94307,941,818.591248,818.59,0.1586914,0
0.94309,942,818.591248,818.59,0.1586914,0
0.94434,943,818.591248,818.59,0.1586914,0
0.94440,944,818.591248,818.59,0.1586914,0
0.94615,945,818.591248,818.59,0.1586914,0
0.94798,946,818.591248,818.59,0.1586914,0
0.94799,947,818.591248,818.59,0.1586914,0.0109064905
0.94922,948,818.591248,818.59,0.1586914,0.0109064905
0.95106,949,818.591248,818.59,0.1586914,0.0109064905
0.95110,950,818.591248,818.590149,0.0268554688,0.0109064905
0.95232,951,818.591248,818.590149,0.142822266,0.0109064905
0.95234,952,818.591248,818.590149,0.142822266,0.0109064905
0.95418,953,818.591248,818.590149,0.142822266,0.0109064905
0.95596,954,818.591248,818.5903,0.0109863281,0.0109064905
0.95598,955,818.591248,818.5903,0.126953125,0.0109064905
0.95724,956,818.591248,818.5903,0.126953125,0.0109064905
0.95906,957,818.591248,818.5903,0.126953125,0.0109064905
0.95907,958,818.591248,818.5903,0.126953125,0.0109064905
0.96052,959,818.591248,818.5903,0.126953125,0.0109064905
0.96059,960,818.591248,818.5903,0.126953125,0
0.96217,961,818.591248,818.5903,0.126953125,0
0.96398,962,818.591248,818.5903,0.126953125,0
0.96399,963,818.591248,818.5903,0.126953125,-0.0163597353
0.96523,964,818.591248,818.5903,0.126953125,-0.0163597353
0.96709,965,818.591248,818.5903,0.126953125,-0.0163597353
0.96712,966,818.591248,818.5903,0.126953125,-0.0163597353
0.96833,967,818.591248,818.5903,0.126953125,-0.0163597353
0.96836,968,818.591248,818.5903,0.126953125,-0.0163597353
0.97013,969,818.591248,818.5903,0.126953125,0
0.97199,970,818.591248,818.5903,0.126953125,0
0.97203,971,818.591248,818.5903,0.126953125,0
0.97324,972,818.591248,818.5903,0.126953125,0
0.97507,973,818.591248,818.5903,0.126953125,0
0.97510,974,818.591248,818.5903,0.126953125,0
0.97634,975,818.591248,818.5903,0.126953125,0
0.97637,976,818.591248,818.5903,0.126953125,0
0.97815,977,818.591248,818.5903,0.126953125,0
0.98001,978,818.591248,818.5903,0.126953125,0
0.98003,979,818.591248,818.5903,0.126953125,0
0.98122,980,818.591248,818.5903,0.126953125,0
0.98306,981,818.591248,818.5903,0.126953125,0
0.98307,982,818.591248,818.5903,0.126953125,0
0.98434,983,818.591248,818.5903,0.126953125,0
0.98437,984,818.591248,818.5903,0.126953125,0
0.98615,985,818.591248,818.5903,0.126953125,0
0.98799,986,818.591248,818.5903,0.126953125,0
0.98801,987,818.591248,818.5903,0.126953125,0
0.98923,988,818.591248,818.5903,0.126953125,0
0.99108,989,818.591248,818.5903,0.126953125,0
0.99111,990,818.591248,818.5903,0.126953125,0
0.99232,991,818.591248,818.5903,0.126953125,0
0.99236,992,818.591248,818.5903,0.126953125,0
0.99420,993,818.591248,818.5903,0.126953125,0
0.99599,994,818.591248,818.5903,0.126953125,0
0.99602,995,818.591248,818.5903,0.126953125,0
0.99724,996,818.591248,818.5903,0.126953125,0
0.99905,997,818.591248,818.5903,0.126953125,0
0.99906,998,818.591248,818.5903,0.126953125,0
1.00031,999,818.591248,818.5903,0.126953125,0
1.00033,1000,818.591248,818.5903,0.126953125,0
1.00215,1001,818.591248,818.5903,0.126953125,0
1.00403,1002,818.591248,818.5903,0.126953125,0
1.00408,1003,818.591248,818.5903,0.126953125,0
1.00522,1004,818.591248,818.5903,0.126953125,0
1.00707,1005,818.591248,818.5903,0.126953125,0
1.00710,1006,818.591248,818.5903,0.126953125,0
1.00835,1007,818.591248,818.5903,0.126953125,0
1.00838,1008,818.591248,818.5903,0.126953125,0
1.01017,1009,818.591248,818.5903,0.126953125,0
1.01202,1010,818.591248,818.5903,0.126953125,0
1.01204,1011,818.591248,818.5903,0.126953125,0
1.01324,1012,818.591248,818.5903,0.126953125,0
1.01505,1013,818.591248,818.5903,0.126953125,0
1.01506,1014,818.591248,818.5903,0.126953125,0
1.01631,1015,818.591248,818.5903,0.126953125,0
1.01633,1016,818.591248,818.5903,0.126953125,0
1.01817,1017,818.591248,818.5903,0.126953125,0
1.02000,1018,818.591248,818.5903,0.126953125,0
1.02003,1019,818.591248,818.5903,0.126953125,0
1.02122,1020,818.591248,818.5903,0.126953125,0
1.02308,1021,818.591248,818.5903,0.126953125,0
1.02310,1022,818.591248,818.5903,0.126953125,0
1.02431,1023,818.591248,818.5903,0.126953125,0
1.02432,1024,818.591248,818.5903,0.126953125,0
1.02614,1025,818.591248,818.5903,0.126953125,0
1.02798,1026,818.591248,818.5903,0.126953125,0
1.02800,1027,818.591248,818.5903,0.126953125,0
1.02925,1028,818.591248,818.5903,0.126953125,0
1.03108,1029,818.591248,818.5903,0.126953125,0
1.03110,1030,818.591248,818.5903,0.126953125,0
1.03235,1031,818.591248,818.5903,0.126953125,0
1.03239,1032,818.591248,818.5903,0.126953125,0
1.03417,1033,818.591248,818.5903,0.126953125,0
1.03601,1034,818.591248,818.5903,0.126953125,0
1.03605,1035,818.591248,818.5903,0.126953125,0
1.03724,1036,818.591248,818.5903,0.126953125,0
1.03908,1037,818.591248,818.5903,0.126953125,0
1.03910,1038,818.591248,818.5903,0.126953125,0
1.04032,1039,818.591248,818.5903,0.126953125,0
1.04033,1040,818.591248,818.5903,0.126953125,0
1.04215,1041,818.591248,818.5903,0.126953125,0
1.04406,1042,818.591248,818.5903,0.126953125,0
1.04411,1043,818.591248,818.5903,0.126953125,0.0109064905
1.04526,1044,818.591248,818.5903,0.126953125,0.0109064905
1.04711,1045,818.591248,818.5903,0.126953125,0.021812981
1.04715,1046,818.591248,818.5903,0.126953125,0.0109064905
1.04833,1047,818.591248,818.5903,0.126953125,0.0109064905
1.04834,1048,818.591248,818.5904,-0.0048828125,0.0109064905
1.05015,1049,818.591248,818.5904,0.111083984,0.0109064905
1.05202,1050,818.591248,818.5904,0.111083984,0.021812981
1.05205,1051,818.591248,818.5904,0.111083984,0.021812981
1.05324,1052,818.591248,818.590454,0.0451660156,0.021812981
1.05510,1053,818.591248,818.590454,0.103149414,0.021812981
1.05513,1054,818.591248,818.590454,0.103149414,0.0109064905
1.05632,1055,818.591248,818.5906,-0.0286865234,0.0109064905
1.05633,1056,818.591248,818.590454,0.219116211,0
1.05814,1057,818.591248,818.590454,0.103149414,-0.0163597353
1.06002,1058,818.591248,818.590454,0.103149414,-0.0163597353
1.06006,1059,818.591248,818.590454,0.103149414,-0.0163597353
1.06123,1060,818.591248,818.590454,0.103149414,-0.0163597353
1.06306,1061,818.591248,818.590454,0.103149414,-0.0163597353
1.06308,1062,818.591248,818.590454,0.103149414,0
1.06434,1063,818.591248,818.590454,0.103149414,0
1.06436,1064,818.591248,818.590454,0.103149414,0
1.06617,1065,818.591248,818.590454,0.103149414,0
1.06801,1066,818.591248,818.590454,0.103149414,0
1.06803,1067,818.591248,818.590454,0.103149414,0
1.06922,1068,818.591248,818.590454,0.103149414,0
1.07111,1069,818.591248,818.590454,0.103149414,0
1.07114,1070,818.591248,818.590454,0.103149414,0
1.07231,1071,818.591248,818.590454,0.103149414,0
1.07232,1072,818.591248,818.590454,0.103149414,0
1.07419,1073,818.591248,818.590454,0.103149414,0
1.07600,1074,818.591248,818.590454,0.103149414,0
1.07604,1075,818.591248,818.590454,0.103149414,0
1.07730,1076,818.591248,818.590454,0.103149414,0
1.07907,1077,818.591248,818.590454,0.103149414,0
1.07909,1078,818.591248,818.590454,0.103149414,0
1.08032,1079,818.591248,818.590454,0.103149414,0
1.08033,1080,818.591248,818.590454,0.103149414,0
1.08217,1081,818.591248,818.590454,0.103149414,0
1.08397,1082,818.591248,818.590454,0.103149414,0
1.08398,1083,818.591248,818.590454,0.103149414,0
1.08522,1084,818.591248,818.590454,0.103149414,0
1.08707,1085,818.591248,818.590454,0.103149414,0
1.08709,1086,818.591248,818.590454,0.103149414,0
1.08832,1087,818.591248,818.590454,0.103149414,0
1.08833,1088,818.591248,818.590454,0.103149414,0
1.09016,1089,818.591248,818.590454,0.103149414,0
1.09197,1090,818.591248,818.590454,0.103149414,0
1.09199,1091,818.591248,818.590454,0.103149414,0
1.09324,1092,818.591248,818.590454,0.103149414,0
1.09510,1093,818.591248,818.590454,0.103149414,0
1.09513,1094,818.591248,818.590454,0.103149414,0
1.09634,1095,818.591248,818.590454,0.103149414,0
1.09636,1096,818.591248,818.590454,0.103149414,0
1.09813,1097,818.591248,818.590454,0.103149414,0
1.10000,1098,818.591248,818.590454,0.103149414,0
1.10003,1099,818.591248,818.590454,0.103149414,0
1.10122,1100,818.591248,818.590454,0.103149414,0
1.10307,1101,818.591248,818.590454,0.103149414,0
1.10310,1102,818.591248,818.590454,0.103149414,0
1.10433,1103,818.591248,818.590454,0.103149414,0
1.10434,1104,818.591248,818.590454,0.103149414,0
1.10615,1105,818.591248,818.590454,0.103149414,0
1.10798,1106,818.591248,818.590454,0.103149414,0
1.10800,1107,818.591248,818.590454,0.103149414,0
1.10922,1108,818.591248,818.590454,0.103149414,0
1.11113,1109,818.591248,818.590454,0.103149414,0
1.11118,1110,818.591248,818.590454,0.103149414,0
1.11233,1111,818.591248,818.590454,0.103149414,0
1.11234,1112,818.591248,818.590454,0.103149414,0
1.11416,1113,818.591248,818.590454,0.103149414,0
1.11601,1114,818.591248,818.590454,0.103149414,0
1.11604,1115,818.591248,818.590454,0.103149414,0
1.11723,1116,818.591248,818.590454,0.103149414,0
1.11909,1117,818.591248,818.590454,0.103149414,0
1.11912,1118,818.591248,818.590454,0.103149414,0
1.12032,1119,818.591248,818.590454,0.103149414,0
1.12034,1120,818.591248,818.590454,0.103149414,0
1.12217,1121,818.591248,818.590454,0.103149414,0
1.12398,1122,818.591248,818.590454,0.103149414,0
1.12400,1123,818.591248,818.5906,-0.0286865234,0
1.12524,1124,818.591248,818.5906,0.08728027,0.0109064905
1.12720,1125,818.591248,818.5906,0.08728027,0.0109064905
1.12721,1126,818.591248,818.5906,0.08728027,0.0109064905
1.12834,1127,818.591248,818.5906,0.08728027,0.0109064905
1.12837,1128,818.591248,818.5906,0.08728027,0.0109064905
1.13020,1129,818.591248,818.5906,0.08728027,0
1.13197,1130,818.591248,818.5906,0.08728027,0
1.13199,1131,818.591248,818.5906,0.08728027,-0.0163597353
1.13323,1132,818.591248,818.5906,0.08728027,-0.0272662267
1.13513,1133,818.591248,818.5906,0.08728027,-0.0163597353
1.13515,1134,818.591248,818.5906,0.08728027,-0.0163597353
1.13631,1135,818.591248,818.5906,0.08728027,-0.0163597353
1.13633,1136,818.591248,818.5906,0.08728027,0
1.13819,1137,818.591248,818.5906,0.08728027,0
1.13999,1138,818.591248,818.5906,0.08728027,0
1.14000,1139,818.591248,818.5906,0.08728027,0
1.14122,1140,818.591248,818.5906,0.08728027,0
1.14307,1141,818.591248,818.5906,0.08728027,0
1.14309,1142,818.591248,818.5906,0.08728027,0
1.14433,1143,818.591248,818.5906,0.08728027,0
1.14435,1144,818.591248,818.5906,0.08728027,0
1.14617,1145,818.591248,818.5906,0.08728027,0
1.14800,1146,818.591248,818.5906,0.08728027,0
1.14804,1147,818.591248,818.5906,0.08728027,0
1.14924,1148,818.591248,818.5906,0.08728027,0
1.15109,1149,818.591248,818.5906,0.08728027,0
1.15113,1150,818.591248,818.5906,0.08728027,0
1.15231,1151,818.591248,818.5906,0.08728027,0
1.15232,1152,818.591248,818.5906,0.08728027,0
1.15420,1153,818.591248,818.5906,0.08728027,0
1.15600,1154,818.591248,818.5906,0.08728027,0
1.15603,1155,818.591248,818.5906,0.08728027,0
1.15723,1156,818.591248,818.5906,0.08728027,0
1.15910,1157,818.591248,818.5906,0.08728027,0
1.15913,1158,818.591248,818.5906,0.08728027,0
1.16060,1159,818.591248,818.5906,0.08728027,0
1.16064,1160,818.591248,818.5906,0.08728027,0
1.16216,1161,818.591248,818.5906,0.08728027,0
1.16400,1162,818.591248,818.5906,0.08728027,0
1.16403,1163,818.591248,818.5906,0.08728027,0
1.16523,1164,818.591248,818.5906,0.08728027,0
1.16710,1165,818.591248,818.5906,0.08728027,0
1.16713,1166,818.591248,818.5906,0.08728027,0
1.16832,1167,818.591248,818.5906,0.08728027,0
1.16834,1168,818.591248,818.5906,0.08728027,0
1.17018,1169,818.591248,818.5906,0.08728027,0
1.17198,1170,818.591248,818.5906,0.08728027,0
1.17203,1171,818.591248,818.5906,0.08728027,0
1.17324,1172,818.591248,818.5906,0.08728027,0
1.17507,1173,818.591248,818.5906,0.08728027,0
1.17510,1174,818.591248,818.5906,0.08728027,0
1.17632,1175,818.591248,818.5906,0.08728027,0
1.17634,1176,818.591248,818.5906,0.08728027,0
1.17816,1177,818.591248,818.5906,0.08728027,0
1.18002,1178,818.591248,818.5906,0.08728027,0
1.18005,1179,818.591248,818.5906,0.08728027,0
1.18123,1180,818.591248,818.5906,0.08728027,0
1.18309,1181,818.591248,818.5906,0.08728027,0
1.18312,1182,818.591248,818.5906,0.08728027,0
1.18431,1183,818.591248,818.5906,0.08728027,0
1.18433,1184,818.591248,818.5906,0.08728027,0
1.18617,1185,818.591248,818.5906,0.08728027,0
1.18799,1186,818.591248,818.5906,0.08728027,0
1.18801,1187,818.591248,818.5906,0.08728027,0
1.18929,1188,818.591248,818.5906,0.08728027,0
1.19110,1189,818.591248,818.5906,0.08728027,0
1.19114,1190,818.591248,818.5906,0.08728027,0
1.19232,1191,818.591248,818.5906,0.08728027,0
1.19237,1192,818.591248,818.5906,0.08728027,0
1.19425,1193,818.591248,818.5906,0.08728027,0
1.19602,1194,818.591248,818.5906,0.08728027,0
1.19606,1195,818.591248,818.5906,0.08728027,0
1.19725,1196,818.591248,818.5906,0.08728027,0
1.19909,1197,818.591248,818.5906,0.08728027,0
1.19912,1198,818.591248,818.5906,0.08728027,0
1.20032,1199,818.591248,818.5906,0.08728027,0
1.20036,1200,818.591248,818.5906,0.08728027,0
1.20217,1201,818.591248,818.5906,0.08728027,0
1.20398,1202,818.591248,818.5906,0.08728027,0
1.20399,1203,818.591248,818.5906,0.08728027,0
1.20523,1204,818.591248,818.5906,0.08728027,0
1.20708,1205,818.591248,818.5906,0.08728027,0
1.20710,1206,818.591248,818.5906,0.08728027,0
1.20831,1207,818.591248,818.5906,0.08728027,0
1.20833,1208,818.591248,818.5906,0.08728027,0
1.21016,1209,818.591248,818.5906,0.08728027,0
1.21202,1210,818.591248,818.5906,0.08728027,0
1.21207,1211,818.591248,818.5906,0.08728027,0
1.21324,1212,818.591248,818.5906,0.08728027,0
1.21506,1213,818.591248,818.5906,0.08728027,0
1.21509,1214,818.591248,818.5906,0.08728027,0
1.21632,1215,818.591248,818.5906,0.08728027,0
1.21635,1216,818.591248,818.5906,0.08728027,0
1.21817,1217,818.591248,818.5906,0.08728027,0
1.21999,1218,818.591248,818.5906,0.08728027,0
1.22000,1219,818.591248,818.5906,0.08728027,0
1.22123,1220,818.591248,818.5906,0.08728027,0
1.22309,1221,818.591248,818.5906,0.08728027,0
1.22311,1222,818.591248,818.5906,0.08728027,0
1.22432,1223,818.591248,818.5906,0.08728027,0
1.22436,1224,818.591248,818.5906,0.08728027,0
1.22618,1225,818.591248,818.5906,0.08728027,0
1.22799,1226,818.591248,818.5906,0.08728027,0
1.22802,1227,818.591248,818.5906,0.08728027,0.0109064905
1.22923,1228,818.591248,818.5906,0.08728027,0.0109064905
1.23107,1229,818.591248,818.5906,0.08728027,0.0109064905
1.23111,1230,818.591248,818.5906,0.08728027,0.021812981
1.23231,1231,818.591248,818.5906,0.08728027,0.0109064905
1.23232,1232,818.591248,818.5906,0.08728027,0.0109064905
1.23418,1233,818.591248,818.5907,-0.0445556641,0.0109064905
1.23600,1234,818.591248,818.5907,0.07141113,0.0109064905
1.23602,1235,818.591248,818.5907,0.07141113,0.0109064905
1.23723,1236,818.591248,818.5907,0.07141113,0.0109064905
1.23910,1237,818.591248,818.5907,0.07141113,0.0109064905
1.23913,1238,818.591248,818.5907,0.07141113,0.0109064905
1.24031,1239,818.591248,818.5907,0.07141113,0.0109064905
1.24033,1240,818.591248,818.5907,0.07141113,0.0109064905
1.24217,1241,818.591248,818.5907,0.07141113,0
1.24400,1242,818.591248,818.5907,0.07141113,0
1.24405,1243,818.591248,818.5907,0.07141113,-0.0163597353
1.24524,1244,818.591248,818.5907,0.07141113,-0.0163597353
1.24710,1245,818.591248,818.5907,0.07141113,-0.0163597353
1.24712,1246,818.591248,818.5907,0.07141113,-0.0163597353
1.24833,1247,818.591248,818.5907,0.07141113,0
1.24835,1248,818.591248,818.5907,0.07141113,0
1.25017,1249,818.591248,818.5907,0.07141113,-0.0163597353
1.25200,1250,818.591248,818.5907,0.07141113,-0.0163597353
1.25203,1251,818.591248,818.5907,0.07141113,-0.0163597353
1.25324,1252,818.591248,818.5907,0.07141113,-0.0163597353
1.25512,1253,818.591248,818.5907,0.07141113,0
1.25516,1254,818.591248,818.5907,0.07141113,0
1.25632,1255,818.591248,818.5907,0.07141113,0
1.25634,1256,818.591248,818.5907,0.07141113,0
1.25816,1257,818.591248,818.5907,0.07141113,0
1.26000,1258,818.591248,818.5907,0.07141113,0
1.26003,1259,818.591248,818.5907,0.07141113,0
1.26124,1260,818.591248,818.5907,0.07141113,0
1.26312,1261,818.591248,818.5907,0.07141113,0
1.26314,1262,818.591248,818.5907,0.07141113,0
1.26432,1263,818.591248,818.5907,0.07141113,0
1.26434,1264,818.591248,818.5907,0.07141113,0
1.26619,1265,818.591248,818.5907,0.07141113,0
1.26799,1266,818.591248,818.5907,0.07141113,0
1.26802,1267,818.591248,818.5907,0.07141113,0
1.26924,1268,818.591248,818.5907,0.07141113,0
1.27111,1269,818.591248,818.5907,0.07141113,0
1.27114,1270,818.591248,818.5907,0.07141113,0
1.27231,1271,818.591248,818.5907,0.07141113,0
1.27233,1272,818.591248,818.5907,0.07141113,0
1.27419,1273,818.591248,818.5907,0.07141113,0
1.27600,1274,818.591248,818.5907,0.07141113,0
1.27602,1275,818.591248,818.5907,0.07141113,0
1.27742,1276,818.591248,818.5907,0.07141113,0
1.27908,1277,818.591248,818.5907,0.07141113,0
1.27912,1278,818.591248,818.5907,0.07141113,0
1.28036,1279,818.591248,818.5907,0.07141113,0
1.28039,1280,818.591248,818.5907,0.07141113,0
1.28219,1281,818.591248,818.5907,0.07141113,0
1.28400,1282,818.591248,818.5907,0.07141113,0
1.28404,1283,818.591248,818.5907,0.07141113,0
1.28522,1284,818.591248,818.5907,0.07141113,0
1.28708,1285,818.591248,818.5907,0.07141113,0
1.28710,1286,818.591248,818.5907,0.07141113,0
1.28834,1287,818.591248,818.5907,0.07141113,0
1.28836,1288,818.591248,818.5907,0.07141113,0
1.29016,1289,818.591248,818.5907,0.07141113,0
1.29201,1290,818.591248,818.5907,0.07141113,0
1.29205,1291,818.591248,818.5907,0.07141113,0
1.29323,1292,818.591248,818.5907,0.07141113,0
1.29509,1293,818.591248,818.5907,0.07141113,0
1.29511,1294,818.591248,818.5907,0.07141113,0
1.29633,1295,818.591248,818.5907,0.07141113,0
1.29636,1296,818.591248,818.5907,0.07141113,0
1.29819,1297,818.591248,818.5907,0.07141113,0
1.29997,1298,818.591248,818.5907,0.07141113,0
1.29999,1299,818.591248,818.5907,0.07141113,0
1.30125,1300,818.591248,818.5907,0.07141113,0
1.30308,1301,818.591248,818.5907,0.07141113,0
1.30311,1302,818.591248,818.5907,0.07141113,0
1.30432,1303,818.591248,818.5907,0.07141113,0
1.30433,1304,818.591248,818.5907,0.07141113,0
1.30617,1305,818.591248,818.5907,0.07141113,0
1.30799,1306,818.591248,818.5907,0.07141113,0
1.30802,1307,818.591248,818.5907,0.07141113,0
1.30923,1308,818.591248,818.5907,0.07141113,0
1.31108,1309,818.591248,818.5907,0.07141113,0
1.31110,1310,818.591248,818.5907,0.07141113,0
1.31232,1311,818.591248,818.5907,0.07141113,0
1.31234,1312,818.591248,818.5907,0.07141113,0
1.31418,1313,818.591248,818.5907,0.07141113,0
1.31597,1314,818.591248,818.5907,0.07141113,0
1.31599,1315,818.591248,818.5907,0.07141113,0
1.31723,1316,818.591248,818.5907,0.07141113,0
1.31909,1317,818.591248,818.5907,0.07141113,0
1.31913,1318,818.591248,818.5907,0.07141113,0
1.32033,1319,818.591248,818.5907,0.07141113,0
1.32035,1320,818.591248,818.5907,0.07141113,0
1.32217,1321,818.591248,818.5907,0.07141113,0
1.32397,1322,818.591248,818.5907,0.07141113,0
1.32398,1323,818.591248,818.5907,0.07141113,0
1.32525,1324,818.591248,818.5907,0.07141113,0
1.32732,1325,818.591248,818.5907,0.07141113,0
1.32735,1326,818.591248,818.5907,0.07141113,0
1.32832,1327,818.591248,818.5907,0.07141113,0
1.32834,1328,818.591248,818.5907,0.07141113,0
1.33020,1329,818.591248,818.5907,0.07141113,0
1.33197,1330,818.591248,818.5907,0.07141113,0
1.33200,1331,818.591248,818.5907,0.07141113,0
1.33323,1332,818.591248,818.5907,0.07141113,0
1.33507,1333,818.591248,818.5907,0.07141113,0
1.33510,1334,818.591248,818.5907,0.07141113,0
1.33632,1335,818.591248,818.5907,0.07141113,0
1.33634,1336,818.591248,818.5907,0.07141113,0
1.33818,1337,818.591248,818.5907,0.07141113,0
1.33998,1338,818.591248,818.5907,0.07141113,0
1.34002,1339,818.591248,818.5907,0.07141113,0
1.34123,1340,818.591248,818.5907,0.07141113,0
1.34309,1341,818.591248,818.5907,0.07141113,0
1.34311,1342,818.591248,818.5907,0.07141113,0
1.34433,1343,818.591248,818.5907,0.07141113,0
1.34436,1344,818.591248,818.5907,0.07141113,0
1.34619,1345,818.591248,818.5907,0.07141113,0
1.34796,1346,818.591248,818.5907,0.07141113,0.0109064905
1.34797,1347,818.591248,818.5908,-0.0604248047,0.0109064905
1.34923,1348,818.591248,818.5908,0.0555419922,0.0109064905
1.35107,1349,818.591248,818.5908,0.0555419922,0.0109064905
1.35110,1350,818.591248,818.5909,-0.0103759766,0.0109064905
1.35231,1351,818.591248,818.5909,0.0476074219,0.0109064905
1.35233,1352,818.591248,818.5909,0.0476074219,0.0109064905
1.35421,1353,818.591248,818.5909,0.0476074219,0
1.35597,1354,818.591248,818.5908,0.113525391,0
1.35599,1355,818.591248,818.5908,0.0555419922,-0.0163597353
1.35724,1356,818.591248,818.5908,0.0555419922,-0.0272662267
1.35906,1357,818.591248,818.5908,0.0555419922,-0.0163597353
1.35909,1358,818.591248,818.5908,0.0555419922,-0.0163597353
1.36062,1359,818.591248,818.5908,0.0555419922,-0.0163597353
1.36065,1360,818.591248,818.5908,0.0555419922,0
1.36219,1361,818.591248,818.5908,0.0555419922,0
1.36396,1362,818.591248,818.5908,0.0555419922,0
1.36399,1363,818.591248,818.5908,0.0555419922,0
1.36522,1364,818.591248,818.5908,0.0555419922,0
1.36705,1365,818.591248,818.5908,0.0555419922,0
1.36708,1366,818.591248,818.5908,0.0555419922,0
1.36832,1367,818.591248,818.5908,0.0555419922,0
1.36834,1368,818.591248,818.5908,0.0555419922,0
1.37018,1369,818.591248,818.5908,0.0555419922,0
1.37197,1370,818.591248,818.5908,0.0555419922,0
1.37200,1371,818.591248,818.5908,0.0555419922,0
1.37327,1372,818.591248,818.5908,0.0555419922,0
1.37506,1373,818.591248,818.5908,0.0555419922,0
1.37508,1374,818.591248,818.5908,0.0555419922,0
1.37631,1375,818.591248,818.5908,0.0555419922,0
1.37632,1376,818.591248,818.5908,0.0555419922,0
1.37816,1377,818.591248,818.5908,0.0555419922,0
1.37998,1378,818.591248,818.5908,0.0555419922,0
1.38001,1379,818.591248,818.5908,0.0555419922,0
1.38123,1380,818.591248,818.5908,0.0555419922,0
1.38306,1381,818.591248,818.5908,0.0555419922,0
1.38308,1382,818.591248,818.5908,0.0555419922,0
1.38433,1383,818.591248,818.5908,0.0555419922,0
1.38436,1384,818.591248,818.5908,0.0555419922,0
1.38619,1385,818.591248,818.5908,0.0555419922,0
1.38797,1386,818.591248,818.5908,0.0555419922,0
1.38798,1387,818.591248,818.5908,0.0555419922,0
1.38924,1388,818.591248,818.5908,0.0555419922,0
1.39107,1389,818.591248,818.5908,0.0555419922,0
1.39110,1390,818.591248,818.5908,0.0555419922,0
1.39231,1391,818.591248,818.5908,0.0555419922,0
1.39232,1392,818.591248,818.5908,0.0555419922,0
1.39416,1393,818.591248,818.5908,0.0555419922,0
1.39598,1394,818.591248,818.5908,0.0555419922,0
1.39600,1395,818.591248,818.5908,0.0555419922,0
1.39725,1396,818.591248,818.5908,0.0555419922,0
1.39909,1397,818.591248,818.5908,0.0555419922,0
1.39911,1398,818.591248,818.5908,0.0555419922,0
1.40032,1399,818.591248,818.5908,0.0555419922,0
1.40033,1400,818.591248,818.5908,0.0555419922,0
1.40214,1401,818.591248,818.5908,0.0555419922,0
1.40396,1402,818.591248,818.5908,0.0555419922,0
1.40397,1403,818.591248,818.5908,0.0555419922,0
1.40529,1404,818.591248,818.5908,0.0555419922,0
1.40709,1405,818.591248,818.5908,0.0555419922,0
1.40711,1406,818.591248,818.5908,0.0555419922,0
1.40831,1407,818.591248,818.5908,0.0555419922,0
1.40833,1408,818.591248,818.5908,0.0555419922,0
1.41015,1409,818.591248,818.5908,0.0555419922,0
1.41198,1410,818.591248,818.5908,0.0555419922,0
1.41200,1411,818.591248,818.5908,0.0555419922,0
1.41328,1412,818.591248,818.5908,0.0555419922,0
1.41506,1413,818.591248,818.5908,0.0555419922,0
1.41507,1414,818.591248,818.5908,0.0555419922,0
1.41633,1415,818.591248,818.5908,0.0555419922,0
1.41639,1416,818.591248,818.5908,0.0555419922,0
1.41814,1417,818.591248,818.5908,0.0555419922,0
1.41999,1418,818.591248,818.5908,0.0555419922,0
1.42001,1419,818.591248,818.5908,0.0555419922,0
1.42125,1420,818.591248,818.5908,0.0555419922,0
1.42308,1421,818.591248,818.5908,0.0555419922,0
1.42311,1422,818.591248,818.5908,0.0555419922,0
1.42432,1423,818.591248,818.5908,0.0555419922,0
1.42433,1424,818.591248,818.5908,0.0555419922,0
1.42614,1425,818.591248,818.5908,0.0555419922,0
1.42797,1426,818.591248,818.5908,0.0555419922,0
1.42799,1427,818.591248,818.5908,0.0555419922,0
1.42924,1428,818.591248,818.5908,0.0555419922,0
1.43105,1429,818.591248,818.5908,0.0555419922,0
1.43107,1430,818.591248,818.5908,0.0555419922,0
1.43231,1431,818.591248,818.5908,0.0555419922,0
1.43234,1432,818.591248,818.5908,0.0555419922,0
1.43414,1433,818.591248,818.5908,0.0555419922,0
1.43599,1434,818.591248,818.5908,0.0555419922,0
1.43600,1435,818.591248,818.5908,0.0555419922,0
1.43724,1436,818.591248,818.5908,0.0555419922,0
1.43908,1437,818.591248,818.5908,0.0555419922,0
1.43911,1438,818.591248,818.5908,0.0555419922,0
1.44033,1439,818.591248,818.5908,0.0555419922,0
1.44035,1440,818.591248,818.5908,0.0555419922,0
1.44215,1441,818.591248,818.5908,0.0555419922,0
1.44398,1442,818.591248,818.5908,0.0555419922,0
1.44399,1443,818.591248,818.5908,0.0555419922,0
1.44526,1444,818.591248,818.5908,0.0555419922,0
1.44705,1445,818.591248,818.5908,0.0555419922,0
1.44708,1446,818.591248,818.5908,0.0555419922,0
1.44833,1447,818.591248,818.5908,0.0555419922,0
1.44836,1448,818.591248,818.5908,0.0555419922,0
1.45015,1449,818.591248,818.5908,0.0555419922,0
1.45202,1450,818.591248,818.5908,0.0555419922,0
1.45205,1451,818.591248,818.5908,0.0555419922,0
1.45324,1452,818.591248,818.5908,0.0555419922,0
1.45506,1453,818.591248,818.5908,0.0555419922,0
1.45509,1454,818.591248,818.5908,0.0555419922,0
1.45632,1455,818.591248,818.5908,0.0555419922,0
1.45633,1456,818.591248,818.5908,0.0555419922,0
1.45817,1457,818.591248,818.5908,0.0555419922,0
1.45996,1458,818.591248,818.5908,0.0555419922,0
1.45998,1459,818.591248,818.5908,0.0555419922,0
1.46126,1460,818.591248,818.5908,0.0555419922,0
1.46306,1461,818.591248,818.5908,0.0555419922,0
1.46308,1462,818.591248,818.5908,0.0555419922,0
1.46431,1463,818.591248,818.5908,0.0555419922,0
1.46433,1464,818.591248,818.5908,0.0555419922,0
1.46616,1465,818.591248,818.5908,0.0555419922,0
1.46800,1466,818.591248,818.5908,0.0555419922,0
1.46802,1467,818.591248,818.5908,0.0555419922,0
1.46926,1468,818.591248,818.5908,0.0555419922,0
1.47107,1469,818.591248,818.5908,0.0555419922,0
1.47109,1470,818.591248,818.5908,0.0555419922,0
1.47234,1471,818.591248,818.5908,0.0555419922,0
1.47237,1472,818.591248,818.5908,0.0555419922,0
1.47416,1473,818.591248,818.5908,0.0555419922,0
1.47600,1474,818.591248,818.5908,0.0555419922,0
1.47603,1475,818.591248,818.5908,0.0555419922,0
1.47741,1476,818.591248,818.5908,0.0555419922,0
1.47907,1477,818.591248,818.5908,0.0555419922,0
1.47908,1478,818.591248,818.5908,0.0555419922,0
1.48033,1479,818.591248,818.5908,0.0555419922,0
1.48035,1480,818.591248,818.5908,0.0555419922,0
1.48215,1481,818.591248,818.5908,0.0555419922,0
1.48398,1482,818.591248,818.5908,0.0555419922,0
1.48399,1483,818.591248,818.5908,0.0555419922,0
1.48524,1484,818.591248,818.5908,0.0555419922,0
1.48706,1485,818.591248,818.5908,0.0555419922,0
1.48708,1486,818.591248,818.5908,0.0555419922,0
1.48832,1487,818.591248,818.5908,0.0555419922,0
1.48834,1488,818.591248,818.5908,0.0555419922,0
1.49015,1489,818.591248,818.5908,0.0555419922,0
1.49199,1490,818.591248,818.5908,0.0555419922,0
1.49202,1491,818.591248,818.5908,0.0555419922,0
1.49322,1492,818.591248,818.5908,0.0555419922,0
1.49516,1493,818.591248,818.5908,0.0555419922,0
1.49524,1494,818.591248,818.5908,0.0555419922,0
1.49639,1495,818.591248,818.5908,0.0555419922,0
1.49643,1496,818.591248,818.5908,0.0555419922,0
1.49816,1497,818.591248,818.5908,0.0555419922,0
1.49998,1498,818.591248,818.5908,0.0555419922,0
1.50002,1499,818.591248,818.5908,0.0555419922,0
1.50123,1500,818.591248,818.5908,0.0555419922,0
1.50307,1501,818.591248,818.5908,0.0555419922,0
1.50308,1502,818.591248,818.5908,0.0555419922,0
1.50432,1503,818.591248,818.5908,0.0555419922,0
1.50435,1504,818.591248,818.5908,0.0555419922,0
1.50616,1505,818.591248,818.5908,0.0555419922,0
1.50798,1506,818.591248,818.5908,0.0555419922,0
1.50801,1507,818.591248,818.5908,0.0555419922,0
1.50923,1508,818.591248,818.5908,0.0555419922,0
1.51107,1509,818.591248,818.5908,0.0555419922,0
1.51109,1510,818.591248,818.5908,0.0555419922,0
1.51232,1511,818.591248,818.5908,0.0555419922,0
1.51235,1512,818.591248,818.5908,0.0555419922,0
1.51417,1513,818.591248,818.5908,0.0555419922,0
1.51602,1514,818.591248,818.5908,0.0555419922,0
1.51605,1515,818.591248,818.5908,0.0555419922,0
1.51725,1516,818.591248,818.5908,0.0555419922,0
1.51908,1517,818.591248,818.5908,0.0555419922,0
1.51912,1518,818.591248,818.5908,0.0555419922,0
1.52031,1519,818.591248,818.5908,0.0555419922,0
1.52032,1520,818.591248,818.5908,0.0555419922,0
1.52214,1521,818.591248,818.5908,0.0555419922,0
1.52400,1522,818.591248,818.5908,0.0555419922,0
1.52402,1523,818.591248,818.5908,0.0555419922,0
1.52523,1524,818.591248,818.5908,0.0555419922,0
1.52720,1525,818.591248,818.5908,0.0555419922,0
1.52721,1526,818.591248,818.5908,0.0555419922,0
1.52835,1527,818.591248,818.5908,0.0555419922,0
1.52838,1528,818.591248,818.5908,0.0555419922,0
1.53019,1529,818.591248,818.5908,0.0555419922,0
1.53198,1530,818.591248,818.5908,0.0555419922,0
1.53199,1531,818.591248,818.5908,0.0555419922,0
1.53324,1532,818.591248,818.5908,0.0555419922,0
1.53506,1533,818.591248,818.5908,0.0555419922,0
1.53508,1534,818.591248,818.5908,0.0555419922,0
1.53633,1535,818.591248,818.5908,0.0555419922,0
1.53635,1536,818.591248,818.5908,0.0555419922,0
1.53815,1537,818.591248,818.5908,0.0555419922,0
1.54000,1538,818.591248,818.5908,0.0555419922,0
1.54002,1539,818.591248,818.5908,0.0555419922,0
1.54122,1540,818.591248,818.5908,0.0555419922,0
1.54307,1541,818.591248,818.5908,0.0555419922,0
1.54308,1542,818.591248,818.5908,0.0555419922,0
1.54433,1543,818.591248,818.5908,0.0555419922,0
1.54436,1544,818.591248,818.5908,0.0555419922,0
1.54615,1545,818.591248,818.5908,0.0555419922,0
1.54799,1546,818.591248,818.5908,0.0555419922,0
1.54802,1547,818.591248,818.5908,0.0555419922,0
1.54922,1548,818.591248,818.5908,0.0555419922,0
1.55108,1549,818.591248,818.5908,0.0555419922,0
1.55112,1550,818.591248,818.5908,0.0555419922,0
1.55231,1551,818.591248,818.5908,0.0555419922,0
1.55233,1552,818.591248,818.5908,0.0555419922,0
1.55414,1553,818.591248,818.5908,0.0555419922,0
1.55602,1554,818.591248,818.5908,0.0555419922,0
1.55604,1555,818.591248,818.5908,0.0555419922,0
1.55723,1556,818.591248,818.5908,0.0555419922,0
1.55905,1557,818.591248,818.5908,0.0555419922,0
1.55907,1558,818.591248,818.5908,0.0555419922,0
1.56063,1559,818.591248,818.5908,0.0555419922,0
1.56069,1560,818.591248,818.5908,0.0555419922,0
1.56219,1561,818.591248,818.5908,0.0555419922,0
1.56400,1562,818.591248,818.5908,0.0555419922,0
1.56405,1563,818.591248,818.5908,0.0555419922,0
1.56524,1564,818.591248,818.5909,-0.0103759766,0
1.56709,1565,818.591248,818.5909,0.0476074219,0
1.56711,1566,818.591248,818.5909,0.0476074219,0
1.56831,1567,818.591248,818.5909,0.0476074219,0.0109064905
1.56833,1568,818.591248,818.5909,0.0476074219,0.0109064905
1.57014,1569,818.591248,818.5909,0.0476074219,0.0109064905
1.57196,1570,818.591248,818.5909,0.0476074219,0.0109064905
1.57199,1571,818.591248,818.5909,0.0476074219,0.0109064905
1.57323,1572,818.591248,818.5909,0.0476074219,0.0109064905
1.57507,1573,818.591248,818.5909,0.0476074219,0.0109064905
1.57509,1574,818.591248,818.5909,0.0476074219,0
1.57632,1575,818.591248,818.5909,0.0476074219,0
1.57633,1576,818.591248,818.5909,0.0476074219,-0.0163597353
1.57817,1577,818.591248,818.5909,0.0476074219,-0.0163597353
1.58003,1578,818.591248,818.5909,0.0476074219,0
1.58009,1579,818.591248,818.5909,0.0476074219,0
1.58123,1580,818.591248,818.5909,0.0476074219,0
1.58308,1581,818.591248,818.5909,0.0476074219,-0.0163597353
1.58311,1582,818.591248,818.5909,0.0476074219,-0.0163597353
1.58430,1583,818.591248,818.5909,0.0476074219,-0.0163597353
1.58431,1584,818.591248,818.5909,0.0476074219,-0.0163597353
1.58614,1585,818.591248,818.5909,0.0476074219,0
1.58800,1586,818.591248,818.5909,0.0476074219,0
1.58802,1587,818.591248,818.5909,0.0476074219,0
1.58922,1588,818.591248,818.5909,0.0476074219,0
1.59107,1589,818.591248,818.5909,0.0476074219,0
1.59110,1590,818.591248,818.5909,0.0476074219,0
1.59234,1591,818.591248,818.5909,0.0476074219,0
1.59235,1592,818.591248,818.5909,0.0476074219,0
1.59417,1593,818.591248,818.5909,0.0476074219,0
1.59601,1594,818.591248,818.5909,0.0476074219,0
1.59604,1595,818.591248,818.5909,0.0476074219,0
1.59724,1596,818.591248,818.5909,0.0476074219,0
1.59910,1597,818.591248,818.5909,0.0476074219,0
1.59916,1598,818.591248,818.5909,0.0476074219,0
1.60031,1599,818.591248,818.5909,0.0476074219,0
1.60035,1600,818.591248,818.5909,0.0476074219,0
1.60216,1601,818.591248,818.5909,0.0476074219,0
1.60399,1602,818.591248,818.5909,0.0476074219,0
1.60401,1603,818.591248,818.5909,0.0476074219,0
1.60523,1604,818.591248,818.5909,0.0476074219,0
1.60710,1605,818.591248,818.5909,0.0476074219,0
1.60713,1606,818.591248,818.5909,0.0476074219,0
1.60831,1607,818.591248,818.5909,0.0476074219,0
1.60833,1608,818.591248,818.5909,0.0476074219,0
1.61017,1609,818.591248,818.5909,0.0476074219,0
1.61199,1610,818.591248,818.5909,0.0476074219,0
1.61202,1611,818.591248,818.5909,0.0476074219,0
1.61324,1612,818.591248,818.5909,0.0476074219,0
1.61509,1613,818.591248,818.5909,0.0476074219,0
1.61513,1614,818.591248,818.5909,0.0476074219,0
1.61631,1615,818.591248,818.5909,0.0476074219,0
1.61633,1616,818.591248,818.5909,0.0476074219,0
1.61818,1617,818.591248,818.5909,0.0476074219,0
1.62000,1618,818.591248,818.5909,0.0476074219,0
1.62003,1619,818.591248,818.5909,0.0476074219,0
1.62122,1620,818.591248,818.5909,0.0476074219,0
1.62310,1621,818.591248,818.5909,0.0476074219,0
1.62313,1622,818.591248,818.5909,0.0476074219,0
1.62433,1623,818.591248,818.5909,0.0476074219,0
1.62434,1624,818.591248,818.5909,0.0476074219,0
1.62616,1625,818.591248,818.5909,0.0476074219,0
1.62800,1626,818.591248,818.5909,0.0476074219,0
1.62802,1627,818.591248,818.5909,0.0476074219,0
1.62924,1628,818.591248,818.5909,0.0476074219,0
1.63110,1629,818.591248,818.5909,0.0476074219,0
1.63112,1630,818.591248,818.5909,0.0476074219,0
1.63231,1631,818.591248,818.5909,0.0476074219,0
1.63233,1632,818.591248,818.5909,0.0476074219,0
1.63417,1633,818.591248,818.5909,0.0476074219,0
1.63601,1634,818.591248,818.5909,0.0476074219,0
1.63604,1635,818.591248,818.5909,0.0476074219,0
1.63723,1636,818.591248,818.5909,0.0476074219,0
1.63907,1637,818.591248,818.5909,0.0476074219,0
1.63911,1638,818.591248,818.5909,0.0476074219,0
1.64034,1639,818.591248,818.5909,0.0476074219,0
1.64037,1640,818.591248,818.5909,0.0476074219,0
1.64215,1641,818.591248,818.5909,0.0476074219,0
1.64406,1642,818.591248,818.5909,0.0476074219,0
1.64412,1643,818.591248,818.5909,0.0476074219,0
1.64526,1644,818.591248,818.5909,0.0476074219,0
1.64712,1645,818.591248,818.590942,-0.0183105469,0.0109064905
1.64716,1646,818.591248,818.590942,0.03967285,0.0109064905
1.64832,1647,818.591248,818.590942,0.03967285,0.0109064905
1.64834,1648,818.591248,818.591,-0.0262451172,0.0109064905
1.65019,1649,818.591248,818.591,0.03173828,0.0109064905
1.65198,1650,818.591248,818.591,0.03173828,0.0109064905
1.65200,1651,818.591248,818.591,0.03173828,0.0109064905
1.65323,1652,818.591248,818.590942,0.09765625,0.0109064905
1.65506,1653,818.591248,818.590942,0.03967285,-0.0163597353
1.65507,1654,818.591248,818.590942,0.03967285,-0.0163597353
1.65631,1655,818.591248,818.590942,0.03967285,-0.0272662267
1.65632,1656,818.591248,818.590942,0.03967285,-0.0272662267
1.65814,1657,818.591248,818.590942,0.03967285,-0.0163597353
1.65998,1658,818.591248,818.5909,0.10559082,-0.0163597353
1.66000,1659,818.591248,818.5909,0.0476074219,-0.0163597353
1.66126,1660,818.591248,818.5909,0.0476074219,-0.0163597353
1.66307,1661,818.591248,818.5909,0.0476074219,-0.0163597353
1.66310,1662,818.591248,818.5909,0.0476074219,-0.0163597353
1.66433,1663,818.591248,818.5909,0.0476074219,0
1.66436,1664,818.591248,818.5909,0.0476074219,0
1.66618,1665,818.591248,818.5909,0.0476074219,0
1.66798,1666,818.591248,818.5909,0.0476074219,0
1.66801,1667,818.591248,818.5909,0.0476074219,0
1.66924,1668,818.591248,818.5909,0.0476074219,0
1.67110,1669,818.591248,818.591,-0.0842285156,0
1.67113,1670,818.591248,818.591,0.03173828,0.0109064905
1.67232,1671,818.591248,818.591,0.03173828,0.0109064905
1.67235,1672,818.591248,818.591,0.03173828,0.0109064905
1.67416,1673,818.591248,818.591,0.03173828,0.0109064905
1.67600,1674,818.591248,818.591,0.03173828,0
1.67604,1675,818.591248,818.591,0.03173828,0
1.67736,1676,818.591248,818.591,0.03173828,0
1.67908,1677,818.591248,818.591,0.03173828,0
1.67912,1678,818.591248,818.591,0.03173828,0
1.68034,1679,818.591248,818.591,0.03173828,0
1.68036,1680,818.591248,818.590942,0.09765625,0
1.68217,1681,818.591248,818.590942,0.03967285,-0.0163597353
1.68399,1682,818.591248,818.590942,0.03967285,-0.0163597353
1.68402,1683,818.591248,818.590942,0.03967285,-0.0163597353
1.68523,1684,818.591248,818.590942,0.03967285,-0.0163597353
1.68709,1685,818.591248,818.590942,0.03967285,0
1.68711,1686,818.591248,818.590942,0.03967285,0
1.68832,1687,818.591248,818.590942,0.03967285,0
1.68834,1688,818.591248,818.590942,0.03967285,0
1.69016,1689,818.591248,818.590942,0.03967285,0
1.69200,1690,818.591248,818.590942,0.03967285,0
1.69202,1691,818.591248,818.590942,0.03967285,0
1.69323,1692,818.591248,818.591,-0.0262451172,0
1.69508,1693,818.591248,818.591,0.03173828,0
1.69510,1694,818.591248,818.591,0.03173828,0
1.69635,1695,818.591248,818.591,0.03173828,0
1.69637,1696,818.591248,818.591,0.03173828,0
1.69816,1697,818.591248,818.591,0.03173828,0
1.69999,1698,818.591248,818.591,0.03173828,0
1.70002,1699,818.591248,818.591,0.03173828,0
1.70122,1700,818.591248,818.591,0.03173828,0
1.70307,1701,818.591248,818.591,0.03173828,0
1.70309,1702,818.591248,818.591,0.03173828,0
1.70435,1703,818.591248,818.591,0.03173828,0
1.70439,1704,818.591248,818.591,0.03173828,0
1.70620,1705,818.591248,818.591,0.03173828,0
1.70798,1706,818.591248,818.591,0.03173828,0
1.70801,1707,818.591248,818.591,0.03173828,0
1.70922,1708,818.591248,818.591,0.03173828,0
1.71108,1709,818.591248,818.591,0.03173828,0
1.71112,1710,818.591248,818.591,0.03173828,0
1.71236,1711,818.591248,818.591,0.03173828,0
1.71239,1712,818.591248,818.591,0.03173828,0
1.71415,1713,818.591248,818.591,0.03173828,0
1.71599,1714,818.591248,818.591,0.03173828,0
1.71601,1715,818.591248,818.591,0.03173828,0
1.71727,1716,818.591248,818.591,0.03173828,0
1.71912,1717,818.591248,818.591,0.03173828,0
1.71914,1718,818.591248,818.591,0.03173828,0
1.72035,1719,818.591248,818.591,0.03173828,0
1.72037,1720,818.591248,818.591,0.03173828,0
1.72222,1721,818.591248,818.591,0.03173828,0
1.72399,1722,818.591248,818.591,0.03173828,0
1.72404,1723,818.591248,818.591,0.03173828,0
1.72525,1724,818.591248,818.591,0.03173828,0
1.72737,1725,818.591248,818.591,0.03173828,0
1.72750,1726,818.591248,818.591,0.03173828,0
1.72834,1727,818.591248,818.591,0.03173828,0
1.72835,1728,818.591248,818.591,0.03173828,0
1.73020,1729,818.591248,818.591,0.03173828,0
1.73201,1730,818.591248,818.591,0.03173828,0
1.73204,1731,818.591248,818.591,0.03173828,0
1.73327,1732,818.591248,818.591,0.03173828,0
1.73512,1733,818.591248,818.591,0.03173828,0
1.73516,1734,818.591248,818.591,0.03173828,0
1.73633,1735,818.591248,818.591,0.03173828,0
1.73635,1736,818.591248,818.591,0.03173828,0
1.73816,1737,818.591248,818.591,0.03173828,0
1.74003,1738,818.591248,818.591,0.03173828,0
1.74006,1739,818.591248,818.591,0.03173828,0
1.74125,1740,818.591248,818.591,0.03173828,0
1.74309,1741,818.591248,818.591,0.03173828,0
1.74312,1742,818.591248,818.591,0.03173828,0
1.74433,1743,818.591248,818.591,0.03173828,0
1.74435,1744,818.591248,818.591,0.03173828,0
1.74619,1745,818.591248,818.591,0.03173828,0
1.74799,1746,818.591248,818.591,0.03173828,0
1.74801,1747,818.591248,818.591,0.03173828,0
1.74925,1748,818.591248,818.591,0.03173828,0
1.75111,1749,818.591248,818.591,0.03173828,0
1.75116,1750,818.591248,818.591,0.03173828,0
1.75235,1751,818.591248,818.591,0.03173828,0
1.75237,1752,818.591248,818.591,0.03173828,0
1.75417,1753,818.591248,818.591,0.03173828,0
1.75598,1754,818.591248,818.591,0.03173828,0
1.75601,1755,818.591248,818.591,0.03173828,0
1.75724,1756,818.591248,818.591,0.03173828,0
1.75908,1757,818.591248,818.591,0.03173828,0
1.75913,1758,818.591248,818.591,0.03173828,0
1.76063,1759,818.591248,818.591,0.03173828,0
1.76069,1760,818.591248,818.591,0.03173828,0
1.76217,1761,818.591248,818.591,0.03173828,0
1.76402,1762,818.591248,818.591,0.03173828,0
1.76404,1763,818.591248,818.591,0.03173828,0
1.76525,1764,818.591248,818.591,0.03173828,0
1.76709,1765,818.591248,818.591,0.03173828,0
1.76712,1766,818.591248,818.591,0.03173828,0
1.76835,1767,818.591248,818.591,0.03173828,0
1.76837,1768,818.591248,818.591,0.03173828,0
1.77017,1769,818.591248,818.591,0.03173828,0
1.77199,1770,818.591248,818.591,0.03173828,0
1.77203,1771,818.591248,818.591,0.03173828,0
1.77330,1772,818.591248,818.591,0.03173828,0
1.77510,1773,818.591248,818.591,0.03173828,0
1.77512,1774,818.591248,818.591,0.03173828,0
1.77633,1775,818.591248,818.591,0.03173828,0
1.77635,1776,818.591248,818.591,0.03173828,0
1.77818,1777,818.591248,818.591,0.03173828,0
1.78000,1778,818.591248,818.591,0.03173828,0
1.78004,1779,818.591248,818.591,0.03173828,0
1.78125,1780,818.591248,818.591,0.03173828,0
1.78308,1781,818.591248,818.591,0.03173828,0
1.78312,1782,818.591248,818.591,0.03173828,0
1.78435,1783,818.591248,818.591,0.03173828,0
1.78438,1784,818.591248,818.591,0.03173828,0
1.78618,1785,818.591248,818.591,0.03173828,0
1.78801,1786,818.591248,818.591,0.03173828,0
1.78804,1787,818.591248,818.591,0.03173828,0
1.78923,1788,818.591248,818.591,0.03173828,0
1.79110,1789,818.591248,818.591,0.03173828,0
1.79114,1790,818.591248,818.591,0.03173828,0
1.79232,1791,818.591248,818.591,0.03173828,0
1.79234,1792,818.591248,818.591,0.03173828,0
1.79426,1793,818.591248,818.591,0.03173828,0
1.79601,1794,818.591248,818.591,0.03173828,0
1.79604,1795,818.591248,818.591,0.03173828,0
1.79726,1796,818.591248,818.591,0.03173828,0
1.79910,1797,818.591248,818.591,0.03173828,0
1.79914,1798,818.591248,818.591,0.03173828,0
1.80042,1799,818.591248,818.591,0.03173828,0
1.80044,1800,818.591248,818.591,0.03173828,0
1.80220,1801,818.591248,818.591,0.03173828,0
1.80399,1802,818.591248,818.591,0.03173828,0
1.80403,1803,818.591248,818.591,0.03173828,0
1.80526,1804,818.591248,818.591,0.03173828,0
1.80710,1805,818.591248,818.591,0.03173828,0
1.80714,1806,818.591248,818.591,0.03173828,0
1.80832,1807,818.591248,818.591,0.03173828,0
1.80834,1808,818.591248,818.591,0.03173828,0
1.81016,1809,818.591248,818.591,0.03173828,0
1.81200,1810,818.591248,818.591,0.03173828,0
1.81203,1811,818.591248,818.591,0.03173828,0
1.81327,1812,818.591248,818.591,0.03173828,0
1.81507,1813,818.591248,818.591,0.03173828,0
1.81511,1814,818.591248,818.591,0.03173828,0
1.81635,1815,818.591248,818.591,0.03173828,0
1.81637,1816,818.591248,818.591,0.03173828,0
1.81817,1817,818.591248,818.591,0.03173828,0
1.81999,1818,818.591248,818.591,0.03173828,0
1.82001,1819,818.591248,818.591,0.03173828,0
1.82125,1820,818.591248,818.591,0.03173828,0
1.82314,1821,818.591248,818.591,0.03173828,0
1.82319,1822,818.591248,818.591,0.03173828,0
1.82437,1823,818.591248,818.591,0.03173828,0
1.82440,1824,818.591248,818.591,0.03173828,0
1.82618,1825,818.591248,818.591,0.03173828,0
1.82801,1826,818.591248,818.591,0.03173828,0
1.82806,1827,818.591248,818.591,0.03173828,0
1.82927,1828,818.591248,818.591,0.03173828,0
1.83129,1829,818.591248,818.591,0.03173828,0
1.83132,1830,818.591248,818.591,0.03173828,0
1.83236,1831,818.591248,818.591,0.03173828,0
1.83238,1832,818.591248,818.591,0.03173828,0
1.83419,1833,818.591248,818.591,0.03173828,0
1.83600,1834,818.591248,818.591,0.03173828,0
1.83605,1835,818.591248,818.591,0.03173828,0
1.83724,1836,818.591248,818.591,0.03173828,0
1.83912,1837,818.591248,818.591,0.03173828,0
1.83915,1838,818.591248,818.591,0.03173828,0
1.84033,1839,818.591248,818.591,0.03173828,0
1.84036,1840,818.591248,818.591,0.03173828,0
1.84216,1841,818.591248,818.591,0.03173828,0
1.84399,1842,818.591248,818.591,0.03173828,0
1.84401,1843,818.591248,818.591,0.03173828,0
1.84526,1844,818.591248,818.591,0.03173828,0
1.84711,1845,818.591248,818.591,0.03173828,0
1.84715,1846,818.591248,818.591,0.03173828,0
1.84837,1847,818.591248,818.591,0.03173828,0
1.84841,1848,818.591248,818.591,0.03173828,0
1.85025,1849,818.591248,818.591,0.03173828,0
1.85201,1850,818.591248,818.591,0.03173828,0
1.85204,1851,818.591248,818.591,0.03173828,0
1.85325,1852,818.591248,818.591,0.03173828,0
1.85511,1853,818.591248,818.591,0.03173828,0
1.85514,1854,818.591248,818.591,0.03173828,0
1.85632,1855,818.591248,818.591,0.03173828,0
1.85638,1856,818.591248,818.591,0.03173828,0
1.85819,1857,818.591248,818.591,0.03173828,0
1.85999,1858,818.591248,818.591,0.03173828,0
1.86002,1859,818.591248,818.591,0.03173828,0
1.86128,1860,818.591248,818.591,0.03173828,0
1.86308,1861,818.591248,818.591,0.03173828,0
1.86313,1862,818.591248,818.591,0.03173828,0
1.86434,1863,818.591248,818.591,0.03173828,0
1.86437,1864,818.591248,818.591,0.03173828,0
1.86618,1865,818.591248,818.591,0.03173828,0
1.86798,1866,818.591248,818.591,0.03173828,0
1.86800,1867,818.591248,818.591,0.03173828,0
1.86923,1868,818.591248,818.591,0.03173828,0
1.87110,1869,818.591248,818.591,0.03173828,0
1.87112,1870,818.591248,818.591,0.03173828,0
1.87234,1871,818.591248,818.591,0.03173828,0
1.87236,1872,818.591248,818.591,0.03173828,0
1.87421,1873,818.591248,818.591,0.03173828,0
1.87599,1874,818.591248,818.591,0.03173828,0
1.87601,1875,818.591248,818.591,0.03173828,0
1.87733,1876,818.591248,818.591,0.03173828,0
1.87910,1877,818.591248,818.591,0.03173828,0
1.87914,1878,818.591248,818.591,0.03173828,0
1.88040,1879,818.591248,818.591,0.03173828,0
1.88045,1880,818.591248,818.591,0.03173828,0
1.88220,1881,818.591248,818.591,0.03173828,0
1.88400,1882,818.591248,818.591,0.03173828,0
1.88404,1883,818.591248,818.591,0.03173828,0
1.88525,1884,818.591248,818.591,0.03173828,0
1.88706,1885,818.591248,818.591,0.03173828,0
1.88708,1886,818.591248,818.591,0.03173828,0
1.88832,1887,818.591248,818.591,0.03173828,0
1.88834,1888,818.591248,818.591,0.03173828,0
1.89019,1889,818.591248,818.591,0.03173828,0
1.89202,1890,818.591248,818.591,0.03173828,0
1.89205,1891,818.591248,818.591,0.03173828,0
1.89322,1892,818.591248,818.591,0.03173828,0
1.89507,1893,818.591248,818.591,0.03173828,0
1.89510,1894,818.591248,818.591,0.03173828,0
1.89634,1895,818.591248,818.591,0.03173828,0
1.89637,1896,818.591248,818.591,0.03173828,0
1.89817,1897,818.591248,818.591,0.03173828,0
1.89999,1898,818.591248,818.591,0.03173828,0
1.90003,1899,818.591248,818.591,0.03173828,0
1.90123,1900,818.591248,818.591,0.03173828,0
1.90305,1901,818.591248,818.591,0.03173828,0
1.90306,1902,818.591248,818.591,0.03173828,0
1.90431,1903,818.591248,818.591,0.03173828,0
1.90432,1904,818.591248,818.591,0.03173828,0
1.90616,1905,818.591248,818.591,0.03173828,0
1.90799,1906,818.591248,818.591,0.03173828,0
1.90802,1907,818.591248,818.591,0.03173828,0
1.90926,1908,818.591248,818.591,0.03173828,0
1.91108,1909,818.591248,818.591,0.03173828,0
1.91110,1910,818.591248,818.591,0.03173828,0
1.91233,1911,818.591248,818.591,0.03173828,0
1.91236,1912,818.591248,818.591,0.03173828,0
1.91421,1913,818.591248,818.591,0.03173828,0
1.91596,1914,818.591248,818.591,0.03173828,0
1.91598,1915,818.591248,818.591,0.03173828,0
1.91726,1916,818.591248,818.591,0.03173828,0
1.91904,1917,818.591248,818.591,0.03173828,0
1.91906,1918,818.591248,818.591,0.03173828,0
1.92031,1919,818.591248,818.591,0.03173828,0
1.92032,1920,818.591248,818.591,0.03173828,0
1.92218,1921,818.591248,818.591,0.03173828,0
1.92401,1922,818.591248,818.591,0.03173828,0
1.92404,1923,818.591248,818.591,0.03173828,0
1.92529,1924,818.591248,818.591,0.03173828,0
1.92731,1925,818.591248,818.591,0.03173828,0
1.92738,1926,818.591248,818.591,0.03173828,0
1.92833,1927,818.591248,818.591,0.03173828,0
1.92835,1928,818.591248,818.591,0.03173828,0
1.93016,1929,818.591248,818.591,0.03173828,0
1.93196,1930,818.591248,818.591,0.03173828,0
1.93197,1931,818.591248,818.591,0.03173828,0
1.93327,1932,818.591248,818.591,0.03173828,0
1.93507,1933,818.591248,818.591,0.03173828,0
1.93509,1934,818.591248,818.591,0.03173828,0
1.93631,1935,818.591248,818.591,0.03173828,0
1.93632,1936,818.591248,818.591,0.03173828,0
1.93814,1937,818.591248,818.591,0.03173828,0
1.93998,1938,818.591248,818.591,0.03173828,0
1.94001,1939,818.591248,818.591,0.03173828,0
1.94124,1940,818.591248,818.591,0.03173828,0
1.94305,1941,818.591248,818.591,0.03173828,0
1.94308,1942,818.591248,818.591,0.03173828,0
1.94431,1943,818.591248,818.591,0.03173828,0
1.94433,1944,818.591248,818.591,0.03173828,0
1.94615,1945,818.591248,818.591,0.03173828,0
1.94796,1946,818.591248,818.591,0.03173828,0
1.94798,1947,818.591248,818.591,0.03173828,0
1.94924,1948,818.591248,818.591,0.03173828,0
1.95106,1949,818.591248,818.591,0.03173828,0
1.95108,1950,818.591248,818.591,0.03173828,0
1.95236,1951,818.591248,818.591,0.03173828,0
1.95240,1952,818.591248,818.591,0.03173828,0
1.95417,1953,818.591248,818.591,0.03173828,0
1.95598,1954,818.591248,818.591,0.03173828,0
1.95601,1955,818.591248,818.591,0.03173828,0
1.95726,1956,818.591248,818.591,0.03173828,0
1.95905,1957,818.591248,818.591,0.03173828,0
1.95906,1958,818.591248,818.591,0.03173828,0
1.96065,1959,818.591248,818.591,0.03173828,0
1.96072,1960,818.591248,818.591,0.03173828,0
1.96221,1961,818.591248,818.591,0.03173828,0
1.96403,1962,818.591248,818.591,0.03173828,0
1.96405,1963,818.591248,818.591,0.03173828,0
1.96524,1964,818.591248,818.591,0.03173828,0
1.96705,1965,818.591248,818.591,0.03173828,0
1.96707,1966,818.591248,818.591,0.03173828,0
1.96834,1967,818.591248,818.591,0.03173828,0
1.96835,1968,818.591248,818.591,0.03173828,0
1.97017,1969,818.591248,818.591,0.03173828,0
1.97198,1970,818.591248,818.591,0.03173828,0
1.97200,1971,818.591248,818.591,0.03173828,0
1.97322,1972,818.591248,818.591,0.03173828,0
1.97507,1973,818.591248,818.591,0.03173828,0
1.97508,1974,818.591248,818.591,0.03173828,0
1.97633,1975,818.591248,818.591,0.03173828,0
1.97636,1976,818.591248,818.591,0.03173828,0
1.97820,1977,818.591248,818.591,0.03173828,0
1.97998,1978,818.591248,818.591,0.03173828,0
1.98000,1979,818.591248,818.591,0.03173828,0
1.98125,1980,818.591248,818.591,0.03173828,0
1.98309,1981,818.591248,818.591,0.03173828,0
1.98310,1982,818.591248,818.591,0.03173828,0
1.98435,1983,818.591248,818.591,0.03173828,0
1.98437,1984,818.591248,818.591,0.03173828,0
1.98618,1985,818.591248,818.591,0.03173828,0
1.98797,1986,818.591248,818.591,0.03173828,0
1.98798,1987,818.591248,818.591,0.03173828,0
1.98922,1988,818.591248,818.591,0.03173828,0
1.99108,1989,818.591248,818.591,0.03173828,0
1.99111,1990,818.591248,818.591,0.03173828,0
1.99234,1991,818.591248,818.591,0.03173828,0
1.99237,1992,818.591248,818.591,0.03173828,0
1.99414,1993,818.591248,818.591,0.03173828,0
1.99598,1994,818.591248,818.591,0.03173828,0
1.99600,1995,818.591248,818.591,0.03173828,0
1.99724,1996,818.591248,818.591,0.03173828,0
1.99908,1997,818.591248,818.591,0.03173828,0
1.99910,1998,818.591248,818.591,0.03173828,0
2.00034,1999,818.591248,818.591,0.03173828,0
2.00037,2000,818.591248,818.591,0.03173828,0
2.00214,2001,818.591248,818.591,0.03173828,0
2.00400,2002,818.591248,818.591,0.03173828,0
2.00402,2003,818.591248,818.591,0.03173828,0
2.00522,2004,818.591248,818.591,0.03173828,0
2.00705,2005,818.591248,818.591,0.03173828,0
2.00708,2006,818.591248,818.591,0.03173828,0
2.00834,2007,818.591248,818.591,0.03173828,0
2.00839,2008,818.591248,818.591,0.03173828,0
2.01014,2009,818.591248,818.591,0.03173828,0
2.01199,2010,818.591248,818.591,0.03173828,0
2.01200,2011,818.591248,818.591,0.03173828,0
2.01324,2012,818.591248,818.591,0.03173828,0
2.01507,2013,818.591248,818.591,0.03173828,0
2.01510,2014,818.591248,818.591,0.03173828,0
2.01632,2015,818.591248,818.591,0.03173828,0
2.01633,2016,818.591248,818.591,0.03173828,0
2.01814,2017,818.591248,818.591,0.03173828,0
2.01997,2018,818.591248,818.591,0.03173828,0
2.01999,2019,818.591248,818.591,0.03173828,0
2.02124,2020,818.591248,818.591,0.03173828,0
2.02306,2021,818.591248,818.591,0.03173828,0
2.02307,2022,818.591248,818.591,0.03173828,0
2.02432,2023,818.591248,818.591,0.03173828,0
2.02434,2024,818.591248,818.591,0.03173828,0
2.02614,2025,818.591248,818.591,0.03173828,0
2.02801,2026,818.591248,818.591,0.03173828,0
2.02805,2027,818.591248,818.591,0.03173828,0
2.02924,2028,818.591248,818.591,0.03173828,0
2.03110,2029,818.591248,818.591,0.03173828,0
2.03113,2030,818.591248,818.591,0.03173828,0
2.03234,2031,818.591248,818.591,0.03173828,0
2.03238,2032,818.591248,818.591,0.03173828,0
2.03414,2033,818.591248,818.591,0.03173828,0
2.03599,2034,818.591248,818.591,0.03173828,0
2.03603,2035,818.591248,818.591,0.03173828,0
2.03724,2036,818.591248,818.591,0.03173828,0
2.03906,2037,818.591248,818.591,0.03173828,0
2.03909,2038,818.591248,818.591,0.03173828,0
2.04032,2039,818.591248,818.591,0.03173828,0
2.04034,2040,818.591248,818.591,0.03173828,0
2.04213,2041,818.591248,818.591,0.03173828,0
2.04406,2042,818.591248,818.591,0.03173828,0
2.04409,2043,818.591248,818.591,0.03173828,0
2.04524,2044,818.591248,818.591,0.03173828,0
2.04707,2045,818.591248,818.591,0.03173828,0
2.04709,2046,818.591248,818.591,0.03173828,0
2.04832,2047,818.591248,818.591,0.03173828,0
2.04834,2048,818.591248,818.591,0.03173828,0
2.05014,2049,818.591248,818.591,0.03173828,0
2.05200,2050,818.591248,818.591,0.03173828,0
2.05204,2051,818.591248,818.591,0.03173828,0
2.05323,2052,818.591248,818.591,0.03173828,0
2.05506,2053,818.591248,818.591,0.03173828,0
2.05509,2054,818.591248,818.591,0.03173828,0
2.05632,2055,818.591248,818.591,0.03173828,0
2.05634,2056,818.591248,818.591,0.03173828,0
2.05815,2057,818.591248,818.591,0.03173828,0
2.05999,2058,818.591248,818.591,0.03173828,0
2.06001,2059,818.591248,818.591,0.03173828,0
2.06128,2060,818.591248,818.591,0.03173828,0
2.06307,2061,818.591248,818.591,0.03173828,0
2.06309,2062,818.591248,818.591,0.03173828,0
2.06432,2063,818.591248,818.591,0.03173828,0
2.06433,2064,818.591248,818.591,0.03173828,0
2.06614,2065,818.591248,818.591,0.03173828,0
2.06797,2066,818.591248,818.591,0.03173828,0
2.06800,2067,818.591248,818.591,0.03173828,0
2.06925,2068,818.591248,818.591,0.03173828,0.0109064905
2.07105,2069,818.591248,818.591,0.03173828,0.0109064905
2.07107,2070,818.591248,818.591,0.03173828,0.0109064905
2.07233,2071,818.591248,818.591,0.03173828,0.0109064905
2.07235,2072,818.591248,818.591,0.03173828,0.0109064905
2.07414,2073,818.591248,818.591,0.03173828,0
2.07600,2074,818.591248,818.5911,-0.100097656,0
2.07603,2075,818.591248,818.591,0.147705078,0
2.07743,2076,818.591248,818.591,0.03173828,-0.0163597353
2.07909,2077,818.591248,818.591,0.03173828,0
2.07910,2078,818.591248,818.591,0.03173828,-0.0163597353
2.08032,2079,818.591248,818.591,0.03173828,-0.0163597353
2.08034,2080,818.591248,818.591,0.03173828,-0.0163597353
2.08214,2081,818.591248,818.591,0.03173828,-0.0163597353
2.08403,2082,818.591248,818.591,0.03173828,-0.0163597353
2.08405,2083,818.591248,818.591,0.03173828,0
2.08523,2084,818.591248,818.591,0.03173828,0
2.08707,2085,818.591248,818.591,0.03173828,0
2.08710,2086,818.591248,818.591,0.03173828,0
2.08832,2087,818.591248,818.591,0.03173828,0
2.08834,2088,818.591248,818.591,0.03173828,0
2.09015,2089,818.591248,818.591,0.03173828,0
2.09201,2090,818.591248,818.591,0.03173828,0
2.09205,2091,818.591248,818.591,0.03173828,0
2.09324,2092,818.591248,818.591,0.03173828,0
2.09507,2093,818.591248,818.591,0.03173828,0
2.09508,2094,818.591248,818.591,0.03173828,0
2.09633,2095,818.591248,818.591,0.03173828,0
2.09635,2096,818.591248,818.591,0.03173828,0
2.09816,2097,818.591248,818.591,0.03173828,0
2.09999,2098,818.591248,818.591,0.03173828,0
2.10002,2099,818.591248,818.591,0.03173828,0
2.10123,2100,818.591248,818.591,0.03173828,0
2.10308,2101,818.591248,818.591,0.03173828,0
2.10309,2102,818.591248,818.591,0.03173828,0
2.10431,2103,818.591248,818.591,0.03173828,0
2.10433,2104,818.591248,818.591,0.03173828,0
2.10615,2105,818.591248,818.591,0.03173828,0
2.10799,2106,818.591248,818.591,0.03173828,0
2.10801,2107,818.591248,818.591,0.03173828,0
2.10924,2108,818.591248,818.591,0.03173828,0
2.11110,2109,818.591248,818.591,0.03173828,0
2.11113,2110,818.591248,818.591,0.03173828,0
2.11236,2111,818.591248,818.591,0.03173828,0
2.11240,2112,818.591248,818.591,0.03173828,0
2.11414,2113,818.591248,818.591,0.03173828,0
2.11601,2114,818.591248,818.591,0.03173828,0
2.11606,2115,818.591248,818.591,0.03173828,0
2.11722,2116,818.591248,818.591,0.03173828,0
2.11908,2117,818.591248,818.591,0.03173828,0
2.11911,2118,818.591248,818.591,0.03173828,0
2.12032,2119,818.591248,818.591,0.03173828,0
2.12034,2120,818.591248,818.591,0.03173828,0
2.12217,2121,818.591248,818.591,0.03173828,0
2.12399,2122,818.591248,818.591,0.03173828,0
2.12401,2123,818.591248,818.591,0.03173828,0
2.12523,2124,818.591248,818.591,0.03173828,0
2.12716,2125,818.591248,818.591,0.03173828,0
2.12726,2126,818.591248,818.591,0.03173828,0
2.12837,2127,818.591248,818.591,0.03173828,0
2.12840,2128,818.591248,818.591,0.03173828,0
2.13025,2129,818.591248,818.591,0.03173828,0
2.13202,2130,818.591248,818.591,0.03173828,0
2.13206,2131,818.591248,818.591,0.03173828,0
2.13324,2132,818.591248,818.591,0.03173828,0
2.13509,2133,818.591248,818.591,0.03173828,0
2.13513,2134,818.591248,818.591,0.03173828,0
2.13632,2135,818.591248,818.591,0.03173828,0
2.13633,2136,818.591248,818.591,0.03173828,0
2.13821,2137,818.591248,818.591,0.03173828,0
2.13999,2138,818.591248,818.591,0.03173828,0
2.14001,2139,818.591248,818.591,0.03173828,0
2.14124,2140,818.591248,818.591,0.03173828,0
2.14308,2141,818.591248,818.591,0.03173828,0
2.14310,2142,818.591248,818.591,0.03173828,0
2.14432,2143,818.591248,818.591,0.03173828,0
2.14436,2144,818.591248,818.591,0.03173828,0
2.14617,2145,818.591248,818.591,0.03173828,0
2.14801,2146,818.591248,818.591,0.03173828,0
2.14804,2147,818.591248,818.591,0.03173828,0
2.14925,2148,818.591248,818.591,0.03173828,0
2.15109,2149,818.591248,818.591,0.03173828,0
2.15112,2150,818.591248,818.591,0.03173828,0
2.15234,2151,818.591248,818.591,0.03173828,0
2.15236,2152,818.591248,818.591,0.03173828,0
2.15419,2153,818.591248,818.591,0.03173828,0
2.15600,2154,818.591248,818.591,0.03173828,0
2.15604,2155,818.591248,818.591,0.03173828,0
2.15724,2156,818.591248,818.591,0.03173828,0
2.15912,2157,818.591248,818.591,0.03173828,0
2.15917,2158,818.591248,818.591,0.03173828,0
2.16067,2159,818.591248,818.591,0.03173828,0
2.16072,2160,818.591248,818.591,0.03173828,0
2.16219,2161,818.591248,818.591,0.03173828,0
2.16400,2162,818.591248,818.591,0.03173828,0
2.16403,2163,818.591248,818.591,0.03173828,0
2.16525,2164,818.591248,818.591,0.03173828,0
2.16708,2165,818.591248,818.591,0.03173828,0
2.16710,2166,818.591248,818.591,0.03173828,0
2.16837,2167,818.591248,818.591,0.03173828,0
2.16840,2168,818.591248,818.591,0.03173828,0
2.17019,2169,818.591248,818.591,0.03173828,0
2.17200,2170,818.591248,818.591,0.03173828,0
2.17204,2171,818.591248,818.591,0.03173828,0
2.17326,2172,818.591248,818.591,0.03173828,0
2.17509,2173,818.591248,818.591,0.03173828,0
2.17512,2174,818.591248,818.591,0.03173828,0
2.17632,2175,818.591248,818.591,0.03173828,0
2.17635,2176,818.591248,818.591,0.03173828,0
2.17819,2177,818.591248,818.591,0.03173828,0
2.18002,2178,818.591248,818.591,0.03173828,0
2.18005,2179,818.591248,818.591,0.03173828,0
2.18125,2180,818.591248,818.591,0.03173828,0
2.18309,2181,818.591248,818.591,0.03173828,0
2.18311,2182,818.591248,818.591,0.03173828,0
2.18433,2183,818.591248,818.591,0.03173828,0
2.18435,2184,818.591248,818.591,0.03173828,0
2.18619,2185,818.591248,818.591,0.03173828,0
2.18800,2186,818.591248,818.591,0.03173828,0
2.18805,2187,818.591248,818.591,0.03173828,0
2.18925,2188,818.591248,818.591,0.03173828,0
2.19111,2189,818.591248,818.591,0.03173828,0
2.19115,2190,818.591248,818.591,0.03173828,0
2.19234,2191,818.591248,818.591,0.03173828,0
2.19236,2192,818.591248,818.591,0.03173828,0
2.19420,2193,818.591248,818.591,0.03173828,0
2.19604,2194,818.591248,818.591,0.03173828,0
2.19609,2195,818.591248,818.591,0.03173828,0
2.19724,2196,818.591248,818.591,0.03173828,0
2.19911,2197,818.591248,818.591,0.03173828,0
2.19914,2198,818.591248,818.591,0.03173828,0
2.20035,2199,818.591248,818.591,0.03173828,0
2.20040,2200,818.591248,818.591,0.03173828,0
2.20217,2201,818.591248,818.591,0.03173828,0
2.20398,2202,818.591248,818.591,0.03173828,0
2.20401,2203,818.591248,818.591,0.03173828,0
2.20525,2204,818.591248,818.591,0.03173828,0
2.20708,2205,818.591248,818.591,0.03173828,0
2.20711,2206,818.591248,818.591,0.03173828,0
2.20834,2207,818.591248,818.591,0.03173828,0
2.20837,2208,818.591248,818.591,0.03173828,0
2.21017,2209,818.591248,818.591,0.03173828,0
2.21199,2210,818.591248,818.591,0.03173828,0
2.21202,2211,818.591248,818.591,0.03173828,0
2.21325,2212,818.591248,818.591,0.03173828,0
2.21509,2213,818.591248,818.591,0.03173828,0
2.21512,2214,818.591248,818.591,0.03173828,0
2.21636,2215,818.591248,818.591,0.03173828,0
2.21639,2216,818.591248,818.591,0.03173828,0
2.21818,2217,818.591248,818.591,0.03173828,0
2.21999,2218,818.591248,818.591,0.03173828,0
2.22003,2219,818.591248,818.5911,-0.100097656,0
2.22124,2220,818.591248,818.5911,0.01586914,0
2.22310,2221,818.591248,818.5912,-0.0500488281,0.0109064905
2.22314,2222,818.591248,818.5912,0.00793457,0.0109064905
2.22433,2223,818.591248,818.5912,0.00793457,0.0109064905
2.22435,2224,818.591248,818.5912,0.00793457,0.0109064905
2.22616,2225,818.591248,818.5912,0.00793457,0.0109064905
2.22800,2226,818.591248,818.5912,0.00793457,-0.0163597353
2.22802,2227,818.591248,818.5912,0.00793457,-0.0163597353
2.22924,2228,818.591248,818.5912,0.00793457,-0.0163597353
2.23109,2229,818.591248,818.5912,0.00793457,-0.0163597353
2.23113,2230,818.591248,818.5912,0.00793457,0
2.23236,2231,818.591248,818.5911,0.07385254,-0.0163597353
2.23240,2232,818.591248,818.5911,0.01586914,-0.0163597353
2.23421,2233,818.591248,818.5911,0.01586914,-0.0163597353
2.23601,2234,818.591248,818.5911,0.01586914,-0.0163597353
2.23604,2235,818.591248,818.5911,0.01586914,0
2.23724,2236,818.591248,818.5911,0.01586914,0
2.23909,2237,818.591248,818.5911,0.01586914,0
2.23912,2238,818.591248,818.5911,0.01586914,0
2.24035,2239,818.591248,818.5911,0.01586914,0
2.24037,2240,818.591248,818.5911,0.01586914,0
2.24216,2241,818.591248,818.5911,0.01586914,0
2.24402,2242,818.591248,818.5911,0.01586914,0
2.24405,2243,818.591248,818.5911,0.01586914,0
2.24526,2244,818.591248,818.5911,0.01586914,0
2.24708,2245,818.591248,818.5911,0.01586914,0
2.24710,2246,818.591248,818.5911,0.01586914,0
2.24836,2247,818.591248,818.5911,0.01586914,0
2.24840,2248,818.591248,818.5911,0.01586914,0
2.25020,2249,818.591248,818.5911,0.01586914,0
2.25201,2250,818.591248,818.5911,0.01586914,0
2.25203,2251,818.591248,818.5911,0.01586914,0
2.25324,2252,818.591248,818.5911,0.01586914,0
2.25510,2253,818.591248,818.5911,0.01586914,0
2.25514,2254,818.591248,818.5911,0.01586914,0
2.25632,2255,818.591248,818.5911,0.01586914,0
2.25633,2256,818.591248,818.5911,0.01586914,0
2.25824,2257,818.591248,818.5911,0.01586914,0
2.25998,2258,818.591248,818.5911,0.01586914,0
2.26002,2259,818.591248,818.5911,0.01586914,0
2.26126,2260,818.591248,818.5911,0.01586914,0
2.26312,2261,818.591248,818.5911,0.01586914,0
2.26315,2262,818.591248,818.5911,0.01586914,0
2.26435,2263,818.591248,818.5911,0.01586914,0
2.26439,2264,818.591248,818.5911,0.01586914,0
2.26618,2265,818.591248,818.5911,0.01586914,0
2.26804,2266,818.591248,818.5911,0.01586914,0
2.26807,2267,818.591248,818.5911,0.01586914,0
2.26924,2268,818.591248,818.5911,0.01586914,0
2.27110,2269,818.591248,818.5911,0.01586914,0
2.27112,2270,818.591248,818.5911,0.01586914,0
2.27233,2271,818.591248,818.5911,0.01586914,0
2.27235,2272,818.591248,818.5911,0.01586914,0
2.27418,2273,818.591248,818.5911,0.01586914,0
2.27599,2274,818.591248,818.5911,0.01586914,0
2.27604,2275,818.591248,818.5911,0.01586914,0
2.27741,2276,818.591248,818.5911,0.01586914,0
2.27918,2277,818.591248,818.5911,0.01586914,0
2.27921,2278,818.591248,818.5911,0.01586914,0
2.28040,2279,818.591248,818.5911,0.01586914,0
2.28044,2280,818.591248,818.5911,0.01586914,0
2.28218,2281,818.591248,818.5911,0.01586914,0
2.28399,2282,818.591248,818.5911,0.01586914,0
2.28402,2283,818.591248,818.5911,0.01586914,0
2.28530,2284,818.591248,818.5911,0.01586914,0
2.28710,2285,818.591248,818.5911,0.01586914,0
2.28714,2286,818.591248,818.5911,0.01586914,0
2.28832,2287,818.591248,818.5911,0.01586914,0
2.28836,2288,818.591248,818.5911,0.01586914,0
2.29018,2289,818.591248,818.5911,0.01586914,0
2.29200,2290,818.591248,818.5911,0.01586914,0
2.29203,2291,818.591248,818.5911,0.01586914,0
2.29326,2292,818.591248,818.5911,0.01586914,0
2.29508,2293,818.591248,818.5911,0.01586914,0
2.29511,2294,818.591248,818.5911,0.01586914,0
2.29635,2295,818.591248,818.5911,0.01586914,0
2.29638,2296,818.591248,818.5911,0.01586914,0
2.29817,2297,818.591248,818.5911,0.01586914,0
2.30004,2298,818.591248,818.5911,0.01586914,0
2.30011,2299,818.591248,818.5911,0.01586914,0
2.30125,2300,818.591248,818.5911,0.01586914,0
2.30309,2301,818.591248,818.5911,0.01586914,0
2.30313,2302,818.591248,818.5911,0.01586914,0
2.30434,2303,818.591248,818.5911,0.01586914,0
2.30436,2304,818.591248,818.5911,0.01586914,0
2.30619,2305,818.591248,818.5911,0.01586914,0
2.30802,2306,818.591248,818.5911,0.01586914,0
2.30806,2307,818.591248,818.5911,0.01586914,0
2.30924,2308,818.591248,818.5911,0.01586914,0
2.31108,2309,818.591248,818.5911,0.01586914,0
2.31109,2310,818.591248,818.5911,0.01586914,0
2.31233,2311,818.591248,818.5911,0.01586914,0
2.31234,2312,818.591248,818.5911,0.01586914,0
2.31420,2313,818.591248,818.5911,0.01586914,0
2.31599,2314,818.591248,818.5911,0.01586914,0
2.31602,2315,818.591248,818.5911,0.01586914,0
2.31724,2316,818.591248,818.5911,0.01586914,0
2.31906,2317,818.591248,818.5911,0.01586914,0
2.31908,2318,818.591248,818.5911,0.01586914,0
2.32031,2319,818.591248,818.5911,0.01586914,0
2.32032,2320,818.591248,818.5911,0.01586914,0
2.32217,2321,818.591248,818.5911,0.01586914,0
2.32402,2322,818.591248,818.5911,0.01586914,0
2.32405,2323,818.591248,818.5911,0.01586914,0
2.32524,2324,818.591248,818.5911,0.01586914,0
2.32725,2325,818.591248,818.5911,0.01586914,0
2.32728,2326,818.591248,818.5911,0.01586914,0
2.32834,2327,818.591248,818.5911,0.01586914,0
2.32835,2328,818.591248,818.5911,0.01586914,0
2.33019,2329,818.591248,818.5911,0.01586914,0
2.33198,2330,818.591248,818.5911,0.01586914,0
2.33203,2331,818.591248,818.5911,0.01586914,0
2.33324,2332,818.591248,818.5911,0.01586914,0
2.33507,2333,818.591248,818.5911,0.01586914,0
2.33509,2334,818.591248,818.5911,0.01586914,0
2.33637,2335,818.591248,818.5911,0.01586914,0
2.33642,2336,818.591248,818.5911,0.01586914,0
2.33818,2337,818.591248,818.5911,0.01586914,0
2.33998,2338,818.591248,818.5911,0.01586914,0
2.34001,2339,818.591248,818.5911,0.01586914,0
2.34124,2340,818.591248,818.5911,0.01586914,0
2.34308,2341,818.591248,818.5911,0.01586914,0
2.34311,2342,818.591248,818.5911,0.01586914,0
2.34438,2343,818.591248,818.5911,0.01586914,0
2.34442,2344,818.591248,818.5911,0.01586914,0
2.34619,2345,818.591248,818.5911,0.01586914,0
2.34799,2346,818.591248,818.5911,0.01586914,0
2.34802,2347,818.591248,818.5911,0.01586914,0
2.34923,2348,818.591248,818.5911,0.01586914,0
2.35108,2349,818.591248,818.5911,0.01586914,0
2.35110,2350,818.591248,818.5911,0.01586914,0
2.35231,2351,818.591248,818.5911,0.01586914,0
2.35234,2352,818.591248,818.5911,0.01586914,0
2.35416,2353,818.591248,818.5911,0.01586914,0
2.35597,2354,818.591248,818.5911,0.01586914,0
2.35599,2355,818.591248,818.5911,0.01586914,0
2.35722,2356,818.591248,818.5911,0.01586914,0
2.35909,2357,818.591248,818.5911,0.01586914,0
2.35913,2358,818.591248,818.5911,0.01586914,0
2.36059,2359,818.591248,818.5911,0.01586914,0
2.36063,2360,818.591248,818.5911,0.01586914,0
2.36217,2361,818.591248,818.5911,0.01586914,0
2.36398,2362,818.591248,818.5911,0.01586914,0
2.36399,2363,818.591248,818.5911,0.01586914,0
2.36523,2364,818.591248,818.5911,0.01586914,0
2.36710,2365,818.591248,818.5911,0.01586914,0
2.36712,2366,818.591248,818.5911,0.01586914,0
2.36831,2367,818.591248,818.5911,0.01586914,0
2.36833,2368,818.591248,818.5911,0.01586914,0
2.37014,2369,818.591248,818.5911,0.01586914,0
2.37198,2370,818.591248,818.5911,0.01586914,0
2.37204,2371,818.591248,818.5911,0.01586914,0
2.37326,2372,818.591248,818.5911,0.01586914,0
2.37510,2373,818.591248,818.5911,0.01586914,0
2.37515,2374,818.591248,818.5911,0.01586914,0
2.37632,2375,818.591248,818.5911,0.01586914,0
2.37634,2376,818.591248,818.5911,0.01586914,0
2.37818,2377,818.591248,818.5911,0.01586914,0
2.38000,2378,818.591248,818.5911,0.01586914,0
2.38003,2379,818.591248,818.5911,0.01586914,0
2.38122,2380,818.591248,818.5911,0.01586914,0
2.38307,2381,818.591248,818.5911,0.01586914,0
2.38309,2382,818.591248,818.5911,0.01586914,0
2.38432,2383,818.591248,818.5911,0.01586914,0
2.38434,2384,818.591248,818.5911,0.01586914,0
2.38619,2385,818.591248,818.5911,0.01586914,0
2.38796,2386,818.591248,818.5911,0.01586914,0
2.38798,2387,818.591248,818.5911,0.01586914,0
2.38924,2388,818.591248,818.5911,0.01586914,0
2.39108,2389,818.591248,818.5911,0.01586914,0
2.39111,2390,818.591248,818.5911,0.01586914,0
2.39232,2391,818.591248,818.5911,0.01586914,0
2.39233,2392,818.591248,818.5911,0.01586914,0
2.39418,2393,818.591248,818.5911,0.01586914,0
2.39600,2394,818.591248,818.5911,0.01586914,0
2.39602,2395,818.591248,818.5911,0.01586914,0
2.39726,2396,818.591248,818.5911,0.01586914,0
2.39909,2397,818.591248,818.5911,0.01586914,0
2.39912,2398,818.591248,818.5911,0.01586914,0
2.40032,2399,818.591248,818.5911,0.01586914,0
2.40033,2400,818.591248,818.5911,0.01586914,0
2.40218,2401,818.591248,818.5911,0.01586914,0
2.40398,2402,818.591248,818.5911,0.01586914,0
2.40399,2403,818.591248,818.5911,0.01586914,0
2.40523,2404,818.591248,818.5911,0.01586914,0
2.40705,2405,818.591248,818.5911,0.01586914,0
2.40707,2406,818.591248,818.5911,0.01586914,0
2.40832,2407,818.591248,818.5911,0.01586914,0
2.40834,2408,818.591248,818.5911,0.01586914,0
2.41018,2409,818.591248,818.5911,0.01586914,0
2.41197,2410,818.591248,818.5911,0.01586914,0
2.41199,2411,818.591248,818.5911,0.01586914,0
2.41323,2412,818.591248,818.5911,0.01586914,0
2.41505,2413,818.591248,818.5911,0.01586914,0
2.41507,2414,818.591248,818.5911,0.01586914,0
2.41631,2415,818.591248,818.5911,0.01586914,0
2.41633,2416,818.591248,818.5911,0.01586914,0
2.41816,2417,818.591248,818.5911,0.01586914,0
2.41999,2418,818.591248,818.5911,0.01586914,0
2.42000,2419,818.591248,818.5911,0.01586914,0
2.42124,2420,818.591248,818.5911,0.01586914,0
2.42305,2421,818.591248,818.5911,0.01586914,0
2.42307,2422,818.591248,818.5911,0.01586914,0
2.42432,2423,818.591248,818.5911,0.01586914,0
2.42434,2424,818.591248,818.5911,0.01586914,0
2.42618,2425,818.591248,818.5911,0.01586914,0
2.42800,2426,818.591248,818.5911,0.01586914,0
2.42803,2427,818.591248,818.5911,0.01586914,0
2.42923,2428,818.591248,818.5911,0.01586914,0
2.43107,2429,818.591248,818.5911,0.01586914,0
2.43110,2430,818.591248,818.5911,0.01586914,0
2.43233,2431,818.591248,818.5911,0.01586914,0
2.43235,2432,818.591248,818.5911,0.01586914,0
2.43417,2433,818.591248,818.5911,0.01586914,0
2.43597,2434,818.591248,818.5911,0.01586914,0
2.43598,2435,818.591248,818.5911,0.01586914,0
2.43724,2436,818.591248,818.5911,0.01586914,0
2.43905,2437,818.591248,818.5911,0.01586914,0
2.43906,2438,818.591248,818.5911,0.01586914,0
2.44032,2439,818.591248,818.5911,0.01586914,0
2.44033,2440,818.591248,818.5911,0.01586914,0
2.44216,2441,818.591248,818.5911,0.01586914,0
2.44399,2442,818.591248,818.5911,0.01586914,0
2.44402,2443,818.591248,818.5911,0.01586914,0
2.44525,2444,818.591248,818.5911,0.01586914,0
2.44715,2445,818.591248,818.5911,0.01586914,0
2.44717,2446,818.591248,818.5911,0.01586914,0
2.44832,2447,818.591248,818.5911,0.01586914,0
2.44833,2448,818.591248,818.5911,0.01586914,0
2.45017,2449,818.591248,818.5911,0.01586914,0
2.45198,2450,818.591248,818.5911,0.01586914,0
2.45200,2451,818.591248,818.5911,0.01586914,0
2.45325,2452,818.591248,818.5911,0.01586914,0
2.45505,2453,818.591248,818.5911,0.01586914,0
2.45507,2454,818.591248,818.5911,0.01586914,0
2.45632,2455,818.591248,818.5911,0.01586914,0
2.45634,2456,818.591248,818.5911,0.01586914,0
2.45816,2457,818.591248,818.5911,0.01586914,0
2.45998,2458,818.591248,818.5911,0.01586914,0
2.45999,2459,818.591248,818.5911,0.01586914,0
2.46125,2460,818.591248,818.5911,0.01586914,0
2.46305,2461,818.591248,818.5911,0.01586914,0
2.46307,2462,818.591248,818.5911,0.01586914,0
2.46431,2463,818.591248,818.5911,0.01586914,0
2.46432,2464,818.591248,818.5911,0.01586914,0
2.46616,2465,818.591248,818.5911,0.01586914,0
2.46798,2466,818.591248,818.5911,0.01586914,0
2.46800,2467,818.591248,818.5911,0.01586914,0
2.46923,2468,818.591248,818.5911,0.01586914,0
2.47106,2469,818.591248,818.5911,0.01586914,0
2.47107,2470,818.591248,818.5911,0.01586914,0
2.47236,2471,818.591248,818.5911,0.01586914,0
2.47239,2472,818.591248,818.5911,0.01586914,0
2.47415,2473,818.591248,818.5911,0.01586914,0
2.47597,2474,818.591248,818.5911,0.01586914,0
2.47598,2475,818.591248,818.5911,0.01586914,0
2.47748,2476,818.591248,818.5911,0.01586914,0
2.47909,2477,818.591248,818.5911,0.01586914,0
2.47912,2478,818.591248,818.5911,0.01586914,0
2.48033,2479,818.591248,818.5911,0.01586914,0
2.48035,2480,818.591248,818.5911,0.01586914,0
2.48216,2481,818.591248,818.5911,0.01586914,0
2.48399,2482,818.591248,818.5911,0.01586914,0
2.48402,2483,818.591248,818.5911,0.01586914,0
2.48523,2484,818.591248,818.5911,0.01586914,0
2.48705,2485,818.591248,818.5911,0.01586914,0
2.48707,2486,818.591248,818.5911,0.01586914,0
2.48832,2487,818.591248,818.5911,0.01586914,0
2.48834,2488,818.591248,818.5911,0.01586914,0
2.49022,2489,818.591248,818.5911,0.01586914,0
2.49198,2490,818.591248,818.5911,0.01586914,0
2.49200,2491,818.591248,818.5911,0.01586914,0
2.49325,2492,818.591248,818.5911,0.01586914,0
2.49507,2493,818.591248,818.5911,0.01586914,0
2.49509,2494,818.591248,818.5911,0.01586914,0
2.49640,2495,818.591248,818.5911,0.01586914,0
2.49645,2496,818.591248,818.5911,0.01586914,0
2.49816,2497,818.591248,818.5911,0.01586914,0
2.49999,2498,818.591248,818.5911,0.01586914,0
2.50001,2499,818.591248,818.5911,0.01586914,0
2.50123,2500,818.591248,818.5911,0.01586914,0
2.50307,2501,818.591248,818.5911,0.01586914,0
2.50310,2502,818.591248,818.5911,0.01586914,0
2.50435,2503,818.591248,818.5911,0.01586914,0
2.50439,2504,818.591248,818.5911,0.01586914,0
2.50615,2505,818.591248,818.5911,0.01586914,0
2.50803,2506,818.591248,818.5911,0.01586914,0
2.50808,2507,818.591248,818.5911,0.01586914,0
2.50924,2508,818.591248,818.5911,0.01586914,0
2.51111,2509,818.591248,818.5911,0.01586914,0
2.51116,2510,818.591248,818.5911,0.01586914,0
2.51234,2511,818.591248,818.5911,0.01586914,0
2.51237,2512,818.591248,818.5911,0.01586914,0
2.51416,2513,818.591248,818.5911,0.01586914,0
2.51598,2514,818.591248,818.5911,0.01586914,0
2.51599,2515,818.591248,818.5911,0.01586914,0
2.51722,2516,818.591248,818.5911,0.01586914,0
2.51904,2517,818.591248,818.5911,0.01586914,0
2.51907,2518,818.591248,818.5911,0.01586914,0
2.52032,2519,818.591248,818.5911,0.01586914,0
2.52035,2520,818.591248,818.5911,0.01586914,0
2.52215,2521,818.591248,818.5911,0.01586914,0
2.52398,2522,818.591248,818.5911,0.01586914,0
2.52400,2523,818.591248,818.5911,0.01586914,0
2.52523,2524,818.591248,818.5911,0.01586914,0
2.52725,2525,818.591248,818.5911,0.01586914,0
2.52728,2526,818.591248,818.5911,0.01586914,0
2.52836,2527,818.591248,818.5911,0.01586914,0
2.52837,2528,818.591248,818.5911,0.01586914,0
2.53016,2529,818.591248,818.5911,0.01586914,0
2.53199,2530,818.591248,818.5911,0.01586914,0
2.53201,2531,818.591248,818.5911,0.01586914,0
2.53324,2532,818.591248,818.5911,0.01586914,0
2.53507,2533,818.591248,818.5911,0.01586914,0
2.53509,2534,818.591248,818.5911,0.01586914,0
2.53631,2535,818.591248,818.5911,0.01586914,0
2.53633,2536,818.591248,818.5911,0.01586914,0
2.53815,2537,818.591248,818.5911,0.01586914,0
2.53998,2538,818.591248,818.5911,0.01586914,0
2.54002,2539,818.591248,818.5911,0.01586914,0
2.54123,2540,818.591248,818.5911,0.01586914,0
2.54310,2541,818.591248,818.5911,0.01586914,0
2.54313,2542,818.591248,818.5911,0.01586914,0
2.54436,2543,818.591248,818.5911,0.01586914,0
2.54438,2544,818.591248,818.5911,0.01586914,0
2.54614,2545,818.591248,818.5911,0.01586914,0
2.54800,2546,818.591248,818.5911,0.01586914,0
2.54802,2547,818.591248,818.5911,0.01586914,0
2.54923,2548,818.591248,818.5911,0.01586914,0
2.55106,2549,818.591248,818.5911,0.01586914,0
2.55109,2550,818.591248,818.5911,0.01586914,0
2.55233,2551,818.591248,818.5911,0.01586914,0
2.55234,2552,818.591248,818.5911,0.01586914,0
2.55414,2553,818.591248,818.5911,0.01586914,0
2.55600,2554,818.591248,818.5911,0.01586914,0
2.55603,2555,818.591248,818.5911,0.01586914,0
2.55722,2556,818.591248,818.5911,0.01586914,0
2.55906,2557,818.591248,818.5911,0.01586914,0
2.55908,2558,818.591248,818.5911,0.01586914,0
2.56071,2559,818.591248,818.5911,0.01586914,0
2.56080,2560,818.591248,818.5911,0.01586914,0
2.56224,2561,818.591248,818.5911,0.01586914,0
2.56414,2562,818.591248,818.5911,0.01586914,0
2.56417,2563,818.591248,818.5911,0.01586914,0
2.56538,2564,818.591248,818.5911,0.01586914,0
2.56707,2565,818.591248,818.5911,0.01586914,0
2.56708,2566,818.591248,818.5911,0.01586914,0
2.56834,2567,818.591248,818.5911,0.01586914,0
2.56836,2568,818.591248,818.5911,0.01586914,0
2.57014,2569,818.591248,818.5911,0.01586914,0
2.57200,2570,818.591248,818.5911,0.01586914,0
2.57202,2571,818.591248,818.5911,0.01586914,0
2.57322,2572,818.591248,818.5911,0.01586914,0
2.57525,2573,818.591248,818.5911,0.01586914,0
2.57528,2574,818.591248,818.5911,0.01586914,0
2.57633,2575,818.591248,818.5911,0.01586914,0
2.57634,2576,818.591248,818.5911,0.01586914,0
2.57816,2577,818.591248,818.5911,0.01586914,0
2.58002,2578,818.591248,818.5911,0.01586914,0
2.58004,2579,818.591248,818.5911,0.01586914,0
2.58123,2580,818.591248,818.5911,0.01586914,0
2.58310,2581,818.591248,818.5911,0.01586914,0
2.58314,2582,818.591248,818.5911,0.01586914,0
2.58431,2583,818.591248,818.5911,0.01586914,0
2.58433,2584,818.591248,818.5911,0.01586914,0
2.58614,2585,818.591248,818.5911,0.01586914,0
2.58799,2586,818.591248,818.5911,0.01586914,0
2.58802,2587,818.591248,818.5911,0.01586914,0
2.58923,2588,818.591248,818.5911,0.01586914,0
2.59106,2589,818.591248,818.5911,0.01586914,0
2.59108,2590,818.591248,818.5911,0.01586914,0
2.59232,2591,818.591248,818.5911,0.01586914,0
2.59234,2592,818.591248,818.5911,0.01586914,0
2.59416,2593,818.591248,818.5911,0.01586914,0
2.59600,2594,818.591248,818.5911,0.01586914,0
2.59602,2595,818.591248,818.5911,0.01586914,0
2.59727,2596,818.591248,818.5911,0.01586914,0
2.59907,2597,818.591248,818.5911,0.01586914,0
2.59909,2598,818.591248,818.5911,0.01586914,0
2.60034,2599,818.591248,818.5911,0.01586914,0
2.60036,2600,818.591248,818.5911,0.01586914,0
2.60215,2601,818.591248,818.5911,0.01586914,0
2.60399,2602,818.591248,818.5911,0.01586914,0
2.60401,2603,818.591248,818.5911,0.01586914,0
2.60524,2604,818.591248,818.5911,0.01586914,0
2.60705,2605,818.591248,818.5911,0.01586914,0
2.60707,2606,818.591248,818.5911,0.01586914,0
2.60833,2607,818.591248,818.5911,0.01586914,0
2.60836,2608,818.591248,818.5911,0.01586914,0
2.61017,2609,818.591248,818.5911,0.01586914,0
2.61202,2610,818.591248,818.5911,0.01586914,0
2.61206,2611,818.591248,818.5911,0.01586914,0
2.61323,2612,818.591248,818.5911,0.01586914,0
2.61507,2613,818.591248,818.5911,0.01586914,0
2.61509,2614,818.591248,818.5911,0.01586914,0
2.61632,2615,818.591248,818.5911,0.01586914,0
2.61634,2616,818.591248,818.5911,0.01586914,0
2.61816,2617,818.591248,818.5911,0.01586914,0
2.62000,2618,818.591248,818.5911,0.01586914,0
2.62002,2619,818.591248,818.5911,0.01586914,0
2.62123,2620,818.591248,818.5911,0.01586914,0
2.62308,2621,818.591248,818.5911,0.01586914,0
2.62310,2622,818.591248,818.5911,0.01586914,0
2.62432,2623,818.591248,818.5911,0.01586914,0
2.62433,2624,818.591248,818.5911,0.01586914,0
2.62618,2625,818.591248,818.5911,0.01586914,0
2.62803,2626,818.591248,818.5911,0.01586914,0
2.62806,2627,818.591248,818.5911,0.01586914,0
2.62924,2628,818.591248,818.5911,0.01586914,0
2.63111,2629,818.591248,818.5911,0.01586914,0
2.63113,2630,818.591248,818.5911,0.01586914,0
2.63233,2631,818.591248,818.5911,0.01586914,0
2.63235,2632,818.591248,818.5911,0.01586914,0
2.63423,2633,818.591248,818.5911,0.01586914,0
2.63601,2634,818.591248,818.5911,0.01586914,0
2.63606,2635,818.591248,818.5911,0.01586914,0
2.63723,2636,818.591248,818.5911,0.01586914,0
2.63908,2637,818.591248,818.5911,0.01586914,0
2.63911,2638,818.591248,818.5911,0.01586914,0
2.64031,2639,818.591248,818.5911,0.01586914,0
2.64033,2640,818.591248,818.5911,0.01586914,0
2.64218,2641,818.591248,818.5911,0.01586914,0
2.64404,2642,818.591248,818.5911,0.01586914,0
2.64408,2643,818.591248,818.5911,0.01586914,0
2.64524,2644,818.591248,818.5911,0.01586914,0
2.64710,2645,818.591248,818.5911,0.01586914,0
2.64712,2646,818.591248,818.5911,0.01586914,0
2.64832,2647,818.591248,818.5911,0.01586914,0
2.64834,2648,818.591248,818.5911,0.01586914,0
2.65018,2649,818.591248,818.5911,0.01586914,0
2.65201,2650,818.591248,818.5911,0.01586914,0
2.65203,2651,818.591248,818.5911,0.01586914,0
2.65322,2652,818.591248,818.5911,0.01586914,0
2.65507,2653,818.591248,818.5911,0.01586914,0
2.65509,2654,818.591248,818.5911,0.01586914,0
2.65634,2655,818.591248,818.5911,0.01586914,0
2.65636,2656,818.591248,818.5911,0.01586914,0
2.65818,2657,818.591248,818.5911,0.01586914,0
2.66001,2658,818.591248,818.5911,0.01586914,0
2.66004,2659,818.591248,818.5911,0.01586914,0
2.66123,2660,818.591248,818.5911,0.01586914,0
2.66309,2661,818.591248,818.5911,0.01586914,0
2.66311,2662,818.591248,818.5911,0.01586914,0
2.66434,2663,818.591248,818.5911,0.01586914,0
2.66435,2664,818.591248,818.5911,0.01586914,0
2.66616,2665,818.591248,818.5911,0.01586914,0
2.66799,2666,818.591248,818.5911,0.01586914,0
2.66802,2667,818.591248,818.5911,0.01586914,0
2.66922,2668,818.591248,818.5911,0.01586914,0
2.67108,2669,818.591248,818.5911,0.01586914,0
2.67112,2670,818.591248,818.5911,0.01586914,0
2.67232,2671,818.591248,818.5911,0.01586914,0
2.67233,2672,818.591248,818.5911,0.01586914,0
2.67417,2673,818.591248,818.5911,0.01586914,0
2.67601,2674,818.591248,818.5911,0.01586914,0
2.67604,2675,818.591248,818.5911,0.01586914,0
2.67746,2676,818.591248,818.5911,0.01586914,0
2.67911,2677,818.591248,818.5911,0.01586914,0
2.67913,2678,818.591248,818.5911,0.01586914,0
2.68034,2679,818.591248,818.5911,0.01586914,0
2.68036,2680,818.591248,818.5911,0.01586914,0
2.68217,2681,818.591248,818.5911,0.01586914,0
2.68399,2682,818.591248,818.5911,0.01586914,0
2.68402,2683,818.591248,818.5911,0.01586914,0
2.68526,2684,818.591248,818.5911,0.01586914,0
2.68712,2685,818.591248,818.5911,0.01586914,0
2.68715,2686,818.591248,818.5911,0.01586914,0
2.68831,2687,818.591248,818.5911,0.01586914,0
2.68832,2688,818.591248,818.5911,0.01586914,0
2.69018,2689,818.591248,818.5911,0.01586914,0
2.69199,2690,818.591248,818.5911,0.01586914,0
2.69201,2691,818.591248,818.5911,0.01586914,0
2.69322,2692,818.591248,818.5911,0.01586914,0
2.69508,2693,818.591248,818.5911,0.01586914,0
2.69511,2694,818.591248,818.5911,0.01586914,0
2.69644,2695,818.591248,818.5911,0.01586914,0
2.69647,2696,818.591248,818.5911,0.01586914,0
2.69819,2697,818.591248,818.5911,0.01586914,0
2.69998,2698,818.591248,818.5911,0.01586914,0
2.70001,2699,818.591248,818.5911,0.01586914,0
2.70123,2700,818.591248,818.5911,0.01586914,0
2.70309,2701,818.591248,818.5911,0.01586914,0
2.70312,2702,818.591248,818.5911,0.01586914,0
2.70432,2703,818.591248,818.5911,0.01586914,0
2.70434,2704,818.591248,818.5911,0.01586914,0
2.70616,2705,818.591248,818.5911,0.01586914,0
2.70799,2706,818.591248,818.5911,0.01586914,0
2.70801,2707,818.591248,818.5911,0.01586914,0
2.70922,2708,818.591248,818.5911,0.01586914,0
2.71113,2709,818.591248,818.5911,0.01586914,0
2.71115,2710,818.591248,818.5911,0.01586914,0
2.71235,2711,818.591248,818.5911,0.01586914,0
2.71237,2712,818.591248,818.5911,0.01586914,0
2.71418,2713,818.591248,818.5911,0.01586914,0
2.71598,2714,818.591248,818.5911,0.01586914,0
2.71602,2715,818.591248,818.5911,0.01586914,0
2.71725,2716,818.591248,818.5911,0.01586914,0
2.71910,2717,818.591248,818.5911,0.01586914,0
2.71912,2718,818.591248,818.5911,0.01586914,0
2.72035,2719,818.591248,818.5911,0.01586914,0
2.72038,2720,818.591248,818.5911,0.01586914,0
2.72222,2721,818.591248,818.5911,0.01586914,0
2.72400,2722,818.591248,818.5911,0.01586914,0
2.72403,2723,818.591248,818.5911,0.01586914,0
2.72524,2724,818.591248,818.5911,0.01586914,0
2.72724,2725,818.591248,818.5911,0.01586914,0
2.72734,2726,818.591248,818.5911,0.01586914,0
2.72834,2727,818.591248,818.5911,0.01586914,0
2.72836,2728,818.591248,818.5911,0.01586914,0
2.73021,2729,818.591248,818.5911,0.01586914,0
2.73199,2730,818.591248,818.5911,0.01586914,0
2.73200,2731,818.591248,818.5911,0.01586914,0
2.73323,2732,818.591248,818.5911,0.01586914,0
2.73511,2733,818.591248,818.5911,0.01586914,0
2.73514,2734,818.591248,818.5911,0.01586914,0
2.73634,2735,818.591248,818.5911,0.01586914,0
2.73636,2736,818.591248,818.5911,0.01586914,0
2.73819,2737,818.591248,818.5911,0.01586914,0
2.73996,2738,818.591248,818.5911,0.01586914,0
2.73997,2739,818.591248,818.5911,0.01586914,0
2.74126,2740,818.591248,818.5911,0.01586914,0
2.74306,2741,818.591248,818.5911,0.01586914,0
2.74310,2742,818.591248,818.5911,0.01586914,0
2.74434,2743,818.591248,818.5911,0.01586914,0
2.74435,2744,818.591248,818.5911,0.01586914,0
2.74617,2745,818.591248,818.5911,0.01586914,0
2.74800,2746,818.591248,818.5911,0.01586914,0
2.74802,2747,818.591248,818.5911,0.01586914,0
2.74923,2748,818.591248,818.5911,0.01586914,0
2.75109,2749,818.591248,818.5911,0.01586914,0
2.75112,2750,818.591248,818.5911,0.01586914,0
2.75232,2751,818.591248,818.5911,0.01586914,0
2.75233,2752,818.591248,818.5911,0.01586914,0
2.75418,2753,818.591248,818.5911,0.01586914,0
2.75601,2754,818.591248,818.5911,0.01586914,0
2.75604,2755,818.591248,818.5911,0.01586914,0
2.75724,2756,818.591248,818.5911,0.01586914,0
2.75908,2757,818.591248,818.5911,0.01586914,0
2.75910,2758,818.591248,818.5911,0.01586914,0
2.76062,2759,818.591248,818.5911,0.01586914,0
2.76068,2760,818.591248,818.5911,0.01586914,0
2.76219,2761,818.591248,818.5911,0.01586914,0
2.76402,2762,818.591248,818.5911,0.01586914,0
2.76406,2763,818.591248,818.5911,0.01586914,0
2.76524,2764,818.591248,818.5911,0.01586914,0
2.76709,2765,818.591248,818.5911,0.01586914,0
2.76711,2766,818.591248,818.5911,0.01586914,0
2.76832,2767,818.591248,818.5911,0.01586914,0
2.76834,2768,818.591248,818.5911,0.01586914,0
2.77018,2769,818.591248,818.5911,0.01586914,0
2.77200,2770,818.591248,818.5911,0.01586914,0
2.77202,2771,818.591248,818.5911,0.01586914,0
2.77323,2772,818.591248,818.5911,0.01586914,0
2.77508,2773,818.591248,818.5911,0.01586914,0
2.77511,2774,818.591248,818.5911,0.01586914,0
2.77636,2775,818.591248,818.5911,0.01586914,0
2.77638,2776,818.591248,818.5911,0.01586914,0
2.77816,2777,818.591248,818.5911,0.01586914,0
2.78000,2778,818.591248,818.5911,0.01586914,0
2.78004,2779,818.591248,818.5911,0.01586914,0
2.78125,2780,818.591248,818.5911,0.01586914,0
2.78309,2781,818.591248,818.5911,0.01586914,0
2.78312,2782,818.591248,818.5911,0.01586914,0
2.78433,2783,818.591248,818.5911,0.01586914,0
2.78434,2784,818.591248,818.5911,0.01586914,0
2.78617,2785,818.591248,818.5911,0.01586914,0
2.78800,2786,818.591248,818.5911,0.01586914,0
2.78802,2787,818.591248,818.5911,0.01586914,0
2.78923,2788,818.591248,818.5911,0.01586914,0
2.79110,2789,818.591248,818.5911,0.01586914,0
2.79112,2790,818.591248,818.5911,0.01586914,0
2.79232,2791,818.591248,818.5911,0.01586914,0
2.79234,2792,818.591248,818.5911,0.01586914,0
2.79423,2793,818.591248,818.5911,0.01586914,0
2.79600,2794,818.591248,818.5911,0.01586914,0
2.79603,2795,818.591248,818.5911,0.01586914,0
2.79725,2796,818.591248,818.5911,0.01586914,0
2.79911,2797,818.591248,818.5911,0.01586914,0
2.79915,2798,818.591248,818.5911,0.01586914,0
2.80033,2799,818.591248,818.5911,0.01586914,0
2.80034,2800,818.591248,818.5911,0.01586914,0
2.80216,2801,818.591248,818.5911,0.01586914,0
2.80400,2802,818.591248,818.5911,0.01586914,0
2.80402,2803,818.591248,818.5911,0.01586914,0
2.80526,2804,818.591248,818.5911,0.01586914,0
2.80707,2805,818.591248,818.5911,0.01586914,0
2.80710,2806,818.591248,818.5911,0.01586914,0
2.80832,2807,818.591248,818.5911,0.01586914,0
2.80837,2808,818.591248,818.5911,0.01586914,0
2.81016,2809,818.591248,818.5911,0.01586914,0
2.81199,2810,818.591248,818.5911,0.01586914,0
2.81201,2811,818.591248,818.5911,0.01586914,0
2.81325,2812,818.591248,818.5911,0.01586914,0
2.81509,2813,818.591248,818.5911,0.01586914,0
2.81512,2814,818.591248,818.5911,0.01586914,0
2.81634,2815,818.591248,818.5911,0.01586914,0
2.81638,2816,818.591248,818.5911,0.01586914,0
2.81818,2817,818.591248,818.5911,0.01586914,0
2.81999,2818,818.591248,818.5911,0.01586914,0
2.82003,2819,818.591248,818.5911,0.01586914,0
2.82125,2820,818.591248,818.5911,0.01586914,0
2.82309,2821,818.591248,818.5911,0.01586914,0
2.82312,2822,818.591248,818.5911,0.01586914,0
2.82435,2823,818.591248,818.5911,0.01586914,0
2.82438,2824,818.591248,818.5911,0.01586914,0
2.82620,2825,818.591248,818.5911,0.01586914,0
2.82799,2826,818.591248,818.5911,0.01586914,0
2.82802,2827,818.591248,818.5911,0.01586914,0
2.82926,2828,818.591248,818.5911,0.01586914,0
2.83110,2829,818.591248,818.5911,0.01586914,0
2.83113,2830,818.591248,818.5911,0.01586914,0
2.83234,2831,818.591248,818.5911,0.01586914,0
2.83237,2832,818.591248,818.5911,0.01586914,0
2.83416,2833,818.591248,818.5911,0.01586914,0
2.83602,2834,818.591248,818.5911,0.01586914,0
2.83606,2835,818.591248,818.5911,0.01586914,0
2.83727,2836,818.591248,818.5911,0.01586914,0
2.83911,2837,818.591248,818.5911,0.01586914,0
2.83913,2838,818.591248,818.5911,0.01586914,0
2.84034,2839,818.591248,818.5911,0.01586914,0
2.84035,2840,818.591248,818.5911,0.01586914,0
2.84217,2841,818.591248,818.5911,0.01586914,0
2.84398,2842,818.591248,818.5911,0.01586914,0
2.84406,2843,818.591248,818.5911,0.01586914,0
2.84525,2844,818.591248,818.5911,0.01586914,0
2.84712,2845,818.591248,818.5911,0.01586914,0
2.84715,2846,818.591248,818.5911,0.01586914,0
2.84833,2847,818.591248,818.5911,0.01586914,0
2.84835,2848,818.591248,818.5911,0.01586914,0
2.85017,2849,818.591248,818.5911,0.01586914,0
2.85199,2850,818.591248,818.5911,0.01586914,0
2.85203,2851,818.591248,818.5911,0.01586914,0
2.85326,2852,818.591248,818.5911,0.01586914,0
2.85509,2853,818.591248,818.5911,0.01586914,0
2.85514,2854,818.591248,818.5911,0.01586914,0
2.85633,2855,818.591248,818.5911,0.01586914,0
2.85635,2856,818.591248,818.5911,0.01586914,0
2.85817,2857,818.591248,818.5911,0.01586914,0
2.86001,2858,818.591248,818.5911,0.01586914,0
2.86006,2859,818.591248,818.5911,0.01586914,0
2.86126,2860,818.591248,818.5911,0.01586914,0
2.86309,2861,818.591248,818.5911,0.01586914,0
2.86312,2862,818.591248,818.5911,0.01586914,0
2.86434,2863,818.591248,818.5911,0.01586914,0
2.86435,2864,818.591248,818.5911,0.01586914,0
2.86616,2865,818.591248,818.5911,0.01586914,0
2.86798,2866,818.591248,818.5911,0.01586914,0
2.86800,2867,818.591248,818.5911,0.01586914,0
2.86924,2868,818.591248,818.5911,0.01586914,0
2.87110,2869,818.591248,818.5911,0.01586914,0
2.87113,2870,818.591248,818.5911,0.01586914,0
2.87234,2871,818.591248,818.5911,0.01586914,0
2.87236,2872,818.591248,818.5911,0.01586914,0
2.87417,2873,818.591248,818.5911,0.01586914,0
2.87601,2874,818.591248,818.5911,0.01586914,0
2.87604,2875,818.591248,818.5912,-0.0500488281,0
2.87733,2876,818.591248,818.5912,0.00793457,0
2.87915,2877,818.591248,818.5912,0.00793457,0
2.87919,2878,818.591248,818.5912,0.00793457,0
2.88032,2879,818.591248,818.5912,0.00793457,0
2.88033,2880,818.591248,818.5912,0.00793457,0
2.88219,2881,818.591248,818.5912,0.00793457,0
2.88398,2882,818.591248,818.5912,0.00793457,0
2.88400,2883,818.591248,818.5912,0.00793457,0
2.88527,2884,818.591248,818.5912,0.00793457,0
2.88708,2885,818.591248,818.5912,0.00793457,0
2.88710,2886,818.591248,818.5912,0.00793457,0
2.88833,2887,818.591248,818.5912,0.00793457,0
2.88837,2888,818.591248,818.5912,0.00793457,0
2.89018,2889,818.591248,818.5912,0.00793457,0
2.89198,2890,818.591248,818.5912,0.00793457,0
2.89200,2891,818.591248,818.5912,0.00793457,0
2.89325,2892,818.591248,818.5912,0.00793457,0
2.89508,2893,818.591248,818.5912,0.00793457,0
2.89510,2894,818.591248,818.5912,0.00793457,0
2.89633,2895,818.591248,818.5912,0.00793457,0
2.89636,2896,818.591248,818.5912,0.00793457,0
2.89818,2897,818.591248,818.5912,0.00793457,0
2.89999,2898,818.591248,818.5912,0.00793457,0
2.90001,2899,818.591248,818.5912,0.00793457,0
2.90125,2900,818.591248,818.5912,0.00793457,0
2.90310,2901,818.591248,818.5912,0.00793457,0
2.90314,2902,818.591248,818.5912,0.00793457,0
2.90435,2903,818.591248,818.5912,0.00793457,0
2.90437,2904,818.591248,818.5912,0.00793457,0
2.90617,2905,818.591248,818.5912,0.00793457,0
2.90799,2906,818.591248,818.5912,0.00793457,0
2.90802,2907,818.591248,818.5912,0.00793457,0
2.90926,2908,818.591248,818.5912,0.00793457,0
2.91109,2909,818.591248,818.5912,0.00793457,0
2.91112,2910,818.591248,818.5912,0.00793457,0
2.91234,2911,818.591248,818.5912,0.00793457,0
2.91238,2912,818.591248,818.5912,0.00793457,0
2.91417,2913,818.591248,818.5912,0.00793457,0
2.91599,2914,818.591248,818.5912,0.00793457,0
2.91601,2915,818.591248,818.5912,0.00793457,0
2.91726,2916,818.591248,818.5912,0.00793457,0
2.91908,2917,818.591248,818.5912,0.00793457,0
2.91913,2918,818.591248,818.5912,0.00793457,0
2.92033,2919,818.591248,818.5912,0.00793457,0
2.92037,2920,818.591248,818.5912,0.00793457,0
2.92220,2921,818.591248,818.5912,0.00793457,0
2.92399,2922,818.591248,818.5912,0.00793457,0
2.92402,2923,818.591248,818.5912,0.00793457,0
2.92525,2924,818.591248,818.5912,0.00793457,0
2.92730,2925,818.591248,818.5912,0.00793457,0
2.92735,2926,818.591248,818.5912,0.00793457,0
2.92834,2927,818.591248,818.5912,0.00793457,0
2.92837,2928,818.591248,818.5912,0.00793457,0
2.93020,2929,818.591248,818.5912,0.00793457,0
2.93201,2930,818.591248,818.5912,0.00793457,0
2.93204,2931,818.591248,818.5912,0.00793457,0
2.93325,2932,818.591248,818.5912,0.00793457,0
2.93509,2933,818.591248,818.5912,0.00793457,0
2.93512,2934,818.591248,818.5912,0.00793457,0
2.93635,2935,818.591248,818.5912,0.00793457,0
2.93637,2936,818.591248,818.5912,0.00793457,0
2.93817,2937,818.591248,818.5912,0.00793457,0
2.93999,2938,818.591248,818.5912,0.00793457,0
2.94002,2939,818.591248,818.5912,0.00793457,0
2.94126,2940,818.591248,818.5912,0.00793457,0
2.94307,2941,818.591248,818.5912,0.00793457,0
2.94310,2942,818.591248,818.5912,0.00793457,0
2.94433,2943,818.591248,818.5912,0.00793457,0
2.94436,2944,818.591248,818.5912,0.00793457,0
2.94617,2945,818.591248,818.5912,0.00793457,0
2.94801,2946,818.591248,818.5912,0.00793457,0
2.94805,2947,818.591248,818.5912,0.00793457,0
2.94925,2948,818.591248,818.5912,0.00793457,0
2.95108,2949,818.591248,818.5912,0.00793457,0
2.95110,2950,818.591248,818.5912,0.00793457,0
2.95234,2951,818.591248,818.5912,0.00793457,0
2.95237,2952,818.591248,818.5912,0.00793457,0
2.95418,2953,818.591248,818.5912,0.00793457,0
2.95602,2954,818.591248,818.5912,0.00793457,0
2.95605,2955,818.591248,818.5912,0.00793457,0
2.95725,2956,818.591248,818.5912,0.00793457,0
2.95908,2957,818.591248,818.5912,0.00793457,0
2.95911,2958,818.591248,818.5912,0.00793457,0
2.96058,2959,818.591248,818.5912,0.00793457,0
2.96061,2960,818.591248,818.5912,0.00793457,0
2.96217,2961,818.591248,818.5912,0.00793457,0
2.96399,2962,818.591248,818.5912,0.00793457,0
2.96402,2963,818.591248,818.5912,0.00793457,0
2.96525,2964,818.591248,818.5912,0.00793457,0
2.96708,2965,818.591248,818.5912,0.00793457,0
2.96710,2966,818.591248,818.5912,0.00793457,0
2.96834,2967,818.591248,818.5912,0.00793457,0
2.96836,2968,818.591248,818.5912,0.00793457,0
2.97017,2969,818.591248,818.5912,0.00793457,0
2.97198,2970,818.591248,818.5912,0.00793457,0
2.97200,2971,818.591248,818.5912,0.00793457,0
2.97327,2972,818.591248,818.5912,0.00793457,0
2.97507,2973,818.591248,818.5912,0.00793457,0
2.97509,2974,818.591248,818.5912,0.00793457,0
2.97634,2975,818.591248,818.5912,0.00793457,0
2.97638,2976,818.591248,818.5912,0.00793457,0
2.97819,2977,818.591248,818.5912,0.00793457,0
2.98002,2978,818.591248,818.5912,0.00793457,0
2.98005,2979,818.591248,818.5912,0.00793457,0
2.98127,2980,818.591248,818.5912,0.00793457,0
2.98307,2981,818.591248,818.5912,0.00793457,0
2.98309,2982,818.591248,818.5912,0.00793457,0
2.98435,2983,818.591248,818.5912,0.00793457,0
2.98436,2984,818.591248,818.5912,0.00793457,0
2.98615,2985,818.591248,818.5912,0.00793457,0
2.98799,2986,818.591248,818.5912,0.00793457,0
2.98801,2987,818.591248,818.5912,0.00793457,0
2.98923,2988,818.591248,818.5912,0.00793457,0
2.99105,2989,818.591248,818.5912,0.00793457,0
2.99106,2990,818.591248,818.5912,0.00793457,0
2.99235,2991,818.591248,818.5912,0.00793457,0
2.99236,2992,818.591248,818.5912,0.00793457,0
2.99417,2993,818.591248,818.5912,0.00793457,0
2.99600,2994,818.591248,818.5912,0.00793457,0
2.99602,2995,818.591248,818.5912,0.00793457,0
2.99725,2996,818.591248,818.5912,0.00793457,0
2.99908,2997,818.591248,818.5912,0.00793457,0
2.99909,2998,818.591248,818.5912,0.00793457,0
3.00035,2999,818.591248,818.5912,0.00793457,0
3.00037,3000,818.591248,818.5912,0.00793457,0
3.00215,3001,818.591248,818.5912,0.00793457,0
3.00397,3002,818.591248,818.5912,0.00793457,0
3.00399,3003,818.591248,818.5912,0.00793457,0
3.00526,3004,818.591248,818.5912,0.00793457,0
3.00707,3005,818.591248,818.5912,0.00793457,0
3.00709,3006,818.591248,818.5912,0.00793457,0
3.00833,3007,818.591248,818.5912,0.00793457,0
3.00835,3008,818.591248,818.5912,0.00793457,0
3.01015,3009,818.591248,818.5912,0.00793457,0
3.01199,3010,818.591248,818.5912,0.00793457,0
3.01201,3011,818.591248,818.5912,0.00793457,0
3.01323,3012,818.591248,818.5912,0.00793457,0
3.01505,3013,818.591248,818.5912,0.00793457,0
3.01507,3014,818.591248,818.5912,0.00793457,0
3.01636,3015,818.591248,818.5912,0.00793457,0
3.01640,3016,818.591248,818.5912,0.00793457,0
3.01814,3017,818.591248,818.5912,0.00793457,0
3.01999,3018,818.591248,818.5912,0.00793457,0
3.02002,3019,818.591248,818.5912,0.00793457,0
3.02126,3020,818.591248,818.5912,0.00793457,0
3.02305,3021,818.591248,818.5912,0.00793457,0
3.02307,3022,818.591248,818.5912,0.00793457,0
3.02433,3023,818.591248,818.5912,0.00793457,0
3.02435,3024,818.591248,818.5912,0.00793457,0
3.02614,3025,818.591248,818.5912,0.00793457,0
3.02798,3026,818.591248,818.5912,0.00793457,0
3.02801,3027,818.591248,818.5912,0.00793457,0
3.02924,3028,818.591248,818.5912,0.00793457,0
3.03105,3029,818.591248,818.5912,0.00793457,0
3.03106,3030,818.591248,818.5912,0.00793457,0
3.03238,3031,818.591248,818.5912,0.00793457,0
3.03241,3032,818.591248,818.5912,0.00793457,0
3.03413,3033,818.591248,818.5912,0.00793457,0
3.03597,3034,818.591248,818.5912,0.00793457,0
3.03599,3035,818.591248,818.5912,0.00793457,0
3.03723,3036,818.591248,818.5912,0.00793457,0
3.03907,3037,818.591248,818.5912,0.00793457,0
3.03909,3038,818.591248,818.5912,0.00793457,0
3.04033,3039,818.591248,818.5912,0.00793457,0
3.04036,3040,818.591248,818.5912,0.00793457,0
3.04213,3041,818.591248,818.5912,0.00793457,0
3.04398,3042,818.591248,818.5912,0.00793457,0
3.04402,3043,818.591248,818.5912,0.00793457,0
3.04525,3044,818.591248,818.5912,0.00793457,0
3.04707,3045,818.591248,818.5912,0.00793457,0
3.04709,3046,818.591248,818.5912,0.00793457,0
3.04837,3047,818.591248,818.5912,0.00793457,0
3.04842,3048,818.591248,818.5912,0.00793457,0
3.05016,3049,818.591248,818.5912,0.00793457,0
3.05202,3050,818.591248,818.5912,0.00793457,0
3.05205,3051,818.591248,818.5912,0.00793457,0
3.05323,3052,818.591248,818.5912,0.00793457,0
3.05506,3053,818.591248,818.5912,0.00793457,0
3.05508,3054,818.591248,818.5912,0.00793457,0
3.05631,3055,818.591248,818.5912,0.00793457,0
3.05634,3056,818.591248,818.5912,0.00793457,0
3.05814,3057,818.591248,818.5912,0.00793457,0
3.05999,3058,818.591248,818.5912,0.00793457,0
3.06002,3059,818.591248,818.5912,0.00793457,0
3.06126,3060,818.591248,818.5912,0.00793457,0
3.06309,3061,818.591248,818.5912,0.00793457,0
3.06312,3062,818.591248,818.5912,0.00793457,0
3.06433,3063,818.591248,818.5912,0.00793457,0
3.06434,3064,818.591248,818.5912,0.00793457,0
3.06616,3065,818.591248,818.5912,0.00793457,0
3.06800,3066,818.591248,818.5912,0.00793457,0
3.06802,3067,818.591248,818.5912,0.00793457,0
3.06923,3068,818.591248,818.5912,0.00793457,0
3.07105,3069,818.591248,818.5912,0.00793457,0
3.07107,3070,818.591248,818.5912,0.00793457,0
3.07231,3071,818.591248,818.5912,0.00793457,0
3.07232,3072,818.591248,818.5912,0.00793457,0
3.07416,3073,818.591248,818.5912,0.00793457,0
3.07614,3074,818.591248,818.5912,0.00793457,0
3.07617,3075,818.591248,818.5912,0.00793457,0
3.07729,3076,818.591248,818.5912,0.00793457,0
3.07909,3077,818.591248,818.5912,0.00793457,0
3.07911,3078,818.591248,818.5912,0.00793457,0
3.08032,3079,818.591248,818.5912,0.00793457,0
3.08035,3080,818.591248,818.5912,0.00793457,0
3.08216,3081,818.591248,818.5912,0.00793457,0
3.08399,3082,818.591248,818.5912,0.00793457,0
3.08403,3083,818.591248,818.5912,0.00793457,0
3.08523,3084,818.591248,818.5912,0.00793457,0
3.08708,3085,818.591248,818.5912,0.00793457,0
3.08710,3086,818.591248,818.5912,0.00793457,0
3.08832,3087,818.591248,818.5912,0.00793457,0
3.08833,3088,818.591248,818.5912,0.00793457,0
3.09013,3089,818.591248,818.5912,0.00793457,0
3.09198,3090,818.591248,818.5912,0.00793457,0
3.09200,3091,818.591248,818.5912,0.00793457,0
3.09325,3092,818.591248,818.5912,0.00793457,0
3.09509,3093,818.591248,818.5912,0.00793457,0
3.09510,3094,818.591248,818.5912,0.00793457,0
3.09633,3095,818.591248,818.5912,0.00793457,0
3.09638,3096,818.591248,818.5912,0.00793457,0
3.09816,3097,818.591248,818.5912,0.00793457,0
3.10000,3098,818.591248,818.5912,0.00793457,0
3.10003,3099,818.591248,818.5912,0.00793457,0
3.10124,3100,818.591248,818.5912,0.00793457,0
3.10309,3101,818.591248,818.5912,0.00793457,0
3.10312,3102,818.591248,818.5912,0.00793457,0
3.10432,3103,818.591248,818.5912,0.00793457,0
3.10433,3104,818.591248,818.5912,0.00793457,0
3.10617,3105,818.591248,818.5912,0.00793457,0
3.10800,3106,818.591248,818.5912,0.00793457,0
3.10802,3107,818.591248,818.5912,0.00793457,0
3.10924,3108,818.591248,818.5912,0.00793457,0
3.11109,3109,818.591248,818.5912,0.00793457,0
3.11113,3110,818.591248,818.5912,0.00793457,0
3.11233,3111,818.591248,818.5912,0.00793457,0
3.11235,3112,818.591248,818.5912,0.00793457,0
3.11414,3113,818.591248,818.5912,0.00793457,0
3.11599,3114,818.591248,818.5912,0.00793457,0
3.11603,3115,818.591248,818.5912,0.00793457,0
3.11723,3116,818.591248,818.5912,0.00793457,0
3.11906,3117,818.591248,818.5912,0.00793457,0
3.11910,3118,818.591248,818.5912,0.00793457,0
3.12031,3119,818.591248,818.5912,0.00793457,0
3.12032,3120,818.591248,818.5912,0.00793457,0
3.12218,3121,818.591248,818.5912,0.00793457,0
3.12400,3122,818.591248,818.5912,0.00793457,0
3.12402,3123,818.591248,818.5912,0.00793457,0
3.12523,3124,818.591248,818.5912,0.00793457,0
3.12725,3125,818.591248,818.5912,0.00793457,0
3.12728,3126,818.591248,818.5912,0.00793457,0
3.12834,3127,818.591248,818.5912,0.00793457,0
3.12836,3128,818.591248,818.5912,0.00793457,0
3.13019,3129,818.591248,818.5912,0.00793457,0
3.13201,3130,818.591248,818.5912,0.00793457,0
3.13206,3131,818.591248,818.5912,0.00793457,0
3.13322,3132,818.591248,818.5912,0.00793457,0
3.13507,3133,818.591248,818.5912,0.00793457,0
3.13509,3134,818.591248,818.5912,0.00793457,0
3.13635,3135,818.591248,818.5912,0.00793457,0
3.13637,3136,818.591248,818.5912,0.00793457,0
3.13819,3137,818.591248,818.5912,0.00793457,0
3.14003,3138,818.591248,818.5912,0.00793457,0
3.14006,3139,818.591248,818.5912,0.00793457,0
3.14125,3140,818.591248,818.5912,0.00793457,0
3.14309,3141,818.591248,818.5912,0.00793457,0
3.14311,3142,818.591248,818.5912,0.00793457,0
3.14434,3143,818.591248,818.5912,0.00793457,0
3.14439,3144,818.591248,818.5912,0.00793457,0
3.14618,3145,818.591248,818.5912,0.00793457,0
3.14802,3146,818.591248,818.5912,0.00793457,0
3.14804,3147,818.591248,818.5912,0.00793457,0
3.14924,3148,818.591248,818.5912,0.00793457,0
3.15110,3149,818.591248,818.5912,0.00793457,0
3.15113,3150,818.591248,818.5912,0.00793457,0
3.15233,3151,818.591248,818.5912,0.00793457,0
3.15235,3152,818.591248,818.5912,0.00793457,0
3.15418,3153,818.591248,818.5912,0.00793457,0
3.15599,3154,818.591248,818.5912,0.00793457,0
3.15601,3155,818.591248,818.5912,0.00793457,0
3.15723,3156,818.591248,818.5912,0.00793457,0
3.15908,3157,818.591248,818.5912,0.00793457,0
3.15910,3158,818.591248,818.5912,0.00793457,0
3.16066,3159,818.591248,818.5912,0.00793457,0
3.16072,3160,818.591248,818.5912,0.00793457,0
3.16221,3161,818.591248,818.5912,0.00793457,0
3.16403,3162,818.591248,818.5912,0.00793457,0
3.16405,3163,818.591248,818.5912,0.00793457,0
3.16523,3164,818.591248,818.5912,0.00793457,0
3.16711,3165,818.591248,818.5912,0.00793457,0
3.16713,3166,818.591248,818.5912,0.00793457,0
3.16833,3167,818.591248,818.5912,0.00793457,0
3.16836,3168,818.591248,818.5912,0.00793457,0
3.17018,3169,818.591248,818.5912,0.00793457,0
3.17199,3170,818.591248,818.5912,0.00793457,0
3.17201,3171,818.591248,818.5912,0.00793457,0
3.17323,3172,818.591248,818.5912,0.00793457,0
3.17510,3173,818.591248,818.5912,0.00793457,0
3.17514,3174,818.591248,818.5912,0.00793457,0
3.17632,3175,818.591248,818.5912,0.00793457,0
3.17634,3176,818.591248,818.5912,0.00793457,0
3.17820,3177,818.591248,818.5912,0.00793457,0
3.18013,3178,818.591248,818.5912,0.00793457,0
3.18017,3179,818.591248,818.5912,0.00793457,0
3.18125,3180,818.591248,818.5912,0.00793457,0
3.18318,3181,818.591248,818.5912,0.00793457,0
3.18323,3182,818.591248,818.5912,0.00793457,0
3.18432,3183,818.591248,818.5912,0.00793457,0
3.18433,3184,818.591248,818.5912,0.00793457,0
3.18617,3185,818.591248,818.5912,0.00793457,0
3.18798,3186,818.591248,818.5912,0.00793457,0
3.18800,3187,818.591248,818.5912,0.00793457,0
3.18923,3188,818.591248,818.5912,0.00793457,0
3.19110,3189,818.591248,818.5912,0.00793457,0
3.19112,3190,818.591248,818.5912,0.00793457,0
3.19233,3191,818.591248,818.5912,0.00793457,0
3.19236,3192,818.591248,818.5912,0.00793457,0
3.19418,3193,818.591248,818.5912,0.00793457,0
3.19599,3194,818.591248,818.5912,0.00793457,0
3.19603,3195,818.591248,818.5912,0.00793457,0
3.19724,3196,818.591248,818.5912,0.00793457,0
3.19912,3197,818.591248,818.5912,0.00793457,0
3.19915,3198,818.591248,818.5912,0.00793457,0
3.20033,3199,818.591248,818.5912,0.00793457,0
3.20037,3200,818.591248,818.5912,0.00793457,0
3.20217,3201,818.591248,818.5912,0.00793457,0
3.20399,3202,818.591248,818.5912,0.00793457,0
3.20403,3203,818.591248,818.5912,0.00793457,0
3.20522,3204,818.591248,818.5912,0.00793457,0
3.20708,3205,818.591248,818.5912,0.00793457,0
3.20711,3206,818.591248,818.5912,0.00793457,0
3.20831,3207,818.591248,818.5912,0.00793457,0
3.20833,3208,818.591248,818.5912,0.00793457,0
3.21016,3209,818.591248,818.5912,0.00793457,0
3.21200,3210,818.591248,818.5912,0.00793457,0
3.21202,3211,818.591248,818.5912,0.00793457,0
3.21325,3212,818.591248,818.5912,0.00793457,0
3.21511,3213,818.591248,818.5912,0.00793457,0
3.21515,3214,818.591248,818.5912,0.00793457,0
3.21635,3215,818.591248,818.5912,0.00793457,0
3.21638,3216,818.591248,818.5912,0.00793457,0
3.21819,3217,818.591248,818.5912,0.00793457,0
3.21998,3218,818.591248,818.5912,0.00793457,0
3.22000,3219,818.591248,818.5912,0.00793457,0
3.22127,3220,818.591248,818.5912,0.00793457,0
3.22310,3221,818.591248,818.5912,0.00793457,0
3.22312,3222,818.591248,818.5912,0.00793457,0
3.22431,3223,818.591248,818.5912,0.00793457,0
3.22433,3224,818.591248,818.5912,0.00793457,0
3.22619,3225,818.591248,818.5912,0.00793457,0
3.22803,3226,818.591248,818.5912,0.00793457,0
3.22805,3227,818.591248,818.5912,0.00793457,0
3.22924,3228,818.591248,818.5912,0.00793457,0
3.23106,3229,818.591248,818.5912,0.00793457,0
3.23108,3230,818.591248,818.5912,0.00793457,0
3.23234,3231,818.591248,818.5912,0.00793457,0
3.23237,3232,818.591248,818.5912,0.00793457,0
3.23417,3233,818.591248,818.5912,0.00793457,0
3.23603,3234,818.591248,818.5912,0.00793457,0
3.23607,3235,818.591248,818.5912,0.00793457,0
3.23725,3236,818.591248,818.5912,0.00793457,0
3.23908,3237,818.591248,818.5912,0.00793457,0
3.23911,3238,818.591248,818.5912,0.00793457,0
3.24032,3239,818.591248,818.5912,0.00793457,0
3.24034,3240,818.591248,818.5912,0.00793457,0
3.24217,3241,818.591248,818.5912,0.00793457,0
3.24407,3242,818.591248,818.5912,0.00793457,0
3.24415,3243,818.591248,818.5912,0.00793457,0
3.24525,3244,818.591248,818.5912,0.00793457,0
3.24709,3245,818.591248,818.5912,0.00793457,0
3.24711,3246,818.591248,818.5912,0.00793457,0
3.24832,3247,818.591248,818.5912,0.00793457,0
3.24833,3248,818.591248,818.5912,0.00793457,0
3.25020,3249,818.591248,818.5912,0.00793457,0
3.25200,3250,818.591248,818.5912,0.00793457,0
3.25204,3251,818.591248,818.5912,0.00793457,0
3.25323,3252,818.591248,818.5912,0.00793457,0
3.25508,3253,818.591248,818.5912,0.00793457,0
3.25512,3254,818.591248,818.5912,0.00793457,0
3.25632,3255,818.591248,818.5912,0.00793457,0
3.25634,3256,818.591248,818.5912,0.00793457,0
3.25818,3257,818.591248,818.5912,0.00793457,0
3.25999,3258,818.591248,818.5912,0.00793457,0
3.26002,3259,818.591248,818.5912,0.00793457,0
3.26128,3260,818.591248,818.5912,0.00793457,0
3.26307,3261,818.591248,818.5912,0.00793457,0
3.26309,3262,818.591248,818.5912,0.00793457,0
3.26431,3263,818.591248,818.5912,0.00793457,0
3.26433,3264,818.591248,818.5912,0.00793457,0
3.26620,3265,818.591248,818.5912,0.00793457,0
3.26800,3266,818.591248,818.5912,0.00793457,0
3.26802,3267,818.591248,818.5912,0.00793457,0
3.26923,3268,818.591248,818.5912,0.00793457,0
3.27109,3269,818.591248,818.5912,0.00793457,0
3.27113,3270,818.591248,818.5912,0.00793457,0
3.27232,3271,818.591248,818.5912,0.00793457,0
3.27234,3272,818.591248,818.5912,0.00793457,0
3.27418,3273,818.591248,818.5912,0.00793457,0
3.27604,3274,818.591248,818.5912,0.00793457,0
3.27607,3275,818.591248,818.5912,0.00793457,0
3.27745,3276,818.591248,818.5912,0.00793457,0
3.27919,3277,818.591248,818.5912,0.00793457,0
3.27922,3278,818.591248,818.5912,0.00793457,0
3.28033,3279,818.591248,818.5912,0.00793457,0
3.28034,3280,818.591248,818.5912,0.00793457,0
3.28215,3281,818.591248,818.5912,0.00793457,0
3.28400,3282,818.591248,818.5912,0.00793457,0
3.28401,3283,818.591248,818.5912,0.00793457,0
3.28523,3284,818.591248,818.5912,0.00793457,0
3.28710,3285,818.591248,818.5912,0.00793457,0
3.28714,3286,818.591248,818.5912,0.00793457,0
3.28831,3287,818.591248,818.5912,0.00793457,0
3.28833,3288,818.591248,818.5912,0.00793457,0
3.29017,3289,818.591248,818.5912,0.00793457,0
3.29200,3290,818.591248,818.5912,0.00793457,0
3.29203,3291,818.591248,818.5912,0.00793457,0
3.29325,3292,818.591248,818.5912,0.00793457,0
3.29510,3293,818.591248,818.5912,0.00793457,0
3.29513,3294,818.591248,818.5912,0.00793457,0
3.29634,3295,818.591248,818.5912,0.00793457,0
3.29637,3296,818.591248,818.5912,0.00793457,0
3.29818,3297,818.591248,818.5912,0.00793457,0
3.30000,3298,818.591248,818.5912,0.00793457,0
