t,n,A,B,C,D
0.00173,0,804.4014,804.40155,-0.01953125,0
0.00280,1,804.4014,804.40155,-0.01953125,0
0.00464,2,804.4014,804.40155,-0.01953125,0
0.00465,3,804.4014,804.40155,-0.01953125,0
0.00596,4,804.4014,804.40155,-0.01953125,0
0.00599,5,804.4014,804.40155,-0.01953125,0
0.00770,6,804.4014,804.40155,-0.01953125,0
0.00959,7,804.4014,804.40155,-0.01953125,0
0.00962,8,804.4014,804.40155,-0.01953125,0
0.01087,9,804.4014,804.40155,-0.01953125,0
0.01262,10,804.4014,804.40155,-0.01953125,0
0.01265,11,804.4014,804.40155,-0.01953125,0
0.01388,12,804.4014,804.40155,-0.01953125,0
0.01391,13,804.4014,804.40155,-0.01953125,0
0.01569,14,804.4014,804.40155,-0.01953125,0
0.01753,15,804.4014,804.40155,-0.01953125,0
0.01755,16,804.4014,804.40155,-0.01953125,0
0.01877,17,804.4014,804.40155,-0.01953125,0
0.02060,18,804.4014,804.40155,-0.01953125,0
0.02061,19,804.4014,804.40155,-0.01953125,0
0.02189,20,804.4014,804.40155,-0.01953125,0
0.02191,21,804.4014,804.40155,-0.01953125,0
0.02369,22,804.4014,804.40155,-0.01953125,0
0.02580,23,804.4014,804.40155,-0.01953125,0
0.02587,24,804.4014,804.40155,-0.01953125,0
0.02680,25,804.4014,804.40155,-0.01953125,0
0.02862,26,804.4014,804.40155,-0.01953125,0
0.02864,27,804.4014,804.40155,-0.01953125,0
0.02989,28,804.4014,804.40155,-0.01953125,0
0.02991,29,804.4014,804.40155,-0.01953125,0
0.03169,30,804.4014,804.40155,-0.01953125,0
0.03353,31,804.4014,804.40155,-0.01953125,0
0.03354,32,804.4014,804.40155,-0.01953125,0
0.03477,33,804.4014,804.40155,-0.01953125,0
0.03661,34,804.4014,804.40155,-0.01953125,0
0.03665,35,804.4014,804.40155,-0.01953125,0
0.03788,36,804.4014,804.40155,-0.01953125,0
0.03790,37,804.4014,804.40155,-0.01953125,0
0.03971,38,804.4014,804.40155,-0.01953125,0
0.04155,39,804.4014,804.40155,-0.01953125,0
0.04159,40,804.4014,804.40155,-0.01953125,0
0.04279,41,804.4014,804.40155,-0.01953125,0
0.04463,42,804.4014,804.40155,-0.01953125,0
0.04466,43,804.4014,804.40155,-0.01953125,0
0.04587,44,804.4014,804.40155,-0.01953125,0
0.04590,45,804.4014,804.40155,-0.01953125,0
0.04769,46,804.4014,804.40155,-0.01953125,0
0.04953,47,804.4014,804.40155,-0.01953125,0
0.04956,48,804.4014,804.40155,-0.01953125,0
0.05078,49,804.4014,804.40155,-0.01953125,0
0.05262,50,804.4014,804.40155,-0.01953125,0
0.05264,51,804.4014,804.40155,-0.01953125,0
0.05387,52,804.4014,804.40155,-0.01953125,0
0.05390,53,804.4014,804.40155,-0.01953125,0
0.05570,54,804.4014,804.40155,-0.01953125,0
0.05755,55,804.4014,804.40155,-0.01953125,0
0.05759,56,804.4014,804.40155,-0.01953125,0
0.05916,57,804.4014,804.40155,-0.01953125,0
0.06063,58,804.4014,804.40155,-0.01953125,0
0.06065,59,804.4014,804.40155,-0.01953125,0
0.06187,60,804.4014,804.40155,-0.01953125,0
0.06190,61,804.4014,804.40155,-0.01953125,0
0.06371,62,804.4014,804.40155,-0.01953125,0
0.06555,63,804.4014,804.40155,-0.01953125,0
0.06557,64,804.4014,804.40155,-0.01953125,0
0.06679,65,804.4014,804.40155,-0.01953125,0
0.06864,66,804.4014,804.40155,-0.01953125,0
0.06866,67,804.4014,804.40155,-0.01953125,0
0.06987,68,804.4014,804.40155,-0.01953125,0
0.06989,69,804.4014,804.40155,-0.01953125,0
0.07171,70,804.4014,804.40155,-0.01953125,0
0.07354,71,804.4014,804.40155,-0.01953125,0
0.07356,72,804.4014,804.40155,-0.01953125,0
0.07477,73,804.4014,804.40155,-0.01953125,0
0.07663,74,804.4014,804.40155,-0.01953125,0
0.07665,75,804.4014,804.40155,-0.01953125,0
0.07787,76,804.4014,804.40155,-0.01953125,0
0.07789,77,804.4014,804.40155,-0.01953125,0
0.07973,78,804.4014,804.40155,-0.01953125,0
0.08155,79,804.4014,804.40155,-0.01953125,0
0.08157,80,804.4014,804.40155,-0.01953125,0
0.08279,81,804.4014,804.40155,-0.01953125,0
0.08465,82,804.4014,804.40155,-0.01953125,0
0.08469,83,804.4014,804.40155,-0.01953125,0
0.08587,84,804.4014,804.40155,-0.01953125,0
0.08589,85,804.4014,804.40155,-0.01953125,0
0.08770,86,804.4014,804.40155,-0.01953125,0
0.08953,87,804.4014,804.40155,-0.01953125,0
0.08955,88,804.4014,804.40155,-0.01953125,0
0.09078,89,804.4014,804.40155,-0.01953125,0
0.09265,90,804.4014,804.40155,-0.01953125,0
0.09270,91,804.4014,804.40155,-0.01953125,0
0.09388,92,804.4014,804.40155,-0.01953125,0
0.09389,93,804.4014,804.40155,-0.01953125,0
0.09571,94,804.4014,804.40155,-0.01953125,0
0.09754,95,804.4014,804.40155,-0.01953125,0
0.09757,96,804.4014,804.40155,-0.01953125,0
0.09877,97,804.4014,804.40155,-0.01953125,0
0.10062,98,804.4014,804.40155,-0.01953125,0
0.10063,99,804.4014,804.40155,-0.01953125,0
0.10187,100,804.4014,804.40155,-0.01953125,0
0.10188,101,804.4014,804.40155,-0.01953125,0
0.10369,102,804.4014,804.40155,-0.01953125,0
0.10555,103,804.4014,804.40155,-0.01953125,0
0.10558,104,804.4014,804.40155,-0.01953125,0
0.10678,105,804.4014,804.40155,-0.01953125,0
0.10864,106,804.4014,804.40155,-0.01953125,0
0.10868,107,804.4014,804.40155,-0.01953125,0
0.10990,108,804.4014,804.40155,-0.01953125,0
0.10995,109,804.4014,804.40155,-0.01953125,0
0.11173,110,804.4014,804.40155,-0.01953125,0
0.11357,111,804.4014,804.40155,-0.01953125,0
0.11359,112,804.4014,804.40155,-0.01953125,0
0.11477,113,804.4014,804.40155,-0.01953125,0
0.11662,114,804.4014,804.40155,-0.01953125,0
0.11665,115,804.4014,804.40155,-0.01953125,0
0.11789,116,804.4014,804.40155,-0.01953125,0
0.11791,117,804.4014,804.40155,-0.01953125,0
0.11971,118,804.4014,804.40155,-0.01953125,-0.0163597353
0.12154,119,804.4014,804.40155,-0.01953125,-0.0163597353
0.12158,120,804.4014,804.40155,-0.01953125,-0.0163597353
0.12279,121,804.4014,804.40155,-0.01953125,-0.0163597353
0.12467,122,804.4014,804.40155,-0.01953125,-0.0163597353
0.12469,123,804.4014,804.40155,-0.01953125,-0.0163597353
0.12601,124,804.4014,804.40155,-0.01953125,-0.0163597353
0.12606,125,804.4014,804.40155,-0.01953125,0
0.12775,126,804.4014,804.40155,-0.01953125,0
0.12957,127,804.4014,804.40155,-0.01953125,0
0.12961,128,804.4014,804.40155,-0.01953125,0
0.13080,129,804.4014,804.40155,-0.01953125,0
0.13263,130,804.4014,804.40155,-0.01953125,0
0.13267,131,804.4014,804.40155,-0.01953125,0
0.13391,132,804.4014,804.40155,-0.01953125,0
0.13394,133,804.4014,804.40155,-0.01953125,0
0.13574,134,804.4014,804.40155,-0.01953125,0
0.13752,135,804.4014,804.40155,-0.01953125,0
0.13754,136,804.4014,804.40155,-0.01953125,0
0.13878,137,804.4014,804.40155,-0.01953125,0
0.14068,138,804.4014,804.40155,-0.01953125,0
0.14071,139,804.4014,804.40155,-0.01953125,0
0.14186,140,804.4014,804.40155,-0.01953125,0
0.14188,141,804.4014,804.40155,-0.01953125,0
0.14377,142,804.4014,804.40155,-0.01953125,0
0.14560,143,804.4014,804.40155,-0.01953125,0
0.14563,144,804.4014,804.40155,-0.01953125,0
0.14678,145,804.4014,804.40155,-0.01953125,0
0.14866,146,804.4014,804.40155,-0.01953125,0
0.14869,147,804.4014,804.40155,-0.01953125,0
0.14990,148,804.4014,804.40155,-0.01953125,0
0.14991,149,804.4014,804.40155,-0.01953125,0
0.15173,150,804.4014,804.40155,-0.01953125,0
0.15368,151,804.4014,804.40155,-0.01953125,-0.0163597353
0.15374,152,804.4014,804.40155,-0.01953125,-0.0163597353
0.15483,153,804.4014,804.40155,-0.01953125,-0.0163597353
0.15663,154,804.4014,804.40155,-0.01953125,-0.0272662267
0.15665,155,804.4014,804.40155,-0.01953125,-0.0163597353
0.15786,156,804.4014,804.40155,-0.01953125,-0.0163597353
0.15787,157,804.4014,804.40155,-0.01953125,0
0.15974,158,804.4014,804.40155,-0.01953125,0
0.16156,159,804.4014,804.40155,-0.01953125,0
0.16162,160,804.4014,804.40155,-0.01953125,0
0.16279,161,804.4014,804.40155,-0.01953125,0
0.16463,162,804.4014,804.40155,-0.01953125,0
0.16466,163,804.4014,804.40155,-0.01953125,0
0.16587,164,804.4014,804.40155,-0.01953125,0
0.16589,165,804.4014,804.40155,-0.01953125,0
0.16772,166,804.4014,804.40155,-0.01953125,0
0.16957,167,804.4014,804.40155,-0.01953125,0
0.16959,168,804.4014,804.40155,-0.01953125,0
0.17080,169,804.4014,804.40155,-0.01953125,0
0.17262,170,804.4014,804.40155,-0.01953125,0
0.17264,171,804.4014,804.40155,-0.01953125,0
0.17387,172,804.4014,804.40155,-0.01953125,0
0.17388,173,804.4014,804.40155,-0.01953125,0
0.17579,174,804.4014,804.40155,-0.01953125,0
0.17756,175,804.4014,804.40155,-0.01953125,0
0.17759,176,804.4014,804.40155,-0.01953125,0
0.17879,177,804.4014,804.40155,-0.01953125,0
0.18064,178,804.4014,804.40155,-0.01953125,0
0.18067,179,804.4014,804.40155,-0.01953125,0
0.18187,180,804.4014,804.40155,-0.01953125,0
0.18189,181,804.4014,804.40155,-0.01953125,0
0.18371,182,804.4014,804.40155,-0.01953125,0
0.18554,183,804.4014,804.40155,-0.01953125,0
0.18556,184,804.4014,804.40155,-0.01953125,0
0.18677,185,804.4014,804.40155,-0.01953125,0
0.18864,186,804.4014,804.40155,-0.01953125,0
0.18866,187,804.4014,804.40155,-0.01953125,0
0.18986,188,804.4014,804.40155,-0.01953125,0
0.18987,189,804.4014,804.40155,-0.01953125,0
0.19171,190,804.4014,804.40155,-0.01953125,0
0.19353,191,804.4014,804.40155,-0.01953125,0
0.19355,192,804.4014,804.40155,-0.01953125,0
0.19478,193,804.4014,804.40155,-0.01953125,0
0.19661,194,804.4014,804.40155,-0.01953125,0
0.19662,195,804.4014,804.40155,-0.01953125,0
0.19787,196,804.4014,804.40155,-0.01953125,0
0.19788,197,804.4014,804.40155,-0.01953125,0
0.19969,198,804.4014,804.40155,-0.01953125,0
0.20154,199,804.4014,804.40155,-0.01953125,0
0.20158,200,804.4014,804.40155,-0.01953125,0
0.20277,201,804.4014,804.40155,-0.01953125,0
0.20464,202,804.4014,804.40155,-0.01953125,0
0.20467,203,804.4014,804.40155,-0.01953125,0
0.20586,204,804.4014,804.40155,-0.01953125,0
0.20587,205,804.4014,804.40155,-0.01953125,0
0.20771,206,804.4014,804.40155,-0.01953125,0
0.20954,207,804.4014,804.40155,-0.01953125,0
0.20955,208,804.4014,804.40155,-0.01953125,0
0.21079,209,804.4014,804.40155,-0.01953125,0
0.21263,210,804.4014,804.40155,-0.01953125,0
0.21266,211,804.4014,804.40155,-0.01953125,0
0.21388,212,804.4014,804.40155,-0.01953125,0
0.21391,213,804.4014,804.40155,-0.01953125,0
0.21575,214,804.4014,804.40155,-0.01953125,0
0.21755,215,804.4014,804.40155,-0.01953125,0
0.21758,216,804.4014,804.40155,-0.01953125,0
0.21884,217,804.4014,804.40155,-0.01953125,0
0.22063,218,804.4014,804.40155,-0.01953125,0
0.22065,219,804.4014,804.40155,-0.01953125,0
0.22189,220,804.4014,804.40155,-0.01953125,0
0.22191,221,804.4014,804.40155,-0.01953125,0
0.22372,222,804.4014,804.40155,-0.01953125,0
0.22560,223,804.4014,804.40155,-0.01953125,0
0.22563,224,804.4014,804.40155,-0.01953125,0
0.22682,225,804.4014,804.40155,-0.01953125,0
0.22863,226,804.4014,804.40155,-0.01953125,0
0.22865,227,804.4014,804.40155,-0.01953125,0
0.22987,228,804.4014,804.40155,-0.01953125,0
0.22990,229,804.4014,804.40155,-0.01953125,0
0.23173,230,804.4014,804.40155,-0.01953125,0
0.23355,231,804.4014,804.40155,-0.01953125,0
0.23359,232,804.4014,804.40155,-0.01953125,0
0.23478,233,804.4014,804.40155,-0.01953125,0
0.23663,234,804.4014,804.40155,-0.01953125,0
0.23666,235,804.4014,804.40155,-0.01953125,0
0.23786,236,804.4014,804.40155,-0.01953125,0
0.23788,237,804.4014,804.40155,-0.01953125,0
0.23974,238,804.4014,804.40155,-0.01953125,0
0.24155,239,804.4014,804.40155,-0.01953125,0
0.24158,240,804.4014,804.40155,-0.01953125,0
0.24280,241,804.4014,804.40155,-0.01953125,0
0.24467,242,804.4014,804.40155,-0.01953125,0
0.24469,243,804.4014,804.40155,-0.01953125,0
0.24587,244,804.4014,804.40155,-0.01953125,0
0.24589,245,804.4014,804.40155,-0.01953125,0
0.24774,246,804.4014,804.40155,-0.01953125,0
0.24956,247,804.4014,804.40155,-0.01953125,0
0.24958,248,804.4014,804.40155,-0.01953125,0
0.25077,249,804.4014,804.40155,-0.01953125,0
0.25261,250,804.4014,804.40155,-0.01953125,0
0.25263,251,804.4014,804.40155,-0.01953125,0
0.25387,252,804.4014,804.40155,-0.01953125,0
0.25389,253,804.4014,804.40155,-0.01953125,0
0.25571,254,804.4014,804.40155,-0.01953125,0
0.25757,255,804.4014,804.40155,-0.01953125,0
0.25759,256,804.4014,804.40155,-0.01953125,0
0.25909,257,804.4014,804.40155,-0.01953125,0
0.26063,258,804.4014,804.40155,-0.01953125,0
0.26065,259,804.4014,804.40155,-0.01953125,0
0.26188,260,804.4014,804.40155,-0.01953125,0
0.26189,261,804.4014,804.40155,-0.01953125,0
0.26374,262,804.4014,804.40155,-0.01953125,0
0.26555,263,804.4014,804.40155,-0.01953125,0
0.26558,264,804.4014,804.40155,-0.01953125,0
0.26678,265,804.4014,804.40155,-0.01953125,0
0.26866,266,804.4014,804.40155,-0.01953125,0
0.26870,267,804.4014,804.40155,-0.01953125,0
0.26986,268,804.4014,804.40155,-0.01953125,0
0.26987,269,804.4014,804.40155,-0.01953125,0
0.27172,270,804.4014,804.40155,-0.01953125,0
0.27353,271,804.4014,804.40155,-0.01953125,0
0.27355,272,804.4014,804.40155,-0.01953125,0
0.27478,273,804.4014,804.40155,-0.01953125,0
0.27664,274,804.4014,804.40155,-0.01953125,0
0.27667,275,804.4014,804.40155,-0.01953125,0
0.27787,276,804.4014,804.40155,-0.01953125,0
0.27788,277,804.4014,804.40155,-0.01953125,0
0.27974,278,804.4014,804.40155,-0.01953125,0
0.28154,279,804.4014,804.40155,-0.01953125,0
0.28156,280,804.4014,804.40155,-0.01953125,0
0.28278,281,804.4014,804.40155,-0.01953125,0
0.28464,282,804.4014,804.40155,-0.01953125,0
0.28467,283,804.4014,804.40155,-0.01953125,0
0.28587,284,804.4014,804.40155,-0.01953125,0
0.28588,285,804.4014,804.40155,-0.01953125,0
0.28771,286,804.4014,804.40155,-0.01953125,0
0.28956,287,804.4014,804.40155,-0.01953125,0
0.28959,288,804.4014,804.40155,-0.01953125,0
0.29078,289,804.4014,804.40155,-0.01953125,0
0.29265,290,804.4014,804.40155,-0.01953125,0
0.29269,291,804.4014,804.40155,-0.01953125,0
0.29387,292,804.4014,804.40155,-0.01953125,0
0.29390,293,804.4014,804.40155,-0.01953125,0
0.29571,294,804.4014,804.40155,-0.01953125,0
0.29757,295,804.4014,804.40155,-0.01953125,0
0.29760,296,804.4014,804.40155,-0.01953125,0
0.29878,297,804.4014,804.40155,-0.01953125,0
0.30063,298,804.4014,804.40155,-0.01953125,0
0.30077,299,804.4014,804.40155,-0.01953125,0
0.30187,300,804.4014,804.40155,-0.01953125,0
0.30188,301,804.6014,804.40155,25,0
0.30372,302,804.6014,804.40155,25,0
0.30556,303,804.6014,804.401733,25,0
0.30560,304,804.6014,804.402954,25,0.147237629
0.30678,305,804.6014,804.404968,25,0.5126051
0.30863,306,804.6014,804.408,25,1.11791527
0.30867,307,804.6014,804.4127,25,2.03951359
0.30988,308,804.6014,804.418335,25,3.16833544
0.30990,309,804.6014,804.4241,25,4.198999
0.31173,310,804.6014,804.4308,25,5.109691
0.31355,311,804.6014,804.439331,25,6.00947666
0.31358,312,804.6014,804.4482,24.5117188,6.92562151
0.31477,313,804.6014,804.458252,22.90039,7.667263
0.31663,314,804.6014,804.4689,21.2011719,8.828804
0.31666,315,804.6014,804.4808,19.296875,9.581352
0.31787,316,804.6014,804.4935,17.25586,10.573842
0.31788,317,804.6014,804.5076,15,11.3972826
0.31971,318,804.6014,804.520264,12.9785156,12.2861614
0.32156,319,804.6014,804.534363,10.7226563,12.9732714
0.32160,320,804.6014,804.5469,8.720703,13.1532278
0.32280,321,804.6014,804.557434,7.03125,13.3822651
0.32465,322,804.6014,804.5695,5.09765625,12.7115154
0.32468,323,804.6014,804.578857,3.60351563,12.002593
0.32598,324,804.6014,804.587158,2.27539063,10.9664764
0.32600,325,804.6014,804.5944,1.11328125,9.755856
0.32775,326,804.6014,804.599731,0.263671875,8.610674
0.32957,327,804.6014,804.6066,-0.83984375,7.492759
0.32960,328,804.6014,804.6108,-1.50390625,6.685679
0.33079,329,804.6014,804.6139,-2.00195313,5.58957672
0.33264,330,804.6014,804.6165,-2.421875,4.640712
0.33267,331,804.6014,804.6178,-2.62695313,3.708207
0.33387,332,804.6014,804.618469,-2.734375,2.46486688
0.33389,333,804.6014,804.6185,-2.74414063,1.69595933
0.33570,334,804.6014,804.618347,-2.71484375,0.8997855
0.33755,335,804.6014,804.6177,-2.60742188,0.272662252
0.33758,336,804.6014,804.6169,-2.48046875,-0.16359736
0.33879,337,804.6014,804.6159,-2.32421875,-0.490792066
0.34063,338,804.6014,804.6148,-2.1484375,-0.747094631
0.34066,339,804.6014,804.6138,-1.98242188,-0.905238748
0.34188,340,804.6014,804.6128,-1.82617188,-1.00885046
0.34190,341,804.6014,804.611938,-1.68945313,-1.03066337
0.34374,342,804.6014,804.6112,-1.57226563,-0.981584132
0.34558,343,804.6014,804.6107,-1.49414063,-0.8834258
0.34560,344,804.6014,804.6105,-1.45507813,-0.719828367
0.34680,345,804.6014,804.6105,-1.45507813,-0.5180583
0.34865,346,804.6014,804.610657,-1.484375,-0.310834974
0.34867,347,804.6014,804.6111,-1.55273438,-0.07089219
0.34990,348,804.6014,804.611755,-1.66015625,0.158144116
0.34992,349,804.6014,804.612549,-1.78710938,0.37627393
0.35174,350,804.6014,804.613342,-1.9140625,0.578044
0.35352,351,804.6014,804.614258,-2.06054688,0.7034687
0.35354,352,804.6014,804.6151,-2.19726563,0.785267353
0.35478,353,804.6014,804.615845,-2.31445313,0.817986846
0.35664,354,804.6014,804.6165,-2.421875,0.817986846
0.35666,355,804.6014,804.6172,-2.52929688,0.785267353
0.35787,356,804.6014,804.6178,-2.62695313,0.725281656
0.35789,357,804.6014,804.618164,-2.68554688,0.6380297
0.35971,358,804.6014,804.618347,-2.71484375,0.5235115
0.36153,359,804.6014,804.618469,-2.734375,0.3980869
0.36155,360,804.6014,804.618347,-2.71484375,0.2508493
0.36281,361,804.6014,804.618164,-2.68554688,0.087251924
0.36464,362,804.6014,804.617737,-2.6171875,-0.0599856973
0.36468,363,804.6014,804.617249,-2.5390625,-0.207223326
0.36587,364,804.6014,804.6167,-2.45117188,-0.332647949
0.36590,365,804.6014,804.615356,-2.23632813,-0.561684251
0.36774,366,804.6014,804.6147,-2.12890625,-0.632576466
0.36951,367,804.6014,804.613831,-1.9921875,-0.6980154
0.36952,368,804.6014,804.613159,-1.88476563,-0.7307349
0.37082,369,804.6014,804.6124,-1.76757813,-0.747094631
0.37262,370,804.6014,804.611755,-1.66015625,-0.747094631
0.37265,371,804.6014,804.6111,-1.55273438,-0.719828367
0.37389,372,804.6014,804.610657,-1.484375,-0.6652959
0.37393,373,804.6014,804.610352,-1.43554688,-0.6053102
0.37580,374,804.6014,804.6102,-1.41601563,-0.458072573
0.37754,375,804.6014,804.610352,-1.43554688,-0.3217415
0.37755,376,804.6014,804.6105,-1.45507813,-0.152690873
0.37878,377,804.6014,804.6109,-1.5234375,0.021812981
0.38068,378,804.6014,804.6113,-1.59179688,0.147237629
0.38072,379,804.6014,804.611755,-1.66015625,0.28356877
0.38187,380,804.6014,804.612244,-1.73828125,0.37627393
0.38188,381,804.6014,804.612732,-1.81640625,0.4417129
0.38371,382,804.6014,804.613159,-1.88476563,0.463525862
0.38558,383,804.6014,804.6135,-1.94335938,0.4417129
0.38562,384,804.6014,804.6138,-1.98242188,0.408993423
0.38678,385,804.6014,804.614,-2.02148438,0.3490077
0.38864,386,804.6014,804.614136,-2.04101563,0.294475257
0.38866,387,804.6014,804.6143,-2.0703125,0.23448956
0.38986,388,804.6014,804.6143,-2.0703125,0.179957092
0.38988,389,804.6014,804.6143,-2.0703125,0.125424653
0.39171,390,804.6014,804.6143,-2.0703125,0.0545324534
0.39352,391,804.6014,804.614136,-2.04101563,0
0.39354,392,804.6014,804.614,-2.02148438,-0.04907921
0.39478,393,804.6014,804.613831,-1.9921875,-0.09270517
0.39660,394,804.6014,804.6138,-1.98242188,-0.114518143
0.39662,395,804.6014,804.6135,-1.94335938,-0.152690873
0.39788,396,804.6014,804.613342,-1.9140625,-0.174503848
0.39790,397,804.6014,804.613037,-1.86523438,-0.185410336
0.39973,398,804.6014,804.612854,-1.8359375,-0.207223326
0.40151,399,804.6014,804.6126,-1.796875,-0.229036286
0.40153,400,804.6014,804.6124,-1.76757813,-0.239942789
0.40278,401,804.6014,804.612244,-1.73828125,-0.239942789
0.40460,402,804.6014,804.612061,-1.70898438,-0.229036286
0.40461,403,804.6014,804.611938,-1.68945313,-0.207223326
0.40587,404,804.6014,804.611755,-1.66015625,-0.196316838
0.40589,405,804.6014,804.611633,-1.640625,-0.174503848
0.40772,406,804.6014,804.611633,-1.640625,-0.130877882
0.40955,407,804.6014,804.611755,-1.66015625,-0.09270517
0.40959,408,804.6014,804.611755,-1.66015625,-0.0272662267
0.41079,409,804.6014,804.611938,-1.68945313,0.03271947
0.41262,410,804.6014,804.612061,-1.70898438,0.06543894
0.41264,411,804.6014,804.612244,-1.73828125,0.109064907
0.41388,412,804.6014,804.6124,-1.76757813,0.125424653
0.41389,413,804.6014,804.612549,-1.78710938,0.147237629
0.41572,414,804.6014,804.612732,-1.81640625,0.147237629
0.41752,415,804.6014,804.6128,-1.82617188,0.136331126
0.41753,416,804.6014,804.612854,-1.8359375,0.125424653
0.41878,417,804.6014,804.613,-1.85546875,0.09815842
0.42060,418,804.6014,804.613,-1.85546875,0.087251924
0.42063,419,804.6014,804.613,-1.85546875,0.06543894
0.42186,420,804.6014,804.612854,-1.8359375,0.03271947
0.42188,421,804.6014,804.6128,-1.82617188,-0.0163597353
0.42374,422,804.6014,804.612732,-1.81640625,-0.0599856973
0.42584,423,804.6014,804.612549,-1.78710938,-0.08179868
0.42590,424,804.6014,804.6124,-1.76757813,-0.103611663
0.42680,425,804.6014,804.6124,-1.76757813,-0.130877882
0.42865,426,804.6014,804.612244,-1.73828125,-0.130877882
0.42867,427,804.6014,804.612061,-1.70898438,-0.141784385
0.42988,428,804.6014,804.611938,-1.68945313,-0.130877882
0.42990,429,804.6014,804.611938,-1.68945313,-0.130877882
0.43171,430,804.6014,804.611755,-1.66015625,-0.130877882
0.43352,431,804.6014,804.611633,-1.640625,-0.114518143
0.43355,432,804.6014,804.611633,-1.640625,-0.114518143
0.43482,433,804.6014,804.611633,-1.640625,-0.09270517
0.43666,434,804.6014,804.611633,-1.640625,-0.07089219
0.43670,435,804.6014,804.611633,-1.640625,-0.03817272
0.43788,436,804.6014,804.611755,-1.66015625,0.0109064905
0.43789,437,804.6014,804.6119,-1.6796875,0.043625962
0.43970,438,804.6014,804.611938,-1.68945313,0.06543894
0.44152,439,804.6014,804.612061,-1.70898438,0.07634544
0.44154,440,804.6014,804.6122,-1.72851563,0.07634544
0.44284,441,804.6014,804.612244,-1.73828125,0.07634544
0.44462,442,804.6014,804.612244,-1.73828125,0.07634544
0.44463,443,804.6014,804.6123,-1.74804688,0.06543894
0.44592,444,804.6014,804.6123,-1.74804688,0.0545324534
0.44594,445,804.6014,804.6124,-1.76757813,0.043625962
0.44770,446,804.6014,804.612244,-1.73828125,0.021812981
0.44954,447,804.6014,804.612244,-1.73828125,0
0.44956,448,804.6014,804.612061,-1.70898438,-0.0272662267
0.45080,449,804.6014,804.612061,-1.70898438,-0.0599856973
0.45260,450,804.6014,804.612,-1.69921875,-0.07089219
0.45261,451,804.6014,804.611938,-1.68945313,-0.08179868
0.45390,452,804.6014,804.611938,-1.68945313,-0.08179868
0.45391,453,804.6014,804.611938,-1.68945313,-0.07089219
0.45571,454,804.6014,804.6119,-1.6796875,-0.0599856973
0.45754,455,804.6014,804.611755,-1.66015625,-0.04907921
0.45758,456,804.6014,804.611755,-1.66015625,-0.04907921
0.45920,457,804.6014,804.611938,-1.68945313,-0.0272662267
0.46064,458,804.6014,804.611938,-1.68945313,0
0.46066,459,804.6014,804.611938,-1.68945313,0.021812981
0.46192,460,804.6014,804.611938,-1.68945313,0.03271947
0.46195,461,804.6014,804.612061,-1.70898438,0.03271947
0.46372,462,804.6014,804.612061,-1.70898438,0.03271947
0.46554,463,804.6014,804.612061,-1.70898438,0.021812981
0.46559,464,804.6014,804.612061,-1.70898438,0.021812981
0.46679,465,804.6014,804.612061,-1.70898438,0.021812981
0.46861,466,804.6014,804.612061,-1.70898438,0.0109064905
0.46863,467,804.6014,804.612,-1.69921875,-0.0163597353
0.46987,468,804.6014,804.611938,-1.68945313,-0.0272662267
0.46988,469,804.6014,804.611938,-1.68945313,-0.03817272
0.47168,470,804.6014,804.611938,-1.68945313,-0.04907921
0.47351,471,804.6014,804.6119,-1.6796875,-0.04907921
0.47352,472,804.6014,804.611755,-1.66015625,-0.04907921
0.47481,473,804.6014,804.611755,-1.66015625,-0.04907921
0.47666,474,804.6014,804.611755,-1.66015625,-0.04907921
0.47670,475,804.6014,804.611755,-1.66015625,-0.03817272
0.47790,476,804.6014,804.611755,-1.66015625,-0.0272662267
0.47792,477,804.6014,804.611755,-1.66015625,-0.0163597353
0.47968,478,804.6014,804.6119,-1.6796875,0
0.48156,479,804.6014,804.6119,-1.6796875,0.0109064905
0.48158,480,804.6014,804.611938,-1.68945313,0.021812981
0.48279,481,804.6014,804.611938,-1.68945313,0.021812981
0.48461,482,804.6014,804.611938,-1.68945313,0.021812981
0.48463,483,804.6014,804.611938,-1.68945313,0.0109064905
0.48589,484,804.6014,804.611938,-1.68945313,0
0.48591,485,804.6014,804.611938,-1.68945313,0
0.48770,486,804.6014,804.611938,-1.68945313,0
0.48953,487,804.6014,804.611938,-1.68945313,0
0.48955,488,804.6014,804.6119,-1.6796875,-0.0163597353
0.49079,489,804.6014,804.611755,-1.66015625,-0.0272662267
0.49266,490,804.6014,804.611755,-1.66015625,-0.03817272
0.49269,491,804.6014,804.611755,-1.66015625,-0.03817272
0.49389,492,804.6014,804.611755,-1.66015625,-0.03817272
0.49391,493,804.6014,804.611633,-1.640625,-0.03817272
0.49570,494,804.6014,804.611633,-1.640625,-0.0272662267
0.49752,495,804.6014,804.611633,-1.640625,-0.03817272
0.49755,496,804.6014,804.611633,-1.640625,-0.03817272
0.49879,497,804.6014,804.611633,-1.640625,-0.03817272
0.50062,498,804.6014,804.611633,-1.640625,-0.0272662267
0.50063,499,804.6014,804.611633,-1.640625,-0.0272662267
0.50186,500,804.6014,804.611633,-1.640625,-0.0163597353
0.50188,501,804.6014,804.611633,-1.640625,0
0.50370,502,804.6014,804.611633,-1.640625,-0.0163597353
0.50551,503,804.6014,804.611633,-1.640625,0.0109064905
0.50553,504,804.6014,804.611633,-1.640625,0
0.50678,505,804.6014,804.611633,-1.640625,0
0.50862,506,804.6014,804.611633,-1.640625,0
0.50865,507,804.6014,804.611633,-1.640625,0
0.50989,508,804.6014,804.611633,-1.640625,0
0.50993,509,804.6014,804.611633,-1.640625,0
0.51172,510,804.6014,804.611633,-1.640625,0
0.51352,511,804.6014,804.611633,-1.640625,0
0.51355,512,804.6014,804.611633,-1.640625,0
0.51477,513,804.6014,804.611633,-1.640625,-0.0163597353
0.51660,514,804.6014,804.611633,-1.640625,-0.0163597353
0.51662,515,804.6014,804.611633,-1.640625,-0.0163597353
0.51788,516,804.6014,804.611633,-1.640625,-0.0272662267
0.51789,517,804.6014,804.611633,-1.640625,-0.0163597353
0.51969,518,804.6014,804.611633,-1.640625,-0.0272662267
0.52154,519,804.6014,804.611633,-1.640625,-0.0272662267
0.52157,520,804.6014,804.611633,-1.640625,-0.0163597353
0.52278,521,804.6014,804.6115,-1.62109375,-0.0163597353
0.52460,522,804.6014,804.6115,-1.62109375,-0.0272662267
0.52462,523,804.6014,804.6115,-1.62109375,-0.0272662267
0.52592,524,804.6014,804.61145,-1.61132813,-0.0272662267
0.52597,525,804.6014,804.61145,-1.61132813,-0.0272662267
0.52780,526,804.6014,804.61145,-1.61132813,-0.0272662267
0.52954,527,804.6014,804.61145,-1.61132813,-0.0272662267
0.52956,528,804.6014,804.61145,-1.61132813,-0.0272662267
0.53078,529,804.6014,804.61145,-1.61132813,-0.0272662267
0.53264,530,804.6014,804.61145,-1.61132813,-0.0163597353
0.53266,531,804.6014,804.61145,-1.61132813,-0.0163597353
0.53387,532,804.6014,804.61145,-1.61132813,-0.0163597353
0.53389,533,804.6014,804.6113,-1.59179688,-0.0163597353
0.53571,534,804.6014,804.6113,-1.59179688,-0.0163597353
0.53755,535,804.6014,804.6113,-1.59179688,-0.0163597353
0.53758,536,804.6014,804.6113,-1.59179688,-0.0163597353
0.53878,537,804.6014,804.6113,-1.59179688,-0.0163597353
0.54061,538,804.6014,804.6113,-1.59179688,-0.0163597353
0.54063,539,804.6014,804.6113,-1.59179688,-0.0163597353
0.54188,540,804.6014,804.6113,-1.59179688,0
0.54192,541,804.6014,804.6113,-1.59179688,0
0.54373,542,804.6014,804.6113,-1.59179688,0
0.54558,543,804.6014,804.6113,-1.59179688,0
0.54561,544,804.6014,804.6113,-1.59179688,0
0.54681,545,804.6014,804.6113,-1.59179688,0
0.54862,546,804.6014,804.6113,-1.59179688,0
0.54864,547,804.6014,804.6113,-1.59179688,0
0.54987,548,804.6014,804.6113,-1.59179688,0
0.54989,549,804.6014,804.6113,-1.59179688,0
0.55169,550,804.6014,804.6113,-1.59179688,-0.0163597353
0.55358,551,804.6014,804.6113,-1.59179688,-0.0272662267
0.55360,552,804.6014,804.6113,-1.59179688,-0.0272662267
0.55479,553,804.6014,804.6112,-1.57226563,-0.03817272
0.55660,554,804.6014,804.6112,-1.57226563,-0.04907921
0.55662,555,804.6014,804.6111,-1.55273438,-0.03817272
0.55787,556,804.6014,804.6111,-1.55273438,-0.04907921
0.55788,557,804.6014,804.6111,-1.55273438,-0.04907921
0.55974,558,804.6014,804.6111,-1.55273438,-0.03817272
0.56156,559,804.6014,804.611,-1.54296875,-0.03817272
0.56159,560,804.6014,804.611,-1.54296875,-0.0272662267
0.56278,561,804.6014,804.610962,-1.53320313,-0.0272662267
0.56462,562,804.6014,804.610962,-1.53320313,-0.0272662267
0.56463,563,804.6014,804.610962,-1.53320313,-0.0272662267
0.56587,564,804.6014,804.610962,-1.53320313,-0.0272662267
0.56589,565,804.6014,804.610962,-1.53320313,-0.0163597353
0.56768,566,804.6014,804.610962,-1.53320313,0
0.56953,567,804.6014,804.610962,-1.53320313,0
0.56955,568,804.6014,804.610962,-1.53320313,0
0.57078,569,804.6014,804.610962,-1.53320313,0
0.57265,570,804.6014,804.610962,-1.53320313,0
0.57268,571,804.6014,804.610962,-1.53320313,0
0.57389,572,804.6014,804.610962,-1.53320313,0
0.57393,573,804.6014,804.610962,-1.53320313,0
0.57579,574,804.6014,804.610962,-1.53320313,0
0.57754,575,804.6014,804.610962,-1.53320313,0
0.57756,576,804.6014,804.610962,-1.53320313,0
0.57878,577,804.6014,804.610962,-1.53320313,0
0.58063,578,804.6014,804.610962,-1.53320313,0
0.58067,579,804.6014,804.610962,-1.53320313,0
0.58187,580,804.6014,804.610962,-1.53320313,-0.0163597353
0.58189,581,804.6014,804.610962,-1.53320313,-0.0272662267
0.58373,582,804.6014,804.610962,-1.53320313,-0.0272662267
0.58553,583,804.6014,804.6109,-1.5234375,-0.03817272
0.58557,584,804.6014,804.6108,-1.50390625,-0.0272662267
0.58679,585,804.6014,804.6108,-1.50390625,-0.03817272
0.58860,586,804.6014,804.6108,-1.50390625,-0.03817272
0.58862,587,804.6014,804.6108,-1.50390625,-0.04907921
0.58986,588,804.6014,804.6107,-1.49414063,-0.03817272
0.58988,589,804.6014,804.610657,-1.484375,-0.03817272
0.59169,590,804.6014,804.610657,-1.484375,-0.0272662267
0.59352,591,804.6014,804.610657,-1.484375,-0.0272662267
0.59357,592,804.6014,804.610657,-1.484375,-0.0272662267
0.59481,593,804.6014,804.610657,-1.484375,-0.0272662267
0.59663,594,804.6014,804.610657,-1.484375,-0.0272662267
0.59665,595,804.6014,804.610535,-1.46484375,-0.0272662267
0.59786,596,804.6014,804.6105,-1.45507813,-0.0272662267
0.59789,597,804.6014,804.6105,-1.45507813,-0.0272662267
0.59971,598,804.6014,804.6105,-1.45507813,-0.0272662267
0.60159,599,804.6014,804.6105,-1.45507813,-0.0272662267
0.60163,600,804.6014,804.6105,-1.45507813,-0.0272662267
0.60278,601,804.6014,804.6105,-1.45507813,-0.0272662267
0.60467,602,804.6014,804.6105,-1.45507813,-0.0272662267
0.60469,603,804.6014,804.6105,-1.45507813,-0.0272662267
0.60586,604,804.6014,804.6105,-1.45507813,-0.0272662267
0.60588,605,804.6014,804.6104,-1.4453125,-0.0272662267
0.60773,606,804.6014,804.6104,-1.4453125,-0.0163597353
0.60960,607,804.6014,804.6104,-1.4453125,-0.0163597353
0.60963,608,804.6014,804.610352,-1.43554688,-0.0163597353
0.61078,609,804.6014,804.610352,-1.43554688,-0.0163597353
0.61265,610,804.6014,804.610352,-1.43554688,-0.0163597353
0.61269,611,804.6014,804.610352,-1.43554688,-0.0163597353
0.61388,612,804.6014,804.610352,-1.43554688,-0.0163597353
0.61390,613,804.6014,804.610352,-1.43554688,-0.0272662267
0.61575,614,804.6014,804.6102,-1.41601563,-0.03817272
0.61758,615,804.6014,804.610168,-1.40625,-0.03817272
0.61760,616,804.6014,804.610168,-1.40625,-0.04907921
0.61879,617,804.6014,804.6101,-1.39648438,-0.0599856973
0.62065,618,804.6014,804.61,-1.37695313,-0.0599856973
0.62067,619,804.6014,804.61,-1.37695313,-0.07089219
0.62187,620,804.6014,804.6099,-1.3671875,-0.07089219
0.62189,621,804.6014,804.6098,-1.34765625,-0.07089219
0.62371,622,804.6014,804.6098,-1.34765625,-0.07089219
0.62581,623,804.6014,804.6097,-1.328125,-0.08179868
0.62587,624,804.6014,804.6095,-1.29882813,-0.08179868
0.62682,625,804.6014,804.6095,-1.29882813,-0.09270517
0.62862,626,804.6014,804.6094,-1.27929688,-0.09270517
0.62865,627,804.6014,804.6092,-1.25,-0.103611663
0.62990,628,804.6014,804.609131,-1.24023438,-0.114518143
0.62991,629,804.6014,804.6091,-1.23046875,-0.114518143
0.63176,630,804.6014,804.6089,-1.20117188,-0.130877882
0.63355,631,804.6014,804.6087,-1.171875,-0.130877882
0.63358,632,804.6014,804.608643,-1.16210938,-0.130877882
0.63477,633,804.6014,804.6086,-1.15234375,-0.130877882
0.63664,634,804.6014,804.6084,-1.12304688,-0.130877882
0.63668,635,804.6014,804.6083,-1.10351563,-0.130877882
0.63786,636,804.6014,804.6083,-1.10351563,-0.114518143
0.63789,637,804.6014,804.6083,-1.10351563,-0.08179868
0.63972,638,804.6014,804.6083,-1.10351563,-0.03817272
0.64153,639,804.6014,804.6083,-1.10351563,0
0.64156,640,804.6014,804.6084,-1.12304688,0.03271947
0.64280,641,804.6014,804.6085,-1.14257813,0.0545324534
0.64464,642,804.6014,804.6086,-1.15234375,0.0545324534
0.64466,643,804.6014,804.6087,-1.171875,0.07634544
0.64589,644,804.6014,804.6087,-1.171875,0.07634544
0.64592,645,804.6014,804.6089,-1.20117188,0.07634544
0.64770,646,804.6014,804.6089,-1.20117188,0.07634544
0.64956,647,804.6014,804.6091,-1.23046875,0.07634544
0.64960,648,804.6014,804.6091,-1.23046875,0.06543894
0.65078,649,804.6014,804.6091,-1.23046875,0.043625962
0.65261,650,804.6014,804.609131,-1.24023438,0.043625962
0.65263,651,804.6014,804.6092,-1.25,0.043625962
0.65386,652,804.6014,804.6092,-1.25,0.03271947
0.65387,653,804.6014,804.6092,-1.25,0.0109064905
0.65572,654,804.6014,804.609131,-1.24023438,0
0.65755,655,804.6014,804.609131,-1.24023438,-0.0272662267
0.65757,656,804.6014,804.6091,-1.23046875,-0.03817272
0.65915,657,804.6014,804.6091,-1.23046875,-0.04907921
0.66070,658,804.6014,804.608948,-1.2109375,-0.0599856973
0.66072,659,804.6014,804.6089,-1.20117188,-0.07089219
0.66188,660,804.6014,804.6089,-1.20117188,-0.0599856973
0.66189,661,804.6014,804.6087,-1.171875,-0.07089219
0.66371,662,804.6014,804.6087,-1.171875,-0.0599856973
0.66558,663,804.6014,804.6087,-1.171875,-0.04907921
0.66563,664,804.6014,804.608643,-1.16210938,-0.0599856973
0.66678,665,804.6014,804.6086,-1.15234375,-0.04907921
0.66864,666,804.6014,804.6086,-1.15234375,-0.04907921
0.66867,667,804.6014,804.6086,-1.15234375,-0.04907921
0.66988,668,804.6014,804.6086,-1.15234375,-0.03817272
0.66989,669,804.6014,804.6086,-1.15234375,-0.0163597353
0.67169,670,804.6014,804.6086,-1.15234375,-0.0163597353
0.67353,671,804.6014,804.608643,-1.16210938,0.0109064905
0.67355,672,804.6014,804.608643,-1.16210938,0.0109064905
0.67478,673,804.6014,804.608643,-1.16210938,0.0109064905
0.67662,674,804.6014,804.6087,-1.171875,0.03271947
0.67665,675,804.6014,804.6087,-1.171875,0.0109064905
0.67789,676,804.6014,804.6087,-1.171875,0.0109064905
0.67791,677,804.6014,804.6087,-1.171875,0.021812981
0.67975,678,804.6014,804.6087,-1.171875,0
0.68155,679,804.6014,804.6087,-1.171875,0.0109064905
0.68159,680,804.6014,804.6087,-1.171875,0.0109064905
0.68278,681,804.6014,804.6087,-1.171875,0
0.68463,682,804.6014,804.6087,-1.171875,0
0.68466,683,804.6014,804.6087,-1.171875,-0.0163597353
0.68587,684,804.6014,804.6087,-1.171875,-0.0272662267
0.68588,685,804.6014,804.6087,-1.171875,-0.0163597353
0.68771,686,804.6014,804.6087,-1.171875,-0.0272662267
0.68956,687,804.6014,804.6087,-1.171875,-0.0272662267
0.68960,688,804.6014,804.6087,-1.171875,-0.0272662267
0.69078,689,804.6014,804.6086,-1.15234375,-0.03817272
0.69266,690,804.6014,804.6086,-1.15234375,-0.0272662267
0.69270,691,804.6014,804.6086,-1.15234375,-0.0272662267
0.69388,692,804.6014,804.6086,-1.15234375,-0.0272662267
0.69390,693,804.6014,804.6086,-1.15234375,-0.0163597353
0.69573,694,804.6014,804.6086,-1.15234375,-0.0163597353
0.69756,695,804.6014,804.6086,-1.15234375,-0.0163597353
0.69760,696,804.6014,804.6086,-1.15234375,-0.0163597353
0.69879,697,804.6014,804.6086,-1.15234375,-0.0163597353
0.70064,698,804.6014,804.6086,-1.15234375,0
0.70067,699,804.6014,804.6086,-1.15234375,0
0.70187,700,804.6014,804.6086,-1.15234375,0
0.70189,701,804.6014,804.6086,-1.15234375,0
0.70369,702,804.6014,804.6086,-1.15234375,0
0.70552,703,804.6014,804.6086,-1.15234375,0
0.70555,704,804.6014,804.6086,-1.15234375,0
0.70678,705,804.6014,804.6086,-1.15234375,0
0.70864,706,804.6014,804.6086,-1.15234375,0
0.70866,707,804.6014,804.6086,-1.15234375,0
0.70988,708,804.6014,804.6086,-1.15234375,0
0.70991,709,804.6014,804.6086,-1.15234375,0
0.71173,710,804.6014,804.6086,-1.15234375,0
0.71353,711,804.6014,804.6086,-1.15234375,0
0.71355,712,804.6014,804.6086,-1.15234375,0
0.71478,713,804.6014,804.6086,-1.15234375,-0.0272662267
0.71663,714,804.6014,804.6085,-1.14257813,-0.0272662267
0.71667,715,804.6014,804.6085,-1.14257813,-0.0272662267
0.71787,716,804.6014,804.6085,-1.14257813,-0.03817272
0.71788,717,804.6014,804.6084,-1.12304688,-0.0272662267
0.71971,718,804.6014,804.6084,-1.12304688,-0.0272662267
0.72153,719,804.6014,804.6084,-1.12304688,-0.0163597353
0.72156,720,804.6014,804.6084,-1.12304688,-0.0163597353
0.72279,721,804.6014,804.6084,-1.12304688,-0.0163597353
0.72478,722,804.6014,804.6084,-1.12304688,-0.0163597353
0.72488,723,804.6014,804.6084,-1.12304688,-0.0163597353
0.72596,724,804.6014,804.6084,-1.12304688,-0.0163597353
0.72598,725,804.6014,804.6084,-1.12304688,-0.0163597353
0.72770,726,804.6014,804.6084,-1.12304688,-0.0163597353
0.72957,727,804.6014,804.6084,-1.12304688,-0.0163597353
0.72959,728,804.6014,804.6083,-1.10351563,-0.0163597353
0.73078,729,804.6014,804.6083,-1.10351563,-0.0163597353
0.73267,730,804.6014,804.6083,-1.10351563,-0.0163597353
0.73271,731,804.6014,804.6083,-1.10351563,-0.0163597353
0.73387,732,804.6014,804.6083,-1.10351563,-0.0163597353
0.73388,733,804.6014,804.6084,-1.12304688,0
0.73573,734,804.6014,804.6084,-1.12304688,0
0.73757,735,804.6014,804.6084,-1.12304688,0
0.73760,736,804.6014,804.6084,-1.12304688,0
0.73878,737,804.6014,804.6084,-1.12304688,0
0.74060,738,804.6014,804.6084,-1.12304688,0
0.74063,739,804.6014,804.6084,-1.12304688,0
0.74187,740,804.6014,804.6084,-1.12304688,0
0.74189,741,804.6014,804.6084,-1.12304688,0
0.74372,742,804.6014,804.6084,-1.12304688,0
0.74552,743,804.6014,804.6084,-1.12304688,0
0.74553,744,804.6014,804.6084,-1.12304688,0
0.74679,745,804.6014,804.6084,-1.12304688,0
0.74864,746,804.6014,804.6084,-1.12304688,0
0.74866,747,804.6014,804.6083,-1.10351563,0
0.74987,748,804.6014,804.6083,-1.10351563,-0.0272662267
0.74989,749,804.6014,804.6083,-1.10351563,-0.0272662267
0.75173,750,804.6014,804.6083,-1.10351563,-0.03817272
0.75351,751,804.6014,804.6083,-1.10351563,-0.03817272
0.75353,752,804.6014,804.6083,-1.10351563,-0.03817272
0.75479,753,804.6014,804.608154,-1.08398438,-0.0272662267
0.75662,754,804.6014,804.608154,-1.08398438,-0.03817272
0.75663,755,804.6014,804.6081,-1.07421875,-0.03817272
0.75791,756,804.6014,804.6081,-1.07421875,-0.0272662267
0.75795,757,804.6014,804.6081,-1.07421875,-0.0272662267
0.75972,758,804.6014,804.6081,-1.07421875,-0.0272662267
0.76158,759,804.6014,804.6081,-1.07421875,-0.0163597353
0.76161,760,804.6014,804.6081,-1.07421875,0
0.76280,761,804.6014,804.6081,-1.07421875,-0.0163597353
0.76465,762,804.6014,804.6081,-1.07421875,0
0.76468,763,804.6014,804.608154,-1.08398438,0
0.76586,764,804.6014,804.608154,-1.08398438,0
0.76588,765,804.6014,804.608154,-1.08398438,0
0.76774,766,804.6014,804.608154,-1.08398438,0
0.76954,767,804.6014,804.608154,-1.08398438,0
0.76957,768,804.6014,804.608154,-1.08398438,0
0.77077,769,804.6014,804.608154,-1.08398438,0
0.77268,770,804.6014,804.608154,-1.08398438,0
0.77271,771,804.6014,804.608154,-1.08398438,0
0.77387,772,804.6014,804.608154,-1.08398438,0
0.77388,773,804.6014,804.608154,-1.08398438,0
0.77586,774,804.6014,804.608154,-1.08398438,0
0.77759,775,804.6014,804.6081,-1.07421875,-0.0163597353
0.77763,776,804.6014,804.6081,-1.07421875,-0.0163597353
0.77878,777,804.6014,804.6081,-1.07421875,-0.0163597353
0.78063,778,804.6014,804.6081,-1.07421875,-0.0163597353
0.78065,779,804.6014,804.6081,-1.07421875,0
0.78188,780,804.6014,804.6081,-1.07421875,0
0.78190,781,804.6014,804.6081,-1.07421875,0
0.78374,782,804.6014,804.6081,-1.07421875,-0.0163597353
0.78554,783,804.6014,804.6081,-1.07421875,-0.0272662267
0.78556,784,804.6014,804.6081,-1.07421875,-0.0272662267
0.78682,785,804.6014,804.6081,-1.07421875,-0.0272662267
0.78867,786,804.6014,804.608,-1.0546875,-0.0272662267
0.78872,787,804.6014,804.608,-1.0546875,-0.0272662267
0.78987,788,804.6014,804.608,-1.0546875,-0.0272662267
0.78989,789,804.6014,804.608,-1.0546875,-0.0272662267
0.79172,790,804.6014,804.608,-1.0546875,-0.0163597353
0.79356,791,804.6014,804.608,-1.0546875,-0.0163597353
0.79359,792,804.6014,804.608,-1.0546875,-0.0163597353
0.79478,793,804.6014,804.608,-1.0546875,-0.0163597353
0.79663,794,804.6014,804.608,-1.0546875,-0.0163597353
0.79666,795,804.6014,804.608,-1.0546875,-0.0163597353
0.79787,796,804.6014,804.608,-1.0546875,-0.0163597353
0.79789,797,804.6014,804.608,-1.0546875,-0.0163597353
0.79975,798,804.6014,804.608,-1.0546875,-0.0163597353
0.80153,799,804.6014,804.608,-1.0546875,0
0.80155,800,804.6014,804.608,-1.0546875,0
0.80282,801,804.6014,804.608,-1.0546875,0
0.80466,802,804.6014,804.608,-1.0546875,0
0.80468,803,804.6014,804.608,-1.0546875,0
0.80586,804,804.6014,804.608,-1.0546875,0
0.80588,805,804.6014,804.608,-1.0546875,0
0.80772,806,804.6014,804.608,-1.0546875,0
0.80955,807,804.6014,804.608,-1.0546875,0
0.80958,808,804.6014,804.608,-1.0546875,0
0.81081,809,804.6014,804.608,-1.0546875,-0.0163597353
0.81266,810,804.6014,804.608,-1.0546875,-0.0272662267
0.81269,811,804.6014,804.608,-1.0546875,-0.0272662267
0.81387,812,804.6014,804.608,-1.0546875,-0.0272662267
0.81388,813,804.6014,804.607849,-1.03515625,-0.0272662267
0.81574,814,804.6014,804.6077,-1.015625,-0.0272662267
0.81754,815,804.6014,804.6077,-1.015625,-0.0272662267
0.81757,816,804.6014,804.6077,-1.015625,-0.0272662267
0.81879,817,804.6014,804.6077,-1.015625,-0.03817272
0.82068,818,804.6014,804.6077,-1.015625,-0.0272662267
0.82071,819,804.6014,804.607666,-1.00585938,-0.03817272
0.82188,820,804.6014,804.607666,-1.00585938,-0.03817272
0.82190,821,804.6014,804.6076,-0.99609375,-0.0272662267
0.82374,822,804.6014,804.6076,-0.99609375,-0.0272662267
0.82585,823,804.6014,804.6076,-0.99609375,-0.0272662267
0.82601,824,804.6014,804.6076,-0.99609375,-0.0163597353
0.82679,825,804.6014,804.6076,-0.99609375,-0.0163597353
0.82876,826,804.6014,804.607666,-1.00585938,0.0109064905
0.82880,827,804.6014,804.607666,-1.00585938,0.0109064905
0.82989,828,804.6014,804.607666,-1.00585938,0.0109064905
0.82991,829,804.6014,804.607666,-1.00585938,0.0109064905
0.83172,830,804.6014,804.607666,-1.00585938,0
0.83354,831,804.6014,804.607666,-1.00585938,0
0.83356,832,804.6014,804.607666,-1.00585938,0
0.83479,833,804.6014,804.6077,-1.015625,0
0.83664,834,804.6014,804.6077,-1.015625,0
0.83667,835,804.6014,804.6077,-1.015625,0
0.83786,836,804.6014,804.6077,-1.015625,0
0.83787,837,804.6014,804.6077,-1.015625,0
0.83975,838,804.6014,804.6077,-1.015625,-0.0163597353
0.84153,839,804.6014,804.6077,-1.015625,-0.0163597353
0.84156,840,804.6014,804.6077,-1.015625,-0.0163597353
0.84279,841,804.6014,804.6077,-1.015625,-0.0163597353
0.84467,842,804.6014,804.607666,-1.00585938,-0.0163597353
0.84471,843,804.6014,804.6076,-0.99609375,-0.0272662267
0.84588,844,804.6014,804.6076,-0.99609375,-0.0272662267
0.84589,845,804.6014,804.6076,-0.99609375,-0.03817272
0.84773,846,804.6014,804.6076,-0.99609375,-0.0272662267
0.84955,847,804.6014,804.6076,-0.99609375,-0.0163597353
0.84959,848,804.6014,804.6076,-0.99609375,-0.0163597353
0.85078,849,804.6014,804.6076,-0.99609375,-0.0163597353
0.85263,850,804.6014,804.6076,-0.99609375,-0.0163597353
0.85266,851,804.6014,804.6076,-0.99609375,-0.0163597353
0.85386,852,804.6014,804.6076,-0.99609375,-0.0163597353
0.85388,853,804.6014,804.607544,-0.9863281,-0.0272662267
0.85571,854,804.6014,804.607544,-0.9863281,-0.0272662267
0.85758,855,804.6014,804.6074,-0.9667969,-0.0272662267
0.85761,856,804.6014,804.6074,-0.9667969,-0.0272662267
0.85909,857,804.6014,804.6074,-0.9667969,-0.0163597353
0.86063,858,804.6014,804.6074,-0.9667969,-0.0163597353
0.86067,859,804.6014,804.6074,-0.9667969,-0.0163597353
0.86193,860,804.6014,804.6074,-0.9667969,-0.0163597353
0.86195,861,804.6014,804.6074,-0.9667969,-0.0163597353
0.86374,862,804.6014,804.6074,-0.9667969,-0.0163597353
0.86553,863,804.6014,804.6074,-0.9667969,-0.0163597353
0.86555,864,804.6014,804.6074,-0.9667969,-0.0163597353
0.86681,865,804.6014,804.6074,-0.9667969,-0.0163597353
0.86862,866,804.6014,804.6074,-0.9667969,0
0.86866,867,804.6014,804.6074,-0.9667969,0
0.86989,868,804.6014,804.6074,-0.9667969,0
0.86991,869,804.6014,804.6074,-0.9667969,0
0.87172,870,804.6014,804.6074,-0.9667969,0
0.87352,871,804.6014,804.6074,-0.9667969,0
0.87355,872,804.6014,804.6074,-0.9667969,0
0.87477,873,804.6014,804.6074,-0.9667969,0
0.87666,874,804.6014,804.6074,-0.9667969,0
0.87668,875,804.6014,804.6074,-0.9667969,0
0.87789,876,804.6014,804.6074,-0.9667969,-0.0163597353
0.87791,877,804.6014,804.607361,-0.95703125,-0.0163597353
0.87974,878,804.6014,804.6073,-0.9472656,-0.0272662267
0.88154,879,804.6014,804.6073,-0.9472656,-0.03817272
0.88158,880,804.6014,804.6073,-0.9472656,-0.03817272
0.88278,881,804.6014,804.6073,-0.9472656,-0.03817272
0.88465,882,804.6014,804.6073,-0.9472656,-0.03817272
0.88468,883,804.6014,804.6072,-0.9277344,-0.03817272
0.88593,884,804.6014,804.6071,-0.91796875,-0.03817272
0.88594,885,804.6014,804.6071,-0.91796875,-0.04907921
0.88772,886,804.6014,804.6071,-0.91796875,-0.04907921
0.88953,887,804.6014,804.607056,-0.9082031,-0.04907921
0.88954,888,804.6014,804.607,-0.8984375,-0.04907921
0.89081,889,804.6014,804.607,-0.8984375,-0.04907921
0.89264,890,804.6014,804.607,-0.8984375,-0.03817272
0.89266,891,804.6014,804.607,-0.8984375,-0.03817272
0.89389,892,804.6014,804.6069,-0.87890625,-0.03817272
0.89391,893,804.6014,804.6068,-0.8691406,-0.03817272
0.89577,894,804.6014,804.6068,-0.8691406,-0.03817272
0.89752,895,804.6014,804.6068,-0.8691406,-0.03817272
0.89754,896,804.6014,804.60675,-0.859375,-0.03817272
0.89879,897,804.6014,804.60675,-0.859375,-0.03817272
0.90068,898,804.6014,804.6066,-0.83984375,-0.03817272
0.90073,899,804.6014,804.6066,-0.83984375,-0.04907921
0.90188,900,804.6014,804.606567,-0.8300781,-0.04907921
0.90189,901,804.6014,804.606445,-0.8105469,-0.0599856973
0.90373,902,804.6014,804.606445,-0.8105469,-0.07089219
0.90554,903,804.6014,804.6063,-0.7910156,-0.08179868
0.90556,904,804.6014,804.60614,-0.76171875,-0.09270517
0.90679,905,804.6014,804.606,-0.7421875,-0.114518143
0.90862,906,804.6014,804.6059,-0.72265625,-0.130877882
0.90866,907,804.6014,804.605835,-0.7128906,-0.130877882
0.90988,908,804.6014,804.6057,-0.6933594,-0.152690873
0.90989,909,804.6014,804.605469,-0.6542969,-0.16359736
0.91171,910,804.6014,804.605347,-0.6347656,-0.16359736
0.91353,911,804.6014,804.605164,-0.60546875,-0.174503848
0.91356,912,804.6014,804.6049,-0.56640625,-0.174503848
0.91478,913,804.6014,804.6048,-0.546875,-0.174503848
0.91667,914,804.6014,804.6046,-0.5175781,-0.174503848
0.91673,915,804.6014,804.6045,-0.498046875,-0.16359736
0.91789,916,804.6014,804.6044,-0.478515625,-0.152690873
0.91791,917,804.6014,804.6044,-0.478515625,-0.114518143
0.91972,918,804.6014,804.6044,-0.478515625,-0.08179868
0.92151,919,804.6014,804.6044,-0.478515625,-0.0272662267
0.92152,920,804.6014,804.6046,-0.5175781,0.043625962
0.92278,921,804.6014,804.604736,-0.5371094,0.06543894
0.92460,922,804.6014,804.6049,-0.56640625,0.09815842
0.92462,923,804.6014,804.605042,-0.5859375,0.125424653
0.92595,924,804.6014,804.6052,-0.6152344,0.125424653
0.92600,925,804.6014,804.6053,-0.625,0.136331126
0.92775,926,804.6014,804.605347,-0.6347656,0.136331126
0.92952,927,804.6014,804.6055,-0.6640625,0.109064907
0.92953,928,804.6014,804.6055,-0.6640625,0.09815842
0.93081,929,804.6014,804.6057,-0.6933594,0.087251924
0.93263,930,804.6014,804.6057,-0.6933594,0.07634544
0.93267,931,804.6014,804.605835,-0.7128906,0.07634544
0.93387,932,804.6014,804.605835,-0.7128906,0.06543894
0.93389,933,804.6014,804.605835,-0.7128906,0.0545324534
0.93574,934,804.6014,804.605835,-0.7128906,0.03271947
0.93752,935,804.6014,804.605835,-0.7128906,0.021812981
0.93755,936,804.6014,804.605835,-0.7128906,-0.0163597353
0.93878,937,804.6014,804.605835,-0.7128906,-0.0272662267
0.94062,938,804.6014,804.605835,-0.7128906,-0.03817272
0.94065,939,804.6014,804.6057,-0.6933594,-0.04907921
0.94190,940,804.6014,804.6057,-0.6933594,-0.0599856973
0.94191,941,804.6014,804.6055,-0.6640625,-0.07089219
0.94375,942,804.6014,804.6055,-0.6640625,-0.08179868
0.94554,943,804.6014,804.605347,-0.6347656,-0.08179868
0.94556,944,804.6014,804.605347,-0.6347656,-0.09270517
0.94682,945,804.6014,804.6052,-0.6152344,-0.103611663
0.94862,946,804.6014,804.605164,-0.60546875,-0.09270517
0.94864,947,804.6014,804.605042,-0.5859375,-0.09270517
0.94988,948,804.6014,804.6049,-0.56640625,-0.09270517
0.94990,949,804.6014,804.6049,-0.56640625,-0.08179868
0.95170,950,804.6014,804.6048,-0.546875,-0.09270517
0.95353,951,804.6014,804.604736,-0.5371094,-0.08179868
0.95354,952,804.6014,804.604736,-0.5371094,-0.07089219
0.95479,953,804.6014,804.604736,-0.5371094,-0.0599856973
0.95666,954,804.6014,804.604736,-0.5371094,-0.0272662267
0.95669,955,804.6014,804.6049,-0.56640625,0
0.95789,956,804.6014,804.6049,-0.56640625,0.03271947
0.95793,957,804.6014,804.605042,-0.5859375,0.0545324534
0.95974,958,804.6014,804.605042,-0.5859375,0.0545324534
0.96156,959,804.6014,804.605164,-0.60546875,0.06543894
0.96158,960,804.6014,804.6052,-0.6152344,0.06543894
0.96280,961,804.6014,804.6052,-0.6152344,0.0545324534
0.96461,962,804.6014,804.6053,-0.625,0.0545324534
0.96463,963,804.6014,804.605347,-0.6347656,0.043625962
0.96588,964,804.6014,804.605347,-0.6347656,0.03271947
0.96590,965,804.6014,804.605347,-0.6347656,0.03271947
0.96770,966,804.6014,804.605347,-0.6347656,0.03271947
0.96955,967,804.6014,804.605347,-0.6347656,-0.0163597353
0.96958,968,804.6014,804.605347,-0.6347656,-0.0163597353
0.97080,969,804.6014,804.6053,-0.625,-0.03817272
0.97260,970,804.6014,804.6052,-0.6152344,-0.04907921
0.97261,971,804.6014,804.6052,-0.6152344,-0.04907921
0.97388,972,804.6014,804.605164,-0.60546875,-0.0599856973
0.97389,973,804.6014,804.605042,-0.5859375,-0.04907921
0.97579,974,804.6014,804.605042,-0.5859375,-0.04907921
0.97757,975,804.6014,804.605042,-0.5859375,-0.04907921
0.97760,976,804.6014,804.605042,-0.5859375,-0.04907921
0.97881,977,804.6014,804.6049,-0.56640625,-0.03817272
0.98062,978,804.6014,804.6049,-0.56640625,-0.03817272
0.98066,979,804.6014,804.6049,-0.56640625,-0.03817272
0.98189,980,804.6014,804.6049,-0.56640625,-0.0272662267
0.98191,981,804.6014,804.6049,-0.56640625,-0.0272662267
0.98370,982,804.6014,804.6049,-0.56640625,-0.0272662267
0.98553,983,804.6014,804.6049,-0.56640625,0
0.98555,984,804.6014,804.605042,-0.5859375,0.0109064905
0.98678,985,804.6014,804.605042,-0.5859375,0.021812981
0.98860,986,804.6014,804.605042,-0.5859375,0.021812981
0.98862,987,804.6014,804.605042,-0.5859375,0.021812981
0.98987,988,804.6014,804.605042,-0.5859375,0.0109064905
0.98988,989,804.6014,804.605042,-0.5859375,0
0.99170,990,804.6014,804.605042,-0.5859375,0
0.99353,991,804.6014,804.605042,-0.5859375,0
0.99355,992,804.6014,804.605042,-0.5859375,0
0.99481,993,804.6014,804.605042,-0.5859375,0
0.99665,994,804.6014,804.605042,-0.5859375,0
0.99669,995,804.6014,804.605042,-0.5859375,0
0.99791,996,804.6014,804.605042,-0.5859375,0
0.99795,997,804.6014,804.605042,-0.5859375,0
0.99969,998,804.6014,804.605042,-0.5859375,0
1.00151,999,804.6014,804.605042,-0.5859375,0
1.00152,1000,804.6014,804.605042,-0.5859375,0
1.00280,1001,804.6014,804.605042,-0.5859375,0
1.00465,1002,804.6014,804.605042,-0.5859375,0
1.00468,1003,804.6014,804.605042,-0.5859375,0
1.00590,1004,804.6014,804.605042,-0.5859375,0
1.00592,1005,804.6014,804.605042,-0.5859375,-0.0163597353
1.00770,1006,804.6014,804.605042,-0.5859375,-0.0272662267
1.00955,1007,804.6014,804.605042,-0.5859375,-0.0272662267
1.00956,1008,804.6014,804.605042,-0.5859375,-0.0272662267
1.01085,1009,804.6014,804.605042,-0.5859375,-0.0163597353
1.01261,1010,804.6014,804.605042,-0.5859375,-0.0163597353
1.01262,1011,804.6014,804.605042,-0.5859375,0
1.01389,1012,804.6014,804.605042,-0.5859375,0
1.01392,1013,804.6014,804.605042,-0.5859375,0
1.01569,1014,804.6014,804.605042,-0.5859375,0
1.01752,1015,804.6014,804.605042,-0.5859375,0
1.01753,1016,804.6014,804.605042,-0.5859375,0
1.01877,1017,804.6014,804.605042,-0.5859375,0
1.02062,1018,804.6014,804.605042,-0.5859375,0
1.02063,1019,804.6014,804.605042,-0.5859375,0
1.02191,1020,804.6014,804.605042,-0.5859375,0
1.02194,1021,804.6014,804.605042,-0.5859375,0
1.02369,1022,804.6014,804.605042,-0.5859375,0
1.02577,1023,804.6014,804.605042,-0.5859375,0
1.02580,1024,804.6014,804.605042,-0.5859375,0
1.02686,1025,804.6014,804.6049,-0.56640625,-0.0163597353
1.02864,1026,804.6014,804.6049,-0.56640625,-0.0163597353
1.02867,1027,804.6014,804.6049,-0.56640625,-0.0163597353
1.02990,1028,804.6014,804.6049,-0.56640625,-0.0272662267
1.02992,1029,804.6014,804.6049,-0.56640625,-0.0272662267
1.03170,1030,804.6014,804.6049,-0.56640625,-0.0272662267
1.03352,1031,804.6014,804.6049,-0.56640625,-0.0272662267
1.03353,1032,804.6014,804.6049,-0.56640625,-0.0163597353
1.03477,1033,804.6014,804.6049,-0.56640625,-0.0163597353
1.03662,1034,804.6014,804.6049,-0.56640625,-0.0163597353
1.03664,1035,804.6014,804.6049,-0.56640625,-0.0163597353
1.03789,1036,804.6014,804.6048,-0.546875,-0.0163597353
1.03791,1037,804.6014,804.6048,-0.546875,-0.0163597353
1.03970,1038,804.6014,804.6048,-0.546875,-0.0163597353
1.04154,1039,804.6014,804.6048,-0.546875,-0.0163597353
1.04155,1040,804.6014,804.6048,-0.546875,-0.0163597353
1.04283,1041,804.6014,804.6048,-0.546875,0
1.04462,1042,804.6014,804.6048,-0.546875,0
1.04465,1043,804.6014,804.6048,-0.546875,0
1.04589,1044,804.6014,804.6048,-0.546875,0
1.04592,1045,804.6014,804.6049,-0.56640625,0
1.04770,1046,804.6014,804.6049,-0.56640625,0
1.04956,1047,804.6014,804.6049,-0.56640625,0
1.04959,1048,804.6014,804.6049,-0.56640625,0
1.05079,1049,804.6014,804.6049,-0.56640625,0
1.05263,1050,804.6014,804.6049,-0.56640625,0
1.05265,1051,804.6014,804.6049,-0.56640625,0
1.05386,1052,804.6014,804.6049,-0.56640625,0
1.05388,1053,804.6014,804.6049,-0.56640625,0
1.05572,1054,804.6014,804.6049,-0.56640625,0
1.05755,1055,804.6014,804.6049,-0.56640625,0
1.05757,1056,804.6014,804.6049,-0.56640625,0
1.05880,1057,804.6014,804.6049,-0.56640625,0
1.06063,1058,804.6014,804.6049,-0.56640625,0
1.06064,1059,804.6014,804.6049,-0.56640625,0
1.06189,1060,804.6014,804.6049,-0.56640625,0
1.06191,1061,804.6014,804.6049,-0.56640625,0
1.06370,1062,804.6014,804.6049,-0.56640625,-0.0163597353
1.06557,1063,804.6014,804.6049,-0.56640625,-0.0163597353
1.06559,1064,804.6014,804.6049,-0.56640625,-0.0163597353
1.06681,1065,804.6014,804.6049,-0.56640625,-0.0163597353
1.06862,1066,804.6014,804.6049,-0.56640625,0
1.06863,1067,804.6014,804.6048,-0.546875,0
1.06988,1068,804.6014,804.6048,-0.546875,-0.0163597353
1.06989,1069,804.6014,804.6048,-0.546875,-0.0163597353
1.07171,1070,804.6014,804.6048,-0.546875,-0.0272662267
1.07357,1071,804.6014,804.604736,-0.5371094,-0.0272662267
1.07361,1072,804.6014,804.604736,-0.5371094,-0.0272662267
1.07478,1073,804.6014,804.604736,-0.5371094,-0.0272662267
1.07661,1074,804.6014,804.604736,-0.5371094,-0.0163597353
1.07663,1075,804.6014,804.604736,-0.5371094,-0.0163597353
1.07790,1076,804.6014,804.604736,-0.5371094,-0.0163597353
1.07792,1077,804.6014,804.604736,-0.5371094,-0.0163597353
1.07972,1078,804.6014,804.604736,-0.5371094,-0.0163597353
1.08154,1079,804.6014,804.604736,-0.5371094,0
1.08158,1080,804.6014,804.604736,-0.5371094,0.0109064905
1.08280,1081,804.6014,804.604736,-0.5371094,0.0109064905
1.08461,1082,804.6014,804.604736,-0.5371094,0
1.08463,1083,804.6014,804.604736,-0.5371094,0
1.08587,1084,804.6014,804.604736,-0.5371094,0
1.08588,1085,804.6014,804.604736,-0.5371094,0
1.08772,1086,804.6014,804.604736,-0.5371094,0
1.08955,1087,804.6014,804.604736,-0.5371094,0
1.08958,1088,804.6014,804.604736,-0.5371094,0
1.09078,1089,804.6014,804.604736,-0.5371094,0
1.09268,1090,804.6014,804.604736,-0.5371094,0
1.09272,1091,804.6014,804.604736,-0.5371094,0
1.09392,1092,804.6014,804.604736,-0.5371094,0
1.09396,1093,804.6014,804.604736,-0.5371094,0
1.09571,1094,804.6014,804.604736,-0.5371094,0
1.09757,1095,804.6014,804.604736,-0.5371094,0
1.09760,1096,804.6014,804.604736,-0.5371094,0
1.09879,1097,804.6014,804.604736,-0.5371094,0
1.10063,1098,804.6014,804.604736,-0.5371094,0
1.10067,1099,804.6014,804.604736,-0.5371094,0
1.10186,1100,804.6014,804.604736,-0.5371094,0
1.10188,1101,804.6014,804.604736,-0.5371094,0
1.10370,1102,804.6014,804.604736,-0.5371094,0
1.10555,1103,804.6014,804.604736,-0.5371094,0
1.10558,1104,804.6014,804.604736,-0.5371094,-0.0163597353
1.10679,1105,804.6014,804.604736,-0.5371094,-0.0163597353
1.10867,1106,804.6014,804.604736,-0.5371094,-0.0163597353
1.10870,1107,804.6014,804.604736,-0.5371094,-0.0163597353
1.10989,1108,804.6014,804.604736,-0.5371094,-0.0163597353
1.10993,1109,804.6014,804.604736,-0.5371094,-0.0163597353
1.11172,1110,804.6014,804.604736,-0.5371094,-0.0163597353
1.11354,1111,804.6014,804.604736,-0.5371094,-0.0163597353
1.11357,1112,804.6014,804.604736,-0.5371094,-0.0272662267
1.11480,1113,804.6014,804.604736,-0.5371094,-0.0163597353
1.11662,1114,804.6014,804.6046,-0.5175781,-0.0163597353
1.11664,1115,804.6014,804.6046,-0.5175781,-0.0163597353
1.11787,1116,804.6014,804.6046,-0.5175781,-0.0163597353
1.11789,1117,804.6014,804.6046,-0.5175781,-0.0163597353
1.11971,1118,804.6014,804.6046,-0.5175781,-0.0163597353
1.12154,1119,804.6014,804.6046,-0.5175781,-0.0163597353
1.12156,1120,804.6014,804.6046,-0.5175781,-0.0163597353
1.12278,1121,804.6014,804.6046,-0.5175781,0
1.12462,1122,804.6014,804.6046,-0.5175781,0
1.12465,1123,804.6014,804.6046,-0.5175781,0
1.12587,1124,804.6014,804.6046,-0.5175781,0
1.12592,1125,804.6014,804.6046,-0.5175781,0
1.12773,1126,804.6014,804.6046,-0.5175781,0
1.12955,1127,804.6014,804.6046,-0.5175781,0
1.12956,1128,804.6014,804.6046,-0.5175781,0
1.13082,1129,804.6014,804.6046,-0.5175781,0
1.13264,1130,804.6014,804.6046,-0.5175781,0
1.13267,1131,804.6014,804.6046,-0.5175781,0
1.13388,1132,804.6014,804.6046,-0.5175781,0
1.13389,1133,804.6014,804.6046,-0.5175781,0
1.13573,1134,804.6014,804.6046,-0.5175781,0
1.13754,1135,804.6014,804.6046,-0.5175781,0
1.13756,1136,804.6014,804.6046,-0.5175781,0
1.13878,1137,804.6014,804.6046,-0.5175781,0
1.14061,1138,804.6014,804.6046,-0.5175781,0
1.14064,1139,804.6014,804.6046,-0.5175781,0
1.14186,1140,804.6014,804.6046,-0.5175781,0
1.14188,1141,804.6014,804.6046,-0.5175781,0
1.14375,1142,804.6014,804.6046,-0.5175781,0
1.14556,1143,804.6014,804.6046,-0.5175781,0
1.14557,1144,804.6014,804.6046,-0.5175781,0
1.14679,1145,804.6014,804.6046,-0.5175781,0
1.14863,1146,804.6014,804.6046,-0.5175781,0
1.14865,1147,804.6014,804.6046,-0.5175781,-0.0163597353
1.14986,1148,804.6014,804.6046,-0.5175781,-0.0163597353
1.14988,1149,804.6014,804.6046,-0.5175781,-0.0272662267
1.15175,1150,804.6014,804.6046,-0.5175781,-0.0272662267
1.15357,1151,804.6014,804.6046,-0.5175781,-0.0272662267
1.15360,1152,804.6014,804.6046,-0.5175781,-0.0272662267
1.15480,1153,804.6014,804.6046,-0.5175781,-0.0272662267
1.15667,1154,804.6014,804.6046,-0.5175781,-0.0163597353
1.15674,1155,804.6014,804.6045,-0.498046875,-0.0163597353
1.15787,1156,804.6014,804.6045,-0.498046875,-0.0163597353
1.15789,1157,804.6014,804.6045,-0.498046875,-0.0163597353
1.15975,1158,804.6014,804.6045,-0.498046875,-0.0163597353
1.16172,1159,804.6014,804.6045,-0.498046875,-0.0163597353
1.16176,1160,804.6014,804.6045,-0.498046875,0
1.16282,1161,804.6014,804.6045,-0.498046875,0
1.16461,1162,804.6014,804.6045,-0.498046875,0
1.16463,1163,804.6014,804.6045,-0.498046875,0
1.16586,1164,804.6014,804.6045,-0.498046875,0
1.16588,1165,804.6014,804.6045,-0.498046875,0
1.16769,1166,804.6014,804.6045,-0.498046875,0
1.16954,1167,804.6014,804.6045,-0.498046875,0
1.16956,1168,804.6014,804.6045,-0.498046875,0
1.17080,1169,804.6014,804.6045,-0.498046875,0
1.17264,1170,804.6014,804.6045,-0.498046875,0
1.17266,1171,804.6014,804.6045,-0.498046875,0
1.17387,1172,804.6014,804.6045,-0.498046875,0
1.17389,1173,804.6014,804.6045,-0.498046875,0
1.17596,1174,804.6014,804.6045,-0.498046875,0
1.17754,1175,804.6014,804.6045,-0.498046875,0
1.17755,1176,804.6014,804.6045,-0.498046875,0
1.17879,1177,804.6014,804.6045,-0.498046875,0
1.18063,1178,804.6014,804.6045,-0.498046875,0
1.18066,1179,804.6014,804.6045,-0.498046875,0
1.18188,1180,804.6014,804.6045,-0.498046875,0
1.18192,1181,804.6014,804.6045,-0.498046875,0
1.18371,1182,804.6014,804.6045,-0.498046875,0
1.18555,1183,804.6014,804.6045,-0.498046875,0
1.18559,1184,804.6014,804.6045,-0.498046875,0
1.18678,1185,804.6014,804.6045,-0.498046875,0
1.18863,1186,804.6014,804.6045,-0.498046875,0
1.18866,1187,804.6014,804.6045,-0.498046875,0
1.18987,1188,804.6014,804.6045,-0.498046875,-0.0163597353
1.18988,1189,804.6014,804.6044,-0.478515625,-0.0163597353
1.19171,1190,804.6014,804.6044,-0.478515625,-0.0272662267
1.19357,1191,804.6014,804.6044,-0.478515625,-0.0272662267
1.19361,1192,804.6014,804.6044,-0.478515625,-0.0163597353
1.19480,1193,804.6014,804.6044,-0.478515625,-0.0163597353
1.19665,1194,804.6014,804.6044,-0.478515625,-0.0163597353
1.19670,1195,804.6014,804.6044,-0.478515625,-0.0163597353
1.19787,1196,804.6014,804.6044,-0.478515625,-0.0163597353
1.19789,1197,804.6014,804.6044,-0.478515625,-0.0163597353
1.19972,1198,804.6014,804.6044,-0.478515625,-0.0163597353
1.20156,1199,804.6014,804.6044,-0.478515625,-0.0163597353
1.20159,1200,804.6014,804.6044,-0.478515625,-0.0163597353
1.20278,1201,804.6014,804.6044,-0.478515625,-0.0163597353
1.20463,1202,804.6014,804.6044,-0.478515625,0
1.20466,1203,804.6014,804.6044,-0.478515625,0
1.20588,1204,804.6014,804.6044,-0.478515625,0
1.20590,1205,804.6014,804.6044,-0.478515625,0
1.20773,1206,804.6014,804.6044,-0.478515625,0
1.20956,1207,804.6014,804.6044,-0.478515625,0
1.20958,1208,804.6014,804.6044,-0.478515625,0
1.21079,1209,804.6014,804.6044,-0.478515625,0
1.21265,1210,804.6014,804.6044,-0.478515625,0
1.21268,1211,804.6014,804.6044,-0.478515625,0
1.21387,1212,804.6014,804.6044,-0.478515625,0
1.21389,1213,804.6014,804.6044,-0.478515625,0
1.21572,1214,804.6014,804.6044,-0.478515625,0
1.21755,1215,804.6014,804.6044,-0.478515625,0
1.21758,1216,804.6014,804.6044,-0.478515625,0
1.21877,1217,804.6014,804.6044,-0.478515625,0
1.22063,1218,804.6014,804.6044,-0.478515625,0
1.22065,1219,804.6014,804.6044,-0.478515625,0
1.22187,1220,804.6014,804.6044,-0.478515625,0
1.22189,1221,804.6014,804.6044,-0.478515625,0
1.22370,1222,804.6014,804.6044,-0.478515625,0
1.22561,1223,804.6014,804.6044,-0.478515625,0
1.22566,1224,804.6014,804.6044,-0.478515625,0
1.22681,1225,804.6014,804.6043,-0.46875,-0.0163597353
1.22866,1226,804.6014,804.6043,-0.46875,-0.0163597353
1.22871,1227,804.6014,804.6043,-0.46875,-0.0272662267
1.22988,1228,804.6014,804.604248,-0.458984375,-0.0272662267
1.22990,1229,804.6014,804.604248,-0.458984375,-0.0163597353
1.23171,1230,804.6014,804.604248,-0.458984375,-0.0163597353
1.23356,1231,804.6014,804.604248,-0.458984375,-0.0163597353
1.23358,1232,804.6014,804.604248,-0.458984375,-0.0163597353
1.23478,1233,804.6014,804.604248,-0.458984375,-0.0163597353
1.23664,1234,804.6014,804.604248,-0.458984375,-0.0163597353
1.23667,1235,804.6014,804.604248,-0.458984375,-0.0163597353
1.23790,1236,804.6014,804.604248,-0.458984375,-0.0163597353
1.23792,1237,804.6014,804.604248,-0.458984375,-0.0163597353
1.23977,1238,804.6014,804.604248,-0.458984375,-0.0163597353
1.24156,1239,804.6014,804.6042,-0.44921875,-0.0163597353
1.24161,1240,804.6014,804.604248,-0.458984375,-0.0163597353
1.24284,1241,804.6014,804.604248,-0.458984375,-0.0163597353
1.24475,1242,804.6014,804.604248,-0.458984375,0
1.24477,1243,804.6014,804.604248,-0.458984375,0
1.24589,1244,804.6014,804.604248,-0.458984375,0.0109064905
1.24591,1245,804.6014,804.604248,-0.458984375,0
1.24772,1246,804.6014,804.604248,-0.458984375,0
1.24955,1247,804.6014,804.604248,-0.458984375,0
1.24958,1248,804.6014,804.604248,-0.458984375,0
1.25078,1249,804.6014,804.604248,-0.458984375,0
1.25263,1250,804.6014,804.604248,-0.458984375,0
1.25265,1251,804.6014,804.604248,-0.458984375,0
1.25392,1252,804.6014,804.604248,-0.458984375,0
1.25396,1253,804.6014,804.604248,-0.458984375,0
1.25574,1254,804.6014,804.604248,-0.458984375,0
1.25755,1255,804.6014,804.604248,-0.458984375,0
1.25758,1256,804.6014,804.604248,-0.458984375,0
1.25912,1257,804.6014,804.604248,-0.458984375,0
1.26069,1258,804.6014,804.604248,-0.458984375,0
1.26072,1259,804.6014,804.604248,-0.458984375,0
1.26187,1260,804.6014,804.604248,-0.458984375,0
1.26189,1261,804.6014,804.604248,-0.458984375,0
1.26374,1262,804.6014,804.604248,-0.458984375,0
1.26556,1263,804.6014,804.604248,-0.458984375,0
1.26558,1264,804.6014,804.604248,-0.458984375,0
1.26678,1265,804.6014,804.604248,-0.458984375,0
1.26864,1266,804.6014,804.604248,-0.458984375,-0.0163597353
1.26867,1267,804.6014,804.604248,-0.458984375,-0.0163597353
1.26988,1268,804.6014,804.604248,-0.458984375,-0.0163597353
1.26990,1269,804.6014,804.604248,-0.458984375,-0.0163597353
1.27172,1270,804.6014,804.604248,-0.458984375,-0.0163597353
1.27356,1271,804.6014,804.604248,-0.458984375,0
1.27358,1272,804.6014,804.604248,-0.458984375,0
1.27479,1273,804.6014,804.604248,-0.458984375,0
1.27666,1274,804.6014,804.604248,-0.458984375,0
1.27669,1275,804.6014,804.604248,-0.458984375,0
1.27787,1276,804.6014,804.604248,-0.458984375,0
1.27790,1277,804.6014,804.604248,-0.458984375,0
1.27973,1278,804.6014,804.6042,-0.44921875,-0.0163597353
1.28155,1279,804.6014,804.604065,-0.4296875,-0.0272662267
1.28157,1280,804.6014,804.604065,-0.4296875,-0.0272662267
1.28278,1281,804.6014,804.604065,-0.4296875,-0.0272662267
1.28467,1282,804.6014,804.604065,-0.4296875,-0.0272662267
1.28470,1283,804.6014,804.604065,-0.4296875,-0.0163597353
1.28589,1284,804.6014,804.604065,-0.4296875,-0.0163597353
1.28592,1285,804.6014,804.604065,-0.4296875,-0.0163597353
1.28774,1286,804.6014,804.604065,-0.4296875,-0.0163597353
1.28958,1287,804.6014,804.604065,-0.4296875,-0.0163597353
1.28961,1288,804.6014,804.604065,-0.4296875,-0.0163597353
1.29078,1289,804.6014,804.604065,-0.4296875,0
1.29265,1290,804.6014,804.604065,-0.4296875,0
1.29270,1291,804.6014,804.604065,-0.4296875,0
1.29388,1292,804.6014,804.604065,-0.4296875,0
1.29389,1293,804.6014,804.604065,-0.4296875,0
1.29570,1294,804.6014,804.604065,-0.4296875,0
1.29755,1295,804.6014,804.604065,-0.4296875,0
1.29759,1296,804.6014,804.604065,-0.4296875,0
1.29879,1297,804.6014,804.604065,-0.4296875,0
1.30064,1298,804.6014,804.604065,-0.4296875,0
1.30067,1299,804.6014,804.604065,-0.4296875,0
1.30187,1300,804.6014,804.604065,-0.4296875,0
1.30189,1301,804.6014,804.604065,-0.4296875,0
1.30372,1302,804.6014,804.604065,-0.4296875,0
1.30556,1303,804.6014,804.604065,-0.4296875,0
1.30560,1304,804.6014,804.604065,-0.4296875,0
1.30679,1305,804.6014,804.604065,-0.4296875,0
1.30865,1306,804.6014,804.604065,-0.4296875,0
1.30868,1307,804.6014,804.604065,-0.4296875,0
1.30989,1308,804.6014,804.604065,-0.4296875,0
1.30991,1309,804.6014,804.604065,-0.4296875,0
1.31175,1310,804.6014,804.604065,-0.4296875,0
1.31355,1311,804.6014,804.604065,-0.4296875,0
1.31357,1312,804.6014,804.604065,-0.4296875,0
1.31478,1313,804.6014,804.604065,-0.4296875,0
1.31662,1314,804.6014,804.604065,-0.4296875,0
1.31665,1315,804.6014,804.604065,-0.4296875,0
1.31790,1316,804.6014,804.604065,-0.4296875,0
1.31794,1317,804.6014,804.604065,-0.4296875,0
1.31973,1318,804.6014,804.604065,-0.4296875,0
1.32157,1319,804.6014,804.604065,-0.4296875,0
1.32160,1320,804.6014,804.604065,-0.4296875,0
1.32278,1321,804.6014,804.604065,-0.4296875,0
1.32464,1322,804.6014,804.604065,-0.4296875,0
1.32467,1323,804.6014,804.604065,-0.4296875,0
1.32591,1324,804.6014,804.604065,-0.4296875,-0.0163597353
1.32596,1325,804.6014,804.604065,-0.4296875,-0.0163597353
1.32773,1326,804.6014,804.604065,-0.4296875,-0.0272662267
1.32959,1327,804.6014,804.604,-0.419921875,-0.0272662267
1.32964,1328,804.6014,804.604,-0.419921875,-0.0163597353
1.33079,1329,804.6014,804.604,-0.419921875,-0.0163597353
1.33263,1330,804.6014,804.603943,-0.41015625,-0.0163597353
1.33265,1331,804.6014,804.603943,-0.41015625,-0.0163597353
1.33389,1332,804.6014,804.603943,-0.41015625,-0.0163597353
1.33391,1333,804.6014,804.603943,-0.41015625,-0.0163597353
1.33570,1334,804.6014,804.603943,-0.41015625,-0.0163597353
1.33755,1335,804.6014,804.603943,-0.41015625,-0.0163597353
1.33757,1336,804.6014,804.603943,-0.41015625,0
1.33878,1337,804.6014,804.603943,-0.41015625,0
1.34065,1338,804.6014,804.603943,-0.41015625,0
1.34068,1339,804.6014,804.603943,-0.41015625,0
1.34187,1340,804.6014,804.603943,-0.41015625,0
1.34190,1341,804.6014,804.603943,-0.41015625,0
1.34372,1342,804.6014,804.603943,-0.41015625,0
1.34557,1343,804.6014,804.603943,-0.41015625,0
1.34560,1344,804.6014,804.603943,-0.41015625,0
1.34680,1345,804.6014,804.603943,-0.41015625,0
1.34861,1346,804.6014,804.603943,-0.41015625,0
1.34862,1347,804.6014,804.603943,-0.41015625,0
1.34993,1348,804.6014,804.603943,-0.41015625,0
1.34997,1349,804.6014,804.603943,-0.41015625,0
1.35172,1350,804.6014,804.603943,-0.41015625,0
1.35354,1351,804.6014,804.603943,-0.41015625,0
1.35356,1352,804.6014,804.603943,-0.41015625,0
1.35479,1353,804.6014,804.603943,-0.41015625,0
1.35664,1354,804.6014,804.603943,-0.41015625,0
1.35668,1355,804.6014,804.603943,-0.41015625,0
1.35787,1356,804.6014,804.603943,-0.41015625,0
1.35789,1357,804.6014,804.603943,-0.41015625,0
1.35972,1358,804.6014,804.603943,-0.41015625,0
1.36153,1359,804.6014,804.603943,-0.41015625,0
1.36155,1360,804.6014,804.603943,-0.41015625,0
1.36279,1361,804.6014,804.603943,-0.41015625,0
1.36463,1362,804.6014,804.603943,-0.41015625,0
1.36469,1363,804.6014,804.603943,-0.41015625,0
1.36589,1364,804.6014,804.603943,-0.41015625,0
1.36590,1365,804.6014,804.603943,-0.41015625,-0.0163597353
1.36772,1366,804.6014,804.603943,-0.41015625,-0.0272662267
1.36954,1367,804.6014,804.603943,-0.41015625,-0.0272662267
1.36956,1368,804.6014,804.603943,-0.41015625,-0.0272662267
1.37078,1369,804.6014,804.603943,-0.41015625,-0.0163597353
1.37264,1370,804.6014,804.6038,-0.390625,-0.0163597353
1.37266,1371,804.6014,804.6038,-0.390625,-0.0163597353
1.37386,1372,804.6014,804.6038,-0.390625,-0.0163597353
1.37388,1373,804.6014,804.6038,-0.390625,-0.0163597353
1.37578,1374,804.6014,804.60376,-0.380859375,-0.0163597353
1.37763,1375,804.6014,804.60376,-0.380859375,-0.0163597353
1.37768,1376,804.6014,804.60376,-0.380859375,-0.0163597353
1.37881,1377,804.6014,804.60376,-0.380859375,-0.0163597353
1.38068,1378,804.6014,804.60376,-0.380859375,-0.0163597353
1.38071,1379,804.6014,804.60376,-0.380859375,0
1.38187,1380,804.6014,804.60376,-0.380859375,0
1.38189,1381,804.6014,804.60376,-0.380859375,0
1.38377,1382,804.6014,804.60376,-0.380859375,0
1.38555,1383,804.6014,804.60376,-0.380859375,0
1.38560,1384,804.6014,804.60376,-0.380859375,0
1.38678,1385,804.6014,804.60376,-0.380859375,0
1.38862,1386,804.6014,804.60376,-0.380859375,0
1.38867,1387,804.6014,804.60376,-0.380859375,0
1.38988,1388,804.6014,804.60376,-0.380859375,0
1.38989,1389,804.6014,804.60376,-0.380859375,0
1.39174,1390,804.6014,804.60376,-0.380859375,0
1.39353,1391,804.6014,804.60376,-0.380859375,0
1.39355,1392,804.6014,804.60376,-0.380859375,0
1.39483,1393,804.6014,804.60376,-0.380859375,0
1.39666,1394,804.6014,804.60376,-0.380859375,0
1.39669,1395,804.6014,804.60376,-0.380859375,0
1.39786,1396,804.6014,804.60376,-0.380859375,0
1.39788,1397,804.6014,804.60376,-0.380859375,0
1.39974,1398,804.6014,804.60376,-0.380859375,0
1.40151,1399,804.6014,804.60376,-0.380859375,0
1.40153,1400,804.6014,804.60376,-0.380859375,0
1.40277,1401,804.6014,804.60376,-0.380859375,0
1.40462,1402,804.6014,804.60376,-0.380859375,0
1.40465,1403,804.6014,804.60376,-0.380859375,0
1.40587,1404,804.6014,804.60376,-0.380859375,0
1.40588,1405,804.6014,804.60376,-0.380859375,0
1.40774,1406,804.6014,804.60376,-0.380859375,0
1.40954,1407,804.6014,804.60376,-0.380859375,0
1.40955,1408,804.6014,804.60376,-0.380859375,0
1.41082,1409,804.6014,804.60376,-0.380859375,0
1.41264,1410,804.6014,804.60376,-0.380859375,0
1.41266,1411,804.6014,804.60376,-0.380859375,0
1.41388,1412,804.6014,804.60376,-0.380859375,0
1.41390,1413,804.6014,804.60376,-0.380859375,0
1.41575,1414,804.6014,804.60376,-0.380859375,0
1.41753,1415,804.6014,804.60376,-0.380859375,0
1.41755,1416,804.6014,804.60376,-0.380859375,0
1.41879,1417,804.6014,804.60376,-0.380859375,0
1.42064,1418,804.6014,804.60376,-0.380859375,0
1.42067,1419,804.6014,804.60376,-0.380859375,0
1.42186,1420,804.6014,804.60376,-0.380859375,0
1.42187,1421,804.6014,804.60376,-0.380859375,0
1.42371,1422,804.6014,804.60376,-0.380859375,0
1.42598,1423,804.6014,804.60376,-0.380859375,-0.0163597353
1.42601,1424,804.6014,804.60376,-0.380859375,-0.0272662267
1.42683,1425,804.6014,804.60376,-0.380859375,-0.0272662267
1.42867,1426,804.6014,804.60376,-0.380859375,-0.0272662267
1.42869,1427,804.6014,804.60376,-0.380859375,-0.0272662267
1.42987,1428,804.6014,804.60376,-0.380859375,-0.0163597353
1.42989,1429,804.6014,804.60376,-0.380859375,-0.0163597353
1.43173,1430,804.6014,804.6037,-0.37109375,-0.0163597353
1.43353,1431,804.6014,804.6037,-0.37109375,-0.0163597353
1.43357,1432,804.6014,804.6037,-0.37109375,-0.0163597353
1.43478,1433,804.6014,804.603638,-0.361328125,-0.0163597353
1.43665,1434,804.6014,804.603638,-0.361328125,-0.0272662267
1.43669,1435,804.6014,804.603638,-0.361328125,-0.0272662267
1.43787,1436,804.6014,804.603638,-0.361328125,-0.0272662267
1.43788,1437,804.6014,804.603638,-0.361328125,-0.0272662267
1.43973,1438,804.6014,804.603638,-0.361328125,-0.0272662267
1.44152,1439,804.6014,804.603638,-0.361328125,-0.0272662267
1.44154,1440,804.6014,804.6035,-0.341796875,-0.0163597353
1.44279,1441,804.6014,804.6035,-0.341796875,-0.0163597353
1.44462,1442,804.6014,804.6035,-0.341796875,-0.0163597353
1.44463,1443,804.6014,804.6035,-0.341796875,-0.0163597353
1.44591,1444,804.6014,804.6035,-0.341796875,-0.0163597353
1.44595,1445,804.6014,804.603638,-0.361328125,-0.0163597353
1.44773,1446,804.6014,804.603638,-0.361328125,0
1.44952,1447,804.6014,804.603638,-0.361328125,0
1.44955,1448,804.6014,804.603638,-0.361328125,0.0109064905
1.45077,1449,804.6014,804.603638,-0.361328125,0.0109064905
1.45261,1450,804.6014,804.603638,-0.361328125,0
1.45264,1451,804.6014,804.603638,-0.361328125,0
1.45387,1452,804.6014,804.603638,-0.361328125,0
1.45391,1453,804.6014,804.603638,-0.361328125,0
1.45572,1454,804.6014,804.603638,-0.361328125,0
1.45754,1455,804.6014,804.603638,-0.361328125,0
1.45756,1456,804.6014,804.603638,-0.361328125,0
1.45914,1457,804.6014,804.603638,-0.361328125,0
1.46062,1458,804.6014,804.603638,-0.361328125,0
1.46064,1459,804.6014,804.603638,-0.361328125,0
1.46194,1460,804.6014,804.603638,-0.361328125,0
1.46197,1461,804.6014,804.603638,-0.361328125,0
1.46372,1462,804.6014,804.603638,-0.361328125,0
1.46552,1463,804.6014,804.603638,-0.361328125,0
1.46553,1464,804.6014,804.603638,-0.361328125,0
1.46680,1465,804.6014,804.603638,-0.361328125,-0.0163597353
1.46860,1466,804.6014,804.603638,-0.361328125,-0.0163597353
1.46861,1467,804.6014,804.603638,-0.361328125,-0.0163597353
1.46986,1468,804.6014,804.6035,-0.341796875,-0.0163597353
1.46988,1469,804.6014,804.6035,-0.341796875,-0.0163597353
1.47169,1470,804.6014,804.603455,-0.33203125,-0.0272662267
1.47353,1471,804.6014,804.603455,-0.33203125,-0.0272662267
1.47355,1472,804.6014,804.603455,-0.33203125,-0.0272662267
1.47479,1473,804.6014,804.603455,-0.33203125,-0.0163597353
1.47662,1474,804.6014,804.603455,-0.33203125,-0.0163597353
1.47665,1475,804.6014,804.603455,-0.33203125,-0.0163597353
1.47808,1476,804.6014,804.603455,-0.33203125,-0.0163597353
1.47812,1477,804.6014,804.603455,-0.33203125,-0.0163597353
1.47972,1478,804.6014,804.603455,-0.33203125,-0.0163597353
1.48151,1479,804.6014,804.603455,-0.33203125,-0.0163597353
1.48153,1480,804.6014,804.603455,-0.33203125,-0.0163597353
1.48281,1481,804.6014,804.603455,-0.33203125,-0.0163597353
1.48461,1482,804.6014,804.603455,-0.33203125,-0.0163597353
1.48465,1483,804.6014,804.603455,-0.33203125,0
1.48587,1484,804.6014,804.603455,-0.33203125,0
1.48588,1485,804.6014,804.603455,-0.33203125,0
1.48778,1486,804.6014,804.603455,-0.33203125,0
1.48955,1487,804.6014,804.603455,-0.33203125,0
1.48959,1488,804.6014,804.603455,-0.33203125,0
1.49080,1489,804.6014,804.603455,-0.33203125,0
1.49262,1490,804.6014,804.603455,-0.33203125,0
1.49265,1491,804.6014,804.603455,-0.33203125,0
1.49387,1492,804.6014,804.603455,-0.33203125,0
1.49391,1493,804.6014,804.603455,-0.33203125,0
1.49581,1494,804.6014,804.603455,-0.33203125,0
1.49755,1495,804.6014,804.603455,-0.33203125,0
1.49757,1496,804.6014,804.603455,-0.33203125,0
1.49879,1497,804.6014,804.603455,-0.33203125,0
1.50064,1498,804.6014,804.603455,-0.33203125,0
1.50066,1499,804.6014,804.603455,-0.33203125,0
1.50196,1500,804.6014,804.603455,-0.33203125,0
1.50199,1501,804.6014,804.603455,-0.33203125,0
1.50373,1502,804.6014,804.603455,-0.33203125,0
1.50556,1503,804.6014,804.603455,-0.33203125,0
1.50560,1504,804.6014,804.603455,-0.33203125,0
1.50684,1505,804.6014,804.603455,-0.33203125,0
1.50862,1506,804.6014,804.603455,-0.33203125,0
1.50863,1507,804.6014,804.603455,-0.33203125,0
1.50994,1508,804.6014,804.603455,-0.33203125,0
1.50997,1509,804.6014,804.603455,-0.33203125,0
1.51174,1510,804.6014,804.603455,-0.33203125,0
1.51354,1511,804.6014,804.603455,-0.33203125,0
1.51356,1512,804.6014,804.603455,-0.33203125,0
1.51480,1513,804.6014,804.603455,-0.33203125,0
1.51662,1514,804.6014,804.603455,-0.33203125,-0.0163597353
1.51663,1515,804.6014,804.603455,-0.33203125,-0.0163597353
1.51786,1516,804.6014,804.6034,-0.322265625,-0.0272662267
1.51789,1517,804.6014,804.6034,-0.322265625,-0.0272662267
1.51970,1518,804.6014,804.6034,-0.322265625,-0.0272662267
1.52152,1519,804.6014,804.6033,-0.302734375,-0.0272662267
1.52154,1520,804.6014,804.6033,-0.302734375,-0.0163597353
1.52278,1521,804.6014,804.6033,-0.302734375,-0.0163597353
1.52461,1522,804.6014,804.6033,-0.302734375,-0.0163597353
1.52462,1523,804.6014,804.6033,-0.302734375,-0.0163597353
1.52598,1524,804.6014,804.6033,-0.302734375,-0.0163597353
1.52601,1525,804.6014,804.6033,-0.302734375,-0.0163597353
1.52771,1526,804.6014,804.6033,-0.302734375,-0.0163597353
1.52954,1527,804.6014,804.6033,-0.302734375,-0.0163597353
1.52957,1528,804.6014,804.6033,-0.302734375,-0.0163597353
1.53081,1529,804.6014,804.6033,-0.302734375,-0.0163597353
1.53263,1530,804.6014,804.6033,-0.302734375,0
1.53266,1531,804.6014,804.6033,-0.302734375,0
1.53386,1532,804.6014,804.6033,-0.302734375,0
1.53388,1533,804.6014,804.6033,-0.302734375,0
1.53572,1534,804.6014,804.6033,-0.302734375,0
1.53754,1535,804.6014,804.6033,-0.302734375,0
1.53756,1536,804.6014,804.6033,-0.302734375,0
1.53879,1537,804.6014,804.6033,-0.302734375,0
1.54061,1538,804.6014,804.6033,-0.302734375,0
1.54063,1539,804.6014,804.6033,-0.302734375,0
1.54190,1540,804.6014,804.6033,-0.302734375,0
1.54194,1541,804.6014,804.6033,-0.302734375,0
1.54371,1542,804.6014,804.6033,-0.302734375,0
1.54553,1543,804.6014,804.6033,-0.302734375,0
1.54554,1544,804.6014,804.6033,-0.302734375,0
1.54681,1545,804.6014,804.6033,-0.302734375,0
1.54862,1546,804.6014,804.6033,-0.302734375,0
1.54864,1547,804.6014,804.6033,-0.302734375,0
1.54989,1548,804.6014,804.6033,-0.302734375,0
1.54992,1549,804.6014,804.6033,-0.302734375,0
1.55172,1550,804.6014,804.6033,-0.302734375,0
1.55355,1551,804.6014,804.6033,-0.302734375,0
1.55357,1552,804.6014,804.6033,-0.302734375,0
1.55478,1553,804.6014,804.6033,-0.302734375,0
1.55665,1554,804.6014,804.6033,-0.302734375,0
1.55667,1555,804.6014,804.6033,-0.302734375,0
1.55798,1556,804.6014,804.6033,-0.302734375,0
1.55802,1557,804.6014,804.6033,-0.302734375,0
1.55974,1558,804.6014,804.6033,-0.302734375,0
1.56160,1559,804.6014,804.6033,-0.302734375,0
1.56162,1560,804.6014,804.6033,-0.302734375,0
1.56280,1561,804.6014,804.6033,-0.302734375,0
1.56461,1562,804.6014,804.6033,-0.302734375,0
1.56463,1563,804.6014,804.6033,-0.302734375,0
1.56594,1564,804.6014,804.6033,-0.302734375,0
1.56596,1565,804.6014,804.6033,-0.302734375,0
1.56771,1566,804.6014,804.6033,-0.302734375,0
1.56954,1567,804.6014,804.6033,-0.302734375,-0.0163597353
1.56957,1568,804.6014,804.6033,-0.302734375,-0.0163597353
1.57079,1569,804.6014,804.6033,-0.302734375,-0.0163597353
1.57264,1570,804.6014,804.6033,-0.302734375,-0.0272662267
1.57266,1571,804.6014,804.6033,-0.302734375,-0.0272662267
1.57387,1572,804.6014,804.6032,-0.29296875,-0.0272662267
1.57391,1573,804.6014,804.6032,-0.29296875,-0.0272662267
1.57575,1574,804.6014,804.6031,-0.2734375,-0.0272662267
1.57768,1575,804.6014,804.6031,-0.2734375,-0.0272662267
1.57771,1576,804.6014,804.6031,-0.2734375,-0.0272662267
1.57881,1577,804.6014,804.6031,-0.2734375,-0.0272662267
1.58059,1578,804.6014,804.6031,-0.2734375,-0.0272662267
1.58061,1579,804.6014,804.6031,-0.2734375,-0.0272662267
1.58188,1580,804.6014,804.6031,-0.2734375,-0.0272662267
1.58190,1581,804.6014,804.6031,-0.2734375,-0.0163597353
1.58369,1582,804.6014,804.6031,-0.2734375,-0.0163597353
1.58557,1583,804.6014,804.6031,-0.2734375,-0.0163597353
1.58559,1584,804.6014,804.6031,-0.2734375,-0.0163597353
1.58679,1585,804.6014,804.6031,-0.2734375,-0.0163597353
1.58861,1586,804.6014,804.6031,-0.2734375,-0.0163597353
1.58862,1587,804.6014,804.6031,-0.2734375,-0.0163597353
1.58986,1588,804.6014,804.6031,-0.2734375,-0.0163597353
1.58987,1589,804.6014,804.602966,-0.25390625,-0.0163597353
1.59169,1590,804.6014,804.6031,-0.2734375,-0.0163597353
1.59357,1591,804.6014,804.6031,-0.2734375,0
1.59359,1592,804.6014,804.6031,-0.2734375,0
1.59481,1593,804.6014,804.6031,-0.2734375,0
1.59660,1594,804.6014,804.6031,-0.2734375,0
1.59661,1595,804.6014,804.6031,-0.2734375,0
1.59786,1596,804.6014,804.6031,-0.2734375,0
1.59788,1597,804.6014,804.6031,-0.2734375,0
1.59969,1598,804.6014,804.6031,-0.2734375,0
1.60156,1599,804.6014,804.6031,-0.2734375,0
1.60159,1600,804.6014,804.6031,-0.2734375,0
1.60278,1601,804.6014,804.6031,-0.2734375,0
1.60461,1602,804.6014,804.6031,-0.2734375,0
1.60464,1603,804.6014,804.6031,-0.2734375,0
1.60586,1604,804.6014,804.6031,-0.2734375,0
1.60588,1605,804.6014,804.6031,-0.2734375,0
1.60770,1606,804.6014,804.6031,-0.2734375,0
1.60958,1607,804.6014,804.6031,-0.2734375,0
1.60965,1608,804.6014,804.6031,-0.2734375,0
1.61080,1609,804.6014,804.6031,-0.2734375,0
1.61262,1610,804.6014,804.6031,-0.2734375,0
1.61265,1611,804.6014,804.6031,-0.2734375,0
1.61389,1612,804.6014,804.6031,-0.2734375,0
1.61391,1613,804.6014,804.6031,-0.2734375,0
1.61574,1614,804.6014,804.6031,-0.2734375,-0.0163597353
1.61754,1615,804.6014,804.6031,-0.2734375,-0.0163597353
1.61756,1616,804.6014,804.602966,-0.25390625,-0.0272662267
1.61877,1617,804.6014,804.602966,-0.25390625,-0.0272662267
1.62063,1618,804.6014,804.602966,-0.25390625,-0.03817272
1.62065,1619,804.6014,804.602966,-0.25390625,-0.03817272
1.62187,1620,804.6014,804.602966,-0.25390625,-0.0272662267
1.62189,1621,804.6014,804.602966,-0.25390625,-0.0272662267
1.62369,1622,804.6014,804.602966,-0.25390625,-0.0163597353
1.62582,1623,804.6014,804.6029,-0.244140625,-0.0163597353
1.62588,1624,804.6014,804.6028,-0.224609375,-0.0163597353
1.62683,1625,804.6014,804.6028,-0.224609375,-0.0272662267
1.62861,1626,804.6014,804.6028,-0.224609375,-0.0272662267
1.62862,1627,804.6014,804.6028,-0.224609375,-0.03817272
1.62988,1628,804.6014,804.6028,-0.224609375,-0.03817272
1.62990,1629,804.6014,804.6027,-0.21484375,-0.0272662267
1.63170,1630,804.6014,804.6027,-0.21484375,-0.0272662267
1.63353,1631,804.6014,804.602661,-0.205078125,-0.0272662267
1.63356,1632,804.6014,804.602661,-0.205078125,-0.0272662267
1.63477,1633,804.6014,804.602661,-0.205078125,-0.0272662267
1.63664,1634,804.6014,804.602661,-0.205078125,-0.03817272
1.63666,1635,804.6014,804.602661,-0.205078125,-0.03817272
1.63786,1636,804.6014,804.602539,-0.185546875,-0.03817272
1.63788,1637,804.6014,804.6025,-0.17578125,-0.03817272
1.63971,1638,804.6014,804.6025,-0.17578125,-0.0272662267
1.64152,1639,804.6014,804.6025,-0.17578125,-0.0272662267
1.64155,1640,804.6014,804.6025,-0.17578125,-0.0272662267
1.64280,1641,804.6014,804.6025,-0.17578125,-0.0272662267
1.64464,1642,804.6014,804.6025,-0.17578125,-0.0272662267
1.64468,1643,804.6014,804.6025,-0.17578125,-0.0272662267
1.64588,1644,804.6014,804.6025,-0.17578125,-0.0163597353
1.64590,1645,804.6014,804.6025,-0.17578125,0.0109064905
1.64771,1646,804.6014,804.6025,-0.17578125,0.0109064905
1.64956,1647,804.6014,804.6025,-0.17578125,0.0109064905
1.64959,1648,804.6014,804.602661,-0.205078125,0.021812981
1.65082,1649,804.6014,804.602661,-0.205078125,0.0109064905
1.65264,1650,804.6014,804.602661,-0.205078125,0.0109064905
1.65267,1651,804.6014,804.602661,-0.205078125,0.021812981
1.65386,1652,804.6014,804.602661,-0.205078125,0.0109064905
1.65388,1653,804.6014,804.602661,-0.205078125,0.0109064905
1.65572,1654,804.6014,804.6027,-0.21484375,0.0109064905
1.65754,1655,804.6014,804.6027,-0.21484375,0.0109064905
1.65756,1656,804.6014,804.6028,-0.224609375,0.0109064905
1.65919,1657,804.6014,804.6028,-0.224609375,0.021812981
1.66066,1658,804.6014,804.6028,-0.224609375,0.021812981
1.66068,1659,804.6014,804.6028,-0.224609375,0.021812981
1.66189,1660,804.6014,804.6028,-0.224609375,0.021812981
1.66191,1661,804.6014,804.6029,-0.244140625,0.021812981
1.66371,1662,804.6014,804.6029,-0.244140625,0.0109064905
1.66555,1663,804.6014,804.6029,-0.244140625,0.0109064905
1.66558,1664,804.6014,804.6028,-0.224609375,-0.0163597353
1.66680,1665,804.6014,804.6028,-0.224609375,-0.0272662267
1.66870,1666,804.6014,804.6028,-0.224609375,-0.0163597353
1.66874,1667,804.6014,804.6028,-0.224609375,-0.03817272
1.66987,1668,804.6014,804.6028,-0.224609375,-0.0272662267
1.66989,1669,804.6014,804.602661,-0.205078125,-0.0599856973
1.67172,1670,804.6014,804.602661,-0.205078125,-0.0599856973
1.67357,1671,804.6014,804.602539,-0.185546875,-0.0599856973
1.67360,1672,804.6014,804.6025,-0.17578125,-0.03817272
1.67477,1673,804.6014,804.6025,-0.17578125,-0.0272662267
1.67662,1674,804.6014,804.6025,-0.17578125,-0.0272662267
1.67664,1675,804.6014,804.6025,-0.17578125,-0.0272662267
1.67788,1676,804.6014,804.6025,-0.17578125,-0.0272662267
1.67790,1677,804.6014,804.6025,-0.17578125,-0.0272662267
1.67972,1678,804.6014,804.6025,-0.17578125,-0.0272662267
1.68155,1679,804.6014,804.6025,-0.17578125,-0.0163597353
1.68159,1680,804.6014,804.6025,-0.17578125,-0.0163597353
1.68279,1681,804.6014,804.6025,-0.17578125,0
1.68466,1682,804.6014,804.6025,-0.17578125,0
1.68468,1683,804.6014,804.6025,-0.17578125,0.0109064905
1.68588,1684,804.6014,804.6025,-0.17578125,0.021812981
1.68590,1685,804.6014,804.6025,-0.17578125,0.021812981
1.68773,1686,804.6014,804.602539,-0.185546875,0.0109064905
1.68952,1687,804.6014,804.602661,-0.205078125,0.021812981
1.68954,1688,804.6014,804.602661,-0.205078125,0.0109064905
1.69081,1689,804.6014,804.602661,-0.205078125,0.021812981
1.69263,1690,804.6014,804.602661,-0.205078125,0.0109064905
1.69265,1691,804.6014,804.602661,-0.205078125,0.0109064905
1.69390,1692,804.6014,804.602661,-0.205078125,0.0109064905
1.69392,1693,804.6014,804.602661,-0.205078125,0.0109064905
1.69573,1694,804.6014,804.602661,-0.205078125,0.0109064905
1.69758,1695,804.6014,804.602661,-0.205078125,0.0109064905
1.69761,1696,804.6014,804.602661,-0.205078125,0
1.69879,1697,804.6014,804.602661,-0.205078125,0
1.70067,1698,804.6014,804.602661,-0.205078125,-0.0163597353
1.70069,1699,804.6014,804.602661,-0.205078125,-0.0272662267
1.70187,1700,804.6014,804.602661,-0.205078125,-0.0272662267
1.70188,1701,804.6014,804.602661,-0.205078125,-0.03817272
1.70373,1702,804.6014,804.602661,-0.205078125,-0.0272662267
1.70554,1703,804.6014,804.602661,-0.205078125,-0.0163597353
1.70556,1704,804.6014,804.602661,-0.205078125,-0.0163597353
1.70679,1705,804.6014,804.602661,-0.205078125,0
1.70865,1706,804.6014,804.602539,-0.185546875,-0.0272662267
1.70869,1707,804.6014,804.6025,-0.17578125,-0.0272662267
1.70989,1708,804.6014,804.6025,-0.17578125,-0.03817272
1.70991,1709,804.6014,804.6025,-0.17578125,-0.03817272
1.71175,1710,804.6014,804.6025,-0.17578125,-0.0272662267
1.71355,1711,804.6014,804.6025,-0.17578125,-0.0163597353
1.71357,1712,804.6014,804.6025,-0.17578125,-0.0163597353
1.71478,1713,804.6014,804.6025,-0.17578125,-0.0163597353
1.71664,1714,804.6014,804.6025,-0.17578125,-0.0163597353
1.71667,1715,804.6014,804.6025,-0.17578125,-0.0163597353
1.71789,1716,804.6014,804.6025,-0.17578125,-0.0163597353
1.71792,1717,804.6014,804.6025,-0.17578125,-0.0163597353
1.71977,1718,804.6014,804.6025,-0.17578125,-0.0163597353
1.72155,1719,804.6014,804.6025,-0.17578125,0
1.72159,1720,804.6014,804.6025,-0.17578125,0
1.72282,1721,804.6014,804.6025,-0.17578125,0
1.72464,1722,804.6014,804.6025,-0.17578125,0.0109064905
1.72466,1723,804.6014,804.6025,-0.17578125,0.0109064905
1.72596,1724,804.6014,804.6025,-0.17578125,0.0109064905
1.72599,1725,804.6014,804.6025,-0.17578125,0.0109064905
1.72771,1726,804.6014,804.6025,-0.17578125,0
1.72957,1727,804.6014,804.6025,-0.17578125,0
1.72959,1728,804.6014,804.6025,-0.17578125,0
1.73078,1729,804.6014,804.6025,-0.17578125,0
1.73266,1730,804.6014,804.6025,-0.17578125,0
1.73270,1731,804.6014,804.6025,-0.17578125,0
1.73387,1732,804.6014,804.6025,-0.17578125,0
1.73389,1733,804.6014,804.6025,-0.17578125,0
1.73573,1734,804.6014,804.6025,-0.17578125,0
1.73753,1735,804.6014,804.6025,-0.17578125,0
1.73756,1736,804.6014,804.6025,-0.17578125,0
1.73878,1737,804.6014,804.6025,-0.17578125,0
1.74067,1738,804.6014,804.6025,-0.17578125,0
1.74069,1739,804.6014,804.6025,-0.17578125,0
1.74188,1740,804.6014,804.6025,-0.17578125,0
1.74191,1741,804.6014,804.6025,-0.17578125,0
1.74372,1742,804.6014,804.6025,-0.17578125,0
1.74555,1743,804.6014,804.6025,-0.17578125,0
1.74558,1744,804.6014,804.6025,-0.17578125,0
1.74679,1745,804.6014,804.6025,-0.17578125,0
1.74865,1746,804.6014,804.6025,-0.17578125,0
1.74868,1747,804.6014,804.6025,-0.17578125,0
1.74988,1748,804.6014,804.6025,-0.17578125,0
1.74990,1749,804.6014,804.6025,-0.17578125,0
1.75175,1750,804.6014,804.6025,-0.17578125,0
1.75354,1751,804.6014,804.6025,-0.17578125,0
1.75355,1752,804.6014,804.6025,-0.17578125,0
1.75479,1753,804.6014,804.6025,-0.17578125,0
1.75665,1754,804.6014,804.6025,-0.17578125,0
1.75667,1755,804.6014,804.6025,-0.17578125,0
1.75787,1756,804.6014,804.6025,-0.17578125,0
1.75789,1757,804.6014,804.6025,-0.17578125,0
1.75973,1758,804.6014,804.6025,-0.17578125,0
1.76159,1759,804.6014,804.6025,-0.17578125,0
1.76163,1760,804.6014,804.6025,-0.17578125,0
1.76279,1761,804.6014,804.6025,-0.17578125,0
1.76466,1762,804.6014,804.6025,-0.17578125,0
1.76468,1763,804.6014,804.6025,-0.17578125,-0.0163597353
1.76587,1764,804.6014,804.6025,-0.17578125,-0.0163597353
1.76588,1765,804.6014,804.6025,-0.17578125,-0.0163597353
1.76772,1766,804.6014,804.6025,-0.17578125,-0.0163597353
1.76954,1767,804.6014,804.6025,-0.17578125,-0.0163597353
1.76956,1768,804.6014,804.6025,-0.17578125,0
1.77081,1769,804.6014,804.6025,-0.17578125,0
1.77263,1770,804.6014,804.6025,-0.17578125,0
1.77265,1771,804.6014,804.6025,-0.17578125,-0.0163597353
1.77386,1772,804.6014,804.6025,-0.17578125,-0.0163597353
1.77388,1773,804.6014,804.6025,-0.17578125,-0.0163597353
1.77592,1774,804.6014,804.6025,-0.17578125,-0.0163597353
1.77757,1775,804.6014,804.6025,-0.17578125,0
1.77760,1776,804.6014,804.6025,-0.17578125,0
1.77883,1777,804.6014,804.6025,-0.17578125,0
1.78064,1778,804.6014,804.6025,-0.17578125,0
1.78069,1779,804.6014,804.6025,-0.17578125,0
1.78188,1780,804.6014,804.6025,-0.17578125,0
1.78190,1781,804.6014,804.6025,-0.17578125,0
1.78371,1782,804.6014,804.6025,-0.17578125,-0.0163597353
1.78556,1783,804.6014,804.6024,-0.166015625,-0.0272662267
1.78559,1784,804.6014,804.602356,-0.15625,-0.0272662267
1.78679,1785,804.6014,804.602356,-0.15625,-0.03817272
1.78865,1786,804.6014,804.602356,-0.15625,-0.0272662267
1.78868,1787,804.6014,804.602356,-0.15625,-0.0272662267
1.78987,1788,804.6014,804.602356,-0.15625,-0.0272662267
1.78988,1789,804.6014,804.602356,-0.15625,-0.0272662267
1.79175,1790,804.6014,804.602356,-0.15625,-0.0272662267
1.79358,1791,804.6014,804.602356,-0.15625,-0.0163597353
1.79361,1792,804.6014,804.602234,-0.13671875,-0.0272662267
1.79479,1793,804.6014,804.6022,-0.126953125,-0.03817272
1.79664,1794,804.6014,804.6022,-0.126953125,-0.03817272
1.79666,1795,804.6014,804.6022,-0.126953125,-0.03817272
1.79788,1796,804.6014,804.6022,-0.126953125,-0.03817272
1.79790,1797,804.6014,804.6022,-0.126953125,-0.0272662267
1.79970,1798,804.6014,804.6021,-0.1171875,-0.0272662267
1.80156,1799,804.6014,804.6021,-0.1171875,-0.0272662267
1.80159,1800,804.6014,804.602,-0.09765625,-0.0272662267
1.80278,1801,804.6014,804.602,-0.09765625,-0.0272662267
1.80464,1802,804.6014,804.602,-0.09765625,-0.0272662267
1.80468,1803,804.6014,804.602,-0.09765625,-0.0163597353
1.80586,1804,804.6014,804.602,-0.09765625,-0.0163597353
1.80587,1805,804.6014,804.602,-0.09765625,-0.0163597353
1.80772,1806,804.6014,804.6021,-0.1171875,0
1.80956,1807,804.6014,804.6021,-0.1171875,0
1.80959,1808,804.6014,804.6021,-0.1171875,0.0109064905
1.81078,1809,804.6014,804.6022,-0.126953125,0.021812981
1.81264,1810,804.6014,804.6022,-0.126953125,0.0109064905
1.81269,1811,804.6014,804.6022,-0.126953125,0.0109064905
1.81387,1812,804.6014,804.6022,-0.126953125,0.0109064905
1.81388,1813,804.6014,804.6022,-0.126953125,0.0109064905
1.81575,1814,804.6014,804.6022,-0.126953125,0.0109064905
1.81765,1815,804.6014,804.6022,-0.126953125,0.021812981
1.81767,1816,804.6014,804.602234,-0.13671875,0.0109064905
1.81880,1817,804.6014,804.602234,-0.13671875,0.0109064905
1.82062,1818,804.6014,804.6022,-0.126953125,0
1.82064,1819,804.6014,804.6022,-0.126953125,0
1.82189,1820,804.6014,804.6022,-0.126953125,-0.0163597353
1.82191,1821,804.6014,804.6022,-0.126953125,-0.0163597353
1.82369,1822,804.6014,804.6022,-0.126953125,-0.0163597353
1.82568,1823,804.6014,804.6022,-0.126953125,-0.0163597353
1.82572,1824,804.6014,804.6022,-0.126953125,-0.0163597353
1.82681,1825,804.6014,804.6022,-0.126953125,-0.0163597353
1.82867,1826,804.6014,804.6022,-0.126953125,-0.0272662267
1.82870,1827,804.6014,804.6022,-0.126953125,-0.0163597353
1.82987,1828,804.6014,804.6022,-0.126953125,-0.0163597353
1.82989,1829,804.6014,804.6022,-0.126953125,-0.0163597353
1.83173,1830,804.6014,804.6022,-0.126953125,0
1.83355,1831,804.6014,804.6022,-0.126953125,0
1.83357,1832,804.6014,804.6022,-0.126953125,0
1.83478,1833,804.6014,804.6022,-0.126953125,-0.0163597353
1.83665,1834,804.6014,804.6022,-0.126953125,-0.0163597353
1.83667,1835,804.6014,804.6021,-0.1171875,-0.0163597353
1.83787,1836,804.6014,804.6021,-0.1171875,-0.0272662267
1.83789,1837,804.6014,804.6021,-0.1171875,-0.0272662267
1.83971,1838,804.6014,804.602,-0.09765625,-0.0272662267
1.84152,1839,804.6014,804.602,-0.09765625,-0.0163597353
1.84154,1840,804.6014,804.602,-0.09765625,-0.0163597353
1.84279,1841,804.6014,804.602,-0.09765625,-0.0163597353
1.84466,1842,804.6014,804.602,-0.09765625,-0.0163597353
1.84468,1843,804.6014,804.602,-0.09765625,-0.0163597353
1.84586,1844,804.6014,804.602,-0.09765625,-0.0163597353
1.84588,1845,804.6014,804.6021,-0.1171875,0.0109064905
1.84771,1846,804.6014,804.6021,-0.1171875,0.0109064905
1.84955,1847,804.6014,804.6022,-0.126953125,0.0109064905
1.84957,1848,804.6014,804.6022,-0.126953125,0.0109064905
1.85080,1849,804.6014,804.6022,-0.126953125,0
1.85266,1850,804.6014,804.6022,-0.126953125,0
1.85269,1851,804.6014,804.6022,-0.126953125,0
1.85386,1852,804.6014,804.6022,-0.126953125,0.0109064905
1.85388,1853,804.6014,804.6022,-0.126953125,0.0109064905
1.85575,1854,804.6014,804.6022,-0.126953125,0.0109064905
1.85755,1855,804.6014,804.6022,-0.126953125,0.0109064905
1.85758,1856,804.6014,804.6022,-0.126953125,0.0109064905
1.85910,1857,804.6014,804.602234,-0.13671875,0.0109064905
1.86066,1858,804.6014,804.602234,-0.13671875,0.0109064905
1.86072,1859,804.6014,804.6022,-0.126953125,0
1.86187,1860,804.6014,804.6022,-0.126953125,-0.0163597353
1.86189,1861,804.6014,804.6022,-0.126953125,-0.0272662267
1.86373,1862,804.6014,804.6022,-0.126953125,-0.03817272
1.86555,1863,804.6014,804.6022,-0.126953125,-0.03817272
1.86557,1864,804.6014,804.6021,-0.1171875,-0.0163597353
1.86677,1865,804.6014,804.6021,-0.1171875,-0.0272662267
1.86865,1866,804.6014,804.602,-0.09765625,-0.0272662267
1.86868,1867,804.6014,804.602,-0.09765625,-0.0272662267
1.86987,1868,804.6014,804.602,-0.09765625,-0.0163597353
1.86988,1869,804.6014,804.602,-0.09765625,-0.0163597353
1.87173,1870,804.6014,804.602,-0.09765625,-0.0163597353
1.87357,1871,804.6014,804.602,-0.09765625,-0.0163597353
1.87359,1872,804.6014,804.602,-0.09765625,-0.0163597353
1.87478,1873,804.6014,804.602,-0.09765625,-0.0163597353
1.87662,1874,804.6014,804.602,-0.09765625,-0.0163597353
1.87664,1875,804.6014,804.602,-0.09765625,0
1.87789,1876,804.6014,804.602,-0.09765625,0
1.87790,1877,804.6014,804.602,-0.09765625,0.0109064905
1.87972,1878,804.6014,804.602,-0.09765625,0
1.88154,1879,804.6014,804.602,-0.09765625,0
1.88158,1880,804.6014,804.602,-0.09765625,0
1.88278,1881,804.6014,804.602,-0.09765625,0
1.88467,1882,804.6014,804.602,-0.09765625,0
1.88472,1883,804.6014,804.6021,-0.1171875,0
1.88587,1884,804.6014,804.6021,-0.1171875,0
1.88588,1885,804.6014,804.6021,-0.1171875,0
1.88771,1886,804.6014,804.6021,-0.1171875,0
1.88960,1887,804.6014,804.6021,-0.1171875,0
1.88962,1888,804.6014,804.6021,-0.1171875,0
1.89080,1889,804.6014,804.6021,-0.1171875,0
1.89264,1890,804.6014,804.6021,-0.1171875,0
1.89266,1891,804.6014,804.6021,-0.1171875,0
1.89389,1892,804.6014,804.6021,-0.1171875,0
1.89391,1893,804.6014,804.6021,-0.1171875,0
1.89570,1894,804.6014,804.6021,-0.1171875,0
1.89758,1895,804.6014,804.6021,-0.1171875,0
1.89761,1896,804.6014,804.6021,-0.1171875,0
1.89879,1897,804.6014,804.6021,-0.1171875,0
1.90065,1898,804.6014,804.6021,-0.1171875,0
1.90068,1899,804.6014,804.6021,-0.1171875,0
1.90192,1900,804.6014,804.602,-0.09765625,-0.0163597353
1.90195,1901,804.6014,804.602,-0.09765625,-0.0163597353
1.90372,1902,804.6014,804.602,-0.09765625,-0.0272662267
1.90552,1903,804.6014,804.602,-0.09765625,-0.0272662267
1.90556,1904,804.6014,804.602,-0.09765625,-0.0272662267
1.90678,1905,804.6014,804.602,-0.09765625,-0.0163597353
1.90862,1906,804.6014,804.602,-0.09765625,-0.0163597353
1.90866,1907,804.6014,804.602,-0.09765625,0
1.90990,1908,804.6014,804.602,-0.09765625,0
1.90992,1909,804.6014,804.602,-0.09765625,0
1.91178,1910,804.6014,804.602,-0.09765625,0
1.91359,1911,804.6014,804.602,-0.09765625,0
1.91361,1912,804.6014,804.602,-0.09765625,0
1.91479,1913,804.6014,804.602,-0.09765625,0
1.91666,1914,804.6014,804.602,-0.09765625,0
1.91669,1915,804.6014,804.602,-0.09765625,0
1.91787,1916,804.6014,804.602,-0.09765625,0
1.91788,1917,804.6014,804.602,-0.09765625,0
1.91971,1918,804.6014,804.602,-0.09765625,0
1.92155,1919,804.6014,804.602,-0.09765625,0
1.92159,1920,804.6014,804.602,-0.09765625,0
1.92279,1921,804.6014,804.602,-0.09765625,0
1.92462,1922,804.6014,804.602,-0.09765625,0
1.92465,1923,804.6014,804.602,-0.09765625,0
1.92604,1924,804.6014,804.602,-0.09765625,0
1.92607,1925,804.6014,804.602,-0.09765625,0
1.92776,1926,804.6014,804.602,-0.09765625,0
1.92954,1927,804.6014,804.602,-0.09765625,0
1.92957,1928,804.6014,804.602,-0.09765625,0
1.93081,1929,804.6014,804.602,-0.09765625,0
1.93266,1930,804.6014,804.602,-0.09765625,0
1.93269,1931,804.6014,804.602,-0.09765625,0
1.93387,1932,804.6014,804.602,-0.09765625,0
1.93389,1933,804.6014,804.602,-0.09765625,0
1.93572,1934,804.6014,804.602,-0.09765625,0
1.93752,1935,804.6014,804.602,-0.09765625,0
1.93753,1936,804.6014,804.602,-0.09765625,0
1.93877,1937,804.6014,804.602,-0.09765625,0
1.94063,1938,804.6014,804.602,-0.09765625,0
1.94064,1939,804.6014,804.602,-0.09765625,0
1.94190,1940,804.6014,804.602,-0.09765625,0
1.94193,1941,804.6014,804.602,-0.09765625,0
1.94371,1942,804.6014,804.602,-0.09765625,0
1.94556,1943,804.6014,804.602,-0.09765625,0
1.94561,1944,804.6014,804.602,-0.09765625,0
1.94679,1945,804.6014,804.602,-0.09765625,0
1.94861,1946,804.6014,804.602,-0.09765625,0
1.94864,1947,804.6014,804.602,-0.09765625,0
1.94988,1948,804.6014,804.602,-0.09765625,0
1.94990,1949,804.6014,804.602,-0.09765625,0
1.95173,1950,804.6014,804.602,-0.09765625,0
1.95352,1951,804.6014,804.602,-0.09765625,0
1.95353,1952,804.6014,804.602,-0.09765625,0
1.95478,1953,804.6014,804.602,-0.09765625,-0.0163597353
1.95661,1954,804.6014,804.602,-0.09765625,-0.0163597353
1.95662,1955,804.6014,804.602,-0.09765625,-0.0163597353
1.95788,1956,804.6014,804.602,-0.09765625,-0.0272662267
1.95790,1957,804.6014,804.6019,-0.087890625,-0.0272662267
1.95972,1958,804.6014,804.6019,-0.087890625,-0.0272662267
1.96156,1959,804.6014,804.6019,-0.087890625,-0.0163597353
1.96159,1960,804.6014,804.601868,-0.078125,-0.0163597353
1.96278,1961,804.6014,804.601868,-0.078125,-0.0163597353
1.96460,1962,804.6014,804.601868,-0.078125,-0.0163597353
1.96462,1963,804.6014,804.601868,-0.078125,-0.0163597353
1.96587,1964,804.6014,804.601868,-0.078125,0
1.96588,1965,804.6014,804.601868,-0.078125,0
1.96774,1966,804.6014,804.6019,-0.087890625,0
1.96952,1967,804.6014,804.602,-0.09765625,0
1.96953,1968,804.6014,804.602,-0.09765625,0
1.97078,1969,804.6014,804.602,-0.09765625,0.0109064905
1.97262,1970,804.6014,804.602,-0.09765625,0
1.97264,1971,804.6014,804.602,-0.09765625,0
1.97387,1972,804.6014,804.602,-0.09765625,0
1.97389,1973,804.6014,804.602,-0.09765625,0
1.97578,1974,804.6014,804.602,-0.09765625,0
1.97754,1975,804.6014,804.602,-0.09765625,0
1.97758,1976,804.6014,804.602,-0.09765625,0
1.97881,1977,804.6014,804.602,-0.09765625,0
1.98060,1978,804.6014,804.602,-0.09765625,0
1.98061,1979,804.6014,804.602,-0.09765625,0
1.98186,1980,804.6014,804.602,-0.09765625,0
1.98188,1981,804.6014,804.602,-0.09765625,0
1.98370,1982,804.6014,804.602,-0.09765625,0
1.98551,1983,804.6014,804.602,-0.09765625,0
1.98553,1984,804.6014,804.602,-0.09765625,0
1.98679,1985,804.6014,804.602,-0.09765625,0
1.98860,1986,804.6014,804.602,-0.09765625,0
1.98862,1987,804.6014,804.602,-0.09765625,0
1.98987,1988,804.6014,804.602,-0.09765625,0
1.98990,1989,804.6014,804.602,-0.09765625,0
1.99169,1990,804.6014,804.602,-0.09765625,0
1.99356,1991,804.6014,804.6019,-0.087890625,-0.0163597353
1.99359,1992,804.6014,804.601868,-0.078125,-0.0272662267
1.99479,1993,804.6014,804.601868,-0.078125,-0.03817272
1.99661,1994,804.6014,804.601868,-0.078125,-0.03817272
1.99663,1995,804.6014,804.601868,-0.078125,-0.0272662267
1.99789,1996,804.6014,804.601868,-0.078125,-0.0272662267
1.99790,1997,804.6014,804.601868,-0.078125,-0.0163597353
1.99969,1998,804.6014,804.601868,-0.078125,-0.0163597353
2.00152,1999,804.6014,804.6018,-0.068359375,-0.0163597353
2.00154,2000,804.6014,804.6018,-0.068359375,-0.0163597353
2.00279,2001,804.6014,804.6018,-0.068359375,-0.0163597353
2.00461,2002,804.6014,804.6018,-0.068359375,-0.0163597353
2.00462,2003,804.6014,804.6018,-0.068359375,-0.0163597353
2.00587,2004,804.6014,804.6017,-0.048828125,-0.0163597353
2.00589,2005,804.6014,804.6018,-0.068359375,-0.0163597353
2.00769,2006,804.6014,804.6018,-0.068359375,0
2.00956,2007,804.6014,804.6018,-0.068359375,0
2.00958,2008,804.6014,804.601868,-0.078125,0.0109064905
2.01081,2009,804.6014,804.601868,-0.078125,0.0109064905
2.01262,2010,804.6014,804.601868,-0.078125,0.0109064905
2.01263,2011,804.6014,804.601868,-0.078125,0.0109064905
2.01388,2012,804.6014,804.601868,-0.078125,0
2.01391,2013,804.6014,804.601868,-0.078125,0
2.01568,2014,804.6014,804.601868,-0.078125,0
2.01752,2015,804.6014,804.601868,-0.078125,0
2.01754,2016,804.6014,804.601868,-0.078125,0
2.01880,2017,804.6014,804.601868,-0.078125,0
2.02061,2018,804.6014,804.601868,-0.078125,0
2.02063,2019,804.6014,804.601868,-0.078125,0
2.02188,2020,804.6014,804.601868,-0.078125,0
2.02191,2021,804.6014,804.601868,-0.078125,0
2.02369,2022,804.6014,804.601868,-0.078125,0
2.02585,2023,804.6014,804.601868,-0.078125,0
2.02592,2024,804.6014,804.601868,-0.078125,0
2.02685,2025,804.6014,804.601868,-0.078125,0
2.02866,2026,804.6014,804.601868,-0.078125,0
2.02870,2027,804.6014,804.601868,-0.078125,0
2.02988,2028,804.6014,804.601868,-0.078125,0
2.02991,2029,804.6014,804.601868,-0.078125,0
2.03169,2030,804.6014,804.601868,-0.078125,0
2.03356,2031,804.6014,804.601868,-0.078125,-0.0163597353
2.03359,2032,804.6014,804.601868,-0.078125,-0.0163597353
2.03481,2033,804.6014,804.601868,-0.078125,-0.0163597353
2.03660,2034,804.6014,804.601868,-0.078125,-0.0163597353
2.03661,2035,804.6014,804.601868,-0.078125,0
2.03792,2036,804.6014,804.601868,-0.078125,0
2.03795,2037,804.6014,804.601868,-0.078125,0
2.03970,2038,804.6014,804.601868,-0.078125,0
2.04151,2039,804.6014,804.601868,-0.078125,0
2.04152,2040,804.6014,804.601868,-0.078125,0
2.04281,2041,804.6014,804.601868,-0.078125,0
2.04461,2042,804.6014,804.601868,-0.078125,0
2.04462,2043,804.6014,804.601868,-0.078125,0
2.04586,2044,804.6014,804.601868,-0.078125,0
2.04588,2045,804.6014,804.601868,-0.078125,0
2.04771,2046,804.6014,804.601868,-0.078125,0
2.04956,2047,804.6014,804.601868,-0.078125,0
2.04959,2048,804.6014,804.601868,-0.078125,0
2.05079,2049,804.6014,804.601868,-0.078125,0
2.05261,2050,804.6014,804.601868,-0.078125,0
2.05262,2051,804.6014,804.601868,-0.078125,0
2.05390,2052,804.6014,804.601868,-0.078125,0
2.05393,2053,804.6014,804.601868,-0.078125,0
2.05570,2054,804.6014,804.601868,-0.078125,0
2.05752,2055,804.6014,804.601868,-0.078125,0
2.05754,2056,804.6014,804.601868,-0.078125,0
2.05919,2057,804.6014,804.601868,-0.078125,0
2.06063,2058,804.6014,804.601868,-0.078125,0
2.06065,2059,804.6014,804.601868,-0.078125,0
2.06191,2060,804.6014,804.601868,-0.078125,0
2.06193,2061,804.6014,804.601868,-0.078125,0
2.06371,2062,804.6014,804.601868,-0.078125,0
2.06553,2063,804.6014,804.601868,-0.078125,0
2.06555,2064,804.6014,804.601868,-0.078125,0
2.06678,2065,804.6014,804.601868,-0.078125,0
2.06862,2066,804.6014,804.601868,-0.078125,0
2.06864,2067,804.6014,804.601868,-0.078125,0
2.06992,2068,804.6014,804.601868,-0.078125,0
2.06994,2069,804.6014,804.601868,-0.078125,0
2.07169,2070,804.6014,804.601868,-0.078125,0
2.07351,2071,804.6014,804.601868,-0.078125,0
2.07353,2072,804.6014,804.601868,-0.078125,0
2.07479,2073,804.6014,804.6018,-0.068359375,-0.0163597353
2.07663,2074,804.6014,804.6018,-0.068359375,-0.0163597353
2.07665,2075,804.6014,804.6018,-0.068359375,-0.0163597353
2.07789,2076,804.6014,804.6018,-0.068359375,-0.0163597353
2.07791,2077,804.6014,804.6018,-0.068359375,0
2.07971,2078,804.6014,804.6017,-0.048828125,-0.0163597353
2.08159,2079,804.6014,804.6017,-0.048828125,-0.0272662267
2.08161,2080,804.6014,804.6017,-0.048828125,-0.0272662267
2.08280,2081,804.6014,804.6017,-0.048828125,-0.0272662267
2.08464,2082,804.6014,804.6017,-0.048828125,-0.0272662267
2.08466,2083,804.6014,804.6017,-0.048828125,-0.0163597353
2.08589,2084,804.6014,804.6017,-0.048828125,-0.0163597353
2.08593,2085,804.6014,804.6017,-0.048828125,-0.0163597353
2.08773,2086,804.6014,804.6017,-0.048828125,0
2.08953,2087,804.6014,804.6017,-0.048828125,0
2.08954,2088,804.6014,804.6018,-0.068359375,0.0109064905
2.09079,2089,804.6014,804.6018,-0.068359375,0.0109064905
2.09262,2090,804.6014,804.6018,-0.068359375,0.0109064905
2.09264,2091,804.6014,804.6018,-0.068359375,0
2.09387,2092,804.6014,804.6018,-0.068359375,0
2.09389,2093,804.6014,804.6018,-0.068359375,0
2.09572,2094,804.6014,804.6018,-0.068359375,0
2.09757,2095,804.6014,804.6018,-0.068359375,0
2.09761,2096,804.6014,804.6018,-0.068359375,0
2.09878,2097,804.6014,804.6018,-0.068359375,0
2.10062,2098,804.6014,804.6018,-0.068359375,0
2.10064,2099,804.6014,804.6018,-0.068359375,0
2.10186,2100,804.6014,804.6018,-0.068359375,0
2.10188,2101,804.6014,804.6018,-0.068359375,0
2.10369,2102,804.6014,804.6018,-0.068359375,0
2.10554,2103,804.6014,804.6018,-0.068359375,0
2.10555,2104,804.6014,804.6018,-0.068359375,0
2.10678,2105,804.6014,804.6018,-0.068359375,0
2.10861,2106,804.6014,804.6018,-0.068359375,0
2.10863,2107,804.6014,804.6018,-0.068359375,0
2.10989,2108,804.6014,804.6018,-0.068359375,0
2.10993,2109,804.6014,804.6018,-0.068359375,0
2.11171,2110,804.6014,804.6018,-0.068359375,0
2.11352,2111,804.6014,804.6018,-0.068359375,0
2.11354,2112,804.6014,804.6018,-0.068359375,0
2.11481,2113,804.6014,804.6018,-0.068359375,0
2.11664,2114,804.6014,804.6018,-0.068359375,0
2.11667,2115,804.6014,804.6018,-0.068359375,0
2.11787,2116,804.6014,804.6018,-0.068359375,0
2.11789,2117,804.6014,804.6017,-0.048828125,0
2.11971,2118,804.6014,804.6017,-0.048828125,-0.0163597353
2.12154,2119,804.6014,804.6017,-0.048828125,-0.0163597353
2.12156,2120,804.6014,804.6017,-0.048828125,-0.0163597353
2.12279,2121,804.6014,804.6017,-0.048828125,-0.0163597353
2.12462,2122,804.6014,804.6017,-0.048828125,0
2.12465,2123,804.6014,804.6017,-0.048828125,0
2.12593,2124,804.6014,804.6017,-0.048828125,0
2.12598,2125,804.6014,804.6017,-0.048828125,0
2.12772,2126,804.6014,804.6017,-0.048828125,0
2.12956,2127,804.6014,804.6017,-0.048828125,0
2.12959,2128,804.6014,804.6017,-0.048828125,0
2.13087,2129,804.6014,804.6017,-0.048828125,0
2.13265,2130,804.6014,804.6017,-0.048828125,0
2.13268,2131,804.6014,804.6017,-0.048828125,0
2.13387,2132,804.6014,804.6017,-0.048828125,0
2.13388,2133,804.6014,804.6017,-0.048828125,0
2.13570,2134,804.6014,804.6017,-0.048828125,0
2.13756,2135,804.6014,804.6017,-0.048828125,0
2.13760,2136,804.6014,804.6018,-0.068359375,0
2.13878,2137,804.6014,804.6018,-0.068359375,0
2.14063,2138,804.6014,804.6018,-0.068359375,0
2.14067,2139,804.6014,804.6018,-0.068359375,0
2.14186,2140,804.6014,804.6018,-0.068359375,0
2.14188,2141,804.6014,804.6018,-0.068359375,0
2.14373,2142,804.6014,804.6018,-0.068359375,0
2.14557,2143,804.6014,804.6018,-0.068359375,0
2.14561,2144,804.6014,804.6018,-0.068359375,0
2.14679,2145,804.6014,804.6018,-0.068359375,0
2.14866,2146,804.6014,804.6018,-0.068359375,0
2.14869,2147,804.6014,804.6018,-0.068359375,0
2.14987,2148,804.6014,804.6018,-0.068359375,0
2.14988,2149,804.6014,804.6018,-0.068359375,0
2.15171,2150,804.6014,804.6018,-0.068359375,0
2.15357,2151,804.6014,804.6018,-0.068359375,0
2.15360,2152,804.6014,804.6018,-0.068359375,0
2.15478,2153,804.6014,804.6018,-0.068359375,0
2.15662,2154,804.6014,804.6018,-0.068359375,0
2.15665,2155,804.6014,804.6018,-0.068359375,0
2.15786,2156,804.6014,804.6018,-0.068359375,0
2.15787,2157,804.6014,804.6018,-0.068359375,0
2.15972,2158,804.6014,804.6018,-0.068359375,0
2.16154,2159,804.6014,804.6017,-0.048828125,0
2.16157,2160,804.6014,804.6017,-0.048828125,-0.0163597353
2.16279,2161,804.6014,804.6017,-0.048828125,-0.0163597353
2.16464,2162,804.6014,804.6017,-0.048828125,-0.0163597353
2.16468,2163,804.6014,804.6017,-0.048828125,-0.0163597353
2.16589,2164,804.6014,804.6017,-0.048828125,0
2.16590,2165,804.6014,804.6017,-0.048828125,0
2.16771,2166,804.6014,804.6017,-0.048828125,0
2.16954,2167,804.6014,804.6017,-0.048828125,0
2.16956,2168,804.6014,804.6017,-0.048828125,0
2.17078,2169,804.6014,804.6017,-0.048828125,0
2.17263,2170,804.6014,804.6017,-0.048828125,0
2.17265,2171,804.6014,804.6017,-0.048828125,0
2.17386,2172,804.6014,804.6017,-0.048828125,0
2.17390,2173,804.6014,804.6017,-0.048828125,0
2.17578,2174,804.6014,804.6017,-0.048828125,0
2.17757,2175,804.6014,804.6017,-0.048828125,0
2.17761,2176,804.6014,804.6017,-0.048828125,0
2.17879,2177,804.6014,804.6017,-0.048828125,0
2.18066,2178,804.6014,804.6017,-0.048828125,0
2.18070,2179,804.6014,804.6017,-0.048828125,0
2.18189,2180,804.6014,804.6017,-0.048828125,0
2.18193,2181,804.6014,804.6017,-0.048828125,0
2.18374,2182,804.6014,804.6017,-0.048828125,0
2.18557,2183,804.6014,804.6017,-0.048828125,0
2.18560,2184,804.6014,804.6017,-0.048828125,0
2.18679,2185,804.6014,804.6017,-0.048828125,0
2.18863,2186,804.6014,804.6017,-0.048828125,0
2.18865,2187,804.6014,804.6017,-0.048828125,0
2.18988,2188,804.6014,804.6017,-0.048828125,0
2.18990,2189,804.6014,804.6017,-0.048828125,0
2.19172,2190,804.6014,804.6017,-0.048828125,0
2.19357,2191,804.6014,804.6017,-0.048828125,0
2.19359,2192,804.6014,804.6017,-0.048828125,0
2.19479,2193,804.6014,804.6017,-0.048828125,0
2.19664,2194,804.6014,804.6017,-0.048828125,0
2.19665,2195,804.6014,804.6017,-0.048828125,0
2.19787,2196,804.6014,804.6017,-0.048828125,0
2.19788,2197,804.6014,804.6017,-0.048828125,0
2.19972,2198,804.6014,804.6017,-0.048828125,0
2.20154,2199,804.6014,804.6017,-0.048828125,0
2.20157,2200,804.6014,804.6017,-0.048828125,0
2.20278,2201,804.6014,804.6017,-0.048828125,0
2.20463,2202,804.6014,804.6017,-0.048828125,0
2.20465,2203,804.6014,804.6017,-0.048828125,0
2.20588,2204,804.6014,804.6017,-0.048828125,0
2.20589,2205,804.6014,804.6017,-0.048828125,0
2.20772,2206,804.6014,804.6017,-0.048828125,0
2.20956,2207,804.6014,804.6017,-0.048828125,0
2.20958,2208,804.6014,804.6017,-0.048828125,0
2.21080,2209,804.6014,804.6017,-0.048828125,0
2.21266,2210,804.6014,804.6017,-0.048828125,0
2.21269,2211,804.6014,804.6017,-0.048828125,0
2.21388,2212,804.6014,804.6017,-0.048828125,0
2.21394,2213,804.6014,804.6017,-0.048828125,0
2.21573,2214,804.6014,804.6017,-0.048828125,0
2.21754,2215,804.6014,804.6017,-0.048828125,0
2.21757,2216,804.6014,804.6017,-0.048828125,0
2.21877,2217,804.6014,804.6017,-0.048828125,0
2.22063,2218,804.6014,804.6017,-0.048828125,0
2.22065,2219,804.6014,804.6017,-0.048828125,0
2.22188,2220,804.6014,804.6017,-0.048828125,0
2.22190,2221,804.6014,804.6017,-0.048828125,0
2.22372,2222,804.6014,804.6017,-0.048828125,0
2.22583,2223,804.6014,804.6017,-0.048828125,0
2.22591,2224,804.6014,804.6017,-0.048828125,0
2.22681,2225,804.6014,804.6017,-0.048828125,0
2.22864,2226,804.6014,804.6017,-0.048828125,0
2.22866,2227,804.6014,804.6017,-0.048828125,0
2.22988,2228,804.6014,804.6017,-0.048828125,0
2.22990,2229,804.6014,804.6017,-0.048828125,0
2.23172,2230,804.6014,804.6017,-0.048828125,0
2.23358,2231,804.6014,804.6017,-0.048828125,0
2.23364,2232,804.6014,804.6017,-0.048828125,0
2.23479,2233,804.6014,804.6017,-0.048828125,0
2.23662,2234,804.6014,804.6017,-0.048828125,0
2.23665,2235,804.6014,804.6017,-0.048828125,0
2.23789,2236,804.6014,804.6017,-0.048828125,0
2.23792,2237,804.6014,804.6017,-0.048828125,0
2.23975,2238,804.6014,804.6017,-0.048828125,0
2.24153,2239,804.6014,804.6017,-0.048828125,0
2.24156,2240,804.6014,804.6017,-0.048828125,0
2.24281,2241,804.6014,804.6017,-0.048828125,0
2.24466,2242,804.6014,804.6017,-0.048828125,0
2.24471,2243,804.6014,804.6017,-0.048828125,0
2.24587,2244,804.6014,804.6017,-0.048828125,0
2.24590,2245,804.6014,804.6017,-0.048828125,0
2.24772,2246,804.6014,804.6017,-0.048828125,0
2.24955,2247,804.6014,804.6017,-0.048828125,0
2.24959,2248,804.6014,804.6017,-0.048828125,0
2.25079,2249,804.6014,804.6017,-0.048828125,0
2.25265,2250,804.6014,804.6017,-0.048828125,0
2.25267,2251,804.6014,804.6017,-0.048828125,0
2.25387,2252,804.6014,804.6017,-0.048828125,0
2.25389,2253,804.6014,804.6017,-0.048828125,0
2.25588,2254,804.6014,804.6017,-0.048828125,0
2.25755,2255,804.6014,804.6017,-0.048828125,0
2.25757,2256,804.6014,804.6017,-0.048828125,0
2.25913,2257,804.6014,804.6017,-0.048828125,0
2.26066,2258,804.6014,804.6017,-0.048828125,0
2.26069,2259,804.6014,804.6017,-0.048828125,0
2.26187,2260,804.6014,804.6017,-0.048828125,0
2.26189,2261,804.6014,804.6017,-0.048828125,0
2.26375,2262,804.6014,804.6017,-0.048828125,0
2.26553,2263,804.6014,804.6017,-0.048828125,0
2.26555,2264,804.6014,804.6017,-0.048828125,0
2.26678,2265,804.6014,804.6017,-0.048828125,0
2.26867,2266,804.6014,804.6017,-0.048828125,0
2.26870,2267,804.6014,804.6017,-0.048828125,0
2.26988,2268,804.6014,804.6017,-0.048828125,0
2.26991,2269,804.6014,804.6017,-0.048828125,0
2.27173,2270,804.6014,804.6017,-0.048828125,0
2.27353,2271,804.6014,804.6017,-0.048828125,0
2.27354,2272,804.6014,804.6017,-0.048828125,0
2.27477,2273,804.6014,804.6017,-0.048828125,0
2.27662,2274,804.6014,804.6017,-0.048828125,0
2.27665,2275,804.6014,804.6017,-0.048828125,0
2.27787,2276,804.6014,804.6017,-0.048828125,0
2.27790,2277,804.6014,804.6017,-0.048828125,0
2.27973,2278,804.6014,804.6017,-0.048828125,0
2.28159,2279,804.6014,804.6017,-0.048828125,0
2.28162,2280,804.6014,804.6017,-0.048828125,0
2.28278,2281,804.6014,804.6017,-0.048828125,0
2.28462,2282,804.6014,804.6017,-0.048828125,0
2.28466,2283,804.6014,804.6017,-0.048828125,0
2.28588,2284,804.6014,804.6017,-0.048828125,0
2.28589,2285,804.6014,804.6017,-0.048828125,0
2.28773,2286,804.6014,804.6017,-0.048828125,0
2.28952,2287,804.6014,804.6017,-0.048828125,0
2.28955,2288,804.6014,804.6017,-0.048828125,0
2.29078,2289,804.6014,804.6017,-0.048828125,0
2.29268,2290,804.6014,804.6017,-0.048828125,0
2.29270,2291,804.6014,804.6017,-0.048828125,0
2.29387,2292,804.6014,804.6017,-0.048828125,0
2.29389,2293,804.6014,804.6017,-0.048828125,0
2.29575,2294,804.6014,804.6017,-0.048828125,0
2.29754,2295,804.6014,804.6017,-0.048828125,0
2.29758,2296,804.6014,804.6017,-0.048828125,0
2.29878,2297,804.6014,804.6017,-0.048828125,0
2.30066,2298,804.6014,804.6017,-0.048828125,0
