t,n,A,B,C,D
0.00146,0,316.7137,317.763336,-1.04962158,0.785267353
0.00255,1,316.7137,317.763947,-1.05023193,0.714375138
0.00438,2,316.7137,317.7645,-1.05078125,0.648936152
0.00442,3,316.7137,317.765076,-1.05136108,0.599857
0.00567,4,316.7137,317.7657,-1.05197144,0.567137539
0.00746,5,316.7137,317.766235,-1.05252075,0.556231
0.00749,6,316.7137,317.766785,-1.05307007,0.556231
0.00932,7,316.7137,317.7674,-1.05368042,0.567137539
0.00935,8,316.7137,317.767944,-1.05422974,0.567137539
0.01059,9,316.7137,317.7686,-1.05487061,0.578044
0.01239,10,316.7137,317.7692,-1.055481,0.5889505
0.01240,11,316.7137,317.769836,-1.05612183,0.6162167
0.01365,12,316.7137,317.7706,-1.05688477,0.6598427
0.01547,13,316.7137,317.771362,-1.05764771,0.681655645
0.01549,14,316.7137,317.772064,-1.05834961,0.7034687
0.01731,15,316.7137,317.772827,-1.05911255,0.725281656
0.01734,16,316.7137,317.773529,-1.05981445,0.714375138
0.01855,17,316.7137,317.774261,-1.06054688,0.725281656
0.02038,18,316.7137,317.775024,-1.06130981,0.725281656
0.02041,19,316.7137,317.775726,-1.06201172,0.714375138
0.02165,20,316.7137,317.7765,-1.06277466,0.725281656
0.02353,21,316.7137,317.7773,-1.06359863,0.75254786
0.02357,22,316.7137,317.778168,-1.06445313,0.785267353
0.02532,23,316.7137,317.779083,-1.06536865,0.8288933
0.02534,24,316.7137,317.7801,-1.06637573,0.888879
0.02657,25,316.7137,317.7811,-1.06738281,0.943411469
0.02839,26,316.7137,317.782074,-1.06835938,0.9652244
0.02841,27,316.7137,317.783051,-1.06933594,0.9761309
0.02970,28,316.7137,317.78476,-1.07104492,0.910692
0.03145,29,316.7137,317.785431,-1.07171631,0.8288933
0.03147,30,316.7137,317.786072,-1.07235718,0.774360836
0.03330,31,316.7137,317.786682,-1.07296753,0.692562163
0.03331,32,316.7137,317.7872,-1.07348633,0.6162167
0.03456,33,316.7137,317.78775,-1.07403564,0.567137539
0.03638,34,316.7137,317.788269,-1.07455444,0.534418046
0.03640,35,316.7137,317.788849,-1.07513428,0.5235115
0.03765,36,316.7137,317.7894,-1.07568359,0.534418046
0.03983,37,316.7137,317.790039,-1.07632446,0.556231
0.03988,38,316.7137,317.790619,-1.0769043,0.578044
0.04132,39,316.7137,317.791229,-1.07751465,0.5889505
0.04135,40,316.7137,317.79187,-1.07815552,0.599857
0.04259,41,316.7137,317.7925,-1.07879639,0.599857
0.04440,42,316.7137,317.793152,-1.07943726,0.6162167
0.04442,43,316.7137,317.793762,-1.08004761,0.627123237
0.04564,44,316.7137,317.794373,-1.080658,0.627123237
0.04746,45,316.7137,317.795074,-1.08135986,0.627123237
0.04747,46,316.7137,317.795715,-1.08200073,0.627123237
0.04932,47,316.7137,317.796265,-1.08255,0.627123237
0.04937,48,316.7137,317.796936,-1.08322144,0.627123237
0.05056,49,316.7137,317.797577,-1.0838623,0.627123237
0.05242,50,316.7137,317.798218,-1.08450317,0.627123237
0.05246,51,316.7137,317.798859,-1.085144,0.627123237
0.05365,52,316.7137,317.799622,-1.085907,0.648936152
0.05546,53,316.7137,317.800323,-1.08660889,0.6707492
0.05548,54,316.7137,317.801117,-1.08740234,0.714375138
0.05732,55,316.7137,317.801971,-1.08825684,0.7634544
0.05734,56,316.7137,317.802856,-1.08914185,0.7961738
0.05857,57,316.7137,317.80368,-1.08996582,0.8288933
0.06040,58,316.7137,317.804565,-1.09085083,0.8507063
0.06044,59,316.7137,317.805359,-1.09164429,0.8507063
0.06165,60,316.7137,317.8062,-1.09249878,0.8288933
0.06346,61,316.7137,317.806976,-1.09326172,0.817986846
0.06349,62,316.7137,317.807739,-1.09402466,0.785267353
0.06533,63,316.7137,317.80838,-1.09466553,0.741641343
0.06536,64,316.7137,317.808929,-1.09521484,0.692562163
0.06655,65,316.7137,317.809479,-1.09576416,0.627123237
0.06839,66,316.7137,317.81,-1.096283,0.578044
0.06840,67,316.7137,317.810425,-1.09671021,0.534418046
0.06965,68,316.7137,317.810883,-1.097168,0.485338867
0.07146,69,316.7137,317.8113,-1.09759521,0.463525862
0.07150,70,316.7137,317.8118,-1.0980835,0.4417129
0.07338,71,316.7137,317.8123,-1.09857178,0.452619374
0.07341,72,316.7137,317.8128,-1.09909058,0.463525862
0.07457,73,316.7137,317.813324,-1.09960938,0.485338867
0.07639,74,316.7137,317.813873,-1.10015869,0.5126051
0.07641,75,316.7137,317.814423,-1.100708,0.5126051
0.07764,76,316.7137,317.8151,-1.10137939,0.5453245
0.07948,77,316.7137,317.8158,-1.1020813,0.5889505
0.07951,78,316.7137,317.8166,-1.10287476,0.648936152
0.08129,79,316.7137,317.817352,-1.1036377,0.7034687
0.08132,80,316.7137,317.818054,-1.1043396,0.741641343
0.08256,81,316.7137,317.818878,-1.10516357,0.741641343
0.08442,82,316.7137,317.819641,-1.10592651,0.75254786
0.08447,83,316.7137,317.820343,-1.10662842,0.741641343
0.08565,84,316.7137,317.821045,-1.10733032,0.725281656
0.08746,85,316.7137,317.8217,-1.10797119,0.714375138
0.08748,86,316.7137,317.822357,-1.10864258,0.692562163
0.08932,87,316.7137,317.823,-1.10928345,0.6707492
0.08935,88,316.7137,317.823639,-1.10992432,0.6707492
0.09058,89,316.7137,317.824341,-1.11062622,0.6707492
0.09241,90,316.7137,317.825134,-1.11141968,0.681655645
0.09243,91,316.7137,317.825958,-1.11224365,0.725281656
0.09366,92,316.7137,317.826843,-1.11312866,0.785267353
0.09547,93,316.7137,317.827759,-1.11404419,0.8288933
0.09552,94,316.7137,317.8286,-1.11489868,0.8507063
0.09731,95,316.7137,317.829437,-1.11572266,0.867066
0.09734,96,316.7137,317.830261,-1.11654663,0.839799762
0.09855,97,316.7137,317.830933,-1.117218,0.807080269
0.10039,98,316.7137,317.831482,-1.11776733,0.725281656
0.10042,99,316.7137,317.832031,-1.11831665,0.6598427
0.10165,100,316.7137,317.83252,-1.11880493,0.578044
0.10346,101,316.7137,317.832947,-1.11923218,0.5126051
0.10348,102,316.7137,317.8334,-1.11969,0.474432319
0.10534,103,316.7137,317.8338,-1.12008667,0.4417129
0.10537,104,316.7137,317.8342,-1.1204834,0.419899881
0.10656,105,316.7137,317.834625,-1.12091064,0.3980869
0.10839,106,316.7137,317.835052,-1.12133789,0.3980869
0.10841,107,316.7137,317.835541,-1.12182617,0.419899881
0.10966,108,316.7137,317.836029,-1.12231445,0.4417129
0.11146,109,316.7137,317.836517,-1.12280273,0.463525862
0.11147,110,316.7137,317.837067,-1.123352,0.474432319
0.11334,111,316.7137,317.837555,-1.12384033,0.485338867
0.11336,112,316.7137,317.838043,-1.12432861,0.5016986
0.11456,113,316.7137,317.8386,-1.12487793,0.5016986
0.11640,114,316.7137,317.8392,-1.12548828,0.5235115
0.11642,115,316.7137,317.8398,-1.12609863,0.5453245
0.11767,116,316.7137,317.840424,-1.126709,0.578044
0.11946,117,316.7137,317.841034,-1.12731934,0.599857
0.11948,118,316.7137,317.8416,-1.12789917,0.599857
0.12135,119,316.7137,317.842224,-1.12850952,0.599857
0.12138,120,316.7137,317.8429,-1.12918091,0.6162167
0.12257,121,316.7137,317.843567,-1.12985229,0.627123237
0.12442,122,316.7137,317.8442,-1.13049316,0.627123237
0.12444,123,316.7137,317.844818,-1.13110352,0.648936152
0.12566,124,316.7137,317.845459,-1.13174438,0.627123237
0.12748,125,316.7137,317.8461,-1.13238525,0.627123237
0.12749,126,316.7137,317.846741,-1.13302612,0.627123237
0.12935,127,316.7137,317.847473,-1.13375854,0.648936152
0.12939,128,316.7137,317.848175,-1.13446045,0.6707492
0.13055,129,316.7137,317.848969,-1.13525391,0.7034687
0.13241,130,316.7137,317.8505,-1.13677979,0.725281656
0.13244,131,316.7137,317.851257,-1.13754272,0.75254786
0.13364,132,316.7137,317.852051,-1.13833618,0.7634544
0.13546,133,316.7137,317.852753,-1.13903809,0.7634544
0.13548,134,316.7137,317.853516,-1.139801,0.7634544
0.13732,135,316.7137,317.854126,-1.14041138,0.714375138
0.13733,136,316.7137,317.8547,-1.14099121,0.6707492
0.13855,137,316.7137,317.8552,-1.14147949,0.627123237
0.14042,138,316.7137,317.855682,-1.14196777,0.556231
0.14045,139,316.7137,317.856171,-1.142456,0.5126051
0.14175,140,316.7137,317.8566,-1.1428833,0.474432319
0.14346,141,316.7137,317.856964,-1.14324951,0.430806369
0.14348,142,316.7137,317.85733,-1.14361572,0.408993423
0.14536,143,316.7137,317.857635,-1.1439209,0.37627393
0.14540,144,316.7137,317.858063,-1.14434814,0.359914184
0.14658,145,316.7137,317.8584,-1.14468384,0.3490077
0.14846,146,316.7137,317.858826,-1.14511108,0.359914184
0.14850,147,316.7137,317.859253,-1.14553833,0.37627393
0.14965,148,316.7137,317.85968,-1.14596558,0.3980869
0.15147,149,316.7137,317.8601,-1.14639282,0.408993423
0.15149,150,316.7137,317.860657,-1.14694214,0.4417129
0.15331,151,316.7137,317.861237,-1.147522,0.485338867
0.15334,152,316.7137,317.861847,-1.14813232,0.5235115
0.15456,153,316.7137,317.8625,-1.14877319,0.578044
0.15664,154,316.7137,317.8632,-1.1494751,0.6162167
0.15673,155,316.7137,317.8639,-1.150177,0.648936152
0.15765,156,316.7137,317.8645,-1.15078735,0.6707492
0.15950,157,316.7137,317.8651,-1.15139771,0.648936152
0.15954,158,316.7137,317.8658,-1.15209961,0.648936152
0.16131,159,316.7137,317.8664,-1.15267944,0.627123237
0.16133,160,316.7137,317.867,-1.15328979,0.6162167
0.16257,161,316.7137,317.867584,-1.15386963,0.6162167
0.16441,162,316.7137,317.8682,-1.15448,0.599857
0.16444,163,316.7137,317.868774,-1.15505981,0.5889505
0.16564,164,316.7137,317.869354,-1.15563965,0.578044
0.16745,165,316.7137,317.87,-1.15628052,0.578044
0.16747,166,316.7137,317.870667,-1.1569519,0.599857
0.16933,167,316.7137,317.871429,-1.15771484,0.6380297
0.16936,168,316.7137,317.872253,-1.15853882,0.692562163
0.17056,169,316.7137,317.873,-1.15927124,0.741641343
0.17240,170,316.7137,317.873871,-1.16015625,0.7634544
0.17243,171,316.7137,317.874634,-1.16091919,0.785267353
0.17370,172,316.7137,317.875336,-1.16162109,0.774360836
0.17549,173,316.7137,317.8761,-1.162384,0.7634544
0.17553,174,316.7137,317.876678,-1.16296387,0.725281656
0.17730,175,316.7137,317.877136,-1.16342163,0.648936152
0.17732,176,316.7137,317.877716,-1.16400146,0.5889505
0.17860,177,316.7137,317.878143,-1.16442871,0.5126051
0.18044,178,316.7137,317.87854,-1.16482544,0.463525862
0.18046,179,316.7137,317.878937,-1.16522217,0.4417129
0.18164,180,316.7137,317.879333,-1.1656189,0.3980869
0.18350,181,316.7137,317.8797,-1.16598511,0.3980869
0.18355,182,316.7137,317.880035,-1.1663208,0.37627393
0.18536,183,316.7137,317.8804,-1.166687,0.359914184
0.18538,184,316.7137,317.880737,-1.16702271,0.338101238
0.18654,185,316.7137,317.881073,-1.1673584,0.338101238
0.18842,186,316.7137,317.881439,-1.16772461,0.338101238
0.18845,187,316.7137,317.881866,-1.16815186,0.3490077
0.18974,188,316.7137,317.8822,-1.16848755,0.359914184
0.19147,189,316.7137,317.882629,-1.16891479,0.387180418
0.19149,190,316.7137,317.883118,-1.16940308,0.3980869
0.19331,191,316.7137,317.883575,-1.16986084,0.419899881
0.19333,192,316.7137,317.884033,-1.1703186,0.4417129
0.19457,193,316.7137,317.884583,-1.17086792,0.463525862
0.19640,194,316.7137,317.885071,-1.1713562,0.485338867
0.19644,195,316.7137,317.885651,-1.171936,0.5126051
0.19765,196,316.7137,317.8862,-1.17248535,0.534418046
0.19948,197,316.7137,317.8869,-1.17318726,0.556231
0.19950,198,316.7137,317.8875,-1.17379761,0.5889505
0.20133,199,316.7137,317.8881,-1.17437744,0.5889505
0.20135,200,316.7137,317.8887,-1.17498779,0.599857
0.20257,201,316.7137,317.889343,-1.17562866,0.599857
0.20442,202,316.7137,317.889954,-1.176239,0.599857
0.20444,203,316.7137,317.8906,-1.17687988,0.6162167
0.20564,204,316.7137,317.8912,-1.17749023,0.627123237
0.20748,205,316.7137,317.891785,-1.17807007,0.6162167
0.20752,206,316.7137,317.8924,-1.17868042,0.599857
0.20933,207,316.7137,317.893,-1.17929077,0.5889505
0.20935,208,316.7137,317.893555,-1.17984009,0.5889505
0.21060,209,316.7137,317.894165,-1.18045044,0.5889505
0.21242,210,316.7137,317.894745,-1.18103027,0.5889505
0.21245,211,316.7137,317.895355,-1.18164063,0.5889505
0.21365,212,316.7137,317.895935,-1.18222046,0.5889505
0.21549,213,316.7137,317.896637,-1.18292236,0.599857
0.21553,214,316.7137,317.897278,-1.18356323,0.6162167
0.21736,215,316.7137,317.897949,-1.18423462,0.627123237
0.21739,216,316.7137,317.8986,-1.18487549,0.648936152
0.21856,217,316.7137,317.899231,-1.18551636,0.648936152
0.22041,218,316.7137,317.899841,-1.18612671,0.648936152
0.22043,219,316.7137,317.900269,-1.186554,0.599857
0.22164,220,316.7137,317.9007,-1.1869812,0.534418046
0.22349,221,316.7137,317.9011,-1.18737793,0.463525862
0.22352,222,316.7137,317.901428,-1.18771362,0.408993423
0.22533,223,316.7137,317.901733,-1.1880188,0.359914184
0.22536,224,316.7137,317.902,-1.18829346,0.338101238
0.22658,225,316.7137,317.902283,-1.18856812,0.305381745
0.22844,226,316.7137,317.902557,-1.18884277,0.28356877
0.22847,227,316.7137,317.903046,-1.189331,0.2508493
0.22966,228,316.7137,317.9032,-1.18948364,0.223583058
0.23148,229,316.7137,317.903473,-1.1897583,0.21267657
0.23152,230,316.7137,317.903656,-1.18994141,0.201770067
0.23332,231,316.7137,317.903839,-1.19012451,0.201770067
0.23334,232,316.7137,317.9041,-1.19039917,0.223583058
0.23456,233,316.7137,317.904419,-1.19070435,0.223583058
0.23644,234,316.7137,317.904724,-1.19100952,0.2508493
0.23647,235,316.7137,317.905151,-1.19143677,0.294475257
0.23763,236,316.7137,317.90564,-1.191925,0.338101238
0.23979,237,316.7137,317.906128,-1.19241333,0.3980869
0.23988,238,316.7137,317.906647,-1.19293213,0.452619374
0.24132,239,316.7137,317.9072,-1.19348145,0.5016986
0.24133,240,316.7137,317.907867,-1.19415283,0.534418046
0.24257,241,316.7137,317.908539,-1.19482422,0.5889505
0.24443,242,316.7137,317.9093,-1.19558716,0.627123237
0.24445,243,316.7137,317.91,-1.19628906,0.6707492
0.24566,244,316.7137,317.910736,-1.19702148,0.7034687
0.24750,245,316.7137,317.9114,-1.19769287,0.692562163
0.24752,246,316.7137,317.912048,-1.19833374,0.7034687
0.24933,247,316.7137,317.912781,-1.19906616,0.681655645
0.24935,248,316.7137,317.913422,-1.199707,0.6707492
0.25056,249,316.7137,317.914032,-1.20031738,0.6598427
0.25243,250,316.7137,317.914642,-1.20092773,0.648936152
0.25246,251,316.7137,317.915253,-1.20153809,0.627123237
0.25364,252,316.7137,317.9158,-1.2020874,0.599857
0.25546,253,316.7137,317.9164,-1.20269775,0.578044
0.25547,254,316.7137,317.916962,-1.20324707,0.567137539
0.25731,255,316.7137,317.917542,-1.2038269,0.567137539
0.25733,256,316.7137,317.918182,-1.20446777,0.578044
0.25856,257,316.7137,317.9188,-1.20507813,0.5889505
0.26042,258,316.7137,317.9194,-1.20568848,0.599857
0.26046,259,316.7137,317.919983,-1.20626831,0.599857
0.26164,260,316.7137,317.920624,-1.20690918,0.599857
0.26347,261,316.7137,317.9212,-1.207489,0.5889505
0.26349,262,316.7137,317.921722,-1.20800781,0.578044
0.26532,263,316.7137,317.922241,-1.20852661,0.556231
0.26535,264,316.7137,317.922638,-1.20892334,0.5126051
0.26655,265,316.7137,317.923,-1.20928955,0.463525862
0.26842,266,316.7137,317.9233,-1.20959473,0.408993423
0.26845,267,316.7137,317.923553,-1.20983887,0.3490077
0.26963,268,316.7137,317.923828,-1.21011353,0.305381745
0.27146,269,316.7137,317.9241,-1.21038818,0.272662252
0.27149,270,316.7137,317.924347,-1.21063232,0.272662252
0.27331,271,316.7137,317.924683,-1.210968,0.2508493
0.27333,272,316.7137,317.9249,-1.21118164,0.272662252
0.27456,273,316.7137,317.925171,-1.2114563,0.272662252
0.27642,274,316.7137,317.925537,-1.21182251,0.272662252
0.27645,275,316.7137,317.9258,-1.21209717,0.294475257
0.27765,276,316.7137,317.9261,-1.21237183,0.28356877
0.27948,277,316.7137,317.926422,-1.21270752,0.294475257
0.27951,278,316.7137,317.9267,-1.21298218,0.28356877
0.28133,279,316.7137,317.927,-1.21328735,0.272662252
0.28136,280,316.7137,317.927277,-1.213562,0.272662252
0.28256,281,316.7137,317.9276,-1.21389771,0.272662252
0.28442,282,316.7137,317.9279,-1.21417236,0.272662252
0.28446,283,316.7137,317.928162,-1.214447,0.28356877
0.28564,284,316.7137,317.928528,-1.21481323,0.294475257
0.28746,285,316.7137,317.928864,-1.21514893,0.316288233
0.28748,286,316.7137,317.9293,-1.21557617,0.3490077
0.28930,287,316.7137,317.929749,-1.21603394,0.387180418
0.28933,288,316.7137,317.9302,-1.2164917,0.419899881
0.29058,289,316.7137,317.930664,-1.21694946,0.430806369
0.29241,290,316.7137,317.9312,-1.21749878,0.452619374
0.29245,291,316.7137,317.931824,-1.21810913,0.474432319
0.29365,292,316.7137,317.932465,-1.21875,0.5453245
0.29549,293,316.7137,317.933136,-1.21942139,0.599857
0.29551,294,316.7137,317.9339,-1.22018433,0.648936152
0.29734,295,316.7137,317.9346,-1.22088623,0.681655645
0.29737,296,316.7137,317.9353,-1.22158813,0.692562163
0.29854,297,316.7137,317.935974,-1.22225952,0.681655645
0.30044,298,316.7137,317.936737,-1.22302246,0.7034687
0.30061,299,316.7137,317.9374,-1.22369385,0.692562163
0.30172,300,316.7137,317.938049,-1.22433472,0.681655645
0.30350,301,346.7137,317.9387,5,0.6707492
0.30354,302,346.7137,317.93924,5,0.627123237
0.30531,303,346.7137,317.9398,5,0.599857
0.30534,304,346.7137,317.9414,5,0.6707492
0.30664,305,346.7137,317.943726,5,1.02521014
0.30843,306,346.7137,317.94693,5,1.59234762
0.30845,307,346.7137,317.9505,5,2.33398914
0.30970,308,346.7137,317.955048,5,3.08108377
0.31149,309,346.7137,317.961426,5,3.9699626
0.31153,310,346.7137,317.96814,5,4.94064
0.31334,311,346.7137,317.974579,5,5.74772072
0.31337,312,346.7137,317.9814,5,6.309405
0.31456,313,346.7137,317.9892,5,6.865636
0.31644,314,346.7137,317.9969,5,7.08376551
0.31648,315,346.7137,318.0036,5,7.127392
0.31765,316,346.7137,318.011261,5,7.48185253
0.31948,317,346.7137,318.0188,5,7.33461475
0.31950,318,346.7137,318.025452,5,7.280082
0.32130,319,346.7137,318.032318,5,7.18737745
0.32132,320,346.7137,318.039246,5,6.95834064
0.32257,321,346.7137,318.0465,5,7.08376551
0.32442,322,346.7137,318.0526,5,6.74021149
0.32445,323,346.7137,318.058746,5,6.718398
0.32567,324,346.7137,318.066376,5,6.718398
0.32746,325,346.7137,318.072723,5,6.625693
0.32748,326,346.7137,318.078979,5,6.63659954
0.32933,327,346.7137,318.085266,5,6.511175
0.32936,328,346.7137,318.092682,5,6.7074914
0.33055,329,346.7137,318.104919,5,6.489362
0.33242,330,346.7137,318.112152,5,6.60388041
0.33245,331,346.7137,318.118744,5,6.58206749
0.33364,332,346.7137,318.1252,5,6.59297371
0.33546,333,346.7137,318.131561,5,6.571161
0.33548,334,346.7137,318.138916,5,6.78929043
0.33735,335,346.7137,318.1453,5,6.549348
0.33739,336,346.7137,318.152,5,6.7074914
0.33855,337,346.7137,318.159241,5,6.82200956
0.34039,338,346.7137,318.1656,5,6.762024
0.34041,339,346.7137,318.1723,5,6.729305
0.34166,340,346.7137,318.1788,5,6.625693
0.34351,341,346.7137,318.186035,5,6.800197
0.34355,342,346.7137,318.192352,5,6.60388041
0.34532,343,346.7137,318.1987,5,6.685679
0.34534,344,346.7137,318.205841,5,6.685679
0.34659,345,346.7137,318.212128,5,6.60388041
0.34840,346,346.7137,318.218872,5,6.59297371
0.34843,347,346.7137,318.2253,5,6.58206749
0.34966,348,346.7137,318.232147,5,6.6965847
0.35151,349,346.7137,318.238159,5,6.413017
0.35155,350,346.7137,318.245117,5,6.59297371
0.35334,351,346.7137,318.2517,5,6.58206749
0.35338,352,346.7137,318.257629,5,6.456642
0.35457,353,346.7137,318.264679,5,6.50026846
0.35654,354,346.7137,318.2715,5,6.59297371
0.35659,355,346.7137,318.27774,5,6.60388041
0.35768,356,346.7137,318.284149,5,6.38575029
0.35946,357,346.7137,318.291748,5,6.6965847
0.35949,358,346.7137,318.2978,5,6.560254
0.36134,359,346.7137,318.3038,5,6.538441
0.36137,360,346.7137,318.311157,5,6.63659954
0.36256,361,346.7137,318.317932,5,6.63659954
0.36439,362,346.7137,318.324768,5,6.61478662
0.36441,363,346.7137,318.3308,5,6.549348
0.36567,364,346.7137,318.33786,5,6.77838373
0.36749,365,346.7137,318.344727,5,6.60388041
0.36751,366,346.7137,318.351318,5,6.718398
0.36933,367,346.7137,318.3577,5,6.67477226
0.36935,368,346.7137,318.364166,5,6.60388041
0.37056,369,346.7137,318.371765,5,6.718398
0.37241,370,346.7137,318.3777,5,6.59297371
0.37244,371,346.7137,318.384064,5,6.64750576
0.37366,372,346.7137,318.3911,5,6.560254
0.37547,373,346.7137,318.3982,5,6.74021149
0.37549,374,346.7137,318.40448,5,6.61478662
0.37736,375,346.7137,318.410553,5,6.60388041
0.37739,376,346.7137,318.41864,5,6.78929043
0.37856,377,346.7137,318.4247,5,6.571161
0.38040,378,346.7137,318.43103,5,6.59297371
0.38042,379,346.7137,318.437958,5,6.571161
0.38168,380,346.7137,318.444824,5,6.7074914
0.38351,381,346.7137,318.451172,5,6.52208138
0.38356,382,346.7137,318.457764,5,6.538441
0.38530,383,346.7137,318.4651,5,6.67477226
0.38531,384,346.7137,318.4713,5,6.538441
0.38657,385,346.7137,318.478027,5,6.59297371
0.38840,386,346.7137,318.4849,5,6.625693
0.38843,387,346.7137,318.490753,5,6.77838373
0.38981,388,346.7137,318.49707,5,6.571161
0.39152,389,346.7137,318.503448,5,6.60388041
0.39157,390,346.7137,318.510773,5,6.663866
0.39330,391,346.7137,318.517029,5,6.58206749
0.39332,392,346.7137,318.523621,5,6.64750576
0.39455,393,346.7137,318.530243,5,6.571161
0.39643,394,346.7137,318.5372,5,6.74021149
0.39647,395,346.7137,318.543671,5,6.560254
0.39764,396,346.7137,318.550232,5,6.67477226
0.39948,397,346.7137,318.5573,5,6.74021149
0.39952,398,346.7137,318.563263,5,6.58206749
0.40130,399,346.7137,318.570465,5,6.64750576
0.40131,400,346.7137,318.577057,5,6.63659954
0.40257,401,346.7137,318.583466,5,6.6965847
0.40443,402,346.7137,318.590057,5,6.50026846
0.40447,403,346.7137,318.5977,5,6.751118
0.40565,404,346.7137,318.603821,5,6.7074914
0.40747,405,346.7137,318.609436,5,6.489362
0.40749,406,346.7137,318.617157,5,6.6965847
0.40930,407,346.7137,318.623779,5,6.63659954
0.40932,408,346.7137,318.629944,5,6.61478662
0.41056,409,346.7137,318.6364,5,6.571161
0.41245,410,346.7137,318.643433,5,6.729305
0.41248,411,346.7137,318.6503,5,6.549348
0.41365,412,346.7137,318.6562,5,6.549348
0.41548,413,346.7137,318.663269,5,6.6965847
0.41552,414,346.7137,318.669769,5,6.571161
0.41731,415,346.7137,318.676819,5,6.685679
0.41732,416,346.7137,318.682861,5,6.571161
0.41855,417,346.7137,318.6893,5,6.625693
0.42039,418,346.7137,318.696625,5,6.560254
0.42042,419,346.7137,318.7029,5,6.625693
0.42164,420,346.7137,318.7093,5,6.58206749
0.42348,421,346.7137,318.716064,5,6.489362
0.42350,422,346.7137,318.723358,5,6.718398
0.42530,423,346.7137,318.729431,5,6.560254
0.42533,424,346.7137,318.7359,5,6.63659954
0.42657,425,346.7137,318.742737,5,6.63659954
0.42841,426,346.7137,318.7494,5,6.685679
0.42844,427,346.7137,318.7624,5,6.52208138
0.42967,428,346.7137,318.769867,5,6.74021149
0.43150,429,346.7137,318.776062,5,6.511175
0.43154,430,346.7137,318.782227,5,6.59297371
0.43330,431,346.7137,318.7893,5,6.58206749
0.43332,432,346.7137,318.795837,5,6.663866
0.43455,433,346.7137,318.802521,5,6.511175
0.43639,434,346.7137,318.808929,5,6.59297371
0.43641,435,346.7137,318.816162,5,6.77838373
0.43764,436,346.7137,318.822235,5,6.571161
0.43983,437,346.7137,318.828766,5,6.63659954
0.43992,438,346.7137,318.835663,5,6.549348
0.44131,439,346.7137,318.842255,5,6.64750576
0.44135,440,346.7137,318.848755,5,6.560254
0.44256,441,346.7137,318.8551,5,6.58206749
0.44439,442,346.7137,318.862335,5,6.685679
0.44440,443,346.7137,318.8685,5,6.52208138
0.44565,444,346.7137,318.875275,5,6.625693
0.44749,445,346.7137,318.882,5,6.60388041
0.44752,446,346.7137,318.8883,5,6.6965847
0.44929,447,346.7137,318.89502,5,6.489362
0.44930,448,346.7137,318.901733,5,6.63659954
0.45055,449,346.7137,318.9085,5,6.663866
0.45240,450,346.7137,318.9143,5,6.456642
0.45243,451,346.7137,318.921875,5,6.64750576
0.45365,452,346.7137,318.9285,5,6.663866
0.45546,453,346.7137,318.934265,5,6.625693
0.45549,454,346.7137,318.9412,5,6.47845554
0.45735,455,346.7137,318.948273,5,6.729305
0.45740,456,346.7137,318.954773,5,6.58206749
0.45856,457,346.7137,318.960571,5,6.50026846
0.46041,458,346.7137,318.967834,5,6.7074914
0.46043,459,346.7137,318.974426,5,6.511175
0.46165,460,346.7137,318.980927,5,6.59297371
0.46350,461,346.7137,318.9873,5,6.538441
0.46353,462,346.7137,318.994049,5,6.663866
0.46529,463,346.7137,319.0011,5,6.560254
0.46530,464,346.7137,319.007141,5,6.58206749
0.46656,465,346.7137,319.0137,5,6.625693
0.46838,466,346.7137,319.020264,5,6.489362
0.46839,467,346.7137,319.027527,5,6.67477226
0.46964,468,346.7137,319.033478,5,6.489362
0.47145,469,346.7137,319.0396,5,6.571161
0.47146,470,346.7137,319.047058,5,6.52208138
0.47332,471,346.7137,319.05368,5,6.63659954
0.47333,472,346.7137,319.0599,5,6.59297371
0.47457,473,346.7137,319.06662,5,6.538441
0.47640,474,346.7137,319.074127,5,6.751118
0.47643,475,346.7137,319.0802,5,6.50026846
0.47765,476,346.7137,319.086334,5,6.549348
0.47946,477,346.7137,319.093536,5,6.571161
0.47948,478,346.7137,319.1001,5,6.64750576
0.48130,479,346.7137,319.106537,5,6.52208138
0.48132,480,346.7137,319.1127,5,6.511175
0.48256,481,346.7137,319.120026,5,6.685679
0.48438,482,346.7137,319.1262,5,6.489362
0.48439,483,346.7137,319.13324,5,6.59297371
0.48564,484,346.7137,319.139343,5,6.61478662
0.48746,485,346.7137,319.146637,5,6.729305
0.48749,486,346.7137,319.153168,5,6.571161
0.48930,487,346.7137,319.159576,5,6.571161
0.48932,488,346.7137,319.166382,5,6.64750576
0.49056,489,346.7137,319.17218,5,6.549348
0.49241,490,346.7137,319.179047,5,6.625693
0.49243,491,346.7137,319.1859,5,6.560254
0.49365,492,346.7137,319.192535,5,6.6965847
0.49548,493,346.7137,319.1992,5,6.52208138
0.49549,494,346.7137,319.205627,5,6.63659954
0.49732,495,346.7137,319.212677,5,6.7074914
0.49734,496,346.7137,319.218567,5,6.52208138
0.49857,497,346.7137,319.2257,5,6.60388041
0.50041,498,346.7137,319.23233,5,6.60388041
0.50045,499,346.7137,319.2385,5,6.63659954
0.50166,500,346.7137,319.2453,5,6.467549
0.50346,501,346.7137,319.25235,5,6.7074914
0.50348,502,346.7137,319.258728,5,6.663866
0.50534,503,346.7137,319.264465,5,6.467549
0.50536,504,346.7137,319.272156,5,6.63659954
0.50658,505,346.7137,319.2787,5,6.60388041
0.50839,506,346.7137,319.2847,5,6.58206749
0.50841,507,346.7137,319.2913,5,6.511175
0.50967,508,346.7137,319.2982,5,6.685679
0.51146,509,346.7137,319.305,5,6.489362
0.51148,510,346.7137,319.310852,5,6.511175
0.51331,511,346.7137,319.317841,5,6.625693
0.51333,512,346.7137,319.324371,5,6.538441
0.51455,513,346.7137,319.3313,5,6.625693
0.51638,514,346.7137,319.337372,5,6.538441
0.51639,515,346.7137,319.34375,5,6.59297371
0.51767,516,346.7137,319.351074,5,6.489362
0.51946,517,346.7137,319.357269,5,6.625693
0.51947,518,346.7137,319.363556,5,6.52208138
0.52130,519,346.7137,319.369843,5,6.47845554
0.52131,520,346.7137,319.377563,5,6.63659954
0.52256,521,346.7137,319.383636,5,6.52208138
0.52440,522,346.7137,319.3897,5,6.60388041
0.52441,523,346.7137,319.3968,5,6.549348
0.52566,524,346.7137,319.4035,5,6.7074914
0.52747,525,346.7137,319.409821,5,6.467549
0.52750,526,346.7137,319.415955,5,6.50026846
0.52929,527,346.7137,319.4234,5,6.663866
0.52930,528,346.7137,319.429535,5,6.511175
0.53055,529,346.7137,319.442627,5,6.50026846
0.53238,530,346.7137,319.449341,5,6.663866
0.53240,531,346.7137,319.4559,5,6.445736
0.53369,532,346.7137,319.46228,5,6.58206749
0.53546,533,346.7137,319.469482,5,6.6965847
0.53547,534,346.7137,319.475525,5,6.59297371
0.53734,535,346.7137,319.482147,5,6.59297371
0.53738,536,346.7137,319.4887,5,6.489362
0.53857,537,346.7137,319.4956,5,6.64750576
0.54041,538,346.7137,319.501953,5,6.489362
0.54043,539,346.7137,319.5082,5,6.59297371
0.54169,540,346.7137,319.515381,5,6.58206749
0.54346,541,346.7137,319.521576,5,6.571161
0.54350,542,346.7137,319.528351,5,6.560254
0.54531,543,346.7137,319.534882,5,6.560254
0.54534,544,346.7137,319.541565,5,6.7074914
0.54655,545,346.7137,319.547852,5,6.434829
0.54838,546,346.7137,319.555084,5,6.61478662
0.54841,547,346.7137,319.561859,5,6.60388041
0.54966,548,346.7137,319.567261,5,6.511175
0.55147,549,346.7137,319.5746,5,6.52208138
0.55150,550,346.7137,319.581238,5,6.63659954
0.55332,551,346.7137,319.577454,5,6.63659954
0.55335,552,346.7137,319.5936,5,6.39665651
0.55455,553,346.7137,319.6014,5,6.6965847
0.55651,554,346.7137,319.607971,5,6.549348
0.55656,555,346.7137,319.613647,5,6.52208138
0.55774,556,346.7137,319.6208,5,6.571161
0.55946,557,346.7137,319.6274,5,6.58206749
0.55948,558,346.7137,319.634064,5,6.52208138
0.56131,559,346.7137,319.640076,5,6.467549
0.56132,560,346.7137,319.647,5,6.663866
0.56255,561,346.7137,319.653778,5,6.489362
0.56438,562,346.7137,319.6602,5,6.60388041
0.56439,563,346.7137,319.666534,5,6.538441
0.56564,564,346.7137,319.672821,5,6.538441
0.56746,565,346.7137,319.6803,5,6.538441
0.56748,566,346.7137,319.6862,5,6.549348
0.56932,567,346.7137,319.692444,5,6.538441
0.56934,568,346.7137,319.69928,5,6.434829
0.57056,569,346.7137,319.7065,5,6.64750576
0.57240,570,346.7137,319.712616,5,6.50026846
0.57241,571,346.7137,319.719025,5,6.58206749
0.57366,572,346.7137,319.726166,5,6.60388041
0.57546,573,346.7137,319.7323,5,6.61478662
0.57549,574,346.7137,319.738678,5,6.50026846
0.57731,575,346.7137,319.7451,5,6.467549
0.57733,576,346.7137,319.7527,5,6.685679
0.57855,577,346.7137,319.758972,5,6.456642
0.58038,578,346.7137,319.764984,5,6.549348
0.58039,579,346.7137,319.772247,5,6.549348
0.58167,580,346.7137,319.778473,5,6.59297371
0.58346,581,346.7137,319.785645,5,6.47845554
0.58349,582,346.7137,319.792145,5,6.549348
0.58534,583,346.7137,319.799042,5,6.718398
0.58537,584,346.7137,319.8048,5,6.538441
0.58658,585,346.7137,319.811157,5,6.58206749
0.58843,586,346.7137,319.81778,5,6.47845554
0.58847,587,346.7137,319.824249,5,6.61478662
0.58985,588,346.7137,319.8307,5,6.511175
0.59146,589,346.7137,319.837,5,6.538441
0.59148,590,346.7137,319.844177,5,6.625693
0.59331,591,346.7137,319.850281,5,6.50026846
0.59333,592,346.7137,319.857,5,6.560254
0.59456,593,346.7137,319.8637,5,6.571161
0.59641,594,346.7137,319.869934,5,6.64750576
0.59643,595,346.7137,319.876648,5,6.423923
0.59765,596,346.7137,319.8833,5,6.58206749
0.59947,597,346.7137,319.889954,5,6.58206749
0.59948,598,346.7137,319.895782,5,6.445736
0.60132,599,346.7137,319.9032,5,6.549348
0.60134,600,346.7137,319.909821,5,6.60388041
0.60256,601,346.7137,319.915558,5,6.60388041
0.60440,602,346.7137,319.922272,5,6.3748436
0.60441,603,346.7137,319.9294,5,6.67477226
0.60566,604,346.7137,319.935944,5,6.52208138
0.60746,605,346.7137,319.941559,5,6.47845554
0.60750,606,346.7137,319.9488,5,6.58206749
0.60934,607,346.7137,319.945526,5,6.52208138
0.60936,608,346.7137,319.9622,5,6.511175
0.61056,609,346.7137,319.968,5,6.456642
0.61243,610,346.7137,319.9752,5,6.63659954
0.61248,611,346.7137,319.9826,5,6.47845554
0.61370,612,346.7137,319.9879,5,6.58206749
0.61547,613,346.7137,319.9943,5,6.549348
0.61549,614,346.7137,320.0011,5,6.489362
0.61730,615,346.7137,320.008057,5,6.549348
0.61733,616,346.7137,320.014282,5,6.50026846
0.61856,617,346.7137,320.020477,5,6.52208138
0.62042,618,346.7137,320.0276,5,6.423923
0.62045,619,346.7137,320.034454,5,6.625693
0.62165,620,346.7137,320.040649,5,6.489362
0.62347,621,346.7137,320.0467,5,6.549348
0.62351,622,346.7137,320.05426,5,6.61478662
0.62539,623,346.7137,320.060333,5,6.571161
0.62544,624,346.7137,320.0666,5,6.50026846
0.62656,625,346.7137,320.073273,5,6.467549
0.62843,626,346.7137,320.0803,5,6.67477226
0.62847,627,346.7137,320.086517,5,6.445736
0.62965,628,346.7137,320.0926,5,6.52208138
0.63146,629,346.7137,320.106,5,6.560254
0.63147,630,346.7137,320.106,5,6.560254
0.63335,631,346.7137,320.1192,5,6.538441
0.63338,632,346.7137,320.126129,5,6.7074914
0.63455,633,346.7137,320.132324,5,6.50026846
0.63640,634,346.7137,320.13858,5,6.58206749
0.63643,635,346.7137,320.145721,5,6.467549
0.63764,636,346.7137,320.152,5,6.58206749
0.63978,637,346.7137,320.1585,5,6.50026846
0.63990,638,346.7137,320.1648,5,6.511175
0.64131,639,346.7137,320.1719,5,6.61478662
0.64134,640,346.7137,320.1781,5,6.47845554
0.64257,641,346.7137,320.184723,5,6.560254
0.64440,642,346.7137,320.1915,5,6.549348
0.64442,643,346.7137,320.197571,5,6.625693
0.64579,644,346.7137,320.2044,5,6.413017
0.64746,645,346.7137,320.210938,5,6.571161
0.64749,646,346.7137,320.2176,5,6.58206749
0.64932,647,346.7137,320.22345,5,6.434829
0.64938,648,346.7137,320.2309,5,6.549348
0.65057,649,346.7137,320.2374,5,6.59297371
0.65243,650,346.7137,320.2431,5,6.59297371
0.65248,651,346.7137,320.249969,5,6.3748436
0.65363,652,346.7137,320.257019,5,6.663866
0.65547,653,346.7137,320.2635,5,6.50026846
0.65551,654,346.7137,320.269165,5,6.456642
0.65732,655,346.7137,320.276337,5,6.571161
0.65738,656,346.7137,320.282867,5,6.50026846
0.65857,657,346.7137,320.2893,5,6.50026846
0.66041,658,346.7137,320.295532,5,6.445736
0.66044,659,346.7137,320.3023,5,6.625693
0.66165,660,346.7137,320.309265,5,6.467549
0.66349,661,346.7137,320.315338,5,6.571161
0.66352,662,346.7137,320.321747,5,6.52208138
0.66534,663,346.7137,320.328156,5,6.47845554
0.66538,664,346.7137,320.33548,5,6.52208138
0.66656,665,346.7137,320.341278,5,6.47845554
0.66840,666,346.7137,320.3475,5,6.50026846
0.66843,667,346.7137,320.354523,5,6.413017
0.66964,668,346.7137,320.36145,5,6.61478662
0.67147,669,346.7137,320.3676,5,6.489362
0.67149,670,346.7137,320.3736,5,6.549348
0.67332,671,346.7137,320.3812,5,6.59297371
0.67339,672,346.7137,320.3876,5,6.571161
0.67463,673,346.7137,320.39386,5,6.47845554
0.67641,674,346.7137,320.400574,5,6.456642
0.67643,675,346.7137,320.4075,5,6.64750576
0.67767,676,346.7137,320.413727,5,6.434829
0.67946,677,346.7137,320.419769,5,6.511175
0.67949,678,346.7137,320.427032,5,6.50026846
0.68133,679,346.7137,320.4332,5,6.560254
0.68136,680,346.7137,320.439941,5,6.445736
0.68256,681,346.7137,320.446869,5,6.52208138
0.68443,682,346.7137,320.453644,5,6.685679
0.68446,683,346.7137,320.459869,5,6.511175
0.68567,684,346.7137,320.4662,5,6.560254
0.68748,685,346.7137,320.473328,5,6.467549
0.68750,686,346.7137,320.479553,5,6.59297371
0.68932,687,346.7137,320.485657,5,6.47845554
0.68935,688,346.7137,320.492,5,6.52208138
0.69056,689,346.7137,320.499084,5,6.59297371
0.69242,690,346.7137,320.5052,5,6.50026846
0.69244,691,346.7137,320.511841,5,6.52208138
0.69365,692,346.7137,320.518616,5,6.52208138
0.69547,693,346.7137,320.524658,5,6.63659954
0.69550,694,346.7137,320.531433,5,6.3748436
0.69732,695,346.7137,320.537964,5,6.560254
0.69735,696,346.7137,320.5446,5,6.538441
0.69855,697,346.7137,320.550385,5,6.423923
0.70047,698,346.7137,320.5578,5,6.47845554
0.70049,699,346.7137,320.56427,5,6.560254
0.70167,700,346.7137,320.569977,5,6.571161
0.70346,701,346.7137,320.5767,5,6.331218
0.70347,702,346.7137,320.5838,5,6.60388041
0.70531,703,346.7137,320.59024,5,6.47845554
0.70533,704,346.7137,320.595856,5,6.456642
0.70657,705,346.7137,320.603058,5,6.511175
0.70840,706,346.7137,320.609528,5,6.511175
0.70842,707,346.7137,320.616028,5,6.456642
0.70964,708,346.7137,320.622162,5,6.423923
0.71149,709,346.7137,320.628967,5,6.59297371
0.71152,710,346.7137,320.635773,5,6.445736
0.71335,711,346.7137,320.642029,5,6.560254
0.71338,712,346.7137,320.648346,5,6.489362
0.71457,713,346.7137,320.654663,5,6.50026846
0.71644,714,346.7137,320.6621,5,6.467549
0.71647,715,346.7137,320.667877,5,6.52208138
0.71763,716,346.7137,320.674164,5,6.489362
0.71949,717,346.7137,320.680939,5,6.413017
0.71952,718,346.7137,320.68808,5,6.59297371
0.72134,719,346.7137,320.694183,5,6.467549
0.72137,720,346.7137,320.7001,5,6.549348
0.72257,721,346.7137,320.707672,5,6.52208138
0.72439,722,346.7137,320.7138,5,6.61478662
0.72441,723,346.7137,320.720062,5,6.445736
0.72569,724,346.7137,320.726471,5,6.445736
0.72747,725,346.7137,320.733643,5,6.625693
0.72749,726,346.7137,320.739868,5,6.456642
0.72933,727,346.7137,320.753,5,6.47845554
0.72935,728,346.7137,320.7593,5,6.60388041
0.73056,729,346.7137,320.7593,5,6.60388041
0.73238,730,346.7137,320.772369,5,6.52208138
0.73240,731,346.7137,320.779449,5,6.63659954
0.73365,732,346.7137,320.785431,5,6.538441
0.73552,733,346.7137,320.79187,5,6.538441
0.73555,734,346.7137,320.798645,5,6.423923
0.73736,735,346.7137,320.8052,5,6.58206749
0.73738,736,346.7137,320.811523,5,6.434829
0.73856,737,346.7137,320.818176,5,6.52208138
0.74045,738,346.7137,320.825317,5,6.511175
0.74049,739,346.7137,320.8318,5,6.511175
0.74171,740,346.7137,320.838043,5,6.467549
0.74347,741,346.7137,320.844666,5,6.511175
0.74351,742,346.7137,320.851,5,6.625693
0.74532,743,346.7137,320.857483,5,6.38575029
0.74533,744,346.7137,320.8642,5,6.538441
0.74656,745,346.7137,320.870819,5,6.52208138
0.74839,746,346.7137,320.876617,5,6.489362
0.74843,747,346.7137,320.883942,5,6.423923
0.74965,748,346.7137,320.890472,5,6.59297371
0.75149,749,346.7137,320.896423,5,6.571161
0.75152,750,346.7137,320.90274,5,6.353031
0.75331,751,346.7137,320.9101,5,6.571161
0.75333,752,346.7137,320.916473,5,6.50026846
0.75456,753,346.7137,320.9222,5,6.50026846
0.75657,754,346.7137,320.929169,5,6.456642
0.75668,755,346.7137,320.93576,5,6.58206749
0.75765,756,346.7137,320.942444,5,6.423923
0.75947,757,346.7137,320.9483,5,6.456642
0.75950,758,346.7137,320.955231,5,6.560254
0.76134,759,346.7137,320.9623,5,6.47845554
0.76140,760,346.7137,320.968384,5,6.538441
0.76255,761,346.7137,320.974548,5,6.467549
0.76443,762,346.7137,320.980865,5,6.538441
0.76446,763,346.7137,320.988251,5,6.39665651
0.76564,764,346.7137,320.994141,5,6.571161
0.76748,765,346.7137,321.0004,5,6.445736
0.76751,766,346.7137,321.0068,5,6.434829
0.76930,767,346.7137,321.0143,5,6.52208138
0.76931,768,346.7137,321.020325,5,6.489362
0.77056,769,346.7137,321.026276,5,6.549348
0.77242,770,346.7137,321.033478,5,6.467549
0.77244,771,346.7137,321.039917,5,6.64750576
0.77366,772,346.7137,321.0462,5,6.39665651
0.77548,773,346.7137,321.0523,5,6.445736
0.77554,774,346.7137,321.0597,5,6.538441
0.77734,775,346.7137,321.0658,5,6.489362
0.77739,776,346.7137,321.072327,5,6.467549
0.77855,777,346.7137,321.079163,5,6.423923
0.78046,778,346.7137,321.085663,5,6.59297371
0.78049,779,346.7137,321.093018,5,6.50026846
0.78166,780,346.7137,321.098969,5,6.571161
0.78356,781,346.7137,321.106079,5,6.61478662
0.78360,782,346.7137,321.112061,5,6.50026846
0.78531,783,346.7137,321.118134,5,6.50026846
0.78533,784,346.7137,321.125153,5,6.538441
0.78660,785,346.7137,321.131165,5,6.434829
0.78841,786,346.7137,321.1373,5,6.434829
0.78843,787,346.7137,321.143524,5,6.511175
0.78979,788,346.7137,321.150543,5,6.456642
0.79146,789,346.7137,321.156769,5,6.560254
0.79148,790,346.7137,321.1634,5,6.413017
0.79335,791,346.7137,321.1697,5,6.50026846
0.79338,792,346.7137,321.1765,5,6.560254
0.79456,793,346.7137,321.182434,5,6.445736
0.79640,794,346.7137,321.1894,5,6.445736
0.79643,795,346.7137,321.1959,5,6.489362
0.79768,796,346.7137,321.2019,5,6.538441
0.79947,797,346.7137,321.208679,5,6.331218
0.79951,798,346.7137,321.215546,5,6.571161
0.80134,799,346.7137,321.2222,5,6.538441
0.80136,800,346.7137,321.227448,5,6.445736
0.80257,801,346.7137,321.235046,5,6.434829
0.80439,802,346.7137,321.241852,5,6.560254
0.80440,803,346.7137,321.2478,5,6.47845554
0.80565,804,346.7137,321.2543,5,6.39665651
0.80746,805,346.7137,321.261078,5,6.59297371
0.80749,806,346.7137,321.2678,5,6.38575029
0.80934,807,346.7137,321.27356,5,6.47845554
0.80938,808,346.7137,321.2805,5,6.445736
0.81058,809,346.7137,321.287323,5,6.456642
0.81242,810,346.7137,321.293823,5,6.456642
0.81245,811,346.7137,321.2997,5,6.489362
0.81364,812,346.7137,321.3061,5,6.52208138
0.81547,813,346.7137,321.31308,5,6.3748436
0.81551,814,346.7137,321.31955,5,6.560254
0.81731,815,346.7137,321.325684,5,6.413017
0.81735,816,346.7137,321.3317,5,6.47845554
0.81856,817,346.7137,321.3394,5,6.413017
0.82040,818,346.7137,321.345428,5,6.549348
0.82041,819,346.7137,321.3516,5,6.47845554
0.82165,820,346.7137,321.3581,5,6.467549
0.82350,821,346.7137,321.3653,5,6.60388041
0.82356,822,346.7137,321.3713,5,6.445736
0.82536,823,346.7137,321.377319,5,6.467549
0.82540,824,346.7137,321.384521,5,6.434829
0.82656,825,346.7137,321.390839,5,6.58206749
0.82841,826,346.7137,321.397156,5,6.38575029
0.82843,827,346.7137,321.4033,5,6.434829
0.82964,828,346.7137,321.410431,5,6.50026846
0.83149,829,346.7137,321.416534,5,6.456642
0.83160,830,346.7137,321.4231,5,6.423923
0.83331,831,346.7137,321.4298,5,6.467549
0.83333,832,346.7137,321.436218,5,6.63659954
0.83462,833,346.7137,321.448761,5,6.50026846
0.83641,834,346.7137,321.455963,5,6.423923
0.83643,835,346.7137,321.462,5,6.50026846
0.83764,836,346.7137,321.468445,5,6.456642
0.83984,837,346.7137,321.4749,5,6.456642
0.83993,838,346.7137,321.4749,5,6.456642
0.84135,839,346.7137,321.487885,5,6.413017
0.84137,840,346.7137,321.494415,5,6.467549
0.84256,841,346.7137,321.5013,5,6.47845554
0.84445,842,346.7137,321.5071,5,6.571161
0.84449,843,346.7137,321.514069,5,6.353031
0.84564,844,346.7137,321.5205,5,6.52208138
0.84748,845,346.7137,321.526978,5,6.511175
0.84751,846,346.7137,321.532928,5,6.38575029
0.84931,847,346.7137,321.540283,5,6.467549
0.84933,848,346.7137,321.546722,5,6.549348
0.85057,849,346.7137,321.552277,5,6.549348
0.85242,850,346.7137,321.559265,5,6.32031155
0.85246,851,346.7137,321.566162,5,6.59297371
0.85363,852,346.7137,321.57254,5,6.445736
0.85548,853,346.7137,321.578156,5,6.445736
0.85550,854,346.7137,321.585358,5,6.47845554
0.85732,855,346.7137,321.591858,5,6.489362
0.85734,856,346.7137,321.598175,5,6.423923
0.85855,857,346.7137,321.60437,5,6.39665651
0.86042,858,346.7137,321.611084,5,6.560254
0.86044,859,346.7137,321.61795,5,6.413017
0.86164,860,346.7137,321.624023,5,6.52208138
0.86348,861,346.7137,321.630341,5,6.456642
0.86351,862,346.7137,321.637115,5,6.39665651
0.86530,863,346.7137,321.6444,5,6.489362
0.86533,864,346.7137,321.649719,5,6.423923
0.86658,865,346.7137,321.65625,5,6.3748436
0.86839,866,346.7137,321.6632,5,6.511175
0.86843,867,346.7137,321.670166,5,6.434829
0.86964,868,346.7137,321.676239,5,6.52208138
0.87147,869,346.7137,321.6821,5,6.445736
0.87149,870,346.7137,321.6896,5,6.59297371
0.87339,871,346.7137,321.695648,5,6.3748436
0.87343,872,346.7137,321.701874,5,6.413017
0.87456,873,346.7137,321.708252,5,6.52208138
0.87644,874,346.7137,321.715363,5,6.434829
0.87646,875,346.7137,321.721863,5,6.445736
0.87765,876,346.7137,321.7279,5,6.39665651
0.87947,877,346.7137,321.735,5,6.560254
0.87950,878,346.7137,321.74118,5,6.353031
0.88132,879,346.7137,321.7478,5,6.467549
0.88134,880,346.7137,321.75415,5,6.538441
0.88257,881,346.7137,321.761536,5,6.560254
0.88443,882,346.7137,321.767578,5,6.47845554
0.88448,883,346.7137,321.773865,5,6.434829
0.88565,884,346.7137,321.7808,5,6.52208138
0.88748,885,346.7137,321.78717,5,6.413017
0.88750,886,346.7137,321.793579,5,6.489362
0.88932,887,346.7137,321.799744,5,6.434829
0.88935,888,346.7137,321.8069,5,6.538441
0.89058,889,346.7137,321.8129,5,6.413017
0.89247,890,346.7137,321.81955,5,6.489362
0.89250,891,346.7137,321.82608,5,6.549348
0.89366,892,346.7137,321.8321,5,6.423923
0.89546,893,346.7137,321.838348,5,6.434829
0.89550,894,346.7137,321.8451,5,6.47845554
0.89733,895,346.7137,321.851685,5,6.52208138
0.89736,896,346.7137,321.857422,5,6.32031155
0.89859,897,346.7137,321.864624,5,6.560254
0.90041,898,346.7137,321.871216,5,6.511175
0.90043,899,346.7137,321.8773,5,6.413017
0.90166,900,346.7137,321.88324,5,6.413017
0.90347,901,346.7137,321.890717,5,6.52208138
0.90351,902,346.7137,321.8971,5,6.456642
0.90530,903,346.7137,321.902832,5,6.3748436
0.90531,904,346.7137,321.909515,5,6.560254
0.90658,905,346.7137,321.916138,5,6.36393738
0.90841,906,346.7137,321.9229,5,6.456642
0.90844,907,346.7137,321.92865,5,6.423923
0.90968,908,346.7137,321.935516,5,6.50026846
0.91149,909,346.7137,321.941925,5,6.423923
0.91153,910,346.7137,321.94873,5,6.456642
0.91330,911,346.7137,321.954651,5,6.489362
0.91332,912,346.7137,321.9609,5,6.353031
0.91457,913,346.7137,321.968048,5,6.511175
0.91642,914,346.7137,321.9743,5,6.38575029
0.91644,915,346.7137,321.980438,5,6.434829
0.91765,916,346.7137,321.9865,5,6.36393738
0.91947,917,346.7137,321.9941,5,6.52208138
0.91949,918,346.7137,322.000519,5,6.434829
0.92130,919,346.7137,322.006226,5,6.445736
0.92133,920,346.7137,322.012817,5,6.549348
0.92258,921,346.7137,322.019836,5,6.445736
0.92440,922,346.7137,322.025848,5,6.423923
0.92442,923,346.7137,322.0318,5,6.38575029
0.92565,924,346.7137,322.039063,5,6.560254
0.92749,925,346.7137,322.045319,5,6.353031
0.92753,926,346.7137,322.051636,5,6.434829
0.92930,927,346.7137,322.057739,5,6.456642
0.92931,928,346.7137,322.06488,5,6.467549
0.93058,929,346.7137,322.070953,5,6.38575029
0.93241,930,346.7137,322.084259,5,6.61478662
0.93244,931,346.7137,322.0906,5,6.445736
0.93364,932,346.7137,322.096924,5,6.47845554
0.93549,933,346.7137,322.103119,5,6.39665651
0.93552,934,346.7137,322.11026,5,6.511175
0.93729,935,346.7137,322.116333,5,6.413017
0.93731,936,346.7137,322.1228,5,6.47845554
0.93855,937,346.7137,322.129181,5,6.489362
0.94042,938,346.7137,322.136047,5,6.445736
0.94045,939,346.7137,322.1422,5,6.456642
0.94167,940,346.7137,322.148651,5,6.456642
0.94349,941,346.7137,322.155518,5,6.58206749
0.94352,942,346.7137,322.161346,5,6.331218
0.94529,943,346.7137,322.168243,5,6.489362
0.94531,944,346.7137,322.174652,5,6.489362
0.94655,945,346.7137,322.181152,5,6.423923
0.94839,946,346.7137,322.187073,5,6.39665651
0.94841,947,346.7137,322.194427,5,6.538441
0.94967,948,346.7137,322.2008,5,6.52208138
0.95147,949,346.7137,322.2064,5,6.309405
0.95148,950,346.7137,322.2133,5,6.538441
0.95331,951,346.7137,322.2202,5,6.456642
0.95333,952,346.7137,322.2266,5,6.445736
0.95457,953,346.7137,322.2322,5,6.423923
0.95652,954,346.7137,322.239349,5,6.52208138
0.95656,955,346.7137,322.2458,5,6.36393738
0.95769,956,346.7137,322.2522,5,6.39665651
0.95951,957,346.7137,322.2583,5,6.50026846
0.95956,958,346.7137,322.265,5,6.423923
0.96130,959,346.7137,322.2718,5,6.489362
0.96131,960,346.7137,322.277954,5,6.434829
0.96256,961,346.7137,322.2842,5,6.47845554
0.96442,962,346.7137,322.290436,5,6.34212446
0.96445,963,346.7137,322.29776,5,6.50026846
0.96565,964,346.7137,322.303558,5,6.38575029
0.96749,965,346.7137,322.3098,5,6.39665651
0.96751,966,346.7137,322.3163,5,6.445736
0.96930,967,346.7137,322.323578,5,6.456642
0.96932,968,346.7137,322.3296,5,6.50026846
0.97055,969,346.7137,322.335449,5,6.39665651
0.97242,970,346.7137,322.342743,5,6.60388041
0.97246,971,346.7137,322.3494,5,6.353031
0.97377,972,346.7137,322.355621,5,6.413017
0.97546,973,346.7137,322.3618,5,6.456642
0.97549,974,346.7137,322.369049,5,6.47845554
0.97734,975,346.7137,322.3751,5,6.39665651
0.97736,976,346.7137,322.381165,5,6.3748436
0.97857,977,346.7137,322.387939,5,6.511175
0.98041,978,346.7137,322.39444,5,6.36393738
0.98042,979,346.7137,322.4013,5,6.434829
0.98165,980,346.7137,322.4072,5,6.467549
0.98346,981,346.7137,322.414246,5,6.60388041
0.98351,982,346.7137,322.4202,5,6.413017
0.98529,983,346.7137,322.427032,5,6.456642
0.98530,984,346.7137,322.432617,5,6.445736
0.98656,985,346.7137,322.430084,5,6.434829
0.98838,986,346.7137,322.445679,5,6.456642
0.98839,987,346.7137,322.4531,5,6.39665651
0.98984,988,346.7137,322.458832,5,6.538441
0.99146,989,346.7137,322.465454,5,6.3748436
0.99148,990,346.7137,322.471649,5,6.47845554
0.99331,991,346.7137,322.478363,5,6.489362
0.99333,992,346.7137,322.4852,5,6.511175
0.99457,993,346.7137,322.490662,5,6.36393738
0.99638,994,346.7137,322.498016,5,6.47845554
0.99639,995,346.7137,322.5045,5,6.511175
0.99764,996,346.7137,322.510468,5,6.32031155
0.99946,997,346.7137,322.51712,5,6.47845554
0.99948,998,346.7137,322.524048,5,6.50026846
1.00130,999,346.7137,322.530365,5,6.50026846
1.00131,1000,346.7137,322.535828,5,6.32031155
1.00256,1001,346.7137,322.543365,5,6.560254
1.00441,1002,346.7137,322.549774,5,6.423923
1.00444,1003,346.7137,322.555878,5,6.3748436
1.00564,1004,346.7137,322.561951,5,6.489362
1.00747,1005,346.7137,322.56897,5,6.413017
1.00752,1006,346.7137,322.5755,5,6.413017
1.00932,1007,346.7137,322.581421,5,6.36393738
1.00934,1008,346.7137,322.588,5,6.511175
1.01057,1009,346.7137,322.594421,5,6.36393738
1.01239,1010,346.7137,322.60144,5,6.47845554
1.01240,1011,346.7137,322.607239,5,6.423923
1.01365,1012,346.7137,322.613617,5,6.413017
1.01547,1013,346.7137,322.620178,5,6.38575029
1.01548,1014,346.7137,322.627045,5,6.434829
1.01732,1015,346.7137,322.632874,5,6.39665651
1.01734,1016,346.7137,322.6389,5,6.32031155
1.01857,1017,346.7137,322.646179,5,6.47845554
1.02039,1018,346.7137,322.652618,5,6.38575029
1.02042,1019,346.7137,322.658752,5,6.467549
1.02167,1020,346.7137,322.6647,5,6.423923
1.02348,1021,346.7137,322.67218,5,6.538441
1.02351,1022,346.7137,322.6781,5,6.34212446
1.02531,1023,346.7137,322.6842,5,6.36393738
1.02532,1024,346.7137,322.6908,5,6.489362
1.02659,1025,346.7137,322.697662,5,6.38575029
1.02838,1026,346.7137,322.7038,5,6.413017
1.02840,1027,346.7137,322.709747,5,6.36393738
1.02966,1028,346.7137,322.722961,5,6.298498
1.03145,1029,346.7137,322.729553,5,6.434829
1.03148,1030,346.7137,322.73587,5,6.489362
1.03330,1031,346.7137,322.742859,5,6.52208138
1.03332,1032,346.7137,322.7488,5,6.445736
1.03456,1033,346.7137,322.755157,5,6.413017
1.03645,1034,346.7137,322.7619,5,6.47845554
1.03649,1035,346.7137,322.768341,5,6.38575029
1.03779,1036,346.7137,322.7747,5,6.445736
1.03958,1037,346.7137,322.7808,5,6.38575029
1.03962,1038,346.7137,322.7879,5,6.511175
1.04131,1039,346.7137,322.793884,5,6.36393738
1.04133,1040,346.7137,322.8005,5,6.467549
1.04258,1041,346.7137,322.806915,5,6.50026846
1.04441,1042,346.7137,322.813477,5,6.423923
1.04443,1043,346.7137,322.8196,5,6.38575029
1.04570,1044,346.7137,322.826355,5,6.456642
1.04748,1045,346.7137,322.832916,5,6.50026846
1.04750,1046,346.7137,322.838654,5,6.298498
1.04929,1047,346.7137,322.845734,5,6.511175
1.04931,1048,346.7137,322.8524,5,6.50026846
1.05059,1049,346.7137,322.858459,5,6.434829
1.05240,1050,346.7137,322.864258,5,6.34212446
1.05243,1051,346.7137,322.871735,5,6.52208138
1.05366,1052,346.7137,322.878082,5,6.413017
1.05546,1053,346.7137,322.884277,5,6.353031
1.05549,1054,346.7137,322.890839,5,6.50026846
1.05738,1055,346.7137,322.8975,5,6.353031
1.05743,1056,346.7137,322.904175,5,6.413017
1.05858,1057,346.7137,322.909882,5,6.36393738
1.06041,1058,346.7137,322.9167,5,6.50026846
1.06043,1059,346.7137,322.923065,5,6.36393738
1.06170,1060,346.7137,322.929932,5,6.445736
1.06346,1061,346.7137,322.93576,5,6.434829
1.06348,1062,346.7137,322.942017,5,6.353031
1.06532,1063,346.7137,322.948975,5,6.413017
1.06534,1064,346.7137,322.955383,5,6.38575029
1.06655,1065,346.7137,322.9614,5,6.39665651
1.06840,1066,346.7137,322.967316,5,6.298498
1.06842,1067,346.7137,322.974884,5,6.47845554
1.06966,1068,346.7137,322.981,5,6.3748436
1.07149,1069,346.7137,322.987061,5,6.445736
1.07153,1070,346.7137,322.993317,5,6.445736
1.07335,1071,346.7137,323.00058,5,6.467549
1.07338,1072,346.7137,323.0065,5,6.34212446
1.07457,1073,346.7137,323.012451,5,6.34212446
1.07640,1074,346.7137,323.019348,5,6.489362
1.07641,1075,346.7137,323.026276,5,6.353031
1.07765,1076,346.7137,323.032074,5,6.39665651
1.07945,1077,346.7137,323.038055,5,6.36393738
1.07947,1078,346.7137,323.0456,5,6.47845554
1.08135,1079,346.7137,323.051575,5,6.287592
1.08138,1080,346.7137,323.058167,5,6.423923
1.08256,1081,346.7137,323.064667,5,6.489362
1.08441,1082,346.7137,323.071655,5,6.47845554
1.08442,1083,346.7137,323.07782,5,6.423923
1.08567,1084,346.7137,323.083984,5,6.36393738
1.08746,1085,346.7137,323.091,5,6.467549
1.08748,1086,346.7137,323.096375,5,6.34212446
1.08934,1087,346.7137,323.102722,5,6.434829
1.08936,1088,346.7137,323.108826,5,6.3748436
1.09058,1089,346.7137,323.1159,5,6.467549
1.09241,1090,346.7137,323.1219,5,6.34212446
1.09243,1091,346.7137,323.128479,5,6.434829
1.09368,1092,346.7137,323.134949,5,6.489362
1.09546,1093,346.7137,323.141235,5,6.3748436
1.09549,1094,346.7137,323.147583,5,6.38575029
1.09733,1095,346.7137,323.154175,5,6.434829
1.09735,1096,346.7137,323.1608,5,6.47845554
1.09857,1097,346.7137,323.166473,5,6.271232
1.10040,1098,346.7137,323.173645,5,6.489362
1.10041,1099,346.7137,323.180145,5,6.467549
1.10163,1100,346.7137,323.186157,5,6.38575029
1.10346,1101,346.7137,323.192078,5,6.331218
1.10347,1102,346.7137,323.1995,5,6.489362
1.10531,1103,346.7137,323.2058,5,6.39665651
1.10533,1104,346.7137,323.2115,5,6.34212446
1.10656,1105,346.7137,323.2181,5,6.489362
1.10840,1106,346.7137,323.224731,5,6.331218
1.10842,1107,346.7137,323.231354,5,6.38575029
1.10964,1108,346.7137,323.2371,5,6.34212446
1.11146,1109,346.7137,323.2439,5,6.467549
1.11148,1110,346.7137,323.2502,5,6.34212446
1.11333,1111,346.7137,323.25708,5,6.434829
1.11337,1112,346.7137,323.262848,5,6.413017
1.11460,1113,346.7137,323.2691,5,6.34212446
1.11643,1114,346.7137,323.27594,5,6.3748436
1.11650,1115,346.7137,323.2824,5,6.36393738
1.11766,1116,346.7137,323.288361,5,6.3748436
1.11950,1117,346.7137,323.2947,5,6.271232
1.11954,1118,346.7137,323.302246,5,6.445736
1.12133,1119,346.7137,323.308258,5,6.353031
1.12137,1120,346.7137,323.314,5,6.423923
1.12258,1121,346.7137,323.3206,5,6.413017
1.12440,1122,346.7137,323.32782,5,6.467549
1.12444,1123,346.7137,323.3337,5,6.32031155
1.12567,1124,346.7137,323.339661,5,6.32031155
1.12749,1125,346.7137,323.346527,5,6.456642
1.12755,1126,346.7137,323.353058,5,6.331218
1.12932,1127,346.7137,323.3592,5,6.3748436
1.12935,1128,346.7137,323.372284,5,6.456642
1.13059,1129,346.7137,323.3783,5,6.271232
1.13244,1130,346.7137,323.3849,5,6.39665651
1.13248,1131,346.7137,323.391235,5,6.467549
1.13365,1132,346.7137,323.397949,5,6.47845554
1.13546,1133,346.7137,323.404,5,6.39665651
1.13550,1134,346.7137,323.4102,5,6.353031
1.13733,1135,346.7137,323.417084,5,6.434829
1.13734,1136,346.7137,323.4233,5,6.34212446
1.13856,1137,346.7137,323.429657,5,6.413017
1.14040,1138,346.7137,323.4358,5,6.34212446
1.14044,1139,346.7137,323.4428,5,6.467549
1.14165,1140,346.7137,323.448761,5,6.32031155
1.14346,1141,346.7137,323.455383,5,6.434829
1.14348,1142,346.7137,323.461823,5,6.467549
1.14537,1143,346.7137,323.46817,5,6.39665651
1.14540,1144,346.7137,323.474365,5,6.34212446
1.14657,1145,346.7137,323.481079,5,6.423923
1.14842,1146,346.7137,323.487518,5,6.456642
1.14846,1147,346.7137,323.493256,5,6.260326
1.14964,1148,346.7137,323.500336,5,6.445736
1.15145,1149,346.7137,323.5069,5,6.445736
1.15147,1150,346.7137,323.513,5,6.423923
1.15335,1151,346.7137,323.518677,5,6.287592
1.15338,1152,346.7137,323.526154,5,6.50026846
1.15455,1153,346.7137,323.532471,5,6.3748436
1.15651,1154,346.7137,323.5383,5,6.34212446
1.15658,1155,346.7137,323.5447,5,6.445736
1.15766,1156,346.7137,323.5514,5,6.353031
1.15946,1157,346.7137,323.558044,5,6.36393738
1.15948,1158,346.7137,323.563751,5,6.32031155
1.16137,1159,346.7137,323.5705,5,6.467549
1.16139,1160,346.7137,323.5768,5,6.32031155
1.16258,1161,346.7137,323.5837,5,6.434829
1.16441,1162,346.7137,323.589478,5,6.38575029
1.16444,1163,346.7137,323.595764,5,6.36393738
1.16565,1164,346.7137,323.602478,5,6.331218
1.16747,1165,346.7137,323.609467,5,6.38575029
1.16749,1166,346.7137,323.615,5,6.36393738
1.16932,1167,346.7137,323.6209,5,6.287592
1.16933,1168,346.7137,323.6283,5,6.423923
1.17058,1169,346.7137,323.634552,5,6.353031
1.17242,1170,346.7137,323.640625,5,6.434829
1.17245,1171,346.7137,323.646637,5,6.3748436
1.17383,1172,346.7137,323.654419,5,6.50026846
1.17546,1173,346.7137,323.660278,5,6.298498
1.17548,1174,346.7137,323.666321,5,6.331218
1.17733,1175,346.7137,323.673035,5,6.413017
1.17738,1176,346.7137,323.6797,5,6.36393738
1.17858,1177,346.7137,323.6862,5,6.353031
1.18039,1178,346.7137,323.6921,5,6.32031155
1.18041,1179,346.7137,323.6992,5,6.456642
1.18164,1180,346.7137,323.7052,5,6.271232
1.18348,1181,346.7137,323.7118,5,6.3748436
1.18350,1182,346.7137,323.7172,5,6.423923
1.18534,1183,346.7137,323.724884,5,6.511175
1.18536,1184,346.7137,323.730865,5,6.36393738
1.18657,1185,346.7137,323.737061,5,6.36393738
1.18842,1186,346.7137,323.7434,5,6.38575029
1.18844,1187,346.7137,323.749847,5,6.36393738
1.18981,1188,346.7137,323.756073,5,6.38575029
1.19146,1189,346.7137,323.762115,5,6.34212446
1.19148,1190,346.7137,323.769165,5,6.445736
1.19331,1191,346.7137,323.775116,5,6.298498
1.19333,1192,346.7137,323.7817,5,6.39665651
1.19456,1193,346.7137,323.788,5,6.413017
1.19640,1194,346.7137,323.794617,5,6.445736
1.19643,1195,346.7137,323.801,5,6.287592
1.19765,1196,346.7137,323.807343,5,6.413017
1.19948,1197,346.7137,323.813782,5,6.434829
1.19952,1198,346.7137,323.8196,5,6.287592
1.20136,1199,346.7137,323.826355,5,6.38575029
1.20138,1200,346.7137,323.8331,5,6.445736
1.20257,1201,346.7137,323.839355,5,6.445736
1.20442,1202,346.7137,323.844818,5,6.23851252
1.20445,1203,346.7137,323.852234,5,6.47845554
1.20565,1204,346.7137,323.858582,5,6.353031
1.20752,1205,346.7137,323.86496,5,6.34212446
1.20755,1206,346.7137,323.8706,5,6.3748436
1.20937,1207,346.7137,323.877533,5,6.38575029
1.20939,1208,346.7137,323.884033,5,6.309405
1.21056,1209,346.7137,323.8899,5,6.32031155
1.21240,1210,346.7137,323.896423,5,6.434829
1.21242,1211,346.7137,323.902771,5,6.32031155
1.21364,1212,346.7137,323.909637,5,6.39665651
1.21550,1213,346.7137,323.9154,5,6.353031
1.21554,1214,346.7137,323.921783,5,6.3748436
1.21735,1215,346.7137,323.928131,5,6.260326
1.21738,1216,346.7137,323.93515,5,6.423923
1.21856,1217,346.7137,323.9409,5,6.309405
1.22043,1218,346.7137,323.946838,5,6.32031155
1.22046,1219,346.7137,323.953766,5,6.34212446
1.22166,1220,346.7137,323.960541,5,6.3748436
1.22347,1221,346.7137,323.966553,5,6.413017
1.22351,1222,346.7137,323.9723,5,6.331218
1.22532,1223,346.7137,323.9797,5,6.489362
1.22538,1224,346.7137,323.9857,5,6.287592
1.22656,1225,346.7137,323.991821,5,6.331218
1.22840,1226,346.7137,324.005127,5,6.434829
1.22842,1227,346.7137,324.011078,5,6.298498
1.22966,1228,346.7137,324.0171,5,6.331218
1.23148,1229,346.7137,324.0238,5,6.39665651
1.23152,1230,346.7137,324.030243,5,6.331218
1.23331,1231,346.7137,324.036621,5,6.331218
1.23333,1232,346.7137,324.0428,5,6.38575029
1.23457,1233,346.7137,324.049835,5,6.52208138
1.23641,1234,346.7137,324.0557,5,6.353031
1.23643,1235,346.7137,324.062073,5,6.39665651
1.23766,1236,346.7137,324.0684,5,6.32031155
1.23983,1237,346.7137,324.075317,5,6.413017
1.23987,1238,346.7137,324.0813,5,6.353031
1.24131,1239,346.7137,324.08783,5,6.38575029
1.24132,1240,346.7137,324.094238,5,6.423923
1.24258,1241,346.7137,324.100555,5,6.353031
1.24444,1242,346.7137,324.107,5,6.3748436
1.24446,1243,346.7137,324.113159,5,6.38575029
1.24565,1244,346.7137,324.120453,5,6.489362
1.24748,1245,346.7137,324.1257,5,6.260326
1.24751,1246,346.7137,324.132629,5,6.413017
1.24934,1247,346.7137,324.139374,5,6.39665651
1.24936,1248,346.7137,324.145538,5,6.36393738
1.25055,1249,346.7137,324.151764,5,6.309405
1.25240,1250,346.7137,324.158844,5,6.456642
1.25243,1251,346.7137,324.165131,5,6.456642
1.25364,1252,346.7137,324.170471,5,6.249419
1.25546,1253,346.7137,324.1776,5,6.39665651
1.25548,1254,346.7137,324.184235,5,6.38575029
1.25734,1255,346.7137,324.1905,5,6.353031
1.25738,1256,346.7137,324.196045,5,6.309405
1.25861,1257,346.7137,324.203125,5,6.445736
1.26042,1258,346.7137,324.209473,5,6.260326
1.26047,1259,346.7137,324.215729,5,6.34212446
1.26165,1260,346.7137,324.2218,5,6.36393738
1.26348,1261,346.7137,324.228455,5,6.36393738
1.26350,1262,346.7137,324.235138,5,6.34212446
1.26535,1263,346.7137,324.24118,5,6.36393738
1.26538,1264,346.7137,324.247345,5,6.413017
1.26655,1265,346.7137,324.2535,5,6.260326
1.26842,1266,346.7137,324.260742,5,6.413017
1.26845,1267,346.7137,324.266479,5,6.298498
1.26965,1268,346.7137,324.2726,5,6.34212446
1.27149,1269,346.7137,324.279,5,6.271232
1.27153,1270,346.7137,324.286224,5,6.413017
1.27340,1271,346.7137,324.292145,5,6.353031
1.27343,1272,346.7137,324.297974,5,6.36393738
1.27457,1273,346.7137,324.30545,5,6.445736
1.27641,1274,346.7137,324.3118,5,6.36393738
1.27644,1275,346.7137,324.317871,5,6.331218
1.27765,1276,346.7137,324.3238,5,6.298498
1.27948,1277,346.7137,324.331055,5,6.445736
1.27950,1278,346.7137,324.337,5,6.287592
1.28134,1279,346.7137,324.34314,5,6.34212446
1.28136,1280,346.7137,324.349457,5,6.331218
1.28255,1281,346.7137,324.356262,5,6.39665651
1.28443,1282,346.7137,324.362366,5,6.260326
1.28447,1283,346.7137,324.368683,5,6.3748436
1.28567,1284,346.7137,324.375061,5,6.467549
1.28747,1285,346.7137,324.381256,5,6.38575029
1.28750,1286,346.7137,324.3875,5,6.3748436
1.28935,1287,346.7137,324.393616,5,6.309405
1.28937,1288,346.7137,324.400757,5,6.434829
1.29057,1289,346.7137,324.406769,5,6.331218
1.29245,1290,346.7137,324.413147,5,6.423923
1.29248,1291,346.7137,324.419525,5,6.39665651
1.29365,1292,346.7137,324.4263,5,6.456642
1.29550,1293,346.7137,324.4325,5,6.36393738
1.29555,1294,346.7137,324.438873,5,6.456642
1.29731,1295,346.7137,324.445679,5,6.511175
1.29733,1296,346.7137,324.4515,5,6.36393738
1.29856,1297,346.7137,324.458282,5,6.39665651
1.30042,1298,346.7137,324.4647,5,6.413017
1.30045,1299,346.7137,324.471161,5,6.456642
1.30167,1300,346.7137,324.4769,5,6.260326
1.30349,1301,346.7137,324.484222,5,6.467549
1.30353,1302,346.7137,324.49057,5,6.445736
1.30535,1303,346.7137,324.4962,5,6.353031
1.30539,1304,346.7137,324.5027,5,6.32031155
1.30656,1305,346.7137,324.509766,5,6.445736
1.30857,1306,346.7137,324.516418,5,6.353031
1.30861,1307,346.7137,324.521881,5,6.309405
1.30965,1308,346.7137,324.52887,5,6.445736
1.31150,1309,346.7137,324.5352,5,6.271232
1.31154,1310,346.7137,324.5417,5,6.34212446
1.31338,1311,346.7137,324.547424,5,6.309405
1.31343,1312,346.7137,324.5542,5,6.413017
1.31455,1313,346.7137,324.560638,5,6.287592
1.31644,1314,346.7137,324.567078,5,6.3748436
1.31647,1315,346.7137,324.572968,5,6.353031
1.31766,1316,346.7137,324.579132,5,6.271232
1.31949,1317,346.7137,324.586243,5,6.309405
1.31953,1318,346.7137,324.5922,5,6.32031155
1.32135,1319,346.7137,324.5983,5,6.32031155
1.32138,1320,346.7137,324.604218,5,6.2276063
1.32255,1321,346.7137,324.611725,5,6.3748436
1.32441,1322,346.7137,324.617584,5,6.298498
1.32444,1323,346.7137,324.623566,5,6.3748436
1.32565,1324,346.7137,324.6299,5,6.331218
1.32750,1325,346.7137,324.636963,5,6.434829
1.32754,1326,346.7137,324.642853,5,6.260326
1.32934,1327,346.7137,324.648743,5,6.287592
1.32936,1328,346.7137,324.662048,5,6.32031155
1.33056,1329,346.7137,324.668152,5,6.309405
1.33244,1330,346.7137,324.6741,5,6.287592
1.33247,1331,346.7137,324.681183,5,6.413017
1.33365,1332,346.7137,324.687134,5,6.249419
1.33548,1333,346.7137,324.693665,5,6.353031
1.33551,1334,346.7137,324.699982,5,6.39665651
1.33734,1335,346.7137,324.7067,5,6.467549
1.33736,1336,346.7137,324.712646,5,6.331218
1.33855,1337,346.7137,324.718842,5,6.353031
1.34040,1338,346.7137,324.725647,5,6.34212446
1.34043,1339,346.7137,324.731873,5,6.34212446
1.34172,1340,346.7137,324.738159,5,6.36393738
1.34346,1341,346.7137,324.744232,5,6.32031155
1.34349,1342,346.7137,324.751221,5,6.434829
1.34534,1343,346.7137,324.757172,5,6.287592
1.34538,1344,346.7137,324.763733,5,6.3748436
1.34658,1345,346.7137,324.77005,5,6.3748436
1.34842,1346,346.7137,324.776459,5,6.413017
1.34845,1347,346.7137,324.7825,5,6.23851252
1.34967,1348,346.7137,324.7892,5,6.3748436
1.35148,1349,346.7137,324.795624,5,6.39665651
1.35152,1350,346.7137,324.801361,5,6.271232
1.35336,1351,346.7137,324.8082,5,6.331218
1.35338,1352,346.7137,324.81485,5,6.413017
1.35456,1353,346.7137,324.82132,5,6.423923
1.35675,1354,346.7137,324.826416,5,6.205793
1.35681,1355,346.7137,324.8339,5,6.413017
1.35767,1356,346.7137,324.840179,5,6.331218
1.35951,1357,346.7137,324.846161,5,6.32031155
1.35957,1358,346.7137,324.852081,5,6.32031155
1.36134,1359,346.7137,324.859,5,6.3748436
1.36137,1360,346.7137,324.865417,5,6.249419
1.36256,1361,346.7137,324.871338,5,6.298498
1.36438,1362,346.7137,324.877716,5,6.36393738
1.36440,1363,346.7137,324.884064,5,6.298498
1.36564,1364,346.7137,324.8909,5,6.331218
1.36748,1365,346.7137,324.897064,5,6.32031155
1.36752,1366,346.7137,324.902954,5,6.36393738
1.36933,1367,346.7137,324.90918,5,6.2276063
1.36936,1368,346.7137,324.91626,5,6.3748436
1.37055,1369,346.7137,324.922333,5,6.260326
1.37243,1370,346.7137,324.928284,5,6.309405
1.37245,1371,346.7137,324.934631,5,6.23851252
1.37364,1372,346.7137,324.941925,5,6.353031
1.37548,1373,346.7137,324.9482,5,6.331218
1.37551,1374,346.7137,324.9536,5,6.309405
1.37733,1375,346.7137,324.9613,5,6.413017
1.37735,1376,346.7137,324.967255,5,6.309405
1.37858,1377,346.7137,324.973328,5,6.309405
1.38048,1378,346.7137,324.979431,5,6.271232
1.38051,1379,346.7137,324.986572,5,6.413017
1.38165,1380,346.7137,324.992523,5,6.23851252
1.38349,1381,346.7137,324.998474,5,6.32031155
1.38352,1382,346.7137,325.005035,5,6.309405
1.38532,1383,346.7137,325.011536,5,6.353031
1.38534,1384,346.7137,325.0178,5,6.2276063
1.38656,1385,346.7137,325.024,5,6.331218
1.38838,1386,346.7137,325.0305,5,6.445736
1.38840,1387,346.7137,325.036438,5,6.353031
1.38974,1388,346.7137,325.0427,5,6.353031
1.39148,1389,346.7137,325.048859,5,6.271232
1.39151,1390,346.7137,325.0559,5,6.38575029
1.39332,1391,346.7137,325.061859,5,6.298498
1.39334,1392,346.7137,325.068146,5,6.38575029
1.39462,1393,346.7137,325.0751,5,6.353031
1.39645,1394,346.7137,325.081238,5,6.423923
1.39651,1395,346.7137,325.0874,5,6.32031155
1.39764,1396,346.7137,325.09375,5,6.38575029
1.39948,1397,346.7137,325.100555,5,6.456642
1.39951,1398,346.7137,325.1063,5,6.331218
1.40132,1399,346.7137,325.1131,5,6.34212446
1.40135,1400,346.7137,325.119446,5,6.38575029
1.40255,1401,346.7137,325.125824,5,6.423923
1.40443,1402,346.7137,325.131561,5,6.2276063
1.40445,1403,346.7137,325.138824,5,6.423923
1.40564,1404,346.7137,325.1451,5,6.39665651
1.40747,1405,346.7137,325.150665,5,6.34212446
1.40749,1406,346.7137,325.157166,5,6.260326
1.40932,1407,346.7137,325.164154,5,6.423923
1.40934,1408,346.7137,325.170441,5,6.32031155
1.41058,1409,346.7137,325.175842,5,6.271232
1.41244,1410,346.7137,325.18277,5,6.38575029
1.41246,1411,346.7137,325.1891,5,6.260326
1.41365,1412,346.7137,325.1956,5,6.287592
1.41547,1413,346.7137,325.201233,5,6.260326
1.41548,1414,346.7137,325.207977,5,6.3748436
1.41731,1415,346.7137,325.2143,5,6.23851252
1.41734,1416,346.7137,325.2209,5,6.34212446
1.41857,1417,346.7137,325.226685,5,6.309405
1.42041,1418,346.7137,325.2328,5,6.298498
1.42043,1419,346.7137,325.239716,5,6.23851252
1.42165,1420,346.7137,325.24588,5,6.32031155
1.42350,1421,346.7137,325.251831,5,6.271232
1.42355,1422,346.7137,325.25766,5,6.2166996
1.42535,1423,346.7137,325.2651,5,6.298498
1.42538,1424,346.7137,325.271057,5,6.287592
1.42658,1425,346.7137,325.2831,5,6.260326
1.42842,1426,346.7137,325.290344,5,6.413017
1.42845,1427,346.7137,325.296143,5,6.2166996
1.42965,1428,346.7137,325.3021,5,6.260326
1.43150,1429,346.7137,325.309143,5,6.298498
1.43153,1430,346.7137,325.3157,5,6.331218
1.43334,1431,346.7137,325.321747,5,6.249419
1.43339,1432,346.7137,325.3272,5,6.260326
1.43457,1433,346.7137,325.334564,5,6.353031
1.43642,1434,346.7137,325.340546,5,6.260326
1.43646,1435,346.7137,325.347076,5,6.271232
1.43764,1436,346.7137,325.3532,5,6.331218
1.43963,1437,346.7137,325.360077,5,6.456642
1.43965,1438,346.7137,325.365875,5,6.298498
1.44141,1439,346.7137,325.3722,5,6.331218
1.44143,1440,346.7137,325.378662,5,6.271232
1.44257,1441,346.7137,325.3852,5,6.353031
1.44444,1442,346.7137,325.3913,5,6.287592
1.44447,1443,346.7137,325.3973,5,6.32031155
1.44565,1444,346.7137,325.404236,5,6.331218
1.44747,1445,346.7137,325.410217,5,6.309405
1.44751,1446,346.7137,325.4167,5,6.298498
1.44929,1447,346.7137,325.422852,5,6.331218
1.44930,1448,346.7137,325.429565,5,6.423923
1.45055,1449,346.7137,325.4352,5,6.2166996
1.45240,1450,346.7137,325.442047,5,6.32031155
1.45243,1451,346.7137,325.4483,5,6.331218
1.45364,1452,346.7137,325.4544,5,6.331218
1.45548,1453,346.7137,325.460571,5,6.205793
1.45552,1454,346.7137,325.46756,5,6.38575029
1.45730,1455,346.7137,325.473846,5,6.3748436
1.45732,1456,346.7137,325.479126,5,6.23851252
1.45857,1457,346.7137,325.486176,5,6.287592
1.46040,1458,346.7137,325.492737,5,6.353031
1.46042,1459,346.7137,325.498962,5,6.298498
1.46169,1460,346.7137,325.504425,5,6.249419
1.46348,1461,346.7137,325.5115,5,6.38575029
1.46350,1462,346.7137,325.518219,5,6.2166996
1.46529,1463,346.7137,325.524078,5,6.298498
1.46530,1464,346.7137,325.529968,5,6.271232
1.46655,1465,346.7137,325.53656,5,6.36393738
1.46839,1466,346.7137,325.5431,5,6.23851252
1.46844,1467,346.7137,325.549316,5,6.331218
1.46964,1468,346.7137,325.555267,5,6.331218
1.47151,1469,346.7137,325.5614,5,6.249419
1.47155,1470,346.7137,325.568542,5,6.287592
1.47331,1471,346.7137,325.574341,5,6.298498
1.47333,1472,346.7137,325.58078,5,6.298498
1.47458,1473,346.7137,325.5864,5,6.19488668
1.47640,1474,346.7137,325.593872,5,6.331218
1.47641,1475,346.7137,325.600037,5,6.271232
1.47767,1476,346.7137,325.6059,5,6.34212446
1.47946,1477,346.7137,325.6125,5,6.298498
1.47950,1478,346.7137,325.619263,5,6.38575029
1.48133,1479,346.7137,325.625153,5,6.2166996
1.48135,1480,346.7137,325.630951,5,6.260326
1.48258,1481,346.7137,325.638,5,6.32031155
1.48437,1482,346.7137,325.644531,5,6.287592
1.48438,1483,346.7137,325.649933,5,6.271232
1.48567,1484,346.7137,325.6558,5,6.23851252
1.48748,1485,346.7137,325.662842,5,6.36393738
1.48751,1486,346.7137,325.6687,5,6.2166996
1.48933,1487,346.7137,325.6752,5,6.271232
1.48936,1488,346.7137,325.6815,5,6.331218
1.49057,1489,346.7137,325.688141,5,6.434829
1.49242,1490,346.7137,325.694031,5,6.287592
1.49244,1491,346.7137,325.700226,5,6.32031155
1.49365,1492,346.7137,325.707367,5,6.260326
1.49548,1493,346.7137,325.7132,5,6.309405
1.49550,1494,346.7137,325.7194,5,6.298498
1.49729,1495,346.7137,325.725739,5,6.287592
1.49731,1496,346.7137,325.732727,5,6.353031
1.49857,1497,346.7137,325.7386,5,6.271232
1.50039,1498,346.7137,325.745117,5,6.298498
1.50041,1499,346.7137,325.751343,5,6.32031155
1.50164,1500,346.7137,325.7578,5,6.39665651
1.50349,1501,346.7137,325.7637,5,6.19488668
1.50354,1502,346.7137,325.770416,5,6.32031155
1.50532,1503,346.7137,325.7768,5,6.34212446
1.50535,1504,346.7137,325.7826,5,6.298498
1.50657,1505,346.7137,325.789124,5,6.2166996
1.50838,1506,346.7137,325.7959,5,6.3748436
1.50840,1507,346.7137,325.802063,5,6.3748436
1.50964,1508,346.7137,325.807434,5,6.205793
1.51146,1509,346.7137,325.814728,5,6.309405
1.51148,1510,346.7137,325.821075,5,6.32031155
1.51330,1511,346.7137,325.827148,5,6.298498
1.51331,1512,346.7137,325.832825,5,6.249419
1.51457,1513,346.7137,325.8398,5,6.3748436
1.51639,1514,346.7137,325.84613,5,6.205793
1.51640,1515,346.7137,325.852142,5,6.287592
1.51767,1516,346.7137,325.858368,5,6.287592
1.51948,1517,346.7137,325.8648,5,6.34212446
1.51950,1518,346.7137,325.871521,5,6.249419
1.52130,1519,346.7137,325.8774,5,6.331218
1.52132,1520,346.7137,325.883575,5,6.34212446
1.52261,1521,346.7137,325.88974,5,6.2276063
1.52440,1522,346.7137,325.897278,5,6.32031155
1.52441,1523,346.7137,325.902527,5,6.271232
1.52566,1524,346.7137,325.90863,5,6.298498
1.52746,1525,346.7137,325.914917,5,6.19488668
1.52748,1526,346.7137,325.922119,5,6.34212446
1.52934,1527,346.7137,325.933716,5,6.331218
1.52937,1528,346.7137,325.940582,5,6.309405
1.53061,1529,346.7137,325.947083,5,6.3748436
1.53239,1530,346.7137,325.9531,5,6.2276063
1.53240,1531,346.7137,325.958862,5,6.23851252
1.53365,1532,346.7137,325.966,5,6.34212446
1.53547,1533,346.7137,325.972015,5,6.260326
1.53549,1534,346.7137,325.978119,5,6.271232
1.53731,1535,346.7137,325.984161,5,6.23851252
1.53735,1536,346.7137,325.991119,5,6.353031
1.53858,1537,346.7137,325.997,5,6.19488668
1.54040,1538,346.7137,326.003418,5,6.287592
1.54043,1539,346.7137,326.009918,5,6.34212446
1.54165,1540,346.7137,326.0163,5,6.413017
1.54346,1541,346.7137,326.022339,5,6.271232
1.54348,1542,346.7137,326.0284,5,6.287592
1.54530,1543,346.7137,326.035339,5,6.271232
1.54532,1544,346.7137,326.0413,5,6.298498
1.54655,1545,346.7137,326.047638,5,6.309405
1.54841,1546,346.7137,326.053619,5,6.271232
1.54844,1547,346.7137,326.0606,5,6.36393738
1.54972,1548,346.7137,326.066437,5,6.249419
1.55147,1549,346.7137,326.072937,5,6.309405
1.55148,1550,346.7137,326.079224,5,6.32031155
1.55333,1551,346.7137,326.085876,5,6.38575029
1.55336,1552,346.7137,326.091583,5,6.18398
1.55456,1553,346.7137,326.098175,5,6.331218
1.55648,1554,346.7137,326.1046,5,6.34212446
1.55651,1555,346.7137,326.11026,5,6.260326
1.55767,1556,346.7137,326.117035,5,6.2276063
1.55946,1557,346.7137,326.123627,5,6.353031
1.55948,1558,346.7137,326.12973,5,6.36393738
1.56134,1559,346.7137,326.135559,5,6.18398
1.56136,1560,346.7137,326.142944,5,6.32031155
1.56256,1561,346.7137,326.1492,5,6.309405
1.56440,1562,346.7137,326.15506,5,6.287592
1.56442,1563,346.7137,326.161,5,6.23851252
1.56568,1564,346.7137,326.167847,5,6.353031
1.56747,1565,346.7137,326.174225,5,6.18398
1.56750,1566,346.7137,326.180054,5,6.271232
1.56929,1567,346.7137,326.1864,5,6.287592
1.56930,1568,346.7137,326.192719,5,6.309405
1.57055,1569,346.7137,326.199524,5,6.249419
1.57238,1570,346.7137,326.2053,5,6.287592
1.57239,1571,346.7137,326.211456,5,6.32031155
1.57368,1572,346.7137,326.217621,5,6.19488668
1.57547,1573,346.7137,326.224731,5,6.287592
1.57550,1574,346.7137,326.230316,5,6.249419
1.57730,1575,346.7137,326.2363,5,6.260326
1.57733,1576,346.7137,326.2428,5,6.173074
1.57856,1577,346.7137,326.250153,5,6.309405
1.58038,1578,346.7137,326.256042,5,6.249419
1.58040,1579,346.7137,326.261719,5,6.309405
1.58165,1580,346.7137,326.268829,5,6.298498
1.58346,1581,346.7137,326.275,5,6.34212446
1.58347,1582,346.7137,326.281036,5,6.205793
1.58530,1583,346.7137,326.286865,5,6.2276063
1.58532,1584,346.7137,326.294037,5,6.32031155
1.58655,1585,346.7137,326.299561,5,6.23851252
1.58838,1586,346.7137,326.305634,5,6.260326
1.58839,1587,346.7137,326.311676,5,6.2166996
1.58985,1588,346.7137,326.318573,5,6.331218
1.59146,1589,346.7137,326.324463,5,6.18398
1.59149,1590,346.7137,326.330841,5,6.249419
1.59330,1591,346.7137,326.3373,5,6.309405
1.59331,1592,346.7137,326.343628,5,6.38575029
1.59458,1593,346.7137,326.3496,5,6.23851252
1.59639,1594,346.7137,326.355652,5,6.249419
1.59641,1595,346.7137,326.362518,5,6.2276063
1.59765,1596,346.7137,326.368469,5,6.249419
1.59945,1597,346.7137,326.374725,5,6.260326
1.59947,1598,346.7137,326.380676,5,6.249419
1.60131,1599,346.7137,326.387573,5,6.309405
1.60134,1600,346.7137,326.393433,5,6.205793
1.60255,1601,346.7137,326.3999,5,6.23851252
1.60439,1602,346.7137,326.406067,5,6.271232
1.60441,1603,346.7137,326.412476,5,6.353031
1.60566,1604,346.7137,326.418427,5,6.16216755
1.60747,1605,346.7137,326.425079,5,6.298498
1.60748,1606,346.7137,326.4314,5,6.298498
1.60934,1607,346.7137,326.437134,5,6.260326
1.60936,1608,346.7137,326.443756,5,6.18398
1.61056,1609,346.7137,326.4504,5,6.353031
1.61239,1610,346.7137,326.456573,5,6.34212446
1.61241,1611,346.7137,326.461884,5,6.19488668
1.61364,1612,346.7137,326.469238,5,6.271232
1.61547,1613,346.7137,326.475525,5,6.309405
1.61549,1614,346.7137,326.481567,5,6.271232
1.61735,1615,346.7137,326.4872,5,6.23851252
1.61738,1616,346.7137,326.4942,5,6.353031
1.61855,1617,346.7137,326.500519,5,6.19488668
1.62040,1618,346.7137,326.506531,5,6.271232
1.62044,1619,346.7137,326.5131,5,6.249419
1.62165,1620,346.7137,326.51944,5,6.32031155
1.62347,1621,346.7137,326.525757,5,6.2166996
1.62352,1622,346.7137,326.531677,5,6.298498
1.62532,1623,346.7137,326.538177,5,6.298498
1.62534,1624,346.7137,326.544281,5,6.2166996
1.62656,1625,346.7137,326.557037,5,6.260326
1.62840,1626,346.7137,326.56308,5,6.260326
1.62842,1627,346.7137,326.56308,5,6.260326
1.62967,1628,346.7137,326.576569,5,6.298498
1.63148,1629,346.7137,326.582336,5,6.249419
1.63151,1630,346.7137,326.582336,5,6.249419
1.63332,1631,346.7137,326.5949,5,6.260326
1.63334,1632,346.7137,326.601349,5,6.353031
1.63457,1633,346.7137,326.6073,5,6.19488668
1.63639,1634,346.7137,326.613068,5,6.2276063
1.63641,1635,346.7137,326.620178,5,6.271232
1.63765,1636,346.7137,326.6262,5,6.260326
1.63981,1637,346.7137,326.6323,5,6.2276063
1.63996,1638,346.7137,326.6382,5,6.2166996
1.64131,1639,346.7137,326.645172,5,6.331218
1.64133,1640,346.7137,326.6511,5,6.205793
1.64257,1641,346.7137,326.657471,5,6.23851252
1.64441,1642,346.7137,326.663849,5,6.309405
1.64444,1643,346.7137,326.670349,5,6.39665651
1.64566,1644,346.7137,326.676239,5,6.249419
1.64746,1645,346.7137,326.682373,5,6.287592
1.64749,1646,346.7137,326.689148,5,6.2276063
1.64930,1647,346.7137,326.695221,5,6.287592
1.64931,1648,346.7137,326.701477,5,6.249419
1.65055,1649,346.7137,326.707428,5,6.271232
1.65241,1650,346.7137,326.714355,5,6.287592
1.65243,1651,346.7137,326.720184,5,6.249419
1.65364,1652,346.7137,326.726654,5,6.249419
1.65546,1653,346.7137,326.732819,5,6.271232
1.65549,1654,346.7137,326.7393,5,6.36393738
1.65737,1655,346.7137,326.7451,5,6.173074
1.65741,1656,346.7137,326.7518,5,6.260326
1.65859,1657,346.7137,326.7581,5,6.287592
1.66044,1658,346.7137,326.7639,5,6.271232
1.66047,1659,346.7137,326.770355,5,6.16216755
1.66165,1660,346.7137,326.7771,5,6.331218
1.66349,1661,346.7137,326.7833,5,6.32031155
1.66351,1662,346.7137,326.788544,5,6.2276063
1.66533,1663,346.7137,326.795715,5,6.2166996
1.66536,1664,346.7137,326.8021,5,6.309405
1.66658,1665,346.7137,326.8082,5,6.249419
1.66841,1666,346.7137,326.813721,5,6.2166996
1.66844,1667,346.7137,326.820679,5,6.32031155
1.66964,1668,346.7137,326.8269,5,6.18398
1.67146,1669,346.7137,326.833038,5,6.2166996
1.67147,1670,346.7137,326.839,5,6.2166996
1.67332,1671,346.7137,326.8459,5,6.309405
1.67334,1672,346.7137,326.85202,5,6.18398
1.67460,1673,346.7137,326.858154,5,6.287592
1.67640,1674,346.7137,326.864532,5,6.260326
1.67643,1675,346.7137,326.870544,5,6.2276063
1.67764,1676,346.7137,326.8679,5,6.173074
1.67947,1677,346.7137,326.883331,5,6.271232
1.67949,1678,346.7137,326.889771,5,6.2276063
1.68131,1679,346.7137,326.8958,5,6.18398
1.68134,1680,346.7137,326.903168,5,6.23851252
1.68256,1681,346.7137,326.9089,5,6.249419
1.68439,1682,346.7137,326.914,5,6.309405
1.68442,1683,346.7137,326.920319,5,6.2166996
1.68564,1684,346.7137,326.927277,5,6.353031
1.68749,1685,346.7137,326.933075,5,6.18398
1.68753,1686,346.7137,326.9392,5,6.2276063
1.68934,1687,346.7137,326.946136,5,6.2276063
1.68936,1688,346.7137,326.952057,5,6.309405
1.69057,1689,346.7137,326.9585,5,6.19488668
1.69244,1690,346.7137,326.964264,5,6.2276063
1.69248,1691,346.7137,326.971283,5,6.271232
1.69366,1692,346.7137,326.977173,5,6.23851252
1.69548,1693,346.7137,326.9836,5,6.205793
1.69552,1694,346.7137,326.989746,5,6.287592
1.69734,1695,346.7137,326.9965,5,6.38575029
1.69738,1696,346.7137,327.0023,5,6.249419
1.69857,1697,346.7137,327.008453,5,6.271232
1.70040,1698,346.7137,327.014954,5,6.19488668
1.70042,1699,346.7137,327.021332,5,6.298498
1.70164,1700,346.7137,327.0274,5,6.205793
1.70348,1701,346.7137,327.033356,5,6.271232
1.70353,1702,346.7137,327.0402,5,6.23851252
1.70532,1703,346.7137,327.046143,5,6.271232
1.70539,1704,346.7137,327.052551,5,6.2166996
1.70666,1705,346.7137,327.0587,5,6.271232
1.70841,1706,346.7137,327.065338,5,6.34212446
1.70845,1707,346.7137,327.0709,5,6.2276063
1.70966,1708,346.7137,327.0777,5,6.205793
1.71149,1709,346.7137,327.083923,5,6.271232
1.71152,1710,346.7137,327.09,5,6.298498
1.71333,1711,346.7137,327.095978,5,6.134901
1.71337,1712,346.7137,327.103,5,6.287592
1.71457,1713,346.7137,327.109222,5,6.309405
1.71641,1714,346.7137,327.114532,5,6.287592
1.71644,1715,346.7137,327.1213,5,6.14580727
1.71764,1716,346.7137,327.12793,5,6.331218
1.71948,1717,346.7137,327.1342,5,6.2276063
1.71951,1718,346.7137,327.139526,5,6.2166996
1.72130,1719,346.7137,327.146454,5,6.271232
1.72132,1720,346.7137,327.152618,5,6.2276063
1.72256,1721,346.7137,327.159058,5,6.18398
1.72440,1722,346.7137,327.164642,5,6.205793
1.72442,1723,346.7137,327.171356,5,6.298498
1.72568,1724,346.7137,327.177582,5,6.19488668
1.72748,1725,346.7137,327.184082,5,6.260326
1.72750,1726,346.7137,327.195923,5,6.260326
1.72932,1727,346.7137,327.202667,5,6.12399435
1.72934,1728,346.7137,327.2089,5,6.271232
1.73055,1729,346.7137,327.214722,5,6.18398
1.73254,1730,346.7137,327.22052,5,6.2166996
1.73258,1731,346.7137,327.227844,5,6.16216755
1.73366,1732,346.7137,327.233856,5,6.260326
1.73549,1733,346.7137,327.2398,5,6.249419
1.73552,1734,346.7137,327.245667,5,6.23851252
1.73730,1735,346.7137,327.25293,5,6.309405
1.73732,1736,346.7137,327.258636,5,6.2276063
1.73859,1737,346.7137,327.2646,5,6.205793
1.74045,1738,346.7137,327.270844,5,6.18398
1.74049,1739,346.7137,327.2777,5,6.309405
1.74166,1740,346.7137,327.283539,5,6.173074
1.74350,1741,346.7137,327.2894,5,6.2276063
1.74356,1742,346.7137,327.296051,5,6.205793
1.74533,1743,346.7137,327.302277,5,6.271232
1.74537,1744,346.7137,327.308563,5,6.134901
1.74655,1745,346.7137,327.314575,5,6.249419
1.74844,1746,346.7137,327.3215,5,6.32031155
1.74847,1747,346.7137,327.327637,5,6.309405
1.74964,1748,346.7137,327.333923,5,6.260326
1.75147,1749,346.7137,327.339935,5,6.205793
1.75149,1750,346.7137,327.3468,5,6.249419
1.75333,1751,346.7137,327.3527,5,6.2166996
1.75335,1752,346.7137,327.358765,5,6.249419
1.75456,1753,346.7137,327.365173,5,6.19488668
1.75656,1754,346.7137,327.371582,5,6.298498
1.75662,1755,346.7137,327.377655,5,6.173074
1.75766,1756,346.7137,327.38385,5,6.249419
1.75950,1757,346.7137,327.390472,5,6.271232
1.75954,1758,346.7137,327.396118,5,6.298498
1.76136,1759,346.7137,327.40274,5,6.134901
1.76139,1760,346.7137,327.408966,5,6.260326
1.76256,1761,346.7137,327.415344,5,6.271232
1.76444,1762,346.7137,327.420868,5,6.18398
1.76447,1763,346.7137,327.427979,5,6.19488668
1.76565,1764,346.7137,327.4342,5,6.298498
1.76749,1765,346.7137,327.439972,5,6.298498
1.76752,1766,346.7137,327.4458,5,6.12399435
1.76932,1767,346.7137,327.452942,5,6.249419
1.76935,1768,346.7137,327.459076,5,6.2276063
1.77057,1769,346.7137,327.464722,5,6.2166996
1.77239,1770,346.7137,327.470947,5,6.19488668
1.77243,1771,346.7137,327.477539,5,6.287592
1.77366,1772,346.7137,327.483978,5,6.134901
1.77550,1773,346.7137,327.489563,5,6.205793
1.77557,1774,346.7137,327.496033,5,6.2166996
1.77733,1775,346.7137,327.5022,5,6.23851252
1.77736,1776,346.7137,327.509338,5,6.16216755
1.77859,1777,346.7137,327.514923,5,6.2276063
1.78042,1778,346.7137,327.521118,5,6.249419
1.78044,1779,346.7137,327.5283,5,6.19488668
1.78166,1780,346.7137,327.534546,5,6.19488668
1.78349,1781,346.7137,327.5401,5,6.18398
1.78351,1782,346.7137,327.545929,5,6.102182
1.78534,1783,346.7137,327.552643,5,6.205793
1.78537,1784,346.7137,327.558624,5,6.205793
1.78655,1785,346.7137,327.564423,5,6.18398
1.78842,1786,346.7137,327.570068,5,6.260326
1.78843,1787,346.7137,327.576935,5,6.205793
1.78978,1788,346.7137,327.583221,5,6.298498
1.79147,1789,346.7137,327.589233,5,6.14580727
1.79149,1790,346.7137,327.594971,5,6.19488668
1.79335,1791,346.7137,327.6021,5,6.23851252
1.79339,1792,346.7137,327.608063,5,6.260326
1.79460,1793,346.7137,327.614136,5,6.2166996
1.79644,1794,346.7137,327.620117,5,6.2166996
1.79647,1795,346.7137,327.627075,5,6.309405
1.79766,1796,346.7137,327.6329,5,6.2166996
1.79948,1797,346.7137,327.639343,5,6.2166996
1.79952,1798,346.7137,327.645782,5,6.287592
1.80133,1799,346.7137,327.65213,5,6.39665651
1.80135,1800,346.7137,327.658081,5,6.23851252
1.80255,1801,346.7137,327.664124,5,6.271232
1.80441,1802,346.7137,327.670929,5,6.19488668
1.80444,1803,346.7137,327.676971,5,6.287592
1.80565,1804,346.7137,327.683167,5,6.2166996
1.80748,1805,346.7137,327.689117,5,6.260326
1.80752,1806,346.7137,327.695984,5,6.260326
1.80932,1807,346.7137,327.701752,5,6.23851252
1.80937,1808,346.7137,327.708618,5,6.2166996
1.81056,1809,346.7137,327.714783,5,6.260326
1.81240,1810,346.7137,327.72113,5,6.32031155
1.81243,1811,346.7137,327.72702,5,6.173074
1.81368,1812,346.7137,327.7336,5,6.205793
1.81548,1813,346.7137,327.739868,5,6.23851252
1.81552,1814,346.7137,327.74527,5,6.249419
1.81734,1815,346.7137,327.752,5,6.102182
1.81738,1816,346.7137,327.758728,5,6.249419
1.81855,1817,346.7137,327.764832,5,6.260326
1.82041,1818,346.7137,327.77005,5,6.2166996
1.82043,1819,346.7137,327.77713,5,6.113088
1.82165,1820,346.7137,327.783447,5,6.271232
1.82350,1821,346.7137,327.789581,5,6.18398
1.82354,1822,346.7137,327.794952,5,6.173074
1.82534,1823,346.7137,327.8019,5,6.2276063
1.82536,1824,346.7137,327.808,5,6.16216755
1.82656,1825,346.7137,327.81424,5,6.14580727
1.82839,1826,346.7137,327.82,5,6.16216755
1.82841,1827,346.7137,327.8266,5,6.249419
1.82966,1828,346.7137,327.8329,5,6.14580727
1.83148,1829,346.7137,327.84494,5,6.2166996
1.83152,1830,346.7137,327.84494,5,6.2166996
1.83333,1831,346.7137,327.85788,5,6.091275
1.83337,1832,346.7137,327.863831,5,6.23851252
1.83458,1833,346.7137,327.869751,5,6.173074
1.83638,1834,346.7137,327.875519,5,6.19488668
1.83640,1835,346.7137,327.8829,5,6.134901
1.83766,1836,346.7137,327.8888,5,6.23851252
1.83989,1837,346.7137,327.894745,5,6.2276063
1.83996,1838,346.7137,327.900635,5,6.2166996
1.84133,1839,346.7137,327.907837,5,6.271232
1.84137,1840,346.7137,327.913483,5,6.205793
1.84256,1841,346.7137,327.9194,5,6.18398
1.84444,1842,346.7137,327.9258,5,6.173074
1.84447,1843,346.7137,327.932526,5,6.287592
1.84566,1844,346.7137,327.938416,5,6.14580727
1.84747,1845,346.7137,327.944122,5,6.2166996
1.84749,1846,346.7137,327.950867,5,6.18398
1.84936,1847,346.7137,327.957,5,6.260326
1.84941,1848,346.7137,327.963257,5,6.113088
1.85057,1849,346.7137,327.9693,5,6.2166996
1.85242,1850,346.7137,327.976135,5,6.287592
1.85246,1851,346.7137,327.981873,5,6.298498
1.85365,1852,346.7137,327.9881,5,6.2276063
1.85546,1853,346.7137,327.994141,5,6.205793
1.85549,1854,346.7137,328.001,5,6.2166996
1.85731,1855,346.7137,328.006775,5,6.205793
1.85733,1856,346.7137,328.012939,5,6.2276063
1.85857,1857,346.7137,328.019226,5,6.18398
1.86042,1858,346.7137,328.0257,5,6.260326
1.86045,1859,346.7137,328.031677,5,6.16216755
1.86165,1860,346.7137,328.0379,5,6.2166996
1.86356,1861,346.7137,328.044464,5,6.23851252
1.86360,1862,346.7137,328.050171,5,6.298498
1.86533,1863,346.7137,328.056641,5,6.113088
1.86536,1864,346.7137,328.0629,5,6.23851252
1.86658,1865,346.7137,328.069275,5,6.23851252
1.86841,1866,346.7137,328.074738,5,6.18398
1.86844,1867,346.7137,328.081726,5,6.134901
1.86964,1868,346.7137,328.088,5,6.271232
1.87148,1869,346.7137,328.093872,5,6.271232
1.87152,1870,346.7137,328.099457,5,6.12399435
1.87336,1871,346.7137,328.10672,5,6.19488668
1.87338,1872,346.7137,328.112854,5,6.19488668
1.87466,1873,346.7137,328.118866,5,6.173074
1.87640,1874,346.7137,328.125458,5,6.260326
1.87642,1875,346.7137,328.131958,5,6.113088
1.87767,1876,346.7137,328.1384,5,6.18398
1.87948,1877,346.7137,328.143982,5,6.18398
1.87949,1878,346.7137,328.150452,5,6.249419
1.88134,1879,346.7137,328.156616,5,6.14580727
1.88137,1880,346.7137,328.1638,5,6.23851252
1.88258,1881,346.7137,328.168976,5,6.2276063
1.88441,1882,346.7137,328.1752,5,6.173074
1.88443,1883,346.7137,328.1813,5,6.14580727
1.88567,1884,346.7137,328.188232,5,6.2166996
1.88747,1885,346.7137,328.194122,5,6.18398
1.88750,1886,346.7137,328.200043,5,6.134901
1.88933,1887,346.7137,328.205658,5,6.19488668
1.88935,1888,346.7137,328.2134,5,6.205793
1.89058,1889,346.7137,328.219238,5,6.271232
1.89245,1890,346.7137,328.224152,5,6.19488668
1.89249,1891,346.7137,328.2309,5,6.298498
1.89365,1892,346.7137,328.237671,5,6.134901
1.89549,1893,346.7137,328.243622,5,6.173074
1.89551,1894,346.7137,328.2493,5,6.19488668
1.89733,1895,346.7137,328.256378,5,6.249419
1.89735,1896,346.7137,328.2623,5,6.14580727
1.89856,1897,346.7137,328.268372,5,6.19488668
1.90040,1898,346.7137,328.2742,5,6.205793
1.90043,1899,346.7137,328.281158,5,6.19488668
1.90165,1900,346.7137,328.286957,5,6.14580727
1.90348,1901,346.7137,328.293335,5,6.2276063
1.90350,1902,346.7137,328.299622,5,6.34212446
1.90535,1903,346.7137,328.306061,5,6.23851252
1.90537,1904,346.7137,328.311951,5,6.2276063
1.90656,1905,346.7137,328.318024,5,6.16216755
1.90842,1906,346.7137,328.324646,5,6.249419
1.90846,1907,346.7137,328.3308,5,6.173074
1.90964,1908,346.7137,328.337341,5,6.23851252
1.91149,1909,346.7137,328.3428,5,6.18398
1.91152,1910,346.7137,328.34964,5,6.249419
1.91333,1911,346.7137,328.355469,5,6.16216755
1.91335,1912,346.7137,328.3619,5,6.2276063
1.91456,1913,346.7137,328.367981,5,6.287592
1.91642,1914,346.7137,328.374542,5,6.2276063
1.91645,1915,346.7137,328.380127,5,6.14580727
1.91765,1916,346.7137,328.386871,5,6.23851252
1.91948,1917,346.7137,328.393066,5,6.249419
1.91950,1918,346.7137,328.399323,5,6.113088
1.92132,1919,346.7137,328.40506,5,6.205793
1.92135,1920,346.7137,328.411957,5,6.271232
1.92257,1921,346.7137,328.418152,5,6.271232
1.92441,1922,346.7137,328.4234,5,6.091275
1.92445,1923,346.7137,328.4301,5,6.260326
1.92566,1924,346.7137,328.436768,5,6.19488668
1.92750,1925,346.7137,328.4429,5,6.19488668
1.92755,1926,346.7137,328.448242,5,6.19488668
1.92930,1927,346.7137,328.455048,5,6.2276063
1.92932,1928,346.7137,328.467621,5,6.173074
1.93057,1929,346.7137,328.473175,5,6.2166996
1.93242,1930,346.7137,328.4798,5,6.18398
1.93244,1931,346.7137,328.485962,5,6.16216755
1.93365,1932,346.7137,328.492462,5,6.205793
1.93549,1933,346.7137,328.498138,5,6.2276063
1.93552,1934,346.7137,328.504181,5,6.102182
1.93733,1935,346.7137,328.5108,5,6.19488668
1.93735,1936,346.7137,328.51712,5,6.16216755
1.93859,1937,346.7137,328.5229,5,6.173074
1.94041,1938,346.7137,328.528564,5,6.08036852
1.94043,1939,346.7137,328.535645,5,6.19488668
1.94165,1940,346.7137,328.54187,5,6.173074
1.94348,1941,346.7137,328.5478,5,6.2276063
1.94352,1942,346.7137,328.5534,5,6.19488668
1.94530,1943,346.7137,328.5606,5,6.249419
1.94532,1944,346.7137,328.5664,5,6.113088
1.94655,1945,346.7137,328.572357,5,6.134901
1.94841,1946,346.7137,328.578278,5,6.205793
1.94845,1947,346.7137,328.5853,5,6.173074
1.94963,1948,346.7137,328.591064,5,6.16216755
1.95150,1949,346.7137,328.597015,5,6.14580727
1.95153,1950,346.7137,328.603241,5,6.2276063
1.95333,1951,346.7137,328.609833,5,6.12399435
1.95336,1952,346.7137,328.615753,5,6.14580727
1.95457,1953,346.7137,328.621918,5,6.2166996
1.95652,1954,346.7137,328.6285,5,6.32031155
1.95659,1955,346.7137,328.634552,5,6.18398
1.95768,1956,346.7137,328.640625,5,6.205793
1.95955,1957,346.7137,328.646545,5,6.134901
1.95960,1958,346.7137,328.6534,5,6.2166996
1.96130,1959,346.7137,328.659271,5,6.16216755
1.96132,1960,346.7137,328.6655,5,6.205793
1.96255,1961,346.7137,328.671417,5,6.205793
1.96443,1962,346.7137,328.678253,5,6.205793
1.96445,1963,346.7137,328.684,5,6.173074
1.96564,1964,346.7137,328.690369,5,6.2166996
1.96745,1965,346.7137,328.696564,5,6.271232
1.96747,1966,346.7137,328.70285,5,6.14580727
1.96933,1967,346.7137,328.708679,5,6.16216755
1.96936,1968,346.7137,328.715271,5,6.2166996
1.97056,1969,346.7137,328.721558,5,6.23851252
1.97239,1970,346.7137,328.7275,5,6.091275
1.97242,1971,346.7137,328.734131,5,6.2166996
1.97365,1972,346.7137,328.740662,5,6.249419
1.97550,1973,346.7137,328.746765,5,6.2276063
1.97555,1974,346.7137,328.751984,5,6.08036852
1.97731,1975,346.7137,328.759155,5,6.249419
1.97733,1976,346.7137,328.765381,5,6.173074
1.97858,1977,346.7137,328.771423,5,6.16216755
1.98038,1978,346.7137,328.776855,5,6.205793
1.98041,1979,346.7137,328.78418,5,6.18398
1.98165,1980,346.7137,328.790344,5,6.102182
1.98346,1981,346.7137,328.7964,5,6.16216755
1.98347,1982,346.7137,328.802246,5,6.2166996
1.98534,1983,346.7137,328.807983,5,6.14580727
1.98537,1984,346.7137,328.81427,5,6.173074
1.98658,1985,346.7137,328.820557,5,6.19488668
1.98839,1986,346.7137,328.8263,5,6.2166996
1.98840,1987,346.7137,328.8323,5,6.0694623
1.98981,1988,346.7137,328.839172,5,6.205793
1.99148,1989,346.7137,328.845154,5,6.14580727
1.99152,1990,346.7137,328.851074,5,6.18398
1.99330,1991,346.7137,328.856781,5,6.102182
1.99332,1992,346.7137,328.864075,5,6.2166996
1.99456,1993,346.7137,328.87,5,6.19488668
1.99639,1994,346.7137,328.875916,5,6.2166996
1.99640,1995,346.7137,328.881744,5,6.2276063
1.99765,1996,346.7137,328.888947,5,6.2166996
1.99947,1997,346.7137,328.895355,5,6.134901
1.99950,1998,346.7137,328.900543,5,6.14580727
2.00130,1999,346.7137,328.9067,5,6.2276063
2.00132,2000,346.7137,328.9139,5,6.14580727
2.00256,2001,346.7137,328.919769,5,6.18398
2.00441,2002,346.7137,328.9255,5,6.14580727
2.00445,2003,346.7137,328.932159,5,6.23851252
2.00566,2004,346.7137,328.9383,5,6.102182
2.00748,2005,346.7137,328.944519,5,6.173074
2.00750,2006,346.7137,328.950531,5,6.2276063
2.00934,2007,346.7137,328.9573,5,6.298498
2.00937,2008,346.7137,328.963043,5,6.173074
2.01056,2009,346.7137,328.969269,5,6.18398
2.01240,2010,346.7137,328.975159,5,6.134901
2.01242,2011,346.7137,328.982025,5,6.18398
2.01364,2012,346.7137,328.9878,5,6.16216755
2.01547,2013,346.7137,328.9939,5,6.18398
2.01551,2014,346.7137,329.000061,5,6.19488668
2.01729,2015,346.7137,329.006622,5,6.16216755
2.01731,2016,346.7137,329.012451,5,6.14580727
2.01860,2017,346.7137,329.018677,5,6.18398
2.02042,2018,346.7137,329.0251,5,6.260326
2.02044,2019,346.7137,329.031,5,6.102182
2.02165,2020,346.7137,329.03714,5,6.14580727
2.02347,2021,346.7137,329.0435,5,6.19488668
2.02352,2022,346.7137,329.0498,5,6.19488668
2.02531,2023,346.7137,329.055267,5,6.0694623
2.02533,2024,346.7137,329.062042,5,6.19488668
2.02658,2025,346.7137,329.06842,5,6.2166996
2.02839,2026,346.7137,329.074432,5,6.18398
2.02842,2027,346.7137,329.0869,5,6.2276063
2.02966,2028,346.7137,329.0931,5,6.16216755
2.03148,2029,346.7137,329.099,5,6.134901
2.03151,2030,346.7137,329.104584,5,6.19488668
2.03331,2031,346.7137,329.1114,5,6.134901
2.03333,2032,346.7137,329.117554,5,6.08036852
2.03460,2033,346.7137,329.123566,5,6.12399435
2.03639,2034,346.7137,329.129425,5,6.19488668
2.03642,2035,346.7137,329.135864,5,6.113088
2.03766,2036,346.7137,329.142242,5,6.14580727
2.03981,2037,346.7137,329.148315,5,6.173074
2.03984,2038,346.7137,329.154144,5,6.19488668
2.04131,2039,346.7137,329.1601,5,6.047649
2.04132,2040,346.7137,329.167023,5,6.18398
2.04261,2041,346.7137,329.172821,5,6.12399435
2.04441,2042,346.7137,329.178741,5,6.134901
2.04443,2043,346.7137,329.184418,5,6.0694623
2.04566,2044,346.7137,329.191772,5,6.18398
2.04748,2045,346.7137,329.19754,5,6.16216755
2.04751,2046,346.7137,329.2034,5,6.18398
2.04930,2047,346.7137,329.2093,5,6.19488668
2.04932,2048,346.7137,329.2164,5,6.18398
2.05057,2049,346.7137,329.222076,5,6.102182
2.05241,2050,346.7137,329.2279,5,6.113088
2.05244,2051,346.7137,329.234131,5,6.19488668
2.05365,2052,346.7137,329.2409,5,6.12399435
2.05546,2053,346.7137,329.2467,5,6.14580727
2.05548,2054,346.7137,329.252441,5,6.113088
2.05731,2055,346.7137,329.258972,5,6.19488668
2.05738,2056,346.7137,329.265167,5,6.0694623
2.05860,2057,346.7137,329.271271,5,6.12399435
2.06050,2058,346.7137,329.2773,5,6.19488668
2.06058,2059,346.7137,329.284027,5,6.271232
2.06166,2060,346.7137,329.290161,5,6.14580727
2.06347,2061,346.7137,329.295929,5,6.16216755
2.06349,2062,346.7137,329.301849,5,6.113088
2.06536,2063,346.7137,329.309052,5,6.173074
2.06539,2064,346.7137,329.31485,5,6.134901
2.06659,2065,346.7137,329.320953,5,6.173074
2.06839,2066,346.7137,329.327454,5,6.16216755
2.06840,2067,346.7137,329.333618,5,6.14580727
2.06965,2068,346.7137,329.339417,5,6.12399435
2.07146,2069,346.7137,329.345734,5,6.18398
2.07147,2070,346.7137,329.35202,5,6.23851252
2.07336,2071,346.7137,329.357971,5,6.113088
2.07338,2072,346.7137,329.364075,5,6.12399435
2.07458,2073,346.7137,329.370453,5,6.173074
2.07641,2074,346.7137,329.377167,5,6.19488668
2.07643,2075,346.7137,329.382233,5,6.0585556
2.07766,2076,346.7137,329.388916,5,6.18398
2.07946,2077,346.7137,329.3954,5,6.2166996
2.07949,2078,346.7137,329.401733,5,6.19488668
2.08129,2079,346.7137,329.406952,5,6.047649
2.08131,2080,346.7137,329.414185,5,6.2166996
2.08257,2081,346.7137,329.420319,5,6.134901
2.08443,2082,346.7137,329.42627,5,6.134901
2.08445,2083,346.7137,329.4318,5,6.173074
2.08568,2084,346.7137,329.438629,5,6.16216755
2.08746,2085,346.7137,329.444336,5,6.0694623
2.08748,2086,346.7137,329.45047,5,6.12399435
2.08931,2087,346.7137,329.456238,5,6.19488668
2.08932,2088,346.7137,329.462677,5,6.12399435
2.09056,2089,346.7137,329.469,5,6.12399435
2.09241,2090,346.7137,329.475128,5,6.16216755
2.09244,2091,346.7137,329.4809,5,6.173074
2.09370,2092,346.7137,329.486847,5,6.03128958
2.09546,2093,346.7137,329.493652,5,6.134901
2.09548,2094,346.7137,329.4996,5,6.113088
2.09730,2095,346.7137,329.505371,5,6.113088
2.09732,2096,346.7137,329.5114,5,6.03128958
2.09856,2097,346.7137,329.51828,5,6.134901
2.10040,2098,346.7137,329.52417,5,6.12399435
2.10043,2099,346.7137,329.530029,5,6.18398
2.10167,2100,346.7137,329.5357,5,6.14580727
2.10346,2101,346.7137,329.5429,5,6.19488668
2.10347,2102,346.7137,329.548584,5,6.08036852
2.10532,2103,346.7137,329.554474,5,6.102182
2.10534,2104,346.7137,329.560455,5,6.14580727
2.10657,2105,346.7137,329.567322,5,6.12399435
2.10842,2106,346.7137,329.57312,5,6.102182
2.10846,2107,346.7137,329.5789,5,6.102182
2.10970,2108,346.7137,329.585175,5,6.16216755
2.11146,2109,346.7137,329.591644,5,6.091275
2.11147,2110,346.7137,329.5976,5,6.091275
2.11330,2111,346.7137,329.603668,5,6.173074
2.11333,2112,346.7137,329.61026,5,6.260326
2.11456,2113,346.7137,329.616241,5,6.14580727
2.11644,2114,346.7137,329.622253,5,6.173074
2.11647,2115,346.7137,329.628143,5,6.102182
2.11768,2116,346.7137,329.6354,5,6.173074
2.11946,2117,346.7137,329.640778,5,6.113088
2.11948,2118,346.7137,329.6469,5,6.173074
2.12133,2119,346.7137,329.6528,5,6.134901
2.12136,2120,346.7137,329.659546,5,6.173074
2.12256,2121,346.7137,329.665253,5,6.102182
2.12442,2122,346.7137,329.671661,5,6.173074
2.12445,2123,346.7137,329.677734,5,6.2166996
2.12567,2124,346.7137,329.689728,5,6.091275
2.12748,2125,346.7137,329.696381,5,6.173074
2.12752,2126,346.7137,329.702942,5,6.19488668
2.12933,2127,346.7137,329.7086,5,6.0585556
2.12935,2128,346.7137,329.7149,5,6.134901
2.13056,2129,346.7137,329.721558,5,6.205793
2.13239,2130,346.7137,329.7277,5,6.2166996
2.13242,2131,346.7137,329.732819,5,6.03128958
2.13365,2132,346.7137,329.7397,5,6.173074
2.13546,2133,346.7137,329.7461,5,6.14580727
2.13547,2134,346.7137,329.7522,5,6.12399435
2.13730,2135,346.7137,329.757477,5,6.134901
2.13732,2136,346.7137,329.7643,5,6.18398
2.13858,2137,346.7137,329.7704,5,6.047649
2.14044,2138,346.7137,329.7767,5,6.113088
2.14047,2139,346.7137,329.7822,5,6.14580727
2.14166,2140,346.7137,329.788757,5,6.14580727
2.14347,2141,346.7137,329.794861,5,6.08036852
2.14349,2142,346.7137,329.801331,5,6.16216755
2.14533,2143,346.7137,329.8069,5,6.16216755
2.14536,2144,346.7137,329.812866,5,6.0585556
2.14657,2145,346.7137,329.819427,5,6.091275
2.14839,2146,346.7137,329.8258,5,6.12399435
2.14840,2147,346.7137,329.83136,5,6.113088
2.14964,2148,346.7137,329.837067,5,6.047649
2.15146,2149,346.7137,329.844,5,6.113088
2.15148,2150,346.7137,329.8503,5,6.12399435
2.15330,2151,346.7137,329.8561,5,6.18398
2.15331,2152,346.7137,329.8617,5,6.113088
2.15457,2153,346.7137,329.8687,5,6.19488668
2.15646,2154,346.7137,329.874542,5,6.0585556
2.15648,2155,346.7137,329.880463,5,6.091275
2.15766,2156,346.7137,329.8862,5,6.113088
2.15946,2157,346.7137,329.8932,5,6.14580727
2.15948,2158,346.7137,329.898956,5,6.0585556
2.16132,2159,346.7137,329.9049,5,6.102182
2.16133,2160,346.7137,329.910767,5,6.113088
2.16255,2161,346.7137,329.917542,5,6.113088
2.16441,2162,346.7137,329.923279,5,6.047649
2.16443,2163,346.7137,329.929535,5,6.134901
2.16564,2164,346.7137,329.93576,5,6.205793
2.16746,2165,346.7137,329.9421,5,6.173074
2.16747,2166,346.7137,329.947876,5,6.14580727
2.16936,2167,346.7137,329.953857,5,6.091275
2.16940,2168,346.7137,329.9604,5,6.14580727
2.17056,2169,346.7137,329.966522,5,6.091275
2.17239,2170,346.7137,329.972534,5,6.14580727
2.17241,2171,346.7137,329.9787,5,6.102182
2.17368,2172,346.7137,329.985077,5,6.173074
2.17549,2173,346.7137,329.990875,5,6.08036852
2.17553,2174,346.7137,329.9976,5,6.12399435
2.17733,2175,346.7137,330.00354,5,6.173074
2.17736,2176,346.7137,330.010071,5,6.19488668
2.17859,2177,346.7137,330.0155,5,6.03128958
2.18045,2178,346.7137,330.022156,5,6.14580727
2.18047,2179,346.7137,330.028656,5,6.173074
2.18166,2180,346.7137,330.0346,5,6.102182
2.18346,2181,346.7137,330.040375,5,6.0585556
2.18349,2182,346.7137,330.046539,5,6.18398
2.18537,2183,346.7137,330.0526,5,6.18398
2.18542,2184,346.7137,330.0581,5,6.0694623
2.18656,2185,346.7137,330.064575,5,6.091275
2.18841,2186,346.7137,330.071442,5,6.14580727
2.18844,2187,346.7137,330.077148,5,6.113088
2.18975,2188,346.7137,330.0826,5,6.113088
2.19147,2189,346.7137,330.088867,5,6.18398
2.19150,2190,346.7137,330.0953,5,6.0694623
2.19335,2191,346.7137,330.1017,5,6.113088
2.19337,2192,346.7137,330.107178,5,6.12399435
2.19460,2193,346.7137,330.114044,5,6.19488668
2.19642,2194,346.7137,330.120056,5,6.08036852
2.19644,2195,346.7137,330.12677,5,6.16216755
2.19766,2196,346.7137,330.1323,5,6.173074
2.19948,2197,346.7137,330.1384,5,6.134901
2.19950,2198,346.7137,330.14447,5,6.047649
2.20137,2199,346.7137,330.1514,5,6.173074
2.20140,2200,346.7137,330.1568,5,6.102182
2.20256,2201,346.7137,330.1627,5,6.113088
2.20442,2202,346.7137,330.168976,5,6.0694623
2.20444,2203,346.7137,330.175934,5,6.134901
2.20564,2204,346.7137,330.18158,5,6.16216755
2.20748,2205,346.7137,330.187531,5,6.12399435
2.20751,2206,346.7137,330.193817,5,6.19488668
2.20943,2207,346.7137,330.200256,5,6.113088
2.20947,2208,346.7137,330.206,5,6.102182
2.21057,2209,346.7137,330.2117,5,6.091275
2.21241,2210,346.7137,330.218567,5,6.18398
2.21243,2211,346.7137,330.224579,5,6.08036852
2.21364,2212,346.7137,330.23053,5,6.113088
2.21549,2213,346.7137,330.2362,5,6.102182
2.21550,2214,346.7137,330.243073,5,6.16216755
2.21733,2215,346.7137,330.2488,5,6.03128958
2.21735,2216,346.7137,330.2551,5,6.12399435
2.21856,2217,346.7137,330.2611,5,6.19488668
2.22039,2218,346.7137,330.267822,5,6.2276063
2.22042,2219,346.7137,330.273438,5,6.12399435
2.22164,2220,346.7137,330.279541,5,6.12399435
2.22346,2221,346.7137,330.2857,5,6.091275
2.22349,2222,346.7137,330.2922,5,6.12399435
2.22532,2223,346.7137,330.298,5,6.12399435
2.22534,2224,346.7137,330.304,5,6.12399435
2.22656,2225,346.7137,330.310425,5,6.16216755
2.22843,2226,346.7137,330.3226,5,6.113088
2.22845,2227,346.7137,330.328674,5,6.14580727
2.22966,2228,346.7137,330.335236,5,6.2166996
2.23151,2229,346.7137,330.340759,5,6.0694623
2.23153,2230,346.7137,330.3472,5,6.102182
2.23333,2231,346.7137,330.353363,5,6.16216755
2.23337,2232,346.7137,330.35965,5,6.14580727
2.23456,2233,346.7137,330.365051,5,6.03128958
2.23642,2234,346.7137,330.372,5,6.16216755
2.23644,2235,346.7137,330.378174,5,6.18398
2.23764,2236,346.7137,330.384,5,6.14580727
2.23989,2237,346.7137,330.389465,5,6.047649
2.23994,2238,346.7137,330.396667,5,6.18398
2.24132,2239,346.7137,330.402679,5,6.102182
2.24134,2240,346.7137,330.408417,5,6.113088
2.24256,2241,346.7137,330.414154,5,6.14580727
2.24443,2242,346.7137,330.4209,5,6.113088
2.24446,2243,346.7137,330.427032,5,6.047649
2.24564,2244,346.7137,330.4329,5,6.091275
2.24748,2245,346.7137,330.438873,5,6.14580727
2.24751,2246,346.7137,330.44516,5,6.091275
2.24934,2247,346.7137,330.45166,5,6.113088
2.24937,2248,346.7137,330.45752,5,6.14580727
2.25055,2249,346.7137,330.4634,5,6.173074
2.25242,2250,346.7137,330.469666,5,6.020383
2.25244,2251,346.7137,330.476257,5,6.12399435
2.25364,2252,346.7137,330.482239,5,6.091275
2.25547,2253,346.7137,330.488159,5,6.102182
2.25550,2254,346.7137,330.493927,5,6.03128958
2.25731,2255,346.7137,330.501221,5,6.12399435
2.25733,2256,346.7137,330.506927,5,6.12399435
2.25856,2257,346.7137,330.512665,5,6.173074
2.26043,2258,346.7137,330.5187,5,6.134901
2.26046,2259,346.7137,330.5257,5,6.173074
2.26164,2260,346.7137,330.531281,5,6.0585556
2.26346,2261,346.7137,330.537048,5,6.091275
2.26348,2262,346.7137,330.543335,5,6.12399435
2.26537,2263,346.7137,330.55,5,6.113088
2.26539,2264,346.7137,330.556183,5,6.091275
2.26656,2265,346.7137,330.561462,5,6.091275
2.26842,2266,346.7137,330.568024,5,6.14580727
2.26844,2267,346.7137,330.574158,5,6.08036852
2.26965,2268,346.7137,330.5803,5,6.0694623
2.27148,2269,346.7137,330.586243,5,6.16216755
2.27152,2270,346.7137,330.592957,5,6.23851252
2.27337,2271,346.7137,330.598663,5,6.134901
2.27342,2272,346.7137,330.604828,5,6.14580727
2.27459,2273,346.7137,330.6107,5,6.0694623
2.27641,2274,346.7137,330.618256,5,6.14580727
2.27644,2275,346.7137,330.623657,5,6.091275
2.27764,2276,346.7137,330.6297,5,6.16216755
2.27946,2277,346.7137,330.635742,5,6.113088
2.27948,2278,346.7137,330.642334,5,6.16216755
2.28133,2279,346.7137,330.6485,5,6.08036852
2.28135,2280,346.7137,330.654724,5,6.16216755
2.28255,2281,346.7137,330.661,5,6.18398
2.28443,2282,346.7137,330.6669,5,6.14580727
2.28446,2283,346.7137,330.673,5,6.0585556
2.28565,2284,346.7137,330.679718,5,6.14580727
2.28749,2285,346.7137,330.6848,5,6.173074
2.28753,2286,346.7137,330.69043,5,6.047649
2.28932,2287,346.7137,330.6968,5,6.102182
2.28935,2288,346.7137,330.7034,5,6.18398
2.29057,2289,346.7137,330.709473,5,6.19488668
2.29244,2290,346.7137,330.714539,5,6.020383
2.29248,2291,346.7137,330.7215,5,6.134901
2.29365,2292,346.7137,330.727783,5,6.12399435
2.29551,2293,346.7137,330.733856,5,6.091275
2.29556,2294,346.7137,330.7391,5,6.091275
2.29734,2295,346.7137,330.745941,5,6.14580727
2.29737,2296,346.7137,330.751984,5,6.00947666
2.29857,2297,346.7137,330.75824,5,6.091275
2.30045,2298,346.7137,330.763672,5,6.102182
2.30048,2299,346.7137,330.770233,5,6.134901
2.30165,2300,346.7137,330.776276,5,6.047649
2.30348,2301,346.7137,330.782776,5,6.12399435
2.30352,2302,346.7137,330.788269,5,6.134901
2.30532,2303,346.7137,330.7943,5,6.0585556
2.30535,2304,346.7137,330.800781,5,6.03128958
2.30660,2305,346.7137,330.8072,5,6.12399435
2.30848,2306,346.7137,330.812744,5,6.091275
2.30852,2307,346.7137,330.818451,5,6.047649
2.30969,2308,346.7137,330.825256,5,6.0694623
2.31147,2309,346.7137,330.831635,5,6.113088
2.31150,2310,346.7137,330.8374,5,6.16216755
2.31335,2311,346.7137,330.843323,5,6.102182
2.31337,2312,346.7137,330.849945,5,6.18398
2.31456,2313,346.7137,330.8562,5,6.0694623
2.31644,2314,346.7137,330.862122,5,6.08036852
2.31648,2315,346.7137,330.867432,5,6.08036852
2.31764,2316,346.7137,330.87442,5,6.14580727
2.31949,2317,346.7137,330.880219,5,6.0585556
2.31952,2318,346.7137,330.886475,5,6.102182
2.32134,2319,346.7137,330.8924,5,6.102182
2.32137,2320,346.7137,330.899139,5,6.134901
2.32255,2321,346.7137,330.904877,5,6.020383
2.32443,2322,346.7137,330.9111,5,6.113088
2.32447,2323,346.7137,330.917358,5,6.18398
2.32567,2324,346.7137,330.929443,5,6.12399435
2.32751,2325,346.7137,330.929443,5,6.12399435
2.32755,2326,346.7137,330.9354,5,6.102182
2.32934,2327,346.7137,330.941925,5,6.102182
2.32938,2328,346.7137,330.954,5,6.134901
2.33056,2329,346.7137,330.959869,5,6.102182
2.33242,2330,346.7137,330.966583,5,6.14580727
2.33244,2331,346.7137,330.972351,5,6.08036852
2.33366,2332,346.7137,330.978638,5,6.102182
2.33548,2333,346.7137,330.9846,5,6.134901
2.33549,2334,346.7137,330.99118,5,6.19488668
2.33733,2335,346.7137,330.996552,5,6.03128958
2.33736,2336,346.7137,331.0032,5,6.113088
2.33859,2337,346.7137,331.009216,5,6.134901
2.34045,2338,346.7137,331.015381,5,6.12399435
2.34048,2339,346.7137,331.0209,5,6.020383
2.34166,2340,346.7137,331.0279,5,6.16216755
2.34349,2341,346.7137,331.034,5,6.18398
2.34353,2342,346.7137,331.0395,5,6.102182
2.34535,2343,346.7137,331.045441,5,6.047649
2.34540,2344,346.7137,331.05246,5,6.16216755
2.34656,2345,346.7137,331.0584,5,6.102182
2.34838,2346,346.7137,331.0639,5,6.091275
2.34840,2347,346.7137,331.070068,5,6.134901
2.34965,2348,346.7137,331.076477,5,6.0694623
2.35147,2349,346.7137,331.0828,5,6.03128958
2.35151,2350,346.7137,331.0883,5,6.08036852
2.35335,2351,346.7137,331.094635,5,6.134901
2.35337,2352,346.7137,331.100677,5,6.0585556
2.35455,2353,346.7137,331.10733,5,6.08036852
2.35657,2354,346.7137,331.112854,5,6.113088
2.35661,2355,346.7137,331.118866,5,6.134901
2.35768,2356,346.7137,331.1248,5,5.98766327
2.35947,2357,346.7137,331.131744,5,6.102182
2.35950,2358,346.7137,331.1372,5,6.0694623
2.36135,2359,346.7137,331.143127,5,6.08036852
2.36138,2360,346.7137,331.148956,5,5.99857
2.36257,2361,346.7137,331.156128,5,6.091275
2.36441,2362,346.7137,331.161743,5,6.102182
2.36443,2363,346.7137,331.1675,5,6.12399435
2.36565,2364,346.7137,331.173645,5,6.102182
2.36748,2365,346.7137,331.18045,5,6.134901
2.36751,2366,346.7137,331.186035,5,6.03128958
2.36931,2367,346.7137,331.191772,5,6.0585556
2.36933,2368,346.7137,331.198151,5,6.091275
2.37059,2369,346.7137,331.20462,5,6.0694623
2.37242,2370,346.7137,331.210754,5,6.0585556
2.37245,2371,346.7137,331.2164,5,6.0694623
2.37365,2372,346.7137,331.223053,5,6.102182
2.37550,2373,346.7137,331.22934,5,6.047649
2.37554,2374,346.7137,331.235168,5,6.047649
2.37732,2375,346.7137,331.2411,5,6.12399435
2.37734,2376,346.7137,331.248169,5,6.205793
2.37858,2377,346.7137,331.253418,5,6.102182
2.38043,2378,346.7137,331.259521,5,6.113088
2.38045,2379,346.7137,331.265747,5,6.047649
2.38165,2380,346.7137,331.272552,5,6.102182
2.38349,2381,346.7137,331.278229,5,6.0585556
2.38351,2382,346.7137,331.284271,5,6.102182
2.38535,2383,346.7137,331.290283,5,6.0694623
2.38538,2384,346.7137,331.296844,5,6.12399435
2.38656,2385,346.7137,331.302124,5,6.047649
2.38843,2386,346.7137,331.3084,5,6.113088
2.38849,2387,346.7137,331.314575,5,6.14580727
2.38981,2388,346.7137,331.320648,5,6.12399435
2.39151,2389,346.7137,331.326477,5,6.00947666
2.39155,2390,346.7137,331.332947,5,6.12399435
2.39338,2391,346.7137,331.339142,5,6.14580727
2.39341,2392,346.7137,331.344757,5,6.0585556
2.39456,2393,346.7137,331.351044,5,6.0585556
2.39641,2394,346.7137,331.3577,5,6.16216755
2.39642,2395,346.7137,331.363739,5,6.18398
2.39765,2396,346.7137,331.368866,5,6.020383
2.39948,2397,346.7137,331.375732,5,6.102182
2.39950,2398,346.7137,331.38208,5,6.12399435
2.40133,2399,346.7137,331.388123,5,6.091275
2.40136,2400,346.7137,331.393341,5,6.091275
2.40256,2401,346.7137,331.400146,5,6.14580727
2.40446,2402,346.7137,331.406158,5,6.00947666
2.40451,2403,346.7137,331.412476,5,6.08036852
2.40566,2404,346.7137,331.4179,5,6.091275
2.40751,2405,346.7137,331.424438,5,6.134901
2.40756,2406,346.7137,331.430481,5,6.03128958
2.40935,2407,346.7137,331.436981,5,6.113088
2.40939,2408,346.7137,331.442474,5,6.12399435
2.41059,2409,346.7137,331.4485,5,6.0694623
2.41241,2410,346.7137,331.454865,5,5.99857
2.41244,2411,346.7137,331.4613,5,6.113088
2.41365,2412,346.7137,331.466827,5,6.0585556
2.41550,2413,346.7137,331.4725,5,6.0585556
2.41553,2414,346.7137,331.479218,5,6.020383
2.41731,2415,346.7137,331.485657,5,6.091275
2.41733,2416,346.7137,331.4914,5,6.12399435
2.41861,2417,346.7137,331.496918,5,6.091275
2.42048,2418,346.7137,331.503784,5,6.134901
2.42052,2419,346.7137,331.509857,5,6.0694623
2.42165,2420,346.7137,331.5157,5,6.0585556
2.42351,2421,346.7137,331.5212,5,6.047649
2.42357,2422,346.7137,331.528137,5,6.113088
2.42535,2423,346.7137,331.533966,5,6.020383
2.42538,2424,346.7137,331.539917,5,6.0694623
2.42656,2425,346.7137,331.552368,5,6.102182
2.42843,2426,346.7137,331.558075,5,5.99857
2.42848,2427,346.7137,331.564331,5,6.0585556
2.42967,2428,346.7137,331.570282,5,6.12399435
2.43149,2429,346.7137,331.5769,5,6.173074
2.43152,2430,346.7137,331.582458,5,6.08036852
2.43335,2431,346.7137,331.588531,5,6.08036852
2.43339,2432,346.7137,331.594666,5,6.047649
2.43456,2433,346.7137,331.6011,5,6.08036852
2.43643,2434,346.7137,331.6069,5,6.0585556
2.43646,2435,346.7137,331.6128,5,6.091275
2.43766,2436,346.7137,331.619171,5,6.0694623
2.43987,2437,346.7137,331.6256,5,6.08036852
2.43999,2438,346.7137,331.6317,5,6.0585556
2.44134,2439,346.7137,331.637238,5,6.102182
2.44137,2440,346.7137,331.643738,5,6.16216755
2.44257,2441,346.7137,331.649628,5,6.0585556
2.44445,2442,346.7137,331.656067,5,6.020383
2.44448,2443,346.7137,331.661774,5,6.091275
2.44565,2444,346.7137,331.668427,5,6.113088
2.44749,2445,346.7137,331.673737,5,5.98766327
2.44752,2446,346.7137,331.6806,5,6.08036852
2.44930,2447,346.7137,331.686737,5,6.14580727
2.44934,2448,346.7137,331.692566,5,6.12399435
2.45057,2449,346.7137,331.6979,5,5.976757
2.45242,2450,346.7137,331.705078,5,6.102182
2.45247,2451,346.7137,331.71106,5,6.0694623
2.45365,2452,346.7137,331.716858,5,6.0694623
2.45548,2453,346.7137,331.7224,5,6.08036852
2.45551,2454,346.7137,331.729156,5,6.113088
2.45732,2455,346.7137,331.735229,5,5.976757
2.45737,2456,346.7137,331.74115,5,6.0694623
2.45861,2457,346.7137,331.7469,5,6.091275
2.46044,2458,346.7137,331.7533,5,6.091275
2.46046,2459,346.7137,331.759521,5,6.020383
2.46166,2460,346.7137,331.765564,5,6.091275
2.46348,2461,346.7137,331.771332,5,6.113088
2.46352,2462,346.7137,331.777161,5,6.00947666
2.46531,2463,346.7137,331.7839,5,6.00947666
2.46532,2464,346.7137,331.789825,5,6.08036852
2.46655,2465,346.7137,331.795532,5,6.0585556
2.46843,2466,346.7137,331.801117,5,6.00947666
2.46847,2467,346.7137,331.808228,5,6.020383
2.46964,2468,346.7137,331.814178,5,6.08036852
2.47148,2469,346.7137,331.819977,5,6.12399435
2.47152,2470,346.7137,331.825531,5,6.0585556
2.47331,2471,346.7137,331.832642,5,6.134901
2.47333,2472,346.7137,331.838623,5,6.03128958
2.47457,2473,346.7137,331.8445,5,6.03128958
2.47641,2474,346.7137,331.850342,5,6.047649
2.47643,2475,346.7137,331.8572,5,6.102182
2.47765,2476,346.7137,331.8629,5,6.00947666
2.47947,2477,346.7137,331.8687,5,6.0585556
2.47949,2478,346.7137,331.874725,5,6.0585556
2.48134,2479,346.7137,331.8813,5,6.08036852
2.48136,2480,346.7137,331.887024,5,5.976757
2.48257,2481,346.7137,331.893127,5,6.0694623
2.48445,2482,346.7137,331.8999,5,6.134901
2.48448,2483,346.7137,331.9053,5,6.16216755
2.48564,2484,346.7137,331.911041,5,6.08036852
2.48751,2485,346.7137,331.916962,5,6.0585556
2.48754,2486,346.7137,331.923431,5,6.03128958
2.48933,2487,346.7137,331.929535,5,6.0694623
2.48936,2488,346.7137,331.9354,5,6.08036852
2.49057,2489,346.7137,331.9412,5,6.08036852
2.49239,2490,346.7137,331.947784,5,6.091275
2.49241,2491,346.7137,331.953644,5,6.047649
2.49365,2492,346.7137,331.959747,5,6.03128958
2.49548,2493,346.7137,331.965637,5,6.08036852
2.49552,2494,346.7137,331.972168,5,6.12399435
2.49729,2495,346.7137,331.9775,5,5.99857
2.49731,2496,346.7137,331.984,5,6.00947666
2.49858,2497,346.7137,331.990051,5,6.0694623
2.50040,2498,346.7137,331.9962,5,6.08036852
2.50043,2499,346.7137,332.001556,5,5.96585035
2.50164,2500,346.7137,332.008453,5,6.047649
2.50349,2501,346.7137,332.014526,5,6.102182
2.50350,2502,346.7137,332.020538,5,6.102182
2.50529,2503,346.7137,332.025665,5,5.96585035
2.50530,2504,346.7137,332.032776,5,6.091275
2.50659,2505,346.7137,332.039154,5,6.047649
2.50839,2506,346.7137,332.044769,5,6.047649
2.50843,2507,346.7137,332.05014,5,6.0694623
2.50965,2508,346.7137,332.057159,5,6.08036852
2.51149,2509,346.7137,332.063354,5,5.976757
2.51152,2510,346.7137,332.069031,5,6.047649
2.51331,2511,346.7137,332.074982,5,6.091275
2.51332,2512,346.7137,332.0812,5,6.0694623
2.51457,2513,346.7137,332.087646,5,6.020383
2.51640,2514,346.7137,332.093445,5,6.08036852
2.51641,2515,346.7137,332.099274,5,6.102182
2.51765,2516,346.7137,332.105133,5,5.99857
2.51949,2517,346.7137,332.11203,5,6.00947666
2.51953,2518,346.7137,332.117676,5,6.08036852
2.52130,2519,346.7137,332.123474,5,6.0585556
2.52132,2520,346.7137,332.12912,5,5.99857
2.52258,2521,346.7137,332.136353,5,6.03128958
2.52440,2522,346.7137,332.142059,5,6.08036852
2.52442,2523,346.7137,332.147858,5,6.12399435
2.52568,2524,346.7137,332.153564,5,6.0585556
2.52749,2525,346.7137,332.160675,5,6.12399435
2.52752,2526,346.7137,332.166229,5,6.020383
2.52930,2527,346.7137,332.177979,5,6.047649
2.52933,2528,346.7137,332.184784,5,6.091275
2.53056,2529,346.7137,332.1905,5,6.00947666
2.53238,2530,346.7137,332.196228,5,6.0585556
2.53240,2531,346.7137,332.2024,5,6.047649
2.53364,2532,346.7137,332.208832,5,6.0694623
2.53550,2533,346.7137,332.2146,5,5.976757
2.53554,2534,346.7137,332.220673,5,6.0585556
2.53729,2535,346.7137,332.227051,5,6.134901
2.53730,2536,346.7137,332.2331,5,6.12399435
2.53857,2537,346.7137,332.238922,5,6.0694623
2.54042,2538,346.7137,332.244751,5,6.047649
2.54045,2539,346.7137,332.251373,5,6.020383
2.54164,2540,346.7137,332.2573,5,6.0585556
2.54347,2541,346.7137,332.263275,5,6.0694623
2.54350,2542,346.7137,332.269,5,6.0585556
2.54533,2543,346.7137,332.275726,5,6.08036852
2.54535,2544,346.7137,332.2814,5,6.047649
2.54656,2545,346.7137,332.287628,5,6.047649
2.54840,2546,346.7137,332.2935,5,6.091275
2.54843,2547,346.7137,332.300018,5,6.134901
2.54967,2548,346.7137,332.30542,5,6.00947666
2.55145,2549,346.7137,332.311981,5,6.03128958
2.55146,2550,346.7137,332.317963,5,6.08036852
2.55330,2551,346.7137,332.324066,5,6.08036852
2.55332,2552,346.7137,332.3295,5,5.96585035
2.55456,2553,346.7137,332.336456,5,6.0694623
2.55646,2554,346.7137,332.3425,5,6.113088
2.55651,2555,346.7137,332.348,5,6.091275
2.55765,2556,346.7137,332.35376,5,5.96585035
2.55947,2557,346.7137,332.360748,5,6.08036852
2.55950,2558,346.7137,332.3667,5,6.047649
2.56135,2559,346.7137,332.372223,5,6.047649
2.56136,2560,346.7137,332.378174,5,6.0694623
2.56256,2561,346.7137,332.384674,5,6.0585556
2.56441,2562,346.7137,332.390839,5,5.96585035
2.56444,2563,346.7137,332.396454,5,6.03128958
2.56565,2564,346.7137,332.402466,5,6.08036852
2.56746,2565,346.7137,332.408661,5,6.047649
2.56748,2566,346.7137,332.4155,5,5.99857
2.56930,2567,346.7137,332.421173,5,6.0585556
2.56931,2568,346.7137,332.427032,5,6.091275
2.57056,2569,346.7137,332.4329,5,5.976757
2.57239,2570,346.7137,332.439758,5,5.99857
2.57241,2571,346.7137,332.445282,5,6.0585556
2.57367,2572,346.7137,332.451172,5,6.03128958
2.57555,2573,346.7137,332.456818,5,5.976757
2.57558,2574,346.7137,332.46402,5,6.00947666
2.57730,2575,346.7137,332.470032,5,6.047649
2.57732,2576,346.7137,332.475769,5,6.102182
2.57857,2577,346.7137,332.481659,5,6.047649
2.58041,2578,346.7137,332.4886,5,6.102182
2.58045,2579,346.7137,332.494141,5,6.00947666
2.58168,2580,346.7137,332.499847,5,6.020383
2.58346,2581,346.7137,332.505951,5,6.020383
2.58348,2582,346.7137,332.512634,5,6.0694623
2.58530,2583,346.7137,332.5183,5,5.98766327
2.58531,2584,346.7137,332.524,5,6.047649
2.58658,2585,346.7137,332.529877,5,6.047649
2.58839,2586,346.7137,332.536255,5,6.0694623
2.58840,2587,346.7137,332.542053,5,5.96585035
2.58989,2588,346.7137,332.548157,5,6.0585556
2.59148,2589,346.7137,332.554565,5,6.134901
2.59150,2590,346.7137,332.560577,5,6.14580727
2.59331,2591,346.7137,332.566467,5,6.091275
2.59333,2592,346.7137,332.5723,5,6.0694623
2.59457,2593,346.7137,332.579,5,6.0585556
2.59640,2594,346.7137,332.584869,5,6.08036852
2.59644,2595,346.7137,332.5909,5,6.091275
2.59770,2596,346.7137,332.596771,5,6.08036852
2.59946,2597,346.7137,332.6035,5,6.12399435
2.59948,2598,346.7137,332.609131,5,6.08036852
2.60130,2599,346.7137,332.615448,5,6.08036852
2.60131,2600,346.7137,332.621338,5,6.12399435
2.60258,2601,346.7137,332.627838,5,6.16216755
2.60441,2602,346.7137,332.63324,5,6.020383
2.60443,2603,346.7137,332.639862,5,6.0585556
2.60566,2604,346.7137,332.645844,5,6.102182
2.60749,2605,346.7137,332.651855,5,6.091275
2.60751,2606,346.7137,332.65744,5,5.976757
2.60932,2607,346.7137,332.664368,5,6.08036852
2.60934,2608,346.7137,332.67038,5,6.113088
2.61057,2609,346.7137,332.675751,5,6.091275
2.61238,2610,346.7137,332.681732,5,5.96585035
2.61240,2611,346.7137,332.6886,5,6.091275
2.61367,2612,346.7137,332.69458,5,6.03128958
2.61546,2613,346.7137,332.699982,5,6.047649
2.61549,2614,346.7137,332.706024,5,6.0585556
2.61731,2615,346.7137,332.712433,5,6.047649
2.61732,2616,346.7137,332.718658,5,5.95494366
2.61856,2617,346.7137,332.724152,5,6.020383
2.62039,2618,346.7137,332.730316,5,6.0694623
2.62042,2619,346.7137,332.7364,5,6.00947666
2.62165,2620,346.7137,332.7429,5,5.98766327
2.62347,2621,346.7137,332.748474,5,6.0585556
2.62350,2622,346.7137,332.754364,5,6.0694623
2.62532,2623,346.7137,332.760162,5,5.96585035
2.62535,2624,346.7137,332.772522,5,6.03128958
2.62656,2625,346.7137,332.7784,5,6.020383
2.62840,2626,346.7137,332.784,5,5.95494366
2.62844,2627,346.7137,332.791229,5,5.98766327
2.62965,2628,346.7137,332.7968,5,6.020383
2.63146,2629,346.7137,332.802917,5,6.08036852
2.63148,2630,346.7137,332.808746,5,6.03128958
2.63329,2631,346.7137,332.8157,5,6.08036852
2.63332,2632,346.7137,332.820862,5,5.99857
2.63457,2633,346.7137,332.826935,5,5.99857
2.63641,2634,346.7137,332.833,5,5.99857
2.63642,2635,346.7137,332.839661,5,6.047649
2.63766,2636,346.7137,332.845337,5,5.976757
2.63982,2637,346.7137,332.851,5,6.00947666
2.63995,2638,346.7137,332.857239,5,6.020383
2.64133,2639,346.7137,332.863556,5,6.047649
2.64135,2640,346.7137,332.8694,5,5.95494366
2.64260,2641,346.7137,332.875427,5,6.03128958
2.64439,2642,346.7137,332.8818,5,6.113088
2.64443,2643,346.7137,332.887756,5,6.113088
2.64566,2644,346.7137,332.8936,5,6.047649
2.64747,2645,346.7137,332.8994,5,6.03128958
2.64748,2646,346.7137,332.906067,5,5.99857
2.64934,2647,346.7137,332.911865,5,6.03128958
2.64936,2648,346.7137,332.917877,5,6.047649
2.65056,2649,346.7137,332.923584,5,6.03128958
2.65239,2650,346.7137,332.930267,5,6.0585556
2.65241,2651,346.7137,332.935944,5,6.03128958
2.65366,2652,346.7137,332.942169,5,6.020383
2.65546,2653,346.7137,332.948,5,6.08036852
2.65548,2654,346.7137,332.9545,5,6.113088
2.65736,2655,346.7137,332.959869,5,5.99857
2.65739,2656,346.7137,332.9664,5,5.98766327
2.65857,2657,346.7137,332.972382,5,6.0585556
2.66041,2658,346.7137,332.9785,5,6.08036852
2.66042,2659,346.7137,332.983856,5,5.95494366
2.66164,2660,346.7137,332.9908,5,6.020383
2.66346,2661,346.7137,332.996826,5,6.091275
2.66348,2662,346.7137,333.002319,5,6.091275
2.66533,2663,346.7137,333.008,5,5.94403744
2.66536,2664,346.7137,333.015,5,6.047649
2.66655,2665,346.7137,333.020935,5,6.03128958
2.66840,2666,346.7137,333.0265,5,6.00947666
2.66841,2667,346.7137,333.0323,5,6.047649
2.66965,2668,346.7137,333.038849,5,6.0585556
2.67146,2669,346.7137,333.044922,5,5.93313074
2.67149,2670,346.7137,333.0506,5,6.00947666
2.67335,2671,346.7137,333.056549,5,6.047649
2.67337,2672,346.7137,333.062744,5,6.047649
2.67457,2673,346.7137,333.06958,5,5.98766327
2.67640,2674,346.7137,333.075256,5,6.047649
2.67643,2675,346.7137,333.081055,5,6.08036852
2.67765,2676,346.7137,333.086853,5,5.98766327
2.67947,2677,346.7137,333.094177,5,5.94403744
2.67949,2678,346.7137,333.09967,5,6.047649
2.68133,2679,346.7137,333.105469,5,6.00947666
2.68135,2680,346.7137,333.110718,5,5.976757
2.68255,2681,346.7137,333.1179,5,5.96585035
2.68440,2682,346.7137,333.12326,5,6.020383
2.68442,2683,346.7137,333.129,5,6.08036852
2.68566,2684,346.7137,333.134552,5,6.03128958
2.68746,2685,346.7137,333.141663,5,6.08036852
2.68749,2686,346.7137,333.147217,5,6.00947666
2.68934,2687,346.7137,333.153076,5,5.99857
2.68936,2688,346.7137,333.158875,5,6.00947666
2.69058,2689,346.7137,333.1658,5,6.08036852
2.69238,2690,346.7137,333.171448,5,6.00947666
2.69240,2691,346.7137,333.1776,5,6.0585556
2.69365,2692,346.7137,333.183716,5,6.03128958
2.69546,2693,346.7137,333.190216,5,6.091275
2.69547,2694,346.7137,333.195984,5,5.976757
2.69733,2695,346.7137,333.2021,5,6.047649
2.69734,2696,346.7137,333.2084,5,6.12399435
2.69856,2697,346.7137,333.2145,5,6.16216755
2.70040,2698,346.7137,333.220245,5,6.0585556
2.70042,2699,346.7137,333.226135,5,6.0585556
2.70166,2700,346.7137,333.2327,5,6.00947666
2.70346,2701,346.7137,333.238647,5,6.0585556
2.70350,2702,346.7137,333.2446,5,6.03128958
2.70535,2703,346.7137,333.2503,5,6.0585556
2.70539,2704,346.7137,333.256927,5,6.047649
2.70659,2705,346.7137,333.262634,5,6.03128958
2.70840,2706,346.7137,333.268829,5,6.00947666
2.70844,2707,346.7137,333.2747,5,6.0585556
2.70966,2708,346.7137,333.2812,5,6.091275
2.71148,2709,346.7137,333.2865,5,6.020383
2.71151,2710,346.7137,333.29303,5,5.96585035
2.71332,2711,346.7137,333.298981,5,6.047649
2.71335,2712,346.7137,333.305145,5,6.0585556
2.71456,2713,346.7137,333.310425,5,5.95494366
2.71644,2714,346.7137,333.317322,5,5.98766327
2.71646,2715,346.7137,333.323364,5,6.0694623
2.71769,2716,346.7137,333.328979,5,6.08036852
2.71947,2717,346.7137,333.334381,5,5.93313074
2.71950,2718,346.7137,333.341431,5,6.00947666
2.72135,2719,346.7137,333.347351,5,6.00947666
2.72138,2720,346.7137,333.353058,5,5.99857
2.72256,2721,346.7137,333.358521,5,6.00947666
2.72445,2722,346.7137,333.3652,5,6.03128958
2.72448,2723,346.7137,333.371246,5,5.92222452
2.72566,2724,346.7137,333.377075,5,5.976757
2.72749,2725,346.7137,333.382782,5,6.00947666
2.72752,2726,346.7137,333.3891,5,6.03128958
2.72933,2727,346.7137,333.401337,5,6.00947666
2.72936,2728,346.7137,333.406921,5,6.047649
2.73059,2729,346.7137,333.41275,5,5.99857
2.73242,2730,346.7137,333.4193,5,5.92222452
2.73247,2731,346.7137,333.425323,5,6.00947666
2.73366,2732,346.7137,333.4309,5,5.98766327
2.73547,2733,346.7137,333.436462,5,5.98766327
2.73550,2734,346.7137,333.443329,5,5.92222452
2.73729,2735,346.7137,333.4495,5,6.00947666
2.73731,2736,346.7137,333.4552,5,6.03128958
2.73855,2737,346.7137,333.4606,5,6.03128958
2.74044,2738,346.7137,333.467529,5,6.03128958
2.74047,2739,346.7137,333.473358,5,6.020383
2.74166,2740,346.7137,333.479156,5,5.976757
2.74349,2741,346.7137,333.48468,5,5.976757
2.74353,2742,346.7137,333.491547,5,6.020383
2.74531,2743,346.7137,333.497284,5,5.976757
2.74534,2744,346.7137,333.503143,5,5.98766327
2.74656,2745,346.7137,333.5088,5,5.98766327
2.74841,2746,346.7137,333.5155,5,6.020383
2.74843,2747,346.7137,333.521118,5,5.96585035
2.74965,2748,346.7137,333.527344,5,5.95494366
2.75148,2749,346.7137,333.5332,5,6.047649
2.75149,2750,346.7137,333.539734,5,6.102182
2.75331,2751,346.7137,333.545258,5,6.03128958
2.75333,2752,346.7137,333.55127,5,6.03128958
2.75456,2753,346.7137,333.55722,5,5.96585035
2.75653,2754,346.7137,333.563721,5,6.00947666
2.75654,2755,346.7137,333.569336,5,5.976757
2.75766,2756,346.7137,333.575256,5,6.020383
2.75950,2757,346.7137,333.5818,5,5.976757
2.75954,2758,346.7137,333.587952,5,6.020383
2.76135,2759,346.7137,333.594116,5,5.96585035
2.76137,2760,346.7137,333.5998,5,5.99857
2.76258,2761,346.7137,333.595825,5,6.047649
2.76442,2762,346.7137,333.611725,5,6.0585556
2.76448,2763,346.7137,333.6177,5,5.92222452
2.76566,2764,346.7137,333.623932,5,6.00947666
2.76749,2765,346.7137,333.630066,5,6.047649
2.76753,2766,346.7137,333.635468,5,5.976757
2.76933,2767,346.7137,333.641846,5,5.93313074
2.76937,2768,346.7137,333.6483,5,6.020383
2.77055,2769,346.7137,333.654175,5,6.0694623
2.77243,2770,346.7137,333.6592,5,5.99857
2.77247,2771,346.7137,333.665955,5,5.93313074
2.77368,2772,346.7137,333.6722,5,6.03128958
2.77550,2773,346.7137,333.6782,5,5.98766327
2.77552,2774,346.7137,333.683319,5,5.99857
2.77739,2775,346.7137,333.690369,5,6.020383
2.77741,2776,346.7137,333.69632,5,5.96585035
2.77861,2777,346.7137,333.7025,5,5.93313074
2.78044,2778,346.7137,333.7079,5,5.98766327
2.78048,2779,346.7137,333.714661,5,5.96585035
2.78165,2780,346.7137,333.7206,5,5.96585035
2.78348,2781,346.7137,333.727081,5,6.03128958
2.78355,2782,346.7137,333.732117,5,6.03128958
2.78530,2783,346.7137,333.738068,5,6.047649
2.78531,2784,346.7137,333.744141,5,5.92222452
2.78656,2785,346.7137,333.750427,5,5.976757
2.78843,2786,346.7137,333.755737,5,6.00947666
2.78845,2787,346.7137,333.7615,5,5.99857
2.78977,2788,346.7137,333.767517,5,5.93313074
2.79146,2789,346.7137,333.7745,5,5.976757
2.79149,2790,346.7137,333.780029,5,6.00947666
2.79334,2791,346.7137,333.7856,5,6.0694623
2.79339,2792,346.7137,333.79187,5,6.020383
2.79455,2793,346.7137,333.7985,5,6.0694623
2.79643,2794,346.7137,333.804077,5,5.976757
2.79646,2795,346.7137,333.8097,5,5.99857
2.79766,2796,346.7137,333.8161,5,6.00947666
2.79948,2797,346.7137,333.822418,5,6.047649
2.79951,2798,346.7137,333.828156,5,5.976757
2.80132,2799,346.7137,333.8337,5,6.00947666
2.80134,2800,346.7137,333.8402,5,6.00947666
2.80255,2801,346.7137,333.846161,5,6.020383
2.80443,2802,346.7137,333.8522,5,5.93313074
2.80445,2803,346.7137,333.858032,5,6.00947666
2.80564,2804,346.7137,333.864624,5,6.08036852
2.80747,2805,346.7137,333.8703,5,6.08036852
2.80749,2806,346.7137,333.876251,5,6.020383
2.80937,2807,346.7137,333.881958,5,5.98766327
2.80940,2808,346.7137,333.888672,5,5.976757
2.81056,2809,346.7137,333.894348,5,5.99857
2.81243,2810,346.7137,333.90033,5,6.020383
2.81247,2811,346.7137,333.906067,5,6.00947666
2.81366,2812,346.7137,333.91272,5,6.020383
2.81546,2813,346.7137,333.9183,5,5.98766327
2.81549,2814,346.7137,333.92453,5,5.98766327
2.81735,2815,346.7137,333.9304,5,6.03128958
2.81738,2816,346.7137,333.9367,5,6.0694623
2.81857,2817,346.7137,333.9421,5,5.976757
2.82043,2818,346.7137,333.949036,5,5.95494366
2.82045,2819,346.7137,333.954559,5,6.020383
2.82164,2820,346.7137,333.9605,5,6.03128958
2.82347,2821,346.7137,333.966431,5,5.93313074
2.82351,2822,346.7137,333.9733,5,5.98766327
2.82533,2823,346.7137,333.979248,5,6.0585556
2.82537,2824,346.7137,333.984558,5,6.0585556
2.82656,2825,346.7137,333.9973,5,6.00947666
2.82843,2826,346.7137,333.9973,5,6.00947666
2.82846,2827,346.7137,334.003174,5,5.98766327
2.82965,2828,346.7137,334.008575,5,5.976757
2.83148,2829,346.7137,334.020966,5,5.99857
2.83151,2830,346.7137,334.027069,5,5.894958
2.83329,2831,346.7137,334.032623,5,5.976757
2.83330,2832,346.7137,334.0386,5,5.99857
2.83456,2833,346.7137,334.044678,5,5.99857
2.83641,2834,346.7137,334.051117,5,5.93313074
2.83644,2835,346.7137,334.0568,5,5.99857
2.83774,2836,346.7137,334.0626,5,6.03128958
2.83987,2837,346.7137,334.068329,5,5.96585035
2.83995,2838,346.7137,334.075958,5,5.99857
2.84134,2839,346.7137,334.080719,5,5.99857
2.84138,2840,346.7137,334.086517,5,5.976757
2.84257,2841,346.7137,334.092,5,5.96585035
2.84443,2842,346.7137,334.099121,5,5.92222452
2.84447,2843,346.7137,334.104858,5,5.98766327
2.84565,2844,346.7137,334.110626,5,6.020383
2.84749,2845,346.7137,334.116119,5,6.00947666
2.84752,2846,346.7137,334.123169,5,6.020383
2.84931,2847,346.7137,334.128723,5,5.98766327
2.84933,2848,346.7137,334.134521,5,5.95494366
2.85057,2849,346.7137,334.140167,5,5.96585035
2.85245,2850,346.7137,334.147034,5,6.00947666
2.85250,2851,346.7137,334.152649,5,5.96585035
2.85365,2852,346.7137,334.158478,5,5.976757
2.85550,2853,346.7137,334.164276,5,5.976757
2.85555,2854,346.7137,334.1709,5,6.00947666
2.85731,2855,346.7137,334.176453,5,5.94403744
2.85734,2856,346.7137,334.182648,5,5.95494366
2.85858,2857,346.7137,334.18866,5,6.047649
2.86040,2858,346.7137,334.195038,5,6.102182
2.86043,2859,346.7137,334.200623,5,6.020383
2.86168,2860,346.7137,334.206573,5,6.03128958
2.86348,2861,346.7137,334.212738,5,5.96585035
2.86351,2862,346.7137,334.219025,5,6.00947666
2.86531,2863,346.7137,334.2248,5,5.98766327
2.86535,2864,346.7137,334.23053,5,6.020383
2.86656,2865,346.7137,334.236877,5,5.98766327
2.86843,2866,346.7137,334.24292,5,6.020383
2.86845,2867,346.7137,334.2488,5,5.96585035
2.86965,2868,346.7137,334.2555,5,6.0585556
2.87150,2869,346.7137,334.2611,5,6.0585556
2.87153,2870,346.7137,334.2667,5,6.0585556
2.87333,2871,346.7137,334.273254,5,5.99857
2.87338,2872,346.7137,334.278961,5,5.99857
2.87458,2873,346.7137,334.285126,5,6.047649
2.87645,2874,346.7137,334.290771,5,5.93313074
2.87651,2875,346.7137,334.297821,5,6.020383
2.87765,2876,346.7137,334.303925,5,6.0585556
2.87948,2877,346.7137,334.309723,5,5.96585035
2.87952,2878,346.7137,334.31488,5,5.93313074
2.88131,2879,346.7137,334.3219,5,6.00947666
2.88133,2880,346.7137,334.32785,5,5.976757
2.88256,2881,346.7137,334.33374,5,5.98766327
2.88441,2882,346.7137,334.3382,5,5.98766327
2.88445,2883,346.7137,334.345673,5,5.94403744
2.88564,2884,346.7137,334.3516,5,5.92222452
2.88746,2885,346.7137,334.3577,5,5.98766327
2.88748,2886,346.7137,334.363129,5,6.020383
2.88934,2887,346.7137,334.369141,5,5.95494366
2.88937,2888,346.7137,334.3751,5,5.96585035
2.89063,2889,346.7137,334.381531,5,6.020383
2.89245,2890,346.7137,334.3869,5,6.03128958
2.89248,2891,346.7137,334.392853,5,5.90586472
2.89367,2892,346.7137,334.399017,5,5.96585035
2.89551,2893,346.7137,334.405518,5,5.98766327
2.89555,2894,346.7137,334.410858,5,5.98766327
2.89735,2895,346.7137,334.41687,5,5.92222452
2.89737,2896,346.7137,334.422882,5,5.96585035
2.89856,2897,346.7137,334.4296,5,6.00947666
2.90039,2898,346.7137,334.43515,5,6.0585556
2.90041,2899,346.7137,334.440948,5,5.99857
2.90168,2900,346.7137,334.447571,5,6.047649
2.90349,2901,346.7137,334.4538,5,5.95494366
2.90353,2902,346.7137,334.4594,5,5.976757
2.90534,2903,346.7137,334.464935,5,5.98766327
2.90537,2904,346.7137,334.4716,5,6.00947666
2.90657,2905,346.7137,334.4776,5,5.94403744
2.90843,2906,346.7137,334.483429,5,5.98766327
2.90847,2907,346.7137,334.488953,5,5.98766327
2.90965,2908,346.7137,334.495575,5,5.98766327
2.91147,2909,346.7137,334.5013,5,5.92222452
2.91150,2910,346.7137,334.507477,5,5.98766327
2.91335,2911,346.7137,334.513275,5,6.0694623
2.91337,2912,346.7137,334.519867,5,6.0694623
2.91460,2913,346.7137,334.5254,5,6.00947666
2.91646,2914,346.7137,334.5314,5,5.98766327
2.91648,2915,346.7137,334.53714,5,5.96585035
2.91766,2916,346.7137,334.543823,5,5.98766327
2.91947,2917,346.7137,334.549469,5,5.99857
2.91950,2918,346.7137,334.55545,5,5.99857
2.92136,2919,346.7137,334.561157,5,5.98766327
2.92139,2920,346.7137,334.56778,5,5.976757
2.92256,2921,346.7137,334.573334,5,5.95494366
2.92440,2922,346.7137,334.5795,5,5.99857
2.92442,2923,346.7137,334.585419,5,6.047649
2.92566,2924,346.7137,334.591644,5,5.96585035
2.92747,2925,346.7137,334.597046,5,5.92222452
2.92750,2926,346.7137,334.603546,5,6.00947666
2.92931,2927,346.7137,334.6095,5,6.020383
2.92933,2928,346.7137,334.615326,5,5.92222452
2.93058,2929,346.7137,334.627747,5,6.03128958
2.93238,2930,346.7137,334.6337,5,6.047649
2.93240,2931,346.7137,334.638947,5,5.90586472
2.93368,2932,346.7137,334.6449,5,5.976757
2.93549,2933,346.7137,334.6517,5,5.976757
2.93552,2934,346.7137,334.657562,5,5.96585035
2.93734,2935,346.7137,334.662964,5,5.98766327
2.93737,2936,346.7137,334.6689,5,5.99857
2.93856,2937,346.7137,334.675262,5,5.894958
2.94042,2938,346.7137,334.681458,5,5.94403744
2.94047,2939,346.7137,334.686981,5,5.98766327
2.94177,2940,346.7137,334.692963,5,5.99857
2.94351,2941,346.7137,334.699036,5,5.93313074
2.94355,2942,346.7137,334.7054,5,5.976757
2.94532,2943,346.7137,334.7111,5,6.020383
2.94533,2944,346.7137,334.716858,5,5.96585035
2.94665,2945,346.7137,334.722626,5,5.884052
2.94846,2946,346.7137,334.72937,5,5.976757
2.94848,2947,346.7137,334.735,5,5.96585035
2.94966,2948,346.7137,334.740723,5,5.96585035
2.95149,2949,346.7137,334.746246,5,5.894958
2.95154,2950,346.7137,334.753265,5,5.95494366
2.95333,2951,346.7137,334.759064,5,6.00947666
2.95336,2952,346.7137,334.764771,5,6.00947666
2.95456,2953,346.7137,334.7702,5,5.98766327
2.95661,2954,346.7137,334.777222,5,5.98766327
2.95667,2955,346.7137,334.782837,5,5.93313074
2.95768,2956,346.7137,334.788635,5,5.95494366
2.95952,2957,346.7137,334.794159,5,5.976757
2.95956,2958,346.7137,334.801025,5,5.94403744
2.96134,2959,346.7137,334.806671,5,5.95494366
2.96136,2960,346.7137,334.812469,5,5.95494366
2.96260,2961,346.7137,334.818146,5,5.976757
2.96444,2962,346.7137,334.8248,5,5.93313074
2.96447,2963,346.7137,334.8304,5,5.92222452
2.96565,2964,346.7137,334.836548,5,6.00947666
2.96751,2965,346.7137,334.842438,5,6.0585556
2.96754,2966,346.7137,334.848877,5,6.020383
2.96929,2967,346.7137,334.8544,5,5.98766327
2.96931,2968,346.7137,334.860352,5,5.95494366
2.97057,2969,346.7137,334.866364,5,5.96585035
2.97238,2970,346.7137,334.872742,5,5.95494366
2.97241,2971,346.7137,334.878357,5,5.976757
2.97367,2972,346.7137,334.884216,5,5.95494366
2.97549,2973,346.7137,334.890747,5,5.98766327
2.97553,2974,346.7137,334.896881,5,5.95494366
2.97730,2975,346.7137,334.902679,5,5.976757
2.97732,2976,346.7137,334.90863,5,6.00947666
2.97857,2977,346.7137,334.914917,5,6.03128958
2.98046,2978,346.7137,334.9206,5,5.92222452
2.98050,2979,346.7137,334.926971,5,5.94403744
2.98164,2980,346.7137,334.933075,5,6.00947666
2.98350,2981,346.7137,334.9392,5,5.98766327
2.98354,2982,346.7137,334.944183,5,5.894958
2.98530,2983,346.7137,334.950531,5,5.976757
2.98532,2984,346.7137,334.95694,5,6.047649
2.98655,2985,346.7137,334.962463,5,6.00947666
2.98841,2986,346.7137,334.967468,5,5.884052
2.98844,2987,346.7137,334.9754,5,5.98766327
2.98980,2988,346.7137,334.980438,5,5.95494366
2.99146,2989,346.7137,334.986359,5,5.96585035
2.99151,2990,346.7137,334.991516,5,5.99857
2.99331,2991,346.7137,334.998,5,5.976757
2.99334,2992,346.7137,335.004059,5,5.894958
2.99465,2993,346.7137,335.0103,5,5.976757
2.99640,2994,346.7137,335.015625,5,6.00947666
2.99643,2995,346.7137,335.022,5,5.99857
2.99764,2996,346.7137,335.0279,5,5.94403744
2.99949,2997,346.7137,335.034821,5,6.00947666
2.99953,2998,346.7137,335.039764,5,6.03128958
3.00130,2999,346.7137,335.045776,5,5.94403744
3.00131,3000,346.7137,335.051544,5,5.884052
3.00256,3001,346.7137,335.05838,5,5.976757
3.00444,3002,346.7137,335.0637,5,5.96585035
3.00446,3003,346.7137,335.0695,5,5.93313074
3.00565,3004,346.7137,335.075226,5,5.90586472
3.00749,3005,346.7137,335.0823,5,5.976757
3.00752,3006,346.7137,335.08783,5,6.020383
3.00933,3007,346.7137,335.0938,5,5.98766327
3.00935,3008,346.7137,335.099762,5,6.00947666
3.01060,3009,346.7137,335.106171,5,5.95494366
3.01238,3010,346.7137,335.111633,5,5.94403744
3.01239,3011,346.7137,335.117584,5,5.94403744
3.01365,3012,346.7137,335.1237,5,5.976757
3.01548,3013,346.7137,335.130249,5,5.93313074
3.01551,3014,346.7137,335.135864,5,5.95494366
3.01732,3015,346.7137,335.141449,5,5.94403744
3.01733,3016,346.7137,335.1476,5,5.96585035
3.01855,3017,346.7137,335.153839,5,5.894958
3.02038,3018,346.7137,335.159576,5,5.92222452
3.02040,3019,346.7137,335.165527,5,6.00947666
3.02166,3020,346.7137,335.1718,5,6.047649
3.02347,3021,346.7137,335.177765,5,5.98766327
3.02349,3022,346.7137,335.183472,5,5.976757
3.02531,3023,346.7137,335.18924,5,5.92222452
3.02532,3024,346.7137,335.195679,5,5.95494366
3.02657,3025,346.7137,335.201569,5,5.94403744
3.02840,3026,346.7137,335.207428,5,5.976757
3.02844,3027,346.7137,335.21344,5,5.94403744
3.02965,3028,346.7137,335.219574,5,5.96585035
3.03150,3029,346.7137,335.231323,5,5.95494366
3.03154,3030,346.7137,335.237152,5,6.00947666
3.03331,3031,346.7137,335.24353,5,5.99857
3.03333,3032,346.7137,335.2489,5,5.884052
3.03460,3033,346.7137,335.255157,5,5.94403744
3.03639,3034,346.7137,335.261169,5,5.98766327
3.03640,3035,346.7137,335.267273,5,5.93313074
3.03770,3036,346.7137,335.2725,5,5.873145
3.03982,3037,346.7137,335.279144,5,5.96585035
3.03988,3038,346.7137,335.285248,5,6.020383
3.04133,3039,346.7137,335.291046,5,5.96585035
3.04137,3040,346.7137,335.296082,5,5.884052
3.04258,3041,346.7137,335.303,5,5.96585035
3.04441,3042,346.7137,335.309021,5,5.93313074
3.04445,3043,346.7137,335.31488,5,5.94403744
3.04568,3044,346.7137,335.32,5,5.976757
3.04747,3045,346.7137,335.32666,5,5.92222452
3.04750,3046,346.7137,335.33252,5,5.862239
3.04930,3047,346.7137,335.338684,5,5.93313074
3.04932,3048,346.7137,335.343964,5,5.976757
3.05059,3049,346.7137,335.350342,5,5.92222452
3.05238,3050,346.7137,335.356171,5,5.894958
3.05239,3051,346.7137,335.3626,5,5.96585035
3.05365,3052,346.7137,335.36792,5,5.976757
3.05550,3053,346.7137,335.37384,5,5.873145
3.05554,3054,346.7137,335.3798,5,5.873145
3.05732,3055,346.7137,335.386444,5,5.95494366
3.05733,3056,346.7137,335.391663,5,5.93313074
3.05859,3057,346.7137,335.39743,5,5.894958
3.06039,3058,346.7137,335.403351,5,5.873145
3.06042,3059,346.7137,335.410278,5,5.94403744
3.06168,3060,346.7137,335.41568,5,5.99857
3.06347,3061,346.7137,335.421265,5,5.95494366
3.06351,3062,346.7137,335.427277,5,5.976757
3.06531,3063,346.7137,335.434,5,5.93313074
3.06533,3064,346.7137,335.4394,5,5.90586472
3.06661,3065,346.7137,335.444977,5,5.92222452
3.06839,3066,346.7137,335.451141,5,5.95494366
3.06842,3067,346.7137,335.457581,5,5.894958
3.06964,3068,346.7137,335.463531,5,5.94403744
3.07147,3069,346.7137,335.468719,5,5.93313074
3.07151,3070,346.7137,335.4749,5,5.95494366
3.07331,3071,346.7137,335.481445,5,5.884052
3.07332,3072,346.7137,335.487244,5,5.884052
3.07459,3073,346.7137,335.4931,5,5.99857
3.07649,3074,346.7137,335.499481,5,6.020383
3.07651,3075,346.7137,335.50528,5,5.96585035
3.07766,3076,346.7137,335.511444,5,5.96585035
3.07946,3077,346.7137,335.51712,5,5.894958
3.07948,3078,346.7137,335.523651,5,5.93313074
3.08133,3079,346.7137,335.529022,5,5.92222452
3.08135,3080,346.7137,335.535248,5,5.94403744
3.08260,3081,346.7137,335.540924,5,5.93313074
3.08438,3082,346.7137,335.547455,5,5.95494366
3.08441,3083,346.7137,335.5531,5,5.92222452
3.08564,3084,346.7137,335.559174,5,5.94403744
3.08745,3085,346.7137,335.564941,5,5.98766327
3.08747,3086,346.7137,335.570984,5,5.98766327
3.08932,3087,346.7137,335.576263,5,5.873145
3.08934,3088,346.7137,335.5826,5,5.93313074
3.09060,3089,346.7137,335.588562,5,5.98766327
3.09243,3090,346.7137,335.594666,5,5.93313074
3.09245,3091,346.7137,335.599823,5,5.873145
3.09366,3092,346.7137,335.606476,5,5.94403744
3.09546,3093,346.7137,335.61264,5,6.00947666
3.09548,3094,346.7137,335.618317,5,5.95494366
3.09730,3095,346.7137,335.623352,5,5.862239
3.09732,3096,346.7137,335.63028,5,5.93313074
3.09857,3097,346.7137,335.63623,5,5.90586472
3.10038,3098,346.7137,335.6421,5,5.92222452
3.10040,3099,346.7137,335.647217,5,5.95494366
3.10164,3100,346.7137,335.65387,5,5.90586472
3.10347,3101,346.7137,335.659668,5,5.840426
3.10349,3102,346.7137,335.665833,5,5.92222452
3.10529,3103,346.7137,335.6711,5,5.95494366
3.10530,3104,346.7137,335.67746,5,5.92222452
3.10659,3105,346.7137,335.6833,5,5.884052
3.10839,3106,346.7137,335.689758,5,5.95494366
3.10841,3107,346.7137,335.695068,5,5.98766327
3.10970,3108,346.7137,335.701,5,5.884052
3.11146,3109,346.7137,335.7069,5,5.862239
3.11149,3110,346.7137,335.713562,5,5.94403744
3.11329,3111,346.7137,335.718842,5,5.93313074
3.11330,3112,346.7137,335.724548,5,5.90586472
3.11456,3113,346.7137,335.730469,5,5.862239
3.11640,3114,346.7137,335.7374,5,5.94403744
3.11642,3115,346.7137,335.742859,5,5.98766327
3.11766,3116,346.7137,335.748383,5,5.95494366
3.11947,3117,346.7137,335.7544,5,5.976757
3.11950,3118,346.7137,335.7611,5,5.93313074
3.12131,3119,346.7137,335.766571,5,5.92222452
3.12133,3120,346.7137,335.772125,5,5.92222452
3.12257,3121,346.7137,335.778259,5,5.95494366
3.12440,3122,346.7137,335.784729,5,5.90586472
3.12441,3123,346.7137,335.7903,5,5.93313074
3.12571,3124,346.7137,335.7959,5,5.93313074
3.12746,3125,346.7137,335.802063,5,5.95494366
3.12748,3126,346.7137,335.8083,5,5.894958
3.12931,3127,346.7137,335.819916,5,5.98766327
3.12932,3128,346.7137,335.8262,5,6.03128958
3.13057,3129,346.7137,335.832153,5,5.96585035
3.13238,3130,346.7137,335.83783,5,5.95494366
3.13239,3131,346.7137,335.843567,5,5.90586472
3.13371,3132,346.7137,335.849976,5,5.93313074
3.13547,3133,346.7137,335.855865,5,5.92222452
3.13549,3134,346.7137,335.86203,5,5.95494366
3.13733,3135,346.7137,335.867279,5,5.92222452
3.13737,3136,346.7137,335.873718,5,5.94403744
3.13856,3137,346.7137,335.879852,5,5.90586472
3.14043,3138,346.7137,335.885864,5,5.93313074
3.14046,3139,346.7137,335.891663,5,5.98766327
3.14166,3140,346.7137,335.898,5,5.976757
3.14346,3141,346.7137,335.90332,5,5.873145
3.14349,3142,346.7137,335.9096,5,5.90586472
3.14533,3143,346.7137,335.915619,5,5.976757
3.14536,3144,346.7137,335.9217,5,5.93313074
3.14670,3145,346.7137,335.926849,5,5.862239
3.14840,3146,346.7137,335.933472,5,5.92222452
3.14843,3147,346.7137,335.939575,5,5.98766327
3.14967,3148,346.7137,335.945374,5,5.95494366
3.15146,3149,346.7137,335.950378,5,5.85133266
3.15149,3150,346.7137,335.957275,5,5.94403744
3.15334,3151,346.7137,335.963318,5,5.92222452
3.15337,3152,346.7137,335.969147,5,5.92222452
3.15456,3153,346.7137,335.974274,5,5.95494366
3.15649,3154,346.7137,335.9809,5,5.92222452
3.15652,3155,346.7137,335.9868,5,5.85133266
3.15770,3156,346.7137,335.9929,5,5.90586472
3.15951,3157,346.7137,335.9981,5,5.96585035
3.15955,3158,346.7137,336.0045,5,5.92222452
3.16130,3159,346.7137,336.0103,5,5.873145
3.16132,3160,346.7137,336.016754,5,5.94403744
3.16258,3161,346.7137,336.022125,5,5.976757
3.16438,3162,346.7137,336.028,5,5.884052
3.16440,3163,346.7137,336.033875,5,5.85133266
3.16568,3164,346.7137,336.040558,5,5.94403744
3.16746,3165,346.7137,336.045776,5,5.92222452
3.16750,3166,346.7137,336.0515,5,5.894958
3.16931,3167,346.7137,336.057343,5,5.840426
3.16933,3168,346.7137,336.064331,5,5.92222452
3.17056,3169,346.7137,336.069763,5,5.96585035
3.17241,3170,346.7137,336.075317,5,5.95494366
3.17242,3171,346.7137,336.0812,5,5.96585035
3.17371,3172,346.7137,336.087982,5,5.92222452
3.17546,3173,346.7137,336.0934,5,5.894958
3.17548,3174,346.7137,336.098969,5,5.90586472
3.17732,3175,346.7137,336.1054,5,5.94403744
3.17734,3176,346.7137,336.1119,5,5.884052
3.17856,3177,346.7137,336.1175,5,5.92222452
3.18044,3178,346.7137,336.123047,5,5.90586472
3.18048,3179,346.7137,336.129181,5,5.93313074
3.18169,3180,346.7137,336.135376,5,5.894958
3.18349,3181,346.7137,336.1415,5,5.873145
3.18351,3182,346.7137,336.147034,5,5.98766327
3.18530,3183,346.7137,336.15332,5,6.020383
3.18533,3184,346.7137,336.159637,5,5.976757
3.18656,3185,346.7137,336.164581,5,5.96585035
3.18840,3186,346.7137,336.17038,5,5.90586472
3.18842,3187,346.7137,336.176636,5,5.93313074
3.18984,3188,346.7137,336.182678,5,5.93313074
3.19147,3189,346.7137,336.188446,5,5.96585035
3.19150,3190,346.7137,336.194122,5,5.93313074
3.19334,3191,346.7137,336.2005,5,5.95494366
3.19336,3192,346.7137,336.20636,5,5.90586472
3.19457,3193,346.7137,336.2122,5,5.90586472
3.19641,3194,346.7137,336.218048,5,5.96585035
3.19642,3195,346.7137,336.224823,5,5.976757
3.19768,3196,346.7137,336.229828,5,5.884052
3.19946,3197,346.7137,336.235962,5,5.894958
3.19948,3198,346.7137,336.242432,5,5.96585035
3.20134,3199,346.7137,336.2485,5,5.94403744
3.20136,3200,346.7137,336.2534,5,5.862239
3.20258,3201,346.7137,336.260254,5,5.92222452
3.20441,3202,346.7137,336.266479,5,5.99857
3.20443,3203,346.7137,336.272278,5,5.98766327
3.20564,3204,346.7137,336.277252,5,5.862239
3.20747,3205,346.7137,336.2841,5,5.94403744
3.20749,3206,346.7137,336.290131,5,5.93313074
3.20932,3207,346.7137,336.296021,5,5.92222452
3.20934,3208,346.7137,336.301178,5,5.95494366
3.21057,3209,346.7137,336.3077,5,5.94403744
3.21247,3210,346.7137,336.313629,5,5.85133266
3.21250,3211,346.7137,336.319824,5,5.92222452
3.21366,3212,346.7137,336.325043,5,5.96585035
3.21549,3213,346.7137,336.33136,5,5.94403744
3.21552,3214,346.7137,336.337219,5,5.884052
3.21735,3215,346.7137,336.3441,5,5.94403744
3.21737,3216,346.7137,336.348969,5,5.98766327
3.21856,3217,346.7137,336.354919,5,5.894958
3.22040,3218,346.7137,336.3607,5,5.82951927
3.22044,3219,346.7137,336.367432,5,5.93313074
3.22164,3220,346.7137,336.372681,5,5.92222452
3.22348,3221,346.7137,336.378448,5,5.90586472
3.22352,3222,346.7137,336.3842,5,5.840426
3.22534,3223,346.7137,336.391174,5,5.894958
3.22538,3224,346.7137,336.396637,5,5.96585035
3.22657,3225,346.7137,336.402222,5,5.96585035
3.22844,3226,346.7137,336.408051,5,5.94403744
3.22848,3227,346.7137,336.414825,5,5.93313074
3.22965,3228,346.7137,336.420227,5,5.884052
3.23149,3229,346.7137,336.4259,5,5.894958
3.23153,3230,346.7137,336.438446,5,5.894958
3.23335,3231,346.7137,336.443939,5,5.90586472
3.23338,3232,346.7137,336.4496,5,5.92222452
3.23459,3233,346.7137,336.455536,5,5.93313074
3.23639,3234,346.7137,336.461975,5,5.884052
3.23642,3235,346.7137,336.467529,5,5.862239
3.23764,3236,346.7137,336.4736,5,5.95494366
3.23984,3237,346.7137,336.4796,5,6.00947666
3.23991,3238,346.7137,336.48584,5,5.976757
3.24132,3239,346.7137,336.491364,5,5.95494366
3.24134,3240,346.7137,336.4972,5,5.92222452
3.24260,3241,346.7137,336.503357,5,5.92222452
3.24442,3242,346.7137,336.5095,5,5.92222452
3.24445,3243,346.7137,336.515167,5,5.94403744
3.24565,3244,346.7137,336.5209,5,5.93313074
3.24749,3245,346.7137,336.527161,5,5.94403744
3.24751,3246,346.7137,336.533142,5,5.90586472
3.24931,3247,346.7137,336.5389,5,5.894958
3.24936,3248,346.7137,336.54483,5,5.96585035
3.25058,3249,346.7137,336.5511,5,5.98766327
3.25241,3250,346.7137,336.556641,5,5.894958
3.25243,3251,346.7137,336.5626,5,5.884052
3.25365,3252,346.7137,336.568756,5,5.95494366
3.25550,3253,346.7137,336.574768,5,5.94403744
3.25553,3254,346.7137,336.5801,5,5.862239
3.25732,3255,346.7137,336.586334,5,5.894958
3.25734,3256,346.7137,336.592743,5,5.976757
3.25856,3257,346.7137,336.598633,5,5.98766327
3.26042,3258,346.7137,336.603546,5,5.85133266
3.26045,3259,346.7137,336.6106,5,5.92222452
3.26164,3260,346.7137,336.616425,5,5.93313074
3.26348,3261,346.7137,336.622345,5,5.92222452
3.26350,3262,346.7137,336.6274,5,5.94403744
3.26532,3263,346.7137,336.6342,5,5.93313074
3.26535,3264,346.7137,336.640137,5,5.82951927
3.26659,3265,346.7137,336.646362,5,5.873145
3.26839,3266,346.7137,336.65155,5,5.93313074
3.26841,3267,346.7137,336.657837,5,5.93313074
3.26971,3268,346.7137,336.663727,5,5.873145
3.27147,3269,346.7137,336.670166,5,5.90586472
3.27151,3270,346.7137,336.675476,5,5.976757
3.27332,3271,346.7137,336.681335,5,5.92222452
3.27336,3272,346.7137,336.687073,5,5.818613
3.27458,3273,346.7137,336.693878,5,5.90586472
3.27645,3274,346.7137,336.699127,5,5.90586472
3.27649,3275,346.7137,336.7049,5,5.90586472
3.27765,3276,346.7137,336.710876,5,5.840426
3.27949,3277,346.7137,336.71756,5,5.884052
3.27952,3278,346.7137,336.723053,5,5.95494366
3.28134,3279,346.7137,336.729065,5,5.976757
3.28137,3280,346.7137,336.73468,5,5.94403744
3.28256,3281,346.7137,336.7416,5,5.94403744
3.28443,3282,346.7137,336.74704,5,5.884052
3.28446,3283,346.7137,336.752716,5,5.894958
3.28565,3284,346.7137,336.758453,5,5.92222452
3.28749,3285,346.7137,336.7651,5,5.894958
3.28752,3286,346.7137,336.7707,5,5.873145
3.28936,3287,346.7137,336.776031,5,5.90586472
3.28938,3288,346.7137,336.7817,5,5.90586472
3.29057,3289,346.7137,336.788269,5,5.894958
3.29244,3290,346.7137,336.7938,5,5.840426
3.29247,3291,346.7137,336.799866,5,5.92222452
3.29365,3292,346.7137,336.805756,5,5.98766327
3.29546,3293,346.7137,336.812073,5,5.976757
3.29549,3294,346.7137,336.817535,5,5.93313074
3.29731,3295,346.7137,336.823456,5,5.894958
3.29734,3296,346.7137,336.829346,5,5.873145
3.29856,3297,346.7137,336.835724,5,5.894958
3.30045,3298,346.7137,336.841248,5,5.90586472
